date,visits_citywide,visits_bronx,visits_brooklyn,visits_manhattan,visits_queens,visits_staten_island,pm_bronx,pm_brooklyn,pm_manhattan,pm_queens,pm_staten_island,pm_sites,pm,tmax
2016-01-01,243.0,60.0,80.0,50.0,28.0,11.0,3.156,3.3,3.85,2.16,3.2,8.0,3.133,6.2
2016-01-02,318.0,85.0,109.0,56.0,46.0,12.0,4.229,,,6.606,,2.0,5.575,4.2
2016-01-03,261.0,73.0,91.0,52.0,22.0,13.0,5.335,,,7.657,,2.0,6.654,6.4
2016-01-04,337.0,110.0,113.0,54.0,35.0,16.0,2.972,3.6,4.333,2.844,3.7,8.0,3.49,-0.7
2016-01-05,313.0,73.0,115.0,69.0,33.0,13.0,4.4,,,5.272,,2.0,4.994,-1.4
2016-01-06,323.0,90.0,103.0,76.0,36.0,14.0,9.508,,,13.131,,2.0,11.478,3.5
2016-01-07,303.0,84.0,90.0,63.0,42.0,16.0,22.624,26.1,24.617,27.744,22.4,8.0,24.697,5.5
2016-01-08,309.0,82.0,97.0,80.0,28.0,13.0,12.754,,,10.329,,2.0,11.699,5.6
2016-01-09,245.0,69.0,78.0,50.0,28.0,13.0,5.892,,,6.647,,2.0,6.427,7.8
2016-01-10,268.0,80.0,92.0,54.0,28.0,8.0,2.906,3.2,4.117,2.533,2.8,8.0,3.111,13.7
2016-01-11,330.0,102.0,108.0,66.0,36.0,12.0,2.046,,,2.661,,2.0,2.511,3.4
2016-01-12,292.0,75.0,89.0,67.0,49.0,8.0,4.644,,,6.478,,2.0,5.719,5.0
2016-01-13,283.0,86.0,80.0,61.0,38.0,14.0,5.833,6.5,7.55,6.435,6.8,8.0,6.624,-1.2
2016-01-14,279.0,71.0,93.0,54.0,39.0,10.0,9.44,,,11.733,,2.0,10.744,2.5
2016-01-15,306.0,85.0,92.0,72.0,34.0,14.0,18.323,,,13.124,,2.0,15.881,8.2
2016-01-16,242.0,68.0,81.0,39.0,35.0,11.0,6.525,5.9,7.65,6.361,7.0,8.0,6.687,9.8
2016-01-17,289.0,67.0,96.0,54.0,46.0,13.0,4.408,,,4.462,,2.0,4.593,3.7
2016-01-18,296.0,80.0,107.0,58.0,33.0,13.0,3.342,,,5.038,,2.0,4.347,-2.2
2016-01-19,344.0,99.0,101.0,77.0,49.0,10.0,3.803,3.7,4.283,4.075,4.0,8.0,3.972,-2.5
2016-01-20,338.0,100.0,108.0,70.0,34.0,18.0,2.246,,,3.624,,2.0,3.093,2.6
2016-01-21,319.0,87.0,90.0,78.0,45.0,10.0,2.915,,,4.337,,2.0,3.784,2.0
2016-01-22,256.0,62.0,81.0,55.0,32.0,17.0,2.685,3.4,6.517,2.289,2.7,8.0,3.518,-1.3
2016-01-23,150.0,43.0,37.0,30.0,21.0,13.0,0.729,,,2.479,,2.0,1.762,-2.6
2016-01-24,209.0,55.0,51.0,50.0,33.0,15.0,5.531,,,5.703,,2.0,5.775,-2.4
2016-01-25,299.0,74.0,99.0,63.0,42.0,11.0,14.257,14.7,15.15,10.854,,7.0,13.618,-0.8
2016-01-26,300.0,74.0,109.0,55.0,40.0,11.0,9.913,,,10.444,,2.0,10.336,5.0
2016-01-27,327.0,81.0,125.0,58.0,33.0,21.0,5.846,,,8.264,,2.0,7.213,3.8
2016-01-28,309.0,70.0,101.0,72.0,41.0,12.0,11.388,12.7,11.733,9.212,12.6,8.0,11.527,2.4
2016-01-29,267.0,64.0,94.0,62.0,30.0,10.0,9.829,,,10.956,,2.0,10.55,3.6
2016-01-30,232.0,68.0,71.0,52.0,21.0,14.0,7.419,,,7.767,,2.0,7.751,1.4
2016-01-31,267.0,72.0,97.0,49.0,37.0,8.0,12.566,13.7,12.4,9.924,10.7,8.0,11.858,6.3
2016-02-01,321.0,88.0,112.0,63.0,42.0,9.0,8.306,,,9.626,,2.0,9.124,9.1
2016-02-02,308.0,95.0,96.0,48.0,53.0,11.0,5.635,,,6.715,,2.0,6.333,8.6
2016-02-03,269.0,77.0,86.0,44.0,36.0,18.0,5.04,6.0,7.25,3.694,4.7,8.0,5.337,12.3
2016-02-04,275.0,79.0,87.0,61.0,29.0,7.0,2.21,,,4.41,,2.0,3.468,12.1
2016-02-05,259.0,88.0,84.0,46.0,31.0,6.0,1.338,,,3.082,,2.0,2.368,5.6
2016-02-06,242.0,61.0,88.0,41.0,31.0,11.0,8.334,7.5,8.75,6.44,8.0,8.0,7.805,2.7
2016-02-07,256.0,78.0,80.0,43.0,38.0,7.0,11.948,,,15.978,,2.0,14.121,6.4
2016-02-08,293.0,86.0,101.0,53.0,36.0,11.0,1.112,,,4.388,,2.0,2.908,1.0
2016-02-09,349.0,106.0,109.0,70.0,42.0,10.0,6.812,12.9,14.033,6.757,12.5,8.0,10.6,0.9
2016-02-10,299.0,93.0,82.0,57.0,48.0,11.0,10.312,,,12.076,,2.0,11.352,3.2
2016-02-11,280.0,69.0,92.0,54.0,42.0,8.0,0.346,,,3.083,,2.0,1.872,-2.9
2016-02-12,288.0,70.0,89.0,71.0,39.0,10.0,5.328,7.5,7.45,5.954,6.2,8.0,6.487,-4.1
2016-02-13,240.0,56.0,80.0,53.0,30.0,8.0,3.829,,,7.415,,2.0,5.78,-7.5
2016-02-14,236.0,63.0,71.0,49.0,31.0,12.0,2.208,,,4.327,,2.0,3.426,-9.6
2016-02-15,310.0,88.0,104.0,70.0,39.0,0.0,9.25,13.6,14.483,11.142,15.7,8.0,12.835,2.3
2016-02-16,359.0,92.0,130.0,65.0,46.0,14.0,2.925,,,3.838,,2.0,3.539,11.2
2016-02-17,334.0,94.0,107.0,75.0,36.0,8.0,4.037,,,5.408,,2.0,4.881,5.9
2016-02-18,319.0,79.0,95.0,71.0,44.0,17.0,2.817,3.6,4.317,3.043,3.7,8.0,3.495,1.5
2016-02-19,272.0,82.0,83.0,57.0,36.0,7.0,3.721,,,4.376,,2.0,4.206,1.9
2016-02-20,246.0,69.0,77.0,48.0,33.0,6.0,4.025,,,6.32,,2.0,5.33,14.8
2016-02-21,261.0,85.0,81.0,43.0,34.0,9.0,6.187,6.3,7.533,6.91,8.2,8.0,7.026,11.4
2016-02-22,302.0,87.0,86.0,64.0,39.0,10.0,1.342,,,4.503,,2.0,3.08,9.6
2016-02-23,285.0,79.0,99.0,52.0,34.0,10.0,-1.348,,,2.861,,2.0,1.588,4.7
2016-02-24,286.0,74.0,98.0,66.0,27.0,13.0,1.817,4.2,8.2,2.96,4.7,8.0,4.375,14.0
2016-02-25,263.0,77.0,84.0,56.0,30.0,7.0,-1.66,,,3.429,,2.0,1.872,14.1
2016-02-26,276.0,69.0,91.0,62.0,31.0,5.0,0.044,,,2.151,,2.0,1.255,3.1
2016-02-27,254.0,72.0,81.0,47.0,43.0,2.0,5.424,7.5,7.433,5.86,6.4,8.0,6.523,4.3
2016-02-28,285.0,78.0,91.0,53.0,42.0,9.0,7.929,,,13.915,,2.0,11.08,14.0
2016-02-29,355.0,109.0,118.0,62.0,40.0,11.0,6.9,,,8.854,,2.0,8.035,13.5
2016-03-01,298.0,74.0,109.0,64.0,29.0,9.0,4.873,,7.033,5.069,5.6,7.0,5.682,8.9
2016-03-02,292.0,85.0,97.0,58.0,30.0,13.0,3.408,,,5.592,,2.0,4.658,11.0
2016-03-03,266.0,78.0,79.0,57.0,37.0,7.0,2.74,,,4.69,,2.0,3.873,2.0
2016-03-04,289.0,101.0,96.0,42.0,30.0,8.0,8.995,11.4,12.967,7.742,11.4,8.0,10.501,2.7
2016-03-05,264.0,84.0,82.0,51.0,34.0,7.0,2.904,,,5.021,,2.0,4.12,3.5
2016-03-06,293.0,94.0,105.0,42.0,35.0,8.0,5.038,,,7.129,,2.0,6.241,5.6
2016-03-07,337.0,101.0,119.0,59.0,47.0,4.0,17.599,16.4,16.967,17.846,15.0,8.0,16.762,13.5
2016-03-08,299.0,78.0,110.0,53.0,35.0,12.0,20.538,,,20.628,,2.0,20.74,16.1
2016-03-09,319.0,84.0,109.0,68.0,40.0,8.0,26.542,,,21.799,,2.0,24.328,22.8
2016-03-10,288.0,86.0,92.0,70.0,30.0,7.0,14.051,14.8,10.683,16.3,13.7,8.0,13.907,23.8
2016-03-11,271.0,79.0,82.0,59.0,30.0,8.0,1.527,,,2.961,,2.0,2.402,16.5
2016-03-12,237.0,52.0,84.0,41.0,47.0,9.0,2.617,,,3.724,,2.0,3.328,14.9
2016-03-13,264.0,72.0,74.0,67.0,36.0,8.0,6.63,6.5,4.967,7.226,6.7,8.0,6.405,14.8
2016-03-14,318.0,97.0,101.0,56.0,39.0,12.0,1.31,,,1.892,,2.0,1.759,8.4
2016-03-15,342.0,107.0,95.0,54.0,62.0,13.0,1.621,,,2.094,,2.0,2.015,11.9
2016-03-16,279.0,86.0,98.0,39.0,37.0,6.0,9.019,9.8,11.1,8.425,6.7,8.0,9.009,16.6
2016-03-17,278.0,79.0,89.0,51.0,40.0,10.0,5.035,,,5.924,,2.0,5.637,15.5
2016-03-18,284.0,75.0,82.0,69.0,46.0,7.0,0.817,,,2.439,,2.0,1.786,12.9
2016-03-19,282.0,90.0,79.0,56.0,37.0,10.0,2.044,3.4,4.267,2.304,2.8,8.0,2.963,7.4
2016-03-20,295.0,76.0,87.0,65.0,45.0,7.0,0.825,,,2.429,,2.0,1.785,4.5
2016-03-21,349.0,95.0,127.0,56.0,52.0,11.0,2.542,,,5.411,,2.0,4.134,8.9
2016-03-22,306.0,91.0,111.0,46.0,40.0,10.0,5.735,6.1,6.817,5.289,5.6,8.0,5.908,12.2
2016-03-23,284.0,69.0,96.0,55.0,44.0,11.0,7.127,,,9.485,,2.0,8.464,19.4
2016-03-24,289.0,84.0,99.0,45.0,45.0,5.0,5.14,,,9.222,,2.0,7.339,13.2
2016-03-25,273.0,83.0,84.0,52.0,33.0,10.0,8.117,8.4,10.183,9.272,8.8,8.0,8.954,21.3
2016-03-26,214.0,55.0,66.0,38.0,35.0,10.0,1.133,,,2.598,,2.0,2.024,11.0
2016-03-27,247.0,69.0,80.0,54.0,31.0,6.0,2.708,,,4.35,,2.0,3.687,10.1
2016-03-28,360.0,104.0,107.0,80.0,49.0,11.0,2.102,7.7,5.167,2.717,4.4,8.0,4.417,14.0
2016-03-29,279.0,73.0,86.0,71.0,30.0,8.0,0.725,,,2.676,,2.0,1.859,10.6
2016-03-30,331.0,95.0,97.0,75.0,32.0,17.0,6.243,,,4.317,,2.0,5.438,11.9
2016-03-31,303.0,77.0,93.0,61.0,46.0,11.0,8.141,10.0,9.017,6.829,5.3,8.0,7.857,20.9
2016-04-01,272.0,85.0,94.0,52.0,24.0,7.0,4.506,,,5.978,,2.0,5.4,23.1
2016-04-02,229.0,66.0,69.0,41.0,37.0,10.0,3.642,,,4.36,,2.0,4.159,13.8
2016-04-03,272.0,87.0,87.0,45.0,28.0,12.0,1.972,2.6,3.667,2.85,2.2,8.0,2.658,7.9
2016-04-04,360.0,107.0,129.0,66.0,33.0,17.0,3.819,,,4.468,,2.0,4.301,10.8
2016-04-05,284.0,80.0,96.0,42.0,39.0,18.0,2.71,,,3.606,,2.0,3.316,4.6
2016-04-06,265.0,71.0,95.0,60.0,21.0,5.0,3.815,4.7,5.25,3.95,3.7,7.0,4.283,8.0
2016-04-07,263.0,61.0,77.0,63.0,43.0,9.0,2.515,,,4.328,,2.0,3.579,12.9
2016-04-08,288.0,92.0,98.0,58.0,26.0,6.0,1.204,,,2.452,,2.0,1.986,9.1
2016-04-09,225.0,62.0,81.0,36.0,30.0,5.0,4.328,4.8,5.883,5.174,4.7,8.0,4.977,5.5
2016-04-10,246.0,63.0,91.0,46.0,30.0,6.0,3.646,,,3.267,,2.0,3.614,9.0
2016-04-11,294.0,83.0,113.0,44.0,37.0,8.0,5.244,,,6.415,,2.0,5.987,15.9
2016-04-12,312.0,85.0,114.0,60.0,35.0,14.0,5.038,6.0,6.133,5.565,4.8,8.0,5.507,12.9
2016-04-13,259.0,70.0,87.0,54.0,35.0,10.0,3.713,,,3.662,,2.0,3.845,11.7
2016-04-14,274.0,103.0,83.0,53.0,25.0,4.0,4.808,,,5.815,,2.0,5.47,14.0
2016-04-15,264.0,72.0,106.0,44.0,29.0,3.0,5.377,6.2,7.2,5.393,5.9,8.0,6.014,15.3
2016-04-16,251.0,60.0,88.0,43.0,38.0,12.0,3.504,,,4.424,,2.0,4.122,16.9
2016-04-17,249.0,68.0,91.0,46.0,29.0,4.0,5.719,,,5.618,,2.0,5.826,20.5
2016-04-18,298.0,91.0,98.0,65.0,29.0,6.0,7.628,9.0,9.167,7.667,,7.0,8.243,24.0
2016-04-19,269.0,75.0,106.0,48.0,26.0,3.0,4.1,,,5.817,,2.0,5.116,19.6
2016-04-20,309.0,94.0,108.0,49.0,40.0,5.0,1.131,,,2.621,,2.0,2.034,17.7
2016-04-21,334.0,99.0,121.0,64.0,29.0,8.0,6.551,8.4,8.6,5.883,8.0,8.0,7.487,21.3
2016-04-22,293.0,79.0,130.0,41.0,28.0,11.0,14.035,,,14.956,,2.0,14.653,25.1
2016-04-23,284.0,77.0,108.0,51.0,28.0,9.0,4.902,,,6.826,,2.0,6.022,19.7
2016-04-24,270.0,60.0,110.0,53.0,32.0,4.0,4.192,4.4,5.917,4.204,4.5,8.0,4.642,18.0
2016-04-25,351.0,96.0,125.0,75.0,33.0,11.0,4.817,,,6.504,,2.0,5.818,19.3
2016-04-26,340.0,94.0,125.0,67.0,34.0,7.0,7.925,,,8.944,,2.0,8.593,22.7
2016-04-27,300.0,70.0,106.0,72.0,29.0,13.0,5.049,6.0,6.233,4.605,5.0,8.0,5.377,14.7
2016-04-28,284.0,67.0,107.0,60.0,31.0,9.0,3.642,,,4.364,,2.0,4.161,13.3
2016-04-29,309.0,75.0,114.0,74.0,30.0,12.0,3.817,,,3.218,,2.0,3.675,12.1
2016-04-30,261.0,84.0,87.0,44.0,31.0,9.0,4.773,4.5,5.533,3.526,4.7,8.0,4.607,15.6
2016-05-01,268.0,67.0,85.0,48.0,39.0,19.0,1.321,,,2.412,,2.0,2.024,9.4
2016-05-02,299.0,59.0,111.0,73.0,35.0,10.0,11.315,,,7.682,,2.0,9.656,14.4
2016-05-03,291.0,86.0,108.0,59.0,30.0,5.0,4.341,6.3,8.3,3.674,4.9,8.0,5.503,11.9
2016-05-04,287.0,66.0,88.0,70.0,39.0,10.0,1.91,,,2.351,,2.0,2.289,10.7
2016-05-05,232.0,54.0,83.0,57.0,23.0,10.0,-0.031,,,0.549,,2.0,0.432,12.5
2016-05-06,261.0,68.0,92.0,47.0,40.0,7.0,2.774,3.4,4.35,2.147,3.2,8.0,3.174,11.3
2016-05-07,210.0,54.0,81.0,45.0,19.0,6.0,2.938,,,3.397,,2.0,3.325,13.9
2016-05-08,214.0,60.0,73.0,44.0,20.0,9.0,4.331,,,4.365,,2.0,4.506,17.1
2016-05-09,352.0,102.0,127.0,67.0,39.0,12.0,9.176,8.8,9.083,7.421,8.3,8.0,8.556,20.9
2016-05-10,298.0,84.0,97.0,62.0,36.0,6.0,3.012,,,4.219,,2.0,3.774,16.7
2016-05-11,298.0,77.0,103.0,62.0,36.0,7.0,6.212,,,6.897,,2.0,6.713,21.8
2016-05-12,306.0,83.0,109.0,53.0,42.0,12.0,13.102,14.7,14.567,12.804,13.5,8.0,13.735,23.5
2016-05-13,317.0,84.0,103.0,63.0,44.0,12.0,14.1,,,13.264,,2.0,13.84,17.4
2016-05-14,255.0,70.0,87.0,47.0,36.0,8.0,4.906,,,7.332,,2.0,6.277,21.1
2016-05-15,321.0,74.0,92.0,79.0,51.0,9.0,1.866,2.0,2.85,1.633,2.0,8.0,2.07,13.4
2016-05-16,371.0,111.0,122.0,64.0,51.0,9.0,3.119,,,2.358,,2.0,2.896,17.9
2016-05-17,329.0,97.0,124.0,47.0,46.0,7.0,5.119,,,5.889,,2.0,5.662,17.9
2016-05-18,320.0,80.0,115.0,71.0,35.0,9.0,4.196,4.9,5.933,4.946,4.9,8.0,4.975,18.5
2016-05-19,300.0,85.0,113.0,54.0,32.0,4.0,5.23,,,6.55,,2.0,6.048,20.3
2016-05-20,289.0,97.0,93.0,57.0,32.0,7.0,3.346,,,6.848,,2.0,5.255,23.2
2016-05-21,260.0,63.0,98.0,46.0,41.0,9.0,6.449,6.6,7.667,6.992,6.2,8.0,6.782,16.1
2016-05-22,334.0,89.0,107.0,73.0,43.0,9.0,4.035,,,5.318,,2.0,4.835,19.8
2016-05-23,389.0,104.0,122.0,76.0,62.0,12.0,7.238,,,7.017,,2.0,7.285,23.0
2016-05-24,304.0,94.0,97.0,56.0,40.0,10.0,7.495,9.2,9.217,7.663,8.5,8.0,8.415,22.5
2016-05-25,280.0,64.0,97.0,64.0,34.0,9.0,10.644,,,15.078,,2.0,13.019,30.0
2016-05-26,254.0,79.0,83.0,47.0,32.0,6.0,14.936,,,16.761,,2.0,16.007,30.6
2016-05-27,280.0,83.0,83.0,64.0,35.0,6.0,20.183,18.7,19.433,17.751,17.0,8.0,18.613,29.9
2016-05-28,243.0,68.0,82.0,43.0,32.0,8.0,13.131,,,12.836,,2.0,13.142,31.3
2016-05-29,256.0,77.0,77.0,42.0,42.0,9.0,6.306,,,6.288,,2.0,6.455,30.2
2016-05-30,241.0,54.0,71.0,67.0,36.0,5.0,6.5,5.5,6.5,3.897,5.5,7.0,5.579,27.2
2016-05-31,331.0,91.0,111.0,69.0,42.0,8.0,10.111,,,6.676,,2.0,8.552,28.8
2016-06-01,252.0,72.0,93.0,44.0,26.0,8.0,6.348,,,7.751,,2.0,7.207,27.1
2016-06-02,284.0,75.0,94.0,69.0,35.0,6.0,7.521,9.1,7.967,6.675,6.8,8.0,7.612,23.7
2016-06-03,240.0,59.0,85.0,44.0,39.0,6.0,7.438,,,7.121,,2.0,7.437,20.0
2016-06-04,200.0,50.0,56.0,47.0,32.0,8.0,11.827,,,11.165,,2.0,11.654,26.6
2016-06-05,225.0,59.0,84.0,36.0,29.0,9.0,5.078,5.2,6.017,4.408,5.2,8.0,5.181,21.6
2016-06-06,344.0,80.0,137.0,67.0,40.0,8.0,5.508,,,6.225,,2.0,6.024,27.6
2016-06-07,272.0,64.0,92.0,55.0,45.0,10.0,4.612,,,6.24,,2.0,5.584,28.2
2016-06-08,309.0,85.0,94.0,80.0,36.0,9.0,3.342,3.4,4.417,3.042,3.2,8.0,3.48,20.1
2016-06-09,266.0,70.0,83.0,67.0,28.0,9.0,1.206,,,2.765,,2.0,2.144,21.6
2016-06-10,278.0,53.0,111.0,63.0,39.0,3.0,0.712,,,3.331,,2.0,2.179,23.8
2016-06-11,224.0,64.0,75.0,43.0,30.0,6.0,12.605,11.8,12.817,11.057,12.0,8.0,12.056,30.1
2016-06-12,236.0,55.0,79.0,55.0,32.0,6.0,5.538,,,7.26,,2.0,6.556,26.3
2016-06-13,265.0,78.0,85.0,51.0,34.0,10.0,-0.146,,,2.579,,2.0,1.447,23.9
2016-06-14,217.0,56.0,63.0,47.0,42.0,3.0,3.087,3.5,4.083,3.057,3.5,8.0,3.445,26.2
2016-06-15,284.0,79.0,115.0,49.0,24.0,12.0,4.102,,,6.654,,2.0,5.536,29.3
2016-06-16,256.0,63.0,109.0,44.0,22.0,7.0,12.5,,,12.25,,2.0,12.533,24.6
2016-06-17,277.0,68.0,103.0,56.0,36.0,4.0,8.203,9.1,8.9,8.208,7.5,8.0,8.382,24.9
2016-06-18,188.0,50.0,53.0,41.0,29.0,5.0,4.01,,,6.267,,2.0,5.296,29.3
2016-06-19,236.0,69.0,69.0,53.0,30.0,8.0,7.721,,,7.064,,2.0,7.55,30.7
2016-06-20,321.0,78.0,114.0,68.0,40.0,9.0,9.586,9.0,10.9,7.943,9.3,8.0,9.346,29.8
2016-06-21,292.0,63.0,138.0,38.0,38.0,7.0,6.402,,,8.263,,2.0,7.49,31.2
2016-06-22,228.0,51.0,91.0,44.0,32.0,3.0,5.935,,,5.214,,2.0,5.732,29.8
2016-06-23,216.0,61.0,78.0,35.0,24.0,9.0,11.788,12.6,12.9,10.578,12.1,8.0,11.993,27.7
2016-06-24,228.0,63.0,75.0,45.0,34.0,6.0,10.71,,,11.592,,2.0,11.309,27.3
2016-06-25,224.0,57.0,88.0,39.0,27.0,4.0,6.512,,,7.249,,2.0,7.038,28.4
2016-06-26,206.0,62.0,68.0,39.0,30.0,2.0,8.417,9.5,10.033,7.676,10.8,8.0,9.285,30.2
2016-06-27,234.0,57.0,87.0,40.0,38.0,3.0,6.819,,,7.167,,2.0,7.151,28.7
2016-06-28,238.0,53.0,97.0,35.0,35.0,4.0,5.4,,,5.95,,2.0,5.833,23.8
2016-06-29,212.0,56.0,83.0,34.0,29.0,5.0,5.904,7.4,8.3,7.11,8.3,8.0,7.403,27.9
2016-06-30,221.0,55.0,78.0,45.0,29.0,8.0,4.848,,,6.415,,2.0,5.789,28.8
2016-07-01,198.0,68.0,60.0,33.0,27.0,3.0,6.146,,,7.624,,2.0,7.043,26.4
2016-07-02,215.0,56.0,87.0,16.0,31.0,11.0,6.211,5.0,6.45,4.739,5.7,8.0,5.62,25.4
2016-07-03,226.0,48.0,92.0,41.0,24.0,12.0,6.715,,,6.54,,2.0,6.785,27.6
2016-07-04,197.0,52.0,63.0,36.0,34.0,4.0,12.019,,,10.699,,2.0,11.517,28.4
2016-07-05,261.0,66.0,88.0,47.0,45.0,9.0,6.979,5.5,6.3,5.397,5.2,8.0,5.875,29.9
2016-07-06,217.0,51.0,76.0,43.0,28.0,9.0,9.127,,,11.025,,2.0,10.234,32.5
2016-07-07,243.0,60.0,88.0,42.0,25.0,11.0,13.415,,,14.9,,2.0,14.315,32.5
2016-07-08,187.0,38.0,79.0,33.0,22.0,7.0,13.04,,11.725,10.935,12.4,6.0,12.063,30.3
2016-07-09,180.0,36.0,82.0,28.0,21.0,4.0,3.417,,,4.215,,2.0,3.974,22.8
2016-07-10,167.0,41.0,49.0,38.0,25.0,4.0,1.429,,,2.842,,2.0,2.293,26.7
2016-07-11,232.0,58.0,87.0,34.0,35.0,9.0,2.776,3.6,4.05,2.456,3.2,8.0,3.216,25.4
2016-07-12,225.0,59.0,83.0,39.0,31.0,3.0,3.642,,,3.514,,2.0,3.736,27.1
2016-07-13,211.0,57.0,73.0,38.0,24.0,15.0,5.015,,,4.062,,2.0,4.696,28.6
2016-07-14,227.0,60.0,78.0,30.0,39.0,11.0,11.189,11.5,11.483,9.418,10.2,8.0,10.758,30.8
2016-07-15,203.0,44.0,70.0,45.0,26.0,12.0,10.135,,,11.794,,2.0,11.123,31.6
2016-07-16,195.0,33.0,86.0,30.0,26.0,12.0,7.7,,,8.351,,2.0,8.184,31.2
2016-07-17,193.0,46.0,64.0,38.0,24.0,11.0,9.602,10.2,10.683,10.442,9.7,8.0,10.125,31.5
2016-07-18,261.0,67.0,76.0,49.0,41.0,14.0,8.535,,,11.438,,2.0,10.144,33.8
2016-07-19,267.0,70.0,95.0,47.0,38.0,12.0,3.914,,,5.639,,2.0,4.934,28.0
2016-07-20,230.0,59.0,78.0,43.0,26.0,15.0,5.93,5.7,7.333,4.649,6.1,8.0,5.942,28.3
2016-07-21,222.0,63.0,75.0,35.0,25.0,14.0,9.217,,,8.736,,2.0,9.134,31.2
2016-07-22,202.0,48.0,69.0,35.0,22.0,18.0,13.308,,,15.209,,2.0,14.417,34.8
2016-07-23,212.0,48.0,72.0,44.0,25.0,15.0,8.922,9.4,8.9,8.171,8.2,8.0,8.718,34.3
2016-07-24,210.0,56.0,67.0,42.0,29.0,12.0,6.733,,,7.422,,2.0,7.236,33.6
2016-07-25,254.0,73.0,72.0,59.0,27.0,11.0,10.931,,,9.572,,2.0,10.41,34.0
2016-07-26,273.0,69.0,83.0,62.0,30.0,18.0,6.144,6.1,7.367,6.388,5.9,8.0,6.38,32.6
2016-07-27,245.0,45.0,93.0,44.0,30.0,16.0,6.823,,,7.029,,2.0,7.084,31.8
2016-07-28,218.0,43.0,93.0,36.0,28.0,12.0,13.323,,,15.856,,2.0,14.747,32.5
2016-07-29,205.0,52.0,63.0,39.0,30.0,12.0,12.435,12.7,13.133,11.981,13.2,8.0,12.69,29.2
2016-07-30,216.0,53.0,77.0,32.0,24.0,14.0,12.717,,,13.123,,2.0,13.078,28.0
2016-07-31,234.0,61.0,74.0,47.0,23.0,12.0,7.648,,,6.438,,2.0,7.201,24.6
2016-08-01,261.0,75.0,83.0,43.0,33.0,15.0,5.992,8.0,8.017,7.121,6.8,8.0,7.186,25.0
2016-08-02,247.0,57.0,84.0,38.0,37.0,18.0,4.417,,,6.707,,2.0,5.72,23.9
2016-08-03,252.0,58.0,83.0,56.0,30.0,17.0,4.942,,,6.426,,2.0,5.842,25.0
2016-08-04,215.0,59.0,72.0,42.0,21.0,15.0,7.423,,7.5,4.667,5.5,6.0,6.311,26.4
2016-08-05,203.0,47.0,75.0,36.0,20.0,16.0,7.131,,,5.957,,2.0,6.702,27.2
2016-08-06,201.0,52.0,69.0,33.0,30.0,9.0,6.646,,,8.476,,2.0,7.719,30.2
2016-08-07,241.0,64.0,79.0,39.0,38.0,13.0,4.828,7.5,6.033,5.283,5.4,8.0,5.809,29.9
2016-08-08,263.0,56.0,87.0,53.0,38.0,15.0,3.821,,,5.674,,2.0,4.905,29.7
2016-08-09,236.0,65.0,73.0,39.0,34.0,14.0,7.206,,,7.714,,2.0,7.618,29.6
2016-08-10,305.0,72.0,113.0,42.0,52.0,17.0,9.611,12.3,9.15,7.099,7.8,7.0,9.192,29.2
2016-08-11,253.0,61.0,92.0,47.0,33.0,10.0,8.508,,,10.712,,2.0,9.768,31.7
2016-08-12,216.0,67.0,67.0,33.0,30.0,10.0,6.835,,,8.181,,2.0,7.666,33.9
2016-08-13,247.0,65.0,87.0,44.0,27.0,17.0,12.922,8.9,11.067,12.211,10.8,8.0,11.18,33.5
2016-08-14,247.0,54.0,93.0,49.0,22.0,14.0,4.412,,,7.453,,2.0,6.09,33.5
2016-08-15,285.0,73.0,120.0,40.0,31.0,13.0,4.433,,,6.397,,2.0,5.573,31.9
2016-08-16,238.0,59.0,88.0,43.0,27.0,15.0,9.933,9.7,10.15,8.444,9.5,8.0,9.546,28.9
2016-08-17,234.0,56.0,86.0,33.0,33.0,16.0,3.111,,,3.443,,2.0,3.435,29.5
2016-08-18,292.0,82.0,100.0,57.0,30.0,16.0,5.34,,,5.765,,2.0,5.71,28.9
2016-08-19,230.0,61.0,78.0,34.0,32.0,16.0,9.401,8.2,9.783,8.389,8.9,8.0,8.935,28.5
2016-08-20,220.0,52.0,85.0,36.0,23.0,15.0,8.608,,,8.556,,2.0,8.74,28.2
2016-08-21,246.0,45.0,87.0,54.0,41.0,9.0,4.448,,,4.601,,2.0,4.682,28.8
2016-08-22,244.0,65.0,91.0,35.0,39.0,9.0,2.94,4.4,3.717,2.742,3.9,8.0,3.54,25.4
2016-08-23,242.0,69.0,85.0,30.0,33.0,16.0,4.727,,,5.18,,2.0,5.111,26.7
2016-08-24,235.0,46.0,93.0,42.0,35.0,11.0,8.212,,,8.378,,2.0,8.453,29.4
2016-08-25,204.0,50.0,68.0,31.0,21.0,19.0,9.839,8.8,10.5,7.496,8.5,8.0,9.027,29.4
2016-08-26,249.0,50.0,98.0,45.0,23.0,22.0,8.617,,,9.408,,2.0,9.17,31.9
2016-08-27,179.0,42.0,55.0,32.0,28.0,16.0,5.6,,,6.29,,2.0,6.103,30.0
2016-08-28,233.0,52.0,83.0,41.0,33.0,15.0,6.174,5.3,5.917,6.464,5.7,8.0,5.911,29.9
2016-08-29,252.0,56.0,94.0,52.0,26.0,16.0,4.808,,,5.111,,2.0,5.118,31.8
2016-08-30,230.0,51.0,83.0,36.0,32.0,17.0,2.606,,,4.311,,2.0,3.617,28.4
2016-08-31,224.0,66.0,77.0,45.0,18.0,9.0,9.773,10.4,10.025,8.882,8.8,7.0,9.576,29.8
2016-09-01,192.0,52.0,70.0,32.0,20.0,10.0,10.508,,,12.386,,2.0,11.605,25.7
2016-09-02,206.0,49.0,80.0,23.0,30.0,17.0,1.627,,,3.162,,2.0,2.553,25.9
2016-09-03,211.0,50.0,79.0,39.0,23.0,10.0,5.585,5.5,6.275,4.583,5.4,7.0,5.469,23.1
2016-09-04,193.0,51.0,63.0,41.0,22.0,11.0,2.635,,,3.96,,2.0,3.455,25.8
2016-09-05,214.0,50.0,78.0,45.0,23.0,14.0,2.542,,,3.532,,2.0,3.195,28.0
2016-09-06,208.0,52.0,76.0,37.0,28.0,9.0,3.569,3.6,4.667,1.407,3.2,8.0,3.289,26.6
2016-09-07,214.0,39.0,88.0,35.0,22.0,20.0,3.24,,,4.893,,2.0,4.224,27.4
2016-09-08,229.0,54.0,82.0,42.0,23.0,21.0,10.7,,,11.758,,2.0,11.387,30.5
2016-09-09,199.0,45.0,71.0,38.0,31.0,10.0,11.203,11.2,11.567,10.49,10.5,8.0,10.992,31.5
2016-09-10,201.0,44.0,78.0,34.0,23.0,14.0,11.904,,,13.435,,2.0,12.827,32.0
2016-09-11,210.0,47.0,80.0,33.0,26.0,10.0,4.9,,,5.107,,2.0,5.161,26.9
2016-09-12,284.0,69.0,122.0,39.0,36.0,12.0,3.124,3.9,4.15,3.003,3.4,8.0,3.515,24.4
2016-09-13,236.0,66.0,77.0,37.0,23.0,26.0,4.502,,,4.29,,2.0,4.554,27.8
2016-09-14,259.0,73.0,78.0,53.0,32.0,18.0,6.823,,,7.733,,2.0,7.436,31.7
2016-09-15,266.0,67.0,106.0,36.0,37.0,15.0,2.256,6.8,3.733,1.635,3.2,8.0,3.525,22.7
2016-09-16,254.0,80.0,81.0,35.0,30.0,20.0,1.733,,,2.922,,2.0,2.486,22.1
2016-09-17,247.0,71.0,97.0,31.0,28.0,15.0,2.423,,,3.762,,2.0,3.251,25.0
2016-09-18,245.0,68.0,73.0,46.0,39.0,11.0,6.867,3.4,7.867,5.147,5.9,8.0,5.836,28.1
2016-09-19,332.0,93.0,106.0,52.0,49.0,14.0,4.827,,,3.89,,2.0,4.517,22.3
2016-09-20,323.0,90.0,117.0,49.0,36.0,17.0,5.338,,,5.699,,2.0,5.676,26.8
2016-09-21,316.0,73.0,103.0,53.0,49.0,25.0,7.312,9.1,8.6,7.886,8.9,8.0,8.36,27.5
2016-09-22,297.0,86.0,96.0,55.0,34.0,17.0,4.322,,,5.168,,2.0,4.903,27.3
2016-09-23,337.0,100.0,105.0,54.0,51.0,16.0,9.325,,,9.742,,2.0,9.691,29.6
2016-09-24,252.0,62.0,84.0,38.0,47.0,8.0,3.294,3.3,5.117,2.602,4.5,8.0,3.763,21.0
2016-09-25,331.0,88.0,97.0,69.0,53.0,13.0,2.506,,,2.642,,2.0,2.732,20.1
2016-09-26,409.0,117.0,133.0,69.0,56.0,20.0,3.146,,,1.74,,2.0,2.601,21.2
2016-09-27,396.0,120.0,124.0,56.0,66.0,18.0,6.719,6.4,7.133,5.021,6.0,8.0,6.255,22.7
2016-09-28,297.0,88.0,99.0,48.0,38.0,17.0,6.635,,,5.518,,2.0,6.235,21.5
2016-09-29,290.0,76.0,90.0,49.0,46.0,22.0,2.848,,,3.389,,2.0,3.276,18.2
2016-09-30,276.0,65.0,106.0,42.0,38.0,18.0,3.399,4.1,5.217,2.558,,7.0,3.696,15.0
2016-10-01,305.0,84.0,118.0,37.0,35.0,18.0,0.535,,,0.321,,2.0,0.586,17.0
2016-10-02,325.0,98.0,103.0,62.0,40.0,11.0,2.835,,,3.338,,2.0,3.244,17.0
2016-10-03,358.0,105.0,112.0,61.0,53.0,12.0,9.579,12.0,11.733,11.389,,7.0,11.053,22.0
2016-10-04,350.0,99.0,106.0,60.0,56.0,20.0,4.3,,,5.335,,2.0,4.975,19.2
2016-10-05,338.0,91.0,127.0,52.0,42.0,20.0,3.804,,,3.512,,2.0,3.816,18.9
2016-10-06,323.0,85.0,117.0,63.0,35.0,16.0,9.624,10.1,10.975,6.833,8.5,7.0,9.206,21.7
2016-10-07,305.0,73.0,105.0,56.0,52.0,15.0,11.11,,,7.99,,2.0,9.708,22.1
2016-10-08,260.0,56.0,101.0,49.0,30.0,11.0,6.046,,,5.354,,2.0,5.858,19.9
2016-10-09,248.0,57.0,86.0,42.0,40.0,14.0,3.587,3.4,4.067,2.489,2.9,8.0,3.288,16.8
2016-10-10,328.0,98.0,105.0,54.0,45.0,18.0,1.6,,,1.329,,2.0,1.622,16.5
2016-10-11,376.0,107.0,124.0,60.0,51.0,16.0,3.538,,,2.724,,2.0,3.288,16.0
2016-10-12,322.0,106.0,122.0,58.0,25.0,6.0,6.256,8.0,7.2,3.776,6.6,8.0,6.367,17.8
2016-10-13,346.0,84.0,132.0,62.0,46.0,10.0,7.608,,,6.097,,2.0,7.011,19.5
2016-10-14,262.0,70.0,89.0,52.0,25.0,19.0,2.244,,,2.521,,2.0,2.54,16.3
2016-10-15,282.0,73.0,102.0,52.0,31.0,14.0,4.18,7.4,8.683,3.35,4.8,8.0,5.683,17.2
2016-10-16,306.0,85.0,101.0,54.0,43.0,16.0,6.9,,,6.097,,2.0,6.656,21.3
2016-10-17,383.0,122.0,127.0,65.0,42.0,15.0,12.2,,,13.986,,2.0,13.251,25.8
2016-10-18,364.0,123.0,130.0,53.0,28.0,21.0,17.353,15.5,12.4,15.7,12.8,8.0,14.751,26.9
2016-10-19,304.0,71.0,113.0,41.0,47.0,20.0,7.146,,,8.682,,2.0,8.072,27.9
2016-10-20,276.0,81.0,92.0,44.0,32.0,19.0,2.377,,,6.488,,2.0,4.59,20.7
2016-10-21,276.0,87.0,81.0,56.0,37.0,11.0,6.069,6.7,7.217,4.428,3.6,8.0,5.603,20.5
2016-10-22,273.0,68.0,94.0,51.0,36.0,13.0,0.704,,,0.997,,2.0,1.009,17.5
2016-10-23,290.0,76.0,100.0,45.0,44.0,14.0,2.515,,,2.381,,2.0,2.605,15.6
2016-10-24,389.0,102.0,137.0,69.0,46.0,25.0,5.065,4.7,5.817,3.839,5.3,8.0,4.944,15.6
2016-10-25,333.0,113.0,100.0,69.0,31.0,9.0,2.71,,,1.792,,2.0,2.409,11.1
2016-10-26,278.0,69.0,94.0,51.0,40.0,18.0,2.448,,,1.912,,2.0,2.337,10.0
2016-10-27,278.0,79.0,94.0,50.0,33.0,14.0,3.824,6.1,6.883,3.147,4.3,8.0,4.851,13.0
2016-10-28,274.0,70.0,95.0,42.0,42.0,19.0,3.432,,,2.815,,2.0,3.281,13.2
2016-10-29,267.0,75.0,86.0,43.0,39.0,9.0,6.329,,,5.678,,2.0,6.161,16.9
2016-10-30,259.0,68.0,82.0,43.0,46.0,12.0,11.738,11.7,12.667,12.074,6.5,8.0,10.936,22.6
2016-10-31,287.0,80.0,99.0,45.0,33.0,23.0,1.831,,,2.512,,2.0,2.33,11.9
2016-11-01,340.0,85.0,125.0,62.0,39.0,21.0,5.442,,,3.957,,2.0,4.857,13.9
2016-11-02,310.0,86.0,99.0,59.0,42.0,19.0,15.177,10.5,11.483,10.067,,7.0,11.684,20.4
2016-11-03,326.0,75.0,125.0,51.0,45.0,23.0,16.131,,,14.4,,2.0,15.423,20.6
2016-11-04,279.0,68.0,105.0,39.0,36.0,21.0,2.629,,,2.647,,2.0,2.796,14.4
2016-11-05,269.0,79.0,93.0,33.0,34.0,17.0,6.934,6.2,7.417,4.79,7.3,8.0,6.528,16.5
2016-11-06,319.0,85.0,95.0,72.0,44.0,12.0,3.119,,,4.135,,2.0,3.785,12.9
2016-11-07,375.0,100.0,127.0,76.0,46.0,15.0,2.519,,,2.558,,2.0,2.696,11.4
2016-11-08,311.0,96.0,97.0,55.0,37.0,18.0,9.604,10.8,9.083,10.49,9.7,8.0,9.936,17.7
2016-11-09,334.0,93.0,114.0,57.0,39.0,21.0,9.515,,,12.726,,2.0,11.278,13.8
2016-11-10,287.0,65.0,104.0,46.0,40.0,24.0,1.942,,,2.939,,2.0,2.598,12.9
2016-11-11,248.0,58.0,89.0,35.0,40.0,16.0,3.808,3.9,4.367,3.504,3.4,8.0,3.796,15.0
2016-11-12,249.0,62.0,97.0,31.0,32.0,11.0,2.812,,,2.286,,2.0,2.707,9.5
2016-11-13,298.0,84.0,86.0,56.0,40.0,20.0,4.748,,,6.189,,2.0,5.626,15.1
2016-11-14,382.0,100.0,140.0,72.0,51.0,14.0,10.177,9.4,10.367,10.35,,7.0,9.951,15.8
2016-11-15,294.0,92.0,93.0,53.0,35.0,15.0,4.921,,,6.336,,2.0,5.786,9.0
2016-11-16,286.0,91.0,96.0,43.0,39.0,12.0,8.742,,,11.176,,2.0,10.117,15.7
2016-11-17,305.0,71.0,121.0,48.0,37.0,18.0,10.583,9.2,10.517,10.289,9.6,8.0,10.038,15.4
2016-11-18,299.0,78.0,99.0,50.0,48.0,13.0,7.127,,,10.064,,2.0,8.753,17.0
2016-11-19,248.0,67.0,94.0,35.0,33.0,13.0,7.406,,,7.548,,2.0,7.635,15.4
2016-11-20,241.0,51.0,94.0,37.0,37.0,11.0,0.662,1.9,2.35,1.438,3.9,8.0,2.05,7.7
2016-11-21,312.0,105.0,90.0,51.0,43.0,13.0,-0.817,,,3.44,,2.0,1.878,3.8
2016-11-22,266.0,75.0,86.0,42.0,35.0,17.0,0.617,,,3.133,,2.0,2.033,4.5
2016-11-23,237.0,67.0,76.0,45.0,31.0,12.0,3.721,3.9,5.783,3.693,1.6,8.0,3.739,6.9
2016-11-24,200.0,61.0,67.0,21.0,28.0,15.0,5.502,,,5.536,,2.0,5.677,10.1
2016-11-25,295.0,81.0,94.0,44.0,53.0,11.0,20.617,,,21.051,,2.0,20.992,11.2
2016-11-26,294.0,102.0,100.0,36.0,37.0,14.0,9.68,8.2,9.317,8.66,8.1,8.0,8.791,9.8
2016-11-27,307.0,85.0,103.0,48.0,45.0,18.0,2.427,,,2.243,,2.0,2.493,8.7
2016-11-28,324.0,86.0,111.0,57.0,43.0,14.0,8.01,,,8.815,,2.0,8.57,10.0
2016-11-29,313.0,87.0,101.0,56.0,47.0,15.0,6.509,7.6,7.817,5.581,5.5,8.0,6.601,13.7
2016-11-30,343.0,71.0,138.0,50.0,45.0,24.0,9.635,,,8.788,,2.0,9.369,13.4
2016-12-01,290.0,72.0,111.0,42.0,39.0,18.0,2.5,,,2.783,,2.0,2.799,13.9
2016-12-02,269.0,74.0,88.0,45.0,35.0,20.0,3.762,3.7,5.0,3.364,3.3,8.0,3.825,9.7
2016-12-03,231.0,66.0,82.0,39.0,27.0,8.0,2.108,,,1.825,,2.0,2.124,7.2
2016-12-04,242.0,62.0,84.0,47.0,25.0,11.0,1.831,,,2.454,,2.0,2.301,6.7
2016-12-05,379.0,89.0,143.0,57.0,55.0,23.0,6.026,5.2,7.017,5.532,5.5,8.0,5.855,8.2
2016-12-06,276.0,74.0,86.0,49.0,40.0,15.0,5.137,,,5.815,,2.0,5.634,6.6
2016-12-07,347.0,104.0,130.0,40.0,41.0,23.0,6.11,,,7.438,,2.0,6.932,6.7
2016-12-08,294.0,73.0,114.0,43.0,43.0,10.0,9.484,9.6,10.075,11.067,10.8,7.0,10.205,6.5
2016-12-09,277.0,67.0,95.0,56.0,36.0,16.0,2.748,,,5.312,,2.0,4.188,3.4
2016-12-10,259.0,70.0,91.0,48.0,31.0,11.0,3.317,,,5.667,,2.0,4.649,1.4
2016-12-11,265.0,64.0,83.0,49.0,43.0,14.0,10.219,11.0,11.85,9.456,11.2,8.0,10.745,1.4
2016-12-12,371.0,90.0,133.0,84.0,34.0,16.0,9.929,,,11.65,,2.0,10.947,7.4
2016-12-13,339.0,90.0,127.0,52.0,45.0,12.0,10.14,,,10.473,,2.0,10.464,4.5
2016-12-14,344.0,108.0,118.0,46.0,43.0,16.0,12.533,13.4,14.083,6.6,13.5,8.0,12.023,4.9
2016-12-15,337.0,81.0,113.0,51.0,57.0,21.0,3.742,,,5.2,,2.0,4.629,-0.4
2016-12-16,302.0,89.0,80.0,54.0,51.0,18.0,6.929,,,8.005,,2.0,7.625,-2.8
2016-12-17,220.0,55.0,58.0,45.0,41.0,12.0,10.979,13.4,13.7,8.406,13.1,8.0,11.917,1.7
2016-12-18,272.0,64.0,107.0,39.0,37.0,15.0,6.617,,,6.533,,2.0,6.733,12.5
2016-12-19,378.0,120.0,110.0,61.0,54.0,18.0,1.415,,,1.433,,2.0,1.582,-1.6
2016-12-20,338.0,114.0,107.0,59.0,40.0,13.0,9.506,11.7,11.083,7.726,9.2,8.0,9.843,-0.1
2016-12-21,301.0,86.0,97.0,44.0,36.0,22.0,14.631,,,17.252,,2.0,16.099,5.0
2016-12-22,292.0,75.0,109.0,47.0,37.0,12.0,11.523,,,11.946,,2.0,11.892,7.4
2016-12-23,257.0,87.0,73.0,45.0,35.0,10.0,9.649,10.7,11.283,9.021,11.6,8.0,10.451,7.1
2016-12-24,242.0,71.0,67.0,37.0,40.0,17.0,10.731,,,11.279,,2.0,11.163,5.9
2016-12-25,265.0,85.0,79.0,41.0,33.0,13.0,3.948,,,3.369,,2.0,3.817,8.9
2016-12-26,329.0,91.0,99.0,63.0,52.0,16.0,5.422,5.4,6.933,2.553,7.8,8.0,5.622,7.8
2016-12-27,377.0,105.0,130.0,63.0,46.0,19.0,4.014,,,4.021,,2.0,4.175,14.0
2016-12-28,315.0,95.0,98.0,44.0,46.0,21.0,3.844,,,2.867,,2.0,3.513,4.6
2016-12-29,329.0,86.0,114.0,53.0,42.0,19.0,7.183,7.5,8.033,5.333,6.0,8.0,6.81,6.0
2016-12-30,269.0,73.0,80.0,46.0,40.0,17.0,3.244,,,3.394,,2.0,3.477,4.4
2016-12-31,235.0,56.0,75.0,43.0,43.0,12.0,3.431,,,3.05,,2.0,3.398,5.0
2017-01-01,261.0,76.0,79.0,46.0,31.0,14.0,7.193,6.7,8.7,6.103,8.7,7.0,7.479,7.3
2017-01-02,321.0,94.0,113.0,46.0,47.0,11.0,7.24,,,5.163,,2.0,6.359,4.3
2017-01-03,357.0,115.0,98.0,68.0,45.0,19.0,2.34,,,1.183,,2.0,1.919,6.3
2017-01-04,331.0,96.0,112.0,60.0,46.0,10.0,6.747,7.3,8.4,5.715,5.5,7.0,6.732,9.7
2017-01-05,279.0,77.0,88.0,49.0,34.0,22.0,5.331,,,5.361,,2.0,5.504,0.8
2017-01-06,259.0,70.0,70.0,52.0,39.0,22.0,5.635,,,8.138,,2.0,7.044,0.8
2017-01-07,192.0,58.0,56.0,37.0,29.0,9.0,8.315,8.3,10.3,6.449,8.6,7.0,8.393,-4.6
2017-01-08,250.0,70.0,67.0,50.0,41.0,10.0,4.227,,,5.012,,2.0,4.778,-5.2
2017-01-09,316.0,86.0,107.0,56.0,45.0,7.0,5.121,,,5.587,,2.0,5.512,-6.7
2017-01-10,318.0,86.0,110.0,62.0,29.0,21.0,10.616,8.8,9.35,5.976,7.5,7.0,8.448,3.4
2017-01-11,286.0,85.0,89.0,45.0,54.0,9.0,8.942,,,8.429,,2.0,8.843,10.3
2017-01-12,297.0,82.0,101.0,45.0,36.0,28.0,8.004,,,8.085,,2.0,8.202,15.8
2017-01-13,262.0,66.0,98.0,41.0,36.0,15.0,4.73,4.7,5.767,3.694,4.3,8.0,4.638,15.0
2017-01-14,215.0,64.0,71.0,37.0,27.0,9.0,4.808,,,4.374,,2.0,4.749,0.0
2017-01-15,254.0,60.0,86.0,41.0,41.0,16.0,7.612,,,9.347,,2.0,8.638,4.3
2017-01-16,296.0,78.0,107.0,51.0,39.0,14.0,13.728,15.3,14.725,12.517,15.2,7.0,14.294,4.9
2017-01-17,307.0,80.0,106.0,63.0,43.0,10.0,23.031,,,20.942,,2.0,22.144,5.1
2017-01-18,303.0,88.0,104.0,44.0,43.0,17.0,3.61,,,4.014,,2.0,3.97,4.4
2017-01-19,305.0,102.0,94.0,55.0,32.0,14.0,5.629,5.1,6.517,4.751,6.1,8.0,5.619,9.7
2017-01-20,265.0,74.0,97.0,39.0,33.0,16.0,6.506,,,5.843,,2.0,6.332,6.7
2017-01-21,283.0,69.0,86.0,66.0,38.0,12.0,16.404,,,16.583,,2.0,16.652,11.9
2017-01-22,243.0,77.0,79.0,37.0,26.0,18.0,17.053,6.1,17.867,12.193,17.1,8.0,14.063,8.6
2017-01-23,292.0,76.0,108.0,50.0,41.0,12.0,0.2,,,1.94,,2.0,1.228,5.9
2017-01-24,296.0,90.0,96.0,47.0,35.0,16.0,0.421,,,1.004,,2.0,0.87,3.9
2017-01-25,286.0,76.0,99.0,56.0,30.0,16.0,3.91,4.7,6.033,3.456,4.3,8.0,4.48,10.4
2017-01-26,250.0,62.0,85.0,38.0,39.0,20.0,5.038,,,6.739,,2.0,6.046,10.4
2017-01-27,241.0,50.0,87.0,46.0,37.0,16.0,0.915,,,1.797,,2.0,1.513,6.2
2017-01-28,244.0,62.0,84.0,36.0,43.0,10.0,3.569,4.8,6.1,4.1,,6.0,4.52,4.1
2017-01-29,238.0,56.0,85.0,43.0,37.0,8.0,5.606,,,7.5,,2.0,6.711,6.2
2017-01-30,274.0,76.0,81.0,50.0,45.0,16.0,2.809,,,4.4,,2.0,3.762,3.1
2017-01-31,268.0,73.0,102.0,47.0,22.0,19.0,6.725,9.7,10.133,6.9,,7.0,8.242,0.2
2017-02-01,290.0,67.0,102.0,51.0,48.0,17.0,6.627,,,7.2,,2.0,7.071,8.3
2017-02-02,278.0,70.0,101.0,48.0,37.0,15.0,3.9,,,4.9,,2.0,4.558,6.2
2017-02-03,290.0,76.0,122.0,33.0,30.0,20.0,4.886,6.6,6.175,5.7,,5.0,5.718,1.4
2017-02-04,247.0,58.0,77.0,46.0,43.0,15.0,6.353,,,5.645,,3.0,6.157,1.3
2017-02-05,253.0,67.0,82.0,46.0,32.0,18.0,10.933,,,10.282,,2.0,10.765,6.4
2017-02-06,335.0,69.0,117.0,69.0,46.0,18.0,12.822,12.2,12.1,11.511,12.7,7.0,12.267,8.1
2017-02-07,307.0,77.0,113.0,47.0,42.0,18.0,15.14,,,15.876,,2.0,15.666,4.3
2017-02-08,295.0,77.0,97.0,46.0,49.0,16.0,12.231,,,9.132,,2.0,10.839,15.0
2017-02-09,183.0,48.0,63.0,34.0,28.0,4.0,3.46,3.6,4.667,2.689,3.9,8.0,3.663,4.0
2017-02-10,265.0,68.0,86.0,55.0,39.0,11.0,5.008,,,4.494,,2.0,4.909,-1.8
2017-02-11,222.0,53.0,89.0,31.0,34.0,9.0,13.604,,,14.049,,2.0,13.984,4.5
2017-02-12,234.0,61.0,87.0,38.0,30.0,13.0,9.924,,12.217,8.74,11.6,7.0,10.659,2.3
2017-02-13,310.0,99.0,102.0,57.0,35.0,12.0,2.533,,,2.315,,2.0,2.582,2.6
2017-02-14,246.0,73.0,69.0,40.0,38.0,17.0,6.0,,,6.913,,2.0,6.614,3.8
2017-02-15,277.0,62.0,94.0,53.0,37.0,28.0,15.694,12.3,14.45,9.832,10.9,8.0,12.635,8.9
2017-02-16,268.0,62.0,109.0,45.0,26.0,17.0,2.44,,,3.052,,2.0,2.904,2.0
2017-02-17,250.0,55.0,98.0,47.0,29.0,16.0,3.144,,,5.628,,2.0,4.544,5.3
2017-02-18,226.0,65.0,87.0,29.0,29.0,10.0,13.508,12.0,12.525,10.317,13.2,7.0,12.31,15.4
2017-02-19,227.0,54.0,68.0,49.0,34.0,14.0,4.738,,,7.332,,2.0,6.193,18.2
2017-02-20,239.0,67.0,80.0,46.0,26.0,14.0,1.237,,,5.667,,2.0,3.61,11.0
2017-02-21,267.0,76.0,91.0,39.0,31.0,20.0,5.242,5.9,6.15,3.535,5.2,8.0,5.205,7.0
2017-02-22,260.0,62.0,100.0,44.0,30.0,17.0,10.112,,,7.697,,2.0,9.063,12.7
2017-02-23,251.0,68.0,83.0,36.0,42.0,12.0,20.505,,,16.351,,2.0,18.586,17.6
2017-02-24,238.0,51.0,80.0,57.0,24.0,21.0,9.569,8.9,8.25,5.164,4.9,8.0,7.357,19.4
2017-02-25,218.0,52.0,81.0,32.0,30.0,14.0,6.862,,,3.601,,2.0,5.39,15.1
2017-02-26,243.0,60.0,79.0,34.0,42.0,20.0,,,,1.604,,1.0,1.981,7.0
2017-02-27,299.0,79.0,105.0,39.0,48.0,17.0,8.516,9.2,9.483,7.646,8.2,8.0,8.609,11.7
2017-02-28,241.0,63.0,93.0,33.0,37.0,8.0,9.325,,,7.328,,2.0,8.484,14.7
2017-03-01,247.0,68.0,91.0,26.0,42.0,12.0,6.2,,,7.835,,2.0,7.175,21.6
2017-03-02,246.0,60.0,93.0,35.0,38.0,11.0,3.159,2.9,4.767,1.756,2.5,8.0,3.016,16.2
2017-03-03,244.0,54.0,88.0,38.0,39.0,16.0,1.817,,,2.739,,2.0,2.436,3.9
2017-03-04,196.0,45.0,68.0,42.0,26.0,7.0,1.138,,,2.118,,2.0,1.786,-0.7
2017-03-05,229.0,53.0,76.0,34.0,34.0,20.0,3.467,4.3,7.033,2.389,3.1,8.0,4.058,2.6
2017-03-06,315.0,82.0,111.0,53.0,44.0,13.0,8.446,,,5.521,,2.0,7.141,4.7
2017-03-07,260.0,66.0,88.0,49.0,33.0,16.0,6.421,,,7.739,,2.0,7.238,11.9
2017-03-08,281.0,68.0,104.0,51.0,36.0,16.0,5.338,5.6,5.6,4.168,5.2,8.0,5.181,14.5
2017-03-09,303.0,81.0,112.0,43.0,33.0,21.0,0.848,,,3.921,,2.0,2.543,13.7
2017-03-10,262.0,63.0,96.0,45.0,38.0,15.0,1.612,,,2.89,,2.0,2.409,7.0
2017-03-11,235.0,62.0,80.0,42.0,33.0,9.0,0.865,2.8,3.667,1.697,2.6,8.0,2.326,-0.8
2017-03-12,242.0,68.0,81.0,34.0,35.0,9.0,1.717,,,2.231,,2.0,2.131,0.5
2017-03-13,315.0,104.0,83.0,50.0,51.0,16.0,5.831,,,6.744,,2.0,6.446,0.4
2017-03-14,154.0,48.0,50.0,28.0,20.0,3.0,3.233,3.7,13.65,2.153,3.9,7.0,5.327,-0.1
2017-03-15,301.0,71.0,102.0,57.0,49.0,13.0,1.8,,,2.156,,2.0,2.136,-3.5
2017-03-16,298.0,73.0,104.0,55.0,32.0,22.0,3.025,,,2.924,,2.0,3.132,1.9
2017-03-17,299.0,81.0,95.0,43.0,51.0,21.0,7.107,7.9,8.3,6.015,7.4,8.0,7.344,4.9
2017-03-18,237.0,66.0,84.0,38.0,31.0,9.0,6.919,,,8.004,,2.0,7.619,2.4
2017-03-19,275.0,78.0,82.0,50.0,47.0,12.0,1.708,,,2.383,,2.0,2.204,5.3
2017-03-20,331.0,81.0,126.0,57.0,38.0,18.0,5.29,4.8,6.825,3.812,5.7,7.0,5.285,10.7
2017-03-21,301.0,95.0,100.0,49.0,37.0,12.0,7.027,,10.4,8.25,,3.0,8.447,13.9
2017-03-22,256.0,79.0,83.0,44.0,28.0,15.0,2.515,,,3.381,,2.0,3.105,4.0
2017-03-23,295.0,71.0,96.0,55.0,40.0,27.0,4.299,5.0,5.3,4.154,5.4,8.0,4.831,5.5
2017-03-24,270.0,62.0,106.0,46.0,34.0,13.0,7.902,,,8.211,,2.0,8.214,12.1
2017-03-25,250.0,58.0,86.0,32.0,46.0,18.0,13.921,,,13.649,,2.0,13.943,15.2
2017-03-26,283.0,77.0,96.0,44.0,44.0,11.0,6.26,8.3,10.083,5.41,7.6,8.0,7.531,6.6
2017-03-27,353.0,89.0,125.0,65.0,38.0,21.0,7.945,,,8.815,,2.0,8.538,12.1
2017-03-28,313.0,96.0,113.0,40.0,41.0,12.0,5.81,,,6.221,,2.0,6.173,8.4
2017-03-29,278.0,77.0,98.0,36.0,39.0,20.0,3.516,3.1,3.933,2.842,2.9,8.0,3.258,14.5
2017-03-30,285.0,85.0,87.0,54.0,39.0,16.0,5.243,,,3.519,,2.0,4.539,10.6
2017-03-31,247.0,73.0,88.0,34.0,34.0,11.0,3.51,,,1.829,,2.0,2.828,5.2
2017-04-01,260.0,63.0,96.0,45.0,36.0,10.0,2.528,2.0,3.425,1.006,,6.0,2.117,8.4
2017-04-02,271.0,75.0,92.0,45.0,37.0,11.0,2.531,,,2.717,,2.0,2.782,15.3
2017-04-03,343.0,89.0,116.0,57.0,51.0,21.0,7.217,,,5.708,,2.0,6.62,15.4
2017-04-04,326.0,101.0,123.0,37.0,41.0,17.0,4.502,7.6,9.133,3.253,,7.0,5.999,11.7
2017-04-05,298.0,78.0,112.0,42.0,42.0,13.0,10.848,,,12.71,,2.0,11.937,17.0
2017-04-06,300.0,71.0,104.0,49.0,39.0,24.0,2.233,,,3.194,,2.0,2.872,13.9
2017-04-07,272.0,79.0,93.0,34.0,48.0,9.0,1.968,7.2,3.033,1.656,1.6,9.0,3.092,9.8
2017-04-08,242.0,65.0,81.0,39.0,39.0,13.0,1.035,,,0.861,,2.0,1.106,13.0
2017-04-09,273.0,69.0,99.0,45.0,34.0,14.0,4.919,,,3.369,,2.0,4.302,17.7
2017-04-10,334.0,85.0,118.0,54.0,45.0,25.0,11.497,11.0,10.183,9.065,7.2,9.0,9.789,21.1
2017-04-11,269.0,76.0,95.0,45.0,29.0,16.0,11.731,,,10.521,,2.0,11.284,23.6
2017-04-12,305.0,69.0,106.0,58.0,41.0,21.0,13.225,,,12.057,,2.0,12.799,22.2
2017-04-13,276.0,73.0,95.0,49.0,41.0,13.0,3.692,3.9,4.5,4.225,3.5,9.0,3.963,17.1
2017-04-14,253.0,58.0,111.0,34.0,36.0,6.0,3.225,,,2.896,,2.0,3.218,16.5
2017-04-15,250.0,61.0,88.0,46.0,34.0,15.0,6.008,,,5.708,,2.0,6.016,14.5
2017-04-16,243.0,65.0,73.0,42.0,37.0,9.0,9.706,9.2,10.267,9.294,8.9,9.0,9.473,27.5
2017-04-17,262.0,61.0,94.0,45.0,28.0,18.0,2.435,,,3.739,,2.0,3.245,21.2
2017-04-18,292.0,81.0,99.0,56.0,29.0,13.0,1.838,,,2.604,,2.0,2.379,17.6
2017-04-19,291.0,71.0,96.0,50.0,45.0,18.0,4.633,6.1,4.85,3.892,5.1,9.0,4.915,9.8
2017-04-20,316.0,100.0,87.0,61.0,37.0,23.0,6.525,,,8.01,,2.0,7.425,18.1
2017-04-21,253.0,60.0,94.0,39.0,39.0,12.0,1.838,,,3.539,,2.0,2.847,12.8
2017-04-22,219.0,64.0,71.0,33.0,26.0,19.0,4.7,5.3,6.4,4.315,3.8,9.0,4.903,12.6
2017-04-23,256.0,71.0,97.0,40.0,19.0,18.0,,,,2.218,,1.0,2.595,17.5
2017-04-24,334.0,98.0,116.0,46.0,53.0,15.0,0.0,,,5.929,,2.0,3.122,13.8
2017-04-25,303.0,80.0,110.0,44.0,39.0,21.0,3.35,3.7,5.2,2.486,,7.0,3.561,11.6
2017-04-26,275.0,70.0,89.0,50.0,39.0,17.0,,,,3.567,,1.0,3.944,16.4
2017-04-27,252.0,73.0,79.0,41.0,36.0,11.0,,,,9.343,,1.0,9.72,19.2
2017-04-28,251.0,62.0,85.0,43.0,37.0,18.0,13.75,15.9,14.567,15.022,12.3,9.0,14.308,26.0
2017-04-29,278.0,62.0,97.0,55.0,43.0,13.0,,,,7.557,,1.0,7.934,27.4
2017-04-30,373.0,118.0,101.0,72.0,55.0,16.0,,,,3.3,,1.0,3.677,18.3
2017-05-01,523.0,143.0,164.0,90.0,80.0,28.0,7.7,10.5,9.567,6.853,6.7,9.0,8.264,22.9
2017-05-02,361.0,90.0,138.0,57.0,55.0,13.0,2.556,,,4.864,,2.0,3.868,22.6
2017-05-03,379.0,118.0,121.0,57.0,52.0,26.0,1.106,,,1.717,,2.0,1.569,15.9
2017-05-04,482.0,135.0,164.0,58.0,86.0,28.0,4.284,4.8,4.775,4.15,,7.0,4.38,15.6
2017-05-05,409.0,104.0,117.0,60.0,83.0,27.0,0.929,,,6.0,7.7,3.0,5.145,16.3
2017-05-06,324.0,71.0,117.0,44.0,57.0,19.0,,,,6.0,,1.0,6.377,18.2
2017-05-07,333.0,92.0,107.0,59.0,48.0,18.0,2.7,2.5,3.95,2.4,,7.0,2.765,13.6
2017-05-08,453.0,119.0,158.0,87.0,54.0,16.0,,,,1.6,,1.0,1.977,13.6
2017-05-09,384.0,124.0,112.0,73.0,42.0,21.0,,,,4.5,,1.0,4.877,15.5
2017-05-10,401.0,121.0,129.0,75.0,47.0,17.0,6.15,6.8,7.65,5.85,7.6,8.0,6.81,16.8
2017-05-11,412.0,113.0,151.0,67.0,48.0,22.0,,,,4.5,,1.0,4.877,15.8
2017-05-12,378.0,101.0,129.0,61.0,63.0,10.0,0.843,,,3.9,,2.0,2.529,14.6
2017-05-13,284.0,78.0,87.0,44.0,51.0,13.0,1.619,3.2,3.833,2.75,3.7,9.0,3.02,10.5
2017-05-14,311.0,87.0,104.0,49.0,48.0,11.0,2.11,,,3.0,,2.0,2.713,18.0
2017-05-15,417.0,116.0,159.0,64.0,47.0,19.0,1.346,,,2.8,,2.0,2.231,18.7
2017-05-16,359.0,90.0,118.0,65.0,51.0,20.0,4.733,7.1,6.233,6.2,,8.0,5.944,24.4
2017-05-17,333.0,66.0,123.0,49.0,57.0,27.0,11.304,,,13.0,,2.0,12.31,30.5
2017-05-18,352.0,87.0,128.0,44.0,57.0,19.0,14.312,,,16.7,,2.0,15.664,31.3
2017-05-19,286.0,71.0,101.0,44.0,49.0,12.0,12.212,17.3,12.883,12.5,11.9,9.0,13.359,29.5
2017-05-20,278.0,69.0,95.0,42.0,37.0,18.0,3.102,,,4.1,,2.0,3.759,17.7
2017-05-21,323.0,88.0,111.0,52.0,46.0,16.0,1.427,,,3.9,,2.0,2.821,17.9
2017-05-22,377.0,92.0,133.0,68.0,53.0,18.0,5.01,5.6,6.933,4.7,3.8,9.0,5.209,15.5
2017-05-23,332.0,83.0,120.0,58.0,46.0,16.0,6.731,,,6.8,,2.0,6.923,21.1
2017-05-24,304.0,68.0,110.0,55.0,47.0,16.0,5.248,,,2.7,,2.0,4.132,19.1
2017-05-25,277.0,54.0,103.0,54.0,42.0,17.0,2.572,4.0,4.217,2.642,3.2,9.0,3.326,15.4
2017-05-26,263.0,64.0,88.0,49.0,37.0,15.0,5.34,,,1.988,,2.0,3.821,22.1
2017-05-27,248.0,58.0,81.0,45.0,39.0,16.0,3.8,,,3.012,,2.0,3.564,21.8
2017-05-28,257.0,59.0,90.0,49.0,32.0,16.0,6.0,6.0,6.517,4.636,6.3,9.0,5.891,20.5
2017-05-29,296.0,59.0,123.0,39.0,52.0,11.0,,,,2.344,,1.0,2.722,15.0
2017-05-30,339.0,84.0,121.0,60.0,50.0,17.0,,,,2.592,,1.0,2.969,15.4
2017-05-31,282.0,74.0,94.0,51.0,42.0,13.0,6.9,7.0,7.55,5.886,5.6,8.0,6.587,23.1
2017-06-01,288.0,81.0,108.0,58.0,20.0,15.0,,,8.9,5.996,,2.0,7.31,24.5
2017-06-02,231.0,56.0,87.0,36.0,26.0,19.0,,,,4.567,,1.0,4.944,23.0
2017-06-03,237.0,53.0,74.0,47.0,42.0,10.0,4.682,4.5,5.9,4.983,,6.0,4.894,21.2
2017-06-04,241.0,53.0,103.0,46.0,30.0,6.0,4.031,,,4.532,,2.0,4.439,21.3
2017-06-05,318.0,78.0,108.0,64.0,45.0,12.0,10.812,,,11.249,,2.0,11.188,21.4
2017-06-06,273.0,52.0,102.0,54.0,40.0,14.0,1.914,2.9,4.05,2.252,3.0,8.0,2.823,15.4
2017-06-07,274.0,58.0,110.0,42.0,45.0,9.0,2.833,,,2.644,,2.0,2.897,18.6
2017-06-08,260.0,62.0,111.0,35.0,25.0,22.0,4.225,,,5.021,,2.0,4.781,20.7
2017-06-09,220.0,60.0,73.0,37.0,31.0,16.0,6.875,7.7,7.1,7.384,7.0,9.0,7.212,24.6
2017-06-10,206.0,50.0,64.0,36.0,34.0,14.0,9.029,,,10.246,,2.0,9.795,28.0
2017-06-11,243.0,43.0,91.0,44.0,35.0,21.0,10.712,,,12.0,,2.0,11.514,32.1
2017-06-12,245.0,53.0,76.0,37.0,43.0,22.0,15.928,17.2,16.367,15.615,18.0,9.0,16.622,33.5
2017-06-13,269.0,55.0,98.0,49.0,45.0,15.0,14.148,,,13.407,,2.0,13.935,33.7
2017-06-14,255.0,55.0,94.0,46.0,29.0,18.0,6.533,,,7.957,,2.0,7.403,27.0
2017-06-15,263.0,61.0,107.0,39.0,34.0,13.0,4.653,5.9,6.433,3.915,5.2,9.0,5.22,22.9
2017-06-16,193.0,30.0,74.0,45.0,29.0,9.0,2.948,,,4.157,,2.0,3.71,21.9
2017-06-17,196.0,42.0,70.0,46.0,25.0,8.0,5.929,,,5.746,,2.0,5.995,22.8
2017-06-18,223.0,47.0,96.0,37.0,28.0,12.0,12.05,10.8,11.45,9.25,8.5,9.0,10.41,27.5
2017-06-19,237.0,55.0,83.0,44.0,28.0,20.0,1.633,,,9.5,,2.0,5.724,28.3
2017-06-20,238.0,56.0,74.0,49.0,31.0,19.0,4.324,,,4.967,,2.0,4.803,27.7
2017-06-21,250.0,60.0,97.0,36.0,31.0,17.0,9.148,9.0,9.467,8.496,7.6,9.0,8.742,27.4
2017-06-22,210.0,36.0,72.0,42.0,30.0,17.0,7.135,,,8.272,,2.0,7.862,26.4
2017-06-23,214.0,42.0,87.0,34.0,33.0,8.0,13.44,,,14.8,,2.0,14.278,28.8
2017-06-24,197.0,46.0,65.0,43.0,22.0,14.0,5.673,5.5,6.517,5.086,4.7,9.0,5.495,28.4
2017-06-25,208.0,47.0,83.0,35.0,22.0,12.0,4.944,,,6.428,,2.0,5.844,26.8
2017-06-26,243.0,62.0,80.0,45.0,30.0,18.0,3.248,,,4.615,,2.0,4.089,25.2
2017-06-27,253.0,52.0,102.0,36.0,32.0,21.0,6.096,6.9,7.667,6.203,5.9,9.0,6.553,23.1
2017-06-28,205.0,48.0,66.0,42.0,30.0,11.0,2.546,,,4.957,,2.0,3.909,24.6
2017-06-29,232.0,57.0,89.0,29.0,33.0,18.0,7.521,,,6.829,,2.0,7.333,27.5
2017-06-30,181.0,55.0,57.0,27.0,24.0,13.0,13.41,13.2,13.283,12.154,,8.0,12.889,30.6
2017-07-01,227.0,38.0,80.0,60.0,24.0,14.0,7.219,,,6.389,,2.0,6.962,26.9
2017-07-02,176.0,31.0,70.0,30.0,28.0,12.0,5.231,,,8.662,,2.0,7.105,30.3
2017-07-03,218.0,50.0,76.0,31.0,36.0,14.0,8.901,9.5,10.067,11.876,9.8,9.0,10.029,31.1
2017-07-04,193.0,40.0,68.0,36.0,24.0,15.0,10.031,,,16.504,,2.0,13.426,28.3
2017-07-05,256.0,66.0,78.0,41.0,46.0,18.0,15.01,,,17.557,,2.0,16.442,28.7
2017-07-06,237.0,52.0,91.0,40.0,33.0,17.0,5.76,6.2,7.4,5.031,5.0,9.0,5.878,24.3
2017-07-07,182.0,37.0,54.0,27.0,33.0,22.0,3.4,,,4.621,,2.0,4.168,26.1
2017-07-08,177.0,48.0,65.0,35.0,15.0,8.0,7.006,,,8.749,,2.0,8.035,29.6
2017-07-09,184.0,49.0,70.0,24.0,22.0,13.0,6.94,7.1,7.7,7.375,6.7,9.0,7.163,27.1
2017-07-10,233.0,45.0,92.0,35.0,37.0,14.0,6.127,,,7.28,,2.0,6.861,26.9
2017-07-11,188.0,37.0,74.0,34.0,25.0,8.0,8.842,,,10.332,,2.0,9.745,27.9
2017-07-12,226.0,50.0,86.0,36.0,34.0,11.0,14.54,13.1,13.567,12.903,11.4,9.0,13.102,30.4
2017-07-13,211.0,53.0,75.0,32.0,21.0,15.0,11.117,,,13.369,,2.0,12.401,33.0
2017-07-14,174.0,40.0,55.0,42.0,18.0,11.0,3.435,,,5.314,,2.0,4.532,23.1
2017-07-15,164.0,39.0,66.0,27.0,18.0,9.0,5.898,6.8,6.9,7.787,5.8,9.0,6.637,28.2
2017-07-16,197.0,38.0,72.0,29.0,38.0,10.0,3.527,,,5.243,,2.0,4.543,28.6
2017-07-17,236.0,59.0,77.0,40.0,43.0,13.0,5.831,,,7.001,,2.0,6.574,27.9
2017-07-18,213.0,46.0,77.0,35.0,36.0,14.0,6.082,6.4,6.9,4.592,5.1,9.0,5.815,29.3
2017-07-19,184.0,34.0,70.0,42.0,26.0,8.0,8.708,,,10.875,,2.0,9.949,32.4
2017-07-20,208.0,48.0,87.0,30.0,22.0,15.0,12.946,,,18.129,,2.0,15.695,33.9
2017-07-21,173.0,48.0,61.0,26.0,22.0,9.0,8.106,10.0,10.133,9.415,8.6,9.0,9.251,32.7
2017-07-22,175.0,39.0,56.0,33.0,25.0,14.0,11.612,,,13.808,,2.0,12.868,30.5
2017-07-23,211.0,58.0,62.0,33.0,37.0,12.0,13.948,,,13.889,,2.0,14.076,25.3
2017-07-24,224.0,64.0,78.0,38.0,23.0,12.0,3.864,7.1,6.7,6.327,5.5,8.0,5.898,22.6
2017-07-25,204.0,61.0,72.0,27.0,28.0,8.0,1.306,,,3.353,,2.0,2.487,21.2
2017-07-26,173.0,31.0,62.0,33.0,26.0,12.0,1.808,,,3.682,,2.0,2.903,23.3
2017-07-27,209.0,38.0,81.0,37.0,28.0,19.0,6.884,7.1,7.65,5.221,6.5,8.0,6.671,25.2
2017-07-28,170.0,39.0,66.0,31.0,21.0,6.0,12.646,,,10.257,,2.0,11.609,27.2
2017-07-29,191.0,34.0,82.0,34.0,23.0,13.0,3.733,,,4.301,,2.0,4.175,24.0
2017-07-30,177.0,33.0,70.0,25.0,27.0,10.0,5.024,5.5,6.05,4.828,4.9,9.0,5.26,26.0
2017-07-31,186.0,46.0,70.0,34.0,21.0,7.0,9.612,,,7.983,,2.0,8.956,29.1
2017-08-01,168.0,40.0,50.0,30.0,29.0,12.0,15.91,,,12.718,,2.0,14.472,29.5
2017-08-02,181.0,47.0,59.0,37.0,16.0,15.0,19.888,17.1,17.2,14.573,14.3,9.0,16.612,27.8
2017-08-03,172.0,43.0,61.0,35.0,25.0,3.0,15.919,,,9.994,,2.0,13.114,27.8
2017-08-04,191.0,43.0,70.0,25.0,33.0,12.0,6.438,,,4.488,,2.0,5.62,26.3
2017-08-05,167.0,39.0,50.0,38.0,24.0,12.0,5.306,5.1,5.6,4.112,3.9,9.0,4.804,26.3
2017-08-06,161.0,36.0,57.0,37.0,22.0,8.0,2.133,,,3.774,,2.0,3.111,25.4
2017-08-07,201.0,46.0,70.0,43.0,28.0,13.0,8.533,,,6.45,,2.0,7.649,20.3
2017-08-08,206.0,37.0,71.0,33.0,37.0,14.0,6.292,6.2,7.133,6.767,6.6,9.0,6.598,24.2
2017-08-09,180.0,43.0,60.0,26.0,34.0,11.0,7.223,,,8.451,,2.0,7.995,27.1
2017-08-10,228.0,41.0,100.0,42.0,24.0,13.0,10.1,,,16.238,,2.0,13.327,27.5
2017-08-11,199.0,40.0,70.0,39.0,32.0,14.0,5.201,5.7,6.083,4.179,4.9,9.0,5.213,25.6
2017-08-12,189.0,31.0,75.0,39.0,23.0,13.0,1.329,,,3.661,,2.0,2.653,24.1
2017-08-13,194.0,38.0,79.0,35.0,24.0,8.0,3.246,,,5.939,,2.0,4.75,28.2
2017-08-14,228.0,59.0,79.0,32.0,40.0,9.0,7.151,9.1,11.467,7.812,8.0,9.0,8.706,25.7
2017-08-15,231.0,63.0,88.0,36.0,23.0,14.0,8.115,,,10.306,,2.0,9.368,24.4
2017-08-16,221.0,52.0,78.0,43.0,26.0,13.0,5.933,,,9.883,,2.0,8.066,29.5
2017-08-17,190.0,44.0,76.0,30.0,22.0,10.0,7.358,8.6,9.417,8.425,,8.0,8.327,26.4
2017-08-18,191.0,43.0,59.0,48.0,21.0,15.0,5.142,,,7.5,,2.0,6.479,27.9
2017-08-19,161.0,46.0,50.0,26.0,29.0,8.0,4.125,,,7.476,,2.0,5.959,29.6
2017-08-20,168.0,38.0,61.0,27.0,20.0,8.0,6.153,7.7,7.9,8.077,,8.0,7.335,28.1
2017-08-21,223.0,59.0,83.0,36.0,28.0,9.0,8.21,,,12.408,,2.0,10.467,29.2
2017-08-22,225.0,60.0,77.0,37.0,27.0,17.0,11.209,,,13.671,,2.0,12.598,31.3
2017-08-23,217.0,54.0,73.0,48.0,25.0,10.0,6.0,6.2,6.617,6.659,5.7,9.0,6.235,27.5
2017-08-24,207.0,47.0,74.0,33.0,37.0,10.0,,,,7.071,,1.0,7.448,26.4
2017-08-25,209.0,45.0,81.0,34.0,29.0,14.0,,,,3.707,,1.0,4.084,24.6
2017-08-26,176.0,35.0,63.0,35.0,26.0,7.0,5.8,5.7,6.433,6.285,6.9,9.0,6.224,23.9
2017-08-27,181.0,33.0,83.0,27.0,25.0,11.0,,,,7.611,,1.0,7.988,24.1
2017-08-28,220.0,51.0,82.0,37.0,31.0,14.0,4.9,,,6.278,,2.0,5.747,23.3
2017-08-29,219.0,56.0,98.0,28.0,22.0,9.0,3.983,5.5,6.317,5.022,4.5,9.0,5.064,20.5
2017-08-30,217.0,56.0,81.0,37.0,28.0,9.0,3.204,,,5.762,,2.0,4.641,25.1
2017-08-31,199.0,47.0,57.0,55.0,25.0,8.0,6.923,,,10.219,,2.0,8.729,26.7
2017-09-01,183.0,46.0,54.0,38.0,24.0,6.0,2.511,3.3,4.3,4.119,3.4,9.0,3.526,21.1
2017-09-02,191.0,37.0,60.0,40.0,31.0,11.0,0.744,,,3.615,,2.0,2.337,19.3
2017-09-03,239.0,58.0,74.0,43.0,41.0,14.0,-0.043,,,3.692,,2.0,2.004,20.1
2017-09-04,201.0,46.0,68.0,45.0,27.0,8.0,9.755,10.1,11.133,9.998,9.9,9.0,10.177,27.1
2017-09-05,246.0,59.0,105.0,31.0,29.0,10.0,12.425,,,14.549,,2.0,13.645,28.5
2017-09-06,247.0,52.0,95.0,44.0,26.0,21.0,9.304,,,13.931,,2.0,11.775,20.7
2017-09-07,219.0,43.0,78.0,41.0,26.0,17.0,8.15,7.8,8.533,8.302,7.5,9.0,8.057,22.2
2017-09-08,211.0,42.0,74.0,46.0,32.0,8.0,,,,3.872,,1.0,4.25,21.4
2017-09-09,222.0,50.0,67.0,50.0,32.0,11.0,,,,2.749,,1.0,3.126,20.9
2017-09-10,227.0,64.0,85.0,31.0,25.0,8.0,3.65,3.2,4.733,3.869,4.0,9.0,3.89,21.1
2017-09-11,288.0,74.0,96.0,44.0,42.0,16.0,-0.4,,,4.465,,2.0,2.39,24.4
2017-09-12,238.0,59.0,61.0,35.0,38.0,16.0,,,,9.124,,1.0,9.501,26.1
2017-09-13,244.0,59.0,84.0,48.0,38.0,10.0,8.7,10.3,10.367,9.188,8.0,9.0,9.311,26.5
2017-09-14,278.0,71.0,79.0,54.0,44.0,21.0,,,,8.992,,1.0,9.369,25.5
2017-09-15,297.0,80.0,105.0,47.0,48.0,12.0,11.371,,,9.129,,2.0,10.408,25.9
2017-09-16,294.0,70.0,97.0,43.0,47.0,14.0,16.288,15.3,16.167,14.607,13.2,9.0,15.112,26.1
2017-09-17,295.0,93.0,76.0,56.0,29.0,24.0,15.642,,,14.593,,2.0,15.275,25.8
2017-09-18,379.0,112.0,132.0,41.0,68.0,19.0,3.638,,,4.436,,2.0,4.195,23.7
2017-09-19,323.0,71.0,121.0,55.0,51.0,18.0,8.249,8.7,9.567,7.239,8.3,9.0,8.411,25.4
2017-09-20,275.0,62.0,103.0,53.0,36.0,13.0,3.019,,,3.797,,2.0,3.566,25.4
2017-09-21,271.0,72.0,106.0,39.0,29.0,21.0,6.348,,,6.171,,2.0,6.417,26.7
2017-09-22,247.0,62.0,82.0,40.0,49.0,7.0,5.179,6.2,6.667,5.365,5.7,9.0,5.822,26.1
2017-09-23,249.0,88.0,83.0,36.0,24.0,8.0,4.712,,,4.757,,2.0,4.893,28.6
2017-09-24,292.0,77.0,100.0,53.0,45.0,11.0,9.921,,,9.881,,2.0,10.059,31.3
2017-09-25,318.0,78.0,116.0,58.0,45.0,14.0,12.317,13.3,14.0,11.214,11.9,9.0,12.546,30.0
2017-09-26,276.0,65.0,102.0,47.0,38.0,13.0,4.938,,,3.583,,2.0,4.418,28.2
2017-09-27,244.0,56.0,100.0,33.0,31.0,19.0,2.925,,,3.783,,2.0,3.512,28.4
2017-09-28,223.0,58.0,73.0,47.0,24.0,11.0,3.29,4.5,4.933,3.997,4.9,9.0,4.324,24.8
2017-09-29,235.0,47.0,82.0,40.0,52.0,6.0,3.448,,,3.425,,2.0,3.594,19.6
2017-09-30,230.0,48.0,95.0,39.0,28.0,12.0,6.1,,,4.961,,2.0,5.688,17.2
2017-10-01,263.0,62.0,92.0,48.0,37.0,13.0,4.6,4.5,5.267,6.166,6.6,9.0,5.427,19.8
2017-10-02,342.0,86.0,129.0,45.0,56.0,17.0,,,,4.814,,1.0,5.191,21.2
2017-10-03,285.0,72.0,92.0,54.0,41.0,20.0,,,,4.706,,1.0,5.083,19.4
2017-10-04,272.0,64.0,106.0,42.0,36.0,11.0,7.159,8.4,8.433,6.922,7.6,9.0,7.703,24.5
2017-10-05,271.0,55.0,111.0,39.0,42.0,17.0,9.148,,,9.749,,2.0,9.606,29.3
2017-10-06,261.0,56.0,101.0,35.0,42.0,17.0,7.719,,,9.347,,2.0,8.691,27.4
2017-10-07,222.0,55.0,74.0,34.0,34.0,7.0,8.73,8.5,9.467,7.751,7.5,9.0,8.389,25.8
2017-10-08,229.0,49.0,79.0,40.0,38.0,15.0,4.202,,,5.467,,2.0,4.992,25.1
2017-10-09,291.0,48.0,117.0,61.0,47.0,10.0,4.048,,,5.175,,2.0,4.769,23.6
2017-10-10,305.0,68.0,108.0,59.0,50.0,11.0,4.424,4.5,5.383,5.894,4.9,9.0,5.02,26.1
2017-10-11,281.0,70.0,90.0,48.0,45.0,15.0,6.425,,,6.711,,2.0,6.726,22.2
2017-10-12,269.0,62.0,97.0,47.0,37.0,17.0,2.544,,,3.335,,2.0,3.097,17.0
2017-10-13,250.0,54.0,96.0,38.0,32.0,24.0,3.383,5.2,6.0,4.828,4.6,9.0,4.802,17.7
2017-10-14,239.0,61.0,80.0,42.0,35.0,12.0,2.804,,,5.658,,2.0,4.389,22.3
2017-10-15,268.0,62.0,85.0,47.0,49.0,14.0,5.717,,,6.551,,2.0,6.292,23.6
2017-10-16,314.0,80.0,118.0,58.0,33.0,21.0,2.787,3.0,3.683,3.279,2.5,9.0,3.05,20.6
2017-10-17,305.0,79.0,108.0,48.0,39.0,24.0,1.921,,,3.743,,2.0,2.99,14.6
2017-10-18,268.0,74.0,81.0,41.0,43.0,16.0,6.921,,,8.272,,2.0,7.754,21.1
2017-10-19,299.0,89.0,95.0,46.0,39.0,14.0,8.447,10.2,10.0,8.193,9.2,9.0,9.208,21.2
2017-10-20,252.0,59.0,88.0,45.0,34.0,11.0,23.527,,,5.482,,2.0,14.662,21.7
2017-10-21,202.0,51.0,77.0,31.0,27.0,9.0,6.317,,,7.087,,2.0,6.859,24.0
2017-10-22,278.0,78.0,85.0,59.0,30.0,14.0,9.937,10.2,10.983,9.816,8.3,9.0,9.847,21.7
2017-10-23,357.0,101.0,107.0,67.0,48.0,17.0,4.338,,,4.311,,2.0,4.482,21.3
2017-10-24,317.0,70.0,126.0,50.0,42.0,12.0,2.935,,,7.125,,2.0,5.188,23.3
2017-10-25,281.0,65.0,98.0,49.0,32.0,23.0,5.132,6.6,7.533,7.339,5.4,9.0,6.401,18.8
2017-10-26,272.0,76.0,85.0,47.0,42.0,12.0,1.302,,,3.246,,2.0,2.432,14.2
2017-10-27,268.0,64.0,97.0,42.0,33.0,26.0,5.707,,,5.135,,2.0,5.579,16.2
2017-10-28,223.0,49.0,86.0,33.0,35.0,15.0,5.762,6.6,6.317,5.851,6.0,9.0,6.106,19.4
2017-10-29,259.0,54.0,94.0,46.0,44.0,12.0,1.61,,,2.532,,2.0,2.229,18.4
2017-10-30,359.0,104.0,113.0,69.0,46.0,13.0,2.235,,,1.392,,2.0,1.971,17.2
2017-10-31,258.0,68.0,81.0,37.0,45.0,15.0,5.443,4.9,6.1,4.615,4.9,9.0,5.192,12.9
2017-11-01,290.0,61.0,90.0,50.0,52.0,22.0,6.142,,,5.538,,2.0,5.997,15.0
2017-11-02,277.0,70.0,90.0,48.0,48.0,13.0,7.417,,,5.522,,2.0,6.627,20.6
2017-11-03,233.0,49.0,89.0,43.0,26.0,10.0,7.325,6.6,6.9,5.59,5.3,9.0,6.343,23.0
2017-11-04,246.0,65.0,79.0,45.0,33.0,13.0,2.01,,,2.335,,2.0,2.33,12.3
2017-11-05,281.0,69.0,99.0,52.0,37.0,11.0,2.538,,,3.51,,2.0,3.181,16.0
2017-11-06,339.0,71.0,126.0,55.0,50.0,22.0,7.44,7.2,8.0,5.909,5.8,9.0,6.87,17.8
2017-11-07,294.0,68.0,102.0,66.0,38.0,12.0,2.504,,,2.688,,2.0,2.754,10.0
2017-11-08,325.0,95.0,105.0,51.0,40.0,16.0,2.515,,,2.56,,2.0,2.695,9.1
2017-11-09,290.0,63.0,70.0,30.0,25.0,13.0,5.365,7.3,6.967,5.528,6.0,9.0,6.232,11.3
2017-11-10,237.0,61.0,74.0,38.0,27.0,7.0,0.819,,,2.007,,2.0,1.571,10.8
2017-11-11,250.0,61.0,90.0,35.0,44.0,14.0,1.71,,,2.883,,2.0,2.455,3.1
2017-11-12,277.0,75.0,95.0,40.0,43.0,11.0,12.369,10.1,12.067,10.621,14.1,9.0,11.851,7.1
2017-11-13,367.0,88.0,132.0,63.0,52.0,21.0,14.633,,,13.542,,2.0,14.245,7.1
2017-11-14,308.0,89.0,106.0,52.0,29.0,16.0,8.429,,,6.642,,2.0,7.693,8.0
2017-11-15,283.0,82.0,90.0,51.0,34.0,20.0,5.148,6.4,10.75,5.23,5.6,9.0,6.626,8.8
2017-11-16,268.0,66.0,100.0,44.0,26.0,20.0,3.233,,,3.215,,2.0,3.382,12.9
2017-11-17,264.0,45.0,101.0,53.0,38.0,16.0,0.402,,,2.244,,2.0,1.481,8.1
2017-11-18,246.0,62.0,106.0,33.0,26.0,11.0,5.966,7.7,7.833,6.694,7.8,9.0,7.199,9.8
2017-11-19,292.0,72.0,85.0,56.0,48.0,18.0,1.431,,,3.506,,2.0,2.626,14.2
2017-11-20,299.0,100.0,95.0,43.0,38.0,16.0,2.746,,,3.875,,2.0,3.468,7.7
2017-11-21,275.0,73.0,95.0,50.0,39.0,10.0,7.797,8.3,8.15,6.658,7.2,9.0,7.621,13.2
2017-11-22,249.0,72.0,99.0,32.0,24.0,17.0,4.935,,,5.036,,2.0,5.144,10.6
2017-11-23,229.0,53.0,80.0,48.0,24.0,13.0,1.148,,,4.3,,2.0,2.882,5.7
2017-11-24,295.0,89.0,86.0,53.0,46.0,16.0,9.494,10.3,10.467,9.154,10.7,9.0,10.023,8.9
2017-11-25,274.0,58.0,110.0,38.0,34.0,22.0,10.333,,,9.767,,2.0,10.208,12.5
2017-11-26,294.0,80.0,101.0,43.0,49.0,10.0,1.004,,,3.099,,2.0,2.209,9.1
2017-11-27,362.0,89.0,125.0,63.0,66.0,12.0,4.372,5.4,6.133,5.539,6.0,9.0,5.489,9.7
2017-11-28,350.0,112.0,117.0,60.0,40.0,13.0,3.831,,,4.211,,2.0,4.179,10.6
2017-11-29,289.0,68.0,92.0,49.0,48.0,17.0,3.923,,,6.692,,2.0,5.465,15.9
2017-11-30,272.0,69.0,92.0,46.0,37.0,18.0,4.488,6.2,11.1,4.576,5.2,9.0,6.313,10.7
2017-12-01,278.0,64.0,99.0,55.0,40.0,14.0,3.046,,,5.626,,2.0,4.494,10.8
2017-12-02,241.0,50.0,86.0,36.0,48.0,11.0,3.217,,,5.582,,2.0,4.557,7.8
2017-12-03,257.0,58.0,90.0,43.0,41.0,14.0,13.462,12.0,17.867,11.637,14.7,9.0,13.933,10.0
2017-12-04,350.0,93.0,107.0,55.0,60.0,20.0,18.1,,,18.196,,2.0,18.306,9.1
2017-12-05,309.0,84.0,97.0,53.0,51.0,10.0,5.923,,,5.292,,2.0,5.765,15.3
2017-12-06,256.0,59.0,97.0,39.0,37.0,21.0,5.391,4.7,8.467,4.601,4.6,9.0,5.552,13.3
2017-12-07,295.0,66.0,116.0,57.0,35.0,9.0,5.627,,,6.038,,2.0,5.99,7.3
2017-12-08,250.0,67.0,70.0,52.0,34.0,17.0,6.946,,,6.958,,2.0,7.11,3.4
2017-12-09,220.0,62.0,68.0,44.0,32.0,9.0,8.951,9.7,11.417,8.646,9.0,9.0,9.543,1.4
2017-12-10,238.0,51.0,93.0,41.0,38.0,9.0,9.835,,,9.489,,2.0,9.82,2.7
2017-12-11,319.0,81.0,106.0,55.0,41.0,19.0,10.525,,,9.57,,2.0,10.205,5.0
2017-12-12,319.0,92.0,96.0,64.0,42.0,12.0,9.068,7.5,9.0,7.358,,8.0,8.109,9.5
2017-12-13,249.0,64.0,83.0,47.0,36.0,14.0,1.925,,,1.153,,2.0,1.697,-1.0
2017-12-14,261.0,61.0,93.0,47.0,36.0,11.0,5.144,,,5.342,,2.0,5.401,0.6
2017-12-15,274.0,68.0,100.0,48.0,43.0,11.0,11.711,12.2,11.733,11.276,8.8,9.0,11.144,-2.2
2017-12-16,244.0,58.0,80.0,46.0,28.0,19.0,13.131,,,13.172,,2.0,13.31,5.0
2017-12-17,240.0,59.0,97.0,33.0,30.0,15.0,7.438,,,9.175,,2.0,8.464,2.2
2017-12-18,339.0,84.0,124.0,66.0,41.0,12.0,18.011,21.9,21.767,18.053,20.8,9.0,20.106,8.1
2017-12-19,274.0,62.0,107.0,36.0,44.0,21.0,9.131,,,13.554,,2.0,11.501,11.5
2017-12-20,277.0,75.0,101.0,40.0,33.0,15.0,2.708,,,3.9,,2.0,3.462,9.0
2017-12-21,256.0,65.0,82.0,47.0,44.0,10.0,3.099,3.2,4.283,4.4,3.5,9.0,3.697,3.9
2017-12-22,240.0,66.0,82.0,41.0,33.0,11.0,6.827,,,6.792,,2.0,6.967,8.1
2017-12-23,227.0,55.0,74.0,35.0,42.0,13.0,8.44,,,11.121,,2.0,9.938,13.6
2017-12-24,242.0,65.0,87.0,38.0,35.0,9.0,3.108,3.4,4.167,3.785,3.8,9.0,3.652,5.3
2017-12-25,217.0,61.0,56.0,40.0,43.0,10.0,3.238,,6.5,3.585,,3.0,4.328,3.5
2017-12-26,350.0,99.0,109.0,56.0,58.0,10.0,4.131,,,4.475,,2.0,4.461,-2.5
2017-12-27,305.0,96.0,99.0,41.0,44.0,19.0,6.073,6.8,7.7,7.56,,7.0,6.911,-4.0
2017-12-28,243.0,53.0,85.0,47.0,38.0,11.0,0.229,,5.4,3.876,,3.0,3.056,-7.3
2017-12-29,271.0,72.0,98.0,42.0,36.0,15.0,1.412,,,4.765,,2.0,3.247,-4.5
2017-12-30,242.0,72.0,72.0,42.0,35.0,11.0,13.97,14.2,15.55,12.951,17.0,8.0,14.734,-3.6
2017-12-31,193.0,39.0,60.0,44.0,26.0,4.0,2.135,,,4.615,,2.0,3.533,-7.6
2018-01-01,255.0,70.0,86.0,44.0,33.0,8.0,1.323,,,3.302,,2.0,2.47,-6.7
2018-01-02,324.0,102.0,109.0,40.0,46.0,18.0,7.509,9.4,10.517,8.344,9.5,9.0,9.054,-2.9
2018-01-03,342.0,110.0,107.0,66.0,34.0,11.0,11.641,,,13.354,,2.0,12.655,-2.5
2018-01-04,206.0,55.0,74.0,35.0,22.0,11.0,7.402,,,6.354,,2.0,7.036,-4.3
2018-01-05,251.0,77.0,70.0,56.0,29.0,12.0,4.312,6.0,5.367,4.857,3.6,9.0,4.827,-8.0
2018-01-06,268.0,80.0,85.0,45.0,29.0,13.0,3.304,,,4.0,,2.0,3.81,-12.7
2018-01-07,252.0,81.0,80.0,41.0,32.0,10.0,5.933,,,8.6,,2.0,7.424,-10.2
2018-01-08,311.0,90.0,91.0,55.0,48.0,16.0,17.52,15.2,16.767,13.95,14.8,9.0,15.647,-1.7
2018-01-09,303.0,78.0,100.0,50.0,50.0,14.0,13.84,,,16.0,,2.0,15.078,4.2
2018-01-10,324.0,89.0,107.0,65.0,43.0,12.0,6.704,,,8.2,,2.0,7.61,2.3
2018-01-11,296.0,77.0,117.0,42.0,39.0,12.0,22.448,17.8,18.9,12.958,15.7,9.0,17.561,11.3
2018-01-12,298.0,96.0,94.0,53.0,34.0,13.0,7.646,,,1.868,,2.0,4.915,14.6
2018-01-13,243.0,59.0,96.0,34.0,25.0,14.0,1.127,,,1.614,,2.0,1.528,13.2
2018-01-14,283.0,85.0,100.0,38.0,37.0,14.0,4.203,3.4,4.867,3.853,5.0,9.0,4.265,-3.8
2018-01-15,297.0,71.0,99.0,52.0,45.0,19.0,4.606,,,4.397,,2.0,4.66,-1.7
2018-01-16,357.0,113.0,119.0,58.0,44.0,18.0,12.046,,,12.312,,2.0,12.337,4.1
2018-01-17,297.0,82.0,112.0,38.0,37.0,17.0,11.741,13.1,13.867,14.447,16.0,9.0,13.831,1.5
2018-01-18,300.0,81.0,114.0,50.0,28.0,16.0,10.744,,,14.611,,2.0,12.835,0.2
2018-01-19,282.0,102.0,93.0,42.0,26.0,10.0,14.125,,,17.853,,2.0,16.147,3.9
2018-01-20,261.0,77.0,89.0,32.0,34.0,14.0,9.79,9.7,10.633,9.503,,8.0,9.784,9.3
2018-01-21,260.0,67.0,87.0,34.0,49.0,10.0,13.844,,,15.69,,2.0,14.925,9.9
2018-01-22,365.0,111.0,136.0,55.0,34.0,17.0,23.117,,,22.751,,2.0,23.092,8.0
2018-01-23,308.0,91.0,106.0,52.0,41.0,9.0,7.517,8.8,10.367,5.529,7.5,8.0,7.942,13.7
2018-01-24,298.0,87.0,103.0,48.0,30.0,22.0,2.54,,,2.185,,2.0,2.52,4.8
2018-01-25,290.0,94.0,98.0,56.0,22.0,13.0,1.506,,,2.092,,2.0,1.957,1.3
2018-01-26,289.0,92.0,97.0,45.0,30.0,16.0,6.238,8.1,7.717,6.961,7.4,9.0,7.283,1.8
2018-01-27,263.0,62.0,95.0,40.0,36.0,18.0,6.304,,,7.249,,2.0,6.934,11.4
2018-01-28,268.0,68.0,99.0,44.0,33.0,12.0,4.029,,,8.497,,2.0,6.421,10.7
2018-01-29,297.0,87.0,104.0,42.0,31.0,25.0,5.974,7.7,9.867,7.307,7.8,9.0,7.729,7.0
2018-01-30,298.0,92.0,92.0,47.0,38.0,19.0,2.138,,,4.793,,2.0,3.623,3.6
2018-01-31,314.0,78.0,114.0,52.0,40.0,20.0,1.615,,,5.247,,2.0,3.589,0.1
2018-02-01,262.0,91.0,87.0,38.0,25.0,14.0,10.818,11.1,10.817,9.312,9.2,9.0,10.249,7.7
2018-02-02,245.0,65.0,85.0,35.0,38.0,11.0,0.619,,,4.858,,2.0,2.896,2.4
2018-02-03,259.0,64.0,88.0,50.0,38.0,13.0,4.621,,,7.447,,2.0,6.192,0.1
2018-02-04,268.0,80.0,97.0,36.0,26.0,19.0,8.269,8.2,8.9,6.076,8.0,9.0,7.889,5.6
2018-02-05,408.0,121.0,139.0,80.0,38.0,16.0,3.142,,,4.05,,2.0,3.754,3.5
2018-02-06,343.0,107.0,112.0,56.0,49.0,13.0,5.148,,,8.51,,2.0,6.987,3.2
2018-02-07,268.0,71.0,99.0,56.0,25.0,11.0,8.291,13.3,15.6,10.603,12.6,9.0,12.079,8.4
2018-02-08,289.0,76.0,118.0,37.0,32.0,17.0,3.419,,,6.999,,2.0,5.367,1.0
2018-02-09,287.0,74.0,108.0,46.0,33.0,19.0,11.802,,,13.01,,2.0,12.564,1.9
2018-02-10,244.0,69.0,84.0,38.0,26.0,16.0,18.345,16.3,20.767,14.444,22.4,9.0,18.451,9.0
2018-02-11,261.0,86.0,84.0,38.0,34.0,11.0,5.625,,,5.51,,2.0,5.725,15.6
2018-02-12,337.0,104.0,109.0,62.0,38.0,16.0,4.892,,,4.178,,2.0,4.693,14.9
2018-02-13,312.0,93.0,98.0,47.0,50.0,17.0,6.472,7.8,9.883,6.03,7.1,9.0,7.457,2.5
2018-02-14,270.0,90.0,80.0,36.0,32.0,15.0,11.231,,,9.81,,2.0,10.678,10.6
2018-02-15,260.0,64.0,101.0,37.0,33.0,11.0,19.333,,,15.44,,2.0,17.544,16.4
2018-02-16,264.0,70.0,85.0,52.0,35.0,11.0,6.551,5.8,7.067,6.126,4.7,9.0,6.049,13.6
2018-02-17,252.0,89.0,77.0,26.0,31.0,14.0,3.917,,,3.0,,2.0,3.616,3.5
2018-02-18,257.0,74.0,87.0,38.0,33.0,18.0,6.217,,,6.91,,2.0,6.721,5.3
2018-02-19,306.0,93.0,98.0,46.0,41.0,14.0,10.993,11.1,11.617,8.516,10.0,9.0,10.445,8.9
2018-02-20,278.0,95.0,74.0,41.0,38.0,23.0,10.317,,,12.29,,2.0,11.461,18.6
2018-02-21,261.0,60.0,97.0,41.0,44.0,12.0,,,,9.011,,1.0,9.388,23.0
2018-02-22,274.0,79.0,103.0,31.0,40.0,12.0,3.7,4.3,4.967,3.351,4.1,9.0,4.084,12.0
2018-02-23,259.0,74.0,92.0,45.0,27.0,12.0,,,,5.549,,1.0,5.926,4.5
2018-02-24,204.0,49.0,87.0,28.0,21.0,10.0,,,,7.585,,1.0,7.962,11.9
2018-02-25,214.0,62.0,82.0,25.0,35.0,4.0,6.55,6.4,9.583,5.022,6.4,9.0,6.791,6.6
2018-02-26,303.0,105.0,99.0,46.0,30.0,16.0,,,,6.943,,1.0,7.32,11.3
2018-02-27,259.0,68.0,92.0,38.0,41.0,16.0,,,,4.573,,1.0,4.95,12.7
2018-02-28,241.0,67.0,94.0,35.0,25.0,11.0,10.6,8.0,9.1,8.063,6.5,9.0,8.453,14.6
2018-03-01,243.0,82.0,100.0,23.0,27.0,7.0,,,,11.112,,1.0,11.49,15.1
2018-03-02,221.0,69.0,63.0,33.0,35.0,17.0,,,,2.904,,1.0,3.281,6.5
2018-03-03,217.0,65.0,78.0,31.0,25.0,9.0,4.1,3.5,4.267,2.661,3.0,9.0,3.506,7.9
2018-03-04,261.0,71.0,89.0,44.0,34.0,14.0,,,,1.429,,1.0,1.806,6.8
2018-03-05,326.0,95.0,114.0,50.0,49.0,11.0,,,,2.135,,1.0,2.513,5.5
2018-03-06,285.0,78.0,108.0,42.0,34.0,16.0,4.3,5.0,16.9,3.979,3.6,9.0,6.756,6.5
2018-03-07,223.0,63.0,87.0,38.0,22.0,8.0,,,,1.238,,1.0,1.615,2.9
2018-03-08,304.0,95.0,99.0,42.0,42.0,15.0,,,,4.206,,1.0,4.583,4.6
2018-03-09,270.0,79.0,87.0,43.0,31.0,18.0,6.25,6.2,7.683,5.526,5.3,9.0,6.192,5.5
2018-03-10,248.0,73.0,97.0,38.0,24.0,7.0,,,,3.658,,1.0,4.036,5.2
2018-03-11,277.0,87.0,86.0,48.0,34.0,15.0,,,,3.226,,1.0,3.604,6.6
2018-03-12,357.0,110.0,132.0,44.0,44.0,16.0,4.3,5.2,12.4,3.71,5.2,9.0,6.162,5.7
2018-03-13,266.0,75.0,87.0,52.0,31.0,14.0,,,,3.178,,1.0,3.555,5.5
2018-03-14,300.0,91.0,98.0,44.0,40.0,19.0,,,,4.379,,1.0,4.756,4.9
2018-03-15,302.0,93.0,101.0,47.0,30.0,20.0,7.85,7.9,8.967,7.612,7.6,9.0,7.986,7.1
2018-03-16,315.0,100.0,115.0,43.0,36.0,11.0,,,,4.339,,1.0,4.716,3.2
2018-03-17,277.0,96.0,86.0,27.0,41.0,16.0,,,,3.336,,1.0,3.713,9.3
2018-03-18,304.0,89.0,107.0,38.0,40.0,20.0,3.65,6.0,4.967,3.571,3.9,9.0,4.417,5.2
2018-03-19,371.0,118.0,114.0,65.0,45.0,16.0,,,,3.546,,1.0,3.923,7.1
2018-03-20,339.0,99.0,111.0,54.0,45.0,19.0,,,,3.265,,1.0,3.643,2.3
2018-03-21,204.0,61.0,75.0,20.0,33.0,7.0,4.95,4.7,7.917,4.622,4.8,9.0,5.398,2.6
2018-03-22,290.0,92.0,88.0,32.0,48.0,16.0,,,,4.265,,1.0,4.643,6.8
2018-03-23,355.0,117.0,142.0,39.0,33.0,16.0,,,,4.471,,1.0,4.848,7.0
2018-03-24,254.0,72.0,93.0,33.0,43.0,6.0,3.95,4.0,4.9,4.0,4.0,9.0,4.17,8.9
2018-03-25,267.0,72.0,110.0,36.0,30.0,12.0,,,,3.4,,1.0,3.777,7.6
2018-03-26,337.0,109.0,108.0,45.0,46.0,18.0,6.269,,,4.356,,2.0,5.471,8.6
2018-03-27,340.0,112.0,117.0,47.0,42.0,15.0,6.238,7.9,8.717,6.748,6.5,9.0,7.221,5.8
2018-03-28,301.0,80.0,103.0,44.0,46.0,13.0,13.223,,,12.579,,2.0,13.059,9.3
2018-03-29,268.0,80.0,101.0,36.0,36.0,10.0,16.429,,,16.972,,2.0,16.858,12.1
2018-03-30,226.0,69.0,81.0,34.0,30.0,4.0,13.829,13.1,15.1,10.292,12.8,9.0,13.024,16.0
2018-03-31,214.0,63.0,77.0,30.0,29.0,8.0,,,,3.354,,1.0,3.731,11.8
2018-04-01,281.0,80.0,104.0,29.0,46.0,13.0,,,,4.062,,1.0,4.44,14.1
2018-04-02,272.0,81.0,90.0,44.0,32.0,13.0,6.45,6.3,8.683,5.469,6.5,9.0,6.68,6.1
2018-04-03,310.0,94.0,99.0,56.0,36.0,16.0,,,,6.099,,1.0,6.476,5.2
2018-04-04,323.0,89.0,117.0,53.0,40.0,14.0,,,,5.419,,1.0,5.797,19.9
2018-04-05,270.0,69.0,108.0,36.0,35.0,12.0,4.45,3.8,4.8,3.096,3.4,9.0,3.909,7.8
2018-04-06,247.0,65.0,77.0,45.0,29.0,21.0,,,,7.372,,1.0,7.75,14.1
2018-04-07,233.0,59.0,79.0,45.0,27.0,9.0,,,,2.465,,1.0,2.843,8.8
2018-04-08,261.0,69.0,76.0,46.0,45.0,12.0,4.1,3.2,4.2,3.098,3.3,9.0,3.58,6.5
2018-04-09,340.0,106.0,122.0,50.0,37.0,15.0,,,,3.75,,1.0,4.127,7.5
2018-04-10,307.0,83.0,121.0,38.0,43.0,14.0,,,,12.801,,1.0,13.179,9.0
2018-04-11,326.0,92.0,108.0,55.0,39.0,20.0,10.8,9.4,10.6,9.369,9.4,9.0,9.914,8.7
2018-04-12,280.0,75.0,107.0,32.0,43.0,14.0,,,,14.947,,1.0,15.325,13.8
2018-04-13,295.0,78.0,118.0,47.0,24.0,18.0,,,,13.165,,1.0,13.543,25.8
2018-04-14,237.0,64.0,83.0,43.0,30.0,8.0,19.45,17.9,16.533,16.049,,8.0,17.36,24.0
2018-04-15,262.0,82.0,93.0,39.0,34.0,10.0,,,,3.775,,1.0,4.152,6.8
2018-04-16,318.0,90.0,117.0,52.0,35.0,17.0,,,,4.309,,1.0,4.687,15.8
2018-04-17,304.0,91.0,104.0,48.0,39.0,14.0,3.35,3.0,4.133,2.371,,8.0,3.091,8.9
2018-04-18,299.0,82.0,114.0,34.0,37.0,23.0,,,,2.946,,1.0,3.323,12.2
2018-04-19,270.0,57.0,108.0,38.0,37.0,17.0,,,,2.511,,1.0,2.888,7.7
2018-04-20,253.0,71.0,95.0,36.0,29.0,9.0,2.7,2.7,3.967,2.4,2.7,9.0,2.893,11.1
2018-04-21,247.0,76.0,80.0,36.0,27.0,17.0,,,,2.486,,1.0,2.863,15.0
2018-04-22,273.0,80.0,102.0,36.0,35.0,15.0,,,,3.403,,1.0,3.78,17.4
2018-04-23,358.0,107.0,129.0,56.0,37.0,21.0,9.2,,12.533,12.144,12.1,8.0,11.533,16.8
2018-04-24,310.0,93.0,101.0,40.0,54.0,15.0,,,,4.617,,1.0,4.994,15.6
2018-04-25,336.0,104.0,124.0,44.0,43.0,13.0,,,,6.531,,1.0,6.908,14.5
2018-04-26,283.0,82.0,106.0,37.0,31.0,17.0,4.25,4.6,10.05,4.184,3.9,9.0,5.397,20.3
2018-04-27,258.0,59.0,105.0,31.0,37.0,15.0,,,,5.511,,1.0,5.888,12.4
2018-04-28,229.0,62.0,80.0,37.0,21.0,17.0,,,,13.654,,1.0,14.031,17.9
2018-04-29,238.0,66.0,80.0,41.0,35.0,10.0,4.15,4.0,4.967,4.282,,8.0,4.227,14.1
2018-04-30,361.0,95.0,128.0,65.0,43.0,18.0,,,,2.66,,1.0,3.037,9.9
2018-05-01,273.0,82.0,96.0,36.0,39.0,15.0,,,,7.899,,1.0,8.276,23.6
2018-05-02,296.0,81.0,107.0,51.0,28.0,18.0,12.15,10.3,11.867,9.683,10.3,9.0,10.86,28.1
2018-05-03,302.0,84.0,100.0,55.0,42.0,15.0,,,,12.45,,1.0,12.827,30.3
2018-05-04,294.0,88.0,102.0,52.0,30.0,15.0,,,,13.594,,1.0,13.972,27.7
2018-05-05,353.0,79.0,141.0,55.0,47.0,18.0,6.3,5.3,14.067,4.948,,8.0,7.531,23.1
2018-05-06,429.0,112.0,163.0,60.0,56.0,26.0,,,,6.274,,1.0,6.651,18.0
2018-05-07,528.0,153.0,168.0,88.0,72.0,27.0,,,,6.583,,1.0,6.961,21.6
2018-05-08,449.0,123.0,169.0,71.0,55.0,21.0,7.65,7.2,8.817,6.092,6.3,9.0,7.212,21.1
2018-05-09,431.0,115.0,160.0,63.0,65.0,15.0,,,,6.842,,1.0,7.219,22.2
2018-05-10,438.0,126.0,163.0,67.0,56.0,14.0,,,,3.982,,1.0,4.359,18.8
2018-05-11,559.0,167.0,172.0,91.0,87.0,20.0,4.8,5.0,5.8,6.625,6.2,8.0,5.685,21.0
2018-05-12,429.0,133.0,134.0,56.0,76.0,13.0,,,8.8,5.136,,2.0,6.83,15.9
2018-05-13,349.0,96.0,119.0,69.0,38.0,12.0,,,,3.136,,1.0,3.513,13.1
2018-05-14,437.0,110.0,165.0,85.0,49.0,16.0,10.6,7.4,11.933,7.726,,8.0,9.292,19.0
2018-05-15,364.0,88.0,148.0,54.0,46.0,18.0,,,,10.449,,1.0,10.826,30.2
2018-05-16,399.0,106.0,142.0,62.0,50.0,23.0,,,,4.806,,1.0,5.183,17.5
2018-05-17,358.0,101.0,138.0,41.0,44.0,26.0,10.35,13.2,11.933,11.799,12.0,9.0,11.856,20.6
2018-05-18,314.0,87.0,101.0,57.0,36.0,27.0,,,,6.732,,1.0,7.109,16.8
2018-05-19,320.0,98.0,111.0,44.0,46.0,13.0,,,,2.901,,1.0,3.279,14.3
2018-05-20,308.0,72.0,104.0,63.0,41.0,18.0,6.05,5.4,7.2,5.528,5.5,9.0,5.936,26.2
2018-05-21,387.0,107.0,125.0,68.0,54.0,19.0,,,,4.889,,1.0,5.266,23.9
2018-05-22,347.0,98.0,123.0,56.0,47.0,12.0,,,,6.833,,1.0,7.211,19.6
2018-05-23,304.0,83.0,117.0,43.0,41.0,12.0,7.6,7.7,8.233,8.665,6.6,9.0,7.76,25.8
2018-05-24,327.0,86.0,112.0,59.0,38.0,21.0,,,,8.444,,1.0,8.822,26.1
2018-05-25,267.0,67.0,88.0,42.0,47.0,12.0,,,,11.39,,1.0,11.768,28.7
2018-05-26,259.0,61.0,92.0,47.0,26.0,18.0,16.7,14.7,16.833,15.51,,8.0,15.813,29.9
2018-05-27,288.0,77.0,87.0,48.0,44.0,19.0,,,,7.408,,1.0,7.786,20.6
2018-05-28,275.0,82.0,90.0,50.0,34.0,9.0,,,,4.008,,1.0,4.386,20.9
2018-05-29,374.0,90.0,135.0,77.0,37.0,27.0,12.3,11.8,13.7,12.888,,8.0,12.549,29.6
2018-05-30,292.0,77.0,94.0,57.0,36.0,16.0,,,,5.467,,1.0,5.844,23.5
2018-05-31,260.0,58.0,110.0,41.0,33.0,16.0,,,,5.21,,1.0,5.587,19.7
2018-06-01,252.0,66.0,94.0,32.0,34.0,19.0,9.45,10.2,13.083,8.411,10.2,9.0,10.269,26.0
2018-06-02,250.0,68.0,94.0,44.0,23.0,13.0,,,,7.919,,1.0,8.297,28.1
2018-06-03,290.0,63.0,118.0,51.0,29.0,12.0,,,,4.5,,1.0,4.877,20.2
2018-06-04,329.0,91.0,118.0,57.0,41.0,15.0,3.35,5.7,6.0,3.247,4.7,9.0,4.599,20.6
2018-06-05,255.0,66.0,105.0,51.0,21.0,8.0,,,,5.633,,1.0,6.011,22.3
2018-06-06,247.0,59.0,88.0,39.0,41.0,11.0,,,,4.003,,1.0,4.38,20.4
2018-06-07,231.0,60.0,73.0,41.0,29.0,20.0,4.35,3.9,5.067,3.653,3.2,9.0,4.034,19.4
2018-06-08,248.0,70.0,82.0,39.0,35.0,17.0,,,,7.267,,1.0,7.644,26.0
2018-06-09,202.0,52.0,79.0,31.0,27.0,7.0,,,,10.132,,1.0,10.509,25.6
2018-06-10,239.0,60.0,89.0,45.0,27.0,9.0,8.1,6.8,8.1,8.587,,8.0,7.774,20.5
2018-06-11,245.0,68.0,103.0,35.0,20.0,17.0,,,,3.497,,1.0,3.875,21.1
2018-06-12,260.0,70.0,81.0,49.0,38.0,15.0,,,,4.092,,1.0,4.469,21.5
2018-06-13,268.0,66.0,100.0,37.0,39.0,18.0,9.7,7.9,8.917,6.519,,8.0,8.136,23.7
2018-06-14,225.0,53.0,75.0,38.0,28.0,20.0,,,,4.353,,1.0,4.73,27.1
2018-06-15,230.0,58.0,86.0,43.0,23.0,13.0,,,,3.278,,1.0,3.655,24.5
2018-06-16,192.0,46.0,73.0,34.0,17.0,14.0,7.6,8.0,8.333,7.679,,8.0,7.781,27.8
2018-06-17,209.0,51.0,61.0,44.0,30.0,15.0,,,,9.647,,1.0,10.025,29.4
2018-06-18,299.0,79.0,100.0,50.0,46.0,16.0,,,,11.475,,1.0,11.852,31.9
2018-06-19,264.0,63.0,97.0,60.0,21.0,13.0,7.65,7.0,8.15,7.831,,8.0,7.535,30.3
2018-06-20,247.0,66.0,80.0,49.0,33.0,11.0,,,,4.737,,1.0,5.114,25.8
2018-06-21,236.0,51.0,84.0,45.0,32.0,13.0,,,,7.96,,1.0,8.337,28.8
2018-06-22,192.0,47.0,61.0,43.0,21.0,12.0,7.05,7.0,7.433,6.036,6.0,9.0,6.704,23.5
2018-06-23,180.0,49.0,68.0,33.0,17.0,8.0,,,,5.017,,1.0,5.394,21.4
2018-06-24,200.0,51.0,64.0,43.0,24.0,13.0,,,,9.557,,1.0,9.934,27.7
2018-06-25,272.0,64.0,112.0,47.0,34.0,11.0,4.35,4.5,5.183,4.836,4.4,9.0,4.654,26.3
2018-06-26,204.0,38.0,72.0,41.0,30.0,20.0,,,,3.8,,1.0,4.177,23.3
2018-06-27,201.0,58.0,60.0,39.0,20.0,11.0,,,,3.872,,1.0,4.25,22.8
2018-06-28,184.0,49.0,72.0,32.0,18.0,10.0,9.0,7.6,9.633,8.405,7.3,9.0,8.388,28.2
2018-06-29,194.0,44.0,71.0,36.0,23.0,11.0,,,,7.913,,1.0,8.29,31.2
2018-06-30,192.0,48.0,72.0,30.0,26.0,10.0,,,,12.078,,1.0,12.455,31.5
2018-07-01,187.0,39.0,57.0,48.0,25.0,14.0,19.45,17.9,19.633,19.644,20.6,9.0,19.445,33.4
2018-07-02,258.0,58.0,88.0,50.0,38.0,16.0,,,,19.632,,1.0,20.009,32.6
2018-07-03,237.0,61.0,89.0,46.0,21.0,17.0,,,,15.707,,1.0,16.084,31.6
2018-07-04,208.0,55.0,59.0,43.0,27.0,16.0,18.35,13.9,19.767,13.469,16.7,9.0,16.437,29.4
2018-07-05,217.0,62.0,69.0,42.0,21.0,13.0,,,,4.878,,1.0,5.255,29.6
2018-07-06,190.0,58.0,62.0,29.0,21.0,14.0,,,,4.889,,1.0,5.266,26.1
2018-07-07,178.0,47.0,64.0,30.0,24.0,10.0,3.3,3.5,4.867,2.483,3.6,9.0,3.55,24.5
2018-07-08,211.0,47.0,76.0,46.0,25.0,11.0,,,,5.149,,1.0,5.526,26.7
2018-07-09,225.0,54.0,88.0,33.0,27.0,17.0,,,,7.111,,1.0,7.488,28.9
2018-07-10,179.0,48.0,58.0,36.0,24.0,9.0,12.05,13.0,14.3,12.108,11.5,9.0,12.592,31.9
2018-07-11,202.0,41.0,77.0,38.0,28.0,12.0,,,,10.222,,1.0,10.6,28.5
2018-07-12,190.0,43.0,77.0,25.0,26.0,13.0,,,,8.567,,1.0,8.944,28.2
2018-07-13,199.0,54.0,71.0,32.0,26.0,9.0,10.7,10.4,14.75,8.996,10.1,9.0,10.989,26.9
2018-07-14,194.0,42.0,87.0,32.0,14.0,17.0,,,,9.279,,1.0,9.656,31.6
2018-07-15,186.0,45.0,67.0,32.0,22.0,17.0,,,,9.622,,1.0,10.0,29.1
2018-07-16,225.0,53.0,74.0,44.0,28.0,17.0,15.05,14.4,15.8,14.812,15.5,8.0,15.112,31.3
2018-07-17,236.0,60.0,93.0,38.0,25.0,14.0,,,,9.644,,1.0,10.022,30.1
2018-07-18,227.0,62.0,83.0,33.0,22.0,19.0,,,,5.696,,1.0,6.073,29.2
2018-07-19,203.0,42.0,67.0,51.0,30.0,8.0,5.35,5.7,6.3,5.198,5.6,9.0,5.63,26.8
2018-07-20,190.0,46.0,77.0,33.0,22.0,7.0,,,,5.879,,1.0,6.256,26.5
2018-07-21,211.0,51.0,70.0,37.0,25.0,14.0,,,,3.283,,1.0,3.661,25.2
2018-07-22,192.0,54.0,67.0,33.0,18.0,12.0,6.25,5.7,7.6,5.814,6.4,9.0,6.353,27.1
2018-07-23,215.0,61.0,75.0,35.0,25.0,12.0,,,,6.374,,1.0,6.751,25.9
2018-07-24,213.0,46.0,83.0,44.0,22.0,13.0,,,,3.646,,1.0,4.023,26.9
2018-07-25,210.0,56.0,79.0,31.0,24.0,10.0,5.35,7.3,6.5,4.069,5.4,9.0,5.724,24.6
2018-07-26,189.0,41.0,71.0,35.0,26.0,9.0,,,,6.015,,1.0,6.393,28.9
2018-07-27,171.0,48.0,57.0,27.0,23.0,8.0,,,,11.697,,1.0,12.074,29.2
2018-07-28,173.0,48.0,45.0,34.0,31.0,8.0,11.4,10.5,11.933,9.783,9.4,8.0,10.603,28.3
2018-07-29,196.0,56.0,59.0,28.0,33.0,11.0,,,,6.629,,1.0,7.006,27.6
2018-07-30,218.0,51.0,72.0,44.0,24.0,21.0,,,,7.776,,1.0,8.154,26.3
2018-07-31,218.0,59.0,75.0,39.0,25.0,14.0,8.2,7.7,8.45,7.873,7.4,9.0,7.925,26.0
2018-08-01,199.0,49.0,69.0,35.0,23.0,18.0,,,,6.512,,1.0,6.89,29.0
2018-08-02,193.0,54.0,72.0,33.0,11.0,17.0,,,,6.393,,1.0,6.77,28.7
2018-08-03,187.0,46.0,77.0,34.0,16.0,9.0,7.6,6.8,8.167,6.467,6.2,9.0,7.047,28.8
2018-08-04,171.0,37.0,53.0,30.0,25.0,18.0,,,,3.419,,1.0,3.797,29.9
2018-08-05,215.0,54.0,70.0,47.0,24.0,11.0,,,,11.082,,1.0,11.459,32.1
2018-08-06,238.0,67.0,87.0,41.0,28.0,8.0,19.15,17.9,19.567,18.749,17.5,9.0,18.573,32.6
2018-08-07,229.0,64.0,68.0,45.0,31.0,14.0,,,,13.421,,1.0,13.798,30.5
2018-08-08,227.0,61.0,95.0,30.0,21.0,13.0,,,,11.608,,1.0,11.986,30.5
2018-08-09,219.0,55.0,77.0,36.0,25.0,21.0,10.25,10.7,11.067,10.697,10.4,9.0,10.623,29.8
2018-08-10,218.0,75.0,79.0,34.0,17.0,11.0,,,,13.429,,1.0,13.806,30.3
2018-08-11,167.0,33.0,64.0,26.0,27.0,12.0,,,,8.318,,1.0,8.695,25.4
2018-08-12,189.0,48.0,59.0,37.0,26.0,12.0,7.65,7.5,8.767,7.634,8.2,9.0,7.95,26.3
2018-08-13,248.0,53.0,91.0,48.0,29.0,19.0,,,,4.183,,1.0,4.561,24.5
2018-08-14,203.0,49.0,82.0,25.0,21.0,16.0,,,,6.4,,1.0,6.777,26.5
2018-08-15,227.0,47.0,88.0,32.0,30.0,17.0,13.1,14.0,14.367,12.883,,8.0,13.465,30.5
2018-08-16,205.0,60.0,72.0,32.0,19.0,18.0,,,,20.822,,1.0,21.2,31.5
2018-08-17,221.0,52.0,81.0,38.0,33.0,11.0,,,,18.956,,1.0,19.333,28.3
2018-08-18,185.0,36.0,70.0,27.0,20.0,26.0,12.1,9.1,10.767,9.107,11.2,9.0,10.455,29.1
2018-08-19,202.0,53.0,63.0,43.0,26.0,14.0,,,,3.387,,1.0,3.765,22.2
2018-08-20,212.0,50.0,77.0,36.0,30.0,16.0,,,,3.71,,1.0,4.087,23.6
2018-08-21,199.0,47.0,70.0,31.0,29.0,12.0,4.9,5.1,5.5,4.484,4.7,9.0,4.937,23.9
2018-08-22,174.0,48.0,64.0,25.0,19.0,10.0,,,,5.326,,1.0,5.704,28.1
2018-08-23,188.0,45.0,78.0,29.0,24.0,8.0,,,,6.222,,1.0,6.6,24.3
2018-08-24,178.0,46.0,72.0,27.0,20.0,9.0,10.3,9.7,10.767,9.422,,8.0,9.925,27.3
2018-08-25,165.0,40.0,69.0,23.0,18.0,12.0,,,,5.74,,1.0,6.117,25.0
2018-08-26,211.0,50.0,79.0,41.0,23.0,12.0,,,,6.833,,1.0,7.211,28.5
2018-08-27,266.0,62.0,93.0,53.0,41.0,13.0,17.65,15.0,18.567,17.654,18.7,9.0,17.514,30.5
2018-08-28,229.0,67.0,82.0,42.0,22.0,9.0,,,,22.715,,1.0,23.093,34.1
2018-08-29,232.0,51.0,87.0,41.0,34.0,10.0,,,,17.543,,1.0,17.92,33.5
2018-08-30,220.0,60.0,79.0,39.0,26.0,10.0,8.4,8.3,9.6,9.524,8.7,9.0,8.905,30.9
2018-08-31,203.0,49.0,71.0,38.0,24.0,15.0,,,,4.04,,1.0,4.417,24.5
2018-09-01,196.0,45.0,75.0,23.0,30.0,14.0,,,,4.301,,1.0,4.679,25.1
2018-09-02,196.0,51.0,71.0,42.0,20.0,10.0,7.7,6.9,8.033,7.274,,8.0,7.354,26.2
2018-09-03,218.0,67.0,64.0,44.0,25.0,10.0,,,,9.153,,1.0,9.53,30.4
2018-09-04,214.0,53.0,77.0,37.0,31.0,9.0,,,,7.139,,1.0,7.516,31.3
2018-09-05,239.0,64.0,96.0,36.0,21.0,16.0,11.15,10.1,11.25,9.635,9.7,9.0,10.367,29.4
2018-09-06,223.0,66.0,68.0,29.0,41.0,10.0,,,,11.804,,1.0,12.181,32.4
2018-09-07,234.0,59.0,97.0,34.0,25.0,11.0,,,,6.076,,1.0,6.454,24.6
2018-09-08,237.0,64.0,86.0,45.0,25.0,11.0,5.55,6.0,6.9,5.792,5.7,9.0,5.988,21.1
2018-09-09,243.0,64.0,77.0,45.0,31.0,18.0,,,,2.481,,1.0,2.858,17.2
2018-09-10,244.0,67.0,72.0,49.0,32.0,14.0,,,,0.888,,1.0,1.265,17.5
2018-09-11,290.0,88.0,99.0,40.0,41.0,18.0,6.5,10.3,11.167,7.072,11.5,9.0,9.308,24.4
2018-09-12,283.0,67.0,113.0,49.0,35.0,14.0,,,,5.172,,1.0,5.55,25.5
2018-09-13,253.0,56.0,88.0,50.0,38.0,15.0,,,,1.643,,1.0,2.02,24.3
2018-09-14,248.0,62.0,96.0,36.0,35.0,11.0,4.25,5.2,5.833,3.099,6.0,8.0,4.876,23.9
2018-09-15,231.0,58.0,88.0,35.0,28.0,13.0,,,,4.854,,1.0,5.231,24.9
2018-09-16,280.0,81.0,89.0,55.0,39.0,11.0,,,,5.017,,1.0,5.394,27.4
2018-09-17,321.0,101.0,104.0,46.0,47.0,16.0,6.4,6.0,7.283,5.022,5.7,9.0,6.081,24.7
2018-09-18,318.0,104.0,109.0,36.0,45.0,12.0,,,,3.554,,1.0,3.931,25.1
2018-09-19,324.0,85.0,119.0,45.0,39.0,26.0,,,,5.811,,1.0,6.188,26.6
2018-09-20,307.0,84.0,104.0,52.0,42.0,16.0,3.85,5.0,4.933,4.346,3.7,9.0,4.366,20.8
2018-09-21,339.0,87.0,128.0,51.0,51.0,19.0,,,,2.39,,1.0,2.768,23.1
2018-09-22,295.0,92.0,98.0,47.0,39.0,13.0,,,,3.102,,1.0,3.479,22.3
2018-09-23,298.0,90.0,104.0,50.0,34.0,12.0,3.8,,5.1,3.267,4.3,7.0,4.155,18.8
2018-09-24,430.0,113.0,146.0,82.0,53.0,25.0,,,,3.708,,1.0,4.086,20.2
2018-09-25,316.0,87.0,111.0,55.0,41.0,12.0,,,,3.269,,1.0,3.647,21.8
2018-09-26,400.0,122.0,116.0,72.0,53.0,27.0,8.25,6.5,8.033,6.256,5.6,9.0,6.928,26.3
2018-09-27,328.0,108.0,96.0,47.0,48.0,15.0,,,,2.932,,1.0,3.309,21.8
2018-09-28,319.0,90.0,102.0,52.0,43.0,19.0,,,,3.007,,1.0,3.384,19.6
2018-09-29,285.0,75.0,97.0,36.0,46.0,20.0,4.95,6.2,6.4,5.638,6.4,8.0,5.918,22.3
2018-09-30,313.0,83.0,107.0,49.0,49.0,13.0,,,,3.55,,1.0,3.927,20.3
2018-10-01,431.0,128.0,138.0,67.0,60.0,27.0,,,,7.529,,1.0,7.906,25.0
2018-10-02,402.0,120.0,128.0,75.0,53.0,16.0,8.35,9.0,10.1,8.803,9.0,9.0,9.051,24.8
2018-10-03,374.0,124.0,122.0,63.0,40.0,16.0,,,,3.699,,1.0,4.076,24.4
2018-10-04,353.0,98.0,113.0,48.0,53.0,28.0,,,,8.824,,1.0,9.202,25.8
2018-10-05,298.0,93.0,90.0,53.0,37.0,12.0,4.55,5.2,6.417,4.29,4.8,9.0,5.051,20.3
2018-10-06,251.0,67.0,84.0,39.0,38.0,15.0,,,,2.818,,1.0,3.195,19.8
2018-10-07,350.0,97.0,104.0,67.0,50.0,14.0,,,,8.328,,1.0,8.705,26.5
2018-10-08,318.0,99.0,108.0,44.0,37.0,21.0,6.35,7.0,8.433,6.259,6.5,9.0,6.909,19.8
2018-10-09,370.0,104.0,134.0,68.0,36.0,19.0,,,,3.738,,1.0,4.115,25.1
2018-10-10,329.0,112.0,93.0,58.0,31.0,16.0,,,,5.385,,1.0,5.762,25.5
2018-10-11,318.0,88.0,110.0,59.0,32.0,20.0,6.35,6.0,6.65,2.592,4.0,8.0,5.118,25.2
2018-10-12,304.0,106.0,89.0,41.0,39.0,16.0,,,,2.207,,1.0,2.584,21.1
2018-10-13,331.0,87.0,103.0,60.0,50.0,21.0,,,,1.614,,1.0,1.991,13.7
2018-10-14,331.0,108.0,87.0,64.0,50.0,16.0,5.35,4.5,6.167,4.184,7.3,9.0,5.5,14.6
2018-10-15,450.0,146.0,150.0,75.0,47.0,20.0,,,,4.993,,1.0,5.37,20.0
2018-10-16,355.0,97.0,127.0,54.0,50.0,17.0,,,,1.661,,1.0,2.038,18.1
2018-10-17,337.0,103.0,110.0,52.0,45.0,19.0,5.25,5.4,6.267,4.807,5.4,9.0,5.425,16.3
2018-10-18,315.0,105.0,100.0,48.0,36.0,21.0,,,,0.422,,1.0,0.8,9.7
2018-10-19,286.0,94.0,97.0,45.0,31.0,11.0,,,,4.374,,1.0,4.751,14.7
2018-10-20,291.0,77.0,100.0,52.0,39.0,13.0,6.35,6.9,7.467,5.692,8.3,9.0,6.942,17.1
2018-10-21,310.0,85.0,100.0,55.0,40.0,14.0,,,,0.667,,1.0,1.044,9.5
2018-10-22,407.0,119.0,125.0,72.0,52.0,29.0,,,,3.293,,1.0,3.67,10.7
2018-10-23,326.0,104.0,117.0,40.0,40.0,16.0,6.2,6.5,6.733,5.222,5.6,9.0,6.051,16.7
2018-10-24,306.0,86.0,100.0,47.0,42.0,22.0,,,,2.086,,1.0,2.463,13.1
2018-10-25,322.0,95.0,90.0,56.0,47.0,27.0,,,,1.472,,1.0,1.85,10.4
2018-10-26,294.0,85.0,111.0,46.0,42.0,5.0,4.9,5.1,6.2,4.922,,7.0,5.158,10.1
2018-10-27,228.0,60.0,95.0,38.0,22.0,6.0,,,,-1.453,,1.0,0.377,11.5
2018-10-28,259.0,66.0,102.0,38.0,27.0,10.0,,,,2.251,,1.0,2.629,11.6
2018-10-29,404.0,109.0,135.0,62.0,58.0,28.0,4.35,4.0,5.05,3.837,,8.0,4.187,13.6
2018-10-30,315.0,113.0,86.0,59.0,39.0,11.0,,,,2.978,4.6,2.0,4.223,12.5
2018-10-31,275.0,65.0,92.0,49.0,41.0,17.0,,,,8.661,,1.0,9.038,17.0
2018-11-01,313.0,94.0,112.0,45.0,32.0,17.0,14.4,13.3,14.067,12.722,10.8,9.0,13.058,20.0
2018-11-02,264.0,77.0,83.0,40.0,32.0,21.0,,,,6.489,,1.0,6.866,20.9
2018-11-03,228.0,58.0,76.0,35.0,42.0,13.0,,,,1.956,,1.0,2.333,18.5
2018-11-04,288.0,69.0,112.0,50.0,40.0,9.0,3.95,4.1,5.033,4.189,4.3,9.0,4.314,11.8
2018-11-05,371.0,108.0,132.0,57.0,49.0,15.0,,,,3.225,,1.0,3.602,11.4
2018-11-06,267.0,71.0,106.0,36.0,34.0,14.0,,,,1.974,,1.0,2.351,16.7
2018-11-07,320.0,93.0,109.0,47.0,42.0,17.0,4.65,4.6,6.4,4.539,4.4,9.0,4.918,16.8
2018-11-08,271.0,84.0,83.0,41.0,43.0,12.0,,,,3.983,,1.0,4.361,12.8
2018-11-09,280.0,85.0,99.0,40.0,40.0,12.0,,,,1.957,,1.0,2.334,10.5
2018-11-10,216.0,58.0,86.0,33.0,25.0,9.0,3.0,3.2,4.45,1.832,3.5,8.0,3.196,10.1
2018-11-11,256.0,84.0,83.0,29.0,37.0,15.0,,,,3.906,,2.0,4.283,7.6
2018-11-12,322.0,87.0,112.0,50.0,39.0,20.0,,,,10.865,,1.0,11.243,8.8
2018-11-13,310.0,95.0,91.0,41.0,56.0,18.0,6.55,6.9,8.467,7.089,6.8,9.0,7.161,10.3
2018-11-14,291.0,84.0,108.0,38.0,32.0,15.0,2.96,,,1.099,,2.0,2.187,5.7
2018-11-15,246.0,70.0,92.0,38.0,27.0,10.0,3.43,,,0.853,,2.0,2.299,2.8
2018-11-16,249.0,59.0,83.0,45.0,40.0,12.0,3.762,4.1,5.033,2.762,,8.0,3.792,6.2
2018-11-17,269.0,80.0,93.0,44.0,35.0,12.0,10.126,,,6.443,,2.0,8.442,8.7
2018-11-18,251.0,76.0,87.0,29.0,36.0,16.0,5.183,,,2.706,,2.0,4.102,5.6
2018-11-19,340.0,99.0,122.0,55.0,37.0,16.0,16.687,21.5,20.7,18.772,20.1,9.0,19.552,11.6
2018-11-20,276.0,74.0,100.0,41.0,37.0,16.0,13.238,,,9.76,,2.0,11.657,8.1
2018-11-21,245.0,81.0,77.0,34.0,35.0,10.0,8.475,,,4.854,,2.0,6.822,7.3
2018-11-22,200.0,63.0,56.0,36.0,31.0,5.0,2.62,2.4,2.617,2.103,3.5,9.0,2.648,-3.1
2018-11-23,320.0,105.0,101.0,39.0,38.0,22.0,4.827,,,3.642,,2.0,4.392,-0.8
2018-11-24,294.0,92.0,92.0,56.0,29.0,15.0,7.817,,,7.143,,2.0,7.638,8.0
2018-11-25,272.0,85.0,87.0,36.0,45.0,12.0,5.394,5.5,6.733,6.069,6.6,9.0,6.059,12.3
2018-11-26,336.0,89.0,126.0,51.0,48.0,14.0,9.079,,,6.093,,2.0,7.744,10.8
2018-11-27,315.0,85.0,122.0,55.0,32.0,13.0,2.434,,,1.958,,2.0,2.354,7.3
2018-11-28,283.0,84.0,93.0,43.0,33.0,23.0,1.908,1.7,3.017,1.41,2.9,9.0,2.187,5.2
2018-11-29,283.0,95.0,97.0,39.0,32.0,15.0,3.075,,,2.181,,2.0,2.786,6.4
2018-11-30,282.0,85.0,95.0,50.0,37.0,13.0,8.832,,,6.903,,2.0,8.025,4.8
2018-12-01,241.0,79.0,79.0,37.0,26.0,12.0,10.901,9.8,12.267,9.647,12.2,9.0,10.963,6.4
2018-12-02,303.0,92.0,108.0,37.0,38.0,20.0,7.589,,,4.976,,2.0,6.44,14.6
2018-12-03,363.0,101.0,145.0,43.0,36.0,26.0,5.931,,,3.664,,2.0,4.955,12.8
2018-12-04,321.0,99.0,103.0,58.0,26.0,24.0,2.277,2.3,3.317,2.381,,8.0,2.446,6.2
2018-12-05,310.0,102.0,103.0,55.0,24.0,15.0,5.266,,,2.883,,2.0,4.232,2.2
2018-12-06,299.0,91.0,103.0,48.0,33.0,23.0,9.678,,,7.607,,2.0,8.8,4.2
2018-12-07,248.0,85.0,80.0,37.0,34.0,7.0,5.419,4.6,6.2,4.786,4.4,9.0,5.081,2.7
2018-12-08,242.0,80.0,80.0,39.0,28.0,8.0,8.065,,,6.557,,2.0,7.469,1.9
2018-12-09,260.0,74.0,82.0,44.0,33.0,15.0,10.477,,,8.514,,2.0,9.653,1.7
2018-12-10,318.0,99.0,105.0,52.0,30.0,22.0,9.51,9.4,10.867,8.804,10.0,9.0,9.716,3.8
2018-12-11,333.0,112.0,123.0,42.0,34.0,15.0,14.354,,,10.054,,2.0,12.362,3.7
2018-12-12,296.0,94.0,105.0,48.0,34.0,10.0,17.573,,,15.31,,2.0,16.599,5.1
2018-12-13,290.0,96.0,88.0,44.0,42.0,13.0,9.766,10.6,13.8,7.189,12.6,8.0,10.791,3.8
2018-12-14,244.0,66.0,91.0,40.0,24.0,15.0,10.475,,,4.157,,2.0,7.474,9.9
2018-12-15,238.0,73.0,81.0,34.0,29.0,14.0,10.875,,,7.967,,2.0,9.579,9.6
2018-12-16,241.0,62.0,85.0,37.0,39.0,12.0,5.206,4.7,7.4,4.044,4.9,9.0,5.25,7.5
2018-12-17,345.0,100.0,121.0,43.0,40.0,23.0,4.392,,,2.346,,2.0,3.527,7.6
2018-12-18,301.0,89.0,105.0,47.0,30.0,16.0,3.19,,,1.271,,2.0,2.388,3.0
2018-12-19,274.0,66.0,90.0,47.0,42.0,17.0,9.407,9.5,10.133,8.361,8.7,8.0,9.22,4.7
2018-12-20,278.0,74.0,96.0,44.0,33.0,19.0,16.396,,,13.906,,2.0,15.309,9.3
2018-12-21,289.0,73.0,95.0,56.0,33.0,25.0,5.942,,,2.878,,2.0,4.568,14.6
2018-12-22,239.0,75.0,82.0,40.0,23.0,14.0,5.219,3.9,5.283,4.352,3.5,9.0,4.451,10.4
2018-12-23,252.0,73.0,76.0,44.0,32.0,11.0,5.817,,,3.717,,2.0,4.924,5.9
2018-12-24,254.0,85.0,82.0,39.0,33.0,7.0,10.761,,,8.735,,2.0,9.906,6.9
2018-12-25,268.0,76.0,97.0,41.0,34.0,11.0,4.251,3.0,4.5,3.592,4.6,9.0,3.989,4.7
2018-12-26,322.0,87.0,117.0,49.0,34.0,17.0,8.283,,,6.782,,2.0,7.69,5.9
2018-12-27,291.0,87.0,93.0,52.0,35.0,11.0,10.734,,,8.139,,2.0,9.594,4.1
2018-12-28,277.0,89.0,90.0,41.0,33.0,18.0,7.043,7.3,7.233,5.678,4.4,9.0,6.331,13.4
2018-12-29,263.0,62.0,94.0,52.0,34.0,12.0,4.956,,,3.599,,2.0,4.435,12.6
2018-12-30,262.0,66.0,100.0,49.0,27.0,12.0,6.257,,,5.107,,2.0,5.84,5.2
2018-12-31,234.0,60.0,80.0,40.0,26.0,13.0,12.347,10.5,10.1,10.51,9.1,9.0,10.511,7.2
2019-01-01,247.0,67.0,93.0,43.0,26.0,12.0,5.574,,,3.468,,2.0,4.679,14.3
2019-01-02,331.0,87.0,125.0,60.0,36.0,19.0,6.473,,,4.012,,2.0,5.401,3.7
2019-01-03,291.0,74.0,101.0,51.0,30.0,23.0,7.615,5.8,6.217,4.86,5.4,8.0,5.978,7.1
2019-01-04,246.0,55.0,86.0,50.0,37.0,10.0,13.074,,,11.006,,3.0,12.198,8.0
2019-01-05,219.0,58.0,74.0,38.0,21.0,21.0,6.678,,,4.828,,2.0,5.911,6.7
2019-01-06,243.0,51.0,82.0,50.0,35.0,15.0,8.317,6.4,7.5,7.166,6.2,9.0,7.117,8.7
2019-01-07,282.0,75.0,101.0,49.0,31.0,16.0,3.021,,,1.867,,2.0,2.602,0.3
2019-01-08,307.0,87.0,103.0,52.0,36.0,20.0,16.873,,,6.24,,2.0,11.714,8.2
2019-01-09,268.0,70.0,103.0,41.0,34.0,14.0,4.163,3.8,4.4,3.024,3.3,9.0,3.737,7.1
2019-01-10,289.0,84.0,92.0,51.0,23.0,25.0,2.736,,,1.714,,2.0,2.383,0.8
2019-01-11,269.0,71.0,91.0,48.0,36.0,11.0,3.169,,,2.394,,2.0,2.939,-1.4
2019-01-12,196.0,64.0,66.0,37.0,19.0,5.0,4.063,4.9,5.2,5.288,4.5,9.0,4.79,2.3
2019-01-13,252.0,64.0,87.0,46.0,26.0,16.0,4.831,,,2.469,,2.0,3.808,0.3
2019-01-14,294.0,88.0,108.0,40.0,31.0,18.0,5.732,,,5.675,,2.0,5.861,1.2
2019-01-15,296.0,87.0,108.0,46.0,30.0,16.0,11.712,12.8,13.233,11.891,14.2,9.0,12.767,3.6
2019-01-16,249.0,77.0,95.0,21.0,31.0,16.0,13.814,,,12.543,,2.0,13.336,4.6
2019-01-17,268.0,75.0,77.0,49.0,38.0,19.0,4.631,,,3.235,,2.0,4.091,0.3
2019-01-18,232.0,76.0,66.0,35.0,27.0,22.0,13.835,16.7,17.833,13.047,18.9,9.0,16.063,3.6
2019-01-19,217.0,63.0,70.0,47.0,17.0,12.0,10.566,,,7.883,,2.0,9.382,3.2
2019-01-20,245.0,65.0,85.0,43.0,30.0,12.0,4.083,,,3.732,,2.0,4.065,8.8
2019-01-21,225.0,57.0,85.0,38.0,26.0,11.0,3.265,3.7,3.833,2.99,2.6,9.0,3.278,-11.5
2019-01-22,337.0,99.0,110.0,52.0,48.0,18.0,4.365,,,5.126,,2.0,4.903,-2.2
2019-01-23,297.0,98.0,88.0,62.0,28.0,14.0,7.451,,,3.731,,2.0,5.749,6.8
2019-01-24,235.0,54.0,83.0,46.0,32.0,12.0,4.502,3.8,5.033,3.4,2.1,9.0,3.767,12.7
2019-01-25,259.0,77.0,93.0,46.0,24.0,15.0,6.641,,,3.91,,2.0,5.433,2.8
2019-01-26,229.0,49.0,92.0,44.0,29.0,8.0,7.014,,,5.478,,2.0,6.404,1.0
2019-01-27,234.0,58.0,82.0,39.0,29.0,18.0,8.484,7.1,8.0,7.026,6.0,9.0,7.322,9.6
2019-01-28,331.0,95.0,116.0,55.0,35.0,19.0,7.783,,,6.682,,2.0,7.39,1.8
2019-01-29,267.0,81.0,95.0,54.0,24.0,8.0,10.64,,,7.999,,2.0,9.477,4.3
2019-01-30,253.0,60.0,107.0,45.0,26.0,9.0,8.8,7.9,8.033,7.919,6.3,9.0,7.791,0.5
2019-01-31,242.0,74.0,80.0,43.0,27.0,17.0,5.61,,,6.182,,2.0,6.054,-8.4
2019-02-01,263.0,63.0,95.0,45.0,28.0,22.0,7.157,,,8.753,,2.0,8.113,-4.9
2019-02-02,218.0,50.0,84.0,42.0,27.0,8.0,18.767,19.2,20.017,17.762,20.9,9.0,19.329,2.5
2019-02-03,254.0,71.0,99.0,29.0,30.0,16.0,30.173,,,27.743,,2.0,29.116,10.0
2019-02-04,293.0,69.0,104.0,63.0,46.0,10.0,26.281,,,21.961,,2.0,24.279,11.9
2019-02-05,251.0,67.0,93.0,36.0,34.0,14.0,21.232,18.2,19.267,21.535,15.7,9.0,19.187,17.7
2019-02-06,251.0,71.0,98.0,39.0,22.0,17.0,5.983,,,3.082,,2.0,4.69,7.1
2019-02-07,250.0,81.0,88.0,32.0,28.0,11.0,6.293,,,3.221,,2.0,4.915,7.8
2019-02-08,234.0,73.0,77.0,37.0,23.0,17.0,6.186,5.0,6.083,5.01,4.3,9.0,5.316,11.3
2019-02-09,243.0,64.0,89.0,36.0,27.0,18.0,3.271,,,1.761,,2.0,2.674,0.6
2019-02-10,277.0,84.0,84.0,48.0,34.0,11.0,6.534,,,4.944,,2.0,5.897,2.9
2019-02-11,331.0,91.0,116.0,59.0,39.0,17.0,10.228,11.4,12.7,10.627,,8.0,11.116,2.9
2019-02-12,246.0,60.0,100.0,37.0,28.0,15.0,4.633,,,2.04,,2.0,3.495,0.4
2019-02-13,247.0,77.0,85.0,35.0,32.0,10.0,6.607,,,4.751,,2.0,5.837,5.7
2019-02-14,212.0,66.0,72.0,37.0,22.0,10.0,8.559,7.2,8.233,6.229,5.8,8.0,7.204,7.1
2019-02-15,258.0,81.0,88.0,32.0,37.0,12.0,10.228,,,6.11,,2.0,8.327,13.0
2019-02-16,201.0,63.0,66.0,33.0,15.0,15.0,6.879,,,4.332,,2.0,5.763,7.6
2019-02-17,226.0,76.0,71.0,34.0,25.0,11.0,4.635,,4.933,3.221,4.0,7.0,4.236,2.3
2019-02-18,265.0,75.0,101.0,39.0,26.0,17.0,6.657,,,4.077,,2.0,5.525,6.4
2019-02-19,264.0,84.0,82.0,44.0,27.0,16.0,4.256,,,3.393,,2.0,3.982,2.4
2019-02-20,275.0,85.0,96.0,44.0,32.0,13.0,7.149,7.9,9.35,7.71,6.6,9.0,7.742,-1.4
2019-02-21,270.0,88.0,95.0,33.0,27.0,19.0,7.661,,,6.506,,2.0,7.241,11.3
2019-02-22,242.0,67.0,89.0,33.0,30.0,14.0,11.562,,,8.575,,2.0,10.226,7.0
2019-02-23,223.0,55.0,92.0,32.0,19.0,17.0,8.443,,9.7,6.926,7.6,8.0,8.206,4.6
2019-02-24,228.0,63.0,77.0,42.0,23.0,15.0,7.906,,,5.539,,2.0,6.88,9.5
2019-02-25,269.0,63.0,121.0,36.0,32.0,8.0,4.548,,,3.518,,2.0,4.191,5.6
2019-02-26,290.0,70.0,102.0,40.0,47.0,20.0,4.41,4.0,5.25,4.1,4.3,9.0,4.412,3.0
2019-02-27,234.0,57.0,90.0,37.0,25.0,16.0,4.51,,,2.553,,2.0,3.689,-1.7
2019-02-28,252.0,77.0,86.0,45.0,21.0,18.0,6.51,,,5.567,,2.0,6.196,2.7
2019-03-01,221.0,68.0,83.0,33.0,18.0,13.0,7.886,10.8,13.367,8.474,12.9,9.0,10.685,2.9
2019-03-02,239.0,68.0,85.0,39.0,23.0,12.0,10.672,,,8.0,,2.0,9.494,3.7
2019-03-03,235.0,58.0,93.0,35.0,32.0,11.0,12.371,,,10.622,,2.0,11.654,5.7
2019-03-04,268.0,72.0,106.0,37.0,32.0,8.0,6.524,6.0,7.1,5.986,,8.0,6.28,2.3
2019-03-05,292.0,83.0,99.0,39.0,42.0,20.0,8.52,,,8.464,,2.0,8.65,-1.6
2019-03-06,283.0,76.0,114.0,35.0,36.0,12.0,6.833,,,6.197,,2.0,6.673,-3.0
2019-03-07,241.0,62.0,98.0,35.0,31.0,8.0,10.693,11.4,11.567,10.822,11.3,9.0,11.156,0.7
2019-03-08,257.0,82.0,92.0,36.0,26.0,13.0,14.977,,,11.264,,2.0,13.278,2.6
2019-03-09,215.0,56.0,79.0,35.0,26.0,12.0,23.279,,,19.475,,2.0,21.535,8.3
2019-03-10,261.0,74.0,80.0,59.0,26.0,10.0,11.037,11.0,12.183,9.782,11.8,9.0,11.16,7.8
2019-03-11,319.0,90.0,108.0,52.0,39.0,19.0,9.265,,,6.478,,2.0,8.029,10.6
2019-03-12,307.0,87.0,114.0,48.0,37.0,14.0,6.224,,,3.993,,2.0,5.266,5.0
2019-03-13,299.0,81.0,101.0,48.0,44.0,17.0,10.745,10.1,10.867,7.372,10.2,9.0,9.857,6.6
2019-03-14,273.0,84.0,95.0,40.0,28.0,15.0,8.967,,,5.821,,2.0,7.551,11.2
2019-03-15,286.0,72.0,101.0,36.0,43.0,27.0,12.366,,,7.757,,2.0,10.219,21.8
2019-03-16,232.0,83.0,59.0,39.0,30.0,11.0,2.565,2.1,2.983,1.831,1.7,9.0,2.236,12.4
2019-03-17,264.0,83.0,80.0,45.0,36.0,11.0,3.056,,,1.317,,2.0,2.344,6.0
2019-03-18,326.0,112.0,106.0,38.0,45.0,17.0,4.606,,,3.143,,2.0,4.032,7.1
2019-03-19,332.0,113.0,97.0,49.0,42.0,19.0,6.742,6.2,7.167,6.928,6.0,9.0,6.607,8.0
2019-03-20,309.0,108.0,94.0,47.0,37.0,15.0,13.828,,,9.383,,2.0,11.764,9.9
2019-03-21,290.0,93.0,94.0,47.0,31.0,14.0,8.464,,,4.868,,2.0,6.824,8.6
2019-03-22,302.0,97.0,106.0,46.0,33.0,15.0,2.78,2.5,4.133,2.062,3.0,9.0,2.895,9.3
2019-03-23,227.0,76.0,68.0,32.0,33.0,11.0,2.819,,,1.374,,2.0,2.254,8.5
2019-03-24,253.0,90.0,70.0,39.0,33.0,12.0,4.54,,,3.081,,2.0,3.968,13.3
2019-03-25,309.0,88.0,98.0,64.0,40.0,13.0,7.272,8.1,7.767,8.608,6.2,9.0,7.589,9.2
2019-03-26,295.0,88.0,91.0,42.0,43.0,23.0,2.932,,,1.171,,2.0,2.209,8.0
2019-03-27,260.0,74.0,98.0,41.0,20.0,19.0,4.531,,,2.442,,2.0,3.645,6.5
2019-03-28,266.0,88.0,85.0,30.0,32.0,21.0,6.823,6.7,6.967,4.195,6.5,9.0,6.237,8.8
2019-03-29,270.0,83.0,103.0,37.0,30.0,14.0,11.018,,,9.699,,2.0,10.516,12.6
2019-03-30,223.0,74.0,76.0,34.0,28.0,5.0,12.259,,,9.064,,2.0,10.819,16.2
2019-03-31,270.0,74.0,94.0,45.0,35.0,13.0,8.618,7.9,9.667,6.463,18.5,9.0,10.229,17.6
2019-04-01,335.0,92.0,117.0,50.0,47.0,19.0,3.326,,,2.417,,2.0,3.029,7.5
2019-04-02,277.0,88.0,82.0,45.0,44.0,8.0,5.823,,,3.301,,2.0,4.72,8.7
2019-04-03,238.0,66.0,82.0,40.0,28.0,17.0,5.634,5.8,6.3,5.615,5.4,9.0,5.75,16.6
2019-04-04,276.0,76.0,82.0,51.0,42.0,13.0,4.43,,,3.104,,2.0,3.925,13.5
2019-04-05,217.0,74.0,62.0,32.0,25.0,13.0,5.644,,,3.546,,2.0,4.753,5.4
2019-04-06,242.0,73.0,79.0,39.0,29.0,15.0,6.652,6.7,8.333,7.123,6.3,9.0,7.022,20.0
2019-04-07,249.0,74.0,90.0,26.0,33.0,20.0,11.304,,,7.331,,2.0,9.475,16.2
2019-04-08,371.0,124.0,109.0,50.0,50.0,24.0,12.908,,,10.842,,2.0,12.033,24.3
2019-04-09,287.0,98.0,91.0,43.0,29.0,12.0,9.741,10.7,12.233,9.028,12.0,9.0,10.74,12.2
2019-04-10,281.0,100.0,100.0,32.0,38.0,5.0,3.381,,,2.26,,2.0,2.978,14.2
2019-04-11,284.0,89.0,104.0,39.0,25.0,19.0,4.831,,,3.582,,2.0,4.364,10.4
2019-04-12,227.0,74.0,62.0,45.0,26.0,11.0,6.587,7.9,7.633,6.123,7.0,9.0,7.049,18.6
2019-04-13,256.0,81.0,74.0,47.0,34.0,7.0,11.827,,,10.901,,2.0,11.522,23.1
2019-04-14,236.0,79.0,75.0,35.0,26.0,16.0,8.068,,,7.374,,2.0,7.878,18.5
2019-04-15,311.0,98.0,106.0,42.0,40.0,18.0,3.216,3.4,3.933,2.966,2.6,9.0,3.223,18.6
2019-04-16,280.0,92.0,100.0,35.0,38.0,11.0,2.727,,,1.776,,2.0,2.41,17.0
2019-04-17,282.0,96.0,88.0,47.0,30.0,13.0,3.057,,,1.914,,2.0,2.643,14.9
2019-04-18,232.0,76.0,73.0,40.0,25.0,12.0,7.81,,8.767,6.336,7.0,8.0,7.517,16.7
2019-04-19,239.0,86.0,79.0,30.0,25.0,8.0,11.919,,,9.343,,3.0,10.789,23.7
2019-04-20,224.0,71.0,72.0,34.0,30.0,12.0,8.224,,,5.279,,2.0,6.909,17.7
2019-04-21,251.0,88.0,73.0,39.0,32.0,8.0,6.057,6.0,7.05,4.429,7.2,8.0,6.147,16.9
2019-04-22,293.0,92.0,93.0,45.0,30.0,19.0,5.782,,,4.803,,2.0,5.45,17.0
2019-04-23,243.0,53.0,85.0,52.0,37.0,9.0,7.323,,,6.288,,2.0,6.963,22.8
2019-04-24,282.0,80.0,103.0,47.0,32.0,13.0,3.931,4.6,4.933,4.208,4.3,9.0,4.394,19.5
2019-04-25,305.0,85.0,104.0,48.0,41.0,16.0,5.862,,,3.427,,2.0,4.803,16.2
2019-04-26,246.0,84.0,86.0,39.0,24.0,6.0,6.28,,,4.344,,2.0,5.47,16.6
2019-04-27,218.0,67.0,79.0,32.0,22.0,15.0,3.177,3.2,3.9,2.512,3.5,9.0,3.258,12.9
2019-04-28,234.0,64.0,76.0,40.0,29.0,16.0,4.621,,,3.606,,2.0,4.271,10.8
2019-04-29,278.0,88.0,93.0,43.0,25.0,15.0,5.275,,,3.738,,2.0,4.664,13.2
2019-04-30,289.0,92.0,96.0,47.0,29.0,17.0,7.58,8.5,9.7,6.6,7.9,9.0,8.056,18.9
2019-05-01,288.0,84.0,96.0,47.0,43.0,9.0,6.47,,,4.185,,2.0,5.485,12.5
2019-05-02,253.0,74.0,91.0,38.0,28.0,14.0,16.227,,,13.039,,2.0,14.791,23.9
2019-05-03,251.0,62.0,87.0,41.0,39.0,16.0,9.731,12.9,13.633,8.352,13.9,9.0,11.703,14.2
2019-05-04,225.0,55.0,88.0,39.0,28.0,6.0,13.478,,,11.753,,2.0,12.773,20.7
2019-05-05,239.0,59.0,86.0,41.0,35.0,11.0,4.261,,,3.015,,2.0,3.796,13.6
2019-05-06,298.0,86.0,81.0,68.0,36.0,20.0,4.103,4.2,4.967,3.96,,8.0,4.185,20.6
2019-05-07,316.0,96.0,83.0,54.0,52.0,21.0,5.961,,,3.908,,2.0,5.093,19.2
2019-05-08,323.0,106.0,93.0,52.0,39.0,20.0,5.318,,,4.185,,2.0,4.909,19.4
2019-05-09,320.0,99.0,91.0,54.0,51.0,17.0,5.017,6.5,5.95,4.868,5.7,9.0,5.607,15.3
2019-05-10,310.0,86.0,99.0,68.0,38.0,11.0,8.473,,,5.632,,2.0,7.21,22.7
2019-05-11,263.0,69.0,83.0,42.0,47.0,12.0,5.693,,,4.121,,2.0,5.065,19.5
2019-05-12,321.0,84.0,94.0,59.0,54.0,17.0,3.267,2.9,3.2,2.782,2.4,9.0,2.91,13.3
2019-05-13,434.0,135.0,148.0,61.0,66.0,15.0,3.738,,,2.108,,2.0,3.081,11.0
2019-05-14,331.0,104.0,117.0,50.0,35.0,14.0,5.371,,,3.212,,2.0,4.449,11.9
2019-05-15,307.0,85.0,103.0,55.0,48.0,12.0,4.061,4.5,4.8,4.375,3.7,9.0,4.287,19.4
2019-05-16,315.0,84.0,123.0,52.0,33.0,17.0,7.417,,,6.222,,2.0,6.977,20.7
2019-05-17,300.0,88.0,103.0,39.0,41.0,16.0,13.335,,,10.935,,2.0,12.293,24.4
2019-05-18,319.0,105.0,101.0,57.0,34.0,12.0,5.66,5.5,6.467,5.395,,8.0,5.633,22.9
2019-05-19,301.0,89.0,110.0,44.0,37.0,8.0,10.269,,,6.569,,2.0,8.577,22.8
2019-05-20,332.0,94.0,109.0,62.0,42.0,15.0,11.627,,,10.24,,2.0,11.092,28.0
2019-05-21,349.0,85.0,121.0,61.0,43.0,23.0,2.585,2.7,3.167,2.76,2.6,9.0,2.762,19.8
2019-05-22,318.0,89.0,118.0,48.0,38.0,13.0,3.928,,,3.142,,2.0,3.693,22.3
2019-05-23,316.0,90.0,107.0,64.0,35.0,10.0,7.117,,,5.495,,2.0,6.464,24.9
2019-05-24,329.0,86.0,118.0,55.0,49.0,15.0,4.654,4.7,5.333,5.281,4.6,9.0,4.914,23.3
2019-05-25,268.0,80.0,83.0,45.0,36.0,17.0,3.969,,,2.847,,2.0,3.566,19.5
2019-05-26,274.0,66.0,98.0,54.0,37.0,12.0,7.125,,,7.419,,2.0,7.43,29.1
2019-05-27,327.0,93.0,98.0,61.0,49.0,12.0,5.888,5.3,6.583,5.385,6.3,9.0,5.891,25.5
2019-05-28,317.0,82.0,125.0,48.0,38.0,15.0,8.777,,,8.14,,2.0,8.617,20.8
2019-05-29,322.0,85.0,119.0,62.0,33.0,15.0,7.371,,,5.294,,2.0,6.49,21.0
2019-05-30,297.0,99.0,104.0,45.0,31.0,12.0,8.197,8.5,8.567,7.309,11.2,9.0,8.754,20.4
2019-05-31,284.0,88.0,95.0,41.0,36.0,17.0,10.728,,,8.231,,2.0,9.637,25.1
2019-06-01,258.0,67.0,104.0,45.0,29.0,7.0,12.835,,,11.188,,2.0,12.169,25.9
2019-06-02,234.0,65.0,90.0,37.0,25.0,13.0,12.92,11.3,13.05,12.053,11.0,8.0,12.065,25.9
2019-06-03,307.0,96.0,108.0,50.0,33.0,15.0,4.366,,,3.637,,2.0,4.159,20.8
2019-06-04,258.0,65.0,98.0,32.0,44.0,12.0,3.634,,,3.222,,2.0,3.586,21.4
2019-06-05,277.0,81.0,97.0,46.0,31.0,15.0,12.119,12.5,15.167,10.279,11.3,9.0,12.273,26.3
2019-06-06,254.0,67.0,99.0,41.0,26.0,16.0,7.84,,,7.729,,2.0,7.942,27.3
2019-06-07,241.0,77.0,83.0,35.0,29.0,14.0,9.524,,,7.96,,2.0,8.9,25.5
2019-06-08,217.0,73.0,71.0,33.0,24.0,10.0,6.635,7.2,7.667,7.499,7.2,9.0,7.24,25.9
2019-06-09,228.0,56.0,69.0,38.0,38.0,21.0,4.977,,,3.681,,2.0,4.487,23.7
2019-06-10,283.0,69.0,95.0,56.0,36.0,17.0,5.316,,,3.969,,2.0,4.8,20.5
2019-06-11,264.0,75.0,99.0,47.0,27.0,8.0,3.524,3.6,3.933,3.662,3.4,9.0,3.624,23.5
2019-06-12,256.0,54.0,93.0,59.0,32.0,9.0,4.511,,,3.243,,2.0,4.035,22.2
2019-06-13,250.0,88.0,64.0,51.0,29.0,14.0,3.054,,,1.897,,2.0,2.634,19.3
2019-06-14,228.0,61.0,77.0,44.0,25.0,18.0,4.198,4.2,4.917,3.868,4.1,9.0,4.257,22.6
2019-06-15,231.0,72.0,67.0,42.0,26.0,17.0,6.128,,,6.258,,2.0,6.351,26.7
2019-06-16,227.0,70.0,73.0,33.0,34.0,10.0,12.47,,,10.432,,2.0,11.609,26.6
2019-06-17,244.0,64.0,94.0,38.0,27.0,19.0,8.686,10.6,10.833,8.724,8.9,9.0,9.549,23.5
2019-06-18,247.0,62.0,82.0,46.0,40.0,11.0,10.971,,,11.524,,2.0,11.405,24.7
2019-06-19,208.0,66.0,66.0,36.0,20.0,14.0,7.572,,,4.429,,2.0,6.158,21.1
2019-06-20,223.0,66.0,63.0,36.0,33.0,15.0,6.752,8.0,8.267,6.717,6.1,9.0,7.167,26.2
2019-06-21,227.0,63.0,85.0,39.0,21.0,14.0,4.393,,,3.16,,2.0,3.934,24.1
2019-06-22,198.0,57.0,68.0,32.0,20.0,15.0,3.773,,,3.309,,2.0,3.699,24.2
2019-06-23,238.0,51.0,92.0,39.0,36.0,12.0,4.459,4.5,4.667,4.153,4.4,9.0,4.436,26.8
2019-06-24,272.0,77.0,95.0,38.0,40.0,10.0,8.319,,,8.557,,2.0,8.596,28.0
2019-06-25,250.0,69.0,77.0,42.0,41.0,13.0,11.438,,,10.088,,2.0,10.92,28.0
2019-06-26,224.0,52.0,75.0,51.0,34.0,10.0,8.076,9.8,8.65,8.411,7.4,8.0,8.467,29.8
2019-06-27,211.0,65.0,67.0,36.0,21.0,15.0,6.337,,,7.204,,2.0,6.928,30.2
2019-06-28,215.0,63.0,74.0,40.0,21.0,9.0,8.823,,,7.586,,2.0,8.362,29.9
2019-06-29,211.0,57.0,70.0,31.0,27.0,15.0,11.801,12.7,12.567,12.661,12.5,9.0,12.446,31.1
2019-06-30,239.0,83.0,66.0,30.0,33.0,19.0,6.735,,,5.889,,2.0,6.47,27.0
2019-07-01,249.0,59.0,78.0,51.0,42.0,11.0,5.622,,,4.344,,2.0,5.141,29.2
2019-07-02,242.0,72.0,86.0,35.0,32.0,13.0,7.254,9.1,8.833,8.552,8.8,9.0,8.508,29.7
2019-07-03,276.0,89.0,79.0,44.0,34.0,19.0,14.402,,,13.108,,2.0,13.913,29.4
2019-07-04,194.0,56.0,50.0,29.0,31.0,22.0,22.94,,,19.071,,2.0,21.163,30.3
2019-07-05,245.0,77.0,73.0,40.0,28.0,21.0,12.634,10.7,13.1,10.859,10.2,9.0,11.499,27.8
2019-07-06,269.0,65.0,80.0,48.0,48.0,16.0,11.446,,,9.926,,2.0,10.844,30.4
2019-07-07,215.0,67.0,64.0,35.0,26.0,15.0,12.612,,,8.511,,2.0,10.72,28.0
2019-07-08,275.0,64.0,86.0,50.0,49.0,14.0,11.258,9.5,10.267,7.19,7.6,9.0,9.163,24.5
2019-07-09,247.0,68.0,97.0,35.0,33.0,10.0,10.8,,,11.139,,2.0,11.127,31.0
2019-07-10,268.0,71.0,84.0,50.0,42.0,13.0,15.304,,,15.536,,2.0,15.578,31.3
2019-07-11,217.0,64.0,75.0,34.0,20.0,16.0,10.35,8.9,9.433,8.1,7.9,9.0,8.937,28.7
2019-07-12,203.0,67.0,57.0,35.0,23.0,15.0,7.742,,,6.18,,2.0,7.119,30.0
2019-07-13,189.0,53.0,60.0,33.0,29.0,8.0,9.627,,,7.69,,2.0,8.817,30.5
2019-07-14,233.0,63.0,74.0,35.0,40.0,14.0,8.465,8.0,8.7,8.283,8.0,9.0,8.29,30.7
2019-07-15,272.0,68.0,81.0,44.0,47.0,23.0,6.31,,,4.631,,2.0,5.628,30.3
2019-07-16,258.0,89.0,85.0,42.0,28.0,8.0,10.704,,,9.612,,2.0,10.316,33.1
2019-07-17,250.0,82.0,73.0,42.0,31.0,15.0,13.833,14.7,14.6,13.622,13.9,8.0,14.131,32.9
2019-07-18,198.0,48.0,73.0,40.0,17.0,15.0,6.017,,,5.811,,2.0,6.072,28.5
2019-07-19,212.0,66.0,65.0,33.0,22.0,17.0,13.238,,,11.36,,2.0,12.456,32.9
2019-07-20,211.0,52.0,66.0,36.0,39.0,8.0,12.287,13.8,14.2,12.879,14.2,8.0,13.473,34.8
2019-07-21,205.0,50.0,69.0,38.0,31.0,12.0,11.527,,,11.71,,2.0,11.776,34.6
2019-07-22,259.0,63.0,102.0,33.0,43.0,14.0,6.816,,,6.31,,2.0,6.721,30.2
2019-07-23,242.0,72.0,84.0,38.0,29.0,9.0,2.988,4.0,4.3,3.767,4.6,8.0,3.931,24.2
2019-07-24,195.0,59.0,59.0,37.0,21.0,12.0,6.838,,,5.543,,2.0,6.348,26.5
2019-07-25,213.0,67.0,66.0,34.0,30.0,13.0,9.427,,,8.282,,2.0,9.012,28.3
2019-07-26,185.0,58.0,56.0,31.0,23.0,13.0,9.918,10.7,10.7,9.734,9.7,8.0,10.15,28.4
2019-07-27,146.0,44.0,47.0,25.0,20.0,6.0,11.944,,,8.421,,2.0,10.34,28.4
2019-07-28,149.0,35.0,50.0,29.0,24.0,5.0,13.112,,,11.274,,2.0,12.351,31.7
2019-07-29,181.0,44.0,57.0,36.0,27.0,10.0,14.953,15.2,16.1,14.817,14.7,8.0,15.154,31.8
2019-07-30,175.0,51.0,52.0,33.0,26.0,8.0,20.002,,,16.147,,2.0,18.232,31.8
2019-08-07,229.0,71.0,69.0,38.0,37.0,9.0,10.039,9.9,10.275,8.126,8.2,8.0,9.308,28.1
2019-08-08,205.0,63.0,74.0,29.0,27.0,9.0,10.0,,,8.894,,2.0,9.605,29.1
2019-08-09,213.0,63.0,69.0,34.0,32.0,8.0,7.504,,,6.801,,2.0,7.311,28.7
2019-08-10,175.0,49.0,56.0,30.0,24.0,10.0,3.978,3.9,4.65,4.248,4.4,8.0,4.235,27.1
2019-08-11,201.0,59.0,63.0,25.0,35.0,15.0,4.479,,,3.469,,2.0,4.132,27.7
2019-08-12,276.0,90.0,81.0,34.0,41.0,24.0,7.015,,,7.264,,2.0,7.297,29.9
2019-08-13,253.0,84.0,81.0,32.0,37.0,14.0,12.648,13.4,13.525,11.312,11.7,8.0,12.517,25.3
2019-08-14,220.0,60.0,78.0,28.0,37.0,12.0,17.404,,,16.361,,2.0,17.04,26.1
2019-08-15,215.0,59.0,65.0,31.0,34.0,21.0,12.317,,,9.644,,2.0,11.139,26.9
2019-08-16,222.0,67.0,61.0,30.0,40.0,20.0,7.73,8.8,8.65,7.185,6.9,8.0,7.853,26.0
2019-08-17,197.0,65.0,56.0,24.0,31.0,13.0,8.206,,,5.292,,2.0,6.907,27.7
2019-08-18,212.0,61.0,79.0,25.0,25.0,12.0,10.22,,,7.671,,2.0,9.103,28.4
2019-08-19,212.0,66.0,73.0,26.0,24.0,14.0,9.895,10.7,10.675,8.702,8.6,8.0,9.714,31.6
2019-08-20,255.0,77.0,72.0,42.0,34.0,18.0,8.631,,,7.085,,2.0,8.016,29.2
2019-08-21,224.0,72.0,71.0,37.0,33.0,8.0,12.231,,,10.862,,2.0,11.705,30.4
2019-08-22,218.0,72.0,56.0,29.0,38.0,17.0,7.703,8.7,8.95,8.537,8.6,8.0,8.498,31.6
2019-08-23,218.0,67.0,72.0,35.0,31.0,10.0,5.932,,7.2,5.19,,3.0,5.995,23.6
2019-08-24,223.0,64.0,76.0,38.0,22.0,17.0,4.494,,,2.961,,2.0,3.885,23.8
2019-08-25,221.0,75.0,57.0,29.0,41.0,16.0,3.797,3.6,3.35,3.285,3.5,7.0,3.506,23.5
2019-08-26,263.0,71.0,90.0,38.0,38.0,19.0,5.265,,,3.11,,2.0,4.345,23.3
2019-08-27,230.0,59.0,84.0,37.0,34.0,9.0,5.697,,,4.29,,2.0,5.151,21.7
2019-08-28,243.0,68.0,75.0,48.0,29.0,18.0,4.682,6.1,5.75,4.904,6.1,8.0,5.507,23.6
2019-08-29,246.0,77.0,91.0,38.0,22.0,11.0,4.277,,,4.179,,2.0,4.386,27.5
2019-08-30,209.0,64.0,72.0,24.0,30.0,10.0,7.148,,,7.396,,2.0,7.43,30.4
2019-08-31,224.0,63.0,65.0,34.0,43.0,12.0,5.024,5.5,5.7,6.043,6.2,8.0,5.693,27.1
2019-09-01,235.0,84.0,69.0,31.0,26.0,12.0,4.524,,,3.012,,2.0,3.926,24.8
2019-09-02,242.0,80.0,72.0,41.0,37.0,9.0,6.382,,,4.479,,2.0,5.589,25.0
2019-09-03,280.0,84.0,91.0,40.0,40.0,18.0,6.348,7.4,7.4,6.635,7.1,8.0,6.976,26.4
2019-09-04,241.0,83.0,81.0,42.0,23.0,7.0,10.504,,,7.897,,2.0,9.359,30.8
2019-09-05,233.0,73.0,69.0,27.0,44.0,15.0,4.172,,,3.008,,2.0,3.748,24.0
2019-09-06,232.0,71.0,79.0,32.0,33.0,9.0,4.161,4.8,4.425,4.053,4.4,8.0,4.368,20.1
2019-09-07,235.0,71.0,84.0,32.0,33.0,7.0,4.266,,,3.674,,2.0,4.127,24.0
2019-09-08,274.0,73.0,90.0,43.0,35.0,25.0,6.458,,,5.271,,2.0,6.022,25.8
2019-09-09,323.0,94.0,101.0,51.0,42.0,19.0,4.332,5.5,5.4,3.864,5.4,8.0,4.899,23.4
2019-09-10,321.0,94.0,98.0,38.0,60.0,23.0,5.317,,,4.065,,2.0,4.849,23.8
2019-09-11,283.0,79.0,89.0,33.0,51.0,18.0,12.006,,,8.203,,2.0,10.262,31.5
2019-09-12,289.0,81.0,83.0,56.0,47.0,15.0,9.989,10.8,9.775,9.452,10.1,8.0,10.023,25.7
2019-09-13,336.0,108.0,98.0,49.0,52.0,23.0,4.267,,,2.812,,2.0,3.697,20.1
2019-09-14,293.0,94.0,86.0,44.0,36.0,21.0,7.524,,,4.328,,2.0,6.084,23.1
2019-09-15,349.0,111.0,98.0,63.0,56.0,10.0,6.394,6.7,6.9,7.275,6.2,8.0,6.694,27.0
2019-09-16,422.0,130.0,120.0,74.0,71.0,18.0,7.233,,,7.831,,2.0,7.69,24.3
2019-09-17,360.0,126.0,97.0,60.0,51.0,17.0,3.675,,,2.253,,2.0,3.122,23.2
2019-09-18,384.0,106.0,127.0,56.0,64.0,17.0,3.945,4.3,4.375,4.106,6.7,8.0,4.685,20.0
2019-09-19,331.0,86.0,96.0,57.0,61.0,19.0,4.778,,,4.114,,2.0,4.604,19.9
2019-09-20,354.0,101.0,114.0,55.0,55.0,17.0,7.646,,,7.553,,2.0,7.757,24.7
2019-09-21,325.0,98.0,104.0,53.0,42.0,19.0,10.188,11.1,12.05,10.324,12.7,7.0,11.272,26.9
2019-09-22,314.0,99.0,95.0,48.0,48.0,14.0,14.812,,,12.45,,2.0,13.789,27.6
2019-09-23,432.0,153.0,111.0,60.0,58.0,31.0,14.019,,,12.108,,2.0,13.221,30.9
2019-09-24,356.0,121.0,98.0,60.0,45.0,22.0,3.671,3.4,4.2,3.694,3.6,8.0,3.713,24.7
2019-09-25,300.0,101.0,84.0,55.0,36.0,17.0,6.507,,,5.051,,2.0,5.937,25.0
2019-09-26,341.0,104.0,107.0,51.0,48.0,23.0,8.84,,,7.362,,2.0,8.259,27.5
2019-09-27,278.0,95.0,81.0,40.0,39.0,16.0,5.831,6.5,6.9,5.326,7.6,8.0,6.431,22.2
2019-09-28,260.0,84.0,82.0,30.0,38.0,16.0,7.308,,,4.55,,2.0,6.087,26.8
2019-09-29,247.0,86.0,61.0,34.0,45.0,12.0,5.993,,,4.706,,2.0,5.507,24.3
2019-09-30,329.0,110.0,81.0,64.0,47.0,15.0,3.798,4.1,4.275,3.525,4.1,8.0,3.96,20.5
2019-10-01,281.0,98.0,68.0,52.0,46.0,10.0,8.04,,,5.489,,2.0,6.922,27.8
2019-10-02,301.0,90.0,86.0,48.0,48.0,19.0,10.169,,,9.146,,2.0,9.815,32.1
2019-10-03,260.0,71.0,83.0,47.0,34.0,15.0,2.785,3.8,2.8,2.588,3.0,8.0,2.995,16.0
2019-10-04,262.0,84.0,64.0,47.0,39.0,19.0,2.721,,,1.949,,2.0,2.493,18.3
2019-10-05,210.0,77.0,61.0,29.0,28.0,10.0,3.572,,,2.224,,2.0,3.056,14.5
2019-10-06,277.0,92.0,82.0,42.0,33.0,17.0,5.109,4.6,4.8,4.15,3.8,8.0,4.492,20.8
2019-10-07,315.0,103.0,80.0,50.0,54.0,13.0,4.955,,,3.374,,2.0,4.322,24.7
2019-10-08,276.0,91.0,86.0,43.0,37.0,18.0,3.778,,,2.739,,2.0,3.416,18.6
2019-10-09,234.0,70.0,64.0,37.0,41.0,17.0,4.446,4.9,4.35,3.778,4.3,8.0,4.355,14.1
2019-10-10,263.0,74.0,76.0,50.0,34.0,23.0,4.095,,,1.857,,2.0,3.134,20.3
2019-10-11,247.0,84.0,68.0,40.0,33.0,18.0,3.286,,,1.968,,2.0,2.785,17.2
2019-10-12,241.0,74.0,77.0,26.0,43.0,9.0,4.211,4.1,4.925,3.726,3.5,8.0,4.092,20.2
2019-10-13,266.0,86.0,65.0,39.0,48.0,14.0,5.325,,,3.485,,2.0,4.563,17.7
2019-10-14,328.0,114.0,83.0,52.0,55.0,11.0,6.931,,,5.612,,2.0,6.43,22.1
2019-10-15,288.0,92.0,89.0,48.0,41.0,16.0,6.061,5.6,5.8,6.236,5.6,8.0,5.859,16.7
2019-10-16,263.0,98.0,61.0,51.0,28.0,15.0,6.721,,,4.04,,2.0,5.538,18.4
2019-10-17,254.0,93.0,65.0,32.0,43.0,11.0,1.921,,,0.972,,2.0,1.604,13.8
2019-10-18,243.0,84.0,65.0,39.0,39.0,10.0,1.997,2.1,2.45,2.073,2.0,8.0,2.124,14.8
2019-10-19,234.0,74.0,64.0,49.0,28.0,12.0,6.427,,,5.264,,2.0,6.003,15.5
2019-10-20,233.0,62.0,79.0,46.0,30.0,11.0,10.729,,,7.79,,2.0,9.418,15.0
2019-10-21,312.0,94.0,97.0,48.0,55.0,10.0,7.197,7.8,7.75,6.653,7.0,8.0,7.28,18.6
2019-10-22,258.0,81.0,76.0,44.0,48.0,5.0,5.082,,,2.222,,2.0,3.81,16.5
2019-10-23,233.0,72.0,82.0,38.0,30.0,3.0,3.623,,,2.424,,2.0,3.181,17.8
2019-10-24,263.0,77.0,76.0,54.0,45.0,2.0,5.682,6.6,6.55,5.736,6.9,8.0,6.294,18.0
2019-10-25,248.0,80.0,79.0,41.0,40.0,4.0,13.619,,,8.63,,2.0,11.282,17.0
2019-10-26,248.0,72.0,71.0,48.0,39.0,8.0,6.818,,,4.689,,2.0,5.911,16.4
2019-10-27,271.0,70.0,81.0,43.0,47.0,20.0,4.173,4.5,4.95,3.947,3.7,8.0,4.254,20.5
2019-10-28,335.0,110.0,76.0,67.0,59.0,11.0,3.095,,,1.957,,2.0,2.684,17.4
2019-10-29,285.0,96.0,84.0,53.0,37.0,7.0,2.908,,,2.158,,2.0,2.691,15.7
2019-10-30,280.0,97.0,76.0,45.0,42.0,7.0,3.351,5.4,5.35,3.747,7.2,8.0,5.01,17.5
2019-10-31,232.0,57.0,75.0,39.0,36.0,16.0,8.628,,,4.457,,2.0,6.7,20.8
2019-11-01,279.0,100.0,80.0,33.0,41.0,17.0,2.63,,,1.879,,2.0,2.413,21.0
2019-11-02,248.0,95.0,65.0,41.0,30.0,9.0,5.412,4.9,5.0,4.14,4.8,8.0,4.85,10.2
2019-11-03,279.0,83.0,77.0,39.0,48.0,15.0,7.103,,,4.39,,2.0,5.905,11.0
2019-11-04,292.0,103.0,76.0,43.0,50.0,15.0,5.511,,,3.833,,2.0,4.83,12.5
2019-11-05,283.0,97.0,79.0,43.0,39.0,11.0,7.709,7.5,8.325,5.707,8.2,8.0,7.488,14.7
2019-11-06,306.0,119.0,80.0,35.0,43.0,21.0,8.24,,,5.54,,2.0,7.048,11.5
2019-11-07,302.0,96.0,90.0,50.0,45.0,13.0,10.693,,,7.526,,2.0,9.267,13.2
2019-11-08,276.0,91.0,80.0,53.0,30.0,7.0,2.246,2.4,2.65,2.472,1.9,8.0,2.334,5.1
2019-11-09,226.0,66.0,62.0,32.0,43.0,12.0,4.07,,,1.908,,2.0,3.147,4.4
2019-11-10,242.0,59.0,77.0,51.0,32.0,14.0,9.619,,,8.068,,2.0,9.001,10.7
2019-11-11,319.0,100.0,80.0,53.0,51.0,20.0,19.729,17.0,18.875,16.099,18.0,8.0,17.941,13.9
2019-11-12,299.0,88.0,86.0,47.0,45.0,23.0,6.229,,,4.485,,2.0,5.515,11.9
2019-11-13,326.0,93.0,89.0,64.0,50.0,16.0,3.175,,,3.317,,2.0,3.404,1.0
2019-11-14,278.0,99.0,67.0,49.0,40.0,18.0,6.97,7.5,7.15,5.514,8.3,8.0,7.087,5.7
2019-11-15,274.0,80.0,81.0,41.0,44.0,20.0,14.596,,,11.896,,2.0,13.404,10.2
2019-11-16,247.0,81.0,66.0,29.0,44.0,19.0,4.294,,,2.26,,2.0,3.435,4.5
2019-11-17,294.0,100.0,91.0,36.0,44.0,7.0,4.028,3.6,4.025,3.026,4.2,8.0,3.776,4.3
2019-11-18,316.0,100.0,90.0,55.0,50.0,11.0,5.32,,,3.467,,2.0,4.551,4.7
2019-11-19,327.0,97.0,102.0,57.0,42.0,20.0,6.232,,,5.199,,2.0,5.873,10.8
2019-11-20,288.0,84.0,89.0,46.0,42.0,18.0,6.07,5.3,5.75,6.112,4.1,8.0,5.466,8.2
2019-11-21,259.0,80.0,80.0,41.0,31.0,21.0,9.88,,,7.418,,2.0,8.807,10.7
2019-11-22,245.0,76.0,78.0,44.0,23.0,17.0,9.917,,,7.217,,2.0,8.724,11.5
2019-11-23,231.0,79.0,64.0,24.0,36.0,20.0,4.948,4.4,4.625,4.079,7.8,8.0,5.17,6.9
2019-11-24,263.0,78.0,81.0,38.0,45.0,15.0,5.556,,,3.631,,2.0,4.751,7.2
2019-11-25,278.0,89.0,80.0,50.0,35.0,16.0,17.452,,,14.067,,2.0,15.917,10.6
2019-11-26,248.0,75.0,77.0,45.0,38.0,6.0,16.055,14.2,15.05,12.66,15.0,8.0,14.593,13.8
2019-11-27,305.0,85.0,96.0,49.0,46.0,16.0,12.723,,,11.933,,2.0,12.486,14.2
2019-11-28,207.0,53.0,76.0,35.0,22.0,8.0,1.885,,,1.264,,2.0,1.732,11.6
2019-11-29,264.0,79.0,82.0,46.0,31.0,15.0,2.555,2.1,2.55,2.09,2.0,8.0,2.259,5.3
2019-11-30,279.0,92.0,88.0,47.0,34.0,9.0,4.183,,,2.869,,2.0,3.684,6.0
2019-12-01,242.0,75.0,69.0,43.0,32.0,12.0,5.179,,,2.594,,2.0,4.045,3.0
2019-12-02,340.0,113.0,109.0,55.0,41.0,15.0,3.858,3.4,3.5,3.176,2.8,8.0,3.347,2.7
2019-12-03,310.0,99.0,88.0,53.0,43.0,13.0,3.978,,,3.022,,2.0,3.658,2.1
2019-12-04,277.0,105.0,87.0,46.0,25.0,8.0,13.92,,,10.851,,2.0,12.543,4.4
2019-12-05,262.0,87.0,68.0,47.0,36.0,12.0,5.951,5.0,5.825,4.517,5.0,8.0,5.258,5.1
2019-12-06,238.0,82.0,74.0,38.0,27.0,14.0,6.375,,,3.544,,2.0,5.118,8.6
2019-12-07,235.0,75.0,74.0,40.0,25.0,16.0,3.606,,,2.354,,2.0,3.138,2.6
2019-12-08,264.0,75.0,78.0,43.0,36.0,21.0,4.998,4.4,5.1,3.776,,7.0,4.446,4.4
2019-12-09,295.0,101.0,73.0,43.0,52.0,16.0,5.836,,,4.406,,2.0,5.279,11.3
2019-12-10,295.0,101.0,76.0,53.0,44.0,13.0,8.432,,,6.674,,2.0,7.711,13.6
2019-12-11,261.0,78.0,89.0,46.0,28.0,15.0,5.358,5.3,5.625,5.299,4.9,8.0,5.296,5.6
2019-12-12,258.0,81.0,82.0,44.0,33.0,10.0,7.642,,,6.281,,2.0,7.119,1.5
2019-12-13,230.0,66.0,71.0,40.0,35.0,10.0,7.833,,,6.94,,2.0,7.544,9.6
2019-12-14,243.0,72.0,58.0,42.0,44.0,16.0,4.602,6.9,6.25,4.959,4.9,8.0,5.522,12.9
2019-12-15,234.0,72.0,61.0,41.0,38.0,14.0,6.275,,,4.436,,2.0,5.513,8.4
2019-12-16,299.0,92.0,82.0,47.0,51.0,16.0,6.729,,,4.482,,2.0,5.763,2.1
2019-12-17,265.0,92.0,70.0,43.0,45.0,8.0,5.885,6.0,6.325,5.026,6.1,8.0,5.867,0.9
2019-12-18,264.0,84.0,72.0,53.0,38.0,14.0,7.322,,,5.31,,2.0,6.474,3.2
2019-12-19,224.0,54.0,65.0,49.0,35.0,15.0,5.225,,,4.289,,2.0,4.915,-3.0
2019-12-20,225.0,71.0,59.0,38.0,31.0,17.0,5.822,6.2,6.6,6.748,5.9,8.0,6.254,1.6
2019-12-21,224.0,67.0,54.0,37.0,43.0,8.0,10.742,,,8.321,,2.0,9.689,0.5
2019-12-22,235.0,68.0,64.0,32.0,39.0,19.0,32.085,,,26.429,,2.0,29.415,8.8
2019-12-23,248.0,63.0,83.0,48.0,32.0,14.0,20.917,23.4,18.95,22.561,24.2,7.0,22.006,11.7
2019-12-24,217.0,65.0,66.0,35.0,33.0,11.0,9.605,,10.0,8.596,,3.0,9.288,7.2
2019-12-25,227.0,78.0,53.0,36.0,34.0,14.0,12.056,,,10.404,,2.0,11.388,6.0
2019-12-26,243.0,66.0,76.0,39.0,40.0,15.0,17.288,18.4,18.75,16.724,21.7,8.0,18.572,6.7
2019-12-27,239.0,72.0,63.0,48.0,27.0,13.0,11.506,,,7.492,,2.0,9.657,9.9
2019-12-28,247.0,68.0,75.0,45.0,42.0,13.0,13.99,,,13.506,,2.0,13.906,8.9
2019-12-29,243.0,78.0,63.0,43.0,36.0,14.0,12.495,13.3,13.6,12.372,15.4,8.0,13.433,5.3
2019-12-30,250.0,69.0,75.0,52.0,34.0,12.0,2.822,,,-0.008,,2.0,1.569,5.2
2019-12-31,196.0,60.0,55.0,33.0,29.0,14.0,6.591,,,4.949,,2.0,5.927,6.7
2020-01-01,199.0,58.0,60.0,27.0,31.0,14.0,3.361,2.2,3.15,1.816,2.2,8.0,2.545,4.4
2020-01-02,276.0,73.0,73.0,60.0,41.0,20.0,10.484,,,8.212,,2.0,9.506,8.7
2020-01-03,251.0,68.0,78.0,33.0,46.0,18.0,14.881,,,12.538,,2.0,13.867,9.4
2020-01-04,223.0,62.0,72.0,35.0,36.0,15.0,11.79,12.3,12.325,11.192,9.6,8.0,11.442,9.7
2020-01-05,191.0,45.0,52.0,40.0,33.0,12.0,2.327,,,0.708,,2.0,1.676,5.1
2020-01-06,235.0,64.0,81.0,34.0,37.0,7.0,8.42,,,5.842,,2.0,7.289,7.5
2020-01-07,265.0,75.0,89.0,51.0,28.0,12.0,7.752,8.9,9.0,7.794,22.0,8.0,11.089,6.0
2020-01-08,244.0,60.0,81.0,45.0,46.0,7.0,7.794,,,5.504,,2.0,6.807,5.0
2020-01-09,253.0,65.0,82.0,39.0,46.0,17.0,4.267,,,3.148,,2.0,3.865,0.6
2020-01-10,208.0,48.0,64.0,37.0,38.0,14.0,7.3,6.5,6.875,5.848,6.4,8.0,6.584,11.1
2020-01-11,204.0,41.0,55.0,45.0,40.0,15.0,9.261,,,4.425,,2.0,7.001,18.2
2020-01-12,237.0,56.0,75.0,36.0,36.0,25.0,4.756,,,2.035,,2.0,3.554,18.5
2020-01-13,258.0,73.0,74.0,48.0,45.0,12.0,8.492,8.7,9.4,4.801,9.0,8.0,8.079,8.9
2020-01-14,248.0,61.0,82.0,46.0,38.0,13.0,14.567,,,7.921,,2.0,11.402,6.7
2020-01-15,240.0,57.0,76.0,43.0,34.0,18.0,14.185,,,12.108,,2.0,13.305,9.2
2020-01-16,239.0,61.0,77.0,42.0,39.0,15.0,8.678,7.5,9.125,7.431,7.2,8.0,7.987,8.6
2020-01-17,228.0,71.0,66.0,34.0,33.0,18.0,3.055,,,2.138,,2.0,2.754,0.8
2020-01-18,173.0,35.0,61.0,24.0,31.0,15.0,5.619,,,3.348,,2.0,4.641,2.4
2020-01-19,219.0,51.0,78.0,39.0,31.0,15.0,6.09,4.8,6.75,4.597,4.9,8.0,5.427,6.7
2020-01-20,226.0,69.0,67.0,42.0,34.0,8.0,2.918,,,2.348,,2.0,2.791,-1.0
2020-01-21,289.0,63.0,103.0,57.0,48.0,15.0,4.378,,,4.346,,2.0,4.52,1.3
2020-01-22,244.0,66.0,77.0,54.0,33.0,9.0,12.014,10.3,11.3,12.377,10.6,8.0,11.318,2.9
2020-01-23,237.0,65.0,71.0,44.0,39.0,15.0,20.981,,,19.004,,2.0,20.151,7.1
2020-01-24,224.0,57.0,80.0,33.0,36.0,11.0,23.56,,,19.205,,2.0,21.541,9.7
2020-01-25,206.0,49.0,59.0,35.0,40.0,15.0,6.643,7.2,7.05,5.479,7.0,8.0,6.674,10.1
2020-01-26,199.0,64.0,52.0,33.0,33.0,9.0,5.38,,,4.037,,2.0,4.867,7.7
2020-01-27,271.0,64.0,88.0,44.0,50.0,16.0,6.185,,,4.719,,2.0,5.61,7.5
2020-01-28,270.0,58.0,98.0,49.0,42.0,18.0,2.214,1.6,2.525,2.209,1.9,8.0,2.09,5.5
2020-01-29,241.0,63.0,84.0,30.0,37.0,19.0,2.873,,,2.044,,2.0,2.616,4.3
2020-01-30,220.0,59.0,70.0,33.0,36.0,16.0,5.89,,,4.602,,2.0,5.404,1.4
2020-01-31,215.0,51.0,82.0,27.0,38.0,13.0,7.77,8.5,9.5,6.458,9.7,8.0,8.386,6.3
2020-02-01,185.0,51.0,58.0,27.0,33.0,11.0,20.35,,,16.108,,2.0,18.387,5.4
2020-02-02,187.0,60.0,59.0,23.0,29.0,7.0,13.932,,,11.127,,2.0,12.688,6.2
2020-02-03,257.0,68.0,87.0,45.0,27.0,24.0,9.007,6.7,9.25,8.726,10.2,8.0,8.777,12.2
2020-02-04,271.0,63.0,86.0,52.0,43.0,18.0,14.394,,,14.227,,2.0,14.468,13.2
2020-02-05,259.0,76.0,89.0,33.0,36.0,17.0,5.368,,,3.704,,2.0,4.694,9.6
2020-02-06,228.0,48.0,75.0,39.0,43.0,13.0,5.367,12.6,6.85,5.037,6.2,8.0,7.211,6.2
2020-02-07,214.0,51.0,81.0,27.0,33.0,15.0,3.96,,,5.342,,2.0,4.809,13.5
2020-02-08,204.0,56.0,59.0,39.0,38.0,6.0,6.776,,,4.633,,2.0,5.863,4.5
2020-02-09,214.0,45.0,71.0,42.0,44.0,6.0,10.139,8.8,9.725,7.281,10.5,8.0,9.289,6.1
2020-02-10,245.0,68.0,76.0,56.0,20.0,13.0,9.369,,,6.904,,2.0,8.294,8.4
2020-02-11,250.0,60.0,76.0,52.0,39.0,11.0,7.677,,,5.802,,2.0,6.897,7.8
2020-02-12,234.0,57.0,74.0,50.0,33.0,16.0,8.864,7.8,8.85,7.999,7.6,8.0,8.223,7.3
2020-02-13,229.0,60.0,77.0,45.0,30.0,9.0,8.926,,,6.342,,2.0,7.792,6.4
2020-02-14,203.0,53.0,59.0,34.0,39.0,12.0,4.023,,,3.248,,2.0,3.793,2.9
2020-02-15,212.0,56.0,68.0,30.0,40.0,7.0,5.588,6.5,9.2,5.285,5.9,8.0,6.494,-1.6
2020-02-16,233.0,48.0,83.0,40.0,38.0,17.0,11.93,,,8.21,,2.0,10.228,7.3
2020-02-17,193.0,50.0,57.0,39.0,29.0,11.0,10.878,,,9.806,,2.0,10.5,9.6
2020-02-18,224.0,51.0,71.0,40.0,40.0,14.0,10.34,12.2,12.15,10.492,12.8,8.0,11.596,9.1
2020-02-19,180.0,48.0,64.0,21.0,32.0,6.0,7.02,,,5.931,,2.0,6.633,7.8
2020-02-20,231.0,61.0,68.0,39.0,44.0,15.0,4.424,,,3.206,,2.0,3.973,3.1
2020-02-21,195.0,49.0,64.0,28.0,31.0,11.0,4.166,4.2,7.05,3.964,4.3,8.0,4.736,1.8
2020-02-22,164.0,41.0,50.0,27.0,26.0,13.0,9.573,,,8.442,,2.0,9.165,8.8
2020-02-23,194.0,53.0,53.0,32.0,40.0,9.0,12.571,,,11.235,,2.0,12.061,11.7
2020-02-24,224.0,49.0,78.0,35.0,34.0,20.0,18.037,16.2,16.75,13.792,18.1,8.0,16.576,13.2
2020-02-25,244.0,72.0,89.0,36.0,32.0,8.0,12.818,,,9.533,,2.0,11.333,9.9
2020-02-26,212.0,57.0,80.0,30.0,30.0,10.0,7.202,,,4.635,,2.0,6.077,9.6
2020-02-27,232.0,66.0,69.0,43.0,38.0,15.0,2.514,2.8,5.225,1.499,1.8,7.0,2.767,8.8
2020-02-28,175.0,50.0,48.0,24.0,32.0,15.0,7.279,,,5.802,,2.0,6.698,4.9
2020-02-29,187.0,54.0,58.0,27.0,32.0,7.0,4.78,,,2.638,,2.0,3.867,2.3
2020-03-01,185.0,54.0,50.0,29.0,34.0,12.0,4.9,5.0,5.8,4.337,4.5,7.0,4.907,6.7
2020-03-02,242.0,72.0,79.0,34.0,39.0,11.0,12.882,,,10.304,,2.0,11.751,13.4
2020-03-03,250.0,65.0,74.0,49.0,40.0,17.0,12.662,,,11.208,,2.0,12.093,13.8
2020-03-04,223.0,60.0,73.0,40.0,40.0,5.0,4.196,3.3,3.85,3.821,3.0,7.0,3.633,12.9
2020-03-05,202.0,55.0,64.0,24.0,35.0,17.0,6.115,,,4.01,,2.0,5.22,10.5
2020-03-06,245.0,56.0,67.0,51.0,43.0,14.0,7.635,,,4.625,,2.0,6.288,6.7
2020-03-07,188.0,46.0,58.0,32.0,34.0,12.0,3.315,3.0,4.05,2.531,3.3,8.0,3.239,8.2
2020-03-08,200.0,45.0,62.0,32.0,42.0,13.0,5.618,,,3.423,,2.0,4.678,13.6
2020-03-09,262.0,64.0,91.0,43.0,47.0,14.0,9.522,,,10.038,,2.0,9.938,19.9
2020-03-10,228.0,63.0,72.0,31.0,41.0,15.0,9.664,,,8.229,,2.0,9.104,15.9
2020-03-11,262.0,69.0,84.0,45.0,40.0,19.0,5.523,,,4.345,,2.0,5.092,12.6
2020-03-12,245.0,63.0,77.0,46.0,38.0,11.0,9.305,,,5.848,,2.0,7.734,9.5
2020-03-13,229.0,54.0,69.0,36.0,49.0,9.0,6.383,,,2.64,,2.0,4.669,19.5
2020-03-14,220.0,67.0,69.0,44.0,25.0,9.0,4.072,,,1.042,,2.0,2.715,12.3
2020-03-15,213.0,45.0,63.0,49.0,34.0,13.0,3.772,,,2.1,,2.0,3.094,11.2
2020-03-16,228.0,60.0,72.0,43.0,32.0,13.0,5.071,,,2.115,,2.0,3.751,6.9
2020-03-17,235.0,60.0,66.0,54.0,37.0,8.0,7.26,,,3.827,,2.0,5.702,11.9
2020-03-18,220.0,49.0,71.0,42.0,38.0,11.0,7.942,,,5.438,,2.0,6.847,10.4
2020-03-19,210.0,57.0,65.0,39.0,34.0,6.0,5.162,,,2.946,,2.0,4.212,12.8
2020-03-20,176.0,43.0,52.0,33.0,26.0,10.0,11.989,,,8.538,,2.0,10.421,23.8
2020-03-21,162.0,35.0,56.0,27.0,27.0,10.0,3.604,,,1.242,,2.0,2.581,17.1
2020-03-22,156.0,32.0,41.0,31.0,34.0,10.0,5.318,,,3.129,,2.0,4.381,5.8
2020-03-23,162.0,45.0,54.0,19.0,28.0,7.0,4.362,,,2.523,,2.0,3.601,4.9
2020-03-24,159.0,42.0,44.0,37.0,22.0,5.0,3.359,,,1.833,,2.0,2.754,13.8
2020-03-25,142.0,36.0,50.0,28.0,18.0,4.0,6.067,,,2.844,,2.0,4.613,7.5
2020-03-26,143.0,37.0,52.0,27.0,12.0,8.0,7.839,,,5.044,,2.0,6.599,13.8
2020-03-27,110.0,35.0,35.0,18.0,15.0,2.0,6.162,,,5.012,,2.0,5.745,18.0
2020-03-28,100.0,20.0,35.0,25.0,9.0,8.0,4.89,,,2.817,,2.0,4.011,9.6
2020-03-29,96.0,33.0,29.0,18.0,9.0,3.0,2.744,,,-0.025,,2.0,1.53,10.7
2020-03-30,121.0,37.0,42.0,15.0,18.0,1.0,7.677,,,3.729,,2.0,5.861,12.3
2020-03-31,95.0,25.0,36.0,12.0,10.0,4.0,4.055,,,1.71,,2.0,3.041,8.7
2020-04-01,98.0,26.0,35.0,12.0,17.0,3.0,5.074,,,2.638,,2.0,4.014,12.5
2020-04-02,77.0,20.0,18.0,18.0,12.0,6.0,3.095,,,1.702,,2.0,2.556,13.8
2020-04-03,78.0,20.0,25.0,14.0,12.0,2.0,1.54,,,0.315,,2.0,1.085,9.7
2020-04-04,62.0,22.0,16.0,8.0,8.0,2.0,2.74,,,1.237,,2.0,2.146,14.9
2020-04-05,83.0,19.0,25.0,17.0,14.0,4.0,11.005,,,7.544,,2.0,9.432,16.1
2020-04-06,87.0,19.0,30.0,16.0,17.0,3.0,5.221,,,3.904,,2.0,4.72,17.0
2020-04-07,90.0,27.0,31.0,17.0,11.0,2.0,5.626,,,4.002,,2.0,4.972,17.7
2020-04-08,72.0,14.0,26.0,15.0,13.0,0.0,11.124,,,9.61,,2.0,10.525,18.8
2020-04-09,75.0,17.0,32.0,13.0,8.0,2.0,6.076,,,4.212,,2.0,5.302,16.4
2020-04-10,64.0,14.0,18.0,17.0,13.0,1.0,2.571,,,1.148,,2.0,2.017,9.2
2020-04-11,79.0,19.0,22.0,14.0,14.0,6.0,3.734,,,1.7,,2.0,2.875,11.3
2020-04-12,72.0,27.0,19.0,5.0,14.0,5.0,7.866,,,5.81,,2.0,6.996,15.2
2020-04-13,71.0,18.0,26.0,12.0,6.0,7.0,7.505,,,3.335,,2.0,5.578,18.1
2020-04-14,83.0,24.0,27.0,17.0,10.0,3.0,4.275,,,2.148,,2.0,3.369,13.6
2020-04-15,66.0,16.0,17.0,14.0,9.0,7.0,5.769,,,3.348,,2.0,4.716,10.7
2020-04-16,66.0,15.0,23.0,15.0,8.0,3.0,5.079,,,3.821,,2.0,4.608,9.1
2020-04-17,72.0,14.0,24.0,15.0,13.0,4.0,9.127,,,5.906,,2.0,7.674,10.0
2020-04-18,67.0,17.0,22.0,12.0,8.0,5.0,5.975,,,4.244,,2.0,5.267,8.7
2020-04-19,74.0,13.0,27.0,15.0,9.0,7.0,8.185,,,6.525,,2.0,7.513,15.5
2020-04-20,81.0,19.0,18.0,28.0,8.0,6.0,4.604,,,2.419,,2.0,3.669,11.9
2020-04-21,85.0,23.0,30.0,20.0,9.0,1.0,6.028,,,3.702,,2.0,5.023,15.4
2020-04-22,74.0,15.0,27.0,15.0,12.0,3.0,3.832,,,1.208,,2.0,2.678,9.3
2020-04-23,70.0,15.0,18.0,19.0,11.0,5.0,8.731,,,6.335,,2.0,7.691,10.2
2020-04-24,88.0,18.0,28.0,21.0,17.0,4.0,5.961,,,3.506,,2.0,4.892,9.0
2020-04-25,75.0,17.0,27.0,10.0,18.0,2.0,7.74,,,6.412,,2.0,7.234,16.6
2020-04-26,87.0,31.0,18.0,21.0,13.0,3.0,5.231,,,2.908,,2.0,4.228,9.4
2020-04-27,90.0,17.0,24.0,21.0,21.0,5.0,1.829,,,0.7,,2.0,1.422,8.2
2020-04-28,89.0,23.0,26.0,19.0,12.0,8.0,4.672,,,2.811,,2.0,3.899,17.3
2020-04-29,66.0,22.0,18.0,14.0,6.0,6.0,7.168,,,5.223,,2.0,6.353,13.9
2020-04-30,67.0,10.0,24.0,17.0,11.0,2.0,9.032,,,4.233,,2.0,6.791,15.7
2020-05-01,91.0,18.0,31.0,20.0,16.0,5.0,4.965,,,1.806,,2.0,3.543,18.6
2020-05-02,75.0,17.0,21.0,15.0,15.0,6.0,4.126,,,2.227,,2.0,3.334,21.5
2020-05-03,98.0,27.0,21.0,24.0,19.0,4.0,7.239,,,5.44,,2.0,6.497,24.4
2020-05-04,94.0,14.0,31.0,23.0,17.0,8.0,4.143,,,3.202,,2.0,3.83,19.9
2020-05-05,92.0,20.0,26.0,16.0,21.0,4.0,3.885,,,1.225,,2.0,2.713,15.0
2020-05-06,120.0,18.0,47.0,22.0,20.0,11.0,5.229,,,2.719,,2.0,4.132,11.6
2020-05-07,83.0,17.0,29.0,21.0,10.0,2.0,4.378,,,3.512,,2.0,4.103,16.8
2020-05-08,98.0,26.0,24.0,22.0,15.0,7.0,5.057,,,3.435,,2.0,4.404,11.1
2020-05-09,94.0,24.0,29.0,18.0,15.0,6.0,2.477,,,1.138,,2.0,1.965,8.2
2020-05-10,76.0,17.0,16.0,18.0,18.0,4.0,5.277,,,2.419,,2.0,4.006,15.8
2020-05-11,103.0,21.0,22.0,32.0,15.0,10.0,4.442,,,3.104,,2.0,3.931,15.1
2020-05-12,82.0,18.0,31.0,14.0,14.0,5.0,3.777,,,1.329,,2.0,2.711,14.6
2020-05-13,94.0,22.0,33.0,20.0,13.0,4.0,5.055,,,3.119,,2.0,4.245,15.5
2020-05-14,118.0,28.0,43.0,15.0,23.0,6.0,6.541,,,4.623,,2.0,5.74,16.8
2020-05-15,111.0,21.0,38.0,16.0,26.0,8.0,11.471,,,9.108,,2.0,10.447,27.3
2020-05-16,101.0,23.0,29.0,17.0,19.0,9.0,4.146,,,2.738,,2.0,3.599,23.1
2020-05-17,89.0,14.0,30.0,20.0,18.0,7.0,3.644,,,1.029,,2.0,2.494,17.6
2020-05-18,105.0,28.0,44.0,14.0,15.0,3.0,4.093,,,2.646,,2.0,3.527,20.0
2020-05-19,90.0,24.0,29.0,16.0,16.0,4.0,4.727,,,3.01,,2.0,4.027,17.9
2020-05-20,112.0,30.0,36.0,17.0,18.0,5.0,4.022,,,2.202,,2.0,3.27,17.6
2020-05-21,112.0,24.0,36.0,24.0,19.0,5.0,6.477,,,4.594,6.0,4.0,5.959,17.1
2020-05-22,92.0,24.0,26.0,19.0,18.0,3.0,7.978,,,3.723,,2.0,6.008,22.4
2020-05-23,116.0,31.0,42.0,21.0,13.0,4.0,5.284,,,2.823,,2.0,4.211,20.3
2020-05-24,111.0,35.0,33.0,19.0,15.0,6.0,6.662,,,6.46,7.3,5.0,7.076,19.4
2020-05-25,111.0,25.0,32.0,16.0,33.0,3.0,6.522,,,6.068,,2.0,6.453,20.5
2020-05-26,92.0,27.0,31.0,13.0,14.0,6.0,9.439,,,7.14,,2.0,8.447,22.8
2020-05-27,114.0,26.0,30.0,20.0,26.0,7.0,3.726,,,1.887,2.3,5.0,2.906,22.7
2020-05-28,114.0,27.0,32.0,23.0,25.0,4.0,6.582,,,,,1.0,6.521,23.4
2020-05-29,107.0,16.0,34.0,24.0,20.0,11.0,7.627,,,,,1.0,7.565,25.8
2020-05-30,114.0,29.0,40.0,26.0,14.0,4.0,4.71,,,4.9,4.7,4.0,5.039,25.8
2020-05-31,148.0,36.0,55.0,20.0,25.0,7.0,2.524,,,,,1.0,2.462,20.5
2020-06-01,132.0,22.0,40.0,41.0,19.0,8.0,3.262,,,,,1.0,3.201,19.7
2020-06-02,100.0,27.0,26.0,23.0,20.0,3.0,5.941,,,6.672,,4.0,6.465,21.6
2020-06-03,133.0,36.0,42.0,23.0,21.0,6.0,8.524,,,7.744,10.0,3.0,9.025,27.8
2020-06-04,154.0,45.0,53.0,27.0,16.0,6.0,10.038,,,7.446,,2.0,8.899,29.0
2020-06-05,154.0,36.0,45.0,29.0,27.0,12.0,10.224,,,7.726,11.0,5.0,9.919,23.9
2020-06-06,107.0,23.0,28.0,19.0,27.0,8.0,9.6,,,7.029,,2.0,8.472,28.9
2020-06-07,120.0,27.0,38.0,21.0,23.0,10.0,3.64,,,1.9,,2.0,2.928,24.4
2020-06-08,129.0,40.0,38.0,26.0,22.0,3.0,4.417,,,4.303,4.3,4.0,4.608,25.5
2020-06-09,118.0,26.0,28.0,20.0,25.0,15.0,8.041,,,8.342,,2.0,8.349,30.5
2020-06-10,127.0,30.0,39.0,22.0,23.0,8.0,11.444,,,9.019,,2.0,10.389,27.5
2020-06-11,113.0,29.0,30.0,20.0,22.0,11.0,11.321,,,9.299,8.8,5.0,10.075,28.2
2020-06-12,121.0,28.0,30.0,20.0,23.0,14.0,5.43,,,5.725,,2.0,5.735,28.1
2020-06-13,104.0,21.0,31.0,18.0,21.0,10.0,2.832,,,2.123,,2.0,2.635,22.8
2020-06-14,126.0,29.0,33.0,23.0,31.0,9.0,3.145,,,2.154,3.9,4.0,3.335,22.3
2020-06-15,114.0,29.0,32.0,28.0,19.0,4.0,4.973,,,4.41,,2.0,4.849,22.7
2020-06-16,103.0,22.0,33.0,24.0,17.0,3.0,5.285,,,4.025,,2.0,4.813,24.6
2020-06-17,126.0,30.0,36.0,29.0,23.0,7.0,4.239,,,3.386,4.9,4.0,4.444,25.2
2020-06-18,99.0,20.0,33.0,19.0,22.0,3.0,5.411,,,3.627,,2.0,4.677,24.2
2020-06-19,104.0,18.0,36.0,20.0,20.0,6.0,6.568,,,3.502,,2.0,5.193,25.2
2020-06-20,84.0,16.0,30.0,17.0,15.0,5.0,10.872,,,8.653,9.2,4.0,9.844,27.4
2020-06-21,102.0,21.0,36.0,14.0,19.0,10.0,8.201,,,5.319,,2.0,6.918,28.1
2020-06-22,120.0,29.0,34.0,23.0,28.0,5.0,6.821,,,5.023,,2.0,6.08,30.5
2020-06-23,120.0,20.0,32.0,24.0,33.0,3.0,11.47,,,9.255,9.9,5.0,10.477,27.9
2020-06-24,133.0,32.0,34.0,30.0,28.0,5.0,9.127,,,6.848,,2.0,8.145,30.1
2020-06-25,153.0,35.0,40.0,26.0,34.0,15.0,7.512,,,5.6,,2.0,6.714,28.7
2020-06-26,116.0,27.0,31.0,24.0,20.0,10.0,8.109,,,8.09,8.0,5.0,8.335,30.4
2020-06-27,121.0,30.0,34.0,23.0,21.0,9.0,11.7,,,12.921,,2.0,12.468,26.3
2020-06-28,153.0,27.0,57.0,24.0,31.0,9.0,11.844,,,11.817,,2.0,11.988,28.5
2020-06-29,145.0,30.0,45.0,30.0,25.0,13.0,7.208,,,7.338,6.4,5.0,7.251,29.0
2020-06-30,147.0,29.0,47.0,27.0,29.0,9.0,5.575,,,3.412,,2.0,4.652,25.1
2020-07-01,119.0,23.0,41.0,22.0,23.0,6.0,7.131,,,5.721,,2.0,6.584,27.0
2020-07-02,128.0,35.0,40.0,19.0,25.0,7.0,8.507,,,8.531,12.2,5.0,10.015,31.5
2020-07-03,108.0,21.0,33.0,18.0,27.0,8.0,15.304,,,11.806,,2.0,13.713,31.5
2020-07-04,98.0,16.0,29.0,23.0,17.0,6.0,16.4,,,10.433,,2.0,13.574,29.0
2020-07-05,144.0,33.0,43.0,27.0,29.0,9.0,16.258,,,14.324,16.7,5.0,16.03,33.0
2020-07-06,143.0,26.0,47.0,30.0,33.0,6.0,13.442,,,12.148,,2.0,12.953,32.7
2020-07-07,136.0,24.0,50.0,22.0,33.0,4.0,9.935,,,6.425,,2.0,8.338,27.1
2020-07-08,136.0,36.0,45.0,19.0,24.0,8.0,10.111,,,7.81,10.1,5.0,9.609,28.3
2020-07-09,133.0,34.0,38.0,26.0,22.0,11.0,9.306,,,5.048,,2.0,7.335,30.1
2020-07-10,130.0,29.0,34.0,27.0,25.0,11.0,5.07,,,2.915,,2.0,4.15,24.2
2020-07-11,120.0,21.0,36.0,23.0,26.0,9.0,7.446,,,6.873,8.1,5.0,7.742,27.7
2020-07-12,125.0,35.0,43.0,13.0,18.0,11.0,7.009,,,5.202,,2.0,6.264,31.0
2020-07-13,144.0,37.0,43.0,24.0,30.0,10.0,6.544,,,5.302,,2.0,6.081,30.9
2020-07-14,126.0,26.0,30.0,21.0,36.0,8.0,4.753,,,5.14,4.7,5.0,5.133,28.3
2020-07-15,124.0,26.0,34.0,21.0,32.0,5.0,6.533,,,4.023,,2.0,5.436,25.9
2020-07-16,127.0,21.0,39.0,30.0,28.0,6.0,4.738,,,2.602,,2.0,3.828,24.6
2020-07-17,129.0,23.0,39.0,27.0,27.0,10.0,7.812,,,6.112,8.2,5.0,7.644,29.3
2020-07-18,118.0,26.0,29.0,27.0,28.0,6.0,10.221,,,8.927,,2.0,9.732,33.3
2020-07-19,150.0,40.0,43.0,23.0,24.0,17.0,14.723,,,12.944,,2.0,13.991,33.8
2020-07-20,172.0,47.0,34.0,44.0,33.0,12.0,10.419,,,11.168,10.9,5.0,11.098,35.1
2020-07-21,125.0,27.0,34.0,21.0,28.0,9.0,5.581,,,5.815,,2.0,5.856,32.7
2020-07-22,136.0,32.0,43.0,28.0,16.0,14.0,,,,8.806,,1.0,9.184,32.1
2020-07-23,157.0,43.0,43.0,29.0,26.0,11.0,9.582,,,6.709,11.6,5.0,9.566,31.2
2020-07-24,128.0,34.0,33.0,26.0,17.0,13.0,6.943,,,5.712,,2.0,6.485,26.0
2020-07-25,141.0,44.0,37.0,24.0,24.0,7.0,10.648,,,7.902,,2.0,9.433,29.8
2020-07-26,141.0,27.0,46.0,25.0,30.0,10.0,8.656,,,8.159,8.8,5.0,8.807,34.0
2020-07-27,130.0,24.0,38.0,36.0,24.0,4.0,11.929,,,9.6,,2.0,10.922,35.2
2020-07-28,160.0,44.0,35.0,31.0,33.0,11.0,10.24,,,8.915,,2.0,9.735,33.9
2020-07-29,134.0,37.0,37.0,23.0,27.0,6.0,10.011,,,8.233,10.1,5.0,9.717,31.7
2020-07-30,130.0,29.0,41.0,27.0,21.0,9.0,10.319,,,10.64,,2.0,10.637,32.7
2020-07-31,126.0,23.0,44.0,26.0,19.0,10.0,8.646,,,5.712,,2.0,7.337,27.1
2020-08-01,140.0,31.0,39.0,30.0,26.0,8.0,9.165,,,8.372,8.9,5.0,9.081,29.8
2020-08-02,117.0,33.0,33.0,17.0,24.0,6.0,10.715,,,9.31,,2.0,10.17,29.0
2020-08-03,139.0,20.0,37.0,36.0,31.0,9.0,7.423,,,6.635,,2.0,7.187,32.0
2020-08-04,138.0,41.0,36.0,24.0,25.0,7.0,8.592,,,6.729,9.0,5.0,8.376,27.1
2020-08-05,151.0,32.0,41.0,31.0,34.0,11.0,7.925,,,6.308,,2.0,7.274,30.3
2020-08-06,143.0,39.0,33.0,36.0,25.0,8.0,10.822,,,9.502,,2.0,10.32,26.2
2020-08-07,132.0,30.0,30.0,22.0,34.0,11.0,11.371,11.2,11.05,10.891,8.5,7.0,10.602,27.1
2020-08-08,108.0,30.0,31.0,20.0,21.0,5.0,7.608,,,5.542,,2.0,6.733,27.0
2020-08-09,133.0,29.0,40.0,27.0,22.0,13.0,10.221,,,6.6,,2.0,8.568,29.0
2020-08-10,148.0,30.0,41.0,26.0,39.0,4.0,13.749,14.0,13.5,12.122,13.1,7.0,13.294,31.6
2020-08-11,155.0,31.0,44.0,36.0,33.0,6.0,12.904,,,9.012,,2.0,11.116,29.6
2020-08-12,147.0,37.0,42.0,31.0,22.0,11.0,15.935,,,12.638,,2.0,14.444,31.0
2020-08-13,136.0,44.0,40.0,17.0,22.0,7.0,10.076,10.4,10.65,9.597,13.2,7.0,10.784,26.4
2020-08-14,142.0,34.0,48.0,26.0,18.0,6.0,11.438,,,9.931,,2.0,10.842,29.9
2020-08-15,126.0,30.0,34.0,29.0,24.0,9.0,11.204,,,8.131,,2.0,9.826,28.6
2020-08-16,130.0,28.0,43.0,27.0,21.0,8.0,7.24,7.0,7.1,6.031,6.9,7.0,6.854,21.8
2020-08-17,153.0,28.0,40.0,35.0,33.0,11.0,8.57,,,5.7,,2.0,7.293,26.2
2020-08-18,153.0,31.0,44.0,29.0,31.0,13.0,6.124,,,5.838,,2.0,6.139,28.1
2020-08-19,139.0,36.0,44.0,25.0,26.0,7.0,7.371,8.4,8.05,8.153,10.5,7.0,8.495,24.0
2020-08-20,153.0,42.0,35.0,30.0,37.0,7.0,4.727,,,4.309,,2.0,4.676,26.1
2020-08-21,144.0,39.0,45.0,20.0,25.0,8.0,9.417,,,6.312,,2.0,8.022,28.8
2020-08-22,129.0,31.0,36.0,19.0,28.0,10.0,10.448,9.9,9.9,9.385,8.7,7.0,9.667,29.9
2020-08-23,123.0,22.0,31.0,29.0,24.0,13.0,9.944,,,6.646,,2.0,8.453,28.8
2020-08-24,166.0,37.0,44.0,34.0,31.0,16.0,7.4,,,6.807,,2.0,7.261,31.2
2020-08-25,153.0,26.0,34.0,36.0,34.0,17.0,8.954,8.8,8.8,9.087,9.9,7.0,9.108,33.0
2020-08-26,135.0,33.0,30.0,25.0,32.0,10.0,3.435,,,2.6,,2.0,3.176,26.1
2020-08-27,157.0,40.0,40.0,27.0,29.0,15.0,9.63,,,7.821,,2.0,8.883,33.4
2020-08-28,145.0,32.0,35.0,30.0,35.0,7.0,9.367,8.3,9.0,8.423,9.0,7.0,8.818,31.7
2020-08-29,144.0,31.0,42.0,27.0,28.0,12.0,6.355,,,5.517,,2.0,6.094,25.6
2020-08-30,129.0,38.0,28.0,23.0,20.0,13.0,3.386,,,2.721,,2.0,3.211,25.7
2020-08-31,144.0,29.0,39.0,30.0,34.0,5.0,3.254,3.6,3.6,2.632,,5.0,3.149,23.5
2020-09-01,152.0,26.0,46.0,26.0,39.0,9.0,4.48,,,3.123,,3.0,3.96,25.2
2020-09-02,140.0,34.0,37.0,19.0,31.0,13.0,7.709,,,3.029,,2.0,5.527,25.1
2020-09-03,167.0,35.0,47.0,30.0,36.0,11.0,6.305,6.5,7.0,6.378,6.3,7.0,6.497,29.8
2020-09-04,151.0,37.0,32.0,35.0,25.0,13.0,7.025,,,6.344,,2.0,6.842,28.7
2020-09-05,140.0,27.0,49.0,18.0,27.0,14.0,4.416,,,2.048,,2.0,3.39,25.4
2020-09-06,140.0,28.0,41.0,29.0,26.0,11.0,6.941,7.6,7.35,6.499,7.7,7.0,7.218,26.6
2020-09-07,180.0,42.0,42.0,37.0,37.0,16.0,4.265,,,3.64,,2.0,4.11,25.2
2020-09-08,163.0,39.0,48.0,28.0,28.0,13.0,5.847,,,3.523,,2.0,4.843,27.3
2020-09-09,147.0,27.0,45.0,35.0,26.0,7.0,6.832,7.5,6.9,6.751,7.0,7.0,6.996,26.6
2020-09-10,155.0,30.0,39.0,32.0,37.0,12.0,4.522,,,2.442,,2.0,3.64,27.0
2020-09-11,143.0,31.0,54.0,19.0,28.0,6.0,6.068,,,4.611,,2.0,5.497,24.5
2020-09-12,138.0,32.0,37.0,31.0,22.0,10.0,4.21,3.8,4.15,3.54,4.2,7.0,3.98,21.3
2020-09-13,146.0,33.0,42.0,24.0,31.0,11.0,6.683,,,3.517,,2.0,5.258,23.0
2020-09-14,168.0,53.0,47.0,29.0,25.0,8.0,4.761,,,3.219,,2.0,4.148,25.0
2020-09-15,164.0,31.0,44.0,41.0,33.0,12.0,2.768,3.4,3.2,3.505,3.8,7.0,3.335,19.2
2020-09-16,164.0,46.0,46.0,34.0,31.0,4.0,5.516,,,3.142,,2.0,4.486,22.1
2020-09-17,166.0,43.0,49.0,26.0,30.0,12.0,6.13,,,4.146,,2.0,5.296,22.4
2020-09-18,113.0,33.0,19.0,28.0,20.0,9.0,5.889,6.5,6.2,6.185,6.5,7.0,6.255,19.8
2020-09-19,143.0,37.0,37.0,29.0,25.0,7.0,3.421,,,1.427,,2.0,2.582,16.9
2020-09-20,161.0,39.0,34.0,35.0,28.0,18.0,3.281,,,1.548,,2.0,2.572,17.1
2020-09-21,182.0,49.0,45.0,36.0,37.0,12.0,3.447,3.7,3.5,4.246,4.9,7.0,3.959,18.5
2020-09-22,185.0,50.0,50.0,35.0,34.0,6.0,4.186,,,2.631,,2.0,3.566,22.2
2020-09-23,165.0,30.0,47.0,33.0,43.0,3.0,9.224,,,7.529,,2.0,8.534,26.0
2020-09-24,168.0,35.0,47.0,32.0,37.0,7.0,13.885,14.9,13.7,15.617,14.1,7.0,14.441,24.6
2020-09-25,178.0,54.0,36.0,36.0,37.0,11.0,23.592,,,18.204,,2.0,21.056,24.9
2020-09-26,138.0,34.0,43.0,28.0,21.0,7.0,13.382,,,8.34,,2.0,11.019,23.2
2020-09-27,156.0,42.0,53.0,26.0,23.0,7.0,6.396,5.4,6.4,5.094,5.0,7.0,5.658,25.2
2020-09-28,174.0,32.0,68.0,27.0,31.0,10.0,6.977,,,4.848,,2.0,6.07,23.9
2020-09-29,167.0,39.0,55.0,26.0,29.0,11.0,7.902,,,4.725,,2.0,6.471,23.6
2020-09-30,173.0,42.0,51.0,33.0,28.0,9.0,3.798,3.5,3.25,3.102,3.2,7.0,3.37,21.5
2020-10-01,169.0,36.0,44.0,35.0,37.0,9.0,6.224,,,5.025,,2.0,5.782,21.9
2020-10-02,164.0,44.0,40.0,25.0,36.0,12.0,4.627,,,3.5,,2.0,4.221,18.2
2020-10-03,158.0,34.0,42.0,34.0,28.0,15.0,4.524,3.5,3.5,3.95,6.9,7.0,4.475,18.5
2020-10-04,159.0,40.0,41.0,33.0,25.0,15.0,4.611,,,3.804,,2.0,4.366,18.5
2020-10-05,191.0,40.0,55.0,42.0,32.0,14.0,5.477,,,4.435,,2.0,5.114,19.7
2020-10-06,189.0,40.0,56.0,42.0,42.0,5.0,8.71,7.6,7.45,6.546,8.1,7.0,7.681,20.0
2020-10-07,170.0,34.0,44.0,36.0,37.0,13.0,8.677,,,6.427,,2.0,7.71,24.1
2020-10-08,171.0,30.0,53.0,34.0,36.0,10.0,3.152,,,1.035,,2.0,2.252,17.5
2020-10-09,188.0,55.0,55.0,40.0,23.0,9.0,5.202,6.4,4.8,5.332,5.9,7.0,5.527,19.8
2020-10-10,146.0,34.0,41.0,34.0,21.0,11.0,8.159,,,5.244,,2.0,6.859,23.9
2020-10-11,165.0,42.0,40.0,34.0,26.0,13.0,9.166,,,6.71,,2.0,8.096,18.9
2020-10-12,185.0,53.0,42.0,34.0,42.0,12.0,3.323,3.2,3.6,2.299,,6.0,2.983,14.6
2020-10-13,206.0,51.0,62.0,30.0,43.0,16.0,2.525,,,1.615,,2.0,2.228,14.9
2020-10-14,162.0,40.0,48.0,42.0,20.0,11.0,5.933,,,5.131,,2.0,5.69,20.5
2020-10-15,198.0,36.0,60.0,47.0,30.0,13.0,8.159,6.9,7.2,5.595,,6.0,6.841,22.0
2020-10-16,160.0,31.0,44.0,31.0,39.0,5.0,4.369,,,0.519,,2.0,2.602,17.3
2020-10-17,168.0,44.0,50.0,21.0,24.0,17.0,5.375,,,4.423,,2.0,5.057,15.3
2020-10-18,164.0,36.0,52.0,25.0,29.0,11.0,8.811,10.0,7.4,8.726,8.0,7.0,8.587,17.0
2020-10-19,186.0,46.0,52.0,37.0,34.0,12.0,7.17,,,5.431,,2.0,6.458,17.9
2020-10-20,196.0,47.0,47.0,47.0,43.0,8.0,8.177,,,2.333,,2.0,5.413,21.5
2020-10-21,181.0,41.0,46.0,46.0,36.0,6.0,6.532,5.5,6.3,3.644,3.4,7.0,5.075,19.9
2020-10-22,171.0,49.0,48.0,33.0,26.0,6.0,15.459,,,12.723,,2.0,14.249,21.2
2020-10-23,172.0,40.0,50.0,32.0,32.0,13.0,8.507,,,4.924,,2.0,6.873,20.5
2020-10-24,132.0,37.0,35.0,25.0,23.0,7.0,4.838,4.5,4.7,4.298,4.7,7.0,4.607,21.1
2020-10-25,169.0,49.0,42.0,28.0,32.0,10.0,4.07,,,1.944,,2.0,3.165,10.9
2020-10-26,182.0,38.0,50.0,40.0,36.0,10.0,7.016,,,3.81,,2.0,5.571,16.8
2020-10-27,183.0,48.0,50.0,48.0,28.0,8.0,4.447,4.3,4.2,4.619,4.7,7.0,4.453,15.5
2020-10-28,189.0,56.0,55.0,35.0,23.0,16.0,6.185,,,5.646,,2.0,6.073,16.2
2020-10-29,158.0,40.0,38.0,34.0,33.0,9.0,3.536,,,1.538,,2.0,2.695,12.1
2020-10-30,144.0,32.0,34.0,37.0,24.0,10.0,3.23,2.7,2.9,2.88,3.2,7.0,2.982,8.4
2020-10-31,139.0,36.0,33.0,26.0,29.0,8.0,7.445,,,5.023,,2.0,6.392,7.1
2020-11-01,164.0,41.0,40.0,33.0,29.0,17.0,5.171,,,3.738,,2.0,4.612,14.0
2020-11-02,164.0,42.0,51.0,26.0,32.0,10.0,2.286,2.0,1.7,1.8,,6.0,1.824,6.5
2020-11-03,161.0,33.0,54.0,30.0,31.0,12.0,5.878,,,4.115,,2.0,5.154,11.7
2020-11-04,155.0,26.0,52.0,31.0,33.0,6.0,7.576,,,5.327,,2.0,6.609,16.3
2020-11-05,180.0,50.0,48.0,32.0,36.0,12.0,8.837,8.4,8.95,5.985,8.5,7.0,8.134,18.6
2020-11-06,159.0,39.0,51.0,25.0,32.0,8.0,11.53,,,10.717,,2.0,11.281,20.2
2020-11-07,166.0,44.0,44.0,27.0,33.0,11.0,16.888,,,16.044,,2.0,16.623,21.8
2020-11-08,179.0,44.0,45.0,39.0,35.0,12.0,22.566,24.5,20.7,22.051,24.2,7.0,22.803,21.7
2020-11-09,167.0,47.0,45.0,30.0,31.0,7.0,29.085,,,27.338,,2.0,28.369,21.3
2020-11-10,148.0,34.0,49.0,27.0,22.0,8.0,12.431,,,11.727,,2.0,12.237,21.8
2020-11-11,180.0,53.0,41.0,37.0,33.0,10.0,6.236,6.3,5.65,3.828,0.0,7.0,4.403,21.5
2020-11-12,173.0,47.0,48.0,32.0,27.0,12.0,4.834,,,2.344,,2.0,3.747,18.4
2020-11-13,159.0,42.0,39.0,29.0,26.0,16.0,4.877,,,3.444,,2.0,4.318,11.1
2020-11-14,148.0,39.0,46.0,28.0,20.0,8.0,6.328,19.7,5.3,5.11,,6.0,8.987,11.2
2020-11-15,148.0,32.0,43.0,32.0,32.0,7.0,7.729,,,4.439,,2.0,6.242,17.3
2020-11-16,174.0,43.0,51.0,31.0,32.0,14.0,4.471,,,2.733,,2.0,3.76,11.2
2020-11-17,175.0,45.0,50.0,32.0,32.0,9.0,4.035,4.0,4.7,3.811,5.0,7.0,4.309,8.5
2020-11-18,149.0,37.0,49.0,29.0,22.0,7.0,2.974,,,1.642,,2.0,2.466,2.0
2020-11-19,154.0,42.0,37.0,25.0,31.0,11.0,6.155,,,2.7,,2.0,4.585,7.1
2020-11-20,163.0,38.0,48.0,32.0,30.0,10.0,9.466,11.2,9.3,7.094,9.0,7.0,9.212,14.8
2020-11-21,146.0,30.0,42.0,34.0,30.0,6.0,11.58,,,10.617,,2.0,11.256,15.6
2020-11-22,143.0,39.0,37.0,29.0,27.0,8.0,6.962,,,2.225,,2.0,4.752,12.4
2020-11-23,180.0,46.0,53.0,29.0,33.0,9.0,5.249,5.1,4.65,4.942,4.7,7.0,4.928,14.0
2020-11-24,169.0,42.0,47.0,32.0,33.0,12.0,5.626,,,3.538,,2.0,4.74,8.5
2020-11-25,143.0,37.0,46.0,19.0,26.0,12.0,7.77,,,5.219,,2.0,6.652,11.5
2020-11-26,152.0,35.0,51.0,24.0,33.0,8.0,7.282,6.5,6.0,5.831,6.7,7.0,6.463,17.1
2020-11-27,165.0,41.0,35.0,21.0,49.0,11.0,6.071,,,5.142,,2.0,5.764,15.9
2020-11-28,158.0,50.0,45.0,26.0,20.0,10.0,6.076,,,4.003,,2.0,5.197,12.8
2020-11-29,166.0,33.0,49.0,34.0,31.0,11.0,7.761,7.3,8.4,7.59,8.6,7.0,7.93,10.9
2020-11-30,166.0,58.0,47.0,21.0,26.0,9.0,9.924,,,5.046,,2.0,7.643,16.7
2020-12-01,189.0,45.0,56.0,39.0,33.0,11.0,5.711,,,3.525,,2.0,4.776,14.9
2020-12-02,187.0,44.0,46.0,35.0,37.0,21.0,3.973,2.7,3.2,2.746,2.7,7.0,3.064,7.0
2020-12-03,177.0,39.0,50.0,34.0,24.0,17.0,8.529,,,7.235,,2.0,8.04,9.8
2020-12-04,166.0,30.0,42.0,38.0,36.0,14.0,7.278,,,5.927,,2.0,6.76,11.5
2020-12-05,144.0,37.0,42.0,17.0,27.0,11.0,5.55,5.1,5.15,5.77,11.1,7.0,6.534,7.0
2020-12-06,164.0,33.0,47.0,29.0,39.0,11.0,2.645,,,0.148,,2.0,1.554,3.7
2020-12-07,164.0,33.0,46.0,43.0,30.0,9.0,4.525,,,3.715,,2.0,4.278,4.3
2020-12-08,157.0,36.0,41.0,29.0,35.0,11.0,3.448,3.2,2.9,3.459,2.8,7.0,3.161,3.6
2020-12-09,166.0,41.0,44.0,33.0,29.0,10.0,22.112,,,13.302,,2.0,17.865,4.1
2020-12-10,198.0,39.0,57.0,41.0,35.0,20.0,9.835,,,7.129,,2.0,8.64,9.3
2020-12-11,145.0,42.0,46.0,20.0,26.0,7.0,17.211,17.8,16.1,13.98,14.6,7.0,15.938,10.8
2020-12-12,145.0,36.0,40.0,36.0,19.0,7.0,19.077,,,12.217,,2.0,15.805,12.6
2020-12-13,162.0,43.0,49.0,23.0,33.0,11.0,13.681,,,9.7,,2.0,11.848,14.6
2020-12-14,181.0,37.0,52.0,31.0,43.0,12.0,4.884,5.0,6.4,3.959,4.2,7.0,4.889,4.7
2020-12-15,168.0,33.0,49.0,35.0,31.0,13.0,3.968,,,0.74,,2.0,2.511,3.7
2020-12-16,152.0,33.0,45.0,31.0,22.0,16.0,4.37,,,1.615,,2.0,3.15,0.4
2020-12-17,138.0,35.0,35.0,29.0,24.0,13.0,3.744,3.1,3.6,2.892,3.3,7.0,3.327,-0.1
2020-12-18,162.0,33.0,39.0,34.0,29.0,19.0,6.433,,,4.621,,2.0,5.685,-1.3
2020-12-19,142.0,32.0,33.0,26.0,38.0,8.0,13.427,,,12.31,,2.0,13.027,-2.1
2020-12-20,166.0,37.0,45.0,23.0,45.0,12.0,16.959,15.5,16.4,14.719,16.7,7.0,16.056,2.7
2020-12-21,168.0,40.0,46.0,32.0,26.0,15.0,23.579,,,23.931,,2.0,23.913,3.1
2020-12-22,148.0,38.0,47.0,19.0,33.0,8.0,18.543,,,17.239,,2.0,18.049,5.8
2020-12-23,162.0,22.0,63.0,26.0,37.0,12.0,5.711,5.2,5.3,3.855,4.5,7.0,4.913,5.0
2020-12-24,140.0,39.0,29.0,24.0,31.0,11.0,10.085,,,4.825,,2.0,7.613,14.7
2020-12-25,131.0,40.0,28.0,25.0,30.0,5.0,9.318,,,3.906,,2.0,6.77,15.1
2020-12-26,184.0,49.0,43.0,36.0,37.0,11.0,7.549,6.9,7.1,6.475,6.2,7.0,6.845,-0.2
2020-12-27,140.0,29.0,45.0,27.0,26.0,11.0,10.774,,,9.125,,2.0,10.107,2.9
2020-12-28,173.0,37.0,42.0,31.0,40.0,18.0,10.722,,,6.906,,2.0,8.972,9.4
2020-12-29,183.0,32.0,57.0,40.0,33.0,15.0,3.109,2.7,3.15,2.127,3.0,6.0,2.817,3.5
2020-12-30,151.0,40.0,39.0,24.0,34.0,11.0,5.271,,,3.529,,2.0,4.558,3.8
2020-12-31,125.0,33.0,22.0,23.0,31.0,11.0,8.39,,,4.51,,2.0,6.608,8.5
2021-01-01,152.0,37.0,40.0,29.0,29.0,12.0,7.38,6.6,6.6,7.038,9.5,7.0,7.424,3.7
2021-01-02,158.0,40.0,48.0,28.0,24.0,14.0,5.317,,,2.714,,2.0,4.173,10.1
2021-01-03,164.0,40.0,46.0,21.0,41.0,10.0,7.633,,,3.739,,2.0,5.844,3.7
2021-01-04,181.0,41.0,44.0,41.0,44.0,8.0,6.105,5.1,5.05,4.596,6.2,7.0,5.41,6.8
2021-01-05,181.0,47.0,57.0,31.0,29.0,12.0,7.159,,,3.712,,2.0,5.594,5.0
2021-01-06,194.0,49.0,49.0,32.0,43.0,13.0,6.671,,,5.014,,2.0,6.0,4.8
2021-01-07,157.0,47.0,48.0,24.0,26.0,7.0,3.414,3.9,4.0,3.124,,6.0,3.487,6.1
2021-01-08,164.0,35.0,47.0,36.0,29.0,15.0,5.729,,,4.374,,2.0,5.209,5.4
2021-01-09,142.0,36.0,29.0,32.0,27.0,15.0,4.091,,,3.128,,2.0,3.767,1.8
2021-01-10,173.0,45.0,49.0,36.0,27.0,11.0,4.958,,4.25,4.284,5.2,6.0,4.711,5.2
2021-01-11,198.0,53.0,46.0,41.0,44.0,8.0,14.931,,,12.822,,2.0,14.034,2.0
2021-01-12,191.0,59.0,34.0,40.0,43.0,9.0,24.356,,,18.788,,2.0,21.73,6.0
2021-01-13,176.0,31.0,59.0,34.0,34.0,15.0,22.255,,20.6,20.379,,5.0,20.966,6.0
2021-01-14,179.0,51.0,52.0,31.0,29.0,8.0,24.46,,,22.079,,2.0,23.428,9.0
2021-01-15,177.0,41.0,56.0,40.0,23.0,13.0,19.557,,,15.107,,2.0,17.49,7.1
2021-01-16,154.0,39.0,39.0,31.0,28.0,9.0,4.423,,3.65,2.741,3.3,6.0,3.567,8.0
2021-01-17,146.0,43.0,37.0,33.0,24.0,7.0,7.627,,,3.877,,2.0,5.91,7.3
2021-01-18,161.0,44.0,55.0,22.0,21.0,10.0,7.119,,,4.058,,2.0,5.746,6.9
2021-01-19,164.0,50.0,45.0,38.0,20.0,9.0,8.238,7.5,7.7,6.743,,6.0,7.423,4.8
2021-01-20,146.0,41.0,47.0,36.0,12.0,6.0,7.186,,,5.52,,2.0,6.511,4.5
2021-01-21,154.0,41.0,57.0,19.0,23.0,10.0,10.061,,,6.423,,2.0,8.4,5.5
2021-01-22,169.0,52.0,53.0,29.0,24.0,7.0,7.076,6.5,6.4,6.028,8.2,7.0,6.841,6.8
2021-01-23,149.0,41.0,37.0,39.0,16.0,8.0,3.194,,,1.835,,2.0,2.672,0.3
2021-01-24,143.0,33.0,40.0,28.0,31.0,7.0,2.884,,,0.968,,2.0,2.084,0.2
2021-01-25,184.0,52.0,56.0,29.0,29.0,15.0,4.454,4.6,4.3,4.781,,6.0,4.411,3.6
2021-01-26,123.0,29.0,31.0,27.0,20.0,12.0,6.877,,,,,1.0,6.815,1.6
2021-01-27,150.0,36.0,49.0,27.0,27.0,9.0,10.474,,,,,1.0,10.412,4.3
2021-01-28,139.0,33.0,39.0,36.0,15.0,11.0,3.799,3.4,3.35,4.45,2.9,7.0,3.58,0.1
2021-01-29,144.0,38.0,48.0,27.0,20.0,7.0,2.674,,,,,1.0,2.612,-4.3
2021-01-30,112.0,30.0,35.0,21.0,15.0,9.0,3.614,,,,,1.0,3.552,0.8
2021-01-31,125.0,33.0,38.0,24.0,18.0,10.0,5.728,6.3,6.1,6.2,,6.0,5.959,-2.9
2021-02-01,108.0,38.0,28.0,16.0,14.0,7.0,5.019,,,5.527,,2.0,5.431,0.8
2021-02-02,164.0,49.0,42.0,31.0,28.0,9.0,4.274,,,3.864,,2.0,4.227,1.6
2021-02-03,161.0,54.0,44.0,26.0,24.0,7.0,2.918,2.5,2.95,3.6,2.5,7.0,2.894,1.6
2021-02-04,172.0,41.0,44.0,36.0,29.0,14.0,3.866,,,4.161,,2.0,4.171,4.0
2021-02-05,142.0,42.0,25.0,31.0,32.0,9.0,12.941,,,11.308,,2.0,12.282,5.4
2021-02-06,153.0,39.0,44.0,27.0,27.0,13.0,5.986,5.8,5.0,6.29,,6.0,5.646,4.2
2021-02-07,107.0,24.0,27.0,26.0,23.0,6.0,9.576,,,8.976,,2.0,9.434,0.2
2021-02-08,186.0,72.0,50.0,29.0,22.0,11.0,6.42,,,6.869,,2.0,6.802,-3.3
2021-02-09,161.0,39.0,48.0,27.0,32.0,10.0,13.224,16.8,12.95,12.661,14.7,7.0,14.067,0.9
2021-02-10,152.0,35.0,51.0,25.0,28.0,11.0,13.474,,,13.994,,2.0,13.892,0.2
2021-02-11,150.0,39.0,42.0,36.0,15.0,15.0,10.176,,,10.47,,2.0,10.481,0.6
2021-02-12,155.0,31.0,56.0,32.0,19.0,11.0,4.963,5.7,,6.087,,5.0,5.637,-2.5
2021-02-13,125.0,30.0,31.0,32.0,16.0,11.0,6.062,,,5.082,,2.0,5.73,-2.6
2021-02-14,122.0,25.0,36.0,21.0,25.0,8.0,9.785,,,9.074,,2.0,9.588,3.3
2021-02-15,167.0,50.0,42.0,31.0,24.0,15.0,10.969,10.8,11.45,10.15,,6.0,10.72,0.8
2021-02-16,185.0,48.0,52.0,45.0,18.0,15.0,7.232,,,6.18,,2.0,6.864,9.0
2021-02-17,151.0,31.0,45.0,37.0,18.0,14.0,4.376,,,4.629,,2.0,4.66,-0.5
2021-02-18,148.0,42.0,44.0,28.0,20.0,11.0,4.539,5.5,5.0,5.13,,6.0,4.92,-2.5
2021-02-19,141.0,28.0,44.0,43.0,12.0,11.0,7.183,,,6.814,,2.0,7.156,-0.3
2021-02-20,143.0,41.0,38.0,30.0,19.0,12.0,9.534,,,9.747,,2.0,9.798,0.1
2021-02-21,134.0,35.0,34.0,20.0,24.0,17.0,11.7,8.9,,10.232,10.1,6.0,10.396,0.9
2021-02-22,156.0,50.0,39.0,27.0,23.0,14.0,12.665,,,11.976,,2.0,12.478,2.4
2021-02-23,172.0,52.0,50.0,35.0,24.0,8.0,14.926,,,14.139,,2.0,14.69,6.7
2021-02-24,138.0,39.0,38.0,32.0,17.0,9.0,7.768,6.4,6.6,7.416,,6.0,6.923,10.9
2021-02-25,157.0,39.0,42.0,44.0,16.0,13.0,4.096,,,4.078,,2.0,4.245,8.4
2021-02-26,127.0,37.0,37.0,22.0,21.0,9.0,6.358,,,6.025,,2.0,6.349,6.6
2021-02-27,132.0,34.0,38.0,31.0,16.0,10.0,5.392,5.2,5.4,5.32,4.0,7.0,5.062,11.6
2021-02-28,143.0,42.0,31.0,34.0,25.0,10.0,10.206,,,8.27,,2.0,9.396,7.6
2021-03-01,179.0,44.0,55.0,38.0,20.0,12.0,5.821,,,6.612,,2.0,6.374,8.8
2021-03-02,136.0,40.0,44.0,25.0,14.0,6.0,3.068,2.3,2.5,3.146,,6.0,2.631,-0.2
2021-03-03,145.0,39.0,35.0,25.0,29.0,12.0,10.223,,,10.809,,2.0,10.674,10.6
2021-03-04,161.0,29.0,47.0,39.0,22.0,18.0,9.079,,,9.169,,2.0,9.282,5.7
2021-03-05,142.0,31.0,40.0,35.0,18.0,13.0,2.714,2.3,2.7,2.849,3.2,7.0,2.753,2.1
2021-03-06,141.0,34.0,38.0,19.0,32.0,8.0,3.479,,,3.418,,2.0,3.606,1.5
2021-03-07,129.0,29.0,38.0,27.0,25.0,9.0,3.724,,,3.635,,2.0,3.837,4.5
2021-03-08,177.0,43.0,48.0,40.0,28.0,13.0,5.139,5.7,,6.195,,5.0,5.732,6.0
2021-03-09,141.0,32.0,44.0,24.0,21.0,14.0,10.536,,,10.778,,2.0,10.815,15.8
2021-03-10,156.0,51.0,46.0,26.0,24.0,6.0,9.417,,,9.073,,2.0,9.403,11.1
2021-03-11,155.0,40.0,52.0,31.0,20.0,6.0,22.912,20.4,,20.517,15.5,6.0,19.995,19.7
2021-03-12,149.0,27.0,54.0,34.0,19.0,11.0,7.758,,,8.407,,2.0,8.24,18.4
2021-03-13,138.0,39.0,37.0,32.0,17.0,9.0,3.729,,,3.884,,2.0,3.964,9.4
2021-03-14,140.0,29.0,47.0,33.0,16.0,8.0,4.065,3.8,,4.252,,5.0,4.093,10.2
2021-03-15,162.0,38.0,48.0,40.0,18.0,10.0,3.708,,,3.839,,2.0,3.931,2.9
2021-03-16,172.0,42.0,59.0,33.0,26.0,9.0,5.415,,,4.889,,2.0,5.309,2.7
2021-03-17,161.0,40.0,48.0,44.0,17.0,10.0,8.221,7.1,8.75,7.631,8.0,7.0,7.94,8.0
2021-03-18,152.0,41.0,43.0,26.0,27.0,8.0,6.194,,,4.781,,2.0,5.645,7.3
2021-03-19,173.0,50.0,51.0,32.0,29.0,6.0,4.543,,,4.223,,2.0,4.541,5.5
2021-03-20,143.0,34.0,46.0,32.0,20.0,7.0,6.397,6.3,6.7,6.669,,6.0,6.394,13.5
2021-03-21,164.0,44.0,53.0,30.0,25.0,8.0,9.481,,,10.265,,2.0,10.031,15.2
2021-03-22,214.0,48.0,67.0,42.0,29.0,18.0,13.685,,,12.218,,2.0,13.109,13.7
2021-03-23,144.0,40.0,49.0,24.0,19.0,7.0,6.135,5.8,,6.118,8.9,6.0,6.901,16.8
2021-03-24,165.0,39.0,54.0,41.0,15.0,13.0,8.23,,,9.175,,2.0,8.86,13.5
2021-03-25,183.0,41.0,58.0,37.0,27.0,16.0,12.017,,,9.33,,2.0,10.831,19.7
2021-03-26,157.0,40.0,48.0,30.0,17.0,17.0,6.387,2.8,18.7,5.698,,6.0,8.274,25.4
2021-03-27,150.0,37.0,48.0,27.0,25.0,8.0,5.975,,,5.412,,2.0,5.852,17.9
2021-03-28,123.0,34.0,28.0,22.0,19.0,11.0,6.276,,,5.968,,2.0,6.28,19.0
2021-03-29,163.0,40.0,52.0,37.0,18.0,15.0,3.113,6.1,2.6,3.389,2.8,7.0,3.6,11.6
2021-03-30,161.0,37.0,58.0,31.0,20.0,10.0,6.265,,,6.086,,2.0,6.334,12.9
2021-03-31,142.0,37.0,38.0,35.0,16.0,14.0,9.038,,,8.521,,2.0,8.937,16.5
2021-04-01,151.0,51.0,49.0,24.0,17.0,8.0,3.55,3.6,2.8,3.901,,6.0,3.34,11.3
2021-04-02,139.0,37.0,41.0,29.0,16.0,9.0,3.72,,,3.708,,2.0,3.872,3.6
2021-04-03,140.0,35.0,38.0,36.0,12.0,17.0,4.535,,,4.575,,2.0,4.713,10.9
2021-04-04,131.0,37.0,26.0,32.0,18.0,14.0,9.875,7.4,7.5,9.915,7.4,7.0,8.418,16.3
2021-04-05,183.0,62.0,47.0,39.0,18.0,11.0,7.265,,,7.674,,2.0,7.627,18.1
2021-04-06,165.0,44.0,54.0,31.0,14.0,18.0,7.125,,,7.677,,2.0,7.559,18.5
2021-04-07,153.0,45.0,45.0,23.0,20.0,11.0,5.22,5.7,5.1,6.219,,6.0,5.437,19.9
2021-04-08,152.0,39.0,50.0,31.0,19.0,8.0,6.922,,,6.757,,2.0,6.997,18.3
2021-04-09,161.0,48.0,42.0,30.0,21.0,11.0,6.93,,,6.03,,2.0,6.638,13.5
2021-04-10,147.0,44.0,41.0,28.0,15.0,10.0,7.445,5.0,6.75,6.47,6.0,6.0,6.333,17.1
2021-04-11,130.0,35.0,38.0,33.0,11.0,8.0,7.276,,,6.273,,2.0,6.932,14.3
2021-04-12,181.0,53.0,53.0,37.0,20.0,13.0,4.533,,,4.328,,2.0,4.589,8.8
2021-04-13,172.0,39.0,66.0,37.0,8.0,13.0,3.747,,4.3,3.668,,4.0,3.793,18.4
2021-04-14,192.0,58.0,53.0,42.0,18.0,15.0,8.064,,,8.324,,2.0,8.352,19.8
2021-04-15,169.0,56.0,44.0,35.0,16.0,11.0,6.925,,,7.081,,2.0,7.161,13.1
2021-04-16,170.0,51.0,50.0,27.0,20.0,17.0,2.673,2.2,2.1,3.096,1.8,7.0,2.374,12.0
2021-04-17,136.0,48.0,40.0,22.0,16.0,6.0,2.777,,,2.835,,2.0,2.964,12.0
2021-04-18,146.0,39.0,43.0,27.0,28.0,8.0,6.86,,,7.265,,2.0,7.22,15.3
2021-04-19,192.0,53.0,66.0,37.0,22.0,11.0,8.565,8.5,8.0,8.995,,6.0,8.392,17.1
2021-04-20,173.0,51.0,50.0,31.0,21.0,14.0,9.519,,,11.516,,2.0,10.675,21.5
2021-04-21,182.0,52.0,61.0,36.0,20.0,10.0,6.685,,,7.005,,2.0,7.003,18.4
2021-04-22,170.0,48.0,41.0,37.0,25.0,12.0,3.27,3.4,3.25,4.071,3.5,7.0,3.498,8.1
2021-04-23,182.0,46.0,57.0,40.0,20.0,14.0,6.283,,,9.875,,2.0,8.237,15.6
2021-04-24,173.0,36.0,50.0,32.0,29.0,21.0,13.574,,,14.062,,2.0,13.976,19.8
2021-04-25,205.0,51.0,57.0,45.0,32.0,12.0,9.101,8.5,8.4,9.585,,6.0,8.774,16.8
2021-04-26,216.0,61.0,70.0,40.0,22.0,15.0,4.073,,,4.618,,2.0,4.503,13.9
2021-04-27,201.0,58.0,62.0,37.0,18.0,19.0,6.48,,,6.342,,2.0,6.569,15.0
2021-04-28,197.0,56.0,50.0,35.0,33.0,18.0,12.826,13.1,12.25,12.913,12.2,7.0,12.658,26.3
2021-04-29,249.0,87.0,67.0,44.0,31.0,11.0,21.165,,,20.579,,2.0,21.03,22.7
2021-04-30,197.0,43.0,62.0,31.0,40.0,13.0,2.915,,,3.272,,2.0,3.251,20.0
2021-05-01,198.0,55.0,46.0,40.0,26.0,22.0,2.259,2.9,2.5,2.86,,6.0,2.507,17.5
2021-05-02,222.0,55.0,66.0,37.0,37.0,16.0,6.623,,,6.428,,2.0,6.683,26.5
2021-05-03,264.0,75.0,79.0,58.0,28.0,15.0,6.169,,,6.732,,2.0,6.608,16.0
2021-05-04,247.0,56.0,84.0,51.0,37.0,11.0,6.588,10.5,6.85,7.856,6.1,7.0,7.579,22.3
2021-05-05,179.0,45.0,66.0,30.0,20.0,12.0,5.272,,,5.736,,2.0,5.662,15.3
2021-05-06,186.0,50.0,60.0,42.0,21.0,9.0,2.71,,,2.872,,2.0,2.949,17.5
2021-05-07,196.0,43.0,64.0,45.0,25.0,12.0,3.36,4.8,4.1,3.709,,6.0,3.87,16.6
2021-05-08,215.0,55.0,65.0,43.0,33.0,8.0,5.026,,,4.23,,2.0,4.786,11.8
2021-05-09,159.0,37.0,44.0,36.0,29.0,8.0,5.605,,,5.634,,2.0,5.778,16.9
2021-05-10,256.0,77.0,73.0,43.0,37.0,18.0,2.97,2.8,3.1,3.528,4.0,7.0,3.28,15.0
2021-05-11,198.0,63.0,58.0,34.0,28.0,12.0,3.646,,,4.412,,2.0,4.187,16.8
2021-05-12,203.0,52.0,58.0,44.0,27.0,16.0,3.318,,,4.616,,2.0,4.125,18.0
2021-05-13,230.0,60.0,69.0,40.0,35.0,16.0,3.948,4.3,5.0,4.647,,6.0,4.351,19.3
2021-05-14,220.0,63.0,61.0,34.0,32.0,25.0,6.023,,,5.806,,2.0,6.072,21.7
2021-05-15,172.0,52.0,50.0,27.0,27.0,12.0,7.476,,,6.454,,2.0,7.123,22.5
2021-05-16,204.0,54.0,77.0,36.0,18.0,15.0,7.922,8.2,8.55,6.843,8.0,7.0,7.903,22.5
2021-05-17,237.0,67.0,66.0,44.0,33.0,19.0,9.322,,,9.275,,2.0,9.456,23.1
2021-05-18,225.0,55.0,66.0,53.0,26.0,14.0,9.161,,,9.861,,2.0,9.669,26.3
2021-05-19,209.0,55.0,69.0,31.0,24.0,22.0,9.678,11.9,9.5,10.549,,6.0,10.284,28.4
2021-05-20,177.0,45.0,66.0,27.0,26.0,9.0,6.21,,,6.08,,2.0,6.303,22.3
2021-05-21,181.0,42.0,56.0,33.0,27.0,13.0,7.297,,,7.035,,2.0,7.324,24.0
2021-05-22,198.0,52.0,66.0,32.0,33.0,8.0,12.774,13.3,13.55,13.334,12.0,7.0,12.992,30.7
2021-05-23,184.0,53.0,51.0,45.0,17.0,10.0,8.336,,,8.209,,2.0,8.431,31.6
2021-05-24,209.0,59.0,54.0,31.0,40.0,17.0,4.365,,,4.259,,2.0,4.47,19.1
2021-05-25,179.0,46.0,65.0,34.0,24.0,7.0,8.401,7.7,9.6,6.267,,6.0,7.869,22.0
2021-05-26,184.0,44.0,63.0,34.0,21.0,12.0,15.171,,,12.365,,2.0,13.926,29.7
2021-05-27,217.0,51.0,68.0,49.0,22.0,15.0,6.306,,,6.428,,2.0,6.525,27.6
2021-05-28,228.0,57.0,75.0,46.0,26.0,13.0,3.674,5.0,4.85,4.592,7.2,7.0,5.063,19.6
2021-05-29,171.0,48.0,48.0,30.0,22.0,15.0,1.871,,,2.06,,2.0,2.123,11.2
2021-05-30,174.0,50.0,53.0,31.0,20.0,12.0,2.88,,,2.829,,2.0,3.013,11.7
2021-05-31,168.0,45.0,48.0,32.0,25.0,10.0,3.333,4.2,4.2,3.217,,6.0,3.615,20.5
2021-06-01,199.0,56.0,67.0,31.0,25.0,15.0,9.821,,,8.719,,2.0,9.428,23.6
2021-06-02,183.0,42.0,54.0,43.0,25.0,14.0,9.052,,,6.926,,2.0,8.147,22.5
2021-06-03,167.0,40.0,50.0,36.0,26.0,10.0,8.065,8.0,7.5,6.023,6.0,7.0,7.118,23.2
2021-06-04,180.0,38.0,67.0,46.0,15.0,8.0,8.224,,,7.575,,2.0,8.057,25.5
2021-06-05,244.0,61.0,72.0,59.0,31.0,12.0,11.742,,,10.361,,2.0,11.209,31.4
2021-06-06,174.0,36.0,58.0,39.0,21.0,11.0,15.35,15.5,14.6,14.879,,6.0,14.96,31.1
2021-06-07,219.0,53.0,66.0,48.0,31.0,12.0,19.229,,,13.131,,2.0,16.338,31.2
2021-06-08,185.0,46.0,62.0,32.0,24.0,13.0,11.319,,,8.43,,2.0,10.032,30.3
2021-06-09,171.0,44.0,50.0,34.0,31.0,8.0,8.503,8.6,8.45,8.868,8.1,7.0,8.504,30.3
2021-06-10,198.0,51.0,68.0,34.0,25.0,13.0,7.723,,,7.288,,2.0,7.663,26.9
2021-06-11,163.0,38.0,60.0,32.0,21.0,10.0,8.182,,,8.277,,2.0,8.388,20.9
2021-06-12,164.0,46.0,44.0,33.0,22.0,12.0,7.399,,7.8,6.265,,5.0,7.042,21.3
2021-06-13,148.0,31.0,48.0,32.0,20.0,12.0,7.617,,,5.461,,2.0,6.697,24.1
2021-06-14,179.0,50.0,51.0,31.0,26.0,11.0,5.37,,,4.278,,2.0,4.982,21.6
2021-06-15,167.0,48.0,58.0,28.0,19.0,8.0,5.88,5.7,6.05,6.266,6.3,7.0,6.039,25.3
2021-06-16,191.0,50.0,55.0,32.0,29.0,16.0,4.873,,,5.226,,2.0,5.207,23.3
2021-06-17,155.0,37.0,60.0,21.0,20.0,13.0,4.018,,,4.879,,2.0,4.606,24.0
2021-06-18,183.0,32.0,66.0,38.0,23.0,18.0,8.655,9.2,9.4,8.223,,6.0,8.747,27.6
2021-06-19,130.0,28.0,38.0,24.0,22.0,13.0,11.221,,,9.62,,2.0,10.578,31.7
2021-06-20,147.0,46.0,43.0,25.0,18.0,10.0,13.006,,,10.729,,2.0,12.026,28.8
2021-06-21,181.0,44.0,50.0,45.0,19.0,12.0,13.812,12.6,12.85,11.197,15.1,7.0,13.112,28.2
2021-06-22,165.0,46.0,44.0,33.0,27.0,12.0,5.816,,,5.968,,2.0,6.049,24.3
2021-06-23,178.0,46.0,60.0,42.0,19.0,6.0,3.581,,,3.367,,2.0,3.632,23.2
2021-06-24,170.0,39.0,51.0,29.0,25.0,20.0,5.667,6.6,6.2,5.25,,6.0,5.807,23.3
2021-06-25,135.0,25.0,40.0,24.0,24.0,14.0,4.884,,,4.678,,2.0,4.939,24.8
2021-06-26,129.0,35.0,36.0,16.0,22.0,12.0,8.829,,,9.033,,2.0,9.089,26.6
2021-06-27,138.0,35.0,47.0,22.0,14.0,14.0,10.805,10.1,10.65,10.963,9.1,7.0,10.324,29.4
2021-06-28,177.0,47.0,45.0,35.0,34.0,10.0,11.127,,,10.533,,2.0,10.988,32.4
2021-06-29,170.0,40.0,48.0,31.0,32.0,14.0,10.646,,,10.73,,2.0,10.846,33.6
2021-06-30,173.0,39.0,56.0,33.0,27.0,13.0,11.09,11.6,11.4,11.888,,6.0,11.372,35.4
2021-07-01,180.0,49.0,50.0,30.0,26.0,11.0,8.542,,,8.019,,2.0,8.438,28.0
2021-07-02,180.0,53.0,54.0,30.0,26.0,10.0,6.575,,,5.624,,2.0,6.257,24.5
2021-07-03,163.0,40.0,47.0,32.0,24.0,12.0,2.203,1.6,2.2,2.02,2.7,5.0,2.145,19.4
2021-07-04,152.0,43.0,51.0,25.0,17.0,13.0,20.828,,,18.969,,2.0,20.056,24.8
2021-07-05,158.0,44.0,42.0,26.0,22.0,19.0,26.288,,,20.473,,2.0,23.538,26.6
2021-07-06,160.0,46.0,40.0,32.0,31.0,6.0,17.437,15.5,15.5,18.367,,4.0,16.578,33.7
2021-07-07,166.0,42.0,54.0,28.0,22.0,11.0,22.929,,,19.633,,2.0,21.439,31.6
2021-07-08,146.0,34.0,36.0,34.0,21.0,16.0,15.146,,,13.919,,2.0,14.69,28.5
2021-07-09,169.0,42.0,56.0,33.0,24.0,8.0,5.22,5.1,5.25,5.033,5.7,7.0,5.261,30.0
2021-07-10,149.0,28.0,53.0,25.0,23.0,12.0,9.104,,,8.0,,2.0,8.71,25.6
2021-07-11,156.0,31.0,48.0,29.0,25.0,17.0,10.119,,,8.335,,2.0,9.385,25.0
2021-07-12,179.0,44.0,56.0,30.0,27.0,12.0,8.247,10.3,8.4,9.384,,6.0,8.96,28.7
2021-07-13,162.0,46.0,57.0,23.0,25.0,5.0,8.342,,,7.22,,2.0,7.939,25.1
2021-07-14,153.0,47.0,43.0,28.0,15.0,13.0,9.646,,,9.733,,2.0,9.847,30.7
2021-07-15,174.0,52.0,42.0,34.0,24.0,11.0,10.071,10.0,11.25,9.188,10.7,7.0,10.242,29.4
2021-07-16,179.0,46.0,48.0,36.0,21.0,20.0,15.6,,,14.335,,2.0,15.126,32.5
2021-07-17,140.0,29.0,42.0,30.0,24.0,11.0,15.91,,,14.215,,2.0,15.22,30.9
2021-07-18,171.0,50.0,45.0,25.0,30.0,14.0,5.419,4.1,4.4,4.13,,6.0,4.39,28.6
2021-07-19,173.0,45.0,55.0,39.0,21.0,9.0,6.08,,,5.585,,2.0,5.991,27.6
2021-07-20,188.0,51.0,64.0,33.0,26.0,6.0,61.602,,,58.715,,2.0,60.316,31.1
2021-07-21,169.0,29.0,55.0,40.0,28.0,10.0,26.218,25.4,24.65,31.055,29.0,7.0,27.265,27.8
2021-07-22,167.0,35.0,43.0,42.0,25.0,15.0,8.375,,,9.112,,2.0,8.902,26.8
2021-07-23,147.0,32.0,54.0,20.0,21.0,11.0,9.533,,,10.638,,2.0,10.243,26.4
2021-07-24,127.0,36.0,33.0,26.0,20.0,9.0,9.657,9.2,9.4,9.81,,6.0,9.394,27.0
2021-07-25,177.0,41.0,40.0,43.0,32.0,12.0,16.035,,,13.816,,2.0,15.083,28.1
2021-07-26,199.0,52.0,65.0,36.0,27.0,14.0,32.406,,,30.94,,2.0,31.831,31.5
2021-07-27,171.0,45.0,47.0,33.0,25.0,15.0,26.872,23.0,22.95,29.87,25.5,7.0,25.638,30.5
2021-07-28,159.0,35.0,43.0,37.0,27.0,11.0,15.41,,,15.615,,2.0,15.67,26.8
2021-07-29,174.0,49.0,66.0,22.0,19.0,10.0,13.842,,,14.306,,2.0,14.232,25.4
2021-07-30,135.0,35.0,51.0,21.0,18.0,4.0,8.836,9.4,8.3,9.934,,6.0,8.995,27.8
2021-07-31,105.0,24.0,37.0,18.0,13.0,12.0,6.82,,,4.371,,2.0,5.753,25.7
2021-08-01,130.0,42.0,35.0,25.0,13.0,9.0,5.916,,,5.533,,2.0,5.882,24.5
2021-08-02,164.0,32.0,54.0,30.0,30.0,13.0,6.322,,5.7,7.312,6.2,6.0,6.422,26.5
2021-08-03,141.0,34.0,45.0,21.0,24.0,14.0,6.605,,,6.123,,2.0,6.522,24.4
2021-08-04,154.0,35.0,54.0,28.0,20.0,11.0,8.204,,,8.842,,2.0,8.681,24.5
2021-08-05,145.0,34.0,46.0,24.0,20.0,16.0,7.433,9.0,8.0,8.161,,6.0,8.026,27.3
2021-08-06,164.0,43.0,40.0,39.0,21.0,15.0,13.312,,,13.625,,2.0,13.627,29.1
2021-08-07,129.0,33.0,45.0,27.0,13.0,9.0,10.608,,,10.246,,2.0,10.585,29.8
2021-08-08,142.0,40.0,52.0,21.0,15.0,9.0,8.454,8.0,8.4,8.487,8.4,7.0,8.348,23.1
2021-08-09,175.0,45.0,50.0,28.0,30.0,13.0,6.928,,,6.903,,2.0,7.073,26.3
2021-08-10,147.0,37.0,53.0,20.0,23.0,5.0,9.006,,,8.515,,2.0,8.918,27.4
2021-08-11,155.0,41.0,52.0,33.0,11.0,9.0,11.878,12.7,12.7,11.632,,6.0,12.105,31.3
2021-08-12,144.0,33.0,51.0,22.0,23.0,10.0,8.725,,,9.733,,2.0,9.387,35.3
2021-08-13,159.0,36.0,57.0,30.0,25.0,7.0,8.408,,,10.831,,2.0,9.778,33.4
2021-08-14,143.0,33.0,47.0,31.0,16.0,11.0,7.948,9.5,8.05,8.49,8.1,7.0,8.418,31.5
2021-08-15,129.0,36.0,33.0,19.0,20.0,13.0,6.008,,,6.727,,2.0,6.526,28.0
2021-08-16,146.0,26.0,58.0,19.0,23.0,11.0,6.442,,,6.738,,2.0,6.747,26.8
2021-08-17,158.0,41.0,54.0,25.0,25.0,6.0,5.522,6.5,5.5,5.462,,6.0,5.623,26.6
2021-08-18,145.0,33.0,48.0,38.0,11.0,9.0,5.621,,,5.602,,2.0,5.769,27.2
2021-08-19,133.0,35.0,30.0,26.0,28.0,12.0,3.719,,,4.225,,2.0,4.13,30.3
2021-08-20,138.0,31.0,38.0,24.0,28.0,16.0,4.534,5.3,4.95,5.251,5.4,7.0,5.087,27.1
2021-08-21,124.0,28.0,44.0,29.0,10.0,10.0,5.98,,,5.832,,2.0,6.064,27.4
2021-08-22,122.0,30.0,32.0,24.0,17.0,10.0,6.442,,,5.367,,2.0,6.062,24.1
2021-08-23,130.0,31.0,36.0,31.0,17.0,13.0,5.384,7.0,5.5,6.468,,6.0,5.965,28.8
2021-08-24,145.0,34.0,45.0,26.0,26.0,9.0,8.61,,,9.521,,2.0,9.223,30.8
2021-08-25,123.0,27.0,41.0,32.0,13.0,7.0,12.626,,,13.646,,2.0,13.294,31.3
2021-08-26,129.0,29.0,49.0,24.0,15.0,8.0,17.964,18.2,17.9,17.542,17.2,7.0,17.761,31.9
2021-08-27,145.0,36.0,39.0,31.0,24.0,11.0,13.142,,,15.339,,2.0,14.398,32.3
2021-08-28,130.0,42.0,37.0,14.0,24.0,11.0,7.921,,,8.023,,2.0,8.13,26.3
2021-08-29,141.0,36.0,34.0,19.0,33.0,11.0,6.382,6.4,6.2,7.142,,6.0,6.408,24.7
2021-08-30,163.0,39.0,47.0,32.0,30.0,11.0,10.431,,,10.82,,2.0,10.783,28.8
2021-08-31,169.0,27.0,62.0,33.0,24.0,21.0,9.229,,,10.838,,2.0,10.191,28.7
2021-09-01,135.0,51.0,21.0,28.0,17.0,13.0,8.278,8.6,8.1,9.388,8.5,7.0,8.573,23.4
2021-09-02,128.0,28.0,38.0,26.0,23.0,6.0,3.935,,,4.281,,2.0,4.266,24.7
2021-09-03,136.0,37.0,27.0,28.0,23.0,15.0,2.912,,,3.175,,2.0,3.202,22.0
2021-09-04,139.0,29.0,52.0,20.0,16.0,15.0,4.025,4.4,4.7,4.464,,6.0,4.275,25.4
2021-09-05,151.0,43.0,51.0,26.0,14.0,12.0,6.919,,,6.539,,2.0,6.886,24.6
2021-09-06,154.0,43.0,50.0,31.0,18.0,7.0,7.846,,,8.012,,2.0,8.087,27.0
2021-09-07,140.0,34.0,47.0,18.0,23.0,15.0,5.564,6.4,7.05,6.893,7.2,7.0,6.621,26.1
2021-09-08,151.0,36.0,49.0,25.0,22.0,17.0,8.925,,,9.14,,2.0,9.19,26.6
2021-09-09,157.0,37.0,50.0,34.0,24.0,10.0,7.423,,,7.127,,2.0,7.433,22.6
2021-09-10,124.0,30.0,38.0,28.0,16.0,7.0,4.132,4.5,4.2,5.028,,6.0,4.342,23.1
2021-09-11,123.0,28.0,38.0,25.0,20.0,9.0,6.376,,,6.671,,2.0,6.681,24.8
2021-09-12,130.0,38.0,43.0,18.0,14.0,11.0,8.927,,,8.808,,2.0,9.026,29.0
2021-09-13,164.0,37.0,58.0,25.0,22.0,18.0,8.985,9.1,8.65,10.126,9.7,7.0,9.312,29.0
2021-09-14,142.0,44.0,47.0,17.0,24.0,4.0,7.915,,,7.929,,2.0,8.08,26.1
2021-09-15,142.0,32.0,41.0,33.0,20.0,12.0,14.34,,,13.04,,2.0,13.847,29.8
2021-09-16,154.0,39.0,50.0,28.0,15.0,16.0,5.204,5.2,4.9,6.035,,6.0,5.212,24.0
2021-09-17,158.0,41.0,56.0,31.0,14.0,13.0,8.238,,,9.236,,2.0,8.894,23.7
2021-09-18,135.0,39.0,31.0,29.0,14.0,18.0,8.3,,,8.2,,2.0,8.408,27.2
2021-09-19,130.0,36.0,35.0,21.0,14.0,20.0,5.496,5.1,6.1,6.042,6.0,7.0,5.748,23.7
2021-09-20,161.0,46.0,40.0,33.0,20.0,14.0,5.277,,,4.954,,2.0,5.273,23.2
2021-09-21,165.0,46.0,50.0,27.0,24.0,14.0,4.497,,,4.87,,2.0,4.841,23.2
2021-09-22,179.0,57.0,47.0,30.0,20.0,17.0,7.609,4.7,4.2,5.088,,6.0,5.277,25.4
2021-09-23,167.0,32.0,55.0,44.0,16.0,14.0,7.218,,,7.673,,2.0,7.603,26.3
2021-09-24,167.0,36.0,62.0,23.0,29.0,9.0,4.191,,,4.359,,2.0,4.433,22.5
2021-09-25,144.0,40.0,49.0,25.0,17.0,9.0,5.891,6.5,6.3,6.968,7.8,7.0,6.692,23.0
2021-09-26,162.0,31.0,56.0,20.0,30.0,17.0,5.381,,,5.455,,2.0,5.576,21.6
2021-09-27,211.0,53.0,58.0,43.0,32.0,15.0,5.425,,,7.3,,2.0,6.52,26.0
2021-09-28,178.0,44.0,57.0,28.0,25.0,16.0,7.092,8.1,6.9,8.149,,6.0,7.438,22.2
2021-09-29,176.0,49.0,60.0,29.0,21.0,14.0,3.318,,,3.509,,2.0,3.571,20.1
2021-09-30,170.0,57.0,47.0,29.0,19.0,11.0,3.321,,,3.632,,2.0,3.634,19.0
2021-10-01,151.0,37.0,43.0,22.0,26.0,21.0,3.519,3.6,3.7,4.852,5.3,7.0,4.194,19.6
2021-10-02,176.0,42.0,59.0,24.0,29.0,11.0,6.579,,,7.774,,2.0,7.334,23.8
2021-10-03,159.0,49.0,42.0,23.0,23.0,11.0,12.024,,,14.154,,2.0,13.247,26.0
2021-10-04,242.0,75.0,57.0,52.0,39.0,13.0,7.095,9.7,7.8,9.623,,6.0,8.432,20.8
2021-10-05,189.0,51.0,55.0,45.0,28.0,4.0,3.724,,,3.423,,2.0,3.731,20.0
2021-10-06,192.0,62.0,53.0,34.0,30.0,3.0,5.579,,,5.467,,2.0,5.681,20.5
2021-10-07,173.0,59.0,60.0,25.0,20.0,3.0,8.268,8.7,7.75,8.736,8.6,7.0,8.411,22.6
2021-10-08,158.0,40.0,52.0,25.0,23.0,9.0,9.518,,,11.041,,2.0,10.437,23.8
2021-10-09,146.0,46.0,50.0,19.0,22.0,3.0,9.132,,,9.577,,2.0,9.513,20.4
2021-10-10,160.0,35.0,52.0,40.0,24.0,2.0,5.619,4.7,,5.805,,5.0,5.429,18.7
2021-10-11,192.0,46.0,63.0,36.0,30.0,6.0,5.932,,,6.416,,2.0,6.332,21.8
2021-10-12,210.0,50.0,72.0,41.0,32.0,7.0,6.736,,,6.631,,2.0,6.842,21.8
2021-10-13,163.0,45.0,54.0,25.0,31.0,2.0,8.879,7.9,8.25,7.248,7.7,7.0,7.995,21.9
2021-10-14,183.0,42.0,53.0,39.0,40.0,3.0,8.385,,,10.255,,2.0,9.478,25.1
2021-10-15,172.0,45.0,49.0,28.0,33.0,7.0,9.175,,,9.272,,2.0,9.381,25.1
2021-10-16,161.0,38.0,52.0,35.0,19.0,7.0,7.16,6.8,7.0,7.345,,6.0,6.954,24.5
2021-10-17,159.0,39.0,56.0,23.0,25.0,9.0,3.889,,,3.925,,2.0,4.065,17.5
2021-10-18,208.0,58.0,61.0,34.0,34.0,12.0,2.977,,,3.274,,2.0,3.283,15.9
2021-10-19,193.0,48.0,57.0,39.0,26.0,11.0,3.422,3.7,3.45,4.073,3.8,7.0,3.689,19.2
2021-10-20,208.0,45.0,79.0,42.0,26.0,7.0,6.488,,,7.938,,2.0,7.371,24.2
2021-10-21,188.0,55.0,54.0,35.0,24.0,17.0,9.918,,,12.407,,2.0,11.32,23.1
2021-10-22,172.0,46.0,59.0,22.0,18.0,17.0,6.392,5.9,5.7,7.465,,6.0,6.242,20.5
2021-10-23,177.0,45.0,48.0,34.0,33.0,12.0,4.633,,,4.829,,2.0,4.889,16.1
2021-10-24,181.0,51.0,54.0,31.0,29.0,7.0,6.975,,,6.523,,2.0,6.907,15.7
2021-10-25,221.0,69.0,61.0,33.0,33.0,17.0,8.424,9.4,8.3,8.109,11.2,7.0,9.087,22.9
2021-10-26,179.0,55.0,44.0,36.0,25.0,12.0,2.918,,,2.417,,2.0,2.825,17.0
2021-10-27,181.0,43.0,53.0,29.0,30.0,16.0,3.88,,,3.534,,2.0,3.865,16.2
2021-10-28,197.0,51.0,58.0,36.0,31.0,16.0,4.935,5.5,4.8,5.478,,6.0,5.056,15.4
2021-10-29,167.0,42.0,60.0,21.0,28.0,7.0,6.071,,,6.071,,2.0,6.229,14.0
2021-10-30,148.0,48.0,41.0,22.0,19.0,10.0,5.644,,,6.257,,2.0,6.108,18.0
2021-10-31,166.0,47.0,46.0,24.0,31.0,10.0,5.122,4.5,4.45,5.197,4.2,7.0,4.694,18.4
2021-11-01,204.0,47.0,58.0,38.0,41.0,15.0,4.184,,,4.175,,2.0,4.338,14.5
2021-11-02,212.0,58.0,59.0,35.0,34.0,22.0,5.516,,,5.61,,2.0,5.721,11.5
2021-11-03,216.0,56.0,71.0,31.0,32.0,18.0,3.964,3.1,3.9,4.873,,6.0,3.837,10.9
2021-11-04,218.0,69.0,59.0,38.0,31.0,15.0,3.831,,,3.722,,2.0,3.934,10.1
2021-11-05,196.0,45.0,70.0,38.0,20.0,15.0,5.379,,,6.433,,2.0,6.064,10.8
2021-11-06,172.0,46.0,47.0,35.0,26.0,11.0,8.768,7.9,6.3,9.765,12.8,6.0,9.107,10.7
2021-11-07,189.0,51.0,58.0,31.0,31.0,8.0,13.875,,,16.069,,2.0,15.13,12.3
2021-11-08,210.0,52.0,65.0,35.0,30.0,19.0,12.924,,,11.727,,2.0,12.483,16.6
2021-11-09,198.0,51.0,62.0,31.0,30.0,14.0,14.747,16.7,14.1,20.681,,5.0,16.435,19.7
2021-11-10,182.0,45.0,56.0,38.0,25.0,14.0,12.859,,,13.124,,2.0,13.149,17.4
2021-11-11,162.0,51.0,51.0,20.0,21.0,14.0,6.164,,,5.88,,2.0,6.18,15.1
2021-11-12,187.0,53.0,58.0,40.0,27.0,7.0,6.088,7.1,6.95,7.346,7.3,7.0,6.957,18.6
2021-11-13,155.0,34.0,62.0,24.0,25.0,8.0,6.278,,,5.534,,2.0,6.064,16.2
2021-11-14,160.0,38.0,50.0,25.0,25.0,12.0,6.515,,,6.273,,2.0,6.552,8.5
2021-11-15,194.0,53.0,61.0,27.0,34.0,15.0,4.018,3.6,3.7,5.096,,6.0,3.981,8.7
2021-11-16,190.0,38.0,54.0,42.0,30.0,22.0,5.183,,,5.72,,2.0,5.609,9.7
2021-11-17,190.0,42.0,68.0,33.0,27.0,17.0,9.13,,,8.655,,2.0,9.051,12.2
2021-11-18,185.0,39.0,59.0,37.0,33.0,14.0,15.481,13.7,13.6,16.275,12.6,7.0,14.331,18.9
2021-11-19,166.0,44.0,45.0,30.0,26.0,14.0,3.441,,,3.332,,2.0,3.544,9.7
2021-11-20,151.0,41.0,51.0,20.0,23.0,10.0,3.523,,,3.088,,2.0,3.463,6.9
2021-11-21,177.0,44.0,56.0,34.0,16.0,21.0,5.795,5.7,5.9,5.257,,6.0,5.54,11.9
2021-11-22,208.0,58.0,69.0,27.0,24.0,18.0,7.273,,,7.009,,2.0,7.299,11.4
2021-11-23,192.0,42.0,67.0,28.0,33.0,8.0,3.178,,,3.173,,2.0,3.333,5.6
2021-11-24,181.0,40.0,58.0,31.0,29.0,14.0,3.94,3.7,3.55,4.555,3.9,7.0,3.929,7.1
2021-11-25,142.0,34.0,51.0,24.0,11.0,13.0,14.098,,,16.273,,2.0,15.343,11.8
2021-11-26,169.0,40.0,54.0,23.0,25.0,13.0,10.423,,,11.267,,2.0,11.003,7.8
2021-11-27,190.0,47.0,68.0,31.0,28.0,10.0,2.591,2.8,2.2,2.552,,6.0,2.413,4.6
2021-11-28,196.0,59.0,62.0,29.0,26.0,12.0,10.774,,,11.023,,2.0,11.056,4.5
2021-11-29,193.0,46.0,66.0,37.0,24.0,13.0,8.989,,,8.518,,2.0,8.911,5.9
2021-11-30,192.0,50.0,50.0,39.0,25.0,18.0,8.489,6.6,7.9,7.811,8.3,7.0,7.82,4.8
2021-12-01,189.0,53.0,47.0,34.0,29.0,18.0,11.228,,,11.726,,2.0,11.635,8.8
2021-12-02,189.0,50.0,58.0,32.0,23.0,18.0,14.512,,,14.128,,2.0,14.478,13.4
2021-12-03,187.0,52.0,67.0,36.0,16.0,8.0,3.117,3.5,2.7,3.403,,6.0,3.057,9.5
2021-12-04,180.0,47.0,45.0,35.0,26.0,18.0,8.64,,,8.209,,2.0,8.582,8.5
2021-12-05,152.0,33.0,38.0,36.0,20.0,18.0,6.833,,,7.02,,2.0,7.084,7.7
2021-12-06,233.0,68.0,77.0,41.0,16.0,23.0,11.72,11.1,11.35,11.396,9.3,7.0,10.973,16.4
2021-12-07,183.0,40.0,60.0,29.0,23.0,20.0,5.827,,,5.536,,2.0,5.84,8.8
2021-12-08,173.0,49.0,39.0,34.0,30.0,17.0,9.277,,,9.301,,2.0,9.447,4.9
2021-12-09,179.0,47.0,48.0,38.0,24.0,16.0,9.904,9.5,10.7,11.23,,6.0,10.211,3.8
2021-12-10,182.0,33.0,58.0,28.0,35.0,18.0,17.265,,,16.354,,2.0,16.967,8.7
2021-12-11,163.0,39.0,49.0,26.0,25.0,15.0,12.972,,,13.445,,2.0,13.366,17.5
2021-12-12,146.0,36.0,36.0,36.0,19.0,12.0,4.779,2.4,2.7,2.476,2.6,7.0,2.991,13.1
2021-12-13,184.0,43.0,71.0,34.0,18.0,15.0,5.828,,,6.061,,2.0,6.103,10.4
2021-12-14,183.0,54.0,51.0,37.0,25.0,11.0,5.621,,,5.506,,2.0,5.721,10.5
2021-12-15,216.0,58.0,59.0,43.0,30.0,18.0,5.0,6.3,6.4,5.267,,6.0,5.619,10.4
2021-12-16,167.0,46.0,52.0,31.0,19.0,12.0,9.535,,,9.241,,2.0,9.546,14.7
2021-12-17,160.0,44.0,49.0,26.0,20.0,19.0,5.53,,,5.738,,2.0,5.792,14.1
2021-12-18,161.0,39.0,45.0,37.0,20.0,14.0,6.344,7.2,6.2,7.961,8.2,7.0,7.181,6.5
2021-12-19,152.0,36.0,52.0,35.0,11.0,11.0,4.384,,,4.816,,2.0,4.758,7.2
2021-12-20,204.0,51.0,63.0,40.0,25.0,19.0,5.373,,,4.631,,2.0,5.16,1.9
2021-12-21,215.0,79.0,63.0,34.0,14.0,18.0,12.373,14.4,14.2,13.62,,6.0,13.526,5.9
2021-12-22,218.0,69.0,55.0,33.0,28.0,20.0,10.272,,,10.842,,2.0,10.715,8.2
2021-12-23,163.0,51.0,51.0,22.0,25.0,8.0,4.819,,,5.089,,2.0,5.111,2.2
2021-12-24,151.0,38.0,48.0,31.0,22.0,6.0,10.898,,,11.678,,4.0,11.446,5.9
2021-12-25,135.0,36.0,41.0,27.0,21.0,6.0,23.354,,,23.869,,2.0,23.769,8.9
2021-12-26,167.0,41.0,58.0,25.0,25.0,12.0,4.704,,,4.716,,2.0,4.868,9.0
2021-12-27,194.0,48.0,58.0,43.0,22.0,11.0,4.373,,,4.893,,4.0,4.791,2.9
2021-12-28,183.0,52.0,58.0,27.0,25.0,14.0,11.634,,,11.59,,2.0,11.77,8.6
2021-12-29,171.0,44.0,40.0,41.0,26.0,15.0,14.958,,,16.154,,2.0,15.714,7.7
2021-12-30,174.0,42.0,57.0,27.0,25.0,17.0,17.405,21.2,18.35,17.066,21.3,7.0,19.064,8.4
2021-12-31,159.0,29.0,62.0,26.0,19.0,18.0,17.25,,,17.39,,2.0,17.478,11.2
2022-01-01,175.0,39.0,57.0,29.0,24.0,19.0,9.076,,,7.435,,2.0,8.414,11.9
2022-01-02,173.0,45.0,64.0,25.0,23.0,10.0,4.629,4.1,4.0,5.001,,6.0,4.31,13.2
2022-01-03,165.0,44.0,43.0,29.0,24.0,16.0,3.427,,,3.612,,2.0,3.678,2.1
2022-01-04,169.0,52.0,54.0,35.0,14.0,9.0,5.525,,,5.879,,2.0,5.86,0.9
2022-01-05,158.0,48.0,49.0,27.0,16.0,12.0,8.344,7.9,8.0,8.085,7.9,7.0,8.046,7.1
2022-01-06,154.0,39.0,44.0,29.0,20.0,16.0,11.883,,,13.294,,2.0,12.746,4.3
2022-01-07,129.0,42.0,45.0,18.0,11.0,8.0,7.922,,,8.872,,2.0,8.555,0.1
2022-01-08,112.0,31.0,29.0,20.0,18.0,9.0,4.93,5.5,4.5,5.988,,6.0,5.107,-3.2
2022-01-09,132.0,39.0,42.0,18.0,14.0,17.0,10.257,,,10.559,,2.0,10.566,4.1
2022-01-10,143.0,31.0,42.0,25.0,21.0,18.0,5.919,,,6.572,,2.0,6.403,4.3
2022-01-11,119.0,36.0,30.0,30.0,14.0,8.0,4.957,,5.3,6.082,5.3,6.0,5.448,-4.1
2022-01-12,134.0,28.0,45.0,25.0,18.0,13.0,10.191,,,10.379,,2.0,10.443,4.8
2022-01-13,143.0,42.0,48.0,22.0,20.0,8.0,19.554,,,21.562,,2.0,20.716,7.2
2022-01-14,134.0,32.0,47.0,27.0,14.0,13.0,11.697,11.6,11.2,12.133,,6.0,11.535,5.1
2022-01-15,125.0,33.0,42.0,20.0,18.0,10.0,5.717,,,6.371,,2.0,6.202,-5.2
2022-01-16,152.0,51.0,41.0,32.0,12.0,11.0,6.991,,,8.471,,2.0,7.889,1.4
2022-01-17,143.0,31.0,48.0,32.0,15.0,10.0,5.047,4.0,4.55,4.55,3.6,7.0,4.349,9.8
2022-01-18,166.0,41.0,53.0,32.0,22.0,15.0,3.726,,,4.715,,2.0,4.378,1.9
2022-01-19,148.0,32.0,55.0,26.0,24.0,6.0,8.832,,,10.868,,2.0,10.008,7.7
2022-01-20,152.0,44.0,41.0,30.0,26.0,9.0,7.023,6.1,6.5,8.237,,6.0,6.842,5.4
2022-01-21,134.0,41.0,37.0,22.0,18.0,11.0,5.528,,,5.154,,2.0,5.499,-5.2
2022-01-22,138.0,37.0,38.0,21.0,24.0,16.0,7.282,,,7.286,,2.0,7.442,-1.2
2022-01-23,153.0,44.0,38.0,32.0,20.0,15.0,13.029,14.2,13.65,13.757,14.4,7.0,13.807,2.9
2022-01-24,188.0,67.0,43.0,35.0,27.0,14.0,16.144,,,19.758,,2.0,18.109,0.4
2022-01-25,178.0,58.0,47.0,39.0,17.0,11.0,15.821,,,20.288,,2.0,18.212,6.4
2022-01-26,125.0,35.0,34.0,22.0,21.0,12.0,4.238,3.9,4.0,4.361,,6.0,4.002,-3.0
2022-01-27,169.0,47.0,45.0,27.0,28.0,15.0,6.783,,,6.033,,2.0,6.566,-0.2
2022-01-28,124.0,33.0,39.0,15.0,17.0,14.0,24.573,,,25.489,,2.0,25.189,1.1
2022-01-29,82.0,20.0,29.0,11.0,18.0,1.0,6.921,7.2,7.15,8.022,7.1,7.0,7.279,-1.6
2022-01-30,105.0,24.0,31.0,26.0,14.0,8.0,5.876,,,6.515,,2.0,6.353,-5.3
2022-01-31,148.0,34.0,40.0,40.0,18.0,11.0,8.082,,,9.978,,2.0,9.188,-3.3
2022-02-01,116.0,26.0,38.0,26.0,17.0,8.0,9.743,12.2,,12.09,,5.0,11.399,-0.8
2022-02-02,114.0,29.0,28.0,23.0,14.0,18.0,13.957,,,14.081,,2.0,14.177,3.9
2022-02-03,142.0,27.0,42.0,28.0,25.0,16.0,11.216,,,10.335,,2.0,10.933,9.3
2022-02-04,121.0,30.0,35.0,22.0,15.0,13.0,4.546,4.7,4.25,6.187,4.2,7.0,4.777,12.7
2022-02-05,118.0,28.0,41.0,19.0,15.0,14.0,5.314,,,6.229,,2.0,5.929,-1.8
2022-02-06,143.0,34.0,46.0,26.0,22.0,9.0,5.173,,,6.827,,2.0,6.158,-1.3
2022-02-07,142.0,32.0,43.0,29.0,22.0,13.0,10.451,10.5,11.1,12.577,,6.0,11.034,3.0
2022-02-08,150.0,45.0,41.0,23.0,27.0,13.0,10.825,,,15.473,,2.0,13.307,8.1
2022-02-09,117.0,22.0,44.0,23.0,15.0,10.0,15.479,,,18.492,,2.0,17.143,5.4
2022-02-10,167.0,32.0,46.0,27.0,35.0,20.0,11.208,7.2,9.65,9.175,7.4,7.0,8.926,11.0
2022-02-11,126.0,32.0,39.0,23.0,14.0,12.0,8.309,,,8.176,,2.0,8.401,12.0
2022-02-12,134.0,33.0,49.0,14.0,18.0,13.0,6.379,,,8.515,,2.0,7.605,13.3
2022-02-13,127.0,28.0,37.0,19.0,27.0,9.0,5.778,6.0,4.8,6.34,,6.0,5.607,5.1
2022-02-14,164.0,44.0,52.0,34.0,18.0,9.0,5.092,,,5.868,,2.0,5.638,-3.3
2022-02-15,188.0,56.0,46.0,31.0,24.0,19.0,6.523,,,7.166,,2.0,7.002,-0.1
2022-02-16,163.0,32.0,54.0,30.0,31.0,9.0,9.8,9.1,9.35,9.166,8.3,7.0,9.143,6.4
2022-02-17,153.0,51.0,40.0,27.0,19.0,11.0,7.18,,,8.618,,2.0,8.057,16.8
2022-02-18,149.0,30.0,55.0,27.0,25.0,11.0,3.518,,,5.861,,2.0,4.847,15.8
2022-02-19,160.0,40.0,49.0,27.0,24.0,10.0,4.879,4.8,4.8,5.244,,6.0,4.808,3.4
2022-02-20,167.0,28.0,57.0,30.0,30.0,15.0,4.707,,,5.416,,2.0,5.219,2.6
2022-02-21,180.0,35.0,55.0,37.0,29.0,17.0,11.565,,,13.579,,2.0,12.73,10.0
2022-02-22,154.0,36.0,55.0,32.0,19.0,10.0,14.111,14.5,14.6,15.369,13.4,7.0,14.396,13.7
2022-02-23,165.0,50.0,48.0,30.0,18.0,12.0,7.555,,,11.491,,2.0,9.681,18.9
2022-02-24,174.0,46.0,43.0,32.0,31.0,13.0,5.116,,,6.374,,2.0,5.903,2.2
2022-02-25,154.0,45.0,50.0,21.0,19.0,13.0,4.937,4.7,7.5,6.799,,6.0,5.861,6.4
2022-02-26,173.0,45.0,59.0,27.0,29.0,8.0,5.373,,,7.381,,2.0,6.535,3.0
2022-02-27,148.0,30.0,50.0,29.0,24.0,10.0,9.776,,,13.858,,2.0,11.975,8.1
2022-02-28,178.0,41.0,66.0,33.0,23.0,8.0,3.864,3.4,3.85,5.09,6.9,7.0,4.621,1.6
2022-03-01,167.0,45.0,38.0,34.0,31.0,17.0,7.31,,,9.332,,2.0,8.479,6.0
2022-03-02,190.0,52.0,53.0,36.0,30.0,19.0,16.081,,,20.19,,2.0,18.293,10.5
2022-03-03,140.0,32.0,40.0,24.0,23.0,15.0,6.104,6.3,6.3,7.227,,6.0,6.36,5.4
2022-03-04,170.0,46.0,58.0,29.0,22.0,13.0,5.623,,,7.476,,2.0,6.707,3.3
2022-03-05,135.0,38.0,35.0,28.0,15.0,14.0,12.582,,,17.554,,2.0,15.226,5.9
2022-03-06,176.0,56.0,47.0,24.0,24.0,15.0,14.2,13.8,14.15,17.666,11.7,6.0,14.303,19.7
2022-03-07,210.0,54.0,73.0,30.0,32.0,14.0,8.944,,,18.639,,2.0,13.949,22.9
2022-03-08,209.0,62.0,54.0,32.0,30.0,21.0,2.358,,,3.076,,2.0,2.875,13.3
2022-03-09,184.0,46.0,57.0,41.0,25.0,8.0,4.686,5.4,5.5,6.215,,6.0,5.328,3.4
2022-03-10,186.0,44.0,59.0,34.0,31.0,13.0,14.626,,,19.888,,2.0,17.415,9.2
2022-03-11,155.0,36.0,53.0,24.0,24.0,14.0,14.38,,,17.032,,2.0,15.864,10.8
2022-03-12,137.0,37.0,34.0,22.0,23.0,16.0,5.293,4.5,4.55,5.248,4.2,7.0,4.758,6.7
2022-03-13,150.0,37.0,54.0,28.0,15.0,11.0,3.058,,,8.372,,2.0,5.873,2.9
2022-03-14,205.0,61.0,47.0,43.0,32.0,15.0,,,,11.374,,1.0,11.751,13.2
2022-03-15,190.0,41.0,66.0,33.0,29.0,13.0,8.9,9.7,9.1,11.484,,6.0,9.673,15.9
2022-03-16,197.0,49.0,50.0,39.0,38.0,15.0,,,,20.166,,1.0,20.543,16.2
2022-03-17,186.0,44.0,48.0,33.0,44.0,13.0,,,,21.254,,1.0,21.631,12.5
2022-03-18,199.0,51.0,70.0,32.0,24.0,15.0,10.25,12.2,10.9,19.083,10.3,7.0,12.547,21.0
2022-03-19,152.0,32.0,59.0,23.0,15.0,18.0,,,,15.422,,1.0,15.799,18.5
2022-03-20,184.0,46.0,40.0,36.0,33.0,21.0,,,,3.534,,1.0,3.912,14.9
2022-03-21,191.0,50.0,51.0,30.0,32.0,16.0,3.05,2.7,3.0,3.597,,6.0,2.964,15.8
2022-03-22,193.0,48.0,59.0,39.0,33.0,9.0,,,,3.889,,1.0,4.266,13.0
2022-03-23,199.0,45.0,52.0,36.0,44.0,13.0,,,,3.607,,1.0,3.985,8.5
2022-03-24,188.0,51.0,52.0,35.0,27.0,17.0,2.9,4.3,3.9,4.023,5.0,7.0,4.025,10.0
2022-03-25,187.0,46.0,51.0,31.0,45.0,11.0,,,,7.361,,1.0,7.739,15.7
2022-03-26,137.0,34.0,40.0,25.0,25.0,9.0,,,,6.534,,1.0,6.911,10.3
2022-03-27,184.0,49.0,64.0,36.0,18.0,13.0,2.1,2.3,1.7,2.1,,5.0,1.928,7.7
2022-03-28,196.0,42.0,65.0,35.0,34.0,12.0,,,,3.475,,1.0,3.852,0.2
2022-03-29,186.0,44.0,58.0,36.0,22.0,20.0,,,,4.779,,1.0,5.156,3.4
2022-03-30,188.0,47.0,66.0,32.0,28.0,12.0,5.2,5.5,5.1,7.31,5.0,7.0,5.622,6.1
2022-03-31,166.0,41.0,49.0,22.0,25.0,21.0,,,,15.363,,1.0,15.74,19.1
2022-04-01,153.0,42.0,44.0,24.0,24.0,12.0,,,,5.024,,1.0,5.401,15.4
2022-04-02,158.0,52.0,43.0,25.0,21.0,10.0,3.6,3.2,3.2,3.253,,6.0,3.191,11.3
2022-04-03,166.0,46.0,52.0,19.0,33.0,6.0,,,,8.243,,1.0,8.62,8.5
2022-04-04,200.0,55.0,53.0,42.0,30.0,14.0,,,,4.525,,1.0,4.902,12.4
2022-04-05,198.0,54.0,62.0,39.0,27.0,10.0,7.85,7.7,6.7,8.535,7.1,7.0,7.577,12.2
2022-04-06,179.0,63.0,46.0,29.0,20.0,14.0,,,,4.062,,1.0,4.44,12.7
2022-04-07,181.0,55.0,62.0,24.0,23.0,10.0,,,,7.128,,1.0,7.505,11.7
2022-04-08,167.0,37.0,56.0,31.0,24.0,14.0,4.35,4.2,3.9,4.402,,6.0,4.09,16.7
2022-04-09,153.0,39.0,29.0,34.0,30.0,12.0,,,,4.882,,1.0,5.26,13.8
2022-04-10,138.0,33.0,37.0,28.0,23.0,13.0,,,,2.821,,1.0,3.198,10.0
2022-04-11,197.0,54.0,64.0,32.0,28.0,10.0,4.1,4.7,4.0,3.749,3.0,7.0,3.91,13.3
2022-04-12,197.0,48.0,57.0,32.0,37.0,16.0,,,,6.872,,1.0,7.249,20.5
2022-04-13,172.0,41.0,49.0,29.0,31.0,14.0,,,,14.866,,1.0,15.243,19.0
2022-04-14,155.0,33.0,53.0,28.0,19.0,15.0,12.9,12.4,13.4,12.637,,6.0,12.712,28.2
2022-04-15,136.0,40.0,40.0,21.0,21.0,8.0,,,,4.318,,1.0,4.695,19.3
2022-04-16,123.0,25.0,40.0,23.0,24.0,9.0,,,,5.622,,1.0,5.999,19.5
2022-04-17,174.0,38.0,60.0,41.0,23.0,8.0,1.95,2.1,2.55,2.577,2.2,7.0,2.275,10.2
2022-04-18,168.0,32.0,65.0,22.0,34.0,8.0,,,,2.816,,1.0,3.193,10.7
2022-04-19,175.0,44.0,59.0,26.0,32.0,10.0,,,,2.536,,1.0,2.913,11.1
2022-04-20,152.0,28.0,43.0,36.0,24.0,12.0,3.55,3.6,5.0,3.761,,6.0,3.855,14.0
2022-04-21,160.0,32.0,54.0,32.0,19.0,17.0,6.295,,,7.124,,2.0,6.867,13.1
2022-04-22,140.0,44.0,44.0,19.0,20.0,11.0,5.63,,,6.271,,2.0,6.108,18.3
2022-04-23,161.0,38.0,52.0,30.0,23.0,11.0,4.256,4.2,4.35,4.357,3.9,7.0,4.213,14.8
2022-04-24,180.0,53.0,49.0,31.0,27.0,12.0,5.716,,,5.983,,2.0,6.007,16.0
2022-04-25,202.0,44.0,57.0,43.0,34.0,17.0,4.734,,,4.626,,2.0,4.838,15.3
2022-04-26,187.0,41.0,62.0,33.0,29.0,17.0,7.835,10.2,8.0,8.395,,6.0,8.485,15.8
2022-04-27,187.0,46.0,60.0,34.0,24.0,16.0,3.628,,,3.978,,2.0,3.961,13.5
2022-04-28,152.0,44.0,36.0,27.0,25.0,14.0,3.367,,,3.92,,2.0,3.801,12.4
2022-04-29,178.0,45.0,59.0,29.0,25.0,11.0,4.077,4.3,4.1,4.975,5.1,7.0,4.51,15.4
2022-04-30,160.0,44.0,53.0,25.0,26.0,8.0,4.624,,,5.321,,2.0,5.13,17.8
2022-05-01,192.0,50.0,63.0,32.0,26.0,14.0,6.67,,,7.321,,2.0,7.153,18.9
2022-05-02,231.0,45.0,91.0,44.0,34.0,11.0,6.811,8.2,7.2,6.707,,6.0,7.107,14.3
2022-05-03,216.0,58.0,70.0,31.0,35.0,13.0,4.926,,,4.867,,2.0,5.054,18.5
2022-05-04,203.0,54.0,67.0,34.0,31.0,12.0,7.523,,,9.761,,2.0,8.8,20.3
2022-05-05,217.0,44.0,68.0,43.0,34.0,17.0,5.305,5.5,5.3,4.889,5.8,7.0,5.359,21.6
2022-05-06,205.0,58.0,58.0,39.0,31.0,15.0,6.907,,,6.124,,2.0,6.673,14.1
2022-05-07,179.0,38.0,58.0,24.0,34.0,18.0,5.618,,,5.262,,2.0,5.598,10.6
2022-05-08,172.0,54.0,56.0,27.0,24.0,6.0,4.292,4.5,4.8,4.413,,6.0,4.379,13.3
2022-05-09,213.0,54.0,79.0,29.0,33.0,12.0,4.774,,,4.964,,2.0,5.027,19.0
2022-05-10,233.0,54.0,72.0,36.0,49.0,17.0,4.631,,,4.965,,2.0,4.956,20.2
2022-05-11,310.0,93.0,85.0,57.0,38.0,25.0,8.209,10.4,9.1,9.391,7.9,7.0,9.0,20.9
2022-05-12,307.0,82.0,88.0,49.0,58.0,16.0,4.823,,,5.008,,2.0,5.073,21.5
2022-05-13,209.0,54.0,59.0,30.0,37.0,18.0,4.946,,,6.702,,2.0,5.982,21.6
2022-05-14,167.0,49.0,46.0,24.0,35.0,6.0,7.007,6.9,7.3,6.554,,6.0,6.818,21.6
2022-05-15,182.0,50.0,49.0,32.0,30.0,14.0,7.811,,,8.134,,2.0,8.131,24.8
2022-05-16,243.0,68.0,67.0,41.0,35.0,22.0,8.604,,,10.42,,2.0,9.67,23.7
2022-05-17,250.0,71.0,83.0,50.0,21.0,15.0,4.604,,4.85,5.099,5.3,6.0,5.001,23.2
2022-05-18,232.0,61.0,78.0,35.0,31.0,20.0,3.933,,,4.334,,2.0,4.292,21.4
2022-05-19,211.0,53.0,70.0,35.0,35.0,12.0,8.481,,,8.583,,2.0,8.69,22.1
2022-05-20,203.0,59.0,61.0,30.0,26.0,13.0,11.967,15.2,15.2,11.043,,6.0,13.23,22.3
2022-05-21,157.0,38.0,51.0,17.0,33.0,9.0,15.716,,,18.668,,2.0,17.349,31.7
2022-05-22,188.0,51.0,57.0,26.0,31.0,20.0,13.419,,,15.912,,2.0,14.823,30.5
2022-05-23,339.0,85.0,115.0,65.0,45.0,13.0,2.925,3.5,3.25,4.143,3.7,7.0,3.504,22.5
2022-05-24,239.0,52.0,90.0,49.0,31.0,12.0,4.062,,,4.057,,2.0,4.218,19.7
2022-05-25,236.0,66.0,69.0,36.0,30.0,26.0,4.711,,,4.621,,2.0,4.824,19.8
2022-05-26,187.0,52.0,56.0,31.0,27.0,11.0,5.519,5.4,5.9,5.641,,6.0,5.492,20.0
2022-05-27,166.0,42.0,48.0,28.0,24.0,18.0,7.822,,,7.575,,2.0,7.856,23.8
2022-05-28,182.0,45.0,54.0,36.0,18.0,21.0,5.286,,,7.06,,2.0,6.331,23.3
2022-05-29,287.0,77.0,103.0,48.0,29.0,20.0,6.48,7.5,6.7,5.788,7.3,7.0,6.754,24.9
2022-05-30,224.0,57.0,75.0,40.0,28.0,15.0,10.935,,,10.602,,2.0,10.927,29.5
2022-05-31,218.0,75.0,69.0,37.0,20.0,11.0,10.326,,,10.6,,2.0,10.621,33.3
2022-06-01,192.0,55.0,52.0,42.0,22.0,15.0,6.523,,8.6,7.774,,5.0,7.52,22.7
2022-06-02,181.0,55.0,47.0,34.0,23.0,17.0,7.602,,,8.115,,2.0,8.016,26.8
2022-06-03,191.0,41.0,64.0,32.0,25.0,16.0,8.41,,,8.655,,2.0,8.691,25.4
2022-06-04,169.0,33.0,56.0,28.0,29.0,17.0,7.312,7.7,8.75,8.456,8.7,7.0,8.184,27.1
2022-06-05,183.0,48.0,64.0,26.0,28.0,12.0,3.703,,,3.48,,2.0,3.749,24.7
2022-06-06,222.0,65.0,74.0,38.0,22.0,20.0,5.34,,,5.689,,2.0,5.672,26.5
2022-06-07,173.0,48.0,50.0,31.0,21.0,15.0,5.019,,5.4,4.965,,5.0,5.015,24.6
2022-06-08,198.0,58.0,50.0,40.0,24.0,18.0,8.329,,,10.254,,2.0,9.449,28.9
2022-06-09,183.0,56.0,56.0,32.0,20.0,10.0,5.015,,,5.286,,2.0,5.308,28.1
2022-06-10,188.0,44.0,53.0,32.0,33.0,18.0,4.49,5.0,5.1,5.421,5.2,7.0,5.042,26.3
2022-06-11,151.0,46.0,44.0,25.0,22.0,9.0,7.107,,,8.224,,2.0,7.823,24.1
2022-06-12,147.0,42.0,44.0,23.0,17.0,15.0,7.021,,,7.469,,2.0,7.403,22.8
2022-06-13,202.0,56.0,62.0,31.0,29.0,17.0,9.265,9.7,10.0,11.643,,6.0,10.029,27.9
2022-06-14,179.0,46.0,63.0,31.0,21.0,10.0,5.612,,,6.523,,2.0,6.226,29.1
2022-06-15,160.0,50.0,45.0,28.0,26.0,6.0,6.425,,,6.324,,2.0,6.532,27.8
2022-06-16,155.0,45.0,51.0,25.0,19.0,10.0,4.365,5.0,4.1,3.85,4.9,7.0,4.443,23.2
2022-06-17,121.0,40.0,30.0,20.0,14.0,16.0,8.8,,,9.4,,2.0,9.258,32.0
2022-06-18,149.0,44.0,51.0,19.0,24.0,5.0,3.374,,,3.734,,2.0,3.712,21.7
2022-06-19,129.0,32.0,43.0,23.0,16.0,11.0,3.352,4.4,4.3,3.879,,6.0,3.86,22.5
2022-06-20,148.0,37.0,49.0,16.0,27.0,12.0,6.612,,,11.112,,2.0,9.02,26.6
2022-06-21,166.0,41.0,58.0,25.0,28.0,10.0,12.137,,,16.926,,2.0,14.689,26.2
2022-06-22,150.0,44.0,45.0,24.0,19.0,14.0,8.306,8.6,8.55,7.927,8.5,7.0,8.377,20.8
2022-06-23,130.0,32.0,41.0,25.0,22.0,5.0,6.331,,,6.271,,2.0,6.459,22.8
2022-06-24,126.0,26.0,40.0,19.0,27.0,10.0,8.836,,,9.338,,2.0,9.245,26.9
2022-06-25,122.0,32.0,42.0,16.0,20.0,11.0,9.974,11.1,11.0,11.672,,6.0,10.814,32.7
2022-06-26,143.0,45.0,48.0,12.0,22.0,9.0,11.146,,,11.546,,2.0,11.504,31.0
2022-06-27,152.0,36.0,47.0,25.0,22.0,17.0,7.8,,,8.425,,2.0,8.27,26.4
2022-06-28,155.0,40.0,46.0,28.0,24.0,12.0,4.227,4.9,5.35,5.235,5.3,7.0,5.002,27.6
2022-06-29,162.0,33.0,51.0,32.0,25.0,12.0,6.742,,,7.266,,2.0,7.161,29.1
2022-06-30,152.0,39.0,42.0,20.0,34.0,13.0,8.817,,,11.04,,2.0,10.086,31.4
2022-07-01,146.0,33.0,48.0,21.0,28.0,7.0,13.153,13.8,14.7,14.253,,6.0,13.854,33.9
2022-07-02,144.0,44.0,39.0,21.0,23.0,9.0,8.021,,,11.21,,2.0,9.773,31.0
2022-07-03,136.0,34.0,47.0,21.0,18.0,12.0,6.527,,,9.045,,2.0,7.944,31.4
2022-07-04,146.0,41.0,47.0,20.0,23.0,8.0,14.181,11.1,18.45,16.021,19.1,7.0,15.77,31.0
2022-07-05,175.0,46.0,68.0,23.0,25.0,10.0,10.521,,,12.148,,2.0,11.492,30.1
2022-07-06,148.0,43.0,42.0,24.0,25.0,11.0,5.677,,,6.931,,2.0,6.462,31.8
2022-07-07,117.0,30.0,40.0,21.0,13.0,9.0,4.533,5.4,4.7,4.592,,6.0,4.684,27.6
2022-07-08,126.0,35.0,38.0,25.0,17.0,6.0,7.348,,,7.615,,2.0,7.639,29.8
2022-07-09,128.0,35.0,39.0,19.0,24.0,8.0,8.623,,,9.302,,2.0,9.12,30.1
2022-07-10,100.0,27.0,37.0,9.0,20.0,7.0,5.21,,,6.521,,3.0,6.023,27.8
2022-07-11,125.0,26.0,34.0,29.0,19.0,10.0,5.916,,,5.608,,2.0,5.92,29.1
2022-07-12,150.0,47.0,40.0,23.0,24.0,13.0,8.217,,,9.735,,2.0,9.134,33.9
2022-07-13,123.0,25.0,45.0,20.0,16.0,12.0,8.709,9.7,8.9,10.122,,6.0,9.235,33.1
2022-07-14,129.0,32.0,35.0,23.0,22.0,14.0,7.408,,,9.731,,2.0,8.728,32.1
2022-07-15,141.0,32.0,51.0,16.0,25.0,9.0,6.935,,,7.933,,2.0,7.592,29.2
2022-07-16,139.0,37.0,35.0,23.0,23.0,12.0,11.377,15.8,10.8,8.522,12.6,7.0,11.82,28.3
2022-07-17,125.0,33.0,40.0,20.0,17.0,9.0,8.831,,,9.319,,2.0,9.233,28.4
2022-07-18,150.0,34.0,51.0,24.0,25.0,10.0,8.31,,,9.619,,2.0,9.122,30.0
2022-07-19,156.0,48.0,53.0,29.0,9.0,12.0,9.601,12.7,10.2,10.508,,6.0,10.63,33.1
2022-07-20,147.0,32.0,47.0,30.0,21.0,12.0,13.933,,,15.405,,2.0,14.827,34.1
2022-07-21,134.0,35.0,39.0,24.0,17.0,16.0,11.436,,,13.025,,2.0,12.389,33.3
2022-07-22,144.0,31.0,51.0,24.0,17.0,15.0,11.39,12.0,11.2,12.574,11.5,7.0,11.733,34.7
2022-07-23,133.0,37.0,43.0,20.0,18.0,9.0,12.64,,,14.725,,2.0,13.84,35.3
2022-07-24,130.0,27.0,46.0,28.0,14.0,10.0,11.225,,,14.725,,2.0,13.133,36.1
2022-07-25,154.0,32.0,53.0,21.0,27.0,11.0,12.051,12.8,13.0,11.994,,6.0,12.339,31.5
2022-07-26,155.0,43.0,50.0,18.0,22.0,18.0,5.117,,,5.846,,2.0,5.639,29.4
2022-07-27,136.0,33.0,41.0,21.0,21.0,14.0,7.526,,,7.228,,2.0,7.535,28.9
2022-07-28,136.0,33.0,42.0,28.0,19.0,11.0,10.342,11.2,11.55,9.989,9.8,7.0,10.576,31.6
2022-07-29,127.0,29.0,48.0,17.0,16.0,12.0,8.433,,,9.827,,2.0,9.288,31.1
2022-07-30,130.0,19.0,42.0,18.0,28.0,17.0,5.261,,,5.885,,2.0,5.731,32.4
2022-07-31,118.0,27.0,46.0,21.0,9.0,9.0,5.878,5.8,6.5,5.78,,6.0,5.867,29.5
2022-08-01,181.0,47.0,52.0,33.0,27.0,13.0,7.223,,,7.621,,2.0,7.58,26.9
2022-08-02,149.0,39.0,46.0,24.0,23.0,11.0,9.24,,,9.935,,2.0,9.745,33.2
2022-08-03,145.0,45.0,42.0,23.0,22.0,6.0,7.272,6.7,6.7,7.019,6.1,7.0,6.758,32.4
2022-08-04,152.0,30.0,46.0,28.0,24.0,18.0,10.708,,,11.517,,2.0,11.27,33.8
2022-08-05,129.0,34.0,38.0,23.0,14.0,9.0,9.135,,,9.326,,2.0,9.389,32.7
2022-08-06,121.0,37.0,37.0,17.0,19.0,6.0,7.149,7.0,6.7,6.722,,6.0,6.77,32.6
2022-08-07,135.0,31.0,40.0,21.0,16.0,15.0,5.418,,,6.525,,2.0,6.129,34.4
2022-08-08,161.0,34.0,50.0,25.0,32.0,14.0,6.328,,,6.838,,2.0,6.741,34.5
2022-08-09,167.0,42.0,57.0,29.0,20.0,9.0,8.549,9.0,10.45,9.118,8.3,7.0,9.083,36.9
2022-08-10,119.0,33.0,31.0,19.0,17.0,11.0,5.095,,,5.432,,2.0,5.421,32.0
2022-08-11,143.0,29.0,42.0,26.0,24.0,14.0,7.122,,,8.748,,2.0,8.093,32.2
2022-08-12,118.0,29.0,43.0,10.0,20.0,11.0,3.73,5.0,4.2,4.605,,6.0,4.261,29.1
2022-08-13,120.0,30.0,34.0,19.0,14.0,16.0,3.626,,,3.515,,2.0,3.728,27.2
2022-08-14,144.0,33.0,47.0,17.0,27.0,15.0,4.383,,,4.566,,2.0,4.632,27.9
2022-08-15,155.0,45.0,43.0,24.0,21.0,12.0,4.929,5.8,5.4,4.968,,6.0,5.152,28.3
2022-08-16,139.0,38.0,45.0,19.0,19.0,13.0,5.133,,,5.375,,2.0,5.412,28.1
2022-08-17,150.0,28.0,41.0,17.0,30.0,24.0,6.738,,,7.36,,2.0,7.207,27.0
2022-08-18,125.0,31.0,38.0,20.0,18.0,14.0,7.526,14.7,7.0,9.552,,6.0,9.572,30.8
2022-08-19,119.0,34.0,31.0,17.0,21.0,6.0,8.733,,,9.631,,2.0,9.34,31.9
2022-08-20,126.0,33.0,40.0,20.0,20.0,10.0,9.944,,,10.625,,2.0,10.442,31.8
2022-08-21,140.0,37.0,44.0,23.0,15.0,17.0,6.188,14.5,6.45,6.218,7.3,7.0,8.131,28.2
2022-08-22,155.0,42.0,47.0,27.0,20.0,15.0,5.441,,,5.182,,2.0,5.469,24.8
2022-08-23,151.0,43.0,39.0,31.0,17.0,10.0,6.075,,,6.618,,2.0,6.504,29.4
2022-08-24,135.0,45.0,38.0,17.0,20.0,11.0,6.545,7.4,6.6,7.395,,6.0,6.862,31.2
2022-08-25,145.0,40.0,39.0,29.0,18.0,11.0,8.521,,,9.812,,2.0,9.324,32.3
2022-08-26,142.0,37.0,39.0,30.0,19.0,13.0,14.042,,,13.838,,2.0,14.097,29.9
2022-08-27,120.0,27.0,43.0,25.0,13.0,10.0,10.876,12.0,11.2,11.892,0.0,7.0,9.194,29.5
2022-08-28,144.0,34.0,50.0,19.0,22.0,12.0,8.748,,,9.702,,2.0,9.383,27.7
2022-08-29,157.0,58.0,43.0,18.0,17.0,14.0,8.348,,,8.6,,2.0,8.632,28.8
2022-08-30,142.0,48.0,43.0,17.0,15.0,16.0,5.989,5.7,8.2,4.825,,6.0,6.056,30.2
2022-08-31,137.0,40.0,40.0,23.0,18.0,11.0,5.521,,,6.245,,2.0,6.041,28.8
2022-09-01,139.0,31.0,44.0,26.0,24.0,10.0,5.566,,,6.334,,2.0,6.108,29.5
2022-09-02,154.0,28.0,47.0,26.0,31.0,17.0,3.244,4.4,3.95,3.4,4.2,7.0,3.839,25.4
2022-09-03,148.0,38.0,46.0,22.0,24.0,10.0,4.059,,,3.966,,2.0,4.17,26.9
2022-09-04,145.0,36.0,40.0,30.0,28.0,7.0,6.868,,,6.933,,2.0,7.058,30.0
2022-09-05,140.0,48.0,31.0,23.0,17.0,12.0,9.391,9.7,10.1,8.483,,6.0,9.296,28.4
2022-09-06,148.0,32.0,52.0,18.0,24.0,14.0,5.261,,,5.875,,2.0,5.726,22.5
2022-09-07,154.0,40.0,47.0,31.0,17.0,9.0,4.271,,,4.329,,2.0,4.458,22.8
2022-09-08,152.0,39.0,48.0,25.0,25.0,12.0,5.733,5.8,5.7,5.354,,6.0,5.524,24.1
2022-09-09,165.0,41.0,46.0,35.0,21.0,16.0,5.674,,,6.255,,2.0,6.122,26.4
2022-09-10,140.0,44.0,41.0,27.0,17.0,7.0,8.166,,,8.376,,2.0,8.429,27.5
2022-09-11,174.0,40.0,43.0,32.0,33.0,14.0,7.087,7.5,7.0,6.859,,6.0,6.989,24.6
2022-09-12,211.0,62.0,65.0,36.0,26.0,17.0,5.317,,,5.375,,2.0,5.504,28.1
2022-09-13,194.0,45.0,54.0,40.0,32.0,14.0,5.926,,,6.28,,2.0,6.261,26.2
2022-09-14,198.0,55.0,58.0,25.0,31.0,25.0,5.785,6.2,6.45,6.524,6.2,7.0,6.232,26.5
2022-09-15,244.0,80.0,71.0,36.0,30.0,13.0,5.23,,,6.493,,2.0,6.019,22.1
2022-09-16,241.0,81.0,62.0,38.0,33.0,21.0,3.681,,,5.821,,2.0,4.909,23.8
2022-09-17,214.0,52.0,65.0,34.0,40.0,12.0,4.44,5.2,4.4,4.124,,6.0,4.418,23.1
2022-09-18,256.0,76.0,78.0,33.0,40.0,15.0,8.831,,,8.874,,2.0,9.01,28.9
2022-09-19,299.0,90.0,86.0,47.0,48.0,19.0,10.84,,,12.333,,2.0,11.744,30.3
2022-09-20,266.0,90.0,71.0,42.0,40.0,8.0,6.037,5.8,6.0,7.317,6.6,7.0,6.351,25.8
2022-09-21,259.0,70.0,86.0,44.0,37.0,9.0,5.76,,,6.208,,2.0,6.142,26.7
2022-09-22,218.0,58.0,64.0,39.0,40.0,2.0,6.625,,,7.179,,2.0,7.06,25.0
2022-09-23,229.0,68.0,84.0,35.0,28.0,4.0,1.772,2.0,2.0,2.58,,6.0,1.965,16.6
2022-09-24,224.0,61.0,84.0,25.0,30.0,12.0,3.432,,,3.729,,2.0,3.739,20.8
2022-09-25,216.0,61.0,60.0,31.0,45.0,7.0,6.118,,,6.479,,2.0,6.456,23.9
2022-09-26,232.0,73.0,72.0,33.0,38.0,10.0,5.318,5.1,5.4,5.008,4.9,7.0,5.145,23.8
2022-09-27,236.0,59.0,77.0,34.0,40.0,17.0,4.716,,,4.864,,2.0,4.947,21.5
2022-09-28,228.0,61.0,83.0,29.0,30.0,16.0,3.283,,,3.744,,2.0,3.671,21.0
2022-09-29,223.0,61.0,70.0,32.0,36.0,15.0,3.121,3.3,3.3,3.445,,6.0,3.169,19.3
2022-09-30,205.0,52.0,52.0,41.0,35.0,13.0,4.282,,,4.286,,2.0,4.442,16.9
2022-10-01,190.0,46.0,58.0,31.0,37.0,11.0,4.085,,,4.321,,2.0,4.361,17.6
2022-10-02,213.0,52.0,77.0,31.0,40.0,9.0,3.231,3.5,3.25,3.678,6.0,7.0,3.932,15.0
2022-10-03,228.0,70.0,55.0,36.0,47.0,15.0,3.519,,,3.865,,2.0,3.849,12.0
2022-10-04,254.0,71.0,64.0,49.0,50.0,12.0,3.322,,,3.709,,2.0,3.673,12.9
2022-10-05,194.0,55.0,58.0,24.0,29.0,18.0,3.295,3.7,3.7,4.148,,6.0,3.588,16.0
2022-10-06,219.0,70.0,59.0,30.0,32.0,16.0,7.068,,,6.882,,2.0,7.133,22.6
2022-10-07,255.0,64.0,64.0,47.0,48.0,17.0,8.422,,,10.476,,2.0,9.607,23.9
2022-10-08,208.0,56.0,71.0,22.0,31.0,18.0,2.769,2.8,2.45,3.357,,6.0,2.721,14.8
2022-10-09,200.0,61.0,56.0,31.0,33.0,13.0,6.055,,,6.918,,2.0,6.644,16.6
2022-10-10,248.0,67.0,79.0,41.0,43.0,12.0,6.818,,,8.103,,2.0,7.618,19.9
2022-10-11,248.0,67.0,72.0,43.0,47.0,11.0,9.574,10.5,10.0,10.451,,6.0,10.009,20.0
2022-10-12,236.0,68.0,67.0,38.0,39.0,18.0,8.376,,,10.075,,2.0,9.383,19.5
2022-10-13,214.0,55.0,64.0,40.0,37.0,13.0,6.076,,,6.783,,2.0,6.588,21.1
2022-10-14,211.0,56.0,62.0,38.0,35.0,14.0,6.253,6.8,6.1,7.118,6.7,7.0,6.594,19.1
2022-10-15,172.0,46.0,62.0,26.0,22.0,13.0,8.98,,,10.83,,2.0,10.063,19.2
2022-10-16,213.0,62.0,71.0,30.0,27.0,11.0,8.759,,,10.716,,2.0,9.895,17.8
2022-10-17,257.0,80.0,84.0,38.0,31.0,13.0,8.331,7.7,7.4,7.993,,6.0,7.733,18.8
2022-10-18,236.0,67.0,70.0,40.0,33.0,18.0,4.526,,,4.818,,2.0,4.83,13.7
2022-10-19,215.0,58.0,71.0,37.0,30.0,9.0,4.775,,,4.773,,2.0,4.932,12.2
2022-10-20,216.0,58.0,76.0,30.0,26.0,17.0,4.989,5.2,5.0,4.28,4.2,7.0,4.734,14.3
2022-10-21,236.0,74.0,71.0,36.0,36.0,11.0,9.874,,,9.333,,2.0,9.761,16.1
2022-10-22,196.0,46.0,60.0,33.0,29.0,15.0,13.768,,,14.367,,2.0,14.225,17.8
2022-10-23,207.0,61.0,59.0,35.0,28.0,16.0,7.737,8.3,7.5,9.36,,6.0,8.102,15.8
2022-10-24,242.0,72.0,63.0,47.0,38.0,14.0,4.958,,,5.969,,2.0,5.621,16.4
2022-10-25,238.0,68.0,76.0,36.0,35.0,12.0,6.669,,,5.682,,2.0,6.333,21.2
2022-10-26,207.0,62.0,66.0,26.0,33.0,12.0,5.035,6.5,5.4,5.771,5.3,7.0,5.601,21.2
2022-10-27,206.0,63.0,55.0,34.0,29.0,17.0,3.738,,,4.023,10.6,3.0,6.389,17.5
2022-10-28,205.0,60.0,62.0,34.0,24.0,19.0,3.981,,,4.319,,2.0,4.308,13.3
2022-10-29,199.0,57.0,50.0,28.0,37.0,20.0,6.681,8.4,5.4,7.918,,6.0,6.977,14.7
2022-10-30,216.0,57.0,79.0,33.0,23.0,15.0,10.189,,,13.573,,2.0,12.039,16.3
2022-10-31,252.0,61.0,85.0,36.0,42.0,18.0,11.211,,,10.879,,2.0,11.203,17.4
2022-11-01,258.0,79.0,73.0,36.0,35.0,22.0,7.948,7.5,7.5,8.121,,6.0,7.645,19.5
2022-11-02,268.0,66.0,73.0,42.0,56.0,20.0,10.716,,,10.87,,2.0,10.951,20.2
2022-11-03,222.0,52.0,62.0,32.0,43.0,24.0,10.586,,,12.459,,2.0,11.681,18.0
2022-11-04,208.0,56.0,61.0,36.0,38.0,12.0,13.514,11.1,12.5,8.49,,6.0,11.278,20.1
2022-11-05,207.0,51.0,68.0,26.0,37.0,14.0,7.153,,,7.672,,2.0,7.57,22.8
2022-11-06,207.0,63.0,57.0,28.0,29.0,14.0,8.167,,,9.411,,2.0,8.947,23.4
2022-11-07,251.0,78.0,67.0,32.0,41.0,21.0,6.068,7.1,5.1,5.721,4.7,7.0,5.738,23.8
2022-11-08,227.0,64.0,64.0,49.0,21.0,24.0,3.777,,,3.967,,2.0,4.03,13.5
2022-11-09,219.0,66.0,66.0,36.0,33.0,12.0,5.023,,,5.274,,2.0,5.306,10.6
2022-11-10,199.0,59.0,51.0,28.0,40.0,16.0,8.788,7.5,7.1,8.011,,6.0,7.727,17.5
2022-11-11,186.0,61.0,34.0,35.0,35.0,13.0,8.617,,,8.428,,2.0,8.68,18.9
2022-11-12,196.0,45.0,60.0,26.0,45.0,13.0,7.273,,,8.432,,2.0,8.01,20.3
2022-11-13,179.0,56.0,53.0,25.0,24.0,14.0,3.578,3.2,3.15,4.019,3.8,7.0,3.549,13.7
2022-11-14,218.0,66.0,71.0,31.0,26.0,17.0,3.178,,,3.326,,2.0,3.41,7.6
2022-11-15,214.0,75.0,54.0,29.0,34.0,15.0,4.617,,,4.315,,2.0,4.623,7.5
2022-11-16,195.0,50.0,75.0,24.0,31.0,9.0,3.752,3.1,3.3,3.829,,6.0,3.373,11.3
2022-11-17,211.0,51.0,67.0,45.0,25.0,18.0,7.64,,,8.422,,2.0,8.189,8.2
2022-11-18,185.0,46.0,67.0,28.0,21.0,14.0,9.826,,,10.44,,2.0,10.291,6.2
2022-11-19,168.0,44.0,54.0,26.0,26.0,11.0,8.072,7.0,7.2,7.613,7.6,7.0,7.497,4.2
2022-11-20,159.0,44.0,46.0,23.0,29.0,13.0,5.465,,,5.668,,2.0,5.724,2.2
2022-11-21,206.0,56.0,58.0,26.0,38.0,17.0,6.412,,,6.316,,2.0,6.522,4.0
2022-11-22,188.0,39.0,54.0,37.0,33.0,18.0,10.98,10.5,10.7,12.625,,6.0,11.079,9.5
2022-11-23,185.0,60.0,35.0,40.0,31.0,15.0,12.667,,,15.583,,2.0,14.283,11.7
2022-11-24,152.0,43.0,45.0,25.0,25.0,11.0,10.319,,,11.967,,2.0,11.301,10.6
2022-11-25,204.0,52.0,52.0,37.0,31.0,20.0,8.239,6.9,7.85,7.658,7.2,7.0,7.569,11.9
2022-11-26,185.0,61.0,39.0,32.0,40.0,8.0,3.646,,,3.968,,2.0,3.965,12.3
2022-11-27,220.0,69.0,52.0,43.0,33.0,13.0,8.754,,,9.881,,2.0,9.476,14.1
2022-11-28,245.0,73.0,44.0,38.0,51.0,27.0,2.888,2.7,2.7,2.966,,6.0,2.691,12.0
2022-11-29,222.0,62.0,63.0,36.0,31.0,20.0,6.364,,,6.169,,2.0,6.424,6.3
2022-11-30,161.0,42.0,41.0,27.0,28.0,12.0,5.469,,,5.732,,2.0,5.758,13.0
2022-12-01,192.0,64.0,62.0,24.0,23.0,10.0,4.162,3.7,3.4,4.317,4.1,7.0,3.936,6.1
2022-12-02,175.0,55.0,53.0,28.0,25.0,7.0,7.628,,,7.879,,2.0,7.911,5.0
2022-12-03,177.0,55.0,41.0,28.0,30.0,18.0,5.884,,,7.034,,2.0,6.617,13.5
2022-12-04,164.0,42.0,40.0,34.0,31.0,9.0,6.035,4.1,3.9,5.335,,6.0,4.72,6.8
2022-12-05,193.0,69.0,53.0,26.0,27.0,14.0,12.983,,,13.568,,2.0,13.433,6.4
2022-12-06,197.0,60.0,48.0,40.0,30.0,13.0,11.057,,,11.825,,2.0,11.599,12.3
2022-12-07,174.0,51.0,49.0,28.0,27.0,17.0,7.539,9.6,8.05,8.442,6.8,7.0,8.086,14.5
2022-12-08,163.0,46.0,47.0,25.0,26.0,13.0,3.592,,,3.626,,2.0,3.767,11.5
2022-12-09,146.0,51.0,36.0,19.0,23.0,13.0,4.438,,,4.547,,2.0,4.65,6.9
2022-12-10,166.0,48.0,47.0,29.0,25.0,6.0,4.272,5.3,3.8,4.602,,6.0,4.371,4.9
2022-12-11,180.0,42.0,61.0,23.0,32.0,15.0,6.681,,,6.469,,2.0,6.733,4.2
2022-12-12,191.0,59.0,55.0,27.0,31.0,10.0,5.878,,,5.673,,2.0,5.933,4.1
2022-12-13,150.0,47.0,35.0,26.0,22.0,11.0,5.875,4.7,5.3,5.17,4.8,7.0,5.169,4.8
2022-12-14,168.0,48.0,40.0,25.0,32.0,16.0,3.438,,,3.773,,2.0,3.763,4.4
2022-12-15,157.0,49.0,42.0,25.0,21.0,18.0,4.155,,,3.983,,2.0,4.227,4.8
2022-12-16,148.0,39.0,42.0,27.0,29.0,6.0,2.799,3.2,1.9,2.255,,6.0,2.416,6.5
2022-12-17,155.0,47.0,38.0,30.0,25.0,9.0,6.067,,,6.517,,2.0,6.449,6.8
2022-12-18,145.0,43.0,37.0,30.0,20.0,11.0,6.633,,,6.875,,2.0,6.912,4.0
2022-12-19,186.0,61.0,47.0,34.0,24.0,14.0,5.343,4.8,4.95,5.544,5.1,7.0,5.147,3.5
2022-12-20,133.0,30.0,45.0,19.0,25.0,8.0,4.057,,,4.514,,2.0,4.443,3.8
2022-12-21,124.0,37.0,31.0,26.0,21.0,4.0,8.612,,,10.37,,2.0,9.649,3.3
2022-12-22,131.0,41.0,39.0,17.0,22.0,7.0,9.97,9.5,9.1,7.688,,6.0,8.942,6.9
2022-12-23,119.0,36.0,31.0,23.0,14.0,4.0,6.432,,,7.939,,2.0,7.343,13.0
2022-12-24,124.0,34.0,30.0,18.0,30.0,9.0,6.958,,,7.862,,2.0,7.568,-6.8
2022-12-25,120.0,34.0,28.0,20.0,23.0,10.0,7.314,7.6,7.9,7.441,6.7,7.0,7.391,-1.6
2022-12-26,145.0,50.0,40.0,34.0,15.0,4.0,7.153,,,8.562,,2.0,8.016,-0.8
2022-12-27,162.0,47.0,49.0,28.0,28.0,7.0,9.836,,,11.175,,2.0,10.664,4.0
2022-12-28,171.0,48.0,53.0,27.0,25.0,15.0,14.619,14.5,13.8,14.217,,6.0,14.161,6.6
2022-12-29,165.0,48.0,48.0,25.0,24.0,15.0,20.26,,,20.681,,2.0,20.629,8.4
2022-12-30,163.0,50.0,38.0,26.0,27.0,17.0,28.979,,,29.652,,2.0,29.473,13.2
2022-12-31,145.0,45.0,24.0,25.0,30.0,8.0,23.163,16.5,18.55,18.753,11.2,7.0,17.633,11.2
2023-01-01,163.0,64.0,38.0,26.0,17.0,11.0,5.966,,,7.842,,2.0,7.061,11.5
2023-01-02,153.0,50.0,38.0,25.0,20.0,15.0,9.334,,,11.33,,2.0,10.49,12.6
2023-01-03,179.0,54.0,46.0,32.0,34.0,7.0,20.255,19.8,20.2,20.421,,7.0,20.046,13.1
2023-01-04,180.0,39.0,39.0,51.0,33.0,13.0,16.289,,,18.273,,2.0,17.439,17.8
2023-01-05,172.0,55.0,55.0,23.0,17.0,16.0,6.632,,,8.12,,2.0,7.534,13.1
2023-01-06,139.0,35.0,37.0,26.0,21.0,17.0,7.001,6.1,7.05,7.058,5.5,8.0,6.542,8.3
2023-01-07,151.0,45.0,36.0,24.0,27.0,15.0,4.97,,,5.742,,2.0,5.514,8.1
2023-01-08,150.0,36.0,33.0,30.0,37.0,10.0,5.366,,,5.623,,2.0,5.652,4.3
2023-01-09,197.0,64.0,48.0,21.0,44.0,14.0,9.195,8.1,9.35,9.66,,7.0,8.953,7.1
2023-01-10,182.0,49.0,52.0,31.0,32.0,10.0,10.194,,,10.816,,2.0,10.663,6.3
2023-01-11,154.0,46.0,38.0,24.0,26.0,17.0,6.381,,,6.615,,2.0,6.656,3.4
2023-01-12,141.0,47.0,36.0,15.0,26.0,13.0,6.976,8.6,9.375,8.584,7.2,7.0,8.147,10.2
2023-01-13,153.0,44.0,35.0,29.0,23.0,20.0,9.191,,,10.307,,2.0,9.907,12.8
2023-01-14,162.0,36.0,44.0,32.0,35.0,8.0,4.09,,,3.991,,2.0,4.198,3.0
2023-01-15,170.0,45.0,48.0,32.0,30.0,9.0,4.058,3.0,4.4,3.571,,7.0,3.635,4.8
2023-01-16,170.0,53.0,42.0,35.0,23.0,13.0,4.277,,,4.817,,2.0,4.705,8.2
2023-01-17,189.0,63.0,43.0,32.0,31.0,13.0,7.915,,,8.678,,2.0,8.454,7.2
2023-01-18,170.0,41.0,45.0,23.0,43.0,10.0,7.43,6.0,7.65,7.985,,7.0,7.144,10.6
2023-01-19,172.0,47.0,48.0,36.0,27.0,12.0,4.983,,,5.061,,2.0,5.18,5.4
2023-01-20,180.0,44.0,50.0,38.0,28.0,13.0,4.733,,,4.901,,2.0,4.975,8.6
2023-01-21,144.0,32.0,40.0,19.0,40.0,6.0,2.463,2.5,2.55,3.849,,7.0,2.718,6.1
2023-01-22,171.0,56.0,42.0,28.0,29.0,5.0,9.32,,,9.674,,2.0,9.655,5.4
2023-01-23,199.0,48.0,53.0,36.0,34.0,19.0,3.619,,,4.073,,2.0,4.004,3.0
2023-01-24,182.0,49.0,46.0,37.0,24.0,14.0,5.118,4.8,5.5,5.674,9.8,8.0,6.178,7.6
2023-01-25,171.0,49.0,33.0,35.0,32.0,16.0,7.802,,,8.485,,2.0,8.302,10.9
2023-01-26,170.0,38.0,50.0,29.0,29.0,15.0,3.877,,,4.677,,2.0,4.435,11.9
2023-01-27,181.0,47.0,60.0,32.0,26.0,13.0,6.965,6.0,6.9,6.694,,7.0,6.517,6.1
2023-01-28,154.0,43.0,47.0,29.0,21.0,9.0,6.83,,,7.356,,2.0,7.251,10.6
2023-01-29,187.0,59.0,47.0,27.0,29.0,13.0,9.021,,,9.757,,2.0,9.547,10.3
2023-01-30,220.0,61.0,54.0,39.0,45.0,11.0,12.85,12.7,13.5,13.465,12.9,8.0,13.083,11.5
2023-01-31,183.0,52.0,55.0,28.0,38.0,7.0,6.584,,,7.325,,2.0,7.113,6.5
2023-02-01,175.0,52.0,41.0,23.0,39.0,8.0,5.71,,,6.408,,2.0,6.217,2.9
2023-02-02,189.0,47.0,64.0,26.0,32.0,11.0,11.061,11.5,11.6,11.513,,7.0,11.296,3.9
2023-02-03,187.0,50.0,57.0,22.0,38.0,13.0,5.719,,,6.501,,2.0,6.268,0.4
2023-02-04,157.0,37.0,50.0,32.0,19.0,15.0,3.642,,,3.834,,2.0,3.896,-4.1
2023-02-05,176.0,48.0,56.0,24.0,34.0,9.0,9.682,9.7,9.725,8.565,8.7,8.0,9.274,8.9
2023-02-06,235.0,62.0,80.0,39.0,37.0,6.0,11.875,,,11.989,,2.0,12.09,9.9
2023-02-07,204.0,48.0,67.0,31.0,28.0,13.0,10.423,,,10.826,,2.0,10.782,3.6
2023-02-08,202.0,56.0,56.0,37.0,30.0,17.0,12.38,11.9,12.85,14.267,,7.0,12.727,10.2
2023-02-09,200.0,72.0,42.0,39.0,26.0,12.0,16.761,,,18.567,,2.0,17.822,10.8
2023-02-10,179.0,45.0,59.0,29.0,32.0,9.0,6.82,,,7.267,,2.0,7.201,13.6
2023-02-11,178.0,54.0,53.0,28.0,26.0,14.0,3.314,3.2,3.7,3.868,4.4,8.0,3.696,6.7
2023-02-12,178.0,59.0,50.0,26.0,31.0,7.0,9.944,,,11.57,,2.0,10.915,6.9
2023-02-13,220.0,75.0,60.0,26.0,44.0,9.0,6.418,,,7.45,,2.0,7.092,12.9
2023-02-14,191.0,43.0,65.0,32.0,28.0,14.0,5.488,5.7,5.8,5.608,,7.0,5.526,11.1
2023-02-15,195.0,66.0,63.0,24.0,19.0,19.0,7.415,,,9.231,,2.0,8.481,16.7
2023-02-16,207.0,48.0,64.0,41.0,36.0,13.0,12.375,,,15.284,,2.0,13.988,19.3
2023-02-17,211.0,67.0,67.0,22.0,32.0,16.0,9.5,7.9,8.15,8.737,7.7,8.0,8.398,15.4
2023-02-18,164.0,43.0,51.0,27.0,25.0,10.0,4.976,,,5.466,,2.0,5.379,5.8
2023-02-19,190.0,49.0,52.0,39.0,30.0,12.0,10.733,,,10.808,,2.0,10.929,8.1
2023-02-20,196.0,57.0,57.0,32.0,24.0,17.0,8.715,8.5,8.55,9.469,,7.0,8.686,15.1
2023-02-21,205.0,58.0,52.0,45.0,33.0,8.0,10.871,,,11.364,,2.0,11.275,7.9
2023-02-22,172.0,40.0,48.0,25.0,32.0,16.0,9.029,,,10.514,,2.0,9.929,5.5
2023-02-23,196.0,56.0,59.0,25.0,30.0,16.0,5.445,6.4,8.65,6.382,8.9,8.0,7.155,7.3
2023-02-24,162.0,48.0,47.0,31.0,19.0,11.0,5.669,,,6.581,,2.0,6.283,7.0
2023-02-25,158.0,33.0,67.0,23.0,21.0,10.0,4.727,,,4.923,,2.0,4.983,-0.1
2023-02-26,169.0,48.0,47.0,28.0,27.0,13.0,17.961,15.0,15.75,18.582,,7.0,16.701,10.0
2023-02-27,239.0,61.0,74.0,41.0,34.0,19.0,6.718,,,6.819,,2.0,6.926,5.1
2023-02-28,159.0,42.0,46.0,36.0,15.0,14.0,6.561,,,6.234,,2.0,6.556,2.2
2023-03-01,176.0,48.0,47.0,37.0,28.0,13.0,7.52,7.4,9.425,7.298,6.7,8.0,7.669,5.9
2023-03-02,177.0,48.0,59.0,18.0,29.0,15.0,10.101,,,11.665,,2.0,11.041,13.6
2023-03-03,184.0,53.0,57.0,35.0,23.0,13.0,4.526,,,4.533,,2.0,4.688,7.5
2023-03-04,161.0,42.0,47.0,26.0,29.0,11.0,3.21,2.7,3.3,3.248,,7.0,2.992,6.2
2023-03-05,187.0,58.0,66.0,24.0,26.0,9.0,5.024,,,5.177,,2.0,5.258,12.0
2023-03-06,224.0,60.0,65.0,35.0,40.0,16.0,4.641,,,4.976,,2.0,4.966,10.1
2023-03-07,161.0,39.0,37.0,32.0,27.0,14.0,2.718,2.7,5.75,3.063,3.2,8.0,3.486,7.3
2023-03-08,181.0,58.0,58.0,28.0,26.0,8.0,2.717,,,3.018,,2.0,3.025,8.7
2023-03-09,176.0,45.0,50.0,29.0,25.0,17.0,3.672,,,3.924,,2.0,3.956,10.4
2023-03-10,192.0,64.0,45.0,34.0,26.0,18.0,5.996,7.2,9.4,5.835,,7.0,6.985,7.4
2023-03-11,150.0,39.0,43.0,19.0,28.0,13.0,4.915,,,4.972,,2.0,5.101,7.0
2023-03-12,177.0,60.0,48.0,28.0,29.0,5.0,4.818,,,5.322,,2.0,5.228,8.1
2023-03-13,217.0,58.0,63.0,34.0,43.0,12.0,5.68,5.7,8.425,5.964,5.2,8.0,6.194,5.9
2023-03-14,187.0,50.0,46.0,32.0,33.0,20.0,2.37,,,2.508,,2.0,2.597,3.2
2023-03-15,185.0,51.0,53.0,32.0,30.0,17.0,2.168,,,2.177,,2.0,2.33,6.9
2023-03-16,196.0,60.0,65.0,21.0,33.0,13.0,6.013,5.5,6.7,6.683,,7.0,6.101,13.1
2023-03-17,187.0,54.0,41.0,35.0,35.0,15.0,17.483,,,18.477,,2.0,18.138,13.7
2023-03-18,175.0,52.0,40.0,36.0,28.0,10.0,6.696,,,7.635,,2.0,7.323,10.8
2023-03-19,205.0,50.0,61.0,33.0,34.0,20.0,3.49,2.7,3.575,3.525,3.5,8.0,3.358,3.6
2023-03-20,212.0,63.0,59.0,34.0,33.0,15.0,9.173,,,10.216,,2.0,9.852,10.6
2023-03-21,208.0,69.0,58.0,28.0,34.0,15.0,10.006,,,10.805,,2.0,10.564,15.5
2023-03-22,190.0,65.0,41.0,29.0,34.0,14.0,7.76,6.5,7.0,6.182,,7.0,6.738,13.2
2023-03-23,200.0,56.0,67.0,30.0,29.0,10.0,20.023,,,19.475,,2.0,19.907,14.7
2023-03-24,178.0,50.0,55.0,27.0,30.0,12.0,6.628,,,8.875,,2.0,7.909,12.6
2023-03-25,169.0,53.0,50.0,26.0,27.0,9.0,4.86,5.5,4.775,5.954,6.3,8.0,5.478,6.9
2023-03-26,169.0,46.0,50.0,21.0,36.0,9.0,6.374,,,6.843,,2.0,6.766,14.9
2023-03-27,196.0,46.0,63.0,40.0,32.0,9.0,5.879,,,5.712,,2.0,5.953,14.8
2023-03-28,176.0,52.0,53.0,33.0,27.0,8.0,4.524,4.2,4.95,5.369,,7.0,4.638,11.2
2023-03-29,184.0,61.0,48.0,38.0,24.0,10.0,5.639,,,6.068,,2.0,6.011,11.2
2023-03-30,189.0,52.0,61.0,26.0,29.0,17.0,3.831,,,4.182,,2.0,4.165,7.4
2023-03-31,168.0,55.0,37.0,27.0,27.0,16.0,9.01,9.0,9.325,9.299,8.2,8.0,8.967,9.7
2023-04-01,182.0,42.0,43.0,31.0,45.0,15.0,8.717,,,10.361,,2.0,9.697,19.6
2023-04-02,171.0,43.0,46.0,20.0,40.0,13.0,2.603,,,2.701,,2.0,2.81,10.3
2023-04-03,203.0,47.0,67.0,31.0,33.0,12.0,5.845,5.5,5.75,5.528,,6.0,5.533,13.1
2023-04-04,240.0,67.0,71.0,27.0,44.0,19.0,12.085,,,12.367,,2.0,12.384,19.1
2023-04-05,170.0,47.0,46.0,29.0,35.0,9.0,9.04,,,10.434,,2.0,9.895,13.3
2023-04-06,205.0,58.0,52.0,38.0,31.0,13.0,12.196,10.7,11.225,9.684,9.7,8.0,10.701,25.3
2023-04-07,156.0,36.0,45.0,25.0,32.0,9.0,3.62,,,4.158,,2.0,4.047,13.8
2023-04-08,159.0,41.0,42.0,18.0,33.0,18.0,4.925,,,4.823,,2.0,5.032,10.9
2023-04-09,145.0,44.0,31.0,23.0,28.0,13.0,5.551,5.2,6.95,5.752,,6.0,5.741,12.2
2023-04-10,171.0,39.0,47.0,26.0,41.0,17.0,8.303,,,8.888,,2.0,8.753,17.8
2023-04-11,174.0,42.0,53.0,25.0,28.0,18.0,9.624,,,10.884,,2.0,10.412,22.6
2023-04-12,159.0,40.0,50.0,27.0,18.0,18.0,10.742,10.8,12.125,10.849,11.7,8.0,11.243,27.2
2023-04-13,162.0,38.0,52.0,26.0,29.0,5.0,14.404,,,15.333,,2.0,15.027,30.4
2023-04-14,152.0,34.0,48.0,22.0,24.0,15.0,18.038,,,18.515,,2.0,18.434,29.3
2023-04-15,184.0,45.0,58.0,27.0,33.0,14.0,6.946,8.2,7.65,6.873,,6.0,7.295,21.2
2023-04-16,166.0,34.0,51.0,32.0,33.0,14.0,8.121,,,9.221,,2.0,8.829,21.0
2023-04-17,197.0,49.0,64.0,27.0,29.0,20.0,6.733,,,9.014,,2.0,8.031,19.8
2023-04-18,213.0,48.0,75.0,34.0,28.0,13.0,3.895,3.5,4.15,4.072,4.0,8.0,3.923,13.9
2023-04-19,280.0,77.0,94.0,45.0,45.0,12.0,5.564,,,6.276,,2.0,6.078,17.2
2023-04-20,284.0,79.0,90.0,37.0,42.0,19.0,8.067,,,7.284,,2.0,7.833,16.4
2023-04-21,261.0,58.0,82.0,45.0,49.0,17.0,8.816,7.6,14.5,7.859,,5.0,9.571,19.9
2023-04-22,231.0,81.0,62.0,26.0,39.0,14.0,12.829,,9.7,14.462,,3.0,12.218,19.8
2023-04-23,243.0,77.0,76.0,32.0,44.0,7.0,4.374,,,4.827,,2.0,4.758,18.4
2023-04-24,261.0,75.0,95.0,34.0,40.0,11.0,4.131,3.8,4.05,5.235,3.8,8.0,4.203,16.1
2023-04-25,298.0,83.0,96.0,39.0,49.0,17.0,5.831,,,7.734,,2.0,6.941,14.7
2023-04-26,302.0,81.0,101.0,39.0,43.0,27.0,8.263,,,8.792,,2.0,8.685,13.9
2023-04-27,243.0,61.0,85.0,32.0,46.0,13.0,11.682,8.2,9.2,8.852,,6.0,9.361,13.7
2023-04-28,203.0,47.0,57.0,37.0,40.0,13.0,9.011,,,9.61,,2.0,9.469,13.2
2023-04-29,190.0,54.0,62.0,20.0,40.0,11.0,4.973,,,4.981,,2.0,5.135,12.2
2023-04-30,213.0,55.0,73.0,24.0,38.0,13.0,3.018,3.1,4.5,3.171,4.0,8.0,3.558,15.1
2023-05-01,237.0,71.0,71.0,32.0,45.0,13.0,3.45,,,3.716,,2.0,3.741,15.6
2023-05-02,188.0,54.0,63.0,29.0,30.0,6.0,3.073,,,2.973,,2.0,3.181,13.3
2023-05-03,205.0,47.0,72.0,36.0,29.0,9.0,3.058,2.3,2.85,3.006,,6.0,2.681,12.5
2023-05-04,200.0,51.0,64.0,35.0,35.0,6.0,6.488,,,5.421,,2.0,6.112,14.3
2023-05-05,173.0,56.0,59.0,25.0,20.0,12.0,6.875,,,6.93,,2.0,7.06,17.1
2023-05-06,160.0,41.0,41.0,31.0,34.0,3.0,4.474,5.6,5.225,5.795,5.9,8.0,5.399,20.9
2023-05-07,174.0,46.0,54.0,26.0,32.0,3.0,5.329,,,6.324,,2.0,5.984,24.1
2023-05-08,226.0,59.0,81.0,39.0,32.0,6.0,4.615,,,5.322,,2.0,5.126,23.6
2023-05-09,220.0,67.0,70.0,34.0,35.0,9.0,5.366,5.0,4.8,4.737,,5.0,4.853,20.0
2023-05-10,231.0,63.0,84.0,31.0,41.0,4.0,7.074,,,8.022,,2.0,7.706,21.3
2023-05-11,207.0,67.0,64.0,28.0,35.0,6.0,12.782,,,14.568,,2.0,13.833,25.5
2023-05-12,174.0,48.0,55.0,23.0,35.0,6.0,11.858,15.5,14.95,16.811,14.2,8.0,14.664,28.8
2023-05-13,145.0,41.0,54.0,24.0,20.0,2.0,11.913,,,14.625,,2.0,13.427,27.0
2023-05-14,149.0,37.0,44.0,34.0,28.0,1.0,6.975,,,8.522,,2.0,7.906,22.4
2023-05-15,239.0,80.0,66.0,46.0,32.0,7.0,5.017,5.5,5.05,6.177,,6.0,5.313,24.8
2023-05-16,216.0,60.0,78.0,28.0,36.0,4.0,7.426,,,9.362,,2.0,8.552,27.3
2023-05-17,228.0,71.0,75.0,35.0,38.0,5.0,4.927,,,5.78,,2.0,5.511,18.2
2023-05-18,239.0,77.0,80.0,45.0,30.0,3.0,3.123,4.6,6.825,4.239,3.5,8.0,4.457,14.7
2023-05-19,194.0,50.0,57.0,41.0,31.0,8.0,6.617,,,6.315,,2.0,6.623,19.8
2023-05-20,181.0,51.0,60.0,31.0,23.0,6.0,5.981,,,5.427,,2.0,5.862,17.6
2023-05-21,178.0,52.0,58.0,33.0,21.0,5.0,10.982,9.2,13.7,10.482,,6.0,10.968,21.6
2023-05-22,214.0,61.0,78.0,41.0,24.0,4.0,15.135,,,16.978,,2.0,16.215,22.7
2023-05-23,192.0,66.0,49.0,36.0,28.0,3.0,9.304,,,9.614,,2.0,9.617,19.8
2023-05-24,171.0,57.0,55.0,29.0,23.0,2.0,7.073,7.7,8.45,7.244,7.3,8.0,7.553,22.2
2023-05-25,194.0,64.0,53.0,41.0,31.0,4.0,3.604,,,3.864,,2.0,3.892,19.0
2023-05-26,180.0,58.0,55.0,27.0,33.0,4.0,4.675,,,4.644,,2.0,4.817,21.9
2023-05-27,143.0,38.0,50.0,26.0,23.0,2.0,5.852,6.3,7.0,6.294,,6.0,6.239,24.3
2023-05-28,154.0,43.0,52.0,20.0,29.0,3.0,6.121,,,5.879,,2.0,6.158,24.0
2023-05-29,182.0,41.0,71.0,32.0,28.0,3.0,9.966,,,10.964,,2.0,10.622,25.2
2023-05-30,199.0,62.0,56.0,39.0,23.0,5.0,8.959,11.3,10.0,13.426,11.5,8.0,11.037,21.1
2023-05-31,170.0,42.0,62.0,27.0,27.0,6.0,11.583,,,14.218,,2.0,13.058,23.2
2023-06-01,154.0,42.0,55.0,31.0,19.0,2.0,14.62,,,15.939,,2.0,15.437,28.1
2023-06-02,171.0,48.0,57.0,25.0,26.0,7.0,15.792,15.4,15.25,13.438,,6.0,14.847,31.2
2023-06-03,152.0,46.0,46.0,28.0,23.0,3.0,11.612,,,12.165,,2.0,12.047,20.4
2023-06-04,169.0,52.0,50.0,31.0,29.0,5.0,4.258,,,4.518,,2.0,4.546,21.3
2023-06-05,207.0,65.0,71.0,31.0,27.0,4.0,10.782,11.7,10.5,10.787,11.5,7.0,11.054,23.6
2023-06-06,184.0,50.0,62.0,27.0,34.0,2.0,84.893,,,91.942,,2.0,88.575,25.8
2023-06-07,335.0,88.0,108.0,58.0,56.0,11.0,177.383,,,202.605,,2.0,190.152,24.9
2023-06-08,264.0,77.0,77.0,53.0,38.0,12.0,81.767,58.6,59.35,83.515,,6.0,70.685,22.0
2023-06-09,230.0,73.0,76.0,30.0,34.0,6.0,10.064,,,14.264,,2.0,12.321,22.6
2023-06-10,174.0,48.0,61.0,26.0,25.0,6.0,13.568,,,15.94,,2.0,14.911,26.1
2023-06-11,169.0,59.0,50.0,25.0,27.0,3.0,28.588,23.8,24.05,26.969,23.0,8.0,25.281,27.6
2023-06-12,228.0,66.0,73.0,33.0,36.0,10.0,23.365,,,27.216,,2.0,25.448,24.6
2023-06-13,196.0,47.0,68.0,31.0,30.0,2.0,7.444,,,8.67,,2.0,8.215,26.2
2023-06-14,186.0,54.0,61.0,29.0,33.0,1.0,8.938,8.0,11.65,8.399,,6.0,9.124,24.2
2023-06-15,184.0,55.0,63.0,33.0,26.0,3.0,7.782,,,8.49,,2.0,8.294,26.2
2023-06-16,155.0,50.0,43.0,26.0,29.0,4.0,11.435,,,11.724,,2.0,11.738,25.9
2023-06-17,167.0,36.0,66.0,23.0,28.0,6.0,23.137,21.7,21.65,23.788,22.8,8.0,22.615,25.4
2023-06-18,155.0,44.0,56.0,23.0,25.0,1.0,14.93,,,20.461,,2.0,17.854,26.4
2023-06-19,186.0,50.0,63.0,30.0,33.0,1.0,7.162,,,9.132,,2.0,8.305,25.3
2023-06-20,177.0,42.0,63.0,31.0,28.0,2.0,6.31,7.0,6.85,6.601,,6.0,6.568,24.6
2023-06-21,140.0,33.0,44.0,33.0,20.0,3.0,4.071,,,4.707,,2.0,4.547,22.9
2023-06-22,156.0,39.0,52.0,25.0,34.0,1.0,4.414,,,5.483,,2.0,5.106,20.7
2023-06-23,125.0,32.0,48.0,18.0,19.0,1.0,6.615,5.9,6.35,6.078,5.1,8.0,6.008,23.1
2023-06-24,137.0,33.0,45.0,25.0,25.0,3.0,9.119,,,9.816,,2.0,9.625,26.0
2023-06-25,141.0,43.0,42.0,22.0,27.0,0.0,11.133,,,11.421,,2.0,11.435,28.6
2023-06-26,168.0,46.0,51.0,35.0,25.0,4.0,10.322,11.9,10.8,11.746,,6.0,11.069,26.2
2023-06-27,170.0,47.0,56.0,31.0,27.0,4.0,9.925,,,11.102,,2.0,10.671,26.5
2023-06-28,155.0,40.0,57.0,32.0,18.0,3.0,13.642,,,14.904,,2.0,14.431,28.2
2023-06-29,154.0,32.0,51.0,31.0,29.0,4.0,31.994,32.7,32.25,32.631,39.7,8.0,33.855,28.5
2023-06-30,157.0,42.0,45.0,25.0,34.0,5.0,56.906,,,66.2,,2.0,61.711,28.9
2023-07-01,136.0,46.0,42.0,17.0,20.0,2.0,33.929,,,39.04,,2.0,36.642,27.0
2023-07-02,132.0,35.0,42.0,24.0,23.0,2.0,20.573,20.9,19.85,22.263,,6.0,20.774,31.1
2023-07-03,176.0,49.0,53.0,31.0,32.0,4.0,7.402,,,9.144,,2.0,8.431,30.8
2023-07-04,173.0,44.0,59.0,27.0,33.0,3.0,23.74,,,23.846,,2.0,23.951,29.1
2023-07-05,170.0,43.0,55.0,33.0,31.0,3.0,18.461,28.124,22.875,18.625,46.2,9.0,26.857,31.9
2023-07-06,170.0,47.0,53.0,26.0,31.0,3.0,10.508,10.112,,9.825,,3.0,10.203,31.0
2023-07-07,126.0,41.0,35.0,22.0,21.0,4.0,9.231,9.515,,8.825,,4.0,9.244,29.6
2023-07-08,127.0,33.0,42.0,17.0,26.0,1.0,9.848,10.385,10.85,9.447,,8.0,10.01,29.4
2023-07-09,130.0,32.0,47.0,18.0,20.0,6.0,6.519,7.002,,6.211,,4.0,6.632,27.0
2023-07-10,168.0,52.0,54.0,33.0,19.0,2.0,4.215,5.34,,4.564,,4.0,4.76,28.4
2023-07-11,152.0,42.0,48.0,27.0,28.0,2.0,11.096,11.357,9.35,11.63,9.4,10.0,10.567,31.0
2023-07-12,142.0,47.0,48.0,17.0,20.0,2.0,13.735,14.648,,16.027,,4.0,14.858,32.7
2023-07-13,144.0,32.0,48.0,32.0,19.0,6.0,14.325,14.086,,14.443,,4.0,14.339,31.4
2023-07-14,139.0,38.0,44.0,24.0,21.0,3.0,7.957,9.891,43.2,9.444,,7.0,17.5,27.3
2023-07-15,121.0,34.0,32.0,27.0,21.0,2.0,9.102,8.671,,9.135,,4.0,9.024,29.3
2023-07-16,121.0,31.0,41.0,19.0,23.0,3.0,5.564,6.302,,6.244,,4.0,6.091,25.8
2023-07-17,167.0,42.0,62.0,33.0,24.0,0.0,21.861,15.65,18.575,15.719,17.5,11.0,17.861,31.8
2023-07-18,137.0,38.0,44.0,31.0,21.0,0.0,18.925,18.224,,18.323,,5.0,18.545,29.4
2023-07-19,130.0,34.0,38.0,17.0,27.0,3.0,32.57,31.82,,34.017,,5.0,32.856,27.5
2023-07-20,126.0,35.0,35.0,23.0,24.0,4.0,18.859,20.321,18.8,20.838,,9.0,19.582,28.8
2023-07-21,120.0,33.0,37.0,20.0,24.0,2.0,10.966,10.214,,12.542,,5.0,11.294,29.4
2023-07-22,131.0,29.0,43.0,26.0,26.0,4.0,5.885,6.215,,6.544,,5.0,6.269,28.4
2023-07-23,143.0,43.0,54.0,17.0,25.0,1.0,9.2,9.586,9.1,9.945,10.2,11.0,9.606,29.9
2023-07-24,160.0,39.0,47.0,32.0,30.0,1.0,8.976,8.928,,9.419,,5.0,9.162,28.9
2023-07-25,140.0,40.0,41.0,23.0,25.0,2.0,9.004,8.625,,8.74,,5.0,8.844,28.5
2023-07-26,134.0,47.0,39.0,17.0,27.0,0.0,14.886,14.61,14.5,14.814,,9.0,14.58,30.0
2023-07-27,146.0,34.0,44.0,37.0,24.0,2.0,14.033,13.671,,14.821,,5.0,14.229,33.6
2023-07-28,135.0,35.0,54.0,18.0,17.0,5.0,11.264,10.477,,11.71,,5.0,11.205,34.0
2023-07-29,136.0,41.0,49.0,14.0,24.0,0.0,7.888,7.09,8.075,7.107,6.7,11.0,7.372,33.6
2023-07-30,154.0,41.0,56.0,25.0,20.0,5.0,3.974,4.137,,4.346,,5.0,4.207,26.0
2023-07-31,154.0,35.0,56.0,23.0,29.0,0.0,5.631,6.234,,6.217,,5.0,6.082,29.2
2023-08-01,148.0,46.0,46.0,22.0,23.0,3.0,5.552,5.319,4.55,4.726,,9.0,4.914,26.7
2023-08-02,157.0,29.0,60.0,29.0,29.0,6.0,3.838,4.178,,3.708,,5.0,3.962,27.4
2023-08-03,143.0,35.0,53.0,20.0,22.0,6.0,4.765,4.323,,4.108,,5.0,4.453,26.4
2023-08-04,129.0,25.0,46.0,21.0,27.0,2.0,12.806,12.226,12.55,11.947,11.6,11.0,12.226,27.3
2023-08-05,136.0,33.0,44.0,28.0,24.0,3.0,16.612,17.079,,18.41,,5.0,17.422,30.2
2023-08-06,134.0,35.0,33.0,26.0,26.0,6.0,17.571,17.329,,19.127,,5.0,18.063,30.5
2023-08-07,181.0,41.0,63.0,33.0,35.0,5.0,11.826,12.111,11.15,11.162,,9.0,11.44,27.3
2023-08-08,139.0,34.0,53.0,20.0,20.0,8.0,4.771,5.698,,5.023,,5.0,5.218,27.0
2023-08-09,149.0,44.0,44.0,23.0,27.0,8.0,11.032,11.727,,12.448,,5.0,11.79,29.3
2023-08-10,135.0,32.0,58.0,22.0,17.0,2.0,12.616,12.246,12.85,12.304,11.1,11.0,12.223,25.5
2023-08-11,123.0,29.0,42.0,21.0,19.0,5.0,12.377,13.401,,13.521,,5.0,13.154,28.6
2023-08-12,137.0,33.0,44.0,18.0,30.0,5.0,10.477,11.862,,11.046,,5.0,11.183,27.6
2023-08-13,146.0,34.0,44.0,29.0,26.0,5.0,5.855,6.605,6.1,5.933,,9.0,6.001,30.1
2023-08-14,158.0,46.0,47.0,22.0,25.0,7.0,6.801,6.92,,6.604,,5.0,6.829,30.7
2023-08-15,158.0,32.0,60.0,33.0,21.0,3.0,6.911,7.266,,7.219,,5.0,7.186,26.5
2023-08-16,159.0,42.0,53.0,31.0,26.0,2.0,4.562,5.968,6.65,5.328,5.9,11.0,5.682,26.6
2023-08-17,144.0,42.0,48.0,32.0,17.0,2.0,6.062,6.165,,5.306,,5.0,5.899,25.5
2023-08-18,128.0,32.0,41.0,23.0,20.0,4.0,6.969,7.76,,7.206,,5.0,7.366,26.8
2023-08-19,121.0,32.0,35.0,22.0,26.0,1.0,8.976,9.842,8.4,9.092,,9.0,8.955,26.1
2023-08-20,129.0,33.0,42.0,22.0,17.0,8.0,12.009,12.781,,13.946,,5.0,12.966,29.6
2023-08-21,140.0,51.0,37.0,25.0,21.0,2.0,17.973,18.018,,19.844,,5.0,18.666,30.7
2023-08-22,138.0,35.0,44.0,25.0,24.0,6.0,8.937,10.421,8.6,8.899,8.3,11.0,9.031,25.8
2023-08-23,133.0,37.0,34.0,25.0,29.0,4.0,4.979,5.868,,5.325,,5.0,5.445,25.6
2023-08-24,138.0,39.0,41.0,26.0,25.0,2.0,5.572,5.915,,5.212,,5.0,5.621,24.2
2023-08-25,134.0,31.0,51.0,22.0,20.0,7.0,7.712,8.947,8.6,7.062,,9.0,7.958,27.7
2023-08-26,130.0,33.0,39.0,23.0,26.0,1.0,9.031,8.727,,8.312,,5.0,8.744,29.9
2023-08-27,132.0,38.0,46.0,17.0,24.0,2.0,5.773,6.767,,6.821,,5.0,6.508,27.9
2023-08-28,160.0,40.0,51.0,32.0,23.0,8.0,7.849,8.193,7.875,8.149,6.6,11.0,7.733,25.1
2023-08-29,169.0,45.0,62.0,19.0,22.0,14.0,5.225,5.502,,5.429,,5.0,5.44,27.2
2023-08-30,136.0,38.0,45.0,19.0,20.0,9.0,5.29,5.629,,5.615,,5.0,5.565,29.1
2023-08-31,140.0,38.0,43.0,25.0,22.0,7.0,3.532,3.811,4.05,3.653,,8.0,3.639,24.7
2023-09-01,151.0,25.0,56.0,24.0,27.0,14.0,3.793,4.711,,3.731,,5.0,4.133,24.2
2023-09-02,137.0,29.0,52.0,22.0,20.0,9.0,5.671,6.022,,5.815,,5.0,5.89,27.0
2023-09-03,148.0,34.0,49.0,20.0,30.0,10.0,10.824,9.684,12.025,11.256,10.7,11.0,10.898,31.7
2023-09-04,133.0,37.0,45.0,23.0,17.0,7.0,12.331,13.583,,14.819,,5.0,13.632,33.0
2023-09-05,194.0,62.0,52.0,20.0,36.0,13.0,14.224,16.114,,16.008,,5.0,15.503,34.0
2023-09-06,171.0,35.0,61.0,32.0,24.0,13.0,14.166,15.173,15.1,18.109,,9.0,15.514,34.6
2023-09-07,156.0,42.0,48.0,21.0,28.0,13.0,12.171,12.47,,15.106,,5.0,13.303,34.0
2023-09-08,168.0,48.0,40.0,35.0,27.0,8.0,11.664,12.392,,13.419,,5.0,12.546,30.9
2023-09-09,155.0,40.0,44.0,24.0,24.0,15.0,14.299,12.722,14.2,12.837,0.0,11.0,10.812,28.6
2023-09-10,140.0,46.0,36.0,23.0,25.0,8.0,7.11,7.297,,7.329,,5.0,7.3,24.3
2023-09-11,190.0,51.0,63.0,29.0,28.0,12.0,6.028,6.532,,6.015,,5.0,6.246,27.8
2023-09-12,174.0,45.0,53.0,21.0,31.0,17.0,6.022,6.072,6.7,7.053,,9.0,6.339,28.4
2023-09-13,179.0,49.0,58.0,22.0,27.0,16.0,5.651,5.559,,5.9,,5.0,5.758,26.3
2023-09-14,167.0,39.0,57.0,36.0,19.0,10.0,3.991,4.49,,4.406,,5.0,4.35,24.9
2023-09-15,204.0,51.0,63.0,32.0,35.0,13.0,4.456,4.942,4.95,4.356,3.8,10.0,4.501,21.3
2023-09-16,181.0,39.0,61.0,25.0,34.0,11.0,5.61,6.001,,6.146,,6.0,5.973,24.2
2023-09-17,189.0,49.0,67.0,28.0,31.0,5.0,6.589,6.47,,6.933,,5.0,6.718,24.1
2023-09-18,241.0,67.0,74.0,32.0,44.0,12.0,5.362,5.944,6.55,5.723,,9.0,5.772,21.2
2023-09-19,250.0,65.0,83.0,34.0,44.0,10.0,6.671,6.94,,7.129,,5.0,6.967,23.3
2023-09-20,215.0,64.0,59.0,30.0,36.0,17.0,5.967,6.665,,6.44,,5.0,6.411,23.4
2023-09-21,210.0,53.0,69.0,31.0,39.0,14.0,5.544,6.942,7.725,6.505,6.6,11.0,6.663,22.7
2023-09-22,201.0,43.0,66.0,35.0,35.0,14.0,5.628,6.089,,5.921,,5.0,5.933,21.8
2023-09-23,190.0,58.0,58.0,24.0,27.0,10.0,3.492,3.724,,3.71,,5.0,3.696,16.4
2023-09-24,192.0,50.0,57.0,25.0,35.0,16.0,1.9,1.822,1.6,1.712,,8.0,1.636,19.0
2023-09-25,226.0,70.0,60.0,35.0,35.0,14.0,5.183,4.988,,5.404,,5.0,5.246,17.1
2023-09-26,227.0,62.0,74.0,27.0,46.0,10.0,12.719,13.665,,14.246,,5.0,13.598,17.2
2023-09-27,206.0,58.0,70.0,29.0,27.0,15.0,6.637,7.056,8.35,7.049,7.2,11.0,7.258,17.6
2023-09-28,207.0,63.0,55.0,32.0,29.0,20.0,9.433,9.703,,9.725,,5.0,9.675,18.3
2023-09-29,177.0,53.0,57.0,23.0,33.0,8.0,4.182,4.228,,4.331,,5.0,4.301,16.8
2023-09-30,170.0,46.0,66.0,26.0,16.0,7.0,8.711,8.281,8.2,10.664,,9.0,8.841,21.7
2023-10-01,211.0,58.0,62.0,26.0,38.0,17.0,11.865,11.467,,14.042,,5.0,12.512,24.9
2023-10-02,234.0,64.0,80.0,37.0,30.0,15.0,12.091,11.977,,12.915,,5.0,12.382,25.0
2023-10-03,230.0,64.0,69.0,41.0,30.0,16.0,14.827,14.608,14.875,13.917,12.5,10.0,14.146,27.1
2023-10-04,215.0,58.0,79.0,27.0,28.0,14.0,14.74,15.817,,15.323,,6.0,15.348,27.6
2023-10-05,189.0,49.0,52.0,32.0,31.0,18.0,10.08,9.033,,9.442,,5.0,9.572,24.0
2023-10-06,187.0,45.0,63.0,23.0,32.0,16.0,9.419,8.417,9.0,7.64,,9.0,8.497,22.3
2023-10-07,180.0,47.0,50.0,40.0,25.0,9.0,5.969,6.605,,6.419,,5.0,6.385,20.8
2023-10-08,218.0,60.0,58.0,34.0,37.0,20.0,2.932,2.735,,2.915,,4.0,2.915,16.7
2023-10-09,227.0,61.0,73.0,36.0,32.0,13.0,4.636,4.207,5.45,4.267,4.7,10.0,4.652,15.7
2023-10-10,240.0,74.0,76.0,33.0,30.0,21.0,7.365,9.093,,7.746,,5.0,8.122,17.8
2023-10-11,192.0,46.0,65.0,34.0,26.0,13.0,10.429,10.441,,11.017,,5.0,10.683,20.4
2023-10-12,214.0,65.0,70.0,25.0,34.0,12.0,10.384,12.547,10.8,11.431,,9.0,11.168,20.6
2023-10-13,191.0,53.0,54.0,35.0,31.0,14.0,3.421,3.826,,3.621,,5.0,3.677,17.5
2023-10-14,192.0,52.0,62.0,25.0,34.0,13.0,3.86,4.411,,3.721,,5.0,4.052,11.4
2023-10-15,177.0,47.0,63.0,21.0,27.0,12.0,2.952,2.917,3.1,2.933,3.3,11.0,3.04,16.5
2023-10-16,243.0,61.0,73.0,44.0,38.0,17.0,2.367,2.426,,2.315,,5.0,2.423,17.7
2023-10-17,232.0,62.0,87.0,36.0,21.0,17.0,4.476,5.625,,4.431,,5.0,4.898,16.9
2023-10-18,196.0,49.0,64.0,32.0,29.0,15.0,6.441,7.817,6.75,7.58,,9.0,7.024,17.1
2023-10-19,219.0,59.0,72.0,31.0,37.0,13.0,8.291,7.078,,7.046,,5.0,7.526,18.0
2023-10-20,208.0,51.0,66.0,26.0,43.0,17.0,6.038,6.251,,5.227,,5.0,5.893,16.9
2023-10-21,184.0,40.0,70.0,30.0,29.0,9.0,3.642,3.336,4.175,3.642,2.9,11.0,3.539,17.5
2023-10-22,187.0,52.0,62.0,35.0,23.0,7.0,2.071,2.591,,2.125,,5.0,2.316,13.5
2023-10-23,250.0,69.0,83.0,40.0,32.0,17.0,2.573,4.565,,2.648,,5.0,3.316,16.3
2023-10-24,218.0,63.0,73.0,36.0,23.0,16.0,7.392,5.784,6.3,5.338,,9.0,6.081,17.6
2023-10-25,183.0,56.0,44.0,26.0,31.0,17.0,10.29,8.731,,9.312,,5.0,9.499,21.8
2023-10-26,170.0,62.0,54.0,15.0,26.0,10.0,14.323,12.804,,14.0,,5.0,13.763,25.9
2023-10-27,188.0,58.0,49.0,30.0,28.0,16.0,14.254,15.01,14.475,14.704,14.4,11.0,14.569,24.7
2023-10-28,164.0,40.0,53.0,22.0,34.0,8.0,8.17,9.494,,9.944,,5.0,9.257,26.7
2023-10-29,174.0,36.0,53.0,34.0,26.0,16.0,2.829,3.081,,2.444,,5.0,2.839,16.2
2023-10-30,237.0,64.0,80.0,26.0,43.0,13.0,5.351,6.982,6.4,6.644,,9.0,6.222,18.4
2023-10-31,208.0,68.0,71.0,23.0,27.0,12.0,1.65,3.611,,2.704,,5.0,2.709,10.8
2023-11-01,200.0,68.0,48.0,32.0,28.0,14.0,4.864,5.544,,4.925,,5.0,5.165,9.6
2023-11-02,222.0,65.0,71.0,24.0,33.0,22.0,4.406,4.717,4.275,4.474,4.3,11.0,4.434,9.7
2023-11-03,191.0,53.0,61.0,23.0,31.0,13.0,7.121,6.225,,6.546,,5.0,6.685,13.0
2023-11-04,203.0,59.0,56.0,33.0,33.0,14.0,12.391,11.584,,12.727,,5.0,12.288,14.9
2023-11-05,193.0,43.0,70.0,26.0,24.0,18.0,14.736,16.316,9.4,14.675,,9.0,13.659,17.0
2023-11-06,253.0,79.0,84.0,38.0,35.0,12.0,7.336,8.023,,7.729,,5.0,7.75,12.1
2023-11-07,224.0,67.0,77.0,34.0,31.0,8.0,15.178,16.278,,16.711,,5.0,16.11,20.2
2023-11-08,237.0,77.0,68.0,36.0,35.0,12.0,4.508,3.186,4.675,4.061,3.9,11.0,4.066,11.0
2023-11-09,228.0,78.0,67.0,33.0,24.0,18.0,8.325,8.738,,9.038,,4.0,8.754,14.9
2023-11-10,169.0,53.0,38.0,16.0,34.0,19.0,5.113,5.312,,5.329,,4.0,5.306,10.7
2023-11-11,176.0,46.0,44.0,22.0,36.0,21.0,4.99,6.174,9.35,5.629,,8.0,6.413,12.0
2023-11-12,207.0,44.0,74.0,25.0,37.0,16.0,3.933,5.015,,4.223,,4.0,4.444,7.2
2023-11-13,257.0,73.0,79.0,34.0,42.0,18.0,8.08,8.017,,9.109,,4.0,8.456,8.7
2023-11-14,217.0,59.0,69.0,33.0,32.0,19.0,4.889,5.572,5.45,5.712,6.2,10.0,5.565,10.9
2023-11-15,211.0,58.0,66.0,28.0,36.0,11.0,6.408,5.921,,5.235,,4.0,5.909,10.6
2023-11-16,186.0,61.0,53.0,30.0,25.0,12.0,17.289,16.231,,18.117,,4.0,17.266,17.7
2023-11-17,190.0,41.0,67.0,31.0,27.0,15.0,11.736,9.665,9.25,9.144,,8.0,9.826,19.0
2023-11-18,181.0,47.0,55.0,25.0,31.0,14.0,4.328,3.825,,4.408,,4.0,4.241,13.4
2023-11-19,206.0,56.0,70.0,31.0,37.0,5.0,5.279,5.617,,6.023,,4.0,5.694,12.2
2023-11-20,220.0,54.0,58.0,38.0,38.0,21.0,2.912,3.771,2.9,2.963,3.0,9.0,3.109,7.0
2023-11-21,208.0,52.0,69.0,31.0,34.0,13.0,4.42,5.24,,4.406,,4.0,4.743,8.1
2023-11-22,172.0,61.0,48.0,21.0,31.0,6.0,3.775,3.923,,4.219,,4.0,4.026,14.1
2023-11-23,140.0,37.0,37.0,24.0,25.0,8.0,4.064,3.812,4.0,3.92,,8.0,3.827,11.0
2023-11-24,212.0,55.0,72.0,26.0,35.0,11.0,5.211,5.812,,5.612,,4.0,5.6,9.6
2023-11-25,174.0,51.0,45.0,33.0,25.0,11.0,5.714,5.208,,6.644,,4.0,5.909,4.1
2023-11-26,183.0,51.0,55.0,20.0,35.0,12.0,7.652,7.474,7.05,7.385,9.8,9.0,7.872,10.4
2023-11-27,257.0,67.0,77.0,39.0,43.0,19.0,5.016,5.838,,5.725,,4.0,5.58,12.9
2023-11-28,231.0,62.0,82.0,24.0,39.0,14.0,3.977,5.021,,4.21,,4.0,4.457,3.6
2023-11-29,191.0,59.0,46.0,36.0,29.0,15.0,6.082,6.064,5.0,5.569,,7.0,5.556,2.5
2023-11-30,175.0,44.0,51.0,27.0,32.0,12.0,10.253,10.148,,11.846,,4.0,10.803,9.4
2023-12-01,201.0,65.0,54.0,30.0,31.0,18.0,15.838,14.235,,15.148,,4.0,15.128,7.7
2023-12-02,189.0,59.0,48.0,23.0,34.0,15.0,23.204,24.216,21.8,23.722,20.5,10.0,22.688,16.3
2023-12-03,199.0,41.0,70.0,34.0,32.0,17.0,7.557,12.206,,9.029,,4.0,9.652,10.0
2023-12-04,236.0,60.0,76.0,26.0,42.0,17.0,4.821,5.242,,4.731,,4.0,4.985,10.7
2023-12-05,204.0,62.0,76.0,21.0,22.0,14.0,3.859,3.717,4.35,3.736,,8.0,3.793,6.6
2023-12-06,215.0,59.0,66.0,28.0,37.0,19.0,3.626,3.735,,3.623,,4.0,3.716,5.0
2023-12-07,193.0,48.0,72.0,27.0,25.0,16.0,9.469,14.673,,10.533,,5.0,11.613,3.4
2023-12-08,200.0,54.0,60.0,36.0,31.0,9.0,15.687,15.319,13.425,15.687,11.9,11.0,14.403,9.2
2023-12-09,150.0,35.0,61.0,13.0,25.0,12.0,17.125,21.73,,17.033,,5.0,18.684,13.5
2023-12-10,212.0,49.0,70.0,27.0,46.0,12.0,11.622,12.564,,10.942,,5.0,11.763,16.6
2023-12-11,205.0,51.0,67.0,33.0,29.0,17.0,2.155,2.05,2.3,1.86,,9.0,1.968,14.1
2023-12-12,179.0,49.0,54.0,27.0,23.0,16.0,5.374,5.915,,5.517,,5.0,5.656,6.1
2023-12-13,172.0,50.0,44.0,29.0,30.0,10.0,5.97,7.367,,6.933,,5.0,6.811,7.3
2023-12-14,173.0,39.0,70.0,19.0,28.0,11.0,4.393,4.628,4.25,4.185,4.0,11.0,4.291,4.6
2023-12-15,183.0,52.0,63.0,20.0,32.0,10.0,9.667,12.318,,12.002,,5.0,11.383,12.7
2023-12-16,152.0,36.0,50.0,20.0,31.0,5.0,9.662,12.858,,10.8,,5.0,11.161,11.5
2023-12-17,181.0,39.0,57.0,30.0,35.0,16.0,8.833,10.51,8.5,8.15,,9.0,8.876,13.2
2023-12-18,192.0,55.0,51.0,31.0,26.0,20.0,5.107,5.371,,3.807,,5.0,4.816,15.7
2023-12-19,186.0,40.0,65.0,35.0,28.0,11.0,2.882,3.271,,3.002,,5.0,3.106,5.9
2023-12-20,177.0,35.0,62.0,36.0,30.0,11.0,4.054,5.214,10.775,4.796,4.3,11.0,5.828,7.5
2023-12-21,173.0,49.0,52.0,26.0,25.0,14.0,5.278,6.525,,5.633,,5.0,5.866,4.1
2023-12-22,164.0,47.0,44.0,29.0,16.0,17.0,7.358,7.53,,7.038,,5.0,7.363,2.8
2023-12-23,163.0,41.0,44.0,25.0,30.0,14.0,9.38,9.905,8.65,8.98,,9.0,9.106,5.6
2023-12-24,163.0,33.0,59.0,23.0,31.0,11.0,16.973,21.066,,19.435,,5.0,19.212,8.3
2023-12-25,163.0,52.0,44.0,22.0,33.0,8.0,16.938,25.068,,20.631,,5.0,20.933,10.9
2023-12-26,194.0,39.0,66.0,31.0,36.0,18.0,17.731,21.962,12.7,15.909,18.8,11.0,17.42,7.5
2023-12-27,194.0,53.0,59.0,32.0,27.0,19.0,10.774,13.886,,10.833,,5.0,11.885,8.4
2023-12-28,183.0,44.0,54.0,37.0,28.0,12.0,3.958,5.317,,3.023,,5.0,4.154,11.6
2023-12-29,202.0,55.0,61.0,40.0,25.0,14.0,5.232,6.126,8.2,5.028,,9.0,6.024,13.1
2023-12-30,174.0,46.0,45.0,19.0,33.0,18.0,5.033,5.92,,5.544,,5.0,5.553,8.0
2023-12-31,138.0,32.0,51.0,20.0,21.0,10.0,4.938,5.143,,5.002,,5.0,5.082,6.4
2024-01-01,187.0,60.0,49.0,27.0,31.0,13.0,8.38,10.358,8.825,9.759,9.8,10.0,9.425,7.5
2024-01-02,191.0,54.0,67.0,15.0,35.0,15.0,5.14,5.686,,5.446,,5.0,5.478,5.6
2024-01-03,174.0,41.0,60.0,33.0,24.0,13.0,6.796,8.247,,7.308,,5.0,7.505,8.0
2024-01-04,179.0,49.0,55.0,24.0,29.0,15.0,6.859,8.153,7.3,7.31,,8.0,7.283,6.7
2024-01-05,185.0,46.0,45.0,36.0,28.0,18.0,5.154,6.479,,5.925,,5.0,5.907,3.0
2024-01-06,156.0,43.0,55.0,17.0,25.0,9.0,10.085,14.006,,12.644,,5.0,12.299,2.7
2024-01-07,166.0,50.0,63.0,19.0,15.0,15.0,3.11,3.191,2.925,2.658,3.2,11.0,3.017,3.1
2024-01-08,193.0,42.0,71.0,28.0,35.0,11.0,5.112,6.337,,5.833,,5.0,5.815,6.2
2024-01-09,186.0,49.0,72.0,22.0,31.0,9.0,8.015,11.146,,8.523,,5.0,9.282,12.7
2024-01-10,169.0,48.0,68.0,24.0,19.0,7.0,2.929,3.14,2.85,2.906,,9.0,2.834,13.8
2024-01-11,173.0,41.0,63.0,22.0,23.0,16.0,5.023,5.234,,5.038,,5.0,5.152,7.9
2024-01-12,162.0,47.0,52.0,23.0,25.0,11.0,6.056,8.159,,6.346,,5.0,6.908,8.2
2024-01-13,143.0,42.0,50.0,21.0,17.0,11.0,3.78,4.157,4.05,3.255,3.3,11.0,3.708,14.5
2024-01-14,168.0,41.0,49.0,33.0,22.0,10.0,3.846,4.226,,4.206,,4.0,4.147,5.9
2024-01-15,171.0,41.0,57.0,29.0,30.0,10.0,5.706,6.042,,6.019,,5.0,5.976,-0.9
2024-01-16,187.0,43.0,55.0,35.0,29.0,17.0,8.649,11.325,8.95,9.544,,8.0,9.495,-0.8
2024-01-17,177.0,48.0,63.0,24.0,22.0,16.0,6.061,7.378,,6.431,,5.0,6.678,-4.2
2024-01-18,179.0,44.0,53.0,39.0,18.0,18.0,8.509,9.673,,9.227,,5.0,9.191,0.2
2024-01-19,142.0,40.0,38.0,22.0,24.0,15.0,10.565,12.37,12.15,11.339,12.6,11.0,11.805,-0.9
2024-01-20,151.0,39.0,43.0,25.0,23.0,14.0,3.838,4.475,,4.669,,6.0,4.381,-3.5
2024-01-21,126.0,32.0,41.0,21.0,20.0,9.0,3.216,3.568,,3.441,,6.0,3.462,-1.3
2024-01-22,193.0,58.0,60.0,31.0,29.0,14.0,7.69,8.586,9.1,7.931,,9.0,8.204,3.7
2024-01-23,188.0,53.0,67.0,26.0,22.0,17.0,13.829,16.278,,17.836,,6.0,16.035,4.2
2024-01-24,179.0,38.0,56.0,30.0,28.0,20.0,17.705,14.81,,18.426,,6.0,17.035,5.2
2024-01-25,153.0,36.0,55.0,21.0,21.0,16.0,13.126,14.425,13.65,13.945,14.2,11.0,13.869,10.6
2024-01-26,176.0,65.0,49.0,28.0,17.0,11.0,6.579,10.268,,6.738,,6.0,7.916,8.0
2024-01-27,123.0,43.0,36.0,16.0,19.0,3.0,7.324,9.94,,8.928,,6.0,8.785,8.4
2024-01-28,144.0,45.0,33.0,24.0,27.0,11.0,3.315,3.235,2.75,2.892,,8.0,2.926,3.8
2024-01-29,183.0,52.0,61.0,28.0,28.0,9.0,3.655,3.775,,4.079,,6.0,3.891,5.6
2024-01-30,183.0,41.0,54.0,32.0,33.0,16.0,4.089,4.339,,4.408,,6.0,4.333,4.2
2024-01-31,167.0,42.0,49.0,20.0,30.0,14.0,4.973,4.421,4.9,4.017,4.2,11.0,4.502,4.3
2024-02-01,192.0,45.0,49.0,38.0,37.0,19.0,14.917,14.336,,15.685,,6.0,15.034,8.7
2024-02-02,176.0,36.0,51.0,34.0,30.0,16.0,10.729,12.576,,13.927,,6.0,12.465,6.0
2024-02-03,137.0,39.0,29.0,26.0,27.0,8.0,4.156,4.278,4.8,4.282,,9.0,4.256,5.7
2024-02-04,182.0,41.0,54.0,31.0,36.0,13.0,4.118,4.719,,5.114,,6.0,4.704,7.6
2024-02-05,202.0,52.0,57.0,40.0,27.0,16.0,3.514,3.945,,4.128,,6.0,3.916,6.8
2024-02-06,192.0,45.0,63.0,32.0,31.0,15.0,3.756,4.144,5.075,3.86,3.3,11.0,4.027,5.5
2024-02-07,183.0,49.0,54.0,30.0,24.0,12.0,5.204,6.526,,5.772,,6.0,5.888,8.1
2024-02-08,198.0,61.0,52.0,30.0,30.0,17.0,12.022,13.713,,13.624,,6.0,13.174,9.9
2024-02-09,171.0,36.0,48.0,26.0,36.0,18.0,9.177,11.176,10.6,9.305,,9.0,9.942,11.2
2024-02-10,152.0,41.0,47.0,17.0,32.0,12.0,21.684,26.622,,28.617,,6.0,25.695,15.8
2024-02-11,167.0,43.0,53.0,24.0,27.0,17.0,7.38,10.126,,10.218,,6.0,9.296,8.9
2024-02-12,201.0,60.0,65.0,29.0,29.0,12.0,5.836,8.686,7.2,8.3,7.4,11.0,7.484,9.2
2024-02-13,126.0,32.0,37.0,22.0,23.0,10.0,5.242,5.766,,6.064,,6.0,5.745,3.8
2024-02-14,177.0,47.0,47.0,36.0,33.0,6.0,3.027,3.422,,3.59,,6.0,3.4,0.3
2024-02-15,185.0,53.0,55.0,29.0,34.0,10.0,5.251,5.127,5.7,5.803,,9.0,5.348,1.7
2024-02-16,156.0,30.0,53.0,22.0,26.0,18.0,3.733,3.777,,4.786,,6.0,4.153,3.3
2024-02-17,130.0,23.0,44.0,29.0,21.0,8.0,4.276,5.739,,6.865,,6.0,5.681,2.2
2024-02-18,141.0,32.0,43.0,18.0,24.0,17.0,5.603,6.378,6.425,6.636,5.9,11.0,6.188,3.6
2024-02-19,188.0,52.0,67.0,24.0,23.0,16.0,3.973,5.176,,5.133,,6.0,4.815,3.9
2024-02-20,198.0,55.0,59.0,28.0,26.0,21.0,3.335,3.815,,3.858,,6.0,3.724,2.6
2024-02-21,186.0,45.0,42.0,44.0,31.0,16.0,4.894,4.792,5.65,4.905,,9.0,4.938,4.7
2024-02-22,152.0,28.0,54.0,24.0,21.0,18.0,5.966,5.858,,5.434,,6.0,5.807,6.7
2024-02-23,143.0,34.0,46.0,25.0,20.0,11.0,10.385,13.577,,14.13,,6.0,12.752,7.6
2024-02-24,143.0,38.0,46.0,32.0,19.0,5.0,5.811,6.54,6.5,7.582,5.7,11.0,6.426,5.6
2024-02-25,178.0,44.0,46.0,38.0,28.0,16.0,3.67,3.76,,4.053,,6.0,3.882,4.3
2024-02-26,188.0,35.0,66.0,28.0,38.0,17.0,8.061,7.872,,8.428,,6.0,8.174,11.4
2024-02-27,169.0,46.0,43.0,35.0,31.0,9.0,12.245,15.982,15.9,14.647,,9.0,14.571,13.8
2024-02-28,164.0,41.0,50.0,28.0,27.0,14.0,15.426,16.941,,17.24,,6.0,16.59,17.0
2024-02-29,161.0,43.0,41.0,27.0,25.0,17.0,2.379,2.71,,2.672,,6.0,2.641,6.2
2024-03-01,159.0,39.0,42.0,24.0,32.0,13.0,4.895,5.581,7.175,5.426,4.6,11.0,5.535,6.0
2024-03-02,166.0,27.0,42.0,27.0,40.0,17.0,5.965,6.462,,5.819,,6.0,6.136,10.3
2024-03-03,152.0,42.0,52.0,19.0,12.0,21.0,2.508,3.821,,3.939,,6.0,3.477,18.5
2024-03-04,200.0,45.0,65.0,33.0,30.0,19.0,4.561,5.292,4.4,4.803,,9.0,4.641,14.5
2024-03-05,168.0,43.0,51.0,32.0,21.0,13.0,4.425,6.29,,5.441,,6.0,5.44,8.1
2024-03-06,168.0,46.0,48.0,27.0,24.0,16.0,11.674,11.515,,13.089,,6.0,12.147,9.9
2024-03-07,143.0,34.0,47.0,24.0,19.0,14.0,2.77,2.776,3.175,2.815,2.1,11.0,2.727,12.5
2024-03-08,152.0,38.0,51.0,27.0,19.0,13.0,3.671,3.818,,3.614,,6.0,3.755,12.5
2024-03-09,139.0,30.0,38.0,18.0,31.0,14.0,5.221,6.318,,5.923,,6.0,5.875,7.6
2024-03-10,165.0,45.0,45.0,29.0,27.0,15.0,1.911,2.249,2.15,2.215,,9.0,2.009,10.7
2024-03-11,165.0,50.0,42.0,28.0,27.0,13.0,1.958,2.076,,2.127,,6.0,2.108,9.7
2024-03-12,166.0,48.0,54.0,31.0,24.0,7.0,4.778,5.544,,6.021,,6.0,5.502,17.2
2024-03-13,162.0,41.0,45.0,32.0,20.0,15.0,9.779,9.963,10.15,10.684,,10.0,10.022,15.6
2024-03-14,176.0,47.0,61.0,26.0,24.0,14.0,16.97,20.661,,19.775,,6.0,19.19,21.0
2024-03-15,163.0,41.0,45.0,33.0,28.0,13.0,9.745,9.584,,10.82,,6.0,10.104,21.0
2024-03-16,151.0,37.0,51.0,21.0,26.0,11.0,5.897,6.319,5.6,6.943,,9.0,6.067,14.2
2024-03-17,162.0,48.0,39.0,25.0,29.0,11.0,4.23,4.33,,5.136,,6.0,4.62,15.4
2024-03-18,242.0,66.0,53.0,39.0,48.0,24.0,2.727,2.859,,3.075,,6.0,2.941,8.9
2024-03-19,217.0,60.0,74.0,37.0,25.0,13.0,3.383,3.808,3.9,4.001,3.0,11.0,3.618,7.2
2024-03-20,184.0,50.0,53.0,37.0,24.0,12.0,6.736,6.43,,7.367,,6.0,6.899,11.0
2024-03-21,176.0,46.0,61.0,26.0,25.0,15.0,2.166,2.284,,2.419,,6.0,2.344,5.2
2024-03-22,162.0,46.0,46.0,32.0,23.0,7.0,5.177,5.579,5.2,5.472,,9.0,5.234,5.8
2024-03-23,126.0,37.0,31.0,16.0,19.0,16.0,4.17,6.32,,5.874,,6.0,5.509,9.3
2024-03-24,195.0,42.0,57.0,38.0,29.0,17.0,3.274,3.382,,3.727,,6.0,3.515,8.4
2024-03-25,187.0,47.0,50.0,36.0,32.0,17.0,4.37,4.62,5.075,4.748,4.8,11.0,4.723,10.3
2024-03-26,187.0,47.0,51.0,30.0,28.0,23.0,4.855,6.338,,6.081,,6.0,5.812,10.0
2024-03-27,179.0,53.0,48.0,22.0,28.0,17.0,15.186,18.982,,17.921,,6.0,17.417,10.4
2024-03-28,160.0,42.0,54.0,23.0,23.0,10.0,8.671,9.912,6.9,12.153,,9.0,9.286,10.5
2024-03-29,165.0,43.0,46.0,30.0,25.0,14.0,4.724,5.267,,5.817,,6.0,5.323,12.5
2024-03-30,164.0,40.0,50.0,20.0,30.0,18.0,4.209,4.661,,5.034,,6.0,4.689,14.4
2024-03-31,161.0,39.0,46.0,21.0,35.0,13.0,4.422,4.629,4.725,5.303,4.7,11.0,4.756,15.6
2024-04-01,178.0,45.0,45.0,33.0,35.0,14.0,6.309,8.592,,8.87,,6.0,7.978,11.7
2024-04-02,192.0,50.0,63.0,33.0,25.0,17.0,10.177,12.429,,13.327,,6.0,12.032,9.0
2024-04-03,181.0,55.0,56.0,31.0,24.0,11.0,4.44,3.495,3.75,3.358,,9.0,3.638,6.5
2024-04-04,151.0,38.0,49.0,33.0,16.0,11.0,1.992,2.526,,2.331,,6.0,2.337,8.8
2024-04-05,157.0,41.0,51.0,27.0,21.0,12.0,1.967,2.189,,2.157,,6.0,2.158,9.3
2024-04-06,153.0,43.0,40.0,24.0,24.0,17.0,2.103,1.672,2.625,1.977,1.9,11.0,2.055,11.3
2024-04-07,164.0,33.0,52.0,26.0,34.0,12.0,2.911,2.879,,2.969,,6.0,2.974,14.0
2024-04-08,185.0,54.0,59.0,22.0,31.0,17.0,5.89,6.225,,6.82,,6.0,6.366,17.7
2024-04-09,186.0,52.0,54.0,28.0,31.0,12.0,10.034,10.224,9.95,10.056,,9.0,9.944,23.6
2024-04-10,184.0,37.0,65.0,33.0,27.0,20.0,9.491,13.116,,12.191,,6.0,11.653,16.1
2024-04-11,192.0,39.0,66.0,32.0,30.0,18.0,9.92,13.803,,11.268,,6.0,11.718,17.3
2024-04-12,143.0,36.0,43.0,20.0,26.0,15.0,6.951,7.678,7.075,7.338,5.4,11.0,6.888,19.2
2024-04-13,167.0,21.0,62.0,32.0,37.0,12.0,2.122,1.919,,2.025,,6.0,2.076,12.2
2024-04-14,157.0,41.0,45.0,33.0,20.0,8.0,5.369,5.469,,6.356,,6.0,5.785,21.7
2024-04-15,201.0,65.0,52.0,27.0,39.0,12.0,6.792,7.547,7.75,7.497,,9.0,7.274,23.9
2024-04-16,195.0,47.0,68.0,40.0,18.0,14.0,4.871,4.275,,5.021,,6.0,4.776,20.3
2024-04-17,176.0,55.0,41.0,35.0,28.0,12.0,6.07,7.101,,7.331,,6.0,6.888,16.2
2024-04-18,187.0,38.0,62.0,32.0,29.0,21.0,3.031,3.983,3.425,3.324,,10.0,3.318,9.2
2024-04-19,176.0,36.0,60.0,29.0,26.0,19.0,6.428,6.623,,6.756,,6.0,6.657,13.6
2024-04-20,138.0,36.0,34.0,30.0,20.0,9.0,8.743,8.565,,10.606,,6.0,9.359,19.7
2024-04-21,161.0,46.0,48.0,30.0,23.0,9.0,3.612,3.618,4.35,4.047,,9.0,3.784,11.6
2024-04-22,209.0,56.0,71.0,35.0,24.0,16.0,4.539,4.843,,5.278,,6.0,4.941,14.7
2024-04-23,216.0,61.0,70.0,33.0,30.0,16.0,6.428,6.226,,7.529,,6.0,6.782,15.0
2024-04-24,200.0,46.0,54.0,41.0,40.0,15.0,4.875,5.212,5.175,5.828,4.6,11.0,5.138,20.5
2024-04-25,207.0,50.0,72.0,40.0,26.0,16.0,4.025,4.288,,4.526,,6.0,4.334,12.7
2024-04-26,211.0,61.0,59.0,34.0,34.0,16.0,6.083,6.474,,6.586,,6.0,6.435,14.9
2024-04-27,174.0,46.0,54.0,29.0,23.0,13.0,4.597,4.589,4.5,4.348,,9.0,4.386,14.5
2024-04-28,148.0,36.0,39.0,27.0,33.0,7.0,10.375,10.686,,11.87,,6.0,11.031,22.8
2024-04-29,216.0,57.0,63.0,41.0,26.0,18.0,14.404,17.175,,17.557,,6.0,16.433,28.2
2024-04-30,176.0,50.0,39.0,40.0,24.0,17.0,8.954,13.99,10.25,12.55,14.7,11.0,12.089,21.9
2024-05-01,190.0,53.0,59.0,22.0,27.0,19.0,12.68,12.841,,12.921,,6.0,12.868,24.6
2024-05-02,197.0,39.0,48.0,40.0,39.0,23.0,11.383,11.024,,10.519,,6.0,11.03,27.8
2024-05-03,202.0,64.0,58.0,32.0,29.0,13.0,4.716,5.341,4.6,4.999,,9.0,4.791,17.3
2024-05-04,220.0,48.0,69.0,29.0,39.0,20.0,3.842,4.368,,4.312,,6.0,4.228,17.6
2024-05-05,187.0,52.0,55.0,26.0,28.0,17.0,4.734,5.865,,5.725,,6.0,5.496,11.9
2024-05-06,219.0,66.0,60.0,34.0,34.0,18.0,11.43,14.915,12.0,11.991,11.0,11.0,12.267,22.4
2024-05-07,208.0,46.0,69.0,33.0,31.0,19.0,5.474,6.458,,6.314,,6.0,6.136,25.7
2024-05-08,219.0,61.0,63.0,34.0,36.0,19.0,9.869,9.612,,9.731,,6.0,9.792,30.4
2024-05-09,215.0,69.0,56.0,29.0,34.0,19.0,3.031,3.648,4.65,3.51,,9.0,3.587,20.5
2024-05-10,176.0,54.0,50.0,25.0,26.0,14.0,3.556,4.211,,3.911,,6.0,3.947,14.9
2024-05-11,184.0,47.0,51.0,25.0,41.0,11.0,5.103,4.913,,4.631,,6.0,4.937,16.6
2024-05-12,171.0,42.0,55.0,28.0,27.0,9.0,3.798,3.481,4.55,3.453,3.0,11.0,3.656,13.5
2024-05-13,249.0,55.0,80.0,42.0,30.0,21.0,8.614,8.144,,8.386,,6.0,8.435,19.8
2024-05-14,233.0,66.0,69.0,41.0,30.0,15.0,7.935,6.968,,5.986,,6.0,7.017,22.2
2024-05-15,205.0,53.0,55.0,42.0,29.0,15.0,4.904,4.759,5.85,4.072,,9.0,4.774,18.9
2024-05-16,231.0,63.0,70.0,40.0,33.0,16.0,2.725,3.032,,2.68,,6.0,2.866,18.7
2024-05-17,204.0,60.0,69.0,28.0,24.0,17.0,5.536,5.816,,5.341,,6.0,5.618,22.5
2024-05-18,187.0,44.0,58.0,35.0,29.0,12.0,5.482,7.077,7.8,5.965,6.7,11.0,6.605,22.4
2024-05-19,215.0,50.0,67.0,26.0,41.0,20.0,3.261,3.559,,3.131,,6.0,3.372,23.3
2024-05-20,264.0,69.0,87.0,43.0,42.0,16.0,5.224,5.671,,4.985,,6.0,5.348,24.8
2024-05-21,210.0,56.0,63.0,32.0,34.0,19.0,8.305,7.571,8.7,6.332,,9.0,7.604,27.3
2024-05-22,182.0,51.0,55.0,27.0,32.0,9.0,8.074,7.914,,7.423,,6.0,7.858,28.6
2024-05-23,223.0,60.0,75.0,34.0,31.0,15.0,9.342,8.76,,8.828,,6.0,9.031,27.4
2024-05-24,228.0,53.0,70.0,29.0,44.0,23.0,9.168,10.283,10.4,10.223,8.5,11.0,9.715,28.6
2024-05-25,187.0,51.0,47.0,36.0,33.0,15.0,8.459,9.471,,9.336,,6.0,9.143,26.3
2024-05-26,204.0,59.0,59.0,36.0,28.0,8.0,10.568,8.744,,8.53,,6.0,9.335,26.4
2024-05-27,193.0,56.0,63.0,27.0,28.0,9.0,7.883,7.948,7.6,7.666,,9.0,7.652,22.4
2024-05-28,224.0,67.0,66.0,32.0,35.0,18.0,6.518,6.577,,7.433,,6.0,6.897,26.8
2024-05-29,222.0,65.0,72.0,32.0,28.0,20.0,3.91,4.005,,4.227,,6.0,4.102,24.6
2024-05-30,197.0,56.0,49.0,33.0,35.0,16.0,5.26,5.778,6.55,5.639,4.6,11.0,5.565,21.5
2024-05-31,207.0,57.0,61.0,33.0,36.0,17.0,4.919,5.176,,5.618,,6.0,5.292,24.3
2024-06-01,144.0,38.0,44.0,23.0,27.0,8.0,6.174,6.578,,6.755,,6.0,6.557,27.7
2024-06-02,152.0,47.0,41.0,24.0,20.0,14.0,9.499,10.552,11.1,9.632,,9.0,10.073,27.5
2024-06-03,237.0,59.0,63.0,41.0,41.0,25.0,12.867,15.159,,13.774,,6.0,13.988,29.6
2024-06-04,185.0,43.0,63.0,36.0,23.0,14.0,16.087,15.565,,15.365,,6.0,15.726,26.0
2024-06-05,153.0,42.0,47.0,24.0,29.0,10.0,8.948,9.416,9.1,8.539,7.8,11.0,8.761,26.6
2024-06-06,175.0,46.0,62.0,24.0,24.0,9.0,6.44,7.175,,7.22,,6.0,6.999,27.8
2024-06-07,179.0,58.0,44.0,26.0,31.0,14.0,5.181,5.631,,5.87,,6.0,5.615,28.5
2024-06-08,154.0,40.0,53.0,22.0,20.0,12.0,3.548,3.194,3.4,3.37,,9.0,3.256,25.2
2024-06-09,144.0,38.0,52.0,18.0,22.0,10.0,4.956,5.027,,5.326,,6.0,5.157,25.0
2024-06-10,184.0,42.0,53.0,26.0,37.0,18.0,3.88,4.067,,4.173,,6.0,4.094,24.2
2024-06-11,171.0,32.0,57.0,26.0,32.0,19.0,4.419,5.209,4.775,5.47,4.7,11.0,4.915,23.3
2024-06-12,149.0,37.0,39.0,25.0,29.0,13.0,6.028,6.667,,6.121,,6.0,6.326,25.2
2024-06-13,182.0,50.0,48.0,27.0,32.0,20.0,11.568,11.523,,11.569,,6.0,11.607,29.1
2024-06-14,125.0,32.0,37.0,18.0,27.0,8.0,11.172,11.082,11.3,10.472,,9.0,10.884,29.5
2024-06-15,158.0,35.0,42.0,31.0,31.0,13.0,6.861,7.375,,7.892,,6.0,7.43,27.1
2024-06-16,133.0,28.0,44.0,24.0,28.0,6.0,5.927,6.268,,5.882,,6.0,6.08,24.4
2024-06-17,185.0,50.0,49.0,33.0,24.0,21.0,7.807,7.722,7.675,7.175,7.0,11.0,7.476,29.8
2024-06-18,170.0,50.0,51.0,21.0,34.0,11.0,8.965,7.885,,6.823,,6.0,7.945,30.0
2024-06-19,151.0,41.0,46.0,22.0,22.0,15.0,7.225,6.335,,5.87,,6.0,6.531,31.2
2024-06-20,122.0,28.0,43.0,16.0,18.0,14.0,9.275,9.042,9.9,7.672,,9.0,8.85,33.5
2024-06-21,143.0,37.0,36.0,32.0,17.0,15.0,11.536,11.175,,10.927,,6.0,11.267,35.2
2024-06-22,142.0,32.0,43.0,23.0,27.0,10.0,12.618,12.829,,12.731,,6.0,12.78,34.0
2024-06-23,154.0,41.0,36.0,24.0,32.0,14.0,10.706,10.358,10.95,9.937,10.3,11.0,10.45,35.5
2024-06-24,162.0,46.0,43.0,24.0,23.0,19.0,6.417,6.873,,6.88,,6.0,6.777,27.1
2024-06-25,151.0,34.0,47.0,22.0,28.0,15.0,11.338,12.09,,12.878,,6.0,12.156,33.4
2024-06-26,164.0,32.0,53.0,30.0,25.0,21.0,10.997,11.156,9.5,10.587,,9.0,10.437,35.3
2024-06-27,149.0,34.0,43.0,25.0,24.0,14.0,4.88,5.374,,5.316,,6.0,5.244,30.1
2024-06-28,135.0,29.0,53.0,19.0,20.0,10.0,3.792,3.885,,4.165,,6.0,4.001,25.7
2024-06-29,133.0,33.0,36.0,19.0,23.0,14.0,5.183,5.682,5.45,5.481,4.7,10.0,5.299,26.6
2024-06-30,143.0,28.0,38.0,26.0,25.0,24.0,6.957,7.533,,7.476,,6.0,7.376,33.3
2024-07-01,142.0,34.0,44.0,33.0,19.0,9.0,3.935,3.99,,4.173,,6.0,4.087,26.4
2024-07-02,162.0,42.0,50.0,31.0,21.0,15.0,6.024,4.859,7.35,4.597,,9.0,5.585,28.3
2024-07-03,153.0,41.0,47.0,25.0,19.0,19.0,6.564,6.633,,6.531,,6.0,6.63,27.7
2024-07-04,125.0,22.0,41.0,28.0,22.0,10.0,15.667,21.476,,12.326,,6.0,16.544,30.3
2024-07-05,182.0,41.0,68.0,30.0,15.0,24.0,22.414,20.216,26.725,15.484,18.1,11.0,20.588,32.1
2024-07-06,125.0,29.0,32.0,14.0,30.0,18.0,14.033,14.355,,13.209,,6.0,13.92,32.6
2024-07-07,156.0,29.0,57.0,22.0,26.0,17.0,10.864,12.361,,11.536,,6.0,11.641,32.3
2024-07-08,155.0,48.0,45.0,26.0,14.0,18.0,11.846,11.84,13.5,10.272,,9.0,11.742,32.7
2024-07-09,158.0,45.0,39.0,26.0,24.0,17.0,9.533,8.506,,8.985,,6.0,9.063,31.6
2024-07-10,161.0,45.0,33.0,35.0,21.0,21.0,8.071,8.173,,7.462,,6.0,7.956,31.6
2024-07-11,150.0,40.0,42.0,22.0,31.0,12.0,5.312,5.031,5.3,5.99,4.4,10.0,5.207,34.2
2024-07-12,131.0,35.0,36.0,24.0,18.0,8.0,5.13,5.027,,5.471,,7.0,5.264,29.3
2024-07-13,142.0,34.0,45.0,25.0,18.0,13.0,3.816,4.232,,4.325,,6.0,4.179,30.4
2024-07-14,131.0,38.0,36.0,19.0,16.0,15.0,9.192,9.369,10.35,9.798,,9.0,9.555,31.3
2024-07-15,141.0,30.0,53.0,22.0,20.0,14.0,13.179,12.381,,12.873,,6.0,12.865,34.6
2024-07-16,154.0,35.0,55.0,20.0,24.0,14.0,12.806,14.171,,13.433,,6.0,13.524,34.1
2024-07-17,149.0,33.0,41.0,38.0,18.0,8.0,10.904,10.931,11.2,11.469,9.9,11.0,10.881,31.8
2024-07-18,173.0,51.0,54.0,20.0,30.0,14.0,8.34,8.73,,9.771,,6.0,9.001,30.2
2024-07-19,130.0,37.0,31.0,24.0,23.0,9.0,4.933,5.62,,6.176,,6.0,5.631,28.3
2024-07-20,138.0,32.0,37.0,29.0,21.0,15.0,9.338,8.627,9.4,8.711,,9.0,8.897,28.3
2024-07-21,149.0,36.0,49.0,22.0,25.0,15.0,9.168,9.452,,10.364,,6.0,9.715,31.1
2024-07-22,173.0,50.0,44.0,25.0,28.0,22.0,8.531,7.574,,8.814,,6.0,8.36,28.0
2024-07-23,143.0,42.0,45.0,22.0,17.0,13.0,5.581,6.716,7.875,6.303,7.9,11.0,6.875,28.9
2024-07-24,158.0,46.0,41.0,28.0,24.0,13.0,7.961,8.615,,8.97,,6.0,8.569,29.3
2024-07-25,108.0,32.0,27.0,17.0,13.0,12.0,9.671,10.306,,10.993,,6.0,10.377,30.2
2024-07-26,143.0,47.0,35.0,20.0,25.0,14.0,5.309,5.26,5.0,5.301,,9.0,5.095,28.9
2024-07-27,129.0,26.0,38.0,28.0,20.0,12.0,12.431,13.523,,13.772,,6.0,13.296,29.8
2024-07-28,129.0,34.0,34.0,22.0,24.0,11.0,17.317,18.542,,18.958,,6.0,18.326,31.1
2024-07-29,156.0,43.0,44.0,20.0,25.0,14.0,14.937,15.723,14.475,15.016,16.1,11.0,15.25,29.0
2024-07-30,167.0,41.0,48.0,26.0,33.0,15.0,13.412,13.44,,13.231,,6.0,13.415,31.2
2024-07-31,145.0,34.0,43.0,33.0,20.0,13.0,7.835,8.073,,9.759,,6.0,8.61,31.8
2024-08-01,151.0,33.0,49.0,31.0,19.0,13.0,13.218,14.062,14.05,14.188,,9.0,13.757,34.6
2024-08-02,151.0,45.0,54.0,23.0,15.0,12.0,15.293,15.665,,17.617,,6.0,16.246,33.2
2024-08-03,111.0,30.0,26.0,22.0,17.0,13.0,7.225,8.223,,8.926,,6.0,8.179,33.3
2024-08-04,154.0,40.0,50.0,21.0,20.0,13.0,8.071,7.881,8.825,8.406,7.7,11.0,8.176,28.3
2024-08-05,182.0,41.0,60.0,26.0,32.0,18.0,12.758,12.171,,13.014,,6.0,12.702,31.9
2024-08-06,144.0,31.0,50.0,27.0,16.0,17.0,10.377,10.672,,11.566,,6.0,10.926,32.0
2024-08-07,168.0,46.0,54.0,26.0,23.0,17.0,3.613,4.483,5.8,4.544,,8.0,4.487,22.2
2024-08-08,140.0,34.0,47.0,22.0,14.0,18.0,4.526,5.677,,7.815,,6.0,6.06,23.0
2024-08-09,130.0,30.0,46.0,21.0,15.0,14.0,9.63,10.772,,12.464,,6.0,11.009,28.2
2024-08-10,128.0,39.0,33.0,30.0,13.0,4.0,7.358,7.416,7.25,8.499,6.6,11.0,7.425,29.2
2024-08-11,147.0,32.0,32.0,18.0,34.0,21.0,6.235,6.581,,7.723,,6.0,6.901,27.8
2024-08-12,154.0,33.0,52.0,19.0,35.0,7.0,5.018,5.573,,6.569,,6.0,5.774,26.1
2024-08-13,183.0,42.0,47.0,30.0,42.0,16.0,6.789,6.112,5.85,6.696,,9.0,6.239,27.2
2024-08-14,178.0,45.0,54.0,33.0,24.0,15.0,16.675,17.529,,20.584,,6.0,18.317,28.2
2024-08-15,141.0,36.0,43.0,21.0,23.0,11.0,13.03,14.26,,17.033,,6.0,14.829,30.0
2024-08-16,109.0,29.0,34.0,16.0,16.0,9.0,19.039,18.306,16.925,19.571,16.0,11.0,17.968,30.0
2024-08-17,133.0,29.0,43.0,29.0,12.0,12.0,18.009,17.508,,19.092,,6.0,18.257,26.4
2024-08-18,150.0,36.0,54.0,18.0,22.0,11.0,14.045,15.817,,16.312,,6.0,15.446,25.6
2024-08-19,157.0,43.0,55.0,15.0,25.0,11.0,5.134,5.889,4.95,5.874,,9.0,5.339,28.3
2024-08-20,152.0,47.0,49.0,19.0,21.0,11.0,3.037,3.132,,3.232,,6.0,3.188,22.4
2024-08-21,148.0,42.0,48.0,21.0,20.0,11.0,3.286,3.333,,3.389,,6.0,3.39,22.6
2024-08-22,148.0,32.0,50.0,24.0,18.0,16.0,5.542,5.681,5.1,5.65,5.0,11.0,5.395,24.4
2024-08-23,145.0,36.0,53.0,22.0,17.0,8.0,8.126,8.771,,8.811,,6.0,8.624,27.1
2024-08-24,134.0,38.0,39.0,17.0,15.0,15.0,11.912,12.343,,12.573,,6.0,12.33,29.1
2024-08-25,144.0,32.0,43.0,22.0,34.0,10.0,13.5,16.853,13.35,13.771,,9.0,14.246,29.9
2024-08-26,150.0,42.0,44.0,19.0,25.0,17.0,13.66,14.831,,14.888,,6.0,14.514,30.2
2024-08-27,144.0,44.0,40.0,16.0,25.0,10.0,12.181,12.915,,11.421,,5.0,12.226,30.3
2024-08-28,187.0,54.0,56.0,25.0,29.0,17.0,11.891,12.415,11.825,11.547,11.7,11.0,11.875,33.4
2024-08-29,125.0,35.0,37.0,18.0,25.0,10.0,5.16,5.679,,5.436,,6.0,5.48,25.9
2024-08-30,161.0,53.0,35.0,24.0,30.0,16.0,3.591,4.271,,4.272,,6.0,4.099,24.3
2024-08-31,153.0,41.0,46.0,32.0,15.0,16.0,5.5,5.546,5.8,5.084,,9.0,5.36,25.5
2024-09-01,136.0,37.0,36.0,21.0,18.0,18.0,7.665,8.038,,8.123,,6.0,7.996,28.6
2024-09-02,171.0,56.0,52.0,26.0,20.0,16.0,6.225,6.665,,6.914,,6.0,6.655,25.8
2024-09-03,159.0,41.0,56.0,25.0,25.0,5.0,3.534,4.017,4.425,4.042,3.7,11.0,3.944,22.6
2024-09-04,158.0,49.0,48.0,22.0,23.0,11.0,5.291,6.12,,5.931,,6.0,5.835,25.0
2024-09-05,157.0,46.0,45.0,24.0,20.0,11.0,5.129,5.772,,5.473,,6.0,5.512,25.3
2024-09-06,187.0,46.0,67.0,27.0,19.0,19.0,5.451,6.438,6.1,5.858,,9.0,5.839,26.5
2024-09-07,156.0,40.0,43.0,23.0,30.0,13.0,4.728,4.935,,4.942,,6.0,4.923,24.1
2024-09-08,174.0,44.0,52.0,25.0,27.0,18.0,2.974,2.946,,3.023,,6.0,3.035,21.7
2024-09-09,180.0,58.0,64.0,26.0,21.0,7.0,3.935,4.243,4.7,4.17,4.6,11.0,4.33,24.5
2024-09-10,176.0,54.0,51.0,27.0,27.0,12.0,5.071,5.622,,5.776,,6.0,5.544,25.6
2024-09-11,191.0,51.0,62.0,31.0,27.0,11.0,4.411,5.065,,4.459,,6.0,4.699,25.4
2024-09-12,202.0,66.0,49.0,39.0,20.0,17.0,7.7,8.397,7.85,7.267,,9.0,7.681,26.1
2024-09-13,205.0,52.0,66.0,23.0,41.0,15.0,8.072,7.612,,6.066,,6.0,7.304,27.4
2024-09-14,176.0,39.0,71.0,20.0,25.0,11.0,9.576,10.761,,9.635,,6.0,10.045,28.8
2024-09-15,227.0,73.0,68.0,32.0,35.0,14.0,8.007,8.239,8.25,8.36,8.0,11.0,8.171,27.6
2024-09-16,285.0,78.0,73.0,48.0,42.0,27.0,5.425,5.734,,5.228,,6.0,5.517,25.4
2024-09-17,244.0,74.0,64.0,37.0,42.0,16.0,7.679,8.169,,7.58,,6.0,7.864,26.9
2024-09-18,224.0,67.0,65.0,27.0,40.0,15.0,7.172,6.992,7.45,6.621,,9.0,6.936,23.5
2024-09-19,207.0,69.0,55.0,31.0,31.0,11.0,9.765,9.721,,9.868,,6.0,9.839,29.3
2024-09-20,241.0,71.0,66.0,41.0,33.0,19.0,5.726,5.584,,5.612,,6.0,5.695,27.3
2024-09-21,198.0,60.0,63.0,25.0,24.0,12.0,4.754,5.048,5.35,5.691,5.0,11.0,5.169,26.4
2024-09-22,212.0,53.0,62.0,43.0,29.0,13.0,4.086,4.523,,4.184,,6.0,4.319,24.6
2024-09-23,235.0,59.0,69.0,39.0,36.0,23.0,4.868,5.278,,5.115,,6.0,5.141,20.4
2024-09-24,228.0,75.0,67.0,25.0,31.0,17.0,4.588,4.819,4.7,4.903,,9.0,4.63,19.6
2024-09-25,216.0,64.0,79.0,22.0,27.0,12.0,5.382,5.914,,5.672,,6.0,5.71,20.5
2024-09-26,224.0,68.0,66.0,42.0,25.0,14.0,8.167,7.311,,6.964,,6.0,7.535,23.3
2024-09-27,172.0,47.0,44.0,48.0,14.0,8.0,3.849,4.683,5.1,3.972,4.2,11.0,4.361,22.1
2024-09-28,185.0,67.0,51.0,21.0,19.0,19.0,3.375,3.576,3.0,3.718,,7.0,3.295,20.0
2024-09-29,198.0,61.0,58.0,34.0,23.0,14.0,3.824,4.567,,4.367,,6.0,4.307,18.1
2024-09-30,245.0,69.0,63.0,44.0,43.0,14.0,4.156,4.608,4.5,4.009,,9.0,4.196,22.2
2024-10-01,212.0,71.0,65.0,30.0,30.0,10.0,4.864,5.436,,5.144,,6.0,5.202,21.2
2024-10-02,177.0,51.0,57.0,31.0,21.0,13.0,5.223,5.971,,5.541,,6.0,5.633,20.6
2024-10-03,204.0,65.0,68.0,34.0,20.0,12.0,6.34,6.606,5.0,6.428,5.8,11.0,6.035,22.4
2024-10-04,215.0,63.0,60.0,33.0,37.0,13.0,7.282,6.732,,6.479,,6.0,6.885,23.6
2024-10-05,195.0,47.0,57.0,27.0,38.0,16.0,6.291,6.917,,6.27,,6.0,6.547,23.7
2024-10-06,208.0,59.0,57.0,31.0,35.0,15.0,4.936,5.259,5.4,5.073,,9.0,5.044,22.0
2024-10-07,263.0,81.0,72.0,43.0,43.0,17.0,7.275,7.181,,7.48,,6.0,7.366,23.2
2024-10-08,219.0,69.0,53.0,34.0,41.0,16.0,3.703,3.777,,3.883,,6.0,3.842,20.4
2024-10-09,239.0,65.0,68.0,44.0,39.0,17.0,3.79,4.225,4.55,4.283,5.0,11.0,4.37,19.4
2024-10-10,199.0,56.0,58.0,31.0,34.0,9.0,2.021,2.312,,2.065,,6.0,2.187,17.8
2024-10-11,192.0,52.0,62.0,26.0,24.0,20.0,3.662,3.579,,4.415,,6.0,3.94,20.7
2024-10-12,164.0,52.0,47.0,21.0,21.0,16.0,4.315,5.05,5.25,4.88,,9.0,4.751,22.6
2024-10-13,189.0,62.0,44.0,24.0,34.0,15.0,5.065,7.096,,6.626,,6.0,6.316,23.0
2024-10-14,213.0,71.0,60.0,28.0,26.0,13.0,9.884,8.735,,8.571,,6.0,9.118,18.9
2024-10-15,212.0,76.0,59.0,26.0,32.0,12.0,2.323,2.76,2.55,2.39,3.0,11.0,2.604,14.4
2024-10-16,215.0,82.0,65.0,28.0,22.0,12.0,2.533,2.492,,2.475,,6.0,2.554,15.2
2024-10-17,193.0,52.0,50.0,25.0,32.0,22.0,3.18,3.624,,3.113,,6.0,3.36,14.8
2024-10-18,199.0,51.0,60.0,29.0,35.0,17.0,4.225,5.074,5.35,5.576,,9.0,4.934,19.0
2024-10-19,179.0,50.0,48.0,29.0,31.0,12.0,6.818,7.583,,7.724,,6.0,7.429,21.3
2024-10-20,216.0,61.0,54.0,36.0,42.0,14.0,9.723,10.42,,11.168,,6.0,10.491,23.8
2024-10-21,259.0,76.0,78.0,36.0,50.0,11.0,11.566,12.319,14.175,13.693,11.1,11.0,12.571,27.1
2024-10-22,207.0,60.0,49.0,34.0,41.0,13.0,17.469,19.408,,17.679,,6.0,18.24,27.3
2024-10-23,230.0,54.0,72.0,39.0,47.0,11.0,13.491,13.445,,11.435,,6.0,12.844,24.9
2024-10-24,209.0,38.0,60.0,45.0,34.0,20.0,5.977,6.38,5.9,6.004,,9.0,5.943,20.2
2024-10-25,195.0,47.0,57.0,34.0,38.0,10.0,4.624,5.03,,4.674,,6.0,4.83,17.9
2024-10-26,176.0,49.0,51.0,38.0,20.0,10.0,4.418,5.027,,4.823,,6.0,4.81,17.7
2024-10-27,196.0,49.0,60.0,22.0,40.0,11.0,3.161,3.021,3.1,2.989,4.2,11.0,3.294,14.4
2024-10-28,248.0,72.0,72.0,35.0,37.0,23.0,5.059,5.565,,5.474,,6.0,5.42,16.1
2024-10-29,221.0,69.0,68.0,28.0,34.0,17.0,6.076,8.115,,6.031,,6.0,6.795,17.4
2024-10-30,201.0,65.0,51.0,33.0,30.0,16.0,14.394,14.178,12.1,13.342,,9.0,13.381,25.7
2024-10-31,177.0,44.0,52.0,29.0,28.0,15.0,14.827,16.469,,16.881,,6.0,16.113,27.6
2024-11-01,188.0,44.0,58.0,25.0,33.0,20.0,6.682,7.006,,6.816,,6.0,6.889,25.9
2024-11-02,182.0,43.0,51.0,32.0,40.0,4.0,2.185,2.688,3.025,2.677,2.8,11.0,2.675,15.7
2024-11-03,210.0,63.0,59.0,33.0,37.0,10.0,3.33,3.726,,5.335,,6.0,4.185,13.0
2024-11-04,224.0,63.0,67.0,30.0,41.0,13.0,6.323,5.931,,5.827,,6.0,6.081,14.2
2024-11-05,216.0,63.0,60.0,30.0,46.0,13.0,10.259,11.663,8.7,9.428,,9.0,9.89,22.4
2024-11-06,220.0,61.0,64.0,30.0,38.0,16.0,7.964,8.569,,8.274,,6.0,8.323,26.6
2024-11-07,195.0,54.0,60.0,22.0,47.0,10.0,6.311,6.58,,6.075,,6.0,6.376,22.5
2024-11-08,192.0,59.0,61.0,27.0,28.0,10.0,7.821,4.286,4.475,8.419,4.7,11.0,5.94,20.4
2024-11-09,175.0,41.0,51.0,28.0,41.0,9.0,29.627,29.518,,31.64,,6.0,30.316,12.8
2024-11-10,186.0,47.0,49.0,25.0,38.0,21.0,5.914,7.075,,7.022,,6.0,6.724,14.5
2024-11-11,205.0,55.0,50.0,29.0,47.0,14.0,5.705,4.978,4.95,4.718,,9.0,4.965,20.6
2024-11-12,211.0,53.0,61.0,33.0,44.0,11.0,2.268,3.868,,2.31,,6.0,2.87,12.4
2024-11-13,223.0,69.0,58.0,36.0,37.0,14.0,2.59,3.021,,2.34,,6.0,2.705,9.2
2024-11-14,210.0,61.0,62.0,28.0,39.0,16.0,3.684,4.878,5.25,4.33,4.5,11.0,4.528,7.8
2024-11-15,171.0,38.0,55.0,29.0,27.0,15.0,7.31,6.11,,8.172,,6.0,7.252,14.9
2024-11-16,205.0,67.0,44.0,31.0,44.0,11.0,7.876,3.935,,8.681,,6.0,6.885,16.5
2024-11-17,206.0,64.0,53.0,29.0,39.0,19.0,16.102,9.518,11.7,19.915,,9.0,14.186,18.1
2024-11-18,249.0,63.0,86.0,30.0,40.0,26.0,6.768,6.97,,7.289,,6.0,7.063,17.9
2024-11-19,223.0,67.0,67.0,40.0,21.0,20.0,6.135,7.579,,7.062,,6.0,6.98,14.7
2024-11-20,195.0,59.0,59.0,23.0,31.0,14.0,8.148,8.068,8.4,6.856,9.0,11.0,8.094,15.8
2024-11-21,208.0,64.0,58.0,30.0,32.0,20.0,2.459,3.481,,2.888,,6.0,2.997,11.9
2024-11-22,169.0,44.0,42.0,32.0,26.0,18.0,2.884,3.104,,3.382,,6.0,3.178,4.7
2024-11-23,161.0,57.0,39.0,16.0,36.0,9.0,3.352,3.965,3.45,3.467,,8.0,3.436,8.8
2024-11-24,180.0,66.0,52.0,22.0,22.0,8.0,2.462,2.616,,2.535,,6.0,2.592,10.6
2024-11-25,213.0,66.0,53.0,31.0,35.0,18.0,4.567,5.14,,4.974,,6.0,4.948,10.7
2024-11-26,169.0,54.0,40.0,32.0,24.0,17.0,6.626,7.416,6.525,6.807,5.9,10.0,6.655,14.7
2024-11-27,160.0,45.0,40.0,28.0,26.0,13.0,6.024,6.764,,6.821,,6.0,6.59,10.3
2024-11-28,151.0,50.0,48.0,22.0,18.0,8.0,5.538,7.516,,6.131,,6.0,6.449,11.0
2024-11-29,209.0,63.0,68.0,31.0,33.0,7.0,5.273,5.401,5.25,5.073,,8.0,5.127,7.7
2024-11-30,152.0,35.0,42.0,27.0,25.0,14.0,5.781,6.944,,6.132,,5.0,6.34,3.5
2024-12-01,199.0,57.0,56.0,34.0,30.0,13.0,7.973,8.5,,8.366,,6.0,8.334,2.8
2024-12-02,197.0,56.0,70.0,20.0,34.0,7.0,5.954,6.223,5.775,6.449,7.0,10.0,6.28,4.0
2024-12-03,209.0,56.0,60.0,38.0,30.0,19.0,4.919,5.545,,5.055,,6.0,5.227,5.1
2024-12-04,199.0,57.0,61.0,26.0,23.0,21.0,6.579,7.428,,6.823,,6.0,6.998,3.7
2024-12-05,178.0,56.0,45.0,33.0,19.0,20.0,6.796,7.222,6.45,6.813,,9.0,6.698,4.6
2024-12-06,193.0,49.0,55.0,27.0,36.0,18.0,2.43,2.722,,2.528,,6.0,2.614,0.0
2024-12-07,150.0,35.0,48.0,28.0,22.0,9.0,6.525,7.528,,7.63,,6.0,7.282,4.7
2024-12-08,190.0,43.0,68.0,23.0,27.0,22.0,6.73,7.005,6.6,6.726,6.9,11.0,6.792,11.2
2024-12-09,218.0,57.0,71.0,30.0,29.0,19.0,12.039,15.468,,12.375,,6.0,13.348,10.2
2024-12-10,202.0,66.0,63.0,25.0,27.0,14.0,8.835,18.239,,14.404,,6.0,13.88,10.6
2024-12-11,181.0,53.0,43.0,32.0,27.0,13.0,5.112,6.457,5.4,5.558,,9.0,5.509,15.9
2024-12-12,170.0,51.0,56.0,22.0,22.0,10.0,4.985,5.375,,5.315,,6.0,5.279,5.1
2024-12-13,166.0,46.0,50.0,33.0,25.0,6.0,4.482,5.168,,4.831,,6.0,4.881,0.2
2024-12-14,179.0,63.0,43.0,21.0,25.0,16.0,4.683,4.826,5.35,4.796,7.9,11.0,5.511,0.7
2024-12-15,201.0,59.0,57.0,35.0,30.0,13.0,4.93,6.481,,6.015,,6.0,5.863,3.0
2024-12-16,205.0,54.0,52.0,39.0,36.0,13.0,4.991,5.738,,4.28,,6.0,5.057,9.1
2024-12-17,190.0,58.0,53.0,27.0,23.0,17.0,5.683,5.979,5.25,6.258,,9.0,5.67,14.6
2024-12-18,182.0,50.0,64.0,24.0,17.0,24.0,7.728,9.167,,8.912,,6.0,8.657,10.0
2024-12-19,174.0,55.0,52.0,20.0,27.0,12.0,3.437,4.53,,4.615,,6.0,4.248,6.7
2024-12-20,166.0,42.0,52.0,26.0,27.0,13.0,4.433,4.779,4.725,3.826,4.3,11.0,4.413,2.5
2024-12-21,155.0,49.0,49.0,22.0,21.0,7.0,3.631,4.268,,4.39,,6.0,4.15,0.4
2024-12-22,173.0,46.0,53.0,27.0,24.0,14.0,3.171,3.54,,3.617,,6.0,3.497,-6.9
2024-12-23,177.0,46.0,56.0,24.0,21.0,19.0,5.047,5.421,6.5,5.285,,9.0,5.441,-4.4
2024-12-24,165.0,51.0,56.0,25.0,16.0,7.0,9.97,11.716,,11.322,,6.0,11.057,1.9
2024-12-25,160.0,43.0,51.0,29.0,24.0,4.0,10.47,11.986,,11.931,,6.0,11.517,0.0
2024-12-26,229.0,53.0,80.0,37.0,27.0,17.0,9.598,12.419,10.6,11.262,13.3,11.0,11.436,-0.3
2024-12-27,168.0,57.0,39.0,27.0,29.0,12.0,16.228,18.842,,17.665,,6.0,17.632,2.6
2024-12-28,160.0,44.0,51.0,23.0,28.0,8.0,13.684,12.253,,11.875,,6.0,12.658,7.5
2024-12-29,195.0,61.0,60.0,32.0,30.0,9.0,7.951,7.651,7.75,6.781,,9.0,7.411,15.5
2024-12-30,202.0,61.0,62.0,31.0,29.0,14.0,4.082,5.375,,3.925,,6.0,4.515,13.0
2024-12-31,134.0,37.0,39.0,23.0,11.0,12.0,5.275,6.892,,5.634,,6.0,5.988,9.7
2025-01-01,164.0,35.0,41.0,22.0,30.0,18.0,5.55,6.692,5.815,5.526,4.7,13.0,5.656,11.0
2025-01-02,176.0,60.0,53.0,22.0,24.0,12.0,2.954,3.39,2.812,3.079,2.821,8.0,3.011,5.4
2025-01-03,147.0,37.0,40.0,18.0,22.0,19.0,5.578,6.629,5.827,5.664,5.824,8.0,5.904,3.3
2025-01-04,158.0,49.0,40.0,27.0,20.0,9.0,1.941,2.238,1.472,1.928,1.746,11.0,1.865,-0.1
2025-01-05,174.0,65.0,43.0,28.0,18.0,18.0,3.56,4.12,3.644,3.765,4.006,8.0,3.819,0.3
2025-01-06,163.0,43.0,51.0,22.0,27.0,14.0,5.062,7.077,5.321,5.978,6.542,8.0,5.996,-1.5
2025-01-07,176.0,48.0,55.0,25.0,26.0,19.0,2.599,2.949,3.11,3.59,2.555,13.0,2.961,-2.9
2025-01-08,186.0,47.0,60.0,28.0,33.0,16.0,2.306,2.779,2.202,2.515,2.004,8.0,2.361,-2.4
2025-01-09,148.0,47.0,39.0,26.0,20.0,10.0,2.618,3.027,2.425,2.822,2.129,8.0,2.604,-1.7
2025-01-10,146.0,34.0,43.0,34.0,21.0,12.0,3.862,3.982,4.467,4.068,3.3,11.0,3.936,3.3
2025-01-11,146.0,47.0,42.0,23.0,19.0,13.0,5.438,6.325,5.902,6.584,5.504,8.0,5.951,0.4
2025-01-12,134.0,35.0,37.0,28.0,21.0,7.0,10.31,12.317,11.248,11.729,10.212,8.0,11.163,4.6
2025-01-13,212.0,65.0,67.0,39.0,25.0,12.0,12.249,14.62,12.786,13.556,13.1,13.0,13.262,6.4
2025-01-14,161.0,46.0,36.0,32.0,25.0,16.0,5.167,5.785,5.227,5.514,4.726,8.0,5.284,0.3
2025-01-15,173.0,51.0,59.0,24.0,25.0,10.0,3.526,4.192,3.631,3.883,3.721,8.0,3.791,-1.3
2025-01-16,155.0,49.0,51.0,20.0,20.0,9.0,9.974,10.881,10.147,9.522,9.808,11.0,10.067,-0.7
2025-01-17,182.0,47.0,48.0,36.0,29.0,16.0,15.261,18.319,16.14,16.716,16.846,8.0,16.656,4.8
2025-01-18,136.0,40.0,36.0,21.0,24.0,9.0,10.238,11.188,11.138,11.185,7.931,8.0,10.336,6.5
2025-01-19,168.0,41.0,58.0,30.0,23.0,10.0,7.542,8.912,7.965,9.209,7.96,13.0,8.318,2.6
2025-01-20,182.0,51.0,51.0,29.0,28.0,15.0,3.573,4.07,3.621,4.11,3.142,8.0,3.703,-2.8
2025-01-21,177.0,60.0,50.0,29.0,25.0,9.0,7.71,8.92,7.706,9.273,6.704,8.0,8.063,-8.2
2025-01-22,170.0,53.0,50.0,22.0,25.0,16.0,9.911,11.252,11.247,11.167,8.619,11.0,10.439,-8.3
2025-01-23,168.0,51.0,63.0,25.0,15.0,10.0,15.238,17.035,16.212,14.876,16.021,8.0,15.876,-3.7
2025-01-24,143.0,33.0,48.0,22.0,25.0,12.0,13.406,16.731,14.51,14.938,15.944,8.0,15.106,-0.9
2025-01-25,154.0,39.0,53.0,25.0,23.0,8.0,10.971,12.05,11.859,11.456,11.956,13.0,11.658,-2.2
2025-01-26,164.0,43.0,52.0,28.0,19.0,14.0,10.81,13.388,12.1,12.434,11.81,8.0,12.109,4.1
2025-01-27,205.0,58.0,48.0,41.0,26.0,22.0,6.325,7.728,6.817,6.869,7.025,8.0,6.953,2.0
2025-01-28,150.0,41.0,43.0,28.0,20.0,15.0,5.42,6.256,5.81,5.81,5.044,11.0,5.668,4.1
2025-01-29,162.0,38.0,46.0,26.0,26.0,16.0,5.659,6.122,10.475,5.989,5.133,9.0,6.676,9.0
2025-01-30,166.0,33.0,47.0,27.0,34.0,18.0,3.52,3.874,4.645,3.823,3.006,9.0,3.773,0.9
2025-01-31,156.0,44.0,39.0,24.0,28.0,13.0,13.515,13.324,13.911,12.045,13.366,14.0,13.232,5.5
2025-02-01,142.0,37.0,35.0,11.0,42.0,15.0,6.116,6.718,11.428,6.76,5.048,9.0,7.214,5.4
2025-02-02,172.0,41.0,49.0,26.0,29.0,15.0,5.577,6.368,5.374,6.852,4.817,9.0,5.798,0.6
2025-02-03,168.0,50.0,44.0,28.0,29.0,14.0,14.27,14.135,15.154,14.015,12.119,11.0,13.939,5.8
2025-02-04,158.0,48.0,43.0,24.0,25.0,12.0,4.933,5.818,9.505,5.817,4.64,9.0,6.142,6.1
2025-02-05,174.0,41.0,48.0,31.0,27.0,20.0,3.731,4.47,4.161,5.152,3.846,9.0,4.272,1.7
2025-02-06,146.0,40.0,45.0,21.0,24.0,12.0,7.781,7.258,8.194,7.322,5.655,14.0,7.242,3.0
2025-02-07,163.0,41.0,51.0,20.0,27.0,18.0,7.012,8.125,9.266,8.007,6.31,9.0,7.744,4.7
2025-02-08,130.0,35.0,38.0,17.0,26.0,9.0,5.633,6.33,7.386,6.532,5.1,9.0,6.196,0.9
2025-02-09,125.0,42.0,35.0,9.0,22.0,14.0,6.514,8.253,7.712,7.293,7.824,12.0,7.519,1.3
2025-02-10,163.0,44.0,52.0,24.0,24.0,14.0,5.029,6.021,5.828,6.121,5.702,9.0,5.74,0.3
2025-02-11,172.0,49.0,45.0,24.0,31.0,15.0,7.98,8.491,9.36,8.485,7.804,9.0,8.424,-0.4
2025-02-12,144.0,41.0,29.0,29.0,24.0,15.0,11.39,13.742,13.105,12.157,13.816,14.0,12.842,0.6
2025-02-13,169.0,45.0,49.0,22.0,28.0,20.0,4.728,5.071,6.62,5.785,5.135,9.0,5.468,5.8
2025-02-14,134.0,33.0,49.0,21.0,19.0,11.0,3.538,4.085,4.365,3.871,3.21,9.0,3.814,0.3
2025-02-15,128.0,39.0,33.0,20.0,20.0,13.0,5.903,6.681,6.992,6.653,5.217,12.0,6.289,1.5
2025-02-16,143.0,29.0,51.0,22.0,22.0,12.0,4.086,5.2,5.51,4.375,5.902,8.0,5.015,7.2
2025-02-17,166.0,61.0,54.0,19.0,21.0,9.0,2.786,3.204,3.394,3.048,2.912,8.0,3.069,1.4
2025-02-18,148.0,45.0,43.0,24.0,16.0,12.0,3.588,3.544,3.949,3.674,3.602,14.0,3.672,-3.2
2025-02-19,167.0,55.0,42.0,26.0,25.0,12.0,3.16,3.532,3.679,3.425,2.731,9.0,3.306,-1.3
2025-02-20,146.0,40.0,44.0,20.0,20.0,16.0,4.326,5.016,4.722,4.515,3.921,9.0,4.5,-1.2
2025-02-21,111.0,31.0,37.0,15.0,12.0,10.0,3.592,4.177,5.153,4.726,3.135,12.0,4.157,-0.5
2025-02-22,139.0,33.0,48.0,19.0,25.0,10.0,8.521,8.894,10.128,9.241,7.208,9.0,8.798,3.5
2025-02-23,142.0,42.0,48.0,15.0,25.0,8.0,11.176,14.125,14.416,13.234,11.948,9.0,12.98,7.8
2025-02-24,151.0,45.0,50.0,22.0,15.0,12.0,12.384,13.766,15.228,13.674,11.446,9.0,13.3,8.1
2025-02-25,156.0,42.0,49.0,16.0,23.0,18.0,9.64,9.435,11.408,9.63,6.744,9.0,9.372,12.4
2025-02-26,162.0,40.0,44.0,25.0,26.0,17.0,5.476,7.77,6.78,6.823,6.806,9.0,6.731,12.9
2025-02-27,158.0,36.0,53.0,25.0,20.0,19.0,11.351,13.254,13.259,12.208,11.231,12.0,12.261,11.9
2025-02-28,134.0,36.0,32.0,32.0,18.0,11.0,4.122,5.117,5.218,4.376,4.131,9.0,4.593,9.3
2025-03-01,141.0,33.0,35.0,19.0,25.0,17.0,5.012,5.126,5.376,6.113,3.627,9.0,5.051,15.5
2025-03-02,148.0,35.0,50.0,22.0,23.0,12.0,3.01,3.453,3.849,3.376,3.114,14.0,3.361,0.3
2025-03-03,199.0,54.0,65.0,27.0,29.0,15.0,5.295,6.07,6.87,5.874,4.817,9.0,5.785,3.4
2025-03-04,177.0,38.0,59.0,27.0,29.0,16.0,10.821,11.731,13.16,11.117,8.204,9.0,11.007,12.5
2025-03-05,159.0,43.0,48.0,28.0,21.0,17.0,8.337,9.457,9.111,8.861,5.007,12.0,8.155,12.4
2025-03-06,160.0,44.0,49.0,22.0,30.0,9.0,5.583,6.632,6.179,5.372,3.042,9.0,5.362,12.0
2025-03-07,200.0,52.0,63.0,32.0,33.0,12.0,2.176,2.612,3.165,2.272,1.938,9.0,2.432,7.7
2025-03-08,128.0,31.0,36.0,23.0,25.0,8.0,2.467,2.637,2.805,2.528,2.209,14.0,2.529,5.8
2025-03-09,173.0,47.0,47.0,21.0,31.0,15.0,3.331,3.668,4.475,3.619,3.1,9.0,3.639,10.2
2025-03-10,193.0,50.0,55.0,27.0,38.0,16.0,6.077,7.524,8.23,6.776,5.723,9.0,6.866,17.2
2025-03-11,160.0,39.0,44.0,25.0,24.0,20.0,7.878,7.147,8.208,6.6,5.212,12.0,7.009,16.1
2025-03-12,190.0,44.0,59.0,33.0,38.0,11.0,3.75,5.073,4.851,4.273,4.142,9.0,4.418,11.1
2025-03-13,172.0,59.0,49.0,24.0,27.0,8.0,5.485,6.734,6.481,6.16,6.735,9.0,6.319,10.6
2025-03-14,177.0,51.0,38.0,29.0,26.0,21.0,6.945,6.815,7.293,6.992,6.556,14.0,6.92,13.0
2025-03-15,169.0,39.0,49.0,32.0,25.0,21.0,6.283,4.843,6.872,5.089,3.929,9.0,5.403,9.4
2025-03-16,166.0,42.0,48.0,26.0,34.0,9.0,11.004,14.981,13.529,12.032,6.306,9.0,11.571,15.8
2025-03-17,219.0,68.0,66.0,34.0,33.0,10.0,5.778,6.957,6.155,6.751,5.206,12.0,6.169,14.9
2025-03-18,187.0,49.0,61.0,30.0,34.0,10.0,4.065,5.377,4.225,3.976,3.346,9.0,4.198,14.1
2025-03-19,146.0,44.0,45.0,18.0,17.0,14.0,5.829,5.829,6.876,5.128,3.731,9.0,5.479,14.7
2025-03-20,201.0,55.0,59.0,35.0,27.0,11.0,2.949,3.28,3.88,2.463,1.253,13.0,2.765,10.3
2025-03-21,154.0,52.0,48.0,20.0,22.0,10.0,2.752,2.95,3.169,2.866,2.646,10.0,2.876,9.2
2025-03-22,161.0,56.0,35.0,25.0,26.0,10.0,5.425,5.426,6.225,5.127,4.644,9.0,5.369,15.9
2025-03-23,149.0,45.0,52.0,20.0,15.0,14.0,3.69,3.912,4.086,3.589,3.131,12.0,3.682,8.1
2025-03-24,212.0,50.0,57.0,35.0,43.0,19.0,10.473,11.516,11.172,10.375,8.427,9.0,10.393,10.4
2025-03-25,187.0,53.0,63.0,23.0,31.0,12.0,6.922,7.427,7.623,7.416,6.242,9.0,7.126,14.1
2025-03-26,156.0,36.0,55.0,16.0,29.0,14.0,3.618,4.312,4.343,4.726,3.652,14.0,4.13,9.9
2025-03-27,168.0,47.0,53.0,26.0,32.0,9.0,3.835,4.093,4.267,3.934,3.542,9.0,3.934,9.7
2025-03-28,158.0,32.0,45.0,35.0,20.0,20.0,9.274,10.378,10.985,10.159,7.302,9.0,9.62,15.4
2025-03-29,169.0,42.0,36.0,31.0,34.0,14.0,12.081,13.281,12.682,11.683,12.202,12.0,12.386,25.8
2025-03-30,149.0,48.0,41.0,19.0,21.0,12.0,8.289,11.921,11.886,10.539,7.338,9.0,9.994,13.9
2025-03-31,171.0,41.0,48.0,25.0,29.0,13.0,14.115,17.375,18.074,12.875,13.833,9.0,15.254,23.8
2025-04-01,204.0,46.0,58.0,33.0,32.0,19.0,3.514,4.205,3.726,3.79,1.719,11.0,3.391,15.7
2025-04-02,196.0,52.0,57.0,35.0,35.0,8.0,4.612,5.218,5.034,4.779,4.338,11.0,4.796,8.5
2025-04-03,187.0,58.0,58.0,20.0,31.0,15.0,11.529,12.37,13.419,12.335,9.14,9.0,11.759,21.6
2025-04-04,160.0,49.0,38.0,27.0,22.0,21.0,4.744,5.717,5.659,5.345,4.727,12.0,5.238,21.0
2025-04-05,161.0,50.0,49.0,23.0,22.0,12.0,3.566,5.135,4.573,4.109,5.838,9.0,4.644,12.5
2025-04-06,172.0,49.0,49.0,24.0,28.0,17.0,3.761,5.905,5.325,4.528,5.746,9.0,5.053,15.1
2025-04-07,194.0,53.0,63.0,32.0,18.0,17.0,3.131,4.676,4.331,3.572,4.823,14.0,4.107,9.1
2025-04-08,156.0,42.0,44.0,34.0,20.0,10.0,5.028,6.288,6.162,5.744,5.002,9.0,5.645,6.4
2025-04-09,180.0,49.0,55.0,19.0,25.0,21.0,4.422,4.729,5.576,4.575,3.825,9.0,4.625,8.2
2025-04-10,157.0,49.0,47.0,24.0,18.0,13.0,6.275,5.71,5.994,5.396,4.706,12.0,5.616,9.4
2025-04-11,154.0,40.0,47.0,26.0,21.0,15.0,5.516,6.568,6.724,5.625,6.004,9.0,6.087,7.1
2025-04-12,149.0,34.0,47.0,26.0,22.0,14.0,2.262,2.623,3.078,2.323,1.929,9.0,2.443,5.7
2025-04-13,164.0,49.0,45.0,25.0,24.0,14.0,2.96,3.083,3.504,3.076,3.008,14.0,3.126,13.9
2025-04-14,203.0,59.0,60.0,34.0,25.0,14.0,6.971,7.876,9.368,6.834,5.242,9.0,7.258,16.2
2025-04-15,172.0,46.0,42.0,30.0,24.0,22.0,10.456,9.271,9.886,10.284,6.619,9.0,9.303,18.5
2025-04-16,170.0,53.0,45.0,27.0,23.0,12.0,1.818,1.68,2.052,1.565,1.046,12.0,1.632,9.9
2025-04-17,176.0,44.0,52.0,28.0,31.0,15.0,3.622,3.807,4.53,3.775,3.227,9.0,3.792,15.2
2025-04-18,157.0,43.0,45.0,27.0,28.0,12.0,9.726,10.883,12.038,8.975,9.804,9.0,10.285,17.8
2025-04-19,143.0,38.0,46.0,20.0,22.0,10.0,15.775,16.849,16.388,16.872,13.916,14.0,15.96,26.5
2025-04-20,166.0,42.0,40.0,29.0,33.0,15.0,4.422,5.682,5.186,4.975,5.633,9.0,5.18,21.6
2025-04-21,202.0,49.0,62.0,33.0,25.0,20.0,4.788,5.567,5.431,4.907,4.738,9.0,5.086,13.5
2025-04-22,188.0,61.0,63.0,21.0,16.0,20.0,9.304,10.17,9.484,10.422,7.504,12.0,9.377,25.8
2025-04-23,181.0,47.0,55.0,33.0,24.0,17.0,7.566,10.31,10.286,7.43,12.129,9.0,9.544,24.4
2025-04-24,258.0,62.0,105.0,27.0,34.0,19.0,15.612,19.369,18.768,15.569,17.444,9.0,17.352,26.6
2025-04-25,286.0,71.0,103.0,38.0,51.0,14.0,7.433,7.353,7.683,6.526,6.55,14.0,7.109,25.2
2025-04-26,215.0,62.0,69.0,28.0,35.0,14.0,9.159,10.083,8.895,8.059,6.01,9.0,8.441,21.4
2025-04-27,212.0,48.0,64.0,41.0,36.0,15.0,1.846,1.967,2.319,1.688,1.646,8.0,1.893,14.0
2025-04-28,270.0,79.0,89.0,41.0,35.0,15.0,4.586,4.704,5.183,4.466,3.619,12.0,4.512,22.5
2025-04-29,274.0,67.0,99.0,30.0,54.0,15.0,8.121,7.977,9.616,7.26,6.635,9.0,7.922,27.3
2025-04-30,283.0,86.0,88.0,31.0,44.0,19.0,5.535,6.432,6.672,5.945,5.7,9.0,6.057,22.7
2025-05-01,345.0,88.0,121.0,52.0,51.0,19.0,4.057,4.287,4.702,3.635,4.014,14.0,4.139,21.9
2025-05-02,262.0,83.0,83.0,35.0,39.0,12.0,16.08,18.37,16.982,17.094,10.244,9.0,15.754,30.1
2025-05-03,214.0,54.0,72.0,20.0,43.0,19.0,14.138,17.288,15.07,17.03,10.244,9.0,14.754,28.9
2025-05-04,209.0,57.0,64.0,32.0,32.0,15.0,9.894,10.686,10.266,8.947,8.044,12.0,9.567,20.9
2025-05-05,195.0,48.0,68.0,36.0,25.0,11.0,5.227,10.931,8.156,6.018,8.207,9.0,7.708,19.1
2025-05-06,230.0,57.0,65.0,32.0,40.0,21.0,7.422,9.616,8.751,7.073,5.617,9.0,7.696,18.7
2025-05-07,189.0,50.0,53.0,30.0,27.0,19.0,7.137,7.22,6.866,6.722,5.062,14.0,6.602,22.1
2025-05-08,229.0,57.0,73.0,36.0,36.0,15.0,7.119,9.19,8.281,7.462,6.312,9.0,7.673,23.3
2025-05-09,213.0,63.0,63.0,34.0,30.0,15.0,4.69,6.772,5.629,5.834,4.046,9.0,5.394,16.0
2025-05-10,183.0,50.0,57.0,27.0,26.0,14.0,3.487,4.401,4.717,4.125,3.112,11.0,3.968,20.4
2025-05-11,170.0,54.0,44.0,22.0,27.0,12.0,6.485,9.13,8.281,9.974,6.219,9.0,8.018,23.1
2025-05-12,219.0,46.0,75.0,30.0,43.0,17.0,6.374,7.569,7.281,7.183,5.915,9.0,6.864,20.4
2025-05-13,209.0,52.0,68.0,34.0,31.0,17.0,9.131,7.392,9.065,7.656,6.317,14.0,7.912,19.8
2025-05-14,218.0,51.0,78.0,28.0,34.0,19.0,7.991,10.673,9.134,8.533,7.131,9.0,8.692,19.7
2025-05-15,213.0,55.0,79.0,28.0,28.0,17.0,6.856,11.384,10.317,8.775,6.623,9.0,8.791,22.6
2025-05-16,214.0,56.0,62.0,40.0,31.0,18.0,14.335,12.816,14.656,10.951,6.838,11.0,11.919,23.0
2025-05-17,194.0,55.0,56.0,28.0,28.0,19.0,10.932,10.919,11.383,11.271,6.548,9.0,10.211,26.2
2025-05-18,209.0,49.0,64.0,33.0,32.0,23.0,3.664,3.831,4.073,4.273,3.125,9.0,3.793,22.7
2025-05-19,250.0,66.0,65.0,44.0,41.0,24.0,2.84,3.215,3.383,3.281,2.658,13.0,3.075,19.5
2025-05-20,208.0,67.0,71.0,33.0,17.0,18.0,2.626,2.97,2.984,2.833,2.623,9.0,2.807,17.9
2025-05-21,197.0,57.0,69.0,29.0,26.0,9.0,4.087,4.953,5.355,4.33,3.926,9.0,4.53,13.7
2025-05-22,191.0,60.0,60.0,28.0,22.0,15.0,2.733,3.117,4.117,2.756,3.048,11.0,3.154,12.5
2025-05-23,181.0,51.0,44.0,29.0,38.0,16.0,4.178,4.47,5.122,2.367,3.425,9.0,3.912,16.2
2025-05-24,170.0,45.0,45.0,23.0,32.0,13.0,2.556,2.574,3.138,2.345,1.8,9.0,2.483,16.8
2025-05-25,163.0,48.0,41.0,29.0,20.0,15.0,3.384,3.415,3.811,3.368,2.956,13.0,3.387,19.0
2025-05-26,174.0,48.0,53.0,25.0,25.0,11.0,4.406,4.769,4.779,4.074,3.433,9.0,4.292,21.4
2025-05-27,209.0,54.0,76.0,28.0,30.0,12.0,5.875,6.588,7.022,5.267,5.042,9.0,5.959,24.8
2025-05-28,195.0,51.0,66.0,25.0,30.0,15.0,5.927,5.216,6.144,5.126,4.317,11.0,5.346,19.2
2025-05-29,188.0,53.0,52.0,22.0,43.0,11.0,5.817,9.967,7.21,5.361,5.308,9.0,6.733,21.3
2025-05-30,169.0,47.0,44.0,22.0,31.0,17.0,9.581,11.206,10.635,8.36,6.929,9.0,9.342,23.2
2025-05-31,146.0,39.0,42.0,28.0,24.0,10.0,4.665,5.473,5.355,4.655,4.605,13.0,4.95,19.3
2025-06-01,176.0,43.0,57.0,22.0,36.0,11.0,3.627,3.931,3.91,3.578,3.306,9.0,3.671,18.5
2025-06-02,190.0,54.0,46.0,35.0,32.0,15.0,4.414,5.162,5.081,4.326,3.408,9.0,4.478,21.1
2025-06-03,185.0,54.0,58.0,28.0,30.0,11.0,8.563,7.179,7.379,6.422,5.144,11.0,6.937,26.3
2025-06-04,185.0,50.0,53.0,28.0,25.0,19.0,11.664,10.825,12.321,9.477,9.131,9.0,10.683,29.5
2025-06-05,155.0,43.0,39.0,28.0,26.0,15.0,18.689,18.369,20.078,15.367,14.815,9.0,17.463,34.5
2025-06-06,151.0,42.0,47.0,21.0,22.0,13.0,18.886,18.656,19.976,15.955,16.457,13.0,17.986,31.5
2025-06-07,181.0,41.0,66.0,25.0,31.0,11.0,9.011,8.445,11.576,7.138,7.608,9.0,8.756,26.7
2025-06-08,172.0,52.0,53.0,31.0,18.0,11.0,11.175,10.557,11.478,10.488,8.246,9.0,10.389,23.9
2025-06-09,175.0,50.0,43.0,33.0,35.0,13.0,11.9,13.115,12.844,11.144,10.6,11.0,11.92,20.8
2025-06-10,155.0,50.0,42.0,29.0,22.0,6.0,8.282,12.668,11.421,8.328,9.427,9.0,10.025,25.2
2025-06-11,162.0,37.0,54.0,31.0,20.0,10.0,17.372,17.826,18.43,16.568,15.533,9.0,17.146,28.0
2025-06-12,166.0,36.0,51.0,31.0,28.0,15.0,19.977,21.185,21.952,20.984,19.157,13.0,20.651,31.8
2025-06-13,153.0,42.0,49.0,21.0,20.0,13.0,21.38,24.028,24.032,23.53,22.117,9.0,23.017,29.6
2025-06-14,145.0,38.0,53.0,22.0,17.0,11.0,16.577,18.236,18.059,17.523,17.2,9.0,17.519,20.9
2025-06-15,139.0,33.0,35.0,28.0,22.0,12.0,10.154,11.661,11.843,10.842,9.338,11.0,10.768,19.4
2025-06-16,153.0,44.0,52.0,22.0,20.0,10.0,7.927,7.673,9.078,7.58,6.627,9.0,7.777,20.2
2025-06-17,159.0,44.0,45.0,20.0,26.0,12.0,9.265,7.441,9.869,7.527,5.548,9.0,7.93,21.4
2025-06-18,141.0,35.0,41.0,24.0,20.0,10.0,8.36,6.578,8.578,6.073,5.66,13.0,7.05,28.4
2025-06-19,143.0,38.0,44.0,30.0,19.0,9.0,8.473,7.965,10.122,7.291,6.231,9.0,8.016,31.2
2025-06-20,144.0,44.0,43.0,14.0,26.0,14.0,8.111,8.325,8.714,8.183,6.827,9.0,8.032,27.8
2025-06-21,162.0,42.0,52.0,22.0,26.0,16.0,11.489,10.924,11.454,10.287,9.325,11.0,10.696,32.1
2025-06-22,152.0,40.0,51.0,24.0,21.0,12.0,12.685,12.883,13.208,12.573,9.648,9.0,12.2,33.2
2025-06-23,155.0,42.0,51.0,24.0,18.0,16.0,18.215,17.489,16.682,16.509,11.902,9.0,16.159,39.2
2025-06-24,122.0,36.0,39.0,11.0,21.0,9.0,13.729,14.43,13.258,13.822,12.069,13.0,13.461,39.3
2025-06-25,161.0,35.0,59.0,22.0,25.0,12.0,9.155,10.591,9.694,10.577,8.12,9.0,9.628,37.3
2025-06-26,141.0,27.0,52.0,23.0,19.0,14.0,8.032,9.912,8.385,8.438,7.2,9.0,8.394,30.3
2025-06-27,133.0,35.0,33.0,22.0,19.0,16.0,5.229,5.81,6.009,5.167,5.402,11.0,5.524,22.7
2025-06-28,144.0,37.0,43.0,23.0,17.0,17.0,8.614,8.311,9.819,7.817,6.2,9.0,8.152,30.1
2025-06-29,125.0,33.0,31.0,22.0,20.0,13.0,10.246,10.822,9.667,10.37,7.338,9.0,9.688,31.5
2025-06-30,161.0,47.0,51.0,29.0,19.0,9.0,9.863,10.267,10.587,9.672,8.557,12.0,9.789,34.7
2025-07-01,138.0,40.0,49.0,16.0,17.0,10.0,8.427,8.021,8.748,7.518,6.233,9.0,7.789,32.3
2025-07-02,153.0,43.0,48.0,27.0,14.0,16.0,8.025,7.904,9.418,6.764,7.027,9.0,7.828,29.6
2025-07-03,152.0,29.0,41.0,31.0,28.0,18.0,13.275,13.959,12.777,12.968,12.706,10.0,13.137,30.9
2025-07-04,122.0,26.0,47.0,13.0,23.0,10.0,15.08,14.483,12.578,13.025,14.433,9.0,13.92,27.9
2025-07-05,140.0,32.0,27.0,37.0,26.0,14.0,13.575,14.671,13.789,13.726,16.123,9.0,14.377,32.2
2025-07-06,153.0,27.0,66.0,18.0,21.0,15.0,14.481,14.661,14.456,13.619,11.262,12.0,13.696,34.3
2025-07-07,154.0,41.0,52.0,20.0,24.0,9.0,8.682,8.934,9.208,8.873,7.21,9.0,8.582,31.6
2025-07-08,134.0,42.0,45.0,11.0,20.0,11.0,7.967,8.475,9.577,8.817,6.021,9.0,8.171,35.4
2025-07-09,129.0,42.0,45.0,17.0,11.0,10.0,8.44,8.382,9.241,8.226,5.923,10.0,8.042,31.4
2025-07-10,144.0,40.0,51.0,23.0,14.0,12.0,9.452,8.966,9.68,8.023,7.927,9.0,8.81,27.2
2025-07-11,128.0,21.0,43.0,24.0,20.0,17.0,9.478,7.179,8.969,7.17,5.206,9.0,7.6,29.1
2025-07-12,127.0,30.0,38.0,24.0,17.0,13.0,6.471,5.579,6.544,5.047,4.564,12.0,5.641,30.5
2025-07-13,155.0,28.0,53.0,23.0,23.0,21.0,3.972,3.825,4.191,3.598,2.944,9.0,3.706,29.4
2025-07-14,138.0,35.0,40.0,21.0,15.0,21.0,5.378,4.478,5.027,4.405,3.948,9.0,4.647,31.3
2025-07-15,143.0,36.0,50.0,20.0,17.0,13.0,6.609,5.637,6.677,5.112,4.74,10.0,5.755,29.3
2025-07-16,131.0,27.0,42.0,21.0,21.0,17.0,9.904,7.788,8.715,7.488,5.81,9.0,7.941,30.7
2025-07-17,134.0,27.0,41.0,28.0,18.0,11.0,7.422,6.774,7.339,6.426,5.344,9.0,6.661,33.0
2025-07-18,118.0,25.0,48.0,19.0,16.0,7.0,3.785,3.185,3.883,3.332,3.212,12.0,3.479,29.8
2025-07-19,129.0,29.0,37.0,21.0,20.0,18.0,3.736,3.535,4.722,3.179,3.425,9.0,3.72,28.9
2025-07-20,144.0,44.0,40.0,24.0,22.0,11.0,7.024,5.726,7.405,5.288,4.802,9.0,6.049,33.5
2025-07-21,130.0,42.0,44.0,22.0,11.0,8.0,10.949,11.339,10.515,11.022,9.8,10.0,10.725,31.3
2025-07-22,141.0,42.0,40.0,22.0,15.0,18.0,4.916,5.735,5.63,4.99,5.225,9.0,5.299,28.5
2025-07-23,128.0,40.0,39.0,23.0,14.0,8.0,5.673,5.175,6.205,4.867,4.71,9.0,5.326,29.0
2025-07-24,147.0,36.0,46.0,21.0,25.0,14.0,7.363,6.355,8.225,5.754,8.215,12.0,7.182,31.3
2025-07-25,122.0,25.0,36.0,20.0,21.0,13.0,11.938,11.386,11.986,10.93,8.533,9.0,10.955,36.2
2025-07-26,129.0,35.0,40.0,25.0,15.0,13.0,31.674,31.166,28.538,31.521,29.715,9.0,30.523,31.4
2025-07-27,138.0,26.0,49.0,24.0,19.0,15.0,30.557,31.518,28.555,31.08,26.217,9.0,29.585,30.8
2025-07-28,150.0,42.0,54.0,21.0,18.0,11.0,12.816,12.371,13.94,11.553,9.346,9.0,12.005,34.6
2025-07-29,152.0,45.0,46.0,26.0,22.0,9.0,17.74,16.575,17.176,15.882,11.715,9.0,15.818,38.5
2025-07-30,122.0,33.0,42.0,17.0,17.0,11.0,13.461,13.714,14.024,13.653,12.815,12.0,13.533,37.7
2025-07-31,126.0,31.0,37.0,22.0,22.0,10.0,17.809,17.812,17.826,16.885,15.221,9.0,17.111,31.0
2025-08-01,125.0,33.0,35.0,20.0,16.0,18.0,10.671,11.167,11.41,10.76,9.722,9.0,10.746,23.0
2025-08-02,139.0,40.0,46.0,26.0,12.0,12.0,10.898,13.084,11.156,11.558,11.623,10.0,11.664,25.4
2025-08-03,139.0,38.0,55.0,13.0,11.0,17.0,13.424,13.128,14.235,12.327,12.119,9.0,13.047,28.2
2025-08-04,152.0,40.0,55.0,14.0,18.0,16.0,22.023,21.638,22.986,20.518,20.01,9.0,21.435,33.4
2025-08-05,151.0,34.0,56.0,25.0,19.0,13.0,31.291,29.911,31.628,29.254,23.712,12.0,29.16,30.4
2025-08-06,137.0,36.0,46.0,20.0,22.0,10.0,16.414,18.331,19.818,18.38,15.421,9.0,17.673,28.7
2025-08-07,141.0,39.0,46.0,16.0,22.0,11.0,12.531,11.931,14.712,12.554,9.913,9.0,12.328,28.4
2025-08-08,139.0,40.0,52.0,20.0,13.0,9.0,5.909,5.961,6.928,5.942,5.129,10.0,5.974,28.4
2025-08-09,122.0,32.0,37.0,16.0,21.0,5.0,7.425,8.181,10.19,6.523,6.723,9.0,7.808,30.5
2025-08-10,127.0,28.0,51.0,15.0,16.0,11.0,11.238,10.312,13.114,9.971,8.604,9.0,10.648,33.7
2025-08-11,149.0,35.0,54.0,22.0,19.0,13.0,14.026,12.958,15.408,12.738,11.216,12.0,13.269,32.6
2025-08-12,145.0,38.0,52.0,16.0,21.0,13.0,11.029,9.509,12.223,9.227,7.317,9.0,9.861,33.9
2025-08-13,152.0,38.0,47.0,19.0,28.0,14.0,8.907,6.855,9.053,6.312,5.741,9.0,7.374,32.6
2025-08-14,158.0,45.0,43.0,35.0,15.0,14.0,9.659,9.538,11.103,8.975,6.719,10.0,9.199,31.0
2025-08-15,121.0,23.0,42.0,23.0,18.0,11.0,16.678,16.636,17.923,15.969,14.306,9.0,16.303,32.6
2025-08-16,121.0,28.0,37.0,17.0,21.0,10.0,14.334,12.778,15.276,12.473,10.238,9.0,13.02,30.8
2025-08-17,133.0,39.0,39.0,20.0,20.0,10.0,13.425,12.691,14.355,12.337,9.903,12.0,12.542,35.4
2025-08-18,140.0,38.0,37.0,26.0,19.0,14.0,4.83,5.583,6.208,5.19,4.831,9.0,5.329,24.1
2025-08-19,162.0,47.0,51.0,24.0,23.0,12.0,3.542,3.72,4.185,3.36,3.004,9.0,3.562,24.6
2025-08-20,135.0,35.0,43.0,23.0,16.0,12.0,4.591,4.181,5.649,4.256,3.348,10.0,4.405,22.4
2025-08-21,132.0,27.0,43.0,29.0,16.0,11.0,3.967,3.867,4.208,3.567,3.119,9.0,3.745,21.6
2025-08-22,142.0,27.0,50.0,19.0,20.0,17.0,6.373,6.365,7.224,6.02,5.612,9.0,6.319,26.9
2025-08-23,142.0,37.0,43.0,25.0,21.0,12.0,8.278,6.682,7.779,6.085,5.627,11.0,6.89,28.2
2025-08-24,131.0,37.0,41.0,19.0,19.0,8.0,6.08,5.819,6.825,5.643,4.819,9.0,5.837,26.4
2025-08-25,160.0,43.0,60.0,24.0,18.0,11.0,6.44,5.574,6.718,5.723,4.542,9.0,5.799,31.4
2025-08-26,171.0,43.0,59.0,27.0,19.0,17.0,3.573,3.478,3.924,3.645,2.821,10.0,3.488,27.2
2025-08-27,144.0,39.0,49.0,29.0,16.0,5.0,3.344,3.384,3.877,3.371,2.725,9.0,3.34,24.9
2025-08-28,135.0,32.0,41.0,20.0,26.0,10.0,7.16,5.966,7.067,5.611,5.048,9.0,6.17,27.0
2025-08-29,149.0,49.0,40.0,26.0,18.0,13.0,6.232,5.731,6.994,5.411,4.92,12.0,5.858,27.4
2025-08-30,140.0,31.0,44.0,24.0,22.0,11.0,3.562,3.56,4.019,3.436,2.938,9.0,3.503,25.6
2025-08-31,143.0,35.0,43.0,26.0,13.0,18.0,4.832,4.425,5.729,4.009,3.808,9.0,4.561,27.3
2025-09-01,152.0,35.0,45.0,37.0,14.0,15.0,5.5,6.27,6.62,5.315,5.315,10.0,5.804,26.0
2025-09-02,169.0,42.0,64.0,30.0,23.0,9.0,5.124,5.58,6.466,4.747,6.746,9.0,5.732,26.9
2025-09-03,135.0,23.0,49.0,22.0,24.0,12.0,6.274,6.295,8.396,5.72,5.429,9.0,6.423,27.0
2025-09-04,126.0,27.0,39.0,25.0,21.0,7.0,6.071,5.611,6.39,5.022,5.061,12.0,5.631,25.5
2025-09-05,134.0,29.0,49.0,20.0,19.0,13.0,12.071,10.667,13.373,9.567,8.302,9.0,10.796,28.4
2025-09-06,163.0,39.0,50.0,36.0,19.0,15.0,12.533,11.529,14.86,10.539,10.125,9.0,11.917,30.2
2025-09-07,174.0,53.0,44.0,27.0,29.0,17.0,8.702,9.431,10.687,8.794,7.846,10.0,9.092,20.7
2025-09-08,223.0,65.0,63.0,34.0,30.0,19.0,3.708,4.689,4.819,4.265,4.002,8.0,4.296,21.5
2025-09-09,168.0,46.0,50.0,21.0,24.0,17.0,4.566,5.195,5.29,4.328,5.038,9.0,4.883,21.7
2025-09-10,180.0,38.0,62.0,32.0,24.0,15.0,5.122,5.566,6.409,4.679,4.856,12.0,5.326,20.6
2025-09-11,188.0,44.0,53.0,35.0,27.0,19.0,6.927,6.958,7.062,5.891,5.802,9.0,6.528,26.5
2025-09-12,146.0,42.0,39.0,19.0,27.0,10.0,9.575,8.63,9.927,7.924,7.908,9.0,8.793,26.9
2025-09-13,182.0,48.0,45.0,33.0,34.0,13.0,10.181,8.584,9.889,7.338,7.308,10.0,8.66,27.0
2025-09-14,218.0,59.0,77.0,31.0,25.0,17.0,11.665,9.733,12.823,8.47,8.335,9.0,10.205,29.5
2025-09-15,231.0,65.0,70.0,33.0,37.0,17.0,10.856,10.832,13.397,8.919,9.829,9.0,10.767,28.0
2025-09-16,213.0,52.0,71.0,26.0,34.0,20.0,5.355,6.029,6.924,10.392,6.053,12.0,6.95,24.3
2025-09-17,205.0,54.0,61.0,30.0,38.0,18.0,4.691,5.024,5.585,4.354,4.727,9.0,4.876,21.5
2025-09-18,210.0,57.0,79.0,29.0,21.0,14.0,8.776,7.992,10.088,6.977,6.327,9.0,8.032,27.0
2025-09-19,198.0,61.0,53.0,31.0,36.0,14.0,7.826,7.764,7.974,7.453,6.623,10.0,7.528,27.8
2025-09-20,199.0,63.0,48.0,35.0,31.0,16.0,3.969,4.327,4.668,3.803,3.9,9.0,4.133,23.2
2025-09-21,222.0,62.0,60.0,40.0,37.0,13.0,4.332,4.583,4.928,4.008,3.419,9.0,4.254,22.3
2025-09-22,270.0,89.0,68.0,40.0,48.0,15.0,6.367,5.505,6.582,4.807,5.418,12.0,5.736,22.7
2025-09-23,233.0,64.0,71.0,45.0,28.0,16.0,10.539,7.669,10.373,7.064,7.002,9.0,8.529,29.2
2025-09-24,205.0,59.0,59.0,34.0,27.0,20.0,12.112,9.718,13.129,9.071,8.113,9.0,10.429,26.2
2025-09-25,212.0,52.0,61.0,29.0,36.0,25.0,8.269,7.104,8.41,6.239,5.22,10.0,7.048,23.9
2025-09-26,189.0,68.0,46.0,18.0,35.0,11.0,6.642,6.24,7.676,5.845,4.931,9.0,6.267,26.3
2025-09-27,155.0,31.0,56.0,22.0,26.0,11.0,9.117,7.258,10.079,6.489,6.242,9.0,7.837,24.3
2025-09-28,212.0,59.0,76.0,28.0,24.0,15.0,7.887,6.866,9.451,6.327,6.316,12.0,7.369,27.9
2025-09-29,224.0,58.0,57.0,43.0,39.0,17.0,9.565,9.123,11.133,8.407,7.919,9.0,9.229,23.9
2025-09-30,188.0,61.0,51.0,30.0,20.0,15.0,9.305,10.011,10.488,9.036,9.11,9.0,9.59,25.4
2025-10-01,184.0,40.0,53.0,39.0,27.0,16.0,3.962,4.234,4.65,3.651,4.135,10.0,4.127,20.3
2025-10-02,186.0,47.0,54.0,36.0,33.0,8.0,4.286,4.037,4.323,3.485,4.015,9.0,4.029,19.0
2025-10-03,176.0,47.0,51.0,26.0,26.0,18.0,6.578,5.669,7.077,5.831,5.512,9.0,6.134,22.3
2025-10-04,158.0,55.0,34.0,30.0,17.0,16.0,10.695,11.28,12.616,9.219,9.218,12.0,10.606,27.6
2025-10-05,193.0,43.0,68.0,31.0,29.0,13.0,17.3,15.435,19.507,12.711,11.8,9.0,15.351,29.6
2025-10-06,174.0,50.0,46.0,24.0,34.0,10.0,10.992,9.421,13.021,8.623,8.208,9.0,10.053,27.3
2025-10-07,205.0,57.0,59.0,38.0,21.0,21.0,6.526,5.385,6.72,5.71,4.406,10.0,5.75,27.2
2025-10-08,176.0,47.0,50.0,29.0,21.0,15.0,3.809,3.232,3.761,3.335,2.835,9.0,3.395,21.8
2025-10-09,189.0,62.0,64.0,24.0,21.0,11.0,4.01,3.258,3.24,2.768,3.246,9.0,3.304,14.8
2025-10-10,184.0,54.0,50.0,32.0,26.0,10.0,3.526,3.221,4.52,2.569,3.614,12.0,3.49,16.3
2025-10-11,140.0,38.0,44.0,22.0,20.0,13.0,5.085,6.02,5.82,4.074,5.442,9.0,5.288,18.9
2025-10-12,141.0,39.0,42.0,21.0,17.0,14.0,3.29,3.572,3.801,3.329,2.942,9.0,3.387,16.6
2025-10-13,197.0,62.0,49.0,26.0,39.0,10.0,1.227,1.875,2.373,1.494,1.033,10.0,1.6,14.6
2025-10-14,200.0,62.0,68.0,30.0,18.0,13.0,2.631,2.614,2.877,2.129,2.121,9.0,2.474,16.0
2025-10-15,190.0,51.0,67.0,29.0,17.0,12.0,4.57,4.091,4.616,3.864,3.225,9.0,4.073,19.8
2025-10-16,178.0,51.0,55.0,32.0,21.0,12.0,2.307,2.265,3.217,2.551,2.172,12.0,2.502,15.2
2025-10-17,166.0,38.0,58.0,27.0,25.0,11.0,3.678,4.256,3.881,3.288,2.625,9.0,3.546,17.0
2025-10-18,168.0,41.0,51.0,23.0,26.0,14.0,6.022,5.49,6.335,4.617,4.31,9.0,5.355,17.6
2025-10-19,172.0,44.0,46.0,33.0,28.0,13.0,7.975,7.683,7.006,6.453,5.908,10.0,7.005,20.8
2025-10-20,215.0,54.0,65.0,26.0,43.0,20.0,4.158,3.691,4.223,3.478,3.127,9.0,3.735,19.9
2025-10-21,185.0,56.0,64.0,22.0,24.0,10.0,5.667,5.132,6.262,5.227,4.34,9.0,5.326,19.2
2025-10-22,178.0,48.0,63.0,27.0,24.0,6.0,6.921,6.475,7.318,6.08,5.823,12.0,6.523,16.6
2025-10-23,218.0,63.0,62.0,39.0,37.0,13.0,5.373,4.801,5.666,4.071,4.033,9.0,4.789,14.9
2025-10-24,173.0,54.0,44.0,26.0,27.0,14.0,4.018,3.658,4.235,3.107,3.019,9.0,3.607,15.1
2025-10-25,148.0,47.0,40.0,18.0,29.0,10.0,3.494,3.166,3.776,3.106,2.938,10.0,3.296,14.4
2025-10-26,184.0,48.0,60.0,22.0,32.0,17.0,4.322,4.374,4.065,3.882,4.646,9.0,4.258,14.5
2025-10-27,232.0,74.0,69.0,34.0,33.0,19.0,4.667,4.49,4.477,3.764,5.246,9.0,4.529,12.9
2025-10-28,219.0,62.0,69.0,34.0,27.0,17.0,3.583,4.009,4.358,3.396,5.148,11.0,4.099,12.7
2025-10-29,167.0,45.0,58.0,20.0,15.0,21.0,4.671,4.443,4.568,3.883,4.12,10.0,4.337,14.2
2025-10-30,172.0,45.0,38.0,27.0,37.0,18.0,4.394,5.147,4.728,4.385,5.717,9.0,4.874,16.3
2025-10-31,172.0,47.0,58.0,22.0,27.0,11.0,3.365,3.015,3.552,2.776,2.402,10.0,3.022,15.0
2025-11-01,158.0,56.0,50.0,21.0,22.0,3.0,3.339,3.89,3.771,2.929,3.231,9.0,3.432,14.4
2025-11-02,210.0,63.0,66.0,33.0,24.0,13.0,6.376,6.614,5.829,5.024,5.517,9.0,5.872,14.8
2025-11-03,225.0,64.0,63.0,35.0,29.0,23.0,10.224,9.431,7.639,6.808,6.355,11.0,8.091,13.9
2025-11-04,183.0,55.0,57.0,19.0,23.0,17.0,3.121,2.627,3.086,2.597,2.142,8.0,2.714,14.7
2025-11-05,185.0,50.0,58.0,26.0,27.0,13.0,6.339,4.829,6.066,5.404,5.125,8.0,5.553,17.8
2025-11-06,181.0,52.0,55.0,28.0,28.0,9.0,2.367,2.409,2.497,2.44,1.74,10.0,2.29,13.6
2025-11-07,197.0,49.0,51.0,37.0,32.0,20.0,5.156,4.14,4.812,4.483,4.5,9.0,4.618,15.0
2025-11-08,174.0,55.0,48.0,32.0,18.0,15.0,10.719,9.875,11.151,9.276,8.708,9.0,9.946,18.2
2025-11-09,179.0,40.0,61.0,27.0,30.0,14.0,12.806,13.523,14.981,11.958,12.51,11.0,13.155,16.2
2025-11-10,211.0,54.0,68.0,35.0,29.0,13.0,6.825,5.558,6.27,5.484,4.846,9.0,5.797,13.6
2025-11-11,155.0,46.0,46.0,21.0,19.0,15.0,3.743,2.518,2.974,2.331,2.202,9.0,2.754,4.4
2025-11-12,181.0,49.0,55.0,23.0,29.0,15.0,7.357,5.266,6.71,5.106,4.702,10.0,5.828,9.0
2025-11-13,184.0,55.0,43.0,29.0,24.0,22.0,4.372,3.612,4.441,3.18,3.244,9.0,3.77,10.4
2025-11-14,158.0,45.0,43.0,26.0,20.0,15.0,4.11,3.275,4.54,2.926,2.735,9.0,3.517,9.9
2025-11-15,179.0,43.0,53.0,27.0,31.0,18.0,6.404,5.588,7.274,5.56,8.602,11.0,6.686,8.5
2025-11-16,179.0,48.0,45.0,30.0,26.0,18.0,7.015,5.729,6.826,5.311,5.135,9.0,6.003,12.7
2025-11-17,197.0,57.0,61.0,40.0,21.0,9.0,2.679,1.834,2.439,1.57,1.31,9.0,1.966,6.0
2025-11-18,186.0,39.0,61.0,36.0,28.0,17.0,4.719,3.281,4.112,3.115,2.7,9.0,3.586,7.7
2025-11-19,202.0,63.0,57.0,25.0,29.0,17.0,10.577,10.477,10.826,8.559,11.108,9.0,10.31,8.3
2025-11-20,183.0,46.0,55.0,24.0,34.0,13.0,12.322,10.589,11.517,9.527,10.211,9.0,10.833,7.7
2025-11-21,169.0,54.0,54.0,19.0,27.0,9.0,24.38,19.418,20.088,19.794,10.36,12.0,18.808,10.8
2025-11-22,152.0,44.0,44.0,23.0,22.0,14.0,17.827,14.572,16.82,14.414,12.104,9.0,15.147,10.8
2025-11-23,150.0,34.0,58.0,17.0,24.0,9.0,9.426,7.728,9.49,6.691,6.835,9.0,8.034,7.5
2025-11-24,213.0,63.0,73.0,25.0,30.0,14.0,5.752,5.468,5.385,4.756,4.408,10.0,5.154,11.2
2025-11-25,168.0,40.0,59.0,16.0,34.0,14.0,9.219,6.425,7.961,6.075,5.129,9.0,6.962,12.6
2025-11-26,176.0,56.0,55.0,27.0,18.0,11.0,16.375,12.131,14.672,11.422,10.2,9.0,12.96,15.2
2025-11-27,140.0,39.0,47.0,21.0,17.0,12.0,2.928,2.972,3.245,2.43,2.269,12.0,2.769,10.3
2025-11-28,207.0,55.0,58.0,37.0,31.0,17.0,3.602,3.193,3.681,2.768,2.531,9.0,3.155,5.6
2025-11-29,169.0,42.0,52.0,16.0,32.0,15.0,2.96,2.679,3.103,2.603,2.444,9.0,2.758,5.7
2025-11-30,177.0,56.0,48.0,22.0,25.0,15.0,8.451,6.564,7.191,5.023,5.712,10.0,6.588,4.9
2025-12-01,203.0,58.0,74.0,28.0,20.0,12.0,4.802,4.024,4.641,4.011,3.346,9.0,4.165,6.1
2025-12-02,182.0,51.0,63.0,36.0,19.0,10.0,6.618,6.092,6.728,4.818,5.804,9.0,6.012,3.0
2025-12-03,190.0,51.0,61.0,23.0,35.0,16.0,5.772,5.534,5.847,5.568,4.509,12.0,5.446,4.2
2025-12-04,196.0,50.0,62.0,47.0,20.0,13.0,12.093,10.285,11.725,9.904,8.728,9.0,10.547,5.4
2025-12-05,167.0,40.0,52.0,30.0,21.0,16.0,4.47,3.613,4.306,3.271,3.21,9.0,3.774,-1.1
2025-12-06,152.0,45.0,39.0,22.0,32.0,10.0,17.593,15.278,16.292,12.622,12.7,10.0,14.897,4.5
2025-12-07,183.0,51.0,54.0,24.0,31.0,16.0,19.29,17.99,19.456,14.969,18.121,9.0,17.965,4.9
2025-12-08,231.0,68.0,80.0,31.0,29.0,16.0,4.764,4.583,4.723,3.691,4.702,9.0,4.493,1.9
2025-12-09,196.0,50.0,57.0,34.0,28.0,15.0,4.906,3.885,4.444,3.485,3.618,12.0,4.068,-0.4
2025-12-10,163.0,51.0,50.0,25.0,21.0,11.0,13.364,9.772,12.376,10.151,7.929,9.0,10.718,6.2
2025-12-11,163.0,47.0,47.0,27.0,27.0,9.0,5.385,4.288,5.381,4.047,3.233,9.0,4.467,3.9
2025-12-12,193.0,58.0,58.0,29.0,24.0,18.0,3.503,3.139,4.244,2.856,2.5,10.0,3.248,1.4
2025-12-13,159.0,48.0,48.0,27.0,20.0,10.0,11.628,9.62,11.292,8.869,9.012,9.0,10.084,3.5
2025-12-14,146.0,37.0,39.0,26.0,27.0,10.0,10.706,8.529,9.784,9.656,7.108,9.0,9.157,0.5
2025-12-15,220.0,63.0,64.0,38.0,28.0,18.0,4.105,4.633,4.852,4.482,3.565,12.0,4.327,-2.9
2025-12-16,196.0,57.0,66.0,28.0,24.0,16.0,20.419,16.058,20.165,15.066,11.021,9.0,16.546,-2.2
2025-12-17,184.0,49.0,65.0,31.0,24.0,11.0,20.878,16.678,20.733,16.273,13.017,9.0,17.516,4.6
2025-12-18,165.0,54.0,54.0,28.0,12.0,12.0,17.331,15.583,16.91,13.426,11.646,10.0,14.979,6.4
2025-12-19,159.0,37.0,51.0,27.0,27.0,13.0,7.373,5.466,6.039,6.042,3.025,9.0,5.589,14.1
2025-12-20,159.0,48.0,44.0,25.0,24.0,14.0,6.028,5.273,6.192,4.912,4.021,9.0,5.285,2.6
2025-12-21,163.0,47.0,52.0,16.0,23.0,19.0,5.437,5.209,6.188,4.822,4.062,12.0,5.144,7.7
2025-12-22,194.0,61.0,55.0,42.0,17.0,9.0,7.078,6.274,7.37,5.974,4.838,9.0,6.307,3.0
2025-12-23,184.0,49.0,50.0,28.0,29.0,19.0,13.334,9.833,13.059,10.18,7.81,9.0,10.844,2.7
2025-12-24,116.0,37.0,32.0,17.0,16.0,9.0,10.042,8.992,8.851,8.533,6.627,10.0,8.609,7.3
2025-12-25,140.0,37.0,41.0,21.0,16.0,15.0,6.576,5.143,6.374,5.482,4.331,9.0,5.581,8.1
2025-12-26,173.0,36.0,54.0,30.0,33.0,12.0,3.986,3.981,4.136,5.29,2.725,9.0,4.024,-2.8
2025-12-27,158.0,29.0,54.0,26.0,27.0,14.0,3.929,6.143,6.761,5.826,5.531,10.0,5.638,-0.8
2025-12-28,158.0,37.0,49.0,24.0,26.0,16.0,16.274,13.41,16.139,13.125,12.848,9.0,14.359,0.9
2025-12-29,163.0,52.0,45.0,23.0,21.0,18.0,8.165,8.778,9.464,6.914,7.833,9.0,8.231,7.2
2025-12-30,140.0,34.0,46.0,23.0,19.0,11.0,2.19,1.832,2.448,1.916,1.224,9.0,1.922,-0.3
2025-12-31,127.0,24.0,43.0,19.0,21.0,10.0,9.424,7.808,9.267,7.379,6.004,9.0,7.976,-0.1
2026-01-01,155.0,39.0,54.0,25.0,18.0,11.0,4.618,4.037,4.826,4.323,3.206,9.0,4.202,0.6
2026-01-02,192.0,55.0,53.0,41.0,18.0,18.0,6.684,6.364,7.115,6.41,5.069,12.0,6.328,-1.7
2026-01-03,151.0,33.0,44.0,33.0,24.0,12.0,6.811,5.994,6.877,6.19,5.448,9.0,6.264,-0.8
2026-01-04,143.0,35.0,36.0,25.0,24.0,15.0,6.964,6.075,7.359,6.116,5.515,9.0,6.406,0.9
2026-01-05,165.0,52.0,43.0,29.0,31.0,9.0,9.64,7.636,7.851,6.728,7.833,10.0,7.938,0.9
2026-01-06,155.0,43.0,45.0,31.0,19.0,12.0,23.292,21.876,22.315,21.156,17.204,9.0,21.169,3.7
2026-01-07,178.0,56.0,52.0,22.0,25.0,22.0,14.471,13.207,14.124,12.559,11.215,9.0,13.115,9.0
2026-01-08,157.0,39.0,46.0,35.0,18.0,15.0,7.292,6.83,6.852,7.029,5.044,11.0,6.609,9.9
2026-01-09,120.0,32.0,40.0,21.0,8.0,14.0,13.869,10.117,12.167,9.846,8.303,10.0,10.86,10.6
2026-01-10,146.0,26.0,50.0,24.0,25.0,19.0,5.959,6.559,6.578,5.635,6.606,8.0,6.268,8.8
2026-01-11,161.0,49.0,49.0,24.0,22.0,12.0,4.216,4.479,4.623,3.183,4.131,10.0,4.127,8.2
2026-01-12,153.0,37.0,42.0,34.0,22.0,15.0,5.954,4.871,5.72,5.104,4.308,8.0,5.191,4.7
2026-01-13,156.0,42.0,51.0,24.0,22.0,14.0,10.704,8.414,10.576,9.346,7.938,8.0,9.395,7.2
2026-01-14,146.0,34.0,48.0,28.0,20.0,9.0,15.671,13.133,14.256,12.584,10.417,12.0,13.212,9.3
2026-01-15,160.0,38.0,55.0,30.0,22.0,11.0,9.776,7.789,8.428,8.94,6.838,8.0,8.354,6.6
2026-01-16,166.0,41.0,55.0,28.0,24.0,12.0,5.432,4.664,5.273,4.64,4.121,8.0,4.826,0.1
2026-01-17,122.0,40.0,32.0,24.0,17.0,7.0,15.466,12.323,13.01,9.315,11.238,10.0,12.27,1.9
2026-01-18,114.0,23.0,37.0,20.0,17.0,14.0,26.141,22.769,22.822,23.21,23.106,8.0,23.61,0.6
2026-01-19,137.0,27.0,41.0,26.0,31.0,8.0,10.974,9.02,9.031,9.612,7.846,8.0,9.297,-1.4
2026-01-20,163.0,35.0,56.0,29.0,20.0,14.0,7.43,6.474,6.753,6.271,5.506,10.0,6.487,-4.5
2026-01-21,145.0,41.0,34.0,31.0,23.0,12.0,7.486,6.015,7.082,5.844,6.215,9.0,6.528,1.1
2026-01-22,189.0,62.0,54.0,31.0,21.0,15.0,11.304,8.968,10.652,9.546,8.231,8.0,9.74,6.5
2026-01-23,134.0,33.0,45.0,22.0,19.0,11.0,5.16,4.576,5.085,4.431,3.929,10.0,4.636,2.2
2026-01-24,118.0,38.0,26.0,21.0,17.0,12.0,3.612,3.58,3.576,3.34,2.735,8.0,3.369,-7.6
2026-01-25,124.0,30.0,44.0,19.0,17.0,10.0,4.929,4.705,5.124,4.329,4.538,8.0,4.725,-5.2
2026-01-26,149.0,35.0,40.0,26.0,19.0,22.0,6.041,5.173,5.017,4.94,5.012,10.0,5.237,-3.1
2026-01-27,176.0,47.0,38.0,30.0,39.0,15.0,8.925,6.71,8.324,7.54,6.427,7.0,7.585,-7.4
2026-01-28,174.0,54.0,54.0,25.0,26.0,9.0,15.576,11.906,14.517,13.227,12.308,8.0,13.507,-6.7
2026-01-29,150.0,39.0,54.0,20.0,22.0,12.0,12.523,10.105,11.282,9.914,9.808,8.0,10.727,-7.8
2026-01-30,149.0,39.0,40.0,22.0,29.0,14.0,4.022,4.312,4.08,3.642,3.306,9.0,3.872,-9.2
2026-01-31,139.0,31.0,36.0,25.0,27.0,12.0,7.261,6.633,6.416,6.14,5.7,8.0,6.43,-6.8
2026-02-01,153.0,38.0,41.0,25.0,31.0,13.0,4.895,4.278,3.957,4.131,3.36,10.0,4.124,-6.4
2026-02-02,185.0,46.0,56.0,25.0,39.0,17.0,4.56,4.505,4.279,4.417,3.144,8.0,4.181,-0.8
2026-02-03,186.0,49.0,57.0,24.0,31.0,20.0,12.882,11.726,12.319,11.8,11.506,8.0,12.047,-1.0
2026-02-04,175.0,51.0,51.0,28.0,30.0,10.0,10.139,10.32,9.176,8.472,10.008,10.0,9.623,-1.0
2026-02-05,177.0,58.0,49.0,26.0,24.0,13.0,9.257,9.378,9.625,9.37,10.525,9.0,9.631,-2.7
2026-02-06,177.0,45.0,41.0,39.0,30.0,14.0,12.407,11.082,12.556,10.771,11.302,9.0,11.624,-2.4
2026-02-07,152.0,35.0,49.0,24.0,21.0,19.0,11.045,13.626,8.509,11.719,10.364,12.0,11.052,-3.7
2026-02-08,134.0,29.0,38.0,24.0,23.0,16.0,5.175,4.902,4.783,5.62,3.34,9.0,4.764,-10.2
2026-02-09,184.0,45.0,60.0,29.0,29.0,15.0,7.269,8.031,6.68,8.374,5.128,9.0,7.096,-3.8
2026-02-10,176.0,54.0,44.0,32.0,20.0,17.0,15.245,12.514,14.511,11.199,12.233,9.0,13.14,-0.4
2026-02-11,163.0,35.0,38.0,33.0,27.0,21.0,16.2,12.921,14.331,13.043,11.619,9.0,13.623,3.2
2026-02-12,184.0,53.0,48.0,30.0,26.0,18.0,3.868,3.384,3.626,3.628,2.723,9.0,3.446,0.8
2026-02-13,140.0,40.0,32.0,22.0,25.0,15.0,5.246,5.789,5.847,5.2,5.004,12.0,5.417,0.9
2026-02-14,131.0,36.0,38.0,19.0,23.0,13.0,17.429,16.125,17.029,15.61,15.108,9.0,16.26,3.6
2026-02-15,147.0,31.0,57.0,22.0,22.0,9.0,23.484,19.431,21.171,19.676,19.312,9.0,20.615,2.4
2026-02-16,193.0,55.0,60.0,28.0,32.0,11.0,7.186,6.875,8.845,5.848,7.123,10.0,7.175,2.1
2026-02-17,210.0,64.0,45.0,43.0,32.0,19.0,30.809,27.938,29.326,27.655,25.317,9.0,28.209,5.8
2026-02-18,163.0,47.0,56.0,29.0,14.0,10.0,37.22,29.778,30.075,30.561,26.042,9.0,30.735,3.4
2026-02-19,178.0,46.0,62.0,35.0,24.0,10.0,8.918,9.971,10.175,9.037,8.508,11.0,9.322,3.2
2026-02-20,161.0,36.0,52.0,24.0,28.0,13.0,6.124,7.062,6.82,5.951,6.904,9.0,6.572,3.5
2026-02-21,153.0,42.0,51.0,18.0,27.0,12.0,7.077,6.874,7.083,6.928,6.925,9.0,6.978,8.0
2026-02-22,127.0,22.0,42.0,19.0,23.0,17.0,6.023,6.226,7.485,5.724,5.24,10.0,6.139,2.5
2026-02-23,114.0,43.0,35.0,14.0,13.0,6.0,3.107,2.619,2.866,2.674,2.338,9.0,2.721,1.6
2026-02-24,183.0,52.0,59.0,25.0,26.0,16.0,4.884,3.969,4.234,4.722,3.744,9.0,4.311,-1.5
2026-02-25,167.0,51.0,52.0,19.0,25.0,15.0,16.269,13.478,14.674,13.741,12.417,11.0,14.116,2.5
2026-02-26,165.0,44.0,56.0,21.0,24.0,12.0,22.678,20.625,21.224,21.581,18.169,10.0,20.855,4.4
2026-02-27,158.0,45.0,40.0,23.0,29.0,15.0,12.019,9.035,10.627,8.53,8.419,9.0,9.726,1.2
2026-02-28,150.0,32.0,45.0,33.0,22.0,10.0,18.455,13.135,16.585,12.687,14.227,10.0,15.018,3.0
2026-03-01,138.0,41.0,37.0,26.0,14.0,15.0,7.872,7.015,7.588,7.717,6.412,9.0,7.321,3.2
2026-03-02,184.0,53.0,65.0,30.0,16.0,12.0,4.726,4.266,5.014,4.132,3.708,9.0,4.369,-2.1
2026-03-03,170.0,47.0,55.0,30.0,22.0,12.0,6.465,6.785,7.08,8.028,5.722,12.0,6.816,1.0
2026-03-04,160.0,39.0,54.0,30.0,22.0,13.0,18.847,15.392,15.975,14.023,13.709,9.0,15.589,7.4
2026-03-05,152.0,40.0,43.0,22.0,26.0,14.0,17.265,13.583,14.517,12.586,12.017,9.0,13.994,5.2
2026-03-06,170.0,43.0,47.0,24.0,24.0,21.0,5.051,6.084,5.897,3.975,6.531,10.0,5.508,5.7
2026-03-07,156.0,44.0,46.0,22.0,22.0,13.0,13.63,11.122,13.978,9.985,9.027,9.0,11.549,9.7
2026-03-08,156.0,50.0,48.0,20.0,28.0,7.0,14.04,13.611,15.054,13.078,13.025,9.0,13.762,20.2
2026-03-09,188.0,50.0,63.0,29.0,20.0,19.0,10.106,8.447,8.51,8.472,5.75,12.0,8.257,20.5
2026-03-10,186.0,44.0,57.0,37.0,27.0,15.0,19.533,13.006,12.761,12.694,8.548,9.0,13.309,24.4
2026-03-11,178.0,53.0,45.0,29.0,32.0,12.0,20.838,15.862,22.082,16.268,10.629,9.0,17.136,22.9
2026-03-12,172.0,42.0,45.0,30.0,31.0,16.0,11.349,8.972,8.585,9.022,6.102,10.0,8.806,17.4
2026-03-13,185.0,48.0,56.0,26.0,28.0,18.0,5.379,4.826,5.468,4.728,3.629,9.0,4.806,5.3
2026-03-14,178.0,46.0,56.0,28.0,23.0,21.0,5.022,4.579,5.073,4.677,3.84,9.0,4.638,10.0
2026-03-15,162.0,54.0,52.0,18.0,19.0,9.0,4.992,5.229,5.578,4.503,4.807,12.0,5.022,7.0
2026-03-16,222.0,62.0,66.0,26.0,39.0,20.0,5.583,5.365,5.642,4.269,4.215,9.0,5.015,17.1
2026-03-17,196.0,50.0,57.0,27.0,36.0,12.0,2.373,2.262,2.46,2.058,2.011,9.0,2.233,13.5
2026-03-18,177.0,53.0,46.0,29.0,26.0,16.0,4.304,3.686,4.417,3.61,3.315,10.0,3.866,2.2
2026-03-19,187.0,55.0,50.0,24.0,30.0,18.0,6.867,5.28,6.989,4.684,4.54,9.0,5.672,4.9
2026-03-20,152.0,40.0,57.0,17.0,21.0,12.0,12.424,8.68,13.222,10.408,9.204,9.0,10.788,12.3
2026-03-21,171.0,45.0,54.0,17.0,32.0,14.0,7.67,9.546,9.178,8.442,7.417,11.0,8.451,13.8
2026-03-22,186.0,61.0,54.0,25.0,23.0,15.0,13.108,13.344,14.674,12.276,10.935,8.0,12.868,16.3
2026-03-23,228.0,70.0,62.0,33.0,37.0,16.0,5.322,4.953,5.722,5.459,5.429,9.0,5.377,10.0
2026-03-24,197.0,62.0,56.0,27.0,29.0,17.0,4.806,3.49,4.616,3.731,3.604,10.0,4.049,8.2
2026-03-25,192.0,63.0,55.0,25.0,21.0,22.0,8.224,7.567,10.283,7.839,7.146,9.0,8.212,10.9
2026-03-26,167.0,52.0,46.0,26.0,24.0,13.0,14.276,13.628,15.577,13.823,13.04,9.0,14.069,22.1
2026-03-27,173.0,47.0,47.0,25.0,34.0,13.0,5.612,6.485,6.026,5.83,6.231,9.0,6.037,17.4
2026-03-28,186.0,53.0,45.0,35.0,29.0,16.0,3.985,4.177,4.572,4.161,3.923,9.0,4.164,5.8
2026-03-29,174.0,39.0,48.0,23.0,34.0,14.0,6.162,5.847,6.381,5.986,5.048,9.0,5.885,12.2
2026-03-30,196.0,58.0,52.0,29.0,35.0,15.0,7.633,6.932,7.766,7.721,6.212,9.0,7.253,20.6
2026-03-31,185.0,53.0,64.0,22.0,24.0,11.0,11.415,10.506,11.42,13.142,9.329,9.0,11.162,26.1
2026-04-01,159.0,38.0,48.0,33.0,16.0,20.0,7.109,6.722,7.494,8.086,6.122,9.0,7.107,25.3
2026-04-02,166.0,38.0,47.0,34.0,24.0,12.0,4.035,4.778,4.874,3.975,4.421,9.0,4.417,12.1
2026-04-03,173.0,38.0,59.0,30.0,25.0,14.0,10.388,8.26,9.782,7.769,5.921,9.0,8.424,20.8
2026-04-04,173.0,55.0,46.0,25.0,27.0,12.0,8.558,10.635,10.227,9.545,10.7,9.0,9.933,21.2
2026-04-05,179.0,50.0,45.0,27.0,31.0,20.0,5.821,7.061,6.576,6.424,5.906,9.0,6.358,15.5
2026-04-06,180.0,58.0,56.0,22.0,24.0,15.0,3.875,4.059,4.457,4.021,3.404,9.0,3.963,12.5
2026-04-07,160.0,47.0,46.0,31.0,20.0,11.0,4.124,4.176,4.739,4.296,4.108,9.0,4.289,11.3
2026-04-08,154.0,55.0,38.0,20.0,21.0,10.0,4.429,4.525,5.26,4.173,4.738,9.0,4.625,9.3
2026-04-09,153.0,46.0,46.0,25.0,16.0,10.0,6.814,5.871,7.167,5.784,5.81,9.0,6.289,10.0
2026-04-10,141.0,38.0,42.0,27.0,22.0,11.0,12.671,10.339,13.41,9.574,9.121,9.0,11.023,17.5
2026-04-11,139.0,38.0,44.0,13.0,20.0,18.0,4.539,4.119,4.666,4.406,3.921,9.0,4.33,17.1
2026-04-12,123.0,38.0,39.0,20.0,17.0,7.0,5.329,5.892,6.453,5.265,5.104,9.0,5.609,13.2
2026-04-13,171.0,55.0,52.0,19.0,27.0,10.0,13.026,11.57,13.169,12.051,10.525,9.0,12.068,26.0
2026-04-14,169.0,48.0,49.0,27.0,25.0,16.0,10.781,10.336,12.442,10.841,10.523,9.0,10.985,30.6
2026-04-15,165.0,45.0,54.0,21.0,28.0,12.0,9.457,9.105,10.124,9.557,8.312,9.0,9.311,32.0
2026-04-16,208.0,55.0,61.0,26.0,32.0,24.0,15.083,15.374,14.386,15.52,12.844,9.0,14.641,32.2
2026-04-17,182.0,50.0,62.0,28.0,18.0,16.0,4.428,5.738,5.303,5.108,4.802,9.0,5.076,26.1
2026-04-18,173.0,43.0,58.0,30.0,24.0,14.0,4.844,6.128,6.421,4.782,5.819,9.0,5.599,20.1
2026-04-19,179.0,44.0,58.0,30.0,22.0,13.0,3.63,3.914,4.811,3.544,3.048,9.0,3.789,11.5
2026-04-20,208.0,75.0,51.0,32.0,35.0,8.0,4.285,3.968,4.534,4.171,4.008,9.0,4.193,10.2
2026-04-21,219.0,47.0,76.0,41.0,31.0,15.0,4.621,4.666,5.206,4.241,3.946,9.0,4.536,11.5
2026-04-22,232.0,77.0,73.0,31.0,31.0,13.0,6.715,7.416,7.228,6.585,6.235,9.0,6.836,12.3
2026-04-23,175.0,43.0,47.0,33.0,24.0,17.0,7.879,8.534,8.308,8.123,9.046,9.0,8.378,22.4
2026-04-24,199.0,57.0,52.0,31.0,28.0,19.0,5.164,5.674,5.341,5.343,4.935,9.0,5.291,20.9
2026-04-25,195.0,57.0,56.0,36.0,27.0,11.0,4.215,4.669,4.571,4.123,4.229,9.0,4.361,10.1
2026-04-26,217.0,69.0,73.0,26.0,27.0,13.0,3.224,3.93,3.584,3.224,3.235,9.0,3.44,13.2
2026-04-27,249.0,71.0,67.0,40.0,42.0,17.0,4.415,4.638,4.074,4.412,4.535,9.0,4.415,19.4
2026-04-28,230.0,65.0,75.0,34.0,24.0,20.0,4.369,3.562,3.824,3.867,3.133,9.0,3.751,18.0
2026-04-29,205.0,55.0,65.0,32.0,19.0,18.0,6.165,5.68,5.79,5.722,5.24,9.0,5.719,17.2
2026-04-30,204.0,56.0,54.0,35.0,35.0,19.0,6.286,5.547,5.518,5.872,3.448,9.0,5.334,15.5
2026-05-01,197.0,54.0,47.0,38.0,42.0,11.0,4.412,4.518,4.591,4.239,3.819,9.0,4.316,18.3
2026-05-02,192.0,47.0,63.0,33.0,22.0,14.0,4.115,3.965,3.919,4.656,3.5,9.0,4.031,15.2
2026-05-03,184.0,55.0,52.0,18.0,32.0,15.0,3.364,3.51,3.77,3.626,3.027,9.0,3.459,14.3
2026-05-04,226.0,71.0,69.0,29.0,33.0,14.0,6.679,6.218,6.128,7.163,5.21,9.0,6.28,24.2
2026-05-05,193.0,56.0,54.0,26.0,33.0,15.0,15.31,14.305,12.531,16.016,10.725,9.0,13.778,29.1
2026-05-06,167.0,52.0,47.0,20.0,24.0,21.0,10.879,9.272,8.029,12.231,7.025,9.0,9.487,22.6
2026-05-07,200.0,64.0,63.0,24.0,35.0,9.0,3.59,4.144,3.725,4.738,4.51,9.0,4.141,19.1
2026-05-08,216.0,59.0,67.0,32.0,28.0,19.0,5.775,6.316,5.992,6.832,5.346,9.0,6.052,18.2
2026-05-09,160.0,40.0,52.0,23.0,27.0,10.0,12.282,11.922,11.234,10.971,9.335,9.0,11.149,18.5
2026-05-10,163.0,46.0,54.0,19.0,22.0,14.0,17.131,17.435,19.625,14.696,19.729,9.0,17.723,23.8
2026-05-11,209.0,58.0,57.0,31.0,31.0,22.0,2.58,2.786,2.284,2.583,2.644,9.0,2.576,17.1
2026-05-12,192.0,51.0,74.0,28.0,22.0,13.0,2.976,3.127,3.04,3.105,2.427,9.0,2.935,20.1
2026-05-13,189.0,55.0,60.0,28.0,29.0,14.0,6.65,6.517,6.316,6.575,4.308,9.0,6.073,24.7
2026-05-14,188.0,51.0,69.0,26.0,26.0,8.0,4.916,4.69,4.575,5.857,3.317,9.0,4.671,19.1
2026-05-15,176.0,56.0,50.0,26.0,23.0,18.0,3.269,3.232,3.326,3.708,2.544,9.0,3.216,19.4
2026-05-16,159.0,42.0,52.0,19.0,24.0,18.0,7.69,6.473,6.323,7.827,5.71,9.0,6.805,28.3
2026-05-17,153.0,35.0,41.0,22.0,28.0,20.0,11.917,10.877,10.38,11.165,8.904,9.0,10.649,32.5
2026-05-18,195.0,59.0,50.0,32.0,25.0,21.0,16.781,14.917,15.418,16.628,15.529,9.0,15.855,32.4
2026-05-19,168.0,39.0,45.0,34.0,26.0,18.0,16.289,15.717,15.411,18.923,14.127,9.0,16.093,35.9
2026-05-20,170.0,39.0,48.0,27.0,24.0,27.0,8.214,8.807,8.424,9.126,8.446,9.0,8.603,33.7
2026-05-21,195.0,52.0,63.0,37.0,16.0,22.0,3.233,3.784,3.336,3.924,3.631,9.0,3.582,21.1
2026-05-22,166.0,46.0,58.0,23.0,19.0,15.0,3.578,3.981,3.682,3.661,3.821,9.0,3.745,20.6
2026-05-23,142.0,30.0,51.0,32.0,11.0,12.0,3.942,4.411,4.169,4.532,3.648,9.0,4.14,14.1
2026-05-24,130.0,29.0,34.0,28.0,19.0,11.0,2.52,3.927,3.075,3.085,4.121,9.0,3.346,15.2
2026-05-25,158.0,41.0,44.0,37.0,18.0,9.0,5.456,6.73,5.965,6.325,6.738,9.0,6.243,23.1
2026-05-26,209.0,49.0,65.0,31.0,38.0,17.0,5.909,5.782,5.642,6.029,5.921,9.0,5.857,26.0
2026-05-27,177.0,40.0,57.0,25.0,28.0,17.0,8.428,7.929,8.461,8.527,7.725,9.0,8.214,27.6
2026-05-28,134.0,30.0,39.0,24.0,19.0,17.0,4.462,4.182,4.015,4.584,5.641,9.0,4.577,24.7
2026-05-29,140.0,29.0,41.0,30.0,21.0,10.0,4.053,3.868,4.017,4.403,3.433,9.0,3.955,26.8
2026-05-30,123.0,35.0,29.0,15.0,23.0,14.0,2.476,2.924,2.636,2.632,3.0,9.0,2.734,20.6
2026-05-31,132.0,41.0,41.0,25.0,16.0,4.0,4.617,4.88,4.812,5.073,4.229,9.0,4.722,25.6
2026-06-01,165.0,44.0,47.0,24.0,25.0,20.0,,,,,,,,21.8
2026-06-02,135.0,46.0,27.0,22.0,21.0,14.0,,,,,,,,25.2
2026-06-03,147.0,28.0,47.0,25.0,26.0,16.0,,,,,,,,29.3
2026-06-04,133.0,35.0,36.0,21.0,20.0,14.0,,,,,,,,31.7
2026-06-05,165.0,47.0,42.0,32.0,18.0,19.0,,,,,,,,33.7
2026-06-06,120.0,27.0,39.0,24.0,15.0,9.0,,,,,,,,33.3
2026-06-07,158.0,37.0,45.0,25.0,26.0,13.0,,,,,,,,29.2
2026-06-08,196.0,53.0,59.0,38.0,19.0,20.0,,,,,,,,24.5
2026-06-09,154.0,38.0,46.0,28.0,23.0,10.0,,,,,,,,27.7
2026-06-10,143.0,31.0,40.0,22.0,23.0,23.0,,,,,,,,28.9
2026-06-11,153.0,41.0,37.0,32.0,22.0,16.0,,,,,,,,34.6
2026-06-12,152.0,31.0,49.0,31.0,19.0,14.0,,,,,,,,34.4
2026-06-13,154.0,50.0,51.0,26.0,10.0,12.0,,,,,,,,31.5
2026-06-14,179.0,52.0,45.0,37.0,22.0,17.0,,,,,,,,32.9
2026-06-15,206.0,63.0,60.0,30.0,29.0,14.0,,,,,,,,24.1
2026-06-16,155.0,43.0,46.0,27.0,22.0,14.0,,,,,,,,26.0
2026-06-17,163.0,54.0,37.0,25.0,29.0,13.0,,,,,,,,25.7
2026-06-18,136.0,27.0,40.0,29.0,19.0,16.0,,,,,,,,31.8
2026-06-19,138.0,31.0,37.0,21.0,24.0,20.0,,,,,,,,29.0
2026-06-20,124.0,35.0,44.0,21.0,9.0,9.0,,,,,,,,29.1
2026-06-21,123.0,29.0,34.0,18.0,14.0,20.0,,,,,,,,28.5
2026-06-22,158.0,44.0,56.0,23.0,15.0,12.0,,,,,,,,24.9
2026-06-23,138.0,38.0,45.0,18.0,18.0,13.0,,,,,,,,21.8
2026-06-24,142.0,38.0,34.0,33.0,18.0,15.0,,,,,,,,27.5
2026-06-25,128.0,34.0,39.0,18.0,21.0,11.0,,,,,,,,28.9
2026-06-26,126.0,25.0,43.0,21.0,19.0,11.0,,,,,,,,27.6
2026-06-27,115.0,33.0,33.0,14.0,13.0,13.0,,,,,,,,25.3
2026-06-28,115.0,35.0,27.0,19.0,16.0,16.0,,,,,,,,27.1
2026-06-29,145.0,36.0,37.0,29.0,22.0,13.0,,,,,,,,31.0
2026-06-30,159.0,38.0,51.0,24.0,20.0,16.0,,,,,,,,33.4
2026-07-01,122.0,32.0,30.0,24.0,20.0,12.0,,,,,,,,35.4
2026-07-02,127.0,38.0,40.0,16.0,18.0,11.0,,,,,,,,39.1
2026-07-03,144.0,38.0,40.0,31.0,17.0,11.0,,,,,,,,38.5
2026-07-04,117.0,28.0,33.0,19.0,13.0,14.0,,,,,,,,34.8
2026-07-05,122.0,28.0,44.0,16.0,18.0,13.0,,,,,,,,28.5
2026-07-06,143.0,40.0,40.0,23.0,18.0,16.0,,,,,,,,22.0
2026-07-07,135.0,34.0,41.0,24.0,17.0,13.0,,,,,,,,22.3
2026-07-08,150.0,37.0,44.0,27.0,21.0,17.0,,,,,,,,29.5
2026-07-09,141.0,35.0,39.0,26.0,16.0,20.0,,,,,,,,29.3
2026-07-10,143.0,38.0,40.0,27.0,15.0,20.0,,,,,,,,29.3
2026-07-11,127.0,35.0,43.0,19.0,12.0,14.0,,,,,,,,27.0
2026-07-12,114.0,34.0,30.0,12.0,23.0,11.0,,,,,,,,28.9
2026-07-13,133.0,31.0,41.0,20.0,15.0,21.0,,,,,,,,29.1
2026-07-14,165.0,42.0,47.0,27.0,27.0,14.0,,,,,,,,33.0
2026-07-15,130.0,35.0,31.0,30.0,15.0,13.0,,,,,,,,35.4
2026-07-16,155.0,42.0,42.0,30.0,21.0,13.0,,,,,,,,32.3
2026-07-17,166.0,47.0,40.0,27.0,28.0,17.0,,,,,,,,30.0
2026-07-18,115.0,36.0,31.0,19.0,11.0,11.0,,,,,,,,26.2
2026-07-19,120.0,33.0,29.0,26.0,17.0,10.0,,,,,,,,26.8
2026-07-20,179.0,51.0,58.0,27.0,21.0,18.0,,,,,,,,29.2
2026-07-21,131.0,32.0,41.0,26.0,12.0,16.0,,,,,,,,27.9
2026-07-22,140.0,29.0,41.0,33.0,22.0,6.0,,,,,,,,29.7
2026-07-23,129.0,33.0,35.0,23.0,20.0,14.0,,,,,,,,27.7
2026-07-24,128.0,35.0,32.0,22.0,20.0,16.0,,,,,,,,28.7
2026-07-25,129.0,32.0,33.0,20.0,25.0,15.0,,,,,,,,28.2
2026-07-26,141.0,34.0,35.0,20.0,35.0,12.0,,,,,,,,29.2
2026-07-27,174.0,47.0,48.0,25.0,31.0,19.0,,,,,,,,29.8
2026-07-28,136.0,38.0,35.0,16.0,26.0,17.0,,,,,,,,27.2
2026-07-29,137.0,32.0,34.0,26.0,27.0,13.0,,,,,,,,27.8
2026-07-30,129.0,22.0,33.0,33.0,26.0,11.0,,,,,,,,24.9
2026-07-31,150.0,38.0,36.0,17.0,37.0,16.0,,,,,,,,28.6
2026-08-01,117.0,28.0,32.0,27.0,17.0,10.0,,,,,,,,29.3
2026-08-02,142.0,33.0,42.0,28.0,17.0,17.0,,,,,,,,27.8
2026-08-03,144.0,38.0,39.0,29.0,25.0,8.0,,,,,,,,28.3
2026-08-04,142.0,37.0,34.0,26.0,26.0,11.0,,,,,,,,28.6
2026-08-05,146.0,46.0,35.0,21.0,23.0,17.0,,,,,,,,28.1
2026-08-06,140.0,35.0,42.0,25.0,24.0,12.0,,,,,,,,32.0
2026-08-07,139.0,29.0,30.0,31.0,22.0,20.0,,,,,,,,33.3
2026-08-08,108.0,32.0,22.0,18.0,17.0,14.0,,,,,,,,30.9
2026-08-09,124.0,27.0,32.0,21.0,21.0,12.0,,,,,,,,32.5
2026-08-10,170.0,46.0,39.0,33.0,33.0,15.0,,,,,,,,32.4
2026-08-11,150.0,35.0,41.0,29.0,31.0,11.0,,,,,,,,30.7
2026-08-12,139.0,33.0,40.0,25.0,19.0,19.0,,,,,,,,31.0
2026-08-13,157.0,29.0,41.0,33.0,27.0,19.0,,,,,,,,29.3
2026-08-14,131.0,28.0,41.0,33.0,14.0,12.0,,,,,,,,29.0
2026-08-15,124.0,39.0,34.0,22.0,15.0,13.0,,,,,,,,28.3
2026-08-16,127.0,29.0,47.0,21.0,17.0,12.0,,,,,,,,26.8
2026-08-17,152.0,37.0,50.0,27.0,22.0,10.0,,,,,,,,27.2
2026-08-18,136.0,38.0,30.0,30.0,23.0,9.0,,,,,,,,29.2
2026-08-19,143.0,41.0,38.0,24.0,21.0,11.0,,,,,,,,29.9
2026-08-20,141.0,30.0,48.0,26.0,14.0,15.0,,,,,,,,28.5
2026-08-21,141.0,42.0,39.0,20.0,18.0,13.0,,,,,,,,25.4
2026-08-22,141.0,37.0,38.0,19.0,20.0,17.0,,,,,,,,24.7
2026-08-23,114.0,27.0,36.0,17.0,15.0,16.0,,,,,,,,26.6
2026-08-24,135.0,35.0,37.0,25.0,21.0,12.0,,,,,,,,25.6
2026-08-25,149.0,36.0,41.0,25.0,27.0,15.0,,,,,,,,25.2
2026-08-26,159.0,35.0,41.0,23.0,37.0,18.0,,,,,,,,27.1
2026-08-27,134.0,43.0,23.0,25.0,27.0,13.0,,,,,,,,26.2
2026-08-28,147.0,34.0,34.0,22.0,37.0,14.0,,,,,,,,28.3
2026-08-29,135.0,33.0,31.0,16.0,31.0,17.0,,,,,,,,25.5
2026-08-30,128.0,36.0,20.0,21.0,33.0,13.0,,,,,,,,28.6
2026-08-31,150.0,44.0,38.0,26.0,23.0,14.0,,,,,,,,26.2
