tree
version=v4
num_class=1
num_tree_per_iteration=1
label_index=0
max_feature_idx=16
objective=quantile
feature_names=log_pop_mmi4 log_pop_mmi5 log_pop_mmi6 log_pop_mmi7 log_pop_mmi8 log_pop_mmi9 log_pop_mmi10 magnitude depth_km hour_sin hour_cos is_night income_class log_gdp_per_capita log_global_expected country_factor region_factor
feature_infos=[0:18.913598802097987] [0:18.344690609333927] [0:17.05182842221048] [0:16.416339513323674] [0:15.645620570190685] [0:15.573529152262621] [0:12.93544085237026] [3.7999999999999998:9] [0.5:664] [-1:1] [-1:1] [0:1] [0:3] [1.6143467651012597:4.8539489352108474] [0:11.25197789203246] [-1.9887600000000001:2.0313300000000001] [-1.8034600000000001:1.04165]
tree_sizes=1491 1496 1485 1442 1470 1452 1425 1440 1442 1468 1484 1460 1468 1482 1494 1492 1456 1474 1484 1509 1501 1467 1463 1494 1496 1484 1474 1523 1512 1486 1470 1490 1489 1448 1488 1506 1472 1477 1465 1469 1542 1532 1486 1452 1495 1525 1473 1488 1489 1486 1504 1496 1527 1462 1515 1506 1500 1499 1515 1500 1518 1489 1461 1462 1537 1524 1501 1493 1458 1472 1483 1461 1464 1494 1543 1475 1474 1519 1506 1496 1512 1537 1521 1520 1486 1485 1505 1519 1500 1491 1507 1509 1480 1492 1474 1435 1482 1486 1489 1464 1515 1489 1493 1532 1507 1534 1470 1529 1472 1453 1494 1462 1542 1455 1521 1509 1479 1577 1513 1506 1493 1511 1533 1547 1513 1548 1477 1523 1499 1508 1476 1496 1501 1536 1515 1487 1527 1532 1540 1459 1505 1497 1524 1548 1502 1510 1505 1463 1478 1479 1501 1527 1493 1551 1496 1525 1553 1509 1506 1488 1492 1521 1499 1538 1508 1532 1508 1503 1531 1487 1532 1520 1520 1499 1533 1506 1514 1515 1496 1528 1532 1521 1523 1544 1546 1550 1513 1552 1534 1524 1507 1530 1533 1558 1518 1554 1535 1519 1560 1518 1526 1537 1534 1498 1484 1515 1511 1525 1517 1474 1496 1460 1522 1455 1505 1530 1497 1526 1535 1509 1502 1513 1521 1508 1494 1525 1479 1512 1497 1501 1510 1515 1532 1514 1521 1503 1516 1486 1531 1543 1509 1521 1519 1530 1501 1567 1554 1479 1509 1468 1533 1554 1517 1545 1523 1480 1516 1504 1522 1533 1519 1511 1483 1508 1515 1535 1500 1523 1523 1484 1501 1514 1509 1497 1519 1533 1547 1524 1512 1508 1521 1528 1506 1534 1497 1551 1510 1554 1510 1529 1535 1504 1526 1531 1541 1571 1527 1544 1538 1541 1475 1579 1495 1574 1570 1550 1544 1541 1501 1529 1561 1550 1512 1503 1526 1506 1498 1535 1515 1516 1487 1523 1481 1530 1534 1503 1539 1486 1519 1495 1517 1528 1530 1509 1529 1516 1515 1507 1512 1494 1531 1502 1522 1525 1524 1523 1543 1517 1518 1506 1515 1514 1510 1505 1522 1504 1498 1536 1536 1475 1481 1534 1506 1509 1581 1550 1510 1527 1526 1525 1491 1523 1514 1479 1507 1518 1483 1556 1532 1524 1487 1488 1514 1526 1479 1530 1542 1505 1472 1535 1534 1541 1504 1553 1510 1552 1542 1514 1480 1491 1490 1553 1517 1527 1544 1507 1536 1574 1560 1522 1574 1544 1553 1498 1527 1549 1568 1506 1497 1474 1520 1541 1509 1516 1535 1508 1492 1501 1503 1530 1538 1509 1535 1520 1549 1485 1555 1514 1512 1540 1495 1498 1490 1482 1484 1557 1484 1484 1507 1504 1471 1473 1521 1498 1543 1505 1519 1522 1479 1505 1529 1495 1489 1512 1514 1514 1521 1543 1508 1530 1523 1513 1463 1494 1504 1557 1479 1494 1522 1500 1489 1492 1528 1535 1531 1500 1519 1486 1497 1490 1486 1516 1480 1519 1532 1534 1501 1510 1486 1471 1483 1520 1492 1488 1505 1485 1504 1499 1521 1511 1517 1547 1470 1532 1532 1546 1509 1496 1522 1534 1548 1520 1498 1525 1514 1508 1497 1527 1487 1550 1500 1537 1494 1548 1518 1511 1542 1488 1503 1540 1532 1575 1485 1566 1541 1528 1516 1509 1509 1543 1514 1546 1519 1517 1537 1546 1516 1536 1542 1524 1543 1545 1513 1495 1507 1553 1535 1508 1537 1537 1525 1538 1536 1535 1498 1517 1495 1487 1501 1540 1506 1521 1539 1511 1547 1492 1494 1507 1498 1503 1519 1494 1519 1525 1502 1486 1512 1522 1521 1524

Tree=0
num_leaves=15
num_cat=0
split_feature=15 14 3 16 2 8 5 7 8 3 8 0 2 8
split_gain=10.0244 12.6528 2.90599 2.93008 2.21696 2.11943 1.95766 1.8862 3.30432 3.4556 1.88086 1.85194 1.3911 1.28959
threshold=-0.30803999999999992 1.1100770881171587 9.3797236572163794 -1.4512249999999998 14.72052259116982 17.050000000000004 8.7271633423276462 4.7500000000000009 11.500000000000002 5.2544752012255964 18.990000000000006 13.191239033605482 12.046553265723789 25.800000000000001
decision_type=2 2 2 2 2 8 2 2 10 2 10 2 2 10
left_child=2 7 11 -4 6 -3 10 -2 -9 13 12 -1 -5 -10
right_child=1 5 3 4 -6 -7 -8 8 9 -11 -12 -13 -14 -15
leaf_value=-0.043544472146320179 -0.071654929634001455 -0.15231298184036038 -0.028963542966925278 -0.084006658684433813 -0.089664035178441737 -0.23209842880176007 -0.17972818649301794 -0.020600344513959881 -0.069506444276326837 -0.12212404518542602 -0.10619501349897893 -0.030053350680993768 -0.075974643875953304 -0.055012312591551531
leaf_weight=34 32 149 25 28 39 108 23 55.046697616577148 25.046697616577148 37 131 139.0933952331543 46 27
leaf_count=34 32 149 25 28 39 108 23 50 20 37 131 129 46 27
internal_value=-0.0194721 -0.024959 -0.0143202 -0.017372 -0.0188993 -0.0320349 -0.020786 -0.0145095 -0.0119201 -0.0178215 -0.0190534 -0.00910163 -0.0124 -0.00923274
internal_weight=898.187 433.093 465.093 292 267 257 228 176.093 144.093 89.0467 205 173.093 74 52.0467
internal_count=878 423 455 292 267 257 228 166 134 84 205 163 74 47
is_linear=0
shrinkage=0.05


Tree=1
num_leaves=15
num_cat=0
split_feature=3 15 13 15 3 16 5 1 1 10 2 15 15 4
split_gain=7.87662 11.4502 3.64217 1.99045 3.26903 1.90124 1.65538 1.71439 2.14201 1.53449 2.12619 1.9448 1.8929 1.32533
threshold=8.9995562212978921 -0.30803999999999992 3.185065009498079 0.82512500000000011 5.2544752012255964 -1.4512249999999998 5.8442286787023843 12.674202605042156 14.465425104264854 -0.50376918148035232 9.172039233726256 -0.44686499999999996 0.63776500000000014 10.25411720906626
decision_type=2 2 10 2 2 2 2 2 2 2 2 2 2 2
left_child=3 2 6 5 -5 -1 7 -2 -9 -7 12 -12 -11 -4
right_child=1 -3 13 4 -6 9 -8 8 -10 10 11 -13 -14 -15
leaf_value=-0.060451214196800697 -0.094832889447294288 -0.20066745338059677 -0.040302619974507112 -0.06834925667285234 -0.13059144207684378 -0.040550845303316742 -0.23769657585099899 -0.10229682654550505 -0.11552923791425229 -0.031106258594552679 -0.006058907945991664 -0.064971289605638638 -0.052395635142436496 -0.086014840721833005
leaf_weight=23 20 224 114 30.093395233154297 34 100 30 29 41 53 44.093395233154297 82 22.046697616577148 57
leaf_count=23 20 224 114 20 34 100 30 29 41 53 34 82 17 57
internal_value=-0.0177873 -0.0218508 -0.0152226 -0.0123546 -0.020425 -0.0107009 -0.0219008 -0.0181319 -0.0140845 -0.00957933 -0.0120921 -0.00802192 -0.0187354 -0.010436
internal_weight=903.233 515 291 388.233 64.0934 324.14 120 90 70 301.14 201.14 126.093 75.0467 171
internal_count=878 515 291 363 54 309 120 90 70 286 186 116 70 171
is_linear=0
shrinkage=0.05


Tree=2
num_leaves=15
num_cat=0
split_feature=14 15 3 8 5 14 15 7 3 3 7 8 1 2
split_gain=9.27926 10.4804 2.40894 2.20239 3.67087 2.20008 2.22098 2.17977 1.92247 1.79549 1.73179 1.66794 1.37933 1.20687
threshold=0.6981668640907871 -0.11977499999999999 11.123224298317892 18.350000000000005 6.6153774474657583 0.40661190182880841 -0.63385499999999995 6.1500000000000012 12.243148930164491 9.511888355722272 4.6500000000000012 12.350000000000003 12.235778900783295 11.716101942589512
decision_type=2 2 2 10 2 2 2 2 2 2 2 10 2 2
left_child=5 3 -3 4 13 6 -1 -4 -6 -5 -8 -12 -13 -2
right_child=1 2 7 9 8 -7 10 -9 -10 -11 11 12 -14 -15
leaf_value=-0.024656916874289628 -0.048185568427974834 -0.14948899629353579 -0.21843539081616223 -0.041425186940924681 -0.15778371657614698 -0.024567486112015438 -0.063782782352842765 -0.20345920005021748 -0.099729260419176291 -0.11464790740686895 0.0073600599587061071 -0.068970111852220004 -0.050411748354069287 -0.020597326592027808
leaf_weight=47 46 171 49 37 27 60.093395233154297 28 65 22 168 46.093395233154297 29 30.046697616577148 73
leaf_count=47 46 171 49 37 27 50 28 65 22 168 36 29 25 73
internal_value=-0.0175803 -0.0206525 -0.0278846 -0.0150668 -0.0107101 -0.00911496 -0.0118654 -0.0337391 -0.0221 -0.018568 -0.00845608 -0.00541077 -0.0109043 -0.005875
internal_weight=898.233 658 285 373 168 240.233 180.14 114 49 205 133.14 105.14 59.0467 119
internal_count=873 658 285 373 168 215 165 114 49 205 118 90 54 119
is_linear=0
shrinkage=0.05


Tree=3
num_leaves=15
num_cat=0
split_feature=13 15 5 8 8 9 2 10 13 9 2 2 15 1
split_gain=4.86931 5.7522 5.65347 3.2242 2.74077 2.68768 2.04077 1.81858 1.81803 1.69202 1.56828 1.49978 2.85974 1.485
threshold=3.4968108626794572 1.0381650000000002 5.7062624254307925 18.990000000000006 14.050000000000002 0.39873388578253716 9.6989490119116848 -0.52991926423320479 4.1608181327570675 -0.70710678118654735 10.798838630635503 11.429847332912436 -0.11977499999999999 14.266843277870551
decision_type=10 2 2 10 10 2 2 2 10 2 2 2 2 2
left_child=1 2 4 9 7 -6 -3 -1 -5 10 -2 -11 -13 -7
right_child=3 6 -4 8 5 13 -8 -9 -10 11 -12 12 -14 -15
leaf_value=-0.017749120078363774 -0.077245064883808223 -0.13020085435350173 -0.17757030188391518 -0.091909690602279659 -0.09905564423739488 -0.12945580390056705 -0.19526452381106471 -0.053382366094103711 -0.071224150485942619 -0.021667949042082205 -0.1230471416890937 -0.036657111595724177 -0.1280838502725142 -0.10128599863750419
leaf_weight=42 23 20 94 92 151 43 62 82 39 109.18679046630859 23 68 33 38
leaf_count=42 23 20 94 92 151 43 62 82 39 89 23 68 33 38
internal_value=-0.0164685 -0.0195872 -0.0172949 -0.0121438 -0.0143417 -0.0175536 -0.0318072 -0.00824 -0.0185227 -0.00882264 -0.0174468 -0.00686154 -0.0112255 -0.024939
internal_weight=919.187 532 450 387.187 356 232 82 124 131 256.187 46 210.187 101 81
internal_count=899 532 450 367 356 232 82 124 131 236 46 190 101 81
is_linear=0
shrinkage=0.05


Tree=4
num_leaves=15
num_cat=0
split_feature=14 15 8 0 1 6 13 2 13 10 1 13 13 0
split_gain=6.11233 8.18915 2.80031 2.23797 2.80705 1.92027 1.71304 1.47312 1.36391 1.31654 1.21235 0.993991 1.19077 1.41979
threshold=1.0079905521927708 0.63776500000000014 18.450000000000003 15.313801470356928 14.61234632325489 4.4337841666032221 3.1339001270843778 15.177045225538324 2.8032225277301843 0.50376918148035232 14.573125865372893 4.2656043041208509 3.7937825868612669 14.42345697094928
decision_type=2 2 10 2 2 2 10 2 8 2 2 8 10 2
left_child=11 2 5 -3 -5 6 10 9 -6 -4 -2 12 13 -1
right_child=1 3 7 4 8 -7 -8 -9 -10 -11 -12 -13 -14 -15
leaf_value=-0.057874697273815161 -0.1073656791277466 -0.1928333827680927 -0.12897488230062032 -0.13397837124977874 -0.08160267068633334 -0.1779842919146109 -0.04591033169609806 -0.076838342645468669 -0.19688776463729685 -0.072326880176798808 -0.078708198422353937 -0.03355123361537421 -0.018258262868787439 -0.046426946301358324
leaf_weight=98 30 85 157 30 30 24 154 26 23 57 21 43.046697616577148 53.093395233154297 85.093395233154297
leaf_count=98 30 85 157 30 30 24 154 26 23 57 21 38 43 75
internal_value=-0.0147932 -0.0175 -0.0140532 -0.0269822 -0.0206548 -0.0100217 -0.00837379 -0.0178423 -0.0275 -0.0192093 -0.01625 -0.00857796 -0.00724773 -0.00915043
internal_weight=916.233 637 469 168 83 229 205 240 53 214 51 279.233 236.187 183.093
internal_count=891 637 469 168 83 229 205 240 53 214 51 254 216 173
is_linear=0
shrinkage=0.05


Tree=5
num_leaves=15
num_cat=0
split_feature=3 13 8 7 14 9 0 13 13 3 7 10 8 8
split_gain=8.93887 4.68859 2.66189 2.1574 2.11533 2.02802 1.71797 1.91636 1.55583 1.48413 1.46594 1.44439 1.32214 1.22739
threshold=9.511888355722272 3.3533214690922653 21.100000000000005 5.1500000000000012 0.6981668640907871 0.37662760538417256 12.99662366452964 3.298820917852527 2.5007776600261349 13.511894145416049 6.1500000000000012 0.59827334065059656 16.450000000000003 17.050000000000004
decision_type=2 10 10 2 2 2 2 8 10 2 2 2 10 10
left_child=3 6 10 5 13 12 -2 8 -8 -10 -3 -6 -1 -5
right_child=1 2 -4 4 11 -7 7 -9 9 -11 -12 -13 -14 -15
leaf_value=-0.052352449421842945 -0.18895822172444121 -0.11210275466282527 -0.11208055886617259 0.0021657176662052829 -0.054469249372414909 -0.084941254156325197 -0.12451107574206483 -0.15730206587518211 -0.12634682619446488 -0.024660504532440994 -0.041513175957412218 -0.11002070859416185 -0.027979293028144225 -0.038292054099055423
leaf_weight=40 36 58 80 96.186790466308594 103 34 37 33 133 26 80 44 29 41
leaf_count=40 36 58 80 76 103 34 37 33 133 26 80 44 29 41
internal_value=-0.0147489 -0.0192872 -0.0137443 -0.00905251 -0.00676422 -0.0152404 -0.0237782 -0.0219783 -0.0198985 -0.0175312 -0.00942446 -0.0109122 -0.0100714 -0.00227276
internal_weight=870.187 483 218 387.187 284.187 103 265 229 196 159 138 147 69 137.187
internal_count=850 483 218 367 264 103 265 229 196 159 138 147 69 117
is_linear=0
shrinkage=0.05


Tree=6
num_leaves=15
num_cat=0
split_feature=14 15 8 7 5 8 15 0 13 1 14 9 8 0
split_gain=7.5891 9.95085 2.92269 2.0605 1.90312 1.50001 1.46554 1.53265 1.51417 1.5528 1.21467 2.47108 1.95181 1.82668
threshold=2.6270969435730076 -0.11977499999999999 18.350000000000005 6.1500000000000012 6.4276013140866484 19.900000000000002 -1.1641199999999998 13.993768541603382 3.298820917852527 15.319689178696192 0.6981668640907871 0.37662760538417256 9.943500000000002 15.228592231224935
decision_type=2 2 10 2 2 10 2 2 8 2 2 2 10 2
left_child=10 2 4 -3 -2 -5 -4 -8 -9 -10 -1 -12 -13 -14
right_child=1 3 6 5 -6 -7 7 8 9 -11 11 12 13 -15
leaf_value=-0.022743068437876768 0.0019004420820489844 -0.17563687842846099 -0.055435240858676904 -0.11276504525071791 -0.053165489869032648 -0.18576092725025514 -0.14724407268253462 -0.18128599119996835 -0.077929881267169654 -0.14838185614270138 -0.049429414623134875 -0.12513110064080427 -0.051645972433426182 -0.12784231413374628
leaf_weight=239.23348808288574 60 76 53 62 48 38 21 32 25 21 147 26 36 22
leaf_count=214 60 76 53 62 48 38 21 32 25 21 147 26 36 22
internal_value=-0.0130273 -0.0177803 -0.0114943 -0.0269492 -0.00513761 -0.0217822 -0.0159477 -0.01955 -0.0159494 -0.0217021 -0.00859199 -0.0111853 -0.018 -0.0230508
internal_weight=906.233 436 260 176 108 100 152 99 78 46 470.233 231 84 58
internal_count=881 436 260 176 108 100 152 99 78 46 445 231 84 58
is_linear=0
shrinkage=0.05


Tree=7
num_leaves=15
num_cat=0
split_feature=14 15 7 8 16 13 15 8 13 9 1 7 14 2
split_gain=6.7675 8.23191 3.29735 2.1175 1.79607 1.81551 1.55459 1.43773 2.39369 2.61176 1.82807 1.46839 1.41424 1.41483
threshold=2.603711913902647 -0.11977499999999999 6.1500000000000012 19.900000000000002 0.10701500000000001 3.185065009498079 -1.1641199999999998 14.65 4.2213565905370141 0.26092512978024796 13.384113149363289 5.1500000000000012 0.6981668640907871 11.73853988124962
decision_type=2 2 2 10 2 10 2 10 10 2 2 2 2 2
left_child=7 4 -3 -4 5 -2 -7 11 9 -9 -11 -1 -13 -14
right_child=1 2 3 -5 -6 6 -8 8 -10 10 -12 12 13 -15
leaf_value=-0.046806163252180538 -0.11222842865136054 -0.17123726654345361 -0.095675448917373229 -0.17729449886786619 -0.024551479863209043 -0.020355903814677407 -0.078387750783311241 -0.021617943076137579 -0.026775522070732978 -0.041498302517428004 -0.10119738030726395 0.005899899916160932 -0.0841221638511504 -0.00090420773742796241
leaf_weight=45 110 74 62 36 38 53 77 127 21 39 27 88.186790466308594 64 34
leaf_count=45 110 74 62 36 38 53 77 127 21 39 27 68 64 34
internal_value=-0.0127474 -0.0170732 -0.0256647 -0.0192929 -0.0116846 -0.013278 -0.0091603 -0.00834643 -0.0113023 -0.00945876 -0.0174627 -0.00557338 -0.00357432 -0.00767677
internal_weight=895.187 450 172 98 278 240 130 445.187 214 193 66 231.187 186.187 98
internal_count=875 450 172 98 278 240 130 425 214 193 66 211 166 98
is_linear=0
shrinkage=0.05


Tree=8
num_leaves=15
num_cat=0
split_feature=14 15 15 14 10 8 4 15 3 14 1 10 8 9
split_gain=6.18161 7.81129 1.66661 1.69506 1.65347 1.60045 1.52235 2.5064 1.33965 1.31103 1.24882 1.1431 1.10073 1.97453
threshold=2.2966142907457834 -0.17237999999999995 -1.1641199999999998 6.0545893303563183 0.77018921561974973 20.250000000000004 5.0021526326360242 0.29282500000000006 10.324608175214264 5.3271056999214697 13.880744462714931 -0.9025766923884776 30.850000000000005 0.85034413025525935
decision_type=2 2 2 2 2 10 2 2 2 2 2 2 10 2
left_child=6 2 9 4 11 8 -1 -8 -3 -2 -7 -4 13 -13
right_child=1 5 3 -5 -6 10 7 -9 -10 -11 -12 12 -14 -15
leaf_value=-0.020315423469484395 -0.0070069483640242325 -0.11099142121771868 -0.10256064506412808 -0.037317177903558534 -0.030737258600423978 -0.16724445536476162 -0.025604657071857245 -0.14178895105470793 -0.10096126767309882 -0.080778511102176986 -0.17089462780362907 -0.089253334225351269 -0.073443145913948238 -0.042563691938758579
leaf_weight=358.18679046630859 69 32 21 37 31 24 34 25 96 33 40 49 33 20
leaf_count=338 69 32 21 37 31 24 34 25 96 33 40 49 33 20
internal_value=-0.0113366 -0.0151749 -0.00998299 -0.0127344 -0.0150323 -0.0230052 -0.00684877 -0.01425 -0.0194574 -0.00475728 -0.0296923 -0.017621 -0.0198058 -0.0157857
internal_weight=902.187 485 293 191 154 192 417.187 59 128 102 64 123 102 69
internal_count=882 485 293 191 154 192 397 59 128 102 64 123 102 69
is_linear=0
shrinkage=0.05


Tree=9
num_leaves=15
num_cat=0
split_feature=15 14 0 15 1 0 15 11 8 10 5 8 3 8
split_gain=5.88349 8.59983 2.98433 1.9011 2.50589 1.65981 2.05539 1.5488 1.39571 1.49618 1.39135 1.55563 1.38074 1.14419
threshold=-0.52107999999999988 2.603711913902647 15.313801470356928 0.82512500000000011 12.726727415236329 16.264630261239954 0.11731000000000001 1.0000000180025095e-35 12.230000000000002 0.9396121150393979 7.0021737550324419 22.250000000000004 12.243148930164491 14.450000000000001
decision_type=2 2 2 2 2 2 2 2 10 2 2 10 2 10
left_child=10 3 13 7 -5 -4 -7 -2 -9 -10 11 -1 -12 -3
right_child=1 2 5 4 -6 6 -8 8 9 -11 12 -13 -14 -15
leaf_value=-0.0093270260566753627 -0.023873010931070783 -0.14318291974975247 -0.074068808907464548 -0.057658638118487308 -0.1051051137522995 -0.06984221034205558 -0.13124519627064038 -0.015454407075969978 -0.075448532722045922 -0.03776537328182776 -0.13088853135330814 -0.048474191226609009 -0.058051244660647761 -0.1576321047123008
leaf_weight=173.04669761657715 149.04669761657715 43 60 34 33 26 41 30 30 27 25 130 24 73
leaf_count=168 144 43 60 34 33 26 41 30 30 27 25 130 24 73
internal_value=-0.011411 -0.0146601 -0.0216598 -0.00899456 -0.0163971 -0.0161328 -0.0215441 -0.00683311 -0.0121023 -0.0166379 -0.00634411 -0.0050478 -0.0141 -0.0275214
internal_weight=898.093 546.047 243 303.047 67 127 67 236.047 87 57 352.047 303.047 49 116
internal_count=888 541 243 298 67 127 67 231 87 57 347 298 49 116
is_linear=0
shrinkage=0.05


Tree=10
num_leaves=15
num_cat=0
split_feature=15 14 8 15 3 8 3 12 8 1 4 3 1 14
split_gain=4.27193 6.34256 4.49048 2.915 1.54648 2.52843 2.05591 1.25216 1.99603 1.28063 1.21777 3.65749 2.40847 1.45668
threshold=-0.52107999999999988 0.68403410330662517 18.050000000000004 0.66927500000000018 9.511888355722272 35.250000000000007 12.774398345729944 2.5000000000000004 27.850000000000005 13.613529124121005 6.3692055989493914 10.273469583031011 14.22731065189209 3.6625774401023232
decision_type=2 2 10 2 2 10 2 10 10 2 2 2 2 2
left_child=7 -2 10 4 -4 6 -6 9 -9 -1 12 -12 -3 -13
right_child=1 2 3 -5 5 -7 -8 8 -10 -11 11 13 -14 -15
leaf_value=-0.027452741732303568 -0.02495902517032627 -0.00030178870304767156 -0.041439736691416158 -0.15556641422265527 -0.1504080208415863 -0.094515720222862476 -0.15336825967890677 -0.032888152561770898 -0.055621369085977417 0.0070855627650526264 -0.11306855434687668 0.0068081417963975488 -0.078583726057220193 -0.10523058525005816
leaf_weight=99.046697616577148 146.04669761657715 47 27 41 51 24 20 119.04669761657715 39 91 44 22 37 60
leaf_count=94 141 47 27 41 51 24 20 114 39 91 44 22 37 60
internal_value=-0.0102107 -0.0130849 -0.0165374 -0.0227744 -0.0186179 -0.0216146 -0.0263194 -0.00589966 -0.00917823 -0.00313937 -0.0116114 -0.0147244 -0.00682353 -0.00831325
internal_weight=867.14 519.047 373 163 122 95 71 348.093 158.047 190.047 210 126 84 82
internal_count=852 514 373 163 122 95 71 338 153 185 210 126 84 82
is_linear=0
shrinkage=0.05


Tree=11
num_leaves=15
num_cat=0
split_feature=3 15 8 0 0 16 3 8 2 1 14 0 10 14
split_gain=3.9394 6.11983 3.17385 3.02847 1.76367 1.71146 1.65732 1.60518 1.51214 1.41842 1.18014 1.10597 1.54302 1.578
threshold=8.5852193002530317 -0.43006499999999998 18.050000000000004 14.784937982753648 15.648777180913992 1.0000000180025095e-35 12.981370791925217 11.850000000000003 12.006811667436006 14.736831470662546 1.8194822783761773 13.993768541603382 0.23766552919915279 0.15615118518611129
decision_type=2 2 10 2 2 2 2 10 2 2 2 2 2 2
left_child=11 4 8 -4 -2 -5 7 -6 10 -10 -3 12 13 -1
right_child=1 2 3 5 6 -7 -8 -9 9 -11 -12 -13 -14 -15
leaf_value=-0.0030634074423912467 -0.016997059773570671 -0.083361158008919911 -0.14572902191415713 -0.16977382726879173 -0.030756033743850469 -0.10106250221268392 -0.068871431205979883 -0.088307114325826525 -0.018074225292753213 -0.12666798618656092 -0.090095989813754079 -0.015060650621850172 -0.041547199369036336 -0.050968061974878909
leaf_weight=52.093395233154297 163 26 57 28 24 48 38 35 32 52 62 208.14009284973145 51 31
leaf_count=42 163 26 57 28 24 48 38 35 32 52 62 193 51 31
internal_value=-0.0101998 -0.012765 -0.0175654 -0.0233955 -0.00708812 -0.0164935 -0.012398 -0.0175833 -0.012948 -0.008 -0.0175281 -0.00594007 -0.00947147 -0.00516727
internal_weight=907.233 565 305 133 260 76 97 59 172 84 88 342.233 134.093 83.0934
internal_count=882 565 305 133 260 76 97 59 172 84 88 317 124 73
is_linear=0
shrinkage=0.05


Tree=12
num_leaves=15
num_cat=0
split_feature=15 13 14 15 13 7 13 1 8 16 7 14 16 2
split_gain=2.70702 4.43556 1.717 2.90497 2.19125 2.19872 1.65939 1.49788 1.35836 1.1571 1.1508 1.67737 1.08295 1.42762
threshold=0.82512500000000011 3.6612753964181159 2.6884554368297269 -0.43265499999999996 4.0288005156003335 5.1500000000000012 3.776547213639899 14.762025559384943 21.350000000000005 0.10701500000000001 6.1500000000000012 2.0502562784215468 -1.4512249999999998 14.684341796189964
decision_type=2 10 2 2 10 2 10 2 10 2 2 2 2 2
left_child=2 10 4 9 -1 -6 7 -5 -9 12 11 -2 -4 -14
right_child=1 -3 3 6 5 -7 -8 8 -10 -11 -12 -13 13 -15
leaf_value=-0.015775983787501967 -0.10931682419471865 0.007338350134263834 0.023126947426153496 -0.11175743194095361 -0.019962238654469017 -0.014304252172133559 -0.10844374467882921 -0.068625940581361081 -0.20567765867069043 0.010911653252635553 -0.098787236644856558 -0.14905170192960854 -0.067591503930165012 -0.0023922727448761941
leaf_weight=286.04669761657715 42 22.093395233154297 20 84 21 69 29 45 21 25 25 20 131 30
leaf_count=281 42 12 20 84 21 69 29 45 21 25 25 20 131 30
internal_value=-0.00992871 -0.0172992 -0.00885086 -0.0112047 -0.00641768 -0.0131868 -0.0158611 -0.0135762 -0.00776119 -0.00710145 -0.0223295 -0.0260317 -0.00848901 -0.00984568
internal_weight=870.14 109.093 761.047 385 376.047 90 179 150 66 206 87 62 181 161
internal_count=855 99 756 385 371 90 179 150 66 206 87 62 181 161
is_linear=0
shrinkage=0.05


Tree=13
num_leaves=15
num_cat=0
split_feature=3 7 5 0 0 0 9 13 1 9 9 7 8 8
split_gain=1.57278 2.40025 3.31005 1.69105 2.01928 1.50882 1.28017 1.1202 1.46296 1.36432 1.07999 2.75609 1.25283 0.974107
threshold=8.5852193002530317 6.3500000000000005 7.28567012072505 15.084980169461302 15.523471602466001 12.367589927607527 0.25881904510252091 2.6828860749957557 15.263972090623797 0.26092512978024796 0.26092512978024796 5.2500000000000009 16.650000000000002 26.200000000000003
decision_type=2 2 2 2 2 2 2 8 2 2 2 2 10 10
left_child=5 2 3 13 -5 6 -1 -6 9 -9 -7 -12 -13 -2
right_child=1 -3 -4 4 7 10 -8 8 -10 -11 11 12 -14 -15
leaf_value=-0.037367109512451459 -0.10691855198534948 -0.058958225678010005 -0.13653004770328692 0.0016936251599916304 -0.053113919693174465 -0.013638880648308897 -0.037124752831287876 -0.058447372537935284 -0.12777898294906676 -0.088425690119727493 -0.069633381989916643 0.0086610761470947897 -0.052207847550757705 -0.12214217650036102
leaf_weight=25 74 288 20 38 25 165 23.046697616577148 37 26 21 38 54.093395233154297 34.046697616577148 28
leaf_count=25 74 288 20 38 25 165 18 37 26 21 38 44 29 28
internal_value=-0.00904947 -0.01069 -0.0140926 -0.01242 -0.00888513 -0.00633201 -0.0144712 -0.0123182 -0.0150588 -0.010339 -0.00494386 -0.0084104 -0.00346981 -0.0173786
internal_weight=896.187 557 269 249 147 339.187 48.0467 109 84 58 291.14 126.14 88.1401 102
internal_count=876 557 269 249 147 319 43 109 84 58 276 111 73 102
is_linear=0
shrinkage=0.05


Tree=14
num_leaves=15
num_cat=0
split_feature=15 14 14 15 7 13 2 13 10 13 10 3 3 5
split_gain=3.44303 3.35315 2.88592 2.85016 2.3689 2.10464 1.76196 2.28459 1.42109 1.51153 2.04453 1.0985 1.22311 1.35725
threshold=0.82512500000000011 1.1537219472246001 3.1058110998530073 -0.43006499999999998 6.1500000000000012 2.4531326585235829 12.688268652789768 3.4104915591470446 -0.71476258798096814 3.9169617688349754 -0.098016907066150058 13.588352058178069 12.012557628632541 6.8564750038156674
decision_type=2 2 2 2 2 8 2 10 2 10 2 2 2 2
left_child=2 -2 8 6 -3 -5 7 -4 -1 -10 -11 12 13 -7
right_child=1 4 3 5 -6 11 -8 -9 9 10 -12 -13 -14 -15
leaf_value=0.00080405622837605303 -0.061819719838892062 -0.13087227762875445 -0.079481306609917993 -0.046791905688627428 -0.093584675777931281 -0.096416654230930182 -0.021769410063293623 -0.03597012391814991 -0.015445791662294459 -0.036422907530935342 -0.004814768445998905 -0.17757505706580734 -0.1155509110289686 -0.14807212283428689
leaf_weight=116 46.046697616577148 34 31 21 24 42 127 32 250.0933952331543 24 55.046697616577148 22 58 20
leaf_count=116 41 34 31 21 24 42 127 32 240 24 50 22 58 20
internal_value=-0.00746143 -0.0159907 -0.00633093 -0.00970339 -0.0238983 -0.0145427 -0.00549738 -0.0122656 -0.00364078 -0.0053138 -0.011303 -0.0167133 -0.018595 -0.0133333
internal_weight=902.187 104.047 798.14 353 58 163 190 63 445.14 329.14 79.0467 142 120 62
internal_count=882 99 783 353 58 163 190 63 430 314 74 142 120 62
is_linear=0
shrinkage=0.05


Tree=15
num_leaves=15
num_cat=0
split_feature=15 1 13 4 1 15 4 14 7 9 13 3 13 10
split_gain=4.44078 3.7185 3.83631 3.04483 1.62785 1.75309 1.04812 1.64179 1.21386 1.05018 1.01728 0.897365 0.849662 0.822879
threshold=0.66927500000000018 12.831759144235951 2.8032225277301843 5.3607518575709721 16.386875964300703 -1.2924149999999999 12.396072387223953 4.3992483701799054 6.3500000000000005 -0.076282340628164816 3.5569021725796435 11.016191151759587 3.3604095357856996 0.49240481012316867
decision_type=2 2 8 2 2 2 2 2 2 2 10 2 8 2
left_child=3 10 -3 13 5 -5 7 9 -9 11 -2 -7 -11 -1
right_child=1 2 -4 4 -6 6 -8 8 -10 12 -12 -13 -14 -15
leaf_value=-0.0034717577802206782 -0.095722323619654714 -0.096244280198390597 -0.10916041160211586 -0.016413975603489225 0.010400589711574617 -0.053769037552837386 -0.063914760277225383 -0.10674977348379169 -0.11571834946797931 -0.015391150521244706 0.017903720832616654 -0.10246683272873819 -0.081754125273888908 -0.018475731345397949
leaf_weight=239.0933952331543 46 35 60 54 20 43 28 30 70 50 23.093395233154297 20 37 121.04669761657715
leaf_count=229 46 35 60 54 20 43 28 30 70 50 13 20 37 116
internal_value=-0.00731713 -0.0147161 -0.0210937 -0.00559399 -0.00889518 -0.00972973 -0.0113262 -0.0123506 -0.0173267 -0.0089404 -0.00577134 -0.0138281 -0.00528409 -0.00235172
internal_weight=876.233 164.093 95 712.14 352 332 278 250 100 150 69.0934 63 87 360.14
internal_count=851 154 95 697 352 332 278 250 100 150 59 63 87 345
is_linear=0
shrinkage=0.05


Tree=16
num_leaves=15
num_cat=0
split_feature=4 15 7 8 10 2 10 15 1 1 1 9 13 9
split_gain=3.10329 2.80334 2.28611 2.25191 2.17461 1.85674 1.82282 1.0793 1.52816 1.26776 1.03077 1.11702 0.833769 0.812282
threshold=5.3607518575709721 0.82512500000000011 5.5500000000000007 14.65 0.85713466239780911 14.877540540956074 0.370557437509836 -0.30803999999999992 14.84498738849017 14.360009529583502 13.675779385788521 0.25881904510252091 3.1313711311317358 0.25671049665402418
decision_type=2 2 2 10 2 2 2 2 2 2 2 2 10 2
left_child=2 3 6 -2 5 7 10 8 -5 -9 -1 -12 -8 -14
right_child=1 -3 -4 4 -6 -7 12 9 -10 -11 11 -13 13 -15
leaf_value=-0.010048720316839763 -0.031215233773715319 -0.11089527888479259 -0.0018870220324325858 -0.077682936083192392 -0.0090729798079121626 -0.04407845471422072 -0.047985257651231121 -0.10707278797882754 -0.11765545849357364 -0.15455554549095427 -0.032904447987316988 -0.071892174965115838 -0.056279926356945724 -0.08637063572334408
leaf_weight=93.093395233154297 184 41 261.0933952331543 74 34 23 29 24 27 21 25 23 25 27
leaf_count=83 184 41 251 74 34 23 29 24 27 21 25 23 25 27
internal_value=-0.00706441 -0.0101632 -0.00430426 -0.00880155 -0.0124265 -0.0147353 -0.00802145 -0.0168027 -0.0136765 -0.0233696 -0.00453598 -0.0104082 -0.0139634 -0.0177358
internal_weight=911.187 428 483.187 387 203 169 222.093 146 101 45 141.093 48 81 52
internal_count=891 428 463 387 203 169 212 146 101 45 131 48 81 52
is_linear=0
shrinkage=0.05


Tree=17
num_leaves=15
num_cat=0
split_feature=15 2 13 8 15 8 13 10 4 2 7 10 10 13
split_gain=3.32485 2.23885 2.12809 1.65211 1.41498 1.48632 1.67261 1.32198 1.29358 2.82388 1.24014 1.00869 2.10867 0.947358
threshold=0.66927500000000018 8.7777284044710679 2.6535031187055078 22.550000000000004 -1.2619349999999996 14.65 3.9561014979758524 0.13052619222005152 7.7699547862938187 12.943277380524913 6.6500000000000012 0.68834802305431453 0.9396121150393979 3.0790922744843354
decision_type=2 2 8 10 2 10 10 2 2 2 2 2 2 8
left_child=4 -2 -3 7 -1 -6 8 -4 11 13 -8 -7 -13 -10
right_child=1 2 3 -5 5 6 10 -9 9 -11 -12 12 -14 -15
leaf_value=-0.0054838707308196609 -0.028017912788738653 -0.054918578177523263 -0.11006167242084469 -0.1195740037426935 -0.013284425939301188 -0.0030618325931722609 -0.04170133223777104 -0.045264192682665384 -0.10188277554323091 -0.084874298427234651 -0.044458444809628184 -0.057275714994707121 -0.002707437634896068 -0.14579788698583968
leaf_weight=144.04669761657715 36.046697616577148 25 37 28 275.0933952331543 104 37 35 33 53 25 23 29 21
leaf_count=139 31 25 37 28 265 104 37 35 33 53 25 23 29 21
internal_value=-0.006427 -0.0129269 -0.0160714 -0.0193069 -0.00500483 -0.00607149 -0.0083589 -0.0149315 -0.00657197 -0.010787 -0.0157143 -0.00363057 -0.00924528 -0.0187273
internal_weight=905.187 161.047 125 100 744.14 600.093 325 72 263 107 62 156 52 54
internal_count=885 156 125 100 729 590 325 72 263 107 62 156 52 54
is_linear=0
shrinkage=0.05


Tree=18
num_leaves=15
num_cat=0
split_feature=15 14 4 2 0 0 2 2 7 0 9 3 13 10
split_gain=5.94745 2.3656 2.13191 1.88019 1.53058 2.24414 1.38456 1.42044 1.08063 3.02498 1.06969 0.819589 0.958156 0.801766
threshold=0.66927500000000018 0.10274084263876529 8.6982552639351081 12.57572110673229 14.80190508185021 16.139098039155321 11.68630536949332 11.06362216610218 5.4500000000000011 15.301189627716239 -0.058870663549117574 14.040706871238713 3.8372230591172323 0.50376918148035232
decision_type=2 2 2 2 2 2 2 2 2 2 2 2 10 2
left_child=2 -2 8 6 -3 -6 7 -4 9 -1 -8 12 13 -5
right_child=1 4 3 11 5 -7 10 -9 -10 -11 -12 -13 -14 -15
leaf_value=-0.0039909213669886865 -0.026367895556214594 -0.099176405850504634 -0.074608600375415488 -0.09453798150125553 -0.074563524430094355 -0.10907678339120902 -0.11382731019463446 0.01717098669715995 -0.0039265402255899999 -0.070141440455843279 -0.040359378522593761 0.0038854694851407166 -0.065202058411968536 0.0056867521605994771
leaf_weight=113.04669761657715 29.046697616577148 52 28 61 46 29 27 22 347.0933952331543 36 25 37 28 21
leaf_count=108 24 52 28 61 46 29 27 22 337 36 25 37 28 21
internal_value=-0.00592346 -0.0147712 -0.00405326 -0.00782 -0.0176953 -0.0128289 -0.0130097 -0.00686274 -0.0021509 -0.00569667 -0.0186792 -0.00415541 -0.00630631 -0.00349398
internal_weight=901.187 156.047 745.14 249 127 75 102 50 496.14 149.047 52 147 110 82
internal_count=881 151 730 249 127 75 102 50 481 144 52 147 110 82
is_linear=0
shrinkage=0.05


Tree=19
num_leaves=15
num_cat=0
split_feature=15 1 13 3 13 2 8 10 8 0 8 4 9 13
split_gain=3.3133 3.28286 2.09832 1.74907 1.42065 1.35249 1.51078 1.70287 1.28702 1.28225 1.07375 0.933491 0.933435 2.08009
threshold=0.66927500000000018 13.142263099100431 2.6535031187055078 9.6705788083499247 1.0000000180025095e-35 14.45054107601125 16.050000000000004 0.79599442516926411 22.470000000000002 13.703158544583582 5.7500000000000009 6.6929615404479659 -0.70556075282125752 3.9169617688349754
decision_type=2 2 10 2 10 2 10 2 10 2 10 2 2 10
left_child=3 9 -3 12 -5 6 10 8 -8 -2 -6 -10 13 -1
right_child=1 2 -4 4 5 -7 7 -9 11 -11 -12 -13 -14 -15
leaf_value=-0.0053686884171881243 -0.084576675025582276 -0.059506023924316746 -0.10519418492852867 -0.1034888954024948 -0.068700313146792966 0.0047807919314485775 -0.073803877492376699 -0.015810442873295451 -0.0085777179768823288 0.0021191722810023849 -0.0068905846107474135 -0.084627851606544055 0.00020569272565207805 -0.031471480812337436
leaf_weight=61 29.046697616577148 27 68 20 26 57 34 42 37 44.046697616577148 113 72 247.14009284973145 26
leaf_count=61 24 27 68 20 26 57 34 42 37 39 113 72 232 26
internal_value=-0.00556696 -0.0118842 -0.0179687 -0.00410832 -0.00633085 -0.00561518 -0.00686154 -0.00981183 -0.0123958 -0.00384019 -0.00289286 -0.00959091 -0.00143015 -0.00585227
internal_weight=903.233 168.093 95 735.14 401 381 324 185 143 73.0934 139 109 334.14 87
internal_count=878 158 95 720 401 381 324 185 143 63 139 109 319 87
is_linear=0
shrinkage=0.05


Tree=20
num_leaves=15
num_cat=0
split_feature=15 4 3 0 0 13 9 14 2 2 15 10 2 7
split_gain=3.96122 3.04749 1.70949 1.55715 1.10901 0.98324 0.940228 1.07743 0.821548 1.14611 1.26746 0.872962 0.682816 1.72157
threshold=0.66927500000000018 6.0099799556481051 11.137110451044594 16.792665430421291 12.341179895169182 3.5569021725796435 0.26092512978024796 1.3502083319372586 11.383653532053909 12.61524432852063 -0.52107999999999988 0.54824625590878551 10.175308021635905 5.4500000000000011
decision_type=2 2 2 2 2 10 2 2 2 2 2 2 2 2
left_child=1 12 5 4 -3 6 -2 -8 -6 10 -10 -11 -1 -14
right_child=2 3 -4 -5 8 -7 7 -9 9 11 -12 -13 13 -15
leaf_value=0.0016009770425562493 -0.054905425263609225 -0.09044486275111864 -0.10154558968684245 -0.073920508273781549 0.0048965414406479677 -0.051772175660783751 -0.070416523961799163 -0.079931200340741554 -0.013828392741835394 -0.073565187424994447 -0.075009468019584483 0.0084162333558927688 -0.022795934617987769 0.0012880891299705934
leaf_weight=134.04669761657715 52 33 37 36 51 22.046697616577148 26 20 31 92 44 27 85 195.0933952331543
leaf_count=129 52 33 37 36 51 17 26 20 31 92 44 27 85 185
internal_value=-0.00493583 -0.00337288 -0.0121152 -0.00707936 -0.00577061 -0.00908547 -0.0112121 -0.016383 -0.00457317 -0.00605128 -0.0108553 -0.00295833 -0.000552342 -0.00195498
internal_weight=885.187 728.14 157.047 314 278 120.047 98 46 245 194 75 119 414.14 280.093
internal_count=865 713 152 314 278 115 98 46 245 194 75 119 399 270
is_linear=0
shrinkage=0.05


Tree=21
num_leaves=15
num_cat=0
split_feature=4 15 1 15 8 2 1 1 2 4 8 2 8 9
split_gain=2.40099 1.48924 1.67204 1.4691 2.24688 1.46587 1.46267 1.39331 1.22521 1.0457 1.58428 0.966899 0.814948 0.688774
threshold=6.0099799556481051 0.66927500000000018 13.161978831478747 -0.11977499999999999 17.850000000000005 13.121882429087195 14.84498738849017 13.356672757760741 11.730794247999029 12.396072387223953 14.65 11.703499508145093 9.943500000000002 0.44032991850403941
decision_type=2 2 2 2 10 2 2 2 2 2 10 2 10 2
left_child=1 13 -3 6 8 -6 7 11 12 10 -8 -2 -5 -1
right_child=3 2 -4 4 5 -7 9 -9 -10 -11 -12 -13 -14 -15
leaf_value=0.00079871369348417053 -0.011969648500289008 -0.01967880049867194 -0.071742903559534429 -0.09148749765084567 -0.10081738362662135 -0.09966415759293 -0.034911421360831377 0.010328873288840593 -0.030186000542183723 -0.0057258178597798595 -0.089050477666107755 -0.075348065138730158 -0.057856878164840822 -0.013965397191564317
leaf_weight=249.04669761657715 42 63.093395233154297 45 27 29 26 31 76 63 25 35 25 27 146.0933952331543
leaf_count=244 42 53 45 27 29 26 31 76 63 25 35 25 27 136
internal_value=-0.00456348 -0.00224863 -0.00742055 -0.00742015 -0.0109249 -0.0191964 -0.00480851 -0.00163194 -0.00690678 -0.00972826 -0.0129851 -0.00683823 -0.0123636 -0.000818648
internal_weight=909.233 503.233 108.093 406 172 55 234 143 117 91 66 67 54 395.14
internal_count=884 478 98 406 172 55 234 143 117 91 66 67 54 380
is_linear=0
shrinkage=0.05


Tree=22
num_leaves=15
num_cat=0
split_feature=3 7 16 1 2 2 5 3 2 13 10 10 13 4
split_gain=1.72843 1.74313 1.22823 2.44904 1.12664 1.00824 1.79278 1.04644 0.977046 0.848123 0.730081 1.23075 0.603311 0.547149
threshold=10.567141524696126 5.4500000000000011 0.37080500000000005 13.161978831478747 11.703499508145093 14.013624873329514 7.0021737550324419 12.101237045535745 12.598350357459102 3.8456835505022191 0.49240481012316867 -0.65768990033922992 2.8209803817511827 9.7864149100388573
decision_type=2 2 2 2 2 2 2 2 2 8 2 2 8 2
left_child=2 -2 -1 -4 -5 6 7 12 -8 -7 11 -9 -3 -14
right_child=1 5 3 4 -6 9 8 10 -10 -11 -12 -13 13 -15
leaf_value=-0.0048028473394518866 -0.087508125453417379 0.025513157660063224 -0.015816607685089627 -0.096452044222797462 -0.052608787479763178 0.0032291803822529345 -0.092331085193850804 -0.094623713462073974 -0.072039952483679212 -0.035401882014061886 -0.064183536882628997 -0.088539794455640197 -0.016094751882312672 0.007590991506311779
leaf_weight=397.14009284973145 32 22 68.093395233154297 39 21 77 24 23 25 38 20 21 75 22
leaf_count=382 32 22 58 39 21 77 24 23 25 38 20 21 75 22
internal_value=-0.0042849 -0.00685526 -0.00242066 -0.00665823 -0.0139344 -0.00579023 -0.0076824 -0.00535326 -0.0161 -0.00193965 -0.0104615 -0.014 -0.00254167 -0.00423469
internal_weight=904.233 379 525.233 128.093 60 347 232 183 49 115 64 44 119 97
internal_count=879 379 500 118 60 347 232 183 49 115 64 44 119 97
is_linear=0
shrinkage=0.05


Tree=23
num_leaves=15
num_cat=0
split_feature=15 1 7 0 14 15 7 10 14 0 15 0 8 1
split_gain=2.92119 1.46307 2.18241 1.5785 1.09847 1.44052 1.65126 1.18203 1.04831 0.978391 0.754016 0.758834 0.578546 0.799931
threshold=0.66927500000000018 12.661806857947289 6.1500000000000012 14.004921479957348 0.71211442113764023 -0.49454499999999996 5.4500000000000011 0.70090259214882411 2.777072968864172 15.982836266505744 -1.2619349999999996 16.594336225408153 29.150000000000002 13.161978831478747
decision_type=2 2 2 2 2 2 2 2 2 2 2 2 10 2
left_child=4 3 8 -2 -1 9 7 -7 -3 12 -11 -12 -6 -14
right_child=1 2 -4 -5 5 6 -8 -9 -10 10 11 -13 13 -15
leaf_value=0.0005268861072513318 -0.070462923816992776 -0.072499911136941347 -0.043723987812729632 0.016709789661272685 0.0051896999764796427 -0.018228217894424272 -0.035968997290692896 -0.061451975917392709 -0.11734523585922296 0.0092042632848472125 -0.086553948467199604 -0.035215298014956001 -0.016914954931079515 0.010501094205481473
leaf_weight=171.0933952331543 30.046697616577148 46 46 29.046697616577148 121 21 240 20 20 26 20 32 33 46
leaf_count=161 25 46 46 24 121 21 240 20 20 26 20 32 33 46
internal_value=-0.00398373 -0.00984659 -0.0131858 -0.00340359 -0.00259821 -0.00366964 -0.00618794 -0.0153571 -0.0189552 -0.00111111 -0.00582278 -0.00924528 0.000746269 -0.0025625
internal_weight=901.187 171.093 112 59.0934 730.093 559 281 41 66 278 78 52 200 79
internal_count=881 161 112 49 720 559 281 41 66 278 78 52 200 79
is_linear=0
shrinkage=0.05


Tree=24
num_leaves=15
num_cat=0
split_feature=15 14 13 13 10 7 14 15 1 10 14 14 7 13
split_gain=2.26566 2.09949 2.0956 0.835374 0.820519 0.823222 0.792857 2.04707 2.36739 1.8535 1.72664 1.31216 1.1722 0.910888
threshold=0.66927500000000018 3.1143248453633996 2.9221190907990109 3.5791391915893898 0.96126169593831889 7.7500000000000009 0.71211442113764023 -0.30803999999999992 14.832503789161324 0.70090259214882411 4.2890227835308243 2.6728005134358335 5.6500000000000012 3.9169617688349754
decision_type=2 2 10 8 2 2 2 2 2 2 2 2 2 10
left_child=4 3 -3 -2 5 6 13 -8 9 10 11 12 -9 -1
right_child=1 2 -4 -5 -6 -7 7 8 -10 -11 -12 -13 -14 -15
leaf_value=0.0039526844851878956 -0.039200760817952131 -0.05114312048877942 -0.082989050733387332 0.010275686868538631 0.0011061527552267126 -0.083845813460751886 -0.01065882308378637 -0.03209366506913109 -0.00057335071831466917 -0.043099023140220141 -0.11777745570742984 0.0042059405953680795 -0.056650899400641566 -0.0088473243935626288
leaf_weight=99 91 20 30 24.093395233154297 83 22 308 25 49 25 20 29 20 41.046697616577148
leaf_count=99 91 20 30 14 83 22 308 25 49 25 20 29 20 36
internal_value=-0.00391066 -0.00917877 -0.0176471 -0.00537957 -0.00269341 -0.00330143 -0.00294916 -0.00392034 -0.00834319 -0.012125 -0.00873684 -0.00506667 -0.0103261 0.000356148
internal_weight=886.14 165.093 50 115.093 721.047 638.047 616.047 476 168 119 94 74 45 140.047
internal_count=871 155 50 105 716 633 611 476 168 119 94 74 45 135
is_linear=0
shrinkage=0.05


Tree=25
num_leaves=15
num_cat=0
split_feature=15 14 0 8 14 9 13 9 13 8 2 13 9 14
split_gain=3.2568 2.80151 1.69547 1.39488 2.10871 0.801616 1.2288 0.749204 0.876377 1.32613 0.981551 1.06296 0.713753 1.0539
threshold=-0.30803999999999992 0.22976101892545828 15.073977246777257 16.050000000000004 2.6270969435730076 0.44032991850403941 3.3231252918076066 -0.70864607840491678 3.6918790522500609 23.550000000000004 11.730794247999029 3.1121921542889894 -0.96419053137135757 2.7037143114728965
decision_type=2 2 2 10 2 2 10 2 8 10 2 10 2 2
left_child=12 -2 3 5 -5 6 -3 -4 9 10 11 -9 -1 -14
right_child=1 2 7 4 -6 -7 -8 8 -10 -11 -12 -13 13 -15
leaf_value=-0.030296415889629408 0.002774722393990456 -0.019725539963458789 0.0065278511339291944 -0.03934494283204773 -0.082406892518915753 -0.0039084438307395676 -0.083218177369672075 -0.084095466983683656 -0.015853332839754278 -0.10568765058126145 -0.0022766254192381542 -0.014623621402630099 0.0020172720291629989 -0.027133970180225672
leaf_weight=38 83.093395233154297 24 39 37 37 32 24 23 44 24 39 20 179.0933952331543 245
leaf_count=38 73 24 39 37 37 32 24 23 44 24 39 20 169 245
internal_value=-0.00310291 -0.00625047 -0.00824128 -0.012129 -0.0170667 -0.00740741 -0.0114286 -0.00502632 -0.00662252 -0.00906542 -0.00590361 -0.0110227 -0.000193337 0.000401011
internal_weight=888.187 426.093 343 154 74 80 48 189 150 106 82 43 462.093 424.093
internal_count=868 416 343 154 74 80 48 189 150 106 82 43 452 414
is_linear=0
shrinkage=0.05


Tree=26
num_leaves=15
num_cat=0
split_feature=15 14 0 1 9 14 15 2 3 2 4 14 0 2
split_gain=3.58466 1.41227 0.909492 1.02321 0.970303 0.830004 1.07119 0.904236 0.795336 1.7209 0.78019 0.616971 1.07147 1.00368
threshold=0.66927500000000018 3.1143248453633996 13.574106775453194 12.599490740942857 0.087148275903737818 0.71211442113764023 -0.49454499999999996 10.231845870667506 12.355968025144357 13.593151323725015 8.4733862303563114 4.2890227835308243 15.696783712158519 14.684341796189964
decision_type=2 2 2 2 2 2 2 2 2 2 2 2 2 2
left_child=5 2 -2 -4 -5 -1 11 -8 -9 -10 -3 -7 -13 -14
right_child=1 10 3 4 -6 6 7 8 9 -11 -12 12 13 -15
leaf_value=0.0014583905338669118 -0.061344285482411755 -0.103208176541079 0.015635785059279712 -0.030422391263982485 -0.054155744234851956 0.0034262137868083437 -0.035222010693634453 -0.013416681353509345 -0.069484522633146986 -0.092407076554125334 -0.055961600749152685 0.0042099022102085005 -0.055404824364910704 -0.021206279581247552
leaf_weight=162.0933952331543 29.046697616577148 20 26 23 30 167 20 203 32 36 34 62 32 22
leaf_count=152 24 20 26 23 30 167 20 203 32 36 34 62 32 22
internal_value=-0.00273517 -0.00944371 -0.00605031 -0.0031875 -0.00712963 -0.00124751 -0.00213913 -0.0042637 -0.00347426 -0.00811594 -0.016 5.28171e-05 -0.00273504 -0.00781818
internal_weight=898.14 162.047 108.047 79 53 736.093 574 291 271 68 54 283 116 54
internal_count=883 157 103 79 53 726 574 291 271 68 54 283 116 54
is_linear=0
shrinkage=0.05


Tree=27
num_leaves=15
num_cat=0
split_feature=15 3 4 10 8 9 15 4 15 2 0 4 9 1
split_gain=2.04176 1.65913 0.82032 1.22992 1.90111 0.748705 0.670698 0.647844 0.948754 0.564594 0.741551 1.70104 0.680283 0.612229
threshold=0.66927500000000018 6.7071473295827539 9.1408942207903525 -0.5 16.650000000000002 -0.2079097116483111 -1.1641199999999998 10.649631107724094 -0.87675499999999984 13.303708650551073 13.74655040117784 2.3410656135621104 -1.0000000180025095e-35 12.433408396918468
decision_type=2 2 2 2 10 2 2 2 2 2 2 2 2 2
left_child=2 -2 6 4 -4 -6 -1 8 -5 10 11 13 -11 -8
right_child=1 -3 3 7 5 -7 9 -9 -10 12 -12 -13 -14 -15
leaf_value=0.0021970914883267813 -0.0078850851487689295 -0.057358066554516057 -0.025561059048039039 0.0016230864675239544 -0.089202875849321392 -0.079276296951386591 0.0023227500560581839 0.0063891565335123541 -0.064197200858996925 -0.0015619102784842442 0.00097174346684463322 -0.044090724747895993 -0.070832731907650187 -0.016296782078943018
leaf_weight=93.046697616577148 49.093395233154297 111 38 22 29 20 51.046697616577148 79 31 20 286.04669761657715 31 22 26
leaf_count=88 39 111 38 22 29 20 46 79 31 20 281 31 22 26
internal_value=-0.0026493 -0.00775657 -0.00154751 -0.00411364 -0.00869318 -0.0151 -0.000479683 -0.00105263 -0.00527778 -0.001303 -0.000707511 -0.00421623 -0.00674419 -0.000189201
internal_weight=908.233 160.093 748.14 219 87 49 529.14 132 53 436.093 394.093 108.047 42 77.0467
internal_count=883 150 733 219 87 49 514 132 53 426 384 103 42 72
is_linear=0
shrinkage=0.05


Tree=28
num_leaves=15
num_cat=0
split_feature=15 2 0 8 9 9 10 8 0 15 15 1 0 4
split_gain=1.58017 1.47 2.08705 1.0066 1.27293 0.907545 0.772968 0.718756 0.785876 0.978387 0.659933 0.859265 1.52758 0.892533
threshold=-0.43006499999999998 1.0000000180025095e-35 12.270442365115466 14.950000000000001 0.70864607840491656 0.26092512978024796 0.50376918148035232 5.6150000000000011 15.472996339817792 1.2809800000000002 -1.2924149999999999 12.555101602764983 15.648777180913992 10.569976263465795
decision_type=2 2 2 10 2 2 2 10 2 2 2 2 2 2
left_child=6 -2 -3 4 7 -5 10 -4 9 -9 -1 -12 -13 -14
right_child=1 2 3 5 -6 -7 -8 8 -10 -11 11 12 13 -15
leaf_value=0.002551274412921196 0.0033587524055967849 -0.062318566070337728 -0.086259736403754755 -0.040232123823862855 0.005018601998870143 -0.050610589661386013 0.0027525858163380879 0.017728135063001693 -0.027170113102084361 -0.040522397493118339 -0.022588479463057559 0.0026733648821239968 -0.0077486253999967799 -0.050100216432166493
leaf_weight=76 39.046697616577148 27 30 137 71.046697616577148 89 104.04669761657715 63 56 21 27 80 47 29
leaf_count=76 34 27 30 137 66 89 99 63 56 21 27 80 47 29
internal_value=-0.00264095 -0.00437102 -0.00511016 -0.00430463 -0.0020441 -0.00669603 -9.55e-05 -0.00438596 -0.00283688 0.000235294 -0.00155769 -0.00317935 -0.00171974 -0.00675325
internal_weight=896.14 533.093 494.047 467.047 241.047 226 363.047 170 140 84 259 183 156 76
internal_count=881 523 489 462 236 226 358 170 140 84 259 183 156 76
is_linear=0
shrinkage=0.05


Tree=29
num_leaves=15
num_cat=0
split_feature=14 2 7 0 9 8 10 4 8 7 7 14 3 5
split_gain=1.124 1.20054 1.01739 0.920263 1.93973 0.903253 1.19338 1.22644 1.10131 0.689603 0.676919 0.770901 1.11442 0.583865
threshold=3.1143248453633996 11.025572197356253 7.3500000000000005 13.723958303648894 -0.70710678118654735 15.750000000000002 0.25881904510252057 6.1259351205958383 25.100000000000005 6.3500000000000005 6.2500000000000009 0.71211442113764023 7.8083249491672957 8.7271633423276462
decision_type=2 2 2 2 2 10 2 2 10 2 2 2 2 2
left_child=3 -2 5 4 -1 13 7 -7 -9 -8 11 -5 -13 -3
right_child=1 2 -4 10 -6 6 9 8 -10 -11 -12 12 -14 -15
leaf_value=-0.041234598498455705 -0.053642862184063257 0.0011772301442104687 0.014104539172200609 0.0035385538455601274 -0.0096850674475895925 -0.037285257962639727 -0.068943594078691009 -0.078649258686645906 -0.080286926611682047 0.0046537712208887172 0.0036990009136457047 -0.045480245168173915 -0.025545120002465806 -0.046827800319896938
leaf_weight=24 34 79 55 107.0933952331543 135.0933952331543 26 24 28 29 41 91 33 130 37
leaf_count=24 34 79 55 97 125 26 24 28 29 41 91 33 130 37
internal_value=-0.00272718 -0.00490113 -0.00392187 -0.00124536 -0.00440076 -0.00520755 -0.00778523 -0.0117262 -0.0157759 -0.00265151 0.000153184 -0.00110491 -0.00326219 -0.00188034
internal_weight=873.187 353 319 520.187 159.093 264 148 83 57 65 361.093 270.093 163 116
internal_count=853 353 319 500 149 264 148 83 57 65 351 260 163 116
is_linear=0
shrinkage=0.05


Tree=30
num_leaves=15
num_cat=0
split_feature=4 13 13 10 9 5 4 13 9 10 8 3 9 9
split_gain=0.977643 1.01097 1.43019 1.4239 0.900585 1.37909 1.07986 0.722856 0.57773 0.962945 0.536127 0.530386 1.24596 0.56056
threshold=6.5514373504102341 2.4670511503686972 2.6751386027824413 0.13052619222005152 0.86382728211298232 5.554646837653177 8.1161611852059643 3.3466840214647262 -0.11103293036274557 -0.0043632677491870896 16.950000000000003 11.776469202748027 -1.0000000180025095e-35 -0.89493436160202511
decision_type=2 8 10 2 2 2 2 10 2 2 10 2 2 2
left_child=11 -2 3 -3 6 -6 7 -4 9 10 -8 13 -13 -1
right_child=1 2 4 -5 5 -7 8 -9 -10 -11 -12 12 -14 -15
leaf_value=-0.032129073652568389 0.011791075076799223 -0.11930994252220861 -0.022287072234638067 -0.072595269298488432 -0.052628210932890586 -0.0035300878030221153 -0.022085634275717424 -0.070265355459968523 0.0083119298911047829 0.0023446635593161545 -0.076272580281097943 0.0043966515916781307 -0.051567078177085612 0.00047397413048404149
leaf_weight=62 37 21 29 25 29 30 33 21 72 53 29 27 37 377.14009284973145
leaf_count=62 37 21 29 25 29 30 33 21 72 53 29 27 37 362
internal_value=-0.00230915 -0.00422368 -0.00507289 -0.0131915 -0.00377104 -0.00925 -0.00237395 -0.00882353 -0.000611702 -0.00280172 -0.00698413 -0.000861466 -0.00507692 -0.000236969
internal_weight=882.14 379 342 46 296 59 237 50 187 115 62 503.14 64 439.14
internal_count=867 379 342 46 296 59 237 50 187 115 62 488 64 424
is_linear=0
shrinkage=0.05


Tree=31
num_leaves=15
num_cat=0
split_feature=15 8 3 3 2 1 15 14 10 0 1 4 2 4
split_gain=1.50527 1.17008 1.1727 0.679883 0.99527 0.682685 0.633288 1.40128 1.23555 0.865518 0.627103 0.824751 0.613166 0.635096
threshold=0.66927500000000018 20.950000000000003 11.137110451044594 12.166576137550491 12.914805881113425 14.812453390139313 -0.086219999999999991 0.59862976654053734 0.70090259214882411 13.993768541603382 14.687464756417432 12.396072387223953 13.962673132380607 10.958305702476432
decision_type=2 10 2 2 2 2 2 2 2 2 2 2 2 2
left_child=3 -2 -3 5 -5 6 -1 -8 9 -9 -6 12 -12 -14
right_child=1 2 -4 4 10 -7 7 8 -10 -11 11 -13 13 -15
leaf_value=0.00095566660663358156 -0.021194795603722422 -0.041103190887389701 -0.089838312116197416 -0.072440296194331233 0.0077155271964569998 0.0089126105325619768 0.0043203512422542193 -0.038218674159932069 -0.050066668215424361 -0.0056775796229534383 -0.072181789732621571 0.0085112200497649889 0.065694551952963642 -0.051649270367120331
leaf_weight=275.0933952331543 126.0933952331543 28 20 25 38 97 66 20 29 59 20 36 21 24
leaf_count=265 116 28 20 25 38 97 66 20 29 59 20 36 21 24
internal_value=-0.00172739 -0.00587991 -0.012449 -0.000702486 -0.00351515 0.000147081 -0.000676599 -0.00302857 -0.00651376 -0.0031875 -0.00182143 -0.00387255 -0.00719697 -0.00380435
internal_weight=884.187 174.093 48 710.093 164 546.093 449.093 174 108 79 139 101 65 45
internal_count=864 164 48 700 164 536 439 174 108 79 139 101 65 45
is_linear=0
shrinkage=0.05


Tree=32
num_leaves=15
num_cat=0
split_feature=13 14 1 5 8 8 7 3 16 9 8 13 13 0
split_gain=1.74124 0.804656 0.930706 0.85183 1.14659 1.4333 1.05694 0.912503 0.751537 0.688007 0.863238 0.667563 0.683371 0.640019
threshold=3.6918790522500609 0.71211442113764023 16.386875964300703 7.962029914646962 23.250000000000004 25.100000000000005 6.8500000000000005 8.0743318262623713 0.37080500000000005 -0.52435624418390947 14.950000000000001 3.0663800636569527 3.2406484995752725 13.870337082043978
decision_type=10 2 2 2 10 10 2 2 2 2 10 8 8 2
left_child=1 8 3 4 7 -6 -5 -3 -1 10 -2 -9 -13 -10
right_child=9 2 -4 6 5 -7 -8 11 13 -11 -12 12 -14 -15
leaf_value=0.0039148189483423669 -0.035902912263710555 -0.046730732803411196 0.015071115904241325 -0.085507915119805697 -0.066816551277892253 -0.033845756274235375 -0.06203306973702967 0.0083250390725187595 -0.027795537483086559 0.0032203889863257253 0.0036640012245573849 -0.062270437692727311 -0.016016529346183767 -0.014116620904503361
leaf_weight=94.046697616577148 44 25 24 28 22 124 28 76 20 214.14009284973145 32 26 78 28
leaf_count=89 44 25 24 28 22 124 28 76 20 199 32 26 78 28
internal_value=-0.00194873 -0.0035446 -0.00461806 -0.00518382 -0.00424716 -0.00761905 -0.0108772 -0.00182039 -0.000277997 0.00120458 -0.00285714 -0.000552486 -0.00314286 -0.00530612
internal_weight=863.187 573.047 431 407 351 146 56 205 142.047 290.14 76 180 104 48
internal_count=843 568 431 407 351 146 56 205 137 275 76 180 104 48
is_linear=0
shrinkage=0.05


Tree=33
num_leaves=15
num_cat=0
split_feature=15 4 1 15 8 8 8 3 10 1 14 14 3 14
split_gain=2.89713 1.19779 0.970194 2.10946 1.30563 0.92354 0.855205 0.828264 1.09014 0.739242 0.686839 0.540634 0.531316 0.48574
threshold=0.66927500000000018 6.0099799556481051 14.465425104264854 -0.17237999999999995 12.050000000000002 20.950000000000003 12.050000000000002 10.567141524696126 0.54824625590878551 13.54982795163504 4.2228882351687469 2.6728005134358335 7.8083249491672957 4.3992483701799054
decision_type=2 2 2 2 10 10 8 2 2 2 2 2 2 2
left_child=1 -1 3 7 -5 6 9 -3 10 -2 -9 -7 -8 -4
right_child=5 2 13 4 -6 11 12 8 -10 -11 -12 -13 -14 -15
leaf_value=0.0016958423752453135 -0.030827256859003584 0.0087806838558609889 0.0045669915452144928 -0.015950150048124539 -0.061298098440650518 -0.040507174882739444 -0.032100717544610656 -0.007685007168650948 0.035182631099695008 -0.07187709962381876 -0.068243978175368022 -0.08039397766182331 0.0057738042013933 -0.014961076138782876
leaf_weight=401.14009284973145 32 37 57 22 29 23 21 27 23 23 26 22 33 123
leaf_count=386 32 37 57 22 29 23 21 27 23 23 26 22 33 123
internal_value=-0.00139345 -9.95783e-05 -0.00226087 -0.0050303 -0.0133654 -0.0076129 -0.00504545 -0.00118421 -0.00415584 -0.009375 -0.00805556 -0.013587 -0.000545454 0.000276243
internal_weight=899.14 745.14 344 164 51 154 109 113 76 55 53 45 54 180
internal_count=884 730 344 164 51 154 109 113 76 55 53 45 54 180
is_linear=0
shrinkage=0.05


Tree=34
num_leaves=15
num_cat=0
split_feature=15 3 8 2 3 0 2 7 13 4 10 2 4 13
split_gain=1.83855 2.2635 1.89052 2.10086 0.896753 0.88429 1.48145 0.714888 0.685672 0.668888 0.646747 0.653841 0.859647 0.976647
threshold=-0.30803999999999992 6.7071473295827539 23.250000000000004 12.228182653119807 12.484008145059095 14.901640119333409 11.083614526953589 6.0100000000000007 3.9169617688349754 0.54930614433405489 0.50376918148035232 9.0965767664003732 9.5255768449228224 3.094662338278956
decision_type=2 2 10 2 2 2 2 2 8 2 2 2 2 10
left_child=10 -2 5 -4 -5 6 -3 -8 9 -7 11 -1 -13 -14
right_child=1 2 3 4 -6 8 7 -9 -10 -11 -12 12 13 -15
leaf_value=-0.018064371697541676 0.0012241653508227859 -0.038025320566223611 -0.067849522964032752 -0.026329151930485524 -0.080574455089585134 -0.044405589632011307 -0.061651494133112994 0.004966320830617846 -0.047341874504820476 0.011098114008939531 0.0066632783143825581 0.0038250399772769353 -0.071199278302478824 0.0013225202517973943
leaf_weight=40 145.14009284973145 36 22 22 27 32 21 28 30 85 118.04669761657715 178.04669761657715 38 61
leaf_count=40 130 36 22 22 27 32 21 28 30 85 113 173 38 61
internal_value=-0.00133882 -0.00358307 -0.00603618 -0.013125 -0.0071 -0.00381974 -0.00784884 -0.0021 -0.0014527 0.00029661 0.000975633 -0.000203638 0.000666196 -0.00305
internal_weight=883.233 448.14 303 71 49 232 85 49 147 117 435.093 317.047 277.047 99
internal_count=858 433 303 71 49 232 85 49 147 117 425 312 272 99
is_linear=0
shrinkage=0.05


Tree=35
num_leaves=15
num_cat=0
split_feature=15 14 3 13 13 3 7 14 13 12 15 14 0 8
split_gain=1.20509 0.932919 1.127 0.916527 0.757845 0.839416 1.159 0.696534 0.807962 1.07612 0.399444 1.23475 1.51001 0.650508
threshold=0.66927500000000018 4.2890227835308243 14.062721239916847 3.599831998686374 2.6535031187055078 8.8336059308142882 6.0100000000000007 4.8215040091825498 3.1517080845114083 1.0000000180025095e-35 -0.11977499999999999 0.32777594397473042 14.056190221390397 12.230000000000002
decision_type=2 2 2 10 8 2 2 2 10 10 2 2 2 10
left_child=1 10 7 4 -2 -6 -7 -3 9 -9 -1 -12 -13 -14
right_child=3 2 -4 -5 5 6 -8 8 -10 -11 11 12 13 -15
leaf_value=0.001863031458846324 -0.0024772692311461489 -0.033302543132630695 0.02172882252504027 0.02862065067364148 -0.028908175050207686 -0.067613070792351321 -0.032286151577976319 0.0040477070209397189 -0.0031422960450759904 -0.10770867915202068 0.006564440473135408 -0.047697180022759793 0.006233547036966762 -0.039203073170297142
leaf_weight=334.0933952331543 31 29 35 28.093395233154297 50 27 28 23 79 35 61.046697616577148 29 62 49
leaf_count=324 31 29 35 18 50 27 28 23 79 35 56 29 62 49
internal_value=-0.00116377 -0.0002975 -0.00319307 -0.00502463 -0.00671533 -0.00872641 -0.0129464 -0.00491018 -0.00336956 -0.00779661 0.00079401 -0.000963968 -0.0035461 -0.000848214
internal_weight=900.233 736.14 201 164.093 136 105 55 166 137 58 535.14 201.047 140 111
internal_count=875 721 201 154 136 105 55 166 137 58 520 196 140 111
is_linear=0
shrinkage=0.05


Tree=36
num_leaves=15
num_cat=0
split_feature=15 4 0 10 1 8 3 7 8 8 9 13 13 3
split_gain=1.89847 1.24744 1.06171 1.02751 1.13005 0.974652 0.861252 1.38853 0.930718 1.34538 0.693495 0.605653 0.39345 0.486239
threshold=0.66927500000000018 5.0021526326360242 16.792665430421291 -0.16719855485485105 12.703507605109477 13.15 6.7071473295827539 6.1500000000000012 12.050000000000002 18.990000000000006 0.25881904510252091 3.1121921542889894 3.999297778463514 7.8979472974398321
decision_type=2 2 2 2 2 10 2 2 10 10 2 10 10 2
left_child=1 12 3 5 -5 -3 -2 8 -8 -10 11 -7 -1 -14
right_child=6 2 -4 4 -6 10 7 -9 9 -11 -12 -13 13 -15
leaf_value=0.003708410724894088 -0.0015358081891690238 0.0010061518259828746 -0.055187330446229158 -0.047240200633144512 0.0074147792020878055 -0.060925144895641048 -0.065541625179358298 -0.013132251997299282 -0.021274347030150149 -0.06809835719807085 -0.013202413080497822 -0.055297658723994947 -0.0042456624302607895 0.0029522918685505719
leaf_weight=274.0933952331543 46.046697616577148 60 35 26 149 31 22 45 22 25 46 25 47 45
leaf_count=264 41 60 35 26 149 31 22 45 22 25 46 25 47 45
internal_value=-0.00128934 -0.000215849 -0.00225201 -0.00137574 0.00127841 -0.00423313 -0.00620793 -0.00852174 -0.0129286 -0.00864583 -0.00718447 -0.0108772 0.00185366 -0.000967742
internal_weight=898.14 738.093 372 337 175 162 160.047 114 69 47 102 56 366.093 92
internal_count=883 728 372 337 175 162 155 114 69 47 102 56 356 92
is_linear=0
shrinkage=0.05


Tree=37
num_leaves=15
num_cat=0
split_feature=15 3 4 1 13 15 2 2 7 7 2 3 14 10
split_gain=1.63382 1.41188 1.09324 1.17114 1.0911 1.96622 0.90482 0.843655 0.642384 0.547495 0.944071 0.345847 0.743122 0.331453
threshold=0.66927500000000018 6.7071473295827539 1.4978661367769956 12.831759144235951 2.6535031187055078 1.2809800000000002 11.68630536949332 10.264910927332334 6.0100000000000007 5.9500000000000011 11.025572197356253 12.355968025144357 5.5963175703358798 0.50376918148035232
decision_type=2 2 2 2 8 2 2 2 2 2 2 2 2 2
left_child=2 -2 -1 6 -3 -6 7 -4 -7 -5 -11 -12 -13 -14
right_child=1 4 3 9 5 8 -8 -9 -10 10 11 12 13 -15
leaf_value=0.0011515741432510294 0.0019909268699048314 -0.008118029206488693 -0.017475060350507037 0.0057367492732240183 -0.069606208343011067 -0.028467994423374356 -0.052441919542847028 0.00095656915162202656 7.9628706420085965e-05 -0.041347776466116433 0.0053716575660268384 -0.058897888568221146 -0.01764823861749918 0.015617574873263252
leaf_weight=340.14009284973145 53.093395233154297 24 29 82 32 33 21 38 24 25 103 27 56 24
leaf_count=325 43 24 29 82 32 33 21 38 24 25 103 27 56 24
internal_value=-0.00103464 -0.00550311 -3.25668e-05 -0.00178571 -0.00864035 -0.0111667 -0.00685393 -0.00389706 -0.00543103 -0.000361635 -0.00158898 -0.000473933 -0.0024537 1.83965e-10
internal_weight=911.233 166.093 745.14 405 113 89 88 67 57 317 235 210 107 80
internal_count=886 156 730 405 113 89 88 67 57 317 235 210 107 80
is_linear=0
shrinkage=0.05


Tree=38
num_leaves=15
num_cat=0
split_feature=4 2 3 3 2 9 0 16 2 1 0 14 1 7
split_gain=0.833648 0.951834 0.744219 0.594461 1.71257 0.915574 0.823171 0.775866 0.760686 0.538941 0.526205 0.521677 0.513845 0.500424
threshold=2.3410656135621104 9.4674765584240426 14.062721239916847 12.121197757918001 12.914805881113425 0.84103100687915511 16.650208473852814 0.37080500000000005 11.469521479540292 15.430374933573537 14.345768791527194 2.1119792477815627 12.399207883348884 6.8500000000000005
decision_type=2 2 2 2 2 2 2 2 2 2 2 2 2 2
left_child=12 -2 3 5 -5 6 7 10 -9 -6 -3 -12 -1 -14
right_child=1 2 -4 4 9 -7 -8 8 -10 -11 11 -13 13 -15
leaf_value=0.0031342349617729547 -0.030430106876878728 -0.029635087497344167 0.025429266199790853 -0.054755026290414788 0.0084371750339067332 0.019506004577666852 -0.047332255229137012 -0.052141438577467593 -0.017352644997935925 -0.059025965258754393 -0.021188624532167532 0.006002472674417423 -0.008429736861762396 0.019038535338484437
leaf_weight=141.23348808288574 27 49 38 21 51 63 24 20 24 43 29 76 246 37
leaf_count=116 27 49 38 21 51 63 24 20 24 43 29 76 246 37
internal_value=-0.000846781 -0.00230687 -0.00173121 -0.00236908 -0.00538793 -0.00113636 -0.00264574 -0.00155779 -0.00733333 -0.00242105 0.000129032 0.00212264 0.000755273 -0.000475352
internal_weight=889.233 465 438 400 115 285 222 198 44 94 154 105 424.233 283
internal_count=864 465 438 400 115 285 222 198 44 94 154 105 399 283
is_linear=0
shrinkage=0.05


Tree=39
num_leaves=15
num_cat=0
split_feature=14 1 0 1 13 13 9 4 4 14 13 9 13 1
split_gain=1.0381 0.741295 0.934089 0.818871 0.678015 0.902221 0.893757 0.564038 0.546514 0.641169 0.451869 0.610615 0.689228 0.679978
threshold=3.1143248453633996 16.386875964300703 16.818864548502386 12.116287536430383 2.9679125553228172 2.4670511503686972 -1.0000000180025095e-35 10.396421436321445 8.8440090918146002 3.5519491752087817 3.6918790522500609 0.26092512978024796 3.0588254485455386 13.636157696624045
decision_type=2 2 2 2 10 8 2 2 2 2 8 2 10 2
left_child=10 2 3 -2 5 -5 -7 -8 9 -6 11 -1 -13 -14
right_child=1 -3 -4 4 8 6 7 -9 -10 -11 -12 12 13 -15
leaf_value=0.0012777634258700308 -0.034768787504338462 0.021200226031444835 -0.094200825726544452 0.015050083361919167 0.0034866147753746871 -0.078067788721930959 0.0025057347636969311 -0.041323957335826778 0.0068709458373229408 -0.039563997710537167 0.0011790786930372323 -0.026563999067054311 0.0033790441958497378 -0.046358045531305542
leaf_weight=196 23 26 28 24 21 33 21 21 126 37 185.04669761657715 49 49 24
leaf_count=196 23 26 28 24 21 33 21 21 126 37 180 49 49 24
internal_value=-0.00113971 -0.0031856 -0.0038209 -0.00299674 -0.00223592 -0.00555 -0.00822368 -0.00325581 -0.000432432 -0.00440678 0.000327814 -0.000815047 -0.00357724 -0.000472973
internal_weight=863.047 360 334 306 283 99 75 42 184 58 503.047 318 122 73
internal_count=858 360 334 306 283 99 75 42 184 58 498 318 122 73
is_linear=0
shrinkage=0.05


Tree=40
num_leaves=15
num_cat=0
split_feature=15 2 8 4 4 10 10 2 8 0 15 8 4 2
split_gain=1.98305 1.50856 1.25844 0.72647 1.26672 0.657794 0.615193 0.64831 0.60974 0.474233 0.337254 0.716355 0.849444 0.406481
threshold=0.66927500000000018 8.4078804299200822 20.950000000000003 9.1790302868013747 9.7864149100388573 -0.62758608479379874 -0.70710678118654757 12.598350357459102 19.200000000000006 15.11877107524087 -0.11977499999999999 5.7500000000000009 7.3975298084385548 9.0965767664003732
decision_type=2 2 10 2 2 2 2 2 10 2 2 10 2 2
left_child=3 -2 5 10 -5 -3 7 -6 -9 -7 13 -12 -13 -1
right_child=1 2 -4 4 6 9 -8 8 -10 -11 11 12 -14 -15
leaf_value=-0.0043352388630701439 0.029827763373214009 -0.051241842570563294 -0.052451049061451108 -0.045427861745897434 -0.058073169733708511 -0.025115139629675133 0.0042780194832932649 0.026116394262470539 -0.039497599073124147 0.0079349850517998529 -0.03267413439889718 0.001903925417181101 -0.038173487947384836 0.0057504337919947798
leaf_weight=60 33.046697616577148 26 37 38 20 34.046697616577148 134 21 20 32 26 139.04669761657715 22 263.0933952331543
leaf_count=60 28 26 37 38 20 29 134 21 20 32 26 134 22 253
internal_value=-0.00107459 -0.00606728 -0.00849515 2.1099e-05 -0.00228632 -0.00526366 -0.000637755 -0.00475806 -0.00107143 -0.00253206 0.0010774 -0.000610308 0.000649402 0.00205332
internal_weight=905.233 162.093 129.047 743.14 233 92.0467 195 61 41 66.0467 510.14 187.047 161.047 323.093
internal_count=880 152 124 728 233 87 195 61 41 61 495 182 156 313
is_linear=0
shrinkage=0.05


Tree=41
num_leaves=15
num_cat=0
split_feature=15 8 3 12 14 8 8 4 1 7 2 15 14 0
split_gain=1.51489 0.953167 1.04113 0.905056 0.622831 0.354595 0.31662 0.858411 1.13419 0.571103 0.449046 0.394155 0.495944 1.50308
threshold=0.66927500000000018 9.943500000000002 11.516247946048063 1.5000000000000002 7.3808172110885097 13.950000000000001 20.250000000000004 8.0295956805110347 12.983839453513383 6.7500000000000009 13.945621774186813 -0.086219999999999991 0.32777594397473042 13.993768541603382
decision_type=2 10 2 10 2 10 10 2 2 2 2 2 2 2
left_child=4 -2 3 5 6 -3 11 -8 -9 -10 -11 -1 -13 -14
right_child=1 2 -4 -5 -6 -7 7 8 9 10 -12 12 13 -15
leaf_value=0.0043633205413764978 0.022429277593053992 -0.018869681564029357 -0.047983987279944067 0.0073042266367284829 -0.097953866422847646 -0.017739993236102061 0.0021371105134156531 -0.040485953429167575 0.01888487465537958 -0.057623698694980519 -0.01497787693350092 0.0031166562952784642 -0.041502547524803611 0.0003134713012344688
leaf_weight=263.0933952331543 37.046697616577148 22 26 28.046697616577148 31 41 174 24 27 25 24 39.046697616577148 21 110
leaf_count=253 32 22 26 23 31 41 174 24 27 25 24 34 21 110
internal_value=-0.000211403 -0.00470383 -0.00690207 -0.00428876 0.000731527 -0.00757812 0.00103892 -0.000290909 -0.0039604 -0.000909091 -0.0041 0.00187889 1.36523e-06 -0.00147727
internal_weight=892.233 154.093 117.047 91.0467 738.14 63 707.14 274 100 76 49 433.14 170.047 131
internal_count=867 144 112 86 723 63 692 274 100 76 49 418 165 131
is_linear=0
shrinkage=0.05


Tree=42
num_leaves=15
num_cat=0
split_feature=15 8 14 10 7 10 7 3 14 3 15 14 1 3
split_gain=1.95446 1.6692 1.08266 1.01335 0.543038 0.854482 0.570498 0.416197 0.750765 0.723896 0.635824 0.910634 0.641276 0.549067
threshold=0.66927500000000018 20.950000000000003 2.6728005134358335 -0.52991926423320479 5.9500000000000011 0.89783339391592787 6.0100000000000007 14.062721239916847 4.2228882351687469 2.955398322020264 -1.2619349999999996 5.1054913979806527 15.779972156653008 12.543348324901309
decision_type=2 10 2 2 2 2 2 2 2 2 2 2 2 2
left_child=4 3 -3 -2 -1 6 -6 8 9 -8 -10 -12 13 -13
right_child=1 2 -4 -5 5 -7 7 -9 10 -11 11 12 -14 -15
leaf_value=0.002477585621732491 -0.023578084617978338 -0.014074562241120926 -0.056455326460464396 0.00033963048921720803 -0.040867656280093402 0.012567833786628527 -0.02765709866447464 0.013848723989366891 0.00095781924663783575 0.0028393104521826189 -0.02071401051082292 -0.053419070636175459 -0.081876123442559332 0.02056518217503181
leaf_weight=313.0933952331543 34 23 22 82.046697616577148 20 59 24 27 33 150 33 24 28 29
leaf_count=303 34 23 22 77 20 59 24 27 33 150 33 24 28 29
internal_value=-0.000547919 -0.00552166 -0.013587 -0.00230478 0.000540373 -0.000619159 -0.00151761 -0.00103152 -0.00153727 0.000685714 -0.00415541 -0.00591304 -0.0029878 0.000277778
internal_weight=901.14 161.047 45 116.047 740.093 427 368 348 321 174 147 114 81 53
internal_count=886 156 45 111 730 427 368 348 321 174 147 114 81 53
is_linear=0
shrinkage=0.05


Tree=43
num_leaves=15
num_cat=0
split_feature=14 7 3 9 0 3 1 9 7 13 0 0 9 13
split_gain=0.830024 0.747103 0.543909 0.573182 1.57091 0.525254 0.539502 0.627385 0.601382 0.621772 0.386945 0.913607 0.596071 0.549949
threshold=1.0079905521927708 5.3500000000000005 14.062721239916847 -0.9263445426916056 15.228592231224935 12.121197757918001 14.103646624509897 -1.0000000180025095e-35 7.1500000000000012 3.5483580088285533 15.772079058790217 15.960627720816442 -0.5 2.5921133604243618
decision_type=2 2 2 2 2 2 2 2 2 8 2 2 2 10
left_child=-1 -2 3 4 -3 10 -7 -8 9 -9 13 -12 -13 -5
right_child=1 2 -4 5 -6 6 7 8 -10 -11 11 12 -14 -15
leaf_value=0.0020627613582226072 -0.040118450195439519 -0.071111354783230205 0.01185485903807581 -0.017181237141190884 -0.0028284068250844733 -0.050403292342944994 0.013792670237299227 -0.024515763253598701 0.00092001617232283749 -0.050911880136780552 -0.031348742891350249 -0.015694971330628662 0.0056102927664425199 0.0053726471173287625
leaf_weight=265.23348808288574 33 20 39 23 28 27 46 26 20 20 21 26 76 210
leaf_count=240 33 20 39 23 28 27 46 26 20 20 21 26 76 210
internal_value=-0.000168891 -0.00117695 -0.000754717 -0.00116728 -0.00632653 -0.000655242 -0.00325 -0.00168142 -0.00477612 -0.00787234 0.000364146 -0.00189516 9.70876e-05 0.00155983
internal_weight=880.233 615 582 543 48 495 139 112 66 46 356 123 102 233
internal_count=855 615 582 543 48 495 139 112 66 46 356 123 102 233
is_linear=0
shrinkage=0.05


Tree=44
num_leaves=15
num_cat=0
split_feature=15 14 2 3 10 2 15 10 9 3 8 15 10 10
split_gain=0.963974 1.07545 0.754388 0.674476 1.50682 1.26886 0.485822 0.736955 0.423169 0.753816 0.590907 0.371419 0.280572 0.501742
threshold=-0.43006499999999998 0.11421325523412328 9.0965767664003732 12.355968025144357 0.60876142900872032 13.593151323725015 0.66927500000000018 0.38268343236508956 -0.52435624418390947 7.8979472974398321 44.45000000000001 1.2809800000000002 0.70090259214882411 0.96126169593831889
decision_type=2 2 2 2 2 2 2 2 2 2 10 2 2 2
left_child=8 -2 -3 6 5 -5 12 11 9 -1 -10 -8 -4 -14
right_child=1 2 3 4 -6 -7 7 -9 10 -11 -12 -13 13 -15
leaf_value=-0.029557866057290758 0.0052136023195874254 -0.033680305945594673 0.0040642185281608715 -0.051723706471129172 0.0092431483946378429 -0.074598159441627843 -0.045628064492217783 0.0016514891741468648 0.004987541203415163 0.0026440090089999459 -0.0057468807954694466 -0.040685860958657408 -0.015503520126286141 0.007785748952884532
leaf_weight=21 90.140092849731445 21 186 22 24 38 31 43 244.04669761657715 64 29 31 42 27
leaf_count=21 75 21 186 22 24 38 31 43 239 64 29 31 42 27
internal_value=0.00018151 -0.00112256 -0.00209227 -0.00164045 -0.00564706 -0.00983607 -0.000692521 -0.00353774 0.00220092 -0.000872093 0.00315725 -0.00698413 0.000488281 -0.00221429
internal_weight=913.187 555.14 465 444 84 60 360 105 358.047 85 273.047 62 255 69
internal_count=893 540 465 444 84 60 360 105 353 85 268 62 255 69
is_linear=0
shrinkage=0.05


Tree=45
num_leaves=15
num_cat=0
split_feature=15 13 14 14 8 0 2 0 10 7 14 8 10 15
split_gain=0.717231 0.686252 0.662349 0.829022 0.774608 0.474612 0.521399 0.390387 0.386256 0.329221 0.319089 0.261907 0.354718 0.592312
threshold=0.66927500000000018 3.6918790522500609 4.4137246756131807 5.1054913979806527 20.545000000000005 13.041378880533072 12.985123067727056 14.80190508185021 -0.95753489942155756 5.4500000000000011 7.6927445154082976 12.050000000000002 0.074102141141256975 -0.11977499999999999
decision_type=2 10 2 2 10 2 2 2 2 2 2 10 2 2
left_child=2 5 11 4 -4 -2 7 9 -5 -7 -10 -1 -13 -14
right_child=1 -3 3 8 -6 6 -8 -9 10 -11 -12 12 13 -15
leaf_value=0.0034791298922757711 -0.039821248226404246 0.039956954222521886 -0.0027942112997880811 -0.046344919242086086 -0.057204360891924572 -0.017496108716144775 -0.035410568711350725 0.0011505213105552688 0.0068034277814283291 -0.040976268287495975 -0.082647796511844895 0.0018922797740277561 0.001422733433033483 -0.033770820447255094
leaf_weight=211.0933952331543 21 23.093395233154297 24 22 23 20 33 49 115 21 20 184 88.046697616577148 45
leaf_count=201 21 13 24 22 23 20 33 49 115 21 20 184 83 45
internal_value=-0.000115339 -0.00306099 0.000560194 -0.00185366 -0.00760417 -0.00434483 -0.00310484 -0.0010989 -9.49365e-05 -0.00464286 0.000919118 0.00149431 0.00058241 -0.00137837
internal_weight=899.233 167.093 732.14 204 47 144 123 90 157 41 135 528.14 317.047 133.047
internal_count=874 157 717 204 47 144 123 90 157 41 135 513 312 128
is_linear=0
shrinkage=0.05


Tree=46
num_leaves=15
num_cat=0
split_feature=4 15 0 3 9 13 10 7 3 13 0 9 1 1
split_gain=0.800995 0.93199 0.943775 0.828943 0.907903 0.708747 0.434331 0.869173 0.601397 0.33676 0.296505 0.283829 0.270438 0.22387
threshold=6.9401845139563836 -0.43006499999999998 15.289107917368604 11.532059190776282 -0.26092512978024823 2.6828860749957557 0.074102141141256975 5.5500000000000007 9.6705788083499247 3.624277951196841 16.525590542458346 0.86382728211298232 12.703507605109477 13.161978831478747
decision_type=2 2 2 2 2 10 2 2 2 10 2 2 2 2
left_child=6 5 3 4 -3 -2 13 8 12 10 -4 -7 -8 -1
right_child=1 2 9 -5 -6 11 7 -9 -10 -11 -12 -13 -14 -15
leaf_value=0.0044394277485123477 -0.028388362958801941 -0.058431739708329301 0.019105615381072596 -0.049561654885220345 -0.0031674242868629274 0.0091441665202031779 -0.027523937153163227 0.0027344891239619966 -0.045192637738016607 -0.028881156541524785 -0.064128593165376335 -0.0065234089891509726 0.00061267334466802025 0.0016761357559619751
leaf_weight=138.0933952331543 26 20 45 38 38 114 29 135 21 30 25 29 39 139
leaf_count=128 26 20 45 38 38 114 29 135 21 30 25 29 39 139
internal_value=0.000208129 -0.00157104 -0.00390863 -0.00742268 -0.00355932 0.00114706 0.00150463 -0.000133333 -0.00394444 -0.000495049 0.00140845 0.00253472 -0.0015942 0.00282447
internal_weight=866.093 365 196 96 58 169 501.093 224 89 100 70 143 68 277.093
internal_count=856 365 196 96 58 169 491 224 89 100 70 143 68 267
is_linear=0
shrinkage=0.05


Tree=47
num_leaves=15
num_cat=0
split_feature=15 14 15 0 7 16 2 15 15 4 0 7 10 8
split_gain=0.818351 1.11266 0.800316 0.585831 0.522435 0.345929 0.786402 0.404022 0.340002 0.685866 0.953946 1.83441 0.51601 0.439189
threshold=0.66927500000000018 0.11421325523412328 0.73686500000000021 14.708757025235846 5.7500000000000009 -0.33242999999999995 10.944650175563529 -1.2619349999999996 -0.43006499999999998 2.3410656135621104 14.159144017181173 6.3500000000000005 0.42260216973226722 7.6100000000000003
decision_type=2 2 2 2 2 2 2 2 2 2 2 2 2 10
left_child=5 -2 -3 4 -4 6 -1 -8 -7 13 11 -11 -12 -10
right_child=1 2 3 -5 -6 8 7 -9 9 10 12 -13 -14 -15
leaf_value=-0.02102399373836358 0.013372672915747636 -0.049946137278554854 -0.042531053427507376 -0.0010065410356616567 -0.031740498231085622 0.0024777097136371375 0.023405906694263508 -0.043405103044436733 -0.03482925706628396 -0.03324944632289431 -0.028397994653539163 -0.027524832167684827 0.016732229225680337 0.0038896145202929793
leaf_weight=23 35.093395233154297 28 22 62 22 300.04669761657715 30 22 22 20 95 25 40 141
leaf_count=23 25 28 22 62 22 295 30 22 22 20 95 25 40 141
internal_value=0.000152792 -0.00296621 -0.00503704 -0.00299065 -0.00733333 0.000890392 -0.00230263 0.00113208 0.0012658 0.000188954 -0.0019337 -0.00815217 0.000183824 0.00253049
internal_weight=887.14 169.093 134 106 44 718.047 75 52 643.047 343 180 45 135 163
internal_count=872 159 134 106 44 713 75 52 638 343 180 45 135 163
is_linear=0
shrinkage=0.05


Tree=48
num_leaves=15
num_cat=0
split_feature=14 15 3 3 13 9 0 0 0 14 14 15 0 14
split_gain=0.735786 0.983083 0.817782 1.90501 0.887236 0.836141 0.374962 0.443394 0.335829 0.289909 0.379066 0.651319 0.425477 0.549561
threshold=3.5384644663809381 -0.43006499999999998 12.672735626007075 12.355968025144357 3.4886076254492751 -0.3986883375106644 15.748715777478411 16.158263219713977 15.685951130719713 2.8173402638296863 0.52044368876136793 0.17533000000000001 14.567778328442321 2.1119792477815627
decision_type=2 2 2 2 10 2 2 2 2 2 2 2 2 2
left_child=9 6 3 4 5 -3 -2 -8 -4 10 -1 -12 -13 -14
right_child=1 2 8 -5 -6 -7 7 -9 -10 -11 11 12 13 -15
leaf_value=0.0020600065874900935 0.0078448533758838906 -0.061367815284496932 -0.046523862965754809 -0.043757450131566053 -0.029170610163102413 0.007525000670751055 -0.021055148135718835 0.0014717835340470142 0.015787887822962216 0.0045360393968145269 0.0033478379643533951 0.0021793116020081106 -0.031811276561580767 -0.00094737965030397282
leaf_weight=185.18679046630859 89 23 33 22 20 45 20 45 28 91 175.04669761657715 34 56 27
leaf_count=165 89 23 33 22 20 45 20 45 28 91 170 34 56 27
internal_value=0.000744959 -0.00115031 -0.00375 -0.00630631 -0.00292135 -0.000144927 0.00174194 -0.00113636 0.000887097 0.00182907 0.00133024 0.000205542 -0.00266949 -0.00458333
internal_weight=893.233 325 171 110 88 68 154 65 61 568.233 477.233 292.047 117 83
internal_count=868 325 171 110 88 68 154 65 61 543 452 287 117 83
is_linear=0
shrinkage=0.05


Tree=49
num_leaves=15
num_cat=0
split_feature=14 15 16 0 1 3 12 15 8 16 8 8 0 0
split_gain=0.459111 0.963068 0.982136 0.765834 0.753463 0.504471 0.487202 0.460239 0.37413 0.333841 0.431204 0.399305 0.342061 0.949756
threshold=0.15615118518611129 -0.11977499999999999 1.0000000180025095e-35 13.574106775453194 12.703507605109477 12.598603321205756 1.5000000000000002 -0.79966499999999996 14.65 0.10701500000000001 16.950000000000003 21.350000000000005 15.748715777478411 16.352182391316678
decision_type=2 2 2 2 2 2 10 2 10 2 10 10 2 2
left_child=7 8 6 4 -4 -5 -3 -1 -2 10 -10 -12 -13 -14
right_child=1 2 3 5 -6 -7 -8 -9 9 -11 11 12 13 -15
leaf_value=-0.005229288008072144 0.0042097334148541539 -0.03339767227925803 -0.038657100377498643 0.0016886377407525012 -0.015105630950738717 -0.057270836543242692 -0.042626673079736631 0.0027905386438729606 -0.033166333516335848 0.0047314004089940524 0.0086998403672169464 0.0014605903826248763 -0.024726463175669781 0.0040366665927423703
leaf_weight=27 157.0933952331543 23 21 230 20 33 20 101.0933952331543 27 39 44 123 20 23
leaf_count=27 147 23 21 230 20 33 20 91 27 39 44 123 20 23
internal_value=0.000649959 0.000192637 -0.00176724 -0.000754098 -0.00702381 0.000246212 -0.00875 0.003412 0.00176337 0.00064982 -6.3025e-05 0.000710901 -0.000419161 -0.00420455
internal_weight=908.187 780.093 347 304 41 263 43 128.093 433.093 276 237 210 166 43
internal_count=888 770 347 304 41 263 43 118 423 276 237 210 166 43
is_linear=0
shrinkage=0.05


Tree=50
num_leaves=15
num_cat=0
split_feature=8 8 8 4 0 2 1 0 3 5 2 7 1 1
split_gain=0.437476 0.862122 0.816661 0.562913 0.516611 0.42915 0.465598 1.50005 0.409522 0.317766 0.757882 0.261048 0.313956 0.487604
threshold=22.050000000000004 30.300000000000004 27.850000000000005 8.0295956805110347 11.918138070231437 10.906634112744191 15.36386560437135 15.648777180913992 10.632482925778287 8.4353839539398141 12.398946732015828 6.2500000000000009 11.885105159201204 12.726727415236329
decision_type=10 10 10 2 2 2 2 2 2 2 2 2 2 2
left_child=4 2 3 -2 -1 -3 7 8 -7 11 -11 12 -6 -14
right_child=1 5 -4 -5 9 6 -8 -9 -10 10 -12 -13 13 -15
leaf_value=-0.023839724826016841 0.0010430313288654555 0.0028176399697059321 -0.028687892578416703 -0.026124308827308408 0.01048611470112816 -0.0085670140229611308 0.0075833574335206185 -0.050841849762238635 0.0048272809144786957 -0.024815727312771423 0.0023561553105608986 0.01016047444487563 -0.0098345421681061956 0.0024625093163312705
leaf_weight=44.046697616577148 44 47 25 38 50.046697616577148 34 44 20 56 20 48 137 51.046697616577148 236
leaf_count=39 44 47 25 38 45 34 44 20 56 20 48 137 46 236
internal_value=0.000358269 -0.00116505 -0.00476852 -0.00228916 0.00115935 0.000767327 -0.000516129 -0.00225225 0.000549451 0.00158438 -0.0015942 0.00204269 0.00128801 0.000643068
internal_weight=894.14 308 107 82 586.14 201 154 110 90 542.093 68 474.093 337.093 287.047
internal_count=879 308 107 82 571 201 154 110 90 532 68 464 327 282
is_linear=0
shrinkage=0.05


Tree=51
num_leaves=15
num_cat=0
split_feature=15 16 8 8 14 13 1 0 1 1 9 14 2 1
split_gain=0.552746 1.23237 1.01742 0.597718 0.460722 0.396773 0.712199 0.438621 0.360511 0.50177 0.306753 0.343939 0.171527 0.34815
threshold=-0.11977499999999999 1.0000000180025095e-35 5.6150000000000011 25.800000000000001 0.22976101892545828 3.5569021725796435 12.674202605042156 16.525590542458346 14.491408681122889 13.880744462714931 -0.96419053137135757 2.2966142907457834 11.674176578070659 13.051718662833805
decision_type=2 2 8 10 2 10 2 2 2 2 2 2 2 2
left_child=10 3 -3 -2 -4 6 -6 8 9 -8 11 -1 -12 -14
right_child=1 2 4 -5 5 -7 7 -9 -10 -11 12 -13 13 -15
leaf_value=-0.025890444435660798 -0.018861432026079945 -0.044598888131454816 0.0084564159671455565 -0.048299757346641679 -0.02790516663373865 0.0018429768930046848 0.0043399897634620009 -0.067866905548995257 0.025992372664445193 -0.02765072592039974 0.0029164177013147243 0.0014052783439449639 -0.0046632767537649967 0.0063125820197852695
leaf_weight=21 35 35 85.140092849731445 20 30 79 46 22 46 34 166.0933952331543 20 37 213
leaf_count=21 35 35 70 20 30 79 46 22 46 34 156 20 37 213
internal_value=0.00061351 -0.000667912 0.000358863 -0.00758929 0.00119689 0.000135659 -0.00117318 0.000268457 0.00141732 -0.000617284 0.00182379 -0.0022619 0.00223084 0.00139442
internal_weight=889.233 432.14 377.14 55 342.14 257 178 148 126 80 457.093 41 416.093 250
internal_count=864 417 362 55 327 257 178 148 126 80 447 41 406 250
is_linear=0
shrinkage=0.05


Tree=52
num_leaves=15
num_cat=0
split_feature=15 15 10 4 10 4 7 15 8 8 2 1 7 7
split_gain=1.01529 0.774247 0.429156 0.447468 0.348804 1.0124 0.591769 0.488217 0.709785 0.787126 0.505983 0.46808 0.2315 0.193769
threshold=0.66927500000000018 0.70259000000000016 -0.68973679431060764 8.4472909117746156 0.26512974748379775 2.3410656135621104 5.5500000000000007 -0.43006499999999998 20.545000000000005 9.7500000000000018 10.798838630635503 13.948910901175131 6.8500000000000005 5.6500000000000012
decision_type=2 2 2 2 2 2 2 2 10 10 2 2 2 2
left_child=4 -2 -3 13 5 12 11 10 9 -9 -7 -6 -1 -4
right_child=1 2 3 -5 6 7 -8 8 -10 -11 -12 -13 -14 -15
leaf_value=0.0030436135368545596 -0.021803349112355971 -0.035126760496318681 -0.0068383884277349455 -0.029776782032658763 0.0026699625637237518 -0.025385057209177608 0.004534135281886102 -0.033059622372132079 -0.05072615785312954 0.0084087677505871577 0.0043166458505149849 -0.041103028449571199 -0.00088975498169678699 0.0076035654573922348
leaf_weight=184.04669761657715 33 30 38.046697616577148 23 35 21 202.04669761657715 38 37 48 120 25 22 35
leaf_count=179 33 30 33 23 35 21 197 38 37 48 120 25 22 35
internal_value=0.00045475 -0.00315387 -0.00133625 0.000311536 0.00124195 0.000425082 0.00270003 -0.00162264 -0.00391129 -0.00137931 0.000387324 -0.00163934 0.00304392 0.00223148
internal_weight=891.14 159.047 126.047 96.0467 732.093 470.047 262.047 264 123 86 141 60 206.047 73.0467
internal_count=876 154 121 91 722 465 257 264 123 86 141 60 201 68
is_linear=0
shrinkage=0.05


Tree=53
num_leaves=15
num_cat=0
split_feature=3 15 15 0 7 10 2 7 9 8 10 13 13 15
split_gain=0.701432 1.02357 1.24212 0.531011 0.37512 0.776909 0.55875 0.590084 0.655935 0.454456 0.604262 0.500055 0.673191 0.541
threshold=6.7071473295827539 0.66927500000000018 0.73686500000000021 14.845684720853265 6.2500000000000009 0.70090259214882411 11.936077351529015 5.5500000000000007 0.31316082539001983 19.900000000000002 0.26512974748379775 3.9561014979758524 2.9450127606983019 -0.43006499999999998
decision_type=2 2 2 2 2 2 2 2 2 10 2 10 8 2
left_child=-1 4 -3 -4 5 6 7 -2 -9 -6 11 12 -11 -14
right_child=1 2 3 -5 9 -7 -8 8 -10 10 -12 -13 13 -15
leaf_value=0.0024988575155862371 0.0031595972403001258 -0.042230040916910572 -0.033256608113368794 0.0045032264391283456 0.0084823470971636152 -0.028725399786474693 0.0072621803662198921 -0.029107833570166372 0.001705606492507371 0.0025623665601071134 0.0075714691837601988 0.002179172626881437 -0.0033540798917974127 -0.059979249097589206
leaf_weight=238.14009284973145 25 22 41 48 131 55 87 36 36 26 63 21 34 26
leaf_count=223 25 22 41 48 131 55 87 36 36 26 63 21 34 26
internal_value=0.000781563 -6.90182e-05 -0.00441964 -0.00172222 0.000831793 -0.000645833 0.000918919 -0.00168367 -0.0039726 0.00200331 0.000292398 -0.00199074 -0.00367816 -0.00655738
internal_weight=889.14 651 111 89 540 239 184 97 72 301 170 107 86 60
internal_count=874 651 111 89 540 239 184 97 72 301 170 107 86 60
is_linear=0
shrinkage=0.05


Tree=54
num_leaves=15
num_cat=0
split_feature=16 15 7 8 3 1 5 14 13 14 4 3 8 15
split_gain=0.658438 1.48639 1.05423 0.969769 0.531959 0.484061 0.452073 0.61981 1.01071 0.32287 0.651872 0.601501 0.250623 0.269693
threshold=1.0000000180025095e-35 -0.11977499999999999 6.8500000000000005 5.7500000000000009 9.7725930922188802 11.910017769753924 7.0021737550324419 1.0497485384633547 3.8224521632363921 5.9594395523767583 9.9511434072104361 12.43156782706953 9.943500000000002 -1.1641199999999998
decision_type=2 2 2 10 2 2 2 2 10 2 2 2 10 2
left_child=1 6 -3 4 -2 -5 7 8 -1 10 12 -12 -7 -14
right_child=3 2 -4 5 -6 9 -8 -9 -10 -11 11 -13 13 -15
leaf_value=0.0035067237431237342 -0.0032785236456625007 -0.036758392349947717 -0.021111586646550995 0.0024159457429693758 -0.051084031069872617 0.016704971125423702 -0.019680537265859971 0.0079243324353795493 -0.022845334002761106 0.018314278130792123 -0.031875354211897237 -0.038363968766093166 0.023572869106406474 0.00013213903070402028
leaf_weight=25 27 28 23 113.14009284973145 25 59 21 108 20 65 29 21 32.046697616577148 295.04669761657715
leaf_count=25 27 28 23 98 25 59 21 108 20 65 29 21 27 290
internal_value=0.000231069 -0.00210177 -0.00951923 0.00102088 -0.0054717 0.00157853 0.000114286 0.00107143 -0.00380435 0.000907136 0.00041288 -0.00490196 0.00111205 0.000565287
internal_weight=891.233 225 51 666.233 52 614.233 174 153 45 501.093 436.093 50 386.093 327.093
internal_count=866 225 51 641 52 589 174 153 45 491 426 50 376 317
is_linear=0
shrinkage=0.05


Tree=55
num_leaves=15
num_cat=0
split_feature=2 15 1 8 0 8 13 16 3 13 13 10 14 0
split_gain=0.5717 0.670178 0.728166 0.4034 0.349533 0.739104 0.63596 0.464173 0.323703 0.609762 0.499054 0.465424 0.718357 0.312463
threshold=10.627732331783834 -0.11977499999999999 12.703507605109477 29.975000000000005 15.798925266415003 19.499000000000006 3.3231252918076066 0.78996500000000014 8.2067151091196138 3.2406484995752725 3.5791391915893898 -0.13917177613245105 4.2228882351687469 14.13270164491426
decision_type=2 2 2 10 2 8 10 2 2 10 10 2 2 2
left_child=-1 8 -3 4 5 6 7 -4 10 11 -2 12 -10 -13
right_child=1 2 3 -5 -6 -7 -8 -9 9 -11 -12 13 -14 -15
leaf_value=0.0019553537222428367 0.015605219592107887 -0.028995318143293397 -0.033653916102617434 -0.02810523768772441 0.0074693479270395505 0.0049356646361041166 -0.042406598375632661 0.0078406343757231947 0.0022127389591289292 0.0066370316923277722 -0.018319057486969138 -0.0054363874475244359 -0.044654131020104813 0.013853987257010623
leaf_weight=254.14009284973145 29.046697616577148 23 31 45 87 32 30 22 35 174 32.046697616577148 20 34 50
leaf_count=239 24 23 31 45 87 32 30 22 35 174 27 20 34 50
internal_value=0.00121344 0.000419268 -0.00147601 -0.000665322 0.000295567 -0.00150862 -0.00398809 -0.000648148 0.00178747 0.00243631 -0.00152243 -3.57141e-05 -0.00292857 0.0028169
internal_weight=898.233 644.093 270 247 202 115 83 53 374.093 313 61.0934 139 69 70
internal_count=873 634 270 247 202 115 83 53 364 313 51 139 69 70
is_linear=0
shrinkage=0.05


Tree=56
num_leaves=15
num_cat=0
split_feature=14 2 16 0 0 8 0 8 13 13 1 10 13 12
split_gain=0.521275 0.535404 0.463245 0.831649 1.3825 0.818932 0.656959 0.345679 0.27246 0.252027 0.275718 0.285657 0.723321 0.299359
threshold=0.15615118518611129 9.0965767664003732 1.0000000180025095e-35 15.678851993770641 16.073949414794921 6.4150000000000009 15.11877107524087 25.800000000000001 4.0760256726792292 4.2213565905370141 12.281341017959948 0.78933513558599011 3.6343809878543185 1.5000000000000002
decision_type=2 2 2 2 2 8 2 10 8 10 2 2 10 10
left_child=-1 -2 3 7 -5 6 -4 8 -3 10 -7 13 -13 -12
right_child=1 2 5 4 -6 9 -8 -9 -10 -11 11 12 -14 -15
leaf_value=0.0016954335918750929 -0.018012764993437874 0.011170066941083587 -0.054740123270486933 -0.027542147661746653 -0.0084861572557467443 0.013820093665855286 -0.0023268487710488141 -0.0056391346151461888 -0.02078711434068245 0.0054086320755473852 0.00091687952404178512 0.0011197404311338664 -0.040286268969816415 0.0051968452278513023
leaf_weight=126.14009284973145 38 66 21 20 42 53.046697616577148 31 45 20 64 202 65 20 83
leaf_count=111 38 66 21 20 42 48 31 45 20 64 202 65 20 83
internal_value=0.000814696 0.000324538 0.000627837 -0.00146907 -0.00619048 0.00137994 -0.0045283 0.000795455 0.00264368 0.00201873 0.00156877 0.00107817 -0.00145349 0.00183566
internal_weight=896.187 770.047 732.047 193 62 539.047 52 131 86 487.047 423.047 370 85 285
internal_count=876 765 727 193 62 534 52 131 86 482 418 370 85 285
is_linear=0
shrinkage=0.05


Tree=57
num_leaves=15
num_cat=0
split_feature=14 15 8 13 7 16 12 9 9 16 10 9 4 13
split_gain=0.562029 0.991735 0.575934 0.640721 0.643103 1.09366 0.893417 0.571069 0.438546 0.390534 0.324233 0.496987 0.450938 0.605383
threshold=0.22976101892545828 -0.11977499999999999 6.4150000000000009 2.6535031187055078 7.1500000000000012 1.0000000180025095e-35 1.0000000180025095e-35 0.25671049665402418 0.44032991850403941 0.78996500000000014 -0.098016907066150058 -0.70710678118654735 9.5255768449228224 3.094662338278956
decision_type=2 2 8 8 2 2 10 2 2 2 2 2 2 10
left_child=-1 10 -3 -4 5 -5 -7 -8 -9 -10 11 -2 -13 -14
right_child=1 2 3 4 -6 6 7 8 9 -11 -12 12 13 -15
leaf_value=0.001421184494595505 -0.024340689005025257 -0.033447268768393976 0.022797249869236397 -0.026971908294272064 0.011452662767785421 -0.035908297711042286 0.0045194281369618254 -0.036695584473687981 -0.024965004551959359 0.0061624265280539811 0.0074750836969923826 0.0033585383951835811 -0.051193051584432596 0.0038897721448901677
leaf_weight=134.0933952331543 28 46 41 34 31 22 80 21 41 21 212.0933952331543 121 28 38
leaf_count=124 28 46 41 34 31 22 80 21 41 21 202 121 28 38
internal_value=0.00087961 0.000353509 -0.0016716 -0.000839041 -0.00179283 -0.00275 -0.00120968 9.14636e-05 -0.00279762 -0.00063492 0.0019516 0.000578704 0.00151596 -0.00179104
internal_weight=898.187 764.093 337 291 250 219 185 163 83 62 427.093 215 187 66
internal_count=878 754 337 291 250 219 185 163 83 62 417 215 187 66
is_linear=0
shrinkage=0.05


Tree=58
num_leaves=15
num_cat=0
split_feature=4 3 3 10 14 15 2 3 13 2 10 2 14 10
split_gain=0.296865 0.803813 0.388399 0.491401 0.655072 0.422736 0.267526 0.798345 0.258411 0.482647 0.49238 0.25867 0.585959 0.222369
threshold=2.3410656135621104 7.8979472974398321 9.6705788083499247 -0.96535657505894046 4.7940001260978891 0.67486000000000013 11.563466587819351 10.669553535678668 3.8539569225446724 10.833261548174768 0.85713466239780911 11.922742440033366 1.0079905521927708 0.25881904510252057
decision_type=2 2 2 2 2 2 2 2 8 2 2 2 2 2
left_child=8 -2 -3 4 -4 6 -5 -8 9 -1 11 12 -11 -9
right_child=1 2 3 5 -6 -7 7 13 -10 10 -12 -13 -14 -15
leaf_value=0.0049621675030885361 -0.022699631977944945 0.0065617305646305515 -0.0041354701509827996 0.0090795585401475028 -0.035461984240518912 -0.024629943915653766 -0.02505303506835049 0.0017039557400870136 0.0020359456840672169 0.0023810642248200658 -0.023309688955369404 0.0062372926694391241 -0.032562640298107341 0.0085920115544559205
leaf_weight=128.04669761657715 27 76 26 54 22 40 30 101 131.04669761657715 29.046697616577148 32 75 24 95
leaf_count=123 27 76 26 54 22 40 30 101 126 24 32 75 24 95
internal_value=0.00140348 0.000540254 0.00105618 0.000379404 -0.00428571 0.00109034 0.00177936 0.00101322 0.00236993 0.00152361 -0.000309019 0.00108669 -0.00156839 0.00218274
internal_weight=890.14 471 444 368 48 320 280 226 419.14 288.093 160.047 128.047 53.0467 196
internal_count=875 471 444 368 48 320 280 226 404 278 155 123 48 196
is_linear=0
shrinkage=0.05


Tree=59
num_leaves=15
num_cat=0
split_feature=15 14 8 7 4 16 15 8 13 14 14 7 9 16
split_gain=0.380769 0.609205 0.479288 0.588791 0.755854 0.234144 0.400689 0.771942 0.537685 0.289949 0.18205 0.315552 0.214706 0.210214
threshold=0.66927500000000018 0.11421325523412328 20.950000000000003 6.1500000000000012 4.0766389064824349 1.0000000180025095e-35 -0.30803999999999992 23.350000000000005 4.2656043041208509 6.074636498170892 1.5477713663764969 6.3500000000000005 0.86819054986216926 0.10701500000000001
decision_type=2 2 10 2 2 2 2 10 10 2 2 2 2 2
left_child=5 -2 3 4 -3 6 8 -8 9 -1 -7 12 13 -12
right_child=1 2 -4 -5 -6 10 7 -9 -10 -11 11 -13 -14 -15
leaf_value=0.0033213251375072807 0.0017342980767575942 -1.7735222159889134e-05 -0.028303925659987635 0.019296158545233248 -0.026132362946534933 0.0025829763569185219 0.010938686363849998 -0.032163079147341386 -0.013725050538264767 -0.053778445031777256 -0.024012253589841905 0.006032853539085681 0.013951653959819564 0.00098654905790934266
leaf_weight=111 38.093395233154297 38 37 34 22 202.14009284973145 24 23 25 20 75 176 21 60
leaf_count=111 28 38 37 34 22 187 24 23 25 20 75 176 21 60
internal_value=0.00152239 -0.000614562 -0.00223485 -0.000315789 -0.00327869 0.00201276 0.000563726 -0.0034375 0.00178344 0.00306818 0.00256139 0.00183183 0.000191083 -0.00055147
internal_weight=906.233 169.093 131 94 60 737.14 203 47 156 131 534.14 332 156 135
internal_count=881 159 131 94 60 722 203 47 156 131 519 332 156 135
is_linear=0
shrinkage=0.05


Tree=60
num_leaves=15
num_cat=0
split_feature=15 13 3 0 14 8 16 2 12 16 15 2 3 14
split_gain=0.622245 0.732735 0.584811 0.511033 0.280409 0.402804 0.48527 0.538751 0.220408 0.299251 0.231134 0.335226 0.695805 0.495246
threshold=0.66927500000000018 3.4542313369358211 9.7959997757652673 15.149169516461955 4.4137246756131807 8.3000000000000025 1.0000000180025095e-35 13.962673132380607 1.5000000000000002 -1.4512249999999998 -1.1641199999999998 11.374111380597908 10.504746430664499 1.3906144890633165
decision_type=2 8 2 2 2 10 2 2 10 2 2 2 2 2
left_child=4 2 -2 -4 8 -6 7 -7 10 -10 -1 -12 13 -13
right_child=1 -3 3 -5 5 6 -8 -9 9 -11 11 12 -14 -15
leaf_value=0.011492577417275681 0.0024687174756313959 -0.013644170246286459 -0.026354767707407731 -0.0083941914690084263 -0.048975814609112801 -0.037129903397182619 0.0083438618516944625 0.0044554122109763152 -0.0032162221649624139 0.0049875673406323678 0.00522793818772899 -0.0092728981844032322 0.0032283345539735908 -0.029691380451907824
leaf_weight=45.046697616577148 69 35.046697616577148 20 33 23 28 111 24 36 234.0933952331543 117 21 61 26
leaf_count=40 69 30 20 33 23 28 111 24 36 224 117 21 61 26
internal_value=0.0014883 -0.00135888 0.000487805 -0.00342593 0.0021051 0.000427808 0.00131098 -0.00264151 0.00268082 0.00369049 0.00166109 0.000995575 -0.00100917 -0.00552083
internal_weight=883.187 157.047 122 53 726.14 186 163 52 540.14 270.093 270.047 225 108 47
internal_count=863 152 122 53 711 186 163 52 525 260 265 225 108 47
is_linear=0
shrinkage=0.05


Tree=61
num_leaves=15
num_cat=0
split_feature=15 14 0 7 8 14 9 14 14 9 9 9 14 3
split_gain=0.644926 1.05437 0.751273 1.10632 0.498674 0.431279 0.434888 0.397977 0.624063 0.433435 0.390294 0.297069 0.351467 0.388841
threshold=-0.11977499999999999 0.11421325523412328 13.993768541603382 6.1500000000000012 18.750000000000004 3.5519491752087817 0.88396761516098465 2.1119792477815627 1.0079905521927708 0.25881904510252091 -0.3986883375106644 -0.86046863722869238 5.5656363219412706 14.091761313902497
decision_type=2 2 2 2 10 2 2 2 2 2 2 2 2 2
left_child=11 -2 3 4 -3 7 10 8 -4 -10 -7 -1 -13 -14
right_child=1 2 5 -5 -6 6 -8 -9 9 -11 -12 12 13 -15
leaf_value=-0.00084052241572213295 0.0071531217744275526 -0.027513016166470297 0.0054970686568577218 0.0076043726879691104 -0.023860481189999755 -0.023631379729908159 -0.052014542001736844 0.011118611011901458 -0.0071913936124484634 -0.037405210485358865 0.010008085904730244 0.0021909669302976375 -0.01973971068434132 0.0090192017558473388
leaf_weight=69 73.093395233154297 20 62 22 23 33 20 63 27 23 45 327.0933952331543 51 24
leaf_count=69 63 20 62 22 23 33 20 63 27 23 45 317 51 24
internal_value=0.000974804 -0.00047206 -0.00165192 -0.00643939 -0.0110227 -0.000492701 -0.00313131 0.000994318 -0.00079646 -0.00490196 -0.0013924 0.00223572 0.00275486 -0.000328947
internal_weight=882.187 411.093 338 65 43 273 98 175 112 50 78 471.093 402.093 75
internal_count=862 401 338 65 43 273 98 175 112 50 78 461 392 75
is_linear=0
shrinkage=0.05


Tree=62
num_leaves=15
num_cat=0
split_feature=3 7 0 9 0 4 8 10 0 16 8 16 2 8
split_gain=0.271661 0.530521 0.665176 0.883079 0.583295 0.261809 0.33442 0.391668 0.533089 0.282545 0.25285 0.247122 0.332738 0.271199
threshold=5.2544752012255964 6.2500000000000009 13.993768541603382 0.44032991850403941 16.640661474636048 8.2799493576483396 20.950000000000003 0.64445579466475189 15.678851993770641 1.0000000180025095e-35 8.0500000000000025 0.37080500000000005 11.674176578070659 16.950000000000003
decision_type=2 2 2 2 2 2 10 2 2 2 8 2 2 10
left_child=-1 2 3 -2 11 -3 10 8 9 -8 -7 13 -13 -4
right_child=1 5 4 -5 -6 6 7 -9 -10 -11 -12 12 -14 -15
leaf_value=0.0015987010687449781 -0.028661697308792519 0.0027892666791109427 0.0088165830410959854 0.00037170143977214546 -0.030276598545954072 -0.043337576645226278 0.0046562092889863545 0.015088776926213835 -0.04638836855975384 -0.005677523645515558 0.0085095918868371319 -0.025848967386415896 0.0022081275327735616 -0.0020851943683286764
leaf_weight=216.18679046630859 37 121 122 31 35 24 21 25 21 33 101 24 25 47
leaf_count=196 37 121 122 31 35 24 21 25 21 33 101 24 25 47
internal_value=0.00182759 0.00132485 -0.000139751 -0.00449275 0.00104331 0.00268012 0.00165929 -0.000495049 -0.00230263 0.000363637 0.00337302 0.00200913 -0.0011 0.00291176
internal_weight=883.187 667 321 68 253 346 225 100 75 54 125 218 49 169
internal_count=863 667 321 68 253 346 225 100 75 54 125 218 49 169
is_linear=0
shrinkage=0.05


Tree=63
num_leaves=15
num_cat=0
split_feature=8 15 9 14 3 1 8 9 3 9 11 8 13 13
split_gain=0.459778 0.541468 0.486397 0.330362 0.93166 0.635714 0.307697 0.579429 0.329221 0.306083 0.260998 0.295315 0.24684 0.495592
threshold=20.950000000000003 0.66927500000000018 0.9562228270146037 4.4137246756131807 13.704337059135613 14.6958320328954 7.6100000000000003 0.37662760538417256 9.7725930922188802 0.25671049665402418 1.0000000180025095e-35 36.000000000000007 4.3957595904073594 4.4876448421191251
decision_type=10 2 2 2 2 2 10 2 2 2 2 10 8 10
left_child=6 2 3 10 5 -5 7 -1 -9 -3 -2 -12 -8 -14
right_child=1 9 -4 4 -6 -7 12 8 -10 -11 11 -13 13 -15
leaf_value=0.0033654192057614809 0.0026107963009765435 -0.023478843843670438 -0.0102140036914939 -0.0016051833306057021 0.015666973810228524 -0.031493586000577715 0.0047782481791939814 -0.0059351677189584959 -0.029401904794068519 -0.014293583323893617 0.00068752218347870769 -0.010105555871602646 -0.01404427487861395 0.008593465156980673
leaf_weight=69 117 24 36 22 36 24 360.14009284973145 20 21 20 41 20 23 37
leaf_count=69 117 24 36 22 36 24 345 20 21 20 41 20 23 37
internal_value=0.00143571 1.85718e-10 0.000774411 0.00153257 -0.00108434 -0.00574468 0.00235475 1.84586e-10 -0.00464286 -0.00511111 0.00273743 8.06453e-05 0.0029698 1.83211e-10
internal_weight=870.14 340 296 260 82 46 530.14 110 41 44 178 61 420.14 60
internal_count=855 340 296 260 82 46 515 110 41 44 178 61 405 60
is_linear=0
shrinkage=0.05


Tree=64
num_leaves=15
num_cat=0
split_feature=15 16 7 8 10 3 10 10 1 0 7 13 15 13
split_gain=0.636459 0.811877 0.815408 0.324093 0.530639 0.265434 0.292874 0.516382 0.249943 0.281413 0.288016 0.255261 0.227194 0.207126
threshold=-0.11977499999999999 1.0000000180025095e-35 6.2500000000000009 6.4150000000000009 1.0000000180025095e-35 7.8979472974398321 -0.71476258798096814 0.71473537162315115 15.430374933573537 14.625529914404526 5.2500000000000009 3.4956560387578528 -0.79966499999999996 2.8589191732011554
decision_type=2 2 2 8 2 2 2 2 2 2 2 10 2 8
left_child=5 2 -2 4 -3 6 -1 12 9 11 -11 13 -8 -5
right_child=1 3 -4 8 -6 -7 7 -9 -10 10 -12 -13 -14 -15
leaf_value=0.0050641010341760575 -0.020837158091331704 -0.029369074678171781 -0.0059609225557465707 -0.017142820283228888 0.00092400477033316257 0.0032676437715955932 -0.019872342522798625 0.00052961442174557518 -0.033358393903101573 -0.022234800478265385 0.014925459368783426 -0.0066661972925249925 -0.0066822688056699516 0.0090345773066741498
leaf_weight=32 22 22 36 31 31 350 37.046697616577148 28.046697616577148 34 25 108.04669761657715 38 23 68
leaf_count=32 22 22 36 31 31 350 32 23 34 25 103 38 23 68
internal_value=0.00160889 0.00018083 -0.00525424 0.00107593 -0.0025 0.00286667 0.000829665 -0.000668209 0.00170542 0.0022145 0.00384369 0.000615942 -0.00327236 0.00195
internal_weight=885.14 415.047 58 357.047 53 470.093 120.093 88.0934 304.047 270.047 133.047 137 60.0467 99
internal_count=870 410 58 352 53 460 110 78 299 265 128 137 55 99
is_linear=0
shrinkage=0.05


Tree=65
num_leaves=15
num_cat=0
split_feature=13 13 0 15 11 8 8 4 13 13 4 10 13 3
split_gain=0.574854 0.475299 0.519889 0.500115 0.830994 0.443182 0.732808 0.723453 0.230242 0.325527 0.335159 0.496577 0.176196 0.135113
threshold=3.6918790522500609 3.6343809878543185 14.91411550242956 0.82512500000000011 1.0000000180025095e-35 31.350000000000005 27.350000000000005 9.3263113378754525 3.1339001270843778 3.0663800636569527 10.569976263465795 1.0000000180025095e-35 3.4282904644093786 13.215188447173068
decision_type=10 10 2 2 2 10 10 2 10 10 2 2 10 2
left_child=1 2 3 5 -5 6 7 12 9 10 -4 -12 -1 -2
right_child=13 -3 8 4 -6 -7 -8 -9 -10 -11 11 -13 -14 -15
leaf_value=0.0062532108054319108 0.0030691419799744458 -0.028698923942095663 0.00368080570297564 -0.016999498793564861 0.0011755938262780392 0.0054276908802046303 -0.022740282758737084 -0.04891102719946322 0.016475666333474425 -0.016903331624871384 -0.030756157160108773 0.009999254354880218 -0.0070099451103967612 -0.00064089751852194887
leaf_weight=92 246.14009284973145 21 113 39 24 62 20 37 96 21 20 27 34.046697616577148 32
leaf_count=92 231 21 113 39 24 62 20 37 96 21 20 27 29 32
internal_value=0.00149227 0.000626366 0.000896232 -0.000516965 -0.00445312 0.000508983 -0.000732241 0.000397652 0.00246403 0.0014011 0.00217391 -0.00135417 0.00220575 0.00336999
internal_weight=884.187 606.047 585.047 308.047 63 245.047 183.047 163.047 277 181 160 47 126.047 278.14
internal_count=864 601 580 303 63 240 178 158 277 181 160 47 121 263
is_linear=0
shrinkage=0.05


Tree=66
num_leaves=15
num_cat=0
split_feature=15 14 8 0 10 7 8 14 1 16 4 13 13 10
split_gain=0.34145 0.866874 0.413417 0.338757 0.336679 0.900447 0.244724 0.261732 0.219588 0.477126 0.28672 0.236559 0.559334 0.368841
threshold=-0.43006499999999998 0.15615118518611129 4.4200000000000008 10.959706122701398 0.85713466239780911 6.2500000000000009 22.050000000000004 1.404362585929035 15.191454966876789 1.0000000180025095e-35 9.9887960114006713 3.5815589191851385 3.4282904644093786 0.60876142900872032
decision_type=2 2 8 2 2 2 10 2 2 2 2 8 10 2
left_child=3 -2 -3 -1 8 -6 -5 -8 9 -4 11 12 13 -11
right_child=1 2 4 6 5 -7 7 -9 -10 10 -12 -13 -14 -15
leaf_value=-0.018362625760294814 0.0040353960678085462 -0.027101082545758843 -0.0093902048468492341 0.0027706564465269333 -0.023246034568945442 0.0031949375889039318 -0.011221005765154989 0.0014381356843818022 0.0049649971315244602 0.0063654108357413287 -0.03126860336390954 0.0080029735121924898 -0.012452135301520846 -0.0071502499250841386
leaf_weight=25 95.140092849731445 20 33 195.04669761657715 43 32 24 118 63 113 28 61 20 21
leaf_count=25 80 20 33 190 43 32 24 118 63 113 28 61 20 21
internal_value=0.00146375 0.000652093 -0.00029885 0.00264493 4.8193e-05 -0.00296053 0.0030624 0.00146853 0.000720588 0.000108303 0.000881148 0.00150463 0.000451613 0.00162963
internal_weight=891.187 529.14 434 362.047 414 75 337.047 142 339 276 243 215 154 134
internal_count=871 514 434 357 414 75 332 142 339 276 243 215 154 134
is_linear=0
shrinkage=0.05


Tree=67
num_leaves=15
num_cat=0
split_feature=4 15 15 14 0 3 15 9 14 0 14 10 15 2
split_gain=0.395242 0.689899 0.583197 0.452082 0.282028 0.378629 0.202353 0.356656 0.345153 0.196161 0.161975 0.26941 0.243881 0.156554
threshold=6.6028303913991815 -0.11977499999999999 0.011770000000000001 2.4455719572485068 14.845684720853265 10.910499800829337 1.0381650000000002 0.77711637012006718 1.1100770881171587 16.525590542458346 5.0462937460415311 -0.16719855485485105 -0.94165999999999983 12.398946732015828
decision_type=2 2 2 2 2 2 2 2 2 2 2 2 2 2
left_child=6 10 -3 -4 5 -5 13 8 -8 -6 -2 12 -12 -1
right_child=1 2 3 4 9 -7 7 -9 -10 -11 11 -13 -14 -15
leaf_value=0.0027307834576566583 0.0020618788858476648 -0.033253504624838309 -0.018060312759009736 -0.015946771531177965 0.014559782321464222 0.0072818481452276082 -0.029212028999914031 0.011652311126702087 0.00054190712000396456 -0.0053845596765774596 -0.030997545218317536 0.0102630553476077 -0.0019279663264587105 0.0023961463443953226
leaf_weight=317.14009284973145 116 30 20 20 42 20 27 27.093395233154297 21 27 24 60 29 117
leaf_count=302 116 30 20 20 42 20 27 17 21 27 24 60 29 117
internal_value=0.00182154 0.000616967 -0.00190625 -0.000423077 0.000863637 -0.00243902 0.00273633 0.000334681 -0.0022449 0.00278571 0.00236957 0.00100877 -0.00157407 0.00315002
internal_weight=897.233 388 159 129 109 40 509.233 75.0934 48 69 229 113 53 434.14
internal_count=872 388 159 129 109 40 484 65 48 69 229 113 53 419
is_linear=0
shrinkage=0.05


Tree=68
num_leaves=15
num_cat=0
split_feature=14 14 15 3 2 0 7 9 14 7 8 4 2 3
split_gain=0.407364 0.584823 0.41171 0.562944 0.897967 0.900097 0.399981 0.35567 0.215735 0.549575 0.289135 0.183673 0.182087 0.314612
threshold=1.0079905521927708 1.1537219472246001 -0.43006499999999998 9.6705788083499247 11.984396766813456 15.084980169461302 6.0100000000000007 0.90444653569325539 5.5963175703358798 6.8500000000000005 12.230000000000002 2.3410656135621104 13.621020949028514 12.23257817002929
decision_type=2 2 2 2 2 2 2 2 2 2 10 2 2 2
left_child=11 -2 12 -4 5 6 -5 8 9 10 -6 -1 -3 -14
right_child=1 2 3 4 7 -7 -8 -9 -10 -11 -12 -13 13 -15
leaf_value=0.002754346711925237 -0.026077037025388491 0.0028465199354887295 0.0033697936497999836 -0.025110733492057991 -0.019780651100454891 -0.015410042421085811 -0.0069142156244880659 -0.024817628568103694 0.030407754689006469 -0.022659700290577317 0.010085105072582999 -0.0094023877841267409 -0.017643231032868616 0.0066413325556087914
leaf_weight=250.18679046630859 20 187 67 22 33 41 20 27 45 22 52 27 21 79
leaf_count=230 20 187 67 22 33 41 20 27 45 22 52 27 21 79
internal_value=0.00176762 0.0010675 0.00134522 0.000136364 -0.000912547 -0.00517857 -0.0102326 0.00108333 0.00202614 0.000787037 0.00261628 0.00336441 0.00272569 0.000990099
internal_weight=913.187 636 616 329 262 83 42 179 152 107 85 277.187 287 100
internal_count=893 636 616 329 262 83 42 179 152 107 85 257 287 100
is_linear=0
shrinkage=0.05


Tree=69
num_leaves=15
num_cat=0
split_feature=14 15 16 13 0 9 9 1 1 7 0 11 13 13
split_gain=0.337791 0.694418 0.515593 1.02781 0.360199 0.522512 0.355991 0.270432 0.543304 0.268218 0.268034 0.202435 0.490495 0.564038
threshold=1.5477713663764969 -0.43006499999999998 1.0000000180025095e-35 3.3679762682953696 15.048160610447411 -0.49431062074847748 -0.96419053137135757 15.983101389137447 16.367954559408847 6.5500000000000007 14.145111776135662 1.0000000180025095e-35 3.2837557712968031 2.8972419837873922
decision_type=2 2 2 10 2 2 2 2 2 2 2 2 10 8
left_child=6 7 3 -3 5 -4 -1 -2 -9 10 -7 12 13 -6
right_child=1 2 4 -5 11 9 -8 8 -10 -11 -12 -13 -14 -15
leaf_value=-0.0082268392611746666 0.0068202201660097772 0.0042857263779565854 -0.038778585999102971 -0.011407267514700052 0.0058101406801226918 -0.012440959337297644 0.0026148769297120907 -0.026085550526257013 0.0082216900742415194 0.019978286964071404 0.0074327331179375143 0.013531143947197129 0.013083419531332642 -0.056480958584375435
leaf_weight=38 219 22 39 26 21 24 313.18679046630859 22 22 25 31 62 32 21
leaf_count=38 219 22 39 26 21 24 293 22 22 25 31 62 32 21
internal_value=0.0017817 0.00102293 -0.000608552 -0.00530612 0.000292969 -0.00170833 0.00299822 0.00289773 -0.000666666 0.000617284 -0.00133929 0.0020438 0.000266667 -0.00325581
internal_weight=917.187 566 303 48 255 119 351.187 263 44 80 55 136 74 42
internal_count=897 566 303 48 255 119 331 263 44 80 55 136 74 42
is_linear=0
shrinkage=0.05


Tree=70
num_leaves=15
num_cat=0
split_feature=5 13 10 13 0 2 2 0 2 10 1 10 3 13
split_gain=0.378792 0.489201 0.34081 0.326708 0.29933 0.468329 0.427211 0.42225 1.44691 0.36686 0.682716 0.39116 0.332745 0.816524
threshold=8.4353839539398141 3.7109553227416177 0.25881904510252057 4.5690183866124068 16.025027961080848 10.833261548174768 11.025572197356253 15.678851993770641 12.837262418420501 -0.50376918148035232 12.703507605109477 -0.13917177613245105 9.8483936115373343 3.3231252918076066
decision_type=2 10 2 8 2 2 2 2 2 2 2 2 2 10
left_child=3 2 -2 4 5 -1 -7 9 -9 -8 -11 -12 13 -13
right_child=1 -3 -4 -5 -6 6 7 8 -10 10 11 12 -14 -15
leaf_value=0.0010091492005519392 -0.049039589096391049 0.0012623484935443913 -0.0024543792546872032 0.0048572296719996653 0.002308420685811806 -0.01004261287330792 0.012376014984736878 0.0015067609263077161 -0.036051648473620475 -0.012418778836914911 -0.030849785179115453 -0.018042464490020928 0.007751290833585292 0.014947190896589059
leaf_weight=235.0933952331543 31 20 29 72.046697616577148 137 20 110 21 21 27 25 22 84 24
leaf_count=225 31 20 29 67 137 20 110 21 21 27 25 22 84 24
internal_value=0.00141127 -0.00185185 -0.00409836 0.00174025 0.00141724 0.000924374 -0.000225352 0.000208955 -0.0044186 0.000887372 -0.000491803 0.000801282 0.0019084 -0.00148936
internal_weight=878.14 80 60 798.14 726.093 589.093 354 334 42 292 182 155 130 46
internal_count=863 80 60 783 716 579 354 334 42 292 182 155 130 46
is_linear=0
shrinkage=0.05


Tree=71
num_leaves=15
num_cat=0
split_feature=3 8 8 8 14 14 9 0 7 13 13 4 3 3
split_gain=0.346112 0.591394 0.361886 0.422453 0.386263 0.573093 0.346015 0.987022 0.271308 0.369314 0.664071 0.239091 0.203486 0.391579
threshold=9.6705788083499247 6.4150000000000009 19.200000000000006 51.70000000000001 3.3267100604603139 5.9594395523767583 -0.35836453814071001 15.678851993770641 6.2500000000000009 3.1164077735376892 3.803066821374367 9.5255768449228224 8.0743318262623713 7.0237422035941366
decision_type=2 8 10 10 2 2 2 2 2 8 10 2 2 2
left_child=12 -2 8 4 -4 6 -6 11 9 -3 -11 -8 13 -1
right_child=1 2 3 -5 5 -7 7 -9 -10 10 -12 -13 -14 -15
leaf_value=0.0029571032887986647 -0.021906078034033626 0.0071125166349640823 0.0018448104157009323 0.0042129279702148572 -0.027364741740599576 0.0041729512836668056 -0.0054960107731467211 -0.022933498721612468 0.011026097867367812 -0.020627092998402295 0.0030457483991467695 0.001691656650613957 0.0066332569675161468 -0.01005245717527721
leaf_weight=263.23348808288574 38 33 55 32 27 39 20 25 117 35 34 25 125 47
leaf_count=238 38 33 55 32 27 39 20 25 117 35 34 25 125 47
internal_value=0.00144741 0.000519751 0.00103837 -0.000379464 -0.00127604 -0.00270073 -0.0047449 -0.0028169 0.00247727 0.000582524 -0.0015 0.00163043 0.00246695 0.00177091
internal_weight=915.233 480 442 223 191 136 97 70 219 102 69 45 435.233 310.233
internal_count=890 480 442 223 191 136 97 70 219 102 69 45 410 285
is_linear=0
shrinkage=0.05


Tree=72
num_leaves=15
num_cat=0
split_feature=13 8 0 15 13 1 13 14 4 8 0 0 0 14
split_gain=0.481022 0.71843 0.558572 0.336336 0.426612 0.739012 0.63522 0.362957 0.413683 0.22925 0.358117 0.182937 0.400216 0.172996
threshold=3.6918790522500609 7.6100000000000003 14.995108575913395 -1.1641199999999998 3.4104915591470446 14.637936286036775 3.5569021725796435 0.71211442113764023 0.54930614433405489 19.200000000000006 14.477298238986755 15.325678659802852 14.159144017181173 0.63090527065408697
decision_type=8 8 2 2 10 2 10 2 2 10 2 2 2 2
left_child=1 2 -1 -3 7 6 -6 -5 11 -10 -11 12 -9 -2
right_child=13 3 -4 4 5 -7 -8 8 9 10 -12 -13 -14 -15
leaf_value=-0.022058896382079828 0.00023413359370756524 0.0052414384982863152 -0.020228495862602305 0.0091080375168366267 -0.0066029521740524379 -0.017556686101108911 0.0056959593662113638 -0.0069381737985293804 0.0081233044538740699 -0.02028750977600784 0.0012377390128074563 -0.03321111664322484 -0.017770269697931825 0.0042609728758323511
leaf_weight=32 92.186790466308594 79 40 65 30 23 36 21 103 33 46 24 20 243
leaf_count=32 72 79 40 65 30 23 36 21 103 33 46 24 20 243
internal_value=0.00156041 0.000650995 -0.0039726 0.00135135 0.000758707 -0.00227778 0.000447761 0.00162939 0.000745968 0.00196721 -6.24998e-05 -0.00265151 -0.00464286 0.00305168
internal_weight=887.187 552 72 480 401 89 66 312 247 182 79 65 41 335.187
internal_count=867 552 72 480 401 89 66 312 247 182 79 65 41 315
is_linear=0
shrinkage=0.05


Tree=73
num_leaves=15
num_cat=0
split_feature=15 8 8 0 7 2 2 9 0 7 9 1 2 3
split_gain=0.323581 0.442997 0.474378 0.389104 0.297531 0.695211 0.324731 0.634908 0.492828 0.660089 0.370946 0.302118 0.283544 0.18583
threshold=0.66927500000000018 23.050000000000004 13.65 14.80190508185021 4.7500000000000009 8.5339892966668902 13.303708650551073 -0.25881904510252113 16.139098039155321 6.9500000000000011 -0.70710678118654735 14.127721202895573 11.210599421575576 12.243148930164491
decision_type=2 10 10 2 2 2 2 2 2 2 2 2 2 2
left_child=4 2 3 -2 5 -1 10 -8 9 13 11 12 -6 -9
right_child=1 -3 -4 -5 6 -7 7 8 -10 -11 -12 -13 -14 -15
leaf_value=0.0028058495236476574 -0.0072302966705581955 -0.0171140247543294 0.0030317393149661945 0.0013185234691297538 -0.0025272068210978799 -0.020538354327972193 0.0196861396082115 -0.065843437861288781 0.0030103224126694231 -0.00088764957955229104 0.0029487866477562563 0.0022007390304824687 -0.016759744528705916 -0.030319539770751348
leaf_weight=20 41.046697616577148 40 49.046697616577148 38 38 23 68 20 40 28 427.14009284973145 40 28 20
leaf_count=20 36 40 44 38 38 23 68 20 40 28 412 40 28 20
internal_value=0.00162952 -0.000352072 0.0010881 -0.00130882 0.00207226 -0.00193182 0.00231743 0.000451978 -0.00192661 -0.00449275 0.00293125 0.000280374 -0.00179104 -0.00853658
internal_weight=920.233 168.093 128.093 79.0467 752.14 43 709.14 176 108 68 533.14 106 66 40
internal_count=895 158 118 74 737 43 694 176 108 68 518 106 66 40
is_linear=0
shrinkage=0.05


Tree=74
num_leaves=15
num_cat=0
split_feature=0 0 0 0 10 9 9 7 16 9 4 8 0 7
split_gain=0.344808 0.248223 0.286171 0.933314 0.387199 0.209825 0.187792 0.301926 0.167405 0.440625 0.15019 0.259461 0.466769 0.132488
threshold=14.91411550242956 14.464267589552852 12.270442365115466 11.473377350654021 0.96126169593831889 -0.054514371903161107 0.37662760538417256 6.2500000000000009 1.0000000180025095e-35 0.25881904510252091 10.569976263465795 16.650000000000002 16.429227772376176 5.2500000000000009
decision_type=2 2 2 2 2 2 2 2 2 2 2 10 2 2
left_child=1 2 3 5 8 -1 7 -3 9 -4 13 -12 -13 -2
right_child=10 6 4 -5 -6 -7 -8 -9 -10 -11 11 12 -14 -15
leaf_value=-0.016983758141468668 -0.0077796951274438433 0.0040137463183054977 -0.015891254047878483 -0.018950756000818938 -0.015731920419960476 0.0044871741234589549 -0.0070166378802176445 -0.02991194047767274 0.0089323497428240844 0.001535230766503927 0.0079762420883672247 0.0055194149123881627 -0.035778101360255311 0.0028611689508482828
leaf_weight=25 35 38 20 25 34 38.046697616577148 48.046697616577148 23 173.0933952331543 27 54 40 21 295.04669761657715
leaf_count=25 35 38 20 25 34 33 43 23 163 27 54 40 21 290
internal_value=0.00209663 0.00111886 0.00177974 -0.000671181 0.00262832 0.00257989 -0.000952018 0.000887097 0.00339434 0.000729167 0.00308316 0.00150862 -0.000725806 0.00362557
internal_weight=896.233 451.187 342.14 88.0467 254.093 63.0467 109.047 61 220.093 47 445.047 115 61 330.047
internal_count=871 431 327 83 244 58 104 61 210 47 440 115 61 325
is_linear=0
shrinkage=0.05


Tree=75
num_leaves=15
num_cat=0
split_feature=0 8 8 4 7 10 14 9 7 14 4 10 7 0
split_gain=0.382736 0.360547 0.48435 0.340104 0.5393 0.630727 0.340504 0.174544 0.306194 0.283726 0.637852 0.152582 0.354234 0.150692
threshold=14.91411550242956 30.300000000000004 27.350000000000005 2.3410656135621104 6.0100000000000007 0.25881904510252057 4.5634753937914576 0.25881904510252091 5.4500000000000011 5.5656363219412706 11.883246824787863 -0.8627159076429457 6.4500000000000011 14.609368405666592
decision_type=2 10 10 2 2 2 2 2 2 2 2 2 2 2
left_child=1 2 3 13 5 -5 -6 11 -9 -10 -11 12 -2 -1
right_child=7 -3 -4 4 6 -7 -8 8 9 10 -12 -13 -14 -15
leaf_value=0.0029535268320139913 0.0082113380130566932 0.0012594601890437845 -0.020226218015377249 -0.012042922775721339 0.0053610802680652521 -0.0028806846005311952 -0.043203170940905228 -0.04683513298465021 0.0027031184666028371 -0.040948321693113479 0.0072849210995011007 0.0073415782334468136 -0.0053286206913089372 -0.0031493889171293381
leaf_weight=141.0933952331543 38 106 20 30 51 25 33 24 134 20 23 189 26 23
leaf_count=131 38 106 20 30 51 25 33 24 134 20 23 189 26 23
internal_value=0.00211003 0.00103574 0.000202001 0.000708555 -0.00110714 -0.00491071 0.00141176 0.00312088 0.00200495 0.00272472 -0.000795454 0.00399606 0.00184615 0.00224398
internal_weight=883.093 429.093 323.093 303.093 139 55 84 454 201 177 43 253 64 164.093
internal_count=873 419 313 293 139 55 84 454 201 177 43 253 64 154
is_linear=0
shrinkage=0.05


Tree=76
num_leaves=15
num_cat=0
split_feature=0 2 13 13 9 0 4 7 13 0 13 13 13 13
split_gain=0.266807 0.355232 0.453447 0.981583 0.354802 0.434178 0.245783 0.666834 0.301106 0.220971 0.193414 0.382312 0.140591 0.131635
threshold=14.80190508185021 13.527992964228725 3.6189481685919693 4.0460452466982737 -0.89493436160202511 14.674604319630582 8.0295956805110347 6.2500000000000009 4.1892910396700271 14.098171134448835 3.1233910917821626 2.9040801778212955 2.3612734380892113 3.2406484995752725
decision_type=2 2 10 10 2 2 2 2 10 2 8 10 10 8
left_child=4 10 -3 -4 9 6 8 -8 -6 -1 11 12 -2 -9
right_child=1 2 3 -5 5 -7 7 13 -10 -11 -12 -13 -14 -15
leaf_value=-0.0025860150146298682 -0.020627292583466694 0.012402945162872419 -0.024761009157309652 0.0058224511315930856 0.0046863071119219281 -0.0068370363322857192 -0.021126025299628585 -6.8088377927363709e-05 -0.0023154923603882502 -0.039553109112103045 0.0030768883387671171 -0.013875152212156641 0.0022031964737429409 0.0036968123325586549
leaf_weight=28 20 86 26 29 224.14009284973145 32 30 45 27 20 212 31 53 29
leaf_count=28 20 86 26 29 209 32 30 45 27 20 212 31 53 29
internal_value=0.00163547 0.00247817 0.000387324 -0.003125 0.00074678 0.00125135 0.00175689 -0.000285714 0.00260054 -0.00326531 0.00340694 0.00161905 0.00358108 0.00226667
internal_weight=892.14 457 141 55 435.14 387.14 355.14 104 251.14 48 316 104 73 74
internal_count=877 457 141 55 420 372 340 104 236 48 316 104 73 74
is_linear=0
shrinkage=0.05


Tree=77
num_leaves=15
num_cat=0
split_feature=0 15 3 4 15 3 14 8 16 13 14 15 14 1
split_gain=0.569695 0.436473 0.480869 0.328989 0.380853 0.205516 0.372895 0.378629 0.201042 0.198424 0.177381 0.322788 0.151641 0.143798
threshold=14.740501955258901 0.82512500000000011 7.1119319954218057 9.1790302868013747 -0.43006499999999998 12.981370791925217 5.9594395523767583 33.95000000000001 1.0000000180025095e-35 2.1685218957298353 0.40661190182880841 -0.11977499999999999 2.0264800997683281 12.726727415236329
decision_type=2 2 2 2 2 2 2 10 2 10 2 2 2 2
left_child=1 3 -3 8 -5 9 7 -7 12 -2 11 -10 -1 -11
right_child=5 2 -4 4 -6 6 -8 -9 10 13 -12 -13 -14 -15
leaf_value=-0.0056830760011523738 -0.0035503092592669653 8.0395328460129841e-05 -0.017024264438577751 0.0051949765598540655 -0.026237904642603727 0.040431881937138564 0.014418213924996573 -0.02536681419002489 -0.015983457612866073 0.0010133160690644425 0.0040845253876655233 0.0022323333021032998 0.0013651820410735748 0.0047059086833539342
leaf_weight=43 29 29.046697616577148 32 34 33 20 51 20 22 41 124.04669761657715 55.046697616577148 25 309
leaf_count=43 29 24 32 34 33 20 51 20 22 41 119 50 25 309
internal_value=0.00211452 0.000717588 -0.00313903 0.00142532 -0.00169118 0.00329087 0.0011413 -0.00243902 0.00220467 0.00380263 0.00299598 0.00109208 -0.000144927 0.00413105
internal_weight=867.14 397.14 61.0467 336.093 67 470 91 40 269.093 379 201.093 77.0467 68 350
internal_count=852 382 56 326 67 470 91 40 259 379 191 72 68 350
is_linear=0
shrinkage=0.05


Tree=78
num_leaves=15
num_cat=0
split_feature=14 0 0 8 8 9 9 7 4 7 13 13 9 7
split_gain=0.37954 0.319291 0.295407 0.24934 0.453471 0.771805 0.371046 0.293825 1.00894 0.152195 0.110486 0.724195 0.410362 0.1796
threshold=7.863461974206948 14.759568215742057 14.656840512634762 30.300000000000004 20.545000000000005 -0.3986883375106644 0.58411063003844077 6.0100000000000007 2.3410656135621104 4.9500000000000011 3.6025798466659689 3.7033898829532119 -0.86046863722869238 5.4500000000000011
decision_type=2 2 2 8 10 2 2 2 2 2 10 10 2 2
left_child=1 2 3 4 7 -6 -7 8 9 -1 13 -12 -13 -3
right_child=-2 10 -4 -5 5 6 -8 -9 -10 -11 11 12 -14 -15
leaf_value=-6.3542643925675404e-05 -0.05874536702200002 -0.00020789703682953797 -0.011140416075642787 0.00069438750738546088 -0.02877603292663938 0.0027036111727722473 -0.00072569794360640143 0.0082794004319951802 -0.011800372411442559 0.023714506318007013 -0.012903760362426834 -0.0060042028735701443 0.005370444881511712 0.0031433481159601644
leaf_weight=30 20 47 20 100 22 25 22 73 39 71.140092849731445 29.046697616577148 28 125 235
leaf_count=30 20 47 20 100 22 25 22 73 39 56 24 28 125 235
internal_value=0.00189468 0.00205369 0.00101875 0.00133293 0.000567565 -0.00292857 0.000729167 0.00170776 0.000359221 0.00299295 0.00294644 0.00196799 0.00334416 0.0035689
internal_weight=886.187 866.187 402.14 382.14 282.14 69 47 213.14 140.14 101.14 464.047 182.047 153 282
internal_count=866 846 387 367 267 69 47 198 125 86 459 177 153 282
is_linear=0
shrinkage=0.05


Tree=79
num_leaves=15
num_cat=0
split_feature=15 0 8 8 14 14 14 0 1 1 16 0 1 4
split_gain=0.336393 0.783486 0.387542 0.406297 0.375347 0.229633 0.333025 0.354889 0.48731 0.675372 0.467507 0.346395 0.21824 0.287903
threshold=0.66927500000000018 14.845684720853265 13.450000000000001 20.950000000000003 7.863461974206948 5.9594395523767583 5.5656363219412706 15.960627720816442 13.848560597141519 14.087104320148036 -1.4512249999999998 15.678851993770641 14.762025559384943 7.5478401808103603
decision_type=2 2 8 10 2 2 2 2 2 2 2 2 2 2
left_child=4 2 -2 -4 5 6 7 8 10 -10 -1 12 13 -11
right_child=1 -3 3 -5 -6 -7 -8 -9 9 11 -12 -13 -14 -15
leaf_value=-0.0063617081202418484 -0.0049082286774697094 0.002132450632913104 0.00011380306515366529 -0.015913066344977685 -0.053580062799971656 0.012082301115744612 -0.022851218153847941 0.0022057385249065744 -0.014620470692732861 -0.0057795748537293589 0.0029251106059867914 -0.013718256244610523 0.0026189430246116112 0.014184131096483983
leaf_weight=21 29 91.046697616577148 26 22 21 75 22 127 33 32 290.0933952331543 28 46 20
leaf_count=21 29 86 26 22 21 75 22 127 33 32 280 28 46 20
internal_value=0.00165777 -0.00035355 -0.00403846 -0.00122449 0.00213026 0.00233129 0.00200852 0.00223287 0.00159303 -0.00065625 0.00274106 0.00102362 0.00242424 0.000188679
internal_weight=883.14 168.047 77 48 715.093 694.093 619.093 597.093 470.093 159 311.093 126 98 52
internal_count=868 163 77 48 705 684 609 587 460 159 301 126 98 52
is_linear=0
shrinkage=0.05


Tree=80
num_leaves=15
num_cat=0
split_feature=0 3 14 9 14 15 2 2 13 13 0 8 13 16
split_gain=0.342994 0.415671 0.743155 0.30832 0.279986 0.5078 0.52379 0.329102 0.384733 0.584354 0.228788 0.176523 0.437415 0.690082
threshold=14.759568215742057 12.981370791925217 5.9594395523767583 -0.96419053137135757 1.7756211502018824 -0.11977499999999999 12.046553265723789 11.429847332912436 2.9799202416531383 3.7109553227416177 13.662210811510691 12.450000000000001 3.6685709561006159 0.10701500000000001
decision_type=2 2 2 2 2 2 2 2 8 10 2 10 8 2
left_child=3 -2 -3 10 11 7 -7 -6 -9 -10 -1 12 13 -5
right_child=1 2 -4 4 5 6 -8 8 9 -11 -12 -13 -14 -15
leaf_value=-0.0089838197275633642 0.0017621405661014213 -0.022988973348189053 0.013094038889361391 0.00057055205426834188 0.0074226234961156413 -0.0056392525348586513 -0.0078325313065564593 0.014255383803061229 -0.036522764716630927 0.0086388651472340955 -0.030647287091698838 0.0023659548122734199 0.0080111716444827979 -0.021605476408408708
leaf_weight=21 396.04669761657715 36 42 24 44 28 32 24 33 26 20 113.04669761657715 49.140092849731445 20
leaf_count=21 391 36 42 24 44 28 32 24 33 26 20 108 34 20
internal_value=0.00164003 0.00256866 -0.000759493 0.00062257 0.00105517 -0.000345744 -0.00409836 0.00144531 -0.000416666 -0.00258333 -0.00345238 0.00232126 0.000697901 -0.00288889
internal_weight=908.233 474.047 78 434.187 393.187 187 60 127 83 59 41 206.187 93.1401 44
internal_count=883 469 78 414 373 187 60 127 83 59 41 186 78 44
is_linear=0
shrinkage=0.05


Tree=81
num_leaves=15
num_cat=0
split_feature=0 16 15 4 14 14 7 8 8 14 14 2 14 0
split_gain=0.393531 0.428292 0.398049 0.561089 0.346075 0.47466 0.534458 0.328791 0.330841 0.276662 1.0157 0.202027 0.414456 0.712574
threshold=14.015221205518571 -0.33242999999999995 -0.30803999999999992 11.854967923499585 4.13007281465487 1.7969789656545367 6.1500000000000012 28.650000000000002 36.350000000000009 0.40661190182880841 0.11421325523412328 11.730794247999029 1.5477713663764969 15.658197427814342
decision_type=2 2 2 2 2 2 2 10 10 2 2 2 2 2
left_child=1 -1 -2 7 5 9 -7 11 -9 10 -3 12 -4 -14
right_child=2 4 3 -5 -6 6 -8 8 -10 -11 -12 -13 13 -15
leaf_value=-0.017981581949733563 0.0033200561838651363 0.0012397400330487656 0.0021400536275907379 -0.027503906926600864 0.0068890770939436744 -0.0059254914991328502 -9.5899457412994516e-06 -0.016531526527543163 -0.00023056135078559014 0.0045853902546379756 -0.024609193873510002 0.011087062693502223 -0.014910089569207592 0.0042873797948747468
leaf_weight=21 328.0933952331543 59.046697616577148 84.046697616577148 21 40 29 42 21 29 43 20 109 20 25
leaf_count=21 318 54 79 21 40 29 42 21 29 43 20 109 20 25
internal_value=0.00174396 7.93327e-05 0.00240653 0.00111349 0.000705985 -0.000179166 -0.00340278 0.00169604 -0.00196078 0.00170857 -5.95465e-05 0.00246911 0.00111678 -0.00271739
internal_weight=891.187 254.047 637.14 309.047 233.047 193.047 71 288.047 50 122.047 79.0467 238.047 129.047 45
internal_count=871 249 622 304 228 188 71 283 50 117 74 233 124 45
is_linear=0
shrinkage=0.05


Tree=82
num_leaves=15
num_cat=0
split_feature=13 13 14 10 13 2 1 1 13 13 7 2 7 7
split_gain=0.302035 0.324111 0.340707 0.279469 0.53833 0.740904 0.44254 0.642188 0.237238 0.335008 0.24015 0.236623 0.211444 0.417727
threshold=4.5201734135869565 4.3957595904073594 7.6927445154082976 0.23766552919915279 3.6189481685919693 13.009490627159357 13.636157696624045 12.495892286663802 3.2785555263786179 3.1728514828858168 6.8500000000000005 12.837262418420501 6.0100000000000007 5.4500000000000011
decision_type=10 10 2 2 10 2 2 2 8 10 2 2 2 2
left_child=1 2 3 12 8 6 7 -6 9 10 11 -5 13 -1
right_child=-2 -3 -4 4 5 -7 -8 -9 -10 -11 -12 -13 -14 -15
leaf_value=0.0046182260085498826 0.0033841147957874617 -0.008770948029189268 -0.050403878240442804 0.0053929387411337437 0.00089252642677157146 -0.023458591019474881 0.0024168932442184552 -0.018006008820011514 0.0021619046770393088 -0.005216404108216291 -0.0049997961470334938 -0.0070856082550115667 0.0031429625984632755 -0.001215724857135904
leaf_weight=128.0933952331543 64.046697616577148 20 20 74 22 22 27 20 90.046697616577148 26 26 35 220 113
leaf_count=118 59 20 20 74 22 22 27 20 85 26 26 35 220 113
internal_value=0.00163615 0.00138093 0.00153578 0.00169834 0.000612842 -0.00266304 -7.14284e-05 -0.00325581 0.00180615 0.000648148 0.00165441 0.00268182 0.00250051 0.00146831
internal_weight=907.187 843.14 823.14 803.14 342.047 91 69 42 251.047 161 135 109 461.093 241.093
internal_count=887 828 808 788 337 91 69 42 246 161 135 109 451 231
is_linear=0
shrinkage=0.05


Tree=83
num_leaves=15
num_cat=0
split_feature=15 14 15 8 10 10 2 10 15 8 0 5 3 4
split_gain=0.405104 0.25173 0.376014 0.359962 0.380805 0.527398 0.736237 0.584304 0.368363 0.363627 0.270623 0.414335 0.245366 0.222117
threshold=-1.1641199999999998 0.26788952530819021 -0.40123999999999999 23.550000000000004 -0.50376918148035232 0.95172615796921589 11.936077351529015 0.49240481012316867 -0.086219999999999991 5.6150000000000011 14.455119669859839 1.4311004404647345 7.4757490539932592 9.7642649786223732
decision_type=2 2 2 10 2 2 2 2 2 8 2 2 2 2
left_child=-1 2 -2 8 13 6 -6 -8 12 -10 11 -11 -3 -5
right_child=1 3 -4 4 5 -7 7 -9 9 10 -12 -13 -14 -15
leaf_value=0.0063833515192186115 -0.0019628535915581099 -0.014260812112019983 0.0058774078935941833 0.0019354454388290914 -0.013662142270493295 0.008365215005363514 0.0017682095008222549 -0.011379581314660943 -0.019554458292494723 -0.019096643502005187 0.0011088398953008345 0.0039721548272122669 0.0064448898265357605 -0.010238909413889847
leaf_weight=157.04669761657715 32 25.046697616577148 103.14009284973145 38 28 32 42 30 32 27 157 25 158 24
leaf_count=152 32 20 88 38 28 32 42 30 32 27 157 25 158 24
internal_value=0.0020315 0.00154595 0.0034942 0.00111499 -0.000666666 -0.00218045 -0.0039604 -0.00123288 0.00192975 0.000640496 0.00140476 -0.00169811 0.00361448 0.00253968
internal_weight=910.233 753.187 135.14 618.047 194 132 100 72 424.047 241 209 52 183.047 62
internal_count=885 733 120 613 194 132 100 72 419 241 209 52 178 62
is_linear=0
shrinkage=0.05


Tree=84
num_leaves=15
num_cat=0
split_feature=14 15 14 3 7 2 3 3 0 8 9 0 9 14
split_gain=0.331458 0.26927 0.324051 0.671409 0.38191 1.03669 0.32879 0.309418 0.230512 0.222248 0.433185 0.15532 0.15244 0.242778
threshold=7.863461974206948 -0.92700999999999989 1.3906144890633165 8.650583153493173 6.0100000000000007 11.730794247999029 10.187518517572251 13.097434168265339 14.449487272817015 20.545000000000005 -0.26092512978024823 13.74655040117784 0.91613344851476464 0.40661190182880841
decision_type=2 2 2 2 2 2 2 2 2 10 2 2 2 2
left_child=1 -1 11 -4 5 6 -5 9 -7 -6 -11 12 13 -3
right_child=-2 2 3 4 7 8 -8 -9 -10 10 -12 -13 -14 -15
leaf_value=0.00564487857506409 -0.043836412531307031 -0.0021249157869877629 -0.027862797874257019 -0.010574883621479785 0.0070293244608578866 -0.012115483909891872 -0.0038633326008561545 -0.0053706276316710048 0.004998762332221917 -0.027360160630574379 0.0016394002664410852 0.0032770467048876678 0.0012792075226166913 0.0072681441527190265
leaf_weight=205.04669761657715 22 53 24 25 105 20 21 39 73 20 47 178.0933952331543 23.093395233154297 20
leaf_count=200 22 53 24 25 105 20 21 39 73 20 47 168 13 20
internal_value=0.00202705 0.00218461 0.00168046 0.00072 0.00128205 -0.00075 -0.00680851 0.00261792 0.00228723 0.00352601 0.00125 0.00298319 0.00134373 0.000202703
internal_weight=875.233 853.233 648.187 374 350 139 46 211 93 172 67 274.187 96.0934 73
internal_count=850 828 628 374 350 139 46 211 93 172 67 254 86 73
is_linear=0
shrinkage=0.05


Tree=85
num_leaves=15
num_cat=0
split_feature=5 13 7 8 10 8 1 4 14 7 10 14 14 10
split_gain=0.394254 0.612195 0.58072 0.379508 0.358831 0.481547 0.500148 0.444628 0.339746 0.501497 0.193656 0.2362 1.45985 0.33548
threshold=8.5186461233587529 3.1313711311317358 6.9500000000000011 20.950000000000003 -0.68973679431060764 25.205000000000002 14.127721202895573 9.7642649786223732 1.4607905488732682 5.3500000000000005 -0.2397582400620111 1.7756211502018824 2.3447760871238286 -0.60702770852580734
decision_type=2 10 2 10 2 10 2 2 2 2 2 2 2 2
left_child=3 2 -2 10 7 6 -6 -5 9 -7 11 -1 -13 -14
right_child=1 -3 -4 4 5 8 -8 -9 -10 -11 -12 12 13 -15
leaf_value=0.0020747428765090065 -0.03616076568498286 0.0072538623728901526 -0.022049989348617655 0.0028189096977316911 -0.01043008966478166 0.0040663187558107067 -0.0001508506376217719 -0.0085016678627998724 0.0010861495850357145 -0.0063930379171339025 0.0040301185713099777 -0.018437340707956842 0.012679006547082566 -0.0087868191732382913
leaf_weight=136.0933952331543 20 41 20 73 22 25 21 26 108 35 262.14009284973145 20 75 28
leaf_count=126 20 41 20 73 22 25 21 26 108 35 247 20 75 28
internal_value=0.00154524 -0.00176829 -0.00609756 0.00186987 0.000482315 -0.000683962 -0.00534091 0.00295 0.000532545 -0.00245902 0.0026926 0.00171272 0.000120968 0.00254808
internal_weight=912.233 81 40 831.233 310 211 43 99 168 60 521.233 259.093 123 103
internal_count=887 81 40 806 310 211 43 99 168 60 496 249 123 103
is_linear=0
shrinkage=0.05


Tree=86
num_leaves=15
num_cat=0
split_feature=15 0 0 10 13 14 15 9 2 2 7 10 13 13
split_gain=0.566598 0.570098 0.470039 0.356981 0.789553 0.304331 0.331889 0.302342 0.292119 0.427564 0.362232 0.54213 0.324431 0.73395
threshold=0.67486000000000013 14.80190508185021 16.352182391316678 0.60876142900872032 3.2785555263786179 0.011789636016720442 -1.1068949999999997 0.91613344851476464 11.429847332912436 11.730794247999029 5.5500000000000007 0.70090259214882411 3.7109553227416177 3.5959696011759017
decision_type=2 2 2 2 10 2 2 2 2 2 2 2 10 10
left_child=5 3 -3 4 -2 -1 -7 8 10 -10 11 -8 13 -11
right_child=1 2 -4 -5 -6 6 7 -9 9 12 -12 -13 -14 -15
leaf_value=-0.00084903929913781565 -0.012317214968176561 0.0093394087216857741 -0.049777422076845768 0.00030925757134978222 -0.0003611491808709003 0.0042895599886687008 0.00029901720871832116 0.0016150390267235905 -0.009425379941988915 0.0011721020869289644 0.0019785700596384637 -0.016158077791736208 0.0039621830947870768 -0.0201170980859403
leaf_weight=32 24 55.046697616577148 20 23 26.046697616577148 148 48 61 35 158 113 21 92 21
leaf_count=32 24 50 20 23 21 148 48 61 35 158 113 21 92 21
internal_value=0.00140699 -0.00140538 0.0016468 -0.00452102 -0.00685189 0.00197945 0.00219914 0.00162727 0.00120654 0.000260586 0.00278689 -7.14284e-05 0.0009375 -0.000305555
internal_weight=877.093 148.093 75.0467 73.0467 50.0467 729 697 549 488 306 182 69 271 179
internal_count=867 138 70 68 45 729 697 549 488 306 182 69 271 179
is_linear=0
shrinkage=0.05


Tree=87
num_leaves=15
num_cat=0
split_feature=8 2 2 2 2 7 10 9 13 0 16 16 3 9
split_gain=0.262227 0.390703 0.649376 0.305874 0.433804 0.334368 0.356525 0.266248 0.247985 0.22406 0.287673 0.295158 0.479729 0.201598
threshold=20.545000000000005 11.374111380597908 11.894851609888947 14.998481569592331 14.45054107601125 7.0500000000000007 0.85713466239780911 -0.70710678118654735 3.3679762682953696 14.901640119333409 -0.84618999999999989 0.10701500000000001 9.7268762021038793 0.44032991850403941
decision_type=10 2 2 2 2 2 2 2 10 2 2 2 2 2
left_child=9 7 -3 4 5 6 -4 -2 -7 10 -1 -12 13 -13
right_child=1 2 3 -5 -6 8 -8 -9 -10 -11 11 12 -14 -15
leaf_value=-0.0074481189923213988 -0.015643646366793006 -0.013985769188190486 0.0028910991939846147 0.0150337472872158 -0.047288550977992387 -0.0080456571623985992 -0.0093224043781565385 0.0030651865909624176 -0.0022154715791496585 0.0037480404518787295 0.0070079487020932186 -0.00021767736030445196 -0.0033072984188665896 0.0037236591691279805
leaf_weight=30 22 27 91 32 20 20 23 85 22 298.04669761657715 117.0933952331543 51 36 38.046697616577148
leaf_count=30 22 27 91 32 20 20 23 85 22 293 107 51 36 33
internal_value=0.00170933 0.000612245 -0.000529661 0.000430622 -0.00039548 0.000509554 0.00191304 0.00310185 -0.00325581 0.00236514 0.00132057 0.00189479 0.000200192 0.00216814
internal_weight=912.187 342 235 208 176 156 114 107 42 570.187 272.14 242.14 125.047 89.0467
internal_count=892 342 235 208 176 156 114 107 42 550 257 227 120 84
is_linear=0
shrinkage=0.05


Tree=88
num_leaves=15
num_cat=0
split_feature=2 15 13 14 0 0 9 10 14 9 1 1 14 5
split_gain=0.257142 0.741647 0.920914 1.25972 0.456929 0.416437 0.366922 0.536004 0.157741 0.161393 0.196982 0.346879 0.130233 0.120255
threshold=12.890185940438831 -0.43006499999999998 3.5534561859539893 4.4904492360372918 14.759568215742057 16.818864548502386 -0.86711210913679038 0.074102141141256975 2.4381498588656307 0.26092512978024796 13.880744462714931 11.690786364590535 5.7717584552583672 2.6364997792818738
decision_type=2 2 10 2 2 2 2 2 2 2 2 2 2 2
left_child=5 13 4 -4 -3 6 7 -1 9 -8 11 -11 -6 -2
right_child=1 2 3 -5 12 -7 8 -9 -10 10 -12 -13 -14 -15
leaf_value=0.00065800334320435393 0.0079707989164322559 -0.0082406223868841111 -0.035392670702159457 0.0018483847999735106 0.0092948039886518903 -0.016381408337933414 0.0034756787008909705 -0.011380970368690197 0.0055024843386029375 -0.00042187924428781567 -0.00087922784391956845 0.0043385375470107344 -0.0076433741129885175 -0.0038922621755588999
leaf_weight=47 91 26 20 22 42 31 169 27 199 52.140092849731445 38 88.093395233154297 20 38
leaf_count=47 91 26 20 22 42 31 169 27 199 37 38 78 20 38
internal_value=0.00208637 0.00075 -0.0019084 -0.00790698 0.00101124 0.00261588 0.00289934 -0.0004 0.00334623 0.00268833 0.00162451 0.00248643 0.00333333 0.00342308
internal_weight=910.233 259 130 42 88 651.233 620.233 74 546.233 347.233 178.233 140.233 62 129
internal_count=885 259 130 42 88 626 595 74 521 322 153 115 62 129
is_linear=0
shrinkage=0.05


Tree=89
num_leaves=15
num_cat=0
split_feature=13 13 9 9 1 2 2 5 7 0 1 1 0 13
split_gain=0.301214 0.525493 0.234352 0.303722 0.85372 0.666232 0.260112 0.33963 0.268574 0.368594 0.513253 0.259861 0.530452 0.457918
threshold=2.5531890999248597 2.6751386027824413 0.97014794553715189 0.70088257582277269 12.177186965892833 14.157160347758618 14.110151325033904 8.5186461233587529 5.7500000000000009 15.772079058790217 13.880744462714931 13.154072050558062 12.894777939625641 3.4282904644093786
decision_type=10 10 2 2 2 2 2 2 2 2 2 2 2 10
left_child=-1 -2 3 6 -5 -6 7 8 9 10 11 12 -3 -14
right_child=1 2 -4 4 5 -7 -8 -9 -10 -11 -12 -13 13 -15
leaf_value=0.0034378492685610985 -0.0022989376775944558 0.008820841275499057 0.0045143179793090248 -0.0034018714543446182 0.0020868048178409636 -0.044541955726737942 0.016245747008521768 -0.020898735757777492 0.0010760554272836213 0.0023405747578126965 -0.012187268693624555 0.011632816293538519 0.0021703749202415328 -0.016102869315655934
leaf_weight=108 36 28 47.046697616577148 30 121.0933952331543 20 61 20 268 34 36 29 26 26
leaf_count=108 36 28 42 30 111 20 61 20 268 34 36 29 26 26
internal_value=0.00157181 0.00122673 0.00151337 0.00127907 -0.000549312 0.00109412 0.00187146 0.00146368 0.00175223 0.00025 -0.000856164 0.000863637 -0.000617284 -0.00358491
internal_weight=890.14 782.14 746.14 699.093 171.093 141.093 528 467 447 179 145 109 80 52
internal_count=875 767 731 689 161 131 528 467 447 179 145 109 80 52
is_linear=0
shrinkage=0.05


Tree=90
num_leaves=15
num_cat=0
split_feature=10 4 4 9 10 8 10 7 12 10 10 15 3 7
split_gain=0.426982 0.403604 0.76291 0.350763 0.311804 0.390446 0.5698 0.367376 0.425344 0.579512 0.292679 0.351504 0.316015 0.200837
threshold=-0.70710678118654757 9.5255768449228224 11.125226048454413 0.97014794553715189 0.86926070542861789 20.545000000000005 0.60876142900872032 5.5500000000000007 1.5000000000000002 0.25881904510252057 -0.37459232954469374 0.70259000000000016 8.4730319460816848 5.8500000000000005
decision_type=2 2 2 2 2 10 2 2 10 2 2 2 2 2
left_child=1 -1 -3 4 5 10 7 -7 9 -9 11 12 -2 -6
right_child=3 2 -4 -5 13 6 -8 8 -10 -11 -12 -13 -14 -15
leaf_value=0.003946727246347443 -0.023391456807539446 -0.017585645608025269 0.0075157025409961289 0.002270814404753393 -0.00040200977183219526 0.0078228399840239143 -0.0085641585369954747 -0.035300698987718392 0.00075377755549150172 -0.0014816530136906475 0.00027577100791442748 -0.018230224718824461 0.0011584936084491019 0.0054862104629206359
leaf_weight=188 20 33 37 48 53.046697616577148 25 35 37 38 27 213.0933952331543 20 44 76
leaf_count=188 20 33 37 48 48 25 35 37 38 27 203 20 44 76
internal_value=0.00153127 0.00324324 1.83641e-10 0.000832942 0.000493432 -0.000118526 -0.00208589 -0.000507812 -0.00184466 -0.00430769 0.000957643 -0.00152941 0.000307692 0.00265469
internal_weight=894.14 258 70 636.14 588.14 459.093 162 127 102 64 297.093 84 64 129.047
internal_count=879 258 70 621 573 449 162 127 102 64 287 84 64 124
is_linear=0
shrinkage=0.05


Tree=91
num_leaves=15
num_cat=0
split_feature=13 9 9 1 2 13 1 0 0 1 1 3 2 10
split_gain=0.20896 0.312618 0.247225 0.202107 0.28095 0.180325 0.673564 0.217719 0.226317 0.178194 0.415757 0.323464 0.738361 0.225405
threshold=3.8224521632363921 -0.70710678118654735 -0.92961356042697429 10.135597600041464 8.9585392840773732 3.6189481685919693 14.397806602729782 12.657179985727591 16.818864548502386 14.52395525415511 13.880744462714931 10.90351654202369 11.252355811132036 1.0000000180025095e-35
decision_type=8 2 2 2 2 10 2 2 2 2 2 2 2 2
left_child=3 2 -2 -1 -5 7 -7 -6 9 10 13 12 -12 -9
right_child=1 -3 -4 4 5 6 -8 8 -10 -11 11 -13 -14 -15
leaf_value=-0.0053427835702396058 0.0005846490546314553 0.003101542673706081 -0.023384310125449555 0.0016556495412742818 -0.0034518794900257007 0.0070628118339502279 -0.0083371630599408022 5.6909793476788621e-05 -0.02135079924435206 0.0073072925393155366 0.00030178545932769735 0.00070549200944913825 -0.019244192915232675 0.011078635082172696
leaf_weight=26 25 224.0933952331543 21 65 36 44 23 80 38 140 24 39 28 85.046697616577148
leaf_count=26 25 214 21 65 36 44 23 80 38 140 24 39 28 80
internal_value=0.0021584 0.00332161 -0.000425532 0.00165367 0.00184104 0.00145942 -0.000955882 0.00180499 0.00211525 0.00246881 0.00167376 -0.00103261 -0.00358491 0.00316317
internal_weight=898.14 270.093 46 628.047 602.047 537.047 67 470.047 434.047 396.047 256.047 91 52 165.047
internal_count=883 260 46 623 597 532 67 465 429 391 251 91 52 160
is_linear=0
shrinkage=0.05


Tree=92
num_leaves=15
num_cat=0
split_feature=15 14 7 2 9 10 0 14 1 10 14 1 0 2
split_gain=0.262698 0.785011 0.663414 0.504227 0.432742 0.2844 0.283098 0.520504 0.339488 0.284972 0.385433 0.234463 0.209008 0.408847
threshold=-0.11977499999999999 1.0079905521927708 5.3500000000000005 9.172039233726256 0.44032991850403941 0.96126169593831889 15.048160610447411 3.6625774401023232 13.341274780779612 -0.41865575219846923 4.4137246756131807 11.824838310940949 16.264630261239954 13.09020612353604
decision_type=2 2 2 2 2 2 2 2 2 2 2 2 2 2
left_child=3 5 -3 4 11 -2 7 8 -4 10 -8 -1 -11 -14
right_child=1 2 6 -5 -6 -7 9 -9 -10 12 -12 -13 13 -15
leaf_value=0.00078396663809065278 0.0038244069234691135 -0.048327441219382511 -0.0094658555499526377 0.0029832569519382245 -0.0070533912810745204 -0.010960893494093097 0.0082062712835346656 -0.014923563880310445 0.012092925687993847 0.019574688254981827 -0.034953960522972526 -0.012560946382842917 -0.00052123101243431501 0.016212606816070681
leaf_weight=24 146.14009284973145 21 24 409.0933952331543 20 24 33 33 27 59 21 20 20 23
leaf_count=24 131 21 24 399 20 24 33 33 27 59 21 20 20 23
internal_value=0.00206706 0.00117022 -0.000553435 0.00288016 -0.00123077 0.00380215 0.000207469 -0.00211765 0.00105769 0.00146497 -0.00145455 0.00155556 0.00300971 0.000340909
internal_weight=904.233 431.14 261 473.093 64 170.14 240 84 51 156 54 44 102 43
internal_count=879 416 261 463 64 155 240 84 51 156 54 44 102 43
is_linear=0
shrinkage=0.05


Tree=93
num_leaves=15
num_cat=0
split_feature=13 1 3 2 8 8 8 13 13 1 8 15 9 7
split_gain=0.430678 0.279277 0.750181 0.416758 0.43533 0.371725 0.346582 0.294804 0.245212 0.324308 0.397505 0.436232 0.582221 0.511631
threshold=3.6918790522500609 12.797903478544152 11.137110451044594 9.7329153499248715 17.750000000000004 4.5500000000000007 11.160000000000002 3.6189481685919693 3.2912581272669157 14.832503789161324 13.050000000000002 -0.75983499999999993 -0.3986883375106644 5.8500000000000005
decision_type=8 2 2 2 10 8 10 10 10 2 10 2 2 2
left_child=1 2 3 4 6 -3 -1 8 9 10 -7 -12 -13 -14
right_child=-2 5 -4 -5 -6 7 -8 -9 -10 -11 11 12 13 -15
leaf_value=-0.0012004836809535076 0.0021262370471610177 -0.016766817476528299 -0.0077412280575824685 0.0010262552370556223 0.0018669708335359702 0.0051372826666401493 -8.6941758153187603e-05 -0.002192568632404105 0.012929903964245929 0.0085337007884343785 0.006724283786569283 -0.015450664840121212 -0.0060249922063862187 0.027216984645496784
leaf_weight=32 327.14009284973145 20 20 67.046697616577148 28 51 20 24 104 96 34 28 31 26
leaf_count=32 312 20 20 62 28 51 20 24 104 96 34 28 31 26
internal_value=0.00185983 0.00103984 -0.000682944 0.00057572 -0.00185185 0.00173494 -0.0045283 0.00207595 0.00242588 0.00161049 0.000292398 -0.00129167 -0.00319767 -0.000258621
internal_weight=908.187 581.047 167.047 147.047 80 414 52 394 370 266 170 119 85 57
internal_count=888 576 162 142 80 414 52 394 370 266 170 119 85 57
is_linear=0
shrinkage=0.05


Tree=94
num_leaves=15
num_cat=0
split_feature=10 4 13 14 8 8 1 13 1 1 2 13 13 13
split_gain=0.414556 0.536284 0.537056 0.565486 0.657376 0.723115 0.496496 0.391938 0.250215 0.60974 0.269608 0.289805 0.377558 0.566867
threshold=0.32762316226846638 9.2926426512565161 4.3313432520420472 3.5384644663809381 15.050000000000002 18.990000000000006 12.495892286663802 3.5008875692454517 16.123334206731318 16.576139553674182 11.730794247999029 4.3957595904073594 3.5791391915893898 3.3845171494617481
decision_type=2 2 8 2 10 10 2 10 2 2 2 10 8 10
left_child=8 2 3 4 7 -6 -7 -2 10 -10 11 12 13 -1
right_child=1 -3 -4 -5 5 6 -8 -9 9 -11 -12 -13 -14 -15
leaf_value=0.0024551648656669328 0.0063860494954344751 0.0045172133658788255 0.0037385809985928868 -0.01513182382090009 -0.008969027822490044 0.001113688744933238 -0.0017480259388006612 -0.019496634457733059 -0.043400818356520071 0.010723065503750958 0.0050681982806675095 -0.007979197506790308 0.0025001015542628802 -0.0018420859487228098
leaf_weight=127 54 86 35 25 20 22 49 37 20 21 219 24 119.14009284973145 28
leaf_count=127 54 86 35 25 20 22 49 37 20 21 219 24 104 28
internal_value=0.00183815 0.000425532 -0.000781893 -0.00175481 -0.000765027 -0.00375 -0.00131944 0.00222826 0.00266606 -0.00107143 0.00296387 0.00197466 0.00243767 0.000801282
internal_weight=886.14 328 242 207 182 91 71 91 558.14 41 517.14 298.14 274.14 155
internal_count=871 328 242 207 182 91 71 91 543 41 502 283 259 155
is_linear=0
shrinkage=0.05


Tree=95
num_leaves=15
num_cat=0
split_feature=14 15 3 0 8 4 4 8 8 2 9 7 8 9
split_gain=0.472297 0.623551 0.521314 0.656959 0.316784 0.492675 0.526243 0.448434 1.15851 0.292857 0.206259 0.312608 0.171529 0.24536
threshold=1.0079905521927708 -0.92700999999999989 8.6283553873636034 15.837749150289197 8.0500000000000025 9.9511434072104361 7.0670946773313714 28.050000000000004 34.900000000000006 13.031459757645449 0.70864607840491656 6.5500000000000007 13.15 -0.86046863722869238
decision_type=2 2 2 2 8 2 2 10 10 2 2 2 10 2
left_child=-1 10 3 -3 5 6 -4 12 -9 -10 -2 -12 -6 -14
right_child=1 2 4 -5 7 -7 -8 8 9 -11 11 -13 13 -15
leaf_value=0.0026560320855219372 0.004919717727102306 -0.00081343909844314817 -0.028407394511769265 -0.020177839834642771 0.0068087882875127225 -0.018261205414365766 0.021142201330244068 -0.019064026341495257 -0.01191209359078841 0.0028300933796976714 0.004662194208928533 -0.0042461851351604189 -0.0050276216349155016 0.0040397140230895448
leaf_weight=262.18679046630859 134 31 25 21 86 22 30 31 20 41 23 24 25 120
leaf_count=242 134 31 25 21 86 22 30 31 20 41 23 24 25 120
internal_value=0.00187007 0.00112776 0.000132451 -0.0045283 0.00074813 -0.00211538 0.000446429 0.00143519 -0.00150538 0.0025 0.0035989 0.000729167 0.00260776 0.0015411
internal_weight=895.187 633 452 52 400 77 55 323 92 61 181 47 231 145
internal_count=875 633 452 52 400 77 55 323 92 61 181 47 231 145
is_linear=0
shrinkage=0.05


Tree=96
num_leaves=15
num_cat=0
split_feature=10 8 8 13 2 1 9 1 4 14 3 14 2 2
split_gain=0.373739 0.372929 0.568471 0.426237 0.417477 0.690332 0.398252 0.484753 0.319726 0.212768 0.12597 0.419136 0.239091 0.322014
threshold=-0.79731875629095728 20.545000000000005 48.800000000000004 4.5201734135869565 11.374111380597908 12.77408811581733 -1.0000000180025095e-35 14.35078936820576 8.4472909117746156 1.1537219472246001 12.469044565639642 6.6195261692864023 11.575179329836422 11.364318137156067
decision_type=2 10 10 8 2 2 2 2 2 2 2 2 2 2
left_child=-1 10 3 4 9 -6 8 -8 -7 -3 12 -12 13 -2
right_child=1 2 -4 -5 5 6 7 -9 -10 -11 11 -13 -14 -15
leaf_value=0.0030657705611624926 0.00055876452632554468 -0.00012904258848150254 0.0020683037375389193 0.0073280965160965762 -0.0070153842873389369 0.028126084968009751 -0.0043390022333635652 -0.024576026841654663 -0.012752733276776548 0.0057889340940408705 -0.0014745959413840562 0.019416308201861934 0.0081393257248250136 -0.034400721025432145
leaf_weight=200 207.0933952331543 42 48 26 20 27 22 27 25 25 27 24 149.04669761657715 22
leaf_count=200 197 42 48 26 20 27 22 27 25 25 27 24 144 22
internal_value=0.00208006 0.00152527 3.8023e-05 -0.00106977 -0.00190476 -0.00364754 -0.00191176 -0.0051 0.00113208 0.00125 0.00243107 9.6154e-05 0.0027449 0.00171872
internal_weight=891.14 691.14 262 214 188 121 101 49 52 67 429.14 51 378.14 229.093
internal_count=876 676 262 214 188 121 101 49 52 67 414 51 363 219
is_linear=0
shrinkage=0.05


Tree=97
num_leaves=15
num_cat=0
split_feature=0 8 9 1 0 1 1 9 3 3 4 3 8 5
split_gain=0.298193 0.341137 0.412181 0.757644 0.38545 0.276462 0.371097 0.258435 0.436875 0.389816 0.282945 0.336443 0.53109 0.199129
threshold=14.180281016028637 34.550000000000004 -0.14349125604483759 11.885105159201204 13.902803250117413 13.880744462714931 13.998996466824426 0.44032991850403941 12.94274609994301 8.3954203837979247 7.3975298084385548 12.923004250525771 16.950000000000003 1.0000000180025095e-35
decision_type=2 8 2 2 2 2 2 2 2 2 2 2 10 2
left_child=1 2 3 -1 -5 -2 -7 10 9 -9 -8 12 -12 -4
right_child=5 -3 13 4 -6 6 7 8 -10 -11 11 -13 -14 -15
leaf_value=0.00022973185843398397 0.001902366246782825 0.0056911361135400561 7.4848325594883275e-05 -0.013658485834277315 -0.00898739566753568 -0.0087505004880523082 0.0084206192733515157 -0.017134358383910562 -0.01764908216318797 0.0020290421686560275 0.0012276620012784552 0.01932513424826908 -0.0043027849543102554 0.012335818908913963
leaf_weight=40 204.14009284973145 56 109.04669761657715 36 20 20 109 23 38 81 43 41 26 32
leaf_count=40 189 56 104 36 20 20 109 23 38 81 43 41 26 32
internal_value=0.00186642 0.00056193 -0.000272075 -0.0027835 -0.00649123 0.00251766 0.00171466 0.00208564 0.000419581 0.00209524 0.00315909 0.00135135 -0.000785714 0.00144483
internal_weight=878.187 293.047 237.047 96 56 585.14 381 361 142 104 219 110 69 141.047
internal_count=858 288 232 96 56 570 381 361 142 104 219 110 69 136
is_linear=0
shrinkage=0.05


Tree=98
num_leaves=15
num_cat=0
split_feature=15 14 8 2 13 13 0 9 3 13 0 9 0 2
split_gain=0.371737 0.321551 0.29102 0.336801 0.700135 0.371995 0.623522 0.354484 0.346814 0.387506 0.450699 0.320408 0.304399 0.182075
threshold=-0.49454499999999996 0.094904118778089908 39.500000000000007 12.837262418420501 3.5569021725796435 3.5569021725796435 12.712674849452986 0.86382728211298232 7.1119319954218057 3.0863718259945103 15.587342340134944 0.25881904510252091 14.638646701886138 11.210599421575576
decision_type=2 2 8 2 8 8 2 2 2 10 2 2 2 2
left_child=1 -1 3 5 7 6 -2 12 -8 13 11 -11 -5 -10
right_child=2 -3 -4 4 -6 -7 8 -9 9 10 -12 -13 -14 -15
leaf_value=-0.0020641220073442644 -0.013069667891738912 0.0019310335985495031 0.0052435873724654683 -0.0016843211670935819 -0.023928696994026402 0.0035115194503290165 0.0043927660163591556 -0.03535022296192275 0.0011575297067189115 -0.0012363805533004053 0.00085196428133718573 -0.0082482219121411925 0.010972267432776081 -0.00908568286890017
leaf_weight=29 24 326.04669761657715 45 20 36 138.14009284973145 65 20 34 23 23 23 46 52
leaf_count=29 24 321 45 20 36 123 65 20 34 23 23 23 46 52
internal_value=0.00190119 0.00316035 0.00108282 0.000733857 -0.00154472 0.00146343 0.000285714 0.00091954 0.00113122 -0.000160256 -0.00292857 -0.00574468 0.00268657 0.00206897
internal_weight=904.187 355.047 549.14 504.14 122 382.14 244 86 220 155 69 46 66 86
internal_count=884 350 534 489 122 367 244 86 220 155 69 46 66 86
is_linear=0
shrinkage=0.05


Tree=99
num_leaves=15
num_cat=0
split_feature=13 7 13 9 15 3 7 9 8 2 3 7 3 4
split_gain=0.356254 0.351982 0.26016 0.46859 0.240748 0.233006 0.337515 0.291626 0.226963 0.201548 0.660733 0.480553 0.200402 0.194449
threshold=3.2837557712968031 7.2500000000000009 2.8396057448739742 -0.87777193418473631 -0.43006499999999998 2.3410656135621104 6.2500000000000009 0.25881904510252091 34.900000000000006 11.984396766813456 6.037845287148639 5.6500000000000012 12.43156782706953 10.779810090014157
decision_type=8 2 10 2 2 2 2 2 10 2 2 2 2 2
left_child=1 2 13 -4 -5 6 7 -2 9 10 -6 -12 -3 -1
right_child=5 12 3 4 8 -7 -8 -9 -10 -11 11 -13 -14 -15
leaf_value=0.0013031751698942893 -0.00041178570138888476 -0.00022332097608942158 -0.01435284108046413 0.0055021831352942115 0.0048109774737993688 0.0020951880595144394 -0.0026883427924897052 0.0023173692608202609 0.0042277729914577591 0.0039860781579068947 -0.020566445206400205 -0.0064776406348355138 -0.037286536415397219 -0.003614684164862548
leaf_weight=130 46 21 21 34 21 401 29 56.233488082885742 21 36 21 25 21 25
leaf_count=130 46 21 21 34 21 401 29 31 21 36 21 25 21 25
internal_value=0.00218994 0.00100796 0.00155224 0.00025 0.00119497 0.0030215 0.001181 0.00252987 0.00016 -0.000817307 -0.00242647 -0.00574468 -0.00325581 0.00304487
internal_weight=908.233 376 334 179 158 532.233 131.233 102.233 124 103 67 46 42 155
internal_count=883 376 334 179 158 507 106 77 124 103 67 46 42 155
is_linear=0
shrinkage=0.05


Tree=100
num_leaves=15
num_cat=0
split_feature=13 0 0 10 8 0 9 1 0 0 9 7 12 7
split_gain=0.262501 0.185083 0.22619 0.156233 0.256646 0.317191 0.947251 0.406223 0.0959745 0.188404 0.140082 0.285222 0.304762 0.112264
threshold=2.9221190907990109 17.031060026997668 17.370004161422141 0.23766552919915279 39.20000000000001 14.180281016028637 -0.13052619222005166 15.345601561204473 16.100901953457257 15.824941574926877 -0.043619387365336666 6.5500000000000007 1.5000000000000002 5.4500000000000011
decision_type=10 2 2 2 10 2 2 2 2 2 2 2 10 2
left_child=-1 3 -3 8 5 6 -5 -7 9 10 -2 12 13 -12
right_child=1 2 -4 4 -6 7 -8 -9 -10 -11 11 -13 -14 -15
leaf_value=0.0040816546813995346 0.0024847219741707845 -0.033782015537334946 0.020719073844088942 -0.012963279034351155 -0.0011817837208319753 0.0058362093915347787 0.0051231657504945153 -0.016967939141206451 0.011755486072525377 -0.00027814264273189358 0.0038492951490008559 -0.0028402476599714366 0.001960710236730515 -0.011249855683518316
leaf_weight=232 132 20 21 26 32 121.04669761657715 43 28 57 22 22 36 82.140092849731445 28
leaf_count=232 132 20 21 26 32 116 43 28 57 22 22 36 67 28
internal_value=0.00266936 0.00216174 -0.00107143 0.00237379 0.00139509 0.00200977 -0.000785714 0.00330053 0.00301389 0.00266355 0.00299097 0.00201431 0.00308472 1.82612e-10
internal_weight=902.187 670.187 41 629.187 250.047 218.047 69 149.047 379.14 322.14 300.14 168.14 132.14 50
internal_count=882 650 41 609 245 213 69 144 364 307 285 153 117 50
is_linear=0
shrinkage=0.05


Tree=101
num_leaves=15
num_cat=0
split_feature=2 0 0 0 13 15 7 0 9 9 2 9 14 3
split_gain=0.294925 0.271798 0.300522 0.252959 0.246018 0.234557 0.307645 0.348086 0.411076 0.176682 0.168406 0.274208 0.312274 0.146331
threshold=10.707146935600546 13.967506422254475 13.246551078836207 12.270442365115466 3.2755723530519245 -0.11977499999999999 5.2500000000000009 15.048160610447411 -0.3986883375106644 -0.95134567273905335 13.364268130469441 1.0000000180025095e-35 5.730831149991312 12.050945517639123
decision_type=2 2 2 2 10 2 2 2 2 2 2 2 2 2
left_child=-1 2 3 -2 -4 9 -7 8 -8 -3 -11 -12 -13 -9
right_child=1 5 4 -5 -6 6 7 13 -10 10 11 12 -14 -15
leaf_value=0.0018009467506898689 -0.0071273776050299695 -0.00116307165413697 -0.00016698271984334266 0.0040230721421709 -0.0097034697489693771 -0.025479098806356671 -0.015313024235024826 0.006901760432857772 0.0013163231836359746 0.0015739973193798489 0.0093896187456510329 -0.00084432494763262756 0.0060414158599363908 0.00052980091229813957
leaf_weight=257.14009284973145 31 26 22 32 25 28 20 84 32 154.0933952331543 51 37 35 49
leaf_count=242 31 26 22 32 25 28 20 84 32 144 51 37 35 49
internal_value=0.00239322 0.00180271 -0.00045045 0.00179688 -0.0034375 0.00228289 0.00100467 0.00174731 -0.00169811 0.0031749 0.00354365 0.0021371 0.000136986 0.00309702
internal_weight=883.233 626.093 110 63 47 516.093 213 185 52 303.093 277.093 123 72 133
internal_count=858 616 110 63 47 506 213 185 52 293 267 123 72 133
is_linear=0
shrinkage=0.05


Tree=102
num_leaves=15
num_cat=0
split_feature=14 1 1 7 1 1 13 16 4 8 2 2 2 10
split_gain=0.32776 0.166031 0.305863 0.596366 0.206224 0.449957 0.195722 0.230928 0.476517 0.952571 0.239933 0.430028 0.213705 0.202689
threshold=7.863461974206948 15.474394740006153 15.16503137307504 6.6500000000000012 14.751063175991256 14.637936286036775 3.5791391915893898 0.78996500000000014 6.6929615404479659 13.65 11.695012151044331 11.936077351529015 10.175308021635905 0.23766552919915279
decision_type=2 2 2 2 2 2 8 2 2 10 2 2 2 2
left_child=1 2 4 -4 5 6 7 10 9 -9 -1 -12 -11 -8
right_child=-2 -3 3 -5 -6 -7 13 8 -10 12 11 -13 -14 -15
leaf_value=0.0028949750029616233 -0.035706395936392243 0.0062968013554710062 -0.014675593724786572 0.0035198921845916147 0.0020620262002526502 -0.0038588294226658635 0.0039190225632180766 -0.00045381957615706054 0.00020824055824006588 0.0040206255635370112 -0.011484286215092092 0.00090948681873983476 -0.0040688922082587264 0.00092815561044358322
leaf_weight=155.04669761657715 22 105 31 20 61 26 156.14009284973145 20 25 20 23 83 20 98
leaf_count=150 22 105 31 20 61 26 141 20 25 20 23 83 20 98
internal_value=0.00199257 0.0021511 0.00188171 -0.00182692 0.0021592 0.00188291 0.00216394 0.00138377 -0.000872093 -0.00327869 0.00211883 0.000280374 0.00121951 0.00321667
internal_weight=865.187 843.187 738.187 51 687.187 626.187 600.187 346.047 85 60 261.047 106 40 254.14
internal_count=845 823 718 51 667 606 580 341 85 60 256 106 40 239
is_linear=0
shrinkage=0.05


Tree=103
num_leaves=15
num_cat=0
split_feature=14 2 1 1 10 2 0 14 13 7 13 13 13 12
split_gain=0.257806 0.481684 0.294824 1.02886 0.307625 0.270366 0.372675 0.535929 0.266026 0.258996 0.153946 0.125214 0.437814 0.113378
threshold=7.0676333560569509 14.860683605382958 14.751063175991256 14.661584835516418 0.23766552919915279 12.457253329604793 13.723958303648894 0.71211442113764023 4.4876448421191251 6.1500000000000012 3.8088337008098008 3.094662338278956 2.9940036570363189 1.0000000180025095e-35
decision_type=2 2 2 2 2 2 2 2 10 2 10 8 10 10
left_child=2 -2 3 4 8 6 7 -6 11 -7 13 12 -1 -8
right_child=1 -3 -4 -5 5 9 10 -9 -10 -11 -12 -13 -14 -15
leaf_value=0.0015540698873864351 -0.037884772163476778 0.0073890523787695662 0.0030843192429652689 -0.012584072677716746 -0.012187347655102196 -0.0051159489215285604 0.0018251595912841031 0.00031317513634123822 -0.00017352668612760478 0.0033645015972252829 -0.00020147415146784623 0.0037236426817791484 -0.019059084477057266 0.0011073945196291618
leaf_weight=78 20 26 226 21 31 28 26 41 20 27 30.046697616577148 229.14009284973145 21 83.046697616577148
leaf_count=78 20 26 226 21 31 28 26 41 20 27 25 214 21 78
internal_value=0.00213179 -0.00148936 0.00232671 0.00177005 0.00214742 0.000862871 0.00167599 -0.00123288 0.00312396 -0.00223214 0.00317979 0.0034657 0.00195 0.00404586
internal_weight=907.233 46 861.233 635.233 614.233 266.093 211.093 72 348.14 55 139.093 328.14 99 109.047
internal_count=882 46 836 610 589 256 201 72 333 55 129 313 99 104
is_linear=0
shrinkage=0.05


Tree=104
num_leaves=15
num_cat=0
split_feature=14 1 1 2 2 15 15 3 1 1 14 14 0 3
split_gain=0.236725 0.218546 0.73424 0.237831 0.295079 0.251634 0.227877 0.227337 0.206405 0.493782 0.218913 0.452927 0.19935 0.218878
threshold=7.6128667238372563 12.847149248795558 12.661806857947289 10.925384884878442 10.024261217580934 -0.17237999999999995 1.2809800000000002 1.0000000180025095e-35 13.932903965974827 14.051999415810144 5.9594395523767583 5.5656363219412706 14.395140689944201 8.0743318262623713
decision_type=2 2 2 2 2 2 2 2 2 2 2 2 2 2
left_child=1 2 3 4 5 7 -7 -1 -3 -10 11 12 -11 -14
right_child=-2 8 -4 -5 -6 6 -8 -9 9 10 -12 -13 13 -15
leaf_value=-0.0030410686579395042 -0.010208219676639733 0.0033871963937165852 -0.010150363232022269 0.0019605411133629901 -0.0012675356179374499 0.0046806664275359572 -0.00033280842004103145 0.0014550262803642408 -0.011846211356195523 -0.00079093237983080325 0.0089288898459738576 -0.014184791666720865 -0.00020425012837236081 0.00096874795928850318
leaf_weight=27 25 185 30 68.093395233154297 36 64 27.093395233154297 22 25 20 66 26 61 202
leaf_count=27 25 185 30 58 36 64 17 22 25 20 66 26 61 202
internal_value=0.00183118 0.00197159 0.000802851 0.00171679 0.000736713 0.00177519 0.00331693 -0.0011 0.00251706 0.00187032 0.00232713 0.00175806 0.00234155 0.00270833
internal_weight=884.187 859.187 274.187 244.187 176.093 140.093 91.0934 49 585 400 375 309 283 263
internal_count=864 839 254 224 166 130 81 49 585 400 375 309 283 263
is_linear=0
shrinkage=0.05


Tree=105
num_leaves=15
num_cat=0
split_feature=15 1 9 8 9 10 10 8 10 8 3 0 3 0
split_gain=0.493494 0.325355 0.20743 0.203596 0.180064 0.196944 0.432395 0.621255 0.568415 0.323657 0.753172 0.240545 0.406263 0.448157
threshold=-0.92700999999999989 9.9532426738528574 0.9562228270146037 40.250000000000007 0.91613344851476464 0.86926070542861789 0.32762316226846638 20.950000000000003 0.59827334065059656 9.7500000000000018 9.9189311036890846 14.145111776135662 10.90351654202369 14.759568215742057
decision_type=2 2 2 8 2 2 2 10 2 10 2 2 2 2
left_child=2 -2 -1 4 5 6 9 8 -8 10 -3 -11 13 -13
right_child=1 3 -4 -5 -6 -7 7 -9 -10 11 -12 12 -14 -15
leaf_value=0.0032737094014862675 -0.00026151479158382222 0.0024172223074429701 -0.004542782172487987 0.00058282713501612887 0.00041302687480764417 0.0063836584397936021 -0.019334643792872936 -0.0070275400622023367 0.00093621792631443904 0.0086502170262372138 -0.010775893080466607 -0.017652420543778153 0.00064523150216385056 0.0014628997973916414
leaf_weight=195.04669761657715 35.046697616577148 35 30 62 69.046697616577148 79.046697616577148 20 35 72 63 33 26 68 68
leaf_count=190 30 35 30 62 64 74 20 35 72 63 33 26 68 68
internal_value=0.00185251 0.00116447 0.00387191 0.00142684 0.00112542 0.000790393 0.000356295 -0.00207031 0.000107527 0.00141156 -0.0015942 0.00232301 0.00128834 -0.000842105
internal_weight=890.187 665.14 225.047 630.093 568.093 499.047 420 127 92 293 68 225 162 94
internal_count=870 650 220 620 558 494 420 127 92 293 68 225 162 94
is_linear=0
shrinkage=0.05


Tree=106
num_leaves=15
num_cat=0
split_feature=7 2 8 8 13 1 0 0 13 9 1 10 9 8
split_gain=0.387294 0.423554 0.305531 0.577598 0.443966 0.487998 0.564584 0.648126 0.305122 0.269083 0.251752 0.242988 0.456109 0.20533
threshold=4.7500000000000009 7.1829388544009367 15.750000000000002 34.550000000000004 3.2912581272669157 12.538991975982244 14.455119669859839 15.149169516461955 2.7046638279755322 0.44032991850403941 13.578962822258948 0.85713466239780911 0.25671049665402418 7.3500000000000005
decision_type=2 2 10 10 10 2 2 2 10 2 2 2 2 10
left_child=1 -1 11 4 5 -4 -7 -8 -9 -6 -11 13 -13 -2
right_child=2 -3 3 -5 9 6 7 8 -10 10 -12 12 -14 -15
leaf_value=0.0056455068368764794 6.7751322518034044e-05 -0.0090982375800585848 0.0014990076050657051 0.0012689777034657877 0.0031664220363106831 -0.021623750979860055 0.010317462658903879 -0.0001361990357177506 -0.016035194739668895 -0.00037632276623829862 0.001203635344981727 0.013679522906275136 -0.020687446485463043 0.0071120688263687035
leaf_weight=22 89 25 32 157 82 36 28 20 26 27 24 40 25 263.14009284973145
leaf_count=22 89 25 32 157 82 36 28 20 26 27 24 40 25 248
internal_value=0.00198486 -0.00239583 0.00222987 0.0012933 -9.05795e-05 -0.00202797 -0.0036036 -0.00106667 -0.00468085 0.00197761 -0.000865384 0.00319439 0.000378788 0.00371156
internal_weight=896.14 47 849.14 432 275 142 110 74 46 133 51 417.14 65 352.14
internal_count=881 47 834 432 275 142 110 74 46 133 51 402 65 337
is_linear=0
shrinkage=0.05


Tree=107
num_leaves=15
num_cat=0
split_feature=9 0 2 15 15 3 8 3 1 16 7 9 9 3
split_gain=0.572101 0.52233 0.269834 0.165172 0.426088 0.302317 0.197883 0.273051 0.713982 0.352756 0.589309 0.205755 0.204879 0.166946
threshold=-0.92304025209086915 14.586376657530122 11.964177395435597 -1.1641199999999998 -0.94026999999999983 11.016191151759587 39.95000000000001 13.063184178775765 15.345601561204473 1.0000000180025095e-35 6.1500000000000012 0.74311652879956314 0.70088257582277269 11.317034821916362
decision_type=2 2 2 2 2 2 10 2 2 2 2 2 2 2
left_child=1 -1 -3 -2 5 -5 7 9 -9 10 -6 12 13 -11
right_child=3 2 -4 4 6 -7 -8 8 -10 11 -12 -13 -14 -15
leaf_value=-0.0096789077354213528 0.008074891046432886 -0.0024365273417446213 0.0060913527250418507 -0.0022145610534492011 -0.0079761818927842586 0.00035391647436119363 0.00040845333038110965 0.0050119169361540769 -0.030718636940810059 0.0017121903871592477 0.00037454008371747065 0.0076979067738319213 -0.0031369689121163212 0.012560008097463361
leaf_weight=40 135.04669761657715 28 27 20 24 25 63 21 23 245.04669761657715 41 121.14009284973145 29 58
leaf_count=40 130 28 27 20 24 25 63 21 23 240 41 106 29 58
internal_value=0.00183212 -0.00182292 0.00133929 0.00226506 0.00193826 -0.00271739 0.00227717 0.00197259 -0.00177778 0.00229384 -0.00113636 0.00278725 0.00213253 0.00251683
internal_weight=900.233 95 55 805.233 670.187 45 625.187 562.187 44 518.187 65 453.187 332.047 303.047
internal_count=875 95 55 780 650 45 605 542 44 498 65 433 327 298
is_linear=0
shrinkage=0.05


Tree=108
num_leaves=15
num_cat=0
split_feature=1 1 9 13 3 13 13 7 2 13 7 2 9 3
split_gain=0.251021 0.434668 0.277815 0.787673 0.32976 0.308327 0.285398 0.237989 0.375885 0.815606 0.218507 0.594657 0.193112 0.179554
threshold=12.77408811581733 12.639941056452558 0.58411063003844077 3.1941859788175644 7.8979472974398321 3.2755723530519245 3.7533414652925909 6.6500000000000012 13.983930640687825 3.6189481685919693 6.4500000000000011 11.952697406766363 0.74311652879956314 11.178132250829304
decision_type=2 2 2 8 2 10 10 2 2 8 2 2 2 2
left_child=1 2 4 -4 5 -1 -7 8 10 -10 12 -12 13 -2
right_child=7 -3 3 -5 -6 6 -8 -9 9 -11 11 -13 -14 -15
leaf_value=0.0045509747642081171 0.00049620642968384256 -0.016021616271300373 -0.0018178303973682714 0.00023815620228520917 0.0052932792706065152 -0.013446705649852295 -0.00030210353736281632 0.007047134588846391 0.0082561342554036132 -0.022491984478918335 -0.00067467226724100848 0.0094931115785323941 0.0051585017684251562 0.0084703682001443965
leaf_weight=38 201 22 32 58.046697616577148 69 21 26 179 31 25 20 20 73 69
leaf_count=38 201 22 32 53 69 21 26 179 31 25 20 20 73 69
internal_value=0.00177418 0.000487681 0.00110278 -0.00109577 0.0023871 0.000290698 -0.00239583 0.00232633 0.00169318 -0.00210526 0.0022526 -0.00121951 0.00265988 0.00202952
internal_weight=884.047 266.047 244.047 90.0467 154 85 47 618 439 56 383 40 343 270
internal_count=879 261 239 85 154 85 47 618 439 56 383 40 343 270
is_linear=0
shrinkage=0.05


Tree=109
num_leaves=15
num_cat=0
split_feature=8 8 15 3 13 13 10 10 3 13 9 16 3 3
split_gain=0.381765 0.416963 0.827498 0.422184 0.475991 0.536762 0.735646 0.528365 0.352582 0.338624 0.316805 0.189814 0.275982 0.340051
threshold=14.65 16.950000000000003 0.29282500000000006 9.6705788083499247 3.2837557712968031 2.5563404911825818 -0.50376918148035232 0.85713466239780911 10.273469583031011 2.9221190907990109 0.70864607840491656 0.10701500000000001 13.386376171953069 12.166576137550491
decision_type=10 10 2 2 8 10 2 2 2 10 2 2 2 2
left_child=-1 2 8 10 5 -5 -7 9 -2 -8 -3 12 13 -6
right_child=1 3 -4 4 11 6 7 -9 -10 -11 -12 -13 -14 -15
leaf_value=0.0044873719210717531 -0.01925104144354485 0.001813685101787365 0.0050556729357403756 0.049659877969445612 0.00058460918298733431 0.0035193889029348428 -0.0011077032578476378 -0.00055519432408914101 -0.00010541269476321418 -0.032235026398775381 -7.9889555467231883e-05 0.0075456305280006217 0.0052461428393975815 -0.00050764697554206949
leaf_weight=399.18679046630859 29 136 22 20 38 34 20 25 22 26 29 34 27 37
leaf_count=379 29 136 22 20 38 34 20 25 22 26 29 34 27 37
internal_value=0.00121325 0.00029 -0.00317568 0.00088993 -0.000362595 -0.00257936 -0.00400943 -0.006875 -0.00663462 -0.01 0.00286145 0.00167883 0.000582524 -0.000986842
internal_weight=898.187 499 73 426 261 125 105 71 51 46 165 136 102 75
internal_count=878 499 73 426 261 125 105 71 51 46 165 136 102 75
is_linear=0
shrinkage=0.05


Tree=110
num_leaves=15
num_cat=0
split_feature=0 7 8 16 8 0 9 8 3 2 1 14 14 1
split_gain=0.550709 0.698429 0.57037 0.286877 0.483725 0.709283 0.333174 0.259152 0.466197 0.212173 0.331386 0.210552 0.718923 0.184624
threshold=12.270442365115466 5.9500000000000011 30.300000000000004 1.0000000180025095e-35 31.900000000000002 15.678851993770641 0.86382728211298232 5.7500000000000009 9.7725930922188802 12.046553265723789 14.27989329915639 5.9594395523767583 5.5656363219412706 12.399207883348884
decision_type=2 2 8 2 10 2 2 10 2 2 2 2 2 2
left_child=1 -1 -3 4 6 -6 9 8 -5 10 -2 12 13 -9
right_child=3 2 -4 7 5 -7 -8 11 -10 -11 -12 -13 -14 -15
leaf_value=0.0049269795136521353 0.0012619244369022741 -0.0098622686891271221 0.0002724072261859265 0.0044158702581331534 0.00038830018646365247 -0.0057506439898613541 -0.0016101234456859697 0.00775343697374869 -0.010512169084072882 0.0093046355085838507 -0.00025096116757000449 0.027290499871592003 -0.027369938481968444 0.0014282171894169711
leaf_weight=30.046697616577148 35 32 21 25 33 21 39 113.18679046630859 20 54 21 66 20 372
leaf_count=25 35 32 21 25 33 21 39 93 20 54 21 66 20 372
internal_value=0.00106414 -0.00279329 -0.0062037 0.00145812 -0.000171568 -0.00418182 0.0013 0.00199443 -0.00163043 0.0027027 0.000526316 0.00228236 0.00192801 0.00231585
internal_weight=902.233 83.0467 53 819.187 203 54 149 616.187 45 110 56 571.187 505.187 485.187
internal_count=877 78 53 799 203 54 149 596 45 110 56 551 485 465
is_linear=0
shrinkage=0.05


Tree=111
num_leaves=15
num_cat=0
split_feature=7 7 2 10 2 9 2 13 15 0 9 9 3 13
split_gain=0.279711 0.623195 0.647315 0.531751 1.1883 0.255997 0.253344 0.269627 0.319969 0.397099 0.631472 0.440039 0.379911 0.293583
threshold=5.9500000000000011 6.1500000000000012 11.68630536949332 -0.96535657505894046 11.695012151044331 0.31316082539001983 14.502773022519539 4.4342790675222163 -0.086219999999999991 15.944351634122222 0.90444653569325539 -0.70864607840491678 11.0475055877569 2.6600494875419574
decision_type=2 2 2 2 2 2 2 8 2 2 2 2 2 10
left_child=-1 2 5 4 -3 -2 7 8 9 10 11 -5 -11 -10
right_child=1 3 -4 6 -6 -7 -8 -9 13 12 -12 -13 -14 -15
leaf_value=0.0014346313290008715 -0.023379643047532376 0.010407228163457672 -8.929054715084905e-05 -0.0083616147156976208 -0.012492232453126462 -8.9975034888444217e-05 0.02005882122344424 0.0057109256279667649 -0.0035734308370044322 -0.00093671811063307509 -0.0072924025774890253 0.0031594846411069169 -0.0020649269784799545 0.0016519496577346541
leaf_weight=396.14009284973145 20 23 38 22 29 22 54 42 22 20 20 90 27 61
leaf_count=381 20 23 38 22 29 22 54 42 22 20 20 90 27 61
internal_value=0.00110546 0.000305499 -0.0037037 0.00109489 -0.00358491 -0.00790698 0.00178273 0.00121311 0.000608365 -0.000583333 0.000827068 0.00230089 -0.00447917 0.00315476
internal_weight=886.14 490 80 410 52 42 358 304 262 179 132 112 47 83
internal_count=871 490 80 410 52 42 358 304 262 179 132 112 47 83
is_linear=0
shrinkage=0.05


Tree=112
num_leaves=15
num_cat=0
split_feature=10 2 2 14 14 7 5 0 8 15 14 7 14 2
split_gain=0.357784 0.303064 0.324984 0.248374 0.304147 0.239144 0.355565 0.474586 0.530877 0.376801 0.704591 0.301861 0.16093 0.32327
threshold=-0.71476258798096814 11.549255986512796 11.364318137156067 2.7037143114728965 3.0593438543149802 7.0500000000000007 1.0000000180025095e-35 14.13270164491426 16.450000000000003 -0.63385499999999995 0.11421325523412328 6.0100000000000007 3.9717069209744973 12.157098482911444
decision_type=2 2 2 2 2 2 2 2 8 2 2 2 2 2
left_child=-1 2 5 -3 -5 6 7 9 -9 -2 -11 -10 -6 -14
right_child=1 3 -4 4 12 -7 -8 8 11 10 -12 -13 13 -15
leaf_value=0.0013820247857246994 -0.005469662586473978 0.0020128473530473786 -0.0070909586608945184 -0.00059804034874897012 0.0034217456076690864 0.0011142996574110043 -0.0013584450791997761 0.0075484392131476077 -0.0036714969331717788 0.004865008051072023 -0.0024500587860627147 0.00049133986787487335 -0.0070291244221173032 0.0046688215000436828
leaf_weight=222 24 88.046697616577148 23 21 59 27 29 85.046697616577148 23 47.093395233154297 39 21 20 173
leaf_count=222 24 83 23 21 59 27 29 80 23 37 39 21 20 173
internal_value=0.0016692 0.00109666 -2.91392e-05 0.00208601 0.00133212 0.000424463 -3.45526e-05 0.000606731 0.00265469 -0.00179608 -0.000224277 -0.00177778 0.00181818 0.00110825
internal_weight=901.187 679.187 318.14 361.047 273 295.14 268.14 239.14 129.047 110.093 86.0934 44 252 193
internal_count=881 659 303 356 273 280 253 224 124 100 76 44 252 193
is_linear=0
shrinkage=0.05


Tree=113
num_leaves=15
num_cat=0
split_feature=7 2 4 14 1 0 0 4 16 13 0 8 8 10
split_gain=0.39852 0.517144 0.1946 0.456145 0.237168 0.653299 0.647956 0.423958 0.217128 0.316209 0.436906 0.294562 0.249444 0.207963
threshold=4.7500000000000009 8.5339892966668902 11.125226048454413 5.5656363219412706 14.716209395592537 15.837749150289197 16.476907121999037 4.7184590100123378 -1.4512249999999998 3.1847201767061821 12.657179985727591 13.15 20.855 -0.0043632677491870896
decision_type=2 2 2 2 2 2 2 2 2 8 2 10 10 2
left_child=1 -1 3 4 5 8 7 -7 -2 10 -10 -12 -13 -14
right_child=2 -3 -4 -5 -6 6 -8 -9 9 -11 11 12 13 -15
leaf_value=0.00013803367607642653 -0.0054948373666226444 -0.011555821254041141 0.0060201351877188433 -0.024034249934128962 0.0036433828928653282 -0.0005412405247107125 0.010927859720667508 -0.0059595672333846951 -0.0029002812899499831 0.0018361943788330398 0.0049739165837368836 -0.0095539506207177171 0.013621875043154133 -0.00017158409980796361
leaf_weight=21 27 22 118 32 163 27 27 20 30 267.0933952331543 47 28 29 34
leaf_count=21 27 22 118 32 163 27 27 20 30 257 47 28 29 34
internal_value=0.00157931 -0.00306818 0.001818 0.00151001 0.001779 0.00126694 -0.00306667 -0.0065625 0.00196605 0.00223683 0.000532545 0.00172662 5.4348e-05 0.00179688
internal_weight=892.093 43 849.093 731.093 699.093 536.093 74 47 462.093 435.093 168 138 91 63
internal_count=882 43 839 721 689 526 74 47 452 425 168 138 91 63
is_linear=0
shrinkage=0.05


Tree=114
num_leaves=15
num_cat=0
split_feature=13 13 2 13 14 1 0 14 14 2 1 0 1 2
split_gain=0.321639 0.881714 0.362752 0.954196 0.252048 0.317382 0.590135 0.363223 0.391652 0.276632 0.668086 0.319677 0.267813 0.491777
threshold=3.6918790522500609 3.6413638888637321 8.369271549049996 4.0760256726792292 0.79340990612664786 16.233938958201318 16.818864548502386 4.5917641264578544 4.2009344006411995 11.210599421575576 12.631510329845616 14.832976994793107 13.932903965974827 12.791721870760126
decision_type=8 10 2 10 2 2 2 2 2 2 2 2 2 2
left_child=1 4 3 -2 -1 6 7 8 9 11 -11 -6 -12 -14
right_child=2 -3 -4 -5 5 -7 -8 -9 -10 10 12 -13 13 -15
leaf_value=0.00097917300108807371 0.00081947935526693102 -0.010028233529270264 0.0038623660720084234 -0.0079271865601852082 0.00084488908063806017 0.032528062797587291 -0.037705033147782535 0.0017407525917991443 -0.0044185411202054157 -0.000454721555506469 0.00040050065598211637 -0.00026640129649644435 0.00078789407811120406 -0.017811929416030079
leaf_weight=136.04669761657715 25.046697616577148 20 277.0933952331543 20 48 34 23 99 20 20 50 30 62 29
leaf_count=131 20 20 267 20 48 34 23 99 20 20 50 30 62 29
internal_value=0.00124799 0.000533582 0.00250882 -0.00162371 0.000915201 0.000300481 -0.000117801 0.000389972 -0.000596154 -2.08331e-05 -0.0012037 0.00240506 3.52115e-05 -0.00157609
internal_weight=893.187 571.047 322.14 45.0467 551.047 415 381 358 259 239 161 78 141 91
internal_count=873 566 307 40 546 415 381 358 259 239 161 78 141 91
is_linear=0
shrinkage=0.05


Tree=115
num_leaves=15
num_cat=0
split_feature=10 8 15 14 14 14 3 8 10 1 4 9 8 0
split_gain=0.304095 0.234973 0.319117 0.854932 0.404875 0.330986 0.378207 0.545162 0.292374 0.769409 0.282967 0.406902 0.272668 0.275666
threshold=0.86926070542861789 11.500000000000002 0.82512500000000011 1.1850808632799603 7.0676333560569509 5.0734674838097407 12.23257817002929 28.050000000000004 0.49240481012316867 13.966589384727333 6.6929615404479659 0.70088257582277269 7.6100000000000003 15.772079058790217
decision_type=2 10 2 2 2 2 2 10 2 2 2 2 10 2
left_child=1 12 4 -4 5 6 8 -8 10 -10 -3 -12 13 -1
right_child=-2 2 3 -5 -6 -7 7 -9 9 -11 11 -13 -14 -15
leaf_value=0.0010452231490682845 0.0041751679799545858 0.0025904052295733409 -0.0075934725968695082 0.00038270072294307902 -0.022375733454276195 0.0037227941528630449 0.0014671956292979082 -0.00098664817708613863 -0.0026797368097580421 0.001870079059059805 -0.0089822899171496228 0.00052370138068475261 0.0043422176195143459 -0.0035305291748860528
leaf_weight=59 128 171.04669761657715 22 34 24 77 21 26 33 36 40 21 156.0933952331543 37
leaf_count=59 128 166 22 34 24 77 21 26 33 36 40 21 146 37
internal_value=0.00155246 0.00116825 0.00054389 -0.00298246 0.000989305 0.00135017 0.000688256 -0.0034375 0.00134163 -0.0015 0.0021894 -0.000725806 0.00241202 0.000309279
internal_weight=885.14 757.14 505.047 56 449.047 425.047 348.047 47 301.047 69 232.047 61 252.093 96
internal_count=870 742 500 56 444 420 343 47 296 69 227 61 242 96
is_linear=0
shrinkage=0.05


Tree=116
num_leaves=15
num_cat=0
split_feature=15 14 3 14 1 1 15 9 3 1 3 14 0 8
split_gain=0.286064 0.41354 0.564883 0.560708 1.01225 0.431395 0.381354 0.723321 0.559492 0.346547 0.188923 0.404253 0.182845 0.17424
threshold=-1.1641199999999998 3.7305608756602369 11.21076892936272 4.4904492360372918 14.751063175991256 16.039964072433438 -0.79966499999999996 -0.55193173126975836 9.7725930922188802 11.690786364590535 13.097434168265339 5.9594395523767583 16.792665430421291 5.6150000000000011
decision_type=2 2 2 2 2 2 2 2 2 2 2 2 2 10
left_child=9 6 -3 4 -4 10 7 -2 -9 -1 -5 -12 13 -8
right_child=1 2 3 5 -6 -7 12 8 -10 -11 11 -13 -14 -15
leaf_value=-0.00075476449576395658 -0.0097498112141655921 -0.0057720313936862723 -0.012648178813202196 0.0071087377432699026 0.0086151852704748257 -0.0099722893559520825 -0.0065141184069356407 0.00078806830751840641 -0.00020070973340712581 0.0089592270079146847 -0.012540760812364113 0.022327208168806116 -0.00086088309501276795 0.0028394776934987428
leaf_weight=31 20 33 23 63 23 37 33 39 26 113 21 26 20 376.14009284973145
leaf_count=31 20 33 23 63 23 37 33 39 26 113 21 26 20 361
internal_value=0.00120964 0.000810509 -0.000969163 7.73198e-05 -0.00468085 0.00158784 0.00159316 -0.00145349 0.00113636 0.00324138 0.00315315 0.000729167 0.00219859 0.00242771
internal_weight=884.14 740.14 226 193 46 147 514.14 85 65 144 110 47 429.14 409.14
internal_count=869 725 226 193 46 147 499 85 65 144 110 47 414 394
is_linear=0
shrinkage=0.05


Tree=117
num_leaves=15
num_cat=0
split_feature=14 14 2 16 16 14 13 1 1 3 1 15 1 1
split_gain=0.243397 0.29393 0.196171 0.437528 0.241414 0.248346 0.235067 0.24222 0.469829 0.349823 0.262116 0.285427 0.307172 0.675367
threshold=7.863461974206948 5.9960835360259503 10.833261548174768 -0.33242999999999995 0.37080500000000005 2.7037143114728965 4.6325307887981051 15.442914933656343 15.16503137307504 12.505166966207833 14.751063175991256 -1.1641199999999998 13.848560597141519 13.231590220524028
decision_type=2 2 2 2 2 2 8 2 2 2 2 2 2 2
left_child=1 2 3 -1 5 -5 7 8 9 10 11 -4 13 -13
right_child=-2 -3 6 4 -6 -7 -8 -9 -10 -11 -12 12 -14 -15
leaf_value=-0.0056046267666643966 -0.028176907648266414 0.0050616330753347032 0.0093654437844624457 0.0027875631080957974 1.9193563191776381e-05 -0.00053945359798399822 -0.00080912583839041921 0.0043285171321646148 -0.0012235011112072013 0.021523189458828251 0.0050314725700213205 -0.00020268554863818057 -0.0039705689140692802 0.0041581105824814897
leaf_weight=28 22 75 51.046697616577148 162.04669761657715 74.046697616577148 25 20 66 33 43 43 90.046697616577148 104 52
leaf_count=28 22 75 46 157 69 25 20 66 33 43 43 85 104 52
internal_value=0.00117066 0.00130414 0.00101735 0.00205267 0.00269166 0.00364395 0.000418346 0.000642665 0.000192923 0.000691152 0.000147957 -0.000384218 -0.00109197 0.000421076
internal_weight=888.187 866.187 791.187 289.093 261.093 187.047 502.093 482.093 416.093 383.093 340.093 297.093 246.047 142.047
internal_count=868 846 771 279 251 182 492 472 406 373 330 287 241 137
is_linear=0
shrinkage=0.05


Tree=118
num_leaves=15
num_cat=0
split_feature=2 2 8 3 13 9 3 9 3 8 8 13 7 13
split_gain=0.276179 0.499962 0.428413 0.440288 0.300661 0.433213 0.395105 0.324995 0.286239 0.203456 0.40443 0.473692 0.49263 0.359726
threshold=12.398946732015828 12.598350357459102 36.850000000000009 1.3195286648076296 2.9398388295185423 0.70088257582277269 12.166576137550491 0.44032991850403941 12.94274609994301 23.250000000000004 11.950000000000001 2.9221190907990109 5.6500000000000012 3.4968108626794572
decision_type=2 2 10 2 10 2 2 2 2 10 10 8 2 8
left_child=2 -2 9 -4 5 6 -3 -6 -9 10 -1 -12 13 -13
right_child=1 4 3 -5 7 -7 -8 8 -10 -11 11 12 -14 -15
leaf_value=0.0037245100751792195 -0.0018673384386973463 0.0020314557586979982 0.000671527805208568 -0.0021104328686270216 0.011364059488989948 0.0064236948882432148 -0.0034869199710713065 0.00032661801811091146 -0.022142673164239759 0.0020433739252690721 -0.00053121182241369776 -0.000345289603896205 0.0074015076540822015 0.0015090548236873288
leaf_weight=215.0933952331543 27 24 27 33 138 31 31 38 33 91 37 27 101.04669761657715 32.046697616577148
leaf_count=205 27 24 27 33 138 31 31 38 33 91 37 27 96 27
internal_value=0.00166549 0.000495356 0.00233244 -0.00163934 0.00109797 -0.00137931 -0.00401786 0.00211905 -0.000625 0.00280835 0.00232566 0.000683854 0.00186517 -0.00174475
internal_weight=885.187 322 563.187 60 295 86 55 209 71 503.187 412.187 197.093 160.093 59.0467
internal_count=865 322 543 60 295 86 55 209 71 483 392 187 150 54
is_linear=0
shrinkage=0.05


Tree=119
num_leaves=15
num_cat=0
split_feature=10 0 0 3 3 8 10 8 5 1 10 14 15 14
split_gain=0.227116 0.256525 1.24518 0.237387 0.531058 0.256537 0.41532 0.283981 0.237494 0.36786 0.373817 0.538516 0.807508 0.687855
threshold=0.96648588260150581 16.818864548502386 17.152482654817089 13.386376171953069 13.032633351528629 14.65 0.93200786928279833 4.6500000000000012 8.3166628455135054 14.716209395592537 -0.38469719700095517 3.3489450240354017 -0.43006499999999998 1.0838075382501009
decision_type=2 2 2 2 2 10 2 10 2 2 2 2 2 2
left_child=1 3 -3 4 5 6 7 -1 9 10 -7 12 -12 -14
right_child=-2 2 -4 -5 -6 8 -8 -9 -10 -11 11 -13 13 -15
leaf_value=-0.0015008345421064385 0.008339663195652566 -0.0058344617498226952 0.013735879075278391 0.0062646596040302456 -0.0032794080770489941 0.00062984168329645492 -0.01596220024709057 0.0036983437836723069 -0.021253604979178418 0.0031266262152615763 -0.00080838322095581395 0.00093890451183822844 0.00256961929441095 -0.0037911784765680117
leaf_weight=29 40 31 43 66 21 120.04669761657715 21 270.14009284973145 20 63 49 38 47 33
leaf_count=29 40 31 43 66 21 115 21 255 20 63 49 38 47 33
internal_value=0.00123958 0.00106307 -0.00173333 0.00133122 0.00106143 0.00130346 0.00233761 0.00281769 0.000404891 0.000712821 -5.12641e-05 -0.00157738 -0.00311538 1.83965e-10
internal_weight=891.187 851.187 74 777.187 711.187 690.187 320.14 299.14 370.047 350.047 287.047 167 129 80
internal_count=871 831 74 757 691 670 305 284 365 345 282 167 129 80
is_linear=0
shrinkage=0.05


Tree=120
num_leaves=15
num_cat=0
split_feature=4 4 2 10 4 4 7 10 7 2 10 0 14 12
split_gain=0.212236 0.897744 0.691795 0.584442 0.258442 0.23129 0.680124 0.283426 0.219487 0.286491 0.209452 0.470765 0.473609 0.161857
threshold=11.002206928624593 9.6430120318600316 11.703499508145093 0.25881904510252057 8.046468581807579 6.4948860570741216 6.1500000000000012 -0.79731875629095728 7.0500000000000007 14.502773022519539 -0.45397321317242106 15.450586597540411 0.17402358215675648 1.0000000180025095e-35
decision_type=2 2 2 2 2 2 2 2 2 2 2 2 2 8
left_child=1 4 -3 -4 5 7 -7 -1 -2 -10 11 12 -9 -12
right_child=8 2 3 -5 -6 6 -8 10 9 -11 13 -13 -14 -15
leaf_value=0.0016037091415057549 0.002588350481981225 0.0054941888780110464 -0.016333851078752969 -0.00017930891475830801 0.0017587023149218839 -0.0087076669102739875 0.00035465080749811414 -0.00028673944507045081 -0.0063104529763532398 0.017308948924568562 -0.00041322157663378854 -0.014097836802151133 0.0050036117391066689 0.0016001156317375417
leaf_weight=112 71 25 38 20 114 27 40 20 35 25 47 24 32 281.23348808288574
leaf_count=112 71 25 38 20 114 27 40 20 35 25 47 24 32 256
internal_value=0.00121259 0.000897513 -0.00398809 -0.00694915 0.00148398 0.00105466 -0.00169118 0.00141361 0.00306818 0.000819672 0.000792549 -0.00155844 0.00113208 0.00133998
internal_weight=911.233 780.233 83 58 697.233 583.233 67 516.233 131 60 404.233 76 52 328.233
internal_count=886 755 83 58 672 558 67 491 131 60 379 76 52 303
is_linear=0
shrinkage=0.05


Tree=121
num_leaves=15
num_cat=0
split_feature=1 1 15 4 4 10 8 2 2 1 2 8 15 10
split_gain=0.211442 0.394975 0.436921 0.401563 0.610854 0.621062 0.238299 0.734839 0.93937 0.512019 0.367055 0.494516 0.339939 0.469593
threshold=16.367954559408847 15.16503137307504 0.66927500000000018 12.008404511386336 7.1221004305343207 -0.26932402956675622 27.850000000000005 10.906634112744191 12.688268652789768 13.201816270962139 11.274353281260124 17.750000000000004 -0.72587999999999997 0.25881904510252057
decision_type=2 2 2 2 2 2 10 2 2 2 2 10 2 2
left_child=1 6 3 4 -3 -6 10 -8 9 -9 11 12 -1 -14
right_child=-2 2 -4 -5 5 -7 7 8 -10 -11 -12 -13 13 -15
leaf_value=-0.00037796362581813574 0.004798522859278332 0.0014568226997765778 -0.016185685333379687 0.0032166692421706738 -0.023366718175568242 -0.0002816818203790204 0.0018716267531539662 -0.0019479726504682731 0.0033335050079876349 -0.0010513394832124998 0.0044239015729444983 0.0058928318569529863 0.00078526316721039692 -0.00030320546734501107
leaf_weight=49 33 42 23 28 24 28 62 39 55 25 254.0933952331543 52 106.0933952331543 64
leaf_count=49 33 42 23 28 24 28 62 39 55 25 244 52 96 64
internal_value=0.000983899 0.00082838 -0.0015411 -0.000325203 -0.00189474 -0.0054717 0.00131639 -0.000247253 -0.00254167 -0.00661538 0.00185473 0.000571374 -0.000474948 0.000587206
internal_weight=884.187 851.187 145 122 94 52 706.187 181 119 64 525.187 271.093 219.093 170.093
internal_count=864 831 145 122 94 52 686 181 119 64 505 261 209 160
is_linear=0
shrinkage=0.05


Tree=122
num_leaves=15
num_cat=0
split_feature=14 4 4 10 16 1 8 15 5 7 7 7 10 8
split_gain=0.286379 0.358675 0.330601 0.262715 0.2888 0.503635 0.810169 0.449881 0.230728 0.249556 0.206778 0.408532 0.407345 0.231286
threshold=7.863461974206948 11.069763655070963 10.594108706768905 -0.9025766923884776 1.0000000180025095e-35 12.831759144235951 20.950000000000003 -0.44686499999999996 6.2552561362850385 4.6500000000000012 5.3500000000000005 6.0100000000000007 0.96126169593831889 14.65
decision_type=2 2 2 2 2 2 10 2 2 2 2 2 2 10
left_child=1 2 3 -1 5 6 -5 -7 9 -6 -11 12 13 -12
right_child=-2 -3 -4 4 8 7 -8 -9 -10 10 11 -13 -14 -15
leaf_value=0.00086551545009876064 -0.024346156766486538 0.0053056978645481716 -0.0023766103377541106 0.00029934686542634347 -0.00058760401714969923 0.0044675772038274544 -0.0020732667587503848 -0.00078252129185802592 -0.00041770515468695925 0.0031047057847310854 0.0059643467870600098 0.00073799331066173727 -0.013041196706907799 -0.00019856980758849944
leaf_weight=121 22 105 36 27 26 59 24 38 35 95.093395233154297 88.093395233154297 152 22 64.046697616577148
leaf_count=121 22 105 36 27 26 59 24 38 35 85 78 152 22 59
internal_value=0.00160742 0.00174777 0.00137798 0.00160345 0.00119 -0.000738255 -0.00471154 0.00137755 0.00178209 0.00208857 0.00238296 0.00177508 0.000118194 0.00104937
internal_weight=914.233 892.233 787.233 751.233 630.233 148 51 97 482.233 447.233 421.233 326.14 174.14 152.14
internal_count=889 867 762 726 605 148 51 97 457 422 396 311 159 137
is_linear=0
shrinkage=0.05


Tree=123
num_leaves=15
num_cat=0
split_feature=10 4 4 10 13 0 8 13 13 10 13 8 15 14
split_gain=0.333183 0.426078 0.615538 0.354945 0.342663 0.277739 0.244811 0.23255 0.520516 0.48431 0.375276 0.321582 0.285964 0.371661
threshold=-0.50376918148035232 9.6430120318600316 11.125226048454413 0.96648588260150581 2.6183073868508173 15.969416438817396 21.350000000000005 3.999297778463514 4.5201734135869565 0.23766552919915279 3.6612753964181159 27.850000000000005 0.82512500000000011 0.79340990612664786
decision_type=2 2 2 2 10 2 10 10 10 2 10 10 2 2
left_child=1 -1 -3 4 -2 7 -7 10 9 -9 12 -12 -6 -14
right_child=3 2 -4 -5 5 6 -8 8 -10 -11 11 -13 13 -15
leaf_value=0.00077295372086660789 0.0089049922415834568 -0.0075506559632650284 0.00793347503999778 0.0099337512903467425 -4.6612793523153328e-05 0.0019409028933354815 -0.00063521277834957957 -0.0042956657898285946 0.00044276835526974983 -0.013783042330014648 0.017875955947068128 -0.00011274629217397251 -0.00040277580341936605 -0.0047485831573391719
leaf_weight=231 89 33 40 48 172.04669761657715 62 32 24 32.046697616577148 24 55.140092849731445 20 20 20
leaf_count=231 89 33 40 48 167 62 32 24 27 24 40 20 20 20
internal_value=0.00150699 0.00285246 -0.000472973 0.00081966 0.000455646 -9.48276e-05 0.00231579 -0.000716482 -0.00308176 -0.00632653 -4.88086e-05 0.00296428 -0.00112542 -0.00487805
internal_weight=902.233 304 73 598.233 550.233 461.233 94 367.233 80.0467 48 287.187 75.1401 212.047 40
internal_count=877 304 73 573 525 436 94 342 75 48 267 60 207 40
is_linear=0
shrinkage=0.05


Tree=124
num_leaves=15
num_cat=0
split_feature=1 10 0 10 15 9 14 15 1 0 2 9 2 1
split_gain=0.465768 0.666324 0.426108 0.478478 0.764805 0.244305 0.210868 0.17041 0.171334 0.26172 0.351865 0.246847 0.202453 0.510127
threshold=12.472406226667768 -0.5 14.586376657530122 0.38268343236508956 -0.014779999999999998 0.36040299391450087 1.0079905521927708 -1.3378349999999999 16.367954559408847 16.792665430421291 12.822365808406436 0.72233645665352741 13.39007257913504 14.48640905071443
decision_type=2 2 2 2 2 2 2 2 2 2 2 2 2 2
left_child=1 -1 3 4 -3 -5 -2 -8 9 11 -11 12 13 -9
right_child=6 2 -4 5 -6 -7 7 8 -10 10 -12 -13 -14 -15
leaf_value=0.00048266817710325514 0.0014417700278507738 -0.0087998267927980565 0.0046232211467113881 -0.00038869112911763351 -0.00055962030592003262 0.0017081725268217518 0.0072346187993863088 -4.0538141986970023e-05 0.0050007014343338464 -0.020494280737614067 -0.0040909663790040796 0.0015136052998729961 -0.0001182663464608823 0.0067664902150158558
leaf_weight=70 140 23 37.093395233154297 35 29.046697616577148 25.046697616577148 39 152 34 20 28 93 102 82
leaf_count=70 140 23 27 35 24 20 39 152 34 20 28 93 102 82
internal_value=0.00153368 -0.000472626 -0.0023575 -0.00388646 -0.00734761 -0.00081522 0.00217077 0.00172414 0.00147461 0.00122385 -0.0022449 0.00161628 0.000979229 0.00178723
internal_weight=909.187 219.187 149.187 112.093 52.0467 60.0467 690 550 511 477 48 429 336 234
internal_count=889 199 129 102 47 55 690 550 511 477 48 429 336 234
is_linear=0
shrinkage=0.05


Tree=125
num_leaves=15
num_cat=0
split_feature=15 0 13 7 15 13 15 10 13 9 9 8 7 1
split_gain=0.57235 0.291221 0.717005 0.290234 0.467281 1.13868 1.1469 0.417819 0.500463 0.344596 0.398485 0.329697 0.450083 0.285123
threshold=-1.2619349999999996 11.918138070231437 3.4282904644093786 6.6500000000000012 -0.67852499999999993 4.3313432520420472 -0.92700999999999989 0.32762316226846638 3.2891799922809661 0.25671049665402418 0.58411063003844077 15.050000000000002 5.5500000000000007 15.442914933656343
decision_type=2 2 10 2 2 8 2 2 10 2 2 10 2 2
left_child=-1 2 -2 4 5 6 -3 -6 11 -10 -11 -9 -13 -7
right_child=1 3 -4 -5 7 13 -8 8 9 10 -12 12 -14 -15
leaf_value=0.0069096221592122205 -0.015909756618728343 -4.9984678581617588e-05 0.001418388686524786 0.0028171434078191476 0.0013186411116811137 0.00038782723934830906 -0.0067465270945604172 0.006173926407470348 -0.00016377967954357123 -0.022448680217893882 -0.00053733788760718484 -0.0039339391550604124 0.0027220752964321215 -0.0011577464286464403
leaf_weight=142.04669761657715 24 33 24.046697616577148 165 266.0933952331543 38.046697616577148 27 54 37 20 21 20 24 20
leaf_count=137 24 33 19 165 256 33 27 54 37 20 21 20 24 20
internal_value=0.00101084 0.000472669 -0.00325744 0.000723966 0.000179457 -0.00260206 -0.00737705 0.000926367 -0.000960452 -0.00392405 -0.00702381 0.00141414 -0.00177778 0.00237496
internal_weight=915.233 773.187 48.0467 725.14 560.14 118.047 60 442.093 176 78 41 98 44 58.0467
internal_count=890 753 43 710 545 113 60 432 176 78 41 98 44 53
is_linear=0
shrinkage=0.05


Tree=126
num_leaves=15
num_cat=0
split_feature=1 1 10 10 8 14 14 8 5 9 3 3 7 14
split_gain=0.204459 0.286491 0.399796 0.536234 0.258864 0.223581 0.576377 0.237183 0.284864 1.25295 0.301561 0.847439 0.222296 0.214846
threshold=12.847149248795558 12.674202605042156 0.23766552919915279 0.54824625590878551 4.4200000000000008 5.9594395523767583 5.5656363219412706 7.4500000000000011 5.9348933207832921 -0.25881904510252113 12.381093372763162 12.853949410011262 5.1500000000000012 0.15615118518611129
decision_type=2 2 2 2 8 2 2 10 2 2 2 2 2 2
left_child=1 2 12 -4 -2 6 7 -6 10 -10 -9 -12 -1 -5
right_child=4 -3 3 13 5 -7 -8 8 9 -11 11 -13 -14 -15
leaf_value=-0.00027776169744281559 -0.0010733135683465803 -0.0054264987844306264 -0.0043447571212680705 0.0011868709962610995 0.0069125043424864739 0.013018999404564094 -0.010093252447343553 0.0013969064765905507 -0.00034454180202270744 0.0064123007505460993 -0.0042921080217269416 0.0068162140966708641 0.0003319176529755336 -0.0003637987903773658
leaf_weight=30 23 31 21 30 52 98 28 325 21 27 20 32 112.04669761657715 41
leaf_count=30 23 31 21 30 52 98 28 325 21 27 20 32 107 41
internal_value=0.00107083 -9.30907e-05 0.00051153 -0.00204301 0.001563 0.00176325 0.00133399 0.00174686 0.00134977 -0.0022449 0.00181217 -0.00169811 0.00216876 6.94446e-05
internal_weight=891.047 265.047 234.047 92 626 603 505 477 425 48 377 52 142.047 71
internal_count=886 260 229 92 626 603 505 477 425 48 377 52 137 71
is_linear=0
shrinkage=0.05


Tree=127
num_leaves=15
num_cat=0
split_feature=7 2 13 13 7 14 8 3 9 0 15 2 8 8
split_gain=0.256949 0.699977 0.220131 0.96348 1.09437 0.414774 0.573671 0.327517 0.758777 0.448155 0.272402 0.682693 0.178556 0.448887
threshold=4.7500000000000009 3.0495986234554322 4.1966559783960333 4.5201734135869565 6.4500000000000011 1.5477713663764969 4.6500000000000012 10.16906799463011 -1.0000000180025095e-35 14.995108575913395 1.0381650000000002 9.6989490119116848 34.900000000000006 28.350000000000005
decision_type=2 2 10 10 2 2 10 2 2 2 2 2 10 10
left_child=1 -1 5 4 -4 10 -7 8 9 -8 -2 -12 13 -9
right_child=2 -3 3 -5 -6 6 7 12 -10 -11 11 -13 -14 -15
leaf_value=0.0054335331468866183 0.0022643337001024707 -0.0050126254828139804 -0.00075492913993644372 0.0019749528507414485 -0.0066877644820662581 -0.0083087524652709632 -0.00026741965381337461 0.0011130356837501922 0.0011647238086521128 -0.00010166600251245751 0.0031658142269206588 -0.0077659898424000413 0.0024151065970296061 -0.0035829873752684692
leaf_weight=20 205.0933952331543 28 39 70.046697616577148 20 20 21 241 61 24 31.093395233154297 21 72 42
leaf_count=20 195 28 39 65 20 20 21 241 61 24 21 21 72 42
internal_value=0.0012837 -0.0022449 0.00148136 -0.000421129 -0.00508333 0.00181407 0.000943984 0.00130952 -0.0011215 -0.00597826 0.00343137 0.000197143 0.00203652 0.00146127
internal_weight=915.233 48 867.233 129.047 59 738.187 481 461 106 45 257.187 52.0934 355 283
internal_count=890 48 842 124 59 718 481 461 106 45 237 42 355 283
is_linear=0
shrinkage=0.05


Tree=128
num_leaves=15
num_cat=0
split_feature=7 2 10 10 0 2 9 10 0 1 2 4 9 0
split_gain=0.272759 0.363337 0.220723 0.246164 0.399155 0.219264 0.208475 0.451492 0.490664 0.290435 0.407553 0.256381 0.202282 0.370289
threshold=4.7500000000000009 3.0495986234554322 -0.97813828947363135 -0.96535657505894046 15.325678659802852 12.27273003409123 -0.70556075282125752 -0.49810825183760388 15.685951130719713 13.880744462714931 11.210599421575576 9.6902330071587901 0.70088257582277269 15.85142948336115
decision_type=2 2 2 2 2 2 2 2 2 2 2 2 2 2
left_child=1 -1 -2 4 5 -4 7 8 -5 10 -9 12 -8 -14
right_child=2 -3 3 6 -6 -7 11 9 -10 -11 -12 -13 13 -15
leaf_value=0.0014229766203850025 0.0016824530677384958 -0.0009778997685819643 -0.00025110570053132571 -0.00025670246888389735 -0.0034500622463268199 0.0015687499575896811 0.00073938738929758179 0.00082798172942061829 -0.0011583843938932756 0.012626872784323874 -0.0073443894537274616 0.0077769550984292668 0.00016720872937596985 -0.0013453493214954206
leaf_weight=22 50 27 20 32 20 21 214.04669761657715 38 20 82 22 130 133.0933952331543 39
leaf_count=22 50 27 20 32 20 21 209 38 20 82 22 130 123 39
internal_value=0.0014931 -0.0021 0.00170981 0.00149675 -0.00153226 0.00130952 0.00175873 0.000358975 -0.00358491 0.00181818 -0.000819672 0.00228313 0.00162913 0.000349332
internal_weight=870.14 49 821.14 771.14 61 41 710.14 194 52 142 60 516.14 386.14 172.093
internal_count=855 49 806 756 61 41 695 194 52 142 60 501 371 162
is_linear=0
shrinkage=0.05


Tree=129
num_leaves=15
num_cat=0
split_feature=3 3 1 16 0 5 4 4 14 9 9 1 2 2
split_gain=0.420863 0.662594 0.435123 0.594247 0.733197 0.37975 0.216308 0.271272 0.445909 0.210764 0.507648 0.256038 0.218203 0.256606
threshold=12.306661339495072 12.61951912582485 15.16503137307504 1.0000000180025095e-35 16.100901953457257 8.4353839539398141 8.2505171156597878 6.9401845139563836 2.7037143114728965 0.86819054986216926 0.70088257582277269 12.495892286663802 11.274353281260124 13.009490627159357
decision_type=2 2 2 2 2 2 2 2 2 2 2 2 2 2
left_child=5 -2 -3 -4 -5 6 7 9 -9 10 12 -12 -1 -14
right_child=1 2 3 4 -6 -7 -8 8 -10 -11 11 -13 13 -15
leaf_value=0.00014948285396382922 -0.00041464057588787566 0.0078319076643156068 0.027763819463150641 -0.010797277449951952 -0.0034998676258625448 -0.001789663573978262 0.0041149378850158817 0.0047984286764774639 -0.0069927220234419123 0.0023903473030888246 -0.00054379158846666208 -0.001754043858014856 0.0082057760896193273 -7.1924017751286766e-05
leaf_weight=197 32 55 24 20 38 37 138 36 26 83.186790466308594 20 38 112.04669761657715 44
leaf_count=197 32 55 24 20 38 37 138 36 26 63 20 38 107 44
internal_value=0.0013328 -0.000911765 0.000615942 -0.00168675 -0.00440678 0.0018521 0.00211608 0.00167105 -0.00142857 0.00206199 0.00159019 -0.00271186 0.00230262 0.00369466
internal_weight=900.233 169 137 82 58 731.233 694.233 556.233 62 494.233 411.047 58 353.047 156.047
internal_count=875 169 137 82 58 706 669 531 62 469 406 58 348 151
is_linear=0
shrinkage=0.05


Tree=130
num_leaves=15
num_cat=0
split_feature=9 7 13 13 2 8 13 2 4 8 13 1 14 8
split_gain=0.32755 0.647405 0.500741 0.361117 0.610338 0.606195 0.474744 0.500483 0.507374 1.21722 0.35559 0.34774 0.28056 0.248404
threshold=0.9562228270146037 6.8500000000000005 3.8088337008098008 3.1339001270843778 5.6139948090932377 30.300000000000004 2.5007776600261349 8.9585392840773732 10.155977471300586 19.020000000000003 3.0863718259945103 15.430374933573537 1.7112479542376613 31.900000000000002
decision_type=2 2 10 10 2 10 8 2 2 10 8 2 2 10
left_child=3 2 -2 5 -5 6 -1 -8 9 10 12 -10 -9 -6
right_child=1 -3 -4 4 13 -7 7 8 11 -11 -12 -13 -14 -15
leaf_value=0.014453882399805919 0.00049537894786621996 -0.0350374643420161 -0.00049489952051821873 -0.00049859509833102009 0.0015452995621723917 0.0020348495335977324 0.00096543753082600043 -0.019677348021198054 0.017075933757267868 -0.0096772247413130733 -0.0086300855411588339 -0.00066636405951895771 0.00053596586568231913 -4.6232257834745288e-05
leaf_weight=50 53 20 23 31 381.0933952331543 80 20 20 25 28 24 23 39 82
leaf_count=50 53 20 23 31 371 80 20 20 25 28 24 23 39 82
internal_value=0.00099486 -0.00175258 0.000389611 0.00132505 0.00216215 -1.61288e-05 -0.00132609 -0.00252778 -0.00346875 -0.0053125 -0.00220238 0.000816327 -8.33331e-05 0.00261901
internal_weight=899.093 96 76 803.093 494.093 309 229 179 159 111 83 48 59 463.093
internal_count=889 96 76 793 484 309 229 179 159 111 83 48 59 453
is_linear=0
shrinkage=0.05


Tree=131
num_leaves=15
num_cat=0
split_feature=14 8 8 13 4 4 7 5 12 4 14 0 14 15
split_gain=0.47093 0.498593 0.457644 0.563986 1.01666 0.334847 0.329611 1.11641 0.443455 0.239264 0.298245 0.430954 0.295631 0.424455
threshold=3.5519491752087817 35.250000000000007 19.200000000000006 2.8396057448739742 10.155977471300586 8.046468581807579 6.6500000000000012 8.9571883744325564 1.5000000000000002 3.778344652432879 0.013506875139370347 12.657179985727591 1.6799638773548569 -0.67852499999999993
decision_type=2 8 10 8 2 2 2 2 10 2 2 2 2 2
left_child=5 2 6 -4 -5 9 7 8 -2 10 11 -1 -11 -14
right_child=1 -3 3 4 -6 -7 -8 -9 -10 12 -12 -13 13 -15
leaf_value=0.00071719436000139251 0.012270536707149209 0.0022087649757895696 0.0010991507633779283 -0.012535115963734548 -0.00030791459810675022 0.0059559722762929732 0.0057152444951350211 -0.0072510366839255496 -0.00053466790857626182 8.8471440816011257e-05 0.0010367596028980624 -0.00021030439008967703 -0.00057052199688059733 -0.00019229584133206604
leaf_weight=26.046697616577148 38 62 22 33 41 72 55 20 39 44 351.18679046630859 27 28 53
leaf_count=21 38 62 22 33 41 72 55 20 39 44 331 27 28 53
internal_value=0.00093854 -0.000643087 -0.00164659 -0.0043299 -0.0064 0.00175375 6.53597e-05 -0.00168367 0.00108974 0.00131295 0.00190302 -0.00156839 -0.000595238 -0.00237805
internal_weight=911.233 310 248 96 74 601.233 152 97 77 529.233 404.233 53.0467 125 81
internal_count=886 310 248 96 74 576 152 97 77 504 379 48 125 81
is_linear=0
shrinkage=0.05


Tree=132
num_leaves=15
num_cat=0
split_feature=7 13 14 13 4 0 7 8 14 3 2 14 14 1
split_gain=0.501206 0.365272 0.310881 0.136657 0.222037 0.156454 0.666443 0.238375 0.41031 0.580927 0.277585 0.19413 0.560052 0.616667
threshold=4.7500000000000009 3.2755723530519245 7.863461974206948 2.2426843821962854 9.2926426512565161 17.048322904156191 6.4500000000000011 36.850000000000009 3.7011708261928997 1.3195286648076296 6.3276959731977724 1.7756211502018824 2.3948532083883172 13.154072050558062
decision_type=2 10 2 10 2 2 2 10 2 2 2 2 2 2
left_child=1 -1 3 4 -2 7 -7 10 9 -9 -5 -12 13 -13
right_child=2 -3 -4 5 -6 6 -8 8 -10 -11 11 12 -14 -15
leaf_value=-0.00077241696025174287 0.00012760554438208911 -0.00032133766512109957 -0.023899870726794972 -0.0017326803469144452 -0.00096204567553908888 -0.019190795050596527 0.011899354999348247 0.00052983289798006991 0.0017890511162870844 -0.0001825492410453285 0.0038143928858674968 0.00099431017840897399 0.00053638884965278699 -0.0083302951623154403
leaf_weight=23 32 22 21 37.046697616577148 20 26 26 27 42 39 225.0933952331543 21 307 20
leaf_count=23 32 22 21 32 20 26 26 27 42 39 215 21 307 20
internal_value=0.00128293 -0.00380435 0.00155863 0.0017138 -0.000754717 0.00188124 -0.000754717 0.00207289 -9.17429e-05 -0.00253731 0.00245558 0.00272685 0.00197708 -0.00345238
internal_weight=888.14 45 843.14 822.14 52 770.14 52 718.14 108 66 610.14 573.093 348 41
internal_count=873 45 828 807 52 755 52 703 108 66 595 563 348 41
is_linear=0
shrinkage=0.05


Tree=133
num_leaves=15
num_cat=0
split_feature=15 2 13 10 13 13 7 10 7 2 14 14 4 10
split_gain=0.381193 0.692347 0.439891 0.43753 0.324383 0.575389 0.873662 0.360487 0.488823 0.351256 0.350538 0.684297 0.557511 0.343548
threshold=0.82512500000000011 9.7329153499248715 3.3277906598632643 -0.0043632677491870896 4.1966559783960333 4.5201734135869565 5.7500000000000009 0.23766552919915279 6.2500000000000009 10.746341140496785 2.3948532083883172 1.6799638773548569 3.778344652432879 -0.26932402956675622
decision_type=2 2 10 2 8 8 2 2 2 2 2 2 2 2
left_child=4 -2 3 -3 9 6 -6 8 -7 -1 11 13 -13 -11
right_child=1 2 -4 -5 5 7 -8 -9 -10 10 -12 12 -14 -15
leaf_value=0.00093095177662060882 -0.00090051479770143273 0.0058695450244345797 0.015804177136925997 -0.0029813102040176539 0.0035392966114624496 -0.00059382838468626333 -0.0046656754139535548 0.0081343510560946426 0.0005861315198013126 0.0033488325922877253 0.00075099081865767886 -0.00068923784666812134 -0.0077724517139185212 -0.00024877104491605396
leaf_weight=156.04669761657715 29 21 32 24 24 27 38 43.046697616577148 30 38 319 20 24 56.046697616577148
leaf_count=151 29 21 32 24 24 27 38 38 30 38 319 20 24 51
internal_value=0.000743307 -0.00205607 0.000448718 -0.00271739 0.00112828 -0.000857217 -0.00460317 0.00148677 -0.00112069 0.0016536 0.000950195 -0.00114901 -0.00622222 0.00126499
internal_weight=881.14 106 77 45 775.14 162.047 62 100.047 57 613.093 457.047 138.047 44 94.0467
internal_count=866 106 77 45 760 157 62 95 57 603 452 133 44 89
is_linear=0
shrinkage=0.05


Tree=134
num_leaves=15
num_cat=0
split_feature=9 9 7 3 10 13 4 7 4 4 0 0 10 2
split_gain=0.347225 0.463241 0.48655 0.774171 0.364912 0.355844 0.56889 0.333986 0.306848 0.429249 0.290585 0.632491 0.285799 0.172651
threshold=-0.80246366112812384 0.25671049665402418 6.1500000000000012 11.849070775856747 -0.37459232954469374 3.1941859788175644 2.3410656135621104 5.6500000000000012 9.1408942207903525 10.155977471300586 15.048160610447411 13.662210811510691 -0.12186470299397914 11.952697406766363
decision_type=2 2 2 2 2 8 2 2 2 2 2 2 2 2
left_child=4 8 3 5 -1 6 -3 12 -2 -10 11 -6 -7 -4
right_child=1 2 13 -5 10 7 -8 -9 9 -11 -12 -13 -14 -15
leaf_value=-0.0012177418520034719 0.00092139241987666473 0.0016440017750202947 0.00095965240380057714 -0.0096927150950393871 0.0040296473699874347 0.00090374670722359596 -0.0073131647830820198 0.011607739830315196 -0.0097107020282679521 0.0030499549946743231 0.0022791185411835165 -0.0073495695473468695 -0.00061465347723815519 0.00032468131417326233
leaf_weight=27 230 40 85 30 21 42.093395233154297 26 54.093395233154297 26 57 54 36 35 110
leaf_count=27 230 40 85 30 21 32 26 44 26 57 54 36 35 110
internal_value=0.00150532 0.00193692 0.000852895 -0.000718999 -0.000791367 0.000433601 -0.00253731 0.00193615 0.00339172 0.00077381 0.000491072 -0.00198276 -0.000186098 0.00267857
internal_weight=873.187 735.187 422.187 227.187 138 197.187 66 131.187 313 83 111 57 77.0934 195
internal_count=853 715 402 207 138 177 66 111 313 83 111 57 67 195
is_linear=0
shrinkage=0.05


Tree=135
num_leaves=15
num_cat=0
split_feature=8 9 8 8 7 8 1 1 15 1 0 9 8 10
split_gain=0.239068 0.548994 0.689064 0.27463 0.359755 0.429795 0.348295 0.488752 0.27247 0.270118 0.436124 0.852545 0.315403 0.245807
threshold=7.9000000000000012 0.37662760538417256 5.2500000000000009 27.850000000000005 5.1500000000000012 12.550000000000002 13.848560597141519 14.087104320148036 0.17533000000000001 15.807939224393884 15.450586597540411 0.25671049665402418 31.350000000000005 -0.96535657505894046
decision_type=8 2 10 10 2 10 2 2 2 2 2 2 10 2
left_child=1 8 -3 4 5 -2 -6 -8 -1 10 12 -12 -5 -9
right_child=3 2 -4 9 6 -7 7 13 -10 -11 11 -13 -14 -15
leaf_value=0.0017596263960999667 -0.00011766908944194407 -9.4799017442189631e-06 -0.017402056681134807 -0.0034257454069073498 0.0045232543957358764 8.7890798798352307e-05 -0.0041182530853030403 -0.0088365432767831854 -0.0060806328758317048 0.0019519738720521268 7.1143105889904815e-05 -0.0092080791992452081 0.00084690710288714665 0.0016439622242090971
leaf_weight=41 28 25 21 29 241.23348808288574 40 25 29 32 30 28 20 126 205
leaf_count=41 28 25 21 29 216 40 25 29 32 30 28 20 126 205
internal_value=0.00162952 -0.000458333 -0.00468085 0.00193979 0.00253177 -0.000869565 0.00299495 0.00171154 0.00222973 0.000491453 -0.000171568 -0.00428571 0.0011218 0.00242553
internal_weight=920.233 119 46 801.233 568.233 68 500.233 259 73 233 203 48 155 234
internal_count=895 119 46 776 543 68 475 259 73 233 203 48 155 234
is_linear=0
shrinkage=0.05


Tree=136
num_leaves=15
num_cat=0
split_feature=10 14 9 13 13 9 2 15 15 14 14 14 14 5
split_gain=0.309794 0.295699 0.220999 0.226346 0.27065 0.371743 0.366222 0.27337 0.198283 0.192002 0.838654 0.291205 0.597547 0.589393
threshold=0.86926070542861789 7.863461974206948 0.97014794553715189 2.8396057448739742 3.0186624058275657 0.9562228270146037 11.535626438014353 -1.1641199999999998 0.67486000000000013 1.7756211502018824 2.2827925826880668 4.1025407221222254 5.9046552693094583 4.8671718930039409
decision_type=2 2 2 10 10 2 2 2 2 2 2 2 2 2
left_child=1 2 3 8 6 7 -5 -6 -1 -9 -11 -12 13 -13
right_child=-2 -3 -4 4 5 -7 -8 9 -10 10 11 12 -14 -15
leaf_value=0.00048325138073570498 0.0023312606317972356 -0.021780132826504803 0.0015794553509860245 0.00052790065217285466 0.006902131320212581 -0.0022484270774477599 -0.0032845013570480691 0.0013637383814165179 -8.3350817188511378e-05 -0.031195526048779138 0.00084915084900473621 -0.010874903521765213 0.013877089249927595 0.00097703164567053587
leaf_weight=114 120 21 46.046697616577148 23 77.046697616577148 26 39 193.0933952331543 40 20 83 34 28 21
leaf_count=114 120 21 41 23 72 26 39 183 40 20 83 34 28 21
internal_value=0.00177833 0.00140427 0.00157133 0.00134551 0.000863449 0.00126402 -0.00222222 0.00159842 0.00303226 0.00104045 -0.000106952 0.00107784 -0.0010119 -0.00401786
internal_weight=885.187 765.187 744.187 698.14 544.14 482.14 62 456.14 154 379.093 186 166 83 55
internal_count=865 745 724 683 529 467 62 441 154 369 186 166 83 55
is_linear=0
shrinkage=0.05


Tree=137
num_leaves=15
num_cat=0
split_feature=15 13 14 4 13 15 1 1 8 4 14 1 13 8
split_gain=0.329469 0.450557 0.730222 0.239091 0.226825 0.283534 0.309008 0.341668 0.300135 0.3452 0.430958 0.331168 0.286483 0.246925
threshold=0.82512500000000011 3.5569021725796435 1.3502083319372586 8.3098413955239074 2.8396057448739742 0.66927500000000018 11.935027999688264 11.455569160370196 12.050000000000002 5.3607518575709721 2.9560257801180323 15.755070682384991 3.0186624058275657 27.850000000000005
decision_type=2 10 2 2 8 2 2 2 10 2 2 2 8 10
left_child=4 2 -2 -4 -1 6 7 13 11 -10 -11 -8 -12 -6
right_child=1 -3 3 -5 5 -7 8 -9 9 10 12 -13 -14 -15
leaf_value=0.00065393241604144367 -0.0017688734982925398 0.023704708044025385 0.0043410278565718724 -0.0023563080309116514 0.0069334962821541307 -0.0044518495508029162 0.0047380640463635607 -0.0021074657972213208 0.0010060199168196069 -0.0018222507037013544 -0.0061060859468838697 -0.016815425748778031 0.00029793101212264439 -0.00025313407697339849
leaf_weight=155 39 25.093395233154297 25 20 42 22 138 36.046697616577148 173.04669761657715 27 21 23 114 27
leaf_count=155 39 15 25 20 42 22 138 31 168 27 21 23 114 27
internal_value=0.0016167 -0.000949494 -0.00270588 0.00163043 0.00197726 0.00154699 0.001753 -0.000705034 0.0022739 0.00141419 -0.000245399 0.00404321 0.000919118 0.00135714
internal_weight=887.187 109.093 84 45 778.093 623.093 601.093 105.047 496.047 335.047 162 161 135 69
internal_count=867 99 84 45 768 613 591 100 491 330 162 161 135 69
is_linear=0
shrinkage=0.05


Tree=138
num_leaves=15
num_cat=0
split_feature=0 13 2 0 9 0 0 13 13 0 0 0 13 9
split_gain=0.451513 0.475412 1.54655 0.230997 0.197415 0.396918 0.717174 0.26272 0.460548 0.247985 0.214888 0.253939 0.311457 0.266844
threshold=15.960627720816442 4.1574051389499429 11.252355811132036 15.772079058790217 -0.64445579466475167 14.599023630551345 13.662210811510691 3.6685709561006159 3.5008875692454517 14.159144017181173 12.657179985727591 14.376791297386331 3.1164077735376892 0.70088257582277269
decision_type=2 10 2 2 2 2 2 10 10 2 2 2 10 2
left_child=1 3 -3 4 5 6 -1 8 10 -10 -6 -12 -13 -14
right_child=-2 2 -4 -5 7 -7 -8 -9 9 -11 11 12 13 -15
leaf_value=0.00015215051370580778 0.0011434588898509427 -0.00057435371558719876 0.0009536167115770048 -0.00077115464312051043 -0.00042790004121016109 0.0042182416604528098 -0.0037039129244746311 0.0060072232340893095 -0.012040353946355789 7.60302592008433e-05 0.0067559485244128095 0.0014776082901404649 2.8117863698789228e-05 -0.00053006988266976072
leaf_weight=39 218 35 52.046697616577148 33 42 57 36 103.14009284973145 20 22 92 74 31 24.046697616577148
leaf_count=39 218 35 47 33 42 57 36 88 20 22 92 74 31 19
internal_value=0.00163912 0.000984777 -0.00243923 0.00150811 0.00175713 7.51882e-05 -0.00230263 0.00229952 0.00155281 -0.00325581 0.00233002 0.00295088 0.00150126 -0.001334
internal_weight=878.233 660.233 87.0467 573.187 540.187 132 75 408.187 305.047 42 263.047 221.047 129.047 55.0467
internal_count=853 635 82 553 520 132 75 388 300 42 258 216 124 50
is_linear=0
shrinkage=0.05


Tree=139
num_leaves=15
num_cat=0
split_feature=16 2 7 2 8 8 4 2 2 3 3 3 10 3
split_gain=0.520987 1.16144 0.271304 0.276487 0.198434 0.298461 0.286857 0.250914 0.492805 0.429852 0.157258 0.369073 0.408233 0.216201
threshold=-1.4512249999999998 11.283569860993516 4.7500000000000009 7.1829388544009367 46.750000000000007 27.850000000000005 10.958305702476432 10.906634112744191 11.831305910057027 12.469044565639642 5.2544752012255964 8.2067151091196138 -0.5 9.6705788083499247
decision_type=2 2 2 2 10 10 2 2 2 2 2 2 2 2
left_child=1 -1 3 -2 5 10 7 -7 -9 -10 -4 12 -12 -13
right_child=2 -3 4 -5 -6 6 -8 8 9 -11 11 13 -14 -15
leaf_value=-0.0052048268919944671 0.00038499432576103148 0.011251924598521939 0.014327609043270071 -0.0079208760817545618 0.0011928606215831031 5.3505144193634284e-05 0.0015658002105272955 -0.0026725998184673979 0.00077887174218353684 -0.0063519639826860935 -0.0011275488952512138 0.005550148578720512 0.00015317791311068843 0.00059974590858246789
leaf_weight=20 21 20 97.233488082885742 24 67 29 26 27 48 24 35 92 40 321
leaf_count=20 21 20 72 24 67 29 26 27 48 24 35 92 40 321
internal_value=0.0018562 -0.00365854 0.00211933 -0.00163043 0.00233039 0.00208876 0.000129032 -0.000852713 -0.00205 0.000136986 0.00260334 0.00222904 -0.000986842 0.00281401
internal_weight=891.233 40 851.233 45 806.233 739.233 154 128 99 72 585.233 488 75 413
internal_count=866 40 826 45 781 714 154 128 99 72 560 488 75 413
is_linear=0
shrinkage=0.05


Tree=140
num_leaves=15
num_cat=0
split_feature=9 0 13 4 4 15 0 8 7 13 0 15 13 13
split_gain=0.404721 0.638533 0.436399 0.50794 0.965724 0.706063 1.08042 0.448399 0.372977 0.238201 0.224565 0.175406 0.190104 0.708054
threshold=0.25671049665402418 11.375040743560087 3.6612753964181159 7.5843740698990674 2.3410656135621104 -0.014779999999999998 14.609368405666592 39.050000000000004 7.0500000000000007 3.0244984119021363 13.574106775453194 -0.92700999999999989 2.9799202416531383 2.8209803817511827
decision_type=2 2 8 2 2 2 2 10 2 10 2 2 10 8
left_child=1 -1 3 4 5 -2 10 -4 -5 -6 -7 -3 13 -13
right_child=2 11 7 8 9 6 -8 -9 -10 -11 -12 12 -14 -15
leaf_value=-0.0031866642096578506 0.0016228998638527807 0.00079989218578617742 0.0030913237654511556 0.003199440508907807 -0.00011272308365988686 -0.0017469648156951427 -0.02997053882433915 -0.00058457719218106693 -0.0020083290651755868 -0.0042416969774123443 0.0017414885240925389 0.00075416980818068151 0.0019005998584185565 -0.0050307367348933563
leaf_weight=24 41.046697616577148 94 152.14009284973145 76 20 20 23 21 32 22 22 63 251 26
leaf_count=24 36 94 137 76 20 20 23 21 32 22 22 63 251 26
internal_value=0.00156041 0.00259259 0.000455463 -0.000854967 -0.00274925 -0.000184653 -0.00340909 0.00238716 0.00174312 -0.00906977 0.00139535 0.00303448 0.00249267 0.0005
internal_weight=887.187 458 429.187 256.047 148.047 106.047 65 173.14 108 42 42 434 340 89
internal_count=867 458 409 251 143 101 65 158 108 42 42 434 340 89
is_linear=0
shrinkage=0.05


Tree=141
num_leaves=15
num_cat=0
split_feature=1 9 0 1 0 13 7 1 12 2 3 14 0 7
split_gain=0.824483 0.397482 0.242644 0.362375 0.32677 0.228486 0.340898 0.53561 0.458841 0.412391 0.422568 0.260297 0.610447 0.255752
threshold=9.9532426738528574 0.61392768915927742 15.820032688096461 15.966199698151046 15.696783712158519 3.2555640719596006 5.4500000000000011 14.48640905071443 1.0000000180025095e-35 11.374111380597908 11.546553775371409 0.40661190182880841 13.870337082043978 6.0100000000000007
decision_type=2 2 2 2 2 8 2 2 10 2 2 2 2 2
left_child=1 -1 3 4 5 6 -2 8 13 -10 -11 12 -7 -8
right_child=2 -3 -4 -5 -6 11 7 -9 9 10 -12 -13 -14 -15
leaf_value=-0.00068661034087287218 0.0052170629479620263 0.0006415345603403552 0.0012094284546016099 -0.020993371444684616 -0.013441252223175257 -0.0053252631199184955 -0.0062426051590719301 0.0060439125960803902 -4.1228872263092456e-05 -0.0096790776589624067 -0.0017093040978124166 0.0020237442288749061 7.7131467837095565e-05 0.016993219860019497
leaf_weight=31 61 24.093395233154297 248 20 22 21 20 38 31 23 21 249.0933952331543 41 29
leaf_count=31 61 14 248 20 22 21 20 38 31 23 21 239 41 29
internal_value=0.00186998 -0.00400284 0.00226698 0.00169897 0.00193947 0.00218741 0.000959822 -0.000245399 -0.00184 -0.00427632 -0.00733333 0.00306148 0.00015873 0.0019
internal_weight=879.187 55.0934 824.093 576.093 556.093 534.093 223 162 124 75 44 311.093 62 49
internal_count=859 45 814 566 546 524 223 162 124 75 44 301 62 49
is_linear=0
shrinkage=0.05


Tree=142
num_leaves=15
num_cat=0
split_feature=14 7 3 7 7 2 13 13 9 1 15 8 0 1
split_gain=0.66837 0.917271 0.413229 0.663569 0.424048 0.81185 0.619264 0.351909 0.67099 0.570032 0.225451 0.215679 0.198338 0.325774
threshold=0.013506875139370347 5.3500000000000005 12.355968025144357 6.1500000000000012 7.0500000000000007 14.502773022519539 3.2891799922809661 4.1966559783960333 0.25881904510252091 14.422245486766991 -0.44686499999999996 30.300000000000004 16.389731277258996 13.201816270962139
decision_type=2 2 2 2 2 2 10 10 2 2 2 10 2 2
left_child=1 -1 7 -4 -5 6 -6 10 9 -9 -2 12 13 -12
right_child=2 -3 3 4 5 -7 -8 8 -10 -11 11 -13 -14 -15
leaf_value=4.0714066426572939e-05 0.00083254519328198717 -0.0043247623424960083 -0.0034396042018500386 0.0056402418771472574 -0.033297038487230167 0.0081232472771996089 -0.0006655269133833266 -0.0038094996395460104 0.0028089244747300859 0.00014798829422614114 0.0014880562289311329 0.0077468651021132947 0.016567399811492335 -5.4894634096554933e-05
leaf_weight=22 182.04669761657715 20 35 67 20 30 21 23 33.046697616577148 25 135.0933952331543 65 44 164
leaf_count=22 177 20 35 67 20 30 21 23 28 25 125 65 44 164
internal_value=0.00166925 -0.0044186 0.001977 -0.000201149 0.00136691 -0.00131944 -0.00583333 0.00253789 -0.000545622 -0.00428571 0.00296157 0.00229891 0.00178866 0.00131781
internal_weight=886.187 42 844.187 173 138 71 41 671.187 81.0467 48 590.14 408.093 343.093 299.093
internal_count=866 42 824 173 138 71 41 651 76 48 575 398 333 289
is_linear=0
shrinkage=0.05


Tree=143
num_leaves=15
num_cat=0
split_feature=3 13 15 0 1 9 9 0 9 13 1 15 15 4
split_gain=0.699801 0.953934 0.37504 0.31568 0.545162 0.279208 0.517144 0.260926 0.24152 0.241458 0.238864 0.238241 0.253439 0.233124
threshold=8.2067151091196138 4.3243355245049999 0.17533000000000001 15.596935039212026 14.674013539411467 -0.58050396331139831 -0.92961356042697429 14.91411550242956 0.25881904510252091 3.2837557712968031 13.805106958983421 -0.67852499999999993 1.0381650000000002 5.4467280820437471
decision_type=2 10 2 2 2 2 2 2 2 8 2 2 2 2
left_child=1 3 13 7 -5 6 -4 10 -7 -10 11 -1 -13 -2
right_child=2 -3 5 4 -6 8 -8 -9 9 -11 -12 12 -14 -15
leaf_value=-0.0004887631184573723 0.0025291002053275669 -0.0045784765070814547 0.0061337104972830486 -0.00045754060309929315 0.00085814163363512927 0.0051163117262190876 -0.0035680496347247656 0.0074404440315659383 -0.00015596149690573518 0.0010797009628891741 -0.0010082237423102642 0.0042780291903233578 -0.00015289186729512761 0.00031582804743330575
leaf_weight=31.046697616577148 120 32 21 26 21 56 22 36.046697616577148 66 33 20 90.046697616577148 38.046697616577148 258
leaf_count=26 120 32 21 26 21 56 22 31 66 33 20 85 33 258
internal_value=0.00120632 -0.000776004 0.00221837 0.000231524 -0.0034375 0.000452261 -0.00306818 0.00104509 0.00144231 -4.99998e-05 0.000253694 0.000909831 0.00186274 0.00313984
internal_weight=870.187 294.187 576 262.187 47 198 43 215.187 155 99 179.14 159.14 128.093 378
internal_count=850 274 576 242 47 198 43 195 155 99 164 144 118 378
is_linear=0
shrinkage=0.05


Tree=144
num_leaves=15
num_cat=0
split_feature=15 5 2 8 8 2 7 2 14 13 13 2 14 3
split_gain=0.5115 0.32611 0.874117 0.818021 0.288182 0.288479 0.582502 0.589393 0.28978 0.274597 0.343137 0.37049 0.173275 0.14858
threshold=-0.92700999999999989 2.6364997792818738 11.025572197356253 8.9500000000000011 5.6150000000000011 13.303708650551073 6.6500000000000012 14.110151325033904 1.5868812521727478 4.3243355245049999 3.0186624058275657 8.9585392840773732 5.9803423157872375 12.23257817002929
decision_type=2 2 2 8 10 2 2 2 2 10 8 2 2 2
left_child=12 4 -3 -4 -2 8 7 -7 9 10 11 -6 -1 -10
right_child=1 2 3 -5 5 6 -8 -9 13 -11 -12 -13 -14 -15
leaf_value=0.00062884558019675051 -0.0011157173792025515 -0.00037740073209630899 -0.0046962566327613522 0.0030684490487294766 0.03315171075230762 -0.010607605276757538 0.00081233865154968672 4.7544721068376799e-05 0.0016048306092024745 -0.00086161748077736655 0.0020298313412444465 -0.005304888712146869 -0.00011310560301482607 -0.00072231974864298693
leaf_weight=175.04669761657715 39 28 25 73 27 34 42 21 139 22 173.14009284973145 36 33 20
leaf_count=170 39 28 25 73 27 34 42 21 139 22 158 36 33 20
internal_value=0.0016167 0.000949364 -0.00133858 0.000909091 0.00147201 0.00178728 -0.000663265 -0.00401786 0.00235735 0.00131473 0.00181623 -0.00132812 0.00378018 0.00403125
internal_weight=887.187 679.14 126 98 553.14 514.14 97 55 417.14 258.14 236.14 63 208.047 159
internal_count=867 664 126 98 538 499 97 55 402 243 221 63 203 159
is_linear=0
shrinkage=0.05


Tree=145
num_leaves=15
num_cat=0
split_feature=10 3 3 1 15 1 3 3 3 3 7 13 15 2
split_gain=0.370306 0.523117 0.716209 0.377828 0.405305 0.707896 0.364547 0.319395 0.422348 0.779263 0.411913 0.29537 0.280009 0.306264
threshold=-0.50376918148035232 9.9626505199994142 9.6705788083499247 15.345601561204473 -0.92700999999999989 16.435823793669751 12.881188419440607 8.9553736943315538 7.0237422035941366 7.9688900603734725 6.0100000000000007 3.0186624058275657 -0.67852499999999993 10.421213369454444
decision_type=2 2 2 2 2 2 2 2 2 2 2 8 2 2
left_child=-1 2 7 -3 -5 6 -6 8 11 -10 -11 -2 13 -13
right_child=1 3 -4 4 5 -7 -8 -9 9 10 -12 12 -14 -15
leaf_value=0.00040800787710009465 -0.0020589458470534699 0.0012976591320064527 -0.00064472164794943619 0.0025052410089001394 -0.00067523264331851391 0.006769421834412365 -0.018958587494655135 0.0060785513104101305 -0.018033710874000103 -0.00034109397406174532 0.015951404410308741 -0.003291869064191304 0.0021769827880131253 0.0082480644583034484
leaf_weight=287 36 223 20 26 23 22 22 30 20 26 21 24 93.140092849731445 23.046697616577148
leaf_count=287 36 223 20 26 23 22 22 30 20 26 21 24 78 18
internal_value=0.00159491 0.0008947 -0.000625677 0.00230284 -0.00037234 -0.00242647 -0.00597826 5.81137e-05 -0.000549031 -0.00389706 -0.0003125 0.00073896 0.00177732 -0.00134799
internal_weight=896.187 609.187 293.187 316 93 67 45 273.187 243.187 67 47 176.187 140.187 47.0467
internal_count=876 589 273 316 93 67 45 253 223 67 47 156 120 42
is_linear=0
shrinkage=0.05


Tree=146
num_leaves=15
num_cat=0
split_feature=0 0 5 7 10 15 3 0 9 16 9 0 2 7
split_gain=0.360529 0.250903 0.88823 0.263558 0.327549 0.321759 0.145974 0.212776 0.118627 0.10367 0.0991033 0.258743 0.124199 0.379443
threshold=10.389540831626132 16.818864548502386 6.3157355456728945 5.6500000000000012 0.25881904510252057 1.0381650000000002 2.3410656135621104 15.301189627716239 0.44032991850403941 1.0000000180025095e-35 -0.9263445426916056 15.048160610447411 14.421204720979633 6.8500000000000005
decision_type=2 2 2 2 2 2 2 2 2 2 2 2 2 2
left_child=-1 3 8 4 9 6 -6 -8 -3 -2 11 -5 -12 -14
right_child=1 2 -4 10 5 -7 7 -9 -10 -11 12 -13 13 -15
leaf_value=-0.001691489313392195 -0.00011399611101136636 0.0036419179598932098 -0.015840871791037738 -0.009290159747867845 -0.0022707789402684267 -0.0013709211855988804 0.0013444998188887032 -0.002693820860582436 -0.013818232482236723 0.00061724050427968888 0.0012710194611909925 0.0062546306318234718 -0.00035225244407774056 0.0015884284468499492
leaf_weight=40.046697616577148 31 33 21 28 27 22 30 23 20 126.04669761657715 420.0933952331543 25 23 30
leaf_count=35 31 33 21 28 27 22 30 23 20 121 410 25 23 30
internal_value=0.0021617 0.00237833 -0.0004 0.00264037 0.00132758 -0.000873786 0.000617284 0.00212963 0.00305556 0.00275383 0.00328304 0.0012037 0.00351295 0.0012037
internal_weight=899.187 859.14 74 785.14 259.047 102 80 53 53 157.047 526.093 53 473.093 53
internal_count=879 844 74 770 254 102 80 53 53 152 516 53 463 53
is_linear=0
shrinkage=0.05


Tree=147
num_leaves=15
num_cat=0
split_feature=0 7 4 15 7 14 7 10 15 14 10 7 9 7
split_gain=0.58925 0.467403 0.470537 0.36401 0.7191 0.3468 0.161856 0.153853 0.17519 0.256249 0.191119 0.473899 0.2106 0.208978
threshold=12.270442365115466 5.9500000000000011 5.0021526326360242 0.82512500000000011 5.9500000000000011 1.1100770881171587 7.4500000000000011 -0.99873896061976219 -0.94165999999999983 0.32777594397473042 0.85713466239780911 6.2500000000000009 0.25671049665402418 7.0500000000000007
decision_type=2 2 2 2 2 2 2 2 2 2 2 2 2 2
left_child=1 -1 -3 6 5 -5 7 -2 -9 -10 13 12 -12 -11
right_child=3 2 -4 4 -6 -7 -8 8 9 10 11 -13 -14 -15
leaf_value=0.0018354804313287937 -0.00012259023115328559 -0.0029581139694711146 -6.4176739633301562e-05 -0.0080705266025148208 0.014277125822034373 -4.3850090693863507e-05 0.013291165340645957 0.00061509902312396241 0.0029478089400912454 0.00056432880359673029 -5.912322878805712e-05 0.0039225873608800255 -0.0097212372331577056 -0.00085501207422249105
leaf_weight=27.046697616577148 21 22 39 29 42 20 55 133 82 305 26 36 24 27
leaf_count=22 21 22 39 29 42 20 55 133 82 305 26 36 24 27
internal_value=0.0015075 -0.00235569 -0.00475806 0.00193508 -0.00103261 -0.0051 0.0023169 0.0020916 0.00223186 0.00179641 0.00128878 -0.000804597 -0.00392157 0.00183183
internal_weight=888.047 88.0467 61 800 91 49 709 654 633 500 418 86 50 332
internal_count=883 83 61 800 91 49 709 654 633 500 418 86 50 332
is_linear=0
shrinkage=0.05


Tree=148
num_leaves=15
num_cat=0
split_feature=3 3 7 1 7 16 2 3 9 8 8 10 1 9
split_gain=0.308271 0.773683 0.403564 0.622246 0.45461 0.436741 0.311349 0.262414 0.361924 0.239684 0.516259 0.229183 0.257172 0.183065
threshold=9.9371023547085002 9.6705788083499247 6.4500000000000011 11.780275221658769 6.6500000000000012 -0.33242999999999995 11.563466587819351 10.669553535678668 0.0087262032186418079 19.200000000000006 24.250000000000004 -0.45397321317242106 14.6958320328954 -0.96419053137135757
decision_type=2 2 2 2 2 2 2 2 2 10 10 2 2 2
left_child=1 2 5 -4 -5 -1 -2 8 -8 -9 -11 12 -12 -7
right_child=6 -3 3 4 -6 13 7 9 -10 10 11 -13 -14 -15
leaf_value=-0.0037719603260647698 0.0013218419562672399 -0.0015656028499001465 -0.0029771306781208374 -0.00043408738697473057 0.010722248523300787 -0.00050781070459437908 -0.020817642680779392 0.0056758280887887844 0.00018300184394194984 -0.0022411864864763258 0.0012522679078182273 0.0014139787382272955 -0.00068237184283286435 0.0012299924239784861
leaf_weight=26 85 27 25 20 29 31 21 144 21 37 28 87 29 273.18679046630859
leaf_count=26 85 27 25 20 29 31 21 144 21 37 28 87 29 253
internal_value=0.00131865 0.000360802 0.000915464 -0.0024 0.0009 0.00166351 0.00222958 0.00158967 -0.00209302 0.00207055 0.000851649 0.0022069 -0.000258621 0.00219844
internal_weight=883.187 431.187 404.187 74 49 330.187 452 367 42 325 181 144 57 304.187
internal_count=863 411 384 74 49 310 452 367 42 325 181 144 57 284
is_linear=0
shrinkage=0.05


Tree=149
num_leaves=15
num_cat=0
split_feature=9 13 7 13 13 8 13 0 7 7 7 3 0 8
split_gain=0.449657 0.982744 1.44692 0.432002 0.458455 0.321259 0.607443 0.583415 0.184484 0.218564 0.335205 1.32723 0.302817 0.265011
threshold=-0.70710678118654735 3.9108723911402059 6.1500000000000012 2.9799202416531383 2.6183073868508173 7.7500000000000009 3.8224521632363921 15.772079058790217 4.7500000000000009 6.4500000000000011 6.6500000000000012 10.028834147990368 16.989647723649092 21.350000000000005
decision_type=2 8 2 10 10 8 8 2 2 2 2 2 2 10
left_child=1 3 -3 4 -1 6 7 -2 -7 12 11 -11 -10 -12
right_child=5 2 -4 -5 -6 8 -8 -9 9 10 13 -13 -14 -15
leaf_value=0.0039769943937168579 -4.4528724208422294e-05 -0.011763709413762882 8.3521738126740043e-05 0.00059740656869454217 -0.0051173535749190402 -4.9750976730617267e-05 0.0030184889541314732 -0.0046046940611137767 0.002951929817182375 -0.00092697495654509368 0.0097815537706813296 0.00015433626021707486 -0.013121418766670981 0.00012823413509997468
leaf_weight=22 33 24 21 92 24 32 30 23 313.18679046630859 20 71 39 20 114
leaf_count=22 33 24 21 92 24 32 30 23 293 20 71 39 20 114
internal_value=0.00146833 -0.000733695 -0.00706522 0.00136691 -0.00255319 0.00204821 -0.000804597 -0.00385965 0.0024516 0.00265647 0.0015102 -0.00175 0.00348887 0.00255376
internal_weight=878.187 183 45 138 46 695.187 86 56 609.187 577.187 244 59 333.187 185
internal_count=858 183 45 138 46 675 86 56 589 557 244 59 313 185
is_linear=0
shrinkage=0.05


Tree=150
num_leaves=15
num_cat=0
split_feature=10 8 8 13 4 2 2 0 0 5 10 1 8 10
split_gain=0.176908 0.162601 0.371053 0.979288 0.360046 0.264012 0.462112 0.211303 0.27599 0.275118 0.219644 0.208905 0.206445 0.205378
threshold=0.96648588260150581 15.050000000000002 18.050000000000004 3.5854431883692963 6.6028303913991815 14.502773022519539 14.082274743444421 16.100901953457257 15.562566683357149 2.6364997792818738 -0.71476258798096814 13.172757907852709 4.4200000000000008 0.71473537162315115
decision_type=2 10 10 10 2 2 2 2 2 2 2 2 8 2
left_child=1 12 3 4 -3 6 7 8 9 10 -4 13 -1 -12
right_child=-2 2 5 -5 -6 -7 -8 -9 -10 -11 11 -13 -14 -15
leaf_value=-0.0001974961278012112 0.0069071694593141764 -0.013361390941859492 0.0037319259588134328 0.0086483088715922762 -0.00010959282106225848 0.0018612201768557766 -0.0041684952306953035 0.00067109208277525505 -0.00080972024302510069 -0.011312453836575557 -0.00058526641657866368 0.00057232379030760919 0.0006408154216847547 0.001344142311282593
leaf_weight=30 44 20 52 27.046697616577148 20 51 23 41 21 23 54 77 404.18679046630859 26
leaf_count=30 44 20 52 22 20 51 23 41 21 23 54 77 384 26
internal_value=0.00182247 0.00166182 0.000975202 -0.00242137 -0.00731707 0.00159892 0.00105346 0.00159322 0.00104331 0.00154506 0.00211905 0.00117089 0.00234597 -0.000617284
internal_weight=913.233 869.233 435.047 67.0467 40 368 317 294 253 232 209 157 434.187 80
internal_count=888 844 430 62 40 368 317 294 253 232 209 157 414 80
is_linear=0
shrinkage=0.05


Tree=151
num_leaves=15
num_cat=0
split_feature=2 15 13 15 5 10 3 9 2 14 15 13 13 13
split_gain=0.402673 2.1477 0.224803 0.481136 0.371376 0.460798 0.262821 0.553463 0.241361 0.279865 0.251282 0.251752 0.218048 0.433591
threshold=5.3217531957214383 -0.43006499999999998 3.0377499595791826 0.82512500000000011 6.2552561362850385 0.25881904510252057 7.3140645629450898 -0.13268856124688772 10.327260108516565 0.63090527065408697 0.66927500000000018 3.3277906598632643 3.5534561859539893 3.6918790522500609
decision_type=2 2 10 2 2 2 2 2 2 2 2 10 10 10
left_child=1 -1 3 4 6 -6 7 -2 -4 -10 12 -12 -11 -14
right_child=2 -3 8 -5 5 -7 -8 -9 9 10 11 -13 13 -15
leaf_value=-0.0041932955582997871 0.0094359739064270205 0.002607717334273894 0.0012278207542244894 -0.0050952076690632666 -0.014333258232315627 0.0004314463197262626 0.00078002747739216126 -0.011478020964338483 -0.00092670794223915728 0.0063894174539686349 -0.0018774788262436331 0.00051916362249201052 -0.00035674289098639112 0.0012050736275313867
leaf_weight=23 20 40.046697616577148 122.0933952331543 22 31 25 158 21 34.093395233154297 124 27 24 48 182
leaf_count=23 20 35 112 22 31 25 158 21 24 124 27 24 48 182
internal_value=0.00172479 -0.00210419 0.00201497 0.000845324 0.00146484 -0.00210526 0.002475 -0.00107143 0.00258977 0.00203472 0.00240148 -0.000865384 0.00287324 0.00194805
internal_weight=901.233 63.0467 838.187 277 255 56 199 41 561.187 439.093 405 51 354 230
internal_count=876 58 818 277 255 56 199 41 541 429 405 51 354 230
is_linear=0
shrinkage=0.05


Tree=152
num_leaves=15
num_cat=0
split_feature=8 8 3 8 14 14 13 10 1 10 13 4 8 3
split_gain=0.239054 0.350346 0.480554 0.230936 0.222251 0.692518 0.451832 0.438778 0.430017 0.347708 0.345607 0.235947 0.393655 0.197995
threshold=14.65 16.250000000000004 7.4757490539932592 58.460000000000008 3.9717069209744973 4.8215040091825498 2.9495956306875488 0.23766552919915279 11.824838310940949 -0.0043632677491870896 3.2886163120488097 4.2403942547612195 25.800000000000001 11.827746475949906
decision_type=10 10 2 10 2 2 10 2 2 2 10 2 10 2
left_child=13 2 -2 4 7 6 -6 -3 -9 10 -7 12 -10 -1
right_child=1 3 -4 -5 5 9 -8 8 11 -11 -12 -13 -14 -15
leaf_value=0.0004654718649253519 -0.0099297558319110749 0.00072482221387907772 0.00015736233642829416 0.0016415368474325485 -6.8811560377236952e-05 -0.023855641232681964 -0.0075094254110823879 -0.0015108989464029064 -0.001845252273382861 0.0045014614526163029 0.00011729164516348626 0.0010294751030467772 0.00049625277770536688 0.004840539258860627
leaf_weight=328.18679046630859 22 138.04669761657715 37 44 21 24 27 21 23 49 26 29 40 76
leaf_count=308 22 133 37 44 21 24 27 21 23 49 26 29 40 76
internal_value=0.00173925 0.00100635 -0.00258333 0.00149021 0.00110321 -0.000439189 -0.00530612 0.00200452 -0.000307017 0.00195 -0.000980392 0.0011828 -0.000546875 0.00264306
internal_weight=905.233 501.047 59 442.047 398.047 147 48 251.047 113 99 50 92 63 404.187
internal_count=880 496 59 437 393 147 48 246 113 99 50 92 63 384
is_linear=0
shrinkage=0.05


Tree=153
num_leaves=15
num_cat=0
split_feature=7 2 15 15 15 15 0 2 13 12 8 14 2 14
split_gain=0.35532 0.593028 0.525777 0.575977 0.296019 0.247119 0.512818 0.250732 0.283332 0.474525 0.274203 0.28041 0.845138 0.577327
threshold=5.0500000000000007 9.172039233726256 -0.17237999999999995 -0.87675499999999984 0.67486000000000013 -0.92700999999999989 11.918138070231437 10.86988736148618 4.2517113222717953 2.5000000000000004 37.800000000000004 4.5917641264578544 13.303708650551073 4.0741149540238695
decision_type=2 2 2 2 2 2 2 2 8 10 8 2 2 2
left_child=-1 2 3 -2 -4 6 -3 -7 9 10 11 12 13 -9
right_child=1 5 4 -5 -6 7 -8 8 -10 -11 -12 -13 -14 -15
leaf_value=0.00079328265520998802 -0.0017708891849765437 -0.0011613685209509838 0.0017237323659502709 -0.0072844476727846833 -0.0002592685578001638 0.0029994176754371132 0.0014321707576022621 0.00042812067303323948 0.0023309524522217135 -0.0051088212977954796 0.0054085517289801481 0.00052728646191365454 -0.017998935040405974 -0.011484200240329144
leaf_weight=94 26 25 29.046697616577148 20 27 96.046697616577148 173.04669761657715 152 63.046697616577148 21 39 90 24 20
leaf_count=94 26 25 24 20 27 91 168 152 58 21 39 90 24 20
internal_value=0.00205061 0.00170672 -0.00184156 -0.00574468 0.00140645 0.00222356 0.00371889 0.00163106 0.00108581 0.000518732 0.000996933 0.000452962 -0.000609137 0.000635838
internal_weight=899.187 805.187 102.047 46 56.0467 703.14 198.047 505.093 409.047 346 325 286 196 172
internal_count=879 785 97 46 51 688 193 495 404 346 325 286 196 172
is_linear=0
shrinkage=0.05


Tree=154
num_leaves=15
num_cat=0
split_feature=10 0 10 0 0 9 3 1 3 9 14 4 13 4
split_gain=0.445375 0.640452 0.322667 0.501554 0.553413 0.610951 0.256737 0.232808 0.905996 0.204043 0.182282 0.236784 0.153441 0.213705
threshold=0.23766552919915279 11.723960037456015 0.92471001826442667 15.748715777478411 16.650208473852814 0.44032991850403941 13.914185950458013 13.880744462714931 10.686057322204698 0.25671049665402418 2.7323295530810872 6.6028303913991815 2.8589191732011554 9.5625980728616469
decision_type=2 2 2 2 2 2 2 2 2 2 2 2 8 2
left_child=6 -2 3 7 5 -5 10 -3 -9 -4 11 -1 13 -12
right_child=1 2 9 4 -6 -7 -8 8 -10 -11 12 -13 -14 -15
leaf_value=0.0004225826135604292 -0.0011677094962542454 0.00045333015711569117 0.0050421925790199371 0.0011409984123010894 0.00066359784788005895 -0.0046926383584360368 -0.020863424627701719 -0.0011060859380600675 0.0069061277781183542 -6.4347093582590799e-05 0.0067672242489460969 -0.0011427489530824169 0.00080427404167435061 -0.0028752356107658809
leaf_weight=238.0933952331543 30 105.04669761657715 69 22 25 32 29 27 44 30 20 38 175 20
leaf_count=228 30 100 69 22 25 32 29 27 44 30 20 38 175 20
internal_value=0.00173531 0.000442111 0.00104277 9.85505e-05 -0.0031875 -0.006 0.00268755 0.00158282 -0.000625 0.00345 0.0029577 0.00209484 0.00405093 0.00121951
internal_weight=904.14 384.047 354.047 255.047 79 54 520.093 176.047 71 99 491.093 276.093 215 40
internal_count=889 379 349 250 79 54 510 171 71 99 481 266 215 40
is_linear=0
shrinkage=0.05


Tree=155
num_leaves=15
num_cat=0
split_feature=10 9 4 1 14 0 14 8 8 3 3 3 4 8
split_gain=0.279571 0.595568 0.39319 0.305584 0.575896 0.554209 0.604518 0.528494 0.442795 0.146064 0.141077 0.353462 0.101611 0.0914769
threshold=0.23766552919915279 -0.87777193418473631 9.2926426512565161 13.880744462714931 0.43960625398361319 16.289005259338573 1.404362585929035 17.955000000000002 12.350000000000003 13.914185950458013 11.317034821916362 10.874919341877797 7.4487527704044743 9.943500000000002
decision_type=2 2 2 2 2 2 2 10 10 2 2 2 2 10
left_child=9 -2 3 4 8 6 -5 -8 -3 10 11 12 13 -1
right_child=1 2 -4 5 -6 -7 7 -9 -10 -11 -12 -13 -14 -15
leaf_value=0.0006157190294487899 -0.004957153866059244 0.00081385562709157186 0.0015025440690889262 0.00036648210227559056 0.0015792786622244712 0.0017109899400403071 -0.009620365701754955 -2.5388887896439967e-05 -0.0012192876816415896 -0.013660397248139257 0.0007572808764164026 -0.0050035613422299754 0.0076930889816617474 0.00026306766257655121
leaf_weight=66.093395233154297 34 23 95 26 95.046697616577148 27 32 26 25 26 122 24 57 202.04669761657715
leaf_count=56 34 23 95 26 90 27 32 26 25 26 122 24 57 197
internal_value=0.0021005 0.00108121 0.00170044 0.00066746 0.00218841 -0.00129464 -0.00329412 -0.00610169 -0.0022449 0.00288212 0.0030832 0.00255812 0.00299166 0.00256632
internal_weight=880.187 383.047 349.047 254.047 143.047 111 84 58 48 497.14 471.14 349.14 325.14 268.14
internal_count=860 378 344 249 138 111 84 58 48 482 456 334 310 253
is_linear=0
shrinkage=0.05


Tree=156
num_leaves=15
num_cat=0
split_feature=0 13 3 13 1 8 0 7 16 5 8 10 10 8
split_gain=0.446991 0.627668 0.227056 0.167285 0.240613 0.410898 0.406946 0.44542 0.293496 0.136152 0.122924 0.179609 0.378218 0.179295
threshold=12.270442365115466 3.3965472547192124 9.7725930922188802 4.5201734135869565 15.16503137307504 37.800000000000004 15.798925266415003 6.4500000000000011 -0.33242999999999995 8.5186461233587529 12.350000000000003 0.71473537162315115 0.61221145216718942 19.900000000000002
decision_type=2 8 2 8 2 10 2 2 2 2 10 2 2 10
left_child=1 2 -1 4 8 6 -6 -8 -2 10 -10 12 13 -12
right_child=3 -3 -4 -5 5 -7 7 -9 9 -11 11 -13 -14 -15
leaf_value=-0.0066139820576543648 -0.0036546440901250319 0.0040909159927120554 -0.00030106611731157317 0.00093118502262072426 -0.004409955468686666 0.0010623969416845562 -0.0010373355151854083 0.027041808006389053 0.0022957127940627662 -0.0010075174179761256 3.2992674600800108e-06 0.0029211194942482602 -0.00016363290628527947 0.00065313439398477393
leaf_weight=20 26 44.046697616577148 21 89.046697616577148 31 34 37 33 194.04669761657715 26 88.046697616577148 84 20 149
leaf_count=20 26 39 21 84 31 34 37 33 189 26 83 84 20 149
internal_value=0.00198502 -0.00144999 -0.00583333 0.00234652 0.0020889 0.000183824 -0.00142157 0.000704226 0.0025259 0.00276728 0.00293879 0.00235416 0.00168665 0.00224844
internal_weight=896.187 85.0467 41 811.14 722.093 135 101 70 587.093 561.093 535.093 341.047 257.047 237.047
internal_count=876 80 41 796 712 135 101 70 577 551 525 336 252 232
is_linear=0
shrinkage=0.05


Tree=157
num_leaves=15
num_cat=0
split_feature=14 7 14 15 13 13 15 7 8 9 14 8 8 8
split_gain=0.425575 0.44604 0.466917 0.408622 0.214579 0.229437 0.53811 0.262582 0.144329 0.314179 0.15521 0.128684 0.359788 0.210535
threshold=0.40661190182880841 6.5500000000000007 0.22976101892545828 -0.30803999999999992 2.6183073868508173 3.2406484995752725 0.70259000000000016 7.2500000000000009 17.450000000000003 -0.50188698852276381 3.047673538728795 33.95000000000001 40.250000000000007 16.250000000000004
decision_type=2 2 2 2 8 8 2 2 10 2 2 10 10 10
left_child=1 2 3 -1 -2 6 7 8 -6 -10 -11 13 -13 -7
right_child=4 -3 -4 -5 5 11 -8 -9 9 10 -12 12 -14 -15
leaf_value=-0.00016883168074122463 0.0052664465280101965 -0.0037896317413819978 -0.0011431056765469423 0.002215388232046726 0.0021136647767444252 0.00097893235320723111 -0.0057390369984054437 -0.00034070489840019896 -0.0089281320614969639 5.0403460818387765e-06 0.0051191996807293232 -0.00027321373017639739 0.0007106370413780444 0.00089803202443763008
leaf_weight=32 78 20 30 87.140092849731445 69 226.0933952331543 21 34 22 31 39 30 44 118
leaf_count=32 78 20 30 72 69 216 21 34 22 31 39 30 44 118
internal_value=0.00193392 -0.000319146 0.000637408 0.00204512 0.00246877 0.0021579 0.000829493 0.00165816 0.0025 0.0011828 0.0028169 0.00284058 0.000933333 0.00324685
internal_weight=881.233 169.14 149.14 119.14 712.093 634.093 216 195 161 92 70 418.093 74 344.093
internal_count=856 154 134 104 702 624 216 195 161 92 70 408 74 334
is_linear=0
shrinkage=0.05


Tree=158
num_leaves=15
num_cat=0
split_feature=4 14 5 4 13 14 2 1 15 8 10 13 15 8
split_gain=0.203802 0.58363 0.260765 0.399102 0.41257 0.425001 0.584697 0.643021 0.804684 0.305754 0.230212 0.280577 0.451765 0.314689
threshold=11.069763655070963 5.3846057815426738 4.7852994436231349 2.3410656135621104 2.5624635244952301 1.3502083319372586 11.364318137156067 14.243552407174795 -0.11977499999999999 14.950000000000001 0.49240481012316867 4.3313432520420472 -0.63385499999999995 17.955000000000002
decision_type=2 2 2 2 10 2 2 2 2 10 2 8 2 10
left_child=1 2 3 10 -5 -6 -7 8 -8 -9 -1 12 -12 -14
right_child=-2 -3 -4 4 5 6 7 9 -10 -11 11 -13 13 -15
leaf_value=0.0010213806745918827 0.001347410363676822 -0.011187919531802946 0.0011110644569738198 0.0026525077203537663 -0.00030670542674601548 0.0031718429167202859 -3.6848513267279173e-05 0.021156828931351263 -0.011331028864261419 -0.00042152329250189595 -0.0032516569563985419 0.002179658092853511 -0.0091129016963341011 0.00067975304113635144
leaf_weight=273.18679046630859 117 28 83 33 36 57 33 31 21 27 20 30.046697616577148 42 46
leaf_count=253 117 28 83 33 36 57 33 31 21 27 20 25 42 46
internal_value=0.00174916 0.00144656 0.00172001 0.00137822 -0.000251046 -0.00109223 -2.94116e-05 -0.00212389 -0.006 0.00152542 0.00231948 0.000648944 -0.000550459 0.00101124
internal_weight=877.233 760.233 732.233 649.233 238 205 169 112 54 58 411.233 138.047 108 88
internal_count=852 735 707 624 238 205 169 112 54 58 386 133 108 88
is_linear=0
shrinkage=0.05


Tree=159
num_leaves=15
num_cat=0
split_feature=8 15 4 8 3 9 0 1 9 1 14 3 15 9
split_gain=0.502163 0.533003 0.640019 0.417182 0.39234 0.382295 0.487475 0.376895 0.339897 0.20419 0.278469 0.492918 0.201635 0.628919
threshold=7.6100000000000003 0.17533000000000001 6.9401845139563836 5.6150000000000011 9.1175663081864471 0.26092512978024796 15.814719147144968 11.961893769833667 0.77711637012006718 15.345601561204473 6.074636498170892 13.097434168265339 -0.79966499999999996 -0.70864607840491678
decision_type=8 2 2 10 2 2 2 2 2 2 2 2 2 2
left_child=1 3 -3 -1 5 12 7 -7 -9 -6 11 -11 13 -2
right_child=4 2 -4 -5 9 6 -8 8 -10 10 -12 -13 -14 -15
leaf_value=0.0052627493107897938 -0.0061448704464687198 -0.029417863222355518 -0.00010983654288323339 -0.00080007682506410811 0.0012129040139738805 -0.0011759565484027734 -0.0077635060273274301 -6.5046772787849907e-05 0.00054710527998460775 0.00019795316244793413 0.0045808538070882957 -0.0089470028766322155 0.002898343901214392 0.0022412269144314748
leaf_weight=39 20 20 28 32 330 32 23 28 44.093395233154297 50 55 20 126 38
leaf_count=39 20 20 28 32 330 32 23 28 34 50 55 20 126 38
internal_value=0.00172156 -0.00129167 -0.00530612 0.00145833 0.00219069 0.00081856 -0.00128448 0.000194751 0.00219537 0.003125 0.00138889 -0.000704225 0.00227027 -0.000169491
internal_weight=885.093 119 48 71 766.093 311.093 127.093 104.093 72.0934 455 125 70 184 58
internal_count=875 119 48 71 756 301 117 94 62 455 125 70 184 58
is_linear=0
shrinkage=0.05


Tree=160
num_leaves=15
num_cat=0
split_feature=7 0 1 1 8 8 8 14 1 13 13 0 8 3
split_gain=0.202453 0.237042 0.199597 0.333326 0.301632 0.19951 0.355647 0.342265 0.290608 0.237981 0.476551 0.2067 0.19707 0.443098
threshold=7.5500000000000007 12.712674849452986 12.599490740942857 12.726727415236329 4.4200000000000008 12.050000000000002 13.250000000000002 0.57747096615578541 15.755070682384991 3.3729849076154497 3.1941859788175644 14.625529914404526 10.250000000000002 2.3410656135621104
decision_type=2 2 2 2 10 10 10 2 2 8 10 2 10 2
left_child=1 -1 12 -4 -5 8 -7 -8 -6 10 11 -9 13 -3
right_child=-2 2 3 4 5 6 7 9 -10 -11 -12 -13 -14 -15
leaf_value=-0.00021358131290295657 0.0012532707607247539 -0.0032668521912410059 -0.0028943384894854988 -0.00030608233843885989 0.0047731950501145115 -0.0059300668690972285 -0.00042046247968330119 -0.0023431323774499727 -0.013614287611220799 0.0012943064942663016 -0.00032310431907472807 0.0011546969830911024 0.0018606891482168245 0.0072352518193629263
leaf_weight=90.046697616577148 58 21 21 23 156 28 31 36 22 146 41 94 107.14009284973145 32
leaf_count=85 58 21 21 23 156 28 31 36 22 146 41 94 92 32
internal_value=0.00207337 0.00187348 0.00216126 0.00173623 0.00196367 0.0021982 0.00153846 0.00197708 0.00357542 0.00246855 0.00119186 0.00267176 0.00372782 0.0012037
internal_weight=906.187 848.187 758.14 598 577 554 376 348 178 317 171 130 160.14 53
internal_count=886 828 743 598 577 554 376 348 178 317 171 130 145 53
is_linear=0
shrinkage=0.05


Tree=161
num_leaves=15
num_cat=0
split_feature=8 4 4 8 4 9 8 8 1 8 1 8 14 15
split_gain=0.379275 0.745764 0.399266 0.304193 0.282962 0.341182 0.400624 0.414864 0.400216 0.3942 0.556797 0.454518 0.37375 0.20273
threshold=7.3500000000000005 9.7864149100388573 10.155977471300586 11.500000000000002 9.6430120318600316 0.25671049665402418 36.850000000000009 13.450000000000001 13.172757907852709 17.955000000000002 13.966589384727333 14.350000000000003 3.8850625897218958 -0.94165999999999983
decision_type=8 2 2 10 2 2 10 10 2 10 2 10 2 2
left_child=1 -1 3 13 5 9 7 -7 -8 10 11 -5 -9 -2
right_child=2 -3 -4 4 -6 6 8 12 -10 -11 -12 -13 -14 -15
leaf_value=0.0005102112696843134 -0.00033329868352700615 -0.0019641645328060189 0.0014358296259747892 -0.0002604457744502144 -0.010286689803407946 -0.0031100919620783013 -0.00072172299361923729 0.00087949686259013171 -2.4286753351505816e-05 0.00041101896922921726 0.0016237778538814196 -0.00057407757088634827 -0.003688628539711151 0.0027120904569177466
leaf_weight=87 29 20 158 23 20 24 20 133.04669761657715 21 153 43 20 21 112.0933952331543
leaf_count=87 29 20 158 23 20 24 20 128 21 153 43 20 21 102
internal_value=0.00171803 -0.00106481 0.00210206 0.00152498 0.000918978 0.00117686 -0.000248886 0.000783223 -0.00464286 0.00247917 -0.000229885 -0.00420455 0.00174292 0.00355729
internal_weight=884.14 107 777.14 619.14 478.047 458.047 219.047 178.047 41 239 86 43 154.047 141.093
internal_count=869 107 762 604 473 453 214 173 41 239 86 43 149 131
is_linear=0
shrinkage=0.05


Tree=162
num_leaves=15
num_cat=0
split_feature=0 1 7 15 5 4 12 9 0 5 0 0 0 10
split_gain=0.220681 0.491289 0.193093 0.140159 0.242146 0.443394 0.273314 0.4818 0.294384 0.239091 0.183263 0.534032 0.154948 0.140695
threshold=12.270442365115466 11.736380176763509 4.5500000000000007 -0.92700999999999989 8.4353839539398141 11.069763655070963 2.5000000000000004 -0.70710678118654735 15.798925266415003 10.996352110888159 15.523471602466001 15.909960693352009 14.477298238986755 0.70090259214882411
decision_type=2 2 2 2 2 2 10 2 2 2 2 2 2 2
left_child=1 -1 -2 12 6 -6 10 -8 -9 -7 -5 -12 -4 -14
right_child=2 -3 3 4 5 9 7 8 -10 -11 11 -13 13 -15
leaf_value=0.00034225847828466265 -0.0002035746366954856 -0.0049624442611133565 2.5343445067466891e-05 0.0011482761014391198 -0.0022698059933490759 0.001991079523670202 -0.0030769694797803614 -0.0052329709260499607 0.002585624107054125 -0.00031135196269446843 -0.0015558822695427238 0.0005529470342686318 0.0011034762428869991 0.00015685569283948523
leaf_weight=51 28 26 49 313.0933952331543 20 25 20 28 32 20 39 116 109.04669761657715 23
leaf_count=51 28 26 49 303 20 25 20 28 32 20 39 116 104 23
internal_value=0.00171718 -0.000833333 0.00195678 0.00210114 0.00173502 -0.00113636 0.002077 -0.000617284 0.00163934 0.00163043 0.0025378 0.0011218 0.00332461 0.0042108
internal_weight=899.14 77 822.14 794.14 613.093 65 548.093 80 60 45 468.093 155 181.047 132.047
internal_count=884 77 807 779 603 65 538 80 60 45 458 155 176 127
is_linear=0
shrinkage=0.05


Tree=163
num_leaves=15
num_cat=0
split_feature=8 9 15 3 0 9 15 9 1 9 8 3 5 7
split_gain=0.27224 0.18317 0.238092 0.32099 0.189948 0.692597 0.23573 0.260274 0.361924 0.196219 0.337667 0.296072 0.493287 0.203114
threshold=43.640000000000008 0.97014794553715189 1.0381650000000002 9.0859865040759136 11.375040743560087 0.25881904510252091 -0.92700999999999989 0.88396761516098465 14.25664067995997 0.26092512978024796 31.250000000000004 12.565943602123111 7.0341670346143408 6.3500000000000005
decision_type=8 2 2 2 2 2 2 2 2 2 10 2 2 2
left_child=1 2 4 -4 5 -1 -6 9 -9 11 -11 12 13 -8
right_child=-2 -3 3 -5 6 -7 7 8 -10 10 -12 -13 -14 -15
leaf_value=-0.003686163318788134 0.00074094955627245407 0.011120325094090576 -0.00073357214657563167 0.00020437267252734317 0.0010723021105573877 0.0023405545514239138 0.00029768405987124695 3.9905682084652856e-05 -0.01526568841736399 0.0022729842139915606 -0.00037094436859979322 0.003537120038444995 -0.011409099488791383 0.00098780351396787151
leaf_weight=25 78 46.046697616577148 46 40 170.04669761657715 25.046697616577148 175 21 21 119.04669761657715 20 46 21 52
leaf_count=25 78 41 46 40 165 20 175 21 21 114 20 46 21 52
internal_value=0.00212532 0.00185457 0.00166939 -0.000804597 0.00197618 -0.000974921 0.00220629 0.00162848 -0.00209302 0.00199341 0.0035362 0.00125424 0.000562249 0.00125
internal_weight=905.187 827.187 781.14 86 695.14 50.0467 645.093 475.047 42 433.047 139.047 294 248 227
internal_count=885 807 766 86 680 45 635 470 42 428 134 294 248 227
is_linear=0
shrinkage=0.05


Tree=164
num_leaves=15
num_cat=0
split_feature=4 4 0 1 10 3 10 15 0 15 0 2 10 1
split_gain=0.200706 0.356745 0.209013 0.567724 0.457376 0.555135 0.210102 0.193729 0.165128 0.38563 0.424111 0.713544 0.318062 0.128544
threshold=11.069763655070963 10.569976263465795 14.004921479957348 13.636157696624045 1.0000000180025095e-35 2.955398322020264 -0.9025766923884776 -0.92700999999999989 15.523471602466001 -0.92700999999999989 15.904872601523701 11.674176578070659 -0.12186470299397914 15.056528738142783
decision_type=2 2 2 2 2 2 2 2 2 2 2 2 2 2
left_child=1 2 3 4 -1 -6 -4 -7 -8 -10 11 -11 13 -12
right_child=-2 -3 6 -5 5 7 8 -9 9 10 12 -13 -14 -15
leaf_value=0.00076326990378385224 0.0016235093498861289 -0.00064745118879675411 0.001206975525290155 -0.010660438590436274 -0.0032122350096849849 -0.00033089367596612055 0.0016239716166085068 0.0003859252619745238 0.0050045603553565505 0.00044903959297751749 0.0002318401715914624 -0.0089638683190961851 0.0008907254900987439 -0.014729887069637857
leaf_weight=126.0933952331543 131 37 76 20 29 20 227.0933952331543 38 48 20 23 22 69 20
leaf_count=116 131 37 76 20 29 20 217 38 48 20 23 22 69 20
internal_value=0.00201825 0.00170827 0.00194935 0.000706842 0.0014735 -0.00130682 0.00252022 0.00152542 0.00208203 0.00103448 -0.000193548 -0.0044186 0.00141593 -0.00193182
internal_weight=906.187 775.187 738.187 233.093 213.093 87 505.093 58 429.093 202 154 42 112 43
internal_count=886 755 718 223 203 87 495 58 419 202 154 42 112 43
is_linear=0
shrinkage=0.05


Tree=165
num_leaves=15
num_cat=0
split_feature=13 2 13 2 2 14 4 14 2 8 0 1 15 1
split_gain=0.230976 0.595617 0.506224 0.213507 0.459671 0.169702 0.157692 0.215203 0.213667 0.441612 0.459882 0.25857 0.215182 0.252855
threshold=3.9749746138079063 9.2491426686118263 4.1112378963155978 10.833261548174768 11.025572197356253 7.6128667238372563 10.649631107724094 1.0079905521927708 12.022223384657641 29.500000000000004 15.523471602466001 15.755070682384991 1.0000000180025095e-35 14.729631210050036
decision_type=10 2 10 2 2 2 2 2 2 10 2 2 2 2
left_child=3 -2 -3 -1 -5 6 7 -6 9 10 -9 12 13 -10
right_child=1 2 -4 4 5 -7 -8 8 11 -11 -12 -13 -14 -15
leaf_value=0.00076526311026517565 -0.0031629441237848114 -0.0004460101441012851 0.00051885285670905102 -0.00061162991462861073 0.0093002890472024691 -0.018389889816435745 0.0024276627784732157 0.0029660210267233355 -0.00046024065441974647 -0.0057606020512717335 -0.0030645015001886941 -0.0033317001329567645 0.0033386562179828455 0.00029293066173570047
leaf_weight=237.14009284973145 25 33 122.04669761657715 25 45.046697616577148 20 101 49 63 20 27 27 72 32
leaf_count=222 25 33 117 25 40 20 101 49 63 20 27 27 72 32
internal_value=0.00188068 0.000277462 0.00144337 0.00228165 0.00167045 0.00203531 0.00224286 0.00171177 0.00120275 -0.000721649 0.00103896 0.00215385 0.0028869 0.00130208
internal_weight=898.233 180.047 155.047 718.187 481.047 456.047 436.047 335.047 290 96 76 194 167 95
internal_count=873 175 150 698 476 451 431 330 290 96 76 194 167 95
is_linear=0
shrinkage=0.05


Tree=166
num_leaves=15
num_cat=0
split_feature=8 2 14 14 8 14 9 8 7 0 4 14 12 9
split_gain=0.2378 0.242143 0.452719 0.687267 0.467624 0.311213 0.257516 0.630681 0.246723 0.245103 0.219534 0.263456 0.356727 0.343535
threshold=51.70000000000001 10.707146935600546 2.1119792477815627 1.7583073505145361 29.975000000000005 0.71211442113764023 0.88396761516098465 21.350000000000005 5.2500000000000009 16.139098039155321 11.069763655070963 3.4915701269434289 2.5000000000000004 -0.3986883375106644
decision_type=8 2 2 2 10 2 2 10 2 2 2 2 10 2
left_child=1 9 3 4 5 -3 10 -8 -7 -1 11 -4 13 -13
right_child=-2 2 6 -5 -6 8 7 -9 -10 -11 -12 12 -14 -15
leaf_value=0.00034852254843034295 0.0014191845965063497 -0.00025591332952815284 0.0016331004829027076 -0.015961972766001094 -0.00070709941553461224 -0.0056201338976074391 0.015749950026444661 -0.020099576751102778 0.0051416453755187656 -0.00063776041067969773 0.0014018013303137206 -7.5833684152942717e-05 -0.0029240668797583707 0.00038243247715839536
leaf_weight=236.0933952331543 56 33.046697616577148 120 25 28 25 32 24 59 20 96 44 31 57
leaf_count=226 56 28 120 25 28 25 32 24 59 20 96 44 31 57
internal_value=0.00178179 0.00156496 0.00099163 -0.00116791 0.000172777 0.00156915 0.00190123 -0.00122807 0.00317647 0.00284125 0.00240688 0.00162055 7.51882e-05 0.00151961
internal_weight=886.14 830.14 574.047 170.047 145.047 117.047 404 56 84 256.093 348 252 132 101
internal_count=871 815 569 165 140 112 404 56 84 246 348 252 132 101
is_linear=0
shrinkage=0.05


Tree=167
num_leaves=15
num_cat=0
split_feature=7 1 10 13 2 14 13 0 10 1 1 10 13 0
split_gain=0.355766 0.659412 0.377499 0.269718 0.390321 0.546169 0.513369 0.257673 0.336543 0.353214 0.257383 0.22619 0.21432 0.371373
threshold=6.2500000000000009 15.085851522352518 0.38268343236508956 3.1233910917821626 8.9585392840773732 2.1119792477815627 2.9679125553228172 13.967506422254475 1.0000000180025095e-35 11.885105159201204 9.8805729048818609 0.25881904510252057 3.094662338278956 16.461559314070588
decision_type=2 2 2 10 2 2 8 2 2 2 2 2 8 2
left_child=1 3 -3 4 -1 6 11 8 -5 -10 -2 -6 13 -12
right_child=10 2 -4 7 5 -7 -8 -9 9 -11 12 -13 -14 -15
leaf_value=0.0063214812527220754 -0.00011279061913220111 -7.3909164186561224e-05 -0.002777863556580907 0.00033675293135983344 0.00028888168407558952 0.00040698371841885444 -0.0028658281595632701 0.0019403296184094571 0.00030436896628192195 -0.0052982541706379921 0.00027190225665443628 -0.0011211215988963881 0.0012880756517419914 -0.0016377388796808225
leaf_weight=32 20 50 21 56.093395233154297 21 56 22 194.14009284973145 20 26 96 20 249 21
leaf_count=32 20 50 21 46 21 56 22 179 20 26 96 20 249 21
internal_value=0.00190135 0.00104224 -0.00340278 0.00175392 3.28949e-05 -0.00129167 -0.00445312 0.00262813 0.000586526 -0.00255319 0.0030491 -0.00107143 0.0033515 0.0015678
internal_weight=904.233 518.233 71 447.233 151 119 63 296.233 102.093 46 386 41 366 117
internal_count=879 493 71 422 151 119 63 271 92 46 386 41 366 117
is_linear=0
shrinkage=0.05


Tree=168
num_leaves=15
num_cat=0
split_feature=5 13 1 1 13 0 15 14 3 3 2 2 8 8
split_gain=0.333994 0.291243 0.463475 0.594172 0.371401 0.335459 0.255879 0.229167 0.361159 0.730364 0.398417 0.608367 0.518095 0.350443
threshold=4.6509353449108879 3.999297778463514 12.961945650814028 11.646432995679277 3.6780493283881963 15.866294006575464 -1.2924149999999999 0.088561716292821516 8.0743318262623713 6.7071473295827539 11.210599421575576 12.083269116529681 13.15 32.550000000000004
decision_type=2 10 2 2 8 2 2 2 2 2 2 2 10 10
left_child=1 4 3 -3 6 -4 -1 -8 9 13 -10 12 -12 -9
right_child=-2 2 5 -5 -6 -7 7 8 10 -11 11 -13 -14 -15
leaf_value=0.0056136872461186108 0.0016990322997838389 -1.8308414013232451e-05 -5.2041266531482715e-05 -0.0032520938907537968 0.00067430648322611858 0.0023392779331549022 0.00058651692377043171 -0.00070076128972483467 0.0012759900972425027 -0.00059948901969497778 0.0018945031920576038 0.00043029861523354517 -0.0028498984585421678 0.0018678064233750699
leaf_weight=41 169 31.046697616577148 58 22 129.14009284973145 40 50 56.046697616577148 59 23 21 139 41 26
leaf_count=41 169 26 58 22 114 40 50 51 59 23 21 139 41 26
internal_value=0.00179442 0.00133088 -0.000623272 -0.00434377 0.00183548 0.00141414 0.00116013 0.000781724 0.000342125 -0.0021195 0.001341 0.000272277 -0.00380952 0.000123226
internal_weight=905.233 736.233 151.047 53.0467 585.187 98 456.047 415.047 365.047 105.047 260 201 62 82.0467
internal_count=880 711 146 48 565 98 451 410 360 100 260 201 62 77
is_linear=0
shrinkage=0.05


Tree=169
num_leaves=15
num_cat=0
split_feature=7 14 16 3 8 7 1 10 9 14 9 9 10 3
split_gain=0.374181 0.222374 0.750917 0.45026 0.608912 0.603394 0.309005 0.376162 0.248549 0.20875 0.194961 0.168035 0.222045 0.160377
threshold=4.7500000000000009 1.3502083319372586 -0.84618999999999989 6.037845287148639 12.230000000000002 5.4500000000000011 15.16503137307504 0.85713466239780911 0.86382728211298232 0.088561716292821516 -0.81661045995358794 -0.22069533414098394 -0.37459232954469374 11.416728335612353
decision_type=2 2 2 2 10 2 2 2 2 2 2 2 2 2
left_child=9 2 -2 10 -5 -6 13 8 11 -1 -4 12 -8 -3
right_child=1 6 3 4 5 -7 7 -9 -10 -11 -12 -13 -14 -15
leaf_value=-1.5076138907188685e-05 -0.0018141560443801807 0.00068410233038698862 -0.000246554977300499 0.00078167687164307697 0.00072023143468311556 -0.00035540634085671325 -0.0042739993326870269 -0.0021215188175962639 -0.0023791278349823233 -0.0072723460001029618 0.0023557206144804513 0.0015732583327405444 0.0027016989492102701 0.0015145417201658468
leaf_weight=23 23 239 27 40 27 32 27 25 36 22 121.18679046630859 52 37 143
leaf_count=23 23 239 27 40 27 32 27 25 36 22 101 52 37 143
internal_value=0.00168071 0.00192238 0.000740943 0.00155501 -0.00105 -0.00425 0.00249107 0.000758427 0.00169935 -0.00271739 0.00329073 0.00282051 0.00107692 0.00328982
internal_weight=874.187 829.187 270.187 247.187 99 59 559 177 152 45 148.187 116 64 382
internal_count=854 809 250 227 99 59 559 177 152 45 128 116 64 382
is_linear=0
shrinkage=0.05


Tree=170
num_leaves=15
num_cat=0
split_feature=0 3 1 15 10 1 8 3 8 13 15 3 7 9
split_gain=0.532707 0.515623 0.608482 0.241951 0.472643 0.245415 0.230922 0.678285 0.300861 0.289996 0.253134 0.343117 0.491512 0.879911
threshold=11.918138070231437 10.273469583031011 10.703837262803583 0.82512500000000011 -0.0043632677491870896 12.661806857947289 7.6100000000000003 10.211480341792541 12.050000000000002 2.9495956306875488 -0.44686499999999996 1.3195286648076296 6.2500000000000009 1.0000000180025095e-35
decision_type=2 2 2 2 2 2 10 2 10 10 2 2 2 2
left_child=1 2 -1 6 -5 -6 7 -2 -8 -10 -11 -12 13 -13
right_child=3 -3 -4 4 5 -7 8 -9 9 10 11 12 -14 -15
leaf_value=-1.8236842469902813e-05 0.0023603836428331888 0.00047209804507987994 -0.017075309643387604 0.00077361880135383995 -0.00062954565225926734 -0.0002530149818687498 0.0019307985776038082 -0.0016472264816408252 0.0010281064659799514 0.00064654418121078876 0.00079057690330169243 0.016790516390117072 0.00011961095070042632 -0.0037069851031728326
leaf_weight=27 63 27 20 53.093395233154297 22 30 151.04669761657715 40 143 165.04669761657715 40 20 65 27
leaf_count=27 63 27 20 43 22 30 146 40 143 160 40 20 65 27
internal_value=0.0016394 -0.0024 -0.00552083 0.00200678 -0.00023124 -0.00358491 0.00233601 0.000144231 0.0027046 0.00206104 0.00121125 -0.000261438 -0.00168142 -0.00552083
internal_weight=893.187 74 47 819.187 105.093 52 714.093 103 611.093 460.047 317.047 152 112 47
internal_count=873 74 47 799 95 52 704 103 601 455 312 152 112 47
is_linear=0
shrinkage=0.05


Tree=171
num_leaves=15
num_cat=0
split_feature=8 13 10 8 2 3 3 2 14 7 10 7 13 3
split_gain=0.285456 0.208442 0.305605 0.253416 0.244896 0.479383 0.554952 0.345429 0.772312 0.507282 0.293246 0.201735 0.169349 0.195652
threshold=40.250000000000007 2.6535031187055078 -0.71476258798096814 36.850000000000009 13.527992964228725 14.062721239916847 13.097434168265339 9.2491426686118263 0.088561716292821516 5.1500000000000012 -0.68973679431060764 5.6500000000000012 3.5815589191851385 8.3954203837979247
decision_type=10 10 2 10 2 2 2 2 2 2 2 2 10 2
left_child=1 -1 12 4 7 6 -6 8 11 -9 -11 -4 13 -3
right_child=-2 2 3 -5 5 -7 -8 9 -10 10 -12 -13 -14 -15
leaf_value=0.0006106765867478055 0.00049653259476072282 -0.00016330360437965776 0.00075442870360602015 -0.00044022908340659428 -5.9086756275881299e-05 0.026417239544833063 -0.02478321429500735 -0.001118979294269345 -0.014962392780397375 -0.0030981420136232153 0.0011705463535094426 -0.0033154048048883037 0.0030360302112868963 0.0010963584399086557
leaf_weight=129 98 30 40.046697616577148 20 39 21 23 26 25 28 260.14009284973145 20 71 60
leaf_count=129 98 30 35 20 39 21 23 26 25 28 245 20 71 60
internal_value=0.00190862 0.00158971 0.00122847 0.00061793 0.000850466 -0.00160714 -0.00380952 0.0013642 -0.00144999 0.00212826 0.00273466 0.00164192 0.00311728 0.00164835
internal_weight=890.187 792.187 663.187 502.187 482.187 83 62 399.187 85.0467 314.14 288.14 60.0467 161 90
internal_count=870 772 643 482 462 83 62 379 80 299 273 55 161 90
is_linear=0
shrinkage=0.05


Tree=172
num_leaves=15
num_cat=0
split_feature=8 2 15 14 1 4 15 7 1 13 15 4 15 13
split_gain=0.354603 0.348629 0.518458 0.50519 0.385322 0.60642 0.726175 0.683266 0.45448 0.436224 0.378735 0.212463 0.141132 0.126843
threshold=40.250000000000007 9.5787655191099272 -0.52107999999999988 1.0838075382501009 13.932903965974827 11.002206928624593 0.011770000000000001 6.0100000000000007 14.48640905071443 3.0863718259945103 0.82512500000000011 5.230471933815207 1.2809800000000002 3.0909836995657325
decision_type=10 2 2 2 2 2 2 2 2 10 2 2 2 10
left_child=1 12 3 -3 10 6 7 -6 9 -8 13 -10 -1 -4
right_child=-2 2 4 -5 5 -7 8 -9 11 -11 -12 -13 -14 -15
leaf_value=0.0006336175711295505 0.00048279491637907954 -0.00015621366606740502 0.00079926666579349572 0.0022117306357909068 -0.0065628728056982347 0.0016144936792854836 0.0012787847236220779 -0.012118386075747882 -0.0066897465638778957 -0.001241821032154903 -0.00012717751932030889 0.012576908426386464 0.00019456367369208888 0.00052899419921374118
leaf_weight=122.04669761657715 98 29.046697616577148 42 200 23 50 22 30 20 24 37 43 33.093395233154297 87
leaf_count=117 98 24 42 200 23 50 22 30 20 24 37 43 23 87
internal_value=0.00162675 0.00125911 0.00071579 0.00258745 -0.000422163 -0.00183099 -0.00331288 -0.00805556 -0.000954545 -0.00468085 0.00137725 0.00179688 0.00336685 0.00265385
internal_weight=860.187 762.187 607.047 229.047 378 212 162 53 109 46 166 63 155.14 129
internal_count=840 742 602 224 378 212 162 53 109 46 166 63 140 129
is_linear=0
shrinkage=0.05


Tree=173
num_leaves=15
num_cat=0
split_feature=8 8 13 14 3 13 9 16 9 3 4 5 8 15
split_gain=0.220614 0.346578 0.206671 0.149392 0.388296 0.644928 0.199767 0.240482 0.160536 0.354951 0.2006 0.204687 0.227243 0.146399
threshold=41.95000000000001 36.850000000000009 2.2184172532748758 0.89908615286572158 7.3936222556772124 4.0460452466982737 -0.25881904510252113 0.10701500000000001 0.88396761516098465 11.577764942470461 10.649631107724094 7.962029914646962 30.050000000000004 1.0000000180025095e-35
decision_type=10 10 10 2 2 10 2 2 2 2 2 2 10 2
left_child=1 2 -1 4 5 6 7 -4 10 -10 11 12 13 -5
right_child=-2 -3 3 8 -6 -7 -8 -9 9 -11 -12 -13 -14 -15
leaf_value=-0.0002044726963838072 0.00048527344447470968 -0.00014378472566314748 0.003006652695236426 0.00071690272054920239 -0.00035975140560203477 -0.00042413909375050977 0.010377865791803612 -0.00067362260355238095 0.00099080952335573466 -0.0079339620759891448 0.0025708904260196693 -0.00023680049901249369 -0.0011833872413524846 0.00032465804774337541
leaf_weight=49 90 38 22 147 34 32 89.140092849731445 28 37 28 105 20 32 133
leaf_count=49 90 38 22 147 34 32 74 28 37 28 105 20 32 133
internal_value=0.00205696 0.00178673 0.00202169 0.00223925 0.00109489 0.00206634 0.00353718 0.000980392 0.00270378 0.000378788 0.00304795 0.00243243 0.0027476 0.00320285
internal_weight=884.14 794.14 756.14 707.14 205.14 171.14 139.14 50 502 65 437 332 312 280
internal_count=869 779 741 692 190 156 124 50 502 65 437 332 312 280
is_linear=0
shrinkage=0.05


Tree=174
num_leaves=15
num_cat=0
split_feature=15 14 12 8 8 1 0 3 8 1 1 3 7 4
split_gain=0.493222 0.806799 0.623196 0.201935 0.439896 0.249395 0.325503 0.213605 0.38149 0.8592 0.89947 0.207165 0.116294 0.115505
threshold=0.82512500000000011 1.3502083319372586 1.5000000000000002 24.100000000000005 21.350000000000005 16.308809911538841 16.818864548502386 10.90351654202369 13.050000000000002 13.215141717622041 14.373089347844777 10.211480341792541 6.3500000000000005 8.3098413955239074
decision_type=2 2 10 10 10 2 2 2 10 2 2 2 2 2
left_child=3 2 -2 4 5 6 7 8 11 -10 -11 12 -1 -3
right_child=1 13 -4 -5 -6 -7 -8 -9 9 10 -12 -13 -14 -15
leaf_value=0.0065248070551460332 -0.001952866979376601 0.0055942726732084351 8.4948808850201485e-05 0.00057393795935417884 -0.0015032062693533079 -0.0056237267344266539 -0.00043796004162787242 0.0060295449795897994 0.00064395914016301698 -0.0033477933545602561 1.5604843358155126e-05 -0.014256212601042029 -0.00010393588484919848 -0.00011022487299203717
leaf_weight=157.0933952331543 28 31 22.046697616577148 257 34 26 34 119 42.046697616577148 28 30 25 22 20
leaf_count=147 28 31 17 257 34 26 34 119 37 28 30 25 22 20
internal_value=0.00185569 -0.00141863 -0.0058724 0.00228436 0.00170938 0.00209795 0.0023698 0.00274839 0.00203415 -0.00049251 -0.00440678 0.00326908 0.0038617 0.00298077
internal_weight=875.187 101.047 50.0467 774.14 517.14 483.14 457.14 423.14 304.14 100.047 58 204.093 179.093 51
internal_count=855 96 45 759 502 468 442 408 289 95 58 194 169 51
is_linear=0
shrinkage=0.05


Tree=175
num_leaves=15
num_cat=0
split_feature=7 1 13 13 0 1 8 1 16 8 7 7 7 7
split_gain=0.369133 0.36646 0.285914 0.222586 0.235116 0.311639 0.460561 0.466957 1.0394 0.42783 0.283699 0.267476 0.289678 0.26472
threshold=7.3500000000000005 9.9532426738528574 2.2184172532748758 2.5624635244952301 13.662210811510691 14.716209395592537 34.45000000000001 13.341274780779612 0.78996500000000014 41.432000000000009 5.4500000000000011 5.8500000000000005 5.5500000000000007 5.9500000000000011
decision_type=2 2 10 10 2 2 10 2 2 10 2 2 2 2
left_child=1 -1 -3 -4 -5 6 7 13 11 -8 -7 12 -9 -6
right_child=-2 2 3 4 5 10 9 8 -10 -11 -12 -13 -14 -15
leaf_value=-0.00029160403990045517 0.0012053966265545026 -0.00033353107085291379 0.018044133051629007 0.0017513395400988079 0.0064506690130754045 -0.0015432295258089996 -0.0012696989721785461 0.00012260699951359365 -0.00046737727261179175 -6.9766169893947571e-06 0.0010374137822926504 0.0010845174584047268 -0.002571527910076264 2.0308550502082399e-05
leaf_weight=44.046697616577148 86 51 60 141 86.140092849731445 20 20 43 27 22 139 78 30 56
leaf_count=39 86 51 60 141 71 20 20 43 27 22 139 78 30 56
internal_value=0.00184247 0.00151058 0.00176415 0.00201994 0.00175031 0.00125579 0.00044253 0.00109205 -0.000614525 -0.0044186 0.00309375 0.00101974 -0.00114865 0.00321853
internal_weight=903.187 817.187 773.14 722.14 662.14 521.14 362.14 320.14 178 42 159 151 73 142.14
internal_count=883 797 758 707 647 506 347 305 178 42 159 151 73 127
is_linear=0
shrinkage=0.05


Tree=176
num_leaves=15
num_cat=0
split_feature=4 8 8 0 0 0 9 1 1 10 8 8 1 1
split_gain=0.428571 0.320265 0.40826 0.450438 0.616761 0.765434 0.454011 0.437099 0.703759 0.398556 0.308847 0.285318 0.208799 0.289791
threshold=11.125226048454413 41.95000000000001 34.45000000000001 14.180281016028637 16.792665430421291 17.152482654817089 0.087148275903737818 11.885105159201204 12.797903478544152 0.49240481012316867 15.850000000000003 12.450000000000001 12.495892286663802 12.797903478544152
decision_type=2 10 10 2 2 2 2 2 2 2 10 10 2 2
left_child=1 2 3 6 12 -6 7 10 -9 -4 -1 -8 -5 -14
right_child=-2 -3 9 4 5 -7 11 8 -10 -11 -12 -13 13 -15
leaf_value=-0.0002147682950237647 0.0011601795418356082 0.00029684318336201354 -3.4579418939750148e-05 0.0073566789029019253 -0.0030154115923332271 0.0015500338338574455 -0.00094768020867678495 -0.0056535407044319913 -0.00013047848307574654 -0.00039575775870719716 0.00068342579257663029 0.0019732243299814341 -0.00066956917017038946 0.00063175341348082335
leaf_weight=23 126 78 31 62.140092849731445 28 25 52.046697616577148 25 37 26 20 61 23 302
leaf_count=23 126 78 31 47 28 25 47 25 37 26 20 61 23 302
internal_value=0.00108232 0.000649638 0.000315468 0.000668906 0.00158839 -0.00342593 -0.0011859 -0.00353774 -0.00619048 -0.0037069 0.000340909 0.00101041 0.00228191 0.0017638
internal_weight=919.187 793.187 715.187 658.187 440.14 53 218.047 105 62 57 43 113.047 387.14 325
internal_count=899 773 695 638 425 53 213 105 62 57 43 108 372 325
is_linear=0
shrinkage=0.05


Tree=177
num_leaves=15
num_cat=0
split_feature=14 16 3 8 13 5 3 9 10 3 15 3 10 15
split_gain=0.386993 0.414247 0.466097 0.45898 0.478585 0.25793 0.422221 0.258502 0.512682 0.281539 0.171142 0.398376 0.533268 0.301225
threshold=2.1119792477815627 -1.4512249999999998 9.6705788083499247 39.20000000000001 2.7492478955155986 8.4353839539398141 11.2311094700197 0.44032991850403941 0.68834802305431453 13.032633351528629 -0.40123999999999999 6.321518210348855 0.70090259214882411 1.0381650000000002
decision_type=2 2 2 10 8 2 2 2 2 2 2 2 2 2
left_child=1 -1 3 4 -3 7 -7 -2 9 -9 11 12 -6 -12
right_child=5 2 -4 -5 10 6 -8 8 -10 -11 13 -13 -14 -15
leaf_value=-0.0015916909631320713 0.0021832737780038509 -0.00071322799634104903 -0.0010491710037675069 -2.3658438063102051e-05 -0.00036335259851447821 -0.0085992708850150743 0.00011571884142635029 0.0013899622577974694 -0.00037115125761633079 -0.013654347979375724 0.0023759710371594116 0.0020107895941055844 0.0093191728545074463 0.0027664051589992404
leaf_weight=22 233 35 29 40 40 23 56 104 33 20 123 39 21.046697616577148 56.093395233154297
leaf_count=22 233 35 29 40 40 23 56 104 33 20 123 39 16 46
internal_value=0.00156626 0.000432611 0.000821837 0.00132539 0.0019696 0.00254255 -6.24998e-05 0.00306905 0.00148734 0.00296 0.00266188 0.000991952 -0.00152734 0.00358407
internal_weight=874.14 405.14 383.14 354.14 314.14 469 79 390 157 124 279.14 100.047 61.0467 179.093
internal_count=859 390 368 339 299 469 79 390 157 124 264 95 56 169
is_linear=0
shrinkage=0.05


Tree=178
num_leaves=15
num_cat=0
split_feature=7 3 7 9 2 15 13 10 8 8 13 8 14 14
split_gain=0.427825 0.842125 0.424756 0.512106 0.436509 0.365433 0.469697 0.261703 0.343754 0.320074 0.42282 0.260139 0.244753 0.705345
threshold=6.2500000000000009 7.2301797797801095 5.9500000000000011 -0.5 12.791721870760126 0.70259000000000016 3.2912581272669157 -0.2397582400620111 21.350000000000005 51.70000000000001 3.0173076496044242 12.050000000000002 0.11421325523412328 0.73482557226223499
decision_type=2 2 2 2 2 2 8 2 10 10 10 10 2 2
left_child=2 -2 5 -4 -5 11 -7 8 -3 10 -10 -1 -13 -14
right_child=1 7 3 4 -6 6 -8 -9 9 -11 -12 12 13 -15
leaf_value=0.0075076628843399719 -0.00017173457016812614 0.0045260085053816174 -0.00036269247888509186 0.00035495467602542899 -0.0039330909442916373 -0.00073739859692212252 0.0011107060499198948 0.00098960678724992874 0.00070406566754719702 0.0056039147898444197 -0.0082191017933737742 0.0014280122143129736 -0.00052070513857926221 0.00017914540536518613
leaf_weight=140.0933952331543 56 82 37 58 23 36 35.046697616577148 170 23 21 31 29 35 122
leaf_count=130 56 82 37 58 23 36 30 170 23 21 31 29 35 122
internal_value=0.00137987 0.00264323 0.000437285 -0.00218487 6.09758e-05 0.00121992 -0.00200934 0.0036128 0.00212025 -0.000328947 -0.00236364 0.00192748 0.000695187 -9.49365e-05
internal_weight=898.14 383 515.14 118 81 397.14 71.0467 327 157 75 54 326.093 186 157
internal_count=883 383 500 118 81 382 66 327 157 75 54 316 186 157
is_linear=0
shrinkage=0.05


Tree=179
num_leaves=15
num_cat=0
split_feature=7 14 2 2 10 10 14 7 10 9 9 0 0 5
split_gain=0.785864 0.494125 0.480946 0.569861 0.58376 0.577998 0.285032 0.400945 0.341201 0.267279 0.280807 0.268197 0.382903 0.253917
threshold=6.2500000000000009 0.36314288538083034 3.0495986234554322 10.352761963593805 -0.47715421805211583 -0.71476258798096814 3.2953488082256555 5.9500000000000011 0.60876142900872032 -0.9263445426916056 0.25671049665402418 15.149169516461955 15.969416438817396 6.2552561362850385
decision_type=2 2 2 2 2 2 2 2 2 2 2 2 2 2
left_child=2 -2 -1 4 5 -4 9 8 -8 -5 -11 -12 -13 -9
right_child=1 -3 3 6 -6 -7 7 13 -10 10 11 12 -14 -15
leaf_value=0.0006623085377779679 -0.00042423372717737988 0.00099240083298351707 -0.0004454339354739931 -0.001000151368906447 -0.0001028346611683387 -0.013221150562413804 0.011021208230011733 -0.00047371088483889336 -0.0014366798854264758 0.0031217353298581187 0.00074370302383892581 -0.0056389771699549293 0.0020005958299384118 -0.00061475429247831188
leaf_weight=40.046697616577148 20 354 25 31 75.046697616577148 20 48 20 20 95 58.046697616577148 25 20 22
leaf_count=35 20 354 25 31 70 20 48 20 20 95 53 25 20 22
internal_value=0.000990345 0.00272 -0.000308512 -0.000770567 -0.00371564 -0.00815217 0.00028006 -0.0018018 0.00057971 0.00128336 0.00196051 0.00014641 -0.00271739 -0.0055814
internal_weight=873.14 374 499.14 459.093 120.047 45 339.047 110 68 229.047 198.047 103.047 45 42
internal_count=858 374 484 449 115 45 334 110 68 224 193 98 45 42
is_linear=0
shrinkage=0.05


Tree=180
num_leaves=15
num_cat=0
split_feature=8 9 6 9 2 8 4 4 8 3 9 8 9 8
split_gain=0.458416 0.372357 0.350415 0.352978 0.400216 0.311035 0.444062 0.43666 0.401986 0.549611 0.656401 0.394779 0.406143 0.301293
threshold=41.95000000000001 0.97014794553715189 1.0000000180025095e-35 0.9562228270146037 11.606230668725855 14.65 10.594108706768905 9.1408942207903525 8.0500000000000025 10.211480341792541 0.25881904510252091 34.45000000000001 1.0000000180025095e-35 11.500000000000002
decision_type=8 2 2 2 2 10 2 2 10 2 2 10 2 10
left_child=1 2 3 5 -5 8 7 11 9 -1 -11 -7 -13 -10
right_child=-2 -3 -4 4 -6 6 -8 -9 13 10 -12 12 -14 -15
leaf_value=0.00060135786246162518 0.00029016878072412716 0.010384496774809201 0.00046267490883508314 -0.0012707610915222815 -0.023285735398014776 -3.7412813514164209e-05 0.00076083506540270546 -0.0069191816423678837 0.0012025108707417352 9.631793854356737e-06 -0.013247550942215587 -0.00011974056995822096 -0.00063773360029825417 -2.6096175434247402e-06
leaf_weight=83.046697616577148 99 42 53 20 21 213.04669761657715 55 27 103 22 20 26 23 89.046697616577148
leaf_count=78 99 42 53 20 21 208 55 27 103 22 20 26 23 84
internal_value=0.000758745 0.000357958 0.000100115 -0.00019811 -0.00464286 8.41221e-05 -0.000955715 -0.00174029 0.0012118 -0.000989843 -0.0055814 -0.00110158 -0.0051 0.00264306
internal_weight=896.14 797.14 755.14 702.14 41 661.14 344.047 289.047 317.093 125.047 42 262.047 49 192.047
internal_count=881 782 740 687 41 646 339 284 307 120 42 257 49 187
is_linear=0
shrinkage=0.05


Tree=181
num_leaves=15
num_cat=0
split_feature=1 0 0 0 5 13 1 1 13 0 2 4 9 15
split_gain=0.465908 0.356974 0.927111 0.347105 0.29434 0.242171 0.811461 0.542483 0.326639 0.225469 0.376158 0.493327 0.203055 0.433546
threshold=14.751063175991256 15.837749150289197 16.046325806939837 16.792665430421291 2.787026683990709 4.0140358132587517 11.646432995679277 13.099807726716778 3.5815589191851385 15.798925266415003 13.702597442901075 11.342709712776253 -0.22069533414098394 0.82512500000000011
decision_type=2 2 2 2 2 10 2 2 10 2 2 2 2 2
left_child=1 4 -3 -4 5 8 -7 -8 12 10 -2 -12 13 -1
right_child=9 2 3 -5 -6 6 7 -9 -10 -11 11 -13 -14 -15
leaf_value=0.00068794064517313069 0.0023814161778916952 -0.00038656320602045084 0.00034437633251785605 -0.00026600261389825292 0.0011503307540915446 0.00032400951004798924 -0.0033508401057468179 -0.00055469925140415636 0.0026713701951428213 0.0011024798025711935 -0.0058338445959810322 0.001065421106787445 -4.8315789072191282e-05 -0.00044603807283259266
leaf_weight=107 40 21 49 20 69 27.046697616577148 20 25 107.0933952331543 162 26 28 163.04669761657715 20
leaf_count=107 40 21 49 20 69 22 20 25 97 162 26 28 158 20
internal_value=0.00143578 0.0007008 -0.0021978 0.000642857 0.00118871 0.000735737 -0.00191339 -0.00597826 0.00121992 0.00322957 0.00126316 -0.00145455 0.00034439 0.00183594
internal_weight=884.187 628.187 90 69 538.187 469.187 72.0467 45 397.14 256 94 54 290.047 127
internal_count=864 608 90 69 518 449 67 45 382 256 94 54 285 127
is_linear=0
shrinkage=0.05


Tree=182
num_leaves=15
num_cat=0
split_feature=15 13 13 14 10 10 8 9 7 13 7 10 3 8
split_gain=0.394079 0.332337 0.469266 0.464942 0.347053 1.03216 0.365212 0.298375 0.472626 0.306053 0.360704 0.322499 0.456564 0.934203
threshold=-1.1641199999999998 2.5007776600261349 2.7492478955155986 4.0436453518320183 0.75756498438404929 0.64445579466475189 9.2500000000000018 0.38469719700095528 7.1500000000000012 4.5487730697576163 6.8500000000000005 -0.19722537325836093 8.0743318262623713 16.250000000000004
decision_type=2 8 8 2 2 2 10 2 2 8 2 2 2 10
left_child=-1 -2 3 -3 5 7 -6 8 9 10 11 12 13 -4
right_child=1 2 4 -5 6 -7 -8 -9 -10 -11 -12 -13 -14 -15
leaf_value=0.00098500659532291214 0.011155703179950415 -0.00041054763278475801 -0.0010510819036041285 -6.0792677655987094e-05 -0.01272964310767272 -0.00032460745630866065 0.0033053371902965079 0.00068389512412380489 0.003489316577369304 -0.00032539628440671491 -0.0051301300835966393 0.00045687880670137342 0.00016230159952641522 0.0028812577502605186
leaf_weight=137 61 24 28 23 27 33 113.04669761657715 205.14009284973145 35 32 21 45 81 23
leaf_count=137 61 24 28 23 27 33 108 190 35 32 21 45 81 23
internal_value=0.0010582 0.000606145 0.000290709 -0.00447917 0.000645673 3.11432e-05 0.0028376 0.00063824 -0.000469925 -0.0012987 -0.000552764 0.000196629 -0.00105263 -0.00471154
internal_weight=888.187 751.187 690.187 47 643.187 503.14 140.047 470.14 265 230 198 177 132 51
internal_count=868 731 670 47 623 488 135 455 265 230 198 177 132 51
is_linear=0
shrinkage=0.05


Tree=183
num_leaves=15
num_cat=0
split_feature=1 15 16 9 14 8 14 1 1 16 3 8 2 0
split_gain=0.392255 0.360529 0.377224 0.316766 0.211796 0.31926 0.673273 0.301165 0.528639 0.969712 0.409827 1.43939 0.742836 0.277633
threshold=9.9532426738528574 -1.2924149999999999 -0.33242999999999995 0.39873388578253716 5.9046552693094583 11.500000000000002 4.2009344006411995 11.646432995679277 12.538991975982244 0.37080500000000005 9.7725930922188802 18.350000000000005 11.549255986512796 14.477298238986755
decision_type=2 2 2 2 2 10 2 2 2 2 2 10 2 2
left_child=3 -2 -3 -1 5 6 -4 -7 9 -9 11 12 -10 -12
right_child=1 2 4 -5 -6 7 -8 8 10 -11 13 -13 -14 -15
leaf_value=-0.00036822428056032834 0.006123711871064196 -0.0014993231130508617 0.0023923750007172708 -6.3593706665107953e-05 0.0010768561102161961 0.0011916081560095096 -0.0011966387800304056 -0.00050084124417219052 -0.001041610689351574 0.0042542038248087896 -0.0013043764845877895 0.0004166455698559118 -0.00097697137762079041 0.00067965630191169177
leaf_weight=24 87 32 178.04669761657715 24.046697616577148 96 30 24 32 39 24.046697616577148 48 86 21 138
leaf_count=24 87 32 173 19 96 30 24 32 39 19 48 86 21 138
internal_value=0.00109225 0.0013461 0.000988484 -0.00325744 0.00122783 0.000886287 0.00251289 9.60121e-05 -0.000282142 -0.00472887 0.000480481 -0.0014966 -0.00737705 0.00203209
internal_weight=883.14 835.093 748.093 48.0467 716.093 620.093 202.047 418.047 388.047 56.0467 332 146 60 186
internal_count=868 825 738 43 706 610 197 413 383 51 332 146 60 186
is_linear=0
shrinkage=0.05


Tree=184
num_leaves=15
num_cat=0
split_feature=2 13 13 9 2 2 14 8 8 4 2 13 12 13
split_gain=0.549186 0.388648 0.495807 0.671355 0.567116 0.307919 0.424427 0.340608 0.617652 0.615341 0.481223 0.431057 0.396702 0.390645
threshold=10.352761963593805 4.3243355245049999 3.512756907847097 0.26092512978024796 6.3276959731977724 11.374111380597908 5.9594395523767583 19.200000000000006 24.250000000000004 3.9006956601457436 11.575179329836422 3.6918790522500609 1.0000000180025095e-35 3.0508391527108922
decision_type=2 10 8 2 2 2 2 10 10 2 2 8 10 10
left_child=1 2 3 -1 -4 -2 7 10 9 -9 -7 12 -10 -14
right_child=5 -3 4 -5 -6 6 -8 8 11 -11 -12 -13 13 -15
leaf_value=-2.2666936619084025e-05 0.00063701895125848837 -0.0028004490794208614 -9.2039182379069872e-05 -0.00045481691534397458 0.0059977878669030781 -0.01372238734111089 0.0016528551011742816 -8.2229288574472276e-05 0.0046423027892593073 -0.0042608485481343637 0.0014386062524290482 0.00089542530680790508 -0.00022440728912663556 -0.00019243698075412503
leaf_weight=65 144 24 29.046697616577148 43 60.046697616577148 25 97 20 32 23 196.04669761657715 37 21 58
leaf_count=65 144 24 24 43 55 25 97 20 32 23 191 37 21 58
internal_value=0.000823526 -0.00132617 -0.000578177 -0.00284404 0.0021696 0.00155223 0.000970957 0.000266879 -0.00127604 -0.00647727 0.00159981 0.000268457 -0.00129464 -0.0031875
internal_weight=874.14 221.093 197.093 108 89.0934 653.047 509.047 412.047 191 43 221.047 148 111 79
internal_count=859 211 187 108 79 648 504 407 191 43 216 148 111 79
is_linear=0
shrinkage=0.05


Tree=185
num_leaves=15
num_cat=0
split_feature=14 3 10 7 13 13 4 14 4 9 9 2 10 7
split_gain=0.515778 0.818467 0.360726 0.534732 0.220083 0.346599 0.421016 0.641532 0.371151 0.352375 0.317213 0.481949 0.838475 0.488596
threshold=0.40661190182880841 1.3195286648076296 -0.38469719700095517 5.1500000000000012 2.4670511503686972 2.6600494875419574 10.155977471300586 4.2009344006411995 9.2177872003841852 0.87567323142345177 0.25671049665402418 11.716101942589512 -0.098016907066150058 5.6500000000000012
decision_type=2 2 2 2 8 8 2 2 2 2 2 2 2 2
left_child=1 2 -1 -4 -2 -6 7 10 -9 -8 -7 13 -13 -12
right_child=4 -3 3 -5 5 6 9 8 -10 -11 11 12 -14 -15
leaf_value=0.00023045811213610992 0.032638930969114334 -0.00057841827281358978 -0.001160807297126994 0.00012805964765133 -0.00023091661960094979 0.00074026401937113146 0.0011163152672614381 -0.00081216100776157626 -0.0023292775492135794 -0.02524635186205881 -0.00028778540887771634 0.00077676044253755015 -0.00029685880465005443 0.0010367973342374568
leaf_weight=58.046697616577148 43 38 34 45.093395233154297 43 237 141 25 28 20 29 41 49 91.093395233154297
leaf_count=53 43 38 34 35 43 237 141 25 28 20 29 41 49 81
internal_value=0.000878616 -0.00155728 0.000258437 -0.00192941 0.00145098 0.00123454 0.00151862 0.000799186 -0.00435185 0.00373457 0.00141816 2.21235e-06 -0.00274725 0.00206838
internal_weight=922.233 175.14 137.14 79.0934 747.093 704.093 661.093 500.093 53 161 447.093 210.093 90 120.093
internal_count=897 160 122 69 737 694 651 490 53 161 437 200 90 110
is_linear=0
shrinkage=0.05


Tree=186
num_leaves=15
num_cat=0
split_feature=1 7 13 12 14 3 14 13 8 0 14 0 14 14
split_gain=0.406268 0.689229 0.413218 0.407779 0.641431 0.386638 0.380193 0.394507 0.424202 0.670609 0.385093 0.334953 0.316311 0.695211
threshold=9.9532426738528574 6.0100000000000007 3.0377499595791826 2.5000000000000004 0.6173310126210505 13.150788293093635 4.3495399979433182 2.5563404911825818 17.450000000000003 14.395140689944201 1.3906144890633165 15.048160610447411 4.7047332155314949 6.135404919216473
decision_type=2 2 10 10 2 2 2 10 10 2 2 2 2 2
left_child=1 -1 5 -4 -5 6 7 -2 10 -10 -9 -8 -6 -14
right_child=2 -3 3 4 12 -7 11 8 9 -11 -12 -13 13 -15
leaf_value=0.00028443176740169457 0.0010490889635392144 -0.00042679550488932744 0.00093510720973490752 -0.00051425498434260169 0.0021414392865713701 0.0050735317354091087 -0.0054602178474086726 -0.011405801331174713 -0.00024307704790223802 -0.0049501104669911478 0.0049139458802652282 -7.4601244688038805e-05 -0.00096257993398854089 0.0038470727188997622
leaf_weight=32.093395233154297 75 24 403.0933952331543 30.046697616577148 88 32 25 23 29 20 31 33 23 20
leaf_count=22 75 24 393 25 88 32 25 23 29 20 31 33 23 20
internal_value=0.00111463 -0.0029694 0.00139316 0.00216 3.22964e-05 -0.000223048 -0.00092827 0.000223464 -0.00177885 -0.0051 0.00127273 -0.00440678 0.00155303 -0.00193182
internal_weight=888.233 56.0934 832.14 564.14 161.047 268 236 178 103 49 54 58 131 43
internal_count=863 46 817 549 156 268 236 178 103 49 54 58 131 43
is_linear=0
shrinkage=0.05


Tree=187
num_leaves=15
num_cat=0
split_feature=15 4 1 13 0 10 1 10 13 3 0 13 7 13
split_gain=0.42995 0.444253 0.467493 0.605519 0.489218 0.364478 0.544404 0.65897 0.822736 0.577998 0.440587 0.422536 0.553463 0.360772
threshold=0.66927500000000018 5.4997983554930601 12.661806857947289 3.2690750720136168 13.61782393874296 0.75756498438404929 14.751063175991256 0.074102141141256975 3.6025798466659689 7.8979472974398321 15.99627640158476 4.5579882802345537 6.2500000000000009 3.1990111400154944
decision_type=2 2 2 10 2 2 2 2 10 2 2 8 2 8
left_child=5 2 4 -4 -2 6 7 10 13 -10 -1 -8 -13 -9
right_child=1 -3 3 -5 -6 -7 11 8 9 -11 -12 12 -14 -15
leaf_value=0.00022835599373536108 -0.00099861852799227008 0.00029970904559715019 -0.0032504535345200918 -0.0010544176300599918 0.013885204577240998 0.0012725291896211407 0.00075678135814089866 -0.00029848828048430182 -0.001469246168094604 -0.00029068231717398928 -0.00037797865186754546 -0.011303225458127763 0.0076059297308671966 0.00577559233877456
leaf_weight=241.04669761657715 25.046697616577148 68 24 22 26 149.04669761657715 149 56 20 25 34 21 20 27.046697616577148
leaf_count=236 20 68 24 22 26 144 149 56 20 25 34 21 20 22
internal_value=0.00125077 -0.00105251 -0.00321037 -0.00680851 0.000100554 0.00176373 0.0012043 0.00016201 -0.00278788 -0.00815217 0.00154044 0.00340314 -0.00107143 0.00018125
internal_weight=907.187 165.047 97.0467 46 51.0467 742.14 593.093 403.093 128.047 45 275.047 190 41 83.0467
internal_count=887 160 92 46 46 727 583 393 123 45 270 190 41 78
is_linear=0
shrinkage=0.05


Tree=188
num_leaves=15
num_cat=0
split_feature=2 0 8 0 7 8 8 7 14 8 2 1 14 2
split_gain=0.41452 0.512659 0.472319 0.717777 0.333349 0.263197 0.280669 0.251437 0.248346 0.576915 0.233316 0.761348 0.393932 0.507069
threshold=9.0965767664003732 14.599023630551345 29.975000000000005 12.894777939625641 5.4500000000000011 14.65 60.550000000000004 5.2500000000000009 4.7209182037664617 8.9500000000000011 11.025572197356253 12.538991975982244 1.8194822783761773 11.469521479540292
decision_type=2 2 10 2 2 10 10 2 2 10 2 2 2 2
left_child=1 2 3 4 -1 7 10 -2 -9 -10 -7 -12 13 -13
right_child=5 -3 -4 -5 -6 6 -8 8 9 -11 11 12 -14 -15
leaf_value=0.00095959408909440907 -0.00093451941011109859 0.00060990628974568395 0.00031108926900317658 -0.0017365601530948415 -0.0040809911862333438 0.00021724328041749879 0.00014092975344689353 0.0036969382111816333 -0.00023731887328225958 0.0038212976506168967 -0.00051821885316646183 -0.00090970388969590157 0.0001843414962759491 -7.3181381234118726e-05
leaf_weight=25.046697616577148 51.046697616577148 36.046697616577148 24 35 24 68 33 213.0933952331543 30 48 25 20 228 48
leaf_count=20 46 31 24 35 24 68 33 203 30 48 25 20 228 48
internal_value=0.000870148 -0.00158197 -0.0032992 -0.0050533 -0.00109431 0.001334 0.000496454 0.00236259 0.00292874 0.000506329 0.000115385 -0.00045031 0.00026936 -0.00304348
internal_weight=908.233 144.093 108.047 84.0467 49.0467 764.14 422 342.14 291.093 78 389 321 296 68
internal_count=883 134 103 79 44 749 422 327 281 78 389 321 296 68
is_linear=0
shrinkage=0.05


Tree=189
num_leaves=15
num_cat=0
split_feature=8 15 14 3 3 14 10 4 14 9 9 3 7 3
split_gain=0.33105 0.30552 0.273747 0.674659 0.615341 0.274224 0.245008 0.232247 0.473609 0.294574 0.187917 0.311194 0.463933 0.177677
threshold=7.9000000000000012 0.66927500000000018 0.22976101892545828 8.9995562212978921 7.3936222556772124 3.5519491752087817 -0.99598085043246998 6.9401845139563836 4.7047332155314949 0.44032991850403941 0.70864607840491656 6.1965322646744347 7.2500000000000009 12.565943602123111
decision_type=8 2 2 2 2 2 2 2 2 2 2 2 2 2
left_child=7 6 -3 4 -4 -5 -2 9 -9 -1 13 -12 -13 -8
right_child=1 2 3 5 -6 -7 10 8 -10 -11 11 12 -14 -15
leaf_value=-0.00013758779593204954 -0.00039509125667464267 0.00087054629642621196 -0.00013301026102868145 0.0010977742371656588 -0.014746524476240502 -0.0001587046946779371 0.00015958629429390316 0.011138572335064927 -0.00054014285097162169 -0.010998557040849025 -0.00093918312018141268 0.0019279250147399151 -0.0002735332618702101 0.0060446289036408347
leaf_weight=36 26 34.046697616577148 20 31 23 39 376.04669761657715 32 20 23 36.046697616577148 98 20 80
leaf_count=36 26 29 20 31 23 39 371 32 20 23 31 98 20 80
internal_value=0.00125198 0.00161413 -0.000437473 -0.00162281 -0.00647727 0.00140845 0.00208834 -0.00129464 0.00113208 -0.00341667 0.00229174 0.000775466 0.00201681 0.0028011
internal_weight=894.14 783.14 147.047 113 43 70 636.093 111 52 59 610.093 154.047 118 456.047
internal_count=879 768 142 113 43 70 626 111 52 59 600 149 118 451
is_linear=0
shrinkage=0.05


Tree=190
num_leaves=15
num_cat=0
split_feature=8 7 5 4 3 1 0 15 5 7 0 0 16 13
split_gain=0.33316 0.488856 0.433435 0.310577 0.336767 0.651406 0.620038 0.530188 0.187959 0.64638 0.284021 0.422738 0.786168 0.281602
threshold=6.6500000000000012 5.7500000000000009 1.0000000180025095e-35 12.008404511386336 12.469044565639642 14.687464756417432 15.798925266415003 -0.43006499999999998 7.0341670346143408 6.6500000000000012 16.461559314070588 15.542220311701046 1.0000000180025095e-35 3.7937825868612669
decision_type=8 2 2 2 2 2 2 2 2 2 2 2 2 8
left_child=1 -1 -3 4 8 -6 -7 -8 10 -10 11 13 -13 -2
right_child=3 2 -4 -5 5 6 7 -9 9 -11 -12 12 -14 -15
leaf_value=0.0009049623245224324 0.00014662735632879037 -0.00082243229377979899 -0.00021335579490788537 0.0012765624076859585 0.023505644339880026 -0.0014766546985073392 0.00015843811301519462 -0.00027874722850858177 -0.00049382320594086484 0.0056683798330746868 0.003208839440985497 -0.00047194112762031202 0.0010074812146324038 0.00050685700441019551
leaf_weight=40 300.04669761657715 23 27 62 27 21 21 22 25 22 68 30 61 124.14009284973145
leaf_count=40 295 23 27 62 27 21 21 22 25 22 68 30 61 109
internal_value=0.00121934 -0.00164835 -0.00490196 0.00155057 0.00125443 -0.00157609 -0.00430769 -0.000795454 0.00166501 -0.00135417 0.00191023 0.0015032 -0.00157609 0.00216595
internal_weight=873.187 90 50 783.187 721.187 91 64 43 630.187 47 583.187 515.187 91 424.187
internal_count=853 90 50 763 701 91 64 43 610 47 563 495 91 404
is_linear=0
shrinkage=0.05


Tree=191
num_leaves=15
num_cat=0
split_feature=1 10 10 8 3 3 3 8 8 5 9 13 3 14
split_gain=0.394681 0.514976 0.354369 0.262537 0.299218 0.442221 0.189949 0.180012 0.658814 0.263473 0.163463 0.190133 0.240771 0.647403
threshold=9.9532426738528574 0.25881904510252057 -0.99784942434084545 7.6100000000000003 9.7268762021038793 10.669553535678668 7.6554457920086589 12.050000000000002 13.15 8.9571883744325564 0.97813828947363146 3.2837557712968031 8.9251218736798812 3.1357621525351522
decision_type=2 2 2 10 2 2 2 10 10 2 2 8 2 2
left_child=1 -1 -2 4 6 -6 -4 9 -9 -5 11 12 -10 -14
right_child=2 -3 3 7 5 -7 -8 8 10 -11 -12 -13 13 -15
leaf_value=-2.6469101604724305e-06 -0.00075970559796573027 -0.00091432941434767202 -0.00027140087766348609 0.0019515210214394244 -0.0079911586266717734 -0.00011647940924910529 0.0050066419931480508 -0.0012939748518067667 0.0009994240113643802 -5.8993799293222533e-05 -5.2723956770704049e-05 0.00066621653751139061 -0.00028639924833435401 0.00014103851751484325
leaf_weight=36.093395233154297 27 21 24 159.04669761657715 27 27 27 34 68 22 20 259.0933952331543 44 103
leaf_count=26 27 21 24 154 27 27 27 34 68 22 20 249 44 103
internal_value=0.00115784 -0.00283222 0.00143171 0.00162021 -0.000707547 -0.00327273 0.00201923 0.00196539 0.001494 0.00332461 0.00196017 0.00214793 0.00104167 -0.000101351
internal_weight=898.233 57.0934 841.14 814.14 105 54 51 709.14 528.093 181.047 494.093 474.093 215 147
internal_count=873 47 826 799 105 54 51 694 518 176 484 464 215 147
is_linear=0
shrinkage=0.05


Tree=192
num_leaves=15
num_cat=0
split_feature=3 13 3 8 9 8 9 13 7 14 2 2 8 16
split_gain=0.328619 0.334994 0.316239 0.581644 0.40292 0.30358 0.318722 0.833362 0.311292 0.31955 0.204088 0.555893 0.416277 0.291353
threshold=14.062721239916847 2.2426843821962854 12.94274609994301 24.550000000000001 0.99250835852519903 5.2500000000000009 -0.60702770852580723 3.9169617688349754 5.1500000000000012 3.5519491752087817 11.034400581250797 10.682881186379747 28.350000000000005 1.0000000180025095e-35
decision_type=2 10 2 10 2 10 2 10 2 2 2 2 10 2
left_child=1 -1 4 -4 5 -3 7 8 -7 -10 11 -8 -12 -14
right_child=-2 2 3 -5 -6 6 10 -9 9 -11 12 -13 13 -15
leaf_value=-0.00071170098944300323 0.0094807585274794045 0.00079981522351622045 -0.0092299982596102254 0.00020092439495504336 -0.00016022387348043634 -0.00044895315926115611 7.3844581770109768e-05 -0.0010029891778296385 0.0055786413658527401 -0.0012497099894062142 0.0023001405123020888 -0.00037426710051973486 -0.00019961228754344104 0.00034009398184869515
leaf_weight=54 44 52 32 34 24 28 174.14009284973145 35 81 36 216.0933952331543 33 32 48
leaf_count=54 44 52 32 34 24 28 159 35 81 36 206 33 32 48
internal_value=0.000720778 0.000506874 0.000757858 -0.00253731 0.00104727 0.00125798 0.000973597 -0.000828729 0.000856165 0.00199153 0.00161863 0.000411744 0.00245871 -0.000617284
internal_weight=923.233 879.233 825.233 66 759.233 735.233 683.233 180 145 117 503.233 207.14 296.093 80
internal_count=898 854 800 66 734 710 658 180 145 117 478 192 286 80
is_linear=0
shrinkage=0.05


Tree=193
num_leaves=15
num_cat=0
split_feature=4 15 4 1 1 7 2 2 8 10 8 4 8 8
split_gain=0.498872 0.502422 0.512774 0.790364 0.512384 0.453581 0.494542 0.47709 0.432196 0.460245 0.967426 0.543741 0.390744 1.3147
threshold=11.125226048454413 -1.2924149999999999 6.8964361169388244 15.755070682384991 10.35830946619498 6.0100000000000007 11.575179329836422 8.4078804299200822 8.9500000000000011 0.026175951569891321 21.350000000000005 8.046468581807579 18.050000000000004 11.500000000000002
decision_type=2 2 2 2 2 2 2 2 10 2 10 2 10 10
left_child=1 -1 4 8 -3 6 7 -6 -4 11 -11 -10 13 -9
right_child=-2 2 3 -5 5 -7 -8 12 9 10 -12 -13 -14 -15
leaf_value=0.0028313323155493998 0.00096480501680653663 -0.00037372223523175199 0.00055016470803059044 -0.0096760419929890623 0.0008890936816438041 0.00072399454056722384 0.0012547420437417607 -2.2659493440787824e-05 -0.0024554474157301933 -0.00045186404182684554 0.00036032845150173805 0.0024619923036123658 0.00023490688452786125 -0.00063132976924133548
leaf_weight=90 124 42.046697616577148 38 21 49.046697616577148 128 116.04669761657715 66.046697616577148 21 38 29 62 41 34
leaf_count=90 124 37 38 21 44 128 111 61 21 38 29 62 41 34
internal_value=0.000828644 0.0003555 -0.000107938 -0.00216667 0.000798291 0.00131153 0.000262748 -0.00130582 -0.00111111 -0.00231788 -0.00536765 0.000178572 -0.00277913 -0.00445108
internal_weight=899.187 775.187 685.187 209 476.187 434.14 306.14 190.093 188 150 67 83 141.047 100.047
internal_count=879 755 665 209 456 419 291 180 188 150 67 83 136 95
is_linear=0
shrinkage=0.05


Tree=194
num_leaves=15
num_cat=0
split_feature=1 10 1 1 9 13 15 7 14 1 13 13 13 10
split_gain=0.779561 0.563856 0.3858 0.401266 0.391272 0.905703 0.572954 0.469347 0.354699 0.661587 0.379621 0.344194 0.291307 0.277114
threshold=9.9532426738528574 -0.16719855485485105 14.52395525415511 11.309863577029148 -0.60702770852580723 3.8539569225446724 0.82512500000000011 4.7500000000000009 3.0361675158333736 12.661806857947289 2.8808251908896749 3.1062043792790042 2.9151314714814558 -0.9025766923884776
decision_type=2 2 2 2 2 10 2 2 2 2 8 8 10 2
left_child=1 -1 3 -2 5 6 11 -6 13 -10 -11 12 -5 -9
right_child=2 -3 -4 4 7 -7 -8 8 9 10 -12 -13 -14 -15
leaf_value=-6.169168757244126e-05 0.0031008338945225609 -0.0052195097548493243 0.00066459637860751572 0.0027818918012177418 -0.0077791571747292572 -0.0013698940789426837 -0.00078519900130730148 -1.7883902758960547e-05 -0.00060388305709029098 -0.00042767505657616929 0.004009290406220156 0.0060660757025656452 -0.0053306884067202314 0.0026966216711828386
leaf_weight=34.093395233154297 44 21 297 22 22 20 24 51 21 20 55 38 24 178.14009284973145
leaf_count=24 44 21 297 22 22 20 24 51 21 20 55 38 24 163
internal_value=0.000809608 -0.00489421 0.00120016 0.000376246 -5.10342e-05 -0.0024031 -0.000550459 0.000820648 0.00130527 -0.00123711 0.000986842 0.00141176 -0.00148936 0.00237117
internal_weight=871.233 55.0934 816.14 519.14 475.14 128 108 347.14 325.14 96 75 84 46 229.14
internal_count=846 45 801 504 460 128 108 332 310 96 75 84 46 214
is_linear=0
shrinkage=0.05


Tree=195
num_leaves=15
num_cat=0
split_feature=14 14 8 5 13 13 16 10 13 3 14 10 14 8
split_gain=0.332894 0.484108 0.748864 0.345486 0.281249 0.243439 0.315194 0.312602 0.366895 0.376501 0.350703 0.638133 0.464867 0.225731
threshold=4.8215040091825498 4.2228882351687469 20.545000000000005 8.9571883744325564 2.7602839994478576 4.5690183866124068 0.10701500000000001 0.96126169593831889 3.9749746138079063 7.8979472974398321 0.71211442113764023 0.68834802305431453 1.2302211569316757 11.500000000000002
decision_type=2 2 10 2 10 8 2 2 10 2 2 2 2 10
left_child=1 5 -3 -2 -5 6 7 8 10 -10 -1 12 -12 -8
right_child=3 2 -4 4 -6 -7 13 -9 9 -11 11 -13 -14 -15
leaf_value=0.00075854559881787312 0.0022887518973636364 5.2343153278894863e-05 -0.0015803064452660756 -0.0034279802695187699 0.00017126252126093295 0.00031553726211945056 0.0012568206111626048 0.0013895333095365094 -0.0027165844596181762 -0.0001763916035993674 -0.00023781785881922795 -0.00027403525605069535 4.3385072907643632e-05 4.7917548351180485e-05
leaf_weight=70.046697616577148 117 27 21 20 52 55.046697616577148 109.04669761657715 40 24 33 20 20 133 161
leaf_count=65 117 27 21 20 52 50 104 40 24 33 20 20 133 161
internal_value=0.00100837 0.000512085 -0.00428571 0.00286842 0.000136986 0.000864233 0.000573508 -0.000439138 -0.000995747 -0.00456897 -0.000142458 -0.00135057 -0.000227273 0.00184556
internal_weight=902.14 713.14 48 189 72 665.14 610.093 340.047 300.047 57 243.047 173 153 270.047
internal_count=887 698 48 189 72 650 600 335 295 57 238 173 153 265
is_linear=0
shrinkage=0.05


Tree=196
num_leaves=15
num_cat=0
split_feature=13 4 10 15 15 1 4 1 7 1 14 15 8 2
split_gain=0.510649 0.342939 0.547131 0.522831 0.582891 0.675039 0.415705 0.575988 0.636803 0.886022 0.657617 0.386933 0.358189 0.69821
threshold=4.2517113222717953 10.021797621935265 -0.94325749556434169 -1.1641199999999998 -0.83455499999999994 14.770843333182821 5.8072895593483649 14.716209395592537 6.6500000000000012 13.307875549349886 3.0917773372545239 -1.1770999999999998 17.955000000000002 12.57572110673229
decision_type=10 2 2 2 2 2 2 2 2 2 2 2 10 2
left_child=1 3 -3 -1 5 -5 12 8 9 -8 -11 -4 13 -6
right_child=-2 2 11 4 6 -7 7 -9 -10 10 -12 -13 -14 -15
leaf_value=0.0025871498158278406 0.00037806794376064277 -0.00043775422654973074 -6.7738579976596826e-05 -0.00051043758179844132 3.7276064300608824e-05 -0.0012009852889631719 -0.00067603073103039224 0.00051008040250450444 0.00097175842519628452 0.00077420266947928265 -0.0056577887006130784 0.0013850750511106577 0.00045398879003644426 -0.027788596985796707
leaf_weight=86.046697616577148 118.04669761657715 26 29 27 165.14009284973145 22 29 31 31 32 20 120 151 20
leaf_count=81 113 26 29 27 150 22 29 31 31 32 20 120 151 20
internal_value=0.000645393 0.000184683 0.00213068 -0.000372352 -0.000962504 -0.0061 -0.0004255 -0.00267361 -0.00433628 -0.00664634 -0.00264151 0.0033 0.000535981 -0.000936389
internal_weight=907.233 789.187 175 614.187 528.14 49 479.14 143 112 81 52 149 336.14 185.14
internal_count=882 769 175 594 513 49 464 143 112 81 52 149 321 170
is_linear=0
shrinkage=0.05


Tree=197
num_leaves=15
num_cat=0
split_feature=1 13 1 14 14 13 0 10 10 1 4 14 10 7
split_gain=0.457209 0.389255 0.394631 0.539172 0.831726 0.760686 0.30889 1.05587 0.506277 0.570276 0.250368 0.64593 0.237868 0.291993
threshold=15.807939224393884 4.5690183866124068 15.651820649340765 4.8215040091825498 4.2009344006411995 3.3231252918076066 14.004921479957348 0.23766552919915279 0.59827334065059656 11.885105159201204 2.3410656135621104 2.5482486921942873 -0.2397582400620111 7.1500000000000012
decision_type=2 10 2 2 2 10 2 2 2 2 2 2 2 2
left_child=1 2 3 4 6 -6 7 10 -9 -10 -1 -12 13 -5
right_child=-2 -3 -4 12 5 -7 -8 8 9 -11 11 -13 -14 -15
leaf_value=0.0031614988219373615 0.0024607226309468796 0.00030329453824837188 -0.0057520744678065507 0.020753804723923505 -0.0004383379149006288 -0.00072094738071610501 3.0637679328688305e-05 -0.0017000125552975823 0.00011280198813803772 -0.002077512752244666 -0.00078587049208019466 0.0051067776044507072 0.0019622994324197721 -0.00028806451676653596
leaf_weight=73.046697616577148 99 36.046697616577148 20 33 24 20 364 22 28 29 23 30 64 22
leaf_count=68 99 31 20 33 24 20 364 22 28 29 23 30 64 22
internal_value=0.000265138 -0.000138809 -0.000384792 -0.000190665 -0.000789462 -0.00733333 -0.000271498 -0.00181884 -0.0063125 -0.0037069 0.00102508 -0.00157407 0.002875 0.000446429
internal_weight=887.093 788.093 752.047 732.047 613.047 44 569.047 205.047 79 57 126.047 53 119 55
internal_count=877 778 747 727 608 44 564 200 79 57 121 53 119 55
is_linear=0
shrinkage=0.05


Tree=198
num_leaves=15
num_cat=0
split_feature=13 12 13 15 10 1 2 0 1 0 2 0 8 8
split_gain=0.383772 0.289024 0.522644 0.540342 0.271787 0.288766 0.669178 0.427464 1.02358 1.35243 0.29527 0.466886 0.791895 0.230248
threshold=4.5548499252951204 1.0000000180025095e-35 2.9398388295185423 -1.0778199999999998 0.96648588260150581 12.116287536430383 10.707146935600546 15.450586597540411 13.667301604469792 15.814719147144968 9.5129043380772824 11.723960037456015 14.350000000000003 21.350000000000005
decision_type=10 10 8 2 2 2 2 2 2 2 2 2 10 10
left_child=1 -1 3 -3 5 6 10 -7 -9 -10 11 -4 -13 -11
right_child=-2 2 4 -5 -6 7 -8 8 9 13 -12 12 -14 -15
leaf_value=0.00033365988443487639 0.0010342806078642176 -0.00055202641933558064 0.0003502397397239175 -0.00014734404422298478 0.0032539449178072099 0.00030901215089300512 -0.0006471679082683127 -0.00024245404651974944 -0.0012611016594891499 0.00072740124672806563 0.030371136649783317 -0.015055394141691214 -1.2482161774467661e-05 -0.00015534541667884777
leaf_weight=159 53.046697616577148 22 30.046697616577148 29 33 275.04669761657715 24 21 32 93 23.046697616577148 20 26 46
leaf_count=159 48 22 25 29 33 270 24 21 32 93 18 20 26 46
internal_value=0.000823878 0.0005583 0.00010472 -0.00471154 0.000505817 0.000254932 -0.00188997 0.000823067 -0.000984456 0.000319768 -4.52878e-05 -0.00155447 -0.00468085 0.00246429
internal_weight=886.187 833.14 674.14 51 623.14 590.14 123.093 467.047 192 171 99.0934 76.0467 46 139
internal_count=866 818 659 51 608 575 113 462 192 171 89 71 46 139
is_linear=0
shrinkage=0.05


Tree=199
num_leaves=15
num_cat=0
split_feature=8 16 5 10 3 14 13 2 13 9 15 0 8 14
split_gain=0.286381 0.280552 0.541269 0.715955 1.34601 0.634807 0.404263 0.460536 0.686123 0.662606 0.342134 0.283394 0.277774 0.408851
threshold=60.550000000000004 1.0000000180025095e-35 4.7852994436231349 0.074102141141256975 8.4730319460816848 4.2890227835308243 3.5569021725796435 9.7329153499248715 3.2690750720136168 0.58411063003844077 -0.94026999999999983 16.818864548502386 15.050000000000002 1.7969789656545367
decision_type=8 2 2 2 2 2 8 2 10 2 2 2 10 2
left_child=1 2 3 5 -5 -1 7 8 9 -3 -9 -12 13 -8
right_child=-2 6 -4 4 -6 -7 12 10 -10 -11 11 -13 -14 -15
leaf_value=0.00017619824883489249 0.0026537520678940885 0.0014587264427083483 0.00029646189682520419 -0.0010960485182727896 -0.00010945728305406367 -0.00065282796340388079 0.004303864303722032 -0.00037389660691135502 -0.0043814300817157483 -0.0014043230548509541 0.00061690932389539088 -0.0049896488914687696 0.00098491245961819323 -0.00020289992319020282
leaf_weight=82 44 29 48 20 41 26 88.046697616577148 53 22 21 233 24 97.046697616577148 72
leaf_count=82 44 29 48 20 41 26 83 53 22 21 233 24 92 72
internal_value=0.000999305 0.000793924 -0.000756881 -0.00208824 -0.00637097 0.000366973 0.00132085 0.000287206 -0.00328767 1.82612e-10 0.0011254 0.00187985 0.00284962 0.00155379
internal_weight=900.093 856.093 217 169 61 108 639.093 382 72 50 310 257 257.093 160.047
internal_count=890 846 217 169 61 108 629 382 72 50 310 257 247 155
is_linear=0
shrinkage=0.05


Tree=200
num_leaves=15
num_cat=0
split_feature=7 0 10 8 9 13 2 0 1 9 4 2 7 1
split_gain=0.385548 0.359243 0.702093 0.315165 0.95161 0.355892 0.355749 0.255497 0.246446 0.45133 0.320408 0.287234 0.202227 0.170665
threshold=5.0500000000000007 11.918138070231437 0.23766552919915279 39.20000000000001 0.25671049665402418 3.2555640719596006 8.9030879424144285 15.048160610447411 14.299359300181179 -0.25881904510252113 6.0099799556481051 10.352761963593805 6.3500000000000005 12.599490740942857
decision_type=2 2 2 10 2 8 2 2 2 2 2 2 2 2
left_child=-1 2 -2 5 7 8 -7 -5 9 10 -3 -11 -13 -8
right_child=1 3 -4 4 -6 6 13 -9 -10 11 -12 12 -14 -15
leaf_value=0.00043520648389220104 1.4449719454275347e-05 -0.00036487118377445438 -0.00045528468158416826 -9.2457588969941881e-05 -0.00036165208622580304 -0.00094607137729449181 0.0083633083605553805 0.0021136523720975352 0.00062198619825961678 -0.00029908923856605612 -0.0076056468453903764 0.012328701714341514 -0.00052778227307058825 0.00032194692770542001
leaf_weight=90 40.046697616577148 23 28 21 38 41.046697616577148 65.140092849731445 34 122 20 23 45 21 274
leaf_count=90 35 23 28 21 38 36 50 34 122 20 23 45 21 274
internal_value=0.000762968 0.000409638 -0.00303804 0.000735984 -0.00196808 0.001135 0.00210116 0.00223214 -0.000313725 -0.00180451 -0.00574468 0.000344828 0.0019403 0.00263333
internal_weight=885.233 795.233 68.0467 727.187 93 634.187 380.187 55 254 132 46 86 66 339.14
internal_count=860 770 63 707 93 614 360 55 254 132 46 86 66 324
is_linear=0
shrinkage=0.05


Tree=201
num_leaves=15
num_cat=0
split_feature=1 1 0 16 0 10 9 7 7 10 0 7 12 3
split_gain=0.325687 0.630955 0.239549 0.824348 0.800402 0.55472 0.316869 0.391359 0.311097 0.498024 0.241397 0.360136 0.236734 0.475194
threshold=15.474394740006153 15.345601561204473 15.542220311701046 1.0000000180025095e-35 16.025027961080848 -0.68973679431060764 -0.70710678118654735 5.1500000000000012 5.9500000000000011 0.23766552919915279 14.901640119333409 5.3500000000000005 1.0000000180025095e-35 10.945865477765604
decision_type=2 2 2 2 2 2 2 2 2 2 2 2 8 2
left_child=1 2 6 4 -4 -5 7 -1 -9 -10 11 -8 13 -13
right_child=-2 -3 3 5 -6 -7 10 8 9 -11 -12 12 -14 -15
leaf_value=-0.00062347895219118897 0.0015660499049838098 -0.0011687165390611169 -0.00052321583157624758 -0.00072204167864592806 5.3611852235364504e-06 0.0028819470306506983 0.00070866555378324824 0.0072003922234517423 0.00041899249741988428 -0.0076937907525790302 0.00063142442427839042 -0.00037366620262006237 0.00039266404878969752 0.01040177443183507
leaf_weight=20 142 24 21 39 21 104 99.093395233154297 40 24 24 86.046697616577148 23 206.0933952331543 21
leaf_count=20 142 24 21 39 21 104 89 40 24 24 81 23 196 21
internal_value=0.00102897 0.00061225 0.000879235 -0.000672043 -0.00674419 0.00114583 0.00140779 -0.00100917 0.000449438 -0.0022449 0.00200848 0.0014162 0.000400118 -0.00288889
internal_weight=894.233 752.233 728.233 185 42 143 543.233 108 88 48 435.233 349.187 250.093 44
internal_count=869 727 703 185 42 143 518 108 88 48 410 329 240 44
is_linear=0
shrinkage=0.05


Tree=202
num_leaves=15
num_cat=0
split_feature=0 0 15 0 1 1 0 1 2 13 9 14 1 4
split_gain=0.309834 0.312552 0.21305 0.282909 0.256632 0.910393 0.678077 0.616994 0.779236 0.24527 0.347684 0.630025 0.265603 0.340675
threshold=12.99662366452964 13.418659628045447 0.73686500000000021 14.625529914404526 14.103646624509897 13.91049219669029 15.85142948336115 13.051718662833805 11.535626438014353 4.2517113222717953 0.25671049665402418 2.4381498588656307 14.872388405899644 7.7699547862938187
decision_type=2 2 2 2 2 2 2 2 2 8 2 2 2 2
left_child=-1 -2 4 -4 5 6 7 8 -3 10 12 -12 -6 -14
right_child=1 2 3 -5 9 -7 -8 -9 -10 -11 11 -13 13 -15
leaf_value=0.00059189226537839342 -0.00034937253893042972 0.00020595359530093109 -0.00013757468005220043 0.0053969894521868969 0.001275226045459473 -0.0013224337042722939 -0.00038227813028444643 0.0071404860298145637 -0.00057336924559763262 0.0012747036253949223 -0.0028167347367215548 1.6594269975374766e-05 0.0015404182521207342 -6.8614281502608473e-05
leaf_weight=144.0933952331543 33 81.046697616577148 36 67.046697616577148 60 28 30 94 25 85 21 109 28 50
leaf_count=134 33 76 36 62 60 28 30 94 25 85 21 109 28 50
internal_value=0.00112749 0.000715776 0.000937594 0.00302973 0.000580403 -0.000616748 0.000433824 0.00149335 -0.00111882 0.0014548 0.00070632 -0.00114504 0.00244604 0.000506329
internal_weight=891.187 747.093 714.093 103.047 611.047 258.047 230.047 200.047 106.047 353 268 130 138 78
internal_count=871 737 704 98 606 253 225 195 101 353 268 130 138 78
is_linear=0
shrinkage=0.05


Tree=203
num_leaves=15
num_cat=0
split_feature=8 10 2 15 13 9 3 15 1 8 1 4 8 2
split_gain=0.440935 0.371881 0.842131 0.588066 0.570659 0.607774 0.577688 0.513537 0.436702 0.346628 0.517661 0.423171 0.333659 0.375861
threshold=14.65 -0.061027619725079495 8.4078804299200822 -1.2924149999999999 2.9940036570363189 -1.0000000180025095e-35 7.1119319954218057 -0.11977499999999999 12.847149248795558 16.450000000000003 14.872388405899644 7.7699547862938187 6.6500000000000012 10.833261548174768
decision_type=10 2 2 2 8 2 2 2 2 10 2 2 10 2
left_child=12 2 -2 -4 5 -3 7 -6 -5 -10 -11 -12 13 -1
right_child=1 4 3 8 6 -7 -8 -9 9 10 11 -13 -14 -15
leaf_value=0.00033017232285612844 0.00025551406581418909 0.00032847596492285175 0.0035977291958149502 -0.0005315968851172557 -0.00037697677265294418 -0.0003223551010575217 0.0012598239445315068 0.00014346665733884709 -0.012548739630624188 0.0011071531621081822 5.5346248468949092e-05 -0.00056823096241669254 0.00060283005058587441 -0.00020034739089256975
leaf_weight=31 38.046697616577148 35 30 30 31 42 129 28 21 64 21 36 307.14009284973145 52
leaf_count=31 33 35 30 30 31 42 129 28 21 64 21 36 292 52
internal_value=0.000531066 -0.000444161 -0.00186589 -0.00315271 0.000845865 -0.00275641 0.00232804 -0.00175 -0.00427746 -0.00307692 -0.0020082 -0.00543103 0.00179143 -0.0010119
internal_weight=895.187 505.047 240.047 202 265 77 188 59 172 142 121 57 390.14 83
internal_count=875 500 235 202 265 77 188 59 172 142 121 57 375 83
is_linear=0
shrinkage=0.05


Tree=204
num_leaves=15
num_cat=0
split_feature=13 5 3 9 9 10 2 13 14 16 0 2 3 2
split_gain=0.496352 0.689546 1.19063 0.460927 0.50242 1.27753 0.579927 0.443276 0.399925 0.418371 0.345225 0.333514 0.519697 0.179316
threshold=3.0377499595791826 5.8442286787023843 11.2311094700197 0.9562228270146037 -0.87777193418473631 0.074102141141256975 14.860683605382958 2.8396057448739742 3.6625774401023232 0.10701500000000001 13.041378880533072 11.252355811132036 11.285711104550765 11.964177395435597
decision_type=8 2 2 2 2 2 2 10 2 2 2 2 2 2
left_child=1 7 -3 4 5 -2 13 10 9 -5 -1 -9 -13 -6
right_child=3 2 -4 8 6 -7 -8 11 -10 -11 -12 12 -14 -15
leaf_value=-0.00038815958230442908 0.00026197504045664233 -0.0021033533030997559 7.7896826573721145e-05 -0.00054440001959611499 0.00021368169330246707 -0.003020670821704742 -0.0080092727296392722 0.0023929149432365491 0.0024254051543291391 -2.4649423489429363e-05 0.0054914625815639904 -0.0045633086262420967 -0.00013694005580626561 0.0025474559262602483
leaf_weight=23 57 26 33 23 274.0933952331543 24 25 27 23 20 107 21 20 177
leaf_count=23 57 26 33 23 264 24 25 27 23 20 107 21 20 177
internal_value=0.000624755 -0.00122093 -0.00591667 0.00138676 0.00185537 -0.00176829 0.00247429 0.000201005 -0.00253731 -0.00534091 0.0019084 -0.00304348 -0.00583333 0.0028876
internal_weight=880.093 257 59 623.093 557.093 81 476.093 198 66 43 130 68 41 451.093
internal_count=870 257 59 613 547 81 466 198 66 43 130 68 41 441
is_linear=0
shrinkage=0.05


Tree=205
num_leaves=15
num_cat=0
split_feature=9 8 0 8 8 2 14 12 16 15 0 5 2 8
split_gain=0.390801 0.67717 1.2696 1.39039 0.406884 0.405919 0.918874 0.902871 0.298463 0.293528 0.262451 0.433306 0.25117 0.34092
threshold=-0.25881904510252113 20.950000000000003 15.105725432327132 26.850000000000005 5.7500000000000009 9.8842529249018813 0.11421325523412328 1.5000000000000002 1.0000000180025095e-35 -1.1068949999999997 14.015221205518571 1.0000000180025095e-35 12.115537314248444 13.050000000000002
decision_type=2 10 2 10 8 2 2 8 2 2 2 2 2 10
left_child=4 5 9 -4 -1 6 -2 -8 -5 -3 11 -7 13 -6
right_child=1 2 3 8 12 10 7 -9 -10 -11 -12 -13 -14 -15
leaf_value=-0.0037401686334734177 0.0045871670646736272 -0.00050059754643974521 -0.00085497907172202606 -0.00028454568825204545 0.00020928768367377583 -0.00024932575390181717 -0.001190909624498665 -6.8961889795014463e-05 -0.00010839698896763684 9.6979529378371035e-05 0.0010216848830845427 0.010174246283006207 0.0086479900176861507 -5.0061726279618356e-05
leaf_weight=26 45.093395233154297 33 20 22 67 20 23 21 34 98 223.0933952331543 23 139 107
leaf_count=26 35 33 20 22 67 20 23 21 34 98 213 23 139 107
internal_value=0.000117419 -0.000690829 -0.00295673 -0.00805195 0.00145588 0.000634313 -0.00227023 -0.00733333 -0.00385965 3.7879e-05 0.00161167 -0.00193182 0.0019586 0.000685714
internal_weight=901.187 562.187 207 76 339 355.187 89.0934 44 56 131 266.093 43 313 174
internal_count=881 542 207 76 339 335 79 44 56 131 256 43 313 174
is_linear=0
shrinkage=0.05


Tree=206
num_leaves=15
num_cat=0
split_feature=8 4 4 10 9 2 3 3 13 5 7 0 7 10
split_gain=0.603138 0.592222 0.627904 0.865768 0.515336 0.779677 0.969212 0.672964 0.611472 0.422592 0.39627 0.483799 0.605601 0.426646
threshold=15.050000000000002 2.3410656135621104 8.1261483846332627 0.49240481012316867 -0.043619387365336666 8.4078804299200822 8.3074692296112875 11.532059190776282 3.5959696011759017 9.6540753302478191 5.5500000000000007 14.586376657530122 7.0500000000000007 -0.2397582400620111
decision_type=10 2 2 2 2 2 2 2 10 2 2 2 2 2
left_child=1 -1 3 -3 10 -6 8 -8 -7 -4 -2 12 -12 -13
right_child=4 2 9 -5 5 6 7 -9 -10 -11 11 13 -14 -15
leaf_value=0.00091322885140253406 0.0061320118499218687 -0.00035453545342308571 0.0069973161129652031 0.00023876621083316883 8.6086208071054719e-05 -0.0091393115685066539 8.8877960014406522e-05 -0.00044383480773745634 -0.00022316722121421787 -4.7846452593416394e-05 -0.0051243254368224626 -0.00045403606771028221 0.00059249154422785246 0.014287919458755453
leaf_weight=198.18679046630859 43 57 112 30 29.046697616577148 20 80 89 21 29 39 54 22 50
leaf_count=178 43 57 112 30 24 20 80 89 21 29 39 54 22 50
internal_value=0.000132879 0.00147695 -0.000262009 -0.00357955 -0.00114891 -0.00272766 -0.00379147 -0.00208824 -0.0105952 0.00179577 0.000669857 -0.000451807 -0.00395161 0.00161905
internal_weight=873.233 426.187 228 87 447.047 239.047 210 169 41 141 208 165 61 104
internal_count=848 406 228 87 442 234 210 169 41 141 208 165 61 104
is_linear=0
shrinkage=0.05


Tree=207
num_leaves=15
num_cat=0
split_feature=2 13 0 0 8 8 12 14 13 9 3 3 3 15
split_gain=0.427726 0.489501 0.371615 0.772618 0.488018 0.883719 0.941461 0.614341 0.56533 0.663676 0.523809 0.816011 0.477533 0.364172
threshold=10.746341140496785 2.6183073868508173 17.233064635302792 16.792665430421291 19.020000000000003 26.850000000000005 1.5000000000000002 4.5917641264578544 3.6189481685919693 0.25671049665402418 10.273469583031011 9.6705788083499247 6.5822274828246474 -0.11977499999999999
decision_type=2 8 2 2 10 10 10 2 10 2 2 2 2 2
left_child=-1 -2 3 4 10 6 7 -6 -7 -10 11 12 -3 -12
right_child=1 2 -4 -5 5 8 -8 -9 9 -11 13 -13 -14 -15
leaf_value=0.00017645876114325305 0.0102362821862036 -0.00071986851294414964 0.0026683510253969083 -0.003643654973809789 -0.0037852109076422671 0.00029734726045766639 -0.00014704043193417062 -0.00078985010003803377 -8.3125597383162429e-05 -0.00059518417213331196 0.0046557254438477748 -0.00040956131786171169 0.0025094453425904286 -2.3393596071875385e-05
leaf_weight=261.0933952331543 72 35.093395233154297 27 33 22 94 31 24 28 27 86 34 53 58
leaf_count=251 72 25 27 33 22 94 31 24 28 27 86 34 53 58
internal_value=0.000424215 -0.00028721 -0.000794681 -0.00109207 -0.000587177 -0.00229075 -0.00660256 -0.0110638 -3.33331e-05 -0.00401786 0.000862871 -0.00153975 0.00101542 0.00289655
internal_weight=885.187 624.093 552.093 525.093 492.093 226 77 46 149 55 266.093 122.093 88.0934 144
internal_count=865 614 542 515 482 226 77 46 149 55 256 112 78 144
is_linear=0
shrinkage=0.05


Tree=208
num_leaves=15
num_cat=0
split_feature=2 4 2 4 3 5 3 8 4 0 13 13 3 2
split_gain=0.77388 0.337625 0.370161 0.384228 0.678644 0.408896 0.383966 0.79155 0.49061 0.38057 0.306074 0.243019 0.380952 0.22619
threshold=10.833261548174768 12.307591968606514 13.527992964228725 10.779810090014157 12.469044565639642 6.6153774474657583 11.999498649550073 23.350000000000005 8.4472909117746156 13.723958303648894 4.1574051389499429 2.7331080139937307 7.3936222556772124 8.5339892966668902
decision_type=2 2 2 2 2 2 2 10 2 2 10 8 2 2
left_child=10 2 3 4 5 9 -4 -8 -9 -2 11 12 -1 -12
right_child=1 -3 6 -5 -6 -7 7 8 -10 -11 13 -13 -14 -15
leaf_value=0.0042146001125580087 -0.00025614014173020166 0.018653382972413108 -0.0090506765225888772 0.020581431727903311 -0.0010867421599591483 -0.00079490534119432609 0.0050281682970825014 0.00023482240755740155 -0.00031784835468283141 0.00017876624165900893 -0.0012971188655716078 0.00055073046676397462 -0.00021972150937073342 0.00013636693944021194
leaf_weight=20 64 46 31 38 21 28 43 23 36 271.0933952331543 20 207.14009284973145 20 21
leaf_count=20 64 46 31 38 21 28 43 23 36 261 20 192 20 21
internal_value=0.000782006 -0.000240051 -0.000583594 0.000142917 -0.000336368 0.000179808 -0.00287313 -0.00135922 -0.00508333 0.000670846 0.00290759 0.00356936 1.81721e-10 -0.00107143
internal_weight=889.233 601.093 555.093 422.093 384.093 363.093 133 102 59 335.093 288.14 247.14 40 41
internal_count=864 591 545 412 374 353 133 102 59 325 273 232 40 41
is_linear=0
shrinkage=0.05


Tree=209
num_leaves=15
num_cat=0
split_feature=3 13 14 9 3 14 3 3 3 14 13 3 3 7
split_gain=0.764517 0.494546 0.66664 0.442964 0.810653 1.32609 0.566825 1.32419 0.35704 0.448422 0.33041 0.32577 0.623843 0.241873
threshold=9.6705788083499247 2.6600494875419574 0.79340990612664786 -0.49431062074847748 11.16144620573994 2.9208133094535964 12.43156782706953 13.511894145416049 13.063184178775765 6.6195261692864023 3.3845171494617481 12.484008145059095 12.101237045535745 5.1500000000000012
decision_type=2 8 2 2 2 2 2 2 2 2 10 2 2 2
left_child=1 2 -1 4 5 -2 -6 -8 11 -10 -3 12 -5 -12
right_child=3 10 -4 8 6 -7 7 -9 9 -11 13 -13 -14 -15
leaf_value=0.014341533288933162 -4.246127715447305e-05 0.00089825804925888406 -0.0044668359350560575 9.6761887471687912e-05 0.00102882075597245 -0.0016163692068426616 -0.0009684622159556671 0.015309471529007935 -0.0011725173047400835 5.0602950188966003e-05 -0.00016936682873534449 0.017088036738163344 -0.00062392846283628031 0.00018816437770511203
leaf_weight=23 29 153 20 185 44 29 27 23 38 29 42 42 30 173.14009284973145
leaf_count=23 29 153 20 185 44 29 27 23 38 29 42 42 30 158
internal_value=0.000377982 0.00195492 -0.00306818 -0.000985325 -0.00320261 -0.00779661 -0.000315789 -0.00392157 6.15386e-05 -0.00316176 0.00254836 0.000910853 0.000115741 0.00127556
internal_weight=887.14 411.14 43 476 152 58 94 50 324 67 368.14 257 215 215.14
internal_count=872 396 43 476 152 58 94 50 324 67 353 257 215 200
is_linear=0
shrinkage=0.05


Tree=210
num_leaves=15
num_cat=0
split_feature=14 9 9 4 2 15 9 10 15 15 10 4 0 1
split_gain=0.714042 0.422941 0.600787 0.405756 0.444538 0.355709 0.487367 1.34405 0.847439 0.475243 0.467183 0.606316 0.413996 0.201591
threshold=3.3267100604603139 0.9562228270146037 0.97813828947363146 12.396072387223953 10.86988736148618 -1.2924149999999999 -0.49431062074847748 -0.49810825183760388 0.17533000000000001 0.63776500000000014 -0.098016907066150058 9.2926426512565161 16.139098039155321 15.16503137307504
decision_type=2 2 2 2 2 2 2 2 2 2 2 2 2 2
left_child=1 13 -3 4 -2 -6 7 -7 -9 10 12 -12 -8 -1
right_child=3 2 -4 -5 5 6 9 8 -10 -11 11 -13 -14 -15
leaf_value=0.00017420597565212504 0.00043961549950731363 -0.00070497740955309258 0.0054470922548937152 0.01512763970355125 0.034728580857313229 -0.0032665780248982801 -0.00088906321202959207 0.013362581926757048 -0.00090280407693041007 0.009675028204331821 -0.0018875803959653087 -4.1120381457521819e-05 0.014714699623819827 -0.00014403885225893281
leaf_weight=452.14009284973145 23 28 27.046697616577148 52 27 23 35 32 20 47 22 35 25 42
leaf_count=437 23 28 22 52 27 23 35 32 20 47 22 35 25 42
internal_value=0.000786518 0.00190105 -0.00222612 -0.00100877 -0.00174138 -0.0023221 -0.0029375 -0.00625 -0.00169811 -0.00139394 -0.00309322 -0.0062931 1.83211e-10 0.00236438
internal_weight=890.187 549.187 55.0467 341 289 266 239 75 52 164 117 57 60 494.14
internal_count=870 529 50 341 289 266 239 75 52 164 117 57 60 479
is_linear=0
shrinkage=0.05


Tree=211
num_leaves=15
num_cat=0
split_feature=3 3 0 4 4 5 2 1 1 1 13 13 3 0
split_gain=0.406341 0.382991 0.295501 0.316226 1.0202 0.227675 0.91664 0.224006 0.360901 0.261509 0.344391 0.481009 0.233286 0.306863
threshold=9.6705788083499247 9.8788955593700294 12.270442365115466 11.92474704216828 12.396072387223953 8.4353839539398141 12.791721870760126 12.961945650814028 12.339994544195413 14.032346104925397 3.7937825868612669 3.5534561859539893 12.166576137550491 15.218706338511653
decision_type=2 2 2 2 2 2 2 2 2 2 10 10 2 2
left_child=-1 -2 -3 5 -5 7 -7 8 -4 -9 11 12 13 -11
right_child=1 2 3 4 -6 6 -8 9 -10 10 -12 -13 -14 -15
leaf_value=0.00018132178787018714 -0.00037364540662631604 -0.00044320327249904159 0.0017953808457724725 -0.0013140152089517777 0.001870842237812128 -0.0059983933252163342 0.002353158134955056 0.0052074352364867996 -0.00075276537380976338 -0.00060886985320004008 0.0035356051288177844 -0.00086619749377381977 -0.00027973472243706955 0.0038879656827234422
leaf_weight=414.23348808288574 22 33 25 21 48 20 23 76 23 21 53 21 47 58
leaf_count=389 22 33 25 21 48 20 23 76 23 21 53 21 47 58
internal_value=0.00118752 0.000213415 0.000521277 0.000869565 -0.00221429 0.0014538 -0.00193182 0.00190769 -0.00122449 0.00245487 0.00149254 0.000236487 0.00141732 0.0030625
internal_weight=905.233 491 469 436 69 367 43 324 48 276 200 147 126 79
internal_count=880 491 469 436 69 367 43 324 48 276 200 147 126 79
is_linear=0
shrinkage=0.05


Tree=212
num_leaves=15
num_cat=0
split_feature=1 1 2 14 13 0 7 8 10 3 14 9 7 10
split_gain=0.684988 0.66205 0.59473 1.35138 0.426099 0.345137 0.305476 0.239703 0.378629 0.255701 0.477564 0.309791 0.27654 0.414411
threshold=15.16503137307504 15.807939224393884 14.684341796189964 4.7209182037664617 4.2213565905370141 16.455849476188735 6.3500000000000005 5.6150000000000011 0.25881904510252057 11.29253431041527 4.8215040091825498 0.25881904510252091 5.7500000000000009 -0.12186470299397914
decision_type=2 2 2 2 8 2 2 10 2 2 2 2 2 2
left_child=4 2 3 -2 5 7 -3 8 -1 12 11 -11 13 -9
right_child=1 6 -4 -5 -6 -7 -8 9 -10 10 -12 -13 -14 -15
leaf_value=0.024296139456601525 -0.00012392054530318587 0.0021469651754706257 0.0021217579339770816 -0.0014047420386677902 0.00023464164992962404 -0.0006396384329305691 -5.1419062172467455e-05 0.00051550362242516463 -0.0088532172827270449 -0.0010255211566386141 0.0038116784979564319 -0.00016037410951825397 0.00045718529731615589 -0.00021838004266232867
leaf_weight=20 46 33 21 29 99.046697616577148 41 57 101.14009284973145 20 41 55 34 199.04669761657715 90
leaf_count=20 46 33 21 29 94 41 57 86 20 41 55 34 194 90
internal_value=0.000711388 -0.00197861 -0.00484536 -0.00690789 0.00142772 0.000923192 0.0010989 0.00124902 -0.00243902 0.00153675 -0.000381679 -0.00296053 0.00217526 0.000810349
internal_weight=886.233 186 96 75 700.233 601.187 90 560.187 40 520.187 130 75 390.187 191.14
internal_count=861 186 96 75 675 581 90 540 40 500 130 75 370 176
is_linear=0
shrinkage=0.05


Tree=213
num_leaves=15
num_cat=0
split_feature=4 13 13 8 3 2 2 8 16 4 13 2 8 3
split_gain=1.38901 0.575916 0.782338 0.599451 0.540059 0.697408 0.5482 0.496695 0.358904 0.341762 0.405931 0.276808 0.326276 0.267785
threshold=6.4948860570741216 2.4670511503686972 2.6828860749957557 19.020000000000003 10.591301781063764 12.943277380524913 11.908551369505817 26.850000000000005 -1.4512249999999998 11.125226048454413 4.1966559783960333 11.025572197356253 13.15 11.849070775856747
decision_type=2 8 10 10 2 2 2 10 2 2 10 2 10 2
left_child=8 -2 13 9 -5 6 -6 -7 -1 10 11 -4 -13 -3
right_child=1 2 3 4 5 7 -8 -9 -10 -11 -12 12 -14 -15
leaf_value=-0.0011423270630312667 0.021688993383175509 -0.0011892321320822129 -0.00047422910620273633 0.00033075697597172789 -0.0020500870305414308 -0.021616458024233093 -0.004098207323654489 3.2818505236986935e-05 0.00031948926944225443 0.013146067659095872 -0.010340920563796929 0.006124577036526197 -0.00024106165189838633 -0.0010322332599483912
leaf_weight=21 39 25 28 22 20 22 20 38 487.14009284973145 46 25 40 28 22
leaf_count=21 39 25 28 22 20 22 20 38 472 46 25 40 28 22
internal_value=0.000243967 -0.00206117 -0.00272997 -0.00174138 -0.00439024 -0.00594059 -0.0109756 -0.00245902 0.00194583 0.000208334 -0.00118852 0.000309279 0.00202899 -0.00864583
internal_weight=883.14 375 336 289 122 100 40 60 508.14 167 121 96 68 47
internal_count=868 375 336 289 122 100 40 60 493 167 121 96 68 47
is_linear=0
shrinkage=0.05


Tree=214
num_leaves=15
num_cat=0
split_feature=14 0 10 0 10 16 10 0 0 2 3 2 2 16
split_gain=0.609721 0.733988 0.98142 0.695211 0.378361 0.606907 0.44776 0.258982 0.865239 0.677099 1.62889 0.370999 0.563946 0.259632
threshold=4.7047332155314949 16.455849476188735 0.45783468794784965 16.818864548502386 1.0000000180025095e-35 1.0000000180025095e-35 -0.70710678118654757 14.901640119333409 14.449487272817015 12.457253329604793 8.4333111430852181 11.210599421575576 11.575179329836422 1.0000000180025095e-35
decision_type=2 2 2 2 2 2 2 2 2 2 2 2 2 2
left_child=7 4 3 -3 5 -2 -7 8 -1 10 -10 -9 -13 -14
right_child=1 2 -4 -5 -6 6 -8 11 9 -11 -12 12 13 -15
leaf_value=9.994834244545887e-05 -0.0075975005228765798 0.018087581287987278 -0.00089809168148880609 -0.0062976297372450002 0.008158252786579983 0.0033616247477793919 -0.0010757945783616333 0.0002884727758009349 -7.937861969865876e-05 0.0010209533850833064 -0.0036198187603930006 -0.0011312995680736611 -4.234027492792471e-05 0.0040386442956596106
leaf_weight=294.0933952331543 25 20 22 23 66 28 20 105 41.046697616577148 24 21 35 50 119
leaf_count=284 25 20 22 23 66 28 20 105 36 24 21 35 50 119
internal_value=0.000297158 -0.00209756 -0.00643939 -0.00193182 -3.57141e-05 -0.0025 0.000816327 0.00100806 0.000133023 -0.00424791 -0.00697525 0.00208065 0.000829268 0.00202941
internal_weight=893.14 204 65 43 139 73 48 689.14 380.14 86.0467 62.0467 309 204 169
internal_count=878 204 65 43 139 73 48 674 365 81 57 309 204 169
is_linear=0
shrinkage=0.05


Tree=215
num_leaves=15
num_cat=0
split_feature=14 2 2 7 15 12 1 7 7 1 13 7 7 1
split_gain=0.539238 0.588569 0.755761 0.335866 0.365451 0.554414 0.228788 0.193801 0.207042 0.209432 0.216067 0.192401 0.176724 0.172644
threshold=4.2009344006411995 12.598350357459102 11.808748044302709 7.5500000000000007 0.66927500000000018 2.5000000000000004 15.919905683545876 7.0500000000000007 6.8500000000000005 11.646432995679277 4.5645479846104093 7.0500000000000007 5.5500000000000007 12.116287536430383
decision_type=2 2 2 2 2 10 2 2 2 2 10 2 2 2
left_child=7 2 -2 4 5 11 -7 8 9 12 13 -3 -1 -11
right_child=1 3 -4 -5 -6 6 -8 -9 -10 10 -12 -13 -14 -15
leaf_value=3.3663040908500057e-05 -0.00042762723969939979 0.019222917984124538 -0.0043279619175075499 -0.0012870854154446575 -0.0013693056219679044 5.1102832859395836e-05 -0.010464347178982709 0.00050371893142908545 -0.00054234893875185642 -0.00022747395624048494 -0.00039526780741427724 -0.00037301372410374729 0.0063898090663944834 8.2938529628011435e-05
leaf_weight=47.093395233154297 27 66 25 22 24 21 20 51 30 32 21 31 55.046697616577148 416.0933952331543
leaf_count=37 27 66 25 22 24 21 20 51 30 32 21 31 50 406
internal_value=0.000271208 -0.00177215 -0.00641509 -0.000432432 0.000368098 0.00136691 -0.00345238 0.00101215 0.00075746 0.000971924 0.000522167 0.00341837 0.00301241 0.000758121
internal_weight=888.233 236 52 184 162 138 41 652.233 601.233 571.233 469.093 97 102.14 448.093
internal_count=863 236 52 184 162 138 41 627 576 546 459 97 87 438
is_linear=0
shrinkage=0.05


Tree=216
num_leaves=15
num_cat=0
split_feature=3 2 1 1 1 8 12 3 8 7 7 2 0 2
split_gain=0.421875 1.04155 0.636921 0.709646 0.596928 0.377432 0.426229 0.45461 0.356087 0.467487 0.264156 0.492065 0.486751 0.429021
threshold=12.306661339495072 14.502773022519539 14.687464756417432 15.495203629355403 14.087104320148036 36.850000000000009 1.5000000000000002 10.124819010932896 5.6150000000000011 5.6500000000000012 5.6500000000000012 13.912616122695383 13.933523308119085 9.7329153499248715
decision_type=2 2 2 2 2 10 10 2 8 2 2 2 2 2
left_child=5 2 4 -4 -2 8 7 -7 9 -1 12 -12 -10 -14
right_child=1 -3 3 -5 -6 6 -8 -9 10 -11 11 -13 13 -15
leaf_value=0.00040575366028440074 -0.0020448849906863032 0.0063029206957995083 -0.0011443328778323481 -0.0010361671247283125 0.024238545900366386 0.0026587740674637421 -0.00034752383763514205 -0.00015325706443646478 0.0012279274058516118 -0.0010202209614010764 0.00048374506203633288 -0.0091387560522885672 -0.00027012737752148597 -1.5501612536917943e-05
leaf_weight=26 28 64 37 24 26 29 35 20 77.093395233154297 37 327.0933952331543 20 24 120
leaf_count=26 28 64 37 24 26 29 35 20 67 37 317 20 24 120
internal_value=0.000470219 -0.00169444 -0.00452586 -0.00798387 -0.000545454 0.00101361 -0.00211765 0.0009 0.00143302 -0.00210937 0.00182881 0.0026874 0.000474877 -0.00124138
internal_weight=894.187 179 115 61 54 715.187 84 49 631.187 63 568.187 347.093 221.093 144
internal_count=874 179 115 61 54 695 84 49 611 63 548 337 211 144
is_linear=0
shrinkage=0.05


Tree=217
num_leaves=15
num_cat=0
split_feature=14 0 3 3 9 3 1 7 0 2 1 1 3 15
split_gain=0.391023 0.506358 0.293051 1.14938 0.379268 0.325528 0.514192 0.324347 0.351076 1.16144 0.480476 0.308858 0.643022 0.297287
threshold=0.013506875139370347 12.657179985727591 12.43156782706953 12.61951912582485 0.88396761516098465 13.386376171953069 15.16503137307504 6.6500000000000012 16.792665430421291 12.293201685773296 14.243552407174795 13.91049219669029 9.6705788083499247 -1.1641199999999998
decision_type=2 2 2 2 2 2 2 2 2 2 2 2 2 2
left_child=1 -1 7 -4 5 6 -5 8 10 -10 11 13 -13 -2
right_child=2 -3 3 4 -6 -7 -8 -9 9 -11 -12 12 -14 -15
leaf_value=0.00020195848124596874 0.0063184133678201061 -0.00024100838560616158 -0.0017945369810470906 0.0033682291783975627 -0.017595195135076264 0.0022820947232017712 -0.00083735427587609086 0.00039083271807052668 -0.011163609444347902 0.0012850755857424033 0.0006657124236634439 1.6652633892435855e-05 -0.003517979441361751 1.5781384940376433e-05
leaf_weight=25.046697616577148 38.046697616577148 20 20 20 25 65 28 156 20 20 144 30 24 271.14009284973145
leaf_count=20 33 20 20 20 25 65 28 156 20 20 144 30 24 256
internal_value=0.000695706 -0.00379542 0.000934756 -0.00100629 0.000647482 0.00188597 -0.00122449 0.0013717 0.000795229 -0.00365854 0.00115299 0.000181044 -0.00327273 0.000792858
internal_weight=906.233 45.0467 861.187 158 138 113 48 703.187 547.187 40 507.187 363.187 54 309.187
internal_count=881 40 841 158 138 113 48 683 527 40 487 343 54 289
is_linear=0
shrinkage=0.05


Tree=218
num_leaves=15
num_cat=0
split_feature=14 15 13 13 14 16 13 7 3 0 0 7 3 0
split_gain=0.491932 0.521057 0.451468 0.488161 0.575945 0.340921 0.467292 0.615341 0.339244 0.197323 0.454909 0.812539 0.685816 0.186913
threshold=0.016972120384571798 0.17533000000000001 3.0377499595791826 2.4670511503686972 5.9046552693094583 0.10701500000000001 2.8152657032317845 6.4500000000000011 10.910499800829337 16.100901953457257 15.472996339817792 5.6500000000000012 12.469044565639642 14.759568215742057
decision_type=2 2 8 10 2 2 10 2 2 2 2 2 2 2
left_child=1 -1 3 -2 5 6 7 -5 -8 10 13 -12 -13 -4
right_child=2 -3 9 4 -6 -7 8 -9 -10 -11 11 12 -14 -15
leaf_value=-0.00026079792995981792 0.0075523684824098424 9.7849212857989364e-05 0.00010486733014937386 -0.0010213984355921719 -0.00062924541850357149 0.00049157522912561297 -0.00055924180187907283 -2.9983774360820936e-05 0.0036543299168251271 0.00046112855453843936 -0.0026815681391004608 0.0012326355484717126 -0.0010322583129038913 0.0038362905816874855
leaf_weight=24 56 25.046697616577148 255.14009284973145 23 24 44 39 20 24 131 23 51 21 117.04669761657715
leaf_count=24 56 20 240 23 24 44 39 20 24 131 23 51 21 112
internal_value=0.000724372 -0.00409151 0.00101417 -0.000865801 -0.00217143 -0.000993377 -0.00252336 -0.00647727 0.000234375 0.00173724 0.0012515 -0.00182292 0.000821918 0.00203902
internal_weight=877.233 49.0467 828.187 230 174 150 106 43 63 598.187 467.187 95 72 372.187
internal_count=852 44 808 230 174 150 106 43 63 578 447 95 72 352
is_linear=0
shrinkage=0.05


Tree=219
num_leaves=15
num_cat=0
split_feature=4 2 1 2 4 4 1 8 13 10 2 1 1 2
split_gain=0.427052 0.901792 1.03052 0.320243 0.355554 0.734568 0.577679 0.844417 0.455806 0.703856 0.687606 0.421778 1.68275 0.433246
threshold=11.92474704216828 14.774840377592506 14.770843333182821 3.0495986234554322 8.1261483846332627 6.4948860570741216 14.208289289035511 13.250000000000002 3.999297778463514 0.370557437509836 11.65824633693274 14.465425104264854 14.762025559384943 9.7329153499248715
decision_type=2 2 2 2 2 2 2 10 10 2 2 2 2 2
left_child=3 2 -2 -1 5 8 7 -7 11 10 -10 13 -13 -5
right_child=1 -3 -4 4 -6 6 -8 -9 9 -11 -12 12 -14 -15
leaf_value=0.0011873697239335524 -0.0019669765280249623 0.00028734147126591457 -0.0013021149286045535 -0.00017493911367624131 0.00020415425245613709 -0.0027761041719167063 -3.7090620774990046e-05 -0.000207298197179579 -0.00033726521442943407 0.005543415315502705 0.00013981660727467252 -0.0094147473691573065 0.00054240004147234364 0.000879742531419306
leaf_weight=58.046697616577148 20 29 21 82.093395233154297 238 21 31 22 35 30 23 20 56 199.04669761657715
leaf_count=53 20 29 21 72 238 21 31 22 35 30 23 20 56 194
internal_value=0.000198529 -0.00352113 -0.00821429 0.000521859 0.000244942 -0.000488906 -0.00506667 -0.00875 0.000281751 -0.00292135 -0.00610169 0.00107695 -0.00220779 0.00196959
internal_weight=885.187 70 41 815.187 757.14 519.14 74 43 445.14 88 58 357.14 76 281.14
internal_count=865 70 41 795 742 504 74 43 430 88 58 342 76 266
is_linear=0
shrinkage=0.05


Tree=220
num_leaves=15
num_cat=0
split_feature=13 9 8 9 4 4 2 1 0 0 13 5 7 2
split_gain=0.440997 1.00107 0.672631 0.629086 0.327454 0.618135 0.314059 0.413988 0.624556 0.502677 0.34756 0.390618 0.733699 0.407114
threshold=3.9835024085201316 -0.70710678118654735 30.050000000000004 0.87567323142345177 6.6028303913991815 7.4487527704044743 10.86988736148618 14.127721202895573 14.567778328442321 13.342341679470378 3.3679762682953696 8.4353839539398141 7.0500000000000007 13.834247214086712
decision_type=10 2 10 2 2 2 2 2 2 2 10 2 2 2
left_child=4 -2 3 -3 -1 -6 -7 8 9 -8 11 12 -9 -13
right_child=1 2 -4 -5 5 6 7 10 -10 -11 -12 13 -14 -15
leaf_value=0.00022073788237725407 -0.0013131295280485254 0.0006541328673713633 -0.00080677805988689684 -0.0025203391418561032 -0.00097988776976895781 0.00020478767659009472 -0.00019528870625097885 0.007922404962945457 0.00017851144399445645 -0.0030462814822625594 0.00081394110946022375 -0.0055469862707292414 -0.00041068698623839515 -0.0066735118709150085
leaf_weight=400.14009284973145 34 104.04669761657715 23 22 28 34 23 69 25 23 44 21 22 23
leaf_count=385 34 99 23 22 28 34 23 69 25 23 44 21 22 23
internal_value=0.00036369 -0.00181892 -3.17667e-05 0.00141864 0.000926467 -0.00028754 0.000421053 -0.000199203 -0.00340278 -0.00680851 0.00108333 -0.000183823 0.00168478 -0.004
internal_weight=895.187 183.047 149.047 126.047 712.14 312 284 250 71 46 179 135 91 44
internal_count=875 178 144 121 697 312 284 250 71 46 179 135 91 44
is_linear=0
shrinkage=0.05


Tree=221
num_leaves=15
num_cat=0
split_feature=9 8 2 1 1 4 14 2 1 8 8 12 14 2
split_gain=0.554175 0.54955 0.542451 0.254792 0.844027 0.296563 0.450433 0.327247 0.244542 0.255654 0.335863 0.270659 0.309911 0.387392
threshold=-0.92304025209086915 9.7500000000000018 12.228182653119807 13.91049219669029 14.087104320148036 9.2926426512565161 3.9717069209744973 14.201453860617853 13.307875549349886 36.850000000000009 44.050000000000004 1.5000000000000002 0.048652343132513279 10.925384884878442
decision_type=2 10 2 2 2 2 2 2 2 10 10 8 2 2
left_child=1 -1 -3 8 -5 6 -6 -7 9 11 -11 12 -2 -14
right_child=3 2 -4 4 5 7 -8 -9 -10 10 -12 -13 13 -15
leaf_value=-0.00086085309400450575 0.00058476236699895993 -0.00025226461143535475 0.022775778550645651 -0.0018775536933768634 7.3101274671153054e-05 0.0010804647361978856 -0.00089680941214634205 -0.00038726203761298123 0.0031003939217446185 -0.0007594721664242513 -1.4663723553971819e-05 0.000707577417744278 -0.00051359032393098996 0.0073966366291842349
leaf_weight=23 25 49 25 30 153 97 37 61 93 20 27 135.0933952331543 54 49.046697616577148
leaf_count=23 25 49 25 30 153 97 37 61 93 20 27 125 54 44
internal_value=0.000330665 -0.00321429 -0.00106667 0.000774414 -0.000158311 0.000544413 -0.00078534 0.00213836 0.0016472 0.000966447 -0.00239583 0.00157379 -7.56818e-05 -0.00129525
internal_weight=878.14 97 74 781.14 378 348 190 158 403.14 310.14 47 263.14 128.047 103.047
internal_count=863 97 74 766 378 348 190 158 388 295 47 248 123 98
is_linear=0
shrinkage=0.05


Tree=222
num_leaves=15
num_cat=0
split_feature=1 3 3 1 2 0 4 10 2 14 14 2 12 15
split_gain=1.38694 0.442294 0.679854 0.517944 0.64034 0.360046 0.31364 0.28256 0.450946 0.558864 1.38554 0.648709 0.785204 0.467433
threshold=9.8805729048818609 12.306661339495072 12.543348324901309 15.16503137307504 14.684341796189964 16.461559314070588 12.052679455700076 0.47907376458949807 12.61524432852063 1.0079905521927708 1.3502083319372586 11.364318137156067 1.5000000000000002 -0.79966499999999996
decision_type=2 2 2 2 2 2 2 2 2 2 2 2 10 2
left_child=-1 7 -3 -4 5 -5 -6 8 9 13 -11 -12 -13 -2
right_child=1 2 3 4 6 -7 -8 -9 -10 10 11 12 -14 -15
leaf_value=-0.00041749665376643796 -0.00022582192470728608 -0.001529885318187787 0.014173168036595546 -0.0011996116865646818 -0.0023446005270234549 -0.00055438847313734197 0.00061408733814070687 0.00029108261470257504 0.00095404667887368378 -0.0042901993179320641 0.00041274170885949351 -0.0011842089717728288 0.00053138240348741487 0.0031713879868378765
leaf_weight=39 37.046697616577148 24 60 20 25 20 26 220.04669761657715 84 20 72 52 36 122.04669761657715
leaf_count=39 32 24 60 20 25 20 26 215 84 20 72 52 36 117
internal_value=0.000216399 0.000660083 -0.0015625 -0.000296052 -0.00266304 -0.00731707 0.00105769 0.00126634 0.000508065 -0.000307365 -0.00220994 -0.000621118 -0.00348315 0.00184559
internal_weight=857.14 818.14 175 151 91 40 51 643.14 423.093 339.093 180 160 88 159.093
internal_count=842 803 175 151 91 40 51 628 413 329 180 160 88 149
is_linear=0
shrinkage=0.05


Tree=223
num_leaves=15
num_cat=0
split_feature=14 15 7 4 0 7 2 3 2 1 8 13 15 0
split_gain=0.915626 1.08055 0.542335 0.534659 0.949637 0.51909 0.47234 0.466452 0.760098 0.920663 0.460006 0.480553 0.370925 0.547273
threshold=0.016972120384571798 -0.0019899999999999996 6.2500000000000009 2.0471722811110507 14.098171134448835 5.1500000000000012 13.39007257913504 12.881188419440607 14.684341796189964 14.687464756417432 17.750000000000004 3.4282904644093786 0.17533000000000001 15.969416438817396
decision_type=2 2 2 2 2 2 2 2 2 2 10 10 2 2
left_child=1 -1 3 5 -5 10 -7 -4 9 -9 11 -2 -6 -14
right_child=2 -3 7 4 12 6 -8 8 -10 -11 -12 -13 13 -15
leaf_value=-0.0021168130164837874 -0.00013559821555629513 -4.5738423606694625e-05 0.00039463587793651944 -0.0032028600643538257 0.00033986445250653989 0.0050346612974980776 -0.0023024166820792939 0.010401878151852575 0.0014613456019857409 -0.001172311583422821 0.00030659061350355333 -0.0014180414693320529 -0.00087566597796788286 0.00259243395298869
leaf_weight=23 25 31.046697616577148 286 37 76 184.18679046630859 28 21 43 27 33 21 48 24
leaf_count=23 25 26 286 37 76 164 28 21 43 27 33 21 48 24
internal_value=0.00026003 -0.00599067 0.000662541 -0.000459078 -0.00255376 0.000875926 0.00216211 0.00207672 -0.00103261 -0.00530612 -0.0025625 -0.00574468 -0.000738255 -0.00328767
internal_weight=907.233 54.0467 853.187 476.187 185 291.187 212.187 377 91 48 79 46 148 72
internal_count=882 49 833 456 185 271 192 377 91 48 79 46 148 72
is_linear=0
shrinkage=0.05


Tree=224
num_leaves=15
num_cat=0
split_feature=8 14 2 2 0 14 2 7 13 15 10 10 0 9
split_gain=0.988244 0.534694 0.5608 0.612793 1.03821 0.788625 0.678408 0.501409 0.490238 0.685949 0.40314 0.821037 0.398851 0.339552
threshold=18.990000000000006 0.019220404642418244 11.210599421575576 12.134351203881257 14.449487272817015 4.231473317266282 14.72052259116982 7.0500000000000007 4.418491763870585 -0.11977499999999999 0.25881904510252057 0.50376918148035232 14.316560600970554 0.58411063003844077
decision_type=10 2 2 2 2 2 2 2 8 2 2 2 2 2
left_child=8 -2 13 4 -4 -5 7 -7 9 -1 -11 -12 -13 -3
right_child=1 2 3 5 -6 6 -8 -9 -10 10 11 12 -14 -15
leaf_value=0.0019264916650817755 -0.00010502460280516963 0.00089613292729671858 -0.00020064705090892115 0.00051556126161964586 -0.0019732827445090371 -0.00073483257921213413 0.0007451619270490721 -0.0035902251649384377 -0.00049556818483279528 0.00036425788382247608 -0.0012366751603845852 -0.0084194715327987803 0.0049757759847473444 -0.00020837693991061147
leaf_weight=172.04669761657715 20 62 33 92 25 42 40 29 68 164.0933952331543 34 20 59 26
leaf_count=167 20 62 33 92 25 42 40 29 68 154 34 20 59 26
internal_value=0.000203689 -0.00177027 -0.0013 -0.00246183 -0.00694915 -0.00115196 -0.00397321 -0.006875 0.00161289 0.00221198 0.000666924 -0.00162281 0.0011875 0.00213483
internal_weight=886.14 369 349 261 58 203 111 71 517.14 449.14 277.093 113 79 88
internal_count=871 369 349 261 58 203 111 71 502 434 267 113 79 88
is_linear=0
shrinkage=0.05


Tree=225
num_leaves=15
num_cat=0
split_feature=14 14 8 7 7 15 14 14 8 7 1 9 2 2
split_gain=0.809393 0.470833 0.529487 0.49104 0.427154 0.392862 0.370836 0.593931 0.690964 0.354618 0.325818 0.308781 0.416478 0.394452
threshold=0.013506875139370347 4.231473317266282 33.95000000000001 7.3500000000000005 5.3500000000000005 -0.065509999999999985 0.26788952530819021 2.3447760871238286 6.6500000000000012 5.8500000000000005 14.103646624509897 0.25881904510252091 11.274353281260124 11.429847332912436
decision_type=2 2 10 2 2 2 2 2 10 2 2 2 2 2
left_child=4 5 10 -4 -1 -2 -7 8 -8 -9 -3 12 -10 -13
right_child=1 2 3 -5 -6 6 7 9 11 -11 -12 13 -14 -15
leaf_value=-2.3726883101344546e-05 0.00049127923793240702 -0.00092120101496393164 -0.00051733819713897301 2.755355569304705e-05 -0.0024892807539766025 0.0072517129959881015 -0.007319134298797274 -0.00023391187394633582 -0.0003477816171380732 0.0071461361165844374 0.00012675797667043492 -4.5043315141279909e-05 0.0054666079131149448 -0.0057735855970770687
leaf_weight=29.046697616577148 325.04669761657715 31 35 22 21 63.093395233154297 21 39 30 51 151 29 32 25
leaf_count=24 320 31 35 22 21 53 21 39 30 51 151 29 32 25
internal_value=0.000244076 0.000608907 -0.00127083 -0.00543103 -0.0058724 0.00134012 1.60439e-06 -0.000942982 -0.00300725 0.0021978 5.4645e-05 -0.00145299 0.000952381 -0.00418182
internal_weight=904.187 854.14 239 57 50.0467 615.14 290.093 227 137 90 182 116 62 54
internal_count=884 839 239 57 45 600 280 227 137 90 182 116 62 54
is_linear=0
shrinkage=0.05


Tree=226
num_leaves=15
num_cat=0
split_feature=13 13 4 3 2 8 2 9 3 9 4 2 2 9
split_gain=0.385315 0.724692 0.431306 0.555977 0.72651 0.425278 0.691881 0.392424 0.364224 0.812262 1.2602 0.666667 0.4072 0.624751
threshold=3.0377499595791826 2.4670511503686972 6.4948860570741216 10.799053961497696 13.573072649651293 17.450000000000003 11.984396766813456 0.25671049665402418 11.865516344197479 -1.0000000180025095e-35 11.023259108676644 13.512485616896816 11.984396766813456 -0.54280675319151117
decision_type=10 8 2 2 2 10 2 2 2 2 2 2 2 2
left_child=1 -1 5 7 -5 -3 -7 -4 12 -10 11 -11 13 -2
right_child=8 2 3 4 -6 6 -8 -9 9 10 -12 -13 -14 -15
leaf_value=0.007369148140632319 -0.00033760625649867989 0.00082706222106761684 -0.0096411664353648723 0.0027996885912294793 -0.00085850922241381071 -0.00051800378693005937 0.0012985132360942616 -0.00047660073823409428 0.011503132804258553 -0.0010167770882243739 0.0088787805872877386 -0.0055455843465333429 0.00068467922002655578 0.0001135323230639445
leaf_weight=62 87 50 20 47 35 29 24 21 65 20 29 26 113 256.18679046630859
leaf_count=62 87 50 20 47 35 29 24 21 65 20 29 26 113 236
internal_value=8.01346e-05 -0.00141868 -0.00273128 -0.00471774 -0.00228916 -0.000336538 -0.00342593 -0.00940476 0.000805333 -0.00141844 -0.00493421 -0.01 0.0014894 0.000627374
internal_weight=884.187 288 226 123 82 103 53 41 596.187 140 75 46 456.187 343.187
internal_count=864 288 226 123 82 103 53 41 576 140 75 46 436 323
is_linear=0
shrinkage=0.05


Tree=227
num_leaves=15
num_cat=0
split_feature=3 0 0 7 1 3 13 1 13 15 2 3 7 1
split_gain=0.478272 0.652072 0.985809 0.537812 1.09281 0.433185 0.411178 0.581521 0.583646 0.424656 0.370576 0.370403 0.532152 0.640479
threshold=12.306661339495072 16.100901953457257 15.523471602466001 4.7500000000000009 12.639941056452558 13.757192302356007 4.3167983667369354 14.070538460099918 4.5579882802345537 -1.2924149999999999 13.864543851055311 9.6705788083499247 6.9500000000000011 12.847149248795558
decision_type=2 2 2 2 2 2 8 2 10 2 2 2 2 2
left_child=3 2 10 4 -1 -3 9 8 -8 -5 -2 -11 13 -13
right_child=1 5 -4 6 -6 -7 7 -9 -10 11 -12 12 -14 -15
leaf_value=-0.0014873056135376861 -0.0010063347061584119 0.0079871183628235382 -0.00096377703869026093 0.0032931979194484144 0.00032753216357278938 -0.0038100757604017941 -0.00086929592481976262 8.0611234673020848e-05 0.00025491527490932066 0.00041050768442541972 8.4314974517965716e-06 -0.00049761498487854261 0.0029733867572132333 -0.00015758816300227689
leaf_weight=22 42 47 23 67 23 20 28 55 21.046697616577148 279.14009284973145 39 40 35 160
leaf_count=22 42 47 23 67 23 20 28 55 16 264 39 40 35 160
internal_value=-0.000215106 -0.00258721 -0.00504762 0.000343187 -0.0048913 0.00125 0.000693593 -0.00218728 -0.00608964 0.00121225 -0.00237805 0.000719611 -0.000741525 -0.00174129
internal_weight=901.187 171 104 730.187 45 67 685.187 104.047 49.0467 581.14 81 514.14 235 200
internal_count=881 171 104 710 45 67 665 99 44 566 81 499 235 200
is_linear=0
shrinkage=0.05


Tree=228
num_leaves=15
num_cat=0
split_feature=1 9 14 1 1 15 7 3 3 13 2 3 1 7
split_gain=0.449535 0.972406 0.514594 0.503269 0.685742 0.711605 0.656281 0.612261 0.622246 0.304157 0.380042 0.296257 0.482131 0.596557
threshold=9.9532426738528574 0.61392768915927742 3.1058110998530073 15.858763149343476 14.687464756417432 -0.11977499999999999 6.1500000000000012 12.94274609994301 11.644363344401578 3.4797947196669452 12.961120873823601 7.8083249491672957 13.491883046227374 6.3500000000000005
decision_type=2 2 2 2 2 2 2 2 2 8 2 2 2 2
left_child=1 -1 11 4 5 9 -7 8 -6 10 -4 12 -2 -14
right_child=2 -3 3 -5 7 6 -8 -9 -10 -11 -12 -13 13 -15
leaf_value=-0.0014114799078484533 0.00026956611930527925 0.00016420664550886388 -0.00014655107509450318 0.00022944639003642247 -0.00058170418590432476 -0.001092771369256552 -8.4131072922028087e-05 -0.0013330804612703686 5.2549152922089401e-05 0.023988439364842677 0.01344618173285927 0.0002763197636797836 -0.00035860876533706657 0.0041884142083437759
leaf_weight=28 135.04669761657715 24.093395233154297 44 78 25 30 33 39 49 52 24 231 78 21
leaf_count=28 130 14 44 78 25 30 33 39 49 52 24 231 78 21
internal_value=-4.96552e-05 -0.00451154 0.000232408 -0.00114667 -0.00208754 -0.000190217 -0.00445312 -0.00513158 -0.0024 0.00206612 -0.000144927 0.00134157 8.6083e-05 -0.00255
internal_weight=891.14 52.0934 839.047 374 296 183 63 113 74 120 68 465.047 234.047 99
internal_count=876 42 834 374 296 183 63 113 74 120 68 460 229 99
is_linear=0
shrinkage=0.05


Tree=229
num_leaves=15
num_cat=0
split_feature=3 5 0 1 1 3 0 9 1 7 15 4 7 9
split_gain=0.668633 0.59726 0.471561 0.831659 0.561464 0.85482 0.321991 0.549234 0.519697 0.335286 0.285078 0.276825 1.39305 0.484888
threshold=12.306661339495072 4.7852994436231349 14.477298238986755 14.687464756417432 15.455483485761714 13.738557155961646 14.901640119333409 -0.89493436160202511 12.538991975982244 5.2500000000000009 -0.43006499999999998 8.7659924970412835 6.7500000000000009 0.26092512978024796
decision_type=2 2 2 2 2 2 2 2 2 2 2 2 2 2
left_child=6 2 -2 -4 -5 -6 7 8 -1 -8 -3 13 -13 -9
right_child=1 10 3 4 5 -7 9 11 -10 -11 -12 12 -14 -15
leaf_value=-0.00031906886554944715 -0.0027779814515433319 0.015065984042297123 0.011319972810091054 -0.0010148165361577304 0.010755983769797604 -0.0035529179516465437 -0.0011932622520192866 0.00037609054088226794 -0.0038802914670454424 0.00023099030619734437 -0.0013051308625943415 -0.0041126712374040374 0.0028030535534800073 -6.8374802798196999e-05
leaf_weight=20 20 27 22 26 20 20 39 156 21 293.04669761657715 27 28 28 143.14009284973145
leaf_count=20 20 27 22 26 20 20 39 156 21 288 27 28 28 128
internal_value=-0.000111162 -0.00300613 -0.00513761 -0.00348315 -0.00626866 -0.00243902 0.000536123 -0.000426297 -0.00583333 0.00168215 0.00127273 0.000212558 -0.00298246 0.000818619
internal_weight=890.187 162 108 88 66 40 728.187 396.14 41 332.047 54 355.14 56 299.14
internal_count=870 162 108 88 66 40 708 381 41 327 54 340 56 284
is_linear=0
shrinkage=0.05


Tree=230
num_leaves=15
num_cat=0
split_feature=3 13 9 5 2 4 3 7 10 3 3 1 9 2
split_gain=0.574399 0.885589 0.388841 0.345654 0.616667 0.345446 0.543538 0.697629 0.893406 0.278569 0.798281 0.58072 0.259727 0.429693
threshold=13.097434168265339 3.8967886388235606 -0.5 9.5338403103606275 13.353552057902883 9.7864149100388573 11.317034821916362 6.7500000000000009 0.49240481012316867 8.0743318262623713 7.2301797797801095 13.172757907852709 0.86382728211298232 9.3903459918807766
decision_type=2 10 2 2 2 2 2 2 2 2 2 2 2 2
left_child=3 2 -2 5 -5 6 9 8 -8 10 12 -12 -1 -14
right_child=1 -3 -4 4 -6 -7 7 -9 -10 -11 11 -13 13 -15
leaf_value=0.00057895644557082182 0.014611913964917617 -0.0010994156307510044 -0.00073000257335782107 -0.0021544431722628011 9.032672192992673e-05 0.0041275951640120795 0.0043182775508280218 -0.00060803385584908747 -0.00086135186014481789 0.00031274017546872618 -0.00040452283051850535 -0.010582814485622954 -0.0012428781947454752 6.0853706018348238e-05
leaf_weight=202.04669761657715 24 24 51 20 21 99 43 33 31 255 20 20 34.093395233154297 28.093395233154297
leaf_count=197 24 24 51 20 21 99 43 33 31 255 20 20 24 18
internal_value=0.000525436 -0.00305 -0.000328947 0.00096771 -0.00345238 0.00120873 0.000796074 -0.0024537 0.000266667 0.00142114 0.000396967 -0.00609756 0.0013994 -0.00140957
internal_weight=905.233 99 75 806.233 41 765.233 666.233 107 74 559.233 304.233 40 264.233 62.1868
internal_count=880 99 75 781 41 740 641 107 74 534 279 40 239 42
is_linear=0
shrinkage=0.05


Tree=231
num_leaves=15
num_cat=0
split_feature=14 13 13 8 8 2 2 12 13 3 10 8 4 15
split_gain=0.99304 0.978141 0.885535 0.413432 0.825796 0.445152 0.530272 0.741347 0.433209 0.401025 0.459544 0.945267 0.998297 0.351725
threshold=4.2009344006411995 3.8967886388235606 4.5201734135869565 36.850000000000009 42.150000000000006 9.7329153499248715 8.4078804299200822 1.5000000000000002 4.0760256726792292 11.21076892936272 -0.2397582400620111 18.990000000000006 11.491834859280841 -0.014779999999999998
decision_type=2 10 10 10 10 2 2 10 10 2 2 10 2 2
left_child=3 9 -3 5 -5 6 8 -8 -1 -2 11 -11 -13 -7
right_child=1 2 -4 4 -6 13 7 -9 -10 10 -12 12 -14 -15
leaf_value=0.00051286212840686869 -0.0073048431695840743 -0.0012092545498510398 -0.00042618329290876507 -0.00075718655180790826 0.00011197956163700134 0.00076882840890864104 -0.0015260601527672642 0.00080443459707897733 -0.0025235585545250665 0.018898184875316491 0.0025197943640974559 -0.0020570622994280532 -0.003699466598476395 0.00016187916561976256
leaf_weight=87.093395233154297 26 32 20 29 60 206.0933952331543 31 22 20 28 89 23 29 204
leaf_count=77 26 32 20 29 60 196 31 22 20 28 89 23 29 204
internal_value=0.000419907 -0.00227823 -0.00830189 0.00143283 -0.00172222 0.00192745 -0.00030748 -0.00435185 0.0017158 -0.000637755 0.000264706 -0.00246914 -0.00641509 0.00279855
internal_weight=906.187 247 52 659.187 89 570.187 160.093 53 107.093 195 169 80 52 410.093
internal_count=886 247 52 639 89 550 150 53 97 195 169 80 52 400
is_linear=0
shrinkage=0.05


Tree=232
num_leaves=15
num_cat=0
split_feature=9 3 10 8 9 12 8 15 0 10 7 0 2 2
split_gain=0.409181 0.678565 0.704223 0.672271 0.594683 0.453173 0.39155 0.261644 0.699977 0.255069 0.367559 0.270104 0.230352 0.226819
threshold=0.13052619222005182 11.849070775856747 0.70090259214882411 28.650000000000002 0.87567323142345177 1.0000000180025095e-35 11.500000000000002 0.82512500000000011 14.860309023567794 0.38268343236508956 5.6500000000000012 15.289107917368604 9.0965767664003732 10.746341140496785
decision_type=2 2 2 10 2 8 10 2 2 2 2 2 2 2
left_child=7 3 4 5 -3 6 -2 13 -9 12 -11 -12 -7 -1
right_child=1 2 -4 -5 -6 9 -8 8 -10 10 11 -13 -14 -15
leaf_value=0.00026440048462675737 0.00024177052671222316 0.0018485161235149679 -0.0013056854605195943 -0.0003241033309552412 -0.004908770095460843 3.1459817843421581e-06 -0.0074131711775340565 -0.00043799828164186016 0.012009951356365359 -0.010955134205937354 0.0084376896577963833 -0.00036670974356727329 0.0011788504967958535 0.00016295173844452335
leaf_weight=108 26 53 23 56 37 41.093395233154297 23 28 20 24 33.046697616577148 20 111.0933952331543 293
leaf_count=108 26 53 23 56 37 31 23 28 20 24 28 20 101 293
internal_value=0.000146191 -0.000923252 -0.00425439 0.000212292 -0.0021978 0.0012218 -0.0031 0.00121111 -0.0022449 0.00215506 -0.000189201 0.00213211 0.00333537 0.00162935
internal_weight=896.233 447.233 113 334.233 90 278.233 49 449 48 229.233 77.0467 53.0467 152.187 401
internal_count=871 422 113 309 90 253 49 449 48 204 72 48 132 401
is_linear=0
shrinkage=0.05


Tree=233
num_leaves=15
num_cat=0
split_feature=3 14 15 8 0 13 10 13 14 14 0 1 1 3
split_gain=0.750556 0.845967 0.754014 0.88045 0.915468 0.437487 0.56721 0.379621 0.296005 0.488404 0.841211 0.304537 0.564778 0.285115
threshold=12.306661339495072 5.9594395523767583 -0.92700999999999989 35.250000000000007 15.166994508255074 4.516393471399744 -0.26932402956675622 3.7109553227416177 0.40661190182880841 0.11421325523412328 14.599023630551345 11.690786364590535 9.8805729048818609 9.4078131508830243
decision_type=2 2 2 10 2 8 2 10 2 2 2 2 2 2
left_child=5 2 -2 4 -4 8 -7 -3 9 11 -11 12 -1 -10
right_child=1 7 3 -5 -6 6 -8 -9 13 10 -12 -13 -14 -15
leaf_value=6.1603949810313909e-05 0.015424502972623655 0.00031672932727019556 -0.00040138462059631318 -0.00050466591828420384 -0.0016776450932255026 -0.0013910287315018173 -1.1359936965345437e-05 -0.00091104512603246059 0.00076432850122296243 -0.0083338070114277272 0.0062965644558937222 0.0041713599845878318 -0.00060693734946577185 7.1086947227847296e-05
leaf_weight=33.093395233154297 26 55 21 20 27 30 38 20 197.04669761657715 29 22 36 26 281
leaf_count=23 26 55 21 20 27 30 38 20 192 29 22 36 26 281
internal_value=6.61218e-06 -0.00297059 -0.00610526 -0.00884058 -0.012449 0.000736793 -0.00304348 0.000986842 0.00115286 -0.000812633 -0.00471154 0.00130568 -0.000907471 0.00175397
internal_weight=861.14 169 94 68 48 692.14 68 75 624.14 146.093 51 95.0934 59.0934 478.047
internal_count=846 169 94 68 48 677 68 75 609 136 51 85 49 473
is_linear=0
shrinkage=0.05


Tree=234
num_leaves=15
num_cat=0
split_feature=14 13 13 2 1 5 15 13 2 13 7 1 8 14
split_gain=0.709891 0.555572 0.592764 0.501414 0.53438 0.520777 0.298845 0.253946 0.596168 0.624702 0.585437 0.598942 0.27629 0.239578
threshold=4.2009344006411995 3.8839624827357651 4.2656043041208509 14.502773022519539 14.687464756417432 5.3844529770182641 0.29282500000000006 3.1990111400154944 11.374111380597908 3.0186624058275657 5.2500000000000009 12.824424378979268 17.050000000000004 0.57747096615578541
decision_type=2 8 10 2 2 2 2 8 2 10 2 2 8 2
left_child=6 3 -3 4 -2 -6 7 8 12 -10 11 -9 -1 -12
right_child=1 2 -4 -5 5 -7 -8 10 9 -11 13 -13 -14 -15
leaf_value=-0.00046363435499396032 0.00048624581795920791 -0.001024605063465306 -0.0004670745319729384 0.010243463998214089 -0.0010964400474206772 -0.00073693507701462567 0.00027897581866352547 -0.00098328686595933407 -0.00025793335806665636 -0.0024632402220534574 -0.000199248235258781 0.00014965045859861222 0.0039680369426779603 0.00039238619166853846
leaf_weight=20 73 36 28 48 29 33 223.14009284973145 30 40 20 52.046697616577148 31 35 205.04669761657715
leaf_count=20 73 36 28 48 29 33 208 30 40 20 47 31 35 200
internal_value=0.000404948 -0.001875 -0.00584615 -0.000461956 -0.00202206 -0.00539683 0.00126465 0.000496361 -0.00150862 -0.00491803 0.00122368 -0.00314516 0.00223214 0.00226843
internal_weight=903.233 247 64 183 135 62 656.233 433.093 115 60 318.093 61 55 257.093
internal_count=878 247 64 183 135 62 631 423 115 60 308 61 55 247
is_linear=0
shrinkage=0.05


Tree=235
num_leaves=15
num_cat=0
split_feature=14 7 13 13 13 14 7 3 2 14 0 8 8 13
split_gain=0.762418 1.42376 0.666267 0.403927 0.326121 0.360209 0.637701 0.354824 0.337034 0.306034 0.317968 0.290157 0.289838 0.260569
threshold=4.7209182037664617 6.2500000000000009 3.9169617688349754 2.9040801778212955 2.6535031187055078 1.7756211502018824 5.1500000000000012 8.6283553873636034 10.886539249200158 2.0711135794289341 16.401856143909331 37.350000000000001 11.500000000000002 2.9450127606983019
decision_type=2 2 10 8 10 2 2 2 2 2 2 10 10 10
left_child=4 -2 3 -3 -1 6 8 -7 12 -9 13 -8 -6 -11
right_child=1 2 -4 -5 5 7 11 9 -10 10 -12 -13 -14 -15
leaf_value=0.00035861066212539822 -0.0010854278037775154 -0.0010616020617999814 -0.0011561812790072592 0.0091519819666364532 -0.00072461343845269183 -0.0089081833528869662 0.0012992315721445066 -0.0014949761014784895 0.00012988551019461694 -0.00037459915365739235 0.00099829963653884878 -0.00036760499672952189 -0.00038919351826911081 3.9826871981395572e-05
leaf_weight=99 37 38 29 89 22 21 203.23348808288574 24 25 32 36 33 33 150
leaf_count=99 37 38 29 89 22 21 178 24 25 32 36 33 33 150
internal_value=0.000522988 -0.00224227 -0.000127388 0.00144531 0.00131202 0.000855117 0.0019896 -0.000511363 -0.00185185 4.11524e-05 0.00063927 0.00329282 -0.00401786 -0.000218579
internal_weight=871.233 193 156 127 678.233 579.233 316.233 263 80 242 218 236.233 55 182
internal_count=846 193 156 127 653 554 291 263 80 242 218 211 55 182
is_linear=0
shrinkage=0.05


Tree=236
num_leaves=15
num_cat=0
split_feature=14 2 1 14 14 10 7 1 0 14 7 10 2 2
split_gain=0.630805 0.606163 0.579799 0.57414 0.48631 0.357969 0.283376 0.583673 0.242022 0.336246 0.202724 0.343144 0.271024 0.687705
threshold=4.2009344006411995 13.945621774186813 14.687464756417432 5.7717584552583672 4.8878438764386241 0.45783468794784965 4.7500000000000009 12.495892286663802 12.270442365115466 0.95536100695339576 6.2500000000000009 0.9396121150393979 11.964177395435597 11.210599421575576
decision_type=2 2 2 2 2 2 2 2 2 2 2 2 2 2
left_child=6 2 4 -4 -2 -3 7 -1 9 -8 11 12 13 -10
right_child=1 5 3 -5 -6 -7 8 -9 10 -11 -12 -13 -14 -15
leaf_value=-0.00026279005977109437 -0.00048337753154264085 0.0085117142154479894 -0.00093638918198348799 -0.00050384128951901856 0.00072753369601831713 -0.00056517950765301464 -0.00011149496374311706 0.0018519863136955807 0.00037457132158577269 7.7338381299168696e-05 0.00012840447986217404 -0.00088634720457825191 0.00093280272081894787 -0.00073951164178389392
leaf_weight=22 31 74 27 26 48 37 36.046697616577148 24 168.0933952331543 36 155 44 99 73
leaf_count=22 31 74 27 26 48 37 31 24 158 36 155 44 99 73
internal_value=0.000389174 -0.00178279 -0.00406015 -0.00805556 -0.0013125 0.0009375 0.00119382 -0.00255319 0.00147956 -0.00122889 0.00184314 0.0012217 0.00176042 0.00084871
internal_weight=900.14 243 132 53 79 111 657.14 46 611.14 72.0467 539.093 384.093 340.093 241.093
internal_count=885 243 132 53 79 111 642 46 596 67 529 374 330 231
is_linear=0
shrinkage=0.05


Tree=237
num_leaves=15
num_cat=0
split_feature=4 1 1 2 2 10 8 7 1 1 7 13 8 1
split_gain=0.872847 0.519736 0.691909 0.572618 0.766999 0.725758 0.580447 0.615375 0.278199 0.455651 0.473508 0.388627 0.374232 0.225021
threshold=9.5255768449228224 16.576139553674182 15.983101389137447 11.695012151044331 12.598350357459102 0.25881904510252057 22.050000000000004 7.0500000000000007 12.116287536430383 11.885105159201204 6.5500000000000007 3.6087657616108557 11.750000000000002 13.932903965974827
decision_type=2 2 2 2 2 2 10 2 2 2 2 8 10 2
left_child=8 2 3 -2 5 -5 -6 -8 9 10 11 12 -1 -10
right_child=1 -3 -4 4 6 -7 7 -9 13 -11 -12 -13 -14 -15
leaf_value=-0.011525481885362791 0.0034685651113665118 0.02006680085124575 -0.0090645014356984625 -0.0077018653645585539 0.0060910446589382099 -9.7149570362969678e-05 0.0016677792257309039 -0.0010546527387425323 0.000235421256390252 -0.0020401447876389387 -0.00070042924116310232 0.00040471518216196177 0.0019840061844144867 3.878530409392764e-05
leaf_weight=22 34 20 28 21 54 20 23 25 255 24 28 49.093395233154297 35 258
leaf_count=22 34 20 28 21 54 20 23 25 255 24 28 39 35 258
internal_value=-7.75091e-05 -0.00276549 -0.00351942 -0.00233146 -0.00371528 -0.00940476 -0.00135922 -0.00530612 0.000826473 -0.00100276 0.000151503 0.00168514 -0.00112069 0.00139105
internal_weight=896.093 225 205 177 143 41 102 48 671.093 158.093 134.093 106.093 57 513
internal_count=886 225 205 177 143 41 102 48 661 148 124 96 57 513
is_linear=0
shrinkage=0.05


Tree=238
num_leaves=15
num_cat=0
split_feature=3 13 13 3 8 13 13 10 10 13 13 0 0 16
split_gain=0.754703 0.976259 0.975351 0.906896 0.770296 0.53313 0.480915 0.465447 0.536884 0.432176 1.69713 0.382869 0.347704 0.295786
threshold=10.124819010932896 3.8929717452605272 4.5201734135869565 12.83847194549884 17.955000000000002 4.0246259411129488 4.516393471399744 -0.2397582400620111 -0.47715421805211583 2.9940036570363189 2.7762937508167798 14.80190508185021 15.678851993770641 0.10701500000000001
decision_type=2 8 10 2 10 10 10 2 2 10 10 2 2 2
left_child=6 7 3 4 5 -3 11 8 12 10 -9 13 -2 -1
right_child=1 2 -4 -5 -6 -7 -8 9 -10 -11 -12 -13 -14 -15
leaf_value=0.00040572186155217037 0.0012359952152198586 -0.0095605111342533227 0.00068112908654032432 -0.0010606233478444417 0.00046945604152968555 -0.00020628751506454547 -0.00020431759191884234 0.0024767908168202039 -0.023696985786248227 0.00018162151767291623 -0.0012415127844330423 0.0037709344458861215 -0.00085945200993357406 -3.3247286374994392e-05
leaf_weight=119.04669761657715 84 20 36 20 23 24 34.046697616577148 55 21 112 23 180.04669761657715 37 125
leaf_count=114 84 20 36 20 23 24 29 55 21 112 23 175 37 125
internal_value=0.000509441 -0.000932017 -0.00471774 -0.00755682 -0.00463235 -0.00844444 0.00193993 0.000480481 -0.00167832 0.00209424 -0.000759493 0.00240057 -0.000368852 0.00110278
internal_weight=913.14 455 123 87 67 44 458.14 332 142 190 78 424.093 121 244.047
internal_count=898 455 123 87 67 44 443 332 142 190 78 414 121 239
is_linear=0
shrinkage=0.05


Tree=239
num_leaves=15
num_cat=0
split_feature=1 1 14 10 2 9 16 9 0 1 0 2 2 3
split_gain=0.645896 1.10168 1.39623 0.645749 0.268557 0.245269 0.250314 0.24831 0.615455 0.457319 0.581915 0.268911 0.378133 0.27207
threshold=15.263972090623797 15.807939224393884 2.7037143114728965 0.38268343236508956 14.421204720979633 0.97014794553715189 -0.84618999999999989 0.25671049665402418 15.904872601523701 12.116287536430383 11.194996633038054 12.837262418420501 10.352761963593805 5.0296683944994847
decision_type=2 2 2 2 2 2 2 2 2 2 2 2 2 2
left_child=5 2 -2 -4 -3 6 -1 -8 9 10 -9 12 13 -11
right_child=1 4 3 -5 -6 -7 7 8 -10 11 -12 -13 -14 -15
leaf_value=-6.3085445573392822e-05 0.0077093069692031517 0.001047252672061273 -0.00054286199665153306 -0.0011100450226506613 -0.00022147193830455043 0.0008278090488571541 0.00025082651904168355 0.00082885194582081514 -0.00042708877387488014 0.0020556813357607367 -0.0030258614657745885 -0.0018067942873856012 0.00041094165875400979 -0.00042847902389972286
leaf_weight=38 20 51 36 22 48 44.046697616577148 356 27.046697616577148 30 25.046697616577148 39 39 101.04669761657715 20
leaf_count=38 20 51 36 22 48 39 356 22 30 20 39 39 96 20
internal_value=0.000647506 -0.00205056 -0.0064557 -0.010339 0.00145 0.00131346 0.0010733 0.00130959 0.000197421 0.00101412 -0.00253206 0.00228631 0.00326641 -0.000537856
internal_weight=896.187 177 78 58 99 719.187 675.14 637.14 281.14 251.14 66.0467 185.093 146.093 45.0467
internal_count=876 177 78 58 99 699 660 622 266 236 61 175 136 40
is_linear=0
shrinkage=0.05


Tree=240
num_leaves=15
num_cat=0
split_feature=3 2 16 8 3 8 2 12 15 8 15 2 0 8
split_gain=0.511464 0.790825 0.462827 0.499215 0.9046 0.312019 0.484206 0.436247 0.307688 0.284994 0.278869 0.579755 0.459574 0.438951
threshold=12.306661339495072 14.502773022519539 0.10701500000000001 19.900000000000002 12.94274609994301 7.6100000000000003 11.242196422425282 1.5000000000000002 -1.2924149999999999 32.050000000000004 -0.83455499999999994 11.116577266571658 13.993768541603382 15.750000000000002
decision_type=2 2 2 10 2 8 2 10 2 10 2 2 2 10
left_child=5 2 3 -2 -5 6 -1 -8 -7 -3 11 12 -10 -13
right_child=1 9 -4 4 -6 8 7 -9 10 -11 -12 13 -14 -15
leaf_value=0.0003362889942891088 -0.00016062937703421876 0.025460311111373014 3.9468245353736455e-05 -0.00078802416544505806 -0.013020435521056179 0.0018356670586256729 -0.00039318412045877553 -0.0075363685782433775 -1.4025158433934824e-05 -0.00051425904928106749 0.00011366026513133725 0.0041236603671426049 -0.00033848629941522881 -0.00015757160951247208
leaf_weight=57 30 38 32 25 25 70 27 27 20 20 436.0933952331543 40.093395233154297 26 40
leaf_count=57 30 38 32 25 25 70 27 27 20 20 426 30 26 40
internal_value=0.000126817 -0.00233918 -0.00477876 -0.00679012 -0.00980392 0.000693286 -0.00174107 -0.00509091 0.00112279 0.00237288 0.000729659 -0.00133392 -0.00574468 0.0012389
internal_weight=913.187 170 112 80 50 743.187 111 54 632.187 58 562.187 126.093 46 80.0934
internal_count=893 170 112 80 50 723 111 54 612 58 542 116 46 70
is_linear=0
shrinkage=0.05


Tree=241
num_leaves=15
num_cat=0
split_feature=15 0 0 4 3 7 1 1 0 3 15 13 15 1
split_gain=0.397355 0.393595 0.678768 0.69788 0.434553 0.760492 0.433624 0.430369 0.378569 0.342268 0.574568 1.09437 0.387649 0.378386
threshold=1.2809800000000002 17.233064635302792 16.792665430421291 7.8166859451125568 3.7494348669884658 6.3500000000000005 12.674202605042156 12.961945650814028 15.450586597540411 11.969947749779928 -0.11977499999999999 3.5483580088285533 -1.1641199999999998 14.299359300181179
decision_type=2 2 2 2 2 2 2 2 2 2 2 8 2 2
left_child=1 2 4 -4 5 8 -6 -8 -1 13 12 -12 -11 -9
right_child=-2 -3 3 -5 6 -7 7 9 -10 10 11 -13 -14 -15
leaf_value=0.00031882546855728451 0.00033928401285481603 0.0091718738441359735 -0.0020057633928952118 -0.0037365596381487448 0.0004694918323330336 -0.0020361682855606351 -0.0069337728012549525 -1.7267195710966384e-05 -0.00087612005303473175 -0.00059785324061819049 -3.6362797671713948e-05 -0.0071994936897429966 0.00011409553653266491 0.0013313649139781644
leaf_weight=113.0933952331543 84.046697616577148 41 22 23 115 22 21 126 21 36 39 20 76 122
leaf_count=103 79 41 22 23 115 22 21 126 21 36 39 20 76 122
internal_value=0.000516585 0.000169738 -9.18419e-05 -0.00597826 0.00028854 -0.00203403 0.000944245 0.000226758 -0.000588726 0.000583334 -0.00113372 -0.00508333 0.000973451 0.00176707
internal_weight=881.14 797.093 756.093 45 711.093 156.093 555 440 134.093 419 171 59 112 248
internal_count=866 787 746 45 701 146 555 440 124 419 171 59 112 248
is_linear=0
shrinkage=0.05


Tree=242
num_leaves=15
num_cat=0
split_feature=4 10 7 14 8 13 2 0 7 8 8 8 0 0
split_gain=0.660591 0.799408 0.435265 1.15763 0.618905 0.912762 0.355214 0.327711 0.219483 0.206139 0.179714 0.535716 0.257375 0.254202
threshold=11.92474704216828 0.38268343236508956 6.4500000000000011 5.4932001282308471 28.650000000000002 3.6685709561006159 9.4106893536301772 14.159144017181173 4.6500000000000012 21.350000000000005 11.500000000000002 12.65 15.562566683357149 14.702380794808269
decision_type=2 2 2 2 10 8 2 2 2 10 10 10 2 2
left_child=2 9 3 4 8 7 -4 -6 -1 -2 -10 -12 13 -13
right_child=1 -3 6 -5 5 -7 -8 -9 10 -11 11 12 -14 -15
leaf_value=-0.00014446867099679055 0.007408321328701362 -0.00060757675986674957 -0.00083585392815326291 -0.0044334525881890895 0.0045220817460306355 -0.00030222516432945964 0.00034703549355070143 -8.3081211563967056e-05 0.00038395530537650247 -0.016984730545551142 -0.0071426024491819708 0.00027310536180198182 0.0080627801469037065 -5.8838569650580716e-05
leaf_weight=26 25 20 27 22 39 30 229 30 212.0933952331543 23 29 82.046697616577148 54 50.046697616577148
leaf_count=26 25 20 27 22 39 30 229 30 202 23 29 77 54 45
internal_value=0.000935216 -0.00376812 0.00132453 0.000557965 0.001014 -0.00255 0.00303502 0.000642857 0.00179647 -0.000204081 0.00206904 0.00104338 0.00203357 0.000829996
internal_weight=898.187 68 830.187 574.187 552.187 99 256 69 453.187 48 427.187 215.093 186.093 132.093
internal_count=878 68 810 554 532 99 256 69 433 48 407 205 176 122
is_linear=0
shrinkage=0.05


Tree=243
num_leaves=15
num_cat=0
split_feature=7 14 8 2 16 4 5 4 8 2 10 2 14 2
split_gain=0.310362 1.09619 0.977714 0.392523 0.2523 0.221989 0.416524 0.360298 0.233364 0.195943 0.210726 0.285595 0.315127 0.402606
threshold=6.2500000000000009 4.7209182037664617 37.350000000000001 13.527992964228725 -0.33242999999999995 10.118160260165144 6.1658424761504458 11.377821463323057 10.050000000000002 11.952697406766363 -0.19722537325836093 11.364318137156067 0.73482557226223499 8.9585392840773732
decision_type=2 2 10 2 2 2 2 2 8 2 2 2 2 2
left_child=1 2 3 4 -1 -2 7 -7 -8 10 11 12 13 -6
right_child=5 -3 -4 -5 9 6 8 -9 -10 -11 -12 -13 -14 -15
leaf_value=-0.00012887556272796002 0.00014227793878702694 -0.00045152820079137428 -0.00034596147667871223 -0.0028996828534757976 0.0035927434452621577 -0.0046180326022801114 -0.0005353845658453509 2.2765196263593213e-05 0.018510035372745436 0.00075555667595005038 0.0011274684442303497 -0.00082877373813705689 0.00029228091216921317 -0.00012795282926051513
leaf_weight=34 241 38 31 26 52.093395233154297 24 25 43 50 81 144.14009284973145 26 39 29
leaf_count=34 241 38 31 26 42 24 25 43 50 81 129 26 39 29
internal_value=0.000923023 0.000102083 0.000779666 0.00140241 0.00178756 0.00199219 0.000419581 -0.00242647 0.00296053 0.00216576 0.00154916 0.000207127 0.00124257 -0.000542468
internal_weight=883.233 500.233 462.233 431.233 405.233 383 142 67 75 371.233 290.233 146.093 120.093 81.0934
internal_count=858 475 437 406 380 383 142 67 75 346 265 136 110 71
is_linear=0
shrinkage=0.05


Tree=244
num_leaves=15
num_cat=0
split_feature=14 4 10 3 0 16 9 4 8 3 1 12 5 4
split_gain=0.377466 0.569317 0.395945 0.308919 0.401835 0.558753 0.383963 0.602548 0.560022 0.337161 0.362062 0.347799 0.299024 0.254498
threshold=5.6933572280725686 11.125226048454413 0.45783468794784965 8.3074692296112875 12.894777939625641 -0.33242999999999995 -0.49431062074847748 8.4472909117746156 16.950000000000003 8.0417118840855224 11.491322867937805 2.5000000000000004 8.9571883744325564 8.2505171156597878
decision_type=2 2 2 2 2 2 2 2 8 2 2 10 2 2
left_child=3 -2 12 4 -1 -6 7 -5 -9 10 -7 -12 -3 -8
right_child=1 2 -4 6 5 9 13 8 -10 -11 11 -13 -14 -15
leaf_value=0.00069885435538661982 -0.0082182455905115345 0.0016306395408041505 -0.00043383107250924234 0.00023801271502423777 -0.0021939023325693581 -0.00055129090667222044 0.00020704402637739292 -8.4092942824857541e-05 -0.00065101329897493908 -0.00022802970598820006 0.00058950584462093866 -0.00052075481193555862 -0.00028469411518359887 0.0011567303779303224
leaf_weight=68.093395233154297 21 41 38 72 22 25 203 32 23 23 130 30 30 119
leaf_count=58 21 41 38 72 22 25 203 32 23 23 130 30 30 119
internal_value=0.000951456 -0.00152672 -4.54544e-05 0.00138414 0.000135299 -0.000865801 0.00221111 -0.000117187 -0.00401786 -4.78467e-05 0.000672043 0.0015528 0.00215278 0.00312694
internal_weight=877.093 130 109 747.093 298.093 230 449 127 55 208 185 160 71 322
internal_count=867 130 109 737 288 230 449 127 55 208 185 160 71 322
is_linear=0
shrinkage=0.05


Tree=245
num_leaves=15
num_cat=0
split_feature=10 16 15 14 13 13 2 2 1 5 13 13 14 10
split_gain=0.395047 0.394485 0.546397 0.614581 0.566795 0.509885 0.359512 0.311764 0.222496 0.594657 0.25488 0.298925 0.49485 0.18854
threshold=0.38268343236508956 0.37080500000000005 -0.30803999999999992 5.9960835360259503 2.9151314714814558 2.9940036570363189 12.457253329604793 5.6139948090932377 16.123334206731318 3.7187503938003199 3.5569021725796435 3.3679762682953696 2.6884554368297269 0.85713466239780911
decision_type=2 2 2 2 10 10 2 2 2 2 8 10 2 2
left_child=7 2 3 5 -4 -2 13 -1 10 -10 11 -9 -13 -6
right_child=1 -3 4 -5 6 -7 -8 8 9 -11 -12 12 -14 -15
leaf_value=-0.00045086178008688728 -0.00014238309138916126 0.00023956645349590901 0.00092351728741966858 -0.0010559374650929629 -0.00054544574785413298 0.0015259242032660124 -0.0041304003909871326 0.0003319864947882427 0.00083997585314751636 -0.0085984416412212706 0.00027187174710918894 -0.00016795229666357293 8.1188532244478331e-05 -0.0006270401154935515
leaf_weight=42.046697616577148 38 63 31 20 20 98.046697616577148 24 230 20 20 226.04669761657715 25.046697616577148 26 26
leaf_count=37 38 63 31 20 20 93 24 230 20 20 221 20 26 26
internal_value=0.00125901 -0.000155013 -0.00102604 0.000829266 -0.00387255 0.0020448 -0.00633803 0.00202613 0.00234534 -0.00121951 0.00262839 0.00161404 -0.0018208 -0.00361702
internal_weight=909.187 320.047 257.047 156.047 101 136.047 70 589.14 547.093 40 507.093 281.047 51.0467 46
internal_count=889 315 252 151 101 131 70 574 537 40 497 276 46 46
is_linear=0
shrinkage=0.05


Tree=246
num_leaves=15
num_cat=0
split_feature=8 8 9 13 0 13 2 2 9 6 12 0 4 8
split_gain=0.380136 0.431055 0.253899 0.275738 0.376032 0.303267 0.639433 0.637007 0.448369 0.441959 0.284813 0.281886 0.437494 0.278308
threshold=41.95000000000001 36.850000000000009 0.97014794553715189 2.7762937508167798 11.81295623839134 3.1121921542889894 9.172039233726256 7.9277271140429937 0.88396761516098465 3.4299385993688372 1.0000000180025095e-35 15.678851993770641 2.3410656135621104 6.6500000000000012
decision_type=8 10 2 10 2 10 2 2 2 2 10 2 2 10
left_child=1 2 3 -1 -5 10 7 -7 9 13 -6 12 -12 -8
right_child=-2 -3 -4 4 5 6 8 -9 -10 -11 11 -13 -14 -15
leaf_value=0.00017845192685480467 0.0004466226382055137 -0.00025625125565997017 0.017384437143410435 0.00073726337530279908 0.005218928074097233 -0.00030171217337121407 -0.0011689793854492675 -0.0076513986821077767 -0.0011050664530224534 -0.00089863862334527394 0.0086922321175655123 -0.00081997701728470877 -0.0014220294300932718 0.00034732077241127592
leaf_weight=149 92 38 45.046697616577148 45.046697616577148 33 40.046697616577148 29 22 34.046697616577148 20 27 22 39 263
leaf_count=149 92 38 40 40 33 35 29 22 29 20 27 22 39 263
internal_value=0.00138006 0.00102942 0.00128829 0.00105739 0.000557604 0.000180095 0.000832248 -0.003803 0.00167192 0.00226837 -0.0020082 -0.00348315 -0.00179104 0.00276451
internal_weight=898.187 806.187 768.187 723.14 574.14 529.093 408.093 62.0467 346.047 312 121 88 66 292
internal_count=878 786 748 708 559 519 398 57 341 312 121 88 66 292
is_linear=0
shrinkage=0.05


Tree=247
num_leaves=15
num_cat=0
split_feature=8 16 10 7 15 10 1 7 15 3 8 10 14 8
split_gain=0.307415 0.442343 0.598011 0.594359 0.508275 0.315177 0.251038 0.417844 0.940668 0.202401 0.551062 0.298297 0.184515 0.247337
threshold=22.050000000000004 0.10701500000000001 -0.70710678118654757 6.2500000000000009 -1.2619349999999996 0.49240481012316867 13.384113149363289 5.3500000000000005 -0.17237999999999995 10.273469583031011 12.450000000000001 -0.26932402956675622 4.9315096291190477 14.050000000000002
decision_type=10 2 2 2 2 2 2 2 2 2 10 2 2 8
left_child=6 2 -2 5 -5 -4 -1 8 -8 10 -9 -12 -11 -14
right_child=1 -3 3 4 -6 -7 7 9 -10 12 11 -13 13 -15
leaf_value=0.00030560258928458151 0.00015646356814957667 0.00110953502030839 -0.00029433906635345692 -0.00060206150706637888 7.1507003910649492e-05 -0.00077968304111136538 0.00020753217292217966 0.00035169261282816009 -0.012724308230689997 0.00043533069999183516 -0.008809158339865784 -2.3749942243614115e-06 -0.00024460602660919686 0.011880840294489589
leaf_weight=232.14009284973145 69 83 20 31 82 28 21 62 28 93 23 29 63 31
leaf_count=217 69 83 20 31 82 28 21 62 28 93 23 29 63 31
internal_value=0.00131196 4.77709e-05 -0.00108225 -0.00274691 -0.000745614 -0.00734694 0.00199043 0.0011396 -0.0031 0.00183775 0.000173913 -0.00358491 0.00284574 0.00126316
internal_weight=895.14 313 230 161 113 48 582.14 350 49 301 114 52 187 94
internal_count=880 313 230 161 113 48 567 350 49 301 114 52 187 94
is_linear=0
shrinkage=0.05


Tree=248
num_leaves=15
num_cat=0
split_feature=8 10 4 7 12 9 1 15 8 2 0 12 10 3
split_gain=0.547158 0.450758 0.704482 0.676828 0.425728 0.378009 0.368602 0.361376 0.22619 0.188826 0.146188 0.245759 0.364509 0.311343
threshold=20.545000000000005 -0.50376918148035232 11.92474704216828 6.2500000000000009 1.5000000000000002 -0.81661045995358794 12.831759144235951 0.63776500000000014 33.95000000000001 14.877540540956074 14.740501955258901 1.5000000000000002 -0.65768990033922992 11.644363344401578
decision_type=10 2 2 2 10 2 2 2 10 2 2 10 2 2
left_child=9 6 3 4 7 -5 8 -3 -2 10 -1 12 -12 -14
right_child=1 2 -4 5 -6 -7 -8 -9 -10 -11 11 -13 13 -15
leaf_value=0.0007398885048176965 -0.0009506131053928353 0.00027251156984225289 -0.014020744865864007 -0.0018214964463551934 -0.00062690240324559743 0.00019474230378630338 0.00024097397442269169 -0.00045393067343126037 0.00031153518556204581 -0.007154233011239762 -0.0018845448892144973 0.00023571823839002484 0.0036708445708454741 -0.00054709782300682737
leaf_weight=228.14009284973145 20 38 24 26 30 77 66 36 21 21 41 154.04669761657715 77 26
leaf_count=213 20 38 24 26 30 77 66 36 21 21 41 149 77 26
internal_value=0.00155265 -2.94983e-05 -0.00127155 -0.0003125 -0.00314286 0.00254808 0.00263889 -0.00106667 -0.00107143 0.00252821 0.00271428 0.00197372 0.000482759 0.00206731
internal_weight=885.187 338 231 207 104 103 107 74 41 547.187 526.187 298.047 144 103
internal_count=865 338 231 207 104 103 107 74 41 527 506 293 144 103
is_linear=0
shrinkage=0.05


Tree=249
num_leaves=15
num_cat=0
split_feature=14 3 0 0 8 2 2 13 9 4 1 8 8 12
split_gain=0.370351 0.611558 0.207873 0.623463 0.216269 0.511414 0.449093 0.338207 0.329455 0.338345 0.215679 0.192608 0.28733 0.466197
threshold=7.0676333560569509 14.062721239916847 15.960627720816442 15.85142948336115 20.545000000000005 7.1829388544009367 13.768835423802477 3.0173076496044242 -0.5 4.4423743632255919 13.593022859930125 30.050000000000004 39.500000000000007 1.5000000000000002
decision_type=2 2 2 2 10 2 2 10 2 2 2 10 10 10
left_child=2 -2 3 4 6 -6 -1 8 -7 -10 -4 -9 13 -13
right_child=1 -3 10 -5 5 7 -8 11 9 -11 -12 12 -14 -15
leaf_value=0.00035129418205056667 -0.020900143019166692 0.0040332122090590517 -0.00017997162112493872 -0.00059555729627456719 -0.0010481467387902406 -0.0036482210222976703 -0.0062173639200322622 0.00030801592606240154 -0.00066088477187342849 0.00020495446376954642 0.00052585529652377741 0.0013732543337243728 9.4692185722407662e-05 -0.0015234141091304519
leaf_weight=361.23348808288574 21 23 24 20 27 21 20 57 21 36 172 25 48 20
leaf_count=336 21 23 24 20 27 21 20 57 21 36 172 25 48 20
internal_value=0.00153936 -0.00288889 0.00177111 0.00134072 0.00161819 0.000488281 0.00237072 0.00126638 -0.0013924 0.000603448 0.00319797 0.00264901 0.0012234 -0.00163043
internal_weight=896.233 44 852.233 656.233 636.233 255 381.233 228 78 57 196 150 93 45
internal_count=871 44 827 631 611 255 356 228 78 57 196 150 93 45
is_linear=0
shrinkage=0.05


Tree=250
num_leaves=15
num_cat=0
split_feature=13 15 10 14 7 14 8 15 15 0 0 1 8 8
split_gain=0.588438 0.661505 0.452546 0.418621 0.284885 0.609903 0.332283 0.171732 0.561974 0.191179 0.516462 0.159625 0.373859 0.140783
threshold=4.2656043041208509 -1.2619349999999996 0.23766552919915279 3.0593438543149802 5.1500000000000012 0.15615118518611129 13.65 -0.52107999999999988 -0.43006499999999998 16.792665430421291 17.257980813679236 12.555101602764983 27.850000000000005 7.160000000000001
decision_type=8 2 2 2 2 2 10 2 2 2 2 2 10 10
left_child=4 -2 3 -3 5 -1 -7 11 -9 13 -11 12 -6 -10
right_child=1 2 -4 -5 7 6 -8 8 9 10 -12 -13 -14 -15
leaf_value=0.00029936125386227473 -0.0014163042969484233 -2.2382793440012276e-06 0.0030500219549432876 -0.0016274171353368077 0.010010629714024791 -0.00010452234427211212 -0.00044570165725416023 -0.00016989254871296937 0.00058947802172698018 -0.022138836444169446 0.0088497653072065179 0.00055411337228382395 -0.0021207828968416663 0.00021104350896244563
leaf_weight=42 25 36 59.046697616577148 28 29.046697616577148 21 26 23 56 22 20 160 23 321.14009284973145
leaf_count=42 25 36 54 28 24 21 26 23 56 22 20 160 23 306
internal_value=0.00146393 -0.00140739 0.000122805 -0.00276923 0.00203703 -0.000611111 -0.00447917 0.00239769 0.00182945 0.00225092 -0.000930232 0.00356839 0.00113548 0.00260671
internal_weight=891.233 148.047 123.047 64 743.187 89 47 654.187 442.14 419.14 42 212.047 52.0467 377.14
internal_count=866 143 118 64 723 89 47 634 427 404 42 207 47 362
is_linear=0
shrinkage=0.05


Tree=251
num_leaves=15
num_cat=0
split_feature=13 8 2 2 2 10 13 13 13 13 1 10 7 7
split_gain=0.464218 0.530766 0.292864 0.821366 0.262181 0.230214 0.268478 0.420531 0.297919 0.648913 0.776456 0.222328 0.178581 0.306952
threshold=2.2184172532748758 16.950000000000003 6.6483263812505102 1.0000000180025095e-35 10.86988736148618 -0.8627159076429457 3.9561014979758524 4.2517113222717953 3.1062043792790042 2.9151314714814558 14.325199642858239 0.54824625590878551 6.4500000000000011 5.6500000000000012
decision_type=10 10 2 2 2 2 10 10 10 10 2 2 2 2
left_child=1 -1 3 -2 -4 -6 8 -8 9 12 -11 -9 13 -7
right_child=2 -3 4 -5 5 6 7 11 -10 10 -12 -13 -14 -15
leaf_value=-0.0043421005231491644 0.0001636389612693796 0.00014910156141608938 0.00028705386613084641 -0.00061156349346186282 0.00024685699272784036 0.0035080753599257908 -0.0032466896478816512 -0.00076597931521340786 0.00019509991463689596 -0.0038710270099710782 0.00012280532998253319 0.0028956656306499302 0.00075263548372624469 -0.00055659996543888071
leaf_weight=27 53.046697616577148 22 198.04669761657715 20 130 24 25 35 182.04669761657715 25 28 35.046697616577148 42 33
leaf_count=27 48 22 193 20 130 24 25 35 177 25 28 30 42 33
internal_value=0.00158595 -0.0031 0.00186593 -0.00114477 0.00215752 0.00159878 0.00103574 -0.00129902 0.00170195 6.53597e-05 -0.00435185 0.000707049 0.00245 0.000603448
internal_weight=879.187 49 830.187 73.0467 757.14 559.093 429.093 95.0467 334.047 152 53 70.0467 99 57
internal_count=859 49 810 68 742 549 419 90 329 152 53 65 99 57
is_linear=0
shrinkage=0.05


Tree=252
num_leaves=15
num_cat=0
split_feature=13 13 14 2 14 2 10 16 9 0 2 0 9 2
split_gain=0.244654 0.630924 0.317312 0.320334 0.395817 0.672561 0.554663 0.363643 0.247768 0.220446 0.162107 0.137894 0.126471 0.175867
threshold=4.3167983667369354 4.5201734135869565 2.3447760871238286 10.833261548174768 1.0079905521927708 11.908551369505817 1.0000000180025095e-35 0.78996500000000014 0.26092512978024796 16.429227772376176 9.5787655191099272 12.163456112193478 0.25671049665402418 12.228182653119807
decision_type=8 8 2 2 2 2 2 2 2 2 2 2 2 2
left_child=2 -2 3 7 -5 6 -6 11 -7 -3 -9 -1 -4 -14
right_child=1 9 12 4 5 8 -8 10 -10 -11 -12 -13 13 -15
leaf_value=-1.4471244142956605e-05 -0.0017142037708035799 0.00051004408167129361 0.0003406996490182986 0.00043827791538005593 -0.00251492641801756 0.015641322701089855 -0.00016312174249626284 -9.3606449407643028e-05 -0.00015675909021934509 -0.00016350037733874458 -0.00031184380348301592 0.00094771384513357227 0.00030897589061173965 0.00012046580317882655
leaf_weight=37.046697616577148 37 68.046697616577148 200 49 27 27 25 26 20 30 20 107 68 127
leaf_count=32 37 63 200 49 27 27 25 26 20 30 20 107 68 127
internal_value=0.0017725 -0.000182044 0.00213234 0.0010035 -0.000738255 -0.00255 -0.00641509 0.00235667 0.00177083 0.00192064 -0.00148936 0.00358666 0.00309343 0.00216837
internal_weight=868.093 135.047 733.047 338.047 148 99 52 190.047 47 98.0467 46 144.047 395 195
internal_count=858 130 728 333 148 99 52 185 47 93 46 139 395 195
is_linear=0
shrinkage=0.05


Tree=253
num_leaves=15
num_cat=0
split_feature=13 10 7 14 10 12 14 4 4 7 9 7 2 2
split_gain=0.566661 0.818285 1.04048 0.314711 0.29953 0.387248 0.299925 0.628715 0.294225 0.353067 0.399071 0.269647 0.267123 0.863171
threshold=4.3957595904073594 0.25881904510252057 6.2500000000000009 4.5917641264578544 0.23766552919915279 1.5000000000000002 3.6263617620426336 5.8943942965237666 1.4978661367769956 5.5500000000000007 0.26092512978024796 6.3500000000000005 11.210599421575576 11.952697406766363
decision_type=8 2 2 2 2 10 2 2 2 2 2 2 2 2
left_child=3 2 -2 4 5 12 7 8 9 10 -6 -11 -1 -14
right_child=1 -3 -4 -5 6 -7 -8 -9 -10 11 -12 -13 13 -15
leaf_value=0.00025009052936533733 -0.00063190282901670624 0.0024389583603059272 -0.00033857028905139415 0.00035586621176774184 3.6611552850413126e-05 0.00041645559101014429 -0.00093999898777688291 0.00071464143863619487 -0.00061209431063158869 0.0044110966857570273 -0.0098067878738996341 -0.00048148032238960905 -0.0032563270701039624 0.00023763603933607349
leaf_weight=83 36 57.046697616577148 28 173 43 148.0933952331543 30 56 21 39.046697616577148 28 21 36 59
leaf_count=83 36 52 28 173 43 138 30 56 21 34 28 21 36 59
internal_value=0.00115334 -0.00200552 -0.00584615 0.00167407 0.00109831 0.00208034 -0.00025002 0.000431643 -0.00123993 -0.00033902 -0.00270833 0.00246096 0.000502793 -0.00130208
internal_weight=858.187 121.047 64 737.14 564.14 326.093 238.047 208.047 152.047 131.047 71 60.0467 178 95
internal_count=838 116 64 722 549 316 233 203 147 126 71 55 178 95
is_linear=0
shrinkage=0.05


Tree=254
num_leaves=15
num_cat=0
split_feature=15 13 4 5 3 2 2 13 1 8 8 0 0 1
split_gain=0.336194 0.32998 0.212791 0.263177 0.150793 0.381558 1.31839 0.369377 0.335652 0.215666 0.19155 0.365949 0.538608 0.296736
threshold=-1.7154999999999998 4.2656043041208509 11.069763655070963 8.4353839539398141 9.6705788083499247 11.984396766813456 11.563466587819351 3.1941859788175644 13.051718662833805 8.0500000000000025 12.350000000000003 15.814719147144968 16.444660307493475 11.11698721532847
decision_type=2 10 2 2 2 2 2 10 2 10 10 2 2 2
left_child=1 -1 3 4 10 6 7 -6 -7 -10 13 -12 -13 -2
right_child=2 -3 -4 -5 5 8 -8 -9 9 -11 11 12 -14 -15
leaf_value=0.001447742815192807 -3.8028284072589612e-05 -0.00099276018217274008 0.00037962366507035512 -0.0051491856547238139 -0.00016628996300851277 -0.0003368841005708196 -0.0023401662112263119 0.0003324483231302695 -0.005060479469126326 0.00028273093123417384 0.00021691171693288968 -0.0010108800077716915 0.00015021572718350301 0.0041994269738698971
leaf_weight=30 40.093395233154297 27 130 23 27 24 34 48 23 154 182.0933952331543 23 24 123.04669761657715
leaf_count=30 30 27 130 23 27 24 34 48 23 154 172 23 24 118
internal_value=0.00170949 -0.00198276 0.00195761 0.00161954 0.00179338 0.00096463 -0.00140909 0.00230263 0.00225248 0.00300562 0.00244427 0.00150142 -0.00239583 0.00375107
internal_weight=912.233 57 855.233 725.233 702.233 310 109 75 201 177 392.233 229.093 47 163.14
internal_count=887 57 830 700 677 310 109 75 201 177 367 219 47 148
is_linear=0
shrinkage=0.05


Tree=255
num_leaves=15
num_cat=0
split_feature=1 9 13 5 1 7 4 8 9 10 3 13 7 7
split_gain=0.519042 0.518549 0.447772 0.459348 0.401496 0.384011 0.452149 0.445203 0.167907 0.378907 0.25943 0.16045 0.211369 0.156137
threshold=12.831759144235951 0.9562228270146037 4.418491763870585 7.0341670346143408 15.069348255026197 6.4500000000000011 3.0080785798491774 7.9000000000000012 -0.043619387365336666 0.9396121150393979 13.914185950458013 2.9221190907990109 5.8500000000000005 5.2500000000000009
decision_type=2 2 8 2 2 2 2 10 2 2 2 10 2 2
left_child=1 5 8 4 -4 7 -7 -1 11 10 13 12 -2 -10
right_child=2 -3 3 -5 -6 6 -8 -9 9 -11 -12 -13 -14 -15
leaf_value=-0.0086186938327827891 -0.002420954246626545 -0.0012228022672989261 -0.00018021887848188343 -0.0056487361734865816 0.00027225818329544148 -0.00050424198220952704 5.6283668266012869e-05 0.00032943281541315334 -0.0070788322565651599 -0.00078949486252407122 -0.021451435505364234 0.00040967088846447874 0.00015054587611564835 0.00028721234440512412
leaf_weight=28 21 25 32 20 36 28 38 150.0933952331543 31 32 20 171 48 199
leaf_count=28 21 25 32 20 36 28 38 140 31 32 20 171 48 199
internal_value=0.00181284 -1.6783e-05 0.00261866 -0.000674157 0.00130435 0.000695519 -0.00253731 0.00190106 0.003174 0.00233216 0.00298805 0.00414938 0.00207143 0.0034632
internal_weight=879.093 269.093 610 88 68 244.093 66 178.093 522 282 250 240 69 230
internal_count=869 259 610 88 68 234 66 168 522 282 250 240 69 230
is_linear=0
shrinkage=0.05


Tree=256
num_leaves=15
num_cat=0
split_feature=4 7 1 2 15 10 9 7 0 1 4 4 2 10
split_gain=0.426475 0.441717 0.540213 0.269336 0.291986 0.273446 0.624315 0.204497 0.89195 0.155636 0.154521 0.294399 0.44388 0.741928
threshold=12.984467548681897 4.7500000000000009 12.583208469475984 6.6483263812505102 -0.11977499999999999 0.9396121150393979 0.25671049665402418 5.2500000000000009 15.301189627716239 14.27989329915639 9.6430120318600316 11.002206928624593 11.703499508145093 0.25881904510252057
decision_type=2 2 2 2 2 2 2 2 2 2 2 2 2 2
left_child=1 2 -1 4 -3 7 9 8 -5 -7 -9 12 -12 -14
right_child=-2 3 -4 5 -6 6 -8 10 -10 -11 11 -13 13 -15
leaf_value=-0.00089205141210490732 -0.0096275334996454211 -0.00042368419161972163 0.0017529110896160839 0.001606821018226596 0.00018719113593710556 0.0018965004949667748 -0.0035755321746537812 0.00027338710968388447 -0.017680705211872573 -4.8443887925861042e-05 0.0024941706370334173 0.00030409488858041057 -0.0057276435403483573 0.00050554290909563145
leaf_weight=22 26 24 22 51.046697616577148 22.046697616577148 32 25 448.14009284973145 23 29 27 86 37 20
leaf_count=22 26 24 22 46 17 32 25 433 23 29 27 86 37 20
internal_value=0.00175504 0.00194558 -0.00288889 0.00220685 -0.00148292 0.0024268 -0.000229885 0.00275674 0.000269612 0.0025 0.00305375 0.00175439 -0.000352941 -0.00284483
internal_weight=894.233 868.233 44 824.233 46.0467 778.187 86 692.187 74.0467 61 618.14 170 84 57
internal_count=869 843 44 799 41 758 86 672 69 61 603 170 84 57
is_linear=0
shrinkage=0.05


Tree=257
num_leaves=15
num_cat=0
split_feature=3 9 7 8 0 9 9 0 8 10 0 3 8 1
split_gain=0.287721 0.204663 0.222434 0.213705 0.199761 0.480576 0.200745 0.427744 0.568737 0.381437 0.290975 0.296188 0.286704 0.238201
threshold=11.416728335612353 0.70088257582277269 6.5500000000000007 25.450000000000003 12.341179895169182 -0.2079097116483111 0.25671049665402418 15.105725432327132 15.050000000000002 -0.65768990033922992 13.723958303648894 7.9688900603734725 7.6100000000000003 13.667301604469792
decision_type=2 2 2 10 2 2 2 2 10 2 2 2 10 2
left_child=4 -2 -3 -4 5 -1 12 10 9 -9 11 -8 13 -6
right_child=1 2 3 -5 6 -7 7 8 -10 -11 -12 -13 -14 -15
leaf_value=-0.0026188076092829257 0.00048774028659055041 0.00027895662497518956 -0.0066843541852241051 0.00011624415948978745 -0.0068936958746987831 8.810024763238297e-05 -0.0015109644658594088 -0.0027252514968179667 -0.00032694824380326412 0.0022752449642267822 0.00058633490041587076 0.00010132381858336256 0.00037149592605148333 0.0015773971117041834
leaf_weight=34 191 46 20 20 20 44.046697616577148 27 21 33 43 106.14009284973145 28 240 22
leaf_count=34 191 46 20 20 20 39 27 21 33 43 91 28 240 22
internal_value=0.00220482 0.00354317 0.00149425 -0.00121951 0.00160038 -0.000756091 0.00194164 0.000928843 -0.00168367 0.00107692 0.00250216 -0.000446428 0.00286219 -0.000930232
internal_weight=895.187 277 86 40 618.187 78.0467 540.14 258.14 97 64 161.14 55 282 42
internal_count=875 277 86 40 598 73 525 243 97 64 146 55 282 42
is_linear=0
shrinkage=0.05


Tree=258
num_leaves=15
num_cat=0
split_feature=14 0 4 13 10 9 14 14 10 8 10 7 9 0
split_gain=0.429967 0.775766 0.24666 0.183098 0.231464 0.492133 0.214442 0.648477 0.180455 0.266489 0.218017 0.202204 0.114818 0.150646
threshold=0.011789636016720442 12.870146433785068 7.4487527704044743 4.5531131166041785 0.89783339391592787 0.25671049665402418 1.0079905521927708 1.2302211569316757 0.32762316226846638 17.450000000000003 -0.79731875629095728 6.2500000000000009 0.9562228270146037 13.967506422254475
decision_type=2 2 2 10 2 2 2 2 2 10 2 2 2 2
left_child=1 -1 3 4 6 -6 -2 -8 10 -10 11 -9 13 -4
right_child=2 -3 12 -5 5 -7 7 8 9 -11 -12 -13 -14 -15
leaf_value=0.00067889383290490289 0.0011469725794165176 -0.00084088178921929444 0.00010918607167613856 -1.0767304739434147e-05 0.0013061267655449646 -0.00057876567403627912 -0.0031329402083265269 0.00015207976873738232 -0.019952598139590678 0.00019118264863356244 0.0019126225440997419 -0.00025736843830625778 7.2959651406369252e-05 0.00042670806241317503
leaf_weight=28.046697616577148 184.0933952331543 20 62 39.046697616577148 46 28 21 36 21 27 86 28 38 235
leaf_count=23 174 20 62 34 46 28 21 36 21 27 86 28 38 235
internal_value=0.00232833 -0.002238 0.00258842 0.00189639 0.00216583 -0.0004 0.00263669 0.00156818 0.00246231 -0.000204081 0.00331126 0.00107692 0.00364583 0.00397651
internal_weight=899.187 48.0467 851.14 516.14 477.093 74 403.093 219 198 48 150 64 335 297
internal_count=879 43 836 501 467 74 393 219 198 48 150 64 335 297
is_linear=0
shrinkage=0.05


Tree=259
num_leaves=15
num_cat=0
split_feature=14 2 0 4 7 2 0 1 1 1 1 14 7 1
split_gain=0.297082 0.451484 0.215181 0.570013 0.217838 0.253661 0.263986 0.525425 0.596543 0.286064 0.451484 0.223113 0.211476 0.231173
threshold=0.019220404642418244 1.0000000180025095e-35 12.341179895169182 3.2672576590843554 6.8500000000000005 10.327260108516565 16.476907121999037 15.17899057694868 15.797906090047203 12.726727415236329 12.339994544195413 3.8185078831563648 5.5500000000000007 13.848560597141519
decision_type=2 2 2 2 2 2 2 2 2 2 2 2 2 2
left_child=1 -1 3 -2 5 -4 7 9 -9 10 -7 12 -11 -14
right_child=2 -3 4 -5 -6 6 -8 8 -10 11 -12 -13 13 -15
leaf_value=4.8011210419340845e-05 -0.00053136981694348797 -0.00026956276219183319 0.0012261996364814731 0.00017348168219132992 0.00043204651542454978 0.00038243933345944787 0.0004449825423704152 -0.0002628064009075638 0.00018814673479975618 0.00079707801876910021 -0.00039412403895615946 0.011059650864145379 0.00014853605660069101 -0.00025200851710141737
leaf_weight=35.046697616577148 20 20 130.04669761657715 46 157 35.046697616577148 80 37 25 82 20 74 53 81
leaf_count=30 20 20 125 46 157 30 80 37 25 82 20 74 53 81
internal_value=0.00220468 -0.001334 0.00243786 -0.000298507 0.00267125 0.00224152 0.00171138 0.00118916 -0.00301587 0.00195128 -0.001334 0.00257732 0.00175115 0.000518519
internal_weight=895.14 55.0467 840.093 66 774.093 617.093 487.047 407.047 62 345.047 55.0467 290 216 134
internal_count=880 50 830 66 764 607 482 402 62 340 50 290 216 134
is_linear=0
shrinkage=0.05


Tree=260
num_leaves=15
num_cat=0
split_feature=13 13 14 15 11 4 13 2 7 15 2 1 9 4
split_gain=0.224643 0.253224 0.267439 0.303328 0.399527 0.387233 0.248218 0.202828 0.356679 0.410788 0.167435 0.352705 0.36876 0.226814
threshold=2.4859113331897214 3.512756907847097 0.30770117337653285 0.70259000000000016 1.0000000180025095e-35 11.854967923499585 3.2755723530519245 12.510880327016482 6.8500000000000005 -0.11977499999999999 11.674176578070659 14.762025559384943 0.70088257582277269 7.4487527704044743
decision_type=10 10 2 2 2 2 10 2 2 2 2 2 2 2
left_child=-1 2 6 5 -5 10 -2 -3 9 -9 -4 12 13 -12
right_child=1 7 3 4 -6 -7 -8 8 -10 -11 11 -13 -14 -15
leaf_value=0.00045972118912830954 0.0003420676376645661 0.00038127751503314207 0.00033773225049877741 -0.00054696717606372012 0.000127299215061863 -0.0002414785752288155 -0.0031628875696651871 2.2140183766383453e-05 0.00033486532786045282 -0.0056976702592389907 -0.00042982041886388393 0.00088063750940465071 7.0425592739989894e-05 -0.0006725101830666342
leaf_weight=97 43 257.18679046630859 101.04669761657715 34 26 31 22 61 43 28 36 58 28 37
leaf_count=97 43 237 96 34 26 31 22 61 43 28 36 58 28 37
internal_value=0.00217127 0.00189296 0.00103162 0.00157716 -0.00163934 0.00224359 -0.00189394 0.00280874 0.00120301 -0.000611111 0.00287394 0.00184375 4.90198e-05 -0.00182432
internal_weight=902.233 805.233 416.047 351.047 60 291.047 65 389.187 132 89 260.047 159 101 73
internal_count=877 780 411 346 60 286 65 369 132 89 255 159 101 73
is_linear=0
shrinkage=0.05


Tree=261
num_leaves=15
num_cat=0
split_feature=14 7 0 0 14 0 7 9 0 13 13 15 0 0
split_gain=0.511772 0.453675 0.274032 0.789787 0.264749 0.227056 0.22484 0.236735 0.381659 0.213705 0.188504 0.308777 0.343939 0.211945
threshold=0.40661190182880841 6.3500000000000005 12.576561026050358 13.792124555578615 7.0676333560569509 12.99662366452964 7.0500000000000007 -0.9263445426916056 15.084980169461302 3.1233910917821626 3.094662338278956 -0.44686499999999996 15.149169516461955 13.933523308119085
decision_type=2 2 2 2 2 2 2 2 2 8 8 2 2 2
left_child=1 2 -1 5 6 -4 7 8 -2 -6 11 12 -9 -13
right_child=4 -3 3 -5 9 -7 -8 10 -10 -11 -12 13 -14 -15
leaf_value=0.0046812264639925815 -0.0057274629212678415 -0.00096392682855096366 -0.0020535583744511351 0.00037275826617627367 0.0011064587860241978 -0.0012383205663486236 0.00035732151475050547 0.00063517151848768412 0.00016763466289546853 -0.00498609624178201 0.00026783689757288632 -0.0011991636823682011 -0.00024280932463597904 0.00091050313675443287
leaf_weight=31.046697616577148 24 26 21 70 20 20 115 20 29 20 342.0933952331543 22 21 108
leaf_count=26 24 26 21 70 20 20 115 20 29 20 332 22 21 108
internal_value=0.00212967 -0.00035355 0.000770612 -0.000401786 0.00270805 -0.00583333 0.00294016 0.00252245 -0.000648148 -0.00121951 0.00285059 0.00148256 -0.0022619 0.00267176
internal_weight=889.14 168.047 142.047 111 721.093 41 681.093 566.093 53 40 513.093 171 41 130
internal_count=874 163 137 111 711 41 671 556 53 40 503 171 41 130
is_linear=0
shrinkage=0.05


Tree=262
num_leaves=15
num_cat=0
split_feature=8 8 14 3 8 1 9 13 2 13 9 9 3 14
split_gain=0.260471 0.337278 0.365755 0.499513 0.60885 0.315834 0.282871 0.197845 0.187215 0.26454 0.397216 0.401732 0.493565 0.265681
threshold=46.750000000000007 20.545000000000005 0.40661190182880841 10.591301781063764 24.100000000000005 12.961945650814028 0.25671049665402418 3.788317152097517 14.877540540956074 3.6685709561006159 -0.70710678118654735 -0.25881904510252113 9.9626505199994142 2.2066795709598694
decision_type=8 10 2 2 10 2 2 10 2 8 2 2 2 2
left_child=1 8 6 -4 -5 -6 -3 -7 9 10 -1 12 -12 -13
right_child=-2 2 3 4 5 7 -8 -9 -10 -11 11 13 -14 -15
leaf_value=0.0010741423168212536 0.00059716993758873261 -0.0012987298480579567 0.00038456346665353969 -0.0095181786286980576 -0.0025155994928144575 0.00025308977008919544 -0.00059963753719399608 -3.3016635218599364e-05 -0.004736791429692919 0.00047050260621126936 -0.00039082250231653053 -0.00015993981709661387 0.0018351057365632373 0.00015676001369879065
leaf_weight=67 62 21 74 28 20 80 23 20 20 214.18679046630859 33 96 22 100
leaf_count=67 62 21 74 28 20 80 23 20 20 194 33 96 22 100
internal_value=0.00181679 0.00157587 0.00011236 0.000941704 -0.000738255 0.000826446 -0.004 0.0019802 0.0022794 0.00245868 0.00153605 0.00061508 -0.003125 0.00167513
internal_weight=880.187 818.187 266 222 148 120 44 100 552.187 532.187 318 251 55 196
internal_count=860 798 266 222 148 120 44 100 532 512 318 251 55 196
is_linear=0
shrinkage=0.05


Tree=263
num_leaves=15
num_cat=0
split_feature=14 15 14 14 4 13 13 4 1 1 8 8 0 14
split_gain=0.39904 0.653424 0.555428 0.231073 0.143254 0.213698 0.260304 0.351134 0.314211 0.229456 0.142046 0.204615 0.133504 0.383538
threshold=0.36314288538083034 -0.67852499999999993 0.11421325523412328 8.2763313650926253 3.778344652432879 2.8209803817511827 3.094662338278956 5.4997983554930601 14.325199642858239 16.123334206731318 36.850000000000009 52.715000000000011 14.818144054498761 3.7999589334228783
decision_type=2 2 2 2 2 8 8 2 2 2 10 10 2 2
left_child=1 -1 -3 4 10 -6 8 -8 -7 12 -2 -12 13 -9
right_child=3 2 -4 -5 5 6 7 9 -10 -11 11 -13 -14 -15
leaf_value=-0.0005655679401443119 0.00069667760998606159 0.00050446474896626448 -0.0042836369801711894 -0.0044999518582082816 0.00025421522806653985 -0.00048906656024194498 -9.4632854148933465e-05 0.00024027962729933231 0.0007915770949676117 -1.3614068743665737e-05 -3.6890507071500343e-05 0.00015420002465747285 0.00028297878618728305 -0.0012213387804700172
leaf_weight=37 240.0933952331543 91.140092849731445 35 20 96 39 24 47 27 22 33 26 128 36
leaf_count=37 230 76 35 20 96 39 24 47 27 22 33 26 128 36
internal_value=0.00233439 9.5653e-05 0.00181454 0.00282842 0.00297662 0.00236905 0.00174383 0.00246124 -0.00104478 0.00305556 0.00381704 0.00158333 0.00356132 0.00196429
internal_weight=901.233 163.14 126.14 738.093 718.093 419 323 257 66 233 299.093 59 211 83
internal_count=876 148 111 728 708 419 323 257 66 233 289 59 211 83
is_linear=0
shrinkage=0.05


Tree=264
num_leaves=15
num_cat=0
split_feature=13 9 13 13 0 9 13 14 14 14 14 16 10 14
split_gain=0.361916 0.438211 0.268611 0.275493 0.251973 0.27401 0.273792 0.417264 0.418999 0.20459 0.934254 0.205979 0.385436 0.30934
threshold=4.1966559783960333 0.74311652879956314 4.3313432520420472 4.5645479846104093 15.048160610447411 0.25881904510252091 3.2912581272669157 2.2066795709598694 5.5656363219412706 4.5917641264578544 3.9717069209744973 1.0000000180025095e-35 -0.92304025209086904 0.40661190182880841
decision_type=10 2 10 10 2 2 10 2 2 2 2 2 2 2
left_child=4 2 -2 -4 9 -6 7 -7 -9 10 11 -1 -13 -14
right_child=1 -3 3 -5 5 6 -8 8 -10 -11 -12 12 13 -15
leaf_value=0.00032725622307713744 -0.0011237234849467762 -0.0019470855820488556 0.0006909264999700387 -2.6378574081148969e-05 0.00065981369851092736 -0.0051435045380204851 0.00018563401383200559 0.0046211484370925829 -0.0018239213363129146 0.0012654904138199718 -0.0034072588500716539 -0.00039007180438043533 -2.7515910531857496e-05 0.00033022035040476504
leaf_weight=70 22 20 42 32 185 23 69 44 24 64 27 34 95.093395233154297 133.04669761657715
leaf_count=70 22 20 42 32 185 23 69 44 24 64 27 34 85 128
internal_value=0.00200047 -0.00059829 0.000824742 0.00226667 0.00239319 0.00339595 0.00186335 5.4348e-05 0.00202899 0.00156953 0.00109874 0.00183316 0.00118074 0.00192328
internal_weight=884.14 116 96 74 768.14 345 160 91 68 423.14 359.14 332.14 262.14 228.14
internal_count=869 116 96 74 753 345 160 91 68 408 344 317 247 213
is_linear=0
shrinkage=0.05


Tree=265
num_leaves=15
num_cat=0
split_feature=0 2 0 3 13 10 2 13 4 10 2 14 8 2
split_gain=0.330101 0.309414 0.340729 0.275316 0.381186 0.297585 0.189112 0.17207 0.181786 0.203723 0.359544 0.197237 0.140625 0.125657
threshold=14.159144017181173 12.561300411690873 13.662210811510691 7.4757490539932592 3.7774456692478693 1.0000000180025095e-35 8.3156701108558106 2.1685218957298353 5.0021526326360242 0.25881904510252057 11.73853988124962 5.4932001282308471 12.718000000000002 11.034400581250797
decision_type=2 2 2 2 8 2 2 10 2 2 2 2 10 2
left_child=1 3 -3 4 5 12 -2 -8 -9 -10 -11 -12 -1 -5
right_child=6 2 -4 13 -6 -7 7 8 9 10 11 -13 -14 -15
leaf_value=-3.6991979296196461e-05 -7.8847783981752292e-06 0.00025802386969089007 -0.003232619445465434 0.00083061228773576414 0.00019193149350667287 -0.0019545067425843152 -8.9557579485543789e-05 0.00049524925586448109 0.0004836759851530874 -0.00015226701871853661 0.00040931746148093433 -9.0626041361647335e-06 0.00051939784614305309 8.2142566793646374e-05
leaf_weight=20 35.046697616577148 27 25 59 43.093395233154297 39 39 237.04669761657715 176 36 45 41 27 60
leaf_count=20 30 27 25 59 33 39 39 232 176 36 45 41 27 60
internal_value=0.00219288 0.000831858 -0.00264151 0.00156755 -3.48442e-05 -0.00195402 0.00286098 0.00307842 0.00331171 0.00247492 0.000894309 0.00264368 0.000729167 0.00329167
internal_weight=909.187 300.093 52 248.093 129.093 86 609.093 574.047 535.047 298 122 86 47 119
internal_count=889 290 52 238 119 86 599 569 530 298 122 86 47 119
is_linear=0
shrinkage=0.05


Tree=266
num_leaves=15
num_cat=0
split_feature=14 14 10 16 13 1 1 13 4 8 9 7 3 4
split_gain=0.37535 0.387331 0.193083 0.283924 0.358387 0.346999 0.515202 0.629022 0.162899 0.380952 0.146142 0.136749 0.201433 0.110769
threshold=0.019220404642418244 0.0085013309832524236 -0.5 1.0000000180025095e-35 3.5815589191851385 15.292885503081896 13.922990248680849 3.298820917852527 12.233411490344237 19.900000000000002 -0.22707572263313958 5.8500000000000005 11.896804857769181 9.6902330071587901
decision_type=2 2 2 2 8 2 2 10 2 10 2 2 2 2
left_child=1 -1 3 13 5 6 7 -5 11 -10 -6 12 -4 -2
right_child=2 -3 8 4 10 -7 -8 -9 9 -11 -12 -13 -14 -15
leaf_value=0.00011350509007113362 0.00071582713559279138 -0.00018006193644925559 0.0007025117773645028 0.00095862579108769823 -5.6721751767486783e-06 0.01481367296335602 -0.0025170493525727721 -0.00049659843876196698 0.0012691123183156496 -0.018877623422656462 0.00046946504076776532 0.00045592418965169612 -0.0011419597939337498 -0.0010425262867206962
leaf_weight=34.046697616577148 64 27 184.18679046630859 53 34 20 37 20 20 20 46 302 20 25
leaf_count=29 64 27 164 53 34 20 37 20 20 20 46 302 20 25
internal_value=0.00223886 -0.00152734 0.00251237 0.00148333 0.000473934 -0.00114504 -0.00225225 0.000202703 0.00307196 1.81721e-10 0.00308642 0.00331423 0.00229515 0.00383333
internal_weight=906.233 61.0467 845.187 299 210 130 110 73 546.187 40 80 506.187 204.187 89
internal_count=881 56 825 299 210 130 110 73 526 40 80 486 184 89
is_linear=0
shrinkage=0.05


Tree=267
num_leaves=15
num_cat=0
split_feature=8 8 2 7 13 3 3 8 4 13 13 5 8 10
split_gain=0.204067 0.42223 0.245026 0.201168 0.188428 0.226696 0.291833 0.219843 0.152663 0.151609 0.459985 0.0934396 0.108698 0.131505
threshold=39.500000000000007 36.000000000000007 9.0965767664003732 5.9500000000000011 2.1685218957298353 12.23257817002929 12.484008145059095 9.943500000000002 11.92474704216828 3.512756907847097 3.0173076496044242 1.0000000180025095e-35 5.7500000000000009 -0.9025766923884776
decision_type=10 10 2 2 10 2 2 10 2 8 10 2 10 2
left_child=1 2 3 9 -4 11 -7 -8 -9 10 -1 12 -6 -14
right_child=-2 -3 4 -5 5 6 7 8 -10 -11 -12 -13 13 -15
leaf_value=0.038680846505060817 0.00034302126089965349 -0.0010806025746989843 -0.0014194582760694945 -6.906791862997479e-05 -3.6517667574189399e-05 -0.0010012501083957127 -0.00017489713845455433 0.00037180776741448828 -3.588325747592037e-06 0.00026545257735729777 -0.0070295753145548732 0.00044503797423521286 1.3144196982131961e-05 0.0004528255912620993
leaf_weight=23 114 20 35 40 33 22 20 56 35 45.093395233154297 25 101 52 276.14009284973145
leaf_count=23 114 20 35 40 33 22 20 56 35 35 25 101 52 261
internal_value=0.00254518 0.00225209 0.00244188 0.000488219 0.00285309 0.00306254 0.00123134 0.00227679 0.00331522 0.00175854 -0.000204081 0.00358574 0.00319131 0.0034657
internal_weight=897.233 783.233 763.233 133.093 630.14 595.14 133 111 91 93.0934 48 462.14 361.14 328.14
internal_count=872 758 738 123 615 580 133 111 91 83 48 447 346 313
is_linear=0
shrinkage=0.05


Tree=268
num_leaves=15
num_cat=0
split_feature=0 0 15 0 14 8 8 1 0 3 1 1 0 13
split_gain=0.289471 0.430167 0.936611 0.273251 0.235619 0.207648 0.237141 0.31814 0.461637 0.152753 0.270643 0.376118 0.217124 0.200402
threshold=16.146562078170792 15.85142948336115 -0.43006499999999998 14.80190508185021 6.5608221065794572 27.850000000000005 30.300000000000004 13.172757907852709 12.99662366452964 10.16906799463011 10.941699801900848 11.935027999688264 14.609368405666592 3.3112361679976097
decision_type=2 2 2 2 2 10 10 2 2 2 2 2 2 8
left_child=1 3 -3 4 5 9 -7 8 -8 10 -1 13 -13 -12
right_child=-2 2 -4 -5 -6 6 7 -9 -10 -11 11 12 -14 -15
leaf_value=0.00032427066371538672 0.00044334423903465609 -0.00025678855320411835 0.00021353433310240122 0.00032481086814591239 -0.0028355533612588373 -0.0034235304539113353 0.00015097073280815861 0.0030189342657036726 -0.0013393313149202433 0.00091824210364227087 -0.0016138833557693437 0.00012632823921022741 -0.00058675790265117714 -0.0016454134264312023
leaf_weight=51.046697616577148 179 29 35 228.04669761657715 24 20 40 35 27 83 21 90 20.046697616577148 21
leaf_count=46 179 29 35 223 24 20 40 35 27 83 21 90 15 21
internal_value=0.00234001 0.00189026 -0.002 0.00226987 0.001525 0.00181002 8.1301e-05 0.00106796 -0.000955882 0.00254435 0.00179069 0.000720261 0.00225341 -0.00325581
internal_weight=903.14 724.14 64 660.14 432.093 408.093 122 102 67 286.093 203.093 152.047 110.047 42
internal_count=888 709 64 645 422 398 122 102 67 276 193 147 105 42
is_linear=0
shrinkage=0.05


Tree=269
num_leaves=15
num_cat=0
split_feature=1 7 4 7 1 0 1 1 1 2 13 3 3 3
split_gain=0.270769 0.346189 0.616667 0.229537 0.309225 0.255224 0.4832 0.59755 0.347892 0.236959 0.24954 0.222815 0.561891 0.159791
threshold=11.961893769833667 6.5500000000000007 6.2235599818109852 6.9500000000000011 14.010698359882447 16.146562078170792 15.319689178696192 15.797906090047203 14.52395525415511 12.457253329604793 2.8888307077117577 10.90351654202369 9.6705788083499247 7.4757490539932592
decision_type=2 2 2 2 2 2 2 2 2 2 10 2 2 2
left_child=1 13 -3 4 -2 6 8 -8 11 10 -7 12 -6 -1
right_child=3 2 -4 -5 5 9 7 -9 -10 -11 -12 -13 -14 -15
leaf_value=9.2838355291732728e-05 0.00043088769157343553 -0.0017546098892716442 0.0023728811286060415 0.00041661391479717039 3.0479949313359249e-05 -0.0016229668218510547 -0.00062071015949458639 0.00024179683089047894 0.00065479437424990395 0.0030163824125237163 0.00093212252305071262 0.0058378628221487606 -0.0022310805871754752 0.00022396110681122618
leaf_weight=94.140092849731445 276.0933952331543 20 21 134 30 24 23 26 83 71 33 25 21 31
leaf_count=79 266 20 21 134 30 24 23 26 83 71 33 25 21 31
internal_value=0.00231175 0.000482831 -0.00345238 0.00271782 0.00230057 0.00127596 0.000191388 -0.0041 0.00153125 0.00302326 0.000603448 -0.000909091 -0.00278846 0.00178928
internal_weight=912.233 166.14 41 746.093 612.093 336 208 49 159 128 57 76 51 125.14
internal_count=887 151 41 736 602 336 208 49 159 128 57 76 51 110
is_linear=0
shrinkage=0.05


Tree=270
num_leaves=15
num_cat=0
split_feature=7 1 1 8 13 2 9 1 1 8 0 7 10 15
split_gain=0.256649 0.321897 0.779332 0.411747 0.336696 0.441303 0.300288 0.243223 0.356735 0.238525 0.231267 0.229114 0.218941 0.380952
threshold=6.9500000000000011 15.16503137307504 15.455483485761714 8.9500000000000011 3.1233910917821626 6.6483263812505102 0.9562228270146037 14.751063175991256 14.032346104925397 30.050000000000004 13.041378880533072 5.8500000000000005 0.96126169593831889 1.0000000180025095e-35
decision_type=2 2 2 10 8 2 2 2 2 10 2 2 2 2
left_child=1 4 -3 -4 7 -6 -2 8 9 10 -1 -10 -7 -14
right_child=6 2 3 -5 5 12 -8 -9 11 -11 -12 -13 13 -15
leaf_value=-0.0013481037896374251 0.00044722546458054861 -0.000591910421206432 -0.0052634249496757461 0.00026831852784281061 -1.8519150979276271e-05 0.00034565445683303113 -0.012495262214505174 0.0028420502979649986 -0.0017382412542686987 -0.00026370562358106833 0.00052194814761390488 -0.00082811782036701647 0.0068203803481807351 -0.0062134342436521162
leaf_weight=22 147 32 21 70 44.046697616577148 327.14009284973145 23 26 24 34 63 27 20 20
leaf_count=22 147 32 21 70 39 312 23 26 24 34 63 27 20 20
internal_value=0.00205389 0.00164244 -0.000685484 0.00168478 0.00211437 0.0029257 0.00380117 0.000406092 -0.000292397 0.00120833 0.00261628 -0.00375 0.00349242 1.81721e-10
internal_weight=900.187 730.187 123 91 607.187 411.187 170 196 170 119 85 51 367.14 40
internal_count=880 710 123 91 587 391 170 196 170 119 85 51 352 40
is_linear=0
shrinkage=0.05


Tree=271
num_leaves=15
num_cat=0
split_feature=8 8 11 14 13 8 10 13 9 0 13 13 0 13
split_gain=0.284968 0.220575 0.346075 0.209059 0.172644 0.278073 0.411208 0.170403 0.291815 0.192402 0.213496 0.75982 0.206781 0.50118
threshold=34.550000000000004 27.850000000000005 1.0000000180025095e-35 3.5384644663809381 4.418491763870585 14.950000000000001 0.54824625590878551 2.2184172532748758 0.25881904510252091 15.053601545263852 3.0244984119021363 2.8808251908896749 14.702380794808269 3.3231252918076066
decision_type=8 10 2 2 10 10 2 10 2 2 10 10 2 10
left_child=1 4 3 -3 7 6 -6 8 -1 12 11 -11 -9 -14
right_child=-2 2 -4 -5 5 -7 -8 9 -10 10 -12 -13 13 -15
leaf_value=0.00038804853641252941 0.00035738794296122085 -0.00033681976858537842 8.1597499945774515e-05 -0.0021380622333796282 -0.0030941551776628136 0.0021692761884407083 0.00622194507822834 0.00027438320475911467 -0.0024568442556477219 0.00072950497104772851 0.00044206516924164831 -0.018956611840225235 0.00038595471757891511 -0.0021267156997675563
leaf_weight=27 160 20 31 20 26 20 23.046697616577148 244.0933952331543 20 49 186 22 21 29
leaf_count=27 160 20 31 20 26 20 18 234 20 49 186 22 21 29
internal_value=0.00243644 0.0020168 -0.000625 -0.00365854 0.00229847 -6.80475e-05 -0.00209337 0.00257133 -0.0003125 0.0028174 0.00381783 0.00145833 0.00193317 -0.000980392
internal_weight=898.14 738.14 71 40 667.14 69.0467 49.0467 598.093 47 551.093 257 71 294.093 50
internal_count=883 723 71 40 652 64 44 588 47 541 257 71 284 50
is_linear=0
shrinkage=0.05


Tree=272
num_leaves=15
num_cat=0
split_feature=5 0 8 3 9 9 14 8 9 14 2 7 4 15
split_gain=0.26102 0.530971 0.292936 0.373745 0.547573 0.49408 0.425165 0.184517 0.327821 0.361924 0.151189 0.142818 0.291996 0.140156
threshold=9.5338403103606275 16.461559314070588 11.500000000000002 8.2067151091196138 0.58411063003844077 0.88396761516098465 1.4310077168898327 28.350000000000005 -0.35836453814071001 4.3992483701799054 13.527992964228725 5.7500000000000009 3.778344652432879 1.0381650000000002
decision_type=2 2 10 2 2 2 2 10 2 2 2 2 2 2
left_child=2 -2 10 4 6 -6 -4 11 9 -9 13 12 -5 -1
right_child=1 -3 3 7 5 -7 -8 8 -10 -11 -12 -13 -14 -15
leaf_value=0.00052636769079802406 0.0006094725182793217 -0.0023340020085267543 0.00040337084229543317 0.00099472987729419863 -0.0037716809234418502 0.00030873178670766664 -0.0084721534816656324 -0.0027061253975089721 0.00032993279713461256 0.011218891703784248 -0.005423199499624021 0.0004503445021403847 -0.00032168450535858802 0.00020023933317412065
leaf_weight=200.04669761657715 42 20 123 35 24 24.046697616577148 20 21 106 21 20 165 29 25
leaf_count=195 42 20 123 35 24 19 20 21 106 21 20 165 29 25
internal_value=0.00248315 -0.00063492 0.00272139 0.00209163 0.000287605 -0.00427687 0.00184028 0.00300265 0.00161074 -0.00209302 0.00416682 0.0038913 0.00184615 0.00453549
internal_weight=875.093 62 813.093 568.047 191.047 48.0467 143 377 148 42 245.047 229 64 225.047
internal_count=865 62 803 563 186 43 143 377 148 42 240 229 64 220
is_linear=0
shrinkage=0.05


Tree=273
num_leaves=15
num_cat=0
split_feature=2 14 14 1 1 8 10 1 1 1 8 1 10 10
split_gain=0.384386 0.271043 0.284853 0.15734 0.821324 0.253289 0.249756 0.14743 0.350235 0.176316 0.299321 0.29223 0.259514 0.122224
threshold=15.432222856574784 0.016972120384571798 0.0026543349323137062 12.599490740942857 12.77408811581733 44.45000000000001 0.041439601562201771 14.751063175991256 14.661584835516418 13.848560597141519 20.855 14.208289289035511 0.23766552919915279 0.96126169593831889
decision_type=2 2 2 2 2 10 2 2 2 2 8 2 2 2
left_child=1 2 -1 13 -5 7 -7 8 9 -6 11 -11 -13 -3
right_child=-2 3 -4 4 5 6 -8 -9 -10 10 -12 12 -14 -15
leaf_value=0.00019323179937920008 -0.0034133468016209639 0.00032060719675313303 -0.00017084369910704903 -0.0026350553573964994 0.00072582264994190291 -6.6892280552646838e-05 0.00059271685377739402 0.00046842956282963584 -0.0016623919234682082 -0.0010992795148070859 0.00042558699892565307 0.0083661587232022466 -2.6164722471105452e-05 0.00041504142989134176
leaf_weight=25.046697616577148 22 161.0933952331543 26 27 168 20 23 204 24 35 49 37 32 24
leaf_count=20 22 151 26 27 168 20 23 204 24 35 49 37 32 24
internal_value=0.00248901 0.00265809 -0.000860122 0.00288223 0.00249194 0.00288364 -0.000795454 0.00317273 0.0025289 0.00296584 0.00172078 0.000190476 0.00207143 0.00416708
internal_weight=877.14 855.14 51.0467 804.093 619 592 43 549 345 321 153 104 69 185.093
internal_count=862 840 46 794 619 592 43 549 345 321 153 104 69 175
is_linear=0
shrinkage=0.05


Tree=274
num_leaves=15
num_cat=0
split_feature=2 8 9 8 15 9 3 14 1 1 14 2 9 7
split_gain=0.341767 0.230608 0.284576 0.378629 0.325506 0.445597 0.157833 0.263762 0.153572 0.271926 0.136997 0.536164 0.12467 0.0998758
threshold=15.466584000163522 20.545000000000005 0.88396761516098465 34.900000000000006 -1.1068949999999997 -0.22069533414098394 8.0743318262623713 1.0079905521927708 11.910017769753924 10.941699801900848 3.9717069209744973 13.422861373318293 -0.9263445426916056 5.6500000000000012
decision_type=2 10 2 10 2 2 2 2 2 2 2 2 2 2
left_child=1 6 4 -4 5 -3 7 8 9 -1 12 -12 -6 -8
right_child=-2 2 3 -5 10 -7 13 -9 -10 -11 11 -13 -14 -15
leaf_value=0.00021412117733268243 -0.0028685354164743396 0.00091714730820144992 -0.017260380313420639 0.00011261402395323304 -0.0029038162652507745 -0.00011531552394103959 0.00047269087845090122 -0.013839913850226652 0.00068737269231159738 -0.001262796367690188 -0.00052835389552057682 0.000313386012287188 0.00017773226845032672 0.00085051522453050111
leaf_weight=41.046697616577148 23 27 20 20 20 27 69 26 102.0933952331543 34.046697616577148 25 52 135 272
leaf_count=36 23 27 20 20 20 27 69 26 92 29 25 52 135 272
internal_value=0.00236632 0.00252636 0.00146789 -0.00243902 0.00202091 -0.00145455 0.0031566 0.00203703 0.0027271 0.000991768 0.00283262 0.00108974 0.0036859 0.00381579
internal_weight=893.187 870.187 326 40 286 54 544.187 203.187 177.187 75.0934 232 77 155 341
internal_count=873 850 326 40 286 54 524 183 157 65 232 77 155 341
is_linear=0
shrinkage=0.05


Tree=275
num_leaves=15
num_cat=0
split_feature=2 2 2 2 15 10 13 13 4 2 9 7 2 8
split_gain=0.430132 0.224273 0.133241 0.245995 0.240365 0.237943 0.487242 0.143312 0.229519 0.382905 0.455022 0.137408 0.161939 0.108199
threshold=15.579971033647992 13.999780548126536 10.833261548174768 1.0000000180025095e-35 1.0000000180025095e-35 0.96126169593831889 3.6025798466659689 3.3277906598632643 8.7659924970412835 12.57572110673229 -0.3986883375106644 6.0100000000000007 11.575179329836422 13.15
decision_type=2 2 2 2 2 2 10 10 2 2 2 2 2 10
left_child=1 2 3 4 -1 7 -7 8 13 10 -10 12 -9 -4
right_child=-2 -3 5 -5 -6 6 -8 11 9 -11 -12 -13 -14 -15
leaf_value=-0.0011747435500648689 -0.0034733967357817863 0.00086007967409236063 0.0021492961480996851 0.00034266276747372312 0.0033425219649643547 0.002021146624205787 -0.0050164922740187955 -0.00013127069903879 -0.0049510053809598302 0.00021312919229981377 6.3267894453507953e-05 0.00035734913037585082 0.0016964303325749117 0.00014682728329975376
leaf_weight=23 21 105 42 248.0933952331543 29.046697616577148 38 20 34.046697616577148 21 46 25 112 64.046697616577148 95
leaf_count=23 21 105 42 238 24 38 20 29 21 46 25 112 59 95
internal_value=0.00261424 0.0027802 0.0024882 0.00332304 0.000192915 0.00197848 -0.00101695 0.00237556 0.0015 -0.000430107 -0.00361702 0.00331828 0.0019221 0.00278986
internal_weight=923.233 902.233 797.233 300.14 52.0467 497.093 58 439.093 229 92 46 210.093 98.0934 137
internal_count=898 877 772 285 47 487 58 429 229 92 46 200 88 137
is_linear=0
shrinkage=0.05


Tree=276
num_leaves=15
num_cat=0
split_feature=4 5 0 2 1 0 7 13 3 13 13 15 2 15
split_gain=0.175513 0.916355 0.142729 0.236556 0.395801 0.139731 0.153335 0.353451 0.339664 0.389843 0.662479 0.290634 0.238201 0.137375
threshold=11.002206928624593 8.5186461233587529 14.004921479957348 11.703499508145093 12.824424378979268 14.449487272817015 5.6500000000000012 4.3957595904073594 7.3936222556772124 2.8396057448739742 4.0246259411129488 0.63776500000000014 12.328484596312721 -1.1641199999999998
decision_type=2 2 2 2 2 2 2 8 2 10 10 2 2 2
left_child=1 2 3 13 -5 -4 8 -8 -7 -10 11 -11 -9 -1
right_child=-2 -3 5 4 -6 6 7 12 9 10 -12 -13 -14 -15
leaf_value=0.00026266080489969736 0.00078444308545862944 -0.0030762711910405499 0.006744588651671702 -0.0019110586457244515 0.0028259874206511288 0.00043485614101448677 0.00035569867716240313 -0.0012766225070286053 0.0012003921745520803 -0.00065575266597479019 0.00014204200085189613 -0.0016130661511017412 0.001484232344242521 7.4169769433694995e-05
leaf_weight=39 132 24 79.046697616577148 21 23 62.046697616577148 254.04669761657715 20 23 23 20 22 22 145.0933952331543
leaf_count=39 132 24 74 21 23 57 249 20 23 23 20 22 22 135
internal_value=0.00252261 0.00223091 0.00254055 0.00148615 -0.00177778 0.00299483 0.00264031 0.00329993 0.00132564 -0.000674157 -0.00265151 -0.00597826 -0.000930232 0.00227165
internal_weight=909.233 777.233 753.233 228.093 44 525.14 446.093 296.047 150.047 88 65 45 42 184.093
internal_count=884 752 728 218 44 510 436 291 145 88 65 45 42 174
is_linear=0
shrinkage=0.05


Tree=277
num_leaves=15
num_cat=0
split_feature=9 10 1 9 1 1 13 14 1 10 3 1 13 1
split_gain=0.213435 0.553348 0.393014 0.226995 0.203381 0.81079 0.428124 0.27442 0.495868 0.283393 0.319508 0.217065 0.127258 0.0541479
threshold=0.86382728211298232 0.47907376458949807 12.116287536430383 0.38469719700095528 13.172757907852709 12.599490740942857 3.4104915591470446 3.6625774401023232 14.325199642858239 -0.47715421805211583 13.063184178775765 9.8805729048818609 3.8088337008098008 15.16503137307504
decision_type=2 2 2 2 2 2 10 2 2 2 2 2 10 2
left_child=3 2 -2 4 5 11 -7 -6 -9 10 -10 -1 -4 -5
right_child=1 -3 12 13 7 6 -8 8 9 -11 -12 -13 -14 -15
leaf_value=-0.0018150754168193572 -0.00071682826460008032 -0.0002634445679142994 0.00092381675962876868 0.00045669907363268163 0.00040720938137170192 -0.00140567002170795 -0.00050657814081638193 -0.0012823068794047651 -0.00064670655772840506 0.0034796690053720842 0.00038508464140628979 0.0012719872028519727 1.0623198081990165e-05 0.00017141644035032063
leaf_weight=24 30.046697616577148 21 98.046697616577148 121.04669761657715 196 24 30 33 30 69 20 106 32 48
leaf_count=24 25 21 93 116 196 24 30 33 30 69 20 106 32 48
internal_value=0.00239 0.000853776 0.00186517 0.00278505 0.00227017 0.000918919 -0.00418182 0.00297994 0.00137255 0.002875 1.82612e-10 0.00305344 0.00305413 0.00438252
internal_weight=882.14 181.093 160.093 701.047 532 184 54 348 152 119 50 130 130.047 169.047
internal_count=867 171 150 696 532 184 54 348 152 119 50 130 125 164
is_linear=0
shrinkage=0.05


Tree=278
num_leaves=15
num_cat=0
split_feature=8 7 5 4 9 3 14 9 8 1 1 7 9 1
split_gain=0.165005 0.43178 0.273044 0.686445 0.570276 0.21748 0.413378 0.285141 0.219189 0.42245 0.3792 0.164565 0.414445 0.144545
threshold=16.050000000000004 4.7500000000000009 6.3157355456728945 11.125226048454413 0.37662760538417256 12.306661339495072 4.7940001260978891 0.85828685610178279 37.350000000000001 13.172757907852709 12.116287536430383 5.5500000000000007 0.26092512978024796 13.099807726716778
decision_type=8 2 2 2 2 2 2 2 10 2 2 2 2 2
left_child=1 -1 11 4 -4 8 -7 -8 -2 10 -10 12 -3 -14
right_child=5 2 3 -5 -6 6 7 -9 9 -11 -12 -13 13 -15
leaf_value=-0.0022793835634357966 0.00072421261022637031 0.00043183078805674797 -0.0021431225286062468 0.0005231209187430986 5.9417891034217144e-05 -0.00035179220002969465 0.00056191454510288953 -0.01649343077685227 1.3986073537854677e-05 0.00027997478331675071 -0.00044529864183730558 0.0003983042123550605 -0.0070500324185649946 -0.015007713386358954
leaf_weight=26 233.04669761657715 56 29 38 28 27 73 20 22 46 21 214.04669761657715 25.046697616577148 23
leaf_count=26 228 56 29 38 28 27 73 20 22 46 21 209 20 23
internal_value=0.00238704 0.00169388 0.00209003 -0.000260416 -0.0037069 0.00307018 0.00123967 0.00281915 0.00374631 0.00161111 -0.00193182 0.00279062 0.00114457 -0.002238
internal_weight=881.14 439.093 413.093 95 57 442.047 120 93 322.047 89 43 318.093 104.047 48.0467
internal_count=866 429 403 95 57 437 120 93 317 89 43 308 99 43
is_linear=0
shrinkage=0.05


Tree=279
num_leaves=15
num_cat=0
split_feature=10 3 7 0 3 8 1 1 13 9 13 12 13 13
split_gain=0.193821 0.233714 0.226231 0.332034 0.439357 0.347479 0.170267 0.288483 0.397619 0.268272 0.319157 0.584085 0.269398 0.170419
threshold=0.99999524036036735 11.416728335612353 7.0500000000000007 13.041378880533072 6.037845287148639 12.350000000000003 12.599490740942857 12.961945650814028 3.5239220528833521 0.25671049665402418 3.8224521632363921 1.5000000000000002 3.1233910917821626 2.6751386027824413
decision_type=2 2 2 2 2 10 2 2 10 2 10 10 8 10
left_child=1 2 3 4 5 -1 -5 8 -8 -9 11 12 13 -11
right_child=-2 -3 -4 6 -6 -7 7 9 -10 10 -12 -13 -14 -15
leaf_value=0.0060532468924834777 -0.00013207576850050081 0.0004061576290031564 0.0014937246334349541 0.00019963408000672406 -0.0045862869149022592 -0.0011742099017998855 0.00015931672851972727 0.00029185496473788255 -0.00020594405348147425 0.019018177832983249 0.0026144039419439776 -0.00033324309948757253 0.00059067148382221143 -0.00047578453148552766
leaf_weight=32.093395233154297 20 275 57 101.0933952331543 32 25 21 168 20 20 31 23 30 29
leaf_count=22 20 275 57 91 32 25 21 168 20 20 31 23 30 29
internal_value=0.00239603 0.00250921 0.00194165 0.00161469 -0.00116027 0.0014712 0.00217402 0.00163265 -0.0022619 0.00216887 0.000485075 -0.000873786 0.0011875 -0.0011
internal_weight=884.187 864.187 589.187 532.187 89.0934 57.0934 443.093 342 41 301 133 102 79 49
internal_count=864 844 569 512 79 47 433 342 41 301 133 102 79 49
is_linear=0
shrinkage=0.05


Tree=280
num_leaves=15
num_cat=0
split_feature=8 0 8 1 7 7 0 10 14 14 14 1 2 7
split_gain=0.224155 0.356643 0.348377 0.483557 0.276793 0.416362 0.263243 0.343939 0.262096 0.387324 0.594657 0.189272 0.393739 0.481684
threshold=11.160000000000002 14.759568215742057 16.250000000000004 12.599490740942857 5.7500000000000009 5.5500000000000007 14.395140689944201 0.23766552919915279 0.07547596405735861 4.1025407221222254 4.9765557835231879 14.84498738849017 13.66913883804069 6.5500000000000007
decision_type=10 2 10 2 2 2 2 2 2 2 2 2 2 2
left_child=-1 2 3 -2 5 -3 8 -8 -4 -10 -11 -6 13 -13
right_child=1 4 6 -5 11 -7 7 -9 9 10 -12 12 -14 -15
leaf_value=0.00039968211158580743 0.00050439947131930129 0.00015867437760426581 -0.00075103947748003403 -0.0005040317390030771 0.0005924827308585722 -0.00028003682076852606 -0.0016075759580402864 8.7568448175390245e-05 0.00081640627518109676 -0.0046584027982385567 0.0021778427979881614 0.00013086014994045456 0.00078070352603078208 -3.5372480797883826e-05
leaf_weight=293.14009284973145 32.046697616577148 60.046697616577148 27 39 122 24 21 20 109 20 20 26 78 20
leaf_count=278 27 55 27 39 122 24 21 20 109 20 20 26 78 20
internal_value=0.00214437 0.00159987 0.000312176 -0.00270334 0.00271936 0.00023791 0.00130734 -0.0022619 0.00214689 0.00296667 -0.00121951 0.00356275 0.00216 -0.00148936
internal_weight=911.233 618.093 288.047 71.0467 330.047 84.0467 217 41 176 149 40 246 124 46
internal_count=886 608 283 66 325 79 217 41 176 149 40 246 124 46
is_linear=0
shrinkage=0.05


Tree=281
num_leaves=15
num_cat=0
split_feature=4 14 13 9 15 0 9 9 13 7 8 13 9 8
split_gain=0.202502 0.682258 0.78105 0.326921 0.166206 0.220753 0.220887 0.219359 0.37774 0.456181 0.386133 0.151389 0.141464 0.188552
threshold=11.069763655070963 4.2890227835308243 3.6343809878543185 0.36040299391450087 -1.1068949999999997 14.625529914404526 0.91613344851476464 0.38469719700095528 3.4956560387578528 5.5500000000000007 27.850000000000005 4.5645479846104093 0.86382728211298232 18.750000000000004
decision_type=2 2 8 2 2 2 2 2 10 2 10 8 2 10
left_child=1 4 3 -3 -1 7 11 8 10 -10 -6 -7 -9 -14
right_child=-2 2 -4 -5 5 6 -8 12 9 -11 -12 -13 13 -15
leaf_value=0.0016854760416685367 0.00063618194488044156 -0.00030597766558909277 -0.0010459550386752209 0.0013426091826808232 0.00050205643624374292 0.00041680358180624304 -7.9251060004681952e-06 0.00025496571840946355 -0.0025137109656440436 3.3579208450011028e-05 -0.0020366330532448238 -7.3694312706373578e-06 -0.00016586617640143545 0.00077934183762555899
leaf_weight=106.04669761657715 132 36 35 34 67 241 37.046697616577148 51.046697616577148 27 36 34 34 32 21
leaf_count=101 132 36 35 34 67 241 32 46 27 36 34 34 32 21
internal_value=0.00239758 0.00209016 -0.00165094 0.00140845 0.00266423 0.00232401 0.0032271 0.00126459 0.000121212 -0.00289062 0.0020098 0.00371377 0.00304849 0.0012037
internal_weight=923.14 791.14 105 70 686.14 580.093 312.047 268.047 164 63 101 275 104.047 53
internal_count=908 776 105 70 671 570 307 263 164 63 101 275 99 53
is_linear=0
shrinkage=0.05


Tree=282
num_leaves=15
num_cat=0
split_feature=2 2 7 0 0 16 5 8 5 14 3 3 14 4
split_gain=0.321467 0.27153 0.493417 0.437003 0.816781 0.368115 0.366127 0.712574 0.330621 0.186465 0.211406 0.157134 0.169902 0.175744
threshold=15.432222856574784 13.768835423802477 6.5500000000000007 14.625529914404526 14.004921479957348 1.0000000180025095e-35 1.4311004404647345 33.150000000000006 6.6153774474657583 2.3447760871238286 9.7268762021038793 8.3074692296112875 1.0079905521927708 2.3410656135621104
decision_type=2 2 2 2 2 2 2 10 2 2 2 2 2 2
left_child=1 2 8 4 6 -5 7 -4 9 10 11 12 13 -1
right_child=-2 -3 3 5 -6 -7 -8 -9 -10 -11 -12 -13 -14 -15
leaf_value=0.00021368633484983459 -0.002155092152259988 0.00058840703003869949 -0.0027238298998979709 -2.1354906225216941e-05 -0.0050472573274129399 0.0015746690134596218 0.00050002842844467602 0.00041922831779756133 -4.2427508823542313e-05 0.00066739762884009189 -0.0001065108456489731 0.0024667602517875185 -0.0050114439387041552 -3.3967827094193246e-05
leaf_weight=211.18679046630859 23 120 20 38 21 51 24 25 36 170 30 65 32 23
leaf_count=191 23 120 20 38 21 51 24 25 36 170 30 65 32 23
internal_value=0.00218598 0.00234198 0.00198201 -0.000305555 -0.00274725 0.00216667 -7.14284e-05 -0.00271739 0.00270322 0.00301761 0.00236324 0.00272718 0.00217426 0.00264017
internal_weight=889.187 866.187 746.187 179 90 89 69 45 567.187 531.187 361.187 331.187 266.187 234.187
internal_count=869 846 726 179 90 89 69 45 547 511 341 311 246 214
is_linear=0
shrinkage=0.05


Tree=283
num_leaves=15
num_cat=0
split_feature=8 13 15 13 10 2 8 10 2 2 10 3 7 16
split_gain=0.287749 0.206057 0.457546 0.316387 0.967826 0.272803 0.520682 0.847851 0.194862 0.12584 0.123904 0.14733 0.294089 0.382398
threshold=39.500000000000007 3.6780493283881963 -0.023674999999999998 3.3679762682953696 -0.56459483303352465 12.083269116529681 22.900000000000002 -0.26932402956675622 8.3156701108558106 13.983930640687825 0.13052619222005152 6.7071473295827539 6.0100000000000007 0.78996500000000014
decision_type=8 8 2 10 2 2 10 2 2 2 2 2 2 2
left_child=1 2 3 5 -5 -1 7 -7 -3 -10 11 -4 13 -13
right_child=-2 8 10 4 -6 6 -8 -9 9 -11 -12 12 -14 -15
leaf_value=0.0006343639449482004 0.00043840536346009861 -4.4208782627595449e-05 0.00023848268336904759 -0.00092502769328582527 0.00056111034922353711 0.00069084538011489967 0.0011486887331009314 -0.015577405669098668 0.00047933595784439983 5.8816561907816234e-07 0.00037359533217515479 6.1365579710109539e-05 0.0038083101612218632 -0.0026469236587504767
leaf_weight=81 105 40.046697616577148 51 25 44.046697616577148 20 34 20 207.0933952331543 39 143 30 41 20
leaf_count=81 105 35 51 25 39 20 34 20 197 39 143 30 41 20
internal_value=0.00249774 0.00216775 0.00155914 -0.000132268 -0.00292329 0.0011218 -0.00106667 -0.00487805 0.00324128 0.00376565 0.00288462 0.00181818 0.000597826 -0.00196078
internal_weight=900.187 795.187 509.047 224.047 69.0467 155 74 40 286.14 246.093 285 142 91 50
internal_count=880 775 504 219 64 155 74 40 271 236 285 142 91 50
is_linear=0
shrinkage=0.05


Tree=284
num_leaves=15
num_cat=0
split_feature=15 15 0 0 1 14 3 0 3 13 9 9 8 2
split_gain=0.18892 0.27318 0.290579 0.418974 0.427885 0.29586 0.386543 0.58946 0.477678 0.284386 0.262085 0.249756 0.225069 0.433187
threshold=0.29282500000000006 -1.2924149999999999 14.180281016028637 13.246551078836207 12.631510329845616 1.404362585929035 11.178132250829304 15.523471602466001 9.6705788083499247 3.094662338278956 0.86382728211298232 -0.25881904510252113 25.800000000000001 13.864543851055311
decision_type=2 2 2 2 2 2 2 2 2 10 2 2 10 2
left_child=1 -1 3 9 -5 -4 7 -7 -9 -3 12 -6 -8 -14
right_child=-2 2 5 4 11 6 10 8 -10 -11 -12 -13 13 -15
leaf_value=0.00051598057657678369 0.00045455267329925223 -0.0033419722960855453 0.00022774590573753186 -0.00014556124019960887 0.016229559969785475 0.00040227338364753743 0.00043553523484381163 -0.0033673061915706019 -8.2788069949853995e-05 0.00045953832464657677 -1.4719764797601476e-05 -0.0011424294005854911 -0.00021942532886406844 0.00050976942470893781
leaf_weight=107 273.0933952331543 27 93.093395233154297 20 23 36 90 24 33 51 30 20 20 26
leaf_count=107 263 27 83 20 23 36 90 24 33 51 30 20 20 26
internal_value=0.00224887 0.00174759 0.00124565 -0.000669014 -0.00367187 0.00201212 0.00113462 -0.00143617 -0.00456897 0.00177215 0.00257485 -0.000795454 0.00350365 0.000638298
internal_weight=873.187 600.093 493.093 141 63 352.093 259 93 57 78 166 43 136 46
internal_count=853 590 483 141 63 342 259 93 57 78 166 43 136 46
is_linear=0
shrinkage=0.05


Tree=285
num_leaves=15
num_cat=0
split_feature=4 5 4 1 1 5 4 12 12 2 8 8 7 2
split_gain=0.275432 0.836953 0.374063 0.179741 0.534607 0.153318 0.144481 0.128385 0.133697 0.24769 0.361427 0.825648 0.308797 0.218805
threshold=11.125226048454413 8.4353839539398141 10.569976263465795 15.36386560437135 15.056528738142783 1.0000000180025095e-35 9.6430120318600316 1.0000000180025095e-35 1.5000000000000002 11.374111380597908 15.850000000000003 31.350000000000005 4.9500000000000011 6.6483263812505102
decision_type=2 2 2 2 2 2 2 10 10 2 10 10 2 2
left_child=1 2 3 4 5 6 7 -1 9 12 -11 -12 -9 -10
right_child=-2 -3 -4 -5 -6 -7 -8 8 13 10 11 -13 -14 -15
leaf_value=0.0040436054069360227 0.00061727820136395694 -0.0022611558054232267 -0.00062343768525546675 0.0042044041144601897 -5.5609370383563164e-05 0.00073967083426195715 -0.001721050505160737 -0.00025275989920407798 -2.8768814382873129e-05 0.00069242223232538619 -7.9555979760279316e-05 0.00019790883311274137 0.0024493984421460439 0.00069736437422892456
leaf_weight=83 126 32 22 73 34 66 23 31 36.046697616577148 35.046697616577148 34 30 86 194.0933952331543
leaf_count=83 126 32 22 73 34 66 23 31 31 30 34 30 86 184
internal_value=0.0024012 0.00204558 0.00238702 0.00258327 0.00231317 0.00265014 0.00236979 0.0025386 0.00219357 0.00129112 -0.000547409 -0.00276923 0.00283898 0.0030315
internal_weight=905.187 779.187 747.187 725.187 652.187 618.187 552.187 529.187 446.187 216.047 99.0467 64 117 230.14
internal_count=885 759 727 705 632 598 532 509 426 211 94 64 117 215
is_linear=0
shrinkage=0.05


Tree=286
num_leaves=15
num_cat=0
split_feature=4 1 10 15 4 3 9 14 14 10 9 7 1 7
split_gain=0.339316 0.359038 0.583476 0.666201 0.566361 0.33148 0.318579 0.219756 0.375184 0.219552 0.342888 0.449234 0.214541 0.21238
threshold=10.155977471300586 13.91049219669029 -0.62758608479379874 -0.92700999999999989 7.8166859451125568 9.6705788083499247 -0.91527662686299338 0.43960625398361319 0.15615118518611129 0.23766552919915279 -1.0000000180025095e-35 5.8500000000000005 12.703507605109477 6.2500000000000009
decision_type=2 2 2 2 2 2 2 2 2 2 2 2 2 2
left_child=1 6 3 -3 5 -5 12 8 13 -4 -11 -12 -1 -8
right_child=-2 2 9 4 -6 -7 7 -9 -10 10 11 -13 -14 -15
leaf_value=-3.1426724302971726e-05 0.00032888315091463021 0.00049509821198453162 0.00087928430814856583 -0.018661785478376755 0.0035892405661595906 -0.00022602295911208789 0.0019791905508963724 0.00073185931614003252 -0.0061843490484940165 0.00075169030005942529 -0.0016454140717735357 7.3216124051792329e-05 0.0001502775814010396 -7.5849118872437133e-05
leaf_weight=27 178 30 67 21 23 21 91.140092849731445 247.0933952331543 29 49 39 39 21 23
leaf_count=27 178 30 67 21 23 21 76 237 29 49 39 39 21 23
internal_value=0.00218064 0.00169749 0.000327586 -0.00286458 -0.00568182 -0.00906977 0.00259809 0.00307021 0.00149646 0.00189744 0.000664063 -0.0013924 -0.00122449 0.00278531
internal_weight=905.233 727.233 289 95 65 42 438.233 390.233 143.14 194 127 78 48 114.14
internal_count=880 702 289 95 65 42 413 365 128 194 127 78 48 99
is_linear=0
shrinkage=0.05


Tree=287
num_leaves=15
num_cat=0
split_feature=13 8 14 0 8 10 14 2 0 4 14 7 0 10
split_gain=0.253229 0.410387 0.244625 0.510908 0.310994 0.295826 0.378625 0.518935 0.767897 0.382415 0.4664 0.226854 0.348374 0.140629
threshold=2.2426843821962854 12.450000000000001 0.016972120384571798 12.97344749778412 12.050000000000002 -0.12186470299397914 1.3906144890633165 13.716790443545177 15.542220311701046 9.6430120318600316 2.3948532083883172 5.8500000000000005 14.527239206334718 0.78933513558599011
decision_type=10 8 2 2 10 2 2 2 2 2 2 2 2 2
left_child=1 -1 3 -2 13 6 -6 8 9 10 -8 12 -7 -4
right_child=2 -3 4 -5 5 11 7 -9 -10 -11 -12 -13 -14 -15
leaf_value=-0.0012645207521752508 0.0004255315812595445 0.00017050924511181797 0.00041735757900103183 -0.00035487364057965227 0.00090795958335517987 -4.7473237785867193e-05 -0.00012314551600773211 0.00043010645070546956 -0.00029770329082080561 -0.0018817989001218866 0.0045277032052975187 0.00037288301395895532 7.4393164855204348e-05 9.2294892369269388e-05
leaf_weight=21 28 35 227.04669761657715 20 71.046697616577148 38 22 57 31 30 43 181 59.046697616577148 58.046697616577148
leaf_count=21 28 35 222 20 66 38 22 57 31 30 43 181 54 53
internal_value=0.00201254 -0.00122807 0.00222346 -0.00122449 0.00242724 0.00170789 0.000471418 -0.000733695 -0.00251968 -0.000260416 0.00189394 0.0028319 0.000869315 0.00375915
internal_weight=921.187 56 865.187 48 817.187 532.093 254.047 183 126 95 65 278.047 97.0467 285.093
internal_count=901 56 845 48 797 522 249 183 126 95 65 273 92 275
is_linear=0
shrinkage=0.05


Tree=288
num_leaves=15
num_cat=0
split_feature=4 4 10 8 8 0 8 1 13 14 1 10 7 15
split_gain=0.38887 0.437507 0.703628 0.824376 0.315168 0.290708 0.274582 0.299028 0.194292 0.440107 0.577682 0.499337 0.345215 0.215876
threshold=11.125226048454413 9.1408942207903525 -0.5 15.750000000000002 43.250000000000007 15.289107917368604 37.350000000000001 9.9532426738528574 3.2755723530519245 2.2966142907457834 12.661806857947289 0.70090259214882411 6.1500000000000012 -0.79966499999999996
decision_type=2 2 2 10 10 2 10 2 8 2 2 2 2 2
left_child=1 4 3 -3 6 -4 7 -1 -9 13 -11 12 -12 -10
right_child=-2 2 5 -5 -6 -7 -8 8 9 10 11 -13 -14 -15
leaf_value=-9.6688989341352515e-05 0.0003655581609486216 2.7838971698774256e-05 0.00060882273476453586 -0.0023465742306106123 0.00046719881293325982 -1.8368565559622203e-05 -0.00013487841896050608 0.00053530360973798373 -2.6432876314799093e-05 0.0010636080222474484 -0.00014285851413267141 -0.0038445046229955955 0.005241468202619279 0.00062271049195355109
leaf_weight=44.093395233154297 115 21 40 24 49 41 35 206 76.093395233154297 22 29 22 24 132
leaf_count=34 115 21 40 24 49 41 35 206 66 22 29 22 24 132
internal_value=0.000965668 0.000555914 -0.00212598 -0.00706522 0.00108708 0.000670732 0.000762761 0.0010355 0.00137761 0.000573247 -0.00219388 -0.00427632 -0.00157407 0.00186743
internal_weight=880.187 765.187 126 45 639.187 81 590.187 555.187 511.093 305.093 97 75 53 208.093
internal_count=860 745 126 45 619 81 570 535 501 295 97 75 53 198
is_linear=0
shrinkage=0.05


Tree=289
num_leaves=15
num_cat=0
split_feature=0 7 15 11 4 10 2 13 10 10 2 7 2 2
split_gain=0.336764 0.411469 0.720071 0.457717 0.617893 0.415831 0.250299 0.222037 0.204519 0.496744 0.4104 0.183615 0.16136 0.198485
threshold=14.180281016028637 6.9500000000000011 -0.30803999999999992 1.0000000180025095e-35 2.3410656135621104 -0.49052240080021109 10.682881186379747 3.4463505833758972 0.68834802305431453 0.38268343236508956 12.022223384657641 7.5500000000000007 13.527992964228725 14.254755236354223
decision_type=2 2 2 2 2 2 2 10 2 2 2 2 2 2
left_child=1 2 3 4 5 -1 -4 -8 9 11 -11 -2 -10 -14
right_child=8 -3 6 -5 -6 -7 7 -9 12 10 -12 -13 13 -15
leaf_value=0.0017494474724258438 0.00054632213506747263 0.00031616187226237319 0.0021257210571332358 0.00049041886802388666 -0.0043831425803272346 -0.0011765102475443407 0.0021283974906424175 -0.00013633771225422535 0.00047987891825533482 -0.00014329122556189935 0.0003069009356631536 -0.00050298129332216658 -9.1444749621617371e-05 0.00023936229225940726
leaf_weight=22 359.0933952331543 61 79.046697616577148 29 26 20 32 20 125.04669761657715 24 29 22 21 20
leaf_count=22 349 61 74 29 26 20 32 20 120 24 29 22 21 20
internal_value=0.00190514 0.000500725 -0.000479232 -0.00372449 -0.00594203 -0.00209302 0.0019329 -0.000754717 0.0025796 0.00200064 -0.0025 0.00263147 0.00407212 0.00130952
internal_weight=889.187 289.047 228.047 97 68 42 131.047 52 600.14 434.093 53 381.093 166.047 41
internal_count=869 284 223 97 68 42 126 52 585 424 53 371 161 41
is_linear=0
shrinkage=0.05


Tree=290
num_leaves=15
num_cat=0
split_feature=10 10 8 0 7 15 13 1 1 9 0 1 14 14
split_gain=0.487352 0.754359 0.344185 0.26561 0.295379 0.215342 0.410173 0.643022 0.284422 0.178659 0.335218 0.384744 0.227535 0.328933
threshold=0.50376918148035232 0.32762316226846638 18.050000000000004 13.967506422254475 5.8500000000000005 -0.92700999999999989 4.2213565905370141 15.319689178696192 11.455569160370196 -0.043619387365336666 15.542220311701046 15.292885503081896 2.603711913902647 1.7112479542376613
decision_type=2 2 10 2 2 2 8 2 2 2 2 2 2 2
left_child=1 5 -3 4 -2 -1 8 -8 -7 -10 12 -12 13 -11
right_child=3 2 -4 -5 -6 6 7 -9 9 10 11 -13 -14 -15
leaf_value=0.00013435068501689102 -0.004250168919959752 -0.00013859357871549513 -0.00011884530271812646 0.00035764901136868987 9.7907049465144759e-05 -0.00022870696153764848 0.00013377857284374857 -0.0029266735071912121 0.00040472781792024771 0.0020524561090115787 -0.00043219407771232573 0.0024541943731226368 0.0068300760859340039 -0.00012952082834728174
leaf_weight=149 31 41.046697616577148 30 196.04669761657715 37 39.046697616577148 30 24 140 46 39 24 50 20
leaf_count=149 31 36 30 191 37 34 30 24 140 46 39 24 50 20
internal_value=0.00148327 0.000727329 -0.00409133 0.00328332 0.00057971 0.00134372 0.000751086 -0.00327273 0.00136538 0.00185938 0.000805556 -0.00210937 0.00239316 0.000447761
internal_weight=896.14 632.093 71.0467 264.047 68 561.047 412.047 54 358.047 319 179 63 116 66
internal_count=881 622 66 259 68 556 407 54 353 319 179 63 116 66
is_linear=0
shrinkage=0.05


Tree=291
num_leaves=15
num_cat=0
split_feature=10 10 15 0 8 1 10 13 14 2 7 2 9 14
split_gain=0.379002 0.42191 0.61734 0.325109 0.306698 0.296902 0.252625 0.286887 0.538745 0.299992 0.457555 0.914184 0.362586 0.312194
threshold=0.50376918148035232 0.32762316226846638 -0.44686499999999996 14.015221205518571 28.650000000000002 11.736380176763509 -0.49810825183760388 4.5059246727066791 2.3948532083883172 14.013624873329514 6.6500000000000012 12.083269116529681 0.25881904510252091 2.5110082860885434
decision_type=2 2 2 2 8 2 2 8 2 2 2 2 2 2
left_child=1 6 -3 4 5 -2 7 9 -9 10 12 -12 -1 -14
right_child=3 2 -4 -5 -6 -7 -8 8 -10 -11 11 -13 13 -15
leaf_value=0.00024567867938853533 0.00018807008477429368 5.7246891336810648e-05 -0.000132373434624839 0.0004180693654770762 0.0001726725307972497 -0.0013745146242732824 0.00049575851141421578 0.00012708960929464709 -0.0021621248892307282 0.00066199480427015271 5.6002491626630692e-05 -0.00050762266263066692 -0.00015950430658470227 0.0053480340120901125
leaf_weight=117 21 27.046697616577148 43 188 24 29 227.14009284973145 20 21 41 33 25 63 30
leaf_count=117 21 22 43 188 24 29 212 20 21 41 33 25 63 30
internal_value=0.00147874 0.00082682 -0.00281176 0.00307985 0.000266667 -0.00196078 0.00127253 0.000427351 -0.00345238 0.000951613 0.000334573 -0.00355932 0.0014218 -0.000904255
internal_weight=909.187 647.187 70.0467 262 74 50 577.14 350 41 309 268 58 210 93
internal_count=889 627 65 262 74 50 562 350 41 309 268 58 210 93
is_linear=0
shrinkage=0.05


Tree=292
num_leaves=15
num_cat=0
split_feature=10 10 2 15 2 15 2 8 8 15 3 3 2 2
split_gain=0.367258 0.382136 0.358215 0.376435 0.359547 0.325177 0.313807 0.240935 0.186853 0.194526 0.312363 0.643542 0.609366 0.15091
threshold=0.68834802305431453 0.32762316226846638 9.0965767664003732 -0.79966499999999996 8.3156701108558106 -0.49454499999999996 12.134351203881257 13.950000000000001 38.350000000000001 -1.1068949999999997 11.317034821916362 8.9251218736798812 11.491190903252287 13.39007257913504
decision_type=2 2 2 2 2 2 2 10 10 2 2 2 2 2
left_child=1 2 3 -1 -5 -3 -7 -4 9 -9 11 -11 -13 -2
right_child=13 5 7 4 -6 6 -8 8 -10 10 -12 12 -14 -15
leaf_value=-0.0010449405383949801 0.00024828555696007523 4.7204357728653358e-05 0.0034085007467370624 0.00059945460954076088 -0.00020918562480460483 -0.0001088140628996417 -8.539494262958748e-06 0.0010343187736595045 9.9297060805401534e-05 0.00052132217319106344 9.3283966867940211e-05 -4.9961553607117673e-05 -0.0024126568947685661 9.22380070851649e-05
leaf_weight=28 186 36.046697616577148 190.04669761657715 57.093395233154297 21 33 23 44 58 44 66 23 29 57
leaf_count=28 186 31 185 47 21 33 23 44 58 44 66 23 29 57
internal_value=0.00209324 0.00147115 0.00196154 -0.000649274 0.0011438 -0.00150211 -0.00385965 0.00257168 0.00158491 0.000869565 6.13499e-05 -0.00175258 -0.0054717 0.00375
internal_weight=895.187 652.187 560.14 106.093 78.0934 92.0467 56 454.047 264 206 162 96 52 243
internal_count=875 632 545 96 68 87 56 449 264 206 162 96 52 243
is_linear=0
shrinkage=0.05


Tree=293
num_leaves=15
num_cat=0
split_feature=8 13 11 4 4 2 1 2 3 0 1 12 3 7
split_gain=0.669958 0.480526 0.682676 0.315019 0.468828 0.307142 0.299191 0.346497 0.508204 0.350986 0.233923 0.210268 0.225192 0.233223
threshold=15.750000000000002 4.3957595904073594 1.0000000180025095e-35 5.5461492472694909 2.0471722811110507 12.822365808406436 13.922990248680849 13.422861373318293 12.071802164236932 15.626660869082187 12.631510329845616 1.5000000000000002 11.999498649550073 5.8500000000000005
decision_type=8 10 2 2 2 2 2 2 2 2 2 8 2 2
left_child=1 3 -3 4 5 10 -2 8 9 -8 -1 12 13 -5
right_child=6 2 -4 11 -6 -7 7 -9 -10 -11 -12 -13 -14 -15
leaf_value=-8.2341498121124304e-06 0.00037365732711971809 -0.0021283230200773882 0.0010889858553450519 -3.4280644210700732e-05 -0.00020957538026854049 -0.0060019215147487197 -3.7642109505839865e-05 0.00036375519688428297 -0.0004629127034608576 0.0018853460071411793 0.0018911400791563591 0.00032928906181080758 -7.9492131052983167e-05 0.0032772138555851879
leaf_weight=88.140092849731445 244.04669761657715 28 22.046697616577148 22 33 20 36 123 20 39 77 69 26 64
leaf_count=73 239 28 17 22 33 20 36 123 20 39 77 69 26 64
internal_value=0.00203475 0.000657358 -0.00391341 0.00123882 -4.24363e-05 0.000943915 0.0033695 0.00200913 -0.000260416 0.00164474 0.00165945 0.00277473 0.00141593 0.00264368
internal_weight=911.233 449.187 50.0467 399.14 218.14 185.14 462.047 218 95 75 165.14 181 112 86
internal_count=886 429 45 384 203 170 457 218 95 75 150 181 112 86
is_linear=0
shrinkage=0.05


Tree=294
num_leaves=15
num_cat=0
split_feature=14 13 14 0 0 10 8 13 8 13 13 10 8 7
split_gain=0.333236 0.341617 0.228788 0.186993 0.351251 0.231951 0.285687 0.218282 0.183986 0.162767 0.331485 0.391304 0.150129 0.137258
threshold=2.0711135794289341 2.7492478955155986 0.54189347659399623 15.925804984510316 15.450586597540411 -0.92304025209086904 16.450000000000003 4.3243355245049999 8.0500000000000025 2.9040801778212955 2.4670511503686972 0.38268343236508956 19.200000000000006 5.5500000000000007
decision_type=2 8 2 2 2 2 10 10 10 8 10 2 10 2
left_child=1 2 -1 4 5 6 -3 8 -7 10 -2 12 -12 -10
right_child=9 3 -4 -5 -6 7 -8 -9 13 -11 11 -13 -14 -15
leaf_value=-0.00013197899249413713 0.0255533502763238 -0.00034781410824197306 -0.0028325002053706601 0.0021706623004573238 -0.00015414208280984805 -0.00045469468314527918 7.3736292437048712e-05 -0.00013016403566317656 0.00012617226168673884 0.00021142773211317481 0.00038143918032119587 -0.00015733800947502781 -0.00015484154123489915 0.0012567418740533529
leaf_weight=21 42 23 20 54 33 49.093395233154297 20 28.046697616577148 83 358 27 37 28 76.046697616577148
leaf_count=21 42 23 20 54 33 39 20 23 83 358 27 37 28 71
internal_value=0.00188398 0.000822991 -0.00345238 0.00130978 0.000833158 0.00141311 -0.00193182 0.00202766 0.00258535 0.00275862 0.00125926 -0.000430107 0.00223214 0.00340672
internal_weight=899.187 407.187 41 366.187 312.187 279.187 43 236.187 208.14 492 134 92 55 159.047
internal_count=879 387 41 346 292 259 43 216 193 492 134 92 55 154
is_linear=0
shrinkage=0.05


Tree=295
num_leaves=15
num_cat=0
split_feature=9 8 8 0 0 10 0 15 15 0 2 10 13 10
split_gain=0.329327 0.386963 0.689434 0.422258 0.359784 0.4009 0.338748 0.300822 0.529404 0.427578 0.316272 0.520828 0.754645 0.312489
threshold=0.70088257582277269 31.350000000000005 22.470000000000002 13.967506422254475 14.759568215742057 -0.9025766923884776 15.11877107524087 1.2809800000000002 0.66927500000000018 13.342341679470378 12.083269116529681 0.45783468794784965 3.8088337008098008 -0.2397582400620111
decision_type=2 8 10 2 2 2 2 2 2 2 2 2 10 2
left_child=1 2 4 -4 5 -1 -5 8 9 -2 11 12 -11 -12
right_child=7 -3 3 6 -6 -7 -8 -9 -10 10 13 -13 -14 -15
leaf_value=-0.00033254384998008347 0.00029204915703173582 0.00033608794083500842 -0.00091231291073908818 0.00033778932378744701 0.0002948849556397837 0.00027628897949413643 -2.891271163684336e-05 0.0099065872559069273 -0.0012455843653155407 0.0070640254101554728 -0.0029007979944507584 -0.00012609368851598172 -0.0002368098314427361 0.00040668064028819115
leaf_weight=32 43.046697616577148 145 34 24 244 117.04669761657715 31 31.093395233154297 24 42.046697616577148 35 25 24 52
leaf_count=32 38 145 34 24 244 112 31 21 24 37 35 25 24 52
internal_value=0.00173204 0.00236485 0.00167734 -0.00227778 0.00257643 0.000634692 0.000446429 0.000291984 -0.000302865 0.000474877 -0.000613061 -0.00265916 -0.000294817 0.00153409
internal_weight=903.233 627.047 482.047 89 393.047 149.047 55 276.187 245.093 221.093 178.047 91.0467 66.0467 87
internal_count=878 622 477 89 388 144 55 256 235 211 173 86 61 87
is_linear=0
shrinkage=0.05


Tree=296
num_leaves=15
num_cat=0
split_feature=9 9 2 0 10 8 0 4 8 3 8 1 1 14
split_gain=0.470973 0.680352 0.706351 0.552825 0.425905 0.247203 0.204577 0.319412 0.245774 0.146381 0.398743 0.151675 0.66616 0.155062
threshold=0.72233645665352741 0.88396761516098465 12.134351203881257 14.004921479957348 -0.12186470299397914 33.150000000000006 16.818864548502386 7.1221004305343207 27.850000000000005 1.0000000180025095e-35 14.65 13.932903965974827 14.325199642858239 0.57747096615578541
decision_type=2 2 2 2 2 8 2 2 10 2 10 2 2 2
left_child=5 2 3 -2 -3 6 8 -8 9 10 -1 13 -13 -11
right_child=1 4 -4 -5 -6 -7 7 -9 -10 11 -12 12 -14 -15
leaf_value=0.0080337225391467881 -0.00017305743630255524 -0.00039166990351138277 0.00083789721371575656 -0.0002231833146372124 0.00050886784059726408 0.00013795884390739287 8.3281293916164631e-05 -0.0029227506356019565 -0.00063420604871131797 -1.2609477271900509e-05 -0.0010385399408871332 -0.0012344230586418658 0.00028505472451207693 0.00073790785277280712
leaf_weight=52.046697616577148 23 41.093395233154297 33 29 90.046697616577148 138 24 24 37 38 26 39 155 149
leaf_count=47 23 31 33 29 85 138 24 24 37 38 26 39 155 149
internal_value=0.0017137 -0.000319146 -0.00377907 -0.00735849 0.00193507 0.00235743 0.00187183 -0.00122449 0.0021733 0.00248939 0.000508984 0.00289267 0.00189744 0.00390957
internal_weight=898.187 216.14 85 52 131.14 682.047 544.047 48 496.047 459.047 78.0467 381 194 187
internal_count=878 201 85 52 116 677 539 48 491 454 73 381 194 187
is_linear=0
shrinkage=0.05


Tree=297
num_leaves=15
num_cat=0
split_feature=7 13 13 2 0 7 13 2 15 8 8 1 2 3
split_gain=0.709012 0.23949 0.469851 0.664964 0.440316 0.530766 0.317672 0.447282 0.559765 0.307806 0.638723 0.187876 0.238019 0.419837
threshold=4.7500000000000009 3.6413638888637321 3.5534561859539893 11.491190903252287 12.341179895169182 7.0500000000000007 3.9835024085201316 9.5787655191099272 1.0000000180025095e-35 11.500000000000002 12.850000000000003 12.281341017959948 14.562065503475532 12.981370791925217
decision_type=2 10 10 2 2 2 10 2 2 10 10 2 2 2
left_child=-1 2 4 -4 5 -2 -3 -8 -9 -6 -11 -12 13 -13
right_child=1 6 3 -5 9 -7 7 8 -10 10 11 12 -14 -15
leaf_value=-0.00052899011791017155 -0.0029056526549251552 0.00013873867562138169 0.0099643761136608555 -0.0026767198476086579 0.00051712903536157366 6.7293794134983028e-05 -0.00059522131020616333 0.00016855720086973594 -0.004347130997567227 -0.00087591629792292561 0.0044581551848014286 4.614035102336998e-05 0.00089969584563920693 -0.010503303121564273
leaf_weight=38 27 125.14009284973145 23 29 114 22 25 122.04669761657715 27 26 40.046697616577148 219 38 23
leaf_count=38 27 110 23 29 114 22 25 117 27 26 35 219 38 23
internal_value=0.00121344 0.00151082 0.000898917 -0.00358491 0.00136308 -0.0031 0.00265146 0.00125814 0.00230084 0.00184414 0.00109563 0.00171387 0.00124555 0.000658436
internal_weight=898.233 860.233 561.047 52 509.047 49 299.187 174.047 149.047 460.047 346.047 320.047 280 242
internal_count=873 835 556 52 504 49 279 169 144 455 341 315 280 242
is_linear=0
shrinkage=0.05


Tree=298
num_leaves=15
num_cat=0
split_feature=10 10 11 13 13 7 8 0 3 2 13 2 8 0
split_gain=0.35702 0.349629 0.473535 0.278632 0.671517 1.2569 0.328268 0.277457 0.172772 0.189492 0.233153 0.325331 0.228788 0.138282
threshold=0.50376918148035232 0.32762316226846638 1.0000000180025095e-35 3.6087657616108557 3.4282904644093786 6.1500000000000012 11.500000000000002 12.712674849452986 12.981370791925217 12.640407297558921 3.2785555263786179 11.210599421575576 18.850000000000005 14.345768791527194
decision_type=2 2 2 10 10 2 10 2 2 2 8 2 10 2
left_child=1 3 -3 4 6 -6 -1 -8 9 10 11 -9 -13 -5
right_child=-2 2 -4 13 5 -7 7 8 -10 -11 -12 12 -14 -15
leaf_value=0.0098557368175308316 0.00023404771641919727 3.2812780459262454e-05 -0.0001961849507954553 0.0017744829853798508 -0.00063007363673911454 9.8925601476649796e-06 -0.0018167209620939221 0.00030746649531389195 -0.0028703805175856454 0.001478577335680225 0.00027263131800735646 -0.0008476184776582314 -0.0027168845614604165 0.00011701686939815493
leaf_weight=85 249.04669761657715 28 44.046697616577148 73.093395233154297 21 25 36 44 28 44 29 21 20 146.04669761657715
leaf_count=85 244 28 39 63 21 25 36 44 28 44 29 21 20 141
internal_value=0.00197506 0.00134989 -0.00191339 0.00176344 0.000889831 -0.00468085 0.00173701 0.000717489 0.00149733 0.00213836 0.00104348 -0.000290697 -0.00345238 0.00316026
internal_weight=893.233 644.187 72.0467 572.14 353 46 307 222 186 158 114 85 41 219.14
internal_count=868 624 67 557 353 46 307 222 186 158 114 85 41 204
is_linear=0
shrinkage=0.05


Tree=299
num_leaves=15
num_cat=0
split_feature=0 7 4 10 7 2 15 1 2 0 1 5 13 0
split_gain=0.633967 0.474643 0.517375 0.779371 0.716066 0.441036 0.400216 0.37414 0.337197 0.409658 0.309481 0.281607 0.285294 0.249756
threshold=14.901640119333409 7.4500000000000011 2.0471722811110507 0.59827334065059656 6.2500000000000009 11.491190903252287 -0.79966499999999996 13.569070804978013 12.022223384657641 14.395140689944201 10.751037653203291 9.726850458323371 4.5645479846104093 16.113741789942335
decision_type=2 2 2 2 2 2 2 2 2 2 2 2 8 2
left_child=1 2 8 4 7 -6 -7 -4 9 10 -1 12 -2 -14
right_child=11 -3 3 -5 5 6 -8 -9 -10 -11 -12 -13 13 -15
leaf_value=-0.00016684344640295983 0.00037263523134661663 0.00024942372863623574 -0.00048104594304078239 0.00011897592056350736 0.0030999922018847292 -0.0010651085183213524 0.0010380400067493052 -0.00073799587351052799 0.0076471092526566205 -0.0002523443569115596 0.0020949333447954628 -0.00011050531323927454 0.00040128731247420245 -0.0004875723539497408
leaf_weight=41.046697616577148 367.04669761657715 43 27 37 30 20 21 26 43 43.046697616577148 96.046697616577148 39 23 20
leaf_count=36 362 43 27 37 30 20 21 26 43 38 91 39 23 20
internal_value=0.00134627 -3.3399e-05 -0.000595366 -0.00274691 -0.00464 -0.00131944 -0.00464286 -0.00898148 0.000962347 3.86714e-06 0.00134305 0.0026558 0.00304159 -0.000795454
internal_weight=876.187 427.14 384.14 161 124 71 41 53 223.14 180.14 137.093 449.047 410.047 43
internal_count=856 412 369 161 124 71 41 53 208 165 127 444 405 43
is_linear=0
shrinkage=0.05


Tree=300
num_leaves=15
num_cat=0
split_feature=9 2 3 9 7 16 2 5 7 0 3 10 16 1
split_gain=0.616478 0.40876 0.503092 0.370513 0.345654 0.448179 0.377971 0.327805 0.547728 0.253009 0.246695 0.401003 0.438863 0.235543
threshold=0.70088257582277269 12.640407297558921 13.914185950458013 0.74311652879956314 5.1500000000000012 0.10701500000000001 10.175308021635905 5.9348933207832921 6.4500000000000011 14.845684720853265 10.90351654202369 -0.79731875629095728 0.10701500000000001 14.103646624509897
decision_type=2 2 2 2 2 2 2 2 2 2 2 2 2 2
left_child=4 3 -3 -2 5 -1 -7 9 -9 10 11 12 -6 -5
right_child=1 2 -4 13 7 6 -8 8 -10 -11 -12 -13 -14 -15
leaf_value=0.00064373583019066013 -0.00067236566412873439 0.001442482041202952 -0.014049059217307085 -0.00016651010671758857 -0.00057203828484014895 -0.00019870934071932589 -0.0007121257735781207 -0.0013336833935340062 0.00067770374151951407 0.0002534277874286715 0.0038435708755370176 6.4788143350645892e-05 0.00018866509571394298 0.0056414006166912523
leaf_weight=34 33 64 20 120.14009284973145 29 29 21 34 64 218 70 86 21 27
leaf_count=34 33 64 20 105 29 29 21 34 64 218 70 86 21 27
internal_value=0.00114873 -0.000864824 0.002 -0.00220437 0.00202636 -0.000941176 -0.00392157 0.00250478 -0.00010101 0.00310588 0.00183575 0.000583942 -0.00294118 -0.00110908
internal_weight=870.14 264.14 84 180.14 606 84 50 522 98 424 206 136 50 147.14
internal_count=855 249 84 165 606 84 50 522 98 424 206 136 50 132
is_linear=0
shrinkage=0.05


Tree=301
num_leaves=15
num_cat=0
split_feature=10 10 2 3 4 8 12 3 8 1 8 0 0 7
split_gain=0.92911 0.607608 0.457664 0.86611 0.531285 0.451561 0.634535 0.598018 0.572288 0.321178 0.227154 0.220764 0.215563 0.166738
threshold=0.50376918148035232 0.32762316226846638 13.66913883804069 12.306661339495072 7.2251172404944937 12.550000000000002 2.5000000000000004 8.0417118840855224 37.350000000000001 14.16893082916947 8.0500000000000025 13.792124555578615 12.82556272251483 6.0100000000000007
decision_type=2 2 2 2 2 10 10 2 10 2 8 2 2 2
left_child=1 2 3 4 5 6 7 -1 11 -3 -2 12 -7 -6
right_child=10 9 -4 -5 13 8 -8 -9 -10 -11 -12 -13 -14 -15
leaf_value=0.0072081687243776135 -1.4946082214117762e-05 -0.00017320418111922009 0.00089389033222325807 -0.00034657228413226688 -0.0002620247795175078 2.4727799118558617e-05 -0.00043560238322473666 -0.00040600697983964702 -0.00017020055264256405 -0.00013109916276359321 0.00030620348669379693 0.00073516589030595599 -0.0004348891904755039 0.0020790585282322478
leaf_weight=46.046697616577148 40 40.046697616577148 102 35 28 22 31 31 35 28 224.04669761657715 100.04669761657715 21 103
leaf_count=41 40 35 102 35 28 22 31 31 35 28 219 95 21 103
internal_value=0.000992952 -6.30668e-05 0.000487246 -0.000197604 0.000443602 -0.000764674 -0.0032992 -0.000829843 0.000783223 -0.00448633 0.00347197 0.00218841 -0.000795454 0.00306818
internal_weight=886.187 622.14 554.093 452.093 417.093 286.093 108.047 77.0467 178.047 68.0467 264.047 143.047 43 131
internal_count=866 607 544 442 407 276 103 72 173 63 259 138 43 131
is_linear=0
shrinkage=0.05


Tree=302
num_leaves=15
num_cat=0
split_feature=0 7 9 8 3 15 7 8 2 1 15 2 7 0
split_gain=0.960827 0.780883 0.605927 0.463643 0.398682 0.67641 1.06324 1.28411 0.469346 0.952571 0.339078 0.599977 0.249034 0.472971
threshold=14.901640119333409 7.4500000000000011 -0.89493436160202511 6.4150000000000009 7.0237422035941366 -0.30803999999999992 6.1500000000000012 12.65 11.630521409380931 12.797903478544152 -0.065509999999999985 9.0965767664003732 5.8500000000000005 15.866294006575464
decision_type=2 2 2 10 2 2 2 10 2 2 2 2 2 2
left_child=1 2 -1 -2 10 8 7 -7 -6 -10 11 -4 13 -5
right_child=3 -3 4 12 5 6 -8 -9 9 -11 -12 -13 -14 -15
leaf_value=-0.0003898686388529679 -0.00036730406003329365 4.0003117939822421e-05 -0.00095519383938323622 -3.5620966517516779e-05 0.0029321790039068185 -0.0024104786433998028 0.00010585833547211844 -0.00016952224400038646 -0.00096090620159922655 8.0137728215733817e-05 0.00024040812341497378 0.0038988407483297074 0.00024726766209104005 0.003743713219300661
leaf_weight=48 43 43 27 68 54 25 30 35 20 40 95.093395233154297 25.046697616577148 294 52
leaf_count=48 43 43 27 68 54 25 30 35 20 40 85 20 294 52
internal_value=0.000217411 -0.00144266 -0.002135 0.00182314 -0.0014037 -0.00282927 -0.00604396 -0.00983607 -0.000260869 -0.00327869 0.00057851 -0.00263478 0.00233735 0.000413223
internal_weight=899.14 442.14 399.14 457 351.14 204 90 60 114 60 147.14 52.0467 414 120
internal_count=884 427 384 457 336 204 90 60 114 60 132 47 414 120
is_linear=0
shrinkage=0.05


Tree=303
num_leaves=15
num_cat=0
split_feature=10 7 13 7 0 0 10 13 13 2 4 7 2 3
split_gain=0.6793 0.528023 0.393586 0.627885 0.452923 0.976107 0.69041 0.328545 0.70457 0.309827 0.444605 0.306842 0.20734 0.330891
threshold=0.50376918148035232 7.4500000000000011 4.3957595904073594 6.2500000000000009 14.708757025235846 14.504858781096404 0.23766552919915279 4.1138350622584694 4.5201734135869565 11.491190903252287 8.0295956805110347 5.3500000000000005 14.055494458427624 12.355968025144357
decision_type=2 2 10 2 2 2 2 8 10 2 2 2 2 2
left_child=1 2 4 -4 5 6 9 -2 -9 -1 -11 -6 13 -13
right_child=7 -3 3 -5 11 -7 -8 8 -10 10 -12 12 -14 -15
leaf_value=0.0017202682401261688 0.00027041255375252456 0.00045096182131352673 -0.00066330441636633071 0.00022988579682124406 -0.00092710574114904807 -0.00033815393652163097 -0.00048452943784006773 -0.00048199990677440501 0.0044205116098158656 2.9551669536186962e-05 -0.0016701909635258299 0.00016720424148811117 0.00020972540687123916 -0.00031164468002440883
leaf_weight=127.0933952331543 191 47 26 25 29 34.046697616577148 39 26 29.046697616577148 31 24 167.04669761657715 45 28
leaf_count=117 191 47 26 25 29 29 39 26 24 31 24 162 45 28
internal_value=0.000737624 -0.00014292 -0.000562432 -0.00471154 -0.000150548 -0.00165651 -0.000425645 0.00295585 -0.00044189 0.000876422 -0.00223214 0.00127842 0.00186783 0.00114888
internal_weight=868.233 622.187 575.187 51 524.187 255.14 221.093 246.047 55.0467 182.093 55 269.047 240.047 195.047
internal_count=843 602 555 51 504 240 211 241 50 172 55 264 235 190
is_linear=0
shrinkage=0.05


Tree=304
num_leaves=15
num_cat=0
split_feature=14 15 4 15 7 14 14 2 7 13 2 14 13 3
split_gain=0.536976 0.395602 0.416057 0.597796 0.461371 0.521492 0.476744 0.720749 0.528703 0.527031 0.473899 0.540345 0.445259 1.17464
threshold=0.010715117459804567 -1.1641199999999998 11.002206928624593 -0.94026999999999983 6.1500000000000012 3.6365870976901049 0.11421325523412328 11.274353281260124 5.5500000000000007 3.3604095357856996 13.39007257913504 4.612811713112591 3.7837355977586644 10.230763228598898
decision_type=2 2 2 2 2 2 2 2 2 10 2 2 8 2
left_child=-1 -2 3 -3 6 -6 -5 8 9 -8 11 -7 -9 -14
right_child=1 2 -4 4 5 10 7 12 -10 -11 -12 -13 13 -15
leaf_value=-0.0001189754611635667 0.0004820499439249133 -0.00028421510039304971 0.0018064499607622531 0.0025925090853622557 0.00016981475461524197 -0.00027608753215001015 -0.00012164425132273403 0.00016733948347358652 -0.00031434132049254834 -0.0054390917115453748 0.00052270654895926526 2.2460594892648868e-07 0.0018245432499618974 -0.0026396218633870068
leaf_weight=40.046697616577148 150.04669761657715 35 100 48.046697616577148 130 30 33 127 76 20 36 20 31.046697616577148 24
leaf_count=35 145 35 100 43 130 30 33 127 76 20 36 20 26 24
internal_value=0.000722308 0.000987877 0.000492857 7.64347e-07 0.000391372 0.00221198 -0.000706853 -0.00142532 -0.00426923 -0.00805556 -0.000804597 -0.00392157 0.000602215 -0.00311823
internal_weight=900.187 860.14 710.093 610.093 575.093 216 359.093 311.047 129 53 86 50 182.047 55.0467
internal_count=880 845 700 600 565 216 349 306 129 53 86 50 177 50
is_linear=0
shrinkage=0.05


Tree=305
num_leaves=15
num_cat=0
split_feature=14 14 2 0 5 0 13 9 13 10 13 4 9 0
split_gain=1.09601 0.329501 0.75557 0.372471 0.555139 0.309065 0.30191 0.66134 0.470585 0.279135 0.325345 0.678729 0.956859 0.588416
threshold=0.016972120384571798 7.0407342028791646 14.684341796189964 13.574106775453194 1.0000000180025095e-35 12.97344749778412 3.7266031251534857 0.26092512978024796 3.0909836995657325 0.50376918148035232 3.1313711311317358 6.4948860570741216 0.37662760538417256 15.421218784397645
decision_type=2 2 2 2 2 2 8 2 10 2 10 2 2 2
left_child=5 3 -3 4 6 -1 7 8 -2 10 11 -5 13 -13
right_child=1 2 -4 9 -6 -7 -8 -9 -10 -11 -12 12 -14 -15
leaf_value=-0.00033078784638589266 0.0018196184888687409 -0.0068550960195673319 0.0014844814462534892 0.00037024544586811457 0.00028810302194096142 -0.00022908881964664592 1.1892538322147361e-05 -0.0014339317258245357 -0.0019125928184286741 0.00040836079647344164 0.00036269074756842365 -0.0012562940873992587 1.7026259392753658e-05 -0.00024398101353120938
leaf_weight=32.046697616577148 24 25 28 78 35 22 41.046697616577148 35 25 191.04669761657715 290.0933952331543 20 40 30
leaf_count=27 24 25 28 78 35 22 36 35 25 186 280 20 40 30
internal_value=0.000851656 0.00128701 -0.0025 0.00153784 -0.000619488 -0.00599067 -0.00217988 -0.00388235 -9.99998e-05 0.00206986 0.00139507 -0.000355029 -0.0032967 -0.00784314
internal_weight=916.233 862.187 53 809.187 160.047 54.0467 125.047 84 49 649.14 458.093 168 90 50
internal_count=891 842 53 789 155 49 120 84 49 634 448 168 90 50
is_linear=0
shrinkage=0.05


Tree=306
num_leaves=15
num_cat=0
split_feature=8 14 10 7 10 13 9 13 7 13 14 14 9 8
split_gain=0.926377 0.717297 0.379442 0.625869 0.35705 0.33834 0.524915 0.865856 0.549216 0.342263 0.303689 0.349778 0.25469 0.347455
threshold=6.6500000000000012 0.019220404642418244 0.38268343236508956 5.8500000000000005 -0.26932402956675622 3.6612753964181159 0.70088257582277269 3.5534561859539893 5.5500000000000007 3.6343809878543185 4.612811713112591 3.6625774401023232 -0.70710678118654735 12.450000000000001
decision_type=8 2 2 2 2 10 2 8 2 8 2 2 2 10
left_child=2 4 3 -1 -2 6 9 8 -8 10 11 -3 13 -7
right_child=1 5 -4 -5 -6 12 7 -9 -10 -11 -12 -13 -14 -15
leaf_value=-0.00024623327867367886 -0.00012511049048232603 0.00012030010132394603 -1.6340887901473187e-05 -0.00085152622275571027 -0.00033809727399583794 0.0001128807478505187 -0.0083061626932206655 -0.00014481923969962056 0.0002035641236777735 -0.0002147439900722973 0.00048623976042009215 -0.0012586505781541173 0.00048329351242194985 -0.0009976910999337518
leaf_weight=26 26.046697616577148 208 32 30 20 21 26 22 106.04669761657715 31 89 38 201.0933952331543 29
leaf_count=26 21 208 32 30 20 21 26 22 101 31 89 38 191 29
internal_value=0.000801087 0.00132724 -0.00404494 -0.00649123 -0.00467124 0.00169102 0.000960055 -0.00148192 7.69167e-05 0.0019891 0.00245536 0.00153846 0.00319511 1.82612e-10
internal_weight=905.187 817.187 88 56 46.0467 771.14 520.047 154.047 132.047 366 335 246 251.093 50
internal_count=885 797 88 56 41 756 515 149 127 366 335 246 241 50
is_linear=0
shrinkage=0.05


Tree=307
num_leaves=15
num_cat=0
split_feature=14 14 14 0 2 1 8 8 13 8 15 13 2 13
split_gain=0.810893 0.502357 0.647648 0.852079 0.755524 1.29041 0.370664 0.51216 0.336074 0.643709 0.309561 0.289892 0.160389 0.663521
threshold=0.019220404642418244 4.7940001260978891 3.4180146894246044 16.315189649203063 13.422861373318293 13.922990248680849 5.8550000000000013 4.8500000000000005 4.3167983667369354 12.450000000000001 0.011770000000000001 2.2998893542373202 12.943277380524913 3.538081512587993
decision_type=2 2 2 2 2 2 10 10 10 10 2 10 2 10
left_child=10 2 6 4 5 -4 7 -2 12 -10 -1 -3 -8 -14
right_child=1 11 3 -5 -6 -7 8 -9 9 -11 -12 -13 13 -15
leaf_value=-0.0003206316382147497 0.0088282485865296394 -0.0016806808216550209 -0.00016504873090745343 0.0018958370415629964 0.00018434238312313358 -0.0010057382662711455 0.00033626859284634859 -0.00014847027728975994 0.0026833970777286552 -0.0012393487045624112 -0.00024016232405007091 0.00045912484822828719 0.0055473712360398532 -2.2097631243551844e-05
leaf_weight=24 30 21 39 29 31 32 357.14009284973145 22 27.046697616577148 22 30.046697616577148 171 25 20
leaf_count=24 30 21 39 29 31 32 342 22 22 22 25 171 25 20
internal_value=0.000795666 0.00118587 0.000505259 -0.00261364 -0.00475728 -0.00756944 0.00132081 -0.00264151 0.0017823 -0.00209337 -0.00508235 0.00341969 0.00225902 -0.000543478
internal_weight=880.233 826.187 634.187 131 102 71 503.187 52 451.187 49.0467 54.0467 192 402.14 45
internal_count=855 806 614 131 102 71 483 52 431 44 49 192 387 45
is_linear=0
shrinkage=0.05


Tree=308
num_leaves=15
num_cat=0
split_feature=3 13 8 13 9 13 2 4 1 8 2 3 4 13
split_gain=0.34278 0.417184 0.770313 0.368152 0.389759 0.429324 0.334089 0.49312 0.315197 0.240114 0.271449 0.36771 0.576753 0.5453
threshold=13.097434168265339 3.1339001270843778 5.4500000000000011 2.6535031187055078 0.90444653569325539 2.8888307077117577 11.703499508145093 6.6929615404479659 14.16893082916947 54.186000000000007 5.6139948090932377 8.2612035135534931 5.6076234636338862 3.6413638888637321
decision_type=2 8 8 10 2 10 2 2 2 10 2 2 2 8
left_child=1 2 -1 -4 5 8 -7 -8 -5 10 -3 -12 13 -13
right_child=-2 9 3 4 -6 6 7 -9 -10 -11 11 12 -14 -15
leaf_value=-0.0001305014519898912 0.00036066218811559611 -0.00014713276010220285 0.00080174601403482267 -0.00025107435350981561 0.013291380879913606 0.00010176517704516093 9.3245079828636383e-05 -0.0028077444011504189 -0.00015921427018526294 -1.5757907889545202e-05 0.0018129778992354757 -0.00036726771479423775 0.00026772145704084105 2.136279615410762e-05
leaf_weight=24 96 43.046697616577148 74 32 22 47 20 22 24 24 165.0933952331543 39 170 73
leaf_count=24 96 38 74 32 22 47 20 22 24 24 155 39 170 73
internal_value=0.00111364 0.000763582 -0.000845864 2.06613e-05 -0.00127976 -0.00222603 -5.55554e-05 -0.00325581 -0.00561403 0.00159316 0.0018339 0.00219924 0.00109541 -0.00168142
internal_weight=875.14 779.14 265 241 167 145 89 42 56 514.14 490.14 447.093 282 112
internal_count=860 764 265 241 167 145 89 42 56 499 475 437 282 112
is_linear=0
shrinkage=0.05


Tree=309
num_leaves=15
num_cat=0
split_feature=1 4 7 2 13 4 14 2 10 13 1 2 10 1
split_gain=0.763332 0.469056 0.615347 0.593877 0.565097 0.346487 0.55484 0.48282 0.388048 0.653305 0.510791 0.644023 0.527933 0.322699
threshold=11.531882702559956 5.4467280820437471 6.3500000000000005 9.0377571240273458 3.6087657616108557 11.125226048454413 1.0079905521927708 12.457253329604793 0.52435624418390925 4.0246259411129488 14.208289289035511 10.925384884878442 -0.26932402956675622 14.233651055557059
decision_type=2 2 2 2 8 2 2 2 2 8 2 2 2 2
left_child=1 2 3 4 -1 6 -2 8 9 10 11 -8 -13 -10
right_child=5 -3 -4 -5 -6 -7 7 -9 13 -11 -12 12 -14 -15
leaf_value=-0.0052409383867640623 0.0016759354457107308 6.0374741622866317e-05 -0.00034108990390039712 0.022071969351719969 -1.0030406257890071e-05 0.00014125234665793524 -0.0002540214334005811 0.0001386857615040556 0.00074473330668349536 0.00041706843163530994 -1.6643383981087852e-05 -0.0010603224361727817 -0.00074487762103256014 -3.5533339271557273e-05
leaf_weight=26 194.0933952331543 27 20 21.046697616577148 23.046697616577148 119 35 216 39 36 51 31 28 28
leaf_count=26 184 27 20 16 18 119 35 216 39 36 51 31 28 28
internal_value=0.00108462 -0.00266343 -0.00438597 -0.00210333 -0.00509058 0.00165207 0.00119932 0.000258065 -0.00124498 -0.00244505 -0.00393836 -0.00610526 -0.00925 0.00198529
internal_weight=894.187 117.093 90.0934 70.0934 49.0467 777.093 658.093 464 248 181 145 94 59 67
internal_count=874 107 80 60 44 767 648 464 248 181 145 94 59 67
is_linear=0
shrinkage=0.05


Tree=310
num_leaves=15
num_cat=0
split_feature=1 10 8 3 15 9 9 13 2 3 7 1 13 13
split_gain=0.314054 0.40557 0.570244 0.464326 0.295171 0.206145 0.336229 0.204961 0.197694 0.694936 0.89793 0.449519 0.333258 0.274686
threshold=9.9532426738528574 0.39670114248928356 6.6500000000000012 9.7725930922188802 0.17533000000000001 0.25671049665402418 0.44032991850403941 2.7492478955155986 13.716790443545177 12.121197757918001 6.4500000000000011 16.198516813545215 4.3551327605653833 3.6087657616108557
decision_type=2 2 10 2 2 2 2 8 2 2 2 2 10 8
left_child=4 2 3 -2 -1 7 -7 -3 9 12 -11 -10 13 -4
right_child=1 5 8 -5 -6 6 -8 -9 11 10 -12 -13 -14 -15
leaf_value=-9.4631603435525516e-05 0.0051738274575408513 0.00052777468570685236 5.0556697027722076e-05 -0.00094700745818916048 -0.00020091925575249614 -5.9887078709995354e-05 7.4019852790232295e-05 0.0007902861975945326 0.0053953023480874003 0.0012195832535256651 -0.00034028178837033972 -0.0025909914703254422 -0.00030990684172478285 0.00055679246541284137
leaf_weight=26 24 34 225.04669761657715 29 26.093395233154297 40.046697616577148 99 126 76 22 28 26 20 98.046697616577148
leaf_count=26 24 34 220 29 16 35 99 126 76 22 28 26 20 93
internal_value=0.00110657 0.00133905 0.000528994 -0.00435185 -0.00262807 0.00281701 0.00139406 0.00403727 0.00105921 0.000546741 -0.00490196 0.00300971 0.00135273 0.00174477
internal_weight=899.233 847.14 548.093 53 52.0934 299.047 139.047 160 495.093 393.093 50 102 343.093 323.093
internal_count=874 832 538 53 42 294 134 160 485 383 50 102 333 313
is_linear=0
shrinkage=0.05


Tree=311
num_leaves=15
num_cat=0
split_feature=14 15 10 13 9 14 16 0 0 4 8 7 4 0
split_gain=0.624412 0.801952 0.409253 0.585313 1.02873 0.425241 0.362024 0.721557 0.327236 0.573763 1.15215 0.401942 0.662399 0.527714
threshold=0.019220404642418244 -0.065509999999999985 0.39670114248928356 4.334430235496562 -0.061048539534857123 5.0734674838097407 1.0000000180025095e-35 15.289107917368604 16.289005259338573 9.1790302868013747 16.950000000000003 6.0100000000000007 2.0471722811110507 15.25892845892823
decision_type=2 2 2 8 2 2 2 2 2 2 10 2 2 2
left_child=1 -1 3 5 -5 8 7 -4 9 11 -11 12 -2 -14
right_child=2 -3 6 4 -6 -7 -8 -9 -10 10 -12 -13 13 -15
leaf_value=-0.000391545826162549 0.00075564647604796083 1.0740546178273904e-05 0.00038180217025173127 -0.0002911195404455182 2.2355135733170118e-06 0.0032888448924388407 0.00032195372786102692 -5.7017462900178786e-05 0.0028999735991195527 0.0015318251708218685 -0.0030352411841708736 0.0001022282422220318 -0.0009135253998339331 3.4174924922399794e-05
leaf_weight=24 132.0933952331543 34.046697616577148 40 31 40 89 222.04669761657715 30 47 20 20 95 34 22
leaf_count=24 122 29 40 31 40 89 217 30 47 20 20 95 34 22
internal_value=0.000568477 -0.00439934 0.000924145 9.50249e-05 -0.00409722 0.000750863 0.00242362 -0.000704225 1.25856e-06 -0.000569382 -0.00609756 0.000230442 -0.00110809 -0.00561403
internal_weight=880.187 58.0467 822.14 530.093 71 459.093 292.047 70 370.093 323.093 40 283.093 188.093 56
internal_count=860 53 807 520 71 449 287 70 360 313 40 273 178 56
is_linear=0
shrinkage=0.05


Tree=312
num_leaves=15
num_cat=0
split_feature=10 1 13 1 0 9 8 7 7 15 7 9 7 14
split_gain=0.376199 0.499372 0.573928 0.42121 0.864263 1.20497 0.511994 0.345039 0.293256 0.233359 0.197094 0.351619 0.153576 0.325178
threshold=-0.5 11.961893769833667 3.3845171494617481 14.661584835516418 16.146562078170792 0.087148275903737818 6.0500000000000007 6.4500000000000011 4.9500000000000011 0.011770000000000001 6.4500000000000011 -0.25881904510252113 5.7500000000000009 3.1058110998530073
decision_type=2 2 10 2 2 2 10 2 2 2 2 2 2 2
left_child=3 2 -2 6 5 -5 -1 -6 -8 -4 -10 -12 13 -3
right_child=1 12 9 4 7 -7 8 -9 10 -11 11 -13 -14 -15
leaf_value=-0.00092416969791168143 7.0367196100625199e-05 -7.4979359014379072e-05 -0.00031901804851463324 -0.0003966094525800943 -0.0042145901966010165 0.00043619740033983825 -0.00052269482111481512 0.020130616550941536 0.0012620097046211643 -0.0036906451489148399 -0.00022834857764369946 8.8477038071530412e-05 9.9714816688286823e-05 0.00057449216552320095
leaf_weight=20 39 120.04669761657715 34 34 32 24 21 27 92 23.046697616577148 25 42 316.04669761657715 31
leaf_count=20 39 115 34 34 32 24 21 27 92 18 25 42 311 31
internal_value=0.000227774 0.00100277 -0.00226454 -0.0011478 -0.00351695 -0.00779661 0.000248756 0.00075 0.00110497 -0.00542264 0.00184375 -0.000220588 0.00167801 0.000363267
internal_weight=880.14 563.14 96.0467 317 117 58 200 59 180 57.0467 159 67 467.093 151.047
internal_count=865 548 91 317 117 58 200 59 180 52 159 67 457 146
is_linear=0
shrinkage=0.05


Tree=313
num_leaves=15
num_cat=0
split_feature=8 2 8 12 14 2 5 2 3 1 1 1 14 2
split_gain=0.335524 0.693366 0.337193 0.599514 0.707803 0.383267 0.569301 0.333303 0.501224 0.552682 0.496133 0.337525 0.262489 0.955771
threshold=6.4150000000000009 11.252355811132036 20.545000000000005 2.5000000000000004 3.5519491752087817 11.230515598693252 6.2552561362850385 11.535626438014353 12.565943602123111 14.070538460099918 15.17899057694868 12.874225652599369 0.92970044758352532 10.024261217580934
decision_type=8 2 10 10 2 2 2 2 2 2 2 2 2 2
left_child=1 -1 5 7 -5 6 12 -4 9 11 -11 -9 13 -2
right_child=2 -3 3 4 -6 -7 -8 8 -10 10 -12 -13 -14 -15
leaf_value=0.00013215082778787765 0.00014534020916741553 -0.00017061277371627356 0.0001662187161522319 -0.00021327036808821664 -3.3294066095561072e-06 0.0032590934274015597 -0.00023116890982359786 -0.00018159690281811859 0.00015162999003493405 -0.00055976655656451242 -2.6279598717562246e-05 0.00035202129263466015 0.00086822791330753925 -0.00055024134823646791
leaf_weight=43 99.093395233154297 44 99 25 33 249.04669761657715 20 22 63 29 20 40 63 26
leaf_count=43 89 44 99 25 33 244 20 22 63 29 20 40 63 26
internal_value=0.00105657 -0.001875 0.00138214 0.000165663 -0.00440678 0.00226066 0.000671791 0.00114964 -0.000171428 -0.0021875 -0.0061 0.000952381 0.0015361 0.000201969
internal_weight=875.14 87 788.14 331 58 457.14 208.093 273 174 111 49 62 188.093 125.093
internal_count=860 87 773 331 58 442 198 273 174 111 49 62 178 115
is_linear=0
shrinkage=0.05


Tree=314
num_leaves=15
num_cat=0
split_feature=8 16 8 13 13 1 1 16 1 2 2 2 2 13
split_gain=0.401187 0.662759 0.286996 0.271538 0.4235 0.355512 0.933649 0.503095 0.352047 0.474854 0.465238 0.35596 0.349144 0.371252
threshold=6.6500000000000012 1.0000000180025095e-35 60.550000000000004 2.6535031187055078 3.7774456692478693 14.930080727828301 15.807939224393884 1.0000000180025095e-35 11.11698721532847 10.327260108516565 10.972019710234319 11.674176578070659 11.936077351529015 3.4542313369358211
decision_type=8 2 8 8 10 2 2 2 2 2 2 2 2 10
left_child=1 -1 3 -2 5 8 7 -7 -5 -10 -11 -12 -13 -14
right_child=2 -3 -4 4 -6 6 -8 -9 9 10 11 12 13 -15
leaf_value=0.00076442179136766014 0.013531560534041804 -0.00049252379334903558 0.00011187064289095381 -0.0012221513689226837 6.6323692928288663e-05 -0.0001787247986622828 0.0002184412891429816 -0.00039391287357632625 0.0018658260087056296 -0.00015000485820157447 0.00058534598255297412 -0.0011154008626035011 0.00012362245470862231 -0.00021475506194816902
leaf_weight=21 83 68 38 36 215.14009284973145 25 41 36 84.046697616577148 37 51 27 87 40
leaf_count=21 83 68 38 36 200 25 41 36 79 37 51 27 87 40
internal_value=0.00033244 -0.00283333 0.000687647 0.00047293 0.000141041 -0.000709104 -0.00330097 -0.00717742 2.8188e-05 0.000551094 -0.000576131 0.000364078 -0.000838709 0.000273438
internal_weight=889.187 89 800.187 762.187 679.187 464.047 102 61 362.047 326.047 242 205 154 127
internal_count=869 89 780 742 659 459 102 61 357 321 242 205 154 127
is_linear=0
shrinkage=0.05


Tree=315
num_leaves=15
num_cat=0
split_feature=8 4 10 8 8 13 13 5 4 13 9 14 10 13
split_gain=0.597728 0.545577 0.510609 0.379113 0.38186 0.452986 0.405334 0.600544 0.433766 0.527691 0.419957 0.833942 0.388195 0.657617
threshold=6.6500000000000012 4.7184590100123378 1.0000000180025095e-35 41.20000000000001 36.850000000000009 3.6780493283881963 3.4282904644093786 5.8442286787023843 11.868493959139403 3.0101386585394425 -0.5 1.7756211502018824 0.85713466239780911 2.7838073517271105
decision_type=8 2 2 8 10 10 10 2 2 10 2 2 2 10
left_child=1 -1 -3 4 5 6 7 12 9 -9 -8 -12 -2 -14
right_child=3 2 -4 -5 -6 -7 10 8 -10 -11 11 -13 13 -15
leaf_value=-1.345349874076569e-05 0.00022556296427731672 -0.0010246398909237581 -8.5522962299812235e-05 5.4240239377863393e-05 -0.00023237837930723912 0.00011255054270813768 4.0115618689318409e-05 -0.00049402881224610467 0.0012326181980879764 6.3819118268560547e-05 -0.0001428494013532363 -0.0029372657256872357 -0.00072549614849643656 0.00043667370982816548
leaf_weight=37 241 22 32 97 28 229.18679046630859 29 38 21 22 36.046697616577148 29 20 32
leaf_count=37 241 22 32 97 28 209 29 38 21 22 31 29 20 32
internal_value=7.2375e-05 -0.00375 -0.00690909 0.000499454 0.00010488 0.000338236 -0.000553818 0.000186667 -0.00359756 -0.0057377 -0.00346952 -0.00567427 0.0012415 -0.00264151
internal_weight=913.233 91 54 822.233 725.233 697.233 468.047 374 81 60 94.0467 65.0467 293 52
internal_count=888 91 54 797 700 672 463 374 81 60 89 60 293 52
is_linear=0
shrinkage=0.05


Tree=316
num_leaves=15
num_cat=0
split_feature=8 10 3 14 4 8 14 4 8 15 1 1 8 8
split_gain=0.2964 0.276175 0.301048 0.6348 0.740924 0.418148 0.409408 0.415155 0.347498 0.330582 0.364075 0.416999 0.425111 0.579806
threshold=66.500000000000014 0.96648588260150581 5.9387842892790692 1.2536714541507969 4.0766389064824349 4.5500000000000007 1.7583073505145361 12.052679455700076 38.350000000000001 -1.2924149999999999 11.961893769833667 12.874225652599369 7.4500000000000011 9.3855000000000022
decision_type=8 2 2 2 2 10 2 2 10 2 2 2 10 10
left_child=1 2 8 4 -4 -5 -7 9 -1 -8 -11 -12 -13 -14
right_child=-2 -3 3 5 -6 6 7 -9 -10 10 11 12 13 -15
leaf_value=0.00021173581450759373 0.00028095983788362192 0.001022510084287999 -0.00023146858060673744 -0.00077462514751053713 -0.00073132295961238908 0.0018326373001687343 0.0013402951853446257 0.0049963998968013115 -0.00037241547223466578 0.00061598546385124191 -0.00035738391791784147 0.00027192274367699457 -0.003827804987251473 -3.6226516207276369e-05
leaf_weight=188.23348808288574 35 48 74 21 23 46 53 55 21 23 39 28 20 231
leaf_count=163 35 48 74 21 23 46 53 55 21 23 39 28 20 231
internal_value=0.000415089 0.0002309 1.35655e-05 -0.000545602 -0.00423469 0.000154739 0.000453629 -1.11109e-05 0.00164659 -0.000582278 -0.00115497 -0.00159875 -0.000910714 -0.00156746
internal_weight=905.233 870.233 822.233 613 97 516 495 449 209.233 394 341 318 279 251
internal_count=880 845 797 613 97 516 495 449 184 394 341 318 279 251
is_linear=0
shrinkage=0.05


Tree=317
num_leaves=15
num_cat=0
split_feature=0 1 3 0 0 0 1 13 13 5 4 14 3 8
split_gain=0.344676 0.580658 1.27425 0.348168 0.334224 0.310359 0.370605 0.297204 0.49466 0.350722 0.408566 0.486204 0.869015 0.805423
threshold=13.041378880533072 11.736380176763509 10.411838268477036 14.449487272817015 14.586376657530122 9.7611967763516159 10.35830946619498 3.9169617688349754 3.9835024085201316 10.062519152699059 7.5478401808103603 0.79340990612664786 8.8336059308142882 17.050000000000004
decision_type=2 2 2 2 2 2 2 8 10 2 2 2 2 10
left_child=1 5 -3 -2 -5 -1 -7 9 -9 10 11 -6 13 -13
right_child=3 2 -4 4 7 6 -8 8 -10 -11 -12 12 -14 -15
leaf_value=5.513983709509098e-05 0.00043734177314271299 -0.0009631319696442606 0.004269393938200877 -0.0002365481242069293 0.0030099192344960417 -0.0020702793023938846 0.0010525781593160686 -0.00020787624883158965 4.8489128474833136e-06 -0.00037214817734049655 0.00072221381217853903 -0.019873242875667076 0.00015456395832061853 -0.00018105821563303359
leaf_weight=29.046697616577148 194.04669761657715 31 24 30 72.093395233154297 21 42 34 115 27 134 20 85 25
leaf_count=24 189 31 24 30 62 21 42 34 115 27 134 20 85 25
internal_value=0.000413865 -0.0017884 -0.00580357 0.000855605 0.000203403 0.000647347 -0.00132812 0.000507641 -0.00136667 0.00127843 0.00172198 0.00029773 -0.00152672 -0.00706522
internal_weight=883.187 147.047 55 736.14 542.093 92.0467 63 512.093 149 363.093 336.093 202.093 130 45
internal_count=863 142 55 721 532 87 63 502 149 353 326 192 130 45
is_linear=0
shrinkage=0.05


Tree=318
num_leaves=15
num_cat=0
split_feature=4 1 13 13 13 1 2 1 5 8 14 1 8 8
split_gain=0.534467 0.693073 1.36987 0.626043 0.628296 1.17963 0.520762 0.396621 0.329768 0.642188 0.299927 0.347899 0.27977 0.492805
threshold=8.8191085750141376 15.713707227497345 3.8224521632363921 3.3845171494617481 3.5569021725796435 13.569070804978013 14.502773022519539 12.983839453513383 8.4353839539398141 11.950000000000001 0.040000831862220171 11.885105159201204 16.050000000000004 12.050000000000002
decision_type=2 2 8 10 10 2 2 2 2 10 2 2 10 10
left_child=3 7 6 -1 5 -5 -3 -2 -9 -10 -6 -12 13 -13
right_child=1 2 -4 4 10 -7 -8 8 9 -11 11 12 -14 -15
leaf_value=0.00020564903172803309 -0.00056532080400782995 -0.00088652034228150958 -0.0002123110701638467 -0.0019443776791315118 -2.5520253499873256e-05 0.00024978751877204725 0.013197012818136953 0.0017617391382687775 -0.00030892143242157086 0.00013321675438472122 0.00014516440171263658 5.4304345275527984e-06 2.6068606101286766e-05 -0.0049365308086050594
leaf_weight=310 27 23 31 23 31.046697616577148 20 23 126 20 22 39.046697616577148 72 81 27
leaf_count=310 27 23 31 23 26 20 23 126 20 22 34 72 81 27
internal_value=-0.000142146 -0.00197802 -0.00596154 0.000687753 -0.000967492 -0.00647727 -0.000425532 -0.000382653 0.000532545 -0.00325581 1.85995e-06 0.000660012 -0.000276243 -0.00205
internal_weight=875.093 272 77 603.093 293.093 43 46 195 168 42 250.093 219.047 180 99
internal_count=865 272 77 593 283 43 46 195 168 42 240 214 180 99
is_linear=0
shrinkage=0.05


Tree=319
num_leaves=15
num_cat=0
split_feature=2 9 2 13 13 9 2 3 14 14 13 13 4 14
split_gain=0.598214 0.73588 0.636225 0.624456 0.444938 0.404352 0.554712 0.291566 0.545736 0.350395 0.355299 0.27824 0.509891 0.240993
threshold=13.768835423802477 -0.92304025209086915 14.082274743444421 3.8456835505022191 3.0588254485455386 -0.99362489447423596 11.500050041309214 12.121197757918001 4.8215040091825498 0.019220404642418244 3.6087657616108557 3.4282904644093786 2.3410656135621104 0.0085013309832524236
decision_type=2 2 2 8 10 2 2 2 2 2 10 10 2 2
left_child=1 5 -2 4 -4 -1 -7 9 -9 13 11 -11 -13 -3
right_child=2 7 3 -5 -6 6 -8 8 -10 10 -12 12 -14 -15
leaf_value=0.0015100458899068117 -0.00033598750523928449 -2.3643458158702766e-06 -0.00032329131736470208 -0.00015434019669424343 0.013811666386388435 -7.5951429633918794e-06 -0.0034486688958231559 -0.00012932968425895418 0.00049049860253176766 0.00013991807314703216 0.00038544642160169448 -0.0013808145826741448 0.00011095792278892461 -0.00033718654892206552
leaf_weight=27 32 25.046697616577148 32 41 45 30 23 29 47 290 201.14009284973145 30 26 22
leaf_count=27 32 20 32 41 45 30 23 29 47 290 186 30 26 22
internal_value=0.000222966 0.00079998 -0.00264901 -0.00092437 0.00173077 -0.0037037 -0.0062037 0.0013423 -0.00155844 0.00171532 0.00207192 0.0010951 -0.00210526 -0.00238864
internal_weight=900.187 750.187 150 118 77 80 53 670.187 76 594.187 547.14 346 56 47.0467
internal_count=880 730 150 118 77 80 53 650 76 574 532 346 56 42
is_linear=0
shrinkage=0.05


Tree=320
num_leaves=15
num_cat=0
split_feature=4 15 1 2 3 4 0 0 5 8 8 4 7 8
split_gain=1.00731 0.571549 1.27839 0.558566 0.499964 0.476241 0.416573 0.505669 0.538608 0.395535 1.25589 0.551417 0.403306 0.255892
threshold=8.914189077297701 -1.0778199999999998 15.16503137307504 12.398946732015828 11.16144620573994 4.2403942547612195 16.842075314933073 15.177001665629254 4.1742689126930488 36.850000000000009 42.150000000000006 2.0471722811110507 6.8500000000000005 24.100000000000005
decision_type=2 2 2 2 2 2 2 2 2 10 10 2 2 10
left_child=5 2 -2 4 -3 9 7 8 -5 11 -11 12 13 -1
right_child=1 3 -4 6 -6 -7 -8 -9 -10 10 -12 -13 -14 -15
leaf_value=0.00017836596624369694 -6.3033312184728878e-05 -0.0002609492719681565 -0.00065221005384749836 0.0082666815963692158 -0.0018743217139686318 0.00018546127813954237 -0.00013327092077950833 0.00069169621706361144 -0.0026721013091936968 -0.000240430408210372 5.1015606782115268e-05 -0.00018549800929263196 -0.00049411026975166997 0.0002185002147198999
leaf_weight=257.23348808288574 39 26 35 24 25 185 23 71 23 26 46 20 25 73
leaf_count=232 39 26 35 24 25 185 23 71 23 26 46 20 25 73
internal_value=-0.000121028 -0.00269663 -0.0064 -0.00124352 -0.00567308 0.000965154 0.000387324 0.00159664 -0.00239583 8.0689e-05 -0.00328767 0.000734032 0.00119632 0.00166398
internal_weight=898.233 266 74 192 51 632.233 141 118 47 447.233 72 375.233 355.233 330.233
internal_count=873 266 74 192 51 607 141 118 47 422 72 350 330 305
is_linear=0
shrinkage=0.05


Tree=321
num_leaves=15
num_cat=0
split_feature=2 13 14 13 3 16 3 3 3 13 10 2 0 7
split_gain=0.640069 1.33964 0.322884 0.572155 0.33228 0.412811 0.844307 0.725727 0.578249 0.415536 0.34146 0.319212 0.266078 0.626519
threshold=14.272921195158647 3.8456835505022191 0.016972120384571798 3.2755723530519245 10.653794111857932 1.0000000180025095e-35 12.121197757918001 12.691469342671947 11.416728335612353 3.788317152097517 0.49240481012316867 14.860683605382958 13.041378880533072 6.0100000000000007
decision_type=2 8 2 10 2 2 2 2 2 8 2 2 2 2
left_child=2 11 3 -1 12 6 9 -8 10 -6 -7 -2 13 -4
right_child=1 -3 4 -5 5 8 7 -9 -10 -11 -12 -13 -14 -15
leaf_value=0.00019097201509984214 -0.00083532483433603399 -0.00023067860803403632 -0.0012429350273214439 -0.00035352352708548416 0.00085252528030373186 -0.0012937845755160101 -0.0004191284641840226 -9.375850697144534e-05 0.0001333390550316519 -0.00013340905740925524 -0.00015124888592846358 0.019815958774380103 0.00018788877763284298 7.6045085407262162e-05
leaf_weight=24 22 32 38.046697616577148 32.046697616577148 32 39 23 23 136 22 23 37 375.04669761657715 38
leaf_count=24 22 32 33 27 32 39 23 23 136 22 23 37 370 38
internal_value=0.000201419 -0.00375 0.000652121 -0.00297592 0.000927174 -0.000367893 -0.0029703 -0.00787234 0.000954774 0.00127273 -0.00301587 0.00075 0.00178164 -0.000905509
internal_weight=896.14 91 805.14 56.0467 749.093 298 100 46 198 54 62 59 451.093 76.0467
internal_count=881 91 790 51 739 298 100 46 198 54 62 59 441 71
is_linear=0
shrinkage=0.05


Tree=322
num_leaves=15
num_cat=0
split_feature=8 8 13 1 10 3 3 1 1 7 1 10 10 3
split_gain=0.687327 1.62175 0.382353 0.400817 1.06317 0.354786 0.449241 0.641485 0.497803 0.323764 0.321735 0.331667 0.640283 0.261031
threshold=22.050000000000004 24.250000000000004 4.2517113222717953 14.736831470662546 0.49240481012316867 9.6705788083499247 11.178132250829304 13.593022859930125 14.412485773512589 7.0500000000000007 13.172757907852709 0.25881904510252057 -0.71476258798096814 8.0743318262623713
decision_type=10 10 8 2 2 2 2 2 2 2 2 2 2 2
left_child=5 -2 3 10 -5 13 7 -7 -9 -8 11 12 -3 -1
right_child=1 2 -4 4 -6 6 9 8 -10 -11 -12 -13 -14 -15
leaf_value=0.00010604401435196179 -0.00038100617074991933 6.9891171531769622e-05 -3.0672661580549005e-05 4.9746476671665309e-06 -0.0008841997488549969 2.6866580761411665e-06 0.00021087410725573207 -0.0011213993820962107 -0.00013579232505104083 -0.00059736839319436295 0.0025545401475769881 3.4685083669590073e-05 -0.0023145569669223947 0.0010708585821611767
leaf_weight=201.14009284973145 35 23 33 45 24 49 129 24 47 31 83 31 25 96
leaf_count=186 35 23 33 45 24 49 129 24 47 31 83 31 25 96
internal_value=9.20043e-05 -0.00185 -0.000490566 0.000237069 -0.00292857 0.00109956 -0.000177936 -0.00247934 -0.00548611 0.0015528 0.00159509 -0.0006875 -0.00326531 0.00229993
internal_weight=876.14 299 264 231 69 577.14 280 120 71 160 162 79 48 297.14
internal_count=861 299 264 231 69 562 280 120 71 160 162 79 48 282
is_linear=0
shrinkage=0.05


Tree=323
num_leaves=15
num_cat=0
split_feature=14 14 1 15 8 0 2 14 0 7 4 4 0 16
split_gain=0.646391 0.871387 0.442574 0.423122 0.428083 0.350577 0.480707 0.309518 0.320134 0.280032 0.454472 0.685983 0.310173 0.218687
threshold=4.2009344006411995 4.4904492360372918 15.430374933573537 -0.94165999999999983 16.950000000000003 15.909960693352009 13.303708650551073 0.019220404642418244 12.754631328093431 6.1500000000000012 2.0471722811110507 5.1104703916605407 15.450586597540411 0.10701500000000001
decision_type=2 2 2 2 10 2 2 2 2 2 2 2 2 2
left_child=5 -2 -3 -4 -5 6 7 8 -1 10 12 -12 -9 -13
right_child=1 2 3 4 -6 -7 -8 9 -10 -11 11 13 -14 -15
leaf_value=5.0877300354407667e-05 -0.00021479092129001771 0.00027428244392578604 -0.0007441822514914206 0.00018681098688920993 -0.00011932840278673683 0.00084948885648285493 -0.0011251561536422406 0.001829513280210621 -0.00027527689918607572 0.00019069874858193903 -0.00015231748447078392 -0.00074653234347663152 -8.0262396978404601e-05 0.00017308861588903352
leaf_weight=26.046697616577148 26 118 31 33 37 129 36 175.14009284973145 20 141 30 25 25 47
leaf_count=21 26 118 31 33 37 129 36 160 20 141 30 25 25 47
internal_value=0.000662012 -0.00152439 -0.000477273 -0.00289216 -0.000704225 0.00148192 0.000904496 0.00131773 -0.00254569 0.00172401 0.00086 -0.00184466 0.00224073 0.000821918
internal_weight=899.187 245 219 101 70 654.187 525.187 489.187 46.0467 443.14 302.14 102 200.14 72
internal_count=879 245 219 101 70 634 505 469 41 428 287 102 185 72
is_linear=0
shrinkage=0.05


Tree=324
num_leaves=15
num_cat=0
split_feature=7 15 14 0 4 8 9 14 14 8 8 14 7 1
split_gain=0.356304 0.338981 0.775452 0.585369 0.584511 0.536726 0.426083 0.566647 1.44012 0.543742 0.424607 0.362794 0.927187 0.495051
threshold=7.8500000000000005 -0.79966499999999996 0.49302220331869934 15.85142948336115 5.4467280820437471 11.850000000000003 0.25881904510252091 3.3267100604603139 4.8215040091825498 19.200000000000006 32.550000000000004 0.11421325523412328 5.2500000000000009 12.147605239729323
decision_type=2 2 2 2 2 10 2 2 2 10 10 2 2 2
left_child=1 2 -1 -4 -5 -6 7 -3 9 -9 11 -8 -13 -14
right_child=-2 6 3 4 5 -7 10 8 -10 -11 -12 12 13 -15
leaf_value=-0.00034498913870797298 -0.00057450981573363348 0.00032557143577402529 4.6790628833846327e-05 0.00030859419393404778 -3.0403520423629409e-05 -0.00075533199577630238 7.6979514180154911e-05 -0.00031156176847275279 0.0030142818983443405 -0.0026660856464296146 -0.00014368238956789477 -0.014833871219502354 -0.0091685310401045227 0.00017983588667267792
leaf_weight=39 22 216 165.0933952331543 41 25 31 35.093395233154297 21 59 21 38 23 22 142
leaf_count=39 22 216 155 41 25 31 25 21 59 21 38 23 22 142
internal_value=5.65189e-05 0.000217171 -0.00114048 -0.000150262 -0.00321429 -0.00649123 0.000926264 0.00215409 -0.000931372 -0.00790698 -0.000572718 0.000271039 -0.000611702 0.000727273
internal_weight=900.187 878.187 301.093 262.093 97 56 577.093 317 101 42 260.093 222.093 187 164
internal_count=880 858 291 252 97 56 567 317 101 42 250 212 187 164
is_linear=0
shrinkage=0.05


Tree=325
num_leaves=15
num_cat=0
split_feature=1 15 7 7 8 0 2 9 8 14 1 0 1 7
split_gain=0.806204 0.742586 0.693121 0.649565 0.328915 0.432647 0.373658 0.357263 0.56644 0.606334 0.561258 0.62628 0.387681 0.398203
threshold=14.902492572906766 0.66927500000000018 7.0500000000000007 7.4500000000000011 6.4150000000000009 14.759568215742057 11.242196422425282 -0.5 30.650000000000002 0.63090527065408697 13.341274780779612 14.361263411723543 11.690786364590535 6.7500000000000009
decision_type=2 2 2 2 8 2 2 2 10 2 2 2 2 2
left_child=4 2 -2 -4 6 7 -1 8 9 -6 12 -12 13 -9
right_child=1 -3 3 -5 5 -7 -8 10 -10 -11 11 -13 -14 -15
leaf_value=0.00012588792384220384 2.6074003970237548e-05 -0.00034297990029258786 -0.00069728073763197177 -5.1712889352599569e-05 -0.0011828774915839443 0.00020102840430063037 -0.00088772223583739168 6.8650997400378273e-05 8.2960506488199788e-05 -0.00046972239768249859 0.00025139367756572112 -0.00037388603176918399 0.0006615545779304643 -0.00030773316805548237
leaf_weight=38 136 31 23 33 25 255 25 62.140092849731445 20 36 38 38 101.04669761657715 25
leaf_count=38 136 31 23 33 25 255 25 47 20 36 38 38 96 25
internal_value=0.000429373 -0.00216518 -0.000984456 -0.00561403 0.00130375 0.00166493 -0.00210937 0.000508205 -0.00237805 -0.00475806 0.00139876 -0.00220779 0.00285926 0.000405042
internal_weight=886.187 223 192 56 663.187 600.187 63 345.187 81 61 264.187 76 188.187 87.1401
internal_count=866 223 192 56 643 580 63 325 81 61 244 76 168 72
is_linear=0
shrinkage=0.05


Tree=326
num_leaves=15
num_cat=0
split_feature=13 1 13 10 10 1 4 14 8 8 13 13 16 10
split_gain=0.248549 0.442105 0.231383 0.240499 0.629957 0.365593 0.396602 0.938528 0.305053 0.207362 0.203006 0.403778 0.616695 0.395516
threshold=2.2184172532748758 15.807939224393884 2.4859113331897214 -0.79731875629095728 -0.65768990033922992 15.399805717441067 11.272979659264918 4.2228882351687469 11.950000000000001 13.950000000000001 3.7837355977586644 4.4342790675222163 0.10701500000000001 0.370557437509836
decision_type=10 2 10 2 2 2 2 2 10 10 10 10 2 2
left_child=1 -1 -2 9 8 10 7 -7 -5 -4 -6 12 13 -12
right_child=2 -3 3 4 5 6 -8 -9 -10 -11 11 -13 -14 -15
leaf_value=-0.0015578597661870652 0.002874191743697603 1.477806301825673e-05 0.0013478513114814014 -0.0013124775595816781 0.00015378306178240181 0.00060013494916282722 4.5796796576133078e-05 -0.00098645234606014264 -0.00030149854795263458 6.2356116187269574e-05 -0.00031369840394028568 0.0015164784457483461 0.0018081578390777252 -5.110156151979269e-05
leaf_weight=31 40 24 63 21 307.0933952331543 21 34 23 45 109 33 47.046697616577148 35.046697616577148 28
leaf_count=31 40 24 63 21 297 21 34 23 45 109 33 42 30 28
internal_value=0.000992748 -0.00223214 0.00121525 0.00101792 0.000539216 0.00111668 -0.00202532 -0.00511111 -0.00402985 0.00265896 0.00166435 0.00010734 -0.00174933 -0.00475806
internal_weight=861.187 55 806.187 766.187 594.187 528.187 78 44 66 172 450.187 143.093 96.0467 61
internal_count=841 55 786 746 574 508 78 44 66 172 430 133 91 61
is_linear=0
shrinkage=0.05


Tree=327
num_leaves=15
num_cat=0
split_feature=8 10 15 0 4 4 13 7 14 0 8 8 15 13
split_gain=0.418921 0.36695 0.404786 0.581259 0.262215 0.412841 0.452275 0.64831 0.31835 0.31314 0.290621 0.273461 0.25138 0.22619
threshold=36.850000000000009 -0.50376918148035232 -0.92700999999999989 14.567778328442321 8.8191085750141376 11.584887395404762 3.0173076496044242 6.2500000000000009 0.019220404642418244 12.657179985727591 22.900000000000002 6.6500000000000012 -1.0778199999999998 2.6751386027824413
decision_type=10 2 2 2 2 2 10 2 2 2 10 10 2 10
left_child=4 -2 -3 -4 8 6 7 -6 9 -1 -8 -10 -7 -9
right_child=1 2 3 -5 5 12 10 13 11 -11 -12 -13 -14 -15
leaf_value=0.0001185496613188635 8.0656489664235261e-05 -0.00074801583480249795 0.00081119713041956614 -9.0003094142342344e-05 -0.00080844922530371583 -4.1179605639636186e-05 0.00012550974236496572 0.00071064254311049445 -4.792964881261432e-05 -0.00024818564340318327 -0.00031869112423568388 0.00023854840444597397 0.01786965122241967 -0.00068494729451865869
leaf_weight=20 39 25 24 40 20 24 73 21 61 22 21 440.18679046630859 53 20
leaf_count=20 39 25 24 40 20 24 73 21 61 22 21 420 53 20
internal_value=0.00101299 -0.00162791 -0.00338889 -0.00123077 0.0014506 4.29186e-05 -0.00144231 -0.00475806 0.00205065 -0.00209302 0.000736842 0.00240137 0.00301282 -0.00107143
internal_weight=903.187 128 89 64 775.187 232 155 61 543.187 42 94 501.187 77 41
internal_count=883 128 89 64 755 232 155 61 523 42 94 481 77 41
is_linear=0
shrinkage=0.05


Tree=328
num_leaves=15
num_cat=0
split_feature=14 2 9 4 2 13 9 2 2 4 14 5 9 0
split_gain=0.414683 0.524939 0.620943 0.611634 1.03821 0.455516 0.644738 0.398712 0.936904 0.364087 0.335659 0.261043 0.257965 0.306909
threshold=0.019220404642418244 12.837262418420501 -0.25881904510252113 5.6076234636338862 13.573072649651293 4.3167983667369354 1.0000000180025095e-35 13.552403731067981 13.945621774186813 11.171012820809688 0.009739110096681906 8.4353839539398141 0.25881904510252091 15.523471602466001
decision_type=2 2 2 2 2 10 2 2 2 2 2 2 2 2
left_child=10 5 -3 4 -4 11 -7 -5 -9 -10 -1 12 -2 -14
right_child=1 2 3 7 -6 6 -8 8 9 -11 -12 -13 13 -15
leaf_value=-4.5651835434599173e-05 0.00023855494062939304 4.163216567220501e-05 -0.013461054104389348 0.018156992995297539 -0.00016172877386587232 -0.0010893530687440943 8.4271417806486965e-05 -0.00092050450427082523 -0.0015393725020543978 8.267032014254986e-05 -0.00022066168247392981 -0.0022517948676882707 0.00018145685977992592 -0.00025301376249460783
leaf_weight=29 250 103 25 25 33 26 35.046697616577148 21 21 40 22 26 169.0933952331543 58
leaf_count=29 250 103 25 25 33 26 30 21 21 40 22 26 159 58
internal_value=0.000583279 0.000853039 -0.000966543 -0.00286145 -0.00694915 0.00171763 -0.00233319 -0.000601852 -0.00228916 0.000887097 -0.00375 0.00221282 0.00247957 0.00125154
internal_weight=883.14 832.14 268 165 58 564.14 61.0467 107 82 61 51 503.093 477.093 227.093
internal_count=868 817 268 165 58 549 56 107 82 61 51 493 467 217
is_linear=0
shrinkage=0.05


Tree=329
num_leaves=15
num_cat=0
split_feature=3 1 0 10 0 15 1 1 2 1 2 2 7 1
split_gain=0.294691 0.472164 0.666599 0.492044 0.453733 0.569995 0.306231 0.337136 0.236841 0.249756 0.225778 0.620831 0.366218 0.543128
threshold=2.3410656135621104 15.399805717441067 15.2679050273697 0.85713466239780911 15.969416438817396 -0.79966499999999996 11.935027999688264 13.142263099100431 14.272921195158647 16.017040107338925 12.598350357459102 11.210599421575576 5.5500000000000007 14.412485773512589
decision_type=2 2 2 2 2 2 2 2 2 2 2 2 2 2
left_child=4 10 -3 8 5 -1 -7 -8 -4 -10 11 -2 -13 -14
right_child=1 2 3 -5 -6 6 7 -9 9 -11 -12 12 13 -15
leaf_value=-0.0010346214311556339 0.00022500705833999724 -0.0011339291396434846 0.0020947229295353504 -0.00097795755367105974 0.0039370496277807308 -0.00023007820454503563 0.0013116327276605718 -0.0005248395298744047 -0.00046928594186345252 3.6561587851847872e-05 0.00066097701412812021 0.00010959902960052974 -0.00031473211448398958 0.0024833695723733198
leaf_weight=36 198 26 58 22 29 40 39.046697616577148 37 20 23 159 41 112 48
leaf_count=36 198 26 58 22 29 40 34 37 20 23 159 41 112 48
internal_value=0.00100134 0.00146186 -0.00103333 0.000524194 -0.000795216 -0.00189332 -0.000168877 0.00169032 0.0020098 -0.000795454 0.0021288 0.0014875 -0.000470297 -0.00155279
internal_weight=888.047 707 149 123 181.047 152.047 116.047 76.0467 101 43 558 399 201 160
internal_count=883 707 149 123 176 147 111 71 101 43 558 399 201 160
is_linear=0
shrinkage=0.05


Tree=330
num_leaves=15
num_cat=0
split_feature=3 3 13 7 14 1 7 8 8 0 0 9 9 9
split_gain=0.300624 1.93052 0.500084 0.51216 0.288527 0.892904 0.445357 0.531557 0.35559 0.415777 0.493516 0.454518 0.420027 0.480031
threshold=12.306661339495072 12.61951912582485 3.0186624058275657 7.0500000000000007 0.019220404642418244 10.703837262803583 6.2500000000000009 39.20000000000001 23.900000000000002 13.556564215335296 15.450586597540411 0.44032991850403941 -0.63101285980617694 0.25881904510252091
decision_type=2 2 8 2 2 2 2 10 10 2 2 2 2 2
left_child=4 -2 3 -3 5 -1 7 8 9 11 -11 -6 -12 -14
right_child=1 2 -4 -5 6 -7 -8 -9 -10 10 12 -13 13 -15
leaf_value=4.0086998989385384e-05 -0.00084789291917875063 0.0073211804243499537 0.00014933110209161416 -0.00092905967598750174 -0.0052854788387858122 -0.00015634125897457778 0.00021537678241970908 -0.00022954208433002677 9.6866836314473163e-05 0.00050597763395856296 -0.001051791168976364 5.5911431966172278e-05 0.00019196511267874854 -0.00020644348783885048
leaf_weight=32.046697616577148 27 30 96 22 20 24 240 20 70 161.0933952331543 24 23 33 59
leaf_count=27 27 30 96 22 20 24 240 20 70 151 24 23 33 59
internal_value=0.000856667 -0.000994318 0.00127517 -0.00264151 0.00131615 -0.00209945 0.00161339 0.00060927 0.00102397 0.00031289 0.00102651 -0.00420455 -0.00145299 0.000107527
internal_weight=881.14 175 148 52 706.14 56.0467 650.093 410.093 390.093 320.093 277.093 43 116 92
internal_count=866 175 148 52 691 51 640 400 380 310 267 43 116 92
is_linear=0
shrinkage=0.05


Tree=331
num_leaves=15
num_cat=0
split_feature=2 15 4 4 8 13 2 7 8 13 7 8 8 9
split_gain=0.309566 0.731285 0.39885 0.719513 0.472292 0.519744 0.394128 0.630437 0.368735 0.272195 0.261139 0.664745 0.418663 0.335582
threshold=5.3217531957214383 -0.065509999999999985 8.914189077297701 9.3526815182801162 17.750000000000004 3.6612753964181159 14.562065503475532 7.0500000000000007 5.6150000000000011 2.6183073868508173 5.8500000000000005 37.350000000000001 17.450000000000003 -0.79068204694897848
decision_type=2 2 2 2 10 8 2 2 10 10 2 10 10 2
left_child=1 -1 8 -4 9 6 7 -6 -2 -5 11 12 13 -10
right_child=2 -3 3 4 5 -7 -8 -9 10 -11 -12 -13 -14 -15
leaf_value=-0.0003437662382546047 -0.00065934620738123263 0.00017567979153469639 -0.00028467882072603955 -0.0011928963403743968 -0.00045337929212162882 2.3427970966285026e-05 0.0069551215090133114 -0.0046147471376403156 -0.00065446636978664817 0.00033265428038826782 0.00020153042832365996 -0.00026709705475843086 0.00042173388154078789 0.0002709867512726575
leaf_weight=25 40 37.046697616577148 21 20 39 35 20 27 26 97 259 20 86 148.18679046630859
leaf_count=25 40 32 21 20 39 35 20 27 26 97 259 20 86 128
internal_value=0.00116637 -0.00221687 0.00141915 -0.000211538 0.000585774 -0.00159836 -0.00367816 -0.00552239 0.00214747 0.00283898 0.00249161 0.00142586 0.00210935 0.000690314
internal_weight=900.233 62.0467 838.187 259 238 121 86 66 579.187 117 539.187 280.187 260.187 174.187
internal_count=875 57 818 259 238 121 86 66 559 117 519 260 240 154
is_linear=0
shrinkage=0.05


Tree=332
num_leaves=15
num_cat=0
split_feature=8 8 10 1 1 13 15 8 1 1 1 13 9 1
split_gain=0.629526 0.585513 0.258916 0.263451 0.439974 0.245151 0.472531 0.709424 0.602565 0.283802 0.277883 0.212666 0.21355 0.31023
threshold=4.4200000000000008 12.050000000000002 -0.71476258798096814 15.919905683545876 15.430374933573537 3.1728514828858168 0.011770000000000001 30.650000000000002 14.070538460099918 13.782891989976227 11.961893769833667 4.0760256726792292 0.25671049665402418 13.142263099100431
decision_type=8 10 2 2 2 10 2 10 2 2 2 10 2 2
left_child=-1 -2 -3 4 5 6 7 8 -4 -8 -7 12 -12 -14
right_child=1 2 3 -5 -6 10 9 -9 -10 -11 11 -13 13 -15
leaf_value=-0.00073405645759496482 0.00026044739808927787 4.1621264560182186e-05 -0.00022270252123582644 0.00193802959008753 -0.00045917518730889006 -9.8713915692681485e-05 -0.00027957943838059166 7.0487334321306619e-05 -0.0027611807062294805 0.0037147681948611084 0.001065510188389274 -0.00058406853235116877 0.00019683892034674645 -0.00012209026646329619
leaf_weight=33 296.04669761657715 151 27 41 31 39 29 32 24 33 64 29 30.093395233154297 45
leaf_count=33 291 151 27 41 31 39 29 32 24 33 64 29 20 45
internal_value=0.00123815 0.00149712 0.000564955 -6.9474e-05 -0.000480438 2.96438e-05 -0.0015411 -0.00398809 -0.00759615 0.00174603 0.00113154 0.00201348 0.00282288 0.000991768
internal_weight=904.14 871.14 575.093 424.093 383.093 352.093 145 83 51 62 207.093 168.093 139.093 75.0934
internal_count=889 856 565 414 373 342 145 83 51 62 197 158 129 65
is_linear=0
shrinkage=0.05


Tree=333
num_leaves=15
num_cat=0
split_feature=4 13 13 1 4 13 7 9 0 3 10 7 8 9
split_gain=0.40662 0.659258 0.849752 0.814114 0.213514 0.233419 0.434663 0.589777 0.611731 0.551479 0.222214 0.219264 0.18762 0.663521
threshold=10.569976263465795 3.0186624058275657 3.9169617688349754 14.736831470662546 4.2403942547612195 3.5815589191851385 5.3500000000000005 0.90444653569325539 15.218706338511653 9.4318625372369898 -0.62758608479379874 6.0100000000000007 36.850000000000009 0.25671049665402418
decision_type=2 8 10 2 2 8 2 2 2 2 2 2 10 2
left_child=4 3 -3 -2 5 6 10 8 9 -8 -1 -10 -7 -14
right_child=1 2 -4 -5 -6 12 7 -9 11 -11 -12 -13 13 -15
leaf_value=-0.00046529354071101603 0.00011660171878675951 0.001761168031502988 -9.2305523278361266e-05 -0.0010236221148019814 0.00019924642526955276 0.00013905801459088236 -0.0034127327115259622 0.0048476681350748362 -0.00015963410693749556 -4.9312990337487247e-05 0.00050870081012705382 0.0014605227280580961 0.00026273690042566953 -0.00019860561228483213
leaf_weight=35 20 75 34 32 291 181.14009284973145 39 26.046697616577148 20 26 67 21 25 20
leaf_count=35 20 75 34 32 291 166 39 21 20 26 67 21 25 20
internal_value=0.00138081 -0.000895062 0.00131818 -0.0054717 0.00186913 0.0011946 8.6083e-05 -0.00180212 -0.00345794 -0.00643939 0.00252427 0.00130952 0.00233645 -0.000543478
internal_weight=912.187 161 109 52 751.187 460.187 234.047 132.047 106 65 102 41 226.14 45
internal_count=892 161 109 52 731 440 229 127 106 65 102 41 211 45
is_linear=0
shrinkage=0.05


Tree=334
num_leaves=15
num_cat=0
split_feature=1 13 14 1 14 13 2 2 9 7 8 15 2 14
split_gain=0.52131 0.65181 0.869882 0.895337 0.382585 0.554303 0.220654 0.590153 0.656453 0.338889 0.234673 0.285398 0.282326 0.214864
threshold=15.399805717441067 3.4886076254492751 4.612811713112591 15.966199698151046 0.016972120384571798 3.2755723530519245 11.210599421575576 11.952697406766363 -0.55738156824517537 5.5500000000000007 13.950000000000001 0.17533000000000001 11.68630536949332 0.40661190182880841
decision_type=2 10 2 2 2 10 2 2 2 2 10 2 2 2
left_child=4 2 -2 -4 5 -1 9 8 -8 13 11 -10 -12 -6
right_child=1 -3 3 -5 6 -7 7 -9 10 -11 12 -13 -14 -15
leaf_value=8.8012141878537222e-05 0.00095527266586024309 1.4107531278351708e-05 -0.00043242426456893137 -0.00091880746279852205 -0.00016759549833554469 -0.00016981534877456543 -0.001783113379520689 0.00010035553581194597 6.5836129404713207e-05 0.00033698272060529808 0.0054235522225614605 -0.0011661206832378397 -3.2195354450550202e-05 0.00014498177084864525
leaf_weight=23 24 62 20 35 74.046697616577148 27 35 253 26 165 37.046697616577148 21 20 37
leaf_count=23 24 62 20 35 69 27 35 253 26 165 32 21 20 37
internal_value=0.000692328 -0.00207746 -0.0050625 -0.00848214 0.00123832 -0.00294118 0.00155504 0.000789305 -0.00181915 0.00263578 0.000192614 -0.00239583 0.00232974 0.000492951
internal_weight=859.093 141 79 55 718.093 50 668.093 392.047 139.047 276.047 104.047 47 57.0467 111.047
internal_count=849 141 79 55 708 50 658 387 134 271 99 47 52 106
is_linear=0
shrinkage=0.05


Tree=335
num_leaves=15
num_cat=0
split_feature=1 1 3 3 5 3 10 2 10 15 7 2 0 7
split_gain=0.536314 0.572451 0.500115 0.436171 0.542483 0.520927 0.301405 0.338627 0.740738 0.299139 0.198854 0.246731 0.631935 0.286785
threshold=15.399805717441067 15.480937453224145 10.230763228598898 12.61951912582485 6.4276013140866484 13.914185950458013 0.79599442516926411 5.6139948090932377 -0.38469719700095517 1.2809800000000002 7.3500000000000005 11.210599421575576 13.556564215335296 5.5500000000000007
decision_type=2 2 2 2 2 2 2 2 2 2 2 2 2 2
left_child=6 -2 -3 4 -4 -5 7 8 -1 10 11 13 -13 -9
right_child=1 2 3 5 -6 -7 -8 9 -10 -11 -12 12 -14 -15
leaf_value=3.9448793394691863e-05 -0.0010208500363541291 0.0096359344991821701 -7.1668034886803481e-05 0.015793744540856702 -0.00047229861683028245 -0.00099923731777624199 0.00013175044489970573 -7.3318123846063835e-05 -0.00034810691748336727 0.00019260515656934401 0.00012369483037117076 -0.00029577453574549886 9.9908053658656423e-06 0.00046605208607112441
leaf_weight=25 20 31 20 32 25 33 152 60 24 70.093395233154297 46 33 228.04669761657715 103
leaf_count=25 20 31 20 32 25 33 152 60 24 60 46 33 223 103
internal_value=0.000786922 -0.00182099 -0.000669014 -0.00225225 -0.00597826 0.000378788 0.00135514 0.000839971 -0.0031 0.00120246 0.000743522 0.000400506 -0.000552445 0.00192073
internal_weight=902.14 161 141 110 45 65 741.14 589.14 49 540.14 470.047 424.047 261.047 163
internal_count=887 161 141 110 45 65 726 574 49 525 465 419 256 163
is_linear=0
shrinkage=0.05


Tree=336
num_leaves=15
num_cat=0
split_feature=1 1 10 7 7 1 3 8 7 13 13 0 0 2
split_gain=0.446472 1.24457 0.376179 0.382903 0.317126 0.340257 0.297309 0.342528 0.836267 0.27923 0.291307 0.257206 0.373398 0.223631
threshold=15.713707227497345 15.858763149343476 1.0000000180025095e-35 6.3500000000000005 5.6500000000000012 9.8805729048818609 10.910499800829337 19.200000000000006 5.3500000000000005 2.6828860749957557 2.4859113331897214 13.61782393874296 15.450586597540411 9.3903459918807766
decision_type=2 2 2 2 2 2 2 10 2 8 10 2 2 2
left_child=4 -2 3 -3 6 -6 7 11 13 10 -7 -1 -13 -9
right_child=1 2 -4 -5 5 9 -8 8 -10 -11 -12 12 -14 -15
leaf_value=-0.0030040011030002477 -0.00060632757951496708 0.0016383509518229427 0.007431942974651321 -0.0023729849590236498 -4.3123898716894334e-05 0.010191898787136021 5.5128115083314987e-05 -0.00019194937263353456 -0.00025854232538873067 0.00013628189586770752 -0.00053229511748103977 0.00037027780176672118 -0.00065213371140269809 0.00025035309429394091
leaf_weight=36 22 20 43 25 30 22 40 23 24 435.0933952331543 24 75.046697616577148 41 27
leaf_count=36 22 20 43 25 30 22 40 23 24 425 24 70 41 27
internal_value=0.000715766 -0.00225225 0.000449438 -0.00271739 0.00113823 0.00186581 -0.000261252 -0.000967935 -0.00373333 0.00218934 -0.00148936 0.000393563 0.00153984 1.82612e-10
internal_weight=887.14 110 88 45 777.14 511.093 266.047 226.047 74 481.093 46 152.047 116.047 50
internal_count=872 110 88 45 762 501 261 221 74 471 46 147 111 50
is_linear=0
shrinkage=0.05


Tree=337
num_leaves=15
num_cat=0
split_feature=1 14 4 8 2 0 5 0 4 13 1 1 15 0
split_gain=1.23476 0.779594 1.39205 0.773055 0.339712 0.297396 0.500116 0.454304 0.404898 0.283379 0.279462 0.229572 0.342398 0.253202
threshold=15.399805717441067 5.7717584552583672 12.433995885114134 9.943500000000002 13.303708650551073 13.482969395611937 1.0000000180025095e-35 11.81295623839134 2.3410656135621104 3.2785555263786179 9.8805729048818609 13.512443201419904 0.70259000000000016 14.464267589552852
decision_type=2 2 2 10 2 2 2 2 2 10 2 2 2 2
left_child=5 3 -3 -2 -5 6 7 10 9 -9 -1 -7 13 -13
right_child=1 2 -4 4 -6 11 -8 8 -10 -11 -12 12 -14 -15
leaf_value=-0.00010240269980887717 -0.0008210354459788062 -0.0013984100721242099 -0.0003084980684745408 -0.00023812743147678717 8.8489231382680281e-05 0.00020887019891537196 0.0023645602461109835 0.0014957674373849606 -0.0018726616211414554 -0.00051557398294464155 0.00017644009507227946 -0.00025166525170803016 -0.00014046180199987429 2.7940127771722415e-05
leaf_weight=28.046697616577148 21 35 30 27 39 233.0933952331543 32 29 23 34 29 41 33 246
leaf_count=23 21 35 30 27 39 223 32 29 23 34 29 41 33 246
internal_value=0.000227774 -0.00385621 -0.00795455 -0.000738636 0.0019403 0.00108443 -0.000708712 -0.0019769 -0.00425287 -0.00210937 0.00146836 0.00165219 0.000778816 0.00133681
internal_weight=880.14 152 65 87 66 728.14 175.047 143.047 86 63 57.0467 553.093 320 287
internal_count=865 152 65 87 66 713 170 138 86 63 52 543 320 287
is_linear=0
shrinkage=0.05


Tree=338
num_leaves=15
num_cat=0
split_feature=7 1 1 1 1 15 7 1 2 2 0 0 1 8
split_gain=0.574101 0.338371 0.374422 0.606128 0.386199 0.462382 0.277994 0.450083 0.211524 0.563163 0.189439 0.237393 0.164984 0.161495
threshold=7.8500000000000005 15.399805717441067 16.576139553674182 16.34641728054773 16.017040107338925 -0.44686499999999996 4.7500000000000009 12.583208469475984 13.834247214086712 14.110151325033904 15.048160610447411 14.690149592381074 13.569070804978013 28.350000000000005
decision_type=2 2 2 2 2 2 2 2 2 2 2 2 2 10
left_child=1 6 3 4 5 -3 7 -1 10 -10 11 13 -13 -8
right_child=-2 2 -4 -5 -6 -7 8 -9 9 -11 -12 12 -14 -15
leaf_value=-0.0013024889882423973 -0.00051274845546669424 5.5838753953035512e-05 0.016899963701411558 -0.0015031382623280926 0.0017162148126573099 -0.00044676107013180396 0.00015580339441053105 0.00075895363007808555 -0.00032396257459597357 0.026720717959617359 0.00025853685692971975 -9.6972001898768001e-05 3.4934925377578534e-05 9.0851952838627537e-06
leaf_weight=20 21 41 25 20 27 29 237.14009284973145 24 20 32 231 37.046697616577148 32 77
leaf_count=20 21 41 25 20 27 29 222 24 20 32 231 32 32 77
internal_value=0.00139093 0.00159512 -0.00062937 -0.00182203 -0.000153061 -0.00211268 0.00204016 -0.00177778 0.00229461 -0.000754717 0.00255359 0.0018635 -0.000781857 0.00244558
internal_weight=873.187 852.187 142 117 97 70 710.187 44 666.187 52 614.187 383.187 69.0467 314.14
internal_count=853 832 142 117 97 70 690 44 646 52 594 363 64 299
is_linear=0
shrinkage=0.05


Tree=339
num_leaves=15
num_cat=0
split_feature=14 3 1 5 5 8 4 2 15 15 3 10 3 10
split_gain=0.767983 0.699696 0.9937 1.27451 0.381142 0.211665 0.415978 0.521233 0.215705 0.445792 0.26664 0.263203 0.257147 0.421824
threshold=5.8477426530917844 14.188158212065703 15.430374933573537 10.209335960008348 8.3166628455135054 6.6500000000000012 7.0246486346884831 10.833261548174768 0.29282500000000006 0.17533000000000001 9.5902192356746792 0.71473537162315115 1.0000000180025095e-35 0.23766552919915279
decision_type=2 2 2 2 2 10 2 2 2 2 2 2 2 2
left_child=4 2 -2 -4 5 6 7 -1 9 11 -11 12 13 -7
right_child=1 -3 3 -5 -6 8 -8 -9 -10 10 -12 -13 -14 -15
leaf_value=0.00021808381595259322 -2.5858314739526564e-05 0.0037806173605087097 -0.0014279813556133268 -0.00038982901692430648 -0.00091419167003412699 5.1304463035599209e-06 0.0015762365770365324 -0.0043962253795476582 0.00022262203638804764 -2.8563827637268599e-05 -0.0011302561329255964 0.00048487349600417982 8.888164190135266e-05 -0.0020695997326281913
leaf_weight=28 37 34 20 22 20 43 24 21 222.0933952331543 23 20 100.04669761657715 253 20
leaf_count=28 37 34 20 22 20 43 24 21 212 23 20 95 253 20
internal_value=0.00133504 -0.0025 -0.0050625 -0.0102326 0.00189734 0.00208001 -0.000472973 -0.0031 0.00235392 0.00172859 -0.00306818 0.00223053 0.0015142 -0.00132812
internal_weight=887.14 113 79 42 774.14 754.14 73 49 681.14 459.047 43 416.047 316 63
internal_count=872 113 79 42 759 739 73 49 666 454 43 411 316 63
is_linear=0
shrinkage=0.05


Tree=340
num_leaves=15
num_cat=0
split_feature=1 1 14 4 2 7 9 9 2 2 1 1 9 16
split_gain=1.64299 0.700819 0.879475 1.87745 0.654752 0.391607 0.354991 0.463291 0.371661 0.241563 0.444636 0.651076 0.603389 0.219771
threshold=15.399805717441067 16.576139553674182 5.6933572280725686 12.396072387223953 12.541698293772731 6.1500000000000012 0.70088257582277269 0.72233645665352741 11.364318137156067 11.210599421575576 14.299359300181179 14.010698359882447 -0.86046863722869238 0.10701500000000001
decision_type=2 2 2 2 2 2 2 2 2 2 2 2 2 2
left_child=6 2 4 -4 -2 -6 9 8 -8 -1 11 12 -11 -9
right_child=1 -3 3 -5 5 -7 7 13 -10 10 -12 -13 -14 -15
leaf_value=0.00016278356161930123 -0.00054467292193914596 0.0097589434190633179 -0.0012342968282728908 -0.0002447858255002926 -0.00072426616696210277 0.0054499252755056257 -2.1490718425546049e-05 -2.6969745880642517e-05 -0.0019661197187136889 -0.001207929608528269 0.0011820436334213499 -0.0015708538674696461 0.00019089948696455875 0.00012566290402246362
leaf_weight=236 20 27 25 25 22 28 20 113.0933952331543 20 29 132 28 98.046697616577148 63.046697616577148
leaf_count=236 20 27 25 25 22 28 20 103 20 29 132 28 93 58
internal_value=0.000654805 -0.00415541 -0.00578512 -0.0107843 -0.00211268 0.000980392 0.00161572 -8.88804e-05 -0.00487805 0.00231894 0.0013374 -0.000479129 0.00105613 0.0010201
internal_weight=886.187 147 120 50 70 50 739.187 216.14 40 523.047 287.047 155.047 127.047 176.14
internal_count=866 147 120 50 70 50 719 201 40 518 282 150 122 161
is_linear=0
shrinkage=0.05


Tree=341
num_leaves=15
num_cat=0
split_feature=1 2 0 3 14 2 2 16 14 4 11 4 14 7
split_gain=1.10832 0.628102 0.744089 1.20774 0.951832 0.582703 0.454518 0.332328 0.456528 0.822633 0.24305 0.337403 0.963626 0.334494
threshold=14.637936286036775 13.527992964228725 15.99627640158476 13.757192302356007 5.028368217426352 14.201453860617853 14.998481569592331 0.10701500000000001 2.7037143114728965 9.8091219249907642 1.0000000180025095e-35 9.3526815182801162 3.1058110998530073 5.6500000000000012
decision_type=2 2 2 2 2 2 2 2 2 2 2 2 2 2
left_child=10 7 3 4 -3 -4 -7 8 -2 -10 -1 12 13 -12
right_child=1 2 5 -5 -6 6 -8 -9 9 -11 11 -13 -14 -15
leaf_value=0.00017114409871715606 5.7354227186843807e-05 -0.00082494248541444535 0.012951718533321277 5.0902527109178823e-05 -0.0010780875994726121 -0.0012845480957300009 0.0039972929189423384 0.0048924808273514732 -0.00051743927221849088 0.00037142983075578534 -0.00014117062155050568 0.00013999765356057347 -0.00012524654391527984 0.00023397378092530929
leaf_weight=395.14009284973145 42 27 29 31 21 20 23 46 30 23 76 35 23 95.093395233154297
leaf_count=380 42 27 29 31 21 20 23 46 30 23 76 35 23 85
internal_value=0.000524586 -0.00201365 -0.00424342 -0.0075625 -0.012449 -0.000547945 -0.00420455 0.000387324 -0.00130208 -0.00435185 0.00171323 0.000414905 -0.000407666 0.000903387
internal_weight=916.233 292 151 79 48 72 43 141 95 53 624.233 229.093 194.093 171.093
internal_count=891 292 151 79 48 72 43 141 95 53 599 219 184 161
is_linear=0
shrinkage=0.05


Tree=342
num_leaves=15
num_cat=0
split_feature=2 13 13 10 13 12 2 3 8 13 0 13 13 7
split_gain=1.0162 0.607063 0.75296 0.863679 0.323308 0.598863 0.316873 1.25045 0.431967 0.260811 0.561287 0.52761 0.328096 0.312482
threshold=13.621020949028514 4.5201734135869565 3.6189481685919693 -0.50376918148035232 3.2837557712968031 1.0000000180025095e-35 11.730794247999029 11.29253431041527 36.600000000000009 3.8088337008098008 13.303345755345559 4.0661731637975382 4.3957595904073594 4.5500000000000007
decision_type=2 10 10 2 10 10 2 2 10 10 2 10 10 2
left_child=6 2 4 -4 5 -2 7 8 9 13 -11 -12 -13 -1
right_child=1 -3 3 -5 -6 -7 -8 -9 -10 10 11 12 -14 -15
leaf_value=-0.00074524595876766125 0.0063917807147211708 0.015063841632340867 -8.6424255061266837e-05 -0.0025888953419171325 0.024670951729375296 -0.00060115601347767388 0.00034290137931967702 -0.00084181869073281289 -6.9484860502918663e-05 0.00020307884199978916 -0.00057983767987973577 0.0030773909300357109 -0.001030966964066035 0.00020923390050197252
leaf_weight=25 25 21 21 23 26 52 260 21 39 33.046697616577148 25 31 20 261.14009284973145
leaf_count=25 25 21 21 23 26 52 260 21 39 28 25 31 20 246
internal_value=0.000470414 -0.00301775 -0.00415541 -0.00955556 -0.00177885 -0.00339744 0.00129287 0.000495266 0.00108214 0.0015799 -0.000497666 -0.00285714 9.6154e-05 0.00237062
internal_weight=883.187 168 147 44 103 77 715.187 455.187 434.187 395.187 109.047 76 51 286.14
internal_count=863 168 147 44 103 77 695 435 414 375 104 76 51 271
is_linear=0
shrinkage=0.05


Tree=343
num_leaves=15
num_cat=0
split_feature=1 1 13 1 15 14 14 13 16 1 0 0 3 5
split_gain=0.906386 1.22496 0.529631 0.251196 0.257329 0.223813 0.283783 0.369651 0.505733 0.592675 0.506864 0.42783 0.244193 0.22023
threshold=15.651820649340765 15.807939224393884 3.6413638888637321 9.8805729048818609 1.2809800000000002 5.5963175703358798 3.2953488082256555 3.8224521632363921 0.10701500000000001 14.6958320328954 14.759568215742057 14.13270164491426 10.669553535678668 1.0000000180025095e-35
decision_type=2 2 10 2 2 2 2 8 2 2 2 2 2 2
left_child=3 -2 -3 -1 5 6 12 8 9 10 11 -8 13 -5
right_child=1 2 -4 4 -6 -7 7 -9 -10 -11 -12 -13 -14 -15
leaf_value=-5.8664240639493073e-05 -0.0014013591604772374 0.00068847935657825985 -0.0010858335481893702 5.7742054778690512e-05 0.00017940255140254548 0.0034190319892895443 -6.4252045841400548e-06 0.00011172995536656003 0.02332491191105621 -0.00050871238056416821 0.00070983286185015025 -0.00071835145387740831 0.00010347400051702976 0.00022210746169525655
leaf_weight=49.093395233154297 20 63 37 333.04669761657715 77.046697616577148 61 22 49 31 30 22 20 50 36
leaf_count=39 20 63 37 328 72 61 22 49 31 30 22 20 50 36
internal_value=0.000722308 -0.00330578 -0.000990099 0.0013453 0.00157831 0.00125218 0.000951497 -0.000742857 -0.00218254 -0.004 -0.00123077 -0.0044186 0.00165513 0.00120318
internal_weight=900.187 120 100 780.187 731.093 654.047 593.047 174 125 94 64 42 419.047 369.047
internal_count=880 120 100 760 721 649 588 174 125 94 64 42 414 364
is_linear=0
shrinkage=0.05


Tree=344
num_leaves=15
num_cat=0
split_feature=1 10 13 14 14 0 1 15 3 15 13 15 0 15
split_gain=1.06809 0.736246 0.706951 0.597688 1.32648 0.250855 0.215983 0.202926 0.558041 0.475984 0.733107 0.328652 0.319916 0.319094
threshold=15.430374933573537 -0.56459483303352465 2.4670511503686972 6.074636498170892 3.9291655750132652 16.792665430421291 15.94890362094487 0.011770000000000001 7.4757490539932592 -1.1068949999999997 3.7682742391313546 -0.11977499999999999 14.860309023567794 -1.1068949999999997
decision_type=2 2 10 2 2 2 2 2 2 2 8 2 2 2
left_child=5 6 -3 4 -4 7 -2 8 9 -1 -11 13 -12 -10
right_child=1 2 3 -5 -6 -7 -8 -9 11 10 12 -13 -14 -15
leaf_value=0.00073457941718015497 -0.00049348269662128957 0.00024439815448118143 -0.0055246004233467571 -0.0012443825682609815 -0.0014179062600808891 -0.00021026644143281575 0.00010937383071771639 0.000305451084528221 1.7360836336637751e-05 -0.0027880792162318126 0.00045109857022934794 -5.4340759768316537e-05 -0.00077664196851732342 0.0005069245042890276
leaf_weight=31.046697616577148 22 21 21 33 24 32 27 307.0933952331543 100 34 30.046697616577148 33 20 166
leaf_count=26 22 21 21 33 24 32 27 297 100 34 25 33 20 166
internal_value=0.00078247 -0.00308725 -0.00555 -0.00772152 -0.011413 0.00154595 0.0019 0.00173907 0.00101295 -0.00193407 -0.00387748 0.00215 4.57417e-06 0.00273408
internal_weight=901.187 148 99 78 45 753.187 49 721.187 414.093 115.093 84.0467 299 50.0467 266
internal_count=881 148 99 78 45 733 49 701 404 105 79 299 45 266
is_linear=0
shrinkage=0.05


Tree=345
num_leaves=15
num_cat=0
split_feature=2 2 15 14 2 1 1 0 2 3 15 0 4 15
split_gain=0.561361 0.420454 0.470959 0.427636 0.395136 0.420151 0.403963 0.365899 0.560768 0.79237 0.848276 0.405784 0.427538 0.349942
threshold=10.787079310280642 9.3903459918807766 -0.67852499999999993 0.15615118518611129 11.283569860993516 14.637936286036775 13.966589384727333 15.798925266415003 13.2350678821416 13.511894145416049 -0.49454499999999996 16.773669124110143 9.7529929799790196 -1.0778199999999998
decision_type=2 2 2 2 2 2 2 2 2 2 2 2 2 2
left_child=1 2 13 -4 6 -6 -2 8 -7 10 -10 -9 -13 -1
right_child=4 -3 3 -5 5 7 -8 11 9 -11 -12 12 -14 -15
leaf_value=-6.672113942364769e-05 -0.00022978361991462683 0.00043997153188345009 0.00035451054600622579 -0.0064809728402520812 8.369728121517076e-05 0.0011983352292793622 -2.7391977002355087e-06 0.00040769274882896783 -0.00017998395531925557 2.9028306092037988e-05 -0.0096297410780003638 3.4892795312695086e-05 -0.0018118044067229181 -0.0012618025100208314
leaf_weight=24 48 127.04669761657715 79.093395233154297 24 278.0933952331543 33 27 95 21 26 26 28 28 23
leaf_count=24 48 122 69 24 268 33 27 95 21 26 26 28 28 23
internal_value=0.000603634 0.00246531 0.000664933 0.00255028 -0.000244697 0.00023404 -0.00361842 -0.00122093 -0.00345794 -0.00587838 -0.0096875 0.000361842 -0.00298246 -0.0034375
internal_weight=887.233 277.14 150.093 103.093 610.093 535.093 75 257 106 73 47 151 56 47
internal_count=862 262 140 93 600 525 75 257 106 73 47 151 56 47
is_linear=0
shrinkage=0.05


Tree=346
num_leaves=15
num_cat=0
split_feature=4 13 0 0 15 16 13 1 4 4 10 7 11 3
split_gain=0.500168 0.651003 0.815001 0.349655 0.417944 0.344584 0.221767 0.293636 0.313384 0.516738 0.299103 0.242886 0.730977 0.464942
threshold=9.008921551762926 3.6413638888637321 16.640661474636048 14.145111776135662 -1.1770999999999998 1.0000000180025095e-35 3.0173076496044242 11.309863577029148 7.1221004305343207 8.1787088705370987 -0.37459232954469374 5.6500000000000012 1.0000000180025095e-35 7.0237422035941366
decision_type=2 8 2 2 2 2 10 2 2 2 2 2 2 2
left_child=6 3 5 -2 -5 -3 -1 10 11 -10 -8 12 -9 -14
right_child=1 2 -4 4 -6 -7 7 8 9 -11 -12 -13 13 -15
leaf_value=0.00012586479801840835 0.0015890803229698742 -0.00020821498232469196 -0.00087627694376530879 -0.0013371959832576942 0.00025337344933662302 0.00046962270757913948 -0.00033882313716402236 9.3597665710968005e-05 -0.0027481523515097595 9.7310087748473975e-05 9.3496598211260896e-06 0.00021145969590748482 -0.00011246515526320014 -0.00028578098197434664
leaf_weight=168 39 28 22 27 111 33 27 117.04669761657715 24 25 46.093395233154297 186.0933952331543 23 24
leaf_count=168 39 28 22 27 111 33 27 112 24 25 36 176 23 24
internal_value=0.000888968 -0.000957854 -0.00458333 0.000758427 -0.000431654 -0.00153226 0.00163929 0.00108016 0.00161369 -0.0021 -0.00181572 0.00213789 0.000728482 -0.00447917
internal_weight=900.233 260 83 177 138 61 640.233 472.233 399.14 49 73.0934 350.14 164.047 47
internal_count=875 260 83 177 138 61 615 447 384 49 63 335 159 47
is_linear=0
shrinkage=0.05


Tree=347
num_leaves=15
num_cat=0
split_feature=4 0 4 1 4 1 7 7 2 2 13 2 2 0
split_gain=1.13494 0.58657 0.705775 0.446874 0.663494 0.384356 0.249893 0.493731 0.309232 0.680865 1.1365 0.378205 0.32381 0.234422
threshold=8.8191085750141376 16.818864548502386 9.3526815182801162 15.430374933573537 12.433995885114134 13.037661843202228 7.0500000000000007 6.8500000000000005 10.787079310280642 11.575179329836422 3.6664690194081797 13.303708650551073 11.252355811132036 15.798925266415003
decision_type=2 2 2 2 2 2 2 2 2 2 8 2 2 2
left_child=6 2 -2 5 -5 -4 7 8 -1 10 12 -11 -10 -13
right_child=1 -3 3 4 -6 -7 -8 -9 9 11 -12 13 -14 -15
leaf_value=0.00026095555488183503 -0.00010821785640086869 -0.00083231581978987111 -7.4477571376680167e-05 -0.001163845265417433 0.015430842331083591 0.00179112376236657 0.00036213856045146559 -0.00049756511855111863 0.0051125507966907789 0.0005685258110978696 -0.0006233045094906711 -0.0025615221156489992 -0.00020071802901668672 5.7947379388541104e-05
leaf_weight=235.14009284973145 24 33 20 39 24 107 55 23 35 150.04669761657715 43.046697616577148 34 27 23
leaf_count=220 24 33 20 39 24 107 55 23 35 145 38 34 27 23
internal_value=0.000585373 -0.00227823 -0.00130233 -0.00026178 -0.00367187 0.00144531 0.00171848 0.00140252 0.00170761 0.000672218 -0.002591 0.00233233 0.00174603 -0.00112069
internal_weight=872.233 247 214 190 63 127 625.233 570.233 547.233 312.093 105.047 207.047 62 57
internal_count=847 247 214 190 63 127 600 545 522 302 100 202 62 57
is_linear=0
shrinkage=0.05


Tree=348
num_leaves=15
num_cat=0
split_feature=4 2 10 13 1 10 5 1 2 13 1 9 8 10
split_gain=1.04782 0.968791 0.490556 0.733932 0.467006 0.500738 0.48243 0.365624 0.358217 0.451349 0.572272 1.06148 0.763418 0.288582
threshold=8.8191085750141376 11.025572197356253 -0.8627159076429457 2.5007776600261349 15.263972090623797 0.49240481012316867 2.787026683990709 14.751063175991256 10.906634112744191 3.0663800636569527 13.848560597141519 -0.25881904510252113 24.950000000000003 0.50376918148035232
decision_type=2 2 2 10 2 2 2 2 2 8 2 2 10 2
left_child=7 -2 -3 -4 6 -6 13 8 -1 -10 12 -12 -11 -5
right_child=1 2 3 4 5 -7 -8 -9 9 10 11 -13 -14 -15
leaf_value=0.00010056279971913325 -6.5833536499530163e-05 0.00017779253903226719 0.010184414090699485 -0.00028474716727013998 -0.00061347168420069565 -0.00084976122519322137 0.0070880293966201387 0.0014185713591166661 7.7095476390453988e-05 0.00016534619935098854 0.00015141100334193581 -0.0013578508610897454 -0.00013886326593523553 -0.00010752681628804219
leaf_weight=254.0933952331543 23 51 28 31 37 29 41 111 73 81.093395233154297 30 37 38 20
leaf_count=244 23 51 28 31 37 29 41 111 73 71 30 37 38 20
internal_value=0.000362561 -0.00229885 -0.00132353 -0.00251337 -0.00383648 -0.00701493 -0.00150538 0.00147305 0.000906157 -0.000401906 -0.00170788 -0.00536765 0.000378597 -0.00471154
internal_weight=884.187 260 237 186 158 66 92 624.187 513.187 259.093 186.093 67 119.093 51
internal_count=864 260 237 186 158 66 92 604 493 249 176 67 109 51
is_linear=0
shrinkage=0.05


Tree=349
num_leaves=15
num_cat=0
split_feature=9 10 1 8 3 5 9 4 3 9 2 1 8 7
split_gain=0.651778 0.913393 0.481043 0.417856 0.32958 0.381863 0.473284 0.743815 0.325896 0.266048 0.253123 0.474862 0.356004 0.255113
threshold=0.86382728211298232 0.32762316226846638 16.308809911538841 21.350000000000005 13.150788293093635 5.8442286787023843 1.0000000180025095e-35 10.649631107724094 11.865516344197479 0.97014794553715189 13.303708650551073 14.637936286036775 24.100000000000005 4.5500000000000007
decision_type=2 2 2 10 2 2 2 2 2 2 2 2 10 2
left_child=2 3 4 9 5 10 7 -7 -5 -2 13 -12 -13 -1
right_child=1 -3 -4 8 -6 6 -8 -9 -10 -11 11 12 -14 -15
leaf_value=-0.0006380680500863025 -6.9797124876814709e-05 -0.00061301898996832032 -0.00075175631015783281 6.6177514412235861e-06 0.00052056735758208709 -0.0028227840649111113 7.5444095141462909e-05 0.0010625334237554847 -0.0042592003751771553 0.014377718881524698 0.00015417976520100995 -0.018853048873499211 -0.0006341740173449891 0.00013999969966736357
leaf_weight=25 64.093395233154297 39 37 22 61 24 27 25 27 36 20 21 21 451.04669761657715
leaf_count=25 54 39 37 22 61 24 27 25 27 36 20 21 21 446
internal_value=0.00044466 -0.00216577 0.0011363 -0.000363327 0.00144255 0.00108973 -0.00220779 -0.0051 -0.0041 0.0014884 0.00155874 -0.00142857 -0.0044186 0.00194998
internal_weight=900.14 188.093 712.047 149.093 675.047 614.047 76 49 49 100.093 538.047 62 42 476.047
internal_count=885 178 707 139 670 609 76 49 49 90 533 62 42 471
is_linear=0
shrinkage=0.05


Tree=350
num_leaves=15
num_cat=0
split_feature=4 2 4 13 13 8 13 2 2 4 10 8 7 7
split_gain=0.829428 0.557024 0.753114 0.617489 0.61673 0.573178 0.47229 0.337766 0.668767 0.500533 0.529447 0.417848 0.394524 0.733076
threshold=9.2177872003841852 11.68630536949332 11.023259108676644 3.0186624058275657 3.6413638888637321 19.200000000000006 3.9169617688349754 12.145832516171296 10.787079310280642 8.0818285661730069 1.0000000180025095e-35 23.550000000000004 6.2500000000000009 5.5500000000000007
decision_type=2 2 2 8 8 10 10 2 2 2 2 10 2 2
left_child=7 -2 4 -4 5 -3 -5 8 -1 10 12 -12 13 -10
right_child=1 2 3 6 -6 -7 -8 -9 9 -11 11 -13 -14 -15
leaf_value=8.2476313910436315e-05 0.00042136492304662294 -7.7856790173977487e-05 -0.00045131260560474717 0.0075493397416030745 -0.0007959818334445514 -0.0019442173835885021 -0.00066714680463577183 0.00051688066061763736 -0.00025125677201800963 0.00012183441021606768 0.00011922745194288022 -0.00013488585919241912 -2.8888802660508739e-05 -0.00089039921915238292
leaf_weight=261.0933952331543 38 35 38 53 28 24 23 184 28 40 68.093395233154297 23 21 26
leaf_count=251 38 35 38 53 28 24 23 184 28 40 58 23 21 26
internal_value=0.000618203 -0.00189583 -0.00294554 -0.000260869 -0.00642045 -0.00341667 0.00233766 0.0015424 0.000824316 -0.0013015 -0.00251077 5.93636e-05 -0.0055921 -0.00781818
internal_weight=890.187 239 201 114 87 59 76 651.187 467.187 206.093 166.093 91.0934 75 54
internal_count=870 239 201 114 87 59 76 631 447 196 156 81 75 54
is_linear=0
shrinkage=0.05


Tree=351
num_leaves=15
num_cat=0
split_feature=14 5 2 2 2 1 14 1 11 1 14 9 2 15
split_gain=0.59489 0.719489 0.276868 0.373114 0.481917 0.413228 0.40058 0.383496 0.293079 0.416957 0.414397 0.290876 0.272875 0.262594
threshold=6.9904518845358927 11.206267798735444 10.833261548174768 11.283569860993516 11.164513976957165 12.961945650814028 3.1143248453633996 13.932903965974827 1.0000000180025095e-35 14.22731065189209 5.3271056999214697 0.70088257582277269 10.972019710234319 -0.79966499999999996
decision_type=2 2 2 2 2 2 2 2 2 2 2 2 2 2
left_child=2 -2 11 4 12 6 -5 -7 9 -9 13 -1 -4 -10
right_child=1 -3 3 5 -6 7 -8 8 10 -11 -12 -13 -14 -15
leaf_value=0.00012971620406537036 -0.00139639783646528 0.0011764392612713167 -0.00014422646684921791 -5.8037435724642497e-05 -0.00082425493235384849 0.00033304380134595546 -3.009465141692151e-05 -0.00072279490584778894 0.00079022439041471983 0.00068088023986324865 -0.00083878006533533796 -2.7442759481875328e-05 2.213151192899672e-05 -0.00032879426051520515
leaf_weight=204 21 26 20 43.046697616577148 21 97 23 20 24 194 25 79.093395233154297 38 64
leaf_count=204 21 26 20 38 21 97 23 20 24 194 25 69 38 64
internal_value=0.000939521 -0.00447917 0.00124329 0.000605623 -0.0025625 0.00112053 -0.00253206 0.00169412 0.000868903 0.00195349 -0.00118421 0.00251842 -0.000169491 0.000449438
internal_weight=899.14 47 852.14 569.047 79 490.047 66.0467 424 327 214 113 283.093 58 88
internal_count=884 47 837 564 79 485 61 424 327 214 113 273 58 88
is_linear=0
shrinkage=0.05


Tree=352
num_leaves=15
num_cat=0
split_feature=1 11 15 15 9 15 9 3 7 7 3 12 15 7
split_gain=0.689434 1.04874 0.71988 0.339279 0.259523 0.301861 0.245014 0.316012 0.404528 0.972086 0.364444 0.276809 0.257467 0.381606
threshold=15.399805717441067 1.0000000180025095e-35 -0.43006499999999998 0.29282500000000006 -0.33171085674129225 -0.79966499999999996 0.99250835852519903 6.321518210348855 5.5500000000000007 5.0500000000000007 9.2393042073080913 1.5000000000000002 -0.11977499999999999 6.6500000000000012
decision_type=2 2 2 2 2 2 2 2 2 2 2 10 2 2
left_child=3 4 -3 6 5 -2 7 8 9 11 -9 -1 13 -12
right_child=1 2 -4 -5 -6 -7 -8 10 -10 -11 12 -13 -14 -15
leaf_value=-0.0019695732785040936 -0.00065186018266732569 -0.0010195308257448653 -0.00061971785216099931 0.00020400556556315669 0.00062771987673467108 0.0003312784980155574 -7.151707702708126e-05 0.00078592902911575927 9.1619183123462837e-05 -0.00067960432026252483 0.00030245946067155612 0.0016109964398944466 -4.2401823802274026e-05 -1.1861585455421121e-05
leaf_weight=26 23 23 28 229.0933952331543 59 21 22 87 58.046697616577148 24 110 23 60 95
leaf_count=26 23 23 28 219 59 21 22 87 53 24 110 23 60 95
internal_value=0.00122669 -0.00180645 -0.00759615 0.00186454 0.00110577 -0.00177778 0.00113672 0.00137432 -0.000717674 -0.00317568 0.00215297 0.0009 0.0012218 0.00206311
internal_weight=888.14 154 51 734.14 103 44 505.047 483.047 131.047 73 352 49 265 205
internal_count=873 154 51 719 103 44 500 478 126 73 352 49 265 205
is_linear=0
shrinkage=0.05


Tree=353
num_leaves=15
num_cat=0
split_feature=13 1 4 13 8 8 1 7 1 2 1 1 9 4
split_gain=0.796095 0.509091 0.507407 0.581228 0.401434 0.527562 0.321472 0.28318 0.237089 0.342291 0.887956 0.412157 0.391077 0.596607
threshold=4.6003327370364895 15.713707227497345 10.569976263465795 3.9561014979758524 27.600000000000005 21.350000000000005 9.9532426738528574 6.4500000000000011 14.812453390139313 11.364318137156067 12.77408811581733 13.932903965974827 -0.043619387365336666 7.7699547862938187
decision_type=8 2 2 10 10 10 2 2 2 2 2 2 2 2
left_child=2 -2 6 4 5 7 -1 -4 9 -8 -11 -12 -13 -14
right_child=1 -3 3 -5 -6 -7 8 -9 -10 10 11 12 13 -15
leaf_value=-3.8767632071210777e-05 -6.8617266738281919e-06 -0.00055527351918077845 -0.0013184042889664764 -0.00065859321691308619 0.0061613183567173439 -0.010992024024622812 0.00019562439079856423 0.019148959871780787 0.0010447620229880699 -0.00041589020948400727 0.00040745724830089266 0.00010199139457721029 -0.0015647949686759669 0.0021584420749941767
leaf_weight=47.093395233154297 32 21 23 31 30 22 282.0933952331543 35 127 43 74 45 30 22
leaf_count=37 32 21 23 31 30 22 272 35 127 43 74 45 30 22
internal_value=0.000602106 -0.00527778 0.000992301 -0.00172535 1.84586e-10 -0.00185185 0.00156578 0.000677966 0.00186746 0.00136889 -0.000139535 0.00148256 -0.000663265 -0.00358491
internal_weight=864.187 53 811.187 141 110 80 670.187 58 623.093 496.093 214 171 97 52
internal_count=844 53 791 141 110 80 650 58 613 486 214 171 97 52
is_linear=0
shrinkage=0.05


Tree=354
num_leaves=15
num_cat=0
split_feature=14 14 0 3 1 7 3 15 3 7 4 10 10 0
split_gain=0.703875 0.684265 1.08181 0.481938 0.464934 0.415546 0.360072 0.403553 0.540565 0.258221 0.42689 0.642188 0.256858 0.201553
threshold=6.9904518845358927 0.013506875139370347 12.657179985727591 14.091761313902497 14.661584835516418 5.4500000000000011 10.16906799463011 -0.43265499999999996 11.896804857769181 5.6500000000000012 2.0471722811110507 -0.0043632677491870896 0.026175951569891321 15.432656636711833
decision_type=2 2 2 2 2 2 2 2 2 2 2 2 2 2
left_child=1 2 -1 -2 9 -6 -7 8 -8 10 -3 -12 -10 -9
right_child=3 4 -4 -5 5 6 7 13 12 -11 11 -13 -14 -15
leaf_value=0.0002615090385943939 -0.0098839462071971841 0.00016680564873999032 -0.00011837031479082635 0.0022812030633099032 -0.016542225366650599 0.0044685864842098928 -0.00031267085502249619 -0.0014185954951206399 0.0037342972844825236 0.00018749738516422073 -0.00070567064989057661 0.0011206879381566348 -0.00048358752998306091 0.00060635786760021267
leaf_weight=25.046697616577148 23 169.04669761657715 23 22 21 56 24 20 36 351.0933952331543 20 22 20 61
leaf_count=20 23 164 23 22 21 56 24 20 36 341 20 22 20 61
internal_value=0.00113615 0.00146132 -0.00427687 -0.0048913 0.0018108 -4.18408e-05 0.000619266 -0.00058642 -0.00308642 0.00259385 0.00120367 -0.00325581 -0.000350877 0.00189024
internal_weight=893.187 848.187 48.0467 45 800.14 238 217 161 80 562.14 211.047 42 56 81
internal_count=873 828 43 45 785 238 217 161 80 547 206 42 56 81
is_linear=0
shrinkage=0.05


Tree=355
num_leaves=15
num_cat=0
split_feature=1 12 2 2 2 3 0 8 16 15 1 13 0 9
split_gain=0.621218 0.734314 0.21118 0.36572 0.59419 1.20994 0.391574 0.469551 0.281154 0.207216 0.194705 0.188932 0.238201 0.179693
threshold=15.713707227497345 2.5000000000000004 13.031459757645449 11.364318137156067 11.730794247999029 9.9945534313027373 15.523471602466001 14.950000000000001 -1.4512249999999998 -1.1770999999999998 14.751063175991256 2.8888307077117577 16.389731277258996 -0.26092512978024823
decision_type=2 8 2 2 2 2 2 10 2 2 2 8 2 2
left_child=2 11 3 8 5 -5 13 10 -1 -4 -8 -2 -13 -6
right_child=1 -3 9 4 6 -7 7 -9 -10 -11 -12 12 -14 -15
leaf_value=-0.00011560313456328586 0.0023223647260066579 -0.00055150621684996279 -0.00073782682394710154 2.1635605612726883e-05 -8.0047326985860508e-05 -0.0023006609430939076 -0.00091040348101335063 -0.00021647441142764518 7.8342440537425349e-05 0.0008686920191362797 0.005078093139073904 0.0040388022539218178 -0.0013372197605082447 0.00024127474609326313
leaf_weight=25 21 44 26 43.046697616577148 42 20 22 30 363.18679046630859 122 22 22 20 77
leaf_count=25 21 44 26 38 42 20 22 30 343 122 22 22 20 77
internal_value=0.00110657 -0.0024537 0.00158991 0.00119518 -0.000271416 -0.00444623 0.00110825 -0.00173333 0.00216075 0.00328859 0.00155556 0.00101563 -0.000930232 0.002875
internal_weight=899.233 107 792.233 644.233 256.047 63.0467 193 74 388.187 148 44 63 42 119
internal_count=874 107 767 619 251 58 193 74 368 148 44 63 42 119
is_linear=0
shrinkage=0.05


Tree=356
num_leaves=15
num_cat=0
split_feature=2 16 7 7 0 3 2 7 8 1 1 1 2 14
split_gain=0.52126 0.48149 0.290945 0.637128 1.15215 0.302871 0.468224 0.422855 0.545849 0.319368 0.365744 0.655207 0.310434 0.288325
threshold=10.906634112744191 -0.84618999999999989 7.3500000000000005 7.0500000000000007 15.301189627716239 10.273469583031011 12.115537314248444 5.5500000000000007 12.550000000000002 12.797903478544152 15.319689178696192 15.807939224393884 12.837262418420501 0.013506875139370347
decision_type=2 2 2 2 2 2 2 2 10 2 2 2 2 2
left_child=1 -1 3 5 -5 6 7 -2 -9 -7 -11 -12 -8 -3
right_child=2 13 -4 4 -6 9 12 8 -10 10 11 -13 -14 -15
leaf_value=-8.6141348130045883e-05 -4.9432201988901893e-05 -5.3764641715925773e-06 0.0061057986359230191 4.5008309540882564e-05 -0.00083182277395751339 -0.00031839259365923871 0.0011230278022235827 -0.00024029734946206957 -0.00057568612417951905 0.00060600872082631119 -0.00058223231779246912 0.00053841602690782742 -0.0017070647884986766 0.00050890886929074136
leaf_weight=21 46 49.046697616577148 65 20 20 29 40 34 37 175 37 51 29 232.0933952331543
leaf_count=21 46 44 65 20 20 29 40 34 37 175 37 51 29 222
internal_value=0.00115749 0.00283928 0.000282534 -0.000115607 -0.00609756 0.00039666 -0.00117647 -0.00309322 -0.00548611 0.00139932 0.00195076 -0.000674157 0.00207143 0.00338733
internal_weight=885.14 302.14 583 518 40 478 186 117 71 292 263 88 69 281.14
internal_count=870 287 583 518 40 478 186 117 71 292 263 88 69 266
is_linear=0
shrinkage=0.05


Tree=357
num_leaves=15
num_cat=0
split_feature=1 13 2 7 1 10 15 2 9 1 3 3 8 3
split_gain=0.452623 0.750675 0.799897 0.629906 0.369011 0.482079 0.343432 0.26458 0.329712 0.590012 0.267683 0.266587 0.332129 0.251403
threshold=15.399805717441067 3.6230815368975491 14.343110264317309 6.1500000000000012 9.9532426738528574 0.1993508540825906 -0.43006499999999998 11.491190903252287 0.9562228270146037 14.026465292881861 13.032633351528629 12.469044565639642 9.0500000000000025 9.9945534313027373
decision_type=2 8 2 2 2 2 2 2 2 2 2 2 10 2
left_child=4 6 3 -3 5 -1 -2 -6 10 -10 11 12 -9 -14
right_child=1 2 -4 -5 7 -7 -8 8 9 -11 -12 -13 13 -15
leaf_value=3.5699938261614059e-06 -0.00066484610319930996 -0.0033531174630956357 -0.00068255967383374326 0.0015957621549590358 0.00012598939957939097 -0.0010878307451660462 0.00067731863837929701 -0.0008844270820878823 -0.00065599759666065585 0.00045566470410601681 0.00040549350311389716 -0.00034251881823085795 -0.00012474286349250401 7.3288349394094081e-05
leaf_weight=37.093395233154297 24 25 25 21 342.0933952331543 22 51 36 20 20 40 35 73.046697616577148 137
leaf_count=27 24 25 25 21 332 22 51 36 20 20 40 35 68 137
internal_value=0.000705174 -0.00183673 -0.00548611 -0.00148936 0.00119383 -0.00257155 0.00164474 0.00151348 0.00056687 -0.00365854 0.00110305 0.000550382 0.00113433 0.00189642
internal_weight=908.233 146 71 46 762.233 59.0934 75 703.14 361.047 40 321.047 281.047 246.047 210.047
internal_count=883 146 71 46 737 49 75 688 356 40 316 276 241 205
is_linear=0
shrinkage=0.05


Tree=358
num_leaves=15
num_cat=0
split_feature=14 2 1 0 8 15 5 2 2 4 2 2 0 15
split_gain=0.530587 0.980876 0.214636 0.494037 0.269238 0.605494 0.262299 0.215422 0.325761 0.460825 0.222703 0.441858 0.270162 0.270793
threshold=7.0407342028791646 14.684341796189964 9.9532426738528574 9.7611967763516159 43.45000000000001 -0.43006499999999998 9.1041863875524118 11.274353281260124 10.833261548174768 5.6076234636338862 10.352761963593805 10.024261217580934 13.041378880533072 -0.67852499999999993
decision_type=2 2 2 2 10 2 2 2 2 2 2 2 2 2
left_child=2 -2 3 -1 6 -6 7 8 10 -10 11 12 -4 -14
right_child=1 -3 4 -5 5 -7 -8 -9 9 -11 -12 -13 13 -15
leaf_value=8.1007389316151073e-05 -0.012546654102269681 0.0030824670500944782 -0.00014530430163195058 -0.00062112004575353981 -0.0004534231017335568 0.00026098269913980794 -0.0010341278067363885 0.00020221576582816429 -0.00028829062365397267 4.4883423342026199e-05 0.00046850260018109979 -0.00011409332366652179 -0.00055342327423657674 0.00049720707348168411
leaf_weight=28.046697616577148 20 24 40 26 39 24 25 401.04669761657715 38 27 53 25 25 82.046697616577148
leaf_count=23 20 24 40 26 39 24 25 396 38 27 53 25 25 77
internal_value=0.0012933 -0.004 0.00157731 -0.00144907 0.00178885 -0.00132812 0.00206454 0.00224748 0.00120336 -0.00189394 0.00210237 0.00121489 0.00226438 0.00356544
internal_weight=877.14 44 833.14 54.0467 779.093 63 716.093 691.093 290.047 65 225.047 172.047 147.047 107.047
internal_count=862 44 818 49 769 63 706 681 285 65 220 167 142 102
is_linear=0
shrinkage=0.05


Tree=359
num_leaves=15
num_cat=0
split_feature=4 13 1 1 7 1 10 10 9 9 0 14 14 13
split_gain=0.537978 0.41513 0.380345 0.494205 0.471537 0.434097 0.458832 0.613423 0.60974 0.41616 0.476899 0.390952 0.33272 0.241523
threshold=2.3410656135621104 2.4670511503686972 13.932903965974827 14.243552407174795 5.9500000000000011 14.872388405899644 0.54824625590878551 -0.50376918148035232 -0.21430864304727451 0.70088257582277269 13.482969395611937 6.0545893303563183 4.5917641264578544 4.0140358132587517
decision_type=2 8 2 2 2 2 2 2 2 2 2 2 2 10
left_child=-1 -2 9 -4 -5 12 7 8 -7 13 -11 -9 -6 -3
right_child=1 2 3 4 5 6 -8 11 -10 10 -12 -13 -14 -15
leaf_value=8.7131895535052218e-05 0.015338167327350558 0.00016717711871355292 -0.00069470745392129999 0.003028690448894698 -0.00018313466819130705 -0.00018074003058827536 3.4293043995577132e-05 -0.0020214945123615429 0.00093022332695227828 -0.00028629575327201778 4.9604480969298292e-05 -0.0012948607131286333 0.0056517549035589388 -1.5496748046573915e-05
leaf_weight=403.14009284973145 41 90 32 45 26 20 30 23 21 24 33 21 33 24
leaf_count=388 41 90 32 45 26 20 30 23 21 24 33 21 33 24
internal_value=0.00130394 0.000140086 -0.000330969 -0.00156746 -0.000704545 -0.00188571 -0.00366379 -0.00552326 -0.00107143 0.00148256 -0.00198276 -0.00955556 0.00158333 0.00321739
internal_weight=866.14 463 422 251 219 174 115 85 41 171 57 44 59 114
internal_count=851 463 422 251 219 174 115 85 41 171 57 44 59 114
is_linear=0
shrinkage=0.05


Tree=360
num_leaves=15
num_cat=0
split_feature=3 3 13 10 1 2 3 16 1 14 0 1 0 13
split_gain=0.393251 0.725566 0.388274 0.265431 0.331591 0.25149 0.430024 0.531594 0.392906 0.288284 0.450352 0.394749 0.28879 0.433455
threshold=7.2301797797801095 7.8979472974398321 2.5563404911825818 -0.97533303595258414 16.308809911538841 14.684341796189964 12.306661339495072 1.0000000180025095e-35 14.736831470662546 3.7769804966397218 15.772079058790217 14.412485773512589 12.341179895169182 2.8589191732011554
decision_type=2 2 8 2 2 2 2 2 2 2 2 2 2 8
left_child=-1 -2 -3 -4 5 6 9 -8 -9 10 12 -12 -5 -14
right_child=1 2 3 4 -6 -7 7 8 -10 -11 11 -13 13 -15
leaf_value=0.00015225443690329902 -0.00082270940513530305 0.0047268545871248851 0.00015159532988848765 -0.00022607294864409133 -0.000970090835557504 0.0082868720945336871 -0.00027785179873912467 0.0015243476031855574 -0.00059251560566167853 6.4538496457522822e-05 -0.00061422039505145928 -9.0086331737822452e-05 -0.00067200937085693045 6.7815992195779476e-05
leaf_weight=278.23348808288574 29 60 35 22 24 33 36 26 29 99 21 37 20 166
leaf_count=253 29 60 35 22 24 33 36 26 29 99 21 37 20 166
internal_value=0.00144741 0.000760188 0.00113301 0.000710383 0.000418288 0.000704082 0.000393873 -0.00266304 0.000446429 0.0011612 0.000299626 -0.00355932 0.00138756 0.00203209
internal_weight=915.233 637 608 548 513 489 456 91 55 365 266 58 208 186
internal_count=890 637 608 548 513 489 456 91 55 365 266 58 208 186
is_linear=0
shrinkage=0.05


Tree=361
num_leaves=15
num_cat=0
split_feature=3 3 2 8 14 9 4 8 15 15 9 15 8 15
split_gain=0.850115 0.966556 0.406263 0.356718 0.450552 0.311932 0.422789 0.298881 0.552769 0.158293 0.211643 0.498029 0.217099 0.33902
threshold=12.381093372763162 12.61951912582485 14.254755236354223 43.45000000000001 5.5656363219412706 0.77711637012006718 12.396072387223953 6.6500000000000012 0.17533000000000001 -1.7154999999999998 -0.70556075282125752 -0.79966499999999996 16.950000000000003 -0.43006499999999998
decision_type=2 2 2 10 2 2 2 8 2 2 2 2 8 2
left_child=2 -2 7 4 -3 6 -6 8 -1 -9 11 -11 13 -12
right_child=1 3 -4 -5 5 -7 -8 9 -10 10 12 -13 -14 -15
leaf_value=2.7543797628675091e-05 -0.00053697846743481733 0.00083802645899569298 -0.00046024542394675983 -0.00067550018250766273 -0.00058209764498298006 -0.010868692890686246 0.01489897816174769 -3.4170644555937039e-05 -0.0032235215052828989 -0.00093337656214527497 0.0014206567596859938 6.6884011361470215e-05 9.0575759095807445e-05 2.2191654977762729e-05
leaf_weight=48 20 41 20 22 28 21 27 36 33 32 82.093395233154297 112 219.04669761657715 163.04669761657715
leaf_count=48 20 41 20 22 28 21 27 36 33 32 72 112 214 158
internal_value=0.00140406 -0.00190625 0.00211198 -0.000392857 0.000720339 -0.00155844 0.000446429 0.00230786 -0.00054878 0.00266734 0.0028578 0.00117241 0.003377 0.00233891
internal_weight=904.187 159 745.187 139 117 76 55 725.187 81 644.187 608.187 144 464.187 245.14
internal_count=884 159 725 139 117 76 55 705 81 624 588 144 444 230
is_linear=0
shrinkage=0.05


Tree=362
num_leaves=15
num_cat=0
split_feature=13 9 3 3 7 2 7 1 2 5 10 10 13 13
split_gain=0.302361 0.374754 0.255359 0.600564 0.233255 0.253682 0.208609 0.137105 0.374355 0.191205 0.229416 0.288588 0.313176 0.459057
threshold=2.2426843821962854 0.25881904510252091 12.381093372763162 12.61951912582485 7.1500000000000012 14.72052259116982 6.1500000000000012 14.6958320328954 13.258165646661659 7.0715530962182145 0.39670114248928356 0.25881904510252057 3.5569021725796435 3.4282904644093786
decision_type=10 2 2 2 2 2 2 2 2 2 2 2 10 10
left_child=1 -1 7 -4 6 -6 -5 8 9 10 11 12 13 -2
right_child=2 -3 3 4 5 -7 -8 -9 -10 -11 -12 -13 -14 -15
leaf_value=1.5985970694202522e-05 0.00010315965863988316 -0.0023126887287356064 -0.00040289593794313913 -0.00019070313218681395 -0.0060633954990512891 0.0015470190288924173 0.0003385823250684893 0.00083791390538122271 -0.0037452366004003799 -1.2060575225949416e-05 7.0046574996071074e-05 -0.00035867540993091693 0.00018690317837063213 -0.00023846864196602237
leaf_weight=31 144 26 24 27 25 21 49 141 20 29 168 22 126.0933952331543 22
leaf_count=31 144 26 24 27 25 21 49 141 20 29 168 22 116 22
internal_value=0.00151293 -0.00198276 0.00175861 -0.000136054 0.00130081 -0.00148936 0.00298701 0.00216978 0.00179568 0.00206108 0.00229866 0.0014931 0.00191225 0.000479042
internal_weight=875.093 57 818.093 146 122 46 76 672.093 531.093 511.093 482.093 314.093 292.093 166
internal_count=865 57 808 146 122 46 76 662 521 501 472 304 282 166
is_linear=0
shrinkage=0.05


Tree=363
num_leaves=15
num_cat=0
split_feature=5 5 1 14 13 9 0 9 12 0 8 8 14 9
split_gain=0.668867 0.596794 0.204803 0.270205 0.302966 0.272225 0.544278 0.427033 0.683039 0.350259 0.343562 0.634966 0.945445 0.767752
threshold=8.9571883744325564 10.401204088936487 16.34641728054773 5.0734674838097407 4.3313432520420472 0.31316082539001983 15.772079058790217 0.25671049665402418 1.5000000000000002 16.128161472794346 13.950000000000001 16.250000000000004 3.209305792510762 -0.28818529450328151
decision_type=2 2 2 2 8 2 2 2 10 2 10 10 2 2
left_child=2 -2 3 4 5 7 -7 10 -9 -8 -1 -12 -13 -14
right_child=1 -3 -4 -5 -6 6 9 8 -10 -11 11 12 13 -15
leaf_value=0.00016083684960519956 -0.00035268602183564116 5.4423845764291173e-05 -0.00075533337969679198 0.00050497860188389039 0.0001573101849533111 9.1107354219933028e-05 -0.0030323310407766981 8.6247065903330119e-05 -0.0030589599776869245 3.8345719832629226e-06 -0.0006062711195358205 0.00028082294335600514 -0.00080364320002160479 1.1815019267690917e-05
leaf_weight=122 34 38 26 91 104.04669761657715 204.18679046630859 20 27 22 37 22 111 29 20
leaf_count=122 34 38 26 91 99 184 20 27 22 37 22 111 29 20
internal_value=0.00130602 -0.00328767 0.00170547 0.00184659 0.00151713 0.00109062 0.00231108 0.000183616 -0.0041 -0.00198276 0.000885246 -0.000491803 0.000621118 -0.0051
internal_weight=907.233 72 835.233 809.233 718.233 614.187 261.187 353 49 57 304 182 160 49
internal_count=882 72 810 784 693 594 241 353 49 57 304 182 160 49
is_linear=0
shrinkage=0.05


Tree=364
num_leaves=15
num_cat=0
split_feature=2 9 1 1 8 2 15 0 15 0 9 9 7 9
split_gain=0.520596 0.549657 0.55955 0.319293 0.303118 0.267392 0.253806 0.252119 0.163882 0.207851 0.411034 0.568827 0.286851 0.242121
threshold=13.573072649651293 0.86382728211298232 16.308809911538841 9.9532426738528574 25.205000000000002 7.9277271140429937 -0.94026999999999983 16.792665430421291 0.66927500000000018 14.477298238986755 -0.076282340628164816 -0.55738156824517537 5.1500000000000012 0.70088257582277269
decision_type=2 2 2 2 10 2 2 2 2 2 2 2 2 2
left_child=3 2 6 5 7 -1 -2 8 9 10 11 -5 -11 -12
right_child=1 -3 -4 4 -6 -7 -8 -9 -10 12 13 -13 -14 -15
leaf_value=3.7905659283930019e-06 -0.00041896512686548886 -0.0013609724334513462 -0.00031652512568530657 3.1105172053003987e-06 0.00016543268047678478 -0.00013291394510577946 0.00035848428296474252 -0.0028362051134203379 0.00018928998234639806 -0.00061335469343407284 0.0033148619556252245 -0.00060791352752813605 0.00019852357955717459 -5.9479180481838375e-05
leaf_weight=31.046697616577148 30 35 28 36 174 24.046697616577148 81 35 80.046697616577148 29 46.046697616577148 20 195.04669761657715 36
leaf_count=26 30 35 28 36 174 19 81 35 75 29 41 20 190 36
internal_value=0.00170348 -0.000742857 0.000678572 0.00230641 0.00261554 -0.00132873 0.00227679 0.00195696 0.00228077 0.001819 0.000289353 -0.00298246 0.00275602 0.00253151
internal_weight=880.233 174 139 706.233 651.14 55.0934 111 477.14 442.14 362.093 138.047 56 224.047 82.0467
internal_count=855 174 139 681 636 45 111 462 427 352 133 56 219 77
is_linear=0
shrinkage=0.05


Tree=365
num_leaves=15
num_cat=0
split_feature=14 11 2 13 0 13 2 14 14 9 13 0 2 2
split_gain=0.355122 0.224776 0.529907 0.804638 0.540188 0.380589 0.323144 0.196281 0.368608 0.361924 0.212211 0.267235 0.159418 0.346318
threshold=7.6927445154082976 1.0000000180025095e-35 13.527992964228725 3.6189481685919693 13.482969395611937 3.5008875692454517 5.3217531957214383 5.296558063911097 4.3992483701799054 -0.25881904510252113 4.5645479846104093 12.270442365115466 10.906634112744191 11.952697406766363
decision_type=2 2 2 10 2 10 2 2 2 2 8 2 2 2
left_child=1 6 4 -4 5 -3 -1 8 10 -10 11 -8 -13 -14
right_child=-2 2 3 -5 -6 -7 7 -9 9 -11 -12 12 13 -15
leaf_value=-0.00010357598928921893 -0.0006836759807724805 -2.7725301372624989e-05 -8.4891921180448027e-05 -0.0031860792330813204 8.4704334794042486e-05 -0.0025979028288731932 -2.5977267355075872e-05 0.0039668324383241053 -0.00038369775281258198 0.0029571326757301467 -0.0002799921708952313 0.00090016107893545335 1.8281931453043918e-06 0.0010199703138857176
leaf_weight=45.046697616577148 28 36 29 21 195.04669761657715 24 32 86 21 21 33 125.0933952331543 101 117
leaf_count=40 28 36 29 21 190 24 32 86 21 21 33 115 101 117
internal_value=0.00166188 0.00183832 0.000735945 -0.00392157 0.00166077 -0.00245902 0.00241471 0.00275644 0.00232871 -0.00209302 0.00278779 0.00312547 0.00353238 0.00269406
internal_weight=914.187 886.187 305.047 50 255.047 60 581.14 536.093 450.093 42 408.093 375.093 343.093 218
internal_count=894 866 300 50 250 60 566 526 440 42 398 365 333 218
is_linear=0
shrinkage=0.05


Tree=366
num_leaves=15
num_cat=0
split_feature=5 2 7 2 2 12 10 13 0 0 10 13 7 0
split_gain=0.406441 0.614306 0.368994 0.309549 0.705527 0.435596 0.424628 0.353692 0.448671 0.400216 0.314057 0.268597 0.258902 0.227056
threshold=8.4353839539398141 14.502773022519539 6.8500000000000005 13.303708650551073 13.716790443545177 2.5000000000000004 0.50376918148035232 3.4968108626794572 12.712674849452986 11.473377350654021 0.38268343236508956 4.418491763870585 5.1500000000000012 15.122775238776072
decision_type=2 2 2 2 2 10 2 8 2 2 2 10 2 2
left_child=3 2 -2 6 13 -6 7 8 9 -1 -10 12 -9 -5
right_child=1 -3 -4 4 5 -7 -8 11 10 -11 -12 -13 -14 -15
leaf_value=-2.2246192885132695e-05 -1.7849336240271325e-05 0.014209348852069079 -0.0026255802323972236 -0.011216846546301878 0.00022294599437314608 -0.00045660617463176274 0.000164450744339656 -0.00010334209227326176 0.00011623033562014821 -0.0021703620444532344 -0.00016818282806762435 -0.00011193194693851407 0.0001371740048816634 -0.00013475115062537519
leaf_weight=21 39 24 24 20 82 39 189.04669761657715 24 174 20 28 31 156.18679046630859 21
leaf_count=21 39 24 24 20 82 39 184 24 174 20 28 31 136 21
internal_value=0.00135594 -0.001875 -0.00445312 0.00170691 -0.000245399 0.00168033 0.00219822 0.00136413 6.14756e-05 -0.00464286 0.00103448 0.00285566 0.00359261 -0.00583333
internal_weight=892.233 87 63 805.233 162 121 643.233 454.187 243 41 202 211.187 180.187 41
internal_count=867 87 63 780 162 121 618 434 243 41 202 191 160 41
is_linear=0
shrinkage=0.05


Tree=367
num_leaves=15
num_cat=0
split_feature=14 10 10 0 1 14 1 14 12 0 9 1 8 10
split_gain=0.415008 0.473424 0.254555 0.251857 0.221505 0.36402 0.294225 0.205166 0.18838 0.340581 0.691881 0.444091 0.258078 0.252945
threshold=7.0407342028791646 1.0000000180025095e-35 0.79599442516926411 16.352182391316678 15.263972090623797 4.8215040091825498 15.807939224393884 4.1025407221222254 1.5000000000000002 13.041378880533072 -0.27353890284103699 14.032346104925397 14.950000000000001 -0.5
decision_type=2 2 2 2 2 2 2 2 10 2 2 2 10 2
left_child=2 -2 3 4 5 7 -6 8 9 10 -1 -11 -13 -10
right_child=1 -3 -4 -5 6 -7 -8 -9 13 11 -12 12 -14 -15
leaf_value=0.00020270619052088846 -0.0086881543860906456 0.00011526534952781075 0.0001193480592803382 0.00027391412903785131 -0.00029705791590912457 0.0022817641780385266 7.8458774094082874e-05 -7.6469871888936973e-05 0.0001994837991758728 9.104525313487937e-05 -0.00050363118007635752 0.0041718353549956349 -0.0016819952361441224 5.2870831059752422e-06
leaf_weight=24 22 28 165.04669761657715 104 35 57 21 30 79 141.04669761657715 29 24 26 101.0933952331543
leaf_count=24 22 28 160 104 35 57 21 30 79 136 29 24 26 91
internal_value=0.00144382 -0.00294118 0.00170922 0.0012731 0.000854896 0.00118269 -0.00210526 0.000704619 0.000989557 8.25701e-05 -0.00342593 0.00106866 -0.00294118 0.00221138
internal_weight=886.187 50 836.187 671.14 567.14 511.14 56 454.14 424.14 244.047 53 191.047 50 180.093
internal_count=866 50 816 656 552 496 56 439 409 239 53 186 50 170
is_linear=0
shrinkage=0.05


Tree=368
num_leaves=15
num_cat=0
split_feature=1 10 4 3 9 0 15 12 2 2 9 2 15 10
split_gain=0.342748 0.22088 0.381535 0.866246 0.223958 0.188291 1.03933 0.320065 0.187073 0.336031 0.570477 0.501841 0.432193 0.499024
threshold=11.377132815743465 -0.5 9.1408942207903525 12.543348324901309 1.0000000180025095e-35 11.602223360057605 0.63776500000000014 1.5000000000000002 11.210599421575576 12.083269116529681 0.44032991850403941 13.527992964228725 -0.92700999999999989 0.59827334065059656
decision_type=2 2 2 2 2 2 2 8 2 2 2 2 2 2
left_child=5 2 -2 4 -4 7 -7 -1 -3 12 -11 -12 -10 -14
right_child=1 8 3 -5 -6 6 -8 -9 9 10 11 -13 13 -15
leaf_value=-0.00010139753020562888 0.00019585086084533614 0.00013811304729960305 -0.00042784780700246916 0.00042995306675562084 -0.00010031018682407118 -0.00036281772704329588 5.0231140112851213e-05 0.0010875508895425345 0.00011729131873175469 0.0063103500386126974 0.00026133948213532794 -0.0010201925439642778 -0.00069981432134984224 2.5306484572782465e-05
leaf_weight=24 194 169.04669761657715 27 37 20 20 26 24.046697616577148 27 132 45 54 39 42.046697616577148
leaf_count=24 194 164 27 37 20 20 26 19 27 132 45 54 39 37
internal_value=0.00147616 0.0018174 0.000681004 -0.00211765 -0.0065625 -0.00136529 -0.00361702 0.00082031 0.00243662 0.00175045 0.00282328 -4.99998e-05 -0.000548082 -0.00237385
internal_weight=880.14 786.093 278 84 47 94.0467 46 48.0467 508.093 339.047 231 99 108.047 81.0467
internal_count=865 776 278 84 47 89 46 43 498 334 231 99 103 76
is_linear=0
shrinkage=0.05


Tree=369
num_leaves=15
num_cat=0
split_feature=13 9 14 8 14 14 14 10 8 14 7 0 0 16
split_gain=0.432641 0.900739 0.911656 0.848303 0.386827 0.358124 0.439974 0.363808 0.956552 0.569366 0.863974 0.392424 0.358122 0.430425
threshold=3.9169617688349754 -0.86711210913679038 5.8477426530917844 34.900000000000006 0.49302220331869934 0.71211442113764023 5.5963175703358798 0.23766552919915279 23.900000000000002 2.9208133094535964 5.6500000000000012 15.289107917368604 14.769969710718321 0.10701500000000001
decision_type=8 2 2 10 2 2 2 2 10 2 2 2 2 2
left_child=5 -2 3 4 -3 -1 7 12 9 10 -9 -11 13 -7
right_child=1 2 -4 -5 -6 6 -8 8 -10 11 -12 -13 -14 -15
leaf_value=0.00042726884080457149 -0.00068574620835777493 -8.7901564132465633e-05 -0.0010663974229626759 -0.00010849554407943363 0.00030923432583012593 -0.00023566954535093003 0.00045253135668576008 -0.0027748400429734458 7.237310147963537e-05 -0.00032152273750556088 6.9088518718028071e-05 -0.00028514540002794864 0.00017163820355721413 0.0053911367254950897
leaf_weight=182.18679046630859 27 25 25 24 130.04669761657715 57 90 20 67 20 33 21 127 33
leaf_count=162 27 25 25 24 125 57 90 20 67 20 33 21 127 33
internal_value=0.000800432 -0.00105482 9.86776e-05 0.00136206 0.00272504 0.00146031 0.000724947 -2.6385e-05 -0.00182099 -0.00505263 -0.00157407 -0.00940476 0.00130734 -0.0010989
internal_weight=881.233 231.047 204.047 179.047 155.047 650.187 468 378 161 94 53 41 217 90
internal_count=856 226 199 174 150 630 468 378 161 94 53 41 217 90
is_linear=0
shrinkage=0.05


Tree=370
num_leaves=15
num_cat=0
split_feature=4 13 0 14 14 0 10 14 14 10 1 13 10 0
split_gain=0.344666 0.378797 0.87041 0.393884 0.297218 0.445018 0.31469 0.487013 0.447456 0.44642 0.241972 0.341522 0.285599 0.350593
threshold=12.86079822862474 2.2711502604392559 15.982836266505744 5.2624309282318071 1.0079905521927708 14.599023630551345 0.49240481012316867 3.3267100604603139 1.8630174700185962 -0.71476258798096814 15.16503137307504 3.6343809878543185 0.25881904510252057 15.889238929726735
decision_type=2 10 2 2 2 2 2 2 2 2 2 10 2 2
left_child=1 2 -1 4 -3 6 8 -8 -6 -10 12 -12 -7 -14
right_child=-2 3 -4 -5 5 10 7 -9 9 -11 11 -13 13 -15
leaf_value=-0.00064455326912991743 -0.00084797646947900023 0.00011733102686023668 6.5603439709172395e-05 0.00065117031337656793 -0.00035670214584042408 0.00034576812386048614 7.4778270469218455e-05 -0.00023184125681434159 0.00011328457147714117 -0.00016979757891387272 0.00051610481263933026 -0.0003912857601528453 0.00010044566426220666 -0.00047025210259181292
leaf_weight=23 34 262.23348808288574 28 104 24 116 36 28 30 47 37 30 59 26
leaf_count=23 34 237 28 104 24 116 36 28 30 47 37 30 59 26
internal_value=0.00115356 0.00135235 -0.00278846 0.00161974 0.00118662 0.000380185 -0.00165663 0.00107692 -0.00338235 -0.00147436 0.00163569 -0.000955882 0.0025 0.000290698
internal_weight=884.233 850.233 51 799.233 695.233 433 165 64 101 77 268 67 201 85
internal_count=859 825 51 774 670 433 165 64 101 77 268 67 201 85
is_linear=0
shrinkage=0.05


Tree=371
num_leaves=15
num_cat=0
split_feature=1 4 4 13 10 1 1 1 3 13 14 9 13 8
split_gain=0.380735 0.677369 0.853695 0.563494 0.305757 0.378619 0.286099 0.668908 0.519933 0.560238 0.65206 0.417321 0.348841 0.281366
threshold=15.430374933573537 9.6902330071587901 11.125226048454413 3.8224521632363921 0.71473537162315115 14.736831470662546 14.208289289035511 14.032346104925397 12.306661339495072 3.9169617688349754 0.6173310126210505 -0.076282340628164816 3.5791391915893898 17.050000000000004
decision_type=2 2 2 8 2 2 2 2 2 10 2 2 8 10
left_child=4 -2 -3 -4 6 -6 7 8 9 12 -11 -12 13 -1
right_child=1 2 3 -5 5 -7 -8 -9 -10 10 11 -13 -14 -15
leaf_value=-0.00010898637325968238 6.2704931172285873e-05 -0.00098081857143236177 0.0053430687539429362 -0.00060326401488162399 0.00011603013161534842 -0.00011743346698034918 0.00069448529326700855 -0.00041972221862207468 -0.00029975688989832211 -0.00053924302542136251 -0.00024385013937694823 0.0034022515428493829 0.0010193771912925917 8.9895836731966733e-05
leaf_weight=107 61 22 39 24 138.04669761657715 28 176 22 20 23 20 24 92.140092849731445 104
leaf_count=107 61 22 39 24 133 28 176 22 20 23 20 24 77 104
internal_value=0.000833272 -0.0014966 -0.00436046 -0.00132812 0.00128569 0.00317416 0.00074804 2.59005e-05 0.000513117 0.000944928 -0.00316176 0.000444445 0.00186 0.000731132
internal_weight=900.187 146 85 63 754.187 166.047 588.14 412.14 390.14 370.14 67 44 303.14 211
internal_count=880 146 85 63 734 161 573 397 375 355 67 44 288 211
is_linear=0
shrinkage=0.05


Tree=372
num_leaves=15
num_cat=0
split_feature=4 7 1 4 7 9 0 8 8 8 8 2 8 7
split_gain=0.873559 0.435607 0.774657 0.756683 0.620167 0.419476 0.295161 0.305455 0.266179 0.301575 0.605792 0.364285 0.24932 0.244971
threshold=9.6430120318600316 7.0500000000000007 14.968793885844095 10.828407860445482 6.4500000000000011 0.70088257582277269 15.820032688096461 41.850000000000001 36.600000000000009 23.900000000000002 20.950000000000003 12.837262418420501 17.050000000000004 6.3500000000000005
decision_type=2 2 2 2 2 2 2 10 10 10 10 2 10 2
left_child=6 3 -3 4 -2 -5 7 8 9 10 11 12 13 -1
right_child=1 2 -4 5 -6 -7 -8 -9 -10 -11 -12 -13 -14 -15
leaf_value=0.00017722897169940129 -0.0003354948122567588 0.00043271901420521689 -0.00035442820937229115 0.0039888727308169262 -3.2369417631700504e-05 -0.00078991623604103892 0.00025130576311234795 8.9181548590841454e-05 -0.0001703629593091853 5.3222757148379949e-05 -0.00016155971157552444 -0.013101950683929837 0.0036310352883204612 -0.00015167185786105046
leaf_weight=221.18679046630859 29 32 39 66 30 23 165 40 26 103 29 24 37 36
leaf_count=201 29 32 39 66 30 23 165 40 26 103 29 24 37 36
internal_value=0.000444896 -0.00229545 -0.00548611 -0.000738255 -0.00508333 0.00216667 0.00132799 0.00073655 0.000379168 0.000666983 -4.03978e-05 0.000598189 0.00108722 0.000526495
internal_weight=900.187 219 71 148 59 89 681.187 516.187 476.187 450.187 347.187 318.187 294.187 257.187
internal_count=880 219 71 148 59 89 661 496 456 430 327 298 274 237
is_linear=0
shrinkage=0.05


Tree=373
num_leaves=15
num_cat=0
split_feature=13 1 3 14 14 7 1 6 3 1 10 14 1 7
split_gain=0.523633 0.630727 0.597261 2.12197 0.606857 0.373965 0.635756 0.30667 0.407392 0.57319 0.491824 0.253682 0.232857 0.240746
threshold=2.2426843821962854 15.807939224393884 9.511888355722272 1.9901364150521601 2.9208133094535964 6.5500000000000007 11.780275221658769 4.894879393603893 10.669553535678668 15.399805717441067 0.38268343236508956 6.074636498170892 12.339994544195413 7.0500000000000007
decision_type=10 2 2 2 2 2 2 2 2 2 2 2 2 2
left_child=1 -1 5 -4 -5 -2 -7 8 -6 12 11 -11 -10 -14
right_child=2 -3 3 4 7 6 -8 -9 9 10 -12 -13 13 -15
leaf_value=-0.0015185906321434966 0.00017167394207626575 1.3848814764999899e-05 -0.00029540027970349178 8.1371468067932453e-05 -0.00015994824250651501 -0.00028110062863113792 0.0032556396411239186 2.0220475717392826e-05 -0.00012053907827361515 -0.00031619048165498981 -0.001066330501453823 0.0017222395985108684 0.00032050256182770834 -5.391298295520325e-05
leaf_weight=30 322.14009284973145 25 20 76 33 21 34 32 20 25 30 21 142 48
leaf_count=30 307 25 20 76 33 21 34 32 20 25 30 21 142 48
internal_value=-0.000232121 -0.00491071 8.56832e-05 -0.00114955 -0.000385514 0.0015489 -0.00223214 -0.0012642 -0.00173437 -0.00111498 -0.00480519 -0.00148936 0.000236967 0.00078534
internal_weight=879.14 55 824.14 447 427 377.14 55 351 319 286 76 46 210 190
internal_count=864 55 809 447 427 362 55 351 319 286 76 46 210 190
is_linear=0
shrinkage=0.05


Tree=374
num_leaves=15
num_cat=0
split_feature=4 4 9 12 13 1 16 1 10 15 15 7 0 1
split_gain=0.990589 0.528051 0.831539 0.630681 0.624842 0.500148 0.4067 0.275739 0.637372 0.224263 0.381443 0.261567 0.223483 0.22039
threshold=9.6430120318600316 11.069763655070963 1.0000000180025095e-35 1.5000000000000002 3.0186624058275657 15.319689178696192 1.0000000180025095e-35 9.9532426738528574 0.1993508540825906 -1.2924149999999999 -1.1068949999999997 6.6500000000000012 15.678851993770641 13.161978831478747
decision_type=2 2 2 10 8 2 2 2 2 2 2 2 2 2
left_child=7 2 12 -4 5 -3 -6 8 -1 -9 -11 13 -2 -12
right_child=1 4 3 -5 6 -7 -8 9 -10 10 11 -13 -14 -15
leaf_value=2.6263422916392664e-05 -0.0012426648528288116 3.4076796891985118e-06 0.0054587782876095283 -0.0001607257427511894 -0.0004762722324975025 -0.00088665039209075462 0.0113572108678405 0.002226723960463051 -0.001096969159530239 -0.00017065170604500227 6.8936978258661284e-05 0.001305255329771451 -0.00023090802408529213 -1.8858829155385988e-05
leaf_weight=34.093395233154297 25 21 32 24 35 22 49 66 21 25 185.0933952331543 70 20 273
leaf_count=24 25 21 32 24 35 22 49 66 21 25 175 70 20 273
internal_value=0.000178185 -0.00266376 -0.00534314 -0.00122807 -0.000507812 -0.00534091 0.002 0.00114181 -0.0022201 0.00144408 0.00111076 0.0013995 -0.0103261 0.000959428
internal_weight=902.187 228 101 56 127 43 84 674.187 55.0934 619.093 553.093 528.093 45 458.093
internal_count=882 228 101 56 127 43 84 654 45 609 543 518 45 448
is_linear=0
shrinkage=0.05


Tree=375
num_leaves=15
num_cat=0
split_feature=4 13 5 15 1 1 13 3 5 4 13 15 3 3
split_gain=0.409969 0.548352 0.43968 0.638933 1.05548 0.972547 0.411338 0.372722 0.365706 0.785273 0.32108 0.37042 0.589428 0.337034
threshold=6.7807647529860118 2.4670511503686972 4.1742689126930488 -0.11977499999999999 15.779972156653008 14.716209395592537 2.8152657032317845 12.306661339495072 8.5186461233587529 10.852199805746499 4.4342790675222163 -0.79966499999999996 1.0000000180025095e-35 9.2393042073080913
decision_type=2 8 2 2 2 2 8 2 2 2 8 2 2 2
left_child=10 -2 3 4 7 -5 -4 -3 -8 -10 11 12 -1 -14
right_child=1 2 6 5 -6 -7 8 -9 9 -11 -12 -13 13 -15
leaf_value=-0.00089255770754802048 0.02272091653109877 0.00061846482212906718 -0.00026110532848330526 -0.00024131728182985482 -0.00075361275203259686 3.4817484001097262e-06 0.0020029750575962591 -5.7403412117457591e-05 -0.00021619618507289935 0.0018463248791147529 0.00023717177044998872 5.5090498136739326e-05 4.4227430927920546e-05 -7.5111619780210978e-05
leaf_weight=31.046697616577148 35 73 23 41 21 24 64 36 21 44 71.046697616577148 348.0933952331543 27 41
leaf_count=26 35 73 23 41 21 24 64 36 21 44 66 338 27 41
internal_value=0.000222966 -0.00101828 -0.00162356 -0.00318878 -0.00114504 -0.00719697 0.000392157 0.000863637 0.0015 -0.00113636 0.00113819 0.000637525 -0.00204671 0.00057971
internal_weight=900.187 382 347 195 130 65 152 109 129 65 518.187 447.14 99.0467 68
internal_count=880 382 347 195 130 65 152 109 129 65 498 432 94 68
is_linear=0
shrinkage=0.05


Tree=376
num_leaves=15
num_cat=0
split_feature=4 3 7 14 0 7 14 8 7 2 13 8 4 0
split_gain=1.02058 0.634821 1.29443 0.985019 0.720399 0.602205 0.457255 0.264629 0.490536 0.799047 0.878642 0.274431 0.267862 0.467531
threshold=9.1408942207903525 12.306661339495072 6.4500000000000011 5.9960835360259503 15.866294006575464 6.6500000000000012 7.0407342028791646 43.250000000000007 6.5500000000000007 12.510880327016482 3.7682742391313546 37.350000000000001 2.3410656135621104 13.945988374896972
decision_type=2 2 2 2 2 2 2 10 2 2 10 10 2 2
left_child=7 2 4 5 -2 -3 -5 8 11 10 -10 12 -1 -14
right_child=1 3 -4 6 -6 -7 -8 -9 9 -11 -12 -13 13 -15
leaf_value=0.00035230902403675694 -6.0109916412604733e-05 -0.00023160499875555607 0.00052833262012343021 0.0052038167921961559 -0.0010947464221456871 -0.00027859319784230254 -0.00083543492678314613 0.017036051176944952 -0.00011336332457014481 0.0012343846197239436 8.3835782822926917e-06 -0.00026815305422231683 -0.00015959368754709378 3.0574910584682061e-05
leaf_weight=309.18679046630859 25 20 78 36 21 22 37 42 39 26 28 22 42 132
leaf_count=289 25 20 78 36 21 22 37 42 39 26 28 22 42 132
internal_value=5.21868e-05 -0.00272917 -0.00024 -0.00538793 -0.00680851 -0.0113953 -0.00182432 0.00109318 0.000819334 -0.0025 -0.00536765 0.00143412 0.00168516 0.000114286
internal_weight=879.187 239 124 115 46 42 73 640.187 598.187 93 67 505.187 483.187 174
internal_count=859 239 124 115 46 42 73 620 578 93 67 485 463 174
is_linear=0
shrinkage=0.05


Tree=377
num_leaves=15
num_cat=0
split_feature=14 0 2 15 10 9 16 8 15 8 16 15 7 14
split_gain=0.364219 0.81314 0.396325 0.438433 0.425439 0.544885 0.813833 0.77688 0.480191 0.432561 0.476238 0.541147 0.766703 0.340982
threshold=0.019220404642418244 12.657179985727591 10.906634112744191 1.2809800000000002 -0.47715421805211583 0.0087262032186418079 0.10701500000000001 13.950000000000001 -0.43006499999999998 5.6150000000000011 1.0000000180025095e-35 -0.49454499999999996 6.5500000000000007 5.9803423157872375
decision_type=2 2 2 2 2 2 2 10 2 8 2 2 2 2
left_child=1 -1 3 -2 5 6 7 -4 -9 -6 11 12 -11 -12
right_child=2 -3 4 -5 9 -7 -8 8 -10 10 13 -13 -14 -15
leaf_value=6.8978302290005638e-05 0.00028829754368491216 -0.00018317215245592896 0.00011525873857113349 -0.00010782741127598115 -0.0011626128736741171 0.0013249651152321274 0.0061276655634613575 -0.00036081261186541317 -0.0016989439934042329 0.00071206993580317677 -4.1021615931586739e-05 -0.00078426513943400441 -0.0012750655635239809 0.0067325581430942617
leaf_weight=31.046697616577148 197 30 28 36.046697616577148 27 109 38 41 22 34 210.04669761657715 30 27 45
leaf_count=26 197 30 28 31 27 109 38 41 22 34 205 30 27 45
internal_value=-0.000247533 -0.00394488 2.42188e-05 0.00177415 -0.000644994 0.00100418 -0.00119231 -0.00375 -0.00679687 -0.00169702 -0.00120954 -0.00429348 -0.00153226 -9.67264e-05
internal_weight=905.14 61.0467 844.093 233.047 611.047 238 129 91 63 373.047 346.047 91 61 255.047
internal_count=890 56 834 228 606 238 129 91 63 368 341 91 61 250
is_linear=0
shrinkage=0.05


Tree=378
num_leaves=15
num_cat=0
split_feature=9 9 8 0 0 2 0 0 9 7 1 7 8 5
split_gain=0.365636 0.493392 1.13211 0.445559 1.09013 0.697063 0.653691 0.619368 0.449935 0.391579 0.342606 0.437612 0.556691 0.446364
threshold=0.9263445426916056 0.86382728211298232 16.950000000000003 14.004921479957348 12.894777939625641 9.0965767664003732 14.449487272817015 14.586376657530122 -0.3986883375106644 5.8500000000000005 13.491883046227374 6.6500000000000012 36.600000000000009 3.4710783528497351
decision_type=2 2 10 2 2 2 2 2 2 2 2 2 8 2
left_child=1 3 -3 4 -1 -6 -5 -8 -7 -10 -9 12 13 -12
right_child=-2 2 -4 6 5 8 7 10 9 -11 11 -13 -14 -15
leaf_value=1.1614984765405642e-05 0.00011181019409925895 -0.00087940782660236741 3.0005193520067019e-06 0.0082992604087879975 -0.00076490843498929005 0.00020473438133961614 -0.00063125023432795122 0.00015734677201943042 -0.0029193692289791063 -0.00015177186467129353 3.2804548524471449e-05 4.6461760474340484e-05 -0.0010004951034747629 -0.00022051710523833366
leaf_weight=96 112.0933952331543 33 39.046697616577148 69.046697616577148 20 27 22 80 20 26 160 105 20 49
leaf_count=96 102 33 34 64 20 27 22 80 20 26 160 105 20 49
internal_value=-0.000351536 -0.000742456 -0.00465136 -0.000330577 -0.00239474 -0.0062234 0.000445085 -0.000274599 -0.00385135 -0.00680851 0.000168675 -0.000537313 -0.00176087 -0.00097619
internal_weight=878.187 766.093 72.0467 694.047 189 93 505.047 436 73 46 414 334 229 209
internal_count=858 756 67 689 189 93 500 436 73 46 414 334 229 209
is_linear=0
shrinkage=0.05


Tree=379
num_leaves=15
num_cat=0
split_feature=8 15 13 2 7 13 3 1 1 3 8 2 10 13
split_gain=0.498648 0.725054 0.549041 0.612472 1.16347 0.25404 0.540347 0.42414 0.945363 0.373087 0.323041 0.350815 0.406824 0.755884
threshold=5.6150000000000011 0.17533000000000001 2.6535031187055078 7.0341528613734576 5.8500000000000005 2.8589191732011554 11.416728335612353 15.651820649340765 15.831169183782242 12.199382889614247 45.70000000000001 12.115537314248444 -0.19722537325836093 4.0590974879120445
decision_type=8 2 8 2 2 8 2 2 2 2 10 2 2 8
left_child=1 -1 -2 4 -4 6 -5 10 -9 -10 11 12 13 -7
right_child=2 -3 3 5 -6 7 -8 8 9 -11 -12 -13 -14 -15
leaf_value=0.00013058974619670037 0.010121631820727043 -0.0011363238558607684 6.7247022015073888e-06 -0.00020196556848514841 -0.00054730537912854507 -0.00015091162142894746 0.00027049655307302966 -0.0008663344944513558 0.00088153380851588238 -0.00027487841635864352 -0.00085055637627327809 0.00080076914212219477 0.00010445197702190941 0.00040189540608295826
leaf_weight=28 95 30 36.046697616577148 33 24 120 24 20 26 30 35 189 160.0933952331543 36
leaf_count=28 95 30 31 33 24 120 24 20 26 30 35 189 150 36
internal_value=3.46063e-05 -0.00440678 0.000350605 -0.000114827 -0.00491045 0.00031964 -0.00284483 0.000616547 -0.00285714 0.000526316 0.00110973 0.00143346 0.000411447 -0.00140127
internal_weight=886.14 58 828.14 733.14 60.0467 673.093 57 616.093 76 56 540.093 505.093 316.093 156
internal_count=871 58 813 718 55 663 57 606 76 56 530 495 306 156
is_linear=0
shrinkage=0.05


Tree=380
num_leaves=15
num_cat=0
split_feature=4 13 13 8 7 7 13 8 7 3 13 8 1 1
split_gain=0.90936 0.934965 0.811434 0.97114 0.585349 0.713292 0.95232 0.33623 0.441125 0.472465 0.334981 0.57863 0.323394 0.557314
threshold=3.1567740231385479 3.9108723911402059 4.3017043013746052 12.050000000000002 6.2500000000000009 5.9500000000000011 3.0101386585394425 20.545000000000005 7.3500000000000005 13.013633677343632 3.6918790522500609 37.800000000000004 14.637936286036775 14.032346104925397
decision_type=2 8 10 10 2 2 10 10 2 2 8 10 2 2
left_child=10 4 3 -3 5 12 -7 -6 9 -9 -1 -12 13 -2
right_child=1 2 -4 -5 7 6 -8 8 -10 -11 11 -13 -14 -15
leaf_value=1.2678530952034022e-05 1.5601016317813818e-05 -0.00021902823776253787 -4.0211261362148583e-05 -0.00022713751148786709 0.0022119827041099356 -0.00058939102936467246 -0.00016280495185824699 -1.5555058058647861e-05 4.1081195193586163e-05 -0.0012208706981552979 0.00074989155027279492 -0.00069030310626097329 0.0086516066291654013 -0.00076330051147207125
leaf_weight=262 42 28 51 38 119 29 27 53 36 20 149.18679046630859 30 23 22
leaf_count=262 42 28 51 38 119 29 27 53 36 20 129 30 23 22
internal_value=-0.000273134 -0.00175869 -0.00563559 -0.00925373 -0.000524193 -0.00302083 -0.00736842 0.00104804 -0.000954545 -0.00317568 0.00137031 0.00302982 -0.000170454 -0.002
internal_weight=929.187 488 117 66 371 143 56 228 109 73 441.187 179.187 87 64
internal_count=909 488 117 66 371 143 56 228 109 73 421 159 87 64
is_linear=0
shrinkage=0.05


Tree=381
num_leaves=15
num_cat=0
split_feature=14 1 1 8 14 3 14 9 1 0 3 7 2 3
split_gain=0.385904 0.341231 0.761436 1.08638 0.31316 0.336805 0.719504 1.63998 0.482857 0.633523 0.377258 0.301683 0.260876 0.246923
threshold=6.9904518845358927 12.831759144235951 12.339994544195413 20.950000000000003 1.0079905521927708 11.178132250829304 3.1143248453633996 -0.25881904510252113 14.736831470662546 15.728665472943389 12.469044565639642 7.1500000000000012 9.9804377701883418 10.141444836219636
decision_type=2 2 2 10 2 2 2 2 2 2 2 2 2 2
left_child=1 2 -1 12 -3 6 13 -8 -7 10 -10 -2 -4 -6
right_child=11 4 3 -5 5 8 7 -9 9 -11 -12 -13 -14 -15
leaf_value=-3.8338447599429932e-06 -0.00010552005423741772 0.00051112372254982601 -0.00047333583775091884 -0.00051383723574609534 -5.8879493194882771e-05 0.0039850410108824329 -0.00084363971913753932 6.5347333781346315e-07 -2.6857682028656239e-05 0.00012995090376259098 -0.00067958849067663123 -0.0091072102554224741 0.021513286372346063 0.0012094171389592286
leaf_weight=206.18679046630859 32 108 20 30 133 104 23 36 21 75 29 21 24 42
leaf_count=186 32 108 20 30 133 104 23 36 21 75 29 21 24 42
internal_value=-0.000253059 6.96339e-06 -0.00141922 -0.00573333 0.000708042 0.000140086 -0.00119149 -0.00591667 0.0015 -0.000595238 -0.00490196 -0.00435185 -0.000666666 0.000426137
internal_weight=904.187 851.187 280.187 74 571 463 234 59 229 125 50 53 44 175
internal_count=884 831 260 74 571 463 234 59 229 125 50 53 44 175
is_linear=0
shrinkage=0.05


Tree=382
num_leaves=15
num_cat=0
split_feature=13 10 0 0 3 3 1 2 8 8 10 16 10 10
split_gain=0.415769 0.444095 0.294072 0.616524 0.71011 0.778113 0.77945 0.496317 0.446994 0.519408 0.363458 0.591926 0.361961 0.333762
threshold=4.6003327370364895 0.23766552919915279 15.313801470356928 13.844281654504199 9.4078131508830243 10.141444836219636 13.922990248680849 9.7329153499248715 28.650000000000002 18.990000000000006 0.45783468794784965 1.0000000180025095e-35 -0.5 0.89783339391592787
decision_type=8 2 2 2 2 2 2 2 10 10 2 2 2 2
left_child=2 -2 3 -1 7 -6 -7 -5 9 -8 12 -12 -4 -13
right_child=1 -3 10 4 5 6 8 -9 -10 -11 11 13 -14 -15
leaf_value=1.0713570460031063e-05 -0.00041767908181148067 3.7349381202364892e-05 4.8553830989758527e-06 -7.6089530153893993e-05 -0.00031323019236505965 0.00014976516421549239 -0.0011522161855664738 0.0002917020953433456 -0.00032906594448703911 -0.0005574797964007246 -0.001329980401286116 -0.00017400725264200888 0.0055353020607205221 0.019393089097532554
leaf_weight=224.0933952331543 34 24 114 50.046697616577148 21 48 28 104.04669761657715 26 26 22 62 83 31
leaf_count=214 34 24 114 45 21 48 28 99 26 26 22 62 83 31
internal_value=-0.000349667 -0.00440678 -6.43499e-05 -0.000783938 -0.00225106 -0.0047 -0.00317829 0.000131966 -0.00617284 -0.00872727 0.00115016 -0.00107759 0.0024495 0.00069149
internal_weight=897.187 58 839.187 527.187 303.093 149 128 154.093 80 54 312 115 197 93
internal_count=877 58 819 507 293 149 128 144 80 54 312 115 197 93
is_linear=0
shrinkage=0.05


Tree=383
num_leaves=15
num_cat=0
split_feature=8 10 3 7 7 3 16 7 1 0 13 15 3 0
split_gain=0.627814 0.560246 0.796924 0.659844 0.47887 0.815433 0.748977 0.679479 0.558932 0.670846 0.557971 0.575949 0.554244 0.452716
threshold=11.850000000000003 0.074102141141256975 9.8221806039149495 6.1500000000000012 5.4500000000000011 9.7725930922188802 0.10701500000000001 6.6500000000000012 14.674013539411467 13.844281654504199 3.4886076254492751 -0.30803999999999992 5.2544752012255964 14.145111776135662
decision_type=10 2 2 2 2 2 2 2 2 2 10 2 2 2
left_child=1 -1 -3 -4 -2 7 10 8 9 -6 11 13 -11 -7
right_child=4 2 3 -5 5 6 -8 -9 -10 12 -12 -13 -14 -15
leaf_value=0.003056916586602015 1.9482608026881038e-05 0.00055320890233583053 -0.0020175295466504824 4.2478617759617599e-05 -0.00016828852952910166 -5.1551171384981707e-06 0.0084711865893551484 2.0284321849687392e-05 -0.00021981866142741044 -0.0010830759283252543 4.4245318855176516e-05 0.0001663472412199474 -0.00083498775912790564 -0.00037806855504490746
leaf_weight=168.0933952331543 129.04669761657715 76.046697616577148 28 23 23 41 79 43 21 24 93 42 39 79
leaf_count=158 124 71 28 23 23 41 79 43 21 24 93 42 39 79
internal_value=-0.000284942 0.00160634 -0.000896286 -0.00567308 -0.0011966 -0.00191753 -0.000537313 -0.00496689 -0.00708333 -0.00885057 -0.00185547 -0.00361963 -0.0114844 -0.0053719
internal_weight=908.187 295.14 127.047 51 613.047 484 334 150 107 86 255 162 63 120
internal_count=888 280 122 51 608 484 334 150 107 86 255 162 63 120
is_linear=0
shrinkage=0.05


Tree=384
num_leaves=15
num_cat=0
split_feature=4 7 7 4 4 3 3 7 1 0 13 7 2 3
split_gain=0.372511 0.503643 0.781881 1.07337 0.840559 0.57594 0.540734 0.74008 0.914135 1.05556 1.02963 0.718697 0.588416 0.432839
threshold=12.307591968606514 5.9500000000000011 6.1500000000000012 9.3526815182801162 8.046468581807579 11.483035895636354 9.4078131508830243 5.1500000000000012 13.636157696624045 12.894777939625641 3.4282904644093786 5.7500000000000009 11.730794247999029 7.5909278755257086
decision_type=2 2 2 2 2 2 2 2 2 2 10 2 2 2
left_child=1 5 3 4 -3 6 7 8 9 -1 -11 12 -8 -4
right_child=-2 2 13 -5 -6 -7 11 -9 -10 10 -12 -13 -14 -15
leaf_value=0.00011156467829322418 0.0007213989125242911 -0.00084918496183239249 -0.00034413417924301893 -0.00085757139928024917 0.009826086313531969 0.00091003995547122196 -0.00080528937921309966 0.0007619618532870206 0.00096489306976789337 -0.00010747159592347216 -0.0015367837476082851 0.0034215569066404802 -0.00025883793088576516 -3.1600146449976951e-05
leaf_weight=21 52 39 57 20 20 51 20 168.23348808288574 34 23 20 23 30 306
leaf_count=21 52 39 57 20 20 51 20 143 34 23 20 23 30 306
internal_value=-0.00104925 -0.00130676 -0.0024605 -0.0069375 -0.00341667 2.98417e-06 -0.000746054 0.000303732 -0.00313131 -0.00661538 -0.0110227 -0.00452703 -0.00784314 -0.00146978
internal_weight=884.233 832.233 442 79 59 390.233 339.233 266.233 98 64 43 73 50 363
internal_count=859 807 442 79 59 365 314 241 98 64 43 73 50 363
is_linear=0
shrinkage=0.05


Tree=385
num_leaves=15
num_cat=0
split_feature=1 1 10 8 15 12 15 14 15 0 15 15 4 1
split_gain=0.487553 0.613296 0.6784 0.611759 0.547803 0.445205 0.428442 0.668239 0.376034 0.644875 1.16642 1.2617 0.341516 0.339371
threshold=14.325199642858239 13.848560597141519 0.86926070542861789 37.800000000000004 -0.79966499999999996 1.0000000180025095e-35 -0.43006499999999998 3.1143248453633996 0.29282500000000006 14.345768791527194 -0.11977499999999999 -0.83455499999999994 4.0766389064824349 12.918057574873414
decision_type=2 2 2 10 2 10 2 2 2 2 2 2 2 2
left_child=1 2 5 -2 -5 -1 -3 -8 9 13 11 -11 -10 -7
right_child=3 6 -4 4 -6 8 7 -9 12 10 -12 -13 -14 -15
leaf_value=0.00017174661252465783 0.00020558124046914252 -0.00016933728561680926 0.00014806030590827887 -0.00070150686136567265 -4.9956845264902628e-05 -0.00010196150636105061 -3.0486561432379461e-05 -0.0027665358565389349 0.00068376117878290934 -0.00051458380034810928 -0.00077090304618806138 9.6526191137989324e-05 -0.00039851450199920066 0.0012508007038104169
leaf_weight=64 288 22 68.046697616577148 28 33 99 41 26 73.093395233154297 33 22 25 24 28
leaf_count=64 288 22 63 28 33 99 41 26 63 33 22 25 24 28
internal_value=-0.000890485 -0.00185179 -0.00107357 0.000557143 -0.00395161 -0.00192237 -0.00561111 -0.00757353 -0.00271895 -0.00391827 -0.00740741 -0.00355932 -0.000148155 -0.00167969
internal_weight=874.14 525.14 436.14 349 61 368.093 89 67 304.093 207 80 58 97.0934 127
internal_count=859 510 421 349 61 358 89 67 294 207 80 58 87 127
is_linear=0
shrinkage=0.05


Tree=386
num_leaves=15
num_cat=0
split_feature=15 2 7 13 7 14 8 7 14 15 15 15 10 7
split_gain=0.429923 0.48949 1.10907 0.463513 0.562027 0.90214 1.0277 0.364859 0.401117 2.59681 0.328015 0.859628 0.736245 0.561989
threshold=0.66927500000000018 6.6483263812505102 5.8500000000000005 3.3277906598632643 6.6500000000000012 0.71211442113764023 16.650000000000002 7.3500000000000005 5.9046552693094583 -1.0778199999999998 -0.11977499999999999 -0.014779999999999998 0.85713466239780911 5.1500000000000012
decision_type=2 2 2 10 2 2 10 2 2 2 2 2 2 2
left_child=1 2 -1 4 5 -2 -7 8 10 -10 -3 -12 13 -13
right_child=3 7 -4 -5 -6 6 -8 -9 9 -11 11 12 -14 -15
leaf_value=8.7131473425755145e-06 0.00028542124522265653 2.3307499778043331e-05 -0.00028178480642888931 0.0010168425376938591 0.0005084175816215357 -0.00027496543666925957 -0.00082416434843504401 0.00044069707710349789 -0.0010882594961977045 0.0019366997057770768 -0.00056660466390934228 -0.00051997404255981969 -0.0020258963060737077 0.0015889505318672889
leaf_weight=36.046697616577148 32 332.0933952331543 21 50.046697616577148 21 39 20 72 21 47 22 24 34 108
leaf_count=31 32 322 21 45 21 39 20 72 21 47 22 24 34 108
internal_value=-0.000686293 -0.00015916 -0.00456127 -0.00300384 -0.00477876 -0.00646739 -0.0100833 0.000227603 -0.000185935 -0.00376812 0.000288753 -0.00137566 -0.00011976 0.00157895
internal_weight=879.187 717.14 57.0467 162.047 112 91 59 660.093 588.093 68 520.093 188 166 132
internal_count=859 702 52 157 112 91 59 650 578 68 510 188 166 132
is_linear=0
shrinkage=0.05


Tree=387
num_leaves=15
num_cat=0
split_feature=7 0 3 10 4 5 11 14 0 15 1 15 13 13
split_gain=0.58364 0.875166 1.39609 0.938788 1.042 0.484941 0.855127 1.16311 0.373849 0.276439 0.274373 0.274365 0.320454 0.80652
threshold=5.9500000000000011 14.80190508185021 10.705130003249758 0.23766552919915279 0.54930614433405489 4.0145535273098689 1.0000000180025095e-35 3.5384644663809381 13.945988374896972 -1.0778199999999998 15.797906090047203 -0.83455499999999994 3.1121921542889894 3.0173076496044242
decision_type=2 2 2 2 2 2 2 2 2 2 2 2 8 10
left_child=9 2 3 4 -2 6 10 -8 -4 -1 -3 -11 13 -13
right_child=1 5 8 -5 -6 -7 7 -9 -10 11 -12 12 -14 -15
leaf_value=0.0046981745640154926 -0.00055410187821949548 0.00020992540050539669 0.0015863935010824969 -0.00046454757307005956 -2.2154771683742329e-05 8.6016699387435279e-05 -3.8015711227391293e-05 -0.001047652593305046 -0.00020154656785436529 -0.00024654810126751052 -0.00048671816314146569 0.00023039695540758351 0.0002508630947915805 -0.00045583512463257019
leaf_weight=42 22 98 52 38 37 101 40 30 42 43.046697616577148 23 84 179.0933952331543 25
leaf_count=42 22 98 52 38 37 101 40 30 42 38 23 84 169 25
internal_value=-0.000372517 -0.00151859 -0.00414062 -0.00831633 -0.00425 0.000204778 -0.00127604 -0.0056338 0.000210526 0.00111108 0.00127049 0.000619319 0.00117771 -0.000954545
internal_weight=856.14 483 191 97 59 292 191 70 94 373.14 121 331.14 288.093 109
internal_count=841 483 191 97 59 292 191 70 94 358 121 316 278 109
is_linear=0
shrinkage=0.05


Tree=388
num_leaves=15
num_cat=0
split_feature=3 4 4 13 4 9 13 13 1 15 1 16 13 14
split_gain=0.522757 0.718203 0.949667 0.544704 0.625676 0.560471 0.8158 0.618512 0.58086 0.685977 0.695839 0.408233 0.401856 0.378629
threshold=9.511888355722272 11.069763655070963 10.569976263465795 2.7762937508167798 10.021797621935265 0.70088257582277269 3.1313711311317358 3.803066821374367 13.922990248680849 -0.44686499999999996 14.716209395592537 0.10701500000000001 4.0246259411129488 2.9560257801180323
decision_type=2 2 2 8 2 2 10 10 2 2 2 2 8 2
left_child=-1 2 3 -2 5 8 -7 -8 11 -10 -11 13 -3 -5
right_child=1 12 -4 4 -6 6 7 -9 9 10 -12 -13 -14 -15
leaf_value=7.9273374335509586e-06 0.00025338022997934052 0.00094304372459529768 -0.00085140842462143426 -0.00055226810566975199 0.014751574448811082 2.3364765678973839e-05 -0.00035879663570131709 -0.00032906254281841909 -3.9254198527779001e-05 -0.003071505741583182 -0.00031765726923390448 0.013714405352336746 -0.0006085622718952408 6.0026102534526338e-05
leaf_weight=424.23348808288574 56 86 34 20 22 22 28 21 45 21 24 35 29 20
leaf_count=399 56 86 34 20 22 22 28 21 45 21 24 35 29 20
internal_value=-0.000747362 -0.00190733 -0.00303725 -0.00215873 -0.00312741 -0.00388186 -0.00756944 -0.0111 -0.00225904 -0.00494505 -0.00923913 0.000986842 0.00150862 -0.00243902
internal_weight=887.233 463 348 314 258 236 71 49 165 90 45 75 115 40
internal_count=862 463 348 314 258 236 71 49 165 90 45 75 115 40
is_linear=0
shrinkage=0.05


Tree=389
num_leaves=15
num_cat=0
split_feature=14 13 15 13 9 9 1 1 13 0 9 13 2 3
split_gain=0.412617 0.847851 0.320345 0.578978 0.58889 0.635374 0.382837 0.469717 0.380072 0.46907 0.449716 0.67724 0.327027 0.399084
threshold=0.013506875139370347 3.3845171494617481 0.66927500000000018 3.6087657616108557 0.26092512978024796 -0.80246366112812384 12.831759144235951 14.902492572906766 4.6003327370364895 15.523471602466001 0.86382728211298232 3.7837355977586644 11.500050041309214 13.511894145416049
decision_type=2 10 2 8 2 2 2 2 8 2 2 10 2 2
left_child=1 -1 8 4 5 -4 -6 -8 10 -10 12 -12 -2 -14
right_child=2 -3 3 -5 6 -7 7 -9 9 -11 11 -13 13 -15
leaf_value=0.00022594145566302588 0.00022084971360340967 -0.00070106353954515804 -0.00066797639443462464 0.019515499778578187 -0.0020673896303114226 0.0019028457842706617 -9.8999814444620352e-05 -0.0008482984734028983 0.00054484280068025606 -0.00046914565443713905 2.3123598579022329e-05 -0.00029573343297099034 -4.2269243222792931e-06 0.0088351319692859531
leaf_weight=20 204.04669761657715 20 21 27.093395233154297 20 44 31 20 21 33 93.046697616577148 36 267 47
leaf_count=20 199 20 21 17 20 44 31 20 21 33 88 36 267 47
internal_value=2.31268e-05 -0.00487805 0.00025536 -0.00173397 -0.00306569 0.000378788 -0.00618056 -0.00375 0.000719943 -0.00327273 0.00105767 -0.00157456 0.00171513 0.000698413
internal_weight=904.187 40 864.187 163.093 136 65 71 51 701.093 54 647.093 129.047 518.047 314
internal_count=884 40 844 153 136 65 71 51 691 54 637 124 513 314
is_linear=0
shrinkage=0.05


Tree=390
num_leaves=15
num_cat=0
split_feature=7 0 2 3 2 1 12 1 9 13 13 1 5 0
split_gain=0.833611 0.32468 0.755092 0.505209 0.788186 0.795891 1.47913 0.609542 0.564038 0.509582 0.641786 0.411768 0.465057 0.34948
threshold=7.8500000000000005 12.894777939625641 7.0341528613734576 9.6705788083499247 11.730794247999029 12.674202605042156 1.5000000000000002 12.961945650814028 -0.22069533414098394 3.6918790522500609 3.3965472547192124 14.6958320328954 5.554646837653177 15.523471602466001
decision_type=2 2 2 2 2 2 10 2 2 10 10 2 2 2
left_child=1 -1 -3 9 5 -5 8 -6 -7 10 13 -9 -13 -4
right_child=-2 2 3 4 7 6 -8 11 -10 -11 -12 12 -14 -15
leaf_value=0.00016401952864535848 -0.00011226512493721685 -0.00018949594503135851 0.00066047676096446344 0.004559247788246977 -0.00029147191942455159 2.9979593101076216e-05 -0.00071477758764532768 0.00080341197599844956 -0.00050022102384410434 0.0013548009081862174 -0.00080727523976802649 -0.00025594102088207887 4.7001119639636027e-05 -0.00038268664754272357
leaf_weight=119.0933952331543 22 38 94 20 21 21 22 119 21 105.0933952331543 59.046697616577148 115 71 47
leaf_count=109 22 38 94 20 21 21 22 119 21 95 54 115 71 47
internal_value=-0.00103753 -0.00078883 -0.00117259 -0.000801937 -0.00194647 -0.00623529 -0.00892308 -0.000825688 -0.00325581 0.000737246 -0.000744934 -0.000245098 -0.00171123 0.00109155
internal_weight=894.233 872.233 753.14 715.14 410 84 64 326 42 305.14 200.047 305 186 141
internal_count=869 847 738 700 410 84 64 326 42 290 195 305 186 141
is_linear=0
shrinkage=0.05


Tree=391
num_leaves=15
num_cat=0
split_feature=8 13 6 5 0 9 0 15 9 8 8 14 14 8
split_gain=0.979809 1.27868 0.554611 0.489419 0.722946 0.499478 0.599628 0.495372 0.575285 0.820421 0.53282 0.500289 0.713544 0.347658
threshold=43.100000000000009 3.6189481685919693 1.0000000180025095e-35 8.9571883744325564 14.586376657530122 0.97014794553715189 14.345768791527194 -0.11977499999999999 0.13052619222005182 20.950000000000003 7.160000000000001 2.3447760871238286 1.0079905521927708 33.95000000000001
decision_type=10 10 2 2 2 2 2 2 2 10 10 2 2 10
left_child=2 -2 3 4 5 6 -1 13 10 11 -9 12 -10 -6
right_child=1 -3 -4 -5 7 -7 -8 8 9 -11 -12 -13 -14 -15
leaf_value=-8.3062927848924522e-05 -0.00013114092271422016 -0.00096280779831599706 6.027759799273315e-05 -0.00082760004650043973 8.9649018243763442e-05 0.0016854238055200009 -0.00065997636162409411 -0.0016146593992958419 8.0166800881409789e-06 -0.0007718113261948287 0.0025798985569412854 0.0088297822122788711 -0.0019899110919376563 -0.00025715216345940505
leaf_weight=252.04669761657715 46 32 53 36 179.04669761657715 25.046697616577148 37 20 20 20 74 36 22 28
leaf_count=247 46 32 53 36 174 20 37 20 20 20 74 36 22 28
internal_value=-0.000509907 -0.00582278 1.33235e-05 -0.000339003 -4.8029e-05 -0.00183924 -0.00242984 0.00136292 -0.000466321 -0.00313131 0.00231579 -0.000759493 -0.0044186 0.00305332
internal_weight=880.14 78 802.14 749.14 713.14 314.093 289.047 399.047 192 98 94 78 42 207.047
internal_count=865 78 787 734 698 304 284 394 192 98 94 78 42 202
is_linear=0
shrinkage=0.05


Tree=392
num_leaves=15
num_cat=0
split_feature=3 10 13 9 14 2 14 10 3 1 4 16 7 13
split_gain=0.493836 0.727363 0.767014 0.709264 0.714242 0.88089 0.6507 0.515642 0.651987 0.499735 0.607447 0.77081 0.821113 0.588191
threshold=11.403916910002591 -0.60702770852580734 2.5624635244952301 -0.88395078569180374 3.6625774401023232 13.573072649651293 2.1119792477815627 0.60876142900872032 10.669553535678668 14.674013539411467 3.5904155995222786 1.0000000180025095e-35 4.7500000000000009 3.7533414652925909
decision_type=2 2 8 2 2 2 2 2 2 2 2 2 2 8
left_child=6 -2 -3 -4 -5 -6 9 -8 -9 10 11 13 -13 -1
right_child=1 2 3 4 5 -7 7 8 -10 -11 -12 12 -14 -15
leaf_value=-7.4313821201834538e-05 0.00011129240339059175 0.0082425669874722201 5.7430064930218758e-05 -0.00093624005103527168 0.00027828579200929769 -0.00048561299511194783 0.000246415487197594 -0.001163612251070145 0.00087342692997401962 0.0018561608107907027 -0.00025860460528798288 -0.00067907547946792913 0.00019729340635919187 -0.00046698898849965674
leaf_weight=27 83 23 25 30 36 77 154 24 20 52 66 30 188.14009284973145 24
leaf_count=27 83 23 25 30 36 77 154 24 20 52 66 30 173 24
internal_value=-0.000179389 -0.00192727 -0.00361979 -0.0047929 -0.00614583 -0.00425439 0.000640974 0.00296482 -0.00177778 -0.000552119 -0.00126227 -0.000201005 0.00109839 -0.00567308
internal_weight=859.14 274 191 168 143 113 585.14 198 44 387.14 335.14 269.14 218.14 51
internal_count=844 274 191 168 143 113 570 198 44 372 320 254 203 51
is_linear=0
shrinkage=0.05


Tree=393
num_leaves=15
num_cat=0
split_feature=14 2 15 15 15 8 13 8 15 4 15 1 2 14
split_gain=0.458965 0.660313 0.622576 0.526118 1.14062 0.544942 0.492898 0.63063 0.610458 0.55019 0.539577 0.899517 0.658542 0.434934
threshold=0.019220404642418244 11.025572197356253 -0.014779999999999998 0.66927500000000018 0.73686500000000021 18.990000000000006 3.5534561859539893 31.900000000000002 -1.0523449999999996 9.7278668062257641 -0.11977499999999999 14.070538460099918 11.630521409380931 3.3573234301341457
decision_type=2 2 2 2 2 10 8 10 2 2 2 2 2 2
left_child=2 -2 -1 6 -5 -6 8 10 13 -9 12 -12 -8 -3
right_child=1 3 -4 4 5 -7 7 9 -10 -11 11 -13 -14 -15
leaf_value=-0.00044363953907467592 1.8827339202830969e-05 -0.00047389948524244557 -9.9968147664400549e-06 -0.0010322958156216736 0.0097415549598752638 -0.00083484320406080356 -0.00064624404781993402 -0.00033859553294408851 9.7676452271085469e-05 -0.00046262504256746662 -0.000563731143513055 -0.0011815796233212695 0.00011393505999171079 -2.3613232503209708e-05
leaf_weight=24 254.0933952331543 31 28.046697616577148 22 29 25 26.046697616577148 36 176 21 26 33 101 41
leaf_count=24 244 31 23 22 29 25 21 36 176 21 26 33 101 41
internal_value=-0.000954105 -0.000662052 -0.00546248 -0.00161037 -0.00545455 -0.00145455 -0.00100553 -0.002601 0.000562249 -0.00715517 -0.00117493 -0.00508333 0.000665644 -0.00328767
internal_weight=873.187 821.14 52.0467 567.047 76 54 491.047 243.047 248 57 186.047 59 127.047 72
internal_count=853 806 47 562 76 54 486 238 248 57 181 59 122 72
is_linear=0
shrinkage=0.05


Tree=394
num_leaves=15
num_cat=0
split_feature=2 1 13 4 4 7 10 14 13 1 14 10 8 4
split_gain=0.479126 0.960168 0.670536 0.472764 0.802953 0.490492 1.27675 0.460313 0.56358 0.773811 1.28057 0.735936 0.689339 0.573347
threshold=11.429847332912436 13.051718662833805 3.776547213639899 7.2251172404944937 2.0471722811110507 6.1500000000000012 -0.26932402956675622 2.9208133094535964 3.0459160430837753 14.832503789161324 4.612811713112591 0.45783468794784965 33.95000000000001 10.569976263465795
decision_type=2 2 8 2 2 2 2 2 10 2 2 2 10 2
left_child=3 2 -2 4 -1 6 -6 -3 9 10 -9 12 -10 -11
right_child=1 7 -4 -5 5 -7 -8 8 11 13 -12 -13 -14 -15
leaf_value=6.5202165589426235e-05 -0.0005132176505687723 0.00028613775231498039 -0.00090448634458574018 6.8432680601995523e-05 -0.0055927220365762876 0.00042261842355383668 -7.4433406930217709e-05 -0.0014391230725288272 0.012820099518987611 0.00017694761082740333 -0.00024196905421311756 -0.00043658032194841243 -0.00048694275838808874 -0.00068601339129957778
leaf_weight=244.14009284973145 47.046697616577148 123 20 83 20 26 28 21 107 36 24 58 24 39
leaf_count=229 42 123 20 83 20 26 28 21 107 36 24 58 24 39
internal_value=-0.000276375 -0.00130941 -0.00683011 0.00100885 0.000127532 -0.0044 -0.00734694 -0.000438799 -0.00146774 -0.00413223 -0.00923913 0.000236842 0.00231061 -0.000986842
internal_weight=900.187 499.047 67.0467 401.14 318.14 74 48 432 309 120 45 189 131 75
internal_count=880 494 62 386 303 74 48 432 309 120 45 189 131 75
is_linear=0
shrinkage=0.05


Tree=395
num_leaves=15
num_cat=0
split_feature=13 3 1 3 2 5 13 1 1 5 1 11 13 1
split_gain=0.467389 1.02583 1.21661 0.705211 1.06487 0.44629 0.305822 0.304487 0.424203 0.338449 0.626414 1.11308 0.351694 0.588442
threshold=3.9108723911402059 13.359141511091963 14.070538460099918 2.3410656135621104 11.242196422425282 3.7187503938003199 3.6780493283881963 16.233938958201318 15.755070682384991 4.0145535273098689 14.465425104264854 1.0000000180025095e-35 2.9221190907990109 11.531882702559956
decision_type=8 2 2 2 2 2 10 2 2 2 2 2 10 2
left_child=6 2 3 -2 -5 -4 7 8 9 10 12 -12 -1 -14
right_child=1 -3 5 4 -6 -7 -8 -9 -10 -11 11 -13 13 -15
leaf_value=0.00010662889443912113 -0.00042892641583407306 -0.00076996848928299845 0.00074257404292146496 0.00047620941297123041 -0.0011011422286537891 -0.0010595824004385895 0.0010048012188029682 0.0009212824477362252 -0.035117894065208516 5.0015459310603042e-05 -8.0964268335936037e-05 -0.0011982599247450459 -0.00088384355217597718 1.3525547440772783e-05
leaf_weight=87 35.046697616577148 23 74 39 28 26 88.093395233154297 31 20 93 60 33 41 197.04669761657715
leaf_count=87 30 23 74 39 28 26 78 31 20 93 60 33 41 192
internal_value=-0.000141598 -0.0021003 -0.000934595 -0.00475286 -0.00169118 0.0029703 0.000538595 0.000106978 -0.000178117 0.000107868 -0.00050058 -0.00409574 0.000537449 -0.000459184
internal_weight=875.187 225.047 202.047 102.047 67 100 650.14 562.047 531.047 511.047 418.047 93 325.047 238.047
internal_count=855 220 197 97 67 100 635 557 526 506 413 93 320 233
is_linear=0
shrinkage=0.05


Tree=396
num_leaves=15
num_cat=0
split_feature=8 13 14 0 9 13 2 11 3 14 14 1 2 1
split_gain=0.688147 0.954162 0.403831 0.506358 0.33614 0.79202 0.84426 0.417766 0.611492 0.930548 0.777783 0.318147 0.650952 0.633604
threshold=43.100000000000009 3.6780493283881963 0.019220404642418244 12.754631328093431 -0.70710678118654735 3.6780493283881963 11.65824633693274 1.0000000180025095e-35 11.403916910002591 4.0436453518320183 5.9046552693094583 12.961945650814028 10.47896003373676 12.433408396918468
decision_type=10 10 2 2 2 10 2 2 2 2 2 2 2 2
left_child=2 -2 3 -1 5 -4 -7 11 -9 -10 -11 12 -6 -14
right_child=1 -3 4 -5 7 6 -8 8 9 10 -12 -13 13 -15
leaf_value=4.1788344669572294e-06 -0.00016926260139643479 -0.00070969402456197948 5.1740132028325145e-05 -7.5683221129928632e-05 0.0017511800417576704 -0.0030166004514083182 -0.00048763508393024832 4.0259689631218893e-05 -0.0011958613876757649 0.00070794068870928166 -0.00067345230774031907 0.00024093066828818682 2.2005860528517408e-05 -0.00063434716345772951
leaf_weight=25.046697616577148 52 31 109 20 63.093395233154297 25 23 183.0933952331543 28 36 26 237 38 24
leaf_count=20 52 31 109 20 53 25 23 173 28 36 26 237 38 24
internal_value=0.000326918 -0.00398809 0.000758938 -0.00379542 0.00102237 -0.0010443 -0.00632653 0.00153404 5.64298e-05 -0.0032967 0.00015873 0.00264523 0.000598501 -0.00301587
internal_weight=920.233 83 837.233 45.0467 792.187 157 48 635.187 273.093 90 62 362.093 125.093 62
internal_count=895 83 812 40 772 157 48 615 263 90 62 352 115 62
is_linear=0
shrinkage=0.05


Tree=397
num_leaves=15
num_cat=0
split_feature=8 13 7 8 13 15 8 7 15 10 9 8 7 7
split_gain=0.565784 0.687735 1.3819 0.958311 0.75193 0.523503 0.656401 0.316827 0.282816 0.206489 0.183768 0.20573 0.220961 0.264889
threshold=20.545000000000005 3.9641478046157332 6.7500000000000009 30.300000000000004 2.7838073517271105 -0.40123999999999999 24.950000000000003 4.7500000000000009 0.63776500000000014 -0.5 0.97014794553715189 17.955000000000002 5.0500000000000007 5.2500000000000009
decision_type=10 8 2 10 10 2 10 2 2 2 2 8 2 2
left_child=7 3 -3 4 -2 6 -6 -1 9 -5 11 12 -9 -14
right_child=1 2 -4 8 5 -7 -8 10 -10 -11 -12 -13 13 -15
leaf_value=-0.0016783426179170198 -0.0006538497718838965 -0.00043075985726959208 1.9733836163882152e-05 -1.3792613053661394e-05 -0.003115067768473808 3.0638264827473733e-05 -0.00094257836763022803 0.0017312860245261741 -0.00025161479485122921 7.5320757461750905e-05 0.018082058426105156 0.0024182189586923865 -0.00068709620983754013 2.6950299007495932e-05
leaf_weight=27 23 32 36 41 22 39 20 30 36 90 34.046697616577148 54 34.046697616577148 396.14009284973145
leaf_count=27 23 32 36 41 22 39 20 30 36 90 29 54 29 381
internal_value=0.00013239 -0.00148529 -0.00594203 -0.000349265 -0.00409524 -0.00176829 -0.0055814 0.00108666 0.00199405 0.00306818 0.00134946 0.00110821 0.000760937 0.000466002
internal_weight=914.233 339 68 271 104 81 42 575.233 167 131 548.233 514.187 460.187 430.187
internal_count=889 339 68 271 104 81 42 550 167 131 523 494 440 410
is_linear=0
shrinkage=0.05


Tree=398
num_leaves=15
num_cat=0
split_feature=8 9 9 4 4 5 4 9 9 1 1 10 5 14
split_gain=0.643563 0.754308 0.330039 0.297195 0.518135 0.513473 0.424146 0.495778 0.26542 0.487076 0.891936 0.432074 0.247225 0.225065
threshold=43.100000000000009 1.0000000180025095e-35 0.97014794553715189 9.6430120318600316 11.002206928624593 4.6509353449108879 11.985094856490099 0.44032991850403941 -0.5 13.880744462714931 13.161978831478747 0.074102141141256975 8.5186461233587529 2.7037143114728965
decision_type=10 2 2 2 2 2 2 2 2 2 2 2 2 2
left_child=2 -2 3 8 5 -5 -6 -8 9 10 11 -1 -7 -11
right_child=1 -3 -4 4 6 12 7 -9 -10 13 -12 -13 -14 -15
leaf_value=0.0002146678843264166 1.7457705393679749e-05 -0.0009000043532262083 0.0030976143980074576 -0.00088134135964951753 0.00095894494220686091 0.0012225558241144912 7.0070682467507229e-05 -0.0055387267643986285 6.123718885742633e-05 0.0011228309231346304 -0.00075243106127672991 -0.00057388938660838165 -0.00344070887180876 -0.00025003757327864324
leaf_weight=46 47 40 48.046697616577148 37 45 25 37 25 407.18679046630859 43 20 30 21 37
leaf_count=46 47 40 43 37 45 25 37 25 387 43 20 30 21 37
internal_value=0.000485208 -0.00357955 0.000919651 0.000666421 -0.00104712 -0.00398809 0.00125 -0.00142857 0.00122552 -0.00039548 -0.0027835 -0.00025974 -0.000425532 0.00246914
internal_weight=908.233 87 821.233 773.187 190 83 107 62 583.187 176 96 76 46 80
internal_count=883 87 796 753 190 83 107 62 563 176 96 76 46 80
is_linear=0
shrinkage=0.05


Tree=399
num_leaves=15
num_cat=0
split_feature=6 5 8 0 13 7 7 14 2 14 2 7 0 2
split_gain=0.409285 0.48695 0.354302 0.639558 0.494889 0.421972 0.392782 0.826268 0.604319 0.421736 0.715704 0.381924 0.43352 0.369515
threshold=4.4337841666032221 9.726850458323371 20.545000000000005 16.508409224069531 2.5007776600261349 5.6500000000000012 6.9500000000000011 5.0462937460415311 11.695012151044331 3.0361675158333736 11.242196422425282 4.7500000000000009 16.842075314933073 12.134351203881257
decision_type=2 2 10 2 8 2 2 2 2 2 2 2 2 2
left_child=1 2 11 4 -4 13 7 9 -8 10 -7 -1 -13 -6
right_child=-2 -3 3 -5 5 6 8 -9 -10 -11 -12 12 -14 -15
leaf_value=-0.0013089238634768228 0.00046241304253126373 -0.00078630582583328983 0.011885915439962084 0.00018901428354232549 -8.9149244201670803e-05 -0.00069801287604375276 4.6145935932962607e-05 6.3013772053763288e-05 -0.00037446690227474965 -0.00074208995792765921 0.00022609888679186991 8.9401330992036046e-05 -0.00072472553775438568 0.00047743318305007139
leaf_weight=31 39 30 23 36 56 26 26 22 53 41 20 437.23348808288574 39 28
leaf_count=31 39 30 23 36 56 26 26 22 53 41 20 412 39 28
internal_value=-7.02819e-05 -0.000297771 -7.01025e-05 -0.00134036 -0.00211149 -0.00271062 -0.00402116 -0.00595455 -0.0013125 -0.008125 -0.00468085 0.000759823 0.00111301 0.000235294
internal_weight=907.233 868.233 838.233 331 295 272 188 109 79 87 46 507.233 476.233 84
internal_count=882 843 813 331 295 272 188 109 79 87 46 482 451 84
is_linear=0
shrinkage=0.05


Tree=400
num_leaves=15
num_cat=0
split_feature=9 10 1 15 7 14 4 3 13 3 3 13 13 10
split_gain=0.473451 0.530803 0.812758 0.868092 0.291784 0.329127 0.343898 0.575566 0.475699 0.563383 0.656401 0.465676 0.462132 0.39335
threshold=0.86382728211298232 0.38268343236508956 12.831759144235951 0.63776500000000014 7.3500000000000005 0.28689666846815737 5.1104703916605407 8.650583153493173 2.9940036570363189 10.686057322204698 9.7725930922188802 2.8972419837873922 3.6413638888637321 0.49240481012316867
decision_type=2 2 2 2 2 2 2 2 10 2 2 8 8 2
left_child=4 2 3 -2 5 -1 7 -7 9 10 -8 -11 -9 -14
right_child=1 -3 -4 -5 -6 6 8 12 -10 11 -12 -13 13 -15
leaf_value=0.00022935905913137202 -0.00083071226506285919 -0.000415812012479393 0.0002805293442793378 -6.2972425995108988e-07 6.2327324816370024e-05 6.2187763337111313e-05 -0.00024391446023958242 -0.00060271479786671764 0.00029895908816770193 0.00048863844728258988 -0.0013125239941855565 -0.0013211575824359884 -0.00052786421592470527 0.0018004338774427774
leaf_weight=99 27 37 87 27.093395233154297 69 124 22 66 182 54 20 20 35 23
leaf_count=99 27 37 87 17 69 124 22 66 182 54 20 20 35 23
internal_value=0.000571572 -0.00172833 -0.000313407 -0.0050738 0.00114685 0.000812694 0.000329068 -0.00104418 0.00147157 -0.00102564 -0.0055814 0.0016 -0.00344 -0.000169491
internal_weight=892.093 178.093 141.093 54.0934 714 645 546 248 298 116 42 74 124 58
internal_count=882 168 131 44 714 645 546 248 298 116 42 74 124 58
is_linear=0
shrinkage=0.05


Tree=401
num_leaves=15
num_cat=0
split_feature=6 0 0 13 10 7 1 14 14 13 10 13 14 4
split_gain=0.449235 0.311677 0.429052 0.751352 0.281963 0.508403 0.725375 0.605519 0.456604 0.389473 0.547843 0.536727 0.26369 0.400665
threshold=1.0000000180025095e-35 11.194996633038054 12.657179985727591 3.7033898829532119 0.85713466239780911 5.1500000000000012 13.636157696624045 0.15615118518611129 1.0079905521927708 3.776547213639899 0.97530518246156384 3.185065009498079 6.5608221065794572 10.877505316597103
decision_type=2 2 2 8 2 2 2 2 2 10 2 8 2 2
left_child=1 -1 3 -3 5 6 7 -4 -7 10 11 -6 13 -10
right_child=-2 2 4 -5 9 8 -8 -9 12 -11 -12 -13 -14 -15
leaf_value=5.6670995115540112e-05 0.00021885099695955704 -0.0022074670563198332 -8.3962307659326922e-05 0.002977593893213198 -0.0003381896883700068 0.0062307299541007862 0.00027685517556610035 -0.0005036895382389857 1.0242726361597134e-05 6.9016740934714512e-06 0.001058348111801283 -0.0033672196746966868 -0.00057794697206486618 3.6166464461199324e-05
leaf_weight=54.046697616577148 57 26 24 21.046697616577148 38 119.0933952331543 29 22 321 40.046697616577148 25 32 35 55
leaf_count=49 57 26 24 16 38 109 29 22 321 35 25 32 35 55
internal_value=0.000657413 0.000363519 0.000109028 -0.00446995 0.000405727 0.000866974 -0.00296053 -0.00680851 0.00141306 -0.00165213 -0.00338542 -0.0056338 0.000618932 0.00100796
internal_weight=898.233 841.233 787.187 47.0467 740.14 605.093 75 46 530.093 135.047 95 70 411 376
internal_count=873 816 767 42 725 595 75 46 520 130 95 70 411 376
is_linear=0
shrinkage=0.05


Tree=402
num_leaves=15
num_cat=0
split_feature=8 13 10 16 15 14 14 13 13 10 2 3 2 8
split_gain=0.515269 0.65371 0.429561 0.590363 0.382763 0.570194 0.511067 0.310803 0.728422 0.576123 0.403844 0.264861 0.253342 0.280276
threshold=36.850000000000009 4.0460452466982737 -0.71476258798096814 1.0000000180025095e-35 -0.11977499999999999 0.11421325523412328 0.36314288538083034 3.5534561859539893 3.6780493283881963 0.370557437509836 11.500050041309214 8.2258375322708215 11.894851609888947 13.750000000000002
decision_type=10 10 2 2 2 2 2 8 10 2 2 2 2 10
left_child=4 2 -2 -4 -1 -6 -7 9 -9 11 -10 -8 13 -11
right_child=1 -3 3 -5 5 6 7 8 10 12 -12 -13 -14 -15
leaf_value=9.0428133494018257e-05 0.003312038519404115 -0.00040286182273973758 -0.00073583704605335268 -5.4551879098804399e-06 0.0003488538108483399 -0.0016212415473838074 -0.00047830785610321347 -0.001653568643086265 0.00043848833414963706 -0.00020315191084667529 -0.00061220360314650059 0.00034984439226959786 -6.4709275344284258e-05 -0.00054276911840868403
leaf_weight=360.04669761657715 23 22 35 48 71.140092849731445 32 20 26 24 23 35 92 41 20
leaf_count=355 23 22 35 48 56 32 20 26 24 23 35 92 41 20
internal_value=0.000127045 -0.0027907 -0.0011215 -0.00279762 0.000631968 -0.000465543 -0.00138535 -0.000691489 -0.00319767 0.000406092 -8.33331e-05 0.00274336 -0.00270588 -0.00534091
internal_weight=872.187 128 106 83 744.187 384.14 313 281 85 196 59 112 84 43
internal_count=852 128 106 83 724 369 313 281 85 196 59 112 84 43
is_linear=0
shrinkage=0.05


Tree=403
num_leaves=15
num_cat=0
split_feature=6 14 0 14 14 8 7 1 0 3 4 15 9 9
split_gain=0.439703 0.285894 1.20294 0.400908 0.429242 0.310719 0.442066 0.852057 1.19921 0.47743 0.411007 0.512431 0.401157 0.418063
threshold=4.4337841666032221 0.013506875139370347 12.657179985727591 0.22976101892545828 0.40661190182880841 14.65 5.8500000000000005 14.52395525415511 14.567778328442321 10.141444836219636 10.035054302426195 -0.11977499999999999 0.9562228270146037 0.31316082539001983
decision_type=2 2 2 2 2 10 2 2 2 2 2 2 2 2
left_child=1 2 -1 -3 -5 10 7 8 9 -7 -6 -12 13 -8
right_child=-2 3 -4 4 5 6 12 -9 -10 -11 11 -13 -14 -15
leaf_value=0.00031483609596610039 0.0002033870397773841 0.00029190795737230057 -0.0003400723062344785 -0.0005953871003347563 0.00012284197486577244 8.963653811820056e-05 -1.8792151691860142e-05 0.00049948306012940569 -0.00078663012895459957 -0.00046258703221829686 1.0843069059963639e-05 -0.0024325763545038235 -0.00024922141823881824 6.8251725791777597e-05
leaf_weight=29.046697616577148 47 91.093395233154297 23 32 236.0933952331543 22 167 33 40 24 39 22 29 69
leaf_count=24 47 81 23 32 226 22 167 33 40 24 39 22 29 69
internal_value=0.000239062 -2.19688e-05 -0.00357735 0.000212291 -0.000188397 8.13189e-05 -0.000857143 -0.003375 -0.00597701 -0.000425532 0.00129311 -0.00233871 0.000281955 0.000970464
internal_weight=903.233 856.233 52.0467 804.187 713.093 681.093 384 119 86 46 297.093 61 265 236
internal_count=878 831 47 784 703 671 384 119 86 46 287 61 265 236
is_linear=0
shrinkage=0.05


Tree=404
num_leaves=15
num_cat=0
split_feature=14 15 14 7 15 1 10 14 0 8 10 13 14 0
split_gain=0.558603 1.75178 0.327366 0.450038 0.793715 0.481092 0.720004 0.507248 0.340368 0.592354 0.528744 0.331505 0.47412 0.337101
threshold=0.019220404642418244 -0.065509999999999985 0.15615118518611129 6.2500000000000009 -0.11977499999999999 12.703507605109477 -0.26932402956675622 3.5384644663809381 15.523471602466001 11.500000000000002 0.074102141141256975 2.9495956306875488 7.0407342028791646 14.818144054498761
decision_type=2 2 2 2 2 2 2 2 2 10 2 10 2 2
left_child=1 -1 -2 4 -4 6 -6 8 10 -10 -7 -5 13 -13
right_child=2 -3 3 11 5 7 -8 -9 9 -11 -12 12 -14 -15
leaf_value=-0.00033894991085094931 0.0018894521308209741 0.00018780173917859716 7.1825305983634654e-05 0.00010453606111899424 4.5669732189724105e-06 -0.00021588728694264806 -0.0039989445313387828 -0.00068364007418384646 0.00018438355417793427 -0.0017945831908478425 0.00014628898105893711 -4.7291445004025687e-06 -0.00041587922757565078 9.2926039635769897e-05
leaf_weight=26 64.093395233154297 33.046697616577148 176.04669761657715 108 21 39 29 39 30 25 55 107 29 136
leaf_count=26 54 28 171 108 21 39 29 39 30 25 55 107 29 136
internal_value=0.000420322 -0.00424281 0.000745746 0.000465675 -0.00067406 -0.0025523 -0.00686274 -0.00137566 -3.33331e-05 -0.003125 0.00178947 0.00170604 0.000769231 0.0014959
internal_weight=917.187 59.0467 858.14 794.047 414.047 238 50 188 149 55 94 380 272 243
internal_count=897 54 843 789 409 238 50 188 149 55 94 380 272 243
is_linear=0
shrinkage=0.05


Tree=405
num_leaves=15
num_cat=0
split_feature=1 10 4 0 3 3 4 4 9 0 0 0 2 10
split_gain=0.379753 0.440883 0.287006 0.534619 0.411811 0.279153 0.250104 0.646486 0.556262 0.381771 0.342853 0.487524 0.638526 0.526871
threshold=9.9532426738528574 0.1993508540825906 11.92474704216828 15.820032688096461 12.61951912582485 12.306661339495072 6.1259351205958383 5.0021526326360242 -0.5 15.960627720816442 16.401856143909331 15.450586597540411 11.799000608677032 -0.92304025209086904
decision_type=2 2 2 2 2 2 2 2 2 2 2 2 2 2
left_child=1 -1 4 -4 5 6 7 10 9 -8 11 13 -13 -2
right_child=2 -3 3 -5 -6 -7 8 -9 -10 -11 -12 12 -14 -15
leaf_value=-2.3186540668822689e-05 -0.00011809427512835549 -0.00079552361342253805 -0.00038422816374515835 0.00011295873617368246 0.0013094747833906695 -7.4788799327120555e-05 1.5073015381446072e-05 -0.00043017353095913934 0.0002029038346988009 -0.00062296354611918842 0.0052697291840095245 0.00074250745509012736 -0.0017753343231371637 0.00015297305063000332
leaf_weight=32.093395233154297 38 21 41 38 89 27 49 29 170 20 44 38 33 216.0933952331543
leaf_count=22 38 21 41 38 89 27 49 29 170 20 44 38 33 206
internal_value=0.000649901 -0.00341138 0.000912823 -0.0019375 0.001214 0.000782547 0.000995884 0.000226681 0.00227083 -0.0015 0.000798358 0.000231428 -0.00340278 0.00125627
internal_weight=885.187 53.0934 832.093 79 753.093 664.093 637.093 398.093 239 69 369.093 325.093 71 254.093
internal_count=865 43 822 79 743 654 627 388 239 69 359 315 71 244
is_linear=0
shrinkage=0.05


Tree=406
num_leaves=15
num_cat=0
split_feature=8 7 13 6 13 1 2 13 14 14 3 0 13 14
split_gain=0.590148 1.15368 1.21962 0.255938 0.288597 0.488524 0.944135 0.449793 0.314706 0.308843 0.557267 0.712486 0.289679 0.208402
threshold=39.95000000000001 6.6500000000000012 3.6189481685919693 4.4337841666032221 2.5688187898933337 15.807939224393884 11.274353281260124 2.4531326585235829 7.0407342028791646 4.9035513653134428 11.801998571662592 15.523471602466001 4.590222163723535 0.32777594397473042
decision_type=10 2 10 2 10 2 2 8 2 2 2 2 10 2
left_child=3 2 -2 4 5 6 -1 -8 9 10 12 -12 13 -6
right_child=1 -3 -4 -5 8 -7 7 -9 -10 -11 11 -13 -14 -15
leaf_value=7.1293030952352914e-05 -1.458368563841418e-05 9.1470962069380016e-05 -0.00098422828859686686 0.00022703446510889056 -2.4012055154367503e-05 0.00054210633082488484 -0.0017922880471628018 -0.00069062609330578265 -0.00045011925793668104 0.00025559816058271954 -1.1849596592187156e-05 -0.0005762242626895026 -0.00021317820699577017 0.00016134054523190712
leaf_weight=39 25 61 22 41 122.0933952331543 23 20 25 20 81 36 22 22.046697616577148 340.04669761657715
leaf_count=39 25 61 22 41 112 23 20 25 20 81 36 22 17 335
internal_value=0.000606468 -0.00284404 -0.00864583 0.00108047 0.000866541 -0.00152778 -0.00329412 -0.00815217 0.00126661 0.0014674 0.00103267 -0.00355932 0.00158894 0.0018584
internal_weight=899.187 108 47 791.187 750.187 107 84 45 643.187 623.187 542.187 58 484.187 462.14
internal_count=879 108 47 771 730 107 84 45 623 603 522 58 464 447
is_linear=0
shrinkage=0.05


Tree=407
num_leaves=15
num_cat=0
split_feature=14 0 13 15 15 8 2 14 2 1 2 0 2 11
split_gain=0.812645 1.28577 0.450674 0.421913 0.435668 0.430664 0.445763 0.512565 0.29227 0.881959 0.557511 0.317819 0.263239 0.309694
threshold=0.019220404642418244 12.97344749778412 4.6003327370364895 0.66927500000000018 0.70259000000000016 10.050000000000002 12.157098482911444 0.79340990612664786 11.374111380597908 12.918057574873414 12.083269116529681 16.231735168163237 11.730794247999029 1.0000000180025095e-35
decision_type=2 2 10 2 2 10 2 2 2 2 2 2 2 2
left_child=1 -1 3 8 -5 -6 7 -7 11 10 -10 -2 -11 -14
right_child=2 -3 -4 4 5 6 -8 -9 9 12 -12 -13 13 -15
leaf_value=-5.4430373059548597e-06 0.00016481843435073201 -0.00030699558115843953 -0.0003617706293835606 -0.00048462060108120196 0.00049252787582125795 -5.8902534912006792e-05 0.012776737042588943 -0.0011894315513091237 -0.0017457548189212077 -0.00034838024616337795 -5.9337036917800317e-05 -0.00025192072844999459 0.001221670681017495 -3.5763027905976896e-05
leaf_weight=27.046697616577148 221.04669761657715 22 21 28 41.046697616577148 28.046697616577148 25 26 24 30 20 26 219 119
leaf_count=22 216 22 21 28 36 23 25 26 24 30 20 26 219 119
internal_value=9.7854e-05 -0.00608964 0.000471212 0.000662881 -0.00174074 -0.000409048 -0.00255809 -0.00508235 0.00120481 0.000387409 -0.00622222 0.00256094 0.00119241 0.00159292
internal_weight=877.187 49.0467 828.14 807.14 148.093 120.093 79.0467 54.0467 659.047 412 44 247.047 368 338
internal_count=857 44 813 792 138 110 74 49 654 412 44 242 368 338
is_linear=0
shrinkage=0.05


Tree=408
num_leaves=15
num_cat=0
split_feature=0 1 15 8 12 4 4 1 1 15 1 10 9 4
split_gain=0.400735 0.582144 1.22745 0.377888 0.311546 0.502708 0.400146 0.466211 0.569988 0.514027 0.650769 0.565296 0.931136 0.469783
threshold=11.194996633038054 11.377132815743465 -0.014779999999999998 8.8500000000000032 1.5000000000000002 11.92474704216828 11.584887395404762 12.281341017959948 12.77408811581733 0.011770000000000001 13.54982795163504 0.49240481012316867 -0.54097447136799481 3.5904155995222786
decision_type=2 2 2 10 8 2 2 2 2 2 2 2 2 2
left_child=-1 2 -2 -3 6 -6 7 -5 -9 10 -10 12 -12 -11
right_child=1 3 -4 4 5 -7 -8 8 9 13 11 -13 -14 -15
leaf_value=6.9334482023817708e-05 -0.00048303140503665214 0.00012458906347141262 0.00015919091410183237 0.00057224738572390671 4.3249715572855207e-05 -0.00033027149320559814 0.0011953785339511771 -0.0005439779544424893 0.00043837083752948033 8.6635856807857031e-05 -0.00059288691312362482 -0.00096284229159173209 0.0001878736828139254 -0.00015667316103492874
leaf_weight=53.046697616577148 23 132 35.046697616577148 43.046697616577148 256.0933952331543 21 46 31 25 61 24 33 47 56
leaf_count=48 23 132 30 38 246 21 46 31 25 61 24 33 47 56
internal_value=-0.000190291 -0.000460408 -0.00524613 -9.57294e-05 -0.000596608 0.000666924 -0.0015523 -0.00217964 -0.00293165 -0.00210526 -0.00426923 -0.006 -0.00340278 0.00029661
internal_weight=886.233 833.187 58.0467 775.14 643.14 277.093 366.047 320.047 277 246 129 104 71 117
internal_count=861 813 53 760 628 267 361 315 277 246 129 104 71 117
is_linear=0
shrinkage=0.05


Tree=409
num_leaves=15
num_cat=0
split_feature=3 1 4 4 4 6 14 1 0 1 10 10 13 3
split_gain=0.385561 0.975517 1.27211 1.63956 0.434005 0.30047 0.362233 0.382957 0.376954 0.538549 0.314727 0.320173 0.354317 0.847851
threshold=12.881188419440607 14.687464756417432 12.396072387223953 10.569976263465795 10.877505316597103 1.0000000180025095e-35 4.7047332155314949 14.797105289752659 16.389731277258996 14.61234632325489 0.96648588260150581 0.91523306216449185 4.3167983667369354 8.0743318262623713
decision_type=2 2 2 2 2 2 2 2 2 2 2 2 8 2
left_child=4 -2 3 -3 5 6 7 8 9 10 11 12 -1 -14
right_child=1 2 -4 -5 -6 -7 -8 -9 -10 -11 -12 -13 13 -15
leaf_value=-7.5540229978857291e-06 0.0035617991126852648 -4.9897723912634285e-05 6.2807164445079404e-05 -0.0010537592449828324 0.0061953241753367654 0.00011198902497411047 -0.001111936702589989 0.00027941816468057893 7.9331371943693594e-05 -0.00098102422152207308 0.00091495861059788866 -0.0018795606482712357 -0.00039295048531483615 0.00187694515595137
leaf_weight=400.18679046630859 30 23 39 23 65 29 21 120 29 27 25 39 20 20
leaf_count=380 30 23 39 23 65 29 21 120 29 27 25 39 20 20
internal_value=-0.000108722 -0.00280172 -0.00552326 -0.0110638 0.00028377 -6.71045e-05 -0.000276374 -7.20301e-05 -0.000622014 -0.000928369 -0.000552402 -0.000841477 -0.000451206 -0.00487805
internal_weight=910.187 115 85 46 795.187 730.187 701.187 680.187 560.187 531.187 504.187 479.187 440.187 40
internal_count=890 115 85 46 775 710 681 660 540 511 484 459 420 40
is_linear=0
shrinkage=0.05


Tree=410
num_leaves=15
num_cat=0
split_feature=13 10 14 0 1 15 15 1 7 14 10 10 13 14
split_gain=0.273931 0.53084 0.33235 0.930949 0.277549 0.244509 0.559551 0.770863 0.330776 0.749664 0.799476 0.37248 0.34772 0.277031
threshold=2.2184172532748758 -0.62758608479379874 0.019220404642418244 12.657179985727591 16.34641728054773 -1.1641199999999998 -0.92700999999999989 13.613529124121005 6.2500000000000009 3.1058110998530073 0.38268343236508956 -0.49810825183760388 4.3243355245049999 0.26788952530819021
decision_type=10 2 2 2 2 2 2 2 2 2 2 2 10 2
left_child=1 -1 3 -2 5 -4 7 -7 9 12 11 -11 13 -8
right_child=2 -3 4 -5 -6 6 8 -9 -10 10 -12 -13 -14 -15
leaf_value=-0.00038808760216190168 0.00020619566125796099 -7.0247787904615026e-05 9.4068651444342312e-05 -0.00026615279966928448 -0.0004257246418210292 -0.00050536606270979877 0.0023960636402834993 0.0033837092582909298 0.00015684309517066157 -0.00034363624910480723 -0.0006845348220457921 0.00018259417713168812 -0.00051845104259966638 4.5874306308442262e-05
leaf_weight=20 27.046697616577148 34 135.04669761657715 26 34 25 54.046697616577148 20 212 21 37 22 27.046697616577148 181
leaf_count=20 22 34 130 26 34 25 49 20 212 21 37 22 22 181
internal_value=0.00014373 -0.00327273 0.000372098 -0.00341865 0.000637986 0.00084433 0.000409048 -0.0048913 0.000847546 -0.000115225 -0.00432099 0.000340909 0.00118006 0.00180148
internal_weight=875.187 54 821.187 53.0467 768.14 734.14 599.093 45 554.093 342.093 80 43 262.093 235.047
internal_count=855 54 801 48 753 719 589 45 544 332 80 43 252 230
is_linear=0
shrinkage=0.05


Tree=411
num_leaves=15
num_cat=0
split_feature=8 13 13 9 3 3 7 0 1 9 8 14 10 13
split_gain=0.545421 0.855153 1.03052 0.456309 0.417056 0.701525 0.356323 0.56691 0.484084 0.385723 0.313095 0.307067 0.403585 0.273939
threshold=20.950000000000003 4.1892910396700271 4.5201734135869565 0.44032991850403941 13.097434168265339 8.3074692296112875 6.2500000000000009 16.231735168163237 11.824838310940949 0.39873388578253716 9.943500000000002 3.5519491752087817 0.59827334065059656 3.1062043792790042
decision_type=10 8 10 2 2 2 2 2 2 2 10 2 2 10
left_child=6 3 -3 -2 5 -5 7 10 -8 -9 -1 12 13 -12
right_child=1 2 -4 4 -6 -7 8 9 -10 -11 11 -13 -14 -15
leaf_value=0.00068010269882615463 1.4601824710352377e-05 -0.00036464891861679832 -0.00032585415442213875 -0.00020430168792062232 -0.0099368760491844663 1.3046800398194714e-05 -0.00010364175681656949 -0.00079951845094484466 0.00079855508305420354 1.6946853539926072e-05 0.0050391187523031985 -0.00044398731287857208 0.0067638388333909382 -0.00019183675173107699
leaf_weight=121.0933952331543 184 21 20 20 20 63 21 35 177 23 40 23 38.046697616577148 86.093395233154297
leaf_count=111 184 21 20 20 20 63 21 35 177 23 40 23 33 76
internal_value=6.84788e-05 -0.00155015 -0.00821429 -0.000572916 -0.00322115 -0.00160714 0.0010105 8.48711e-05 0.00271357 -0.00440678 0.000941578 -0.000341764 0.000428124 -0.000940513
internal_weight=892.233 328 41 287 103 83 564.233 366.233 198 58 308.233 187.14 164.14 126.093
internal_count=867 328 41 287 103 83 539 341 198 58 283 172 149 116
is_linear=0
shrinkage=0.05


Tree=412
num_leaves=15
num_cat=0
split_feature=10 15 7 3 2 2 2 15 14 12 14 3 14 0
split_gain=0.513747 0.79829 0.363745 0.385071 0.728571 0.463516 0.49291 0.68583 0.488099 0.732988 0.9083 0.419134 0.364547 0.304513
threshold=0.96126169593831889 -1.1641199999999998 7.4500000000000011 12.012557628632541 12.890185940438831 12.245104772654026 11.210599421575576 -0.67852499999999993 1.0079905521927708 1.0000000180025095e-35 2.7323295530810872 9.6705788083499247 0.58347200222151763 16.146562078170792
decision_type=2 2 2 2 2 2 2 2 2 10 2 2 2 2
left_child=1 -1 3 5 -5 6 7 12 -8 -10 11 -11 -3 -6
right_child=-2 2 -4 4 13 -7 8 -9 9 10 -12 -13 -14 -15
leaf_value=0.00026109487709929436 0.00023883311885095494 -0.00072409874551490941 0.00011440604247541544 -0.00062751905046170686 -0.00032507891214670395 0.00013743140968354371 0.00040279036879615441 2.055527549931662e-05 -0.0075824718140843454 -0.00019758261159973455 0.00016796952754544772 -0.00057465110409681138 -0.00012600994260657453 7.8901602048571745e-05
leaf_weight=130.04669761657715 94 22 49 23 58 113 36.046697616577148 212.14009284973145 20 23 36 21 23 40
leaf_count=125 94 22 49 23 58 113 31 197 20 23 36 21 23 40
internal_value=-0.000109663 -0.000518849 -0.00120951 -0.00153468 -0.00405738 -0.000924839 -0.00173539 -0.000442781 -0.00415746 -0.00594059 -0.0037037 -0.00844444 -0.00597826 -0.00212121
internal_weight=900.233 806.233 676.187 627.187 121 506.187 393.187 257.14 136.047 100 80 44 45 98
internal_count=875 781 656 607 121 486 373 242 131 100 80 44 45 98
is_linear=0
shrinkage=0.05


Tree=413
num_leaves=15
num_cat=0
split_feature=7 7 7 0 0 4 4 10 10 14 15 0 0 0
split_gain=0.566961 0.322161 0.460335 0.463551 1.01269 0.673273 0.574326 0.383703 0.274659 0.233498 0.225405 0.243808 1.28295 0.264803
threshold=7.8500000000000005 7.5500000000000007 6.3500000000000005 14.818144054498761 13.844281654504199 9.1790302868013747 7.2251172404944937 -0.95753489942155756 0.85713466239780911 3.237719231425281 -1.2924149999999999 15.772079058790217 15.960627720816442 16.231735168163237
decision_type=2 2 2 2 2 2 2 2 2 2 2 2 2 2
left_child=1 2 10 4 6 -6 -4 -5 9 -9 -1 -12 -13 -14
right_child=-2 -3 3 7 5 -7 -8 8 -10 -11 11 12 13 -15
leaf_value=0.0027866928433518908 -0.00029342479938066147 0.0056713984263158761 -0.00011708130940547804 -0.00020902154225784297 -0.0002184122457563307 -0.0029286726275094266 0.0010178794852567605 -0.00028368634444533549 -0.00019017050721195948 0.00044363424029714767 7.9081019941103006e-05 -0.0016229514315010804 0.0038359099630384352 -0.00011833691641329882
leaf_weight=50 23 33 32 22 20 22 47 29 38 89 369.23348808288574 23 30 70
leaf_count=50 23 33 32 22 20 22 47 29 38 89 344 23 30 70
internal_value=-0.000126729 8.13127e-05 -0.000111409 -0.00168333 -0.00405738 -0.0102326 -0.0006875 -5.58657e-05 0.000828026 0.00201681 0.000756889 0.000428129 -0.00149194 0.000990099
internal_weight=897.233 874.233 841.233 299 121 42 79 178 156 118 542.233 492.233 123 100
internal_count=872 849 816 299 121 42 79 178 156 118 517 467 123 100
is_linear=0
shrinkage=0.05


Tree=414
num_leaves=15
num_cat=0
split_feature=6 8 8 9 2 12 13 10 13 13 8 3 14 0
split_gain=0.576552 0.568406 0.762361 0.451854 0.669327 0.400545 0.382329 0.367156 0.410857 0.557864 0.528199 1.21684 0.33756 0.305414
threshold=1.0000000180025095e-35 11.160000000000002 12.65 -0.9263445426916056 9.0965767664003732 1.0000000180025095e-35 3.2837557712968031 -0.95753489942155756 3.1847201767061821 3.0909836995657325 39.95000000000001 9.1862526603954802 2.1119792477815627 14.145111776135662
decision_type=2 10 10 2 2 10 8 2 8 10 10 2 2 2
left_child=1 3 6 -1 -5 -4 -3 12 9 13 -10 -12 -7 -9
right_child=-2 2 5 4 -6 7 -8 8 10 -11 11 -13 -14 -15
leaf_value=-0.00077248982615393195 0.00051921107284029456 -0.0016019947528758934 0.0003052600362915478 -0.00027860731243152124 0.0010793847871232432 -0.00051110899867529461 -0.0014482343067006112 7.1868654880553876e-05 3.9021156779814857e-05 -0.0008078646073459636 -0.0010087584083836388 4.7443732510712087e-05 -0.00012739593861398085 -0.00037238858274551805
leaf_weight=25 51 23 90 40 189.04669761657715 28 25 34 233.0933952331543 22 21 32 31 49
leaf_count=25 51 23 90 40 184 28 25 34 223 22 21 32 31 49
internal_value=-0.000206119 -0.000521028 -0.0013742 0.00145163 0.00215275 -0.000830786 -0.00734694 -0.00143991 -0.000878701 -0.00353774 0.000106122 -0.00435185 -0.00508333 -0.00160714
internal_weight=893.14 842.14 588.093 254.047 229.047 540.093 48 450.093 391.093 105 286.093 53 59 83
internal_count=878 827 578 249 224 530 48 440 381 105 276 53 59 83
is_linear=0
shrinkage=0.05


Tree=415
num_leaves=15
num_cat=0
split_feature=16 7 9 14 14 9 5 7 9 16 2 2 13 9
split_gain=0.681731 0.801856 0.344837 0.393747 1.01492 1.01907 0.478987 0.399981 0.321567 0.456789 0.321272 0.42442 0.895143 0.4792
threshold=-0.84618999999999989 6.6500000000000012 0.86382728211298232 5.0734674838097407 3.9291655750132652 0.087148275903737818 5.8442286787023843 6.6500000000000012 0.97014794553715189 0.10701500000000001 11.500050041309214 12.115537314248444 2.8808251908896749 -0.076282340628164816
decision_type=2 2 2 2 2 2 2 2 2 2 2 2 10 2
left_child=1 -1 3 4 6 7 10 -6 9 -4 -2 12 -12 -14
right_child=2 -3 8 -5 5 -7 -8 -9 -10 -11 11 -13 13 -15
leaf_value=-4.0355511188180153e-05 9.5256699824436083e-05 -0.00024169753718864993 -0.00018137300921332127 0.0043451451966710812 -0.00088981267794701561 0.00065327637360928343 -8.5356419557209789e-05 -0.0023891310880441901 3.2042731542296299e-05 -0.00040463923970395898 0.00095271796371536712 0.00010951640335082453 -0.00056555358473163789 -0.00048753483058710568
leaf_weight=48 256.04669761657715 22 88.093395233154297 119 22 23 22 20 46.046697616577148 34 21 115 22 21
leaf_count=48 251 22 78 119 22 23 22 20 41 34 21 115 22 21
internal_value=-0.000231844 -0.00492958 0.000180124 0.000709035 0.000115159 -0.00568182 0.000950195 -0.0102326 -0.00182866 -0.00316453 0.0013192 -0.000305555 -0.00353846 -0.00761364
internal_weight=879.187 70 809.187 641.047 522.047 65 457.047 42 168.14 122.093 435.047 179 64 43
internal_count=859 70 789 636 517 65 452 42 153 112 430 179 64 43
is_linear=0
shrinkage=0.05


Tree=416
num_leaves=15
num_cat=0
split_feature=13 7 3 8 9 9 9 8 10 9 7 13 13 4
split_gain=0.676463 0.41063 0.332676 0.329486 0.817289 0.356406 0.348612 0.473296 0.405139 0.340096 0.332403 0.32851 0.403557 1.16773
threshold=4.6177846362661281 7.7500000000000009 11.016191151759587 43.100000000000009 -0.22069533414098394 0.97014794553715189 0.86382728211298232 10.250000000000002 0.38268343236508956 -0.63101285980617694 5.1500000000000012 2.6183073868508173 3.1728514828858168 7.7699547862938187
decision_type=8 2 2 10 2 2 2 10 2 2 2 10 10 2
left_child=1 3 -2 5 -5 6 9 -8 -9 11 -11 -1 13 -13
right_child=2 -3 -4 4 -6 -7 7 8 -10 10 -12 12 -14 -15
leaf_value=0.029110996904216743 -2.7076532535180564e-05 -0.00031147578269012129 -0.00048647958235727129 0.00099322599953324104 -0.00060163336680718691 0.0054275375129659645 -0.0003278676402333619 0.0024942844030976449 -0.00027203570733356651 0.00014740159533889151 2.6721761276909991e-05 0.00014341028088769834 -1.0714709593528034e-06 -0.0015938700427953147
leaf_weight=21 22 27 22 38 38 44.046697616577148 38.046697616577148 66.093395233154297 23 63 350.04669761657715 29 110 24
leaf_count=21 22 27 22 38 38 39 33 56 23 63 345 29 110 24
internal_value=-0.000244296 6.43951e-05 -0.00622222 0.000261664 -0.00285714 0.000573516 0.000304658 -0.00206258 -5.03146e-05 0.000811364 0.00160666 -0.000972973 -0.0017378 -0.00527778
internal_weight=915.233 871.233 44 844.233 76 768.233 724.187 127.14 89.0934 597.047 413.047 184 163 53
internal_count=890 846 44 819 76 743 704 112 79 592 408 184 163 53
is_linear=0
shrinkage=0.05


Tree=417
num_leaves=15
num_cat=0
split_feature=14 15 2 1 13 7 1 13 10 14 13 7 2 15
split_gain=0.476951 1.67283 0.412704 0.507552 0.675357 0.613267 0.439065 0.711818 0.50743 0.568952 0.418815 0.511451 0.647624 0.380393
threshold=0.019220404642418244 -0.065509999999999985 10.682881186379747 13.051718662833805 3.999297778463514 6.4500000000000011 15.755070682384991 4.6003327370364895 -0.50376918148035232 6.074636498170892 3.538081512587993 5.6500000000000012 8.7777284044710679 -0.44686499999999996
decision_type=2 2 2 2 8 2 2 8 2 2 8 2 2 2
left_child=1 -1 10 4 5 -4 13 8 -8 -10 11 12 -2 -5
right_child=2 -3 3 6 -6 -7 7 -9 9 -11 -12 -13 -14 -15
leaf_value=-0.00023805305572933522 0.00227633124632765 9.0245339310871976e-05 0.0001434325384898169 0.00014747186904625381 -0.00036058358317866035 -0.00037422464327542169 0.027740910965499022 -0.00048472784092745886 -0.0011210621674606145 0.0064300074518855851 0.0010763396928152806 8.8866627570667009e-05 -0.0011446129918949251 -7.9696143704545555e-05
leaf_weight=25 23 36.046697616577148 48 157 24 33 25 21 30 21 102.0933952331543 53 34 255
leaf_count=25 23 31 48 157 24 33 25 21 30 21 92 53 34 255
internal_value=-0.000522777 -0.00475072 -0.000204974 -0.000861788 -0.00400943 -0.00176829 -0.000205882 -0.00321429 -0.000909091 -0.00375 0.00169159 -0.00045045 -0.0037069 0.000508475
internal_weight=887.14 61.0467 826.093 614 105 81 509 97 76 51 212.093 110 57 412
internal_count=872 56 816 614 105 81 509 97 76 51 202 110 57 412
is_linear=0
shrinkage=0.05


Tree=418
num_leaves=15
num_cat=0
split_feature=16 13 4 3 0 0 0 4 13 14 4 4 12 0
split_gain=0.899297 0.890968 0.71886 0.734467 0.66902 0.939258 0.945454 0.446691 1.22563 0.567788 0.437867 0.616165 0.409015 0.364121
threshold=1.0000000180025095e-35 3.6025798466659689 8.5095070156779453 10.028834147990368 14.116041381314 15.472996339817792 16.476907121999037 9.9887960114006713 2.9940036570363189 6.135404919216473 5.6076234636338862 2.8156058909106831 2.5000000000000004 13.933523308119085
decision_type=2 8 2 2 2 2 2 2 10 2 2 2 10 2
left_child=1 2 3 -1 -3 -6 -7 10 9 -9 11 13 -10 -2
right_child=7 4 -4 -5 5 6 -8 8 12 -11 -12 -13 -14 -15
leaf_value=8.3607175580038804e-05 -0.00012010592153998784 -0.00012745057898633897 0.00088200457633193707 -0.00047142531988458793 7.1163422060623182e-05 -0.00039907942140302493 -1.2044646333408029e-06 -0.0017090643755294892 0.010695859558118847 -0.00031823335724854863 0.00017012169242129873 -0.00020471790746699463 -0.00051237425079980411 0.00021565992141215357
leaf_weight=37 98.093395233154297 31 45 22 37 32 21 27 55 21 154 36 22 206
leaf_count=37 88 31 45 22 37 32 21 27 55 21 154 36 22 206
internal_value=-0.000508267 -0.00320796 0.000190476 -0.00341667 -0.00610656 -0.00384615 -0.00805556 0.000476488 -0.00218254 -0.00836735 0.00115224 0.000147957 0.00173077 0.000886506
internal_weight=844.093 225 104 59 121 90 53 619.093 125 48 494.093 340.093 77 304.093
internal_count=834 225 104 59 121 90 53 609 125 48 484 330 77 294
is_linear=0
shrinkage=0.05


Tree=419
num_leaves=15
num_cat=0
split_feature=16 13 0 1 3 3 1 1 15 3 3 15 14 3
split_gain=1.26218 1.31457 1.35683 0.912487 1.24846 1.40378 0.58299 1.055 0.387932 0.302614 0.457638 0.244495 0.564306 0.572543
threshold=1.0000000180025095e-35 3.8967886388235606 14.656840512634762 14.637936286036775 12.543348324901309 11.016191151759587 16.163570925990737 16.631081622174246 -0.30803999999999992 13.37443548907458 12.881188419440607 -0.92700999999999989 3.0917773372545239 9.2393042073080913
decision_type=2 10 2 2 2 2 2 2 2 2 2 2 2 2
left_child=1 3 -3 8 5 -5 9 -8 -1 10 11 12 13 -2
right_child=6 2 -4 4 -6 -7 7 -9 -10 -11 -12 -13 -14 -15
leaf_value=0.00019665731815107993 -0.00014158091314177743 -0.00012716759955380268 -6.7238083575374102e-05 -0.00089347681119251131 0.00034716078663377825 -0.00058548498731063401 -0.0024881357266144906 0.0066725568246295587 -0.0003138322015426175 0.001775246073041672 -0.00039701003892958888 4.5599518925484257e-05 0.018665919582063855 -0.00035464079911981078
leaf_weight=69 28 24 34 21 31 21 22 22 30 41 21 485.18679046630859 32 21
leaf_count=69 28 24 34 21 31 21 22 22 30 41 21 465 32 21
internal_value=-0.000707568 -0.0038961 -0.010339 -0.0016763 -0.00587838 -0.0113953 0.00038761 -0.00511111 0.00145 0.000780268 0.000486128 0.000759774 -0.00176829 -0.0051
internal_weight=902.187 230 58 172 73 42 672.187 44 99 628.187 587.187 566.187 81 49
internal_count=882 230 58 172 73 42 652 44 99 608 567 546 81 49
is_linear=0
shrinkage=0.05


Tree=420
num_leaves=15
num_cat=0
split_feature=10 13 2 0 7 13 13 7 15 4 10 15 16 10
split_gain=0.365134 0.600657 1.3966 0.752874 0.576585 0.570373 0.518795 0.367333 0.361855 0.497642 0.434035 0.360701 0.377364 0.396605
threshold=-0.71476258798096814 3.6343809878543185 6.6483263812505102 15.772079058790217 6.2500000000000009 4.0140358132587517 4.4876448421191251 6.1500000000000012 -1.0523449999999996 10.25411720906626 0.32762316226846638 -0.43006499999999998 1.0000000180025095e-35 -0.49810825183760388
decision_type=2 8 2 2 2 10 10 2 2 2 2 2 2 2
left_child=7 8 -3 5 -5 -4 -7 -1 9 10 -2 -10 -13 -14
right_child=1 2 3 4 -6 6 -8 -9 11 -11 -12 12 13 -15
leaf_value=0.00026141101287335307 -0.0010181045966747252 -0.00022018075045132976 0.00061181272837710244 -0.0010464479395316832 -2.2475743119095831e-05 -0.00026832716573413281 0.00095100534848378696 -1.3020820221991774e-05 0.00047095333346559441 -0.00087096738658053348 0.00055187826144993191 -0.00050271965179879061 -0.00042286416539821602 9.7709390638822135e-05
leaf_weight=115 26 22 70 35 38 45 25 102 45 25 23.046697616577148 36 48 214
leaf_count=115 26 22 70 35 38 45 25 102 45 25 18 36 48 214
internal_value=-0.000465224 -0.00105623 -0.00307203 -0.00179907 -0.00587838 0.00035461 -0.0028169 0.00130734 8.42814e-05 -0.00306165 -9.52411e-05 0.000770349 0.000133779 0.000798479
internal_weight=869.047 652.047 235 213 73 140 70 217 417.047 74.0467 49.0467 343 298 262
internal_count=864 647 235 213 73 140 70 217 412 69 44 343 298 262
is_linear=0
shrinkage=0.05


Tree=421
num_leaves=15
num_cat=0
split_feature=7 7 4 13 13 1 8 10 1 3 2 3 15 7
split_gain=0.614999 0.461688 0.667484 1.09227 0.50177 0.404566 0.447193 0.433118 0.331934 0.414693 0.293257 0.451484 0.281204 0.308424
threshold=7.7500000000000009 7.3500000000000005 10.569976263465795 3.8839624827357651 2.9940036570363189 15.797906090047203 12.050000000000002 -0.70710678118654757 14.127721202895573 9.7725930922188802 9.5129043380772824 1.3195286648076296 1.2809800000000002 6.9500000000000011
decision_type=2 2 2 8 10 2 10 2 2 2 2 2 2 2
left_child=1 2 5 4 -4 6 7 -1 10 -10 11 -9 13 -8
right_child=-2 -3 3 -5 -6 -7 12 8 9 -11 -12 -13 -14 -15
leaf_value=0.0016388283689886313 -0.00047791258486302806 0.0063439783261173902 -0.0008142357959226795 -0.00080634785744673971 0.0014260394005422624 0.0013410098375129854 -0.00010764362197056488 0.00029018748792969629 0.00026460755863898347 -0.00056156366400220961 0.011951923815737059 -0.0093458085613062417 0.0024382860143217998 0.00015326549323692323
leaf_weight=65 27 59 34 37 46 41 299 35.046697616577148 21 35 89.093395233154297 20 53.046697616577148 49
leaf_count=65 27 59 34 37 46 41 299 30 21 35 79 20 48 49
internal_value=-0.000383089 -0.000151626 -0.00045937 -0.00394068 -0.000617284 0.000121344 -0.00017846 0.00141166 0.000252066 -0.00298246 0.0015206 -0.001334 -0.00123062 -0.00174785
internal_weight=910.187 883.187 824.187 117 80 707.187 666.187 265.14 200.14 56 144.14 55.0467 401.047 348
internal_count=890 863 804 117 80 687 646 250 185 56 129 50 396 348
is_linear=0
shrinkage=0.05


Tree=422
num_leaves=15
num_cat=0
split_feature=8 13 1 3 15 7 7 14 8 2 10 10 10 10
split_gain=0.481625 0.83166 0.729254 0.961873 0.442355 0.77684 0.403723 0.484398 0.609964 0.532169 0.288889 0.872855 0.278601 0.63312
threshold=22.050000000000004 3.6025798466659689 12.918057574873414 13.097434168265339 -1.7154999999999998 5.9500000000000011 4.7500000000000009 2.0502562784215468 5.7500000000000009 10.787079310280642 -0.65768990033922992 -0.2397582400620111 -0.50376918148035232 1.0000000180025095e-35
decision_type=10 8 2 2 2 2 2 2 8 2 2 2 2 2
left_child=4 12 -3 -4 5 -1 -6 -8 -9 -10 -11 -12 -2 -14
right_child=1 2 3 -5 6 -7 7 8 9 10 11 -13 13 -15
leaf_value=0.0016948257014323944 0.00023648109213359665 -0.00014234311648192108 5.2957998392445724e-06 -0.00048986806677552865 -0.00081774396567649201 -0.00051432688584404195 0.00026874985438768136 -0.0005148258001177893 -0.00043211913685519635 0.0018684889308095932 -0.0015644173528048461 0.00057089698629095298 -0.0011260721970621215 3.9298959125387275e-05
leaf_weight=20 62 36 57 20 30 21 236.18679046630859 22 26 59 26 112 37 102
leaf_count=20 62 36 57 20 30 21 216 22 26 59 26 112 37 102
internal_value=-0.000598563 -0.00215873 -0.00557018 -0.00275641 0.000290922 -0.00464286 0.00069493 0.00104925 -0.00050813 0.000290179 0.00118687 -7.19423e-05 -0.000222772 -0.00146429
internal_weight=866.187 314 113 77 552.187 41 511.187 481.187 245 223 197 138 201 139
internal_count=846 314 113 77 532 41 491 461 245 223 197 138 201 139
is_linear=0
shrinkage=0.05


Tree=423
num_leaves=15
num_cat=0
split_feature=7 16 8 9 9 7 0 14 7 1 16 1 3 3
split_gain=0.613392 0.450325 0.626367 0.543829 0.577474 0.535627 0.380952 0.314888 0.311226 0.865276 0.406556 0.455134 0.891432 0.440847
threshold=7.8500000000000005 1.0000000180025095e-35 8.9500000000000011 0.70088257582277269 -0.065402506639491723 6.2500000000000009 15.289107917368604 3.6625774401023232 4.8500000000000005 12.77408811581733 0.78996500000000014 13.161978831478747 9.1175663081864471 9.7268762021038793
decision_type=2 2 10 2 2 2 2 2 2 2 2 2 2 2
left_child=1 2 -1 4 5 -4 -7 -5 9 -3 13 -12 -13 -10
right_child=-2 8 3 7 -6 6 -8 -9 10 -11 11 12 -14 -15
leaf_value=0.0014628489565765026 -0.0009037209185315683 -0.00082904319544921813 -0.00035208720910564437 -0.00075796115894364929 3.5162258916016529e-05 5.9959627693870059e-05 -0.00039832200173780559 -0.00023543044878017382 0.00025235408623812221 0.0047999816857473348 0.00092205786700975403 -0.0014973453928567651 -4.1394442653182701e-05 1.2884297392969302e-05
leaf_weight=29 22 29 37 28 60 20 20 30 199.14009284973145 20 53.046697616577148 23 56 258
leaf_count=29 22 29 37 28 60 20 20 30 184 20 48 23 56 258
internal_value=-0.000202292 1.26671e-05 -0.00191111 -0.00293367 -0.00119565 -0.00403846 1.81721e-10 -0.00694915 0.000689836 -0.0031 0.00100974 -0.00142631 -0.0038125 0.00171498
internal_weight=884.187 862.187 224 195 137 77 40 58 638.187 49 589.187 132.047 79 457.14
internal_count=864 842 224 195 137 77 40 58 618 49 569 127 79 442
is_linear=0
shrinkage=0.05


Tree=424
num_leaves=15
num_cat=0
split_feature=1 3 10 3 0 8 14 7 1 4 5 7 8 0
split_gain=0.447331 0.605093 0.520254 0.537286 0.485374 1.24108 0.521617 0.748148 0.643583 0.467195 0.327436 0.883879 0.338654 0.828165
threshold=16.34641728054773 12.484008145059095 -0.8627159076429457 11.849070775856747 12.270442365115466 16.950000000000003 0.11421325523412328 5.2500000000000009 14.026465292881861 9.7642649786223732 1.0000000180025095e-35 6.2500000000000009 22.250000000000004 15.149169516461955
decision_type=2 2 2 2 2 10 2 2 2 2 2 2 10 2
left_child=1 2 -1 4 5 -4 -6 8 -8 -5 12 -12 -9 -14
right_child=-2 -3 3 9 6 -7 7 10 -10 -11 11 -13 13 -15
leaf_value=8.6908129919595578e-05 -0.00050883792034388026 0.001149749685072831 0.00025156506243498533 -0.00081101493018397508 0.00015209303974670233 -0.0010442408286490555 -0.00085423961750145548 0.00059971387030996047 -0.0011657372666638813 -0.00051097890443934431 -0.00094987145669643818 8.2961721889924869e-06 3.6187975469236674e-05 -0.00037840590155218036
leaf_weight=150 39 129 22 25 78.093395233154297 20 36 179.0933952331543 23 25 26 52 43 30
leaf_count=150 39 129 22 25 68 20 36 169 23 25 26 52 43 30
internal_value=4.09185e-05 0.000287104 -0.000287341 -0.000989074 -0.000497986 -0.0055814 -3.00435e-05 -0.000780667 -0.00591667 -0.00588235 0.000152425 -0.00265823 0.00102913 -0.00182432
internal_weight=877.187 838.187 709.187 559.187 509.187 42 467.187 389.093 59 50 330.093 78 252.093 73
internal_count=857 818 689 539 489 42 447 379 59 50 320 78 242 73
is_linear=0
shrinkage=0.05


Tree=425
num_leaves=15
num_cat=0
split_feature=0 16 11 0 13 14 13 13 13 7 7 0 3 14
split_gain=0.652715 0.846758 1.30908 0.730041 0.581737 0.791895 0.557211 0.869462 0.401277 0.470295 0.511111 0.370486 0.506563 0.842093
threshold=15.450586597540411 1.0000000180025095e-35 1.0000000180025095e-35 16.025027961080848 4.3243355245049999 1.3502083319372586 2.8152657032317845 3.1313711311317358 3.5534561859539893 5.5500000000000007 6.2500000000000009 15.048160610447411 9.511888355722272 2.4455719572485068
decision_type=2 2 2 2 10 2 8 10 10 2 2 2 2 2
left_child=4 2 3 -2 11 -6 -3 -8 -9 -10 -11 12 -1 -14
right_child=1 6 -4 -5 5 -7 7 8 9 10 -12 -13 13 -15
leaf_value=8.2081610577909646e-05 -0.00030600750531820022 0.00093461926977670003 -0.0010112569873572238 0.00012882030326620916 -0.00060471908033137673 0.0028727292740119443 -0.00073565520583853945 0.0081833127609051114 0.00019561454709880554 -0.00063169351883558724 -9.4526365323687946e-06 0.00018753081673802767 -0.00039930392562318134 -3.5668631160332641e-05
leaf_weight=248.18679046630859 20 63 26 36 20 26 35 42 20 33 54 96 22 163
leaf_count=228 20 63 26 36 20 26 35 42 20 33 54 96 22 163
internal_value=-0.000363534 -0.00213636 -0.00650602 -0.00210526 0.000652452 -0.00468085 -0.000665322 -0.00205405 -0.000366666 -0.00199074 -0.00357955 0.00112401 0.00049733 -0.00147849
internal_weight=904.187 329 82 56 575.187 46 247 184 149 107 87 529.187 433.187 185
internal_count=884 329 82 56 555 46 247 184 149 107 87 509 413 185
is_linear=0
shrinkage=0.05


Tree=426
num_leaves=15
num_cat=0
split_feature=2 2 0 13 3 0 13 13 14 4 8 4 7 7
split_gain=0.254547 0.809265 0.511567 0.467584 0.641446 0.620024 0.485787 0.84189 0.720742 0.346101 0.30658 0.545852 0.531843 0.617532
threshold=11.984396766813456 12.145832516171296 13.902803250117413 2.9940036570363189 13.150788293093635 15.084980169461302 3.5602835930737258 3.7033898829532119 4.3992483701799054 8.046468581807579 18.050000000000004 4.297262267176281 6.2500000000000009 5.7500000000000009
decision_type=2 2 2 8 2 2 10 10 2 2 10 2 2 2
left_child=9 -2 -3 4 5 -4 -5 -8 -9 10 11 -1 13 -13
right_child=1 2 3 6 -6 -7 7 8 -10 -11 -12 12 -14 -15
leaf_value=2.4530590115413583e-05 -0.00035351842241472525 0.011187610540398983 -0.00072581860185935492 0.0013641197608976526 0.00011012943843181902 -0.00012623592539933316 -0.015376218867692769 0.0011212892564121141 -0.00021186418789645532 0.00013129267577089275 1.6838225115876292e-05 -0.00016136736957513307 1.2053646352377912e-05 -0.0048360402716186414
leaf_weight=207.23348808288574 23 41 25 97 25 45 22 55 48 114 136 21 25 20
leaf_count=182 23 41 25 97 25 45 22 55 48 114 136 21 25 20
internal_value=7.8618e-05 -0.000903141 -0.000306406 -0.000990566 -0.00390625 -0.00633803 0.000269058 -0.00178571 0.000144231 0.000793859 0.00011254 -0.000852677 -0.00477612 -0.00821429
internal_weight=904.233 381 358 317 95 70 222 125 103 523.233 409.233 273.233 66 41
internal_count=879 381 358 317 95 70 222 125 103 498 384 248 66 41
is_linear=0
shrinkage=0.05


Tree=427
num_leaves=15
num_cat=0
split_feature=7 2 0 7 4 10 10 0 11 2 2 15 4 7
split_gain=0.640665 0.440071 0.485173 0.480992 0.615274 0.469836 1.18458 0.432722 0.403601 0.331251 0.474359 0.314179 0.277155 0.816218
threshold=7.7500000000000009 15.579971033647992 15.772079058790217 6.4500000000000011 10.25411720906626 -0.49810825183760388 -0.71476258798096814 16.401856143909331 1.0000000180025095e-35 13.945621774186813 13.573072649651293 -0.94026999999999983 8.1261483846332627 6.8500000000000005
decision_type=2 2 2 2 2 2 2 2 2 2 2 2 2 2
left_child=1 2 9 4 5 6 -4 8 -7 10 12 -5 13 -1
right_child=-2 -3 3 11 -6 7 -8 -9 -10 -11 -12 -13 -14 -15
leaf_value=2.1240142230399011e-05 -0.00067763970533103691 -0.0016171967497284143 0.0026146550243354594 -7.886917084059351e-05 -0.00067218544402403776 0.00074376994535175838 -0.0031324866091998697 0.0014236899857405626 -0.00057345435976795093 0.0010656185524421438 -0.00058342414531661836 0.00077014586762499026 0.00019809996492266431 -0.00038670622644576395
leaf_weight=369.14009284973145 27 20 22 22 30 21 24 33 25 48 21 70 124 32
leaf_count=354 27 20 22 22 30 21 24 33 25 48 21 70 124 32
internal_value=-0.000235395 6.61218e-06 0.000184887 -0.00167339 -0.00336538 -0.00178571 -0.00574468 0.0005625 -0.00255319 0.000958935 0.000604417 0.0011828 0.000904133 0.000262845
internal_weight=888.14 861.14 841.14 247 155 125 46 79 46 594.14 546.14 92 525.14 401.14
internal_count=873 846 826 247 155 125 46 79 46 579 531 92 510 386
is_linear=0
shrinkage=0.05


Tree=428
num_leaves=15
num_cat=0
split_feature=1 13 10 10 8 9 13 0 2 7 15 7 1 7
split_gain=0.408857 1.03045 0.472929 0.666473 0.383001 0.561888 0.529281 0.484204 0.333139 0.359517 0.585093 0.319475 0.361119 0.53043
threshold=16.039964072433438 3.8088337008098008 -0.8627159076429457 -0.49810825183760388 43.640000000000008 -0.9263445426916056 3.6025798466659689 15.313801470356928 12.398946732015828 6.1500000000000012 -0.30803999999999992 7.0500000000000007 12.961945650814028 6.2500000000000009
decision_type=2 8 2 2 10 2 10 2 2 2 2 2 2 2
left_child=2 -2 -1 11 5 7 -6 -5 -7 10 -10 12 -4 -14
right_child=1 -3 3 4 6 8 -8 -9 9 -11 -12 -13 13 -15
leaf_value=7.8729898950214585e-05 0.0003270031800034165 -0.00081812829427512336 -0.00098517577355436751 -0.00095494942405255964 -6.5851314184887501e-05 6.6708149443296834e-05 -0.00021156403993571416 0.019436161872391128 2.2881363360867563e-06 0.00021454297264262331 -0.00076408641557693861 -0.00089353120021237644 -0.00027994034363931699 0.00013530529246608052
leaf_weight=181 43 28 35 52 26 263.23348808288574 20 25 23 70 31 21 39 30
leaf_count=181 43 28 35 52 26 238 20 25 23 70 31 21 39 30
internal_value=0.000209593 -0.00340278 0.000527594 -0.000116046 0.000686902 0.00112023 -0.00361702 -0.00275641 0.0018962 -0.00024 -0.00327273 -0.00337302 -0.00219048 -7.14284e-05
internal_weight=887.233 71 816.233 635.233 510.233 464.233 46 77 387.233 124 54 125 104 69
internal_count=862 71 791 610 485 439 46 77 362 124 54 125 104 69
is_linear=0
shrinkage=0.05


Tree=429
num_leaves=15
num_cat=0
split_feature=13 13 3 0 10 3 3 2 13 16 2 0 7 13
split_gain=0.713126 1.07029 0.5932 0.59755 0.586281 0.534063 0.311577 0.670652 0.883686 0.601461 0.399408 0.281414 0.222495 0.628758
threshold=3.9169617688349754 4.2517113222717953 11.849070775856747 15.097653762633401 1.0000000180025095e-35 8.9251218736798812 13.150788293093635 12.006811667436006 2.6600494875419574 1.0000000180025095e-35 13.78942270295815 15.4393774336926 5.6500000000000012 3.094662338278956
decision_type=10 10 2 2 2 2 2 2 8 2 2 2 2 10
left_child=6 2 3 -2 5 -3 7 12 -9 10 11 -10 13 -1
right_child=1 4 -4 -5 -6 -7 -8 8 9 -11 -12 -13 -14 -15
leaf_value=0.00034149679348585688 -0.00077063686372175167 -0.0010763365919997283 -0.0014954305144349157 5.212513770592748e-06 0.00017075042300389317 -1.8962322937844278e-05 0.0011239466194216002 -0.00069788811734642047 -0.00056759124060153261 8.0130358726476157e-05 -0.00041658569950406082 0.00019838668186599405 0.00017657443964335146 -0.00014549987007664793
leaf_weight=73 23 26 20 26 59.046697616577148 38 72 37 25 133 20 23 216.04669761657715 103.0933952331543
leaf_count=73 23 26 20 26 54 38 72 37 25 133 20 23 211 93
internal_value=0.000414365 -0.00227803 -0.00721429 -0.0041 0.000525879 -0.00276923 0.00115297 0.000793327 -0.00129707 2.47527e-05 -0.00376812 -0.00122449 0.00206212 0.000736713
internal_weight=894.187 192.047 69 49 123.047 64 702.14 630.14 238 201 68 48 392.14 176.093
internal_count=874 187 69 49 118 64 687 615 238 201 68 48 377 166
is_linear=0
shrinkage=0.05


Tree=430
num_leaves=15
num_cat=0
split_feature=0 7 0 0 1 16 10 7 2 2 15 0 9 7
split_gain=0.283022 0.683164 0.52402 1.51048 0.468495 0.712095 0.583039 0.742439 0.400836 0.365178 0.334507 0.370795 0.325797 0.776372
threshold=15.523471602466001 6.2500000000000009 14.586376657530122 14.455119669859839 15.807939224393884 1.0000000180025095e-35 -0.8627159076429457 6.0100000000000007 14.421204720979633 11.549255986512796 1.0000000180025095e-35 14.93293370137493 0.86382728211298232 5.6500000000000012
decision_type=2 2 2 2 2 2 2 2 2 2 2 2 2 2
left_child=2 4 3 12 5 -2 -7 9 -3 -8 -4 -12 -1 -14
right_child=1 8 10 -5 -6 6 7 -9 -10 -11 11 -13 13 -15
leaf_value=2.3430780574503049e-05 -0.00038814000553440229 0.00011926327988249916 0.00017680473136373891 -0.00099950479890135199 0.0034209894873581865 0.00051604312050792557 -0.0010613595798916059 -0.0017292478032130852 -0.00023972860749539658 3.994443176657354e-05 -0.00019991099107422562 0.00028704646369420901 -0.0010439910001119295 4.1499859132219864e-05
leaf_weight=263.04669761657715 21 111 113.04669761657715 25 22 26 24 21 41 35 32 58.046697616577148 27 41
leaf_count=258 21 111 108 25 22 26 24 21 41 35 32 53 27 41
internal_value=-0.000405624 -0.00163907 0.000260115 -0.000895587 -0.00403333 -0.00519531 -0.00345794 -0.00555556 0.000718954 -0.00258333 0.00228066 2.56466e-06 1.57615e-05 -0.00304348
internal_weight=860.14 301 559.14 356.047 149 127 106 80 152 59 203.093 90.0467 331.047 68
internal_count=845 301 544 351 149 127 106 80 152 59 193 85 326 68
is_linear=0
shrinkage=0.05


Tree=431
num_leaves=15
num_cat=0
split_feature=13 16 15 13 0 0 0 13 10 15 0 0 13 7
split_gain=0.333818 0.331253 0.443531 0.42734 0.676054 0.400014 0.379231 0.363992 0.340301 0.514399 0.2446 0.774592 0.205053 0.467357
threshold=4.6003327370364895 1.0000000180025095e-35 -0.014779999999999998 3.6189481685919693 14.504858781096404 13.844281654504199 14.004921479957348 3.9641478046157332 1.0000000180025095e-35 -0.67852499999999993 14.455119669859839 14.625529914404526 3.9749746138079063 5.8500000000000005
decision_type=10 2 2 8 2 2 2 8 2 2 2 2 8 2
left_child=1 2 3 -1 -5 8 -7 -6 -3 -10 -8 -12 -13 -14
right_child=-2 5 -4 4 7 6 10 -9 9 -11 11 12 13 -15
leaf_value=0.000122827843144111 -0.00043494003259851696 0.0010632774305822617 -0.00036421284513706508 -0.00020817280494634432 -0.00021448081524114219 -0.00051450422892885346 0.00036344645035998614 1.1505372624047157e-05 -0.00046264605785556077 0.00015351711047758358 -0.00050710615669087784 8.0347427143084136e-05 0.00019076644568165313 -0.0010583333108848969
leaf_weight=97 23 96.093395233154297 23 38 26 22 63 47 23 55 26 282 31 53
leaf_count=97 23 86 23 38 26 22 63 47 23 55 26 282 31 53
internal_value=0.000193652 0.000351568 -0.00127155 -0.000526316 -0.00263393 0.000928497 0.000177824 0.000202703 0.00297251 0.000506329 0.000493421 2.54455e-05 0.000626703 -0.00152941
internal_weight=905.093 882.093 231 208 111 651.093 477 73 174.093 78 455 392 366 84
internal_count=895 872 231 208 111 641 477 73 164 78 455 392 366 84
is_linear=0
shrinkage=0.05


Tree=432
num_leaves=15
num_cat=0
split_feature=13 14 8 16 14 14 13 8 13 13 2 2 13 13
split_gain=0.553671 0.423797 0.32746 0.463996 0.308522 0.356327 0.477822 0.327495 0.252052 0.573438 0.327177 0.473232 0.598027 0.523088
threshold=4.6003327370364895 7.6128667238372563 45.70000000000001 1.0000000180025095e-35 4.9765557835231879 4.2890227835308243 3.5534561859539893 9.0500000000000025 3.5815589191851385 3.4282904644093786 11.575179329836422 10.707146935600546 4.1138350622584694 4.1574051389499429
decision_type=10 2 10 2 2 2 8 10 8 10 2 2 10 10
left_child=1 2 4 -4 5 8 -7 -6 9 -1 11 13 -13 -10
right_child=-2 -3 3 -5 7 6 -8 -9 10 -11 -12 12 -14 -15
leaf_value=2.6317174987970703e-05 -0.00036560301670138034 -0.00089924164680480932 -0.00025829570921316066 2.6504347492272742e-05 -0.0023607752020389241 0.00029316271236231022 -0.00051664087632309727 0.0011868596131350785 0.0011111923752123571 -0.0010946111565581819 0.0010784482456303805 -0.00024819685885308366 0.00020309744918987351 -6.3000636732304469e-05
leaf_weight=302 25 29 22 36 20 26 21 107 78.093395233154297 37 99 32 25.046697616577148 33
leaf_count=302 25 29 22 36 20 26 21 107 68 37 99 32 20 33
internal_value=0.000459839 0.000674661 0.00088269 -0.00271186 0.00115306 0.000711928 -0.0034375 0.00339844 0.00103881 0.000132353 0.00218431 0.000831858 -0.00283852 0.00272511
internal_weight=892.14 867.14 838.14 58 780.14 653.14 47 127 606.14 339 267.14 168.14 57.0467 111.093
internal_count=877 852 823 58 765 638 47 127 591 339 252 153 52 101
is_linear=0
shrinkage=0.05


Tree=433
num_leaves=15
num_cat=0
split_feature=8 8 9 1 2 1 1 13 9 9 8 8 7 5
split_gain=0.574482 0.548201 0.842922 0.528215 0.463583 0.581012 0.454628 0.356846 0.301417 0.474636 0.946445 0.577998 0.25487 0.643239
threshold=20.545000000000005 24.250000000000004 1.0000000180025095e-35 11.531882702559956 11.210599421575576 13.051718662833805 16.039964072433438 2.6828860749957557 0.97014794553715189 0.86382728211298232 12.550000000000002 9.943500000000002 6.6500000000000012 7.4850506990208254
decision_type=10 10 2 2 2 2 2 10 2 2 10 10 2 2
left_child=8 2 -2 -3 -5 -6 7 -7 9 12 11 -11 13 -1
right_child=1 3 -4 4 5 6 -8 -9 -10 10 -12 -13 -14 -15
leaf_value=5.4497727625876011e-05 -3.4939585037042966e-05 -0.00051322104847879727 -0.00047959310811801687 0.00014279741984241323 -0.00053775341989356531 -0.00051825170528067789 -0.00058307342476832439 0.00011293873746408365 0.023190612343950874 -0.0011769193383691602 7.7794301678040361e-06 -0.00093484760468667675 0.00011833688974030731 -0.0004760404744167909
leaf_weight=331 23 38 32 49 31 26 20 115 35.046697616577148 25 39.093395233154297 20 86 23
leaf_count=331 23 38 32 49 31 26 20 115 30 25 29 20 86 23
internal_value=-0.000541637 -0.0021791 -0.00669643 -0.00126786 -0.000392562 -0.00150259 -0.000277778 0.000739437 0.000438641 0.000134199 -0.00328501 -0.00815217 0.000793651 0.000197183
internal_weight=893.14 334 55 279 241 192 161 141 559.14 524.093 84.0934 45 440 354
internal_count=878 334 55 279 241 192 161 141 544 514 74 45 440 354
is_linear=0
shrinkage=0.05


Tree=434
num_leaves=15
num_cat=0
split_feature=2 9 8 13 8 8 15 15 15 15 13 13 1 15
split_gain=0.714945 0.469786 0.813638 0.897957 0.803126 1.06887 0.455469 0.432907 0.367617 0.372852 0.6149 0.354788 0.500584 0.299525
threshold=11.374111380597908 -0.63101285980617694 39.95000000000001 2.5007776600261349 30.300000000000004 16.950000000000003 -0.43006499999999998 -0.11977499999999999 -0.83455499999999994 -1.2924149999999999 3.8456835505022191 3.538081512587993 11.11698721532847 0.66927500000000018
decision_type=2 2 10 10 10 10 2 2 2 2 10 8 2 2
left_child=8 4 3 -3 5 7 -4 -2 9 -1 -11 12 -10 -14
right_child=1 2 6 -5 -6 -7 -8 -9 11 10 -12 -13 13 -15
leaf_value=2.0243484559161448e-05 0.011034442116934169 -0.0003480507005401473 -0.00053479474712296007 6.3517775368551247e-05 0.00013049702451027766 -0.00084656226173849343 1.5806169262048578e-05 -0.00088169556614057707 -0.0057267952035275991 -0.00079376190973855839 8.1071812276996977e-05 0.00033658213887571755 0.00056772001285428466 -0.00011773294025330278
leaf_weight=46 25 40 35 297.04669761657715 39 32 21 32 24 24 37.046697616577148 115.14009284973145 84 56
leaf_count=46 25 40 35 292 39 32 21 32 24 24 32 100 84 56
internal_value=0.00026003 -0.000947744 -8.82292e-05 0.00084377 -0.00356589 -0.00616667 -0.00561403 -0.00198276 0.00188781 -0.000599431 -0.00313903 0.00284037 0.00133333 0.00248227
internal_weight=907.233 521.047 393.047 337.047 128 89 56 57 386.187 107.047 61.0467 279.14 164 140
internal_count=882 516 388 332 128 89 56 57 366 102 56 264 164 140
is_linear=0
shrinkage=0.05


Tree=435
num_leaves=15
num_cat=0
split_feature=3 15 3 13 13 9 7 4 14 7 2 9 9 2
split_gain=0.781359 0.490248 0.364857 0.741676 0.675 1.32495 0.52461 0.354595 0.452663 0.293847 0.616667 0.385165 0.492562 0.289321
threshold=11.506272323559278 -1.2924149999999999 13.386376171953069 3.8456835505022191 3.185065009498079 -0.50188698852276381 6.2500000000000009 10.905082409366814 4.2890227835308243 4.7500000000000009 7.1829388544009367 -0.67378604238638873 -0.76848323719786205 12.398946732015828
decision_type=2 2 2 8 10 2 2 2 2 2 2 2 2 2
left_child=1 -1 4 -4 5 -2 -7 8 13 10 -3 12 -11 -6
right_child=2 9 3 -5 7 6 -8 -9 -10 11 -12 -13 -14 -15
leaf_value=0.00011890723668892336 -0.00080423415103097584 3.2567874883731957e-05 0.0044720588584488278 -0.0012549003893127491 0.007229560973661989 -0.00043271143807479601 3.6364429406125416e-05 0.0022164013965366709 -0.00043182614864496006 7.0831923624526674e-06 -0.0014240780242852171 6.098551297335646e-05 -0.00017063757412516447 -0.00083280906341626389
leaf_weight=72 22 21 52 20 20 27 31 34 27 94 20 390.23348808288574 28 24
leaf_count=72 22 21 52 20 20 27 31 34 27 94 20 365 28 24
internal_value=0.000125864 0.00107974 -0.00218992 0.000821918 -0.00336021 -0.00679012 -0.00271186 -0.000707547 -0.00270833 0.000570459 -0.00345238 0.000898553 -0.00154472 0.000444445
internal_weight=882.233 625.233 257 72 185 80 58 105 71 553.233 41 512.233 122 44
internal_count=857 600 257 72 185 80 58 105 71 528 41 487 122 44
is_linear=0
shrinkage=0.05


Tree=436
num_leaves=15
num_cat=0
split_feature=2 9 13 1 2 2 1 13 13 13 13 10 6 4
split_gain=0.342292 0.424978 0.534783 0.309991 0.263382 0.343325 0.402344 0.404951 0.465563 0.66234 0.503945 0.494586 0.416027 0.539826
threshold=10.175308021635905 -0.65110390039645338 3.3845171494617481 13.578962822258948 10.516169125304655 10.746341140496785 12.116287536430383 4.6003327370364895 4.2517113222717953 3.7837355977586644 3.1990111400154944 0.91523306216449185 1.0000000180025095e-35 9.9887960114006713
decision_type=2 2 10 2 2 2 2 8 10 10 10 2 2 2
left_child=1 2 -1 -3 -2 -6 -7 8 9 10 12 -12 13 -8
right_child=4 3 -4 -5 5 6 7 -9 -10 -11 11 -13 -14 -15
leaf_value=0.0011017830198297622 -0.00017266485116226231 0.00021895294122055472 -0.00088787244818909711 -2.2272681635283962e-05 0.0092627094721751402 -0.00048324828306820069 -5.2504664061166825e-06 -0.0002372978894647457 0.00069743545241430539 -0.00029722575134488396 0.00066213455995607368 -0.00051661858964877256 0.0036521622702809526 -0.0007507829607114187
leaf_weight=26 30 131.0933952331543 24 20 32 32 146 40 66 72 160.04669761657715 20 26 60
leaf_count=26 30 121 24 20 32 32 146 40 66 72 155 20 26 60
internal_value=0.000198276 0.00200633 -0.00196078 0.0033234 -0.000335403 -0.000121772 -0.000384829 -8.42005e-05 0.000272633 -0.000267534 0.000508983 0.00248684 -0.00103004 -0.00178744
internal_weight=885.14 201.093 50 151.093 684.047 654.047 622.047 590.047 550.047 484.047 412.047 180.047 232 206
internal_count=870 191 50 141 679 649 617 585 545 479 407 175 232 206
is_linear=0
shrinkage=0.05


Tree=437
num_leaves=15
num_cat=0
split_feature=9 0 0 1 0 13 9 9 7 13 1 13 13 10
split_gain=0.520976 0.641104 0.410894 0.361803 0.478159 0.651214 0.251638 0.627052 0.385861 0.339734 0.246914 0.424784 0.624191 0.492797
threshold=-0.92304025209086915 15.048160610447411 14.269691498359245 10.941699801900848 12.657179985727591 3.185065009498079 0.86382728211298232 0.88396761516098465 6.2500000000000009 3.7837355977586644 15.16503137307504 3.0459160430837753 2.5688187898933337 -0.9025766923884776
decision_type=2 2 2 2 2 10 2 2 2 10 2 10 10 2
left_child=1 2 -1 -2 5 -5 10 8 -8 -9 -6 12 -12 -13
right_child=3 -3 -4 4 6 -7 7 9 -10 -11 11 13 -14 -15
leaf_value=-0.0006064885847210657 9.1760378443780412e-05 0.00061328843456672335 -0.0017713807524264596 -0.0021872637762973234 6.0803062950503826e-05 0.0005028170437774216 -0.00038263280175559208 0.0010372305160086079 4.969317445166267e-05 -8.2086125425317118e-05 -3.8960138796047782e-05 -0.00037693910329075081 -0.00069383263118975315 8.1505487138169904e-05
leaf_weight=37 74.093395233154297 45 20 28 373 21 33 81.093395233154297 21 31 27 20 23 61
leaf_count=37 64 45 20 28 373 21 33 71 21 31 27 20 23 61
internal_value=0.000531066 -0.00281553 -0.0062931 0.000964426 0.000618624 -0.0041 0.000969265 -0.000715366 -0.00509091 0.00141889 0.00152475 -0.000340909 -0.00392157 0.00189024
internal_weight=895.187 102 57 793.187 719.093 49 670.093 166.093 54 112.093 504 131 50 81
internal_count=875 102 57 773 709 49 660 156 54 102 504 131 50 81
is_linear=0
shrinkage=0.05


Tree=438
num_leaves=15
num_cat=0
split_feature=3 2 13 2 13 5 13 1 10 8 14 3 13 0
split_gain=0.628295 0.702691 0.523816 1.03969 0.511033 0.336071 0.61816 0.32308 0.655274 0.281887 0.256924 0.316066 0.286535 0.574223
threshold=11.849070775856747 13.945621774186813 3.5815589191851385 13.527992964228725 3.2690750720136168 5.8442286787023843 3.0101386585394425 15.797906090047203 -0.2397582400620111 26.850000000000005 2.5110082860885434 10.124819010932896 3.7033898829532119 12.657179985727591
decision_type=2 2 10 2 8 2 10 2 2 10 2 2 8 2
left_child=5 2 3 4 -2 10 -7 -3 -9 -4 11 12 13 -1
right_child=1 7 9 -5 -6 6 -8 8 -10 -11 -12 -13 -14 -15
leaf_value=-0.00065210257682244267 -0.00020263825904409335 0.00068444156414350864 0.012802029523146402 -0.00037251480286072181 -0.00096981016084476057 -0.0017385542613075665 0.00035981954370574085 -0.0013577754585820665 0.00069858515431518882 -0.00035809215031513459 0.00018202836136254477 -0.00029167110116091408 7.30614751106217e-05 5.9486516125847714e-05
leaf_weight=31 33 61 26 20 20 26 43 28 30 20 146 34 164.14009284973145 217.04669761657715
leaf_count=31 33 61 26 20 20 26 43 28 30 20 146 34 149 212
internal_value=0.000273203 -0.00192469 -0.004625 -0.00722973 -0.00342593 0.00106606 -0.00221429 0.000791667 -0.00186441 -0.000425532 0.00145137 0.000851845 0.00123657 0.00016155
internal_weight=899.187 238 119 73 53 661.187 69 119 58 46 592.187 446.187 412.187 248.047
internal_count=879 238 119 73 53 641 69 119 58 46 572 426 392 243
is_linear=0
shrinkage=0.05


Tree=439
num_leaves=15
num_cat=0
split_feature=14 3 8 9 0 0 5 12 1 1 15 7 14 3
split_gain=0.525374 0.914088 0.353588 0.383224 0.750399 0.555563 0.551798 0.265736 0.263729 0.485077 0.515717 0.675343 1.14703 0.527158
threshold=7.0407342028791646 14.062721239916847 4.995000000000001 -0.81661045995358794 15.053601545263852 14.269691498359245 8.8827706648422673 1.5000000000000002 9.4244954428784684 12.961945650814028 0.29282500000000006 5.5500000000000007 0.15615118518611129 10.591301781063764
decision_type=2 2 8 2 2 2 2 10 2 2 2 2 2 2
left_child=2 -2 -1 4 5 -4 8 -6 -5 10 11 12 -10 -13
right_child=1 -3 3 6 7 -7 -8 -9 9 -11 -12 13 -14 -15
leaf_value=0.0061611968381366129 -0.0074118660295449919 0.0026026658048554697 -0.00026022969374268288 6.2953550713297493e-05 0.0078609406285275359 -0.0010693257685412965 -0.00045376526668161696 -0.000292293764755237 5.5894404743263706e-06 6.746792917945172e-05 0.00018904654354991122 2.7881158444430505e-05 -0.0025225688500217316 -0.00047856050456061649
leaf_weight=42 23 28 42 40.093395233154297 32 27 26 30 22 401 72.046697616577148 58.046697616577148 24 33
leaf_count=42 23 28 42 30 32 27 26 30 22 401 67 53 24 33
internal_value=0.000167484 -0.00471154 0.000465702 0.000230063 -0.00223485 -0.00578571 0.000710194 0.00174603 0.000999612 0.000737149 -0.00121152 -0.00300454 -0.00787234 -0.000486345
internal_weight=900.187 51 849.187 807.187 131 69 676.187 62 650.187 610.093 209.093 137.047 46 91.0467
internal_count=880 51 829 787 131 69 656 62 630 600 199 132 46 86
is_linear=0
shrinkage=0.05


Tree=440
num_leaves=15
num_cat=0
split_feature=10 7 13 13 4 4 3 9 14 2 13 13 7 10
split_gain=0.654647 0.501621 0.401259 0.712475 0.616543 0.647604 0.382608 0.494182 0.481836 0.55999 0.754705 0.446211 0.425426 0.389751
threshold=-0.70710678118654757 4.7500000000000009 2.9398388295185423 2.4531326585235829 10.459937181730369 8.4733862303563114 6.037845287148639 0.26092512978024796 3.5519491752087817 11.364318137156067 3.6413638888637321 3.9749746138079063 6.0100000000000007 0.45783468794784965
decision_type=2 2 8 10 2 2 2 2 2 2 10 8 2 2
left_child=-1 -2 3 -3 5 -5 -4 11 9 12 -11 -8 -9 -13
right_child=1 2 6 4 -6 -7 7 8 -10 10 -12 13 -14 -15
leaf_value=9.3925709868049399e-05 -0.00027201107642348528 0.0014319235368320977 0.00013040631448998252 -0.00028285991584533647 -0.00040627353182612585 0.0058185847091249384 0.0003505404809425913 -0.0046667562745973763 8.3424905537406618e-06 -0.00083446345645285666 -8.1311394666617348e-05 -0.0028378971785806722 0.00065155889872603359 7.7168349896524071e-05
leaf_weight=263 30 38 116.18679046630859 60 24 23 127 25 83 22 22 26 20 32
leaf_count=263 30 38 96 60 24 23 127 25 83 22 22 26 20 32
internal_value=0.000609452 -0.000245023 6.61094e-05 -0.00222603 -0.00430556 -0.00220238 0.000771709 -4.18993e-05 -0.00196532 -0.0045 -0.00844444 0.00174731 -0.000543478 -0.00186441
internal_weight=911.187 648.187 618.187 145 107 83 473.187 357 172 89 44 185 45 58
internal_count=891 628 598 145 107 83 453 357 172 89 44 185 45 58
is_linear=0
shrinkage=0.05


Tree=441
num_leaves=15
num_cat=0
split_feature=13 13 4 8 8 9 15 8 13 2 9 9 1 1
split_gain=0.367767 0.538526 0.813872 0.466197 0.407703 0.832887 0.589872 0.343317 0.403457 0.778388 0.548086 0.43355 0.32427 0.729502
threshold=2.6828860749957557 2.4531326585235829 8.6982552639351081 20.950000000000003 40.760000000000005 -0.22069533414098394 -0.79966499999999996 18.050000000000004 3.2785555263786179 11.703499508145093 -0.50188698852276381 0.37662760538417256 13.491883046227374 14.103646624509897
decision_type=8 10 2 10 10 2 2 10 8 2 2 2 2 2
left_child=1 -1 3 -3 7 -6 -7 12 9 -9 -11 -12 -2 -14
right_child=4 2 -4 -5 5 6 -8 8 -10 10 11 -13 13 -15
leaf_value=0.00046913145148267396 4.7856966994363188e-05 0.00013404787465010675 -0.00029500586272202488 -0.00060499937288987355 5.4222655057414362e-05 -0.00084182881112313294 -7.280477901618781e-05 0.00098115976041024855 0.00013321086637923103 -0.001748475618598102 0.0054091802528205297 -0.0041215106161834741 -0.00067326635640552494 1.2433275189490217e-05
leaf_weight=53 198.23348808288574 25 21 20 39 21 22 49 148 24 23 26 58 190
leaf_count=53 173 25 21 20 39 21 22 49 148 24 23 26 58 190
internal_value=3.93882e-05 -0.00254167 -0.00552239 -0.00163043 0.000426868 -0.00289157 -0.00761364 0.000810291 0.00221402 8.1301e-05 -0.00317568 -9.99998e-05 -4.21088e-05 -0.00124498
internal_weight=917.233 119 66 45 798.233 82 43 716.233 270 122 73 49 446.233 248
internal_count=892 119 66 45 773 82 43 691 270 122 73 49 421 248
is_linear=0
shrinkage=0.05


Tree=442
num_leaves=15
num_cat=0
split_feature=3 2 5 13 2 1 1 13 10 3 10 9 9 10
split_gain=0.728741 0.389314 0.835444 1.77046 0.72696 0.642841 0.439145 0.338389 0.575241 0.495501 0.399784 0.449637 0.796271 0.33508
threshold=9.6705788083499247 12.598350357459102 5.8442286787023843 3.0790922744843354 11.441712495341635 12.847149248795558 14.729631210050036 4.1966559783960333 -0.60702770852580734 13.359141511091963 -0.2397582400620111 -1.0000000180025095e-35 0.77711637012006718 -0.71476258798096814
decision_type=2 2 2 10 2 2 2 8 2 2 2 2 2 2
left_child=13 2 4 -4 -2 -6 -7 8 -3 -9 -10 -12 -13 -1
right_child=1 7 3 -5 5 6 -8 9 10 -11 11 12 -14 -15
leaf_value=8.8778914568305388e-05 6.5678861479199843e-05 0.0010355619713103841 -0.0028384654459944723 -4.1466670135587768e-05 -0.0014280569343744977 1.2004740298370112e-05 -0.00055778207493566905 3.3409487030449666e-05 -0.00036458877527850947 -0.0010955834182216555 0.00707838438402833 -0.00049400743725255348 0.00070973645284560128 3.0551142309681176e-05
leaf_weight=106 64 73 20 24 26 55 20 35 34 21 57 25 30 305.14009284973145
leaf_count=106 64 73 20 24 26 55 20 35 34 21 57 25 30 290
internal_value=0.000530833 -0.000783505 -0.00240476 -0.00844444 -0.000753012 -0.00338235 -0.000986842 0.000452899 0.00134091 -0.00298246 -0.00047619 0.000973451 -0.00223214 0.00207624
internal_weight=895.14 484 209 44 165 101 75 275 219 56 146 112 55 411.14
internal_count=880 484 209 44 165 101 75 275 219 56 146 112 55 396
is_linear=0
shrinkage=0.05


Tree=443
num_leaves=15
num_cat=0
split_feature=7 3 3 8 13 2 15 3 10 8 15 8 2 2
split_gain=1.12691 0.422082 0.742139 0.645331 0.400216 0.354726 1.2816 0.64317 0.342937 0.386144 0.514503 0.314765 0.204743 0.331542
threshold=7.8500000000000005 10.539482179169886 10.727269074138226 39.050000000000004 3.5854431883692963 12.245104772654026 -0.44686499999999996 11.29253431041527 -0.45397321317242106 8.9500000000000011 -1.1068949999999997 31.900000000000002 13.2350678821416 14.055494458427624
decision_type=2 2 2 10 10 2 2 2 2 8 2 10 2 2
left_child=1 3 -3 -1 -5 6 -4 -8 11 -10 -11 -7 -12 -14
right_child=-2 2 5 4 -6 8 7 -9 9 10 12 -13 13 -15
leaf_value=8.7232332222851898e-05 -0.00058285296452653364 -0.0010805764508351994 0.0010145928244858346 -3.0189374474227115e-05 -7.9990172906989709e-05 0.010336979061027056 -0.00015849418623569989 -0.001017044622743285 -0.0017919182200353068 -0.00067798835995736657 0.0024322074490195061 -0.00019971730106962344 -0.00044950136016335833 0.0012025915837902787
leaf_weight=444.18679046630859 21 29 37 21 20 65 20 22 20 27 34 33 27 46
leaf_count=424 21 29 37 21 20 65 20 22 20 27 34 33 27 46
internal_value=3.56718e-05 0.000326091 -0.000969529 0.00128744 -0.00464286 -0.000286144 -0.0031875 -0.00906977 0.000632411 -0.000838709 0.000148148 0.00292929 0.00171296 0.000202703
internal_weight=866.187 845.187 360 485.187 41 331 79 42 252 154 134 98 107 73
internal_count=846 825 360 465 41 331 79 42 252 154 134 98 107 73
is_linear=0
shrinkage=0.05


Tree=444
num_leaves=15
num_cat=0
split_feature=3 13 15 13 9 7 9 0 0 15 3 3 3 5
split_gain=0.701923 0.674107 0.732072 0.602281 0.598336 0.692029 0.496964 0.44047 0.785126 0.361171 0.306493 0.668066 0.347988 0.280276
threshold=9.6705788083499247 3.1339001270843778 -1.2924149999999999 2.4531326585235829 -0.50188698852276381 5.8500000000000005 0.44032991850403941 13.191239033605482 14.13270164491426 -1.4884149999999998 12.543348324901309 11.849070775856747 13.914185950458013 4.8671718930039409
decision_type=2 8 2 10 2 2 2 2 2 2 2 2 2 2
left_child=9 2 -2 -4 -5 -6 -7 -3 -9 -1 11 -10 -12 -8
right_child=1 7 3 4 5 6 13 8 10 -11 12 -13 -14 -15
leaf_value=-3.2640160309253948e-05 0.0063760784315478949 0.00034462539269801559 0.0010263528124643741 -0.00053656747572383093 -0.00056940508378519161 0.013838220649885172 -0.00026340677747388843 -0.0003322820882927854 3.8035542613537839e-05 6.057908821049743e-05 0.0042233410581756043 -0.00043109457758995837 -0.0012014020192480238 -0.00043525055724297928
leaf_weight=26 20 37 28 34 23 28 23 29 106 404.18679046630859 53 37 29 20
leaf_count=26 20 37 28 34 23 28 23 29 106 384 53 37 29 20
internal_value=-0.000293999 -0.00163462 -0.0040678 -0.00522293 -0.00666667 -0.00452632 -0.00201389 -0.000154109 -0.000901961 0.00116176 0.00011062 -0.00128472 0.00253012 -0.00534091
internal_weight=897.187 467 176 156 128 94 71 291 254 430.187 225 143 82 43
internal_count=877 467 176 156 128 94 71 291 254 410 225 143 82 43
is_linear=0
shrinkage=0.05


Tree=445
num_leaves=15
num_cat=0
split_feature=2 2 6 4 1 2 10 13 16 15 10 15 10 1
split_gain=0.748991 0.593127 0.464933 0.520489 0.573148 0.94304 0.522574 0.480305 0.468145 0.843655 0.561071 0.415196 0.476612 0.458058
threshold=11.35266266907036 11.518526451329047 1.0000000180025095e-35 9.2177872003841852 15.399805717441067 12.640407297558921 0.38268343236508956 3.8224521632363921 1.0000000180025095e-35 -0.52107999999999988 -0.95753489942155756 -0.78533999999999993 -0.71476258798096814 11.736380176763509
decision_type=2 2 2 2 2 2 2 8 2 2 2 2 2 2
left_child=11 -2 3 8 5 -5 7 -6 9 -3 -10 12 -1 -14
right_child=1 2 -4 4 6 -7 -8 -9 10 -11 -12 -13 13 -15
leaf_value=9.8951081027453297e-05 -0.00020553881645627705 7.9308704706244958e-05 0.0055382505579853409 -0.00095622636418715712 0.0068615928776090997 0.0001565574323039986 -0.00025136027115506125 -0.0018871670784428533 -0.00048483105426532495 -0.00046672825006818471 0.00069103215987343627 0.00011131873205890867 1.6604388682775032e-06 -0.00079408151503122825
leaf_weight=35 29 38 42 39 24 68 24 20 28 29 168.04669761657715 264.14009284973145 35.046697616577148 41
leaf_count=35 29 38 42 39 24 68 24 20 28 29 163 249 30 41
internal_value=-0.000427946 -0.00167586 -0.00124679 -0.00173049 -0.00383523 -0.00152778 -0.0073913 -0.004 -0.000321028 -0.00389706 0.000914674 0.00126515 -0.00129202 -0.00350134
internal_weight=884.233 509.047 480.047 438.047 175 107 68 44 263.047 67 196.047 375.187 111.047 76.0467
internal_count=859 504 475 433 175 107 68 44 258 67 191 355 106 71
is_linear=0
shrinkage=0.05


Tree=446
num_leaves=15
num_cat=0
split_feature=3 9 2 2 9 10 14 15 13 13 3 2 0 2
split_gain=0.961316 0.55543 0.52264 1.38622 1.0061 0.562599 0.453578 0.66494 0.449251 0.875935 0.904819 0.604339 0.6002 0.442512
threshold=9.511888355722272 0.9263445426916056 12.245104772654026 11.674176578070659 0.3379038511701401 -0.0043632677491870896 0.019220404642418244 0.63776500000000014 3.0459160430837753 2.4531326585235829 13.476987410536259 13.364268130469441 16.178679313213994 13.146582610048219
decision_type=2 2 2 2 2 2 2 2 10 8 2 2 2 2
left_child=6 2 3 -2 5 -5 7 -1 9 -4 13 -10 -13 -11
right_child=1 -3 8 4 -6 -7 -8 -9 11 10 -12 12 -14 -15
leaf_value=-0.00030607805876575083 -2.4777120205908772e-07 0.00021652650009125119 0.0053907332667636476 -0.0020683299500233263 -0.00018370988328887376 -0.00053008121604591028 0.00024042628852093866 0.00025121475861409904 0.00084975826183423609 -0.00069578816353778122 0.00018307537593539302 -0.00043387853970193745 0.0027920987742565124 -0.00071898060488648154
leaf_weight=26 84 65 22 21 23 22 356.18679046630859 26.046697616577148 68 21 20 59 43 28
leaf_count=26 84 65 22 21 23 22 336 21 68 21 20 59 43 28
internal_value=-8.90527e-05 -0.00161426 -0.00229369 -0.00463576 -0.01 -0.0144318 0.00168893 -0.00263478 -0.000935114 -0.00375 -0.0065 0.000584795 -0.00184466 -0.0101
internal_weight=884.233 476 411 150 66 43 408.233 52.0467 261 91 69 170 102 49
internal_count=859 476 411 150 66 43 383 47 261 91 69 170 102 49
is_linear=0
shrinkage=0.05


Tree=447
num_leaves=15
num_cat=0
split_feature=14 14 0 14 3 14 9 10 10 9 8 14 0 2
split_gain=0.88836 0.773014 0.654928 0.436687 0.714475 0.613038 0.670145 0.597782 0.467505 0.764064 0.410307 0.467675 0.375878 0.755872
threshold=3.0099926726498025 3.1357621525351522 13.902803250117413 6.9904518845358927 14.062721239916847 6.074636498170892 -0.54097447136799481 -0.2397582400620111 0.49240481012316867 -1.0000000180025095e-35 19.900000000000002 4.4137246756131807 13.723958303648894 10.682881186379747
decision_type=2 2 2 2 2 2 2 2 2 2 10 2 2 2
left_child=12 -2 -3 5 -5 6 7 -4 10 -10 -8 -12 13 -1
right_child=1 2 3 4 -6 -7 8 -9 9 -11 11 -13 -14 -15
leaf_value=5.6580109238699965e-05 -0.00036007210973742912 0.00042662952988597634 -0.00066685306326871125 -0.00927380306335936 -0.00018503366662952198 6.7492382025974044e-05 0.0043706359791032259 -0.00017821344802070542 0.016586797550837844 -0.00037021230726199533 -0.00056181984467506467 0.00060546812865734006 6.6660521973422237e-05 -3.9087768707648073e-05
leaf_weight=93 20 63 23 20 23 38 47 30 21 38 23 30 358.14009284973145 53
leaf_count=93 20 63 23 20 23 38 47 30 21 38 23 30 343 53
internal_value=-0.000736886 -0.00257294 -0.00201681 -0.0030102 -0.00761364 -0.00219123 -0.00323944 -0.00805556 -0.00159375 -0.00508333 0.00049505 -0.0025 0.000634874 -0.0014966
internal_weight=880.14 376 356 293 43 250 212 53 159 59 100 53 504.14 146
internal_count=865 376 356 293 43 250 212 53 159 59 100 53 489 146
is_linear=0
shrinkage=0.05


Tree=448
num_leaves=15
num_cat=0
split_feature=2 10 15 15 13 13 7 14 5 14 14 2 2 3
split_gain=0.64331 0.445657 0.408435 0.694867 0.955271 0.381214 0.460193 0.395449 0.350428 0.754969 0.60741 0.73692 0.504963 0.463566
threshold=10.833261548174768 -0.71476258798096814 0.66927500000000018 1.2809800000000002 2.6535031187055078 3.538081512587993 5.7500000000000009 0.11421325523412328 4.6509353449108879 3.3267100604603139 4.8215040091825498 12.837262418420501 13.621020949028514 10.799053961497696
decision_type=2 2 2 2 8 8 2 2 2 2 2 2 2 2
left_child=1 -1 8 4 -4 6 7 -3 9 -2 11 -11 -12 -10
right_child=2 5 3 -5 -6 -7 -8 -9 13 10 12 -13 -14 -15
leaf_value=6.3737658063542883e-05 2.4523906566661478e-06 -0.00019126965026600471 0.00010284158052668849 3.9405205508668154e-05 -0.001000366592457538 0.00011319792813679375 0.00021600830848323121 -0.0033635016948109601 -0.00016949136060118793 -0.00067106001079768698 0.0074126683648092998 -0.00024970407310426229 -0.00037088607924023 0.0013347950186149019
leaf_weight=69 233.0933952331543 27 22 37 36 100.0933952331543 47 28 37 41 25 46 58 79
leaf_count=69 223 27 22 37 36 90 47 28 37 41 25 46 58 79
internal_value=-0.00053495 0.00149018 -0.00142992 -0.00442708 -0.00779661 0.00029773 -0.00184466 -0.00491071 -0.000873945 -0.00157026 -0.00409357 -0.00698864 -0.0010119 0.00153846
internal_weight=885.187 271.093 614.093 95 58 202.093 102 55 519.093 403.093 170 87 83 116
internal_count=865 261 604 95 58 192 102 55 509 393 170 87 83 116
is_linear=0
shrinkage=0.05


Tree=449
num_leaves=15
num_cat=0
split_feature=9 9 8 7 2 2 1 0 10 9 9 4 15 1
split_gain=0.423183 0.558025 0.924619 0.397498 0.415342 1.46788 0.850083 0.5408 0.461024 0.370672 0.34221 0.259814 0.369102 0.692181
threshold=0.91613344851476464 0.86382728211298232 12.65 7.8500000000000005 11.35266266907036 11.730794247999029 14.422245486766991 14.290272304432003 -0.38469719700095517 0.5037691814803521 -0.13052619222005166 12.267548298816605 -1.1068949999999997 14.789540403529749
decision_type=2 2 10 2 2 2 2 2 2 2 2 2 2 2
left_child=1 3 -3 4 7 6 -6 8 -1 11 -10 12 13 -7
right_child=-2 2 -4 -5 5 9 -8 -9 10 -11 -12 -13 -14 -15
leaf_value=0.00013270334545459881 0.00012156952467030781 -0.0015523342573269408 -7.6797582044106234e-05 -0.00072526496818328635 -0.00070147638311260667 -9.685551912063138e-06 -0.00013164382396758264 0.00013076150233485702 -0.00052931863099588909 0.0010239608984186532 -2.9078515858206557e-06 0.016240975777313389 -7.9288490900044522e-05 -0.00020956331992099159
leaf_weight=68 118.0933952331543 25 38 20 39 23 20 152.04669761657715 37 51 38 34 225 20
leaf_count=68 108 25 38 20 39 23 20 147 37 51 38 34 225 20
internal_value=-0.000340211 -0.000758193 -0.00523437 -0.000363667 -0.000162089 -0.00118644 -0.00841667 0.00126748 -0.0009375 4.23731e-05 -0.00361842 -0.000627063 -0.00115242 -0.00534091
internal_weight=908.14 790.047 63 727.047 707.047 412 59 295.047 143 353 75 302 268 43
internal_count=893 785 63 722 702 412 59 290 143 353 75 302 268 43
is_linear=0
shrinkage=0.05


Tree=450
num_leaves=15
num_cat=0
split_feature=14 9 3 8 1 8 2 11 2 5 4 9 1 8
split_gain=1.08399 0.944084 1.24144 0.602601 0.573622 0.561254 0.837925 0.540891 0.675255 0.474736 0.41968 0.412875 0.407742 0.351076
threshold=2.6728005134358335 -0.5 13.511894145416049 16.650000000000002 14.412485773512589 36.600000000000009 11.922742440033366 1.0000000180025095e-35 11.083614526953589 6.3157355456728945 8.2124388387093177 -0.9263445426916056 15.319689178696192 19.200000000000006
decision_type=2 2 2 10 2 10 2 2 2 2 2 2 2 10
left_child=5 2 3 9 -5 11 -7 13 -9 -2 -10 -1 -12 -3
right_child=1 7 -4 4 -6 6 -8 8 10 -11 12 -13 -14 -15
leaf_value=-0.00065467846725924313 -2.198828310506076e-05 0.0079317904788706126 0.0038768641561958434 -0.00094526384370888315 -0.00063524984985691342 -8.5464600252342792e-05 0.0030084061150793848 -0.00025142203654727297 -0.00035285174169968322 -0.0012461039798941998 0.0004601823590239255 0.00010087098580494167 -0.00015356897769709687 -0.00019718629665338135
leaf_weight=40 25 86 23 29 21 35 21 22 38 25 48 354.14009284973145 37 77
leaf_count=40 25 86 23 29 21 35 21 22 38 25 48 339 37 77
internal_value=-5.02181e-05 -0.00184028 -0.00552419 -0.00792079 -0.0117647 0.00166401 -0.00298246 -0.000355987 -0.00256849 -0.00392157 -0.00108871 0.00233006 0.000872093 0.00161585
internal_weight=881.14 431 123 100 50 450.14 56 308 145 50 123 394.14 85 163
internal_count=866 431 123 100 50 435 56 308 145 50 123 379 85 163
is_linear=0
shrinkage=0.05


Tree=451
num_leaves=15
num_cat=0
split_feature=3 3 9 3 10 2 7 14 0 8 7 14 9 1
split_gain=1.32356 0.542883 0.540323 0.493125 0.691929 0.624963 0.6355 0.511423 0.395861 0.376578 0.442795 0.286933 0.458844 0.317316
threshold=9.511888355722272 10.273469583031011 -0.061048539534857123 11.506272323559278 0.85713466239780911 14.72052259116982 7.0500000000000007 4.9765557835231879 15.648777180913992 37.350000000000001 6.2500000000000009 4.231473317266282 0.70088257582277269 14.010698359882447
decision_type=2 2 2 2 2 2 2 2 2 10 2 2 2 2
left_child=9 2 -2 4 -3 6 7 11 -8 -1 -11 12 13 -5
right_child=1 3 -4 5 -6 -7 8 -9 -10 10 -12 -13 -14 -15
leaf_value=0.00011002912335197496 -0.00033700170587964442 4.8631112921781594e-05 -7.5723743967061479e-05 0.012349462397545877 -0.0005947077158377905 0.0001262673100715814 -0.00076637616749282737 0.00012919670639461296 -0.0006330326906080503 -0.00024221671385937614 5.4144014146107769e-05 -0.00065366695528876846 -0.00054000024502443011 -0.0003985361398271657
leaf_weight=370.23348808288574 31 118 42 21 34 55 32 67 24 25 23 29 22 23
leaf_count=345 31 118 42 21 34 55 32 67 24 25 23 29 22 23
internal_value=-0.000184067 -0.00192385 -0.00587838 -0.00123239 0.00104575 -0.0025 -0.00369863 -0.00208589 -0.00824561 0.00188718 -0.0022449 -0.00442708 -0.00253731 0.000444445
internal_weight=916.233 498 73 425 152 273 218 162 56 418.233 48 95 66 44
internal_count=891 498 73 425 152 273 218 162 56 393 48 95 66 44
is_linear=0
shrinkage=0.05


Tree=452
num_leaves=15
num_cat=0
split_feature=14 15 13 12 1 1 1 9 10 8 7 9 8 8
split_gain=0.979504 0.554016 0.50013 0.704415 0.487226 0.718856 0.571899 0.436889 0.375894 0.361036 0.377141 0.337081 0.291277 0.394052
threshold=1.7583073505145361 1.0381650000000002 3.2555640719596006 1.0000000180025095e-35 14.299359300181179 14.789540403529749 13.341274780779612 0.44032991850403941 -0.97533303595258414 43.100000000000009 6.8500000000000005 -0.3986883375106644 32.050000000000004 18.990000000000006
decision_type=2 2 8 10 2 2 2 2 2 10 2 2 10 10
left_child=1 9 3 12 6 -6 -5 -3 -4 10 -1 -7 13 -2
right_child=2 7 8 4 5 11 -8 -9 -10 -11 -12 -13 -14 -15
leaf_value=0.00012068811787783313 0.00062880016322081598 -0.00031455334241737112 -0.00036076706161081358 -0.0005646083582184256 0.00030031300741555788 -0.00060621006337586774 -0.00060249009264674218 0.00040352807597180892 7.4281001093291692e-06 -8.3429366647046224e-05 -4.6889012338914929e-05 -0.00029626394545548864 0.0078763598735394347 -0.00049492438013530626
leaf_weight=240.0933952331543 52 30 22 32 30 21 25 32.093395233154297 271 26 29 26 24 26
leaf_count=230 52 30 22 32 30 21 25 22 271 26 29 26 24 26
internal_value=3.48676e-05 0.00205461 -0.00133019 -0.00303797 -0.00540741 -0.00275641 -0.00887931 -0.00221153 5.10206e-05 0.00295673 0.00350052 -0.0065625 9.70876e-05 -0.0013924
internal_weight=886.187 357.187 529 236 134 77 57 62.0934 293 295.093 269.093 47 102 78
internal_count=866 337 529 236 134 77 57 52 293 285 259 47 102 78
is_linear=0
shrinkage=0.05


Tree=453
num_leaves=15
num_cat=0
split_feature=14 13 13 8 2 13 2 15 13 10 14 8 15 10
split_gain=1.00352 0.576534 0.50094 0.544883 0.789138 0.541864 0.500045 0.360603 0.52297 0.340572 0.574994 0.366439 0.648467 0.619264
threshold=1.7583073505145361 3.2406484995752725 2.4531326585235829 16.650000000000002 11.730794247999029 2.7838073517271105 13.573072649651293 1.0381650000000002 3.5239220528833521 -0.95753489942155756 4.1126032545407769 13.15 -0.11977499999999999 0.25881904510252057
decision_type=2 8 10 10 2 10 2 2 10 2 2 10 2 2
left_child=7 2 -2 4 -4 -5 -7 -1 -9 10 -3 12 -11 -14
right_child=1 9 3 5 -6 6 -8 8 -10 11 -12 -13 13 -15
leaf_value=0.00011219579233513981 0.0039171682918694535 -1.3419651859511678e-05 -0.00028857432738225113 -0.00057159712810177265 0.00072329908133358847 -0.00011829543734955988 -0.002236524812107643 -0.0017487876575117104 0.0078566123362120623 6.1859021609790826e-05 -0.00038655113749641611 0.00028270611470235121 -0.0006025885183349168 -0.018450643850919015
leaf_weight=307.14009284973145 39 28 28 33 52 52 28 35 22.093395233154297 57 20 158 21 20
leaf_count=292 39 28 28 33 52 52 28 35 12 57 20 158 21 20
internal_value=0.000500611 -0.000875233 -0.00274678 -0.00378866 -0.000617284 -0.00600877 -0.0037037 0.00252213 -0.00111085 0.000557377 -0.00326531 0.00128405 -0.00111111 -0.00583333
internal_weight=900.233 536 232 193 80 113 80 364.233 57.0934 304 48 256 98 41
internal_count=875 536 232 193 80 113 80 339 47 304 48 256 98 41
is_linear=0
shrinkage=0.05


Tree=454
num_leaves=15
num_cat=0
split_feature=4 4 13 4 13 13 9 4 4 0 9 2 13 7
split_gain=0.672191 0.941711 0.566159 0.888091 0.565423 0.450169 0.418897 0.270299 0.250722 0.261388 0.463039 0.524176 0.406518 0.336733
threshold=9.008921551762926 9.4649603676337026 3.0173076496044242 12.008404511386336 2.7046638279755322 3.7837355977586644 -0.9263445426916056 3.1567740231385479 8.1161611852059643 15.866294006575464 0.9562228270146037 13.303708650551073 3.512756907847097 5.2500000000000009
decision_type=2 2 10 2 8 10 2 2 2 2 2 2 8 2
left_child=6 -2 3 4 -3 -4 7 -1 9 10 11 12 13 -8
right_child=1 2 5 -5 -6 -7 8 -9 -10 -11 -12 -13 -14 -15
leaf_value=-0.00048139922681068631 -0.00038906189640586122 -0.00084280897977499064 0.00083427776075552175 0.00019313879582732475 -0.00068294384382703709 -0.00010671408720343598 9.9557416947079248e-05 -0.00077033824254714271 0.00095906787695812707 0.00044430828433984147 -4.7942536562656356e-05 -0.0015957063008301413 5.5043693352298408e-05 -6.8073872288818756e-05
leaf_weight=47 20 28 89 29 32 53 59 20 55 107 44.046697616577148 30 162.14009284973145 109.04669761657715
leaf_count=47 20 28 89 29 32 53 59 20 55 107 39 30 147 104
internal_value=0.000419288 -0.00176587 -0.000840517 -0.00394444 -0.00737705 0.00111888 0.00128686 -0.00242647 0.00172974 0.0013786 0.000792549 0.00138691 0.00196546 0.000238002
internal_weight=884.233 251 231 89 60 142 633.233 67 566.233 511.233 404.233 360.187 330.187 168.047
internal_count=859 251 231 89 60 142 608 67 541 486 379 340 310 163
is_linear=0
shrinkage=0.05


Tree=455
num_leaves=15
num_cat=0
split_feature=14 8 16 8 7 9 13 13 2 1 13 14 8 13
split_gain=0.897035 0.936215 0.517853 0.535154 1.12203 0.690696 0.856412 1.10524 0.479034 0.641369 0.415565 0.413918 0.345215 0.30906
threshold=1.3093101507937874 6.4150000000000009 0.10701500000000001 15.050000000000002 6.9500000000000011 0.44032991850403941 2.9864873567517889 3.5483580088285533 12.328484596312721 13.593022859930125 4.3957595904073594 4.4137246756131807 25.205000000000002 3.2912581272669157
decision_type=2 8 2 10 2 2 10 10 2 2 10 2 10 10
left_child=10 13 3 8 5 6 -5 -8 9 -3 -1 -6 -7 -2
right_child=1 2 -4 4 11 12 7 -9 -10 -11 -12 -13 -14 -15
leaf_value=0.00011979837900308233 -0.0016659795278027815 0.00030704423872389739 0.00058229450752132132 -0.00039547377932523772 -0.00014350696473063558 6.7294441438649181e-05 0.00019072854489457047 -0.00068531443025749371 0.0015810786894964292 -0.00034616265801665295 -4.0142231010032334e-05 0.001217534108850016 -0.0003669601453993552 -0.00011614455697643502
leaf_weight=265.14009284973145 23 20 170 28 36 24 24 26 62 35 30.046697616577148 64 29 23
leaf_count=250 23 20 170 28 36 24 24 26 62 35 25 64 29 23
internal_value=5.34002e-05 -0.00111504 -0.000500963 -0.00160458 -0.00299569 -0.00602273 -0.00898734 -0.00490196 0.00114407 -0.00223214 0.00228212 0.000990099 -0.00157407 -0.00787234
internal_weight=859.187 564 518 348 231 131 78 50 117 55 295.187 100 53 46
internal_count=839 564 518 348 231 131 78 50 117 55 275 100 53 46
is_linear=0
shrinkage=0.05


Tree=456
num_leaves=15
num_cat=0
split_feature=3 16 5 5 4 4 3 4 0 9 3 15 2 9
split_gain=1.07908 0.556689 0.798095 0.515638 0.640355 0.78705 0.328481 0.62642 0.573914 0.282658 0.375654 0.835513 0.196 0.320538
threshold=9.7268762021038793 1.0000000180025095e-35 8.8827706648422673 2.787026683990709 6.0099799556481051 9.7642649786223732 10.727269074138226 9.1214069202205419 15.048160610447411 0.55554907860749159 7.2301797797801095 0.29282500000000006 14.684341796189964 -0.63101285980617694
decision_type=2 2 2 2 2 2 2 2 2 2 2 2 2 2
left_child=9 2 3 4 -2 -6 7 8 -3 -1 11 -11 13 -8
right_child=1 6 -4 -5 5 -7 12 -9 -10 10 -12 -13 -14 -15
leaf_value=9.9898145746096301e-05 3.9301251638711105e-05 -0.00012484421613755014 -0.00038906451459387744 0.0013703624534376086 -0.00020523848022105577 -0.0001157579778937069 -0.00054867693181205764 -0.0016600210664551845 2.2862844383832561e-05 -6.9871530260307582e-05 0.00022946257327811491 0.0018390358884240691 0.0026178689995386105 0.00016548608010759976
leaf_weight=290.04669761657715 32 34 22 20 31 32 46 23 39 42.046697616577148 43 36.093395233154297 42 154
leaf_count=285 32 34 22 20 31 32 46 23 39 37 43 26 42 154
internal_value=0.000203941 -0.00141807 -0.0040942 -0.00237069 -0.00390625 -0.00679687 -0.000324484 -0.0027835 -0.000472973 0.00207657 4.66717e-05 -0.00201288 0.000658436 1.85338e-10
internal_weight=886.187 475 137 115 95 63 338 96 73 411.187 121.14 78.1401 242 200
internal_count=866 475 137 115 95 63 338 96 73 391 106 63 242 200
is_linear=0
shrinkage=0.05


Tree=457
num_leaves=15
num_cat=0
split_feature=14 2 0 0 10 5 2 2 15 0 10 0 9 2
split_gain=0.319774 0.389542 0.328476 1.18316 0.33455 0.298907 0.236745 0.529162 0.612132 0.9479 0.421824 0.393572 0.252699 0.229627
threshold=3.5384644663809381 11.025572197356253 14.549665969794015 13.902803250117413 -0.95753489942155756 5.8442286787023843 10.707146935600546 11.894851609888947 -0.065509999999999985 13.945988374896972 -0.56459483303352465 15.626660869082187 0.86382728211298232 11.364318137156067
decision_type=2 2 2 2 2 2 2 2 2 2 2 2 2 2
left_child=5 -2 3 -3 -4 6 12 8 11 -10 -11 -8 -1 -12
right_child=1 2 4 -5 -6 -7 7 -9 9 10 13 -13 -14 -15
leaf_value=0.00010666909237538857 -0.00021440527473776404 0.0080314393427922178 -0.00067851963919467585 -0.0013556843812783995 0.00010454810566749868 -0.00040670554521911686 8.8860376346891788e-05 0.00011580758862990042 -0.00026620785205766132 -0.00076741632483598291 0.013163825792339349 -0.00021878531708441145 -1.0560349480840875e-05 -0.00062600505090280823
leaf_weight=184 25 40 25 32 211 20 65.093395233154297 148 21 20 23 21 42.046697616577148 20
leaf_count=184 25 40 25 32 211 20 55 148 21 20 23 21 37 20
internal_value=0.000373773 -0.000853293 -0.000355987 -0.00328767 0.000548523 0.00109831 0.00132205 0.000440207 -0.00145846 -0.00447059 -0.00132812 0.00149801 0.00255557 0.00147727
internal_weight=897.14 333 308 72 236 564.14 544.14 318.093 170.093 84 63 86.0934 226.047 43
internal_count=882 333 308 72 236 549 529 308 160 84 63 76 221 43
is_linear=0
shrinkage=0.05


Tree=458
num_leaves=15
num_cat=0
split_feature=7 13 15 7 4 7 13 13 3 10 4 5 2 1
split_gain=0.827005 0.683191 0.419669 0.432624 0.628373 1.12711 0.725401 0.410365 0.376067 0.37497 0.326703 0.831491 0.367166 0.746323
threshold=7.8500000000000005 3.0377499595791826 -1.2924149999999999 7.4500000000000011 9.3263113378754525 6.2500000000000009 2.5531890999248597 2.6183073868508173 9.6705788083499247 1.0000000180025095e-35 7.3975298084385548 4.0145535273098689 11.35266266907036 14.243552407174795
decision_type=2 10 2 2 2 2 10 10 2 2 2 2 2 2
left_child=1 2 -1 4 6 -6 -4 -7 9 -8 -3 12 -12 -14
right_child=-2 10 3 -5 5 7 8 -9 -10 -11 11 -13 13 -15
leaf_value=0.0073957406448134106 -0.00063772001030491191 9.1851900406322945e-05 0.0001859863133967213 0.007404656680816509 -0.0011943278060797904 0.001215175413320024 -0.0027386416066203833 -0.00081668693176263445 -0.00020449304861110856 0.00027891626384796847 0.0024049040888528745 0.0012164446554621398 -0.0014098777845430862 -0.00015135543923701481
leaf_weight=23 20 404.18679046630859 70 20 24 23 29 26 34 26 21 89 31 50
leaf_count=23 20 384 70 20 24 23 29 26 34 26 21 89 31 50
internal_value=0.000281573 0.000517609 -0.00153985 -0.00213439 -0.00274678 -0.00655405 -0.00096875 -0.0021 -0.00394444 -0.00133929 0.00146923 -0.000234375 -0.00330097 -0.00481707
internal_weight=890.187 870.187 275 252 232 73 159 49 89 55 595.187 191 102 81
internal_count=870 850 275 252 232 73 159 49 89 55 575 191 102 81
is_linear=0
shrinkage=0.05


Tree=459
num_leaves=15
num_cat=0
split_feature=4 4 16 8 13 13 0 0 15 0 4 0 13 15
split_gain=1.0404 0.896097 0.534438 0.884968 0.567741 0.407124 0.352261 0.397619 0.340968 0.321381 0.279234 0.264615 0.250185 0.282019
threshold=10.459937181730369 10.828407860445482 1.0000000180025095e-35 23.900000000000002 3.7837355977586644 3.8456835505022191 15.523471602466001 16.025027961080848 -1.1770999999999998 14.674604319630582 9.9511434072104361 15.122775238776072 2.5563404911825818 1.2809800000000002
decision_type=2 2 2 10 10 8 2 2 2 2 2 2 10 2
left_child=2 -2 3 6 9 8 -1 -8 -3 -5 12 -10 -4 -14
right_child=1 5 10 4 -6 -7 7 -9 11 -11 -12 -13 13 -15
leaf_value=0.00012750796064087868 -0.0013047913879710997 -0.00048269767883727467 0.003327918006809412 -0.00027306245991988312 -4.843039734678454e-05 -0.00066548996428967752 -0.00033509929153238542 6.6367535637584658e-05 -0.00042011685771412732 -0.00029033754564843696 -0.0020905774816462682 0.0059212906714124647 5.6529708713646512e-05 0.00071570398857769544
leaf_weight=70 22 24 63 25 23 40 20 21 27 21 23 46 390.0933952331543 78.046697616577148
leaf_count=70 22 24 63 25 23 40 20 21 27 21 23 46 380 73
internal_value=0.000185318 -0.00346875 0.000980358 -0.00138122 -0.00578571 -0.00192029 0.00138393 -0.0022619 -0.000153061 -0.00893617 0.00174857 0.00155405 0.00198388 0.00157885
internal_weight=893.14 159 734.14 180 69 137 111 41 97 46 554.14 73 531.14 468.14
internal_count=878 159 719 180 69 137 111 41 97 46 539 73 516 453
is_linear=0
shrinkage=0.05


Tree=460
num_leaves=15
num_cat=0
split_feature=3 8 8 10 8 15 0 1 3 13 15 0 13 8
split_gain=0.809731 0.680532 0.926145 0.751987 0.518453 0.596204 0.352962 1.07034 0.305754 0.21063 0.361543 0.76793 0.240209 0.208002
threshold=11.969947749779928 34.550000000000004 19.900000000000002 -0.49052240080021109 12.230000000000002 -0.11977499999999999 11.918138070231437 10.941699801900848 13.359141511091963 4.1608181327570675 -0.83455499999999994 14.832976994793107 4.516393471399744 16.950000000000003
decision_type=2 8 10 2 10 2 2 2 2 8 2 2 10 10
left_child=6 2 4 -4 5 -2 7 -1 -3 10 11 -8 -11 -13
right_child=1 8 3 -5 -6 -7 9 -9 -10 12 -12 13 -14 -15
leaf_value=2.4003342415109003e-05 0.00016990569083762653 0.00045556228109548051 -0.00063667740429222848 -0.00021584641543041959 0.0014927180552539462 -0.0014280539299933058 -0.00029987286660823615 -0.00059704355010749071 -0.00037388713494687208 0.00075258983788182405 4.1816654422965235e-05 0.0015825721790492138 -3.4676053867584396e-05 -8.5489087269938381e-05
leaf_weight=48.046697616577148 24 31 29 37 42 26 39 29 27 59 426.0933952331543 25 39.046697616577148 22
leaf_count=43 24 31 29 37 42 26 39 29 27 59 416 25 34 22
internal_value=-0.000424764 -0.00308756 -0.00477987 -0.00925373 -0.00150538 -0.00490196 0.000415489 -0.00275177 0.00152542 0.000819289 0.000410193 -0.00252874 0.00293027 0.00177083
internal_weight=903.187 216 158 66 92 50 687.187 77.0467 58 610.14 512.093 86 98.0467 47
internal_count=883 216 158 66 92 50 667 72 58 595 502 86 93 47
is_linear=0
shrinkage=0.05


Tree=461
num_leaves=15
num_cat=0
split_feature=16 8 8 16 10 2 9 0 10 1 1 0 0 0
split_gain=0.678431 0.618824 1.04472 0.456007 0.438483 0.468615 0.360221 0.440791 0.374774 0.311223 0.49312 0.333655 0.384367 0.466097
threshold=-1.4512249999999998 23.350000000000005 29.500000000000004 0.10701500000000001 -0.50376918148035232 12.228182653119807 -0.11103293036274557 15.450586597540411 -0.37459232954469374 16.123334206731318 16.509784215219138 16.818864548502386 15.925804984510316 15.772079058790217
decision_type=2 10 8 2 2 2 2 2 2 2 2 2 2 2
left_child=-1 9 4 6 -3 -6 8 -8 -4 11 -11 12 13 -2
right_child=1 2 3 -5 5 -7 7 -9 -10 10 -12 -13 -14 -15
leaf_value=-2.7075218130147653e-05 4.2866866139444068e-05 -0.00033724169393146725 -0.00027999721801808534 0.00034957094168289415 -0.00036423885498623439 -0.00055299429299304932 -4.900239577646297e-05 -0.00045312974344198363 0.00019468124289267954 -0.0020161746014895599 0.003731785021487047 -0.002683405926447226 0.00021084940313965625 -0.0015830013077583944
leaf_weight=37 354.14009284973145 27 29 61 21 20 50 33 43 22 20 35 92 29
leaf_count=37 339 27 29 61 21 20 50 33 43 22 20 35 92 29
internal_value=-0.000439631 -0.000142508 -0.00203509 -0.00032258 -0.0073913 -0.0105952 -0.00176282 -0.00398809 0.000821918 0.000832882 -0.00325581 0.00117522 0.00152413 0.000821837
internal_weight=873.14 836.14 284 216 68 41 155 83 72 552.14 42 510.14 475.14 383.14
internal_count=858 821 284 216 68 41 155 83 72 537 42 495 460 368
is_linear=0
shrinkage=0.05


Tree=462
num_leaves=15
num_cat=0
split_feature=16 2 14 7 7 8 8 4 0 9 13 2 13 0
split_gain=0.85156 1.27338 0.510958 0.692667 0.698049 0.420399 0.398637 0.757814 0.335228 0.485704 0.320121 0.291815 0.278482 0.274353
threshold=1.0000000180025095e-35 6.6483263812505102 3.1058110998530073 7.3500000000000005 6.9500000000000011 23.350000000000005 20.545000000000005 9.3263113378754525 13.556564215335296 -1.0000000180025095e-35 3.094662338278956 13.248656899503709 3.4282904644093786 15.678851993770641
decision_type=2 2 2 2 2 10 10 2 2 2 8 2 8 2
left_child=1 -1 13 4 5 11 -2 8 -8 -10 -9 -4 -11 -3
right_child=6 2 3 -5 -6 -7 7 10 9 12 -12 -13 -14 -15
leaf_value=-0.00014056470760424026 0.00013042299767048059 0.00012838437475288736 0.00059474441406054629 0.00013257713373506484 -0.00054014003223013874 -0.00035185349292823974 0.00026740501112073803 -0.0013773436401661658 0.00061583552959406263 -4.4953354508953742e-05 -0.00047513901323210581 -0.00035389520384823724 -0.00024348145993566487 -0.00027001897827746556
leaf_weight=20 430.14009284973145 72 27 29 21 26 58 37 52 42 25 20 23 24
leaf_count=20 415 72 27 29 21 26 58 37 52 42 25 20 23 24
internal_value=3.38433e-05 -0.00252083 -0.00138636 -0.00350806 -0.00557895 -0.00317568 0.000951448 -0.000693277 0.000994318 -0.000550847 -0.00539683 -0.0003125 -0.00340909 0.00134021
internal_weight=906.14 239 219 123 94 73 667.14 237 175 117 62 47 65 96
internal_count=891 239 219 123 94 73 652 237 175 117 62 47 65 96
is_linear=0
shrinkage=0.05


Tree=463
num_leaves=15
num_cat=0
split_feature=8 13 8 13 7 8 7 9 9 8 9 0 0 8
split_gain=0.476337 0.752205 0.673308 0.675416 0.700861 0.832547 0.665008 0.504109 0.781784 1.27616 0.43753 0.295165 0.466972 0.279092
threshold=22.250000000000004 4.6325307887981051 26.200000000000003 3.4104915591470446 6.8500000000000005 39.050000000000004 5.8500000000000005 0.86382728211298232 0.97014794553715189 10.250000000000002 0.14780800409054848 14.395140689944201 15.023517212076225 17.955000000000002
decision_type=10 8 10 10 2 10 2 2 2 10 2 2 2 8
left_child=1 7 6 11 5 -5 -2 13 9 -9 -8 -4 -13 -1
right_child=2 -3 3 4 -6 -7 10 8 -10 -11 -12 12 -14 -15
leaf_value=0.00012309246566901468 -0.00045629110675741161 -0.00029562269469734793 0.0019901351436888769 -6.7280141983457658e-05 -4.5572558447616731e-06 -0.00025673970222984971 -0.00028280662864920965 -8.6679085450958851e-05 0.013941468820610087 -3.042511408002794e-05 1.83181513954577e-05 -0.00024327723304086619 6.6757925286943214e-05 0.0041467006911156115
leaf_weight=375.04669761657715 21 28 64 26 48 30 24 31 29 46.046697616577148 21 21 52 60
leaf_count=370 21 28 64 26 48 30 24 31 29 41 21 21 52 60
internal_value=-0.000250296 0.000605983 -0.00183442 -0.000599173 -0.00361905 -0.00736842 -0.00626866 0.00102467 -0.002053 -0.0046737 -0.00271739 0.0017029 -0.000472973 0.00177787
internal_weight=876.093 569.093 307 241 104 56 66 541.093 106.047 77.0467 45 137 73 435.047
internal_count=866 559 307 241 104 56 66 531 101 72 45 137 73 430
is_linear=0
shrinkage=0.05


Tree=464
num_leaves=15
num_cat=0
split_feature=8 8 3 10 10 7 0 0 3 15 14 15 0 2
split_gain=0.494732 0.546585 0.509495 0.672412 0.865219 0.723457 0.493389 0.409377 0.396678 0.391534 0.378897 0.299995 0.196096 0.619549
threshold=16.650000000000002 32.050000000000004 9.6705788083499247 -0.2397582400620111 -0.71476258798096814 5.8500000000000005 14.395140689944201 15.048160610447411 13.359141511091963 -0.11977499999999999 0.26788952530819021 0.63776500000000014 15.960627720816442 13.303708650551073
decision_type=10 10 2 2 2 2 2 2 2 2 2 2 2 2
left_child=12 2 10 4 -4 -5 -3 -8 -9 -7 -2 -12 13 -1
right_child=1 6 3 5 -6 9 7 8 -10 -11 11 -13 -14 -15
leaf_value=7.8812066019964103e-05 -0.00024187765529337467 0.00057369116264565799 -0.00024015354110321172 -0.0001669083857131576 -0.0014058253908284023 0.0012785715860047263 -0.00038942950560648545 4.3224585986414203e-05 -0.0004770318431200821 -0.00018942027042719218 0.002346894444908207 -0.00015718417872219659 0.00019128193966167319 -0.0013612748128467463
leaf_weight=301.14009284973145 26.046697616577148 75 35 21 35 37 26 67 26 24 44 20 117 40
leaf_count=286 21 75 35 21 35 37 26 67 26 24 44 20 117 40
internal_value=0.000358511 -0.000846057 -0.00242656 -0.00418301 -0.00774648 -0.00108434 0.00112821 -0.000875 0.00069149 0.00169355 0.000551733 0.00261538 0.00150434 0.000893495
internal_weight=894.187 436.047 242.047 152 70 82 194 119 93 61 90.0467 64 458.14 341.14
internal_count=874 431 237 152 70 82 194 119 93 61 85 64 443 326
is_linear=0
shrinkage=0.05


Tree=465
num_leaves=15
num_cat=0
split_feature=16 14 2 13 10 8 8 8 8 0 0 14 5 7
split_gain=0.888552 0.691035 0.600999 0.557497 0.64284 0.576572 1.48125 0.468469 0.735302 0.910694 1.20022 0.630437 0.465683 0.781995
threshold=1.0000000180025095e-35 0.17402358215675648 10.707146935600546 3.0186624058275657 0.38268343236508956 17.050000000000004 29.975000000000005 34.900000000000006 22.050000000000004 15.472996339817792 16.146562078170792 3.237719231425281 7.0715530962182145 6.3500000000000005
decision_type=2 2 2 8 2 10 10 10 10 2 2 2 2 2
left_child=1 -1 -3 5 12 -2 -7 8 9 -4 -11 -9 13 -5
right_child=3 2 7 4 -6 6 -8 11 -10 10 -12 -13 -14 -15
leaf_value=-0.00011565667227411449 1.7285135507606917e-05 0.0037047183450085821 9.8626110276527073e-05 5.787647112077075e-06 0.00068888749761246751 -0.00059171121558052812 -1.5452754176842859e-06 -0.00024052086915633795 -0.00028164015185680653 -0.00054604436121385416 -5.0893253987778152e-05 0.0001879253134679609 0.0075424034078349191 -0.00054847426713111114
leaf_weight=23 97 22 48 180.14009284973145 156.04669761657715 44 55 22 40 20 21 30 33 62
leaf_count=23 97 22 48 165 151 44 55 22 40 20 21 30 33 62
internal_value=-0.00115205 -0.0038326 -0.00286765 -0.00018158 0.000823565 -0.00238579 -0.00505 -0.00381868 -0.00542308 -0.00283333 -0.00821429 0.000188679 -0.000631199 -0.00139549
internal_weight=853.187 226 203 627.187 431.187 196 99 181 129 89 41 52 275.14 242.14
internal_count=833 226 203 607 411 196 99 181 129 89 41 52 260 227
is_linear=0
shrinkage=0.05


Tree=466
num_leaves=15
num_cat=0
split_feature=8 14 14 6 8 1 7 0 9 1 7 1 8 9
split_gain=0.590291 0.663729 0.866974 0.591917 0.746682 0.895769 1.73824 0.470803 0.405564 0.407114 0.370401 0.317401 0.663226 0.609139
threshold=16.650000000000002 0.019220404642418244 1.0079905521927708 1.0000000180025095e-35 24.100000000000005 15.056528738142783 5.7500000000000009 14.385479215512774 -0.9263445426916056 13.966589384727333 4.8500000000000005 15.332881265184389 57.045500000000011 -0.79335334029123528
decision_type=10 2 2 2 10 2 2 2 2 2 2 2 10 2
left_child=8 -2 -3 4 5 6 -4 -8 9 -1 -10 12 13 -6
right_child=1 2 3 -5 11 -7 7 -9 10 -11 -12 -13 -14 -15
leaf_value=-0.0014243208080055355 -0.00033156553763557172 5.0895488796382919e-05 -0.00036825238596264185 0.00024220756435643976 -0.00032827208862308967 -0.00051732444006871616 -0.00081040422220421979 0.0037755037175819539 -0.0011668002958700021 -2.114706371479404e-05 7.5013771121708149e-05 9.7564647007180108e-05 -0.00026128796488894014 -1.2530995203423431e-05
leaf_weight=21 27 81.046697616577148 24 24 21 21 27 30 25 23 411.18679046630859 50 22 115
leaf_count=21 27 76 24 24 21 21 27 30 25 23 391 50 22 115
internal_value=-0.000691951 -0.00200829 -0.00150167 -0.00262687 -0.00321543 -0.00669903 -0.00420732 0.000603448 0.00052149 -0.004 0.000985698 -0.00148325 -0.00257862 -0.00124088
internal_weight=922.233 442.047 415.047 334 310 102 81 57 480.187 44 436.187 208 158 136
internal_count=897 437 410 334 310 102 81 57 460 44 416 208 158 136
is_linear=0
shrinkage=0.05


Tree=467
num_leaves=15
num_cat=0
split_feature=1 1 14 9 2 8 15 9 13 15 14 15 14 14
split_gain=0.337334 0.80086 0.650951 0.376083 0.57439 0.638753 0.537027 0.569978 0.646634 0.557196 0.298573 1.0922 0.385133 0.766968
threshold=14.087104320148036 13.782891989976227 2.9560257801180323 0.77711637012006718 13.009490627159357 7.6100000000000003 0.66927500000000018 -0.25881904510252113 3.7578708723813965 -1.1068949999999997 0.019220404642418244 0.011770000000000001 0.15615118518611129 0.43960625398361319
decision_type=2 2 2 2 2 8 2 2 10 2 2 2 2 2
left_child=1 10 -3 4 5 -2 7 9 -9 -6 11 -1 -12 -14
right_child=3 2 -4 -5 6 -7 -8 8 -10 -11 12 -13 13 -15
leaf_value=-0.00033543460275909645 -0.0011298558630103179 -0.00015999159092573541 -0.00092192027610025562 0.002545053949248581 -0.00018416513029372557 0.00033811560275122203 -0.00045256209828056462 -0.00039235564159176598 0.0006512678132328171 0.0052364543935639407 0.00084132329242352566 0.00019559804695391104 -0.0035670557715836654 1.6646273689053703e-06
leaf_weight=23 24 34 21 86 20 136 20 36 28 51 69.093395233154297 34.046697616577148 30 292.0933952331543
leaf_count=23 24 34 21 86 20 136 20 36 28 51 59 29 30 282
internal_value=-0.000197554 -0.0010587 -0.00669643 0.000883085 7.91141e-05 0.00217391 -0.00208333 -0.000919117 -0.00430769 0.00215278 -0.000353563 -0.00369989 0.000142621 -0.00058662
internal_weight=904.233 503.233 55 401 315 160 155 135 64 71 448.233 57.0467 391.187 322.093
internal_count=879 478 55 401 315 160 155 135 64 71 423 52 371 312
is_linear=0
shrinkage=0.05


Tree=468
num_leaves=15
num_cat=0
split_feature=4 3 15 1 8 9 0 2 3 4 0 0 0 0
split_gain=0.91414 0.770517 0.595435 0.572055 0.800513 0.439967 0.430123 0.391185 0.505216 0.371661 0.358403 0.557519 0.340667 1.2844
threshold=8.914189077297701 10.632482925778287 -1.7154999999999998 14.736831470662546 21.350000000000005 -0.49431062074847748 15.648777180913992 13.945621774186813 12.199382889614247 3.0080785798491774 15.960627720816442 15.772079058790217 13.211290060426384 12.894777939625641
decision_type=2 2 2 2 10 2 2 2 2 2 2 2 2 2
left_child=2 -2 9 5 7 -3 -6 8 -5 -1 11 12 13 -4
right_child=1 3 10 4 6 -7 -8 -9 -10 -11 -12 -13 -14 -15
leaf_value=-0.00017856384975711913 -0.00035816241170527483 -0.00047639680950290088 0.00035220760488651327 0.00043730616737558181 -0.00017495687497643395 0.010003175223713136 -0.00072567172787154591 0.0019232768594687347 -0.00046958766749333799 -9.5452344308520748e-06 0.00035965261671171665 -0.0011364712197204831 7.6774754676093164e-05 -0.000285103436638434
leaf_weight=20 34 30 89.046697616577148 25 20 60 32 45 20 20 123 33 347.14009284973145 24
leaf_count=20 34 30 84 25 20 60 32 45 20 20 123 33 332 24
internal_value=-4.23163e-05 -0.00250936 0.000960053 -0.00145923 -0.00342657 0.00164835 -0.00830189 -0.00054945 -0.00380435 -0.00487805 0.00134633 0.000740477 0.0011946 -0.00118168
internal_weight=922.187 266 656.187 232 142 90 52 90 45 40 616.187 493.187 460.187 113.047
internal_count=902 266 636 232 142 90 52 90 45 40 596 473 440 108
is_linear=0
shrinkage=0.05


Tree=469
num_leaves=15
num_cat=0
split_feature=7 16 15 7 7 4 1 13 13 4 15 1 8 1
split_gain=1.30347 0.924524 0.678175 1.24567 0.735261 0.740733 0.429752 0.41172 0.792013 0.645067 0.32177 0.4036 0.858934 0.40225
threshold=7.8500000000000005 1.0000000180025095e-35 -0.44686499999999996 6.4500000000000011 6.2500000000000009 5.8072895593483649 14.588160058733136 2.4531326585235829 2.6600494875419574 6.5514373504102341 -0.023674999999999998 12.639941056452558 27.850000000000005 15.319689178696192
decision_type=2 2 2 2 2 2 2 10 10 2 2 2 10 2
left_child=1 2 3 -1 -4 -6 -5 -3 9 -9 11 12 -10 -13
right_child=-2 7 4 6 5 -7 -8 8 10 -11 -12 13 -14 -15
leaf_value=2.7825130904015853e-05 -0.00044823853864806533 0.0058689069358691158 -0.00037730809641337232 -0.00023323557375826967 0.00023399079588845895 -0.00024264102262890744 -0.0001625432633786572 -7.4320131705109179e-06 3.8737410328355947e-05 -0.00024477862005891412 0.00033178174307261078 6.247236562570878e-05 -0.00050292821386521214 -0.00066979599348026609
leaf_weight=85 23 57 31 43 20 32 20 24 51.093395233154297 29 288.14009284973145 146 20 42
leaf_count=85 23 57 31 43 20 32 20 24 41 29 273 146 20 42
internal_value=-0.000376913 -6.61608e-05 -0.00278017 -0.000738255 -0.00636905 -0.00264151 -0.00601562 0.000890516 0.000500916 -0.00527778 0.00106919 -0.000209667 -0.00339189 0.00100529
internal_weight=911.233 888.233 231 148 83 52 63 657.233 600.233 53 547.233 259.093 71.0934 188
internal_count=886 863 231 148 83 52 63 632 575 53 522 249 61 188
is_linear=0
shrinkage=0.05


Tree=470
num_leaves=15
num_cat=0
split_feature=14 0 1 10 13 14 14 16 15 8 1 1 13 13
split_gain=1.25679 0.830247 0.697932 0.695641 0.612731 0.802299 0.578271 0.572428 0.551946 0.536726 0.503494 0.497455 0.748864 0.485578
threshold=3.1058110998530073 13.574106775453194 12.538991975982244 0.23766552919915279 3.776547213639899 6.2020731521865429 4.4137246756131807 0.10701500000000001 -0.11977499999999999 18.350000000000005 15.319689178696192 16.386875964300703 3.0790922744843354 4.4876448421191251
decision_type=2 2 2 2 8 2 2 2 2 10 2 2 10 8
left_child=1 3 -2 -1 6 8 7 9 -6 -4 -8 12 -12 -3
right_child=2 13 4 -5 5 -7 10 -9 -10 -11 11 -13 -14 -15
leaf_value=6.9554281872788096e-06 -0.00050398093113677208 0.00015690594779400413 -0.00014186303990046555 -0.00033751418129177176 -6.7295671599287602e-05 -0.00071285114376594264 0.0050033739748000143 0.00010342259361788156 -0.0014856481553311134 -0.00034519657241385306 -0.00043899127457769208 0.0094558790799269057 0.00012183147572915223 -0.0004230992228096953
leaf_weight=85.046697616577148 35 339.0933952331543 25 52 59 21 79 32 20 31 21 21 27 39.046697616577148
leaf_count=80 35 329 25 52 59 21 79 32 20 31 21 21 27 34
internal_value=-0.000190564 0.00140634 -0.00240591 -0.00191795 -0.00169139 -0.00495049 -0.000295358 -0.00348315 -0.0025625 -0.00649123 0.00161074 -0.0015 -0.00428571 0.00261302
internal_weight=886.187 515.187 371 137.047 336 100 236 88 79 56 148 69 48 378.14
internal_count=866 495 371 132 336 100 236 88 79 56 148 69 48 363
is_linear=0
shrinkage=0.05


Tree=471
num_leaves=15
num_cat=0
split_feature=7 3 3 15 4 12 8 8 12 15 0 4 0 1
split_gain=1.0405 0.749435 1.05069 0.580373 0.726654 0.54145 0.547415 0.913642 0.449454 0.25951 0.221362 0.284766 0.743113 0.24821
threshold=7.8500000000000005 12.881188419440607 13.448175099136057 -1.7154999999999998 4.7184590100123378 1.0000000180025095e-35 15.050000000000002 27.050000000000004 2.5000000000000004 -0.79966499999999996 14.159144017181173 2.3410656135621104 13.342341679470378 12.726727415236329
decision_type=2 2 2 2 2 8 10 10 10 2 2 2 2 2
left_child=1 3 -3 4 -1 6 -5 -8 9 -4 11 13 -13 -7
right_child=-2 2 8 5 -6 10 7 -9 -10 -11 -12 12 -14 -15
leaf_value=-0.00042674109589585664 -0.000470333450936013 -0.00038504865680577375 -0.00077981170282285931 2.6635303707230572e-06 -3.7028363107492497e-05 1.8403313426878108e-07 -0.0004378282039149094 -6.7425800574912175e-05 -0.0009014442488643311 0.0085381643863583524 7.1927198718555247e-05 0.00014302082630221954 -0.0009859352804425642 0.00072931354189707722
leaf_weight=20 21 33 20 81 24 91.046697616577148 29 32 21 30 395.14009284973145 45 29 37
leaf_count=20 21 33 20 81 24 86 29 32 21 30 380 45 29 37
internal_value=-0.000394931 -0.000128426 -0.00409524 0.000402881 -0.00511111 0.000737563 -0.00202797 -0.00556452 -0.000625 0.00196078 0.00139745 5.03999e-05 -0.0024 0.00147414
internal_weight=908.187 887.187 104 783.187 44 739.187 142 61 71 50 597.187 202.047 74 128.047
internal_count=888 867 104 763 44 719 142 61 71 50 577 197 74 123
is_linear=0
shrinkage=0.05


Tree=472
num_leaves=15
num_cat=0
split_feature=3 8 7 13 15 7 2 3 4 5 2 3 1 2
split_gain=1.07744 1.03424 0.517869 0.93998 0.543034 0.526152 0.474145 0.965975 0.42382 0.411118 0.480305 0.348195 0.364139 0.664521
threshold=8.9251218736798812 16.650000000000002 6.2500000000000009 3.3277906598632643 -0.30803999999999992 6.4500000000000011 13.962673132380607 12.23257817002929 11.002206928624593 9.1041863875524118 14.013624873329514 10.705130003249758 14.233651055557059 10.925384884878442
decision_type=2 10 2 10 2 2 2 2 2 2 2 2 2 2
left_child=-1 9 3 4 -3 -4 7 -7 -8 11 -11 12 13 -2
right_child=1 2 5 -5 -6 6 8 -9 -10 10 -12 -13 -14 -15
leaf_value=3.7680737204555056e-05 0.003861499430702331 -0.00012158182550319017 0.021092722285464383 -7.2148820811661615e-05 -0.0003941788050228249 -0.00010753323194308189 0.030424855408034537 -0.00076223258193688177 -0.00070161243440332983 -0.00070671690068780573 3.8498954202478997e-05 0.0016900897270530912 0.00012893457179458684 -0.00040752483115946421
leaf_weight=376.23348808288574 25 24 21 35 31 76 26 34 35 20 24 98 56 35
leaf_count=351 25 24 21 35 31 76 26 34 35 20 24 98 56 35
internal_value=-0.000511137 -0.00194085 -0.00402827 -0.00714286 -0.0111607 -0.00253886 -0.0034593 -0.00540541 8.06453e-05 0.000347491 -0.004 0.00125581 -0.00059829 -0.00327869
internal_weight=916.233 540 282 90 55 192 171 110 61 258 44 214 116 60
internal_count=891 540 282 90 55 192 171 110 61 258 44 214 116 60
is_linear=0
shrinkage=0.05


Tree=473
num_leaves=15
num_cat=0
split_feature=14 14 8 14 9 7 15 9 14 15 0 7 7 9
split_gain=0.656292 0.551646 0.640564 0.638354 0.407321 0.375011 0.368248 0.388676 0.426848 0.288473 0.251841 0.247407 0.224565 0.221091
threshold=3.1058110998530073 5.0734674838097407 28.050000000000004 3.9291655750132652 0.25881904510252091 7.0500000000000007 -0.44686499999999996 0.74311652879956314 3.6263617620426336 -0.94165999999999983 15.518001826312297 6.6500000000000012 6.2500000000000009 0.81902728346499465
decision_type=2 2 10 2 2 2 2 2 2 2 2 2 2 2
left_child=13 2 6 -4 5 -3 10 8 -8 -6 -2 -11 -10 -1
right_child=1 4 3 -5 9 -7 7 -9 12 11 -12 -13 -14 -15
leaf_value=4.6197952536027087e-06 0.016166708899880648 0.012018563658162593 -0.00015236550724637843 -0.001230671649270368 -0.00068856078780325314 -0.00029266761213097881 -0.00011633664209865576 -0.00053118326793085888 -0.00037601046054135459 -0.00080433798996458407 -0.00010972676798440521 0.0020489729210086626 0.014207027249513844 6.97981967281749e-05
leaf_weight=412.04669761657715 28 58 28 34 25 39 25 20 20 29 20 27 22 117.18679046630859
leaf_count=407 28 58 28 34 25 39 25 20 20 29 20 27 22 97
internal_value=-0.000197554 -0.00179521 -0.00361111 -0.00777778 0.000223464 0.00239796 -0.00165441 -0.00357955 -0.00169118 -0.00237805 0.00183673 -0.000350877 0.00139535 0.000935753
internal_weight=904.233 375 197 62 178 97 135 87 67 81 48 56 42 529.233
internal_count=879 375 197 62 178 97 135 87 67 81 48 56 42 504
is_linear=0
shrinkage=0.05


Tree=474
num_leaves=15
num_cat=0
split_feature=3 8 8 13 13 9 2 10 3 3 9 8 8 15
split_gain=0.797686 1.15519 0.906013 0.430235 0.961774 0.384757 0.320163 1.13431 0.345019 0.912949 0.308613 0.256183 0.5469 0.24406
threshold=9.511888355722272 40.760000000000005 52.715000000000011 4.5201734135869565 4.4525584794271582 -0.96419053137135757 11.716101942589512 0.25881904510252057 11.969947749779928 12.484008145059095 -0.70864607840491678 18.350000000000005 24.250000000000004 -0.11977499999999999
decision_type=2 10 10 10 8 2 2 2 2 2 2 10 10 2
left_child=5 3 -3 4 6 -1 7 -2 10 -10 -8 -11 -13 -7
right_child=1 2 -4 -5 -6 13 8 -9 9 11 -12 12 -14 -15
leaf_value=-0.00056149848093418116 6.3327887047253412e-05 -0.00075719915605032182 -0.00018398805705403573 0.0018218694331760634 -0.001186467602697157 3.6758689518358123e-05 -0.0009621891549989565 -0.00049650530232980611 -0.00056564192877650511 0.0015470107287806607 0.00047946256638119861 -0.00042640321991354967 0.0013023902661802045 1.6103234439124253e-05
leaf_weight=42 63 27 33 30 25 149.04669761657715 26 36 38 45 99 25 41 220.14009284973145
leaf_count=42 63 27 33 30 25 144 26 36 38 45 99 25 41 205
internal_value=-0.000393325 -0.00175869 -0.00819672 -0.000839161 -0.0012782 0.00122744 -0.000628342 -0.00305 0.000254546 -0.00136667 0.00218254 0.0009375 -0.00104478 0.00174489
internal_weight=899.187 488 60 428 398 411.187 373 99 274 149 125 111 66 369.187
internal_count=879 488 60 428 398 391 373 99 274 149 125 111 66 349
is_linear=0
shrinkage=0.05


Tree=475
num_leaves=15
num_cat=0
split_feature=14 13 10 4 10 8 9 9 1 0 13 13 15 14
split_gain=0.773235 0.680143 1.02154 0.734938 0.701486 0.679486 0.574497 0.426038 0.291651 0.247645 0.549704 0.331436 0.247658 0.436451
threshold=3.0099926726498025 3.4886076254492751 0.38268343236508956 9.3526815182801162 -0.9025766923884776 16.650000000000002 1.0000000180025095e-35 0.44032991850403941 14.070538460099918 12.341179895169182 3.7266031251534857 4.5579882802345537 0.66927500000000018 1.6489851484894185
decision_type=2 8 2 2 2 10 2 2 2 2 8 10 2 2
left_child=9 2 5 -4 -3 -2 -7 -5 -6 10 -1 12 -11 -14
right_child=1 4 3 7 8 6 -8 -9 -10 11 -12 -13 13 -15
leaf_value=-0.00028144481114794444 0.010354795204488098 -0.0004990075158146721 -0.00022075918975526167 -0.00022265734550250849 -0.00053384459044019837 -0.00082784840954066132 -0.00020785075375261792 -0.00061212775055415134 0.00032866287271825207 3.9267977344265016e-05 4.242308518259869e-05 -0.00049727581925584961 -0.00022165264090384443 0.0050037815764018816
leaf_weight=36 55 30 34 29 35 36 47 20 108 314.04669761657715 29.046697616577148 28.046697616577148 74.046697616577148 28
leaf_count=36 55 30 34 29 35 36 47 20 108 309 24 23 69 28
internal_value=-0.000314167 -0.00197468 -0.00380631 -0.00815476 0.000373563 -0.00115108 -0.00398809 -0.0041 0.00184028 0.000972064 -0.00188906 0.00139439 0.00175133 -0.000385907
internal_weight=903.187 394 221 83 173 138 83 49 143 509.187 65.0467 444.14 416.093 102.047
internal_count=883 394 221 83 173 138 83 49 143 489 60 429 406 97
is_linear=0
shrinkage=0.05


Tree=476
num_leaves=15
num_cat=0
split_feature=7 3 0 3 2 3 14 3 1 1 7 9 14 9
split_gain=0.8219 0.626542 0.685442 0.809301 0.793451 0.824908 0.488355 0.455469 0.412701 1.19466 0.675417 0.39712 0.391651 0.872851
threshold=7.8500000000000005 9.511888355722272 16.146562078170792 9.8483936115373343 13.527992964228725 12.088231528248983 5.028368217426352 14.040706871238713 12.874225652599369 11.961893769833667 6.2500000000000009 -0.96419053137135757 5.5656363219412706 0.25881904510252091
decision_type=2 2 2 2 2 2 2 2 2 2 2 2 2 2
left_child=1 11 3 -3 8 -6 -7 -8 9 -5 -11 -1 -4 -14
right_child=-2 2 12 4 5 6 7 -9 -10 10 -12 -13 13 -15
leaf_value=-0.00051826774212011242 -0.00031536696429127105 -0.00041543688612062234 0.00024357004379754559 0.0020651724625579929 -0.0011928884572220189 0.0020204506337093086 -0.0013147596681953319 1.9494273721680979e-05 4.6533406390661435e-05 -0.00055394067446234757 -0.00041927410483288323 5.873131996721794e-05 0.0068594645713892476 -0.00055811107539086567
leaf_weight=43 24 20 73 28 20 24 35 21 152 23 22 363.18679046630859 24 21
leaf_count=43 24 20 73 28 20 24 35 21 152 23 22 343 24 21
internal_value=-0.000261764 -4.67243e-06 -0.00126078 -0.00238439 -0.0017638 -0.00544554 -0.00308642 -0.00561403 -0.000110619 -0.00317568 -0.00815217 0.0014267 0.00201681 -0.00163043
internal_weight=893.187 869.187 463 345 325 100 80 56 225 73 45 406.187 118 45
internal_count=873 849 463 345 325 100 80 56 225 73 45 386 118 45
is_linear=0
shrinkage=0.05


Tree=477
num_leaves=15
num_cat=0
split_feature=4 2 3 1 1 10 10 10 3 10 2 15 5 10
split_gain=0.957119 0.929568 0.555577 0.654192 0.760857 0.389022 0.384652 0.889134 0.366762 0.371552 0.325122 0.4207 0.344998 0.562734
threshold=2.3410656135621104 9.172039233726256 9.6705788083499247 14.208289289035511 13.782891989976227 -0.96535657505894046 0.074102141141256975 0.54824625590878551 12.923004250525771 0.9396121150393979 12.046553265723789 -1.1641199999999998 3.7187503938003199 0.25881904510252057
decision_type=2 2 2 2 2 2 2 2 2 2 2 2 2 2
left_child=8 -2 -3 4 6 -5 -4 -8 9 -1 -7 -12 -13 -14
right_child=1 2 3 5 -6 10 7 -9 -10 -11 11 12 13 -15
leaf_value=4.240524316294777e-05 -0.0038528429533416517 0.00011019822432863148 -0.00011428040774924078 -0.00059323366472425944 -0.00052896983480275916 -8.5982331573958331e-05 -0.00054875528827825614 -8.161360849609423e-05 -0.00012759018346847304 -6.808427591387517e-05 -0.00037239633237865877 0.0011516489652874063 -0.00192985372041656 0.0028074947087598514
leaf_weight=338.18679046630859 20 93 59 27 29 25 21 23 20 50 34 68 38 31
leaf_count=318 20 93 59 27 29 25 21 23 20 50 34 68 38 31
internal_value=-7.87357e-05 -0.00162047 -0.00113586 -0.00203652 -0.00481203 -0.000379464 -0.00274038 -0.00622222 0.00168855 0.00203227 0.000406092 0.00119186 0.00242754 -7.14284e-05
internal_weight=876.187 468 448 355 132 223 103 44 408.187 388.187 196 171 137 69
internal_count=856 468 448 355 132 223 103 44 388 368 196 171 137 69
is_linear=0
shrinkage=0.05


Tree=478
num_leaves=15
num_cat=0
split_feature=14 2 1 1 14 14 12 13 0 0 0 13 0 0
split_gain=1.62067 0.633938 0.70599 1.10656 0.552381 0.47817 0.339843 0.286765 0.282467 1.2491 0.328438 0.566168 0.395491 0.708851
threshold=4.0741149540238695 12.598350357459102 15.430374933573537 15.807939224393884 4.9035513653134428 5.730831149991312 2.5000000000000004 3.0186624058275657 11.918138070231437 11.194996633038054 14.490599584466304 4.4876448421191251 15.960627720816442 15.772079058790217
decision_type=2 2 2 2 2 2 10 8 2 2 2 10 2 2
left_child=8 4 5 -4 -2 -3 7 -5 9 -1 -10 12 13 -12
right_child=1 2 3 6 -6 -7 -8 -9 10 -11 11 -13 -14 -15
leaf_value=8.6045075102790202e-06 -0.0014260140692409231 -0.00010870547052699422 -0.00061358861362342343 -0.00066593925347262131 -0.00041847993976099464 0.011460238708892519 -0.0014258703919236796 0.014281342261035153 0.00032239245229229402 -0.00064846661094351745 2.5482878416565151e-05 -0.00069758941371724414 0.00028727258444423653 -0.0018351437223330337
leaf_weight=46.046697616577148 27 65 26 25 35 42 26 22 218.0933952331543 20 178.0933952331543 26 95 22
leaf_count=41 27 65 26 25 35 42 26 22 208 20 168 26 95 22
internal_value=-0.000153085 -0.0033829 -0.00202899 -0.00505 -0.00777778 0.000787037 -0.00182432 0.000729167 0.00128031 -0.00178631 0.00165856 0.000637911 0.00126807 2.32236e-06
internal_weight=873.233 268 206 99 62 107 73 47 605.233 66.0467 539.187 321.093 295.093 200.093
internal_count=848 268 206 99 62 107 73 47 580 61 519 311 285 190
is_linear=0
shrinkage=0.05


Tree=479
num_leaves=15
num_cat=0
split_feature=14 14 7 15 14 14 1 2 3 1 7 14 10 2
split_gain=1.56139 1.00117 0.45745 0.459876 1.92519 0.584464 0.524393 0.433306 0.395021 0.566594 0.879236 0.536502 0.436867 0.419922
threshold=4.2228882351687469 4.4137246756131807 7.3500000000000005 -1.0778199999999998 5.6933572280725686 5.9594395523767583 15.319689178696192 13.121882429087195 8.7517856353754926 14.026465292881861 5.4500000000000011 0.011789636016720442 0.70090259214882411 10.972019710234319
decision_type=2 2 2 2 2 2 2 2 2 2 2 2 2 2
left_child=8 -2 3 4 -3 6 7 -5 11 10 -10 -1 -11 -12
right_child=1 2 -4 5 -6 -7 -8 -9 9 12 13 -13 -14 -15
leaf_value=-8.0261596158601227e-05 -0.00078098283980840202 0.0018126057635959225 0.00035877905697369013 -0.002864406719987677 -0.0010310529364032487 0.0065084621550077328 -0.0013732420335789142 0.0018078755346219223 -0.00027762668059467307 0.00039838632777095646 9.9308578410095528e-06 0.00010514758294096464 -0.00029614533062777206 -0.00021764687076916754
leaf_weight=42.046697616577148 20 21 53 20 23 55 28 23 20 93 48 308.18679046630859 41 110
leaf_count=37 20 21 53 20 23 55 28 23 20 93 48 288 41 110
internal_value=-0.000412512 -0.00383197 -0.00283482 -0.00409357 -0.00844444 -0.00251968 -0.00548611 -0.00193182 0.000846109 -0.000447284 -0.0022905 0.0019963 0.002 -0.00100629
internal_weight=905.233 243 223 170 44 126 71 43 662.233 312 178 350.233 134 158
internal_count=880 243 223 170 44 126 71 43 637 312 178 325 134 158
is_linear=0
shrinkage=0.05


Tree=480
num_leaves=15
num_cat=0
split_feature=14 8 10 9 9 3 6 8 10 7 8 2 7 14
split_gain=1.77258 0.760589 1.04962 0.5274 1.41814 0.581832 0.624869 0.62248 0.672012 0.425636 0.399981 0.375293 0.928582 1.2627
threshold=3.1058110998530073 40.760000000000005 0.23766552919915279 0.86382728211298232 0.9263445426916056 13.511894145416049 3.974898608080927 17.850000000000005 0.77018921561974973 6.8500000000000005 17.050000000000004 10.707146935600546 5.2500000000000009 1.0079905521927708
decision_type=2 10 2 2 2 2 2 10 2 2 10 2 2 2
left_child=11 3 -3 5 -5 6 7 -2 9 -9 -6 -1 13 -13
right_child=1 2 -4 4 10 -7 -8 8 -10 -11 -12 12 -14 -15
leaf_value=0.00017402445410616126 0.00036514858928410516 -0.00016522365962249133 -0.0013574524918495052 -0.00048626908910345167 0.014929226305381569 0.0096496305991035421 -0.00060889110520588336 -0.00028221175010664757 4.8648343127797211e-05 -0.0001998335348772763 -0.0094253504092450882 -2.8371200437015116e-05 3.1929281126262655e-05 -0.012427434613446035
leaf_weight=247.14009284973145 99 29 23 28 22 38 24 36 26 29 20 29 225.0933952331543 23
leaf_count=232 99 29 23 28 22 38 24 36 26 29 20 29 215 23
internal_value=-0.000121028 -0.00274667 -0.00830189 -0.00182663 -0.0056338 -0.000750988 -0.00176744 -0.00078534 -0.00375 -0.00643939 0.000232558 0.00175382 0.000487128 -0.0054717
internal_weight=898.233 374 52 322 70 252 214 190 91 65 42 524.233 277.093 52
internal_count=873 374 52 322 70 252 214 190 91 65 42 499 267 52
is_linear=0
shrinkage=0.05


Tree=481
num_leaves=15
num_cat=0
split_feature=4 0 9 1 7 10 4 1 7 1 13 13 0 5
split_gain=1.37953 0.794391 0.494494 0.886488 0.953753 0.820306 0.776566 0.343464 0.513103 1.12909 0.468994 0.375507 0.29151 0.332738
threshold=9.008921551762926 16.989647723649092 0.5037691814803521 15.651820649340765 6.6500000000000012 -0.0043632677491870896 11.92474704216828 12.116287536430383 6.4500000000000011 11.248608894151623 4.6003327370364895 3.0663800636569527 15.696783712158519 4.0145535273098689
decision_type=2 2 2 2 2 2 2 2 2 2 8 8 2 2
left_child=7 2 3 4 -2 -6 -5 8 11 -10 -9 -1 13 -4
right_child=1 -3 12 6 5 -7 -8 10 9 -11 -12 -13 -14 -15
leaf_value=-0.00015436359889328688 0.0023454447661445292 -0.0016319694283760779 -0.00067358442366623151 -0.00050275646702151254 -0.001038649581183673 -5.9119174520316473e-05 -0.00069813171949000517 0.00013802010683549096 2.5278181557000466e-05 -0.000181056628234132 -0.00018916208544760167 8.1414026688088104e-05 0.0025819634163607476 0.0019179122604250577
leaf_weight=30 52 20 24 24 31 33 21 452.04669761657715 24 22 28 85.093395233154297 34 25
leaf_count=30 52 20 24 24 31 33 21 447 24 22 28 75 34 25
internal_value=0.000469796 -0.00256604 -0.0017551 -0.0033642 -0.00102564 -0.00507692 -0.00923913 0.0017219 -0.000274737 -0.00468085 0.00239111 0.00151143 0.00136905 -0.0011
internal_weight=905.14 264 244 161 116 64 45 641.14 161.093 46 480.047 115.093 83 49
internal_count=890 264 244 161 116 64 45 626 151 46 475 105 83 49
is_linear=0
shrinkage=0.05


Tree=482
num_leaves=15
num_cat=0
split_feature=4 13 3 16 1 8 15 2 15 2 1 13 1 13
split_gain=0.867425 0.620232 0.611248 0.543587 0.898583 0.795707 0.482145 0.350826 0.703684 0.363192 0.299701 0.234615 0.363499 0.457434
threshold=9.1790302868013747 4.1138350622584694 12.565943602123111 0.10701500000000001 14.010698359882447 15.750000000000002 -1.1770999999999998 5.3217531957214383 1.0000000180025095e-35 14.502773022519539 15.455483485761714 3.6918790522500609 13.880744462714931 3.5534561859539893
decision_type=2 10 2 2 2 10 2 2 2 2 2 10 2 8
left_child=7 2 3 4 -2 -6 -4 8 -1 11 -8 12 -9 -14
right_child=1 -3 6 -5 5 -7 10 9 -10 -11 -12 -13 13 -15
leaf_value=-0.00012310333248139347 -9.576641707115206e-05 0.00031122576971030265 -0.00099959913999185242 -3.2333857916526886e-05 -0.0015672859204055604 -0.0014333522236361935 0.0025143538642435309 9.000966647513025e-05 0.0010932562479880421 -0.00013996471190468103 -0.0004414702083641229 0.00016202517624340124 9.7439148580636625e-06 -0.00030470833896742433
leaf_weight=32 36 38 21 30 23 22 37 236.04669761657715 30.046697616577148 20 29 188.14009284973145 124 25
leaf_count=32 36 38 21 30 23 22 37 231 25 20 29 173 124 25
internal_value=0.000399187 -0.00219409 -0.00331658 -0.00575893 -0.00786585 -0.0125 -0.000170454 0.00133515 -0.00221687 0.00170979 0.0019403 0.0019435 0.00123103 -0.0007
internal_weight=891.233 236 198 111 81 45 87 655.233 62.0467 593.187 66 573.187 385.047 149
internal_count=866 236 198 111 81 45 87 630 57 573 66 553 380 149
is_linear=0
shrinkage=0.05


Tree=483
num_leaves=15
num_cat=0
split_feature=14 1 1 0 5 13 15 15 14 2 10 10 15 13
split_gain=0.856265 0.774408 0.672265 0.451273 0.574646 0.679361 0.709567 0.722948 0.510184 0.398485 0.373358 0.444938 0.440277 0.302317
threshold=3.1058110998530073 12.116287536430383 12.472406226667768 13.902803250117413 10.914057369557446 3.2555640719596006 0.66927500000000018 -1.0778199999999998 4.231473317266282 13.481092820945882 0.23766552919915279 0.77018921561974973 0.63776500000000014 3.4158349794804383
decision_type=2 2 2 2 2 10 2 2 2 2 2 2 2 10
left_child=1 10 -2 -4 5 6 7 9 -9 -5 12 -12 13 -1
right_child=2 -3 3 4 -6 -7 -8 8 -10 -11 11 -13 -14 -15
leaf_value=-0.0001780683859501472 -0.0002195761444649469 0.00013860959619812804 0.0096930168081725936 -9.8427587573829108e-05 -0.00080527588159989881 3.6523927340396512e-05 -0.0010293129759783844 -0.00041732981818432924 0.015637735759310566 -0.00035654039162581308 -0.0004602946503957147 -8.3120138037262465e-05 0.0072829902821468107 1.0706597050302084e-06
leaf_weight=20 37 365.0933952331543 40 21 24 134 28 28 40 20 27 40.046697616577148 32.046697616577148 25
leaf_count=20 37 355 40 21 24 134 28 28 40 20 27 35 27 25
internal_value=-0.000163305 0.00116807 -0.00198391 -0.00126488 -0.00194257 -0.00126838 -0.00373188 -0.00186364 0.00130435 -0.00702381 -0.00192657 -0.00462574 0.000451441 -0.00271739
internal_weight=881.187 509.187 372 335 295 271 137 109 68 41 144.093 67.0467 77.0467 45
internal_count=861 489 372 335 295 271 137 109 68 41 134 62 72 45
is_linear=0
shrinkage=0.05


Tree=484
num_leaves=15
num_cat=0
split_feature=7 14 15 8 1 2 14 10 12 7 7 12 8 8
split_gain=0.619818 0.505845 1.10328 0.505323 0.373435 0.575626 0.396386 0.307797 0.320004 0.239488 0.322276 0.980163 0.398485 0.249578
threshold=7.8500000000000005 5.5656363219412706 -1.0778199999999998 10.850000000000003 12.147605239729323 10.707146935600546 0.28689666846815737 0.23766552919915279 1.5000000000000002 7.1500000000000012 6.5500000000000007 1.5000000000000002 25.800000000000001 37.350000000000001
decision_type=2 2 2 8 2 2 2 2 8 2 2 10 10 10
left_child=1 4 -3 -4 5 6 7 8 -1 10 13 12 -12 -6
right_child=-2 2 3 -5 9 -7 -8 -9 -10 -11 11 -13 -14 -15
leaf_value=-0.00019687982028969515 -0.00082797214980649561 -0.00073209274359449029 -0.00061068775198182257 0.0087306092341398831 0.00012291192807671746 -0.00021067119272629391 0.00074192227453185309 -0.00037231664378024957 3.6656659249829459e-05 0.0074989944212338127 -0.00083714856536168262 0.00013472818236252271 -0.0014008364401758271 -0.00010366913974416649
leaf_weight=25 23 37 31 59 401.0933952331543 39 36 35 27.046697616577148 48 21 42 20 34
leaf_count=25 23 37 31 59 391 39 36 35 22 48 21 42 20 34
internal_value=0.000216917 0.000438831 -0.00246094 0.000549451 0.000947281 -0.00116388 0.000525879 -0.00130347 0.00113548 0.0015526 0.00123382 -0.00160714 -0.00702381 0.00177821
internal_weight=878.14 855.14 127 90 728.14 162.047 123.047 87.0467 52.0467 566.093 518.093 83 41 435.093
internal_count=863 840 127 90 713 157 118 82 47 556 508 83 41 425
is_linear=0
shrinkage=0.05


Tree=485
num_leaves=15
num_cat=0
split_feature=4 0 3 3 3 0 0 2 3 1 3 0 1 9
split_gain=1.13639 0.731758 0.425106 1.03992 1.03104 0.439093 0.36856 0.379818 0.276833 0.429362 0.40971 0.362922 0.265213 0.233307
threshold=9.008921551762926 16.697895498328833 10.686057322204698 12.166576137550491 12.61951912582485 15.925804984510316 13.175294908959181 9.0965767664003732 9.6705788083499247 15.651820649340765 9.9371023547085002 15.048160610447411 14.770843333182821 0.25671049665402418
decision_type=2 2 2 2 2 2 2 2 2 2 2 2 2 2
left_child=6 2 -2 -4 -5 12 7 -1 -8 10 -10 -12 -6 -9
right_child=1 -3 3 4 5 -7 8 13 9 -11 11 -13 -14 -15
leaf_value=-0.00014144791501637273 -0.00072757588072679276 -0.0015983712226740332 0.009620433233058048 -0.0007562814609706419 0.00048235075768867579 0.00017056188644658566 0.00013134488693019453 0.00014631099536403355 -0.00023283855605313658 -0.00063349680839573739 -2.9850249440041078e-05 0.00092691339639149539 -0.0006158939004403468 -1.6289810480542545e-05
leaf_weight=58 36 36 66 27 27 28 304.14009284973145 33 20 24 71 82 39 33.046697616577148
leaf_count=58 36 36 66 27 27 28 289 33 20 24 71 82 39 28
internal_value=0.000644987 -0.00213462 -0.00104911 -7.9787e-05 -0.00282787 -0.000315789 0.00179808 -0.000637894 0.00240112 0.000934344 0.00181034 0.00269481 -0.00253731 0.00194243
internal_weight=884.187 259 223 187 121 94 625.187 124.047 501.14 197 173 153 66 66.0467
internal_count=864 259 223 187 121 94 605 119 486 197 173 153 66 61
is_linear=0
shrinkage=0.05


Tree=486
num_leaves=15
num_cat=0
split_feature=3 1 8 1 8 15 1 10 0 10 5 1 1 2
split_gain=0.769247 0.668481 0.609754 0.90749 0.720395 0.737074 0.611021 0.617799 0.485199 1.14193 0.425048 0.642188 0.376285 0.343109
threshold=9.7959997757652673 11.935027999688264 18.990000000000006 14.84498738849017 6.4150000000000009 0.63776500000000014 12.555101602764983 -0.098016907066150058 16.461559314070588 -0.13917177613245105 8.8827706648422673 15.480937453224145 11.646432995679277 9.0965767664003732
decision_type=2 2 10 2 8 2 2 2 2 2 2 2 2 2
left_child=1 12 4 6 5 -2 -4 -8 9 -5 -6 -12 13 -1
right_child=2 -3 3 8 10 -7 7 -9 -10 -11 11 -13 -14 -15
leaf_value=-5.8147204488328679e-05 9.9813670114985726e-06 0.00010626796386843787 -0.00011085386109786996 -0.0006135938722913835 0.0003335542328706601 -0.00688412654577031 -0.00088784436375103715 0.0023040564860023279 -0.0014002806722781544 0.00017280138557378605 -0.00056284600210347276 0.0004116491825148087 -0.0019084913699275411 0.00070614654717783987
leaf_weight=71.046697616577148 23 308.0933952331543 38 32 153 23 46 58 23 30 20 22 23 33.093395233154297
leaf_count=66 23 298 38 32 153 23 46 58 23 30 20 22 23 23
internal_value=-0.000535075 0.000976925 -0.0019403 -0.00379386 -0.00018595 -0.00574468 -0.00132867 0.000666667 -0.00784884 -0.00539683 0.00114796 -0.00325581 -0.00206258 -0.000754227
internal_weight=903.233 435.233 468 227 241 46 142 104 85 62 195 42 127.14 104.14
internal_count=878 410 468 227 241 46 142 104 85 62 195 42 112 89
is_linear=0
shrinkage=0.05


Tree=487
num_leaves=15
num_cat=0
split_feature=8 8 1 0 7 13 13 0 2 16 2 13 8 7
split_gain=0.636865 1.40248 0.838519 0.641246 0.774608 0.569321 0.436038 0.628477 0.795486 0.952773 0.65959 0.486402 0.417702 0.340338
threshold=36.600000000000009 60.550000000000004 12.639941056452558 14.567778328442321 6.7500000000000009 4.6474647365490958 3.1339001270843778 12.270442365115466 11.922742440033366 0.10701500000000001 12.57572110673229 3.0377499595791826 15.050000000000002 5.1500000000000012
decision_type=10 10 2 2 2 8 10 2 2 2 2 10 10 2
left_child=5 2 -2 -4 -5 6 7 -1 11 10 -10 -9 -12 -8
right_child=1 -3 3 4 -6 -7 13 8 9 -11 12 -13 -14 -15
leaf_value=-0.0026296363806971208 -0.00033347234487592087 0.00015727258004642199 0.036393194581294086 -0.0012573167549269888 -0.00027679086551214254 -0.00028373355911903849 -5.3849639665059723e-05 8.1879258268417483e-05 -0.0026880235928560849 0.0037968235850168661 0.0015618095640273716 -0.0001962103454340254 -0.00024003995860074278 8.7207631987523289e-05
leaf_weight=20 21 43 22 23 24 36 63 97 24 44 20 21 39 423.23348808288574
leaf_count=20 21 43 22 23 24 36 63 97 24 44 20 21 39 398
internal_value=-0.000432933 -0.0036194 -0.00714286 -0.00435714 -0.00760417 0.000109317 0.000407011 -0.0012218 -0.00050813 -0.00324219 -0.00636905 0.00243697 -0.00341667 0.00129541
internal_weight=920.233 133 90 69 47 787.233 751.233 265 245 127 83 118 59 486.233
internal_count=895 133 90 69 47 762 726 265 245 127 83 118 59 461
is_linear=0
shrinkage=0.05


Tree=488
num_leaves=15
num_cat=0
split_feature=4 13 1 1 1 8 4 1 13 13 15 8 0 0
split_gain=0.750184 0.679612 1.29999 1.13148 0.493395 0.712032 0.487659 0.347062 0.449349 0.472465 0.30444 0.707803 0.290356 0.820086
threshold=9.9511434072104361 3.2406484995752725 15.858763149343476 14.736831470662546 12.703507605109477 36.600000000000009 5.4467280820437471 12.555101602764983 3.512756907847097 3.2755723530519245 0.66927500000000018 20.950000000000003 15.11877107524087 15.904872601523701
decision_type=2 10 2 2 2 10 2 2 8 10 2 10 2 2
left_child=4 2 3 -2 5 6 7 8 9 -1 -6 -12 -3 -14
right_child=1 12 -4 -5 10 -7 -8 -9 -10 -11 11 -13 13 -15
leaf_value=-0.00010268931882527942 -0.0016595403895032523 0.0011759761503242836 0.0012411767331115694 -0.0012763174568054055 9.3581728284867292e-05 -7.7066295208203677e-05 0.00069518591431467981 -9.9468673606602616e-05 0.00013108589174658323 -0.001148841575995705 1.9503260580012252e-05 -0.00054951805444874416 -0.00098742827301325441 0.00016329920683383169
leaf_weight=53 35 37 28 29 354 30 41 20 87.186790466308594 20 57 28 24 49
leaf_count=53 35 37 28 29 354 30 41 20 67 20 57 28 24 49
internal_value=1.22417e-05 -0.0026601 -0.00580645 -0.00969231 0.000797084 -0.000967799 2.67072e-05 -0.00109868 -0.000304405 -0.00317568 0.00180682 -0.000872093 1.84586e-10 -0.00182432
internal_weight=892.187 202 92 64 690.187 251.187 221.187 180.187 160.187 73 439 85 110 73
internal_count=872 202 92 64 670 231 201 160 140 73 439 85 110 73
is_linear=0
shrinkage=0.05


Tree=489
num_leaves=15
num_cat=0
split_feature=3 2 2 3 1 1 14 1 2 7 9 4 7 15
split_gain=1.06506 1.23596 0.827487 1.2005 0.426243 0.594166 0.395565 0.418486 0.721394 0.420667 0.288777 0.785273 0.284671 0.295835
threshold=12.306661339495072 13.962673132380607 13.702597442901075 12.61951912582485 15.430374933573537 15.807939224393884 5.5656363219412706 12.77408811581733 11.630521409380931 4.6500000000000012 -0.86046863722869238 7.1221004305343207 5.8500000000000005 -0.83455499999999994
decision_type=2 2 2 2 2 2 2 2 2 2 2 2 2 2
left_child=6 2 3 -2 -3 -6 7 8 9 -1 11 -9 13 -12
right_child=1 4 -4 -5 5 -7 -8 10 -10 -11 12 -13 -14 -15
leaf_value=-0.00093846234304928759 -0.00071564634750020451 0.0061055763446554532 -0.00084448112570316132 -6.3718870389835938e-06 -0.00050317932787392525 2.2819310868490102e-05 -0.00089479859642291716 0.0010556150885977923 -0.00016423944383272022 2.0761801921928127e-05 -2.4623202126849978e-05 -0.001336509904517484 0.00013123373083145855 7.3814150286889238e-05
leaf_weight=22 23 32 20 41 21 50 30 44 31 214.23348808288574 38 21 180 139
leaf_count=22 23 32 20 41 21 50 30 44 31 189 38 21 180 139
internal_value=-0.000186096 -0.00353723 -0.008 -0.00507692 0.000144231 -0.00201389 0.000688898 0.000936158 -0.000610783 0.000342142 0.00191489 -0.00113636 0.00247207 0.00103933
internal_weight=906.233 187 84 64 103 71 719.233 689.233 267.233 236.233 422 65 357 177
internal_count=881 187 84 64 103 71 694 664 242 211 422 65 357 177
is_linear=0
shrinkage=0.05


Tree=490
num_leaves=15
num_cat=0
split_feature=14 16 5 14 4 10 10 4 9 10 4 0 8 0
split_gain=1.31095 0.649368 0.671432 0.621655 0.712042 0.496647 0.879406 0.493748 0.416959 0.357242 0.338692 0.298844 0.265494 0.197768
threshold=3.4915701269434289 1.0000000180025095e-35 6.6816561343229539 6.6659335356803622 9.7642649786223732 -0.65768990033922992 -0.26932402956675622 10.705127415180071 -0.91527662686299338 0.49240481012316867 7.4487527704044743 15.053601545263852 11.950000000000001 15.824941574926877
decision_type=2 2 2 2 2 2 2 2 2 2 2 2 10 2
left_child=8 3 5 4 -2 -3 -7 9 11 -8 13 -1 -4 -10
right_child=1 2 12 -5 -6 6 7 -9 10 -11 -12 -13 -14 -15
leaf_value=-0.00051138889219800177 -0.0005012304517862554 1.8154305285949819e-05 -5.5608048334673205e-05 -0.001123370992303376 7.0597765225888977e-05 -0.00082275253420478062 0.0093028544305381773 -0.00094935876713577979 2.1201076311091634e-05 -0.00050258155670888775 0.0037204473763353301 0.00029155220395331218 0.010043796897342585 9.5841531339689958e-05
leaf_weight=39 35 41 34 21 44 20 22 21 367.23348808288574 29 74 29 47 93
leaf_count=39 35 41 34 21 44 20 22 21 342 29 74 29 47 93
internal_value=-2.05317e-05 -0.00263492 -0.00106977 -0.00594059 -0.0038125 -0.00324627 -0.00526882 -0.00260274 0.0013447 9.6154e-05 0.00181447 -0.00231884 0.0025 0.00130339
internal_weight=916.233 314 214 100 79 133 92 72 602.233 51 534.233 68 81 460.233
internal_count=891 314 214 100 79 133 92 72 577 51 509 68 81 435
is_linear=0
shrinkage=0.05


Tree=491
num_leaves=15
num_cat=0
split_feature=14 13 8 8 16 13 10 2 4 9 7 14 7 2
split_gain=1.27678 0.909423 1.47267 0.438939 0.427685 0.377126 0.901659 0.459602 0.535761 0.319412 0.255997 0.234948 0.466197 0.293876
threshold=3.1058110998530073 3.2406484995752725 30.850000000000005 41.95000000000001 -1.4512249999999998 2.4531326585235829 -0.50376918148035232 13.962673132380607 10.569976263465795 0.25671049665402418 6.2500000000000009 0.019220404642418244 5.8500000000000005 10.787079310280642
decision_type=2 10 10 10 2 10 2 2 2 2 2 2 2 2
left_child=4 5 -3 -4 -1 9 -7 8 10 -2 -8 12 -6 -13
right_child=1 2 3 -5 11 6 7 -9 -10 -11 -12 13 -14 -15
leaf_value=-3.9849463121946795e-05 -0.00088868964478861596 9.5644798080726283e-05 -0.00060140327067355207 -0.00033900785817547871 3.6620678499176173e-05 -0.00030951575883161609 -0.00015819873193728275 -0.00097033033199438829 -0.0010656711139646344 0.00011172237887947296 -0.00029600921607286909 0.00019147111851670751 -0.00011469993615847952 3.7183094399016381e-05
leaf_weight=25 24 142 22 25 25 39 20 24 21 24 22 186.0933952331543 20 251.0933952331543
leaf_count=25 24 142 22 25 25 39 20 24 21 24 22 176 20 241
internal_value=-0.000171107 -0.00243132 -2.63156e-05 -0.00760417 0.00144816 -0.00502857 -0.00645669 -0.00926136 -0.0114844 -0.00122449 -0.00790698 0.00178178 -0.00163043 0.00213592
internal_weight=870.187 363 189 47 507.187 174 126 87 63 48 42 482.187 45 437.187
internal_count=850 363 189 47 487 174 126 87 63 48 42 462 45 417
is_linear=0
shrinkage=0.05


Tree=492
num_leaves=15
num_cat=0
split_feature=3 13 2 4 1 1 16 9 9 9 13 14 1 13
split_gain=0.941183 0.710005 0.704495 0.828031 0.605678 1.18502 0.563954 0.447394 0.444321 0.681052 0.338748 0.291912 0.281935 0.466197
threshold=9.511888355722272 4.2517113222717953 12.61524432852063 8.6982552639351081 15.651820649340765 15.966199698151046 -1.4512249999999998 0.70088257582277269 -0.25881904510252113 0.39873388578253716 2.9799202416531383 2.0711135794289341 14.070538460099918 3.2690750720136168
decision_type=2 10 2 2 2 2 2 2 2 2 8 2 2 10
left_child=6 2 3 7 12 -6 -1 11 -5 -10 -7 -2 13 -4
right_child=1 -3 4 8 5 10 -8 -9 9 -11 -12 -13 -14 -15
leaf_value=-4.2385118751026978e-05 -0.00038185095581975688 2.8877436673097135e-05 -0.00028910343428361393 -0.0011831367559263773 -0.00069749147040741588 0.0047699303702869343 9.01041046645298e-05 -0.00014532844717184029 0.00021871884846388237 -0.00042470853626666696 -0.00094963335324377534 6.3207459370499816e-05 0.00010234399126216407 0.00017441121546995088
leaf_weight=23 21 53 20 34 25 24 387.18679046630859 30 20 35 31 59 105 25
leaf_count=23 21 53 20 34 25 24 367 30 20 35 31 59 105 25
internal_value=6.8221e-05 -0.00142857 -0.00210465 -0.004275 -0.00021645 -0.0037037 0.00182626 -0.00135135 -0.00783333 -0.00491071 0.000446429 0.000617284 0.00165563 -0.00163043
internal_weight=892.187 482 429 199 230 80 410.187 110 89 55 55 80 150 45
internal_count=872 482 429 199 230 80 390 110 89 55 55 80 150 45
is_linear=0
shrinkage=0.05


Tree=493
num_leaves=15
num_cat=0
split_feature=4 4 15 2 2 8 14 3 11 13 8 8 16 0
split_gain=1.32712 0.86497 0.784853 0.659241 1.01814 0.530562 0.425326 0.39752 0.341352 0.773556 0.380963 0.486052 0.303337 0.171186
threshold=9.1214069202205419 11.002206928624593 -0.87675499999999984 12.752947822785275 11.68630536949332 13.950000000000001 6.6659335356803622 14.091761313902497 1.0000000180025095e-35 2.7838073517271105 39.20000000000001 8.0500000000000025 -1.4512249999999998 15.313801470356928
decision_type=2 2 2 2 2 10 2 2 2 8 10 10 2 2
left_child=8 2 5 4 -4 -2 -3 -8 12 -10 11 -11 -1 -14
right_child=1 6 3 -5 -6 -7 7 -9 9 10 -12 -13 13 -15
leaf_value=-2.2106937709907306e-05 0.015615912350999881 4.4577451517306877e-05 -0.00043515808012942317 -0.00057101422443515569 -0.0028397257707161016 -0.00054695388635704709 -0.0032525151040580084 1.175211452904943e-05 -0.00024713111283394443 -0.0016696565171628657 -0.00073453621929976275 0.00021022144104286463 4.1561827541867881e-05 0.00030686788766329427
leaf_weight=23 21 74 21 30 26 34 27 25 37 35 25 132.0933952331543 255.0933952331543 147
leaf_count=23 21 74 21 30 26 34 27 25 37 35 25 122 245 147
internal_value=-9.7533e-05 -0.00312741 -0.00593985 -0.00916667 -0.0128125 -0.00133929 -0.00015748 -0.00358491 0.00110035 -0.000454307 0.000831033 0.00169826 0.00193729 0.0022587
internal_weight=912.187 258 132 77 47 55 126 52 654.187 229.093 192.093 167.093 425.093 402.093
internal_count=892 258 132 77 47 55 126 52 634 219 182 157 415 392
is_linear=0
shrinkage=0.05


Tree=494
num_leaves=15
num_cat=0
split_feature=3 1 1 4 4 5 7 0 1 10 9 3 3 15
split_gain=0.95368 0.832439 0.804274 0.68063 1.03233 0.451152 0.766058 0.368703 0.570752 0.258711 0.251759 0.259944 0.933449 0.272029
threshold=11.375350769429788 12.433408396918468 15.651820649340765 12.433995885114134 10.25411720906626 2.787026683990709 7.0500000000000007 12.270442365115466 11.690786364590535 -0.60702770852580734 0.88396761516098465 10.90351654202369 10.539482179169886 -0.92700999999999989
decision_type=2 2 2 2 2 2 2 2 2 2 2 2 2 2
left_child=7 -2 5 4 -4 6 9 8 -1 -3 11 12 13 -9
right_child=1 2 3 -5 -6 -7 -8 10 -10 -11 -12 -13 -14 -15
leaf_value=1.7261072722966635e-06 -0.00042132141849688694 0.0088530526786719955 -0.00013641333487817187 -6.3680533077100163e-05 -0.0009582780675146716 0.0086078627839302427 -0.00054528929109508544 -1.5685944827007176e-05 -0.00065383876783185117 -8.5579830738788566e-05 0.00019324686823769539 0.00041004667337737584 -0.00089450795616838406 8.7258122472255194e-05
leaf_weight=57.046697616577148 20 28 24 25 29 54 35 61 21 79 76.093395233154297 42 32 311.04669761657715
leaf_count=52 20 28 24 25 29 54 35 61 21 79 66 42 32 306
internal_value=2.33852e-05 -0.00230508 -0.00156364 -0.00582278 -0.00898148 0.000152284 -0.00132867 0.00116592 -0.00202117 0.000787037 0.00164526 0.00118608 0.000790609 0.00150178
internal_weight=894.187 294 274 78 53 196 142 600.187 78.0467 107 522.14 446.047 404.047 372.047
internal_count=874 294 274 78 53 196 142 580 73 107 507 441 399 367
is_linear=0
shrinkage=0.05


Tree=495
num_leaves=15
num_cat=0
split_feature=3 8 5 2 10 8 8 3 13 13 10 13 1 2
split_gain=0.642752 0.813662 0.639847 0.61316 0.349706 0.302512 0.452992 0.470946 1.01684 0.725758 0.509544 0.471308 0.380834 0.463729
threshold=12.257234651221529 40.760000000000005 4.1742689126930488 14.013624873329514 -0.37459232954469374 11.500000000000002 39.500000000000007 10.273469583031011 2.7492478955155986 2.5563404911825818 -0.96535657505894046 4.2656043041208509 13.142263099100431 11.06362216610218
decision_type=2 10 2 2 2 10 10 2 10 8 2 10 2 2
left_child=5 2 4 -4 -2 -1 7 8 9 -7 -10 12 -12 -14
right_child=1 -3 3 -5 -6 6 -8 -9 10 -11 11 -13 13 -15
leaf_value=0.00010816362221791379 -0.00035352362191642538 -0.00084426663050176938 -0.00063369549776411832 -0.00032093542930316073 0.0020705037149556216 -0.00056948126675600524 5.785961728811595e-05 1.3702736956764636e-05 -0.00046515753173664777 -0.00061016849968611629 0.00046753021952966551 -0.0012415075123236694 -0.00036951062939797512 0.00013037097885575656
leaf_weight=254.14009284973145 33 33 24 34 53 20 67 147 29 21 77.093395233154297 21 25 45
leaf_count=239 33 33 24 34 53 20 67 147 29 21 67 21 25 45
internal_value=-0.0002079 -0.00289326 -0.00124138 -0.00525424 0.00149425 0.000468258 -0.000307956 -0.000970058 -0.00234023 -0.00940476 -0.000830583 0.000239317 0.00125237 -0.00140845
internal_weight=883.233 177 144 58 86 706.233 452.093 385.093 238.093 41 197.093 168.093 147.093 70
internal_count=858 177 144 58 86 681 442 375 228 41 187 158 137 70
is_linear=0
shrinkage=0.05


Tree=496
num_leaves=15
num_cat=0
split_feature=3 13 3 1 0 0 15 8 1 16 7 0 1 3
split_gain=1.17173 0.725153 0.59205 0.794935 0.531995 0.597933 0.480605 0.452876 0.325502 0.282545 0.264964 0.348703 0.502188 0.556004
threshold=11.375350769429788 4.2517113222717953 13.511894145416049 15.399805717441067 16.146562078170792 15.2679050273697 1.0000000180025095e-35 14.950000000000001 16.163570925990737 1.0000000180025095e-35 5.1500000000000012 13.418659628045447 11.736380176763509 9.7268762021038793
decision_type=2 8 2 2 2 2 2 10 2 2 2 2 2 2
left_child=10 2 3 4 5 6 9 -5 -4 -2 -1 12 -12 -14
right_child=1 -3 8 7 -6 -7 -8 -9 -10 -11 11 -13 13 -15
leaf_value=0.0001569773446116749 0.006109905208149323 0.00014235451430338712 0.0013202395942958013 -0.00063403877235343356 0.00081380089002420412 -0.0004216952880532852 -0.0003671640408602129 -0.00090839537783229192 -0.00067399498557011459 -0.00012640441508488727 1.8182278321320014e-05 4.6978640974355315e-05 0.00026899663265719142 -0.00059964254563410339
leaf_weight=99 21 52 38 20 28 28 22 24 22 33 68.046697616577148 380.04669761657715 21 21
leaf_count=99 21 52 38 20 28 28 22 24 22 33 63 375 21 21
internal_value=0.000325099 -0.00228374 -0.00345992 -0.00491525 -0.00293233 -0.00457143 -0.00220779 -0.0106667 0.000819672 0.000363637 0.00160223 0.0011209 -0.00134868 -0.0055814
internal_weight=877.093 288 236 176 132 104 76 44 60 54 589.093 490.093 110.047 42
internal_count=867 288 236 176 132 104 76 44 60 54 579 480 105 42
is_linear=0
shrinkage=0.05


Tree=497
num_leaves=15
num_cat=0
split_feature=14 15 14 2 4 15 2 3 13 13 7 9 7 4
split_gain=0.822541 0.659461 0.710689 0.933699 0.742694 0.882667 1.10273 0.77228 0.322195 0.493935 0.326921 0.280729 0.316406 0.776601
threshold=3.9291655750132652 0.66927500000000018 7.0407342028791646 14.860683605382958 10.958305702476432 -0.92700999999999989 14.082274743444421 12.101237045535745 2.8888307077117577 2.7331080139937307 5.7500000000000009 -0.9263445426916056 5.6500000000000012 2.0471722811110507
decision_type=2 2 2 2 2 2 2 2 8 10 2 2 2 2
left_child=8 2 4 -4 5 -2 7 -7 9 10 -1 -10 13 -13
right_child=1 -3 3 -5 -6 6 -8 -9 11 -11 -12 12 -14 -15
leaf_value=-0.00028911820764264537 0.0019783201749011569 -0.00042359859053931739 -0.0085725218688616333 -3.9648410281590586e-05 0.00025633744747938241 -0.002515218558298189 0.00061373719793294266 -0.00046381553283086365 -0.00026497328814688439 -9.037301492801554e-05 0.0014931021908206504 4.9308580609274386e-05 0.00013978560257194134 -0.00033645824656628902
leaf_weight=36 42 33 20 22 74 27 20 31 54 37 34 175.0933952331543 264.0933952331543 30
leaf_count=36 42 33 20 22 74 27 20 31 54 37 34 165 254 30
internal_value=0.000439835 -0.00187037 -0.00092827 -0.00674419 0.000358975 -0.00206612 -0.00518987 -0.00864407 0.00142737 -0.00106481 0.00140845 0.00193811 0.00233085 0.000851396
internal_weight=899.187 269 236 42 194 120 78 58 630.187 107 70 523.187 469.187 205.093
internal_count=879 269 236 42 194 120 78 58 610 107 70 503 449 195
is_linear=0
shrinkage=0.05


Tree=498
num_leaves=15
num_cat=0
split_feature=3 9 10 1 13 13 13 13 4 10 13 2 0 9
split_gain=0.931777 0.848034 1.4425 0.945543 0.529629 0.387816 0.470592 0.545807 0.575639 0.754029 0.625547 0.873417 0.506899 0.453179
threshold=11.969947749779928 -0.11103293036274557 0.38268343236508956 14.070538460099918 3.185065009498079 3.5815589191851385 3.3845171494617481 3.1847201767061821 6.5514373504102341 0.70090259214882411 2.5792618030442798 11.922742440033366 14.80190508185021 0.58411063003844077
decision_type=2 2 2 2 10 8 10 10 2 2 10 2 2 2
left_child=5 4 3 -3 -2 6 7 8 13 10 -10 -12 -8 -1
right_child=1 2 -4 -5 -6 -7 12 -9 9 -11 11 -13 -14 -15
leaf_value=0.00076832193053530656 -0.00037405805567452448 -0.00077722671811941756 -0.00057914605470793306 0.00022463124726908887 0.0017604455545914507 4.7710490199769288e-05 -0.00085102349582434731 0.00039211981996150041 0.0049248065457601336 0.0027004030916641213 -0.00017139434841958938 -0.00030157881694199435 0.0012091072204503898 -0.0012666199141508599
leaf_weight=91 40 22 40 58 51 295.14009284973145 33 87 25 21 39 20 25 36
leaf_count=91 40 22 40 58 51 280 33 87 25 21 39 20 25 36
internal_value=-0.000151898 -0.00304245 -0.00578512 -0.00185185 0.000597826 0.000758684 -0.000304233 0.000453125 -0.00081545 -0.00353774 -0.00564706 -0.00841667 -0.00440678 0.00144531
internal_weight=883.14 211 120 80 91 672.14 377 319 232 105 84 59 58 127
internal_count=868 211 120 80 91 657 377 319 232 105 84 59 58 127
is_linear=0
shrinkage=0.05


Tree=499
num_leaves=15
num_cat=0
split_feature=14 2 0 8 2 2 1 2 3 13 3 8 1 10
split_gain=1.02582 0.816344 0.779782 0.664915 0.510026 0.467003 0.837191 0.692181 0.644134 0.654312 0.736365 0.549128 0.441517 0.621599
threshold=2.6884554368297269 10.47896003373676 13.482969395611937 18.350000000000005 10.707146935600546 13.912616122695383 15.430374933573537 15.071504710903435 12.923004250525771 3.1847201767061821 11.727136292273972 28.650000000000002 16.308809911538841 0.23766552919915279
decision_type=2 2 2 10 2 2 2 2 2 8 2 10 2 2
left_child=2 -2 4 12 -1 8 -7 -8 9 10 -5 -11 13 -3
right_child=1 3 -4 5 -6 6 7 -9 -10 11 -12 -13 -14 -15
leaf_value=-2.0144498368824791e-05 -0.00028816026027203096 0.0069326083526419675 5.2048236576178095e-05 -0.0010446055504116914 -0.00026641551141482796 0.0023008420339898925 -0.0010400794912167343 -4.3668680899705098e-05 -0.0010619076184084913 0.0044874807580984584 -5.3716750415066036e-05 -0.00016112832721262803 -0.0010750679550844521 -0.00016691798549930059
leaf_weight=88 20 95 363.14009284973145 26 25 36 20 23 21 27 23 30 22 68
leaf_count=88 20 95 348 26 25 36 20 23 21 27 23 30 22 68
internal_value=-0.00046648 -0.00229369 0.00111225 -0.00177296 -0.0025 -0.00371981 -0.0006875 -0.00534091 -0.00558594 -0.00392523 -0.0081 -0.000258621 0.000403226 0.00131098
internal_weight=887.14 411 476.14 391 113 206 79 43 127 106 49 57 185 163
internal_count=872 411 461 391 113 206 79 43 127 106 49 57 185 163
is_linear=0
shrinkage=0.05


Tree=500
num_leaves=15
num_cat=0
split_feature=3 1 0 5 1 1 1 5 5 1 1 16 3 4
split_gain=1.03089 0.641635 0.560698 0.468168 0.431299 0.651172 0.656401 0.486363 0.811633 0.438026 0.325809 0.311047 0.288913 0.398237
threshold=11.29253431041527 12.797903478544152 13.902803250117413 7.0341670346143408 15.399805717441067 14.087104320148036 13.702561695955126 2.2154083994216571 10.209335960008348 15.807939224393884 14.674013539411467 1.0000000180025095e-35 10.686057322204698 4.7184590100123378
decision_type=2 2 2 2 2 2 2 2 2 2 2 2 2 2
left_child=3 -2 -3 10 5 6 -4 9 -9 -6 12 -7 13 -1
right_child=1 2 4 -5 7 11 -8 8 -10 -11 -12 -13 -14 -15
leaf_value=4.5147340284223454e-05 -0.000444484631117316 0.0072724918984713623 -4.9904597322388251e-06 -0.0005303345083790198 -0.00033943379793097107 -0.00032972922969412132 -0.0010666609095492361 -0.0011114580167668837 -0.00030672094407195138 0.00022572342194120753 0.0008483319684273957 0.0005801815177491872 0.0014115481429715507 -3.4598342414226764e-05
leaf_weight=312.18679046630859 27 30 22 39 20 25 20 25 23 34 93 70 46 100
leaf_count=292 27 30 22 39 20 25 20 25 23 34 93 70 46 100
internal_value=0.000147583 -0.00225589 -0.0015 0.00135479 -0.0023125 -0.000471014 -0.0055814 -0.00475728 -0.00836735 -0.00145455 0.00173118 0.00182292 0.00117803 0.000752527
internal_weight=886.187 296 269 590.187 239 137 42 102 48 54 551.187 95 458.187 412.187
internal_count=866 296 269 570 239 137 42 102 48 54 531 95 438 392
is_linear=0
shrinkage=0.05


Tree=501
num_leaves=15
num_cat=0
split_feature=3 3 3 3 10 9 10 8 8 7 7 8 8 1
split_gain=1.09686 1.77087 0.667565 0.797751 0.475675 0.443806 0.403174 0.375905 1.25843 0.884199 0.442003 0.476663 0.555417 0.579561
threshold=12.306661339495072 12.61951912582485 12.881188419440607 13.386376171953069 -0.47715421805211583 -0.31108447771655195 0.96648588260150581 11.500000000000002 12.718000000000002 6.1500000000000012 5.5500000000000007 15.750000000000002 61.800000000000004 14.812453390139313
decision_type=2 2 2 2 2 2 2 10 10 2 2 10 10 2
left_child=6 -2 -3 -4 -5 -6 7 -1 9 -9 -10 -12 13 -13
right_child=1 2 3 4 5 -7 -8 8 10 -11 11 12 -14 -15
leaf_value=4.7188455868035354e-05 -0.00048278083779629321 0.0086364150209330744 -0.00045011005039927247 0.0017904779266929615 0.00019642612816040759 -0.0015723699331594569 0.0013446664370239982 -0.0035687537225860492 3.4325476746607199e-05 -0.00010402878591245376 0.00041454446438933795 -6.3331183049464482e-05 6.5803397602117402e-05 -0.00027805090639596047
leaf_weight=253.14009284973145 32 28 37 25 20 33 39 20 124.04669761657715 21 50 164 23 35
leaf_count=238 32 28 37 25 20 33 39 20 119 21 50 164 23 35
internal_value=-0.000860669 -0.00440341 -0.00197917 -0.00366379 -0.000759493 -0.00342593 -5.56832e-06 -0.000288006 -0.00117514 -0.00940476 -0.000301643 -0.00142857 -0.00242152 -0.003275
internal_weight=904.187 175 143 115 78 53 729.187 690.187 437.047 41 396.047 272 222 199
internal_count=884 175 143 115 78 53 709 670 432 41 391 272 222 199
is_linear=0
shrinkage=0.05


Tree=502
num_leaves=15
num_cat=0
split_feature=4 8 13 7 5 13 13 2 3 14 7 13 2 13
split_gain=0.929692 0.821725 0.479763 0.570335 0.605519 0.443545 0.65528 0.420538 0.717323 0.837775 0.386929 0.939768 0.45476 0.346942
threshold=3.5904155995222786 20.545000000000005 2.6751386027824413 6.4500000000000011 1.0000000180025095e-35 3.9169617688349754 4.1112378963155978 13.962673132380607 11.29253431041527 4.4137246756131807 6.5500000000000007 3.4886076254492751 13.527992964228725 3.0377499595791826
decision_type=2 10 10 2 2 10 10 2 2 2 2 10 2 10
left_child=10 2 3 4 -2 -4 -7 8 13 -10 12 -12 -1 -3
right_child=1 7 5 -5 -6 6 -8 -9 9 -11 11 -13 -14 -15
leaf_value=0.00021429008077916906 -8.9277130440476257e-05 -0.00023223672406796843 0.0001309913164978263 0.00032648200167150263 -0.0010663418573551233 -0.0010751443826438163 3.3822591235811417e-05 -0.00011070550982264548 -0.00026581159551240541 -0.00030860768927639911 -0.00020686235342900328 6.8565452524243465e-05 -0.00038902703845897766 0.00084628914873101163
leaf_weight=319.18679046630859 24 23 151 23 22 20 59 46 28 37 29 58 29 24
leaf_count=299 24 23 151 23 22 20 59 46 28 37 29 58 29 24
internal_value=1.22417e-05 -0.00156114 -1.66665e-05 -0.00364286 -0.00680851 0.00108225 -0.0019375 -0.00446541 -0.00610619 -0.0094697 0.00166427 -0.00130682 0.00240826 -0.00135417
internal_weight=892.187 457 299 69 46 230 79 158 112 65 435.187 87 348.187 47
internal_count=872 457 299 69 46 230 79 158 112 65 415 87 328 47
is_linear=0
shrinkage=0.05


Tree=503
num_leaves=15
num_cat=0
split_feature=3 1 9 8 10 1 10 10 8 1 15 8 1 9
split_gain=0.646593 0.987942 0.569239 1.01195 0.58072 0.423938 0.374561 0.416467 0.576279 0.327434 0.30468 0.681778 0.331603 0.300907
threshold=12.23257817002929 14.103646624509897 -0.13268856124688772 5.8550000000000013 0.26512974748379775 14.797105289752659 0.23766552919915279 -0.47715421805211583 19.900000000000002 14.360009529583502 -0.30803999999999992 15.850000000000003 13.092214898089891 -0.11103293036274557
decision_type=2 2 2 8 2 2 2 2 10 2 2 10 2 2
left_child=2 -2 3 -1 5 9 7 8 -3 10 11 -5 -12 -8
right_child=1 6 -4 4 -6 -7 13 -9 -10 -11 12 -13 -14 -15
leaf_value=-0.0021284944210468448 -0.00076514076351404375 0.031101178131507909 4.365548611386127e-05 -0.00099121905701332353 3.4999287821869652e-05 -0.00036808162526531617 0.021003959709261902 -0.0013804641992596928 -0.00025378248404113837 5.0991058340193943e-05 0.00013884258709653466 -6.3025673822079053e-05 -0.0011769024403940574 -6.7342374713524525e-05
leaf_weight=25 31 24 412.23348808288574 21 84 39 34 25 34 23 39 39 22 38
leaf_count=25 31 24 387 21 84 39 34 25 34 23 39 39 22 38
internal_value=-0.000166996 -0.00278075 0.000526304 -0.00116041 -0.000242537 -0.00182065 -0.00112179 -0.00339286 -0.00101695 -0.000551724 -0.00159836 -0.00409836 0.000887097 0.00150685
internal_weight=890.233 186 704.233 292 267 183 155 83 58 144 121 60 61 72
internal_count=865 186 679 292 267 183 155 83 58 144 121 60 61 72
is_linear=0
shrinkage=0.05


Tree=504
num_leaves=15
num_cat=0
split_feature=7 5 2 2 14 0 15 13 2 5 4 1 0 0
split_gain=0.768009 1.00454 0.517419 0.447534 0.635511 0.397693 0.584657 0.410859 0.417418 0.381641 0.491523 0.378195 0.376401 0.437514
threshold=6.5500000000000007 8.7271633423276462 9.0965767664003732 13.39007257913504 4.9315096291190477 11.602223360057605 -1.3242799999999997 3.2192265350867006 12.914805881113425 5.6540564351703724 9.2926426512565161 15.218533807460242 13.74655040117784 12.97344749778412
decision_type=2 2 2 2 2 2 2 8 2 2 2 2 2 2
left_child=1 3 -2 12 11 -4 -7 8 -8 10 -9 -5 13 -1
right_child=2 -3 5 4 -6 6 7 9 -10 -11 -12 -13 -14 -15
leaf_value=3.8716967829572053e-05 -0.00022210334426683504 -0.00042153940255527413 0.001093645209091348 -0.00079921904695182578 0.0017579568213438046 -0.00081281450056520975 -0.00092046752679384716 0.00012321709404786716 -0.00021392867067932797 0.0048554422500763231 -0.00095679353729134385 -0.00058687960656383866 0.00015610544679320741 -0.00011279508346579773
leaf_weight=77.046697616577148 20 20 23 23 22 24 34 59 44 37 31 25 369.04669761657715 60
leaf_count=72 20 20 23 23 22 24 34 59 44 37 31 25 364 60
internal_value=0.000219156 0.00122337 -0.00197802 0.00161233 -0.00211268 -0.00134387 -0.00197826 -0.00109223 -0.00392405 0.000664063 -0.0010989 -0.00530612 0.00213071 -0.000106967
internal_weight=868.093 596.093 272 576.093 70 252 229 205 78 127 90 48 506.093 137.047
internal_count=858 586 272 566 70 252 229 205 78 127 90 48 496 132
is_linear=0
shrinkage=0.05


Tree=505
num_leaves=15
num_cat=0
split_feature=3 3 2 3 1 14 13 1 9 1 13 3 3 10
split_gain=0.678393 1.06031 0.540219 0.963731 0.865702 0.443215 0.303695 0.43753 0.422451 1.36675 0.368601 0.253076 0.24256 0.569723
threshold=12.306661339495072 12.565943602123111 14.502773022519539 12.881188419440607 14.994734515709192 0.011789636016720442 2.2184172532748758 15.069348255026197 -0.70864607840491678 14.797105289752659 3.9013430581749602 14.333357631143084 7.5909278755257086 0.85713466239780911
decision_type=2 2 2 2 2 2 10 2 2 2 10 2 2 2
left_child=5 -2 3 -3 -5 -1 7 -7 9 10 -8 -4 13 -10
right_child=1 2 11 4 -6 6 8 -9 12 -11 -12 -13 -14 -15
leaf_value=-4.3786787146621928e-05 -0.00041222228155112265 0.0031968100340799711 0.0053120033050360702 -0.00085627091216269955 -0.00056724432234282643 -0.001482897666612271 0.00031720605103202425 0.00011454689073996751 3.226122126402435e-05 -0.00077043442750064054 -0.00055334697783519457 -0.00019249801964504331 8.1077871075087911e-05 -0.00023014253819956057
leaf_weight=37 22 23 39 31 26 24 66 21 141.14009284973145 23 22 22 334 42
leaf_count=37 22 23 39 31 26 24 66 21 126 23 22 22 334 42
internal_value=0.000246757 -0.00265244 -0.00102113 -0.0037037 -0.00715517 0.00091501 0.00120999 -0.00271739 0.00149522 -0.00129464 0.00157303 0.0025 0.00209538 0.000628329
internal_weight=873.14 163 141 80 57 710.14 673.14 45 628.14 111 88 61 517.14 183.14
internal_count=858 163 141 80 57 695 658 45 613 111 88 61 502 168
is_linear=0
shrinkage=0.05


Tree=506
num_leaves=15
num_cat=0
split_feature=3 2 1 2 8 1 8 8 1 15 2 8 4 1
split_gain=0.795186 1.17912 1.23095 0.853568 0.738087 0.556482 0.402248 0.930209 0.839966 0.366353 0.472176 0.393399 0.329924 0.862387
threshold=12.23257817002929 12.598350357459102 15.319689178696192 14.774840377592506 17.750000000000004 14.087104320148036 36.850000000000009 63.250000000000007 12.495892286663802 -0.11977499999999999 9.0965767664003732 30.050000000000004 3.5904155995222786 14.25664067995997
decision_type=2 2 2 2 10 2 10 10 2 2 2 10 2 2
left_child=6 -2 5 4 -4 -3 9 8 -8 10 -1 -12 -11 -14
right_child=1 2 3 -5 -6 -7 7 -9 -10 12 11 -13 13 -15
leaf_value=-4.6162439200414254e-05 -0.00046414011030697215 -0.00046911310360980303 -0.00034648804084786079 -0.00019512061616917505 -0.0014186126608190641 0.0011359634902997726 -0.00020572393707861105 0.00019245969954580873 -0.00023069280100071005 9.8147769837105e-05 0.00013887876207593856 -8.2362700137300588e-05 -0.00018968651004015876 0.0018478169722065552
leaf_weight=48 20 21 22 43 22 63 20 27 37 196.0933952331543 218.04669761657715 26 82 61
leaf_count=48 20 21 22 43 22 63 20 27 37 186 213 26 82 61
internal_value=-0.000241748 -0.00309896 -0.00171512 -0.00585227 -0.0106667 0.00258824 0.000524619 -0.00270588 -0.0062931 0.000958175 0.002253 0.00314321 -0.000160347 -0.00197917
internal_weight=906.14 191 171 87 44 84 715.14 84 57 631.14 292.047 244.047 339.093 143
internal_count=891 191 171 87 44 84 700 84 57 616 287 239 329 143
is_linear=0
shrinkage=0.05


Tree=507
num_leaves=15
num_cat=0
split_feature=3 3 15 1 13 13 5 3 9 15 9 1 9 3
split_gain=1.75549 0.67988 1.64718 0.893093 0.604393 0.97619 0.294287 0.647677 0.619264 0.281824 0.41743 0.808679 0.370924 0.343207
threshold=12.23257817002929 12.61951912582485 -0.43006499999999998 14.770843333182821 3.2837557712968031 3.624277951196841 7.0341670346143408 11.2311094700197 0.37662760538417256 0.17533000000000001 0.86382728211298232 12.824424378979268 -0.96419053137135757 10.686057322204698
decision_type=2 2 2 2 8 10 2 2 2 2 2 2 2 2
left_child=6 2 -2 -3 -5 -6 9 8 -8 10 12 -12 -1 -11
right_child=1 3 -4 4 5 -7 7 -9 -10 13 11 -13 -14 -15
leaf_value=-0.00025726531125823984 0.0006222917299028405 0.0052077099473894564 -0.0004281346174027042 -0.00064875284360306094 0.050931362102725877 -0.00087138407852215016 -0.0033405785459567107 0.0010182688814547763 -5.8596383458811666e-05 -2.1587560753014622e-05 -0.0002138097125684037 3.8926333383784493e-05 7.758585299826383e-05 3.5149358298851734e-05
leaf_weight=37 21 39 22 35 27 35 20 21 21 229.14009284973145 20 41 283.04669761657715 49
leaf_count=37 21 39 22 35 27 35 20 21 21 214 20 41 278 49
internal_value=-5.44459e-05 -0.00447222 -0.00988636 -0.00270073 -0.0052551 -0.00222222 0.00104673 -0.00222222 -0.00583333 0.00135709 0.00223856 -0.00153226 0.0029598 0.000145807
internal_weight=900.187 179 43 136 97 62 721.187 62 41 659.187 381.047 61 320.047 278.14
internal_count=880 179 43 136 97 62 701 62 41 639 376 61 315 263
is_linear=0
shrinkage=0.05


Tree=508
num_leaves=15
num_cat=0
split_feature=3 3 3 8 14 5 3 15 0 10 15 10 0 10
split_gain=1.22141 0.716796 0.562505 0.633409 0.482345 0.476713 0.505432 0.27153 0.435229 0.382398 0.356802 0.350821 0.524261 0.343542
threshold=12.23257817002929 12.484008145059095 13.063184178775765 21.350000000000005 5.7717584552583672 7.0341670346143408 10.945865477765604 -0.11977499999999999 12.367589927607527 0.23766552919915279 -0.0019899999999999996 0.85713466239780911 15.523471602466001 0.39670114248928356
decision_type=2 2 2 10 2 2 2 2 2 2 2 2 2 2
left_child=5 -2 -3 -4 -5 7 -7 8 9 -1 -9 13 -13 -12
right_child=1 2 3 4 -6 6 -8 10 -10 -11 11 12 -14 -15
leaf_value=1.2709200281969555e-05 -0.00020288841850526118 0.00051314116066542828 -6.9961781244100733e-05 -0.00031192452709373041 -0.0041506590139085038 -0.00041705762300402714 0.00045699581969542636 -6.4733305187784974e-05 4.255694476170507e-05 -0.00020311922561259239 1.9455937592910092e-05 -0.00040531888325294582 -0.00096271178064987633 0.00010544404823503991
leaf_weight=30 23 56 39 24 27 31 20 23 264.0933952331543 20 202.14009284973145 45 21 57
leaf_count=30 23 56 39 24 27 31 20 23 254 20 187 45 21 57
internal_value=-4.39662e-05 -0.00385294 -0.00251701 -0.00494505 -0.00855769 0.000862698 -0.00375 0.00122305 0.00228652 -0.00196078 0.000259783 0.000692035 -0.00253731 0.00152111
internal_weight=882.233 169 146 90 51 713.233 51 662.233 314.093 50 348.14 325.14 66 259.14
internal_count=857 169 146 90 51 688 51 637 304 50 333 310 66 244
is_linear=0
shrinkage=0.05


Tree=509
num_leaves=15
num_cat=0
split_feature=7 3 2 1 1 1 2 14 14 2 8 8 3 14
split_gain=1.06745 0.726424 1.07409 1.02926 1.77565 0.428178 0.337249 0.326356 0.255534 0.302466 0.466926 0.395832 0.625307 0.463098
threshold=7.8500000000000005 12.306661339495072 13.945621774186813 14.994734515709192 14.16893082916947 15.474394740006153 14.860683605382958 0.011789636016720442 0.058937518786439401 9.0965767664003732 14.65 17.955000000000002 10.273469583031011 1.404362585929035
decision_type=2 2 2 2 2 2 2 2 2 2 10 10 2 2
left_child=1 7 3 4 -3 -4 -7 -1 -9 -10 -11 12 13 -12
right_child=-2 2 5 -5 -6 6 -8 8 9 10 11 -13 -14 -15
leaf_value=-2.7033765006948031e-05 -0.00088895587546729694 -0.0011129263771000406 0.00058592588208594698 -0.00041437648359590328 0.00086167600808993651 -0.0010684069705917333 -0.00017478240443231775 0.00022371786165289976 -6.1639305511715953e-05 0.0001031863118000232 -0.00018572733798862386 1.061025289588699e-05 0.00047050832438205064 -0.00042422002321564555
leaf_weight=40.046697616577148 21 20 35 23 28 20 36 38.046697616577148 58 295.0933952331543 22 230 24 23
leaf_count=35 21 20 35 23 28 20 36 33 58 285 22 230 24 23
internal_value=-0.000256037 1.22417e-05 -0.00300613 -0.00756944 -0.00326531 0.000597826 -0.00210526 0.000685097 0.000941489 0.000705055 0.00104264 -0.00035 -0.00364286 -0.00706522
internal_weight=913.187 892.187 162 71 48 91 56 730.187 690.14 652.093 594.093 299 69 45
internal_count=893 872 162 71 48 91 56 710 675 642 584 299 69 45
is_linear=0
shrinkage=0.05


Tree=510
num_leaves=15
num_cat=0
split_feature=4 2 1 1 13 10 1 15 0 16 9 0 13 1
split_gain=1.02381 0.508452 0.489718 0.449788 0.616472 0.668952 0.746128 0.385902 0.737659 0.372412 0.634689 0.358433 0.335257 0.772765
threshold=8.6982552639351081 10.972019710234319 14.736831470662546 12.847149248795558 3.8456835505022191 0.75756498438404929 11.491322867937805 0.66927500000000018 15.163217787822541 1.0000000180025095e-35 -1.0000000180025095e-35 13.993768541603382 2.6751386027824413 15.879478331307986
decision_type=2 2 2 2 8 2 2 2 2 2 2 2 10 2
left_child=3 -2 -3 4 -1 6 -6 11 -9 10 -4 -5 -11 -14
right_child=1 2 9 7 5 -7 -8 8 -10 12 -12 -13 13 -15
leaf_value=3.7262636133607999e-05 -0.00012447600505035523 2.4721653875888218e-05 -0.00084450808169392463 -4.8904308531397972e-05 -3.1554310828898392e-06 0.0020474858820469042 -0.00015261580649574951 0.0005244772666441862 -0.00021785523384466269 -0.00092780686562920285 -4.8705539224057199e-05 0.0001205127413269146 0.0070078242239466661 -0.001233182129087469
leaf_weight=187.14009284973145 24 100 21 40 21 24.046697616577148 32 29 37 31 23 261 38 33
leaf_count=172 24 100 21 40 21 19 32 29 37 31 23 261 38 33
internal_value=0.00017284 -0.00239852 -0.0017004 0.00127484 -0.000298152 -0.00403305 -0.00712963 0.00240489 -0.00104478 -0.00353741 -0.00733333 0.00316225 -0.00184466 6.94446e-05
internal_weight=901.187 270 246 631.187 264.187 77.0467 53 367 66 146 44 301 102 71
internal_count=881 270 246 611 244 72 53 367 66 146 44 301 102 71
is_linear=0
shrinkage=0.05


Tree=511
num_leaves=15
num_cat=0
split_feature=7 8 10 7 7 8 13 10 1 10 3 3 0 12
split_gain=1.17314 0.391748 0.324774 0.465468 0.732802 0.858484 0.761499 0.573486 0.380113 0.304235 0.314399 1.01984 0.327352 0.378758
threshold=7.8500000000000005 52.715000000000011 -0.41865575219846923 5.9500000000000011 7.2500000000000009 23.050000000000004 3.1062043792790042 -0.60702770852580734 14.010698359882447 0.074102141141256975 12.23257817002929 12.691469342671947 15.241845638203143 1.5000000000000002
decision_type=2 8 2 2 2 10 10 2 2 2 2 2 2 10
left_child=1 2 3 7 5 6 -5 -1 -8 -4 12 -12 13 -11
right_child=-2 -3 9 4 -6 -7 8 -9 -10 10 11 -13 -14 -15
leaf_value=6.9660193058204359e-05 -0.00080228267760922988 0.0019723285125933902 0.0011112081664001027 -0.00041574176019558065 0.0080711806732810809 -0.00062920480734133535 0.0038387197572970024 -4.9832047124192291e-05 -0.0008516193468829222 4.9640319173864929e-05 -0.00037807426025941618 4.0930132784563648e-05 8.4542211176409982e-05 -7.756117091391167e-05
leaf_weight=123 21 48 134.14009284973145 29 26 38 33 29 41 117.04669761657715 20 52 112 75.046697616577148
leaf_count=123 21 48 119 29 26 38 33 29 41 112 20 52 112 70
internal_value=0.000268192 0.000553574 0.000296504 -0.000953125 -0.00276786 -0.00419014 -0.00177885 0.00104575 0.000933333 0.00107811 0.000345981 -0.00260274 0.00105039 -0.000204735
internal_weight=898.233 877.233 829.233 319 167 141 103 152 74 510.233 376.093 72 304.093 192.093
internal_count=873 852 804 319 167 141 103 152 74 485 366 72 294 182
is_linear=0
shrinkage=0.05


Tree=512
num_leaves=15
num_cat=0
split_feature=14 14 14 9 2 4 3 15 2 12 1 8 0 4
split_gain=1.0628 0.745216 0.538342 0.504841 1.06441 1.21104 0.579872 0.460065 0.433749 0.592423 0.478048 0.355263 0.311979 0.572903
threshold=3.0099926726498025 0.019220404642418244 3.1357621525351522 -0.5391370398574088 14.562065503475532 10.569976263465795 12.199382889614247 0.011770000000000001 13.864543851055311 1.5000000000000002 14.687464756417432 18.350000000000005 14.625529914404526 9.9887960114006713
decision_type=2 2 2 2 2 2 2 2 2 10 2 10 2 2
left_child=1 7 -2 4 5 11 12 -1 10 -10 -8 -4 13 -5
right_child=2 -3 3 6 -6 -7 8 -9 9 -11 -12 -13 -14 -15
leaf_value=-7.490155146168573e-05 -0.00016009797217417081 6.0049399255681034e-05 0.00028358369270901917 -0.00012546271050589 0.0080089992405631676 -0.00095181379592297946 -0.00046709900827622824 -3.6464975834121166e-05 0.0003054716582085084 -0.00074824363072500033 -0.00023946298382456117 -0.0015239041137409415 0.00013742347767235988 0.0028512432497832217
leaf_weight=23 23 457.18679046630859 26 33 21 28 33 28 38 33 23 24 74 22
leaf_count=23 23 437 26 33 21 28 33 28 38 33 23 24 74 22
internal_value=-0.000528712 0.000964153 -0.00253298 -0.00203652 -0.00505 -0.00772152 -0.000856031 -0.00471154 -0.00324219 -0.000625 -0.00649123 -0.00294118 0.0015 -0.00133929
internal_weight=886.187 508.187 378 355 99 78 256 51 127 71 56 50 129 55
internal_count=866 488 378 355 99 78 256 51 127 71 56 50 129 55
is_linear=0
shrinkage=0.05


Tree=513
num_leaves=15
num_cat=0
split_feature=7 0 2 7 7 4 4 0 13 13 2 0 14 14
split_gain=0.49878 0.450589 0.727928 0.71567 0.968138 0.39515 0.511208 1.01984 0.3682 0.44548 0.394334 0.420161 0.221506 0.612794
threshold=7.8500000000000005 15.960627720816442 13.39007257913504 6.7500000000000009 6.1500000000000012 7.1221004305343207 11.069763655070963 16.818864548502386 2.6828860749957557 2.5531890999248597 6.6483263812505102 12.99662366452964 0.13609292634879869 0.40661190182880841
decision_type=2 2 2 2 2 2 2 2 8 10 2 2 2 2
left_child=1 2 8 4 -4 -3 7 -7 9 -1 11 -10 -12 -14
right_child=-2 5 3 -5 -6 6 -8 -9 10 -11 12 -13 13 -15
leaf_value=-0.00026196859598292014 -0.00058004039090677319 0.00022879092430299993 -0.000463923351049274 -3.112673974908667e-06 -0.00090546242552277446 8.6039527081630539e-06 0.00070157788230495901 -0.0031160618596715924 9.8575538109719663e-05 -6.6409231463629588e-05 0.0013279574994845718 -9.1965601719897668e-05 -0.0020331847529513297 6.2607512083234451e-05
leaf_weight=37 24 92 36 45 31 52 50 20 31.046697616577148 20 53.093395233154297 21 38 357.0933952331543
leaf_count=37 24 92 36 45 31 52 50 20 26 20 43 21 38 347
internal_value=-0.000235438 -3.82618e-05 -0.000677126 -0.00433628 -0.00757353 0.00195349 8.1301e-05 -0.00260274 6.47893e-05 -0.0037069 0.000501099 -0.00357735 0.000981627 0.000569227
internal_weight=907.233 883.233 669.233 112 67 214 122 72 557.233 57 500.233 52.0467 448.187 395.093
internal_count=882 858 644 112 67 214 122 72 532 57 475 47 428 385
is_linear=0
shrinkage=0.05


Tree=514
num_leaves=15
num_cat=0
split_feature=0 14 2 4 2 9 13 13 1 5 1 2 8 13
split_gain=0.747271 0.37359 0.657799 0.687868 0.49202 0.543479 0.39286 0.343725 0.329726 0.272062 0.252459 0.389119 0.460729 0.61267
threshold=11.918138070231437 4.2009344006411995 14.013624873329514 9.5625980728616469 13.552403731067981 -0.51689582539650059 4.0376906890827202 3.3965472547192124 11.309863577029148 8.7942120640441086 11.885105159201204 11.730794247999029 11.500000000000002 3.4463505833758972
decision_type=2 2 2 2 2 2 8 8 2 2 2 2 10 10
left_child=7 8 3 -3 5 -5 -4 -1 -2 -7 -10 12 -12 -14
right_child=1 2 6 4 -6 9 -8 -9 10 -11 11 -13 13 -15
leaf_value=-0.00011553139706754733 -6.2717765890093197e-05 -0.00061894615669449776 0.0007760240522831349 -0.00039024031098909611 -0.00029714763416299202 0.0093774530489898738 -0.00038631019741093911 -0.00017335951613840501 0.0073972311999659507 -0.00051194265914441541 8.2898953998652202e-05 7.2324489730827296e-05 -7.439758419536366e-05 4.3991230405562745e-05
leaf_weight=37 42.046697616577148 20 73 27 32 40 22 32 44.046697616577148 21 113 211 94 92.093395233154297
leaf_count=37 37 20 73 27 32 40 22 32 39 21 113 211 94 82
internal_value=-0.000109928 0.000307544 -0.00137712 -0.0035461 -0.00206612 -0.000112359 0.00182292 -0.00507143 0.000972784 0.0025 0.00129823 0.000979209 -0.00018172 -0.00170788
internal_weight=900.187 831.187 235 140 120 88 95 69 596.187 61 554.14 510.093 299.093 186.093
internal_count=880 811 235 140 120 88 95 69 576 61 539 500 289 176
is_linear=0
shrinkage=0.05


Tree=515
num_leaves=15
num_cat=0
split_feature=4 13 2 2 4 13 10 2 13 2 1 2 7 2
split_gain=1.30302 0.56797 0.785874 1.12745 1.13396 0.618844 0.338273 0.374946 0.511793 0.417044 0.340269 0.362743 0.54969 0.391858
threshold=9.9511434072104361 3.8456835505022191 14.502773022519539 13.834247214086712 10.828407860445482 4.5531131166041785 -0.98868868691483869 6.6483263812505102 3.9108723911402059 10.833261548174768 12.116287536430383 11.575179329836422 5.5500000000000007 13.364268130469441
decision_type=2 8 2 2 2 8 2 2 10 2 2 2 2 2
left_child=6 2 3 4 -2 -3 -1 8 -8 -9 -11 12 -12 -13
right_child=1 5 -4 -5 -6 -7 7 9 -10 10 11 13 -14 -15
leaf_value=-0.00018418365125159999 -0.0015086623258671755 -0.00072636398748478041 0.0025666689273557181 -0.001122335444241631 0.0070789778181347615 -0.00049493227087910431 1.139797660960314e-05 0.00039942779417918178 -0.0002638596306054173 -0.00014439493133537799 -0.00014458999214735598 0.00018094118658409732 7.4537013955580477e-06 -7.6535045964129677e-05
leaf_weight=34 33 27 33 24 56 27 48 190.0933952331543 22.046697616577148 33.046697616577148 35 193.04669761657715 69 78
leaf_count=34 33 27 33 24 56 27 48 180 17 28 35 188 69 78
internal_value=6.77207e-05 -0.00348259 -0.00183673 -0.00381579 -0.00116667 -0.00781818 0.00108238 0.00133162 -0.002108 0.00173724 0.000832248 0.00126376 -0.0012381 0.00222474
internal_weight=902.233 200 146 113 89 54 702.233 668.233 70.0467 598.187 408.093 375.047 104 271.047
internal_count=877 200 146 113 89 54 677 643 65 578 398 370 104 266
is_linear=0
shrinkage=0.05


Tree=516
num_leaves=15
num_cat=0
split_feature=7 7 15 7 13 5 7 10 5 7 13 3 12 2
split_gain=0.858202 0.398018 0.599904 0.870881 0.586933 0.549036 1.05367 0.721122 0.458374 0.345359 0.271283 0.324784 0.726842 0.315384
threshold=7.8500000000000005 6.0100000000000007 -1.2619349999999996 6.6500000000000012 3.2348076882374595 1.0000000180025095e-35 6.6500000000000012 0.60876142900872032 6.6816561343229539 5.6500000000000012 3.1062043792790042 7.3936222556772124 2.5000000000000004 11.87216792847968
decision_type=2 2 2 2 10 2 2 2 2 2 8 2 10 2
left_child=1 9 3 -3 -5 -4 7 8 -7 10 -1 -12 13 -13
right_child=-2 2 5 4 -6 6 -8 -9 -10 -11 11 12 -14 -15
leaf_value=9.704154796483328e-05 -0.00063786198126998962 5.9119102651460717e-05 2.190881489489179e-05 -0.00016910414127868081 -0.00081601994125282532 -0.00069407962180303886 0.0009139786209798747 -0.00024659734678572463 0.00014872505192329495 0.00013805338588367017 6.6781295581810884e-06 -0.00019282561284224644 9.9109204974420103e-05 -0.00068390227216852525
leaf_weight=97 24 33 221 26 30 21 60 20 33 145.0933952331543 110.0933952331543 35 20 23
leaf_count=97 24 33 221 26 30 21 60 20 33 135 100 35 20 23
internal_value=-6.56881e-05 0.000195312 -0.000853932 -0.0045 -0.00824561 7.02249e-05 -0.00244444 -0.0064 -0.00327273 0.00127772 0.000263785 -0.000843673 -0.00329114 -0.00610169
internal_weight=898.187 874.187 444 89 56 355 134 74 54 430.187 285.093 188.093 78 58
internal_count=878 854 444 89 56 355 134 74 54 410 275 178 78 58
is_linear=0
shrinkage=0.05


Tree=517
num_leaves=15
num_cat=0
split_feature=16 5 1 3 8 1 3 13 16 7 13 8 6 7
split_gain=0.469548 1.08476 0.713403 0.621514 0.318539 0.586515 0.461191 0.298821 0.328628 0.498024 0.255902 0.354585 0.387431 0.85273
threshold=1.0000000180025095e-35 8.8827706648422673 12.116287536430383 12.923004250525771 37.350000000000001 13.252721673455397 13.032633351528629 3.3466840214647262 -0.33242999999999995 6.7500000000000009 3.1339001270843778 28.350000000000005 1.5455212266791583 6.4500000000000011
decision_type=2 2 2 2 10 2 2 10 2 2 10 8 2 2
left_child=1 2 -1 7 10 -6 -7 -4 -9 -10 11 12 13 -2
right_child=4 -3 3 -5 5 6 -8 8 9 -11 -12 -13 -14 -15
leaf_value=-0.00026661972705372804 -1.5134877704308324e-05 -0.00039551967981071666 0.00012244334167484612 -0.00096052835466147639 -0.00087252182801233742 4.4245729938527144e-05 -0.00046913837426617737 0.00025487442543115801 -0.00016267252232453182 3.1768842764408117e-05 0.00018991223916981092 0.00045928124917505138 0.00088195630952822221 -0.00095331558187780748
leaf_weight=38 136 23 59 27 26 30 20 24 24 24 357.18679046630859 46 24 31
leaf_count=38 136 23 59 27 26 30 20 24 24 24 337 46 24 31
internal_value=0.000163937 -0.00184091 -0.000609137 0.000880503 0.000820836 -0.00220779 0.000980392 0.00231061 0.000136986 -0.0022449 0.00121127 -6.3025e-05 -0.00101562 -0.001875
internal_weight=889.187 219 196 158 670.187 76 50 131 72 48 594.187 237 191 167
internal_count=869 219 196 158 650 76 50 131 72 48 574 237 191 167
is_linear=0
shrinkage=0.05


Tree=518
num_leaves=15
num_cat=0
split_feature=7 1 7 1 10 1 8 5 7 1 3 15 15 15
split_gain=0.47481 0.245482 1.19413 0.345781 0.221806 0.85771 0.640019 0.405383 0.548553 0.222376 0.492622 0.213919 0.20485 0.288126
threshold=7.7500000000000009 12.116287536430383 6.5500000000000007 11.885105159201204 0.91523306216449185 13.880744462714931 22.250000000000004 9.1041863875524118 6.6500000000000012 12.847149248795558 10.141444836219636 -0.30803999999999992 0.66927500000000018 1.2809800000000002
decision_type=2 2 2 2 2 2 10 2 2 2 2 2 2 2
left_child=1 2 3 -1 7 -6 -7 9 -9 10 11 -3 -11 -14
right_child=-2 4 -4 -5 5 6 -8 8 -10 12 -12 -13 13 -15
leaf_value=7.9423859995009357e-05 -0.00027658010290836706 -6.0387404023729311e-05 -0.00029007532495016681 -0.00030074926948553865 0.0010374169512886485 -0.00019312984227125974 -0.0003265531392527191 -0.00032471211908451488 7.4048555069417009e-06 0.00015535476536578845 -9.9082949511378876e-05 0.000235168165738104 -0.00072177569794372736 0.0021749582034407944
leaf_weight=97.046697616577148 28 24.046697616577148 36 22 35 28 20 22 32 385 28 35 38 34
leaf_count=92 28 19 36 22 35 28 20 22 32 385 28 35 38 34
internal_value=0.000775023 0.000992084 -0.000799546 0.00162631 0.00140054 -0.0010119 -0.00530612 0.00173648 -0.00236364 0.00214703 -0.000167712 0.00241868 0.00258734 0.000136986
internal_weight=864.093 836.093 155.047 119.047 681.047 83 48 598.047 54 544.047 87.0467 59.0467 457 72
internal_count=854 826 150 114 676 83 48 593 54 539 82 54 457 72
is_linear=0
shrinkage=0.05


Tree=519
num_leaves=15
num_cat=0
split_feature=14 2 8 8 16 2 10 14 8 9 3 0 11 0
split_gain=0.415908 0.468583 0.543876 0.810334 0.798369 0.551995 0.465701 0.839986 0.931047 0.69911 0.617769 0.631862 0.463343 0.381016
threshold=0.011789636016720442 10.833261548174768 15.050000000000002 8.9500000000000011 0.10701500000000001 12.134351203881257 -0.098016907066150058 3.1058110998530073 34.900000000000006 0.25881904510252091 11.644363344401578 15.149169516461955 1.0000000180025095e-35 12.536646282756871
decision_type=2 2 10 10 2 2 2 2 10 2 2 2 2 2
left_child=13 -2 3 12 6 -6 7 -4 9 -9 11 -8 -3 -1
right_child=1 2 4 -5 5 -7 10 8 -10 -11 -12 -13 -14 -15
leaf_value=-5.4099254923003183e-05 4.6657575409835072e-05 -8.8053726374103748e-05 -6.7536206525937184e-06 0.00052871087965387475 -0.00015032585635481658 0.00099639040485354868 -2.5268748183544669e-05 -0.001482761807883738 -0.00020177661808204006 -0.0038214285534251533 0.0001564203967742274 -0.00028228348550645848 -0.00078231105269299835 -0.00033467042878728635
leaf_weight=27.046697616577148 246.0933952331543 61 36 174.04669761657715 39 61 37 25 31 26 60 25 32 20
leaf_count=22 236 61 36 169 39 61 37 25 31 26 60 25 32 20
internal_value=5.65189e-05 0.000311074 -0.000435438 0.00125065 -0.00175953 0.0019802 -0.0033195 -0.00554622 -0.00831325 -0.0124038 -0.00113821 -0.00460317 -0.0025 -0.00446995
internal_weight=900.187 853.14 607.047 267.047 340 100 240 118 82 51 122 62 93 47.0467
internal_count=880 838 602 262 340 100 240 118 82 51 122 62 93 42
is_linear=0
shrinkage=0.05


Tree=520
num_leaves=15
num_cat=0
split_feature=4 13 4 3 13 15 14 14 3 1 9 15 1 7
split_gain=0.760386 0.53956 0.799332 0.979336 0.705982 0.34954 0.554959 0.539482 1.08153 0.512324 0.543567 0.380372 0.397001 0.575153
threshold=10.569976263465795 3.8839624827357651 12.307591968606514 12.981370791925217 4.4876448421191251 0.66927500000000018 3.1143248453633996 1.3502083319372586 7.3936222556772124 14.762025559384943 -0.27353890284103699 0.29282500000000006 11.910017769753924 6.5500000000000007
decision_type=2 8 2 2 8 2 2 2 2 2 2 2 2 2
left_child=5 2 3 -2 -3 9 7 8 -7 10 -1 12 13 -12
right_child=1 4 -4 -5 -6 6 -8 -9 -10 -11 11 -13 -14 -15
leaf_value=5.9617960991742741e-05 -3.7876519557053252e-05 -0.0006591913745191409 0.0038105467748675128 -0.00023978274602420632 -0.00039787720113061811 4.7780305492052479e-05 -0.00064225455531979978 0.00029595332737325226 -0.004849256582090798 7.4253811327588102e-05 -9.1946290543838368e-05 0.00037339770009805367 -6.5556219230062312e-06 -0.00031793690734792032
leaf_weight=148 49 20 37 22 28 50.046697616577148 27 39 25 146 32 52.046697616577148 172.04669761657715 20
leaf_count=148 49 20 37 22 28 45 27 39 25 146 32 47 167 20
internal_value=0.000156312 -0.00299363 -0.00100917 -0.00409722 -0.00734694 0.000850536 -0.00137114 0.000175872 -0.00229815 0.00140164 0.000518632 -0.000792271 -0.0016875 -0.0054717
internal_weight=867.14 156 108 71 48 711.14 141.047 114.047 75.0467 570.093 424.093 276.093 224.047 52
internal_count=852 156 108 71 48 696 136 109 70 560 414 266 219 52
is_linear=0
shrinkage=0.05


Tree=521
num_leaves=15
num_cat=0
split_feature=4 4 1 7 3 7 8 7 9 0 7 0 0 0
split_gain=0.560627 0.6366 0.489591 1.1469 0.617532 0.489295 0.378247 0.436704 0.823031 0.37435 0.262476 0.20892 0.601431 0.180293
threshold=10.569976263465795 10.877505316597103 11.910017769753924 6.5500000000000007 9.4318625372369898 5.5500000000000007 40.760000000000005 7.0500000000000007 -0.22069533414098394 12.576561026050358 6.2500000000000009 15.925804984510316 15.772079058790217 15.053601545263852
decision_type=2 2 2 2 2 2 10 2 2 2 2 2 2 2
left_child=2 -2 3 5 -5 9 7 10 -9 -1 -3 12 13 -4
right_child=1 6 11 4 -6 -7 -8 8 -10 -11 -12 -13 -14 -15
leaf_value=0.0012737083964994261 -0.00057754447595553436 -0.00016658307353876339 2.9153102621889631e-05 -0.000284707738939261 -6.212417435821812e-05 0.00091748342595177404 -0.00061267334437567521 -0.00092736616844827735 0.00010756848813529663 -0.002339312218752004 0.0081418425021830398 0.00034141148813062686 -0.0009323384608512981 6.8551420074292599e-05
leaf_weight=33.093395233154297 24 23 292.0933952331543 20 21 53.046697616577148 21 23 26 27 51 148 28 132
leaf_count=23 24 23 282 20 21 48 21 23 26 27 51 148 28 132
internal_value=0.000770301 -0.00183432 0.00135212 -0.00115573 -0.00821429 0.00145173 -0.000551724 0.000524194 -0.0031 -0.00162919 0.00293333 0.00199714 0.00145768 0.00193009
internal_weight=922.233 168 754.233 154.14 41 113.14 144 123 49 60.0934 74 600.093 452.093 424.093
internal_count=897 168 729 139 41 98 144 123 49 50 74 590 442 414
is_linear=0
shrinkage=0.05


Tree=522
num_leaves=15
num_cat=0
split_feature=4 0 15 8 14 5 16 1 10 12 8 9 7 0
split_gain=0.439339 0.545389 0.689972 0.31418 0.274929 0.284725 0.244441 0.603103 0.594194 0.333492 0.378465 0.255616 0.77955 0.353428
threshold=10.569976263465795 16.697895498328833 -0.94165999999999983 10.850000000000003 4.5917641264578544 7.0341670346143408 1.0000000180025095e-35 12.029123607027712 0.70090259214882411 1.5000000000000002 30.850000000000005 1.0000000180025095e-35 6.1500000000000012 13.967506422254475
decision_type=2 2 2 8 2 2 2 2 2 10 10 2 2 2
left_child=4 2 -2 -4 5 6 7 -1 -9 10 11 12 -8 -13
right_child=1 -3 3 -5 -6 -7 9 8 -10 -11 -12 13 -14 -15
leaf_value=-0.00014166599781194816 -0.00040609270350030119 -0.0036351432786541197 -0.00014602048545009946 0.00081891173452168671 0.00032524165401764932 -0.0028123729159982582 2.3113337430013213e-06 6.3975878803224402e-05 -2.1803676078958558e-05 0.00037225941603750046 6.7988707943279127e-05 -0.00024386157776840785 -0.0014889196450263951 0.00023615893955668417
leaf_weight=35 35 26 25 71 47 20 72 95 22 202.14009284973145 75 38 22 77
leaf_count=35 35 26 25 71 47 20 72 95 22 187 75 38 22 77
internal_value=0.000707534 -0.00167721 -0.000340909 0.00185567 0.00124012 0.000972025 0.0011589 -0.000588235 0.00114407 0.00170526 0.000596491 -0.0005 -0.00242105 0.00107759
internal_weight=862.14 157 131 96 705.14 658.14 638.14 152 117 486.14 284 209 94 115
internal_count=847 157 131 96 690 643 623 152 117 471 284 209 94 115
is_linear=0
shrinkage=0.05


Tree=523
num_leaves=15
num_cat=0
split_feature=4 15 10 0 4 0 8 16 4 0 13 13 10 9
split_gain=0.492125 0.418983 0.426758 0.377451 0.283055 0.374186 0.255343 0.221158 0.289638 0.349571 0.347127 0.857856 0.423875 0.390845
threshold=10.569976263465795 -1.1770999999999998 -0.94325749556434169 16.697895498328833 7.4487527704044743 11.918138070231437 12.65 0.37080500000000005 6.4948860570741216 16.508409224069531 3.1313711311317358 3.4797947196669452 0.70090259214882411 -0.70710678118654735
decision_type=2 2 2 2 2 2 10 2 2 2 10 10 2 2
left_child=4 -2 -3 6 5 -1 -4 8 9 10 12 -12 -7 -13
right_child=1 2 3 -5 -6 7 -8 -9 -10 -11 11 13 -14 -15
leaf_value=-7.4478891818280276e-05 -0.00038589068738233763 -0.00042071271335491985 -0.00021871162937706936 -0.00029946195258363822 6.2518828480550683e-05 0.00012292931220125573 0.0013696741818029663 0.00011780886908410219 -0.00034393608486962211 0.00080221684542008682 -0.0002840838898304711 -0.0006264753786638308 -4.5978764526454249e-06 5.1465538803720528e-05
leaf_weight=45 33 20 20 26 182 62 58 130.0933952331543 25 42 39 31 26 146.0933952331543
leaf_count=45 33 20 20 26 182 62 58 120 25 42 39 31 26 136
internal_value=0.000537058 -0.00199367 -0.00064 0.000666667 0.00108468 0.000513415 0.00240506 0.000907897 0.000283442 0.000663991 6.70845e-05 -0.00101124 0.00269663 0.0004799
internal_weight=885.187 157 124 104 728.187 546.187 78 501.187 371.093 346.093 304.093 216.093 88 177.093
internal_count=865 157 124 104 708 526 78 481 361 336 294 206 88 167
is_linear=0
shrinkage=0.05


Tree=524
num_leaves=15
num_cat=0
split_feature=4 4 13 1 7 4 1 2 7 1 1 2 10 2
split_gain=0.945516 0.712736 0.386453 0.587115 0.473298 0.459124 0.438009 0.301076 0.462182 0.28615 0.703713 0.651217 0.249011 0.340745
threshold=11.809380334659485 12.396072387223953 3.9641478046157332 14.184441033876071 5.7500000000000009 5.230471933815207 15.319689178696192 12.837262418420501 5.7500000000000009 13.231590220524028 13.092214898089891 11.908551369505817 0.23766552919915279 13.945621774186813
decision_type=2 2 10 2 2 2 2 2 2 2 2 2 2 2
left_child=2 -2 7 4 -4 -6 -5 9 -9 10 11 -1 13 -10
right_child=1 -3 3 6 5 -7 -8 8 12 -11 -12 -13 -14 -15
leaf_value=6.5489534060079061e-05 -0.00037992087955293597 -0.00013464507995141384 2.7720136566168436e-06 0.0015979478781149776 -0.0003207073411602829 -0.00020682464531460409 -0.00023012373865423212 -0.0006200777614055338 -0.00023015336138019232 0.00010060521329333679 -0.0012993923622829475 -0.00018947917547050883 7.5117740399654082e-05 0.0010647466722610557
leaf_weight=216.14009284973145 36 51 36.046697616577148 48 36 30 33 25 36 226 24 21 54 25
leaf_count=201 36 51 31 48 36 30 33 25 36 226 24 21 54 25
internal_value=0.000207011 -0.00471591 0.000740809 -0.00127558 -0.00378243 -0.00626866 0.00189024 0.00133044 -0.00070922 0.00191687 0.000784697 0.00161964 0.000646552 -0.00153226
internal_weight=897.187 87 810.187 183.047 102.047 66 81 627.14 140 487.14 261.14 237.14 115 61
internal_count=877 87 790 178 97 66 81 612 140 472 246 222 115 61
is_linear=0
shrinkage=0.05


Tree=525
num_leaves=15
num_cat=0
split_feature=1 10 4 1 4 4 9 0 7 15 0 7 0 3
split_gain=0.482248 0.698944 0.566194 0.593954 0.420711 0.745354 0.562909 0.360046 0.320483 0.352642 0.402253 0.909328 0.362398 0.410788
threshold=14.994734515709192 0.85713466239780911 12.085566971509072 9.5393843264687472 9.1408942207903525 12.433995885114134 0.25881904510252091 16.389731277258996 6.0100000000000007 0.29282500000000006 14.004921479957348 5.3500000000000005 14.702380794808269 7.5909278755257086
decision_type=2 2 2 2 2 2 2 2 2 2 2 2 2 2
left_child=2 4 3 -1 -2 6 -6 -3 9 10 11 -5 -12 -14
right_child=1 7 -4 8 5 -7 -8 -9 -10 -11 12 -13 13 -15
leaf_value=-8.735216116218581e-05 7.977068223984573e-05 -0.0010096150604303454 -0.00061812472212805858 1.3642919030164959e-05 -0.00034775403508329589 0.0055624125565241836 -1.949559492477173e-06 -0.00027332600334410505 0.00013588283117004014 9.378955106674396e-05 7.414295513053053e-05 -0.00020107903765011049 -0.00041091838109415962 7.9266863137234005e-05
leaf_weight=36.046697616577148 60 20 21 36 40 28 32 20 261 141.04669761657715 44 35 28 61
leaf_count=31 60 20 21 36 40 28 32 20 261 136 44 35 28 61
internal_value=0.000654405 -0.00149254 0.00130323 0.00157126 1.85108e-10 -0.0019802 -0.00465753 -0.00731707 0.00194422 0.000939854 -0.000390244 -0.00340278 0.00123134 -0.000611111
internal_weight=863.093 200 663.093 642.093 160 100 72 40 606.047 345.047 204 71 133 89
internal_count=853 200 653 632 160 100 72 40 601 340 204 71 133 89
is_linear=0
shrinkage=0.05


Tree=526
num_leaves=15
num_cat=0
split_feature=14 8 7 7 13 10 8 14 2 5 10 5 8 2
split_gain=0.779998 0.684301 0.554254 0.678194 0.465771 0.376254 0.562373 0.334344 0.495152 0.518175 0.499138 0.676372 0.753463 0.313362
threshold=0.011789636016720442 36.850000000000009 6.7500000000000009 6.1500000000000012 4.6003327370364895 -0.50376918148035232 51.70000000000001 3.7999589334228783 13.999780548126536 9.5338403103606275 -0.26932402956675622 5.7062624254307925 22.900000000000002 12.837262418420501
decision_type=2 10 2 2 8 2 10 2 2 2 2 2 10 2
left_child=-1 4 3 -3 7 -4 -7 13 9 10 -9 12 -12 -2
right_child=1 2 5 -5 -6 6 -8 8 -10 -11 11 -13 -14 -15
leaf_value=-0.00017222886082348955 0.00011541095734075595 -0.00093953838500491723 0.0073152661889670416 -0.00059364337329748714 -3.7948990176769709e-05 -0.00018271076531830622 3.2040066511928951e-05 9.9647526762361611e-05 0.00056532588898701322 -0.00027127846016457898 -0.00084130347677172253 2.0920060415947127e-05 -1.0586105631372691e-05 -0.00023846157669514908
leaf_weight=39 431.14009284973145 24 25 21 47 22 23 58 70 27 21 27 20 35
leaf_count=39 416 24 25 21 47 22 23 58 70 27 21 27 20 35
internal_value=0.000449649 0.000769475 -0.00280172 -0.00706522 0.00133041 1.83641e-10 -0.00271739 0.0016601 6.69645e-05 -0.00152597 -0.00015748 -0.00304348 -0.00702381 0.00242047
internal_weight=890.14 851.14 115 45 736.14 70 45 689.14 223 153 126 68 41 466.14
internal_count=875 836 115 45 721 70 45 674 223 153 126 68 41 451
is_linear=0
shrinkage=0.05


Tree=527
num_leaves=15
num_cat=0
split_feature=14 3 13 8 13 7 7 15 2 2 0 10 0 16
split_gain=0.811644 0.579566 0.648051 0.322558 0.236959 0.31371 0.606819 0.542895 0.987052 0.684003 0.367371 0.272944 0.258133 0.2049
threshold=7.6128667238372563 12.881188419440607 2.9398388295185423 33.95000000000001 3.3845171494617481 7.0500000000000007 6.7500000000000009 -0.11977499999999999 10.833261548174768 11.575179329836422 15.772079058790217 0.26512974748379775 16.792665430421291 0.10701500000000001
decision_type=2 2 10 10 10 2 2 2 2 2 2 2 2 2
left_child=1 4 -3 -4 -1 6 7 12 11 -10 -11 -9 13 -6
right_child=-2 2 3 -5 5 -7 -8 8 9 10 -12 -13 -14 -15
leaf_value=4.9640752222895381e-05 -0.00040983160214240634 -0.00052324933938887827 1.2650538063108191e-05 -0.00058763451000490177 0.00014488620984832879 0.00032843869575556142 -0.00028142155061595362 0.00018864843226279319 -0.0025853120492440444 3.0460972527562339e-07 -0.00022997753395173024 -0.00021669042009708555 -0.00031566965953464199 -8.9949094536441001e-05
leaf_weight=393 28 29 45 20 115.0933952331543 41 24 48.140092849731445 22 29 20 22 20 29
leaf_count=393 28 29 45 20 105 41 24 33 22 29 20 22 20 29
internal_value=0.000988642 0.00126559 -0.00242105 0.000378788 0.00172221 0.000811262 0.000291211 0.00090182 -0.00136696 -0.00548611 -0.0021 0.0028212 0.0028497 0.00358712
internal_weight=885.233 857.233 94 65 763.233 370.233 329.233 305.233 141.14 71 49 70.1401 164.093 144.093
internal_count=860 832 94 65 738 345 304 280 126 71 49 55 154 134
is_linear=0
shrinkage=0.05


Tree=528
num_leaves=15
num_cat=0
split_feature=14 3 2 1 13 15 8 8 12 13 7 13 13 2
split_gain=1.09152 0.688955 0.330667 1.12919 0.46531 0.337647 0.47835 0.413316 0.494024 0.408847 0.250661 0.25036 0.261011 0.245111
threshold=6.9904518845358927 14.062721239916847 11.210599421575576 12.147605239729323 4.3957595904073594 -1.2924149999999999 50.70000000000001 8.9500000000000011 1.0000000180025095e-35 3.5854431883692963 4.6500000000000012 2.8152657032317845 2.5688187898933337 11.730794247999029
decision_type=2 2 2 2 10 2 10 10 10 8 2 8 10 2
left_child=2 -2 4 -4 10 -5 7 8 -7 -10 -1 12 -12 -9
right_child=1 -3 3 5 -6 6 -8 13 9 -11 11 -13 -14 -15
leaf_value=-0.00061090293590231374 -0.0038818553478997251 -0.00012423428994655963 -0.00024060740247113183 0.017201447474612049 -0.00029435414143070876 -0.00041732702854862066 -0.00039391115000896753 -0.00030350636847546362 0.0001855346260925514 -0.016654549996825033 0.00017680462652838307 0.00011729113215596804 -3.4808224301095665e-05 5.1686479819237347e-05
leaf_weight=31 26 27 27 46 28 21 27 54 23 20 29 242.14009284973145 22 270
leaf_count=31 26 27 27 46 28 21 27 54 23 20 29 227 22 270
internal_value=0.000688595 -0.0062037 0.00113025 0.000286299 0.00229569 0.000876624 0.000420673 0.000874036 -0.00276923 0.000340909 0.0028317 0.00328313 9.6154e-05 0.0016
internal_weight=893.14 53 840.14 488 352.14 461 415 388 64 43 324.14 293.14 51 324
internal_count=878 53 825 488 337 461 415 388 64 43 309 278 51 324
is_linear=0
shrinkage=0.05


Tree=529
num_leaves=15
num_cat=0
split_feature=13 1 1 1 1 10 13 4 13 10 10 7 8 8
split_gain=0.563023 0.569666 1.02726 0.456121 0.671881 1.00163 0.543307 0.422596 0.406643 0.764213 0.268228 0.317304 0.525798 0.211729
threshold=3.9108723911402059 15.713707227497345 14.032346104925397 14.736831470662546 15.807939224393884 0.85713466239780911 2.9398388295185423 9.1408942207903525 4.5257656101261263 1.0000000180025095e-35 0.074102141141256975 5.5500000000000007 18.990000000000006 43.640000000000008
decision_type=10 2 2 2 2 2 10 2 10 2 2 2 10 10
left_child=3 2 8 10 5 6 7 -5 9 -2 -1 12 -12 -13
right_child=1 -3 -4 4 -6 -7 -8 -9 -10 -11 11 13 -14 -15
leaf_value=0.00010989578650399651 -0.00012948740988632666 -0.0004892809255824009 0.00076108404794383161 -0.00032461339239901391 0.0001419128481651096 -0.00083476356271628034 3.2355976454974228e-05 -0.0011157022300199899 0.00075996856247891476 -0.00073668839977356808 -0.00028133901608856302 7.124525077209371e-05 0.00019321328932117462 -5.0090296972116247e-06
leaf_weight=272.0933952331543 34 31 69 23 53 23 52 25 27.046697616577148 29 44 130.04669761657715 31 20
leaf_count=262 34 31 69 23 53 23 52 25 22 29 44 125 31 20
internal_value=0.000828448 -0.00156907 -0.000342191 0.00150666 -0.000677966 -0.00270161 -0.000495049 -0.00428571 -0.00384162 -0.00601562 0.00227988 0.000996403 -0.00164474 0.00231871
internal_weight=863.187 190.047 159.047 673.14 176 123 100 48 90.0467 63 497.14 225.047 75 150.047
internal_count=843 185 154 658 176 123 100 48 85 63 482 220 75 145
is_linear=0
shrinkage=0.05


Tree=530
num_leaves=15
num_cat=0
split_feature=15 7 7 10 9 7 13 8 8 13 8 7 1 9
split_gain=0.594702 0.814763 0.833451 1.02949 0.363615 0.35361 0.291601 0.277643 0.433306 0.351583 0.382989 0.327971 0.195388 0.429795
threshold=-0.92700999999999989 6.5500000000000007 7.1500000000000012 -0.65768990033922992 0.25881904510252091 5.5500000000000007 2.8888307077117577 47.145000000000003 67.450000000000003 2.6600494875419574 8.9500000000000011 5.7500000000000009 12.147605239729323 0.26092512978024796
decision_type=2 2 2 2 2 2 8 10 10 10 8 2 2 2
left_child=1 5 3 -3 -4 -1 -7 9 -9 10 -2 -12 13 -11
right_child=7 2 4 -5 -6 6 -8 8 -10 12 11 -13 -14 -15
leaf_value=-6.5615984352868559e-05 -0.00032555839926121219 -0.0009305925227465656 9.4704328175820456e-05 -0.00018215607180694626 -0.00026715370997281552 -7.6696225235574656e-05 0.0025707086855010978 -0.00015704492260479474 0.0013490333759055048 8.2674276295788564e-05 -0.00066192728787575175 5.6854812772090036e-05 9.1754002479364739e-05 -0.00013423971171981421
leaf_weight=30 36 22 21 22 21 20 77 20 23 52 27 36 435.04669761657715 54.140092849731445
leaf_count=30 36 22 21 22 21 20 77 20 23 52 27 36 430 39
internal_value=0.0012048 -0.00109813 -0.00482759 -0.00955556 0.000232558 0.00144531 0.00290816 0.00192335 -0.00193182 0.00218491 -0.00055 0.00179688 0.0026853 0.000753224
internal_weight=896.187 213 86 44 42 127 97 683.187 43 640.187 99 63 541.187 106.14
internal_count=876 213 86 44 42 127 97 663 43 620 99 63 521 91
is_linear=0
shrinkage=0.05


Tree=531
num_leaves=15
num_cat=0
split_feature=14 14 15 0 9 9 1 14 7 8 10 9 13 12
split_gain=0.729366 0.763025 1.06912 0.560091 0.390824 0.388443 0.230692 0.209059 0.20545 0.291922 0.308148 0.295915 0.541893 0.366711
threshold=0.011789636016720442 5.3271056999214697 -1.0778199999999998 15.273695023146233 0.99518235830904545 -0.25881904510252113 15.408170775064473 6.5608221065794572 6.2500000000000009 15.850000000000003 0.91523306216449185 -0.80246366112812384 3.7837355977586644 2.5000000000000004
decision_type=2 2 2 2 2 2 2 2 2 10 2 2 8 10
left_child=-1 4 3 -3 8 -4 -7 -8 9 11 -11 12 -2 -13
right_child=1 2 5 -5 -6 6 7 -9 -10 10 -12 13 -14 -15
leaf_value=-0.00014477052599025248 0.020429151298491741 -0.00072308236751448759 0.00025952496315743517 -0.00076085248111946318 -0.000178095890451081 0.0030265478399784315 -0.00014059611220996655 -0.00029188179625475665 6.7698713363650013e-05 9.7541987770598381e-05 -0.00012992485692150398 -3.14019548850669e-07 -0.0027262603071301068 0.0014430425839724792
leaf_weight=43.046697616577148 29 26 39 24 20 22 20 20 243 133 32 164.04669761657715 21 52.046697616577148
leaf_count=38 29 26 39 24 20 22 20 20 243 133 32 159 21 47
internal_value=0.000945521 0.0012711 -0.00194079 -0.00784314 0.00197163 0.00102941 -0.00142857 -0.00365854 0.00217817 0.00151696 0.00316265 0.00048847 -0.00294118 0.00129192
internal_weight=888.14 845.093 151 50 694.093 101 62 40 674.093 431.093 165 266.093 50 216.093
internal_count=873 835 151 50 684 101 62 40 664 421 165 256 50 206
is_linear=0
shrinkage=0.05


Tree=532
num_leaves=15
num_cat=0
split_feature=15 4 4 7 0 13 8 14 0 8 7 8 3 16
split_gain=0.668026 1.15163 0.295642 0.703103 0.288309 0.418314 0.904532 0.487597 0.397619 0.281754 0.157444 0.429589 0.215735 0.433397
threshold=-1.0778199999999998 11.92474704216828 4.0766389064824349 5.9500000000000011 17.183787271371653 2.6751386027824413 8.9500000000000011 1.7259426525888399 17.465847943759659 16.950000000000003 6.7500000000000009 39.20000000000001 9.6705788083499247 1.0000000180025095e-35
decision_type=2 2 2 2 2 10 8 2 2 8 2 10 2 2
left_child=1 2 3 -1 5 6 -2 -8 -6 -4 11 12 -7 -14
right_child=4 -3 9 -5 8 10 7 -9 -10 -11 -12 -13 13 -15
leaf_value=8.9612653403250555e-05 -0.00039490116943128727 -0.0014751267610064013 0.00026497518241332363 -0.00026587779657118057 -0.00081447382179796455 0.00033677813449625244 -0.0012126351948898047 4.4776240371093797e-05 0.0011451229385195151 -1.4798716233237393e-05 0.00026444850805732502 -0.00017761055780512989 -0.00018423915312622854 8.0693893611919374e-05
leaf_weight=36 30 23 40 30 20 235.14009284973145 22 49 21 42 122 28 25 144
leaf_count=36 30 23 40 30 20 220 22 49 21 42 122 28 25 144
internal_value=0.00107782 -0.00171512 -6.71139e-05 -0.00253731 0.00176536 0.00202045 -0.000931372 0.00215278 -0.0022619 0.00192771 0.00255917 0.00210255 0.00251938 0.00114706
internal_weight=867.14 171 148 66 696.14 655.14 101 71 41 82 554.14 432.14 404.14 169
internal_count=852 171 148 66 681 640 101 71 41 82 539 417 389 169
is_linear=0
shrinkage=0.05


Tree=533
num_leaves=15
num_cat=0
split_feature=4 4 4 9 1 1 16 10 10 13 0 0 10 10
split_gain=0.594006 0.401682 0.427462 0.318413 0.590012 0.28798 0.275598 0.242068 0.336305 0.284749 0.260699 0.502894 0.254522 0.356828
threshold=9.9887960114006713 11.002206928624593 10.569976263465795 0.70088257582277269 15.474394740006153 15.779972156653008 -1.4512249999999998 -0.71476258798096814 -0.65768990033922992 3.1062043792790042 15.177001665629254 15.009232588052667 0.50376918148035232 0.1993508540825906
decision_type=2 2 2 2 2 2 2 2 2 8 2 2 2 2
left_child=6 2 -2 5 -5 -3 -1 -8 9 -9 11 12 13 -10
right_child=1 3 -4 4 -6 -7 7 8 10 -11 -12 -13 -14 -15
leaf_value=-0.00013127381033779142 -0.00048953856127649954 0.0012369183651023737 -0.0004916232130789996 -0.00053788514653370129 0.00068617301627453781 -0.00027788747543353953 9.9742349820181701e-05 -0.00076457351093623413 6.3306773377238057e-05 -8.2533513744471366e-05 7.4235076632655703e-05 -0.00088793302225347514 5.6629168853831182e-05 -7.7754942207593821e-05
leaf_weight=31 33 53 27 20 20 37 164 20 94.093395233154297 24 185 21 108.04669761657715 54.046697616577148
leaf_count=31 33 53 27 20 20 37 164 20 84 24 185 21 103 49
internal_value=0.000903324 -0.00157068 -0.00491803 1.84843e-10 -0.00365854 0.00164835 0.00157499 0.00178927 0.00124399 -0.00288889 0.00164282 0.000668378 0.00128675 -6.23542e-05
internal_weight=891.187 190 60 130 40 90 701.187 670.187 506.187 44 462.187 277.187 256.187 148.14
internal_count=871 190 60 130 40 90 681 650 486 44 442 257 236 133
is_linear=0
shrinkage=0.05


Tree=534
num_leaves=15
num_cat=0
split_feature=0 4 13 1 10 4 8 3 8 13 13 8 2 2
split_gain=0.409835 0.788146 0.335226 0.776975 0.899451 0.937737 0.308899 0.343939 0.251841 0.221237 0.303156 0.252751 0.243138 0.577031
threshold=16.818864548502386 9.1214069202205419 3.9561014979758524 14.051999415810144 0.49240481012316867 5.1104703916605407 45.70000000000001 11.546553775371409 13.950000000000001 3.6685709561006159 3.624277951196841 20.855 9.0965767664003732 7.5105154820682332
decision_type=2 2 10 2 2 2 10 2 10 8 10 8 2 2
left_child=2 8 6 4 5 -4 9 -8 -2 10 11 12 13 -1
right_child=1 -3 3 -5 -6 -7 7 -9 -10 -11 -12 -13 -14 -15
leaf_value=8.7383162347387161e-05 -0.0028074784821518648 -0.00055551202895220628 -0.00055590116072788947 8.1124115063486846e-05 4.4972344840728451e-05 7.1265049148865671e-05 -0.00024579687940008075 2.2797090414855397e-05 0.0082188972022317758 0.00020304542905570148 -0.0022905898196171732 8.1281948167486308e-05 4.757489316620006e-05 -0.0056105829784821341
leaf_weight=26 20 34 33 64 29.046697616577148 22 21 20 28 118.14009284973145 22 170 245.04669761657715 23
leaf_count=26 20 34 33 64 24 22 21 20 28 103 22 170 240 23
internal_value=0.00105699 -0.00228916 0.00140534 -0.000736457 -0.00387748 -0.00758929 0.00189718 -0.0022619 0.00183673 0.00218269 0.00170463 0.0019788 0.00108537 -0.0021
internal_weight=875.233 82 793.233 148.047 84.0467 55 645.187 41 48 604.187 486.047 464.047 294.047 49
internal_count=850 82 768 143 79 55 625 41 48 584 481 459 289 49
is_linear=0
shrinkage=0.05


Tree=535
num_leaves=15
num_cat=0
split_feature=2 14 9 13 0 8 15 4 12 8 0 10 13 15
split_gain=0.45192 0.612442 0.598392 0.764064 0.530384 0.454038 0.53854 0.759905 0.360669 0.353973 0.264769 0.474736 0.471384 0.712574
threshold=11.695012151044331 0.013506875139370347 0.87567323142345177 3.0173076496044242 12.870146433785068 47.145000000000003 -1.2619349999999996 9.008921551762926 1.5000000000000002 31.350000000000005 15.523471602466001 0.074102141141256975 2.9495956306875488 -0.11977499999999999
decision_type=2 2 2 10 2 10 2 2 10 8 2 2 10 2
left_child=1 4 5 -4 -1 6 7 -2 9 10 12 -12 -8 -14
right_child=2 -3 3 -5 -6 -7 8 -9 -10 -11 11 -13 13 -15
leaf_value=0.0003230060832204527 5.7930180096539891e-05 8.6530976718814144e-05 0.0066710249120299258 -0.00072948779948926355 -0.00019582903321703531 -0.00025335619097137927 5.2998521455036116e-05 -0.00061633341108896067 0.00027619948190472243 0.0001538513104827846 -0.00022419688269507501 -0.00017726400774565007 -0.0026954761655817658 7.8991447216215547e-05
leaf_weight=26.046697616577148 23 408.18679046630859 21 38 20 34 36 27 137 30 25 25 20 25
leaf_count=21 23 388 21 38 20 34 36 27 137 30 25 25 20 25
internal_value=0.000698666 0.00180384 -0.000441176 -0.00508333 -0.00360847 0.000287206 0.000830946 -0.00392157 0.0016388 3.08644e-05 -0.00109848 -0.00392157 0.000670732 -0.00271739
internal_weight=895.233 454.233 441 59 46.0467 382 348 50 298 161 131 50 81 45
internal_count=870 429 441 59 41 382 348 50 298 161 131 50 81 45
is_linear=0
shrinkage=0.05


Tree=536
num_leaves=15
num_cat=0
split_feature=4 2 2 7 15 2 4 5 4 4 9 14 2 8
split_gain=0.474741 0.294788 1.08051 0.374403 0.223537 0.505216 0.475534 0.382366 0.208508 0.385327 0.207922 0.319278 0.712574 0.264076
threshold=9.7278668062257641 9.3903459918807766 8.6059762669598978 6.3500000000000005 -1.1770999999999998 13.834247214086712 11.002206928624593 6.6153774474657583 5.0699315863095284 3.1567740231385479 0.70088257582277269 1.0079905521927708 12.640407297558921 58.460000000000008
decision_type=2 2 2 2 2 2 2 2 2 2 2 2 2 10
left_child=1 2 3 -1 5 -2 7 -6 9 10 13 -12 -13 -3
right_child=4 8 -4 -5 6 -7 -8 -9 -10 -11 11 12 -14 -15
leaf_value=8.8400615356555175e-05 -0.00010339114354981755 0.00019059509945156962 -0.00077170351494752873 -0.00010734189293590839 -0.00049573180861469974 -0.00068544721293633886 0.00014301595132706118 -4.6507893639903091e-05 8.9670356012127751e-05 -0.00013997773689865863 0.00013283332468716396 -0.0006138962300800653 4.8528463474564927e-05 -0.00023286913967546192
leaf_weight=98.046697616577148 25 208.04669761657715 29 23 33 20 107 34 205 28 36.093395233154297 20 25 20
leaf_count=93 25 203 29 23 33 20 107 34 205 28 26 20 25 20
internal_value=0.00132203 0.0019633 1.54598e-06 0.00209128 -0.000704545 -0.00380435 0.000114286 -0.00316176 0.00250525 0.00173212 0.00224318 6.65947e-05 -0.00271739 0.00301351
internal_weight=911.187 692.187 150.047 121.047 219 45 174 67 542.14 337.14 309.14 81.0934 45 228.047
internal_count=891 672 145 116 219 45 174 67 527 322 294 71 45 223
is_linear=0
shrinkage=0.05


Tree=537
num_leaves=15
num_cat=0
split_feature=14 1 1 2 2 13 4 7 9 7 2 3 8 2
split_gain=0.443481 0.571215 0.915258 0.462064 0.564395 0.312463 0.276533 0.266711 0.191666 0.374938 0.248654 0.374038 0.306994 0.21034
threshold=4.2890227835308243 15.807939224393884 15.408170775064473 13.962673132380607 13.593151323725015 3.6413638888637321 10.877505316597103 7.0500000000000007 -0.60355450559747126 6.5500000000000007 12.046553265723789 6.1965322646744347 11.950000000000001 12.837262418420501
decision_type=2 2 2 2 2 10 2 2 2 2 2 2 10 2
left_child=7 2 3 4 6 -3 -2 8 9 10 11 -1 -13 -10
right_child=1 5 -4 -5 -6 -7 -8 -9 13 -11 -12 12 -14 -15
leaf_value=2.3657412011443274e-05 -0.00062460085399826501 0.00016570377037502008 -0.00059080981376241452 0.0035816559899733524 -0.00060673324052940968 -0.00018192202508635487 9.9967946191359367e-05 0.00010327560570034499 6.1603848820623896e-05 -0.00057694403986419541 0.00013460743014952382 0.0001714561112535722 -0.0010497268959287177 -8.9684871597929861e-05
leaf_weight=48 35 50 33 29 20 20 41 56 386.18679046630859 22 29 25 30 59
leaf_count=48 35 50 33 29 20 20 41 56 366 22 29 25 30 59
internal_value=0.000979357 -0.00091703 -0.00257862 -0.000595238 -0.00226804 0.0028169 -0.00025974 0.00163968 0.00132614 -0.000193548 0.000827068 -0.000336538 -0.003125 0.00185109
internal_weight=883.187 228 158 125 96 70 76 655.187 599.187 154 132 103 55 445.187
internal_count=863 228 158 125 96 70 76 635 579 154 132 103 55 425
is_linear=0
shrinkage=0.05


Tree=538
num_leaves=15
num_cat=0
split_feature=14 14 7 7 15 7 15 7 8 8 13 13 7 13
split_gain=0.431573 0.402167 0.36761 0.237447 0.428442 0.614545 0.283385 0.230614 0.251112 0.410387 0.265848 0.58697 0.268207 0.28131
threshold=4.2890227835308243 0.011789636016720442 7.1500000000000012 6.2500000000000009 -1.0778199999999998 6.6500000000000012 -0.30803999999999992 6.9500000000000011 36.600000000000009 41.70000000000001 3.1339001270843778 3.0663800636569527 4.7500000000000009 4.3957595904073594
decision_type=2 2 2 2 2 2 2 2 10 10 8 10 2 10
left_child=1 -1 3 6 -5 -6 -2 8 10 -10 11 -3 -12 -14
right_child=2 7 -4 4 5 -7 -8 -9 9 -11 12 -13 13 -15
leaf_value=-0.00011320739209406449 3.2022708883671977e-05 3.1823719361029081e-05 6.547521378997397e-05 -0.0004633536887603226 -0.00070505831091902159 0.00058875420026681911 -0.00012760881244698745 5.3463999578955421e-05 -0.0012288816013249363 9.7603105031049051e-06 -0.00078985939233905107 -0.00076285191258561476 0.00028541686682962423 -0.00040520360772620945
leaf_weight=37 24 155 76 35 38 37 26 72 21 35 20 20 268.14009284973145 35
leaf_count=37 24 155 76 35 38 37 26 72 21 35 20 20 253 35
internal_value=0.00132835 0.00198106 -0.000506329 -0.00186335 -0.00315315 -0.000986842 0.000980392 0.00228131 0.0019287 -0.00122807 0.00228533 0.000710227 0.00313352 0.00350398
internal_weight=899.14 663.14 236 160 110 75 50 626.14 554.14 56 498.14 175 323.14 303.14
internal_count=884 648 236 160 110 75 50 611 539 56 483 175 308 288
is_linear=0
shrinkage=0.05


Tree=539
num_leaves=15
num_cat=0
split_feature=16 0 7 1 1 7 7 0 9 8 13 7 15 2
split_gain=0.663406 0.400216 0.307111 0.465264 1.26146 0.205273 0.211711 0.33127 0.570788 0.860317 0.395681 0.311483 0.288986 0.429339
threshold=-1.4512249999999998 14.490599584466304 7.7500000000000009 15.480937453224145 15.36386560437135 6.9500000000000011 5.4500000000000011 15.241845638203143 -0.60702770852580723 10.050000000000002 3.8839624827357651 5.7500000000000009 0.17533000000000001 11.35266266907036
decision_type=2 2 2 2 2 2 2 2 2 10 10 2 2 2
left_child=1 -1 3 4 5 6 -2 8 9 -8 11 -10 -9 -14
right_child=2 -3 -4 -5 -6 -7 7 12 10 -11 -12 -13 13 -15
leaf_value=-0.00020386544884647086 9.12294630404182e-05 -0.00032946085486793724 -0.00056976690682581375 0.00025212585224285085 -0.00062834786634955537 4.7898153207874814e-05 3.6001489357709624e-05 2.490024408986038e-05 -6.6124753032518107e-06 -0.0012993537457036649 -0.00014469970891716985 7.0201000668556303e-05 0.0028484159078528619 -0.00011658396524677456
leaf_weight=20 190.14009284973145 21 22 111 23 100 21 92 35 28 33.046697616577148 116.04669761657715 29 44
leaf_count=20 175 21 22 111 23 100 21 92 35 28 28 111 29 44
internal_value=0.00149641 -0.00464286 0.0017997 0.00195712 0.0014829 0.00187334 0.00151242 0.000853101 -0.000361108 -0.0051 0.000920978 0.0020075 0.00256024 0.000202703
internal_weight=885.233 41 844.233 822.233 711.233 688.233 588.233 398.093 233.093 49 184.093 151.047 165 73
internal_count=860 41 819 797 686 663 563 388 223 49 174 146 165 73
is_linear=0
shrinkage=0.05


Tree=540
num_leaves=15
num_cat=0
split_feature=3 13 10 16 1 15 10 12 13 13 4 0 15 13
split_gain=0.528926 0.540299 0.370225 0.273809 0.395801 0.168084 0.282428 0.513857 0.384624 0.361924 0.336483 0.317144 0.165725 0.164417
threshold=13.37443548907458 3.8456835505022191 -0.0043632677491870896 -1.4512249999999998 13.613529124121005 0.17533000000000001 0.25881904510252057 1.0000000180025095e-35 3.5008875692454517 2.5563404911825818 8.6982552639351081 15.073977246777257 1.0381650000000002 3.8839624827357651
decision_type=2 8 2 2 2 2 2 10 10 8 2 2 2 10
left_child=3 2 -2 4 -1 13 7 9 10 -7 12 -10 -8 -5
right_child=1 -3 -4 5 -6 6 8 -9 11 -11 -12 -13 -14 -15
leaf_value=-0.00019087885383638049 -0.0025466978875828337 -0.0009172995555832387 0.00037689126381913751 5.6341750700244448e-05 0.00014609759057066275 0.00011941015933270363 7.9952985592959632e-05 0.001137346873165158 -0.0063416953746557175 -0.0011048137999389339 -0.00048224238301609846 -8.182616229043135e-05 3.2400156359835878e-06 2.8972483733608471e-05
leaf_weight=21 27 21 36 327.04669761657715 23 21 45 132.14009284973145 22 21 22 21 31 139.04669761657715
leaf_count=21 27 21 36 322 23 21 45 117 22 21 22 21 31 134
internal_value=0.00164372 -0.00211765 0.000234375 0.00202869 -0.00177778 0.00224507 0.00134656 0.00268757 -0.000316901 -0.00209302 0.00141414 -0.00420455 0.00298701 0.0028484
internal_weight=909.233 84 63 825.233 44 781.233 315.14 174.14 141 42 98 43 76 466.093
internal_count=884 84 63 800 44 756 300 159 141 42 98 43 76 456
is_linear=0
shrinkage=0.05


Tree=541
num_leaves=15
num_cat=0
split_feature=0 3 1 0 1 13 7 0 0 15 0 14 1 1
split_gain=0.413645 0.712465 0.729058 0.266803 0.313198 0.37843 0.792677 0.274891 0.256388 0.468513 0.372985 0.345469 0.305221 0.563975
threshold=15.866294006575464 13.063184178775765 15.430374933573537 15.748715777478411 14.797105289752659 3.9169617688349754 5.7500000000000009 13.945988374896972 11.723960037456015 -0.83455499999999994 12.712674849452986 3.3573234301341457 14.070538460099918 14.299359300181179
decision_type=2 2 2 2 2 10 2 2 2 2 2 2 2 2
left_child=1 3 -3 4 5 8 -7 -8 -1 11 -11 -10 -12 -14
right_child=-2 2 -4 -5 -6 6 7 -9 9 10 12 -13 13 -15
leaf_value=5.6913236487762602e-05 6.6843038371639521e-05 -0.00023358440520622578 -0.00090708789375832679 -0.0009817603578334323 8.6354423882740818e-05 0.00017856990159300336 -0.00011545535436454603 -0.0006685106570498158 -0.00013060455514346783 -0.0012605220570459322 0.00016617701638701408 0.018884683770603167 -0.00060470107717101092 0.003707708824310583
leaf_weight=56.046697616577148 241 31 20 22 62 38.046697616577148 27 23 37.046697616577148 30.046697616577148 244.04669761657715 20 27 36
leaf_count=51 241 31 20 22 62 33 27 23 32 25 239 20 27 36
internal_value=0.00155279 0.000913879 -0.00471154 0.00138177 0.00158203 0.00118904 -0.00179419 -0.00588235 0.00177517 0.00131776 0.00202745 -0.00283852 0.00254907 -0.000546875
internal_weight=914.233 673.233 51 622.233 600.233 538.233 88.0467 50 450.187 394.14 337.093 57.0467 307.047 63
internal_count=889 648 51 597 575 513 83 50 430 379 327 52 302 63
is_linear=0
shrinkage=0.05


Tree=542
num_leaves=15
num_cat=0
split_feature=14 3 14 15 7 13 1 1 1 10 15 9 1 7
split_gain=0.381047 0.349932 0.930025 0.206608 0.754172 0.193602 0.227337 0.184335 0.388173 0.311121 0.186133 0.268022 0.251519 0.146578
threshold=0.011789636016720442 9.511888355722272 2.0711135794289341 -1.3242799999999997 6.5500000000000007 2.5624635244952301 14.832503789161324 15.755070682384991 14.491408681122889 -0.0043632677491870896 -0.43006499999999998 -0.5 13.231590220524028 6.3500000000000005
decision_type=2 2 2 2 2 8 2 2 2 2 2 2 2 2
left_child=-1 13 -3 4 -4 6 -5 8 10 -9 -7 -12 -13 -2
right_child=1 2 3 5 -6 7 -8 9 -10 -11 11 12 -14 -15
leaf_value=-7.836713754817015e-05 8.5643616687750595e-05 -0.00038315968261075378 0.014327580161788745 -0.00059391925449330625 -0.00067680166453344345 6.762535656583227e-05 0.00087232602401663578 -0.00041730053702294223 7.3649677050949456e-05 6.8080846991789434e-05 -0.00083269950150849739 -6.3727836411821268e-05 0.00010651947216461322 0.00015021591343859211
leaf_weight=43.046697616577148 287.14009284973145 32 25 27 29 61 22 36 119 33 26 27 43 71
leaf_count=38 272 32 25 27 29 61 22 36 119 33 26 27 43 71
internal_value=0.00148034 0.00171688 0.000831601 0.00142539 -0.00145455 0.00182278 -0.0011 0.00223988 0.00281588 -7.14284e-05 0.00117089 -0.000206185 0.00140845 0.00289776
internal_weight=881.187 838.14 480 448 54 394 49 345 276 69 157 96 70 358.14
internal_count=861 823 480 448 54 394 49 345 276 69 157 96 70 343
is_linear=0
shrinkage=0.05


Tree=543
num_leaves=15
num_cat=0
split_feature=0 0 3 13 12 14 14 0 7 3 7 14 10 0
split_gain=0.276557 0.3827 0.356956 0.378906 0.725057 0.654062 0.960663 0.623257 0.315881 0.391742 0.293744 0.682356 0.308911 0.355321
threshold=12.97344749778412 14.80190508185021 13.063184178775765 3.4282904644093786 2.5000000000000004 1.7756211502018824 0.45637113642078203 14.395140689944201 6.8500000000000005 13.476987410536259 5.3500000000000005 0.71211442113764023 0.91523306216449185 16.697895498328833
decision_type=2 2 2 10 10 2 2 2 2 2 2 2 2 2
left_child=-1 2 3 7 5 6 -5 -2 9 10 11 -3 13 -12
right_child=1 8 -4 4 -6 -7 -8 -9 -10 -11 12 -13 -14 -15
leaf_value=6.0083899772291288e-05 0.0001992891340986796 0.00040680887717955261 -0.00059910989761319765 -0.0016797569430237642 4.5075691028515142e-05 -0.0010250720534764988 0.00039714788602241487 -0.00022200328701314803 9.803892303378764e-05 -0.00048279322153001788 7.77518366129508e-05 -0.0020991449744021786 -9.6693455468168515e-05 -2.2356257248542828e-05
leaf_weight=132.0933952331543 99 21 21 25 47.046697616577148 23 26.046697616577148 42 116 25 216.04669761657715 29 34 49
leaf_count=122 99 21 21 25 42 23 21 42 116 25 211 29 34 49
internal_value=0.00135304 0.000989098 -0.000473552 3.97844e-05 -0.00200284 -0.0050604 -0.0018208 0.00179577 0.0018333 0.00112048 0.0015576 -0.00196078 0.00215044 0.00272596
internal_weight=905.233 773.14 283.093 262.093 121.093 74.0467 51.0467 141 490.047 374.047 349.047 50 299.047 265.047
internal_count=880 758 273 252 111 69 46 141 485 369 344 50 294 260
is_linear=0
shrinkage=0.05


Tree=544
num_leaves=15
num_cat=0
split_feature=0 0 1 1 0 0 0 9 14 10 15 9 7 14
split_gain=0.266649 0.743236 0.198451 0.640815 0.148828 0.289727 0.810805 0.493258 0.396049 0.335942 0.367725 0.384969 0.322756 0.196377
threshold=17.048322904156191 17.257980813679236 15.919905683545876 15.651820649340765 12.894777939625641 14.759568215742057 14.656840512634762 -0.70556075282125752 3.7999589334228783 0.32762316226846638 -0.49454499999999996 0.70088257582277269 5.8500000000000005 1.2302211569316757
decision_type=2 2 2 2 2 2 2 2 2 2 2 2 2 2
left_child=2 -2 3 4 -1 6 7 12 -9 -7 -11 13 -6 -12
right_child=1 -3 -4 -5 5 9 -8 8 -10 10 11 -13 -14 -15
leaf_value=8.3813509924973793e-05 -0.012946862186183489 0.00020553799005941259 0.00022345872100224264 -0.00086166218625640745 -0.00077042369665639588 0.00010795178580617212 -0.00048115679585005702 6.7853447094713481e-05 -0.00049755184199595565 0.00038261940247802557 0.0019426960812566126 -1.7453732751214889e-05 -6.5188646591718291e-05 -7.1888046494227278e-05
leaf_weight=131.0933952331543 22 33 63 29 25 223.04669761657715 22 161.0933952331543 35 40 22 21 26 52
leaf_count=121 22 33 63 29 25 218 22 151 35 40 22 21 26 52
internal_value=0.00201512 -0.00133929 0.00223343 0.00201231 0.00229332 0.00196724 0.000723702 0.00155372 0.00269145 0.00289721 0.000919118 -0.00078125 -0.00278846 0.000933333
internal_weight=905.233 55 850.233 787.233 758.233 627.14 269.093 247.093 196.093 358.047 135 95 51 74
internal_count=880 55 825 762 733 612 259 237 186 353 135 95 51 74
is_linear=0
shrinkage=0.05


Tree=545
num_leaves=15
num_cat=0
split_feature=16 1 13 8 15 14 0 3 1 5 2 13 13 16
split_gain=0.349108 0.449302 0.264651 0.189866 0.16725 0.420221 0.221966 0.349234 0.313936 0.247264 0.209059 0.208687 0.197291 0.332408
threshold=-0.84618999999999989 13.805106958983421 3.6918790522500609 51.70000000000001 1.0381650000000002 1.3502083319372586 15.163217787822541 12.306661339495072 14.35078936820576 9.726850458323371 9.6989490119116848 3.0173076496044242 3.4542313369358211 1.0000000180025095e-35
decision_type=2 2 8 10 2 2 2 2 2 2 2 10 10 2
left_child=1 -1 3 4 6 10 7 8 11 -8 -6 -2 13 -13
right_child=2 -3 -4 -5 5 -7 9 -9 -10 -11 -12 12 -14 -15
leaf_value=-0.0001455046845692001 7.7580073867743898e-05 7.9354461331435075e-06 0.00013040638572954887 -0.00020560786046778159 -0.00067554444147288541 0.00011212312979962839 0.00010198748820776078 -0.00027694432062801258 -8.6518130750097328e-05 -0.0028920890466942566 -0.0018406427956734941 7.9183988613545293e-05 0.00025024396548634759 -0.00030004045496288107
leaf_weight=26 80 47 252.14009284973145 38 20 53 151 38 25 27 20 22 51.046697616577148 46
leaf_count=26 80 47 237 38 20 53 151 38 25 27 20 22 46 46
internal_value=0.00215221 -0.00114865 0.00244597 0.00184466 0.00208827 0.000159575 0.0024946 0.00155955 0.00231167 0.00385475 -0.00365854 0.00297547 0.00162631 -0.000144927
internal_weight=896.187 73 823.187 571.047 533.047 93 440.047 262.047 224.047 178 40 199.047 119.047 68
internal_count=876 73 803 566 528 93 435 257 219 178 40 194 114 68
is_linear=0
shrinkage=0.05


Tree=546
num_leaves=15
num_cat=0
split_feature=15 10 13 0 2 11 7 7 13 13 7 7 7 8
split_gain=0.49309 0.392544 0.215607 0.213705 0.173135 0.317064 0.947235 0.203842 0.187992 0.405614 0.156437 0.15891 0.371824 0.295017
threshold=-1.7810499999999998 1.0000000180025095e-35 2.3612734380892113 15.814719147144968 12.890185940438831 1.0000000180025095e-35 6.3500000000000005 4.6500000000000012 3.1517080845114083 2.8972419837873922 5.3500000000000005 6.9500000000000011 6.5500000000000007 20.545000000000005
decision_type=2 2 8 2 2 2 2 2 10 8 2 2 2 10
left_child=1 -1 3 -2 7 8 -7 -4 9 -6 -9 12 -12 -14
right_child=2 -3 4 -5 5 6 -8 10 -10 -11 11 -13 13 -15
leaf_value=3.0080527657831138e-05 0.0003483289996526666 -0.0002571794156421146 -0.00032958395150746656 -0.00053985886387725905 0.00015480462304729518 -0.00017682504695046395 2.577259624889559e-05 0.0002119566892338691 0.00048139623787338238 -0.0007806463437644548 0.00012603000977445667 3.6926402447135193e-05 1.7635887786287996e-05 -0.00085097449932033215
leaf_weight=28 20 24 35 20 25 30 51 106.04669761657715 100 28 305.14009284973145 72 31 23
leaf_count=28 20 24 35 20 25 30 51 101 100 28 290 72 31 23
internal_value=0.00204733 -0.00264151 0.00233825 -0.00121951 0.00251606 0.0013617 -0.00115854 0.00298495 0.00269481 0.000277778 0.00322552 0.00279007 0.00234825 -0.00145455
internal_weight=898.187 52 846.187 40 806.187 234 81 572.187 153 53 537.187 431.14 359.14 54
internal_count=878 52 826 40 786 234 81 552 153 53 517 416 344 54
is_linear=0
shrinkage=0.05


Tree=547
num_leaves=15
num_cat=0
split_feature=5 9 16 9 1 0 2 3 10 0 3 3 8 8
split_gain=0.464149 0.787943 0.226962 0.309983 0.50773 0.705054 0.216391 0.130959 0.143313 0.401235 0.114727 0.27649 0.222365 0.587821
threshold=9.5338403103606275 -1.0000000180025095e-35 1.0000000180025095e-35 0.26092512978024796 15.218533807460242 14.376791297386331 13.258165646661659 13.858877152598263 0.96126169593831889 14.015221205518571 10.669553535678668 10.211480341792541 11.500000000000002 13.65
decision_type=2 2 2 2 2 2 2 2 2 2 2 2 10 10
left_child=2 -2 3 6 5 -5 -1 8 10 -10 11 12 -4 -14
right_child=1 -3 7 4 -6 -7 -8 -9 9 -11 -12 -13 13 -15
leaf_value=7.8457955588195227e-05 5.6923553906648457e-05 -0.0002773994843518754 0.00032847054119300109 3.7729073160291509e-05 0.00030424919643734754 -9.6175053574561664e-05 -0.00034440447078312297 -0.00018674776503560406 -0.0013771656387662626 0.00034637048431228096 0.0001039071329979337 -0.00058526394800760832 -0.0015214687714617823 3.7305178288368629e-05
leaf_weight=94 30 30 126.0933952331543 23 21 37 31 25 27 40 166 38 32 159.0933952331543
leaf_count=94 30 30 116 23 21 37 31 25 27 40 166 38 32 149
internal_value=0.00175637 -0.00245902 0.00206774 0.000628019 -0.00176829 -0.00409836 0.00218254 0.00254961 0.00270022 0.000514706 0.00297965 0.0024592 0.00294146 0.00185049
internal_weight=879.187 60 819.187 206 81 60 125 613.187 588.187 67 521.187 355.187 317.187 191.093
internal_count=859 60 799 206 81 60 125 593 568 67 501 335 297 181
is_linear=0
shrinkage=0.05


Tree=548
num_leaves=15
num_cat=0
split_feature=16 10 1 1 7 7 14 14 8 16 14 0 13 10
split_gain=0.315615 0.70516 0.771645 0.742115 0.506485 0.287113 0.233089 0.560542 0.296845 0.265684 0.178351 0.257251 0.177161 0.215294
threshold=1.0000000180025095e-35 1.0000000180025095e-35 14.968793885844095 12.147605239729323 6.0100000000000007 4.7500000000000009 3.0099926726498025 3.209305792510762 10.250000000000002 0.10701500000000001 7.2243390345951317 14.159144017181173 4.516393471399744 -0.96535657505894046
decision_type=2 2 2 2 2 2 2 2 8 2 2 2 10 2
left_child=1 3 4 -1 -3 -2 12 -8 9 -9 11 -10 13 -7
right_child=5 2 -4 -5 -6 6 7 8 10 -11 -12 -13 -14 -15
leaf_value=-0.00010211145088097675 -0.00032224914615985281 -0.00034623756944068688 -0.00022218071046138264 0.00010511695571637145 6.6755585594289836e-05 -4.4433183398321174e-05 -0.00010439923142435861 0.00018262655962743459 -1.0921536626767241e-05 -0.00034754594760447611 -0.00029455333863232902 0.00013449816321702845 -0.00041774985667105953 0.00030468505483916984
leaf_weight=23 35 21 25 112 44 43 22 33 44 25 26 113 27 294.18679046630859
leaf_count=23 35 21 25 112 44 43 22 33 44 25 26 113 27 274
internal_value=0.00172929 0.00011062 -0.0032967 0.00238971 -0.000378788 0.00227829 0.00252462 0.00138258 0.00208678 -0.00101695 0.00307065 0.00370253 0.00334331 0.00365459
internal_weight=887.187 225 90 135 65 662.187 627.187 263 241 58 183 157 364.187 337.187
internal_count=867 225 90 135 65 642 607 263 241 58 183 157 344 317
is_linear=0
shrinkage=0.05


Tree=549
num_leaves=15
num_cat=0
split_feature=15 7 0 0 13 3 9 3 14 3 1 0 14 14
split_gain=0.316448 0.428117 0.207298 0.602555 0.48494 0.364547 0.209187 0.241412 0.476043 0.33715 0.18174 0.581571 0.317889 0.727001
threshold=-1.7810499999999998 6.3500000000000005 14.80190508185021 14.455119669859839 3.4463505833758972 10.945865477765604 0.25671049665402418 8.8673564252635142 0.95536100695339576 13.476987410536259 14.010698359882447 13.902803250117413 0.36314288538083034 0.11421325523412328
decision_type=2 2 2 2 8 2 2 2 2 2 2 2 2 2
left_child=1 -1 3 10 5 -5 -4 8 -8 -9 12 -12 13 -2
right_child=2 -3 6 4 -6 -7 7 9 -10 -11 11 -13 -14 -15
leaf_value=0.00010830310039152128 8.0784667327696064e-05 -0.0001528735397508167 8.4162062655484992e-05 -0.00066162931188057275 1.6423053112598082e-05 -0.00017846029582784255 4.2994399981723715e-05 0.00027096826664104763 -5.1165639141651919e-05 -0.00027635749125722519 0.0036804367684065056 -0.00071715563097549692 0.00010338351169173496 -0.0044529658636119629
leaf_weight=24 90.093395233154297 26 252 22 33.046697616577148 23 37.046697616577148 125 20 27 22 21 166 25
leaf_count=24 80 26 252 22 28 23 32 125 20 27 22 21 166 25
internal_value=0.00187701 -0.00196078 0.00210132 0.00126681 -0.0026537 -0.00597826 0.0028249 0.0016436 -0.00111577 0.00267974 0.00221618 -0.000795454 0.00267807 0.000650054
internal_weight=913.187 50 863.187 402.14 78.0467 45 461.047 209.047 57.0467 152 324.093 43 281.093 115.093
internal_count=893 50 843 387 73 45 456 204 52 152 314 43 271 105
is_linear=0
shrinkage=0.05


Tree=550
num_leaves=15
num_cat=0
split_feature=5 14 1 3 0 1 0 0 5 1 1 1 13 7
split_gain=0.507273 0.987568 0.350712 0.311383 0.736483 0.175976 0.280059 0.412392 0.192587 0.191369 0.182854 0.307702 0.340683 0.606372
threshold=8.4353839539398141 5.730831149991312 15.430374933573537 13.097434168265339 15.748715777478411 15.690946814713453 16.289005259338573 16.508409224069531 4.0145535273098689 14.968793885844095 14.797105289752659 14.651402656218144 3.9561014979758524 5.7500000000000009
decision_type=2 2 2 2 2 2 2 2 2 2 2 2 10 2
left_child=3 -2 -3 5 -5 6 8 -8 10 -9 11 12 -1 -14
right_child=1 2 -4 4 -6 -7 7 9 -10 -11 -12 -13 13 -15
leaf_value=0.00011270929400985296 -0.0023249322205699369 0.0029876283410023813 -0.00013520031071950124 -0.00077283540755733601 5.7420651594028126e-05 0.00018843720029308297 -4.8607356494596576e-05 0.00047738771723443538 0.00064737380772282279 -0.0005068818567098111 0.00029562858400130232 -0.00053870362155053031 3.6744380335018965e-05 -8.3863840881179174e-05
leaf_weight=414.18679046630859 20 27 40 33 34 44 20 34 52 28 42 21 39.046697616577148 52
leaf_count=394 20 27 40 33 34 44 20 34 52 28 42 21 34 52
internal_value=0.00116637 -0.00244318 0.000514706 0.00155504 -0.00169118 0.00184837 0.00165118 -0.00108434 0.00201401 0.000952381 0.00174123 0.00148163 0.00173076 -0.00102955
internal_weight=900.233 87 67 813.233 67 746.233 702.233 82 620.233 62 568.233 526.233 505.233 91.0467
internal_count=875 87 67 788 67 721 677 82 595 62 543 501 480 86
is_linear=0
shrinkage=0.05


Tree=551
num_leaves=15
num_cat=0
split_feature=2 4 2 2 3 15 10 10 3 10 10 9 1 1
split_gain=0.531596 0.250969 0.474862 0.292012 0.282627 0.288763 0.195459 0.414563 0.463676 0.224786 0.218005 0.303523 0.433233 0.241582
threshold=15.579971033647992 11.92474704216828 14.634802059478714 13.621020949028514 12.469044565639642 -1.7810499999999998 -0.96535657505894046 -0.99085646505769021 9.6705788083499247 -0.83143795248747376 -0.37459232954469374 -0.70556075282125752 12.631510329845616 11.646432995679277
decision_type=2 2 2 2 2 2 2 2 2 2 2 2 2 2
left_child=1 4 3 -3 5 -1 7 -7 -9 -8 11 -11 -13 -12
right_child=-2 2 -4 -5 -6 6 9 8 -10 10 13 12 -14 -15
leaf_value=-0.00013143029911926772 -0.00065451785843561097 -5.8179680027548264e-06 7.1122156496449793e-05 -0.0059337471694288768 0.00019157001977957127 3.9230581204822607e-05 0.00026047593834158692 0.0005190850793603903 -0.00022963526246120374 -0.00023489814477123378 0.00019511471321727037 -7.5565787278308638e-05 0.00019631696005193339 9.6419098919048232e-05
leaf_weight=39 22 20 20 22 94 38 62 28 27 49 72.093395233154297 33.046697616577148 47 322.04669761657715
leaf_count=39 22 20 20 22 94 38 62 28 27 49 62 28 47 317
internal_value=0.00142374 0.00161972 -0.00142857 -0.0044186 0.00185417 0.00151205 0.00175347 -0.00037234 -0.003125 0.00209137 0.00174734 -3.66521e-05 0.00185367 0.00233006
internal_weight=895.187 873.187 62 42 811.187 717.187 678.187 93 55 585.187 523.187 129.047 80.0467 394.14
internal_count=875 853 62 42 791 697 658 93 55 565 503 124 75 379
is_linear=0
shrinkage=0.05


Tree=552
num_leaves=15
num_cat=0
split_feature=7 2 2 2 13 14 1 3 15 7 9 0 1 10
split_gain=0.541906 0.35507 0.379532 0.594726 0.790263 0.705422 0.817381 0.602205 0.315581 0.178304 0.165659 0.169918 0.282359 0.15198
threshold=7.7500000000000009 15.466584000163522 12.115537314248444 11.35266266907036 3.0588254485455386 1.3093101507937874 14.25664067995997 10.799053961497696 -1.3242799999999997 5.3500000000000005 -0.91527662686299338 11.918138070231437 10.135597600041464 0.9396121150393979
decision_type=2 2 2 2 10 2 2 2 2 2 2 2 2 2
left_child=1 2 3 10 -5 -6 7 -7 -4 -10 -1 12 -12 -11
right_child=-2 -3 8 4 5 6 -8 -9 9 13 11 -13 -14 -15
leaf_value=-0.0002463556141129433 -7.9421427503456474e-05 -0.00012259329148366947 -0.00054274538469956536 5.0246692226657654e-05 7.9825551292288732e-05 -0.00038584607519828599 -1.9983290209929027e-05 -0.00075691037449943869 -7.0617440381929347e-05 0.00026911752743590781 8.2511771076508169e-05 6.6732872988643991e-05 -2.1861269918502083e-05 -6.8398041520948253e-06
leaf_weight=42 29 20 29 52 23 22 22 20 29 250 26.046697616577148 280.14009284973145 20 37
leaf_count=42 29 20 29 52 23 22 22 20 29 250 21 265 20 37
internal_value=0.00144752 0.00167311 0.00182953 0.000956211 -0.00182143 -0.00471591 -0.00738462 -0.0113953 0.00310694 0.00356467 0.00200694 0.00238681 -0.000420146 0.00394097
internal_weight=901.187 872.187 852.187 507.187 139 87 64 42 345 316 368.187 326.187 46.0467 287
internal_count=881 852 832 487 139 87 64 42 345 316 348 306 41 287
is_linear=0
shrinkage=0.05


Tree=553
num_leaves=15
num_cat=0
split_feature=13 13 4 2 2 5 8 13 15 14 8 8 13 10
split_gain=0.246908 0.244042 0.284749 0.22265 0.877296 0.438688 0.328947 0.388187 0.680124 0.288036 0.212656 0.348986 0.277183 0.176321
threshold=3.094662338278956 2.9940036570363189 8.5095070156779453 10.925384884878442 10.707146935600546 2.787026683990709 10.250000000000002 3.6343809878543185 -0.11977499999999999 0.016972120384571798 22.470000000000002 17.050000000000004 2.2711502604392559 1.0000000180025095e-35
decision_type=8 10 2 2 2 2 10 10 2 2 8 10 10 2
left_child=1 10 -3 4 5 9 7 -5 -9 -2 11 12 -1 -12
right_child=3 2 -4 6 -6 -7 -8 8 -10 -11 13 -13 -14 -15
leaf_value=-0.0013012796716634018 -8.65475536095168e-05 -2.63379100933297e-05 -0.0010770661131757312 0.00025493874209050506 -0.00083002324247946993 -3.0150114903168812e-05 0.00016473353570401692 0.0006675578013747445 -0.0050849344876030197 0.00060081152964849762 4.1434915462725662e-05 -0.00043264150735071861 0.00012318755616488926 0.00018214169686712041
leaf_weight=22 31 24 20 33 22 20 298.0933952331543 40 27 138.0933952331543 46 23 91 51
leaf_count=22 31 24 20 33 22 20 288 40 27 128 46 23 91 51
internal_value=0.00172561 0.000485612 -0.00288889 0.00228772 0.000968757 0.00208038 0.00298293 0.00049505 -0.00169118 0.00291291 0.00113248 -0.000145985 0.00100877 0.00290816
internal_weight=886.187 277 44 609.187 211.093 189.093 398.093 100 67 169.093 233 136 113 97
internal_count=866 277 44 589 201 179 388 100 67 159 233 136 113 97
is_linear=0
shrinkage=0.05


Tree=554
num_leaves=15
num_cat=0
split_feature=7 2 4 8 10 3 3 10 16 10 7 9 8 7
split_gain=0.388234 0.293635 0.33261 0.244399 0.36724 0.473473 1.10719 0.33272 0.332058 1.25005 0.303205 0.295524 0.375321 0.22313
threshold=7.7500000000000009 15.466584000163522 10.828407860445482 11.950000000000001 -0.94325749556434169 10.402791739036198 8.5604789915672566 -0.83143795248747376 1.0000000180025095e-35 0.70090259214882411 6.3500000000000005 -0.86046863722869238 16.050000000000004 5.5500000000000007
decision_type=2 2 2 10 2 2 2 2 2 2 2 2 10 2
left_child=1 2 3 13 5 6 -5 -6 9 10 -9 12 -10 -1
right_child=-2 -3 -4 4 7 -7 -8 8 11 -11 -12 -13 -14 -15
leaf_value=-1.7753834259517159e-06 -9.1643583474375074e-05 -0.00012201241469636532 0.00015317400712289869 1.726783916006047e-05 5.9683498978014544e-05 4.3462655054653043e-05 -0.00014002150296626409 7.936497655330695e-05 -0.0011301393393630787 -0.00027823099534983567 -5.8640168769267199e-05 7.9705143124837757e-05 3.0966391987121454e-05 0.00028278948383710713
leaf_weight=86.046697616577148 25 21 112 26 49 24 20 32 20 23 37 232.0933952331543 39 167.04669761657715
leaf_count=81 25 21 112 26 49 24 20 32 20 23 37 222 39 162
internal_value=0.00122068 0.00139558 0.00153876 0.00115836 0.000517731 -0.0028169 -0.00574468 0.0010632 0.000560976 -0.00204301 0.00135714 0.00138814 -0.00175 0.00242221
internal_weight=913.187 888.187 867.187 755.187 502.093 70 46 432.093 383.093 92 69 291.093 59 253.093
internal_count=893 868 847 735 492 70 46 422 373 92 69 281 59 243
is_linear=0
shrinkage=0.05


Tree=555
num_leaves=15
num_cat=0
split_feature=15 9 0 15 4 7 0 0 5 9 10 0 2 14
split_gain=0.388478 0.312036 0.437383 0.418006 0.244992 0.439437 0.146391 0.181743 0.251279 0.171558 0.203159 0.163138 0.189384 0.640713
threshold=-1.0523449999999996 -0.2079097116483111 15.25892845892823 -1.3495649999999999 9.7642649786223732 6.7500000000000009 11.918138070231437 14.504858781096404 5.0672599526352888 -0.89493436160202511 0.96126169593831889 17.086217919199328 13.009490627159357 4.4137246756131807
decision_type=2 2 2 2 2 2 2 2 2 2 2 2 2 2
left_child=1 2 3 -1 5 -3 -2 9 11 -8 -11 12 -9 -14
right_child=6 4 -4 -5 -6 -7 7 8 -10 10 -12 -13 13 -15
leaf_value=-0.00011128030848064422 -2.804130590600566e-06 0.00031335733436683348 3.5174327751417415e-05 -0.00010411068347689154 0.00014904391511482524 -0.00013449978244137604 -0.0001560884731951677 7.8520947773510742e-05 0.00012082753221765048 0.00042350006208695168 -0.00024612875138841554 0.0001034175841606847 -0.00017031727898391392 0.00022329340447236709
leaf_weight=20 35 45.046697616577148 33 27 37 23 32 232.04669761657715 87 169.0933952331543 36 30 36 47
leaf_count=20 35 40 33 27 37 23 32 227 87 159 36 30 36 47
internal_value=0.00190514 -0.00013312 -0.00246914 -0.00552083 0.00165242 -0.000141448 0.00244023 0.00260498 0.00198647 0.00371899 0.00424791 0.00137332 0.00102907 -0.0010119
internal_weight=889.187 185.047 80 47 105.047 68.0467 704.14 669.14 432.047 237.093 205.093 345.047 315.047 83
internal_count=869 180 80 47 100 63 689 654 427 227 195 340 310 83
is_linear=0
shrinkage=0.05


Tree=556
num_leaves=15
num_cat=0
split_feature=2 3 15 2 3 1 0 16 15 0 1 8 10 2
split_gain=0.609077 0.426402 0.390254 0.577584 0.386468 0.306261 0.518451 0.294518 0.315797 0.372218 0.552777 0.538745 0.216647 0.847188
threshold=15.579971033647992 10.686057322204698 -1.2619349999999996 13.009490627159357 10.539482179169886 13.948910901175131 14.609368405666592 -1.4512249999999998 0.66927500000000018 13.61782393874296 13.161978831478747 14.450000000000001 -0.49052240080021109 10.516169125304655
decision_type=2 2 2 2 2 2 2 2 2 2 2 10 2 2
left_child=1 4 3 -3 7 6 -4 -1 12 -10 -11 -12 13 -9
right_child=-2 2 5 -5 -6 -7 -8 8 9 10 11 -13 -14 -15
leaf_value=-0.00012252697101502097 -0.00049127930904127105 0.0004043888218995212 0.00013336539149704107 -0.00027402239166328521 -0.001681572730699947 0.00018643615563115605 -0.00020732787335518653 -7.014275528450812e-05 -0.00089938001248189537 0.017000179662860566 0.00011627680162236474 -5.2069103752851741e-05 0.00013094056563321579 4.7295020438772948e-05
leaf_weight=27 20 26 49 35 23 196 25 60 26 37.046697616577148 20 21 214.0933952331543 80
leaf_count=27 20 26 49 35 23 196 25 60 26 32 20 21 204 80
internal_value=0.00127386 0.00148273 0.00287651 -0.000725806 0.000570964 0.00369004 0.000933333 0.000875675 0.00117764 -0.00123532 0.000508984 -0.00345238 0.00188814 0.00035461
internal_weight=859.14 839.14 331 61 508.14 270 74 485.14 458.14 104.047 78.0467 41 354.093 140
internal_count=844 824 331 61 493 270 74 470 443 99 73 41 344 140
is_linear=0
shrinkage=0.05


Tree=557
num_leaves=15
num_cat=0
split_feature=15 14 4 10 3 2 15 13 10 9 2 3 14 10
split_gain=0.420941 0.556159 0.569319 0.360347 0.502045 0.596025 0.259285 0.733308 0.155448 0.320104 0.695088 0.247464 0.278864 0.289116
threshold=-1.3242799999999997 4.2890227835308243 3.2672576590843554 -0.9025766923884776 9.6705788083499247 12.553593453303575 1.0381650000000002 3.2755723530519245 0.85713466239780911 0.087148275903737818 13.009490627159357 12.381093372763162 4.8215040091825498 -0.2397582400620111
decision_type=2 2 2 2 2 2 2 10 2 2 2 2 2 2
left_child=1 2 -1 4 -2 -6 8 -8 11 -10 -11 -5 -13 -14
right_child=3 -3 -4 6 5 -7 7 -9 9 10 -12 12 13 -15
leaf_value=-4.8090708842046267e-05 0.00035714830973322318 -0.0011520692951794427 0.00079450647277294346 0.00010988406758612247 -0.00052135218341596687 1.9841853257951461e-07 -0.0010737526642136685 0.00091734793336910596 4.0862877776313464e-05 9.9778500838649097e-05 -0.00072007119727066635 -0.00031061780624909332 -0.00040325220605784526 0.00040354735528051245
leaf_weight=39 58 21 34 362.0933952331543 27 33 29 51.046697616577148 81 48.046697616577148 21 21 42 42
leaf_count=39 58 21 34 352 27 33 29 46 81 43 21 21 42 42
internal_value=0.00125901 -0.00189474 0.000202703 0.00162455 -0.00092437 -0.00409836 0.00205666 -0.000614047 0.0024035 0.000994616 -0.00149567 0.00285299 0.000707547 0.002
internal_weight=909.187 94 73 815.187 118 60 697.187 80.0467 617.14 150.047 69.0467 467.093 105 84
internal_count=889 94 73 795 118 60 677 75 602 145 64 457 105 84
is_linear=0
shrinkage=0.05


Tree=558
num_leaves=15
num_cat=0
split_feature=2 14 9 7 1 14 7 15 8 14 8 8 15 8
split_gain=0.393443 0.635607 0.465125 0.391539 0.380952 0.347152 0.258749 0.232628 0.252857 0.335525 0.214356 0.213705 0.143854 0.139533
threshold=9.8842529249018813 0.11421325523412328 0.26092512978024796 6.2500000000000009 12.661806857947289 7.863461974206948 4.7500000000000009 -1.1068949999999997 17.750000000000004 3.181825292473111 10.950000000000001 34.900000000000006 -0.44686499999999996 21.100000000000005
decision_type=2 2 2 2 2 2 2 2 10 2 10 10 2 8
left_child=1 3 4 6 -3 7 -1 8 10 -10 -2 -11 -9 -14
right_child=5 2 -4 -5 -6 -7 -8 12 9 11 -12 -13 13 -15
leaf_value=-0.00030670274360243479 -8.4168328154050643e-05 0.00057123299865094164 -0.00081664178936677757 -9.1723695091894811e-05 -0.0011194923351609488 -5.8345861651679719e-05 0.0013721223576528099 9.7050783815964554e-05 -8.0294619765111181e-05 -0.0012051818215746807 0.00040664151217948265 8.9840017845479984e-05 3.8402795431822056e-05 8.6362430869726261e-05
leaf_weight=25 25 20 39 22 20 22 69.140092849731445 162.04669761657715 27 20 40.046697616577148 20 264 140
leaf_count=25 25 20 39 22 20 22 54 157 27 20 35 20 264 140
internal_value=0.00161113 -0.000378808 -0.0038125 0.00196944 1.81721e-10 0.00215016 0.00337082 0.00234656 0.000452725 -0.00169118 0.00265318 0.00121951 0.00278678 0.00227161
internal_weight=915.233 195.14 79 116.14 40 720.093 94.1401 698.093 132.047 67 65.0467 40 566.047 404
internal_count=890 180 79 101 40 710 79 688 127 67 60 40 561 404
is_linear=0
shrinkage=0.05


Tree=559
num_leaves=15
num_cat=0
split_feature=2 1 2 16 8 13 13 10 0 0 9 0 7 8
split_gain=0.523164 0.353038 0.6597 0.323502 0.309999 0.302942 0.542591 0.751352 0.422686 0.517144 0.433063 0.293006 0.422789 0.261805
threshold=15.579971033647992 14.208289289035511 13.258165646661659 -0.84618999999999989 50.70000000000001 3.5569021725796435 3.4104915591470446 0.13052619222005152 12.657179985727591 11.602223360057605 -0.80246366112812384 14.832976994793107 5.7500000000000009 29.150000000000002
decision_type=2 2 2 2 10 10 8 2 2 2 2 2 2 10
left_child=1 2 3 -1 -3 6 8 -8 9 -5 -10 -12 -13 -7
right_child=-2 4 -4 5 -6 13 7 -9 10 -11 11 12 -14 -15
leaf_value=-9.8129439282660996e-05 -0.00037058707886680921 7.9954584172202867e-05 -0.00061777008282088612 2.7311137467380384e-05 -0.00013314402225026538 0.0002547000581681153 -0.00065496309203179792 0.00031978101918493038 -0.00047557511767272448 -0.0012665229379767119 0.005310484821371083 -3.8784466867172485e-05 0.0001729494046599994 -1.5195205081594308e-05
leaf_weight=27 22 332 24 21 27 148.14009284973145 26 21.046697616577148 31 22 105 28 27 47
leaf_count=27 22 332 24 21 27 133 26 16 31 22 105 28 27 47
internal_value=0.00136488 0.00155653 0.000730677 0.00112247 0.00276389 0.00142698 0.000373107 -0.00446995 0.0013617 -0.00306818 0.00236979 0.00341615 0.000446429 0.00293515
internal_weight=908.187 886.187 527.187 503.187 359 476.187 281.047 47.0467 234 43 191 160 55 195.14
internal_count=888 866 507 483 359 456 276 42 234 43 191 160 55 180
is_linear=0
shrinkage=0.05


Tree=560
num_leaves=15
num_cat=0
split_feature=1 1 7 15 7 7 2 14 14 13 9 2 2 2
split_gain=0.414906 0.626631 0.309954 0.385881 0.284343 0.640528 0.270086 0.705213 0.303021 0.250391 0.230264 0.379997 0.631373 0.211945
threshold=14.208289289035511 14.010698359882447 5.5500000000000007 -0.72587999999999997 6.5500000000000007 6.7500000000000009 10.925384884878442 0.11421325523412328 0.013506875139370347 2.6600494875419574 -0.14349125604483759 11.73853988124962 10.327260108516565 12.598350357459102
decision_type=2 2 2 2 2 2 2 2 2 10 2 2 2 2
left_child=1 2 3 -1 -2 -6 7 8 -5 -4 11 12 -11 -7
right_child=4 -3 9 6 5 13 -8 -9 -10 10 -12 -13 -14 -15
leaf_value=-0.00021555299876826182 9.6280692811740221e-05 -0.00033681245059875972 -0.00021921028520028457 -7.8443980495572762e-05 -0.00021195657753800284 -8.6571286172147524e-05 8.7153869851369886e-05 -0.00097440346049128062 0.00042380198024369201 0.00011274356982982782 0.0001262620560674734 0.0003750523684569092 -0.0009385517592886268 0.00011353200064856976
leaf_weight=26 215 30 35 29.046697616577148 35 22 40 39 38.093395233154297 32 168.04669761657715 32 35 108
leaf_count=26 215 30 35 24 35 22 40 39 28 32 163 32 35 108
internal_value=0.0013793 0.000437331 0.000885829 -0.000804548 0.00262467 0.00105422 0.000208648 -0.00111349 0.00199149 0.00184867 0.00236986 0.00045 -0.00169118 0.00267176
internal_weight=884.187 504.187 474.187 172.14 380 165 146.14 106.14 67.1401 302.047 267.047 99 67 130
internal_count=864 484 454 157 380 165 131 91 52 297 262 99 67 130
is_linear=0
shrinkage=0.05


Tree=561
num_leaves=15
num_cat=0
split_feature=0 0 13 1 3 10 10 13 2 1 0 4 2 1
split_gain=0.479195 0.541775 0.290289 0.489201 0.52379 0.288072 0.482805 0.312954 0.505282 0.49877 0.224714 0.579753 0.4928 0.205835
threshold=14.759568215742057 14.609368405666592 2.8808251908896749 11.736380176763509 10.632482925778287 0.89783339391592787 0.96648588260150581 3.2406484995752725 14.298816372501159 13.252721673455397 13.303345755345559 6.6929615404479659 12.022223384657641 13.154072050558062
decision_type=2 2 10 2 2 2 2 10 2 2 2 2 2 2
left_child=1 2 3 -1 -5 7 -7 8 9 -2 -4 13 -13 -12
right_child=5 -3 10 4 -6 6 -8 -9 -10 -11 11 12 -14 -15
leaf_value=5.231802289992759e-05 -0.00054710479953281146 -0.0004052988281758331 5.1844264891143878e-05 -0.00034374158660256497 6.7323280118324091e-05 -2.217562030177938e-05 2.3844088677282501e-05 0.00024282076910230187 -0.0010540647457397561 3.731296114726548e-05 4.7828766652223588e-06 3.5483005859178464e-05 -0.0017334379196056963 0.0003030576889652275
leaf_weight=20 20 38.046697616577148 131.04669761657715 28 32 38 24 245.04669761657715 24 138 80.046697616577148 24 24 43
leaf_count=20 20 33 126 28 32 38 24 240 24 138 75 24 24 43
internal_value=0.00147874 0.000239114 0.000810421 -0.00185185 -0.00409836 0.00254105 -0.00063492 0.00300255 0.00142077 0.00245283 0.00151922 0.000321038 -0.00428571 0.00213817
internal_weight=909.187 420.14 382.093 80 60 489.047 62 427.047 182 158 302.093 171.047 48 123.047
internal_count=889 405 372 80 60 484 62 422 182 158 292 166 48 118
is_linear=0
shrinkage=0.05


Tree=562
num_leaves=15
num_cat=0
split_feature=8 14 8 13 10 15 10 8 16 5 3 3 10 13
split_gain=0.327184 0.699415 0.298506 0.351865 0.199929 0.238571 0.199563 0.449454 0.415951 0.305574 0.25951 0.254957 0.169518 0.144149
threshold=11.500000000000002 0.013506875139370347 12.65 3.2912581272669157 0.96126169593831889 -1.7810499999999998 -0.96535657505894046 16.650000000000002 1.0000000180025095e-35 2.787026683990709 11.760196225864386 12.306661339495072 0.074102141141256975 3.2912581272669157
decision_type=10 2 10 10 2 2 2 10 2 2 2 2 2 8
left_child=4 -2 3 -3 5 -1 7 -4 9 11 -9 12 -8 -10
right_child=1 2 6 -5 -6 -7 8 10 13 -11 -12 -13 -14 -15
leaf_value=-2.6412834809770994e-05 -0.00012483286929700248 -0.00080129316933769286 -0.00029576428382044486 3.4567850429197918e-05 -0.0012386766934388968 0.00021532243738625219 1.02522404096668e-05 0.00061043955655434314 7.9992520635701559e-05 1.2559033477000029e-05 -1.0177808297668069e-05 -0.00081445547439108106 -6.0641206888010397e-06 0.00020537587177253
leaf_weight=24 31 20 21 28 24 248.0933952331543 29 30 170 23 20 35 36 174.0933952331543
leaf_count=24 31 20 21 28 24 238 29 30 170 23 20 35 36 164
internal_value=0.00176762 0.001109 0.00149971 -0.0022449 0.0031319 0.00351699 0.00183728 -0.000625 0.00221209 -0.000282258 0.00196078 -0.00148515 0.000378788 0.00310196
internal_weight=913.187 617.093 586.093 48 296.093 272.093 538.093 71 467.093 123 50 100 65 344.093
internal_count=893 607 576 48 286 262 528 71 457 123 50 100 65 334
is_linear=0
shrinkage=0.05


Tree=563
num_leaves=15
num_cat=0
split_feature=0 5 13 7 0 0 4 0 9 9 13 14 2 16
split_gain=0.508234 0.279563 0.272595 0.637508 0.539712 0.971317 0.805364 0.589369 0.800058 0.410566 0.301181 0.692406 0.274353 0.270589
threshold=15.960627720816442 8.6963666640987309 3.5815589191851385 5.4500000000000011 13.902803250117413 14.759568215742057 5.7015566945688514 15.163217787822541 -0.5 -0.26092512978024823 4.2213565905370141 0.68403410330662517 9.0965767664003732 -0.84618999999999989
decision_type=2 2 10 2 2 2 2 2 2 2 10 2 2 2
left_child=1 2 3 -1 12 6 -6 -7 -9 -8 -4 -12 -5 -2
right_child=13 -3 10 4 5 7 9 8 -10 -11 11 -13 -14 -15
leaf_value=7.9729729015740402e-05 -2.5260935707707516e-05 6.6175065695687655e-05 9.013402267214483e-05 -0.0039758740574224261 -0.00094965819871618373 0.0012382655686907994 -0.00043049034038090131 0.00012312303101649105 -0.00033645563063660066 3.7768163344589165e-05 -7.0605064495125297e-05 7.17629644109607e-05 0.00022199475005245294 0.00024007469704171076
leaf_weight=114 22 38 173.0933952331543 24 28 37 22 21 41 25 29.046697616577148 60 72 209
leaf_count=114 22 38 163 24 28 37 22 21 41 25 24 60 72 209
internal_value=0.00144705 0.000759991 0.000511019 -0.000337662 -0.00166052 -0.00331429 -0.00756579 -4.99998e-05 -0.00301587 -0.0034375 0.00175078 -0.000608201 0.00134021 0.00346983
internal_weight=915.14 684.14 646.14 384 270 174 75 99 62 47 262.14 89.0467 96 231
internal_count=900 669 631 384 270 174 75 99 62 47 247 84 96 231
is_linear=0
shrinkage=0.05


Tree=564
num_leaves=15
num_cat=0
split_feature=0 14 13 1 10 9 0 9 9 0 1 1 1 13
split_gain=0.418926 0.369004 0.26581 0.433566 0.405822 0.561885 0.336761 0.414979 0.434739 0.45476 0.308566 0.464539 0.516064 0.429012
threshold=12.576561026050358 0.02092948555230718 3.1339001270843778 15.218533807460242 0.89783339391592787 0.25671049665402418 14.145111776135662 -0.63101285980617694 0.86382728211298232 15.149169516461955 13.512443201419904 12.399207883348884 12.726727415236329 3.5569021725796435
decision_type=2 2 8 2 2 2 2 2 2 2 2 2 2 8
left_child=-1 -2 3 6 10 -6 -3 -8 9 -9 11 -4 -13 -14
right_child=1 2 4 -5 5 -7 7 8 -10 -11 -12 12 13 -15
leaf_value=0.00019896644201667071 -0.00010287373685365867 0.0019835214822576351 0.00067694568067151045 9.8943272623289156e-05 1.3566144670961771e-05 -0.00082322841697407339 -0.00036387021149517584 0.0012049288869094663 -0.00018473561661724229 -0.00041296660545599791 0.00012904183577167841 -0.0008474518228980051 -5.0768531846354072e-05 6.1909374081592708e-05
leaf_weight=105.0933952331543 33 53 63.093395233154297 67 46 23 37 37 20 38 264 23 27 44
leaf_count=95 33 53 53 67 46 23 37 37 20 38 264 23 27 44
internal_value=0.00153308 0.00112804 0.00135981 3.95259e-05 0.00203722 -0.0015 -0.00120968 -0.00255639 -0.00078125 0.000986842 0.00261901 0.00085688 -0.00136842 0.000763889
internal_weight=880.187 775.093 742.093 252 490.093 69 185 132 95 75 421.093 157.093 94 71
internal_count=860 765 732 252 480 69 185 132 95 75 411 147 94 71
is_linear=0
shrinkage=0.05


Tree=565
num_leaves=15
num_cat=0
split_feature=0 4 3 13 0 16 15 8 13 14 13 14 14 2
split_gain=0.435329 0.373894 0.476202 0.249442 0.47491 0.408561 0.339489 0.382035 0.699181 0.531842 0.299094 0.442935 0.280127 0.244037
threshold=15.241845638203143 11.002206928624593 12.717690930697911 3.5815589191851385 11.81295623839134 1.0000000180025095e-35 -0.78533999999999993 17.955000000000002 3.0173076496044242 3.5384644663809381 4.1966559783960333 0.83985702679617391 1.7583073505145361 10.833261548174768
decision_type=2 2 2 8 2 2 2 10 10 2 10 2 2 2
left_child=1 2 3 4 -1 -6 -7 8 -8 -9 13 -12 -10 -5
right_child=-2 -3 -4 10 5 6 7 9 12 -11 11 -13 -14 -15
leaf_value=0.00019934941553458797 3.3194187085197405e-05 0.00039438217680961565 -0.00045229310132374739 0.00017485869681448026 0.0051316333040158715 -0.00021836770271033007 0.0062506864123963975 0.00051605908045219626 -0.00055757784522905229 -0.00069899762665759011 -4.1365681406186949e-05 7.3456136597983124e-05 -0.00043954178902754458 3.223286842724134e-06
leaf_weight=36 374 46 20 80.140092849731445 37 23.046697616577148 41 64 32 24 28.046697616577148 29 20 58
leaf_count=36 374 46 20 65 37 18 41 64 32 24 23 29 20 58
internal_value=0.00154524 0.00063269 0.000225385 0.000551879 -0.00041276 -0.00121781 -0.00209594 -0.00134615 -0.00356383 0.00101124 0.0019162 -0.00111577 -0.00735849 0.00316731
internal_weight=912.233 538.233 492.233 472.233 277.047 241.047 204.047 181 93 88 195.187 57.0467 52 138.14
internal_count=887 513 467 447 272 236 199 181 93 88 175 52 52 123
is_linear=0
shrinkage=0.05


Tree=566
num_leaves=15
num_cat=0
split_feature=15 13 13 0 2 5 13 8 0 2 0 4 1 8
split_gain=0.323866 0.418962 0.376647 0.371659 0.609893 0.423655 0.275816 0.381388 0.25901 0.409256 0.573874 0.255623 0.247985 0.22869
threshold=-0.49454499999999996 4.2213565905370141 4.5059246727066791 15.241845638203143 13.303708650551073 7.0715530962182145 3.1233910917821626 13.250000000000002 12.99662366452964 11.65824633693274 13.74655040117784 4.0766389064824349 14.762025559384943 17.955000000000002
decision_type=2 10 10 2 2 2 8 10 2 2 2 2 2 10
left_child=1 -1 -3 4 5 8 7 12 -2 10 -10 13 -5 -12
right_child=3 2 -4 6 -6 -7 -8 -9 9 -11 11 -13 -14 -15
leaf_value=4.1739901811718889e-05 0.00013006225828450225 -3.6714801139676979e-05 0.00049435362387095544 -0.00075424362394525607 -0.00046671058629701111 -0.00037171078239300144 0.00012823357969202342 1.517491878883414e-05 -0.00044029874613321271 0.00014710723885209563 0.00042229062541889947 -0.00045342396869503326 4.095330501738411e-09 -0.0001142827024481522
leaf_weight=251.04669761657715 71.093395233154297 31 68.046697616577148 20 34 22 129 53 32 62 48 29 22 20
leaf_count=246 61 31 63 20 34 22 129 53 32 62 48 29 22 20
internal_value=0.00152368 0.00270716 -4.76427e-05 0.000755795 -0.000343263 0.000422553 0.00231111 0.000260417 0.000990017 2.60419e-05 -0.00157692 0.000357143 -0.00325581 0.00202899
internal_weight=892.187 350.093 99.0467 542.093 318.093 284.093 224 95 262.093 191 129 97 42 68
internal_count=872 340 94 532 308 274 224 95 252 191 129 97 42 68
is_linear=0
shrinkage=0.05


Tree=567
num_leaves=15
num_cat=0
split_feature=13 2 13 14 13 1 2 4 0 1 4 0 0 8
split_gain=0.416699 0.445397 0.356433 0.326128 0.49312 0.392717 0.390662 0.306481 0.367599 0.74854 0.41156 0.457157 0.655496 0.255997
threshold=4.1966559783960333 8.369271549049996 3.6685709561006159 4.7209182037664617 4.516393471399744 14.422245486766991 11.210599421575576 10.155977471300586 15.166994508255074 14.27989329915639 4.0766389064824349 12.99662366452964 14.625529914404526 20.250000000000004
decision_type=8 2 10 2 10 2 2 2 2 2 2 2 2 10
left_child=2 -2 7 5 -5 6 -3 8 9 10 -1 -12 13 -13
right_child=1 3 -4 4 -6 -7 -8 -9 -10 -11 11 12 -14 -15
leaf_value=7.9822029611453964e-05 -8.3298237489034461e-05 0.00017389864646125898 0.0001091999759666161 -0.00033084603016309347 0.0077050483916897214 0.00055299047166035818 -0.00040721297583236582 0.0001978086910710204 4.0772247222400431e-05 -0.00054490660559170672 3.6118866736439289e-05 -0.00040191037835405707 6.8256164343410928e-05 -0.00044696830402450789
leaf_weight=175 25 25 167.0933952331543 22 20 52 22.046697616577148 119 160 32 29 20 22 22
leaf_count=175 25 25 157 22 20 52 17 119 160 32 29 20 22 22
internal_value=0.00154489 -0.000716964 0.00204856 0.000388841 -0.00325581 0.00195142 -0.00134799 0.0014569 0.000867679 -0.000166113 0.00070632 -0.00196808 -0.00430769 -0.00790698
internal_weight=912.14 166.047 746.093 141.047 42 99.0467 47.0467 579 460 300 268 93 64 42
internal_count=897 161 736 136 42 94 42 579 460 300 268 93 64 42
is_linear=0
shrinkage=0.05


Tree=568
num_leaves=15
num_cat=0
split_feature=8 2 13 8 8 13 7 0 7 7 13 10 15 13
split_gain=0.377171 0.662718 0.351805 0.607605 0.530556 0.363171 0.478081 0.26995 0.236294 0.708131 0.222658 0.219255 0.252737 0.213431
threshold=11.500000000000002 5.3217531957214383 3.2555640719596006 39.95000000000001 12.718000000000002 2.9495956306875488 6.4500000000000011 14.891758960504887 5.8500000000000005 5.4500000000000011 4.3957595904073594 -0.62758608479379874 -0.94165999999999983 2.6751386027824413
decision_type=10 2 8 10 10 10 2 2 2 2 10 2 2 8
left_child=10 -2 3 4 -3 -6 7 -7 9 -4 13 12 -10 -1
right_child=1 2 8 -5 5 6 -8 -9 11 -11 -12 -13 -14 -15
leaf_value=4.1966895416231148e-06 -3.819783003913975e-05 -0.0014883069518530452 8.9700484682578792e-05 -0.00022279598420975514 8.206573311915556e-05 0.0039707985657073718 -0.0016299153588604808 -0.00020427456091554356 -0.00063402549479947697 -0.00039654550479623866 -3.7966995425229551e-05 0.000150666954497176 6.9762586771061631e-05 0.00035631938790671821
leaf_weight=41 37 21 61.046697616577148 35 106 33 33 20 24 32 34.046697616577148 146 50 216.04669761657715
leaf_count=41 37 21 56 35 106 33 33 20 24 32 29 146 50 211
internal_value=0.00145561 0.00073489 0.0011658 -0.000240964 0.000771028 0.00160622 -0.000804597 0.00212963 0.00227748 0.000161978 0.00292874 0.00316742 0.000933333 0.00343052
internal_weight=889.14 598.047 561.047 248 213 192 86 53 313.047 93.0467 291.093 220 74 257.047
internal_count=874 593 556 248 213 192 86 53 308 88 281 220 74 252
is_linear=0
shrinkage=0.05


Tree=569
num_leaves=15
num_cat=0
split_feature=4 9 9 5 8 7 9 8 15 14 1 7 7 1
split_gain=0.291838 0.379802 0.507844 0.423886 0.371661 0.2896 0.241807 0.218999 0.5952 0.315762 0.356338 0.363601 0.456439 0.372679
threshold=10.155977471300586 0.86819054986216926 0.86382728211298232 7.0341670346143408 14.950000000000001 5.3500000000000005 0.90444653569325539 5.8550000000000013 0.17533000000000001 0.011789636016720442 11.910017769753924 5.8500000000000005 5.0500000000000007 13.187645436640045
decision_type=2 2 2 2 10 2 2 10 2 2 2 2 2 2
left_child=1 2 3 7 -4 -3 -2 8 -1 -9 -11 12 -12 -14
right_child=6 5 4 -5 -6 -7 -8 9 -10 10 11 -13 13 -15
leaf_value=0.00035617005096577625 7.4393116807747249e-05 -0.00023071967577797524 -0.00030629730863077943 -0.0014055127752210289 -0.00012965918848827177 0.00011302116213152273 -0.0048072128707084731 -5.7007170631559837e-05 -0.0013341920890579189 0.00037405317367699033 0.001113688881344191 0.0001260155373036764 -0.00069561692676679918 -4.849940399261498e-05
leaf_weight=27 152 24.046697616577148 20 23 20 89.093395233154297 23 29 23 75.046697616577148 46 210 35 103
leaf_count=27 152 19 20 23 20 79 23 29 23 70 46 210 35 103
internal_value=0.00143963 0.000994136 0.00049871 0.000883203 -0.00487805 0.00364202 0.00326705 0.00116608 -0.00196078 0.0014833 0.00179819 0.00118987 -0.000432432 -0.0018705
internal_weight=899.187 724.187 611.047 571.047 40 113.14 175 548.047 50 498.047 469.047 394 184 138
internal_count=879 704 606 566 40 98 175 543 50 493 464 394 184 138
is_linear=0
shrinkage=0.05


Tree=570
num_leaves=15
num_cat=0
split_feature=8 15 10 7 7 2 14 7 10 7 9 15 9 2
split_gain=0.306903 0.501976 0.665836 0.665523 0.307301 0.239429 0.546152 0.521653 0.232863 0.188406 0.378422 0.391785 0.297831 0.218813
threshold=28.650000000000002 -0.67852499999999993 -0.0043632677491870896 6.9500000000000011 7.0500000000000007 9.8842529249018813 0.11421325523412328 6.1500000000000012 0.85713466239780911 6.5500000000000007 0.76463845645075346 -0.94026999999999983 -0.9263445426916056 13.303708650551073
decision_type=10 2 2 2 2 2 2 2 2 2 2 2 2 2
left_child=5 2 3 -2 -4 6 -1 -8 -3 12 11 -11 -7 -14
right_child=1 8 4 -5 -6 9 7 -9 -10 10 -12 -13 13 -15
leaf_value=0.00014627300094888928 -0.0003979023964141804 9.8820342444443318e-05 6.557465501851586e-05 -1.7708708263694345e-07 -9.1871722505619367e-05 -5.8025909400329971e-05 -0.00099057824144873643 0.00044170997148939488 -5.1247964500274296e-06 -0.00020882056369192338 -0.00021926203062043082 0.00020376172859494824 0.00012032474646924798 -1.7403846848565833e-05
leaf_weight=75.093395233154297 30 78 28 21 26 30 37 22 31 24 35 92 285.0933952331543 59
leaf_count=65 30 78 28 21 26 30 37 22 31 24 35 92 275 59
internal_value=0.00150532 -0.000139535 -0.00259434 -0.00663462 0.00127273 0.00203872 0.000151503 -0.00341667 0.00222727 0.00251945 0.00101974 0.00239316 0.00312047 0.00353663
internal_weight=873.187 214 105 51 54 659.187 134.093 59 109 525.093 151 116 374.093 344.093
internal_count=853 214 105 51 54 639 124 59 109 515 151 116 364 334
is_linear=0
shrinkage=0.05


Tree=571
num_leaves=15
num_cat=0
split_feature=13 10 13 13 1 1 1 3 7 3 2 10 3 13
split_gain=0.40428 0.591813 0.500243 0.383849 0.420951 0.305799 0.267924 0.421849 0.438052 0.495501 0.241416 0.311183 0.214524 0.183902
threshold=3.094662338278956 0.59827334065059656 3.0173076496044242 4.3957595904073594 15.442914933656343 13.981518305150031 11.885105159201204 8.6706560514254818 6.3500000000000005 11.317034821916362 9.172039233726256 -0.56459483303352465 3.7494348669884658 3.2555640719596006
decision_type=8 2 10 10 2 2 2 2 2 2 2 2 2 8
left_child=1 2 6 10 5 -5 -1 -8 -9 -10 11 -2 -13 -12
right_child=3 -3 -4 4 -6 -7 7 8 9 -11 13 12 -14 -15
leaf_value=0.00022177406603829877 -3.0656616327499202e-05 0.00013624351976624705 -0.0008404047356364516 -8.0798788529759942e-05 -0.00042148240208404058 0.0033934151492007718 -0.00029055645963779048 0.000103275098715051 -0.0016508061043021994 2.8665709583356572e-05 3.8220286352693266e-06 8.3345023778980909e-05 -0.00066034548915754857 8.8979731519131582e-05
leaf_weight=20 27 88 32 35.046697616577148 20 28 30 57 21 35 71 49.093395233154297 21 381.0933952331543
leaf_count=20 27 88 32 30 20 28 30 57 21 35 71 39 21 371
internal_value=0.00144741 -0.000123239 -0.00165816 0.00214955 -0.00100856 0.00101853 -0.000518292 -0.00128472 0.000131579 -0.00298246 0.00262808 0.000361564 0.00211647 0.00311297
internal_weight=915.233 283 195 632.233 83.0467 63.0467 163 143 113 56 549.187 97.0934 70.0934 452.093
internal_count=890 283 195 607 78 58 163 143 113 56 529 87 60 442
is_linear=0
shrinkage=0.05


Tree=572
num_leaves=15
num_cat=0
split_feature=7 1 1 16 1 2 14 15 8 10 10 0 8 10
split_gain=0.287562 0.271348 0.583121 0.25422 0.71198 0.35258 0.537896 0.499823 0.351066 0.236553 0.29216 0.407616 0.314065 0.260876
threshold=7.8500000000000005 15.919905683545876 15.651820649340765 1.0000000180025095e-35 14.968793885844095 10.352761963593805 0.11421325523412328 0.17533000000000001 9.2500000000000018 0.96126169593831889 1.0000000180025095e-35 16.773669124110143 28.050000000000004 0.96648588260150581
decision_type=2 2 2 2 2 2 2 2 10 2 2 2 10 2
left_child=1 2 3 4 8 6 -5 -8 -1 10 11 12 -7 -11
right_child=-2 -3 -4 5 -6 9 7 -9 -10 13 -12 -13 -14 -15
leaf_value=-0.00022105363019310823 -2.4145457317410239e-05 0.00033540943458346242 -0.00067636603131388862 0.00027019746330670194 -1.6978035192120206e-05 0.00049725035746075736 1.1340745074353929e-05 -0.0004322094694343497 2.1709394419101253e-05 -0.00085077673685523636 0.00026336533530327234 -0.0074887865088623072 -4.8522441370984331e-06 0.00067882739864379236
leaf_weight=20 21 77 27 90.093395233154297 34 130 40 43 142 20 173.0933952331543 20 40 24
leaf_count=20 21 77 27 80 34 130 40 43 142 20 163 20 40 24
internal_value=0.00133668 0.00147634 0.00120113 0.00145516 -0.000101523 0.00198032 8.88432e-05 -0.00279762 0.00128834 0.00278237 0.00320101 0.00183246 0.00263158 -0.000666666
internal_weight=901.187 880.187 803.187 776.187 196 580.187 173.093 83 162 407.093 363.093 190 170 44
internal_count=881 860 783 756 196 560 163 83 162 397 353 190 170 44
is_linear=0
shrinkage=0.05


Tree=573
num_leaves=15
num_cat=0
split_feature=13 13 0 2 2 0 13 13 4 10 13 2 8 8
split_gain=0.440301 0.472813 0.42441 0.4067 0.929836 0.624342 0.85146 0.505185 0.502677 0.441712 0.349031 0.500148 0.288672 0.356004
threshold=4.3957595904073594 3.788317152097517 12.163456112193478 13.945621774186813 13.303708650551073 13.723958303648894 3.5008875692454517 2.9544034639620675 10.021797621935265 -0.26932402956675622 4.5690183866124068 12.145832516171296 19.020000000000003 28.350000000000005
decision_type=10 8 2 2 2 2 10 10 2 2 10 2 10 10
left_child=1 2 -1 4 5 6 9 12 -6 -4 11 -2 -7 -14
right_child=10 -3 3 -5 8 7 -8 -9 -10 -11 -12 -13 13 -15
leaf_value=0.00013335237415098842 -0.00034389898680751166 8.1205457965448813e-05 -0.00034866971226045159 0.00020302382459489539 -0.01261164605995467 2.3934152075237682e-05 -0.0016411112468221484 6.0553406990371025e-05 -1.5501829998848902e-05 0.0010409155929731126 3.9804463078713756e-05 -6.3577509172633179e-05 -0.00025367051728979596 0.0004028837021865849
leaf_weight=57 22 212.0933952331543 29 80 23 71 20 236.0933952331543 23 44 39.046697616577148 21 21 21
leaf_count=57 22 202 29 80 23 71 20 226 23 44 34 21 21 21
internal_value=0.00119118 0.00153419 0.000839279 0.000422544 -0.000121721 0.000587838 -0.00303191 0.00155806 -0.00680851 -0.000472973 -0.00228506 -0.00534091 -0.00118421 -0.0044186
internal_weight=919.233 837.187 625.093 568.093 488.093 442.093 93 349.093 46 73 82.0467 43 113 42
internal_count=894 817 615 558 478 432 93 339 46 73 77 43 113 42
is_linear=0
shrinkage=0.05


Tree=574
num_leaves=15
num_cat=0
split_feature=9 2 13 7 3 9 7 16 2 3 3 2 2 14
split_gain=0.334965 0.373893 0.306303 0.547723 0.406143 0.213973 0.301609 0.414948 0.337955 0.551797 1.21915 0.39977 0.296121 0.972794
threshold=0.91613344851476464 13.573072649651293 4.3957595904073594 5.7500000000000009 10.591301781063764 0.25671049665402418 4.6500000000000012 0.10701500000000001 10.906634112744191 10.980493402982425 10.230763228598898 11.549255986512796 9.7329153499248715 0.15615118518611129
decision_type=2 2 10 2 2 2 2 2 2 2 2 2 2 2
left_child=2 -2 5 -4 -5 6 -1 8 -8 10 11 -10 13 -7
right_child=1 -3 3 4 -6 12 7 -9 9 -11 -12 -13 -14 -15
leaf_value=-0.00055497694851110158 0.00015767753193878987 -0.0064503809816139571 5.1397951461589132e-05 -0.00083597002387499921 -0.00010650871698595683 0.00012620363397227859 0.00010667915411232705 0.00031774965166937074 -0.00021302862063562696 5.600983315640911e-05 -0.0014178505980926772 6.12671479259137e-05 2.5795285654181383e-05 -0.00045806667621297318
leaf_weight=24 109.18679046630859 20 31.046697616577148 23 26 36 48 142 20 106 22 41 222 21
leaf_count=24 89 20 26 23 26 36 48 142 20 106 22 41 222 21
internal_value=0.00146393 0.0038094 0.00106184 -0.0018479 -0.0051 0.00140556 0.00214109 0.00248684 0.00119748 0.000236842 -0.00279762 0.000887097 0.000339286 -0.00284483
internal_weight=891.233 129.187 762.047 80.0467 49 682 403 379 237 189 83 61 279 57
internal_count=866 109 757 75 49 682 403 379 237 189 83 61 279 57
is_linear=0
shrinkage=0.05


Tree=575
num_leaves=15
num_cat=0
split_feature=14 2 1 7 2 2 4 9 9 0 1 0 1 7
split_gain=0.295066 0.759524 0.569612 0.299893 0.177185 0.341975 0.545767 0.310706 0.621863 0.842836 0.263317 0.466793 0.251492 0.119354
threshold=0.088561716292821516 9.8842529249018813 12.599490740942857 5.8500000000000005 10.787079310280642 11.230515598693252 5.5461492472694909 0.13052619222005182 0.3379038511701401 15.149169516461955 15.16503137307504 15.969416438817396 13.099807726716778 5.6500000000000012
decision_type=2 2 2 2 2 2 2 2 2 2 2 2 2 2
left_child=-1 2 3 -2 -3 6 -6 12 9 -9 13 -12 -7 -10
right_child=1 4 -4 -5 5 7 -8 8 10 -11 11 -13 -14 -15
leaf_value=0.00016365166170335125 -0.003746058525060349 0.00021898093340079274 -0.00032808749262448907 0.00014218573049999309 -0.00025488665533581167 -0.00010387581996779787 0.00028129088428790501 0.0031139320132140625 6.8500607053727071e-06 -0.00025279606317314918 -0.00012377055936307158 0.00016712032882112721 0.00014769083982584907 0.00024793457218527545
leaf_weight=84 25.046697616577148 92 36 24 39 39 34 22 40 21 30 50 251 103.0933952331543
leaf_count=84 20 92 36 24 39 39 34 22 40 21 30 50 251 93
internal_value=0.00213289 0.0018345 -0.00261215 0.000903826 0.00236184 0.00205599 -0.00114865 0.00247798 0.00123727 -0.00420455 0.00230023 1.83965e-10 0.00360825 0.00357731
internal_weight=890.14 806.14 85.0467 49.0467 721.093 629.093 73 556.093 266.093 43 223.093 80 290 143.093
internal_count=875 791 80 44 711 619 73 546 256 43 213 80 290 133
is_linear=0
shrinkage=0.05


Tree=576
num_leaves=15
num_cat=0
split_feature=8 14 14 14 9 9 2 8 2 9 3 3 1 9
split_gain=0.322576 0.330207 0.478737 0.26664 0.25097 0.467336 0.834702 0.237756 0.370531 0.27253 0.263054 0.505983 0.41468 0.160703
threshold=11.160000000000002 6.6659335356803622 5.0734674838097407 7.6128667238372563 0.86819054986216926 0.70088257582277269 11.984396766813456 16.050000000000004 11.364318137156067 -0.034898167836604453 8.9251218736798812 9.9626505199994142 15.16503137307504 0.25671049665402418
decision_type=10 2 2 2 2 2 2 10 2 2 2 2 2 2
left_child=-1 2 4 -3 5 7 -7 8 9 -2 -9 -12 13 -13
right_child=1 3 -4 -5 -6 6 -8 10 -10 -11 11 12 -14 -15
leaf_value=0.00022202867351729392 -0.00074758667343388576 -0.001185194457349243 0.00020177267478924495 -5.5220099187286615e-05 6.802463568739431e-05 -0.00021146073023272147 5.888896348407171e-05 5.8934062630900156e-05 0.00011697145682058317 0.00015752525311780942 -0.00029841956109537629 0.00015874922849394441 -1.9751879640477857e-05 -3.3422248753221837e-05
leaf_weight=295.14009284973145 28 20 82 23 71.093395233154297 31 25 112 50 21 21 71 20 29
leaf_count=280 28 20 82 23 61 31 25 112 50 21 21 71 20 29
internal_value=0.00177306 0.00110804 0.00143298 -0.00306818 0.000823729 0.000342298 -0.00385965 0.00101983 -0.00105 -0.0041 0.00183071 0.000387324 0.00165289 0.0029703
internal_weight=899.233 604.093 561.093 43 479.093 408 56 352 99 49 253 141 120 100
internal_count=874 594 551 43 469 408 56 352 99 49 253 141 120 100
is_linear=0
shrinkage=0.05


Tree=577
num_leaves=15
num_cat=0
split_feature=10 9 15 13 14 13 13 5 9 7 7 4 8 2
split_gain=0.377186 0.402253 0.332001 0.236223 0.840716 0.277645 0.634242 0.256899 0.191504 0.268511 0.331793 0.16749 0.162276 0.156025
threshold=0.96126169593831889 0.25671049665402418 -0.065509999999999985 4.2656043041208509 0.68403410330662517 3.4968108626794572 3.4282904644093786 7.0021737550324419 0.25881904510252091 5.6500000000000012 5.4500000000000011 8.7659924970412835 31.250000000000004 13.768835423802477
decision_type=2 2 2 8 2 10 10 2 2 2 2 2 10 2
left_child=3 2 -2 5 -5 6 8 -6 11 10 -10 -1 13 -11
right_child=1 -3 -4 4 7 -7 -8 -9 9 12 -12 -13 -14 -15
leaf_value=0.00054321310124750882 7.9667077188663781e-05 -0.00061413049420016826 -5.1646118007685675e-05 -6.8791673308317574e-05 0.00010014993849415577 0.00011459843742043248 -0.00036164302227052687 -7.7175561790368151e-05 2.0114729438797953e-06 0.00051739089390252303 -0.00023655169842208817 2.8417364889714299e-05 -0.00022175547187688503 -2.5597488197736258e-05
leaf_weight=125 35 28 36 23 87 255.18679046630859 23 20 45 79 23 62 28 20
leaf_count=125 35 28 36 23 87 235 23 20 45 79 23 62 28 20
internal_value=0.00235449 -0.00055 0.00145833 0.00271862 0.000763359 0.0031019 0.00227833 0.00263889 0.00276762 0.00165816 -0.000869565 0.00390957 0.00300781 0.00395
internal_weight=889.187 99 71 790.187 130 660.187 405 107 382 195 68 187 127 99
internal_count=869 99 71 770 130 640 405 107 382 195 68 187 127 99
is_linear=0
shrinkage=0.05


Tree=578
num_leaves=15
num_cat=0
split_feature=2 9 10 9 12 5 10 6 10 1 3 1 1 0
split_gain=0.216135 0.727947 0.326889 0.521661 0.380045 0.387298 0.55149 0.400216 0.376178 0.36182 0.802324 0.651064 0.549086 0.156994
threshold=5.3217531957214383 0.25881904510252091 0.9396121150393979 0.25671049665402418 1.5000000000000002 5.8442286787023843 -0.2397582400620111 1.0000000180025095e-35 0.074102141141256975 14.070538460099918 6.037845287148639 12.538991975982244 13.288624744380565 15.881433124049691
decision_type=2 2 2 2 8 2 2 2 2 2 2 2 2 2
left_child=1 -1 4 13 5 6 9 8 -7 10 -2 -12 -13 -4
right_child=2 -3 3 -5 -6 7 -8 -9 -10 -11 11 12 -14 -15
leaf_value=5.1654691330898253e-05 8.8430624627656488e-05 -6.6605253420912785e-05 0.00015476579981877687 -0.00063519596610110338 8.4550675537377687e-05 -0.0071411647800444225 0.00017443123992912611 0.00013548825068354967 -0.00016120363906844189 4.4388051229277984e-05 0.0029347608683426441 -0.00043104772709497613 -0.00014508910613975608 -0.00011823568593498964
leaf_weight=32 30 22 47 24 339.14009284973145 20 170.04669761657715 24 24 66 28 20 29 20
leaf_count=32 30 22 47 24 324 20 165 24 24 66 28 20 29 20
internal_value=0.00159111 -0.00145455 0.00178812 -0.00103261 0.00213121 0.00110481 0.00178823 -0.00231884 -0.00511111 -0.000201149 -0.00199074 -0.00467949 -0.0081 0.00125
internal_weight=895.187 54 841.187 91 750.187 411.047 343.047 68 44 173 107 77 49 67
internal_count=875 54 821 91 730 406 338 68 44 173 107 77 49 67
is_linear=0
shrinkage=0.05


Tree=579
num_leaves=15
num_cat=0
split_feature=14 0 13 13 8 2 3 13 5 2 13 2 8 11
split_gain=0.236127 0.438636 0.23038 0.274924 0.292237 0.328767 0.506052 0.526757 0.420811 0.398222 0.397619 0.188434 0.131859 0.22707
threshold=0.016972120384571798 12.97344749778412 3.538081512587993 2.8396057448739742 7.160000000000001 12.145832516171296 10.567141524696126 3.3965472547192124 2.6364997792818738 11.374111380597908 3.0909836995657325 9.4106893536301772 25.205000000000002 1.0000000180025095e-35
decision_type=2 2 10 8 10 2 2 10 2 2 10 2 10 2
left_child=1 -1 3 12 -5 6 7 9 -7 11 -10 -6 -2 -14
right_child=2 -3 -4 4 5 8 -8 -9 10 -11 -12 -13 13 -15
leaf_value=5.4351189589811117e-05 0.00016196155448412879 -0.00030217911706347894 0.00010337248980393728 0.0023928045085262295 -2.1508116564282835e-05 0.00030012650053502061 -0.00019026122409268503 -0.00050843736051952714 -0.0016330593846955656 -0.00020285554474238225 5.5070623124355445e-05 0.00061943290693133228 -3.9743773942438595e-05 0.00013564958277715336
leaf_weight=34.046697616577148 104 20 341.04669761657715 33 30 88 39 26.046697616577148 20 29 21 55 28 20
leaf_count=29 104 20 336 33 30 88 39 21 20 29 21 55 28 20
internal_value=0.0017328 -0.00144907 0.00194046 0.00124529 0.000453837 -3.16019e-05 -0.001415 1.65557e-06 0.00188462 0.00147826 -0.0022619 0.00319767 0.00300654 0.000816327
internal_weight=888.14 54.0467 834.093 493.047 341.047 308.047 179.047 140.047 129 114 41 85 152 48
internal_count=873 49 824 488 336 303 174 135 129 114 41 85 152 48
is_linear=0
shrinkage=0.05


Tree=580
num_leaves=15
num_cat=0
split_feature=13 2 14 14 2 1 3 2 9 1 14 14 13 10
split_gain=0.575314 0.463895 0.493994 0.750686 0.604802 0.397722 0.735243 0.226762 0.195455 0.17517 0.180372 0.17404 0.363891 0.259705
threshold=3.3679762682953696 12.863573447116513 0.71211442113764023 1.2536714541507969 11.808748044302709 14.762025559384943 11.178132250829304 15.177045225538324 0.25881904510252091 14.103646624509897 2.6884554368297269 0.40661190182880841 4.1892910396700271 1.0000000180025095e-35
decision_type=8 2 2 2 2 2 2 2 2 2 2 2 10 2
left_child=1 2 8 -4 9 6 -6 11 -1 10 -5 12 13 -2
right_child=7 -3 3 4 5 -7 -8 -9 -10 -11 -12 -13 -14 -15
leaf_value=0.00088809602959376397 0.0014380129956076486 0.00013711932040754224 -0.00033441755311260047 0.0033075598622291525 -0.00038984504373946538 1.3334929491407172e-05 4.4963819294217325e-05 -0.00014308711797657658 -0.0001549043675420201 0.0031361922260961777 -0.00014677223877621254 7.4384621972886061e-05 -5.5967239885898798e-05 -0.00031382944814720289
leaf_weight=56 49.140092849731445 118 31 29 34 26 23 20 35 31 35 364.0933952331543 20 35
leaf_count=56 34 118 31 29 34 26 23 20 35 31 35 354 20 35
internal_value=0.00157751 0.000214797 -0.000830565 -0.00216667 -0.000893855 -0.00398809 -0.0062931 0.00274136 0.00222826 0.00182292 0.000307692 0.00296477 0.001148 0.0025922
internal_weight=906.233 418 300 209 178 83 57 488.233 91 95 64 468.233 104.14 84.1401
internal_count=881 418 300 209 178 83 57 463 91 95 64 443 89 69
is_linear=0
shrinkage=0.05


Tree=581
num_leaves=15
num_cat=0
split_feature=2 13 13 2 0 10 8 0 13 3 4 7 8 7
split_gain=0.388415 0.685566 0.693796 0.472042 0.468432 0.399044 0.540317 0.515942 0.438433 0.548166 0.454308 0.499984 0.387007 0.419884
threshold=12.61524432852063 3.512756907847097 4.1608181327570675 8.9030879424144285 11.723960037456015 -0.0043632677491870896 14.235000000000001 14.845684720853265 2.6535031187055078 7.0237422035941366 6.1259351205958383 6.5500000000000007 42.150000000000006 6.8500000000000005
decision_type=2 10 10 2 2 2 10 2 10 2 2 2 10 2
left_child=1 4 -3 -4 -1 6 7 -6 -7 -10 -11 -12 -2 -14
right_child=12 2 3 -5 5 8 -8 -9 9 10 11 -13 13 -15
leaf_value=6.068969872298461e-05 0.00015847607994457668 0.00010619533552424677 -6.0660229315075343e-05 5.9986924618218691e-05 -0.00038779270190191661 0.00030610571774020108 -2.0862649074649508e-05 -0.00032275920171987257 0.00078749165913278522 -0.0002493581135706952 0.00032557948729038198 -0.00020793467460470121 -3.2222856456827697e-05 0.00010478884110382569
leaf_weight=33 243 177.14009284973145 25 56 30 40 89 34 40.046697616577148 35 24 24 22 27
leaf_count=33 243 162 25 56 30 40 89 34 35 35 24 24 22 27
internal_value=0.00143963 0.000716777 0.00266536 -0.00115854 -0.000727807 -0.00132399 -0.00314935 -0.00661538 0.000397652 -0.00108642 -0.00339286 -0.000204081 0.00293515 -0.0011
internal_weight=899.187 607.187 258.14 81 349.047 316.047 153 64 163.047 123.047 83 48 292 49
internal_count=879 587 243 81 344 311 153 64 158 118 83 48 292 49
is_linear=0
shrinkage=0.05


Tree=582
num_leaves=15
num_cat=0
split_feature=4 4 1 16 13 0 13 0 7 10 0 3 0 10
split_gain=0.360536 0.492723 0.297122 0.308094 0.393583 0.361008 0.347423 0.873437 0.390007 0.358659 0.355528 0.313498 0.466972 0.27157
threshold=10.155977471300586 9.9162585601163702 15.797906090047203 -0.84618999999999989 3.5815589191851385 11.602223360057605 3.4282904644093786 14.80190508185021 6.5500000000000007 0.49240481012316867 16.231735168163237 10.141444836219636 14.004921479957348 -0.16719855485485105
decision_type=2 2 2 2 10 2 8 2 2 2 2 2 2 2
left_child=1 2 3 -1 5 -5 8 -8 10 -10 -7 -6 -13 -2
right_child=13 -3 -4 4 11 6 7 -9 9 -11 -12 12 -14 -15
leaf_value=-5.5046149893655757e-05 2.5790708864415168e-06 -0.00079316652152438367 0.00026309867934490305 8.0621720357564248e-05 9.1574013859004521e-05 2.4426834071885681e-05 -0.0011052633239352558 0.0002152805090630581 -2.2963672013805461e-06 -0.00021798252495645499 -9.5179800892365872e-05 -0.00049005571571149591 3.1446525409321983e-05 0.00012798447806861395
leaf_weight=39 87 20 38 30 164.14009284973145 221 29.046697616577148 23 35 21 25 21 52 85
leaf_count=39 87 20 38 30 149 221 24 23 35 21 25 21 52 85
internal_value=0.000898728 0.000404532 0.000630638 0.000379521 0.000652431 -0.000337015 -0.000787971 -0.00451991 -0.000132013 -0.00385965 0.000728745 0.00224952 -0.000472973 0.00294798
internal_weight=890.187 718.187 698.187 660.187 621.187 384.047 354.047 52.0467 302 56 246 237.14 73 172
internal_count=870 698 678 640 601 379 349 47 302 56 246 222 73 172
is_linear=0
shrinkage=0.05


Tree=583
num_leaves=15
num_cat=0
split_feature=13 3 4 13 14 15 14 16 4 4 8 3 1 10
split_gain=0.301692 0.441979 0.356258 0.417538 0.356005 0.255227 0.720607 0.472505 0.406064 0.541764 0.488864 0.38371 0.452354 0.382398
threshold=4.1966559783960333 13.097434168265339 9.7529929799790196 3.6612753964181159 0.43960625398361319 1.0381650000000002 1.2969278570195122 0.10701500000000001 5.4997983554930601 6.9736146856795687 29.500000000000004 10.012005304091106 14.16893082916947 0.49240481012316867
decision_type=8 2 2 10 2 2 2 2 2 2 10 2 2 2
left_child=2 4 3 5 -2 7 -7 8 10 -10 -1 -11 -13 -12
right_child=1 -3 -4 -5 -6 6 -8 -9 9 11 13 12 -14 -15
leaf_value=0.00055932618038805569 -7.7734013012571297e-05 -0.00035932427954392084 0.00026909130996597585 7.2525230799548026e-05 6.3129810060702136e-05 -0.00082411507359384916 6.2407005263570112e-05 0.00016716239680134053 -0.00014143603780288278 0.0091470400103631222 3.3299537534718404e-05 -0.00023857740857449947 5.8679173419739171e-06 -0.00016040555479538516
leaf_weight=79 27 21 168 151.14009284973145 123.04669761657715 32 42 114 20 23 30 23 20 20
leaf_count=79 27 21 168 136 118 32 42 114 20 23 30 23 20 20
internal_value=0.00191899 3.04192e-05 0.00236566 0.00174857 0.000994616 0.000903466 -0.00173333 0.0015 0.000115741 -0.00252874 0.00188462 -0.000298507 -0.00306818 -0.00196078
internal_weight=893.187 171.047 722.14 554.14 150.047 403 74 329 215 86 129 66 43 50
internal_count=873 166 707 539 145 403 74 329 215 86 129 66 43 50
is_linear=0
shrinkage=0.05


Tree=584
num_leaves=15
num_cat=0
split_feature=13 6 15 15 14 2 14 9 13 3 13 0 10 14
split_gain=0.69182 0.406946 0.358897 0.385532 0.740212 0.483213 0.856688 0.699042 0.640952 0.487419 0.302126 0.354681 0.418802 0.399451
threshold=3.2555640719596006 1.0000000180025095e-35 -1.3378349999999999 -0.78533999999999993 3.3039584531802562 12.914805881113425 1.0079905521927708 -0.13268856124688772 2.9151314714814558 10.028834147990368 4.3957595904073594 13.945988374896972 -0.68973679431060764 0.43960625398361319
decision_type=10 2 2 2 2 2 2 2 10 2 10 2 2 2
left_child=1 2 -1 4 -4 6 -5 8 -8 -9 11 12 -2 -14
right_child=10 -3 3 5 -6 -7 7 9 -10 -11 -12 -13 13 -15
leaf_value=0.00037799668393337946 -7.9456876927087009e-05 0.00019572347489371376 -0.00020894189253605245 7.0977099851885056e-05 -5.8161844313933268e-06 0.00034640286751473078 -0.00019050118923193105 -0.00024451372630198461 -0.00071398901812498919 0.00013342342461522026 -3.2208996510337871e-05 0.00011227086478887352 -0.00049884376371132173 3.2920603518209417e-05
leaf_weight=23 31 30 32 83 39 71 23 37 21 38 79.046697616577148 292.04669761657715 36.093395233154297 52
leaf_count=23 31 30 32 83 39 71 23 37 21 38 74 287 26 52
internal_value=0.000884875 -0.000665829 -0.00112772 -0.00153623 -0.00479167 -0.000675182 -0.00192118 -0.004625 -0.00955556 -0.00164474 0.00213958 0.00268283 0.000378597 0.00213784
internal_weight=887.187 397 367 344 71 273 202 119 44 75 490.187 411.14 119.093 88.0934
internal_count=867 397 367 344 71 273 202 119 44 75 470 396 109 78
is_linear=0
shrinkage=0.05


Tree=585
num_leaves=15
num_cat=0
split_feature=13 0 0 8 8 10 5 0 8 10 10 9 13 0
split_gain=0.524043 0.456748 0.855384 0.467887 0.377203 0.361386 0.343949 0.486033 0.326766 0.305515 0.262976 0.261325 0.312003 0.260564
threshold=3.2555640719596006 14.145111776135662 14.690149592381074 6.4150000000000009 31.650000000000002 -0.5 4.0145535273098689 15.696783712158519 15.050000000000002 0.96126169593831889 0.25881904510252057 -0.86046863722869238 3.4968108626794572 15.241845638203143
decision_type=10 2 2 10 10 2 2 2 10 2 2 2 10 2
left_child=1 10 -3 -4 8 6 7 -5 9 11 -1 -2 -13 -6
right_child=4 2 3 5 13 -7 -8 -9 -10 -11 -12 12 -14 -15
leaf_value=0.0013662796108452446 -0.00026773612234422034 -0.00041127450270185805 -0.00014302885773609001 -2.9221185560140861e-06 2.5300508198094885e-05 3.4052087318292867e-05 5.4244482858567926e-05 -0.00084553091555037048 0.00010838497309995864 -0.0013156670918389984 -8.568785659545046e-06 -0.00012529683011208072 7.367615669263706e-05 -1.5581200859566618e-05
leaf_weight=80 37 41 25 29 58 121 23 23 139 22 51 41 166.14009284973145 47
leaf_count=80 37 41 25 29 58 121 23 23 139 22 51 41 151 47
internal_value=0.000902184 -0.000469543 -0.001673 -0.000427928 0.00195778 0.000406092 -0.00230263 -0.0045283 0.00264859 0.00161226 0.00193182 0.00212409 0.00281397 -0.000707547
internal_weight=903.14 393 262 221 510.14 196 75 52 405.14 266.14 131 244.14 207.14 105
internal_count=888 393 262 221 495 196 75 52 390 251 131 229 192 105
is_linear=0
shrinkage=0.05


Tree=586
num_leaves=15
num_cat=0
split_feature=13 10 1 10 15 15 9 4 14 14 9 10 15 1
split_gain=0.510839 0.368654 0.337615 0.329618 0.313153 0.584519 0.524853 0.408232 0.456093 1.32586 0.764271 0.310396 0.342223 0.248358
threshold=3.2555640719596006 0.96126169593831889 16.233938958201318 0.96648588260150581 -1.3378349999999999 -0.83455499999999994 -0.26723583216152458 10.082647867376039 1.0079905521927708 1.5059450665228911 0.58411063003844077 0.49240481012316867 0.63776500000000014 14.325199642858239
decision_type=10 2 2 2 2 2 2 2 2 2 2 2 2 2
left_child=2 -2 4 -3 -1 6 -6 8 10 -10 -7 13 -13 -11
right_child=1 3 -4 -5 5 7 -8 -9 9 11 -12 12 -14 -15
leaf_value=0.0019905932191837845 4.1325265213928884e-05 -0.00071577919071492795 0.00011762331525399752 0.00013701098674071194 -0.0004121513842965826 0.0011128617995474269 -2.1999126339338287e-05 4.4239694238011901e-05 -0.00081952090203861656 -0.0001145548702431239 -0.00092671239049853336 -4.7793506100043189e-05 -0.00014735861561584465 0.0088253672982693682
leaf_weight=24 441.14009284973145 29 30 23 20 60 36 51 20 41 23 24 28 30
leaf_count=24 426 29 30 23 20 60 36 51 20 41 23 24 28 30
internal_value=0.00119243 0.00225786 -0.000167526 -0.00169811 -0.000600558 -0.00100299 -0.00561403 -5.39566e-05 -0.000969163 -0.00267361 0.00196429 -0.000685484 -0.00358491 0.00145833
internal_weight=880.14 493.14 387 52 357 333 56 277 226 143 83 123 52 71
internal_count=865 478 387 52 357 333 56 277 226 143 83 123 52 71
is_linear=0
shrinkage=0.05


Tree=587
num_leaves=15
num_cat=0
split_feature=13 8 0 13 14 3 0 13 7 13 13 9 14 3
split_gain=0.584695 0.41346 0.482967 0.80875 0.602163 0.733021 0.490412 0.35008 0.480788 0.971522 0.336536 0.33641 0.290107 0.473843
threshold=3.1941859788175644 33.150000000000006 16.231735168163237 2.6600494875419574 4.5917641264578544 9.4078131508830243 14.567778328442321 4.1608181327570675 6.5500000000000007 4.5201734135869565 2.5921133604243618 -0.70710678118654735 2.0502562784215468 9.025239193583575
decision_type=8 8 2 10 2 2 2 8 2 10 10 2 2 2
left_child=1 2 4 -4 5 10 -7 12 11 -10 -1 -9 13 -2
right_child=7 -3 3 -5 -6 6 -8 8 9 -11 -12 -13 -14 -15
leaf_value=-0.0001344251473246965 4.6587711063266888e-05 5.8335793604803993e-05 0.00010780270811957597 -0.01164299569222773 0.00022095066921200111 -0.00047310815477131108 -7.9107415659623135e-05 -0.0004904686172634941 -7.3274378612142414e-05 0.0046768757819538077 0.00055000709466022013 9.6241416712133335e-05 0.0001647610753554498 -0.00010514840185283001
leaf_weight=31 165.14009284973145 73 23 22 43 33 38 26 31 30 62 87.046697616577148 195 35
leaf_count=31 150 73 23 22 43 33 38 26 31 30 62 82 195 35
internal_value=0.00130803 -0.000383435 -0.00134387 -0.00597826 -0.0003125 -0.00169697 -0.00548611 0.00227282 0.000401227 -0.00314516 0.0012234 0.00232566 0.00309411 0.00174356
internal_weight=894.187 325 252 45 207 164 71 569.187 174.047 61 93 113.047 395.14 200.14
internal_count=874 325 252 45 207 164 71 549 169 61 93 108 380 185
is_linear=0
shrinkage=0.05


Tree=588
num_leaves=15
num_cat=0
split_feature=13 8 13 0 10 1 9 9 9 10 0 8 13 0
split_gain=0.383396 0.379376 0.666342 0.253514 0.280502 0.343939 0.243117 0.328317 0.668152 0.31486 0.56454 0.336499 0.262769 0.208798
threshold=3.2555640719596006 34.050000000000004 3.8456835505022191 14.13270164491426 0.49240481012316867 11.885105159201204 0.25671049665402418 -0.3007029370017914 -0.55738156824517537 -0.13917177613245105 15.542220311701046 33.95000000000001 3.0173076496044242 15.421218784397645
decision_type=10 10 10 2 2 2 2 2 2 2 2 10 10 2
left_child=6 3 -3 4 -2 -6 7 8 13 10 12 -11 -8 -1
right_child=1 2 -4 -5 5 -7 9 -9 -10 11 -12 -13 -14 -15
leaf_value=-1.5910013073700957e-05 2.5176246253231623e-05 4.0042850803219449e-05 -2.7398050304142082e-05 0.00024869836729096749 0.00023979177709242147 -0.00039432627788887767 0.00081783548766458942 0.00042068457278561999 -7.2917161032837543e-05 0.0001163586486909736 -0.011756607037277182 -0.00012062578710539331 -0.0027374509629409191 0.00078997145428043303
leaf_weight=62 88.093395233154297 52 37 292.0933952331543 20 21 35 69 30 77 23 20 26 37
leaf_count=62 78 52 37 282 20 21 35 69 30 77 23 20 26 37
internal_value=0.0014558 0.00234931 -0.000611111 0.00297483 0.00111817 -0.0022619 0.00025 0.00145729 -3.84614e-05 -0.00107143 -0.00329412 0.000867347 -0.000725806 0.00195
internal_weight=889.187 510.187 89 421.187 129.093 41 379 198 129 181 84 97 61 99
internal_count=869 490 89 401 119 41 379 198 129 181 84 97 61 99
is_linear=0
shrinkage=0.05


Tree=589
num_leaves=15
num_cat=0
split_feature=7 13 13 13 2 2 7 13 15 13 13 10 0 14
split_gain=0.294208 0.477815 0.868493 0.347749 0.301138 0.358695 0.769441 1.36182 0.258329 0.260468 0.403576 0.387832 0.886654 0.399562
threshold=6.5500000000000007 4.1608181327570675 4.5201734135869565 4.6003327370364895 13.983930640687825 11.703499508145093 7.3500000000000005 2.8683980920537744 -0.92700999999999989 3.0663800636569527 3.0173076496044242 0.70090259214882411 15.301189627716239 1.3093101507937874
decision_type=2 8 8 8 2 2 2 10 2 10 10 2 2 2
left_child=8 4 -3 -4 5 -2 7 -7 -1 10 11 13 -13 -10
right_child=1 2 3 -5 -6 6 -8 -9 9 -11 -12 12 -14 -15
leaf_value=9.0576156696577068e-05 2.4657448341607259e-05 -5.267499038852071e-05 0.0081368613441592449 -0.00052821130063799519 0.00037135952509173347 0.0017570355275154173 0.00040925415998891655 -0.00082767585720792351 -5.482822638693912e-05 6.2057457898455161e-05 -0.00033922808238714573 0.00021239852477665991 -6.9147295419211467e-05 0.00059461992977637363
leaf_weight=127.04669761657715 69 20 22 22 65 21 27 37 39 320.14009284973145 22 20 24 68
leaf_count=122 69 20 22 22 65 21 27 37 39 305 22 20 24 68
internal_value=0.00156598 0.000228873 -0.00353846 0.000444445 0.00134091 0.000129032 -0.00203488 -0.00525424 0.00217476 0.00165075 8.62071e-05 0.00101974 -0.00288889 0.00263889
internal_weight=903.187 283 64 44 219 154 85 58 620.187 493.14 173 151 44 107
internal_count=883 283 64 44 219 154 85 58 600 478 173 151 44 107
is_linear=0
shrinkage=0.05


Tree=590
num_leaves=15
num_cat=0
split_feature=13 13 14 4 8 9 15 8 9 8 8 4 9 1
split_gain=0.371514 0.473319 0.394364 0.366377 0.373137 0.369137 0.325986 0.397494 0.254297 0.252936 0.519663 0.518726 0.209716 0.202239
threshold=3.0663800636569527 4.1966559783960333 0.58347200222151763 11.002206928624593 7.6100000000000003 -0.80246366112812384 -0.44686499999999996 39.20000000000001 -0.92304025209086915 33.814500000000002 15.050000000000002 6.8964361169388244 0.70088257582277269 15.807939224393884
decision_type=8 10 2 2 10 2 2 10 2 10 10 2 2 2
left_child=3 6 -3 4 -1 -6 -2 8 -8 10 12 -12 -7 -4
right_child=1 2 13 -5 5 9 7 -9 -10 -11 11 -13 -14 -15
leaf_value=-0.00016565969479695702 8.4748994726710529e-05 -0.00013857912567160504 -6.4843016577949331e-06 0.00018455335030655322 -0.00025190179458072062 0.00077479752933757402 -0.00034261000723793516 -0.00020312242229856938 4.2155469061730801e-05 0.0001438617692416659 -0.00017444352686409641 2.1728544035399917e-05 -0.00068303213787824319 4.9199981655063207e-05
leaf_weight=31 193.04669761657715 20 78 45 35 38 37 27 260.0933952331543 46 29 26 25 20
leaf_count=31 188 20 78 45 35 38 37 27 250 46 29 26 25 20
internal_value=0.00126292 0.00192678 -0.00092437 -0.000271739 -0.00108225 -0.000275 0.00257788 0.00160098 0.00213177 0.000727273 -0.000504201 -0.00401786 0.00257813 0.000404041
internal_weight=910.14 635.14 118 275 230 199 517.14 324.093 297.093 164 118 55 63 98
internal_count=895 620 118 275 230 199 502 314 287 164 118 55 63 98
is_linear=0
shrinkage=0.05


Tree=591
num_leaves=15
num_cat=0
split_feature=0 10 8 14 13 1 8 8 4 8 9 15 1 9
split_gain=0.414901 0.379552 0.314589 0.508876 0.388636 0.408679 0.426557 0.459841 0.432074 0.429752 0.322558 0.293529 0.26664 0.200155
threshold=15.960627720816442 0.85713466239780911 36.600000000000009 1.3723225666633769 3.094662338278956 14.502058961199557 33.814500000000002 17.450000000000003 6.0099799556481051 23.250000000000004 0.44032991850403941 -1.3051699999999997 12.77408811581733 0.44032991850403941
decision_type=2 2 10 2 10 2 10 10 2 10 2 2 2 2
left_child=2 -2 4 -4 5 6 7 8 -1 -9 -5 13 -11 -6
right_child=1 -3 3 10 11 -7 -8 9 -10 12 -12 -13 -14 -15
leaf_value=0.00053581216746968741 0.00052894280658185428 -1.2487154126144518e-05 -0.00023359938818834494 1.5515431069581265e-05 4.8533128357158147e-06 0.00011018125426017554 0.001342963928254691 -0.00011702117852771123 -0.00015378563567208044 -0.00032185277008854666 -0.00013423274059758516 5.2103052820126229e-05 -5.5839445557033805e-05 -0.00061134725341788611
leaf_weight=46 179 40 27 45 29 54 20 20 30 20 20 332.18679046630859 23 26
leaf_count=46 179 40 27 45 29 54 20 20 30 20 20 312 23 26
internal_value=0.00126721 0.00315909 0.000664949 -0.00204301 0.00108275 -0.000630841 -0.00190625 -0.00289286 -0.00025974 -0.00601562 0.000378788 0.00202463 -0.00306818 -0.00133929
internal_weight=911.187 219 692.187 92 600.187 213 159 139 76 63 65 387.187 43 55
internal_count=891 219 672 92 580 213 159 139 76 63 65 367 43 55
is_linear=0
shrinkage=0.05


Tree=592
num_leaves=15
num_cat=0
split_feature=13 3 0 7 13 4 4 13 0 10 13 15 3 3
split_gain=0.457772 0.574889 0.881982 0.823126 0.505817 0.367397 0.254298 0.247693 0.40411 0.208659 0.231108 0.167708 0.494539 0.547808
threshold=3.0508391527108922 10.686057322204698 14.901640119333409 5.4500000000000011 2.5220356527401733 12.791815863704359 7.0246486346884831 4.4525584794271582 15.105725432327132 -0.13917177613245105 2.6828860749957557 -0.44686499999999996 6.7071473295827539 8.2067151091196138
decision_type=8 2 2 2 10 2 2 10 2 2 10 2 2 2
left_child=1 2 3 -1 -4 7 -5 11 -9 10 -3 -2 -13 -14
right_child=5 9 4 6 -6 -7 -8 8 -10 -11 -12 12 13 -15
leaf_value=-7.3855386093422401e-05 4.363750491230591e-05 -0.00015019714959843227 -3.2567770850473264e-05 -0.00066407176392997529 0.00053586809085410278 -0.00057764458807649309 -0.00032703808425455102 0.0015487418247723535 -0.00013638718617252601 0.00022638666243504516 1.7590426881830282e-05 0.00025935830357814066 -0.0002521607876184735 2.2251404811670209e-05
leaf_weight=29 220 20 20 22 38 20 21 31.046697616577148 37 69 33 122.14009284973145 32 186
leaf_count=29 220 20 20 22 38 20 21 26 37 69 33 107 32 186
internal_value=0.0010552 -0.000750988 -0.00305343 -0.00671233 0.00152542 0.00175748 -0.0110227 0.00197228 -0.000865595 0.00170732 -0.000648148 0.00231796 0.00161429 0.000182649
internal_weight=900.187 252 130 72 58 648.187 43 628.187 68.0467 122 53 560.14 340.14 218
internal_count=880 252 130 72 58 628 43 608 63 122 53 545 325 218
is_linear=0
shrinkage=0.05


Tree=593
num_leaves=15
num_cat=0
split_feature=8 13 10 14 3 0 7 1 14 14 13 13 13 10
split_gain=0.446308 0.644742 0.566433 0.295734 1.00263 1.0238 0.337346 0.378629 0.259177 0.275149 0.216171 0.264977 0.217337 0.177671
threshold=34.900000000000006 3.9641478046157332 -0.50376918148035232 1.9617532923680274 8.9995562212978921 15.370692859332076 4.7500000000000009 12.583208469475984 3.181825292473111 0.71211442113764023 3.1121921542889894 2.6428040727087132 4.516393471399744 -0.83143795248747376
decision_type=10 8 2 2 2 2 2 2 2 2 8 10 10 2
left_child=3 2 -2 4 6 -6 7 -1 9 -4 11 -8 13 -12
right_child=1 -3 8 -5 5 -7 10 -9 -10 -11 12 -13 -14 -15
leaf_value=-0.00041568384432452839 0.00023460310495255953 -4.6819544601845439e-05 -4.9011135408181415e-05 5.2031463791341897e-05 -0.00031485886823644834 0.00017645908809770886 -0.00012604510891696622 0.00019797284030015325 1.4220171427622368e-05 -7.9049067795927748e-05 1.3608947433851332e-05 0.00029093656607552987 -8.7559112899728066e-05 0.00011885182707293358
leaf_weight=20 44 26 20 400 20 24 20 20 38 27 34 37 24.046697616577148 141.18679046630859
leaf_count=20 44 26 20 400 20 24 20 20 38 27 34 37 19 121
internal_value=0.00131235 -0.00112179 0.000346154 0.00182286 0.000736058 -0.00622222 0.00178704 -0.00243902 -0.00203488 -0.00447917 0.00245368 -0.000258621 0.00322707 0.00383646
internal_weight=895.233 155 129 740.233 340.233 44 296.233 40 85 47 256.233 57 199.233 175.187
internal_count=870 155 129 715 315 44 271 40 85 47 231 57 174 155
is_linear=0
shrinkage=0.05


Tree=594
num_leaves=15
num_cat=0
split_feature=13 1 8 16 2 2 4 13 7 0 0 8 13 1
split_gain=0.489218 0.365614 0.492335 0.370026 0.382835 0.710562 0.617532 0.318455 0.318071 0.315936 0.617692 0.262215 0.364365 0.302317
threshold=3.2406484995752725 15.690946814713453 37.350000000000001 0.10701500000000001 11.922742440033366 12.863573447116513 7.5478401808103603 4.4525584794271582 5.4500000000000011 15.105725432327132 16.025027961080848 28.650000000000002 3.776547213639899 13.702561695955126
decision_type=8 2 10 2 2 2 2 10 2 2 2 10 8 2
left_child=1 2 3 4 -1 6 -6 11 -5 -9 -11 -2 -13 -14
right_child=7 -3 -4 8 5 -7 -8 9 -10 10 -12 12 13 -15
leaf_value=8.2412504622663937e-05 6.9175948389176031e-05 0.00020686948683364028 -8.8347064486431467e-05 -1.7981790207676718e-05 -0.00013209617694868878 3.2878958378784779e-05 -0.0013352915759313043 0.0015782439147345947 0.00020643107472939203 -0.00038502591806179151 2.451039311201845e-05 1.7447618335888941e-05 -2.0810707083724734e-05 -2.2317440003652528e-05
leaf_weight=96 393.18679046630859 34 36 44 21 31 20 32.046697616577148 59 20 30 58 20 25
leaf_count=96 373 34 36 44 21 31 20 27 59 20 30 58 20 25
internal_value=0.00151719 1.46201e-05 -0.000535714 0.000202206 -0.0012426 -0.0039726 -0.00821429 0.00240174 0.00254808 -0.000478845 -0.00294118 0.00287806 0.000625 -0.00271739
internal_weight=919.233 341 307 271 168 72 41 578.233 103 82.0467 50 496.187 103 45
internal_count=894 341 307 271 168 72 41 553 103 77 50 476 103 45
is_linear=0
shrinkage=0.05


Tree=595
num_leaves=15
num_cat=0
split_feature=13 13 10 10 8 14 8 2 3 14 0 1 4 3
split_gain=0.370101 0.436027 0.312493 0.529358 0.309217 0.56621 0.90939 0.377659 0.30905 0.346236 0.310828 0.407352 0.290144 0.414787
threshold=3.3533214690922653 4.5989696972821692 0.96126169593831889 0.96648588260150581 13.950000000000001 1.6154667750703615 17.750000000000004 9.0377571240273458 10.567141524696126 5.1857993104958844 15.381165365140268 14.032346104925397 2.3410656135621104 10.028834147990368
decision_type=10 10 2 2 10 2 10 2 2 2 2 2 2 2
left_child=4 2 -2 -4 12 6 -6 -8 -7 10 11 -10 -1 -14
right_child=1 -3 3 -5 5 8 7 -9 9 -11 -12 -13 13 -15
leaf_value=0.0027944677130663119 3.5669435603331916e-05 -0.00054764691208048497 -0.00075452095703410415 0.00085568111795089781 -0.00011598578306095402 0.00022436441785956388 0.00045417100299305558 -4.7139637618160091e-05 -4.4783368244726983e-05 3.9108337236647799e-05 0.00027500001274127268 -0.00037257235975022153 -0.00012254824408186731 0.00029633708060127997
leaf_weight=55 375.18679046630859 20 28 21 22 53 29 37 41 60 22 24 41 70
leaf_count=55 355 20 28 21 22 53 29 37 41 60 22 24 41 70
internal_value=0.00126885 0.00229327 0.00263633 -0.0011 0.000263736 -0.000726643 -0.00404494 -0.00104478 0.000746269 -0.000439189 -0.00244318 -0.00416667 0.00197605 0.000491072
internal_weight=898.187 444.187 424.187 49 454 288 88 66 200 147 87 65 166 111
internal_count=878 424 404 49 454 288 88 66 200 147 87 65 166 111
is_linear=0
shrinkage=0.05


Tree=596
num_leaves=15
num_cat=0
split_feature=0 2 7 0 0 10 10 1 0 1 16 14 0 9
split_gain=0.321724 0.476853 0.480286 0.795334 0.479732 0.536057 0.683489 0.906421 0.845603 0.477114 0.243769 0.447006 0.240157 0.308096
threshold=15.960627720816442 8.6864535028957413 5.2500000000000009 14.975421378040194 15.85142948336115 -0.2397582400620111 -0.50376918148035232 11.608527579552712 14.159144017181173 12.631510329845616 0.10701500000000001 2.5110082860885434 15.048160610447411 -0.9263445426916056
decision_type=2 2 2 2 2 2 2 2 2 2 2 2 2 2
left_child=1 -1 3 9 5 6 7 -4 -8 -3 11 -9 13 -7
right_child=-2 2 4 -5 -6 12 8 10 -10 -11 -12 -13 -14 -15
leaf_value=5.4725588862120614e-05 0.00021636233005796493 -0.0012436263963522039 -0.00030506897657886077 -0.0003675580952437824 -4.7326892558384204e-05 -0.00068997932541047988 7.1509886275348354e-06 -0.00020162196847018439 -0.0002259612972800735 0.00051543246027084598 0.00045879288918572496 2.4332983442512325e-05 0.0044674166238975466 0.00016732883037240507
leaf_weight=110.04669761657715 227 21 21 20 21 31 22 24 21 41 48 65 71 156.0933952331543
leaf_count=105 227 21 21 20 21 31 22 24 21 41 48 65 71 146
internal_value=0.00116171 0.000610126 1.85885e-05 -0.00349398 0.00062455 0.00096821 -0.000965346 0.000566038 -0.00647727 -0.00063492 0.00206522 0.0005 0.00247195 0.00151769
internal_weight=899.14 672.14 562.093 82 480.093 459.093 201 158 43 62 137 89 258.093 187.093
internal_count=884 657 552 82 470 449 201 158 43 62 137 89 248 177
is_linear=0
shrinkage=0.05


Tree=597
num_leaves=15
num_cat=0
split_feature=16 13 4 1 0 13 8 13 1 2 1 2 7 14
split_gain=0.408034 0.397436 0.673291 1.10235 0.450893 0.407637 0.345404 0.572002 0.587735 0.569773 0.457426 0.372487 0.341666 0.642957
threshold=1.0000000180025095e-35 3.7533414652925909 10.307298472041703 14.27989329915639 13.792124555578615 4.2656043041208509 29.500000000000004 3.5791391915893898 14.789540403529749 11.87216792847968 13.76304014984119 11.469521479540292 5.7500000000000009 0.79340990612664786
decision_type=2 8 2 2 2 10 8 10 2 2 2 2 2 2
left_child=1 2 3 4 -1 -3 7 8 9 11 -11 12 13 -2
right_child=6 5 -4 -5 -6 -7 -8 -9 -10 10 -12 -13 -14 -15
leaf_value=-0.00025623303829430894 -0.00029458528634377664 1.9075164720482862e-05 1.4351604675708757e-05 -0.00019936800338914533 0.00021139818715225773 -8.183417577257773e-05 0.00019265342683792475 0.00051879423990389432 0.00038331776098329026 -5.4943780648280115e-06 -0.00013474277936941222 0.00018995044222883174 6.7926203121842845e-05 -0.00019475730443210026
leaf_weight=20 62 81 40 26 35 28 152 203.18679046630859 72 21 39 30.046697616577148 70 22
leaf_count=20 62 81 40 26 35 28 152 183 72 21 39 25 70 22
internal_value=0.000948942 -0.000865801 -0.00282787 -0.00542683 -0.00133929 0.00131818 0.00157113 0.00095374 -0.000377757 -0.00154977 -0.0057377 -0.000160859 -0.00116129 -0.00329412
internal_weight=901.233 230 121 81 55 109 671.233 519.233 316.047 244.047 60 184.047 154 84
internal_count=876 230 121 81 55 109 646 494 311 239 60 179 154 84
is_linear=0
shrinkage=0.05


Tree=598
num_leaves=15
num_cat=0
split_feature=14 13 3 10 2 0 0 13 13 8 13 16 2 13
split_gain=0.45728 1.06608 0.574011 0.937583 0.417321 0.310517 0.408792 0.267773 0.415724 0.404629 0.459119 0.336555 0.679682 0.492365
threshold=5.0462937460415311 4.2213565905370141 11.969947749779928 0.074102141141256975 13.39007257913504 15.960627720816442 15.820032688096461 3.3112361679976097 4.4876448421191251 11.500000000000002 2.6535031187055078 0.10701500000000001 10.925384884878442 3.0244984119021363
decision_type=2 8 2 2 2 2 2 8 10 10 10 2 2 10
left_child=2 -2 5 4 -4 6 7 9 -9 -1 -11 12 -12 -14
right_child=1 -3 3 -5 -6 -7 -8 8 -10 10 11 -13 13 -15
leaf_value=0.0010651611142410038 0.0001293195172766988 -6.5394356364146001e-05 -0.00011840968623126312 -0.00026739618232055295 0.001292842827690697 0.00040274757534240828 -0.00012380513343936519 3.7383428785396557e-05 -8.3211377842907366e-05 2.738856703840053e-05 0.00035973587554532301 -2.3035728851385165e-05 -0.00018136361906958491 -0.00027255343270768064
leaf_weight=61 139 36 20 27 24 120 21 244.18679046630859 34.046697616577148 30 25 54 23 26
leaf_count=61 139 36 20 27 24 120 21 224 29 30 25 54 23 26
internal_value=0.000701699 0.00298295 0.000135403 -0.00409722 0.000444445 0.000611932 7.92852e-05 0.000373655 0.00140086 -0.000931818 -0.00226415 -0.00356589 -0.00573333 -0.0091
internal_weight=884.233 175 709.233 71 44 638.233 518.233 497.233 278.233 219 158 128 74 49
internal_count=859 175 684 71 44 613 493 472 253 219 158 128 74 49
is_linear=0
shrinkage=0.05


Tree=599
num_leaves=15
num_cat=0
split_feature=0 10 0 5 7 16 2 13 0 15 7 14 14 15
split_gain=0.55266 0.573314 0.364622 0.468054 0.313482 0.397649 0.599313 0.476291 0.316 0.356742 0.534594 0.76579 1.02286 0.527263
threshold=15.960627720816442 0.85713466239780911 15.85142948336115 8.6963666640987309 6.4500000000000011 1.0000000180025095e-35 12.709101526205261 3.3277906598632643 12.576561026050358 0.63776500000000014 6.0100000000000007 0.71211442113764023 1.6489851484894185 1.0381650000000002
decision_type=2 2 2 2 2 2 2 8 2 2 2 2 2 2
left_child=2 -2 3 4 8 6 -6 -7 -1 -10 11 13 -13 -11
right_child=1 -3 -4 -5 5 7 -8 -9 9 10 -12 12 -14 -15
leaf_value=1.1953011543733692e-05 0.00040488064863892609 -3.7981429437359914e-05 -2.977674060324077e-05 1.9214068506750778e-05 -0.00022403765976602107 -3.7786743265284938e-05 -0.00012739567128243801 1.311984663219148e-05 8.8393147633644712e-06 0.0065229820729346237 0.0027613152133743805 -0.00030262382903025299 -2.2068590375153935e-05 -0.00043782407581936203
leaf_weight=47.046697616577148 176 45 26 39 32 62 28 59 235.04669761657715 30 21 20 38 32
leaf_count=42 176 45 26 39 32 62 28 59 230 30 21 20 38 32
internal_value=0.000112746 0.00227477 -0.000603696 -0.000364129 -0.000709862 -0.00244505 -0.0057377 -0.000778688 3.64709e-05 -0.000450253 -0.00242958 -0.00371901 -0.00779661 0.00015873
internal_weight=890.093 221 669.093 643.093 604.093 181 60 121 423.093 376.047 141 120 58 62
internal_count=880 221 659 633 594 181 60 121 413 371 141 120 58 62
is_linear=0
shrinkage=0.05


end of trees

feature_importances:
log_gdp_per_capita=916
log_pop_mmi5=801
depth_km=789
log_pop_mmi4=754
log_pop_mmi6=737
log_global_expected=690
magnitude=619
log_pop_mmi7=598
hour_cos=565
hour_sin=529
country_factor=523
log_pop_mmi8=447
region_factor=161
log_pop_mmi9=155
income_class=73
is_night=25
log_pop_mmi10=18

parameters:
[boosting: gbdt]
[objective: quantile]
[metric: quantile]
[tree_learner: serial]
[device_type: cpu]
[data_sample_strategy: bagging]
[data: ]
[valid: ]
[num_iterations: 600]
[learning_rate: 0.05]
[num_leaves: 15]
[num_threads: 2]
[seed: 11]
[deterministic: 0]
[force_col_wise: 0]
[force_row_wise: 0]
[histogram_pool_size: -1]
[max_depth: -1]
[min_data_in_leaf: 20]
[min_sum_hessian_in_leaf: 0.001]
[bagging_fraction: 0.8]
[pos_bagging_fraction: 1]
[neg_bagging_fraction: 1]
[bagging_freq: 1]
[bagging_seed: 27648]
[bagging_by_query: 0]
[feature_fraction: 0.8]
[feature_fraction_bynode: 1]
[feature_fraction_seed: 4989]
[extra_trees: 0]
[extra_seed: 22223]
[early_stopping_round: 0]
[early_stopping_min_delta: 0]
[first_metric_only: 0]
[max_delta_step: 0]
[lambda_l1: 0]
[lambda_l2: 1]
[linear_lambda: 0]
[min_gain_to_split: 0]
[drop_rate: 0.1]
[max_drop: 50]
[skip_drop: 0.5]
[xgboost_dart_mode: 0]
[uniform_drop: 0]
[drop_seed: 21136]
[top_rate: 0.2]
[other_rate: 0.1]
[min_data_per_group: 100]
[max_cat_threshold: 32]
[cat_l2: 10]
[cat_smooth: 10]
[max_cat_to_onehot: 4]
[top_k: 20]
[monotone_constraints: ]
[monotone_constraints_method: basic]
[monotone_penalty: 0]
[feature_contri: ]
[forcedsplits_filename: ]
[refit_decay_rate: 0.9]
[cegb_tradeoff: 1]
[cegb_penalty_split: 0]
[cegb_penalty_feature_lazy: ]
[cegb_penalty_feature_coupled: ]
[path_smooth: 0]
[interaction_constraints: ]
[verbosity: -1]
[saved_feature_importance_type: 0]
[use_quantized_grad: 0]
[num_grad_quant_bins: 4]
[quant_train_renew_leaf: 0]
[stochastic_rounding: 1]
[linear_tree: 0]
[max_bin: 255]
[max_bin_by_feature: ]
[min_data_in_bin: 3]
[bin_construct_sample_cnt: 200000]
[data_random_seed: 74]
[is_enable_sparse: 1]
[enable_bundle: 1]
[use_missing: 1]
[zero_as_missing: 0]
[feature_pre_filter: 1]
[pre_partition: 0]
[two_round: 0]
[header: 0]
[label_column: ]
[weight_column: ]
[group_column: ]
[ignore_column: ]
[categorical_feature: ]
[forcedbins_filename: ]
[precise_float_parser: 0]
[parser_config_file: ]
[objective_seed: 24011]
[num_class: 1]
[is_unbalance: 0]
[scale_pos_weight: 1]
[sigmoid: 1]
[boost_from_average: 1]
[reg_sqrt: 0]
[alpha: 0.1]
[fair_c: 1]
[poisson_max_delta_step: 0.7]
[tweedie_variance_power: 1.5]
[lambdarank_truncation_level: 30]
[lambdarank_norm: 1]
[label_gain: ]
[lambdarank_position_bias_regularization: 0]
[eval_at: ]
[multi_error_top_k: 1]
[auc_mu_weights: ]
[num_machines: 1]
[local_listen_port: 12400]
[time_out: 120]
[machine_list_filename: ]
[machines: ]
[gpu_platform_id: -1]
[gpu_device_id: -1]
[gpu_device_id_list: ]
[gpu_use_dp: 0]
[num_gpu: 1]

end of parameters

pandas_categorical:[]
