tree
version=v4
num_class=1
num_tree_per_iteration=1
label_index=0
max_feature_idx=13
objective=quantile
feature_names=log_pop_mmi4 log_pop_mmi5 log_pop_mmi6 log_pop_mmi7 log_pop_mmi8 log_pop_mmi9 log_pop_mmi10 magnitude depth_km hour_sin hour_cos is_night income_class log_gdp_per_capita
feature_infos=[0:18.068053141323848] [0:18.344690609333927] [0:16.833574244034352] [0:16.416339513323674] [0:15.645620570190685] [0:14.588431948617044] [0:13.106782625437306] [3.7999999999999998:9] [0:638] [-1:1] [-1:1] [0:1] [0:3] [1.3608230473255767:4.9399438236469981]
tree_sizes=1207 1262 1240 1244 1253 1243 1293 1299 1316 1253 1239 1259 1262 1202 1282 1300 1283 1257 1318 1253 1305 1284 1298 1287 1317 1283 1328 1268 1288 1298 1312 1252 1294 1242 1289 1315 1315 1281 1289 1280 1312 1224 1289 1317 1285 1337 1328 1272 1271 1321 1333 1266 1334 1315 1327 1317 1252 1266 1274 1338 1294 1313 1299 1267 1301 1337 1297 1290 1297 1335 1232 1260 1260 1315 1310 1331 1292 1316 1326 1287 1285 1234 1267 1313 1290 1304 1285 1312 1226 1315 1288 1256 1334 1345 1318 1337 1326 1285 1361 1359 1365 1335 1240 1303 1337 1354 1263 1339 1378 1379 1379 1326 1379 1399 1399 1303 1382 1278 1369 1362 1407 1339 1260 1311 1355 1326 1300 1336 1338 1380 1406 1353 1321 1379 1386 1274 1359 1363 1327 1390 1378 1384 1347 1357 1347 1340 1323 1376 1363 1352 1356 1332 1303 1344 1345 1307 1390 1385 1340 1365 1348 1311 1304 1391 1382 1376 1378 1385 1379 1403 1402 1344 1383 1354 1378 1364 1365 1342 1336 1389 1287 1344 1317 1340 1356 1381 1378 1344 1337 1357 1400 1311 1367 1360 1383 1358 1390 1320 1320 1371 1348 1392 1408 1379 1366 1336 1397 1402 1457 1397 1432 1340 1430 1396 1328 1328 1373 1333 1414 1378 1421 1363 1355 1354 1269 1274 1383 1340 1309 1385 1386 1361 1409 1374 1387 1380 1364 1285 1365 1435 1454 1453 1297 1448 1405 1353 1413 1363 1373 1348 1370 1405 1326 1411 1442 1419 1388 1425 1442 1452 1425 1450 1412 1456 1447 1433 1407 1367 1463 1406 1459 1428 1425 1453 1449 1403 1375 1454 1453 1429 1456 1383 1442 1430 1431 1454 1446 1399 1435 1429 1452 1446 1329 1338 1358 1314 1430 1425 1443 1391 1424 1365 1449 1433 1414 1444 1453 1407 1393 1415 1391 1404 1390 1412 1414 1407 1426 1410 1420 1383 1408 1407 1400 1368 1399 1388 1428 1427 1425 1412 1426 1426 1409 1411 1313 1419 1410 1404 1412 1408 1428 1404 1401 1414 1413 1397 1406 1341 1373 1314 1383 1394 1405 1390 1382 1465 1416 1399 1427 1410 1419 1406 1414 1412 1325 1436 1421 1424 1437 1410 1335 1392 1328 1356 1358 1395 1388 1274 1416 1395 1416 1392 1433 1430 1410 1409 1410 1399 1405 1428 1390 1398 1421 1401 1401 1412 1392 1385 1378 1382 1428 1392 1414 1437 1429 1400 1439 1416 1434 1426 1413 1416 1456 1437 1396 1443 1459 1465 1442 1440 1454 1453 1432 1435 1463 1433 1429 1431 1437 1439 1434 1438 1413 1441 1419 1439 1469 1455 1455 1414 1426 1428 1440 1415 1398 1413 1437 1428 1429 1397 1414 1440 1451 1450 1445 1425 1466 1411 1441 1451 1423 1437 1445 1415 1467 1417 1448 1439 1436 1461 1456 1451 1468 1469 1450 1470 1426 1416 1464 1449 1448 1442 1440 1437 1444 1442 1480 1480 1473 1453 1460 1476 1470 1482 1467 1469 1463 1454 1459 1459 1458 1468 1440 1465 1461 1472 1474 1480 1455 1458 1478 1473 1451 1471 1463 1462 1463 1474 1461 1449 1465 1459 1480 1463 1492 1470 1471 1456 1438 1448 1465 1466 1473 1461 1453 1448 1462 1479 1465 1448 1467 1488 1436 1449 1455 1443 1460 1476 1473 1454 1494 1496 1475 1479 1478 1489 1485 1432 1470 1468 1484 1484 1481 1469 1485 1475 1451 1482 1466 1457 1451 1456 1460 1489 1462 1451 1463 1478 1471 1442 1474 1464 1475 1451 1456 1471 1435 1468 1468 1476 1483 1477 1471 1458 1458 1480 1471 1479 1453 1443

Tree=0
num_leaves=15
num_cat=0
split_feature=1 5 3 8 3 3 3 8 12 5 3 13 9 0
split_gain=61.2646 27.6303 10.3449 4.6586 4.35779 4.07574 3.95134 4.3577 2.9579 2.38694 1.92187 1.4032 1.35968 1.31229
threshold=13.337088791184405 4.8597447956806157 12.598603321205756 15.250000000000002 11.190658846154806 9.1776094249853042 9.7193242967978595 18.850000000000005 1.5000000000000002 5.9315798560394883 13.973415881253521 3.7383421983898262 -0.51495963211660267 12.641914153484741
decision_type=2 2 2 10 2 2 2 10 10 2 2 10 2 2
left_child=6 2 3 5 -3 11 9 -8 12 13 -4 -2 -7 -1
right_child=1 4 10 -5 -6 8 7 -9 -10 -11 -12 -13 -14 -15
leaf_value=0 0 0 0 0 0.094539284706115723 0.041588830947875972 0 0 0 0 0.065916738510131828 0 0 0
leaf_weight=2109 169 90 107 578 98 25 55 320 73 34 29 58 72 1016
leaf_count=2109 169 90 107 578 98 25 55 320 73 34 29 58 72 1016
internal_value=-0.0117511 -0.00617308 -0.00797212 -0.00905225 0.00444444 -0.0065201 -0.0137992 -0.0108112 -0.00298246 -0.0141503 -0.000218978 -0.00914474 0.000459184 -0.014237
internal_weight=4833 1299 1111 975 188 397 3534 375 170 3159 136 227 97 3125
internal_count=4833 1299 1111 975 188 397 3534 375 170 3159 136 227 97 3125
is_linear=0
shrinkage=0.03


Tree=1
num_leaves=15
num_cat=0
split_feature=4 1 4 8 7 13 13 7 13 3 0 13 5 1
split_gain=64.1395 16.2572 10.4314 6.12504 3.45092 3.10023 2.91275 2.5618 4.78137 2.28576 2.24889 2.22257 2.17237 2.02179
threshold=8.0295956805110347 13.337088791184405 10.779810090014157 17.045000000000005 7.1500000000000012 3.6382257342664466 2.6773443836690194 5.3100000000000014 3.9961231750572668 7.0555257095416755 12.582400599299394 3.2787440624007824 8.6690806711741057 14.400216181284341
decision_type=2 2 2 10 2 8 8 2 8 2 2 10 2 2
left_child=1 10 3 5 7 11 -5 8 -3 -9 -1 13 -4 -2
right_child=2 4 12 6 -6 -7 -8 9 -10 -11 -12 -13 -14 -15
leaf_value=0 0 0 0.020794415473937986 0.026876392364501952 0.041588830947875972 0 0 0 0 0 0 0.065916738510131828 0.12504422307014465 0.032958369255065914
leaf_weight=2207 54 94 107 26 23 42 194 210 39 500 1183 27 55 47
leaf_count=2207 54 94 107 26 23 42 194 210 39 500 1183 27 55 47
internal_value=-0.0119588 -0.0132065 -0.00233273 -0.00498721 -0.00951557 -0.000701754 -0.00828054 -0.0098282 -0.00593284 -0.0105485 -0.0141463 0.00162791 0.00404908 -0.000441176
internal_weight=4808 4256 552 390 866 170 220 843 133 710 3390 128 162 101
internal_count=4808 4256 552 390 866 170 220 843 133 710 3390 128 162 101
is_linear=0
shrinkage=0.03


Tree=2
num_leaves=15
num_cat=0
split_feature=4 1 5 4 3 13 2 8 8 2 1 9 4 8
split_gain=75.4963 19.977 10.2883 5.74624 3.56199 3.42158 3.03514 2.76659 2.53489 2.60939 2.40064 2.19361 1.90307 2.4121
threshold=8.4265023201373719 13.611476292324143 4.9415403713792339 11.234086828722145 11.722450706513602 4.0324179804245857 10.563355831337747 13.050000000000002 25.050000000000004 13.838636048619165 12.379940790318781 1.0000000180025095e-35 9.6223009939731146 33.850000000000001
decision_type=2 2 2 2 2 10 2 10 10 2 2 2 2 10
left_child=1 10 3 7 -4 6 -3 -2 -8 -10 -1 -5 -9 -14
right_child=2 5 4 11 -6 -7 8 12 9 -11 -12 -13 13 -15
leaf_value=0 0 0 0.020170583009719849 0.074515024280548098 0.1093861960887909 0 0 0 0 0 0 -0.00062383246421813957 0 0.020170583009719849
leaf_weight=2817 55 125 115 30 71 130 264 92 153 39 807 35 61 27
leaf_count=2817 55 125 115 30 71 130 264 92 153 39 807 35 61 27
internal_value=-0.0117679 -0.0130247 -0.000554415 -0.00398671 0.00497326 -0.0084059 -0.00739691 -0.00616525 -0.00623632 -0.0088601 -0.0139283 0.00386364 -0.0079558 -0.0047191
internal_weight=4821 4335 486 300 186 711 581 235 456 192 3624 65 180 88
internal_count=4821 4335 486 300 186 711 581 235 456 192 3624 65 180 88
is_linear=0
shrinkage=0.03


Tree=3
num_leaves=15
num_cat=0
split_feature=4 2 5 5 7 0 4 0 12 7 5 13 2 7
split_gain=67.0753 18.0668 7.41728 6.35525 4.46049 4.58118 4.19071 3.43098 3.3244 2.02915 1.82933 1.8243 1.46159 1.35438
threshold=9.5543149823730786 10.593009351097995 8.6690806711741057 4.5564740129837675 7.4500000000000011 14.002122895331874 11.234086828722145 12.641914153484741 2.5000000000000004 5.3100000000000014 2.249904835165133 2.8600608071827094 12.490011156197001 5.4150000000000009
decision_type=2 2 2 2 2 2 2 2 10 2 2 8 2 2
left_child=1 7 6 4 5 -3 11 -1 9 -7 13 12 -2 -9
right_child=2 3 -4 -5 -6 8 -8 10 -10 -11 -12 -13 -14 -15
leaf_value=0 -0.00030255874514579774 0 0.09592172423744201 0 0.026876392364501952 0 0.056335815233945846 0 0 0 0 0 0.03656789547085762 0
leaf_weight=2083 24 482 79 84 24 64 74 235 180 482 65 112 20 823
leaf_count=2083 24 482 79 84 24 64 74 235 180 482 65 112 20 823
internal_value=-0.0118243 -0.0127482 0.00169355 -0.00977221 -0.0103163 -0.0105707 -0.00103896 -0.0139663 -0.00903714 -0.00784278 -0.0125845 -0.00382166 0.00133333 -0.0128895
internal_weight=4831 4522 309 1316 1232 1208 230 3206 726 546 1123 156 44 1058
internal_count=4831 4522 309 1316 1232 1208 230 3206 726 546 1123 156 44 1058
is_linear=0
shrinkage=0.03


Tree=4
num_leaves=15
num_cat=0
split_feature=4 2 4 8 8 7 13 7 2 5 7 3 13 7
split_gain=71.7332 16.9502 11.2911 6.96738 5.78767 5.62212 4.29983 2.75627 2.65305 2.42674 2.90244 2.35997 2.63733 1.80395
threshold=8.5293675949935359 10.671556603053295 10.573832693626892 16.520000000000003 17.250000000000004 7.1500000000000012 3.6492108688874278 5.3100000000000014 12.684751729261819 8.6690806711741057 7.1500000000000012 9.1401590327106863 4.2513567705528477 5.9350000000000014
decision_type=2 2 2 10 10 2 10 2 2 2 2 2 8 2
left_child=1 -1 4 11 6 7 13 -5 -9 10 -4 -3 -13 -2
right_child=2 3 9 5 -6 -7 -8 8 -10 -11 -12 12 -14 -15
leaf_value=0 -0.00097967431529760339 0 -0.00060511749029159548 0 0 0.019546750545501708 0 0 0 0.11243542732961655 0.070589499095113278 0 0 0.053147667238712309
leaf_weight=3227 24 166 81 62 168 29 29 531 168 65 32 140 34 75
leaf_count=3227 24 166 81 62 168 29 29 531 168 65 32 140 34 75
internal_value=-0.0118429 -0.0130484 -0.000757895 -0.00986737 -0.00434343 -0.0114159 0.000465116 -0.0119094 -0.01245 0.00519553 0.0025 -0.00624633 -0.00377143 0.00345
internal_weight=4831 4357 474 1130 296 790 128 761 699 178 113 340 174 99
internal_count=4831 4357 474 1130 296 790 128 761 699 178 113 340 174 99
is_linear=0
shrinkage=0.03


Tree=5
num_leaves=15
num_cat=0
split_feature=1 5 7 3 3 5 13 3 0 13 3 13 1 7
split_gain=60.869 26.2803 9.69937 5.48163 5.13397 4.99336 3.62626 3.0655 2.46165 2.15138 2.14654 1.97942 1.81029 1.57093
threshold=13.611476292324143 4.5564740129837675 7.1500000000000012 11.266691892654068 12.158159159320862 4.8597447956806157 2.5748762575589188 12.901125060661078 12.582400599299394 3.6648081903846972 10.532313754138151 4.3453177057121399 14.365672629852632 5.4150000000000009
decision_type=2 2 2 2 2 2 8 2 2 10 2 10 2 2
left_child=3 2 6 5 9 8 10 11 -1 12 -2 -8 -3 -10
right_child=1 4 -4 -5 -6 -7 7 -9 13 -11 -12 -13 -14 -15
leaf_value=0 0 0 0.031861332390940189 0 0.12173379293170224 0 0 0 0 -0.00060511749029159548 0.041588830947875972 0 0.032958369255065914 0
leaf_weight=2207 51 29 51 122 63 81 604 68 255 21 37 76 77 1029
leaf_count=2207 51 29 51 122 63 81 604 68 255 21 37 76 77 1029
internal_value=-0.0118347 -0.00555195 -0.00771959 -0.0136644 0.00455497 -0.0138791 -0.00849462 -0.00917223 -0.0140507 0.00105469 -0.00269663 -0.00977974 0.00280374 -0.0129572
internal_weight=4771 1077 887 3694 190 3572 836 748 3491 127 88 680 106 1284
internal_count=4771 1077 887 3694 190 3572 836 748 3491 127 88 680 106 1284
is_linear=0
shrinkage=0.03


Tree=6
num_leaves=15
num_cat=0
split_feature=4 1 4 5 5 7 0 2 7 4 13 13 7 2
split_gain=80.9951 18.8955 12.6206 4.9108 3.96538 2.72682 2.18973 2.65008 2.67224 2.09083 2.00983 1.88842 2.97594 2.70659
threshold=8.4607683913729108 13.337088791184405 10.573832693626892 7.8186255351873539 4.5564740129837675 7.1500000000000012 14.602285459743063 9.6012160837127549 6.0100000000000007 12.260750605690449 2.6800287070211639 3.778065330117284 5.3100000000000014 14.012282821057676
decision_type=2 2 2 2 2 2 2 2 2 2 10 8 2 2
left_child=1 6 3 10 5 11 -1 -8 -9 -4 -2 12 -3 -14
right_child=2 4 9 -5 -6 -7 7 8 -10 -11 -12 -13 13 -15
leaf_value=0 2.93902294589281e-05 0 0.020967414784897609 0.0399949623799324 1.8153524708747863e-05 0.0082311327846575962 0 0 0.020794415473937986 0.12469305216842917 0 0 0 0.031710704326629639
leaf_weight=3200 39 89 140 49 34 26 142 62 23 53 201 224 492 21
leaf_count=3200 39 89 140 49 34 26 142 62 23 53 201 224 492 21
internal_value=-0.0117879 -0.0130911 -0.000124224 -0.00408621 -0.00916573 -0.00956624 -0.014103 -0.0111184 -0.00680233 0.00579897 -0.00585062 -0.00986699 -0.00895522 -0.00983463
internal_weight=4795 4313 482 289 886 852 3427 227 85 193 240 826 602 513
internal_count=4795 4313 482 289 886 852 3427 227 85 193 240 826 602 513
is_linear=0
shrinkage=0.03


Tree=7
num_leaves=15
num_cat=0
split_feature=4 1 4 5 5 13 2 4 8 8 0 7 13 0
split_gain=75.9975 14.5986 9.06074 4.93001 3.69294 3.66273 3.50302 3.14377 2.45182 2.41071 2.35787 2.57276 1.94117 2.91553
threshold=8.4607683913729108 13.337088791184405 11.147097430190149 1.175687628581739 4.5564740129837675 3.6492108688874278 13.442382991072124 9.7026669308329154 14.950000000000001 22.420000000000005 12.582400599299394 6.9500000000000011 2.8648195261668286 13.772230996174738
decision_type=2 2 2 2 2 10 2 2 10 10 2 2 8 2
left_child=1 10 3 12 6 7 -3 8 -5 -8 -1 -12 13 -2
right_child=2 4 -4 5 -6 -7 9 -9 -10 -11 11 -13 -14 -15
leaf_value=0 0 0 0.057664833472350345 0.061264092497180761 1.7608918967485429e-05 -0.00060511749029159548 0.020794415473937986 0.04601915359911514 -0.0015938685679435728 0 0 0 0 0.030905492419211984
leaf_weight=2238 21 734 139 32 28 21 22 55 34 81 1174 22 160 39
leaf_count=2238 21 734 139 32 28 21 22 55 34 81 1174 22 160 39
internal_value=-0.0118663 -0.0131547 -0.000806773 -0.00330579 -0.00964781 0.00104895 -0.010006 0.00307377 -0.00134328 -0.00475962 -0.0140349 -0.0129073 -0.0061086 -0.00147541
internal_weight=4800 4299 501 362 865 142 837 121 66 103 3434 1196 220 60
internal_count=4800 4299 501 362 865 142 837 121 66 103 3434 1196 220 60
is_linear=0
shrinkage=0.03


Tree=8
num_leaves=15
num_cat=0
split_feature=4 1 4 5 5 13 2 0 4 5 13 13 13 1
split_gain=72.5041 18.1061 11.1111 4.99331 3.46184 3.3277 2.14514 2.11413 1.98247 1.94446 1.78367 1.69347 1.78449 1.49067
threshold=8.4607683913729108 13.337088791184405 10.544103776845509 4.8080777094243183 4.1066908685172878 2.6773443836690194 13.838636048619165 12.582400599299394 12.260750605690449 3.8003262141434369 4.3453177057121399 3.0994184270331346 3.3793689636457813 14.553550238858589
decision_type=2 2 2 2 2 8 2 2 2 2 10 8 10 2
left_child=1 7 5 6 8 13 10 -1 -4 -7 -3 -11 -13 -2
right_child=2 3 4 -5 -6 9 -8 -9 -10 11 -12 12 -14 -15
leaf_value=0 -0.00080717347781882639 0 -0.0012347013830563201 1.7080651398460866e-05 0.072927264112356158 0 0 0 0.082671772377069394 -0.0017571503046512602 0 0.042145256494247732 -0.00056881044087409981 0.083585158490334738
leaf_weight=2221 20 735 81 36 94 166 58 1189 21 31 81 22 20 23
leaf_count=2221 20 735 81 36 94 166 58 1189 21 31 81 22 20 23
internal_value=-0.01184 -0.0130664 -0.000751566 -0.0092865 0.00472081 -0.0045583 -0.00973714 -0.0140721 0.000873786 -0.0059375 -0.0101346 -0.00182432 0.00209302 0.00306818
internal_weight=4798 4320 478 910 196 282 874 3410 102 239 816 73 42 43
internal_count=4798 4320 478 910 196 282 874 3410 102 239 816 73 42 43
is_linear=0
shrinkage=0.03


Tree=9
num_leaves=15
num_cat=0
split_feature=4 1 4 8 5 13 3 8 13 5 3 3 3 1
split_gain=73.2424 17.5237 7.88696 5.59241 3.82266 3.35237 3.14498 2.42805 2.1612 2.01892 3.12312 2.00895 1.79184 1.55765
threshold=8.4607683913729108 13.337088791184405 11.147097430190149 14.950000000000001 4.5564740129837675 3.6492108688874278 12.29857702154407 11.950000000000001 3.778065330117284 2.8029010331479989 12.475414419201618 11.159522765408557 13.973415881253521 12.545843877195823
decision_type=2 2 2 10 2 10 2 10 8 2 2 2 2 2
left_child=1 13 3 5 6 -2 7 8 -3 10 -5 -11 -4 -1
right_child=2 4 12 9 -6 -7 -8 -9 -10 11 -12 -13 -14 -15
leaf_value=0 0.02988081262142658 0 0.01704295010139581 0 1.6568231856507041e-05 0 0 0 0 -0.0014933380017657278 0 0.050448050425950269 0.11727213321215582 0
leaf_weight=2927 96 137 90 123 35 25 64 586 62 45 47 21 42 517
leaf_count=2927 96 137 90 123 35 25 64 586 62 45 47 21 42 517
internal_value=-0.0118337 -0.0130769 -0.000826531 -0.00314246 -0.00928814 0.00209016 -0.00968824 -0.0102099 -0.007275 -0.00582278 -0.00754386 -0.00134328 0.00541353 -0.0140464
internal_weight=4817 4328 489 357 884 121 849 785 199 236 170 66 132 3444
internal_count=4817 4328 489 357 884 121 849 785 199 236 170 66 132 3444
is_linear=0
shrinkage=0.03


Tree=10
num_leaves=15
num_cat=0
split_feature=1 5 3 3 8 8 3 7 13 3 7 3 1 1
split_gain=55.6061 28.9942 10.462 4.2788 5.29194 3.51043 3.35638 3.07593 2.79233 2.96186 2.44078 2.00103 2.53481 1.96455
threshold=13.337088791184405 4.6509353449108879 12.654995828779738 9.3337298135907236 21.250000000000004 15.250000000000002 11.979436138389845 7.1500000000000012 3.7548583707494827 7.8383430045777098 7.0500000000000007 13.525210686050466 14.737555286823486 12.019951740029805
decision_type=2 2 2 2 10 10 2 2 8 2 2 2 2 2
left_child=3 2 5 -1 13 8 -3 -7 9 -2 -6 12 -4 -5
right_child=1 6 11 4 10 7 -8 -9 -10 -11 -12 -13 -14 -15
leaf_value=0 0 0.0050934173909964308 0.020794415473937986 0 0 0 0.10240292289428547 0.0074720596005316033 0 0 0 0.049510891723898678 0 0
leaf_weight=3093 106 125 33 25 364 527 68 22 141 157 36 47 43 58
leaf_count=3093 106 125 33 25 364 527 68 22 141 157 36 47 43 58
internal_value=-0.0118397 -0.00643701 -0.00835655 -0.0137545 -0.011064 -0.00941824 0.00425258 -0.0109909 -0.00725926 -0.00539773 -0.0124938 -0.000120968 -0.00311688 -0.00410714
internal_weight=4845 1269 1076 3576 483 953 193 549 404 263 400 123 76 83
internal_count=4845 1269 1076 3576 483 953 193 549 404 263 400 123 76 83
is_linear=0
shrinkage=0.03


Tree=11
num_leaves=15
num_cat=0
split_feature=4 1 4 5 2 5 0 3 8 3 13 13 13 1
split_gain=68.4435 19.835 10.8983 6.17693 3.3333 4.33443 2.6426 4.12663 2.41607 3.0056 3.16414 1.83942 3.37139 2.33466
threshold=8.4906436663666032 13.337088791184405 11.234086828722145 1.9756218592907138 10.192474875139002 4.8080777094243183 14.602285459743063 8.5707812596264734 22.650000000000002 11.608635706913551 3.778065330117284 3.6648081903846972 3.2382469280042359 14.52003502023223
decision_type=2 2 2 2 2 2 2 2 10 2 8 10 10 2
left_child=1 6 3 -2 -3 8 -1 -8 9 10 -6 12 13 -5
right_child=2 4 -4 11 5 -7 7 -9 -10 -11 -12 -13 -14 -15
leaf_value=0 0 0 0.060321925583021276 -0.0017360369163236969 0 0.031814733315876108 0 0 0 0.042259789693856416 0 -0.00065974850932479798 0.09035611989856536 0.035763925574842592
leaf_weight=3233 215 178 125 42 247 25 185 39 320 20 102 24 26 40
leaf_count=3233 215 178 125 42 247 25 185 39 320 20 102 24 26 40
internal_value=-0.0118675 -0.0130448 -0.0010148 -0.00375 -0.00903695 -0.0080979 -0.0140761 -0.0108 -0.00854348 -0.00685135 -0.0075 0.00135338 0.00302752 0
internal_weight=4821 4349 472 347 892 714 3457 224 689 369 349 132 108 82
internal_count=4821 4349 472 347 892 714 3457 224 689 369 349 132 108 82
is_linear=0
shrinkage=0.03


Tree=12
num_leaves=15
num_cat=0
split_feature=5 2 7 8 2 2 2 7 2 10 0 7 13 2
split_gain=52.3289 23.9195 12.0911 8.95855 7.30616 3.70945 3.47099 3.12076 3.37878 2.83958 2.61845 2.25415 2.05676 1.97549
threshold=4.8302938114281213 10.563355831337747 7.1500000000000012 16.250000000000004 13.062410028312842 10.141489978654711 12.784988833329583 5.3100000000000014 12.935225995097626 -0.98161783906437006 13.561274917818178 5.9350000000000014 3.0504854687730614 12.143402953424633
decision_type=2 2 2 10 2 2 2 2 2 2 2 2 8 2
left_child=1 10 3 9 5 -2 -4 -5 -9 -3 -1 12 -11 -13
right_child=4 2 6 7 -6 -7 -8 8 -10 11 -12 13 -14 -15
leaf_value=0 0 0.020794415473937986 -0.00080629177093505852 0 0.094955889708750671 4.9905216633843321e-05 0.058813238890105701 0 0 0 0 0 0 0.085516751519338241
leaf_weight=2404 40 26 31 55 83 142 43 699 193 101 723 55 181 20
leaf_count=2404 40 26 31 55 83 142 43 699 193 101 723 55 181 20
internal_value=-0.0118824 -0.0126401 -0.00937367 -0.0100301 0.00107143 -0.00229508 0.0024 -0.0115981 -0.0120269 -0.00613281 -0.0141033 -0.00682961 -0.00805654 -0.00217105
internal_weight=4796 4531 1404 1330 265 182 74 947 892 383 3127 357 282 75
internal_count=4796 4531 1404 1330 265 182 74 947 892 383 3127 357 282 75
is_linear=0
shrinkage=0.03


Tree=13
num_leaves=15
num_cat=0
split_feature=1 7 3 2 7 8 7 8 3 3 13 7 3 13
split_gain=55.7476 15.7848 8.75703 6.8366 7.16341 6.1398 4.777 4.45514 2.9675 2.87809 2.64508 2.38709 2.10214 2.0269
threshold=13.611476292324143 7.1500000000000012 9.1219731729390219 10.192474875139002 6.8500000000000005 23.250000000000004 5.9350000000000014 17.450000000000003 12.475414419201618 9.7193242967978595 4.3453177057121399 5.3100000000000014 11.230373390735043 2.6773443836690194
decision_type=2 2 2 2 2 10 2 10 2 2 8 2 2 8
left_child=3 2 -2 -1 7 6 10 9 -7 -5 -4 -9 -3 -8
right_child=1 12 5 4 -6 8 13 11 -10 -11 -12 -13 -14 -15
leaf_value=0 0 -0.0017735569371210935 0 0 0 0 0.081187381601563302 0 0 0 0 0 0.071614073523481869 0
leaf_weight=2806 392 22 142 129 73 167 44 35 102 46 31 604 61 146
leaf_count=2806 392 22 142 129 73 167 44 35 102 46 31 604 61 146
internal_value=-0.0118288 -0.00591606 -0.00693659 -0.0135991 -0.0112669 -0.00473934 -0.00218407 -0.0120736 -0.00816667 -0.00775568 -0.00577586 -0.0132422 0.00660714 0.00109948
internal_weight=4800 1107 1024 3693 887 632 363 814 269 175 173 639 83 190
internal_count=4800 1107 1024 3693 887 632 363 814 269 175 173 639 83 190
is_linear=0
shrinkage=0.03


Tree=14
num_leaves=15
num_cat=0
split_feature=4 2 4 8 8 13 3 3 3 3 9 13 5 2
split_gain=60.7222 14.5441 7.85883 6.22467 4.06504 4.76199 3.74471 2.09059 2.06104 1.95895 1.94735 1.87547 1.65367 1.49234
threshold=8.4607683913729108 10.671556603053295 11.234086828722145 17.045000000000005 16.050000000000004 3.6492108688874278 12.535955299665927 9.1776094249853042 13.973415881253521 12.598603321205756 1.0000000180025095e-35 4.2513567705528477 4.8597447956806157 12.71972896264368
decision_type=2 2 2 10 10 10 2 2 2 2 2 8 2 2
left_child=1 -1 4 7 5 -2 -5 -3 -4 12 -11 13 -6 -9
right_child=2 3 8 6 9 -7 -8 11 -10 10 -12 -13 -14 -15
leaf_value=0 0.019433005785928131 0 0.015031625466338554 0 0 0 0 0 0.11098895548084564 -0.00061447497725486758 0.023429961874082993 0 -0.0016090517044680551 0.020794415473937986
leaf_weight=3183 110 165 82 727 121 35 54 102 37 26 22 34 46 27
leaf_count=3183 110 165 82 727 121 35 54 102 37 26 22 34 46 27
internal_value=-0.0119164 -0.0130468 -0.00178125 -0.0100676 -0.00398892 -0.00010274 -0.0115281 -0.00656535 0.004875 -0.00659722 -0.00122449 -0.00411585 -0.008125 -0.00242308
internal_weight=4771 4292 479 1109 360 145 781 328 119 215 48 163 167 129
internal_count=4771 4292 479 1109 360 145 781 328 119 215 48 163 167 129
is_linear=0
shrinkage=0.03


Tree=15
num_leaves=15
num_cat=0
split_feature=4 1 4 13 4 2 10 4 5 3 13 13 13 13
split_gain=65.0038 24.1621 4.18336 2.98293 2.94939 3.55332 2.9269 2.46025 1.94017 1.81638 2.91618 3.53062 1.35853 2.28999
threshold=9.5543149823730786 13.337088791184405 12.260750605690449 3.8611811089553809 3.2864907994982535 13.364268130469441 -0.96648588260150559 8.0295956805110347 8.7198051976063677 11.190658846154806 3.2877271959001342 2.8179377420832226 3.4542313369358211 3.2491140255292739
decision_type=2 2 2 8 2 2 2 2 2 2 10 10 8 10
left_child=1 7 3 8 5 -3 -6 -1 9 -2 11 -11 13 -8
right_child=2 4 -4 -5 6 -7 12 -9 -10 10 -12 -13 -14 -15
leaf_value=0 -0.00018046564096802067 0 0.11073778544395466 -0.0011976603415646304 0.020482499241828919 0 0 0 0.046933956373335549 0.03261782118419683 0.047763713903579939 -0.00060511749029159548 0 0
leaf_weight=3364 40 490 49 41 22 88 206 100 52 35 32 61 106 51
leaf_count=3364 40 490 49 41 22 88 206 100 52 35 32 61 106 51
internal_value=-0.0119259 -0.0128557 0.00135048 -0.000171756 -0.00863589 -0.01 -0.00656736 -0.014026 0.00122172 -0.00035503 0.00139535 -0.00123711 -0.00721154 -0.00598837
internal_weight=4737 4427 310 261 963 578 385 3464 220 168 128 96 363 257
internal_count=4737 4427 310 261 963 578 385 3464 220 168 128 96 363 257
is_linear=0
shrinkage=0.03


Tree=16
num_leaves=15
num_cat=0
split_feature=3 7 1 5 3 5 1 2 5 1 2 0 7 12
split_gain=62.5119 17.1098 13.3055 11.3945 6.37447 3.60271 3.11441 2.78284 2.64391 2.34769 2.05005 2.02904 1.95918 2.26936
threshold=10.124288358556834 7.0500000000000007 13.337088791184405 2.8029010331479989 13.144762478565157 4.8080777094243183 13.041740459477465 13.221010287738812 4.4216271383685681 15.646327120686861 10.240325793239641 12.582400599299394 5.3100000000000014 2.5000000000000004
decision_type=2 2 2 2 2 2 2 2 2 2 2 2 2 10
left_child=2 3 8 4 6 12 -2 -5 11 -3 -10 -1 13 -4
right_child=1 9 5 7 -6 -7 -8 -9 10 -11 -12 -13 -14 -15
leaf_value=0 0 0.020525402968883513 0 -0.0011177173977757907 0.020109670142424246 -0.00015488486153782894 0 0.080358882500338763 0 0.11688587353308057 -1.4971564990152996e-06 0 0 0
leaf_weight=2138 208 88 74 78 49 52 385 45 30 29 26 1093 492 32
leaf_count=2138 208 88 74 78 49 52 385 45 30 29 26 1093 492 32
internal_value=-0.0116421 -0.00441676 -0.0132593 -0.00605091 -0.00765163 -0.00930876 -0.0085101 0.00229839 -0.0140374 0.00622881 -0.00736842 -0.0141507 -0.00996661 -0.00616822
internal_weight=4819 882 3937 765 642 650 593 123 3287 117 56 3231 598 106
internal_count=4819 882 3937 765 642 650 593 123 3287 117 56 3231 598 106
is_linear=0
shrinkage=0.03


Tree=17
num_leaves=15
num_cat=0
split_feature=4 2 4 7 8 8 4 0 7 13 7 0 2 7
split_gain=79.302 15.3865 8.36779 6.95417 6.95987 3.9765 3.94708 2.81677 2.35853 1.97416 1.90885 1.66761 1.66399 1.60096
threshold=8.5748014995806869 10.593009351097995 9.5543149823730786 7.1500000000000012 17.045000000000005 14.950000000000001 12.260750605690449 12.641914153484741 5.3100000000000014 3.8751853611983891 5.9350000000000014 14.002122895331874 12.684751729261819 6.4500000000000011
decision_type=2 2 2 2 10 10 2 2 2 8 2 2 2 2
left_child=1 7 5 4 9 10 13 -1 -6 11 -2 -3 -10 -4
right_child=2 3 6 -5 8 -7 -8 -9 12 -11 -12 -13 -14 -15
leaf_value=0 -0.00055160435357589591 0 -0.00064567699450396722 0.019506494994349477 0 0 0.11509009725297711 0 0 0 0.033190762283268227 0 0 0.007463443439218855
leaf_weight=2095 21 48 110 40 58 100 46 1108 555 106 34 197 161 155
leaf_count=2095 21 48 110 40 58 100 46 1108 555 106 34 197 161 155
internal_value=-0.0117642 -0.013019 0 -0.0100472 -0.010484 -0.00567308 0.00283654 -0.0140964 -0.0120774 -0.00694602 0.000803571 -0.00542683 -0.0125523 0.00140977
internal_weight=4834 4368 466 1165 1125 155 311 3203 774 351 55 245 716 265
internal_count=4834 4368 466 1165 1125 155 311 3203 774 351 55 245 716 265
is_linear=0
shrinkage=0.03


Tree=18
num_leaves=15
num_cat=0
split_feature=4 1 1 8 2 13 8 7 13 2 4 2 7 8
split_gain=68.9941 19.3273 5.6621 4.44539 3.60704 3.42592 3.32573 3.5024 2.8108 2.46549 2.2298 2.14413 2.10524 3.37772
threshold=8.4607683913729108 13.337088791184405 14.291984951107102 20.650000000000002 14.932842352671233 3.9961231750572668 14.750000000000002 7.1500000000000012 3.9961231750572668 12.747063926192498 9.5303928185269982 12.569364864700374 7.1500000000000012 26.350000000000005
decision_type=2 2 2 10 2 8 10 2 8 2 2 2 2 10
left_child=1 11 3 -2 5 12 8 -8 9 -3 -5 -1 13 -4
right_child=2 6 4 10 -6 -7 7 -9 -10 -11 -12 -13 -14 -15
leaf_value=0 1.6548130607276877e-05 0 0.015795717372947996 0 0.10992511035002361 -0.0020350526537559577 0 0.012019965298345968 0 0.020170583009719849 -0.0007930909832212222 0 0.065191375693203824 -0.00081086726875941333
leaf_weight=3378 86 213 136 60 33 40 549 25 83 23 71 24 26 33
leaf_count=3378 86 213 136 60 33 40 549 25 83 23 71 24 26 33
internal_value=-0.0117465 -0.0129574 -0.00101852 -0.00461009 0.00189591 0.000572034 -0.00901007 -0.0103826 -0.00651562 -0.00481013 -0.00806818 -0.0139906 0.00221939 0.000970588
internal_weight=4780 4295 485 217 268 235 893 574 319 236 131 3402 195 169
internal_count=4780 4295 485 217 268 235 893 574 319 236 131 3402 195 169
is_linear=0
shrinkage=0.03


Tree=19
num_leaves=15
num_cat=0
split_feature=1 5 3 2 7 8 8 13 7 13 3 3 3 7
split_gain=59.7456 20.6113 11.1817 5.45511 4.83583 4.23011 3.92584 3.81443 3.26353 2.83874 2.91821 2.69294 2.61717 2.58375
threshold=13.611476292324143 4.8080777094243183 12.824900386835091 10.192474875139002 6.8500000000000005 8.2500000000000018 17.450000000000003 3.6382257342664466 7.0500000000000007 3.6730601001066518 8.2501630565630126 10.182150943687448 12.095874985623835 7.1500000000000012
decision_type=2 2 2 2 2 10 10 8 2 8 2 2 2 2
left_child=3 2 5 -1 6 9 11 12 -7 10 -2 -5 -3 -4
right_child=1 7 13 4 -6 8 -8 -9 -10 -11 -12 -13 -14 -15
leaf_value=0 0 0.030877883193790517 0 0 0 0 0 -0.0010971007093126188 0 0 0.031710704326629639 0.0053468682942700947 0.11126001672588771 0.040726910895345102
leaf_weight=2840 23 90 84 146 71 641 627 40 36 40 47 24 48 30
leaf_count=2840 23 90 84 146 71 641 627 40 36 40 47 24 48 30
internal_value=-0.0118452 -0.005625 -0.00746674 -0.0136533 -0.0115305 -0.00873731 -0.0121992 0.00368715 -0.00962389 -0.00324324 0.000422535 -0.00807018 0.00604317 0.00130435
internal_weight=4787 1079 901 3708 868 787 797 178 677 110 70 170 138 114
internal_count=4787 1079 901 3708 868 787 797 178 677 110 70 170 138 114
is_linear=0
shrinkage=0.03


Tree=20
num_leaves=15
num_cat=0
split_feature=3 5 7 2 8 5 8 2 13 7 3 2 13 7
split_gain=51.7518 17.0138 10.6933 10.3322 8.86462 5.84278 4.05707 3.56562 3.49545 3.04326 2.87953 1.56292 1.48362 1.43581
threshold=10.124288358556834 4.7378500727117379 7.0500000000000007 10.509829925185983 17.950000000000003 4.4216271383685681 14.750000000000002 13.221010287738812 4.3870179039720485 5.1500000000000012 12.654995828779738 11.458579827520415 2.8147950402180517 7.5500000000000007
decision_type=2 2 2 2 10 2 10 2 8 2 2 2 10 2
left_child=3 2 4 -1 8 6 -5 -3 11 -8 -6 -2 -12 -4
right_child=1 7 13 5 10 -7 9 -9 -10 -11 12 -13 -14 -15
leaf_value=0 0.033074720954760654 -0.00021574180412533534 0.0030724870290067875 0 0 -1.4522418040448405e-06 0 0.086205273707673058 -0.00016090249274632113 0 0.010625695192351599 0 -0.00062383246421813957 0.05191658483120435
leaf_weight=3088 23 92 54 201 401 62 35 68 25 495 22 99 59 28
leaf_count=3088 23 92 54 201 401 62 35 68 25 495 22 99 59 28
internal_value=-0.0118977 -0.00528096 -0.00726826 -0.013381 -0.00859524 -0.010296 -0.0110451 0.00354037 -0.00212838 -0.0124294 -0.010559 0 -0.00530488 0.00289157
internal_weight=4752 871 711 3881 629 793 731 160 147 530 482 122 81 82
internal_count=4752 871 711 3881 629 793 731 160 147 530 482 122 81 82
is_linear=0
shrinkage=0.03


Tree=21
num_leaves=15
num_cat=0
split_feature=4 1 4 2 4 8 4 7 13 0 13 8 8 13
split_gain=69.321 20.1813 6.25895 4.10626 3.39739 3.29812 3.45315 3.15112 3.44385 2.87659 2.15882 1.74168 1.5396 1.45729
threshold=8.4607683913729108 13.337088791184405 12.420008195419644 13.286088946656212 5.1887727260549532 15.050000000000002 9.6223009939731146 5.3100000000000014 3.5893882021136334 12.582400599299394 3.6382257342664466 20.950000000000003 9.4250000000000025 3.0214993776526815
decision_type=2 2 2 2 2 10 2 2 8 2 8 10 10 8
left_child=1 9 5 4 7 10 -7 8 -3 -1 -2 -5 -12 -8
right_child=2 3 -4 11 -6 6 13 -9 -10 -11 12 -13 -14 -15
leaf_value=0 0.037543914610075835 0 0.099754260055288063 0.018317800590991973 0 0 0.0047206904632843653 0 0 0 -0.0014246327091588277 0 1.6051686689058571e-05 -0.00074939202745244059
leaf_weight=2220 112 70 46 31 200 109 68 461 45 1226 20 92 22 97
leaf_count=2220 112 70 46 31 200 109 68 461 45 1226 20 92 22 97
internal_value=-0.0117168 -0.012905 -0.000821053 -0.00888333 -0.00969112 -0.00195804 -0.00392727 -0.0108666 -0.00633621 -0.0139513 0.00154839 -0.00375 -0.00418605 -0.0011747
internal_weight=4819 4345 474 899 776 428 274 576 115 3446 154 123 42 165
internal_count=4819 4345 474 899 776 428 274 576 115 3446 154 123 42 165
is_linear=0
shrinkage=0.03


Tree=22
num_leaves=15
num_cat=0
split_feature=4 1 3 1 0 7 8 13 0 5 7 7 13 3
split_gain=71.8578 17.7447 6.7995 5.15957 3.3259 3.14102 2.66406 2.48371 2.47891 2.41666 2.15334 2.32192 1.88467 1.68314
threshold=8.0823131798589305 13.337088791184405 12.746372352841631 14.260421846505684 12.458314665107652 7.1500000000000012 13.550000000000002 2.8044139832120263 14.687257649141923 7.7581800759162443 5.1500000000000012 7.1500000000000012 3.4851930043529169 8.5707812596264734
decision_type=2 2 2 2 2 2 10 8 2 2 2 2 8 2
left_child=1 8 6 4 -2 7 -3 -5 -1 -6 12 -12 -8 -10
right_child=3 2 -4 5 9 -7 10 -9 13 -11 11 -13 -14 -15
leaf_value=0 0 0 1.8714973926544187e-05 0.055683655644614138 -4.9644391821830632e-07 0.069476418259925996 0.020794415473937986 -0.00047387152118843985 0 0.032430926289819376 0 -0.0031504150769001487 0 0
leaf_weight=3215 71 260 33 63 175 40 27 186 172 22 502 20 20 40
leaf_count=3215 71 260 33 63 175 40 27 186 172 22 502 20 20 40
internal_value=-0.0118341 -0.0131503 -0.00928158 -0.00169355 -0.00468401 0.00108621 -0.00981325 -0.00018 -0.0141205 -0.00265152 -0.0109737 -0.0115296 -0.0046875 -0.0108451
internal_weight=4846 4289 862 557 268 289 829 249 3427 197 569 522 47 212
internal_count=4846 4289 862 557 268 289 829 249 3427 197 569 522 47 212
is_linear=0
shrinkage=0.03


Tree=23
num_leaves=15
num_cat=0
split_feature=4 1 1 2 5 13 5 7 4 2 2 13 0 0
split_gain=80.3729 21.0989 5.26793 3.83175 2.99839 3.07889 2.75753 3.16766 2.62392 2.19608 3.39409 2.143 2.8182 2.01464
threshold=8.1142496741851442 13.337088791184405 11.695636494254719 13.286088946656212 11.267245234223749 4.4885288877379583 4.8302938114281213 5.3100000000000014 3.5904155995222786 11.353460677783552 13.286088946656212 3.6730601001066518 15.107546119942809 12.582400599299394
decision_type=2 2 2 2 2 10 2 2 2 2 2 8 2 2
left_child=1 13 -2 6 5 9 7 11 -9 -4 -11 12 -3 -1
right_child=2 3 4 -5 -6 -7 -8 8 -10 10 -12 -13 -14 -15
leaf_value=0 0 0.020794415473937986 5.8805561281369944e-05 0 0.17022532710563654 -0.0029814537419902854 0.020644177158246294 0 0 -0.00049375023855999668 0.0094102303995062427 0 0 0
leaf_weight=2211 52 39 85 117 20 23 23 380 228 219 134 34 33 1184
leaf_count=2211 52 39 85 117 20 23 23 380 228 219 134 34 33 1184
internal_value=-0.0116287 -0.0130059 -0.000646067 -0.00877193 0.000342324 -0.000162338 -0.00957317 -0.0099021 -0.0107389 0.000410023 -0.000635593 -0.00504673 -0.00205479 -0.014068
internal_weight=4782 4249 533 854 481 461 737 714 608 438 353 106 72 3395
internal_count=4782 4249 533 854 481 461 737 714 608 438 353 106 72 3395
is_linear=0
shrinkage=0.03


Tree=24
num_leaves=15
num_cat=0
split_feature=4 1 4 3 1 5 3 3 0 7 3 3 0 1
split_gain=70.8897 19.8984 7.26555 5.23198 4.08501 2.83253 2.34522 2.16607 1.99371 1.88095 2.11357 1.70943 1.43646 1.31477
threshold=8.0823131798589305 13.337088791184405 11.234086828722145 12.746372352841631 11.497842179198281 4.5564740129837675 12.021836943696071 13.973415881253521 12.582400599299394 5.4150000000000009 7.0275343252732902 10.839061037147625 15.792745742412928 14.365672629852632
decision_type=2 2 2 2 2 2 2 2 2 2 2 2 2 2
left_child=1 8 4 5 -2 9 11 -4 -1 -3 -11 13 -13 -6
right_child=2 3 7 -5 6 -7 -8 -9 -10 10 -12 12 -14 -15
leaf_value=0 0 0 0.019965921226119804 1.815352470874786e-05 -0.00014557864835375639 0.0099373067639036052 -0.0012888360131650929 0.098397496182203711 0 0 0 1.4827400474346448e-05 -0.00044484286839598677 2.9028652792453096e-05
leaf_weight=2202 40 170 83 34 99 28 96 41 1188 189 420 75 48 65
leaf_count=2202 40 170 83 34 99 28 96 41 1188 189 420 75 48 65
internal_value=-0.0117263 -0.0130399 -0.00156022 -0.00888955 -0.0034316 -0.009375 -0.00246094 0.0048 -0.0140666 -0.00971154 -0.0105 -0.00109375 0.00157258 -0.00309091
internal_weight=4778 4231 547 841 423 807 383 124 3390 779 609 287 123 164
internal_count=4778 4231 547 841 423 807 383 124 3390 779 609 287 123 164
is_linear=0
shrinkage=0.03


Tree=25
num_leaves=15
num_cat=0
split_feature=4 1 3 1 2 4 0 8 3 3 8 2 7 2
split_gain=85.1077 16.1937 6.34622 5.4851 3.62712 5.14576 2.65329 2.45247 1.85414 1.81424 2.03368 1.61972 1.35017 1.31152
threshold=8.0823131798589305 13.337088791184405 12.746372352841631 11.497842179198281 11.183489075102157 11.10244828720125 12.582400599299394 13.850000000000003 9.1776094249853042 13.973415881253521 25.750000000000004 13.442382991072124 6.8500000000000005 13.286088946656212
decision_type=2 2 2 2 2 2 2 10 2 2 10 2 2 2
left_child=1 6 7 -2 -5 -6 -1 8 -3 10 13 -9 -8 -7
right_child=3 2 -4 4 5 9 12 11 -10 -11 -12 -13 -14 -15
leaf_value=0 0 0 1.7608918967485426e-05 0.00012523878336012423 -0.00043149758234410721 -0.0023664959307201226 0 0 0 0.089258750827785269 -0.0067560827201864973 0 0 0.058228559139802752
leaf_weight=2215 43 164 32 70 296 23 1131 490 89 44 25 63 27 34
leaf_count=2215 43 164 32 70 296 23 1131 490 89 44 25 63 27 34
internal_value=-0.0116916 -0.0131232 -0.0093683 -0.000419776 0.000486815 -0.000567376 -0.0140531 -0.00988848 -0.00738189 0.00448819 0.00180723 -0.0110199 -0.0128387 0.00491379
internal_weight=4746 4211 838 535 492 422 3373 806 253 126 82 553 1158 57
internal_count=4746 4211 838 535 492 422 3373 806 253 126 82 553 1158 57
is_linear=0
shrinkage=0.03


Tree=26
num_leaves=15
num_cat=0
split_feature=4 0 3 4 8 3 0 7 13 3 13 3 13 8
split_gain=79.6738 15.0998 5.91959 5.59338 3.94911 4.85254 3.39088 3.21892 2.81979 2.24348 2.17889 1.98495 1.92957 1.79331
threshold=8.0823131798589305 13.962708169661443 12.746372352841631 11.234086828722145 13.850000000000003 7.959100860201425 12.426160418593428 7.1500000000000012 3.0214993776526815 13.973415881253521 4.0376906890827202 12.021836943696071 2.4821275047446156 28.405000000000005
decision_type=2 2 2 2 10 2 2 2 8 2 8 2 10 10
left_child=1 -1 4 6 5 -3 13 -6 -5 -10 12 -8 -7 -2
right_child=3 2 -4 8 7 10 11 -9 9 -11 -12 -13 -14 -15
leaf_value=0 0 0 1.7080651398460863e-05 0.087340961006213733 0 -0.00062383246421813957 -5.6209212676951737e-07 0.0060417300002697386 -0.0078002168968732072 0.067774619314859674 0 -0.00075829562145001274 0 -0.00066570577793386245
leaf_weight=3040 37 251 33 50 773 32 252 20 55 24 46 107 110 28
leaf_count=3040 37 251 33 50 773 32 252 20 55 24 46 107 110 28
internal_value=-0.0116691 -0.0130458 -0.0102725 -0.000947653 -0.0106083 -0.00828409 -0.00261176 -0.0118829 0.0045 0.0009375 -0.00460317 -0.00145833 -0.00272727 -0.00886364
internal_weight=4858 4305 1265 553 1232 439 424 793 129 79 188 359 142 65
internal_count=4858 4305 1265 553 1232 439 424 793 129 79 188 359 142 65
is_linear=0
shrinkage=0.03


Tree=27
num_leaves=15
num_cat=0
split_feature=4 1 3 3 7 12 4 2 0 7 2 1 5 9
split_gain=85.2641 21.8247 4.47555 4.46298 3.13373 3.18373 3.07853 3.04003 2.38635 2.20581 1.80571 2.5204 1.6524 1.80488
threshold=8.0823131798589305 13.337088791184405 12.746372352841631 13.973415881253521 5.3100000000000014 2.5000000000000004 3.2864907994982535 14.103061570012814 12.582400599299394 6.9500000000000011 11.53099611618247 13.418238997791887 4.5564740129837675 -0.71017861517036496
decision_type=2 2 2 2 2 10 2 2 2 2 2 2 2 2
left_child=1 8 4 10 5 -3 7 -6 -1 -10 11 -2 13 -8
right_child=3 2 -4 -5 6 -7 12 -9 9 -11 -12 -13 -14 -15
leaf_value=0 0 0 1.6568231856507038e-05 0.074194679027220892 0 0 0 0.014274083034782475 0 0 -0.00052528870027174484 0.027303425467017649 -0.0004483575186088022 0
leaf_weight=2233 107 83 36 46 429 43 37 20 1187 20 363 49 29 195
leaf_count=2233 107 83 36 46 429 43 37 20 1187 20 363 49 29 195
internal_value=-0.011516 -0.0129515 -0.00869416 -0.000556537 -0.00913978 -0.00472441 -0.00991561 -0.0114333 -0.0140279 -0.0129015 -0.00135577 0.00133758 -0.00727099 -0.00811159
internal_weight=4877 4312 872 565 836 126 710 449 3440 1207 519 156 261 232
internal_count=4877 4312 872 565 836 126 710 449 3440 1207 519 156 261 232
is_linear=0
shrinkage=0.03


Tree=28
num_leaves=15
num_cat=0
split_feature=4 1 3 4 8 2 2 7 12 8 7 7 1 1
split_gain=83.7517 20.7831 4.52945 4.43578 3.85068 2.54119 1.84785 1.78317 1.52954 1.45259 1.37467 1.33744 1.25236 2.0013
threshold=8.0823131798589305 13.337088791184405 12.654995828779738 12.613924805169857 14.750000000000002 10.509829925185983 12.143402953424633 7.0500000000000007 2.5000000000000004 7.0035000000000007 6.4500000000000011 5.1500000000000012 14.792543548772683 14.215104513792967
decision_type=2 2 2 2 10 2 2 2 10 10 2 2 2 2
left_child=1 6 4 9 5 -3 -1 11 -7 -2 12 -6 13 -11
right_child=3 2 -4 -5 7 8 -8 -9 -10 10 -12 -13 -14 -15
leaf_value=0 0.02718278632043359 0 1.6071184900811824e-05 0.08499646330064442 0 0 0 0 0 -1.4654004176656649e-06 -1.1222148072824983e-06 0 -0.0024984188316636898 0.017315099520166192
leaf_weight=3334 58 100 36 43 43 149 70 21 58 113 242 479 74 40
leaf_count=3334 58 100 36 43 43 149 70 21 58 113 242 479 74 40
internal_value=-0.0114359 -0.0128711 -0.00875986 -0.000630473 -0.00920094 -0.00647727 -0.0139383 -0.0107261 -0.00454327 -0.00139205 -0.00194681 -0.0110707 -0.00361842 -0.00204545
internal_weight=4860 4290 886 570 850 307 3404 543 207 527 469 522 227 153
internal_count=4860 4290 886 570 850 307 3404 543 207 527 469 522 227 153
is_linear=0
shrinkage=0.03


Tree=29
num_leaves=15
num_cat=0
split_feature=4 1 3 8 3 13 2 3 0 4 13 10 13 2
split_gain=81.0587 20.1885 6.37923 5.18749 3.53975 3.39505 2.64642 2.4972 2.45423 2.19823 1.90749 1.65358 1.62101 1.54635
threshold=8.0823131798589305 13.337088791184405 12.746372352841631 14.750000000000002 13.973415881253521 3.6382257342664466 11.510183997116362 6.8979566397912828 12.641914153484741 11.147097430190149 3.8611811089553809 0.85933278406926539 3.2877271959001342 10.316747152114617
decision_type=2 2 2 10 2 8 2 2 2 2 8 2 10 2
left_child=1 8 3 7 5 6 -2 -3 -1 12 11 -9 -8 -5
right_child=4 2 -4 13 -6 -7 9 10 -10 -11 -12 -13 -14 -15
leaf_value=0 1.7809191195148637e-05 0 1.5589049353787471e-05 0 0.079610074365130595 -0.00085620759222825255 -0.00072807537476518623 0 0 0.042638055324250773 0 0 0.00014350587481638271 0
leaf_weight=2219 118 93 38 113 37 99 184 101 1148 54 57 28 39 438
leaf_count=2219 118 93 38 113 37 99 184 101 1148 54 57 28 39 438
internal_value=-0.0115859 -0.012971 -0.00887227 -0.00942238 -0.000535714 -0.00121212 3.78788e-05 -0.00605357 -0.0140246 -0.00156475 -0.0040107 -0.00196154 -0.00287946 -0.0111141
internal_weight=4766 4235 868 830 531 494 395 279 3367 277 186 129 223 551
internal_count=4766 4235 868 830 531 494 395 279 3367 277 186 129 223 551
is_linear=0
shrinkage=0.03


Tree=30
num_leaves=15
num_cat=0
split_feature=4 1 3 8 3 2 13 0 13 8 7 1 7 3
split_gain=80.0642 19.989 5.41652 4.95111 4.54604 4.22778 2.84488 2.42048 2.2525 2.97792 3.00005 2.32353 2.07314 2.0388
threshold=7.9796728637363268 13.337088791184405 12.746372352841631 17.045000000000005 13.973415881253521 10.509829925185983 3.778065330117284 12.582400599299394 3.9101128528800593 17.250000000000004 5.9350000000000014 12.683773864265648 5.2500000000000009 11.010819583676758
decision_type=2 2 2 10 2 2 8 2 8 10 2 2 2 2
left_child=1 7 3 5 8 -3 -7 -1 9 10 -2 -12 -5 -11
right_child=4 2 -4 12 -6 6 -8 -9 -10 13 11 -13 -14 -15
leaf_value=0 -0.0018694709331453037 0 1.5121377873173849e-05 0 0.067463330132358279 0 0 0 -0.0011110770219285864 -1.6228240989184824e-06 -0.00097456550611104656 0.046023634669175723 0 -8.0523423266261316e-05
leaf_weight=2168 42 134 31 30 47 182 89 1177 81 93 21 113 402 172
leaf_count=2168 42 134 31 30 47 182 89 1177 81 93 21 113 402 172
internal_value=-0.0115911 -0.0130173 -0.00894131 -0.00939737 -0.00102632 -0.00698276 -0.00479779 -0.014072 -0.00183556 -0.000984163 0.0020339 0.00422222 -0.0116397 -0.00298872
internal_weight=4782 4213 868 837 569 405 271 3345 522 441 176 134 432 265
internal_count=4782 4213 868 837 569 405 271 3345 522 441 176 134 432 265
is_linear=0
shrinkage=0.03


Tree=31
num_leaves=15
num_cat=0
split_feature=1 7 3 8 3 8 3 7 7 3 9 7 2 7
split_gain=53.7888 12.3544 9.92337 8.21373 7.03749 6.78363 6.39607 5.04723 2.50756 2.38598 2.20318 2.00624 1.93283 1.95025
threshold=13.337088791184405 7.1500000000000012 8.2952343136664961 14.950000000000001 12.654995828779738 20.650000000000002 8.8895140337679663 6.3500000000000005 5.9350000000000014 11.350281951180872 -0.13484964659005841 5.7500000000000009 10.018845397622426 5.1500000000000012
decision_type=2 2 2 10 2 10 2 2 2 2 2 2 2 2
left_child=2 3 -1 6 12 11 -2 -7 -8 -9 -10 -4 -5 -14
right_child=1 -3 5 4 -6 7 8 9 10 -11 -12 -13 13 -15
leaf_value=0 0 0.036473431478195185 0 0 -0.00043619577259077023 0 0 0 -0.0010994930291175842 3.4552517365096915e-06 0.029041517105290598 0 0 0
leaf_weight=2760 176 76 50 88 90 449 125 134 46 32 75 116 36 531
leaf_count=2760 176 76 50 88 90 449 125 134 46 32 75 116 36 531
internal_value=-0.0115862 -0.00620981 -0.0134712 -0.00697346 -0.00886729 -0.010454 -0.00361702 -0.0119075 -0.00048583 -0.00736527 0.00258197 -0.00502994 -0.00994665 -0.00926937
internal_weight=4784 1243 3541 1167 745 781 422 615 246 166 121 166 655 567
internal_count=4784 1243 3541 1167 745 781 422 615 246 166 121 166 655 567
is_linear=0
shrinkage=0.03


Tree=32
num_leaves=15
num_cat=0
split_feature=3 1 7 5 0 3 3 5 1 2 0 5 2 2
split_gain=62.9011 10.4992 10.1401 7.0097 4.20695 3.02034 2.36042 2.29931 2.21211 2.19056 2.05186 2.03933 2.00311 1.90367
threshold=10.124288358556834 13.123625039321825 7.1500000000000012 4.6509353449108879 13.838839289722005 6.8434830691324935 8.5707812596264734 4.8597447956806157 15.646327120686861 12.539423942966083 14.17178559855537 2.249904835165133 11.510183997116362 14.729299787921002
decision_type=2 2 2 2 2 2 2 2 2 2 2 2 2 2
left_child=1 6 3 4 -2 -3 -1 -7 -4 -5 11 -8 -6 -14
right_child=2 5 8 9 12 7 10 -9 -10 -11 -12 -13 13 -15
leaf_value=0 0 0 0.018132674732446643 -0.0024420400340326499 3.3332310657857591e-05 0 0 -0.0010031655618098006 0.1338240050141184 0.033482743176462493 0 -1.4086745499234955e-06 0 0.036487031134365917
leaf_weight=2745 227 329 71 48 45 376 314 43 22 85 40 25 357 24
leaf_count=2745 227 329 71 48 45 376 314 43 22 85 40 25 357 24
internal_value=-0.0116319 -0.0132765 -0.00438068 -0.0054892 -0.00676606 -0.0100534 -0.0140448 -0.00832143 0.00494681 0.000783582 -0.0117237 -0.0124853 -0.00498829 -0.00569372
internal_weight=4751 3872 879 786 653 748 3124 419 93 133 379 339 426 381
internal_count=4751 3872 879 786 653 748 3124 419 93 133 379 339 426 381
is_linear=0
shrinkage=0.03


Tree=33
num_leaves=15
num_cat=0
split_feature=3 8 1 3 5 3 2 5 10 8 8 12 0 1
split_gain=59.5915 12.0693 11.4477 10.8288 4.30434 4.07059 2.83346 2.88422 2.16339 1.56165 1.51135 1.44563 1.7372 1.43969
threshold=9.9123971443513614 20.250000000000004 13.123625039321825 12.654995828779738 4.4216271383685681 12.29857702154407 9.629034242963936 4.8302938114281213 -0.98161783906437006 12.65 15.250000000000002 1.0000000180025095e-35 15.07751808884124 13.149464424536584
decision_type=2 10 2 2 2 2 2 2 2 10 10 10 2 2
left_child=2 5 4 -3 -1 10 -4 8 -8 11 13 -10 -13 -2
right_child=1 3 6 -5 -6 -7 7 -9 9 -11 -12 12 -14 -15
leaf_value=0 0.014918597995281176 0 0 2.7253625054833875e-05 0 0.052645332220023031 0 -0.0019581224779237974 0 0 -0.00078505031729146884 0 0 0
leaf_weight=3080 22 511 184 128 49 64 35 38 40 345 71 34 63 173
leaf_count=3080 22 511 184 128 49 64 35 38 40 345 71 34 63 173
internal_value=-0.0115926 -0.00493299 -0.0132592 -0.00733594 -0.0140559 -0.000271903 -0.00987162 -0.00876799 -0.00935328 -0.00987578 -0.00191011 -0.00706522 -0.00903061 -0.000535714
internal_weight=4837 969 3868 639 3129 330 739 555 517 482 266 137 97 195
internal_count=4837 969 3868 639 3129 330 739 555 517 482 266 137 97 195
is_linear=0
shrinkage=0.03


Tree=34
num_leaves=15
num_cat=0
split_feature=4 1 3 4 8 4 0 2 9 8 4 9 2 3
split_gain=86.1609 21.9073 6.12482 4.45927 3.20052 3.04574 2.81494 2.58558 1.9986 1.66801 1.6525 1.60904 1.65932 1.50949
threshold=7.9796728637363268 13.337088791184405 12.746372352841631 12.613924805169857 13.250000000000002 8.0823131798589305 12.582400599299394 10.563355831337747 -0.69773067844015058 5.9855000000000009 5.0255225584468723 0.37662760538417284 11.231682607372203 7.3645445576078314
decision_type=2 2 2 2 10 2 2 2 2 10 2 2 2 2
left_child=1 6 4 5 7 -2 -1 -3 -9 -7 -6 12 -12 -8
right_child=3 2 -4 -5 10 9 13 8 -10 -11 11 -13 -14 -15
leaf_value=0 4.8684722967554472e-08 0 2.6936000963056726e-05 0.12421574039635264 0 0.060073214316813971 0 3.2984790873527524e-05 0 -0.00020098324414432258 0 0 2.3551509518744066e-05 0
leaf_weight=2206 23 75 33 33 451 33 807 37 135 463 24 43 37 436
leaf_count=2206 23 75 33 33 451 33 807 37 135 463 24 43 37 436
internal_value=-0.0115361 -0.0129732 -0.0085945 -0.000379747 -0.00911582 -0.00106731 -0.0140304 -0.00622984 -0.00416185 -0.00156942 -0.0103867 -0.00685714 -0.00362903 -0.0128416
internal_weight=4836 4284 835 552 802 519 3449 247 172 496 555 104 61 1243
internal_count=4836 4284 835 552 802 519 3449 247 172 496 555 104 61 1243
is_linear=0
shrinkage=0.03


Tree=35
num_leaves=15
num_cat=0
split_feature=4 1 3 0 4 13 8 3 10 3 0 3 1 5
split_gain=97.6623 22.7299 5.98988 3.93867 3.74034 3.64024 3.53382 6.34104 2.76229 2.74204 2.67346 4.20529 2.39603 1.74935
threshold=7.9796728637363268 13.337088791184405 12.746372352841631 13.195931598429807 11.234086828722145 3.0659318822730923 17.045000000000005 10.147775878577606 -0.86926070542861777 11.767225937358594 14.687257649141923 8.5707812596264734 15.059385174032492 5.5063467647075539
decision_type=2 2 2 2 2 8 10 2 2 2 2 2 2 2
left_child=1 10 6 5 9 -2 7 8 -3 -5 13 -12 -9 -1
right_child=3 2 -4 4 -6 -7 -8 12 -10 -11 11 -13 -14 -15
leaf_value=0 6.1980642737817075e-06 0 2.6127920934165023e-05 -0.00018504401521595527 0.028918652352299942 -0.00016663727087165393 0 0.019565465519428251 0 -0.0012847827046820384 0 0 -0.0011733664819478986 0
leaf_weight=3141 71 58 33 226 117 41 424 39 268 122 169 34 23 23
leaf_count=3141 71 58 33 226 117 41 424 39 268 122 169 34 23 23
internal_value=-0.0112891 -0.0128744 -0.00845745 0.000285467 -0.000933476 0.00530973 -0.00896679 -0.00686375 -0.00853211 -0.00249284 -0.0139801 -0.0105147 0.00190476 -0.0141991
internal_weight=4789 4212 845 577 465 112 812 388 326 348 3367 203 62 3164
internal_count=4789 4212 845 577 465 112 812 388 326 348 3367 203 62 3164
is_linear=0
shrinkage=0.03


Tree=36
num_leaves=15
num_cat=0
split_feature=4 1 3 4 0 13 2 4 2 3 0 13 9 13
split_gain=92.5387 24.4571 6.59821 3.41693 3.0641 2.62009 3.42849 3.34329 2.16927 1.99748 2.5882 1.62999 1.64673 1.45103
threshold=7.9796728637363268 13.337088791184405 12.746372352841631 4.6798110373459698 12.582400599299394 3.6257579348316238 11.396311975658071 11.234086828722145 11.806637438131295 7.3645445576078314 14.715189673089524 3.2787440624007824 0.37662760538417284 4.1847270233274516
decision_type=2 2 2 2 2 8 2 2 2 2 2 10 2 10
left_child=1 4 3 13 -1 6 -2 11 -7 -6 -11 -8 -13 -3
right_child=5 2 -4 -5 9 8 7 -9 -10 10 -12 12 -14 -15
leaf_value=0 2.5362804165463669e-05 0 2.5344083306140073e-05 0 0 -0.00091411937557045648 -0.00070428282397415375 0.038740922783033302 -0.00075261607533875661 0 0 -0.00095731639367951623 0.026429774662852887 0
leaf_weight=2202 122 520 38 205 794 37 206 80 73 342 66 26 21 92
leaf_count=2202 122 520 38 205 794 37 206 80 73 342 66 26 21 92
internal_value=-0.0113285 -0.0128415 -0.00828855 -0.00885697 -0.0139824 7.95053e-05 0.00108553 -0.000494012 -0.00405405 -0.0127182 -0.0109291 -0.00218504 0.0028125 -0.00998369
internal_weight=4824 4259 855 817 3404 565 455 333 110 1202 408 253 47 612
internal_count=4824 4259 855 817 3404 565 455 333 110 1202 408 253 47 612
is_linear=0
shrinkage=0.03


Tree=37
num_leaves=15
num_cat=0
split_feature=4 1 3 3 13 8 3 13 5 8 13 0 13 13
split_gain=98.6896 18.3757 4.49969 4.10578 3.17246 2.74852 3.27607 2.28782 2.28405 2.02312 2.00789 1.61459 1.29175 1.91495
threshold=7.7806140478348569 13.337088791184405 12.746372352841631 13.973415881253521 3.6257579348316238 17.045000000000005 6.8434830691324935 3.7660248318844647 5.5063467647075539 7.0035000000000007 2.8179377420832226 12.582400599299394 3.2742027639931908 3.3793689636457813
decision_type=2 2 2 2 8 10 2 10 2 10 8 2 10 10
left_child=1 8 5 4 9 6 -3 10 11 -2 -8 -1 -11 -14
right_child=3 2 -4 -5 -6 -7 7 -9 -10 12 -12 -13 13 -15
leaf_value=0 0.058275808323641071 0 2.4583760806955872e-05 0.067664640878780505 -0.00073003759307859383 0 0 0 0 0 0 0 0.070289722210023442 -3.1974594921583828e-05
leaf_weight=2185 43 134 29 44 109 422 61 69 23 334 116 1187 28 42
leaf_count=2185 43 134 29 44 109 422 61 69 23 334 116 1187 28 42
internal_value=-0.0114357 -0.0130518 -0.00903245 -4.99168e-05 -0.000754039 -0.00945205 -0.00755906 -0.00546559 -0.0140327 0.000368304 -0.0036236 -0.0140972 -0.000296296 0.00338028
internal_weight=4826 4226 831 600 556 802 380 246 3395 447 177 3372 404 70
internal_count=4826 4226 831 600 556 802 380 246 3395 447 177 3372 404 70
is_linear=0
shrinkage=0.03


Tree=38
num_leaves=15
num_cat=0
split_feature=4 1 3 3 8 2 0 3 13 13 4 4 2 8
split_gain=90.6909 20.0141 4.85747 3.03533 2.81936 3.78333 2.61668 3.03849 2.45666 2.20815 2.34393 2.1339 3.7946 1.8202
threshold=7.7806140478348569 13.337088791184405 12.746372352841631 13.973415881253521 15.750000000000002 10.509829925185983 14.602285459743063 7.4080759066141182 4.0108909220604785 3.6382257342664466 8.4607683913729108 8.0125150787298072 11.183489075102157 5.9855000000000009
decision_type=2 2 2 2 10 2 2 2 10 8 2 2 2 10
left_child=1 6 4 9 5 -3 -1 -8 -7 11 -11 -2 -13 -14
right_child=3 2 -4 -5 -6 8 7 -9 -10 10 -12 12 13 -15
leaf_value=0 0 0 2.3846247982747196e-05 0.053206279326989472 0 0 0 0 0 5.549924859523714e-05 -0.0014033232712550088 5.2545218183501418e-06 0.044350226111910744 -0.00057568692371110679
leaf_weight=3149 43 126 35 40 457 171 156 75 50 20 93 92 23 296
leaf_count=3149 43 126 35 40 457 171 156 75 50 20 93 92 23 296
internal_value=-0.0114108 -0.0129704 -0.00880357 -0.000567434 -0.0092795 -0.00719828 -0.0140018 -0.0107974 -0.0047973 -0.00113556 -0.00486842 -0.000197802 0.000473301 -0.00107812
internal_weight=4826 4219 839 607 804 347 3380 231 221 567 113 454 411 319
internal_count=4826 4219 839 607 804 347 3380 231 221 567 113 454 411 319
is_linear=0
shrinkage=0.03


Tree=39
num_leaves=15
num_cat=0
split_feature=4 1 2 8 2 4 0 7 1 13 7 4 1 13
split_gain=104.079 18.7765 3.39969 2.78247 2.69792 2.3169 2.23935 2.40823 2.17927 2.9912 1.99899 2.01774 1.71415 1.61616
threshold=7.9344234331686216 13.337088791184405 13.286088946656212 27.950000000000003 10.563355831337747 12.420008195419644 12.582400599299394 6.8500000000000005 13.166750854367367 2.6773443836690194 7.1500000000000012 8.3004662745835205 14.440715295052515 3.8891639584876008
decision_type=2 2 2 10 2 2 2 2 2 8 2 2 2 10
left_child=1 6 3 4 -3 8 -1 -8 -2 12 11 -11 -10 -6
right_child=5 2 -4 -5 13 -7 7 -9 9 10 -12 -13 -14 -15
leaf_value=0 4.4834066162448768e-06 0 0 0 0 0.067830517198517126 0 0 -0.00067724015634242584 0.00010677103143854105 0.027998690868188108 -0.00079865617232245212 0.073472768663790336 0
leaf_weight=2170 153 181 117 226 272 43 1167 23 24 22 34 256 51 60
leaf_count=2170 153 181 117 226 272 43 1167 23 24 22 34 256 51 60
internal_value=-0.0113406 -0.0129832 -0.0089965 -0.00975 -0.00849222 0.000539384 -0.0139958 -0.0128967 0 -0.00119845 -0.00249201 -0.00333333 0.00414474 -0.00684685
internal_weight=4799 4216 856 739 513 583 3360 1190 540 387 312 278 75 332
internal_count=4799 4216 856 739 513 583 3360 1190 540 387 312 278 75 332
is_linear=0
shrinkage=0.03


Tree=40
num_leaves=15
num_cat=0
split_feature=4 1 3 3 10 0 12 7 5 2 13 7 0 0
split_gain=94.1827 18.9405 5.12992 4.42335 2.23198 2.19546 1.94182 3.1702 2.19431 1.6689 1.65737 1.89123 2.49169 2.39501
threshold=7.7806140478348569 13.337088791184405 12.746372352841631 13.973415881253521 -0.98161783906437006 12.582400599299394 2.5000000000000004 5.2500000000000009 1.8317808230648234 10.240325793239641 4.2717341745920887 7.1500000000000012 12.764504462465696 13.370716857339312
decision_type=2 2 2 2 2 2 10 2 2 2 10 2 2 2
left_child=1 5 4 10 -3 -1 7 -6 9 -9 11 13 -13 -2
right_child=3 2 -4 -5 6 -7 -8 8 -10 -11 -12 12 -14 -15
leaf_value=0 4.3489044177575297e-06 0 2.313086054326478e-05 0.061779305486021903 0 0 0 0 0.0099145110036660336 0 -0.0022070177382007895 -0.0026615257973248109 0.031914142579178788 -0.00057610255357287015
leaf_weight=2188 109 48 37 47 69 1215 200 91 20 357 41 20 42 341
leaf_count=2188 109 48 37 47 69 1215 200 91 20 357 41 20 42 341
internal_value=-0.0114225 -0.0130017 -0.00889429 -0.000299501 -0.0094084 -0.0139909 -0.00981707 -0.00883829 -0.00972281 -0.0101559 -0.00105596 -0.000584795 0.00428571 -0.00126386
internal_weight=4825 4225 822 600 785 3403 737 537 468 448 553 512 62 450
internal_count=4825 4225 822 600 785 3403 737 537 468 448 553 512 62 450
is_linear=0
shrinkage=0.03


Tree=41
num_leaves=15
num_cat=0
split_feature=4 1 3 4 13 7 4 0 7 1 13 1 13 9
split_gain=97.4561 20.1426 4.33403 3.75569 2.15528 3.15308 2.64198 2.03106 2.21705 1.75323 1.52958 1.31327 1.89197 1.21921
threshold=7.7806140478348569 13.337088791184405 12.746372352841631 12.260750605690449 4.0324179804245857 5.4150000000000009 3.2864907994982535 12.582400599299394 6.9500000000000011 15.316848798202214 3.9699398397909711 13.868203710592185 2.9450127606983019 0.70556075282125807
decision_type=2 2 2 2 10 2 2 2 2 2 10 2 10 2
left_child=1 7 4 10 5 13 9 -1 -9 -7 -2 -8 -13 -3
right_child=3 2 -4 -5 -6 6 11 8 -10 -11 -12 12 -14 -15
leaf_value=0 -1.3046713253272589e-07 0 2.2436934726966835e-05 0.065829391574383847 0 0 0 0 0 0 -0.00069070647189876217 0 0 0
leaf_weight=2174 496 99 34 48 128 294 70 1157 20 31 54 61 78 29
leaf_count=2174 496 99 34 48 128 294 70 1157 20 31 54 61 78 29
internal_value=-0.011327 -0.012949 -0.00872727 0 -0.00917826 -0.00846154 -0.00947664 -0.0139842 -0.0129244 -0.011181 -0.000707804 -0.00678571 -0.00503571 -0.00418605
internal_weight=4773 4175 824 598 790 662 534 3351 1177 325 550 209 139 128
internal_count=4773 4175 824 598 790 662 534 3351 1177 325 550 209 139 128
is_linear=0
shrinkage=0.03


Tree=42
num_leaves=15
num_cat=0
split_feature=3 8 1 7 7 3 3 8 3 3 10 8 3 7
split_gain=61.5936 12.0421 11.9541 8.01336 6.08689 3.45187 3.18585 5.63228 2.48989 2.29163 2.28219 2.17739 2.14941 2.07322
threshold=9.9123971443513614 25.050000000000004 13.123625039321825 6.2500000000000009 6.4500000000000011 12.654995828779738 7.959100860201425 13.850000000000003 7.0555257095416755 13.973415881253521 -0.98161783906437006 7.0035000000000007 12.824900386835091 6.7500000000000009
decision_type=2 10 2 2 2 2 2 10 2 2 2 10 2 2
left_child=2 4 6 5 11 -3 -1 -8 -4 -5 -10 -2 -6 -9
right_child=1 3 8 9 12 -7 7 13 10 -11 -12 -13 -14 -15
leaf_value=0 0.0098863535146869602 0 0 0 0.0087315998399703516 -0.00014697908816338826 0 0 0.017768266573262217 0.023324290955536238 0 -7.0654528556232197e-07 0.062860543226158791 0
leaf_weight=2597 61 247 349 216 103 22 74 423 27 20 343 265 35 43
leaf_count=2597 61 247 349 216 103 22 74 423 27 20 343 265 35 43
internal_value=-0.0114225 -0.00465464 -0.0131216 -0.00785573 -0.00116129 -0.0113889 -0.0139245 -0.011756 -0.00960417 -0.00379747 -0.00784367 -0.0033945 0.00410072 -0.0129764
internal_weight=4825 969 3856 505 464 269 3137 540 719 236 370 326 138 466
internal_count=4825 969 3856 505 464 269 3137 540 719 236 370 326 138 466
is_linear=0
shrinkage=0.03


Tree=43
num_leaves=15
num_cat=0
split_feature=4 1 3 8 4 2 8 3 3 1 10 2 4 13
split_gain=98.4306 23.2004 5.96236 14.9299 5.0889 4.39487 3.8248 5.42153 4.14614 3.61441 3.11456 2.49058 2.33771 2.32131
threshold=7.7497531974398965 13.276945234336237 9.8174255834350852 25.050000000000004 12.260750605690449 10.192474875139002 25.050000000000004 9.9123971443513614 12.475414419201618 14.708813651634735 -0.98161783906437006 11.578581599339957 8.0125150787298072 4.0324179804245857
decision_type=2 2 2 10 2 2 10 2 2 2 2 2 2 8
left_child=1 2 -1 -4 11 -3 7 10 -8 -9 -7 12 -2 -12
right_child=4 5 3 -5 -6 6 8 9 -10 -11 13 -13 -14 -15
leaf_value=0 -1.2655311855674413e-07 0 2.1196358566869658e-08 0 0.062962660131361092 0.018472819472251791 0 2.2719448574661906e-05 0 -0.00058536298392151346 0 -0.00055900945030093582 1.610995052239028e-05 0
leaf_weight=3087 34 186 47 173 49 23 246 56 37 52 192 367 173 68
leaf_count=3087 34 186 47 173 49 23 246 56 37 52 192 367 173 68
internal_value=-0.0110019 -0.0126643 -0.0138074 -0.00895928 0.000120192 -0.00825784 -0.00711111 -0.00516582 -0.00977113 0.000550459 -0.00734155 -0.000678261 0.00194712 -0.00827586
internal_weight=4790 4167 3307 220 623 860 674 391 283 108 283 574 207 260
internal_count=4790 4167 3307 220 623 860 674 391 283 108 283 574 207 260
is_linear=0
shrinkage=0.03


Tree=44
num_leaves=15
num_cat=0
split_feature=4 2 8 3 3 4 7 0 1 8 3 1 12 7
split_gain=95.5076 19.8463 8.96774 8.3857 6.00457 3.75466 3.71518 2.67401 2.22067 2.03464 1.73981 1.57507 1.48008 1.44374
threshold=7.7806140478348569 10.671556603053295 25.050000000000004 9.9123971443513614 12.654995828779738 12.613924805169857 5.2500000000000009 12.641914153484741 12.801604220077921 14.750000000000002 5.4499504944419961 12.76514070528324 1.0000000180025095e-35 6.8500000000000005
decision_type=2 2 10 2 2 2 2 2 2 10 2 2 10 2
left_child=1 7 3 9 6 12 -4 -1 -5 11 -9 -3 -2 -8
right_child=5 2 4 8 -6 -7 13 10 -10 -11 -12 -13 -14 -15
leaf_value=0 1.7290787214718788e-05 0 0 2.056046780986357e-08 2.6173199330059479e-05 0.061073780327420273 0 0 -6.6038709867298754e-07 0 0 0 -0.00017849898264610972 0
leaf_weight=2071 155 34 23 28 26 37 485 635 118 177 487 129 410 39
leaf_count=2071 155 34 23 28 26 37 485 635 118 177 487 129 410 39
internal_value=-0.0112338 -0.0128168 -0.00924057 -0.00622177 -0.0117857 -4.97512e-05 -0.0124544 -0.0139997 -0.000204082 -0.00879765 -0.0127694 -0.00631098 -0.000662544 -0.0129714
internal_weight=4854 4252 1059 486 573 602 547 3193 146 340 1122 163 565 524
internal_count=4854 4252 1059 486 573 602 547 3193 146 340 1122 163 565 524
is_linear=0
shrinkage=0.03


Tree=45
num_leaves=15
num_cat=0
split_feature=4 3 8 0 3 4 7 5 13 0 13 13 13 13
split_gain=109.2 17.9267 15.9136 7.88808 4.70928 3.6162 3.46935 3.46318 3.26132 2.58445 2.25139 2.10246 2.02327 2.65536
threshold=7.7497531974398965 9.9123971443513614 25.050000000000004 12.973869167917469 12.901125060661078 6.461076787857162 5.4150000000000009 11.514113323294781 3.6222784870652007 13.370716857339312 4.0694279404923597 3.7660248318844647 2.8600608071827094 3.0798689826524321
decision_type=2 2 10 2 2 2 2 2 8 2 10 8 10 10
left_child=1 3 10 -1 -4 6 11 8 9 12 -3 -5 -2 -14
right_child=7 2 4 5 -6 -7 -8 -9 -10 -11 -12 -13 13 -15
leaf_value=0 -6.4148014144160548e-07 1.9943653775567661e-08 0 0 2.5388003350157694e-05 0 0 0.12368581057374729 -0.00056794572510717421 5.8779551251015339e-06 -0.00056392438009839714 0 1.3698774272010484e-05 5.2534093129501188e-06
leaf_weight=2302 33 131 299 247 20 88 1016 23 126 343 25 78 51 43
leaf_count=2302 33 131 299 247 20 88 1016 23 126 343 25 78 51 43
internal_value=-0.011062 -0.012793 -0.00727941 -0.0134928 -0.0111094 -0.0117168 -0.0121051 0.000701613 0.000251256 0.00140127 0.000573248 -0.00934049 0.00503906 0.00726316
internal_weight=4825 4206 475 3731 319 1429 1341 619 596 470 156 325 127 94
internal_count=4825 4206 475 3731 319 1429 1341 619 596 470 156 325 127 94
is_linear=0
shrinkage=0.03


Tree=46
num_leaves=15
num_cat=0
split_feature=4 1 3 8 2 8 3 10 3 8 8 4 4 13
split_gain=100.595 18.653 5.37729 12.7075 4.93247 3.42606 4.72133 2.65018 2.51745 2.49097 2.4388 2.33731 2.89919 2.6246
threshold=7.7806140478348569 13.337088791184405 9.9123971443513614 25.050000000000004 13.286088946656212 25.450000000000003 9.9123971443513614 -0.98161783906437006 12.654995828779738 16.950000000000003 20.050000000000004 12.613924805169857 8.4265023201373719 2.8729444776091819
decision_type=2 2 2 10 2 10 2 2 2 10 10 2 2 8
left_child=1 2 -1 10 5 6 7 -3 9 -6 -4 12 -2 -14
right_child=11 4 3 -5 8 -7 -8 -9 -10 -11 -12 -13 13 -15
leaf_value=0 8.6319474649723867e-06 0 -0.0002679851670212628 0 0.019034646475625038 0 -6.4117379532606493e-07 0 3.9365125864717032e-05 0 1.9345344162300631e-08 0.061824902036142312 0.0023437206128349517 -0.00043671628506956607
leaf_weight=3112 118 30 20 168 21 235 78 382 27 68 25 40 128 300
leaf_count=3112 118 30 20 168 21 235 78 382 27 68 25 40 128 300
internal_value=-0.0112287 -0.0128654 -0.013877 -0.00918224 -0.00885392 -0.00977273 -0.00830957 -0.00958838 -0.00307692 -0.0055 0.0048913 0.000408859 -0.000109689 -0.00125874
internal_weight=4752 4166 3325 213 841 725 490 412 116 89 45 586 546 428
internal_count=4752 4166 3325 213 841 725 490 412 116 89 45 586 546 428
is_linear=0
shrinkage=0.03


Tree=47
num_leaves=15
num_cat=0
split_feature=4 1 4 2 8 4 4 2 8 2 0 2 8 12
split_gain=96.5711 18.6919 4.10442 3.64428 3.54979 2.83855 3.08605 2.83666 2.57769 2.51566 2.47752 2.28559 2.01561 1.96381
threshold=7.7497531974398965 13.337088791184405 5.9776159275325842 10.192474875139002 22.950000000000003 12.613924805169857 8.4265023201373719 13.137179057041465 17.045000000000005 13.838636048619165 14.426055376461802 11.982774923970451 26.545000000000005 2.5000000000000004
decision_type=2 2 2 2 10 2 2 2 10 2 2 2 10 10
left_child=1 2 11 -3 7 6 10 13 -8 -6 -2 -1 -13 -5
right_child=5 3 -4 4 9 -7 8 -9 -10 -11 -12 12 -14 -15
leaf_value=0 8.4241006108028812e-06 0 0 0 0 0.076142278856870513 0.0062203153431570346 0.016516267702339375 -0.00040695016580476331 0 -0.00032690174957304409 0 0 0
leaf_weight=3042 75 186 210 225 262 38 186 34 279 44 44 25 55 86
leaf_count=3042 75 186 210 225 262 38 186 34 279 44 44 25 55 86
internal_value=-0.0111717 -0.0128165 -0.0138254 -0.00878878 -0.00770706 -0.000144462 -0.000666667 -0.00559249 -0.00177039 -0.0100651 0.003625 -0.0141018 -0.00888889 -0.00649038
internal_weight=4791 4169 3332 837 651 622 584 345 465 306 119 3122 80 311
internal_count=4791 4169 3332 837 651 622 584 345 465 306 119 3122 80 311
is_linear=0
shrinkage=0.03


Tree=48
num_leaves=15
num_cat=0
split_feature=4 2 8 3 3 7 5 7 0 4 4 8 0 3
split_gain=94.838 21.0239 9.94437 9.05074 5.74474 3.62656 2.81734 2.70762 2.39682 2.16418 2.38437 2.01598 1.76247 1.69498
threshold=7.7806140478348569 10.671556603053295 25.450000000000003 9.9123971443513614 12.654995828779738 7.0500000000000007 5.5063467647075539 5.3100000000000014 14.453577537246224 12.613924805169857 8.3301750132744861 13.250000000000002 14.507895498102771 5.4499504944419961
decision_type=2 2 10 2 2 2 2 2 2 2 2 10 2 2
left_child=1 6 3 11 5 7 8 -4 -1 10 -2 12 -3 -10
right_child=9 2 4 -5 -6 -7 -8 -9 13 -11 -12 -13 -14 -15
leaf_value=0 4.7397759163532401e-06 0 0 1.8764983837431611e-08 2.3445409473711448e-05 0.0068477428132177158 0 0 0 0.055102375152153521 -0.00022417226585626804 0 0 0
leaf_weight=2715 103 50 22 147 24 20 24 472 210 35 464 185 104 176
leaf_count=2715 103 50 22 147 24 20 24 472 210 35 464 185 104 176
internal_value=-0.0111774 -0.0127916 -0.0090439 -0.00591376 -0.0118553 -0.0125243 -0.0140163 -0.0130303 -0.0140957 -4.97512e-05 -0.000501761 -0.00860294 -0.006 -0.0117829
internal_weight=4751 4149 1024 486 538 514 3125 494 3101 602 567 339 154 386
internal_count=4751 4149 1024 486 538 514 3125 494 3101 602 567 339 154 386
is_linear=0
shrinkage=0.03


Tree=49
num_leaves=15
num_cat=0
split_feature=4 1 3 8 3 8 13 4 4 2 5 13 8 3
split_gain=89.9883 21.0249 7.08297 13.1688 4.26442 3.13654 3.68347 3.12498 3.32534 3.06087 2.48379 2.35101 1.73311 2.20649
threshold=7.7806140478348569 13.337088791184405 9.9123971443513614 25.050000000000004 12.654995828779738 14.750000000000002 3.9961231750572668 8.4265023201373719 12.613924805169857 9.629034242963936 5.5063467647075539 4.3870179039720485 14.950000000000001 11.230373390735043
decision_type=2 2 2 10 2 10 8 2 2 2 2 8 10 2
left_child=1 2 10 -4 5 6 9 -2 11 -3 -1 12 -9 -14
right_child=7 4 3 -5 -6 -7 -8 8 -10 -11 -12 -13 13 -15
leaf_value=0 8.0291843149881992e-06 0 1.8202034322308667e-08 0 2.2742047189500107e-05 0 0 0.0083168382001842373 0.053449303897588916 0 0 -0.0036545262979474965 -0.00063347378371115734 -0.00013478323449488553
leaf_weight=3147 111 42 49 170 36 507 78 132 43 156 22 41 101 175
leaf_count=3147 111 42 49 170 36 507 78 132 43 156 22 41 101 175
internal_value=-0.0112118 -0.012765 -0.0138094 -0.00852273 -0.00843293 -0.00889668 -0.00628159 -0.000372517 -0.00139959 -0.00407035 -0.0141719 -0.00216667 -0.00146699 -0.00281588
internal_weight=4810 4207 3388 219 819 783 276 603 492 198 3169 449 408 276
internal_count=4810 4207 3388 219 819 783 276 603 492 198 3169 449 408 276
is_linear=0
shrinkage=0.03


Tree=50
num_leaves=15
num_cat=0
split_feature=4 2 8 3 3 7 4 7 7 0 7 8 8 13
split_gain=100.378 19.9884 7.46755 9.7367 4.90312 3.56087 2.96273 3.29975 2.91101 2.56384 2.04358 1.9899 1.93446 2.71233
threshold=7.7806140478348569 10.701191799792733 25.450000000000003 9.9567075887120051 12.654995828779738 5.2500000000000009 8.7106194056878774 7.3500000000000005 7.0500000000000007 12.641914153484741 6.5500000000000007 14.450000000000001 15.050000000000002 3.6382257342664466
decision_type=2 2 10 2 2 2 2 2 2 2 2 10 10 8
left_child=1 9 3 11 5 -4 10 12 -7 -1 -2 -3 13 -8
right_child=6 2 4 -5 -6 8 7 -9 -10 -11 -12 -13 -14 -15
leaf_value=0 2.9072751715905413e-05 0 0 8.5465118887582286e-09 2.2059785773815105e-05 0 0.039790127363618047 0.036787874247822511 -0.00055940063436488597 0 -1.6515724335459052e-06 0 -0.00054794395947802238 -0.002298645600510876
leaf_weight=2071 117 166 23 146 23 486 95 53 20 1139 51 175 249 44
leaf_count=2071 117 166 23 146 23 486 95 53 20 1139 51 175 249 44
internal_value=-0.0112184 -0.0128506 -0.00921635 -0.00648566 -0.0116094 -0.0121981 0.000172131 -0.00111991 -0.0127219 -0.0140237 0.0035503 -0.00925439 -0.00208226 0.00075
internal_weight=4858 4249 1039 487 552 529 609 441 506 3210 168 341 388 139
internal_count=4858 4249 1039 487 552 529 609 441 506 3210 168 341 388 139
is_linear=0
shrinkage=0.03


Tree=51
num_leaves=15
num_cat=0
split_feature=4 1 2 8 8 2 13 13 4 8 2 4 4 8
split_gain=94.6213 22.4422 3.60524 4.29412 3.37031 4.80629 4.40684 2.68106 3.39773 2.55815 2.50586 2.4476 1.79033 1.60943
threshold=7.7806140478348569 13.337088791184405 11.281062714371034 25.250000000000004 14.750000000000002 12.784988833329583 3.7548583707494827 3.7383421983898262 12.260750605690449 22.650000000000002 9.8086928257424244 8.7106194056878774 6.253345034711475 26.950000000000003
decision_type=2 2 2 10 10 2 8 10 2 10 2 2 2 10
left_child=1 2 -1 9 6 12 10 8 11 -4 -3 -2 -6 -9
right_child=7 4 3 -5 5 -7 -8 13 -10 -11 -12 -13 -14 -15
leaf_value=0 7.3258795265234936e-06 0 0 0 0 0 0 -0.00052070467197993945 0.10405210187227269 1.7399577935976655e-08 0 -0.0002615168961996748 0 -0.0015361325464097468
leaf_weight=3093 146 40 46 186 354 157 92 70 35 21 147 339 41 22
leaf_count=3093 146 40 46 186 354 157 92 70 35 21 147 339 41 22
internal_value=-0.0111639 -0.0127776 -0.0138751 -0.0103346 -0.00834736 -0.00971067 -0.005625 -0.000146819 0.000690979 -0.00375 -0.00295213 3.08642e-05 -0.0114773 -0.00483871
internal_weight=4789 4177 3346 253 831 552 279 612 520 67 187 485 395 92
internal_count=4789 4177 3346 253 831 552 279 612 520 67 187 485 395 92
is_linear=0
shrinkage=0.03


Tree=52
num_leaves=15
num_cat=0
split_feature=4 3 8 1 3 1 7 13 4 4 5 13 13 5
split_gain=98.1586 19.8449 14.6826 9.50246 5.81489 4.06685 3.06751 3.68188 3.12062 2.81664 3.5545 2.08341 2.59836 2.08041
threshold=7.7806140478348569 9.9123971443513614 25.050000000000004 13.166750854367367 12.901125060661078 12.801604220077921 5.3100000000000014 3.6730601001066518 1.3195286648076296 8.3301750132744861 9.8370102180553349 3.6382257342664466 3.2787440624007824 3.8917682337590414
decision_type=2 2 10 2 2 2 2 8 2 2 2 8 10 2
left_child=1 3 5 -1 -4 -3 7 -5 -8 13 11 12 -11 -2
right_child=9 2 4 6 -6 -7 8 -9 -10 10 -12 -13 -14 -15
leaf_value=0 2.048270885386266e-05 1.7399577935976655e-08 0 0 2.139799220060065e-05 -6.4311956155238878e-07 0 0 0 -0.00025268345513150813 0.070427818356454897 -0.00089283686279402745 0.017265549145688782 -0.00091384114141929303
leaf_weight=3101 79 38 304 85 24 109 295 35 210 284 58 99 67 25
leaf_count=3101 79 38 304 85 24 109 295 35 210 284 58 99 67 25
internal_value=-0.0111269 -0.0127618 -0.00696429 -0.0134988 -0.0104863 0.000912162 -0.0100879 -0.00570248 -0.0111166 9.78793e-05 -0.000825147 -0.00172949 -0.000639205 0.00457143
internal_weight=4813 4201 475 3726 328 147 625 120 505 612 508 450 351 104
internal_count=4813 4201 475 3726 328 147 625 120 505 612 508 450 351 104
is_linear=0
shrinkage=0.03


Tree=53
num_leaves=15
num_cat=0
split_feature=4 1 3 8 3 13 8 13 10 3 8 1 7 4
split_gain=99.3886 21.2241 6.50616 13.5461 4.70446 3.68213 3.59737 3.0463 2.56629 2.24938 2.20468 1.95475 2.36191 1.9063
threshold=7.7806140478348569 13.337088791184405 9.9123971443513614 25.050000000000004 12.654995828779738 3.6222784870652007 14.750000000000002 3.7383421983898262 1.0000000180025095e-35 7.8383430045777098 8.5050000000000008 12.460364853873486 6.2500000000000009 6.461076787857162
decision_type=2 2 2 10 2 8 10 8 2 2 10 2 2 2
left_child=1 2 13 -4 6 8 7 9 -2 -3 -10 -12 -13 -1
right_child=5 4 3 -5 -6 -7 -8 -9 10 -11 11 12 -14 -15
leaf_value=0 -3.2234261893006056e-06 0 1.6877590597897356e-08 0 2.0756052434582632e-05 -0.00099206120867164943 0 0 0.065720586769947659 0 1.9728206705204177e-05 -0.0012235894220797745 0.011412946573072048 0
leaf_weight=3053 251 84 49 166 37 125 518 95 35 99 49 39 116 102
leaf_count=3053 251 84 49 166 37 125 518 95 35 99 49 39 116 102
internal_value=-0.0110936 -0.0127414 -0.013803 -0.00868056 -0.00843525 0.000170455 -0.00892095 -0.00612903 0.0013442 -0.00383152 0.0035625 0.00234146 0.000673077 -0.0141492
internal_weight=4818 4203 3370 215 833 615 796 278 490 183 239 204 155 3155
internal_count=4818 4203 3370 215 833 615 796 278 490 183 239 204 155 3155
is_linear=0
shrinkage=0.03


Tree=54
num_leaves=15
num_cat=0
split_feature=4 1 3 8 3 8 13 4 8 13 7 1 7 1
split_gain=92.7571 19.8296 6.59099 13.8086 3.19393 3.97955 2.94788 2.832 2.63282 2.01031 1.94044 2.42562 1.85768 1.64645
threshold=7.7806140478348569 13.362644732658909 9.8174255834350852 25.050000000000004 12.901125060661078 14.750000000000002 3.9961231750572668 8.3301750132744861 20.050000000000004 2.7935891615676449 7.1500000000000012 14.049929104559439 5.4150000000000009 12.134059360954675
decision_type=2 2 2 10 2 10 10 2 10 8 2 2 2 2
left_child=1 2 -1 8 5 6 -3 9 -4 -2 13 -12 -7 -9
right_child=7 4 3 -5 -6 12 -8 10 -10 -11 11 -13 -14 -15
leaf_value=0 -2.2049936791380478e-06 0 -0.0002308611600649585 0 1.7928684539094329e-05 0 0 2.1668994907868719e-05 1.6371262879960432e-08 2.1711395747569504e-05 -0.0043839485680273772 0.041254210864169798 0 -0.00058603745377595851
leaf_weight=3140 31 210 24 183 30 103 60 49 33 57 27 48 420 391
leaf_count=3140 31 210 24 183 30 103 60 49 33 57 27 48 420 391
internal_value=-0.0112274 -0.0128057 -0.0138243 -0.00896266 -0.00861044 -0.00897355 -0.00597786 -0.00022351 0.00387931 0.0047191 -0.00107558 0.00335526 -0.0105057 -0.00183673
internal_weight=4806 4203 3380 240 823 793 270 603 57 88 515 75 523 440
internal_count=4806 4203 3380 240 823 793 270 603 57 88 515 75 523 440
is_linear=0
shrinkage=0.03


Tree=55
num_leaves=15
num_cat=0
split_feature=4 2 8 3 2 0 13 0 5 3 3 9 5 8
split_gain=90.8196 21.6507 10.2257 8.19251 3.44443 3.32537 3.67716 3.22588 2.64636 2.32785 2.29304 2.22498 2.20065 2.02384
threshold=7.7806140478348569 10.718227170411092 25.450000000000003 9.9123971443513614 13.286088946656212 13.195931598429807 2.7359568867917545 13.561274917818178 7.8186255351873539 6.7059446245066345 13.372819721164332 -0.56819068202305723 4.1510089048756029 13.550000000000002
decision_type=2 2 10 2 2 2 10 2 2 2 2 2 2 10
left_child=1 7 3 -3 -4 6 -2 12 -7 -9 -10 -5 -1 -13
right_child=5 2 4 11 -6 8 -8 9 10 -11 -12 13 -14 -15
leaf_value=0 -0.00026640443211621573 0 0 2.2241499893690247e-05 0 -0.00046484883894317168 2.611814932916275e-05 0 0.0032986345486952116 0 0.088586403564203484 -0.00060619345558274589 0 1.5619131324521971e-08
leaf_weight=2387 21 319 470 41 78 358 116 517 95 259 20 45 20 64
leaf_count=2387 21 319 470 41 78 358 116 517 95 259 20 45 20 64
internal_value=-0.011112 -0.0126827 -0.0088556 -0.00558511 -0.0116393 -0.000294599 0.00380435 -0.0139023 -0.00148734 -0.0121622 0.0024569 0.000198675 -0.0144581 -0.00204545
internal_weight=4810 4200 1017 469 548 610 137 3183 473 776 115 150 2407 109
internal_count=4810 4200 1017 469 548 610 137 3183 473 776 115 150 2407 109
is_linear=0
shrinkage=0.03


Tree=56
num_leaves=15
num_cat=0
split_feature=4 1 2 8 13 2 4 4 4 7 4 13 0 10
split_gain=97.0349 23.7439 5.06465 4.03629 3.69855 3.21706 2.77538 2.75601 2.55906 2.38559 2.08924 1.8204 1.7897 1.71588
threshold=7.7806140478348569 13.337088791184405 13.286088946656212 14.750000000000002 3.7383421983898262 10.563355831337747 8.0295956805110347 5.9776159275325842 13.010840838017936 5.4150000000000009 1.8317808230648234 2.7617828558659396 14.507895498102771 -0.5
decision_type=2 2 2 10 8 2 2 2 2 2 2 8 2 2
left_child=1 7 3 4 5 -3 -2 -1 11 12 -11 13 -5 -8
right_child=6 2 -4 9 -6 -7 8 -9 -10 10 -12 -13 -14 -15
leaf_value=0 4.9315593702390252e-06 0 0 0.0097733842463983769 0 0 -0.0010418183354555276 0 0.070021438939783284 0 0 -0.00028748789007577763 0 0.026621063225945554
leaf_weight=3165 54 62 121 20 94 110 44 221 25 242 114 384 64 84
leaf_count=3165 54 62 121 20 94 110 44 221 25 242 114 384 64 84
internal_value=-0.011257 -0.0128536 -0.00827899 -0.00925035 -0.00629213 -0.00364162 0.000126689 -0.0139681 -0.00052974 -0.0110204 -0.0121008 -0.000994152 -0.00635294 0.00209302
internal_weight=4804 4213 827 706 266 172 591 3386 537 440 356 512 84 128
internal_count=4804 4213 827 706 266 172 591 3386 537 440 356 512 84 128
is_linear=0
shrinkage=0.03


Tree=57
num_leaves=15
num_cat=0
split_feature=4 1 4 2 8 2 4 2 7 4 13 0 7 13
split_gain=94.8218 18.9254 3.9865 3.5465 3.55719 3.61614 3.11675 3.06671 2.60358 2.50547 2.31437 2.20447 2.08523 1.65059
threshold=7.7806140478348569 13.337088791184405 8.3301750132744861 13.442382991072124 25.450000000000003 10.563355831337747 6.1690710162224951 10.997415901090671 7.3500000000000005 10.779810090014157 4.0324179804245857 12.582400599299394 5.2500000000000009 3.1484041045277098
decision_type=2 2 2 2 10 2 2 2 2 2 10 2 2 10
left_child=1 6 7 4 5 -3 11 -2 -4 -10 -7 -1 -6 -8
right_child=2 3 8 -5 12 10 13 -9 9 -11 -12 -13 -14 -15
leaf_value=0 1.2574382405909817e-05 0 -0.00042886961983571066 0 -0.00029320152739195128 0 0 1.7911159811525638e-05 -0.0042675076433633793 0.052988410631639261 0 0 0 0
leaf_weight=2097 50 170 441 101 25 254 131 53 20 30 50 1077 214 53
leaf_count=2097 50 170 441 101 25 254 131 53 20 30 50 1077 214 53
internal_value=-0.0112146 -0.0128109 0 -0.00868712 -0.00943277 -0.00789474 -0.0138077 0.00533654 -0.00112805 0.00529412 -0.00590164 -0.0140315 -0.0124375 -0.00989189
internal_weight=4766 4172 594 814 713 474 3358 103 491 50 304 3174 239 184
internal_count=4766 4172 594 814 713 474 3358 103 491 50 304 3174 239 184
is_linear=0
shrinkage=0.03


Tree=58
num_leaves=15
num_cat=0
split_feature=3 8 3 8 7 7 3 13 0 7 13 7 13 5
split_gain=72.9768 15.567 9.85674 10.3861 6.78398 4.17423 4.1616 3.0899 2.88094 3.39711 1.70808 1.43158 1.37637 1.32207
threshold=9.8174255834350852 26.050000000000004 7.959100860201425 17.045000000000005 6.1500000000000012 7.1500000000000012 12.535955299665927 3.7383421983898262 12.641914153484741 5.3100000000000014 4.2963685801628158 7.4500000000000011 3.7070663587699353 4.8080777094243183
decision_type=2 10 2 10 2 2 2 8 2 2 10 2 8 2
left_child=2 5 8 7 6 10 -3 13 -1 12 -2 -6 -10 -4
right_child=1 4 3 -5 11 -7 -8 -9 9 -11 -12 -13 -14 -15
leaf_value=0 -1.2879188115213542e-09 0 0 0 0 0.055043043255951669 6.5091408071862519e-05 0 0 0 -0.00098693290472103706 0.016649563430000597 0 5.9237073289109796e-05
leaf_weight=1837 429 212 158 531 221 40 20 70 199 907 47 33 58 33
leaf_count=1837 429 212 158 531 221 40 20 70 199 907 47 33 58 33
internal_value=-0.0112437 -0.00403789 -0.0131458 -0.0101387 -0.00788501 -0.00040619 -0.011588 -0.00520992 -0.0139357 -0.012721 -0.00119497 -0.00447059 -0.00959302 -0.00320312
internal_weight=4795 1002 3793 792 486 516 232 261 3001 1164 476 254 257 191
internal_count=4795 1002 3793 792 486 516 232 261 3001 1164 476 254 257 191
is_linear=0
shrinkage=0.03


Tree=59
num_leaves=15
num_cat=0
split_feature=4 2 8 3 3 8 13 4 5 4 3 8 10 13
split_gain=95.1648 20.3079 7.89391 7.24671 5.16124 2.44017 2.438 2.42463 2.70593 2.18034 1.98253 2.88356 1.79781 1.73302
threshold=7.7806140478348569 10.701191799792733 26.050000000000004 9.8174255834350852 12.475414419201618 13.250000000000002 2.4997937795698415 8.1346038594384336 11.514113323294781 7.0617629995984972 9.8771949092637161 27.050000000000004 -0.86926070542861777 4.0108909220604785
decision_type=2 2 10 2 2 10 8 2 2 2 2 10 2 10
left_child=1 10 3 5 -4 6 -3 -2 -9 13 -1 -12 -7 -5
right_child=7 2 4 9 -6 12 -8 8 -10 -11 11 -13 -14 -15
leaf_value=0 7.2447451083502668e-06 1.8714973926544187e-05 0 1.4928201280092303e-08 -1.0365755209529075e-07 0 0 -0.0002815314759495394 0.10140831585086155 -7.0650664799797623e-07 3.8637564345640622e-11 0 0 -0.00052344245194667815
leaf_weight=3109 74 21 495 111 39 23 125 531 22 29 21 31 167 23
leaf_count=3109 74 21 495 111 39 23 125 531 22 29 21 31 167 23
internal_value=-0.0111645 -0.0127938 -0.00912476 -0.00639 -0.0116636 -0.00890208 -0.00591837 -0.000262739 -0.000947653 -0.00118902 -0.0139896 -0.00792453 -0.0111518 0.000444444
internal_weight=4821 4194 1033 499 534 336 146 627 553 163 3161 52 190 134
internal_count=4821 4194 1033 499 534 336 146 627 553 163 3161 52 190 134
is_linear=0
shrinkage=0.03


Tree=60
num_leaves=15
num_cat=0
split_feature=4 1 3 8 3 8 4 8 3 13 7 9 13 1
split_gain=96.8488 20.2446 5.45222 8.00385 4.56429 3.30692 2.98245 2.68138 2.6293 2.87088 2.09686 1.80726 1.51793 1.501
threshold=7.7806140478348569 13.337088791184405 9.8174255834350852 26.050000000000004 12.475414419201618 17.045000000000005 8.1346038594384336 33.350000000000001 6.7059446245066345 3.8751853611983891 5.3100000000000014 0.60354301478968997 2.749351521261473 13.302271599364106
decision_type=2 2 2 10 2 10 2 10 2 10 2 2 10 2
left_child=1 2 -1 -4 5 8 -2 -6 -3 -10 -7 13 -13 -8
right_child=6 4 3 -5 7 10 11 -9 9 -11 -12 12 -14 -15
leaf_value=0 7.0274027550997599e-06 0 -4.0920847405712847e-10 0 -0.00016089479220145298 0 3.5640904093950229e-05 1.8616598011127098e-05 0 0 0 0.039658204142412161 3.828324620169896e-05 -0.00071986422570699201
leaf_weight=3151 74 125 63 175 24 40 93 28 179 60 366 36 110 291
leaf_count=3151 74 125 63 175 24 40 93 28 179 60 366 36 110 291
internal_value=-0.0112344 -0.0128454 -0.0138717 -0.00941423 -0.00860267 -0.00918288 0 0 -0.00706849 -0.0051875 -0.0110565 -0.00079096 0.00204082 -0.00187013
internal_weight=4815 4211 3389 238 822 770 604 52 364 239 406 530 146 384
internal_count=4815 4211 3389 238 822 770 604 52 364 239 406 530 146 384
is_linear=0
shrinkage=0.03


Tree=61
num_leaves=15
num_cat=0
split_feature=4 1 3 3 8 8 7 2 0 7 0 0 1 1
split_gain=91.4872 21.4461 6.30138 5.60891 10.0886 3.39666 2.44359 2.09424 2.09051 2.19436 1.9514 1.85108 1.50911 1.61659
threshold=7.7806140478348569 13.337088791184405 12.475414419201618 9.8174255834350852 25.450000000000003 14.750000000000002 5.4150000000000009 9.8086928257424244 13.370716857339312 7.3500000000000005 12.287850229850141 12.641914153484741 16.327516338170973 15.646327120686861
decision_type=2 2 2 2 10 10 2 2 2 2 2 2 2 2
left_child=1 3 5 11 -5 7 -7 -3 10 12 -2 -1 13 -10
right_child=8 2 -4 4 -6 6 -8 -9 9 -11 -12 -13 -14 -15
leaf_value=0 -2.2127712109704642e-08 0 4.8264345575695314e-06 1.4492631495911249e-08 0 0 0 0 -0.00028405181727028878 0.054561098403392905 0.00014514795572354391 0 0.064796334094715274 -0.0085844724411107166
leaf_weight=2167 84 65 47 61 170 91 407 219 343 34 58 1022 25 51
leaf_count=2167 84 65 47 61 170 91 407 219 343 34 58 1022 25 51
internal_value=-0.0112446 -0.0127871 -0.00843976 -0.0138381 -0.00924569 -0.00908046 -0.0105812 -0.00642105 -0.00022651 -0.00122247 0.00293706 -0.0141677 -0.00182143 -0.00227848
internal_weight=4844 4249 829 3420 231 782 498 284 595 453 142 3189 419 394
internal_count=4844 4249 829 3420 231 782 498 284 595 453 142 3189 419 394
is_linear=0
shrinkage=0.03


Tree=62
num_leaves=15
num_cat=0
split_feature=4 1 3 3 8 8 2 1 9 7 13 2 13 8
split_gain=83.9243 24.3458 4.98719 4.59823 7.07097 2.60667 4.33691 2.54649 2.35166 2.32855 2.32111 2.0629 2.30071 1.97475
threshold=7.7806140478348569 13.337088791184405 12.29857702154407 9.8174255834350852 26.050000000000004 27.950000000000003 10.563355831337747 16.193078384018435 -0.5 5.3100000000000014 4.0324179804245857 11.396311975658071 3.5992754323691272 63.95000000000001
decision_type=2 2 2 2 10 10 2 2 2 2 10 2 8 10
left_child=1 3 5 -1 8 6 -3 11 -5 -7 -8 12 -2 -11
right_child=7 2 -4 4 -6 9 10 -9 -10 13 -12 -13 -14 -15
leaf_value=0 1.9097120128714346e-05 0 2.7324182137234862e-06 -6.5271857031993772e-07 0 -0.00014220274078509637 0 0.057936369930005116 1.4057852551033911e-08 0 0 -0.000554074228774549 -0.00051210924737923717 0
leaf_weight=3139 138 179 59 22 151 24 291 50 44 199 70 358 30 21
leaf_count=3139 138 179 59 22 151 24 291 50 44 199 70 358 30 21
internal_value=-0.0112594 -0.0127321 -0.00815758 -0.0138785 -0.00956422 -0.00878981 -0.00759704 -0.000519931 -0.00134328 -0.0113878 -0.0056768 -0.00113852 0.00159763 -0.0123529
internal_weight=4775 4199 843 3356 217 784 540 576 66 244 361 526 168 220
internal_count=4775 4199 843 3356 217 784 540 576 66 244 361 526 168 220
is_linear=0
shrinkage=0.03


Tree=63
num_leaves=15
num_cat=0
split_feature=4 1 3 3 8 8 3 5 4 7 4 2 1 4
split_gain=95.1998 21.0315 6.51295 5.59405 9.33266 3.17862 3.59812 2.15511 2.23595 1.8286 2.08962 1.6834 1.5092 1.4562
threshold=7.7806140478348569 13.337088791184405 12.475414419201618 9.8174255834350852 25.250000000000004 14.450000000000001 7.8383430045777098 10.160621058730879 8.6514397330618404 5.4150000000000009 3.5904155995222786 13.442382991072124 15.480428349807688 7.0157042616514174
decision_type=2 2 2 2 10 10 2 2 2 2 2 2 2 2
left_child=1 3 5 13 -5 6 -3 8 -2 -7 11 -11 -9 -1
right_child=7 2 -4 4 -6 9 -8 12 -10 10 -12 -13 -14 -15
leaf_value=0 1.5225009183816845e-05 0 3.9957360609995095e-06 1.3636116974502894e-08 0 0 0 0.0020001890005998451 -0.00040462975347099257 0 0 0 0.093545533363328853 0
leaf_weight=3025 154 124 49 57 173 98 138 20 411 282 118 29 25 67
leaf_count=3025 154 124 49 57 173 98 138 20 411 282 118 29 25 67
internal_value=-0.0111172 -0.0127397 -0.00847437 -0.0138128 -0.00922078 -0.00913291 -0.00638783 -4.90998e-05 -0.000556537 -0.010483 -0.0113372 -0.0126442 0.00619565 -0.0141513
internal_weight=4770 4160 838 3322 230 789 262 610 565 527 429 311 45 3092
internal_count=4770 4160 838 3322 230 789 262 610 565 527 429 311 45 3092
is_linear=0
shrinkage=0.03


Tree=64
num_leaves=15
num_cat=0
split_feature=4 1 2 3 8 8 2 7 0 3 10 4 2 2
split_gain=90.1573 22.4081 6.3856 4.98059 7.63803 2.82451 4.86414 2.62245 2.19514 2.06539 1.96096 1.5841 1.41462 1.65145
threshold=7.7806140478348569 13.337088791184405 13.442382991072124 9.8174255834350852 26.050000000000004 27.950000000000003 10.509829925185983 5.3100000000000014 12.641914153484741 9.9567075887120051 -0.86926070542861777 6.8936562260277237 15.15479036776569 10.890963411556248
decision_type=2 2 2 2 10 10 2 2 2 2 2 2 2 2
left_child=1 3 5 8 -5 6 -3 -7 -1 10 -8 -11 13 -2
right_child=12 2 -4 4 -6 7 9 -9 -10 11 -12 -13 -14 -15
leaf_value=0 1.4759568926263043e-05 0 0 -3.7198088489403202e-10 0 -0.00061077033617282803 0 0 0 1.9467010328718636e-06 0 -0.00054645922745120751 0.042039192983559494 -0.00037897655147516496
leaf_weight=2139 112 175 107 62 153 21 42 201 1036 64 210 21 28 448
leaf_count=2139 112 175 107 62 153 21 42 201 1036 64 210 21 28 448
internal_value=-0.0112624 -0.0127918 -0.00839074 -0.0138809 -0.009375 -0.00938776 -0.00812865 -0.0122422 -0.0141829 -0.00599112 -0.00735178 -0.0019186 -0.000254669 -0.000588235
internal_weight=4819 4231 841 3390 215 734 512 222 3175 337 252 85 588 560
internal_count=4819 4231 841 3390 215 734 512 222 3175 337 252 85 588 560
is_linear=0
shrinkage=0.03


Tree=65
num_leaves=15
num_cat=0
split_feature=4 1 3 8 3 7 4 5 4 13 0 8 3 1
split_gain=79.0655 23.7638 6.1842 8.07779 4.56711 3.62537 4.38673 2.28455 2.5135 2.17476 2.05644 1.60267 2.00886 2.50113
threshold=7.7806140478348569 13.337088791184405 9.8174255834350852 26.050000000000004 12.29857702154407 5.4150000000000009 1.3195286648076296 11.208505424352596 8.7106194056878774 3.4973775459640262 12.641914153484741 25.650000000000002 9.9123971443513614 14.708813651634735
decision_type=2 2 2 10 2 2 2 2 2 10 2 10 2 2
left_child=1 2 10 9 5 -3 -7 8 -2 -4 -1 12 -8 -14
right_child=7 4 3 -5 -6 6 11 -9 -10 -11 -12 -13 13 -15
leaf_value=0 9.5960413483497346e-06 0 -2.9392896354533895e-09 0 1.2243005195350459e-06 0 0 0.089477991572922175 -0.00075504017564181534 1.6396595637393995e-05 0 -2.9200515493077951e-08 3.7978444034680886e-05 -0.0011807653633777156
leaf_weight=2113 152 168 46 179 58 352 175 23 412 25 1016 22 30 20
leaf_count=2113 152 168 46 179 58 352 175 23 412 25 1016 22 30 20
internal_value=-0.0112594 -0.0126992 -0.0138151 -0.00920319 -0.00811743 -0.00873047 -0.009825 -0.000943878 -0.00132743 -0.000625 -0.0141805 -0.00671371 -0.00590708 -0.000588235
internal_weight=4791 4204 3379 250 825 767 599 587 564 71 3129 247 225 50
internal_count=4791 4204 3379 250 825 767 599 587 564 71 3129 247 225 50
is_linear=0
shrinkage=0.03


Tree=66
num_leaves=15
num_cat=0
split_feature=4 1 3 3 8 4 8 7 4 2 13 0 8 2
split_gain=87.5768 26.7399 5.97631 5.35405 7.37211 3.89625 4.73996 4.56631 3.05954 2.36952 2.0845 1.72062 1.4449 1.41525
threshold=7.7806140478348569 13.337088791184405 12.475414419201618 9.8174255834350852 25.050000000000004 3.2864907994982535 24.150000000000002 5.4150000000000009 12.852901347347759 13.838636048619165 4.0376906890827202 12.641914153484741 44.95000000000001 10.563355831337747
decision_type=2 2 2 2 10 2 10 2 2 2 10 2 10 2
left_child=1 3 5 11 -5 7 13 10 12 -9 -3 -1 -2 -7
right_child=8 2 -4 4 -6 6 -8 9 -10 -11 -12 -13 -14 -15
leaf_value=0 -2.5196843247764002e-06 0 4.0827003893129324e-06 1.332637158087823e-08 0 0 8.7601546479233848e-10 0 0.081209882032525771 -0.00031997536792251376 0 0 -0.0014825546711181095 0
leaf_weight=2098 522 128 48 55 173 59 32 354 25 24 39 1015 41 144
leaf_count=2098 522 128 48 55 173 59 32 354 25 24 39 1015 41 144
internal_value=-0.0110939 -0.0126223 -0.00778046 -0.0138196 -0.00930131 -0.00841229 -0.00514831 -0.00980769 -0.000254669 -0.0116359 -0.005625 -0.0141474 -0.000718085 -0.00683824
internal_weight=4757 4169 828 3341 228 780 235 545 588 378 167 3113 563 203
internal_count=4757 4169 828 3341 228 780 235 545 588 378 167 3113 563 203
is_linear=0
shrinkage=0.03


Tree=67
num_leaves=15
num_cat=0
split_feature=4 1 2 4 3 3 4 0 0 13 4 10 4 13
split_gain=83.8385 29.0284 7.21046 5.86433 4.55558 2.80945 2.5737 1.654 1.58384 1.39151 1.37723 1.20302 1.19633 1.18108
threshold=7.7806140478348569 13.337088791184405 13.442382991072124 5.0798491537772676 9.8174255834350852 13.973415881253521 8.7106194056878774 14.715189673089524 12.641914153484741 3.793269586835287 6.052675676010387 -0.79467767141292855 5.7675391348056815 3.4099789691362763
decision_type=2 2 2 2 2 2 2 2 2 10 2 2 2 10
left_child=1 4 3 -3 8 6 -2 -5 -1 12 -10 -9 -6 -13
right_child=5 2 -4 7 9 -7 -8 11 10 -11 -12 13 -14 -15
leaf_value=0 1.40927397926621e-05 0 8.4973500084856836e-10 8.4973500084856836e-10 0 0.040830503128238119 -0.00060450600972917817 4.8070422284488443e-05 0 0 0 0 0 -9.8954372620582564e-07
leaf_weight=2075 160 575 95 39 153 44 381 20 940 37 78 72 51 25
leaf_count=2075 160 575 95 39 153 44 381 20 940 37 78 72 51 25
internal_value=-0.0111726 -0.0126676 -0.0076179 -0.00862705 -0.013916 -0.000537543 -0.00113469 -0.00343949 -0.0142292 -0.00985537 -0.0131894 -0.00521186 -0.0108293 -0.00658163
internal_weight=4745 4160 826 731 3334 585 541 156 3093 241 1018 117 204 97
internal_count=4745 4160 826 731 3334 585 541 156 3093 241 1018 117 204 97
is_linear=0
shrinkage=0.03


Tree=68
num_leaves=15
num_cat=0
split_feature=4 1 3 3 8 3 4 13 0 8 3 13 4 5
split_gain=94.7592 30.1815 7.48011 4.79781 7.51445 4.71729 4.53285 2.87633 2.54039 2.02922 1.49663 1.49631 1.45255 1.938
threshold=7.7806140478348569 13.337088791184405 6.8434830691324935 9.8174255834350852 25.250000000000004 12.475414419201618 5.3020595774028507 2.9601255617012678 12.641914153484741 15.250000000000002 11.378742402664935 3.0896727230892331 8.7106194056878774 10.265342810997657
decision_type=2 2 2 2 10 2 2 8 2 10 2 8 2 2
left_child=1 3 -3 8 -5 6 9 -8 -1 -4 11 -11 -2 -14
right_child=12 2 5 4 -6 -7 7 -9 -10 10 -12 -13 13 -15
leaf_value=0 3.0936968430803991e-05 0 0 5.1422072730774843e-09 0 4.2621858343491611e-06 -2.549205002545705e-11 8.4973500084856836e-10 0 0 0 0 -0.00040739058271727411 0.06869749165600128
leaf_weight=2130 179 289 126 56 179 55 46 91 1021 91 57 78 399 45
leaf_count=2130 179 289 126 56 179 55 46 91 1021 91 57 78 399 45
internal_value=-0.0109457 -0.0125581 -0.00742806 -0.0138175 -0.00959746 -0.00533945 -0.00627551 -0.00163043 -0.0141291 -0.00807365 -0.00977974 -0.0112059 -2.40385e-05 -0.00094382
internal_weight=4842 4219 833 3386 235 544 489 137 3151 352 226 169 623 444
internal_count=4842 4219 833 3386 235 544 489 137 3151 352 226 169 623 444
is_linear=0
shrinkage=0.03


Tree=69
num_leaves=15
num_cat=0
split_feature=4 1 4 2 4 1 3 8 4 4 13 2 13 8
split_gain=94.3254 28.5571 7.05413 6.38074 6.64893 5.66786 3.28576 8.17184 1.94718 1.96848 1.97334 1.70079 1.62144 1.93669
threshold=6.4272854282876386 13.337088791184405 7.7806140478348569 13.442382991072124 5.3020595774028507 13.123625039321825 9.8174255834350852 25.050000000000004 13.010840838017936 8.3301750132744861 3.9699398397909711 11.25235256618037 3.2742027639931908 25.450000000000003
decision_type=2 2 2 2 2 2 2 10 2 2 8 2 10 10
left_child=1 6 5 4 -3 11 -1 -8 9 -4 12 -2 -11 -14
right_child=2 3 8 -5 -6 -7 7 -9 -10 10 -12 -13 13 -15
leaf_value=0 0 0 2.423473046645758e-05 1.1217234995429153e-06 7.6476150076371149e-13 0 1.3294301553338857e-08 0 0.048159854689594425 -0.00042254086158048724 -0.0019991506716926294 0 0.021981181749064594 -0.00059653263483366306
leaf_weight=3031 120 594 107 90 60 114 38 154 26 303 75 21 68 29
leaf_count=3031 120 594 107 90 60 114 38 154 26 303 75 21 68 29
internal_value=-0.0108487 -0.0128037 -0.00185764 -0.00748993 -0.00851908 -0.00603516 -0.0140276 -0.0101036 -9.85222e-05 -0.000463122 -0.00129202 -0.0100352 -0.000448878 0.00290816
internal_weight=4830 3967 863 744 654 255 3223 192 608 582 475 141 400 97
internal_count=4830 3967 863 744 654 255 3223 192 608 582 475 141 400 97
is_linear=0
shrinkage=0.03


Tree=70
num_leaves=15
num_cat=0
split_feature=3 1 8 7 3 0 8 7 7 3 8 1 7 1
split_gain=78.3584 20.7037 14.5006 8.22186 5.52911 3.62253 3.26575 3.07485 3.02013 2.78892 2.94934 2.03155 1.95753 1.73026
threshold=9.8174255834350852 13.123625039321825 26.350000000000005 6.2500000000000009 6.8434830691324935 15.107546119942809 16.250000000000004 6.7500000000000009 5.3100000000000014 8.2952343136664961 21.850000000000005 13.672720712790303 6.2500000000000009 11.37956819712479
decision_type=2 2 10 2 2 2 10 2 2 2 10 2 2 2
left_child=1 9 7 5 8 -4 -6 13 -3 -1 12 -9 -11 -2
right_child=2 4 3 -5 6 -7 -8 11 -10 10 -12 -13 -14 -15
leaf_value=0 2.2684251069339497e-07 0 0 0 0 0 0 -0.0018573930354722379 0 0 0 0.058991141863649517 0 -1.1802680379663481e-06
leaf_weight=2672 20 85 206 238 206 47 175 25 248 68 313 78 35 417
leaf_count=2672 20 85 206 238 206 47 175 25 248 68 313 78 35 417
internal_value=-0.0109009 -0.0128898 -0.00356105 -0.00728659 -0.00826573 -0.0110433 -0.00577225 -0.000166359 -0.0110928 -0.013956 -0.0115827 0.00447115 -0.00706731 -0.00126712
internal_weight=4833 3802 1031 491 714 253 381 540 333 3088 416 103 103 437
internal_count=4833 3802 1031 491 714 253 381 540 333 3088 416 103 103 437
is_linear=0
shrinkage=0.03


Tree=71
num_leaves=15
num_cat=0
split_feature=2 1 5 5 8 13 8 8 2 8 2 13 8 8
split_gain=77.8102 16.545 7.50567 5.88286 4.22265 3.449 3.2628 3.03794 2.6055 2.51871 2.00266 2.67623 2.35634 2.03295
threshold=10.192474875139002 13.21010146161097 4.6509353449108879 2.249904835165133 35.050000000000004 3.6492108688874278 60.900000000000006 26.350000000000005 8.2863324211060849 15.250000000000002 13.442382991072124 3.8611811089553809 12.850000000000003 31.950000000000003
decision_type=2 2 2 2 10 10 10 10 2 10 2 10 10 10
left_child=8 3 4 7 10 -4 -6 -2 -1 -10 11 12 -3 -12
right_child=1 2 5 -5 6 -7 -8 -9 9 -11 13 -13 -14 -15
leaf_value=0 0 0 0.029073119078080016 4.5058713643817626e-05 0 -0.0052994243292806735 0 0 0 0 -0.00019561881309650372 0 0 0.0017747605503162867
leaf_weight=1946 257 154 152 48 177 36 37 420 334 762 102 110 349 22
leaf_count=1946 257 154 152 48 177 36 37 420 334 762 102 110 349 22
internal_value=-0.0108152 -0.00598391 -0.00372368 -0.00952479 -0.00480567 0.00174603 -0.00851163 -0.0102434 -0.0137726 -0.0125524 -0.00371951 -0.00442182 -0.00348214 -0.00024
internal_weight=4906 1864 1139 725 951 188 214 677 3042 1096 737 613 503 124
internal_count=4906 1864 1139 725 951 188 214 677 3042 1096 737 613 503 124
is_linear=0
shrinkage=0.03


Tree=72
num_leaves=15
num_cat=0
split_feature=4 2 2 2 4 4 7 13 6 7 3 2 13 13
split_gain=91.3021 19.6236 9.08346 8.06579 4.73076 3.72057 3.93221 2.50546 2.21276 1.80774 1.6847 1.65291 1.61007 1.49844
threshold=5.9776159275325842 10.718227170411092 9.940409500644785 13.442382991072124 7.8142843377069191 4.6798110373459698 5.2500000000000009 3.8891639584876008 8.4016088455231426 4.4500000000000011 11.471981166335455 14.932842352671233 4.3870179039720485 4.0694279404923597
decision_type=2 2 2 2 2 2 2 8 2 2 2 2 10 10
left_child=1 9 4 5 -2 6 7 -3 11 -1 -8 12 -4 -5
right_child=2 3 8 13 -6 -7 10 -9 -10 -11 -12 -13 -14 -15
leaf_value=0 0 0 0 5.8348871958587991e-06 -9.8350454462797387e-07 0 0 0 0.059897065839175138 0 0 0.026542819555171907 -0.0024100940162353015 -0.00041865690720283515
leaf_weight=22 120 80 688 73 40 73 538 20 25 2950 57 29 29 21
leaf_count=22 120 80 688 73 40 73 538 20 25 2950 57 29 29 21
internal_value=-0.0108928 -0.0129387 -0.00246245 -0.00893395 -0.0089441 -0.00994798 -0.010625 -0.0050495 -0.00110751 -0.0140969 -0.011552 -0.00140562 -0.0016922 -0.000631579
internal_weight=4765 3834 931 862 160 768 695 100 771 2972 595 746 717 94
internal_count=4765 3834 931 862 160 768 695 100 771 2972 595 746 717 94
is_linear=0
shrinkage=0.03


Tree=73
num_leaves=15
num_cat=0
split_feature=4 1 4 0 4 5 0 10 1 1 13 9 4 8
split_gain=104.215 24.8789 8.07685 7.50837 4.93933 2.91317 2.5328 1.99998 1.89796 1.70228 2.72861 1.5608 1.54988 1.58731
threshold=6.4272854282876386 13.337088791184405 7.7806140478348569 13.798029343861065 5.1089666311285624 1.6570930023362631 12.582400599299394 0.85933278406926539 13.149464424536584 15.316848798202214 4.2513567705528477 -0.5 13.010840838017936 7.0035000000000007
decision_type=2 2 2 2 2 2 2 2 2 2 10 2 2 10
left_child=1 6 3 -2 9 7 -1 -5 -4 -3 11 -11 13 -10
right_child=2 4 8 5 -6 -7 -8 -9 12 10 -12 -13 -14 -15
leaf_value=0 0 0 2.9715852061871139e-05 2.9660819736149315e-08 -2.2942845022911345e-14 -0.00015007675253397992 0 -2.549205002545705e-11 0.0194947161128959 0 0 6.7815895715759764e-06 0.038714822360249188 -0.0003891469801058289
leaf_weight=2102 125 565 168 75 75 30 1124 21 43 23 25 48 23 376
leaf_count=2102 125 565 168 75 75 30 1124 21 43 23 25 48 23 376
internal_value=-0.0108364 -0.0128917 -0.00137471 -0.00589286 -0.00789688 -0.000708661 -0.0140285 0.00185567 0.000490998 -0.00872356 -0.00494845 -0.001875 -0.000541761 -0.000964286
internal_weight=4823 3962 861 251 736 126 3226 96 610 661 96 71 442 419
internal_count=4823 3962 861 251 736 126 3226 96 610 661 96 71 442 419
is_linear=0
shrinkage=0.03


Tree=74
num_leaves=15
num_cat=0
split_feature=4 1 4 0 3 8 3 4 7 4 10 3 1 13
split_gain=90.927 27.559 6.1502 5.3688 5.25728 8.3445 5.13037 5.02686 5.23656 2.70451 2.21943 2.20389 2.19079 2.15969
threshold=6.4272854282876386 13.337088791184405 7.7806140478348569 13.798029343861065 9.8174255834350852 26.750000000000004 11.979436138389845 5.0255225584468723 5.4150000000000009 7.5054913292349399 0.49810825183760399 10.274576554170524 13.45308024996711 3.9961231750572668
decision_type=2 2 2 2 2 10 2 2 2 2 2 2 2 10
left_child=1 4 3 11 -1 -6 7 8 13 12 -8 -2 -5 -3
right_child=2 6 -4 9 5 -7 10 -9 -10 -11 -12 -13 -14 -15
leaf_value=0 0 0 -4.8913687608081004e-06 2.9378657720254862e-06 3.0423786801881995e-08 0 8.8306108603482769e-06 -1.2385898822018893e-11 0 -0.00057540634944930314 -0.00044870282639066633 0 -4.7693835517215999e-10 0
leaf_weight=3043 98 126 610 38 52 145 46 70 422 23 37 20 60 39
leaf_count=3043 98 126 610 38 52 145 46 70 422 23 37 20 60 39
internal_value=-0.0109099 -0.0128109 -0.00199412 -0.0060625 -0.0140049 -0.00916667 -0.00757085 -0.00845745 -0.00936224 -0.00159836 -0.000535714 -0.0105882 0.000606061 -0.00478916
internal_weight=4829 3980 849 239 3240 197 740 657 587 121 83 118 98 165
internal_count=4829 3980 849 239 3240 197 740 657 587 121 83 118 98 165
is_linear=0
shrinkage=0.03


Tree=75
num_leaves=15
num_cat=0
split_feature=4 1 2 4 4 1 7 13 2 1 4 4 2 1
split_gain=94.0139 27.5991 7.43386 7.06795 3.70409 4.86708 3.05849 3.77948 2.36765 2.18431 2.51353 2.01555 1.94337 1.43645
threshold=6.5316051642715482 13.337088791184405 13.286088946656212 5.3290882905953358 7.9344234331686216 12.092524536126961 5.3100000000000014 3.9961231750572668 9.8385889408756064 16.193078384018435 8.7106194056878774 6.8306012662127484 11.306170442592306 15.56144614909986
decision_type=2 2 2 2 2 2 2 8 2 2 2 2 2 2
left_child=1 8 3 6 5 -2 7 12 -1 10 -6 -7 -3 -4
right_child=4 2 13 -5 9 11 -8 -9 -10 -11 -12 -13 -14 -15
leaf_value=0 0 -5.6144921779632559e-07 -2.0872381291207689e-07 7.3170315537019851e-13 3.7126483349813492e-05 0.020794415023433741 0 0 0 0.04854046920149601 -0.00051909914139077742 0 0.0095137228645527858 9.4575567905781983e-06
leaf_weight=2535 98 39 75 60 137 20 458 33 688 46 403 143 40 33
leaf_count=2535 98 39 75 60 137 20 458 33 688 46 403 143 40 33
internal_value=-0.0108609 -0.0128004 -0.00755074 -0.00879556 -0.00178656 -0.00475191 -0.00982487 -0.00530973 -0.0139997 -0.000459966 -0.000998152 -0.00155488 -0.0016875 -0.000275229
internal_weight=4808 3961 738 630 847 261 570 112 3223 586 540 163 79 108
internal_count=4808 3961 738 630 847 261 570 112 3223 586 540 163 79 108
is_linear=0
shrinkage=0.03


Tree=76
num_leaves=15
num_cat=0
split_feature=4 1 2 4 4 0 3 3 7 3 4 7 2 0
split_gain=85.2445 31.2466 12.1117 7.68527 5.36982 6.61028 3.54248 2.63006 2.84644 2.18925 2.09379 2.02841 1.65433 1.50071
threshold=6.5316051642715482 13.337088791184405 13.286088946656212 5.0530509062989237 7.7806140478348569 13.896443937572831 9.8174255834350852 11.471981166335455 5.4150000000000009 13.973415881253521 1.3195286648076296 6.4500000000000011 11.578581599339957 12.641914153484741
decision_type=2 2 2 2 2 2 2 2 2 2 2 2 2 2
left_child=1 6 3 7 5 -2 13 8 -3 12 -10 -7 -6 -1
right_child=4 2 -4 -5 9 11 -8 -9 10 -11 -12 -13 -14 -15
leaf_value=0 0 0 5.2275742978403016e-06 -1.2036272952019432e-11 1.3046062933259315e-05 -8.858050307605644e-08 0 0 0 0.032749760252892092 0 1.5366518989592602e-05 -0.0006425630773388703 0
leaf_weight=2047 113 148 106 80 194 96 210 31 289 43 86 25 363 994
leaf_count=2047 113 148 106 80 194 96 210 31 289 43 86 25 363 994
internal_value=-0.0108817 -0.0127042 -0.00712551 -0.00869291 -0.00215569 -0.006 -0.0139714 -0.00994595 -0.0104485 -0.000648918 -0.0118484 -0.00110656 -0.00115591 -0.0142357
internal_weight=4825 3991 740 634 834 234 3251 554 523 600 375 121 557 3041
internal_count=4825 3991 740 634 834 234 3251 554 523 600 375 121 557 3041
is_linear=0
shrinkage=0.03


Tree=77
num_leaves=15
num_cat=0
split_feature=4 2 2 8 3 4 4 7 13 2 2 2 3 3
split_gain=96.3349 20.1904 11.5142 7.98542 6.24369 6.00506 2.35181 2.73011 2.09802 2.03529 2.18797 1.85968 1.63998 1.57348
threshold=6.461076787857162 13.286088946656212 9.8086928257424244 27.650000000000002 9.8174255834350852 7.8831632555019979 5.3020595774028507 5.3100000000000014 3.9013430581749602 15.15479036776569 11.396311975658071 10.316747152114617 12.535955299665927 9.6270582391016948
decision_type=2 2 2 10 2 2 2 2 8 2 2 2 2 2
left_child=1 2 -1 4 6 11 7 8 -4 10 -7 -2 -3 -13
right_child=5 12 3 -5 -6 9 -8 -9 -10 -11 -12 13 -14 -15
leaf_value=0 0 -3.5928932745992362e-07 0 0 -4.5635680202822988e-10 3.7833016719820937e-05 0 0 0 0.055857211188230699 -0.00035071294374036655 1.7826634123531421e-09 2.4054620908444438e-05 -6.6153574506410798e-08
leaf_weight=2645 110 78 95 603 112 162 69 303 24 24 395 67 34 92
leaf_count=2645 110 78 95 603 112 162 69 303 24 24 395 67 34 92
internal_value=-0.010859 -0.0128242 -0.0131893 -0.0107374 -0.00826987 -0.00169213 -0.00972561 -0.0105674 -0.006625 2.57732e-05 -0.000349462 -0.00538889 -0.000265487 -0.00328125
internal_weight=4813 3963 3851 1206 603 850 491 422 119 581 557 269 112 159
internal_count=4813 3963 3851 1206 603 850 491 422 119 581 557 269 112 159
is_linear=0
shrinkage=0.03


Tree=78
num_leaves=15
num_cat=0
split_feature=4 1 2 4 3 2 4 0 7 9 4 3 3 4
split_gain=107.835 30.7363 8.40222 7.95925 4.85548 3.16884 2.92965 2.93374 2.54774 2.47528 1.92715 1.87039 1.65882 2.17054
threshold=6.5698314372411959 13.337088791184405 13.286088946656212 5.0530509062989237 9.8174255834350852 10.192474875139002 8.1142496741851442 13.798029343861065 5.4150000000000009 -0.30070293700179074 12.852901347347759 11.378742402664935 8.4528667014040035 8.7106194056878774
decision_type=2 2 2 2 2 2 2 2 2 2 2 2 2 2
left_child=1 4 3 8 -1 6 7 -2 -3 -4 12 -10 -7 -14
right_child=5 2 9 -5 -6 10 -8 -9 11 -11 -12 -13 13 -15
leaf_value=0 0 0 -8.4194675288811343e-07 6.8845949888781981e-13 0 -0.00014085210703624124 2.7570765573333161e-05 1.7309145508014646e-09 0 9.5788728049698882e-06 0.041742850626820656 0 3.6256880265861394e-09 -0.00040580490828551549
leaf_weight=3033 82 144 27 77 187 20 42 33 371 78 29 37 242 386
leaf_count=3033 82 144 27 77 187 20 42 33 371 78 29 37 242 386
internal_value=-0.0106306 -0.0126979 -0.00714286 -0.00845238 -0.0139615 -0.000826347 -0.0046519 -0.00711207 -0.00971067 0.000707547 6.63717e-05 -0.0109291 -0.00027735 0
internal_weight=4788 3954 734 629 3220 834 157 115 552 105 677 408 648 628
internal_count=4788 3954 734 629 3220 834 157 115 552 105 677 408 648 628
is_linear=0
shrinkage=0.03


Tree=79
num_leaves=15
num_cat=0
split_feature=4 1 3 3 4 7 13 4 5 0 4 1 0 7
split_gain=97.8653 26.8093 7.52396 5.35817 6.2804 3.54393 2.87506 2.58356 2.02389 1.70821 2.79807 2.27024 1.45336 1.3628
threshold=6.461076787857162 13.337088791184405 9.8174255834350852 12.055833228445314 5.3020595774028507 5.4150000000000009 4.0376906890827202 0.80471895621705036 11.208505424352596 11.476127008990462 7.848055458551066 13.742595706967148 12.458314665107652 7.4500000000000011
decision_type=2 2 2 2 2 2 10 2 2 2 2 2 2 2
left_child=1 2 12 4 5 6 -3 -7 9 10 -2 -11 -1 -13
right_child=8 3 -4 -5 -6 7 -8 -9 -10 11 -12 13 -14 -15
leaf_value=0 0 0 0 5.2803938220351808e-06 6.6780571392118526e-13 0 0 0 0.07422959889833812 1.8758365943947398e-09 -3.1557913570796402e-07 -0.0006245929142766032 0 0.024540589637985267
leaf_weight=1973 42 133 184 65 66 329 36 103 21 305 48 405 1069 25
leaf_count=1973 42 133 184 65 66 329 36 103 21 305 48 405 1069 25
internal_value=-0.0107513 -0.0127305 -0.0139077 -0.0075307 -0.00833084 -0.00929402 -0.00555882 -0.010739 -0.0014876 -0.00172518 -0.0056044 -0.00124321 -0.0142655 -0.00264501
internal_weight=4804 3958 3226 732 667 601 169 432 846 825 90 735 3042 430
internal_count=4804 3958 3226 732 667 601 169 432 846 825 90 735 3042 430
is_linear=0
shrinkage=0.03


Tree=80
num_leaves=15
num_cat=0
split_feature=3 1 1 5 8 7 3 7 13 3 7 13 13 8
split_gain=88.7271 16.5135 10.3574 5.96719 5.54629 6.9787 4.79662 3.84693 3.4247 3.27121 3.21995 2.83768 2.44013 2.12796
threshold=9.273197330101457 13.123625039321825 14.260421846505684 4.5564740129837675 28.050000000000004 6.3500000000000005 6.7059446245066345 5.4150000000000009 4.0108909220604785 9.7193242967978595 7.3500000000000005 2.8128490644703317 2.7802406240100033 25.250000000000004
decision_type=2 2 2 2 10 2 2 2 10 2 2 10 10 10
left_child=1 3 4 -1 9 -6 7 -3 10 -2 13 -7 -11 -4
right_child=2 6 8 -5 5 11 -8 -9 -10 12 -12 -13 -14 -15
leaf_value=0 0 0 6.1918528370626534e-05 0 0 -0.00067225044088180524 0 0 -0.00050394805977462714 -0.00027040517014597786 0.060264966181759021 0 0 -2.8768802640623238e-08
leaf_weight=2961 85 106 248 37 216 36 280 234 73 67 34 104 221 134
leaf_count=2961 85 106 248 37 216 36 280 234 73 67 34 104 221 134
internal_value=-0.0107236 -0.013081 -0.00371616 -0.0140047 -0.00597945 -0.00865546 -0.00859903 -0.0109971 -0.000336735 -0.00340909 0.000719424 -0.00340426 -0.00186851 -7.8329e-05
internal_weight=4836 3618 1218 2998 729 356 620 340 489 373 416 140 288 382
internal_count=4836 3618 1218 2998 729 356 620 340 489 373 416 140 288 382
is_linear=0
shrinkage=0.03


Tree=81
num_leaves=15
num_cat=0
split_feature=3 1 1 8 7 3 7 3 3 8 8 7 7 1
split_gain=119.805 18.2551 6.74152 7.57568 11.304 5.07189 4.59189 4.5666 3.77961 6.76515 3.59799 3.01305 2.8591 2.64793
threshold=9.273197330101457 13.123625039321825 14.260421846505684 28.850000000000005 6.3500000000000005 6.8979566397912828 5.1500000000000012 9.7193242967978595 7.3385598149196678 22.650000000000002 16.350000000000005 6.0100000000000007 7.3500000000000005 13.302271599364106
decision_type=2 2 2 10 2 2 2 2 2 10 10 2 2 2
left_child=1 8 3 7 -5 6 -3 -2 -1 11 -7 -10 -4 -9
right_child=2 5 12 4 -6 10 -8 13 9 -11 -12 -13 -14 -15
leaf_value=0 0 0 -2.7905738561404541e-08 0 0 0 0 4.2054473458138597e-08 0 0 0 0 0.052301514357892563 -0.00032381407440386074
leaf_weight=2369 88 69 458 201 131 150 277 178 134 369 128 85 38 135
leaf_count=2369 88 69 458 201 131 150 277 178 134 369 128 85 38 135
internal_value=-0.0101206 -0.0128936 -0.00203659 -0.0038624 -0.00720721 -0.008208 -0.010634 -0.00108209 -0.0138793 -0.0116638 -0.00516129 -0.00743182 0.000663984 0.000621019
internal_weight=4810 3581 1229 733 332 624 346 401 2957 588 278 219 496 313
internal_count=4810 3581 1229 733 332 624 346 401 2957 588 278 219 496 313
is_linear=0
shrinkage=0.03


Tree=82
num_leaves=15
num_cat=0
split_feature=4 1 1 0 4 4 8 13 8 6 8 4 0 13
split_gain=112.167 35.6739 4.05763 3.39651 4.44973 3.30331 2.4264 2.56647 2.18873 2.16436 2.2193 1.59686 1.58317 1.43397
threshold=5.9776159275325842 13.166750854367367 14.260421846505684 11.44051063025527 7.7497531974398965 4.9181527702265706 29.450000000000003 4.0324179804245857 35.750000000000007 8.225695476803752 4.1500000000000012 8.7815553141541152 12.582400599299394 3.2018703124542616
decision_type=2 2 2 2 2 2 10 10 10 2 10 2 2 10
left_child=1 12 5 4 -2 -3 7 13 -8 10 -5 -6 -1 -4
right_child=3 2 6 9 11 -7 8 -9 -10 -11 -12 -13 -14 -15
leaf_value=0 0 0 0 -0.0004876814685790883 1.5126165393487524e-05 0 1.7002362360608333e-09 0 0 0.05816175612567475 0 -0.0023440081760105957 0 8.4217382669448835e-09
leaf_weight=2086 57 402 115 32 32 39 39 57 80 24 764 23 1006 50
leaf_count=2086 57 402 115 32 32 39 39 57 80 24 764 23 1006 50
internal_value=-0.01031 -0.0125574 -0.00681992 -0.00096463 -0.00584071 -0.00872172 -0.00434211 -0.00618834 -0.000875 -0.000292326 -0.000564617 0.000267857 -0.0140058 -0.00424699
internal_weight=4806 3874 782 932 112 441 341 222 119 820 796 55 3092 165
internal_count=4806 3874 782 932 112 441 341 222 119 820 796 55 3092 165
is_linear=0
shrinkage=0.03


Tree=83
num_leaves=15
num_cat=0
split_feature=4 1 2 2 13 2 2 2 4 7 13 4 0 4
split_gain=105.956 37.2379 7.70081 6.98498 3.80718 3.72737 3.40186 2.97233 2.61271 2.61068 3.07463 2.5273 2.36544 2.2339
threshold=5.7300879237504594 13.302271599364106 12.490011156197001 9.9117161042577901 3.9699398397909711 9.7576369860026908 11.396311975658071 10.086954272840327 5.3020595774028507 5.4150000000000009 3.9013430581749602 8.1142496741851442 15.107546119942809 12.076791325945125
decision_type=2 2 2 2 8 2 2 2 2 2 8 2 2 2
left_child=1 7 5 4 11 -3 -5 -1 9 10 12 -2 -7 -8
right_child=3 2 -4 6 -6 8 13 -9 -10 -11 -12 -13 -14 -15
leaf_value=0 0 0 0 6.5981255914469392e-06 1.0190521530673899e-05 0.019284951099716788 -0.00024602959220410648 0 7.9939867234015787e-10 0 0 1.1290410620036735e-05 -0.00028541168593658358 0.041466145160388719
leaf_weight=2569 147 139 217 244 20 35 480 547 21 254 21 27 40 58
leaf_count=2569 147 139 217 244 20 35 480 547 21 254 21 27 40 58
internal_value=-0.0102106 -0.0124519 -0.00632555 -0.00138178 -0.00646154 -0.00833659 -0.000114943 -0.0138787 -0.00673387 -0.00735043 -0.00309278 -0.00788571 -0.000197368 -0.00144712
internal_weight=4819 3843 727 976 194 510 782 3116 371 350 96 174 75 538
internal_count=4819 3843 727 976 194 510 782 3116 371 350 96 174 75 538
is_linear=0
shrinkage=0.03


Tree=84
num_leaves=15
num_cat=0
split_feature=4 1 1 4 1 0 7 4 13 5 4 8 4 7
split_gain=118.483 36.2532 5.4995 7.79931 3.42765 2.60054 2.53435 2.33594 1.75775 1.62643 2.45161 1.93493 2.12029 1.63961
threshold=5.7300879237504594 13.166750854367367 12.422081807016374 7.3246544253440611 13.985513870810831 13.659914641676256 5.4150000000000009 4.8578706543484742 4.0108909220604785 10.401204088936487 8.7106194056878774 15.050000000000002 8.0483087310963608 7.1500000000000012
decision_type=2 2 2 2 2 2 2 2 8 2 2 10 2 2
left_child=1 -1 3 5 6 -2 -3 -8 -6 10 11 -4 -13 -12
right_child=2 4 9 -5 8 -7 7 -9 -10 -11 13 12 -14 -15
leaf_value=0 0 0 0 6.5463884525273762e-07 0 6.3353686455280118e-07 0 0 0 0.069713272487286593 -0.0005888352990199953 7.3827073276197567e-06 -0.0005352997812342787 0.024834120363081125
leaf_weight=3018 115 85 157 152 290 22 246 28 141 42 294 117 29 52
leaf_count=3018 115 85 157 152 290 22 246 28 141 42 294 117 29 52
internal_value=-0.0101295 -0.012523 -0.000825688 -0.0042931 -0.00678887 -0.00945652 -0.00895833 -0.0103636 -0.00496528 0.000628613 0.000253846 0.00222039 0.00469388 -0.00146974
internal_weight=4788 3808 980 289 790 137 359 274 431 691 649 303 146 346
internal_count=4788 3808 980 289 790 137 359 274 431 691 649 303 146 346
is_linear=0
shrinkage=0.03


Tree=85
num_leaves=15
num_cat=0
split_feature=3 4 1 4 1 8 3 0 7 4 2 8 1 6
split_gain=116.225 22.8396 11.8344 8.47148 15.0721 6.42363 4.1962 3.81407 3.59837 4.0399 3.28649 3.12458 2.44387 2.03773
threshold=9.273197330101457 6.461076787857162 13.337088791184405 4.7535809014838026 14.182033099437094 28.850000000000005 9.7193242967978595 12.80041893592758 5.4150000000000009 2.6566029895208945 12.935225995097626 13.050000000000002 14.737555286823486 8.225695476803752
decision_type=2 2 2 2 2 10 2 2 2 2 2 10 2 2
left_child=1 2 -1 4 5 6 -2 -3 -4 -10 -7 -6 -11 -5
right_child=3 7 8 13 11 10 -8 -9 9 12 -12 -13 -14 -15
leaf_value=0 0 -5.6275097831842194e-11 0 -2.1680820192353788e-09 -0.00075519307059152268 0 2.6284252525615886e-08 4.3970766500589759e-06 0 0 0 4.220082261283947e-06 1.2102080549480835e-05 0.054337687805378378
leaf_weight=2950 35 63 130 754 24 185 83 99 241 78 22 120 21 23
leaf_count=2950 35 63 130 754 24 185 83 99 241 78 22 120 21 23
internal_value=-0.0103003 -0.0130449 -0.0135662 -0.00240577 -0.00558511 -0.00915644 -0.00352941 -0.00202454 -0.00910828 -0.0107331 -0.0123317 0.00248276 -0.00555 -0.000482005
internal_weight=4828 3582 3420 1246 469 325 118 162 470 340 207 144 99 777
internal_count=4828 3582 3420 1246 469 325 118 162 470 340 207 144 99 777
is_linear=0
shrinkage=0.03


Tree=86
num_leaves=15
num_cat=0
split_feature=4 3 0 0 2 2 4 4 0 13 13 4 5 2
split_gain=128.599 31.1374 7.47277 6.61943 4.14387 3.982 4.7499 2.68336 3.47232 2.3669 2.09881 2.02295 2.58904 1.79606
threshold=5.7300879237504594 9.3787531108739994 15.94533503232697 13.962708169661443 9.6012160837127549 10.509829925185983 6.461076787857162 4.7535809014838026 14.766786905549113 2.4997937795698415 2.7589582548678373 8.7106194056878774 11.514113323294781 12.214285042072481
decision_type=2 2 2 2 2 2 2 2 2 8 10 2 2 2
left_child=1 3 7 -1 -5 6 10 8 -3 -6 -2 -7 -13 -4
right_child=5 2 13 4 9 11 -8 -9 -10 -11 -12 12 -14 -15
leaf_value=0 0 0 0 0 0 7.1594715887551778e-06 -5.4586844896886925e-11 6.5042460577061359e-11 -1.2490223160245756e-07 0 0 -0.00033056341770942578 0.085711846904810818 1.7895874968170431e-05
leaf_weight=2557 28 275 21 379 36 302 191 36 106 361 49 390 22 46
leaf_count=2557 28 275 21 379 36 302 191 36 106 361 49 390 22 46
internal_value=-0.0101406 -0.012631 -0.00550515 -0.0136638 -0.0111969 -0.000457782 -0.00356877 -0.00699761 -0.0077356 -0.00900754 -0.00980769 0.000713287 -0.000653753 0.00375
internal_weight=4799 3817 484 3333 776 982 268 417 381 397 77 714 412 67
internal_count=4799 3817 484 3333 776 982 268 417 381 397 77 714 412 67
is_linear=0
shrinkage=0.03


Tree=87
num_leaves=15
num_cat=0
split_feature=3 4 4 0 1 2 4 3 4 13 4 3 13 2
split_gain=131.332 32.978 13.7095 12.6312 11.0451 6.70275 2.48114 2.37819 2.25121 1.58136 1.4651 1.43071 1.36732 1.21876
threshold=9.1401590327106863 6.461076787857162 4.7535809014838026 14.766786905549113 13.166750854367367 13.442382991072124 8.7106194056878774 6.8979566397912828 12.852901347347759 3.099837727453385 5.0255225584468723 9.6552985631544992 3.6938852661230004 11.281062714371034
decision_type=2 2 2 2 2 2 2 2 2 8 2 2 10 2
left_child=1 4 3 5 -1 11 12 13 -8 -3 -9 -2 -4 -6
right_child=2 9 6 -5 7 -7 8 10 -10 -11 -12 -13 -14 -15
leaf_value=0 0 -5.2949239549980313e-11 6.2407604679275615e-06 3.7470669480737265e-09 0 0.0093754664649169667 -0.00034481083156410309 0 0.03439826200455659 3.8127272289339068e-06 0 0 -2.6004757467672008e-07 0
leaf_weight=2866 79 83 343 184 227 20 399 163 25 67 32 218 50 91
leaf_count=2866 79 83 343 184 227 20 399 163 25 67 32 218 50 91
internal_value=-0.0099474 -0.0129646 -0.00186505 -0.00576693 -0.0135754 -0.00938679 0.000531785 -0.00948444 -0.00105882 0.000794702 -0.00681122 -0.0105201 0.00224619 -0.0110972
internal_weight=4847 3529 1318 501 3379 317 817 513 424 150 195 297 393 318
internal_count=4847 3529 1318 501 3379 317 817 513 424 150 195 297 393 318
is_linear=0
shrinkage=0.03


Tree=88
num_leaves=15
num_cat=0
split_feature=2 8 7 0 5 0 13 8 7 2 2 9 10 0
split_gain=97.6072 10.7944 12.4932 6.61597 5.41497 3.75057 3.48856 2.8727 2.65922 3.40298 2.44003 2.2846 2.25289 2.18786
threshold=10.509829925185983 28.050000000000004 6.3500000000000005 14.766786905549113 3.3140206880897671 14.687257649141923 3.4011867285199036 38.050000000000004 5.5500000000000007 11.858352112152009 8.2115506807161065 -0.75039776413398951 0.49810825183760399 16.062201012774135
decision_type=2 10 2 2 2 2 8 10 2 2 2 2 2 2
left_child=4 6 3 -3 5 -1 -2 -5 9 -8 -7 -4 -10 -13
right_child=1 2 11 7 -6 10 8 -9 12 -11 -12 13 -14 -15
leaf_value=0 0 0 -0.0002623880413127281 0 0 0 0 -1.2126757666282604e-07 0 0 0 0 -5.0863779156651391e-07 0.013515449478969817
leaf_weight=2782 592 306 45 69 79 129 63 40 186 44 186 157 100 21
leaf_count=2782 592 306 45 69 79 129 63 40 186 44 186 157 100 21
internal_value=-0.0102281 -0.00423953 -0.007277 -0.0103486 -0.0132861 -0.0134845 -0.00226673 -0.00395455 -0.00445431 -0.00847222 -0.0103006 -0.00154018 -0.00292683 0
internal_weight=4799 1623 638 415 3176 3097 985 109 393 107 315 223 286 178
internal_count=4799 1623 638 415 3176 3097 985 109 393 107 315 223 286 178
is_linear=0
shrinkage=0.03


Tree=89
num_leaves=15
num_cat=0
split_feature=2 4 4 0 8 3 7 1 4 8 3 5 4 2
split_gain=108.264 23.5562 22.7888 13.1429 4.71847 6.438 3.66968 3.63321 2.80252 3.50404 2.56735 2.21747 2.0551 1.97431
threshold=10.509829925185983 5.7300879237504594 5.9776159275325842 14.766786905549113 27.450000000000003 9.6861082776322274 6.5500000000000007 13.337088791184405 8.0823131798589305 15.050000000000002 9.6552985631544992 10.401204088936487 2.4201211540837879 11.209066492889425
decision_type=2 2 2 2 10 2 2 2 2 10 2 2 2 2
left_child=2 3 7 4 5 -2 -6 10 9 -3 -1 -10 -5 -11
right_child=1 8 -4 12 6 -7 -8 -9 11 13 -12 -13 -14 -15
leaf_value=0 0 -4.1296789160546677e-07 -1.9634251022113763e-08 0 0 3.1739526778726192e-08 0 0 -0.00028150582035763998 1.606563852845267e-06 0 0.067092025675770356 -8.9528917046040447e-08 1.257599894524157e-05
leaf_weight=2678 136 89 245 305 312 57 34 189 453 42 33 35 76 94
leaf_count=2678 136 89 245 305 312 57 34 189 453 42 33 35 76 94
internal_value=-0.0100063 -0.00373623 -0.0132597 -0.00690554 -0.00991667 -0.00610825 -0.0120173 -0.0140021 0.000357143 0.00311947 -0.0142865 -0.000920245 -0.00263089 0.00613139
internal_weight=4778 1633 3145 920 539 193 346 2900 713 225 2711 488 381 136
internal_count=4778 1633 3145 920 539 193 346 2900 713 225 2711 488 381 136
is_linear=0
shrinkage=0.03


Tree=90
num_leaves=15
num_cat=0
split_feature=4 2 0 8 7 2 1 4 2 4 7 8 7 5
split_gain=126.978 44.8548 14.3783 5.3808 4.5291 2.89973 2.83158 2.11058 5.31157 3.60358 1.68258 1.589 1.54441 1.45869
threshold=5.6577370132897373 10.509829925185983 14.766786905549113 28.050000000000004 6.3500000000000005 11.927683910950865 13.337088791184405 6.0069685442948 11.374217709464871 6.6243680413302366 5.4150000000000009 39.550000000000004 6.2500000000000009 11.514113323294781
decision_type=2 2 2 10 2 2 2 2 2 2 2 10 2 2
left_child=1 6 3 5 -5 -3 -1 8 -2 -9 -8 12 -4 -11
right_child=7 2 11 4 -6 -7 10 9 -10 13 -12 -13 -14 -15
leaf_value=0 0 0 0 0 0 1.5259133746995415e-08 0 5.8902753066341285e-10 6.5884373892508102e-06 -1.7280419175404956e-07 0 3.6380272998847813e-09 -0.00018865031637267196 0.063001845267299184
leaf_weight=2671 43 157 274 295 45 50 42 102 20 808 147 64 47 23
leaf_count=2671 43 157 274 295 45 50 42 102 20 808 147 64 47 23
internal_value=-0.00965337 -0.0121566 -0.00643087 -0.00955292 -0.0118768 -0.00569712 -0.0140196 -0.000120361 -0.00539062 0.000240899 -0.0103421 -0.00198187 -0.00284161 -0.000414663
internal_weight=4788 3792 932 547 340 207 2860 996 63 933 189 385 321 831
internal_count=4788 3792 932 547 340 207 2860 996 63 933 189 385 321 831
is_linear=0
shrinkage=0.03


Tree=91
num_leaves=15
num_cat=0
split_feature=2 3 0 8 8 3 8 3 3 13 10 13 3 5
split_gain=115.025 15.5182 11.9214 8.96159 6.65346 5.6394 3.89585 3.66755 3.10148 2.81078 2.66909 2.27372 2.07155 2.54557
threshold=10.485814897600793 6.8434830691324935 14.342662470012868 28.250000000000004 22.420000000000005 9.0718241214882784 44.95000000000001 10.092316828491857 10.00615511168124 3.5269516858868246 0.50941572451887807 4.5196178450035118 9.7606991574788129 1.7482537807332403
decision_type=2 2 2 10 10 2 10 2 2 8 2 10 2 2
left_child=1 -1 3 5 12 10 8 -6 -5 -7 -2 -4 13 -3
right_child=2 4 11 6 7 9 -8 -9 -10 -11 -12 -13 -14 -15
leaf_value=0 0 0 0 0 0 6.1910538346272719e-06 0 0 0 -0.00022388354549903643 0 -1.1077641371937761e-10 6.4719118980578883e-06 -1.8434749231840526e-08
leaf_weight=2358 89 260 899 180 427 168 39 40 155 55 36 64 22 70
leaf_count=2358 89 260 899 180 427 168 39 40 155 55 36 64 22 70
internal_value=-0.00956817 -0.0129279 -0.00322954 -0.00614108 -0.00934756 -0.00266476 -0.00936 -0.0116987 -0.0104018 0.000200893 -0.0077381 -0.00104253 -0.00620397 -0.00679758
internal_weight=4862 3177 1685 722 819 348 374 467 335 223 125 963 352 330
internal_count=4862 3177 1685 722 819 348 374 467 335 223 125 963 352 330
is_linear=0
shrinkage=0.03


Tree=92
num_leaves=15
num_cat=0
split_feature=2 4 4 0 2 1 4 7 7 13 5 4 1 1
split_gain=123.604 42.4108 20.8664 21.0441 3.30041 2.75046 2.40625 2.24862 1.84183 1.59449 1.59338 1.78166 1.56312 1.85096
threshold=10.509829925185983 5.9776159275325842 1.3195286648076296 14.665849790164041 8.9510189097779485 13.166750854367367 6.8554086598137056 6.3500000000000005 5.4150000000000009 2.6535709890514521 11.514113323294781 8.8809674950548771 13.925870914538871 15.265275211886982
decision_type=2 2 2 2 2 2 2 2 2 10 2 2 2 2
left_child=1 5 3 7 6 -1 -3 8 -2 -6 11 -4 -5 -14
right_child=2 4 10 12 9 -7 -8 -9 -10 -11 -12 -13 13 -15
leaf_value=0 0 5.7135670474351051e-10 3.5265470653108628e-06 0 1.8061367840733935e-06 0 -4.0696526089537234e-09 0 0 -1.8661893610279477e-07 0.061111604177665153 -0.00026052778579291238 3.528886480888238e-09 -2.0347319069082021e-07
leaf_weight=2683 94 27 450 80 32 229 44 47 324 142 23 353 174 72
leaf_count=2683 94 27 450 80 32 229 44 47 324 142 23 353 174 72
internal_value=-0.00957487 -0.0130288 -0.00282756 -0.00630682 -0.00103659 -0.0140371 0.004375 -0.010397 -0.0110979 -0.00325714 0.00050786 0.000279851 -0.000458716 0.000728745
internal_weight=4774 3157 1617 791 245 2912 71 465 418 174 826 803 326 246
internal_count=4774 3157 1617 791 245 2912 71 465 418 174 826 803 326 246
is_linear=0
shrinkage=0.03


Tree=93
num_leaves=15
num_cat=0
split_feature=4 2 0 8 3 7 2 2 8 2 4 3 4 8
split_gain=125.909 49.2038 15.6681 5.15727 4.86492 4.20809 2.70565 2.60196 2.26513 2.2243 3.34068 3.51584 2.81391 4.38547
threshold=5.7300879237504594 10.509829925185983 14.665849790164041 28.250000000000004 9.4033130271821452 6.3500000000000005 12.569364864700374 11.791649392446077 37.250000000000007 10.422601193182571 6.0252529818225158 7.0555257095416755 8.3004662745835205 15.750000000000002
decision_type=2 2 2 10 2 2 2 2 10 2 2 2 2 10
left_child=1 -1 3 4 -3 -5 7 8 -4 10 -2 -12 13 -11
right_child=9 2 6 5 -6 -7 -8 -9 -10 12 11 -13 -14 -15
leaf_value=0 0 0 0 0 4.7915844321245073e-06 0 1.5153267152568768e-08 -1.0336319659595301e-07 3.4263431788731716e-09 -6.3308040153018659e-07 1.107258480556421e-09 -1.0793020567122662e-07 -0.00014614670802715597 6.494057422949458e-06
leaf_weight=2858 34 127 155 279 74 43 153 79 21 103 21 223 478 154
leaf_count=2858 34 127 155 279 74 43 153 79 21 103 21 223 478 154
internal_value=-0.00958776 -0.0120989 -0.00609979 -0.00953244 -0.00571782 -0.0118885 -0.00168704 -0.00357422 -0.00152542 -0.000192308 -0.00247312 -0.00122449 0.000672554 0.00319767
internal_weight=4802 3789 931 523 201 322 408 255 176 1013 278 244 735 257
internal_count=4802 3789 931 523 201 322 408 255 176 1013 278 244 735 257
is_linear=0
shrinkage=0.03


Tree=94
num_leaves=15
num_cat=0
split_feature=4 0 3 3 8 13 8 0 8 4 3 13 13 4
split_gain=126.352 41.6972 10.5508 6.83981 7.66663 3.78612 2.91901 2.7272 1.49734 1.49626 2.15616 3.0053 2.34315 2.14825
threshold=5.7300879237504594 14.665849790164041 9.2277872421230462 9.6552985631544992 28.405000000000005 3.5584967250542694 37.850000000000001 12.458314665107652 42.850000000000001 8.7106194056878774 10.058362959991639 3.9013430581749602 3.817174043109838 6.0069685442948
decision_type=2 2 2 2 10 10 10 2 10 2 2 8 10 2
left_child=1 3 6 7 5 -5 -3 -1 -6 10 11 13 -12 -2
right_child=9 2 -4 4 8 -7 -8 -9 -10 -11 12 -13 -14 -15
leaf_value=0 0 0 3.1008958978785901e-09 -3.3151561907800515e-07 0 6.5697564844244832e-06 0 0 0 -0.0003138159130660961 1.2752212680466804e-05 1.3632860507075214e-05 -0.00034480338407249925 -1.0529239539339378e-08
leaf_weight=1938 36 427 207 48 164 25 58 983 24 451 149 40 22 284
leaf_count=1938 36 427 207 48 164 25 58 983 24 451 149 40 22 284
internal_value=-0.00970352 -0.0121394 -0.00545455 -0.013591 -0.00887405 -0.000608108 -0.00787037 -0.0140092 -0.0120635 -9.15565e-05 0.000986842 -0.00033241 0.00375 -0.00130841
internal_weight=4856 3874 692 3182 261 73 485 2921 188 982 531 360 171 320
internal_count=4856 3874 692 3182 261 73 485 2921 188 982 531 360 171 320
is_linear=0
shrinkage=0.03


Tree=95
num_leaves=15
num_cat=0
split_feature=4 1 2 3 8 1 7 7 9 2 6 3 2 1
split_gain=133.302 54.3867 10.4569 8.0072 6.58104 3.92908 2.50093 1.96819 1.8272 1.532 1.36695 1.39693 2.2198 4.09801
threshold=5.7300879237504594 13.302271599364106 10.536333862987865 9.6552985631544992 28.405000000000005 13.925870914538871 5.4150000000000009 6.2500000000000009 0.25037047035109428 11.374217709464871 8.225695476803752 7.7345569068471276 10.422601193182571 12.917781087321249
decision_type=2 2 2 2 10 2 2 2 2 2 2 2 2 2
left_child=1 3 6 9 -5 -4 -3 -7 -9 -1 11 -2 -13 -14
right_child=10 2 5 4 -6 7 -8 8 -10 -11 -12 12 13 -15
leaf_value=0 1.3899179123199096e-09 0 0 -1.6827623583276984e-07 0 -1.0586659442664714e-10 0 5.6625045204836108e-06 -4.7612938855032892e-07 0 0.050736491793139417 -1.1703984379438198e-07 6.0433264847839478e-06 -1.3556394452406137e-06
leaf_weight=2779 68 45 151 70 122 284 146 47 40 85 27 211 123 543
leaf_count=2779 68 45 151 70 122 284 146 47 40 85 27 211 123 543
internal_value=-0.00947385 -0.0120279 -0.00455882 -0.0137684 -0.00777202 -0.00235182 -0.0105469 -0.000685484 0.00323864 -0.0141675 0.000431655 0.000237844 -8.54214e-05 0.000764618
internal_weight=4741 3769 713 3056 192 522 191 371 87 2864 972 945 877 666
internal_count=4741 3769 713 3056 192 522 191 371 87 2864 972 945 877 666
is_linear=0
shrinkage=0.03


Tree=96
num_leaves=15
num_cat=0
split_feature=4 2 2 8 3 3 3 13 13 6 4 2 8 3
split_gain=133.817 50.9199 5.31124 6.56276 3.11485 2.81935 2.23177 2.96 1.98358 1.84783 1.84291 1.92157 3.12827 2.60386
threshold=5.7300879237504594 10.509829925185983 12.186042658659952 28.650000000000002 4.4218436198267055 9.9848483054625294 9.7193242967978595 3.5584967250542694 3.0186624058275657 8.225695476803752 8.7106194056878774 10.485814897600793 15.750000000000002 9.0152355898894267
decision_type=2 2 2 10 2 2 2 8 10 2 2 2 10 2
left_child=1 5 3 6 -5 -1 -3 8 -8 10 11 13 -13 -2
right_child=9 2 -4 4 -6 -7 7 -9 -10 -11 -12 12 -14 -15
leaf_value=0 1.3482203749503123e-09 0 0 0 0 0 7.7956263955966209e-06 8.2452919216192339e-06 -7.4384436780444051e-07 0.048976890064132049 -0.00025842939722645617 -4.8691153791268327e-07 6.5753975499620669e-06 -1.7892124435180963e-07
leaf_weight=2826 173 269 307 63 218 24 20 24 28 24 412 126 174 84
leaf_count=2826 173 269 307 63 218 24 20 24 28 24 412 126 174 84
internal_value=-0.00945317 -0.0120278 -0.00591935 -0.00751204 -0.0109043 -0.0140161 -0.00469298 0 -0.00428571 0.000347082 0.000139175 0.00126344 0.00289037 -0.000639535
internal_weight=4772 3779 929 622 281 2850 341 72 48 993 969 557 300 257
internal_count=4772 3779 929 622 281 2850 341 72 48 993 969 557 300 257
is_linear=0
shrinkage=0.03


Tree=97
num_leaves=15
num_cat=0
split_feature=4 2 0 8 0 2 3 4 0 3 7 4 3 4
split_gain=141.258 45.5963 15.034 4.98638 4.18419 2.37878 2.25504 2.20147 2.49369 1.86174 1.77842 1.4553 3.11557 4.10996
threshold=5.7300879237504594 10.718227170411092 14.766786905549113 28.650000000000002 14.426055376461802 9.6012160837127549 9.6552985631544992 0.80471895621705036 15.94533503232697 11.036050199466741 6.3500000000000005 6.4979049341695818 8.3133005526057371 6.0252529818225158
decision_type=2 2 2 10 2 2 2 2 2 2 2 2 2 2
left_child=1 4 3 9 6 -6 -1 -4 -9 -3 -5 12 13 -2
right_child=11 2 7 10 5 -7 -8 8 -10 -11 -12 -13 -14 -15
leaf_value=0 -1.5535357234001085e-08 0 0 0 0 0 0 -2.9042320936487503e-07 5.316043963399575e-06 4.4331096388926952e-06 0 7.7362344424439996e-09 5.315809542193858e-06 7.5473128674658718e-10
leaf_weight=2553 27 158 298 266 238 109 44 43 26 22 39 848 79 32
leaf_count=2553 27 158 298 266 238 109 44 43 26 22 39 848 79 32
internal_value=-0.00950868 -0.0121359 -0.00601407 -0.00947531 -0.0139049 -0.0107328 -0.0143245 -0.00142663 -0.00621429 -0.00546961 -0.0118137 0.000607903 0.00345324 -0.00175
internal_weight=4782 3796 852 485 2944 347 2597 367 69 180 305 986 138 59
internal_count=4782 3796 852 485 2944 347 2597 367 69 180 305 986 138 59
is_linear=0
shrinkage=0.03


Tree=98
num_leaves=15
num_cat=0
split_feature=2 4 4 1 0 2 4 4 0 4 5 13 7 2
split_gain=120.514 40.8713 16.8678 22.2904 4.74809 3.65131 2.51441 2.44809 2.43714 2.38811 1.98219 2.30305 1.97142 1.84998
threshold=10.509829925185983 5.7300879237504594 5.7300879237504594 13.925870914538871 14.715189673089524 8.9510189097779485 8.1142496741851442 2.0471722811110507 12.641914153484741 8.0823131798589305 5.2297699279692296 3.4196275344626987 5.4150000000000009 11.396311975658071
decision_type=2 2 2 2 2 2 2 2 2 2 2 8 2 2
left_child=1 8 3 4 -2 -3 10 -6 -1 -4 11 -7 -10 -11
right_child=2 5 9 -5 7 6 -8 -9 12 13 -12 -13 -14 -15
leaf_value=0 0 7.3208934814418959e-10 5.3345890079051523e-06 3.1759978327994139e-12 0 -1.8327932409351868e-07 2.5777389650802994e-05 -1.0311054444794467e-07 0 0.00027782609610246285 6.6243193708479462e-09 2.1603629940024545e-09 0 -0.00028758923675107473
leaf_weight=1916 502 77 208 370 77 107 41 22 229 83 20 24 756 411
leaf_count=1916 502 77 208 370 77 107 41 22 229 83 20 24 756 411
internal_value=-0.00959021 -0.0130274 -0.00307348 -0.00563272 -0.00919435 -0.00183333 -0.00404145 -0.00315 -0.0140644 0.000469417 -0.00582237 -0.00715909 -0.0127941 -0.000666667
internal_weight=4843 3170 1673 971 601 269 192 99 2901 702 151 131 985 494
internal_count=4843 3170 1673 971 601 269 192 99 2901 702 151 131 985 494
is_linear=0
shrinkage=0.03


Tree=99
num_leaves=15
num_cat=0
split_feature=4 1 2 2 8 1 0 13 0 13 5 4 2 8
split_gain=121.56 58.943 10.9372 6.12024 5.0923 2.97788 2.6543 2.43754 2.22354 2.01715 1.94685 2.36941 2.19699 2.40926
threshold=5.7300879237504594 13.337088791184405 9.940409500644785 10.718227170411092 28.650000000000002 13.925870914538871 11.052543313149469 3.6155831759350021 11.346162242049504 3.6730601001066518 10.228503475914996 7.195919244138719 11.374217709464871 15.050000000000002
decision_type=2 2 2 2 10 2 2 8 2 10 2 2 2 10
left_child=1 3 -3 -1 7 -4 -2 -5 -8 10 11 12 13 -10
right_child=6 2 5 4 -6 -7 8 -9 9 -11 -12 -13 -14 -15
leaf_value=0 -1.5808550391529912e-07 0 0 0 0 -4.9534282117109762e-11 1.1069697158974719e-06 1.5259133746995415e-08 4.8161839907301027e-09 -1.0113969017907324e-05 0.055275517408420648 -1.9341870527159763e-07 8.2168911669556704e-06 -1.5781123525475775e-07
leaf_weight=2738 93 143 175 102 232 392 20 43 68 131 31 511 66 62
leaf_count=2738 93 143 175 102 232 392 20 43 68 131 31 511 66 62
internal_value=-0.00956843 -0.0119851 -0.00417722 -0.0137628 -0.010119 -0.00229754 -0.000152594 -0.00565068 0.000353933 0.00012069 0.000730717 0.000402542 0.00319797 0.000916031
internal_weight=4807 3825 710 3115 377 567 982 145 889 869 738 707 196 130
internal_count=4807 3825 710 3115 377 567 982 145 889 869 738 707 196 130
is_linear=0
shrinkage=0.03


Tree=100
num_leaves=15
num_cat=0
split_feature=4 1 3 2 8 13 0 3 2 4 8 2 4 3
split_gain=123.415 66.7114 9.05437 8.46337 6.41887 3.71984 2.67382 2.44522 3.11061 2.94106 5.26221 2.20326 2.10099 2.60615
threshold=5.7300879237504594 13.611476292324143 9.7193242967978595 9.940409500644785 28.250000000000004 3.5584967250542694 12.641914153484741 6.984020963707942 10.422601193182571 8.1346038594384336 15.950000000000001 10.789086306416449 7.7172386136265985 8.1545711003633894
decision_type=2 2 2 2 10 10 2 2 2 2 10 2 2 2
left_child=1 2 6 -3 5 -4 -1 -2 12 10 -10 -11 13 -9
right_child=7 3 4 -5 -6 -7 -8 8 9 11 -12 -13 -14 -15
leaf_value=0 5.2744913653795847e-09 0 -4.0095513015923629e-07 0 0 7.8166361604614717e-06 0 -3.2600785336255976e-09 -1.2647980290624186e-06 0.00054833487006992001 5.5128330028470948e-06 -0.00021275167104563156 5.3326930031795878e-06 -1.6433975970590527e-07
leaf_weight=2018 26 93 51 479 141 23 1019 60 94 31 134 458 75 109
leaf_count=2018 26 93 51 479 141 23 1019 60 94 31 134 458 75 109
internal_value=-0.00947319 -0.0119137 -0.0135752 -0.00246073 -0.00756944 -0.0004 -0.0139977 -1.51822e-05 -0.000265073 0.000731198 0.00353712 -0.000581633 -0.00318367 -0.00502941
internal_weight=4811 3824 3252 572 215 74 3037 987 961 717 228 489 244 169
internal_count=4811 3824 3252 572 215 74 3037 987 961 717 228 489 244 169
is_linear=0
shrinkage=0.03


Tree=101
num_leaves=15
num_cat=0
split_feature=4 1 2 2 8 3 13 8 3 2 4 8 8 13
split_gain=124.185 62.0942 10.5714 8.79136 6.53439 5.76267 3.79015 1.87441 1.77006 2.0414 3.04772 2.26961 2.65448 1.99316
threshold=5.7300879237504594 13.611476292324143 9.7576369860026908 10.086954272840327 28.250000000000004 9.6861082776322274 3.5584967250542694 44.750000000000007 6.984020963707942 10.422601193182571 7.226753903166979 35.45000000000001 12.850000000000003 2.8877984811013975
decision_type=2 2 2 2 10 2 10 10 2 2 2 10 10 8
left_child=1 3 -3 -1 5 -5 -7 -6 -2 11 13 12 -10 -11
right_child=8 2 -4 4 7 6 -8 -9 9 10 -12 -13 -14 -15
leaf_value=0 9.6044888397178909e-10 0 0 0 0 -3.1023323286331839e-07 5.8953964604919006e-06 0 5.578596937699445e-09 -1.8074818821903626e-06 -1.4743112842089635e-06 1.9362744334115409e-05 -1.4841274600666297e-07 1.1136674114076266e-05
leaf_weight=2609 31 94 484 193 347 46 25 28 69 29 583 22 156 82
leaf_count=2609 31 94 484 193 347 46 25 28 69 29 583 22 156 82
internal_value=-0.00948323 -0.0119153 -0.00284974 -0.0135272 -0.0103359 -0.00667925 0.000625 -0.0128856 9.24974e-05 -0.000143312 0.000690647 -0.00247984 -0.00338496 0.00522321
internal_weight=4798 3826 578 3248 639 264 71 375 972 941 694 247 225 111
internal_count=4798 3826 578 3248 639 264 71 375 972 941 694 247 225 111
is_linear=0
shrinkage=0.03


Tree=102
num_leaves=15
num_cat=0
split_feature=2 3 0 8 8 3 8 3 3 5 10 0 5 3
split_gain=114.344 14.4598 11.3612 10.1229 10.0215 7.20199 4.70759 4.07731 2.81533 1.95332 1.92854 1.88467 1.84807 1.90141
threshold=10.485814897600793 6.8434830691324935 14.384781013387888 21.650000000000002 28.250000000000004 9.4033130271821452 44.95000000000001 10.092316828491857 10.591446296091192 1.7482537807332403 0.50941572451887807 14.687257649141923 1.7482537807332403 8.6032789887991452
decision_type=2 2 2 10 10 2 10 2 2 2 2 2 2 2
left_child=1 11 4 12 5 10 8 -5 -6 -7 -2 -1 13 -3
right_child=2 3 -4 7 6 9 -8 -9 -10 -11 -12 -13 -14 -15
leaf_value=0 0 0 0 0 0 5.0423775393712945e-06 2.4001157213602036e-06 0 0 -0.0039646156008871459 0 0 -5.8712734068698341e-08 0
leaf_weight=2083 100 200 920 444 219 170 44 40 124 52 42 211 71 59
leaf_count=2083 100 200 920 444 219 170 44 40 124 52 42 211 71 59
internal_value=-0.00948013 -0.012882 -0.00314892 -0.00942331 -0.00588431 -0.00230137 -0.00923969 -0.0121856 -0.0104215 0.00107623 -0.00755245 -0.0141046 -0.00534743 -0.00651923
internal_weight=4779 3108 1671 814 751 364 387 484 343 222 142 2294 330 259
internal_count=4779 3108 1671 814 751 364 387 484 343 222 142 2294 330 259
is_linear=0
shrinkage=0.03


Tree=103
num_leaves=15
num_cat=0
split_feature=4 1 2 2 0 0 13 7 1 3 4 1 0 13
split_gain=122.757 57.8176 9.9829 9.34203 2.6075 1.84791 2.31263 1.7588 1.71554 1.57437 1.42643 1.37556 1.60981 2.21
threshold=5.7300879237504594 13.611476292324143 9.966415292020832 10.563355831337747 11.097958993402663 14.766786905549113 3.6222784870652007 6.3500000000000005 13.925870914538871 9.7401147247608133 7.3708593744320989 15.01171096262234 16.028449887560164 2.8795611966904695
decision_type=2 2 2 2 2 2 8 2 2 2 2 2 2 10
left_child=1 3 -3 9 10 6 7 -5 -4 -1 -2 -10 -13 -14
right_child=4 2 8 5 -6 -7 -8 -9 11 -11 -12 12 13 -15
leaf_value=0 -1.5495718453452822e-07 0 0 0 4.267431312426796e-09 -5.1395147683097571e-11 0 0 1.4860284635132928e-12 0 -1.7193908127787481e-07 -1.9280568612607929e-06 8.3245896633473828e-06 -4.1019667348598469e-07
leaf_weight=2716 47 97 85 307 878 46 94 32 242 32 45 65 20 48
leaf_count=2716 47 97 85 307 878 46 94 32 242 32 45 65 20 48
internal_value=-0.0095836 -0.0120238 -0.0030914 -0.0135641 -6.1792e-05 -0.00965625 -0.010265 -0.0114265 -0.00123644 -0.0142415 -0.00483871 -0.000359043 -0.00279851 0.000434783
internal_weight=4754 3784 557 3227 970 479 433 339 460 2748 92 375 133 68
internal_count=4754 3784 557 3227 970 479 433 339 460 2748 92 375 133 68
is_linear=0
shrinkage=0.03


Tree=104
num_leaves=15
num_cat=0
split_feature=2 4 4 1 8 1 1 2 4 8 2 8 11 8
split_gain=138.312 38.2871 14.4643 20.3951 6.936 4.16372 3.58671 3.87284 3.45176 3.53018 2.4586 2.46035 2.44672 2.44486
threshold=10.485814897600793 5.7300879237504594 5.7300879237504594 13.925870914538871 28.250000000000004 13.568366802406333 13.337088791184405 9.9961908496412786 8.0295956805110347 15.250000000000002 11.306170442592306 25.650000000000002 1.0000000180025095e-35 24.650000000000002
decision_type=2 2 2 2 10 2 2 2 2 10 2 10 2 10
left_child=1 6 3 4 13 -6 -1 -8 9 12 11 -11 -4 -2
right_child=2 -3 8 -5 5 -7 7 -9 -10 10 -12 -13 -14 -15
leaf_value=0 0 -7.194208907006257e-08 1.6062171768691969e-05 4.5221655074233262e-12 0 0 0 0 -7.916482273351832e-05 4.3994955232532873e-06 1.1734912592096518e-05 -1.8206121818294219e-06 -0.0005245713528629364 1.5418544304929271e-12
leaf_weight=2695 180 273 51 374 291 50 131 40 514 25 89 21 32 73
leaf_count=2695 180 273 51 374 291 50 131 40 514 25 89 21 32 73
internal_value=-0.00925723 -0.0129889 -0.00236332 -0.0047678 -0.00821849 -0.0110088 -0.0140112 -0.00968023 0.000818554 0.0039726 0.00694853 0.0012766 -0.000892857 -0.00442913
internal_weight=4839 3139 1700 968 594 341 2866 171 732 218 135 46 83 253
internal_count=4839 3139 1700 968 594 341 2866 171 732 218 135 46 83 253
is_linear=0
shrinkage=0.03


Tree=105
num_leaves=15
num_cat=0
split_feature=4 1 1 1 9 4 13 1 1 1 10 8 13 7
split_gain=119.255 61.8177 6.53786 3.4399 1.70511 1.98881 1.92017 1.59242 1.276 2.26585 1.13826 1.07542 1.09348 1.04828
threshold=5.7300879237504594 13.302271599364106 13.925870914538871 12.379940790318781 -0.39273749243677047 12.420008195419644 3.2742027639931908 15.205963544199051 15.646327120686861 16.193078384018435 -0.86926070542861777 23.650000000000002 3.8611811089553809 5.3100000000000014
decision_type=2 2 2 2 2 2 8 2 2 2 2 10 10 2
left_child=1 3 13 -1 6 8 -2 -4 -6 -10 -9 12 -8 -3
right_child=4 2 7 -5 5 -7 11 10 9 -11 -12 -13 -14 -15
leaf_value=0 -8.9056622836336601e-07 0 0 0 1.6933500440614347e-08 0.036600464031699038 0.015077017031185599 1.4573145194451957e-06 -0.010926485723412618 0.013282204653401974 -6.1024305265050277e-07 -2.5607425314522916e-06 -3.7442074546364544e-07 0
leaf_weight=2560 224 44 338 539 543 26 48 22 23 22 93 33 34 223
leaf_count=2560 224 44 338 539 543 26 48 22 23 22 93 33 34 223
internal_value=-0.00950974 -0.0118783 -0.00395284 -0.0137177 -1.57233e-05 0.000926829 -0.00172059 -0.0017511 0.000560272 -0.00423913 -0.00478448 0.00142241 0.00325301 -0.00766791
internal_weight=4772 3819 720 3099 953 614 339 453 588 45 115 115 82 267
internal_count=4772 3819 720 3099 953 614 339 453 588 45 115 115 82 267
is_linear=0
shrinkage=0.03


Tree=106
num_leaves=15
num_cat=0
split_feature=1 3 5 8 1 3 8 8 10 3 8 13 13 13
split_gain=108.332 36.2953 11.7811 7.34686 6.37983 6.37478 6.15229 2.8296 2.05273 2.03397 1.94338 1.75773 1.74099 1.71455
threshold=13.337088791184405 9.6552985631544992 3.9604048396443008 28.250000000000004 13.925870914538871 7.124880434095842 15.250000000000002 42.550000000000004 0.25248616906575677 10.058362959991639 31.250000000000004 3.5462230556584866 3.185065009498079 2.7626079235173067
decision_type=2 2 2 10 2 2 10 10 2 2 10 8 8 10
left_child=1 2 5 8 9 -1 13 -5 11 12 -11 -3 -2 -7
right_child=4 3 -4 7 -6 6 -8 -9 -10 10 -12 -13 -14 -15
leaf_value=0 0 3.9696694585483601e-06 0 0 0 2.2660317413569724e-08 0 0 -4.8986461159150779e-07 7.4052751355772396e-06 0 3.2481373369472888e-05 0 0
leaf_weight=2396 116 83 67 166 924 32 559 41 78 73 45 32 124 109
leaf_count=2396 116 83 67 166 924 32 559 41 78 73 45 32 124 109
internal_value=-0.00935101 -0.0120412 -0.0131179 -0.00351621 -0.00187062 -0.0133871 -0.0108274 -0.00742788 0.000695876 -0.00526462 -0.00201681 0.00323276 -0.00684647 -0.00517606
internal_weight=4845 3563 3163 400 1282 3096 700 207 193 358 118 115 240 141
internal_count=4845 3563 3163 400 1282 3096 700 207 193 358 118 115 240 141
is_linear=0
shrinkage=0.03


Tree=107
num_leaves=15
num_cat=0
split_feature=2 3 1 8 8 7 3 0 1 3 10 0 7 0
split_gain=122.01 13.7503 11.3063 11.4598 11.2409 9.71494 7.6995 7.22471 6.06266 3.58599 2.77837 3.22271 2.79771 2.23456
threshold=10.485814897600793 6.8434830691324935 13.925870914538871 28.250000000000004 21.650000000000002 6.3500000000000005 9.7193242967978595 14.766786905549113 13.925870914538871 10.685074689347298 0.50941572451887807 13.347242173473058 5.5500000000000007 11.381570510167284
decision_type=2 2 2 10 10 2 2 2 2 2 2 2 2 2
left_child=1 8 3 6 -3 7 10 -5 -1 -6 11 -2 -12 -7
right_child=2 4 -4 5 9 13 -8 -9 -10 -11 12 -13 -14 -15
leaf_value=0 -4.6255632914787807e-14 0 -1.0148009388444651e-10 0 0 -1.0579641195932588e-07 4.5928220394118193e-06 1.5512188761545417e-09 0 3.5205553623161028e-06 0 -2.0389703094807657e-10 1.4801359734585556e-08 6.2935250495732487e-06
leaf_weight=2241 58 329 804 287 439 22 213 28 72 20 28 115 37 84
leaf_count=2241 58 329 804 287 439 22 213 28 72 20 28 115 37 84
internal_value=-0.00931457 -0.0128385 -0.0027907 -0.00515464 -0.00939163 -0.00870853 -0.00182522 -0.0113449 -0.0140082 -0.0124239 -0.00552301 -0.0075 -0.000227273 -0.000841121
internal_weight=4777 3101 1676 872 788 421 451 315 2313 459 238 173 65 106
internal_count=4777 3101 1676 872 788 421 451 315 2313 459 238 173 65 106
is_linear=0
shrinkage=0.03


Tree=108
num_leaves=15
num_cat=0
split_feature=2 4 4 1 1 7 2 3 4 0 7 4 3 13
split_gain=135.473 37.1583 12.987 14.8581 8.11911 3.98207 3.9178 3.35103 3.78867 3.13822 3.85687 3.04808 2.29798 2.2727
threshold=10.485814897600793 5.7300879237504594 5.7300879237504594 13.611476292324143 13.337088791184405 5.2500000000000009 9.940409500644785 8.0518172960252539 8.1142496741851442 14.576896403432871 6.3500000000000005 8.7106194056878774 4.6890490276048302 3.2891799922809661
decision_type=2 2 2 2 2 2 2 2 2 2 2 2 2 10
left_child=1 4 3 5 -1 -2 -6 13 -9 10 -7 -4 -5 -3
right_child=2 7 11 12 6 9 -8 8 -10 -11 -12 -13 -14 -15
leaf_value=0 0 1.1216443992855327e-08 4.6944547097478425e-06 3.3293221406599204e-09 0 0 3.5600568412725759e-13 -3.007998202359607e-07 2.1888938128224177e-05 -4.4994711854143317e-11 -9.1554663715073733e-10 -0.00021886714251445399 -9.8435691067913117e-11 -3.2081183139250527e-07
leaf_weight=2696 59 57 294 88 146 345 44 141 56 61 49 420 356 22
leaf_count=2696 59 57 294 88 146 345 44 141 56 61 49 420 356 22
internal_value=-0.0092575 -0.0129086 -0.00234907 -0.00462982 -0.0139141 -0.00809709 -0.0078534 -0.00238267 -0.0044697 -0.00904605 -0.0100253 0.000713287 -0.000606742 0.0028125
internal_weight=4834 3162 1672 958 2886 514 190 276 197 455 394 714 444 79
internal_count=4834 3162 1672 958 2886 514 190 276 197 455 394 714 444 79
is_linear=0
shrinkage=0.03


Tree=109
num_leaves=15
num_cat=0
split_feature=2 4 4 1 8 1 2 2 4 8 8 3 13 3
split_gain=135.292 42.043 11.7031 14.6191 15.3496 6.75558 4.6987 2.85284 2.78558 4.20425 2.82425 2.46948 2.85723 2.24864
threshold=10.509829925185983 5.7300879237504594 5.7300879237504594 13.611476292324143 27.950000000000003 13.337088791184405 9.6761632813776952 8.9510189097779485 8.3004662745835205 15.750000000000002 10.950000000000001 4.2194806715733328 3.4929142733113552 9.4033130271821452
decision_type=2 2 2 2 10 2 2 2 2 10 10 2 10 2
left_child=1 5 3 4 11 -1 -7 -3 9 10 -4 -2 -13 -14
right_child=2 7 8 -5 -6 6 -8 -9 -10 -11 -12 12 13 -15
leaf_value=0 1.3876689874436342e-15 6.2293597829493629e-09 1.5836300825655976e-05 -9.3762753291355307e-11 0 0 0 -1.5850371894533913e-07 -8.2516754148192348e-05 5.5055688309729013e-06 -0.00056909736653722317 -1.0579029504839743e-07 -4.4876540569530289e-10 5.420742767755391e-06
leaf_weight=2689 52 88 51 445 296 119 62 198 469 146 43 103 37 22
leaf_count=2689 52 88 51 445 296 119 62 198 469 146 43 103 37 22
internal_value=-0.00910392 -0.0127526 -0.00218018 -0.00434623 -0.00780822 -0.0138454 -0.00815934 -0.001777 0.000739437 0.003361 -0.00157895 -0.00167442 -0.00349693 0.00175
internal_weight=4820 3156 1664 955 510 2870 181 286 709 240 94 214 162 59
internal_count=4820 3156 1664 955 510 2870 181 286 709 240 94 214 162 59
is_linear=0
shrinkage=0.03


Tree=110
num_leaves=15
num_cat=0
split_feature=2 4 4 0 7 0 4 7 2 4 2 5 4 13
split_gain=140.297 38.5658 11.4431 12.9091 5.57113 5.11627 4.98504 4.60832 4.58784 4.43882 3.54759 2.22908 1.97791 1.67665
threshold=10.485814897600793 5.7300879237504594 5.7300879237504594 14.453577537246224 5.3100000000000014 14.426055376461802 8.7106194056878774 6.3500000000000005 9.6761632813776952 1.8317808230648234 8.9810522721056376 10.228503475914996 8.1142496741851442 3.099837727453385
decision_type=2 2 2 2 2 2 2 2 2 2 2 2 2 8
left_child=1 5 3 4 -2 -1 -4 -6 -7 -5 13 -8 -12 -3
right_child=2 10 6 9 7 8 11 -9 -10 -11 12 -13 -14 -15
leaf_value=0 1.3460389178203251e-15 9.6318852513479558e-09 5.5793636379710136e-06 1.2539860474366212e-11 0 0 -0.00056429041364135636 -8.8808027966628484e-10 0 -1.0155293441966754e-07 -1.7024214634012036e-07 0.046232233336279002 3.6386111099935232e-06 -1.1043097008677187e-07
leaf_weight=2483 60 56 290 374 381 239 359 57 80 82 142 45 43 34
leaf_count=2483 60 56 290 374 381 239 359 57 80 82 142 45 43 34
internal_value=-0.00917584 -0.0129581 -0.00211037 -0.00424084 -0.00757515 -0.01401 0.000820144 -0.00874715 -0.0103594 -0.00059081 -0.00222826 -0.00133333 -0.00459677 0.00263736
internal_weight=4725 3077 1648 954 498 2802 694 438 319 456 275 404 185 90
internal_count=4725 3077 1648 954 498 2802 694 438 319 456 275 404 185 90
is_linear=0
shrinkage=0.03


Tree=111
num_leaves=15
num_cat=0
split_feature=2 3 1 1 7 0 5 0 10 3 13 7 7 3
split_gain=140.632 13.7634 7.42167 6.37068 6.00347 6.56597 5.47245 5.32676 3.47001 3.2819 3.02181 2.85194 2.13528 1.88672
threshold=10.485814897600793 6.8434830691324935 13.499567202359573 13.611476292324143 6.3500000000000005 14.507895498102771 1.7482537807332403 13.980830696056747 -0.70864607840491656 9.3337298135907236 4.3870179039720485 5.3100000000000014 7.6500000000000012 4.9126481274723863
decision_type=2 2 2 2 2 2 2 2 2 2 10 2 2 2
left_child=1 3 4 -1 5 11 7 9 10 -3 -4 -2 -10 -5
right_child=2 6 8 13 -6 -7 -8 -9 12 -11 -12 -13 -14 -15
leaf_value=0 -4.0381167534609752e-17 0 -1.7227215415051444e-07 0 1.4411404580605972e-08 3.1763911111019127e-09 -6.9108599366107507e-08 0 5.7659533307780529e-12 0 -0.00044826765692960205 0 0.043426950083328197 0
leaf_weight=2239 45 459 188 91 150 80 71 158 749 111 21 387 20 29
leaf_count=2239 45 459 188 91 150 80 71 158 749 111 21 387 20 29
internal_value=-0.00915816 -0.0128585 -0.00202925 -0.0140148 -0.00447964 -0.00602339 -0.00943125 -0.0102058 -0.000367722 -0.0115587 -0.00378571 -0.00748268 0.000564935 -0.00719008
internal_weight=4798 3158 1640 2359 662 512 799 728 978 570 209 432 769 120
internal_count=4798 3158 1640 2359 662 512 799 728 978 570 209 432 769 120
is_linear=0
shrinkage=0.03


Tree=112
num_leaves=15
num_cat=0
split_feature=2 4 8 1 4 1 2 2 1 13 0 8 3 4
split_gain=147.171 39.0105 17.2375 17.2958 14.0296 8.49343 4.39012 4.35204 3.16944 2.49655 2.83093 2.1883 2.15494 2.09683
threshold=10.485814897600793 5.7300879237504594 28.050000000000004 13.499567202359573 5.271715860811125 13.337088791184405 9.4171307653354983 9.966415292020832 14.926036693408292 3.099837727453385 12.611049708527789 20.950000000000003 9.6552985631544992 7.7172386136265985
decision_type=2 2 10 2 2 2 2 2 2 8 2 8 2 2
left_child=1 5 11 4 -4 12 9 8 -7 -3 -11 -2 -1 -8
right_child=2 6 3 -5 -6 7 13 -9 -10 10 -12 -13 -14 -15
leaf_value=0 -8.657070548131569e-14 1.8230727391875709e-08 0 -1.7297859992334159e-13 3.7129248563787457e-06 0 -2.7725988038649237e-07 1.4307674390840764e-12 9.0273197157533683e-09 -1.8955512699208804e-07 1.2357528159976561e-06 3.0065419438220174e-08 0 -1.4853359649773553e-06
leaf_weight=2683 676 71 288 304 73 121 91 41 24 27 24 307 31 49
leaf_count=2683 676 71 288 304 73 121 91 41 24 27 24 307 31 49
internal_value=-0.00901684 -0.0128043 -0.00174651 -0.00547297 -0.00990331 -0.0138056 -0.00171103 -0.00754011 -0.00996575 0.00243902 -0.00259615 0.000777439 -0.014232 -0.00531915
internal_weight=4810 3162 1648 665 361 2900 262 186 145 122 51 983 2714 140
internal_count=4810 3162 1648 665 361 2900 262 186 145 122 51 983 2714 140
is_linear=0
shrinkage=0.03


Tree=113
num_leaves=15
num_cat=0
split_feature=2 4 4 1 1 7 0 4 2 4 2 2 13 13
split_gain=156.144 34.7414 9.81354 13.229 7.71521 6.36351 6.09558 3.7502 3.4195 3.15622 3.04013 2.88107 2.81458 2.72786
threshold=10.485814897600793 5.7300879237504594 5.7300879237504594 13.611476292324143 13.337088791184405 5.3100000000000014 14.576896403432871 2.0471722811110507 9.940409500644785 8.0823131798589305 11.374217709464871 12.363455470498495 3.0388029201427362 3.4448781711037975
decision_type=2 2 2 2 2 2 2 2 2 2 2 2 10 8
left_child=1 4 3 5 -1 -2 -7 -5 -6 -4 13 -9 -3 -11
right_child=2 12 9 7 8 6 -8 11 -10 10 -12 -13 -14 -15
leaf_value=0 3.9039903497512245e-15 -7.9953868833865049e-09 4.3637336747093217e-06 1.3029067447586434e-11 0 0 8.0585629946767176e-13 -2.841878585478911e-07 -5.3603193696340022e-14 0.0087659833597498581 -0.00027294648600499144 1.4226221199134888e-05 -1.6855872295703285e-07 -0.00068614493370665872
leaf_weight=2679 61 162 222 350 145 401 61 55 41 59 418 23 90 24
leaf_count=2679 61 162 222 350 145 401 61 55 41 59 418 23 90 24
internal_value=-0.00909328 -0.0130613 -0.00170149 -0.00370273 -0.0140003 -0.00689885 -0.00809935 0.00020979 -0.00802139 0.00093232 -0.000388446 -0.0056962 -0.00237154 0.00482143
internal_weight=4791 3117 1674 951 2865 523 462 428 186 723 501 78 252 83
internal_count=4791 3117 1674 951 2865 523 462 428 186 723 501 78 252 83
is_linear=0
shrinkage=0.03


Tree=114
num_leaves=15
num_cat=0
split_feature=2 4 1 4 1 0 2 7 7 2 4 1 2 13
split_gain=144.273 45.1625 12.7274 11.7521 6.93794 6.14142 4.87127 4.55605 3.26815 2.87589 4.56161 2.63288 2.56678 2.8382
threshold=10.485814897600793 5.7300879237504594 13.585083222941341 5.6577370132897373 13.337088791184405 14.426055376461802 9.940409500644785 5.3100000000000014 7.4500000000000011 11.073788520111497 8.0823131798589305 14.874267213961456 9.5822309082709527 3.1182168565832833
decision_type=2 2 2 2 2 2 2 2 2 2 2 2 2 10
left_child=1 4 3 5 -1 7 11 -2 -4 -5 -11 -6 13 -3
right_child=2 12 8 9 6 -7 -8 -9 -10 10 -12 -13 -14 -15
leaf_value=0 2.3992016518150535e-15 1.1544349790707428e-08 5.2072920654248178e-12 -2.6360826585833262e-06 0 7.8168061048364165e-13 1.3894525117224443e-12 0 0.048523295841567289 4.2821438733284644e-06 -0.00019790660849777986 -2.7081959147260104e-10 -2.5822399956627461e-07 -1.0859992898533644e-07
leaf_weight=2684 43 90 891 77 118 76 45 366 40 62 77 26 141 57
leaf_count=2684 43 90 891 77 118 76 45 366 40 62 77 26 141 57
internal_value=-0.00904568 -0.0127846 -0.00180037 -0.00485043 -0.0139196 -0.00743827 -0.00828947 -0.00889024 0.000498927 0.000967742 0.00353571 -0.0109655 -0.00145329 0.00131757
internal_weight=4793 3161 1632 701 2873 485 189 409 931 216 139 144 288 147
internal_count=4793 3161 1632 701 2873 485 189 409 931 216 139 144 288 147
is_linear=0
shrinkage=0.03


Tree=115
num_leaves=15
num_cat=0
split_feature=1 4 3 8 1 1 3 3 7 12 9 3 8 10
split_gain=121.86 69.0392 6.88945 6.99721 6.35885 4.28782 3.67743 2.85208 2.60181 2.33333 2.26382 1.5864 3.36022 2.2384
threshold=13.276945234336237 5.7675391348056815 9.6552985631544992 28.250000000000004 13.611476292324143 11.609432446070445 7.7950287226653918 2.8477071124928428 7.4500000000000011 1.5000000000000002 0.25881904510252091 10.473315040952995 28.405000000000005 -0.90164176183622413
decision_type=2 2 2 10 2 2 2 2 2 10 2 2 10 2
left_child=1 2 5 9 6 -1 -2 10 11 -4 -6 12 13 -9
right_child=4 -3 3 -5 7 -7 -8 8 -10 -11 -12 -13 -14 -15
leaf_value=0 0 -1.7149585561918151e-08 -5.4495923050894778e-07 0 0 0 0 1.0996629368585379e-05 0.042238184923472838 4.7030754255853921e-06 0 -8.2562778034739612e-07 3.059034209083186e-09 0
leaf_weight=2069 89 408 35 126 93 873 128 58 47 27 58 471 60 300
leaf_count=2069 89 408 35 126 93 873 128 58 47 27 58 471 60 300
internal_value=-0.00901301 -0.0119017 -0.0134142 -0.00777778 -0.00117241 -0.0137717 -0.00584862 -0.000234375 0.000384205 0.00047619 -0.00404605 1.68539e-05 0.00136038 0.000250696
internal_weight=4842 3538 3130 188 1304 2942 217 1087 936 62 151 889 418 358
internal_count=4842 3538 3130 188 1304 2942 217 1087 936 62 151 889 418 358
is_linear=0
shrinkage=0.03


Tree=116
num_leaves=15
num_cat=0
split_feature=2 4 8 1 4 1 1 2 13 8 2 0 2 9
split_gain=151.57 34.6839 12.971 19.2673 9.67523 7.78054 3.57369 4.8387 2.41853 2.9647 2.78023 1.96656 3.20256 1.95994
threshold=10.509829925185983 5.7300879237504594 27.950000000000003 13.499567202359573 4.8578706543484742 14.874267213961456 13.24434817285543 9.940409500644785 2.8729444776091819 10.005500000000001 9.1385757927605429 14.665849790164041 11.834513770857493 1.0000000180025095e-35
decision_type=2 2 10 2 2 2 2 2 10 10 2 2 2 2
left_child=1 5 -2 4 -4 6 -1 -8 13 -10 -11 -5 -13 -3
right_child=2 8 3 11 -6 -7 7 -9 9 10 -12 12 -14 -15
leaf_value=0 1.6524014756244675e-11 -9.4186999117201029e-08 0 -8.6719952969033503e-11 -2.92956134810393e-07 8.1245877441780304e-12 0 0 9.1185442490252263e-06 -1.9329916766475788e-08 -4.168855368512512e-07 1.6530020359592243e-08 2.9672631828106903e-09 4.1727605488094601e-08
leaf_weight=2695 970 49 276 100 75 29 138 47 22 57 84 28 184 54
leaf_count=2695 970 49 276 100 75 29 138 47 22 57 84 28 184 54
internal_value=-0.00914535 -0.0129644 -0.00171665 -0.00494729 -0.00975852 -0.0139124 -0.014068 -0.00991935 -0.00258427 -0.00484756 -0.00644366 0.000479233 0.00211268 0.00100962
internal_weight=4808 3175 1633 663 351 2909 2880 185 266 163 141 312 212 103
internal_count=4808 3175 1633 663 351 2909 2880 185 266 163 141 312 212 103
is_linear=0
shrinkage=0.03


Tree=117
num_leaves=15
num_cat=0
split_feature=1 3 8 7 3 3 1 3 0 0 8 3 1 1
split_gain=102.266 30.976 15.5456 8.67608 7.38365 6.77088 4.51605 4.43377 3.48137 1.99436 2.1404 1.98862 1.77904 1.89322
threshold=13.24434817285543 7.225663390193799 27.950000000000003 6.3500000000000005 9.7193242967978595 7.8383430045777098 13.611476292324143 9.3787531108739994 11.765984927760018 15.164628528825114 15.050000000000002 5.9814070371901584 12.019951740029805 10.599985009879701
decision_type=2 2 10 2 2 2 2 2 2 2 10 2 2 2
left_child=1 11 4 -4 8 6 -2 -5 -3 10 -10 -1 13 -9
right_child=5 2 3 7 -6 -7 -8 12 9 -11 -12 -13 -14 -15
leaf_value=0 0 0 0 0 3.2799328908475376e-06 -7.7063646835459464e-11 0 1.8880686983081863e-05 0 -3.0776611103522616e-08 0 0 1.9040297215173643e-05 -4.1071047893068681e-07
leaf_weight=2087 105 118 408 57 158 925 285 21 108 31 134 321 28 41
leaf_count=2087 105 118 408 57 158 925 285 21 108 31 134 321 28 41
internal_value=-0.00942937 -0.0121008 -0.0079276 -0.0114658 -0.00433636 -0.00229103 -0.00560102 -0.00516892 -0.00654337 -0.00465328 -0.0037037 -0.01401 -0.000989011 -0.00380952
internal_weight=4827 3512 1104 555 549 1315 390 147 391 273 242 2408 90 62
internal_count=4827 3512 1104 555 549 1315 390 147 391 273 242 2408 90 62
is_linear=0
shrinkage=0.03


Tree=118
num_leaves=15
num_cat=0
split_feature=2 4 1 8 0 3 4 1 8 2 2 3 4 3
split_gain=139.847 34.7605 13.054 16.2248 11.4309 9.74409 8.42103 3.62754 2.21484 1.86913 1.8573 1.84577 2.54572 1.77317
threshold=10.485814897600793 5.7675391348056815 13.276945234336237 28.250000000000004 14.687257649141923 7.7345569068471276 5.271715860811125 14.874267213961456 9.2500000000000018 11.954093888246845 15.15479036776569 6.9258392696733599 7.6651671691483179 9.7401147247608133
decision_type=2 2 2 10 2 2 2 2 8 2 2 2 2 2
left_child=1 4 3 -2 13 7 -5 -6 -3 -4 -11 -10 -13 -1
right_child=2 8 9 6 5 -7 -8 -9 11 10 -12 12 -14 -15
leaf_value=0 -4.9200554809763595e-13 1.4023490240046608e-05 4.4795571912786209e-09 0 0 2.3119094050637837e-12 8.5605654124241474e-07 -2.6293874136074834e-10 1.4498050893771561e-08 -1.0750514853556152e-07 0.0404386443895468 -1.1426619044653356e-07 1.3047462004061075e-06 0
leaf_weight=2563 288 39 391 251 215 36 58 31 21 638 31 136 71 30
leaf_count=2563 288 39 391 251 215 36 58 31 21 638 31 136 71 30
internal_value=-0.00905312 -0.0127712 -0.0019994 -0.00554348 -0.0137326 -0.00795053 -0.0103065 -0.010081 -0.00240672 0 -0.000962687 -0.00353712 -0.00439904 -0.0143581
internal_weight=4799 3142 1657 597 2875 282 309 246 267 1060 669 228 207 2593
internal_count=4799 3142 1657 597 2875 282 309 246 267 1060 669 228 207 2593
is_linear=0
shrinkage=0.03


Tree=119
num_leaves=15
num_cat=0
split_feature=2 4 1 8 4 1 3 1 2 3 4 0 3 0
split_gain=151.319 36.5003 11.7918 18.7716 10.3398 10.0717 7.57793 3.94866 3.52235 3.32119 2.20307 2.37415 1.7799 1.63124
threshold=10.485814897600793 5.7300879237504594 13.276945234336237 28.050000000000004 5.271715860811125 13.166750854367367 7.7950287226653918 14.874267213961456 8.9810522721056376 4.5875120134243081 7.7172386136265985 12.973869167917469 9.8771949092637161 14.687257649141923
decision_type=2 2 2 10 2 2 2 2 2 2 2 2 2 2
left_child=1 5 3 9 -5 12 7 -7 -3 -2 11 -10 13 -1
right_child=2 8 -4 4 -6 6 -8 -9 10 -11 -12 -13 -14 -15
leaf_value=0 -4.7863305064215054e-13 8.7159125068775819e-09 3.1294630765012425e-09 0 2.1873829520406436e-06 0 2.2425521229118706e-12 8.9921935448678798e-12 -2.4445285317934289e-07 2.4995378768181938e-09 1.2656038143939244e-06 -1.1909952742047513e-07 0 0
leaf_weight=2482 39 86 1067 254 70 172 29 29 58 235 59 70 23 122
leaf_count=2482 39 86 1067 254 70 172 29 29 58 235 59 70 23 122
internal_value=-0.008848 -0.012734 -0.00153962 -0.00490818 -0.00978462 -0.0137351 -0.00766234 -0.00972772 -0.00224453 0.000872727 -0.00454787 -0.00674419 -0.0142637 -0.0143378
internal_weight=4795 3130 1665 598 324 2857 230 201 273 274 187 128 2627 2604
internal_count=4795 3130 1665 598 324 2857 230 201 273 274 187 128 2627 2604
is_linear=0
shrinkage=0.03


Tree=120
num_leaves=15
num_cat=0
split_feature=2 4 1 8 4 1 3 3 13 1 13 8 2 4
split_gain=136.621 37.0671 10.7559 16.6401 10.7585 9.37981 9.51453 3.48524 2.38446 1.83358 1.82302 2.6651 2.32691 2.0315
threshold=10.509829925185983 5.7675391348056815 13.276945234336237 28.250000000000004 5.271715860811125 13.186066548354789 7.8383430045777098 4.5875120134243081 2.8655894290208352 14.874267213961456 3.0504854687730614 10.005500000000001 9.1385757927605429 8.1787088705370987
decision_type=2 2 2 10 2 2 2 2 10 2 10 10 2 2
left_child=1 5 3 7 -5 -1 9 -2 -6 -7 12 -12 -3 -14
right_child=2 10 -4 4 8 6 -8 -9 -10 -11 11 -13 13 -15
leaf_value=0 -4.6404579363033056e-13 1.3413619490714985e-08 -3.0264614964956059e-10 0 -0.00026148763091052285 0 2.1752755592245141e-12 2.1962805593935151e-09 7.3149713977251167e-06 -2.5532034492627188e-10 1.3707224796086294e-05 -2.5721135736776896e-07 -1.1663967347402833e-07 8.7927564391388673e-05
leaf_weight=2659 41 58 1058 255 21 183 26 257 46 27 20 80 93 20
leaf_count=2659 41 58 1058 255 21 183 26 257 46 27 20 80 93 20
internal_value=-0.00910217 -0.0127692 -0.00217987 -0.00531401 -0.010031 -0.0137621 -0.00797468 -0.000200669 0.000661765 -0.0100948 -0.00215074 -0.00534653 -0.000261628 -0.00276316
internal_weight=4844 3166 1678 620 322 2895 236 298 67 210 271 100 171 113
internal_count=4844 3166 1678 620 322 2895 236 298 67 210 271 100 171 113
is_linear=0
shrinkage=0.03


Tree=121
num_leaves=15
num_cat=0
split_feature=2 3 1 8 8 7 1 3 3 0 7 5 2 8
split_gain=143.464 17.2896 12.2088 13.3687 11.2774 9.10834 6.48224 4.29812 3.09989 3.07667 3.61311 2.52431 2.17312 2.14143
threshold=10.509829925185983 7.1536378394957625 13.186066548354789 28.250000000000004 21.650000000000002 6.3500000000000005 14.874267213961456 9.6552985631544992 7.225663390193799 14.79845689421173 5.6500000000000012 2.7567143730824912 11.100083278102234 22.050000000000004
decision_type=2 2 2 10 10 2 2 2 2 2 2 2 2 10
left_child=1 6 3 8 9 -5 11 -6 13 -3 -11 -1 -10 -2
right_child=2 4 -4 5 7 -7 -8 -9 12 10 -12 -13 -14 -15
leaf_value=0 -2.5328601036753736e-10 0 1.9469878912202221e-09 0 0 -6.3047155427979691e-08 2.3158856894117259e-11 0 -9.8394334767939004e-08 9.2322897582352655e-10 -1.0016480276296457e-08 0 2.8951390501693384e-06 1.6756296361986596e-09
leaf_weight=2349 40 201 1102 217 368 70 23 70 86 29 46 38 107 22
leaf_count=2349 40 201 1102 217 368 70 23 70 86 29 46 38 107 22
internal_value=-0.00890753 -0.0126816 -0.00173252 -0.00541436 -0.00855944 -0.00984375 -0.0138988 -0.011549 -0.000410156 -0.00379061 0.00138158 -0.0140515 0.00146907 -0.00619048
internal_weight=4768 3124 1644 542 714 287 2410 438 255 276 75 2387 193 62
internal_count=4768 3124 1644 542 714 287 2410 438 255 276 75 2387 193 62
is_linear=0
shrinkage=0.03


Tree=122
num_leaves=15
num_cat=0
split_feature=2 1 8 0 5 7 2 2 2 5 8 0 0 7
split_gain=146.393 12.7318 18.4156 10.9747 8.12277 5.60697 4.63653 2.62082 2.49643 2.24913 2.06375 1.94863 1.76079 1.49916
threshold=10.485814897600793 13.276945234336237 27.950000000000003 14.453577537246224 2.8029010331479989 6.3500000000000005 8.2863324211060849 8.4049181401443551 7.197435284064496 11.267245234223749 14.950000000000001 14.17178559855537 16.464631398670701 6.6500000000000012
decision_type=2 2 10 2 2 2 2 2 2 2 10 2 2 2
left_child=3 2 -2 4 8 11 12 -6 -1 -3 -8 -4 -5 -10
right_child=1 9 5 6 7 -7 10 -9 13 -11 -12 -13 -14 -15
leaf_value=0 7.1496152946995883e-12 2.4060585099734757e-09 0 0 0 -1.8729257015427176e-07 0 5.3094864406931148e-09 0 0.075005825428616182 0 0 0 0
leaf_weight=1405 277 1044 220 148 21 78 113 47 1200 23 116 21 21 92
leaf_count=1405 277 1044 220 148 21 78 113 47 1200 23 116 21 21 92
internal_value=-0.00887508 -0.00166767 -0.00517588 -0.0126628 -0.0133351 -0.0100781 -0.00796992 -0.00304348 -0.0135934 0.000294944 -0.00515217 -0.0123347 -0.0117353 -0.0125986
internal_weight=4826 1663 596 3163 2765 319 398 68 2697 1067 229 241 169 1292
internal_count=4826 1663 596 3163 2765 319 398 68 2697 1067 229 241 169 1292
is_linear=0
shrinkage=0.03


Tree=123
num_leaves=15
num_cat=0
split_feature=1 4 3 3 8 8 7 0 12 0 4 3 8 1
split_gain=117.001 70.8932 9.54434 8.5971 9.04659 3.20228 3.17391 3.07938 3.04977 2.72636 2.64808 2.63372 3.44701 2.08443
threshold=13.186066548354789 5.7675391348056815 6.8235577873491344 9.6552985631544992 28.250000000000004 26.350000000000005 7.4500000000000011 12.528936323428866 1.5000000000000002 11.595562402157659 7.0275343252732902 7.225663390193799 29.950000000000003 13.925870914538871
decision_type=2 2 2 2 10 10 2 2 10 2 2 2 10 2
left_child=1 3 5 7 8 -2 -4 -1 -5 10 -3 -9 -13 -7
right_child=2 9 6 4 -6 13 -8 11 -10 -11 -12 12 -14 -15
leaf_value=0 0 -1.4578951056629508e-07 -2.2753320432799692e-11 -6.9873529954251202e-07 0 0 0.03740752825032128 0 5.3364191971596881e-06 3.5329971576363774e-08 -3.8993138419925413e-08 0 0 2.9220093965249164e-09
leaf_weight=1937 206 42 981 36 133 45 46 728 30 284 81 130 73 53
leaf_count=1937 206 42 981 36 133 45 46 728 30 284 81 130 73 53
internal_value=-0.00890449 -0.0118014 -0.00134009 -0.0133621 -0.007275 -0.006 4.37743e-05 -0.0137818 0.00179104 -3.67647e-05 -0.00375 -0.0123122 -0.00919118 -0.00151515
internal_weight=4805 3474 1331 3067 199 304 1027 2868 66 407 123 931 203 98
internal_count=4805 3474 1331 3067 199 304 1027 2868 66 407 123 931 203 98
is_linear=0
shrinkage=0.03


Tree=124
num_leaves=15
num_cat=0
split_feature=2 3 1 1 8 5 1 0 3 8 3 0 8 13
split_gain=138.777 18.9313 16.7379 9.37939 19.9682 7.0538 4.54531 3.97851 4.11247 2.45333 2.02391 1.97932 1.86028 1.47247
threshold=10.485814897600793 6.8235577873491344 13.186066548354789 13.276945234336237 28.050000000000004 1.7482537807332403 14.763146165986475 14.96774748610216 9.6552985631544992 46.050000000000004 8.1545711003633894 13.920760009197117 25.750000000000004 3.6155831759350021
decision_type=2 2 2 2 10 2 2 2 2 10 2 2 10 10
left_child=1 6 5 4 11 7 -1 8 12 -6 -4 13 -3 -2
right_child=3 2 10 -5 9 -7 -8 -9 -10 -11 -12 -13 -14 -15
leaf_value=0 6.9351268358585998e-12 0 1.6907689225893185e-12 -3.4678810656167221e-10 0 8.8371846758952521e-10 -3.2598095354226877e-11 1.0786129207086452e-10 0 -4.937630647655185e-08 -2.4285919674256635e-11 -3.7130519813727822e-08 0 2.5907118791404916e-07
leaf_weight=2326 167 266 44 1043 297 56 32 28 74 23 45 86 315 43
leaf_count=2326 167 266 44 1043 297 56 32 28 74 23 45 86 315 43
internal_value=-0.00901671 -0.0126796 -0.00875754 -0.00197892 -0.00491086 -0.0102365 -0.0140526 -0.0110746 -0.0115473 -0.0100935 0.0035 0.000707071 -0.0123969 0.00227488
internal_weight=4845 3186 828 1659 616 739 2358 683 655 320 89 296 581 210
internal_count=4845 3186 828 1659 616 739 2358 683 655 320 89 296 581 210
is_linear=0
shrinkage=0.03


Tree=125
num_leaves=15
num_cat=0
split_feature=2 1 1 8 5 2 2 8 0 1 13 5 13 9
split_gain=151.565 11.8705 10.981 18.7233 10.8938 4.18038 3.57817 3.76681 2.24556 2.104 1.69415 1.87253 1.61416 2.14629
threshold=10.485814897600793 13.186066548354789 13.24434817285543 28.250000000000004 4.5564740129837675 9.940409500644785 7.8933846358368722 25.750000000000004 14.475703475543673 14.792543548772683 3.3599239852912954 10.401204088936487 3.1484041045277098 -0.27771732210617311
decision_type=2 2 2 10 2 2 2 10 2 2 8 2 10 2
left_child=1 4 3 12 6 9 -1 8 -8 -3 11 -4 -2 -14
right_child=2 5 10 -5 -6 -7 7 -9 -10 -11 -12 -13 13 -15
leaf_value=0 -8.2289818885766592e-08 0 3.0231567084403826e-09 0 1.9390872440698593e-08 0 0 0 0 -2.4737755742468045e-10 -2.0651625501397256e-09 0.068251910349686779 -6.3081940975542767e-09 8.9646714821444519e-09
leaf_weight=1707 144 157 639 307 40 75 465 608 85 29 420 26 57 77
leaf_count=1707 144 157 639 307 40 75 465 608 85 29 420 26 57 77
internal_value=-0.00889394 -0.0127502 -0.00157989 -0.00488908 -0.0133018 -0.00658397 -0.0135188 -0.0121915 -0.0103448 -0.00898396 0.000207182 0.00114865 0.000752688 0.00311111
internal_weight=4836 3166 1670 585 2905 261 2865 1158 550 186 1085 665 278 134
internal_count=4836 3166 1670 585 2905 261 2865 1158 550 186 1085 665 278 134
is_linear=0
shrinkage=0.03


Tree=126
num_leaves=15
num_cat=0
split_feature=1 3 8 7 3 3 3 5 0 1 8 1 7 1
split_gain=124.373 35.319 13.3964 10.0991 8.37922 5.69329 4.73689 4.2634 4.25958 3.55619 2.88145 2.59294 2.22053 1.91301
threshold=13.186066548354789 7.225663390193799 28.250000000000004 6.3500000000000005 9.7193242967978595 6.8235577873491344 9.3787531108739994 3.5481536927633646 12.341124083389611 13.611476292324143 13.050000000000002 12.019951740029805 7.4500000000000011 10.546130562807303
decision_type=2 2 10 2 2 2 2 2 2 2 10 2 2 2
left_child=1 7 4 -4 8 9 -5 13 -3 -2 -10 -8 -7 -1
right_child=5 2 3 6 -6 12 11 -9 10 -11 -12 -13 -14 -15
leaf_value=0 0 0 0 0 2.9626971813503119e-06 -2.4269353452283449e-11 -2.7008086854982054e-07 5.7959960396520351e-10 2.9718921224461589e-10 0 0 0.00012054807324221848 0.035853084376636639 0
leaf_weight=1258 90 170 360 53 164 993 58 20 99 234 139 27 41 1120
leaf_count=1258 90 170 360 53 164 993 58 20 99 234 139 27 41 1120
internal_value=-0.00875699 -0.01177 -0.00722689 -0.0108216 -0.00408377 -0.0010596 -0.00388489 -0.0137932 -0.00638142 -0.00452308 -0.00376569 0.000523256 2.89855e-05 -0.0139092
internal_weight=4826 3468 1070 498 572 1358 138 2398 408 324 238 85 1034 2378
internal_count=4826 3468 1070 498 572 1358 138 2398 408 324 238 85 1034 2378
is_linear=0
shrinkage=0.03


Tree=127
num_leaves=15
num_cat=0
split_feature=2 4 8 2 7 3 8 13 7 2 13 4 10 7
split_gain=145.772 34.5119 9.49444 11.2505 8.24646 3.00428 8.70634 2.41749 2.07083 2.02357 1.79513 1.6113 1.53235 1.47717
threshold=10.485814897600793 5.7300879237504594 28.250000000000004 12.114704890283443 6.3500000000000005 6.8979566397912828 20.250000000000004 2.4410353796716282 4.4500000000000011 9.5822309082709527 4.4511251927621567 7.7172386136265985 -0.5 5.4150000000000009
decision_type=2 2 10 2 2 2 10 10 2 2 8 2 2 2
left_child=1 5 10 4 7 8 13 -4 -1 -3 -2 -11 -5 -7
right_child=2 9 3 12 -6 6 -8 -9 -10 11 -12 -13 -14 -15
leaf_value=0 9.2203191755661563e-10 -1.9433426097154435e-09 0 -1.1420640406595436e-07 -1.1529181099291353e-08 1.3599571488748146e-12 0 0 0 -2.616040458945368e-07 -2.7939792744739399e-07 -1.5018907229813535e-06 2.93319008779074e-09 0
leaf_weight=20 904 150 21 91 88 29 372 262 2323 78 108 47 207 128
leaf_count=20 904 150 21 91 88 29 372 262 2323 78 108 47 207 128
internal_value=-0.00890868 -0.0127176 -0.00177467 -0.00454478 -0.00802419 -0.0136895 -0.0115755 -0.0105106 -0.0141617 -0.00255435 5.923e-05 -0.00535714 -0.000200669 -0.00560127
internal_weight=4828 3147 1681 669 371 2872 529 283 2343 275 1012 125 298 157
internal_count=4828 3147 1681 669 371 2872 529 283 2343 275 1012 125 298 157
is_linear=0
shrinkage=0.03


Tree=128
num_leaves=15
num_cat=0
split_feature=2 4 1 8 1 4 4 2 1 0 2 1 2 4
split_gain=149.572 39.4039 13.7288 8.19298 18.0501 8.84248 3.94676 3.07009 2.86601 2.40778 2.36879 2.04408 1.77697 1.70227
threshold=10.485814897600793 5.7300879237504594 13.166750854367367 28.250000000000004 13.276945234336237 5.271715860811125 0.54930614433405489 12.143402953424633 14.636389061074864 14.687257649141923 9.940409500644785 14.677798377046932 8.3270007329274787 7.9344234331686216
decision_type=2 2 2 10 2 2 2 2 2 2 2 2 2 2
left_child=1 2 9 -2 5 7 8 -5 10 -1 -4 -6 -11 -7
right_child=3 -3 6 4 11 13 -8 -9 -10 12 -12 -13 -14 -15
leaf_value=0 6.1465668023059947e-10 -6.1856420118586965e-08 0 0 2.8734921038327294e-09 5.9480927735973842e-06 0 -8.7995702633722203e-11 -6.8028966718733403e-11 0 -4.6839336618561574e-14 -2.8938851759872581e-07 0 -0.00019410459337533255
leaf_weight=2520 1014 280 101 218 200 26 65 37 32 68 28 139 51 36
leaf_count=2520 1014 280 101 218 200 26 65 37 32 68 28 139 51 36
internal_value=-0.00871159 -0.0125636 -0.013613 -0.00145422 -0.00406393 -0.00919811 -0.00647577 -0.0116602 -0.00898148 -0.0142216 -0.0109615 0.00075 -0.009875 0.000952381
internal_weight=4815 3145 2865 1670 656 317 226 255 161 2639 129 339 119 62
internal_count=4815 3145 2865 1670 656 317 226 255 161 2639 129 339 119 62
is_linear=0
shrinkage=0.03


Tree=129
num_leaves=15
num_cat=0
split_feature=2 4 1 8 1 4 3 4 1 0 3 2 8 2
split_gain=145.29 40.022 18.5808 10.0359 17.1697 9.17379 8.20249 3.27985 3.25043 2.66073 6.29267 2.6484 2.44726 2.10709
threshold=10.509829925185983 5.7300879237504594 13.166750854367367 27.950000000000003 13.186066548354789 6.0069685442948 6.8235577873491344 7.9344234331686216 14.636389061074864 14.453577537246224 7.2635047795035019 9.940409500644785 24.350000000000005 12.856472121228181
decision_type=2 2 2 10 2 2 2 2 2 2 2 2 8 2
left_child=1 2 9 12 5 -5 8 -7 11 -1 -11 -4 -2 -6
right_child=3 -3 6 4 13 7 -8 -9 -10 10 -12 -13 -14 -15
leaf_value=0 -3.0950868845252551e-10 -5.612525977845243e-08 0 0 2.7626082105595359e-09 6.4295468581890835e-06 1.3599571488748146e-12 -0.00024126066448824538 -6.5988097717171397e-11 0 2.8827353587727742e-10 -9.2273493138566299e-14 2.1329072378948842e-06 -8.8273140615093644e-07
leaf_weight=2525 829 287 116 255 184 26 59 36 38 140 33 25 161 171
leaf_count=2525 829 287 116 255 184 26 59 36 38 140 33 25 161 171
internal_value=-0.00870344 -0.0124178 -0.0134627 -0.00149729 -0.00432392 -0.00938679 -0.00539749 0.000952381 -0.00858333 -0.0141719 -0.010431 -0.010669 0.000423814 0.000210674
internal_weight=4885 3223 2936 1662 672 317 238 62 179 2698 173 141 990 355
internal_count=4885 3223 2936 1662 672 317 238 62 179 2698 173 141 990 355
is_linear=0
shrinkage=0.03


Tree=130
num_leaves=15
num_cat=0
split_feature=2 4 0 3 0 4 2 8 2 4 7 4 9 7
split_gain=137.446 37.6859 11.2618 9.01921 8.6617 12.5047 9.01994 7.94989 3.42833 2.70868 2.67547 2.6671 2.40741 2.74825
threshold=10.485814897600793 5.7300879237504594 14.398708089663387 6.8979566397912828 14.36792481000054 5.6577370132897373 12.114704890283443 28.250000000000004 9.3153530513970146 8.1346038594384336 6.3500000000000005 8.1142496741851442 -0.79335334029123528 7.3500000000000005
decision_type=2 2 2 2 2 2 2 10 2 2 2 2 2 2
left_child=1 2 -1 -4 5 6 7 -2 10 -7 -3 -10 -6 -14
right_child=4 8 3 -5 12 9 -8 -9 11 -11 -12 -13 13 -15
leaf_value=0 -5.0260420791034748e-08 1.8166768234831046e-08 0 1.3191584344085703e-12 -2.735284912077979e-07 3.4921697877281307e-06 2.5919930213452873e-09 0 -2.3077058437620716e-07 -0.00019205451972481832 -9.5001585403039157e-08 8.5341324945614302e-05 2.3452056402703694e-09 0.054665086105699083
leaf_weight=2514 141 77 269 77 179 95 103 225 120 153 44 32 687 27
leaf_count=2514 141 77 269 77 179 95 103 225 120 153 44 32 687 27
internal_value=-0.00891336 -0.0125734 -0.0135897 -0.00847262 -0.00178771 -0.00424095 -0.00711702 -0.0093188 -0.00191606 0.00120482 0.00184426 -0.00490196 0.000184564 0.000965035
internal_weight=4743 3133 2860 346 1610 717 469 366 273 248 121 152 893 714
internal_count=4743 3133 2860 346 1610 717 469 366 273 248 121 152 893 714
is_linear=0
shrinkage=0.03


Tree=131
num_leaves=15
num_cat=0
split_feature=2 4 0 8 0 4 2 2 8 7 7 8 4 7
split_gain=147.682 33.0556 11.0642 8.70307 12.0745 7.95593 5.66418 4.31581 2.52783 2.31719 2.21092 2.09693 1.78322 1.68263
threshold=10.509829925185983 5.7300879237504594 14.19160710064738 28.250000000000004 14.146086462701957 5.271715860811125 8.2863324211060849 12.114704890283443 19.020000000000003 6.9500000000000011 6.4500000000000011 20.650000000000002 7.3708593744320989 6.4500000000000011
decision_type=2 2 2 10 2 2 2 2 10 2 2 10 2 2
left_child=1 2 -1 -2 5 7 -4 10 -8 13 -5 -3 -13 -7
right_child=3 11 6 4 -6 9 8 -9 -10 -11 -12 12 -14 -15
leaf_value=0 1.2087834611829576e-09 -8.5881455097103698e-09 0 0 9.3714777359975686e-10 -2.9719507171407332e-06 0 -1.6311562219506914e-10 0 -0.003289854973182738 -5.987045621719716e-08 -2.274582306592822e-07 -8.7950632375217179e-08 2.4711325954363748e-05
leaf_weight=2459 976 166 191 176 324 21 154 57 68 31 21 63 49 27
leaf_count=2459 976 166 191 176 324 21 154 57 68 31 21 63 49 27
internal_value=-0.0087824 -0.012577 -0.0135329 -0.00145961 -0.00412614 -0.00812874 -0.00894928 -0.0107059 -0.00565022 0.0001875 -0.012803 -0.00268817 -0.00584071 0.00428571
internal_weight=4783 3150 2872 1633 657 333 413 254 222 79 197 278 112 48
internal_count=4783 3150 2872 1633 657 333 413 254 222 79 197 278 112 48
is_linear=0
shrinkage=0.03


Tree=132
num_leaves=15
num_cat=0
split_feature=1 4 1 3 3 8 13 13 0 4 7 3 13 8
split_gain=121.735 73.3289 8.42798 4.53876 3.23269 5.23028 2.99397 2.80984 2.72829 3.09666 2.60742 2.53393 2.52188 2.28489
threshold=13.186066548354789 5.7300879237504594 12.041906755378266 6.8235577873491344 7.3385598149196678 28.850000000000005 3.5462230556584866 3.9013430581749602 11.416747579248195 7.0275343252732902 5.3100000000000014 9.6861082776322274 4.5571266874014613 28.650000000000002
decision_type=2 2 2 2 2 10 8 10 2 2 2 2 8 10
left_child=1 2 11 12 10 6 -6 -8 9 -3 -4 -1 -2 -13
right_child=3 8 4 -5 5 -7 7 -9 -10 -11 -12 13 -14 -15
leaf_value=0 0 -1.1648779263306265e-07 0 -2.2198366794686627e-11 -6.7980952240709164e-10 0 3.4091470742386629e-06 0 3.6983145559197584e-08 1.137653394801718e-08 0 -2.7691135035643542e-07 2.1042873289930435e-09 0
leaf_weight=2261 262 40 157 1032 73 128 24 28 296 67 311 23 45 53
leaf_count=2261 262 40 157 1032 73 128 24 28 296 67 311 23 45 53
internal_value=-0.00872318 -0.0116941 -0.0132788 -0.00104104 -0.0104086 -0.00761811 -0.00321429 0.00226415 0.000334158 -0.00375 -0.0118977 -0.0141595 -0.00423701 -0.00857143
internal_weight=4800 3461 3058 1339 721 253 125 52 403 107 468 2337 307 76
internal_count=4800 3461 3058 1339 721 253 125 52 403 107 468 2337 307 76
is_linear=0
shrinkage=0.03


Tree=133
num_leaves=15
num_cat=0
split_feature=2 4 1 4 1 3 7 1 13 3 1 2 4 13
split_gain=147.389 28.1128 24.5999 19.3273 8.9256 6.34339 6.04862 3.44397 3.18545 2.95639 2.47142 2.22836 2.00453 1.95804
threshold=9.9961908496412786 5.7300879237504594 13.186066548354789 5.9776159275325842 13.24434817285543 6.8434830691324935 5.3100000000000014 14.636389061074864 3.1226745502819289 11.070241045269153 12.019951740029805 9.1385757927605429 1.3195286648076296 2.8648195261668286
decision_type=2 2 2 2 2 2 2 2 10 2 2 2 2 8
left_child=1 4 3 6 -1 7 -2 -6 10 -8 -5 -3 -4 -12
right_child=2 11 12 8 5 -7 9 -9 -10 -11 13 -13 -14 -15
leaf_value=0 1.239571937587263e-10 4.0265555937396507e-09 2.6724422281320249e-09 -3.6885779412165175e-07 0 1.9653220617330403e-12 0 -5.545328713404837e-11 1.9075896669253455e-05 0 1.0686775772401231e-05 -1.3747710750035374e-07 -1.6719422380842038e-09 -9.5677142011824853e-07
leaf_weight=2465 52 100 471 72 100 24 461 38 67 44 27 98 676 45
leaf_count=2465 52 100 471 72 100 24 461 38 67 44 27 98 676 45
internal_value=-0.00851719 -0.0128715 -0.00209029 -0.00624187 -0.0136929 -0.00680982 -0.00916667 -0.00928058 0.00148585 -0.010168 -0.00103448 -0.0019598 0.000692509 0.00287671
internal_weight=4740 2825 1915 768 2627 162 557 138 211 505 144 198 1147 72
internal_count=4740 2825 1915 768 2627 162 557 138 211 505 144 198 1147 72
is_linear=0
shrinkage=0.03


Tree=134
num_leaves=15
num_cat=0
split_feature=2 4 1 1 4 8 4 1 2 0 8 2 13 2
split_gain=136.849 37.3189 15.9331 12.2072 16.1735 9.49708 6.77905 3.76579 2.56314 2.49079 2.32706 2.24867 2.22096 2.05728
threshold=10.509829925185983 5.7300879237504594 13.166750854367367 13.186066548354789 6.0069685442948 28.250000000000004 1.7482537807332403 14.792543548772683 8.8881702970431409 12.694996915516223 16.520000000000003 9.8086928257424244 2.9114612549618815 12.239103462717749
decision_type=2 2 2 2 2 10 2 2 2 2 10 2 10 2
left_child=1 2 9 4 5 10 7 11 -3 -1 -2 -4 -10 -7
right_child=3 8 6 -5 -6 13 -8 -9 12 -11 -12 -13 -14 -15
leaf_value=0 1.1688005477002132e-09 1.0914441261764476e-08 0 1.9609854422792914e-09 3.1911390018614674e-06 0 1.926149776397178e-12 3.6547471317759552e-11 2.0691256001935984e-10 0 -6.1490267892019535e-08 -8.016909345906803e-11 -2.5258352422421923e-07 -1.5822215352921707e-10
leaf_weight=1947 65 75 95 1053 157 220 63 31 83 721 103 39 111 24
leaf_count=1947 65 75 95 1053 157 220 63 31 83 721 103 39 111 24
internal_value=-0.00878759 -0.0124179 -0.0134104 -0.00170055 -0.00523684 -0.00835351 -0.00576419 -0.00894578 -0.00172222 -0.0140614 -0.00284024 -0.0111111 -0.00353846 -0.0121224
internal_weight=4787 3165 2896 1622 569 412 228 165 269 2668 168 134 194 244
internal_count=4787 3165 2896 1622 569 412 228 165 269 2668 168 134 194 244
is_linear=0
shrinkage=0.03


Tree=135
num_leaves=15
num_cat=0
split_feature=2 3 8 0 8 2 7 3 0 0 2 7 0 7
split_gain=153.22 21.914 15.8186 6.57275 11.338 8.61796 8.99203 3.81047 3.36933 2.97384 2.94186 2.64345 2.53753 2.47371
threshold=10.509829925185983 6.8235577873491344 21.650000000000002 14.384781013387888 28.250000000000004 12.143402953424633 6.1500000000000012 9.0152355898894267 11.381570510167284 14.687257649141923 8.3270007329274787 7.5500000000000007 13.247121139626424 6.6500000000000012
decision_type=2 2 10 2 10 2 2 2 2 2 2 2 2 2
left_child=1 9 12 4 -2 6 -6 -4 -8 -1 -11 -5 -3 -9
right_child=3 2 7 11 5 -7 8 13 -10 10 -12 -13 -14 -15
leaf_value=0 1.1337365312692068e-09 0 0 1.4894129576902258e-09 0 2.380789820262282e-09 -9.9572492001411737e-08 0 6.3201024561772656e-06 0 0 0.040776316573634133 0 0
leaf_weight=2137 363 136 337 894 192 107 20 121 56 113 97 22 193 33
leaf_count=2137 363 136 337 894 192 107 20 121 56 113 97 22 193 33
internal_value=-0.00870697 -0.012571 -0.0083313 -0.00130514 -0.00341001 -0.00706117 -0.00992565 -0.0117378 -0.00116883 -0.0140481 -0.0105213 0.000392585 -0.00322727 -0.00774194
internal_weight=4821 3167 820 1654 738 375 268 491 76 2347 210 916 329 154
internal_count=4821 3167 820 1654 738 375 268 491 76 2347 210 916 329 154
is_linear=0
shrinkage=0.03


Tree=136
num_leaves=15
num_cat=0
split_feature=2 4 1 3 1 4 8 3 4 3 0 1 1 2
split_gain=146.033 34.7981 18.5108 10.5631 10.1613 14.5137 12.6187 4.74859 3.59497 3.38542 7.88691 2.84484 2.55853 2.55758
threshold=10.509829925185983 5.7300879237504594 13.166750854367367 6.7469993277013458 13.24434817285543 5.9776159275325842 25.050000000000004 4.2194806715733328 8.1787088705370987 7.1536378394957625 14.36792481000054 14.215104513792967 12.062346582434451 8.8881702970431409
decision_type=2 2 2 2 2 2 10 2 2 2 2 2 2 2
left_child=1 2 9 11 5 6 7 -2 -7 -1 12 -4 -11 -3
right_child=4 13 3 -5 -6 8 -8 -9 -10 10 -12 -13 -14 -15
leaf_value=0 1.5579117903910798e-09 8.6389068689855749e-09 0 2.7831866496839864e-11 2.2989301259043376e-09 3.120592481484934e-06 0 -7.9811513651872368e-08 -8.0171029361398555e-05 0 1.1345736070791853e-10 -8.7660281895747486e-11 0 -1.545184301797044e-07
leaf_weight=2199 33 79 118 50 1055 78 289 88 91 339 32 54 65 193
leaf_count=2199 33 79 118 50 1055 78 289 88 91 339 32 54 65 193
internal_value=-0.00855479 -0.0123498 -0.0133258 -0.00497758 -0.0012844 -0.00447414 -0.00751825 0.000614754 0.00291176 -0.0140269 -0.0115332 -0.00849711 -0.0126667 -0.00208791
internal_weight=4763 3129 2857 222 1634 579 410 121 169 2635 436 172 404 272
internal_count=4763 3129 2857 222 1634 579 410 121 169 2635 436 172 404 272
is_linear=0
shrinkage=0.03


Tree=137
num_leaves=15
num_cat=0
split_feature=2 4 1 4 8 1 2 2 3 3 1 13 5 1
split_gain=152.667 30.371 24.4747 19.355 10.7911 7.02804 4.92711 4.41418 2.88478 2.4293 7.10712 2.40411 2.26056 2.42171
threshold=9.8385889408756064 5.7300879237504594 13.186066548354789 5.9776159275325842 28.650000000000002 14.609780642136871 10.452477270515665 12.143402953424633 4.2194806715733328 6.984020963707942 12.150822849561065 3.6155831759350021 11.514113323294781 15.40139760505472
decision_type=2 2 2 2 10 2 2 2 2 2 2 10 2 2
left_child=1 5 3 4 6 9 -2 -6 -8 -1 -11 -10 13 -4
right_child=2 -3 12 -5 7 -7 8 -9 11 10 -12 -13 -14 -15
leaf_value=0 0 -1.5115615055260308e-08 2.0553213607406391e-09 1.7854571448312371e-06 0 -2.1715063294330912e-11 1.0805527252356509e-09 -2.2489918353120902e-10 -7.9373631865108767e-08 0 0 4.4877370404864857e-09 0.070708093101990749 -3.3995880947814855e-05
leaf_weight=2198 95 177 980 229 327 35 38 34 92 275 61 42 21 176
leaf_count=2198 95 177 980 229 327 35 38 34 92 275 61 42 21 176
internal_value=-0.00833926 -0.0129523 -0.00210811 -0.00596154 -0.00868045 -0.0137802 -0.00408582 -0.012058 -0.00104046 -0.0139645 -0.0114837 -0.00311111 0.00070034 0.000518583
internal_weight=4780 2746 2034 857 628 2569 267 361 172 2534 336 134 1177 1156
internal_count=4780 2746 2034 857 628 2569 267 361 172 2534 336 134 1177 1156
is_linear=0
shrinkage=0.03


Tree=138
num_leaves=15
num_cat=0
split_feature=2 4 0 0 8 3 7 2 3 3 7 2 2 0
split_gain=154.322 38.4707 12.027 8.02654 14.7656 6.78428 5.60076 3.52029 2.95329 2.90369 2.52477 2.51183 2.22046 2.02597
threshold=10.452477270515665 5.7300879237504594 14.687257649141923 14.024374824851373 28.405000000000005 6.8979566397912828 5.9350000000000014 12.114704890283443 4.3372693810700085 9.7401147247608133 7.5500000000000007 8.9510189097779485 8.3788502352007352 12.641914153484741
decision_type=2 2 2 2 10 2 2 2 2 2 2 2 2 2
left_child=1 2 9 4 -2 12 7 -6 -5 13 -10 -3 -4 -1
right_child=3 11 5 8 6 -7 -8 -9 10 -11 -12 -13 -14 -15
leaf_value=0 1.9330812633680097e-09 1.1987844155022651e-08 0 4.7469010736737124e-09 0 8.2334267394727011e-12 0 -2.1815220802527274e-10 -6.0422110777979532e-10 0 0.034344352945443676 -1.2219556202265926e-07 0 0
leaf_weight=1879 290 86 121 104 154 63 144 35 936 24 26 192 82 658
leaf_count=1879 290 86 121 104 154 63 144 35 936 24 26 192 82 658
internal_value=-0.00851512 -0.0124839 -0.0135308 -0.00121598 -0.00391827 -0.00741573 -0.00821856 -0.0116053 0.000365511 -0.0141628 -0.000155763 -0.00182796 -0.0100735 -0.0142612
internal_weight=4794 3105 2827 1689 623 266 333 189 1066 2561 962 278 203 2537
internal_count=4794 3105 2827 1689 623 266 333 189 1066 2561 962 278 203 2537
is_linear=0
shrinkage=0.03


Tree=139
num_leaves=15
num_cat=0
split_feature=2 4 1 8 1 4 2 7 4 7 13 13 13 13
split_gain=157.413 39.6854 10.6758 12.6519 9.48651 8.10035 2.32905 2.00085 1.98312 1.91606 1.80065 1.74235 2.76733 1.65025
threshold=10.509829925185983 5.7300879237504594 13.276945234336237 28.405000000000005 13.166750854367367 5.271715860811125 12.143402953424633 6.1500000000000012 1.0000000180025095e-35 5.8500000000000005 4.0108909220604785 3.4011867285199036 3.28953447723431 2.5748762575589188
decision_type=2 2 2 10 2 2 2 2 2 2 8 8 10 10
left_child=1 4 3 -2 -1 6 7 -5 9 -4 -6 12 -10 -3
right_child=2 13 8 5 10 -7 -8 -9 11 -11 -12 -13 -14 -15
leaf_value=0 3.1158614439689026e-10 4.7112505525346057e-08 2.0957153657790116e-09 0 0 1.8304596368293926e-06 -2.1160764178451457e-10 -1.855280088299481e-07 -7.3998097140235588e-08 2.3675527090331764e-08 0 -2.3599823105419951e-06 0.019758110843093171 -6.7765606079550793e-08
leaf_weight=2656 292 41 265 182 176 63 38 34 365 172 41 211 43 229
leaf_count=2656 292 41 265 182 176 63 38 34 365 172 41 211 43 229
internal_value=-0.00860262 -0.0125525 -0.00114346 -0.00430328 -0.0135856 -0.0084434 -0.0108235 -0.0120276 0.000681173 0.00222603 -0.0075 -0.00041129 0.000733496 -0.00154982
internal_weight=4808 3143 1665 609 2873 317 254 216 1056 437 217 619 408 270
internal_count=4808 3143 1665 609 2873 317 254 216 1056 437 217 619 408 270
is_linear=0
shrinkage=0.03


Tree=140
num_leaves=15
num_cat=0
split_feature=2 4 1 1 8 4 0 1 4 7 0 2 7 2
split_gain=153.237 41.3753 12.6282 9.17051 14.5629 9.52626 2.34986 2.2261 2.72036 2.04141 3.4482 1.9715 2.39193 1.89389
threshold=10.452477270515665 5.7300879237504594 13.166750854367367 13.186066548354789 28.405000000000005 6.0069685442948 12.399103315165737 14.609780642136871 1.8317808230648234 6.1500000000000012 14.053092542829788 9.498016190013848 6.3500000000000005 9.7031138293886503
decision_type=2 2 2 2 10 2 2 2 2 2 2 2 2 2
left_child=1 2 6 4 -2 9 -1 8 13 10 -6 12 -3 -4
right_child=3 11 7 -5 5 -7 -8 -9 -10 -11 -12 -13 -14 -15
leaf_value=0 9.5323186529836918e-10 1.5183601081997581e-08 0 2.0328439048056416e-09 0 5.2606330840333716e-06 0 -4.7894188942487144e-11 -5.778449329191534e-14 -1.7996216856504968e-07 -9.9877999745988464e-12 -2.3204346515475371e-07 -8.8827854729555625e-08 -6.1191593944119206e-11
leaf_weight=1807 280 91 96 1093 189 54 823 44 52 42 25 139 43 42
leaf_count=1807 280 91 96 1093 189 54 823 44 52 42 25 139 43 42
internal_value=-0.00850653 -0.0124235 -0.0134869 -0.00120249 -0.0042132 -0.00868167 -0.0140821 -0.00676596 -0.00816754 -0.0110895 -0.0122791 -0.00125912 0.00133333 -0.0103597
internal_weight=4820 3137 2864 1683 590 310 2630 234 190 256 214 273 134 138
internal_count=4820 3137 2864 1683 590 310 2630 234 190 256 214 273 134 138
is_linear=0
shrinkage=0.03


Tree=141
num_leaves=15
num_cat=0
split_feature=2 4 1 1 8 4 2 1 0 12 4 7 0 1
split_gain=148.554 36.2932 12.0854 8.77806 13.2723 9.30486 2.3645 2.27098 2.16882 2.03852 1.95265 1.73849 2.17027 2.02792
threshold=10.452477270515665 5.7300879237504594 13.166750854367367 13.186066548354789 28.650000000000002 6.0069685442948 9.498016190013848 15.059385174032492 13.528757150592151 1.0000000180025095e-35 8.1787088705370987 6.1500000000000012 14.024374824851373 11.562079204063748
decision_type=2 2 2 2 10 2 2 2 2 10 2 2 2 2
left_child=1 2 8 4 -2 11 9 -4 -1 -3 -7 12 -6 -13
right_child=3 6 7 -5 5 10 -8 -9 -10 -11 -12 13 -14 -15
leaf_value=0 2.6981222142656492e-10 2.8725357456307331e-08 0 1.4107597343213214e-09 0 7.4013448093626207e-06 -2.4882934203127699e-07 1.7823988973236341e-08 0 -3.2099827519408389e-08 -0.00015858380773378674 1.1326564492342195e-08 -1.0238552954882535e-10 -1.7863836836346803e-07
leaf_weight=2185 291 46 197 1080 181 22 137 25 424 94 33 20 20 26
leaf_count=2185 291 46 197 1080 181 22 137 25 424 94 33 20 20 26
internal_value=-0.00859787 -0.0124767 -0.0134905 -0.00138889 -0.00431818 -0.00871287 -0.00210432 -0.00672646 -0.0140632 0.000638298 0.00241071 -0.0111895 -0.012401 -0.00574468
internal_weight=4781 3108 2831 1673 593 302 277 222 2609 140 55 247 201 46
internal_count=4781 3108 2831 1673 593 302 277 222 2609 140 55 247 201 46
is_linear=0
shrinkage=0.03


Tree=142
num_leaves=15
num_cat=0
split_feature=2 3 8 1 8 7 1 0 3 3 7 3 13 1
split_gain=160.438 22.6197 16.0096 11.1488 13.7838 8.89182 5.93092 4.34497 3.92999 2.36902 2.20932 2.42814 2.20682 2.37531
threshold=10.452477270515665 6.8434830691324935 21.650000000000002 13.186066548354789 28.650000000000002 6.1500000000000012 13.611476292324143 14.053092542829788 8.7566425850478229 11.190658846154806 7.6500000000000012 7.0869451739134943 2.2962338504263955 10.564717252748938
decision_type=2 2 10 2 10 2 2 2 2 2 2 2 10 2
left_child=1 6 12 4 9 7 -1 -6 -4 -2 11 -5 -3 -14
right_child=3 2 8 10 5 -7 -8 -9 -10 -11 -12 -13 13 -15
leaf_value=0 -7.3131624409986284e-09 8.9094700619340522e-10 0 8.5080483421259773e-09 0 -5.6400426154293092e-08 -2.2740681174086609e-11 -6.6166000888961205e-12 0 6.5900767765307994e-06 0.03487965025653262 4.4733665933691448e-10 0 0
leaf_weight=2212 243 32 286 152 195 90 112 27 189 37 21 910 37 244
leaf_count=2212 243 32 286 152 195 90 112 27 189 37 21 910 37 244
internal_value=-0.00848058 -0.0125088 -0.00809886 -0.000993437 -0.00430017 -0.0086262 -0.014 -0.0118386 -0.0115651 0.000533808 0.000816421 0.000620884 -0.00281847 -0.00367021
internal_weight=4787 3112 788 1675 592 312 2324 222 475 280 1083 1062 313 281
internal_count=4787 3112 788 1675 592 312 2324 222 475 280 1083 1062 313 281
is_linear=0
shrinkage=0.03


Tree=143
num_leaves=15
num_cat=0
split_feature=2 4 1 1 4 8 3 1 4 1 8 3 3 3
split_gain=149.155 35.2195 29.4106 8.33792 10.4034 10.5 4.15426 9.04419 3.87002 3.86411 3.78204 3.48798 3.30876 2.4707
threshold=10.485814897600793 5.7300879237504594 13.611476292324143 13.302271599364106 5.9776159275325842 16.520000000000003 7.0869451739134943 12.062346582434451 8.0823131798589305 14.182033099437094 30.050000000000004 8.1324861336944583 5.2310943182715759 10.567038204949885
decision_type=2 2 2 2 2 10 2 2 2 2 10 2 2 2
left_child=1 2 6 4 5 12 -1 -8 -6 -4 -9 -3 -2 -5
right_child=3 11 9 13 8 -7 7 10 -10 -11 -12 -13 -14 -15
leaf_value=0 1.5941213833175417e-09 1.4915272589630043e-08 6.8222043522259824e-13 3.5425095492572818e-09 2.9735263562238444e-06 0 0 0 -0.00018388447805979953 -1.3484335855559621e-10 0 -1.7731890088215523e-07 -6.6362367832109964e-08 -8.7883815359960866e-07
leaf_weight=2260 26 86 56 524 80 353 342 86 94 67 27 181 47 532
leaf_count=2260 26 86 56 524 80 353 342 86 94 67 27 181 47 532
internal_value=-0.00839458 -0.0122714 -0.0132511 -0.00112251 -0.00394343 -0.0064637 -0.013901 -0.0112171 0.00222857 0.00108871 -0.00381579 -0.00184701 0.00385135 0.000482498
internal_weight=4761 3105 2838 1656 600 426 2715 455 174 123 113 267 73 1056
internal_count=4761 3105 2838 1656 600 426 2715 455 174 123 113 267 73 1056
is_linear=0
shrinkage=0.03


Tree=144
num_leaves=15
num_cat=0
split_feature=2 1 3 8 1 8 7 0 3 3 7 3 2 3
split_gain=152.407 28.5949 15.8544 10.1283 7.19047 11.4486 7.50218 4.66322 3.77518 2.63144 2.53417 2.04646 2.00269 1.9747
threshold=10.452477270515665 13.362644732658909 6.8640645562538785 21.650000000000002 13.276945234336237 28.405000000000005 6.1500000000000012 14.053092542829788 9.0152355898894267 7.4080759066141182 6.3500000000000005 4.2194806715733328 12.143402953424633 11.230373390735043
decision_type=2 2 2 10 2 10 2 2 2 2 2 2 2 2
left_child=1 2 -1 -4 5 11 7 12 -5 -6 -10 -2 -7 -13
right_child=4 -3 3 8 9 6 -8 -9 10 -11 -12 13 -14 -15
leaf_value=0 1.5462977418180154e-09 0 0 0 5.9230703364210548e-09 0 -3.7071298613256126e-08 2.1696331121763469e-11 0 -1.1696458221174928e-09 -2.2993443327559345e-08 -5.086735927533109e-08 -2.0525941253097915e-10 4.8587757132497039e-06
leaf_weight=2202 43 210 252 316 154 163 91 26 94 906 56 222 26 39
leaf_count=2202 43 210 252 316 154 163 91 26 94 906 56 222 26 39
internal_value=-0.00836076 -0.0122645 -0.0130332 -0.00913769 -0.00104129 -0.00363339 -0.00771987 -0.0107639 -0.0117559 0.000452403 -0.00774834 0.000491803 -0.0123947 -0.000515267
internal_weight=4800 3130 2920 718 1670 610 306 215 466 1060 150 304 189 261
internal_count=4800 3130 2920 718 1670 610 306 215 466 1060 150 304 189 261
is_linear=0
shrinkage=0.03


Tree=145
num_leaves=15
num_cat=0
split_feature=2 1 2 1 8 7 5 0 2 1 1 7 8 8
split_gain=150.924 28.244 9.20267 8.48721 12.5109 8.05524 6.45043 3.88762 3.3098 3.18182 2.65914 2.19894 3.49757 1.93463
threshold=10.452477270515665 13.611476292324143 8.3788502352007352 13.24434817285543 28.650000000000002 6.1500000000000012 1.7482537807332403 14.687257649141923 12.143402953424633 14.143321059776017 12.239981190170202 6.3500000000000005 26.950000000000003 14.450000000000001
decision_type=2 2 2 2 10 2 2 2 2 2 2 2 10 10
left_child=1 2 -1 4 13 8 7 11 -6 -3 -8 12 -4 -2
right_child=3 9 6 -5 5 -7 10 -9 -10 -11 -12 -13 -14 -15
leaf_value=0 1.499908809563475e-09 6.6175382216592026e-13 0 1.6290099928823149e-09 0 -7.1233389167674799e-08 2.2668278497979415e-08 0 -1.9910163015504977e-10 -6.5227718688947014e-11 -0.00027088542122450878 0 0 -4.521566958322256e-08
leaf_weight=1929 91 65 374 1092 186 101 34 93 34 77 33 144 383 210
leaf_count=1929 91 65 374 1092 186 101 34 93 34 77 33 144 383 210
internal_value=-0.00831236 -0.0122279 -0.0128485 -0.00115452 -0.00394864 -0.00805901 -0.0105791 -0.0111859 -0.011267 0.000839161 -0.00154412 -0.0117905 -0.0124472 0.00044702
internal_weight=4846 3132 2990 1714 622 321 1061 994 220 142 67 901 757 301
internal_count=4846 3132 2990 1714 622 321 1061 994 220 142 67 901 757 301
is_linear=0
shrinkage=0.03


Tree=146
num_leaves=15
num_cat=0
split_feature=2 4 1 1 4 3 1 13 4 3 1 1 3 3
split_gain=146.591 40.9804 30.0576 10.4136 14.9147 3.66474 8.60755 3.40727 2.84913 2.78141 2.70594 4.65156 3.04111 2.36406
threshold=10.452477270515665 5.7300879237504594 13.337088791184405 13.186066548354789 5.9776159275325842 7.2635047795035019 12.062346582434451 3.4675455655798575 2.0471722811110507 7.659996158709693 13.611476292324143 14.143321059776017 7.0869451739134943 4.0163424379838117
decision_type=2 2 2 2 2 2 2 10 2 2 2 2 2 2
left_child=1 2 5 4 7 -1 -7 13 -5 -3 12 -12 -4 -2
right_child=3 9 10 8 -6 6 -8 -9 -10 -11 11 -13 -14 -15
leaf_value=0 0 1.3006864907150298e-08 0 2.8355741348128924e-09 2.9258416801576824e-06 0 0 0 -4.7195817964032738e-07 -9.0677319814364598e-08 6.4190120750094277e-13 -7.8346120686316177e-11 1.0351428229988241e-12 0
leaf_weight=2283 44 53 36 460 162 323 87 128 634 209 60 71 21 250
leaf_count=2283 44 53 36 460 162 323 87 128 634 209 60 71 21 250
internal_value=-0.0083399 -0.0121613 -0.013194 -0.00117927 -0.00441026 -0.0140033 -0.0113139 -0.00737589 0.000547945 -0.000798479 -0.0015873 0.000795455 -0.00698276 -0.00915254
internal_weight=4821 3143 2881 1678 584 2693 410 422 1094 262 188 131 57 294
internal_count=4821 3143 2881 1678 584 2693 410 422 1094 262 188 131 57 294
is_linear=0
shrinkage=0.03


Tree=147
num_leaves=15
num_cat=0
split_feature=2 4 1 1 4 8 3 1 1 8 13 4 3 4
split_gain=141.921 40.0743 32.2394 9.56297 13.0612 11.5502 5.08221 8.98888 3.57255 3.44853 3.64869 3.3751 3.04702 3.27471
threshold=10.452477270515665 5.7300879237504594 13.611476292324143 13.186066548354789 6.0069685442948 26.545000000000005 7.1536378394957625 12.062346582434451 14.143321059776017 30.550000000000004 3.4973775459640262 8.1787088705370987 7.5687635819720933 6.9909466317283604
decision_type=2 2 2 2 2 10 2 2 2 10 8 2 2 2
left_child=1 2 6 4 5 -2 -1 -8 -4 10 -9 -6 -3 -14
right_child=3 12 8 -5 11 -7 7 9 -10 -11 -12 -13 13 -15
leaf_value=0 -2.0637241536304164e-09 1.2986450231516098e-08 6.2264417127591439e-13 1.4691948985168388e-09 2.8528167939506169e-06 0 0 2.0394285672212747e-11 -4.8636931640102814e-11 0 -1.0627090410055395e-11 -0.00011337584829757966 -1.5335275610015982e-07 1.3099078622812198e-08
leaf_weight=2276 140 46 56 1098 77 279 335 49 80 22 28 102 86 147
leaf_count=2276 140 46 56 1098 77 279 335 49 80 22 28 102 86 147
internal_value=-0.00829635 -0.0120873 -0.0131507 -0.00130819 -0.00435726 -0.00725 -0.0138657 -0.0108276 0.00109489 -0.00285 0.000192308 0.00241667 -0.00123214 -0.00262821
internal_weight=4821 3125 2846 1696 598 419 2710 434 136 99 77 179 279 233
internal_count=4821 3125 2846 1696 598 419 2710 434 136 99 77 179 279 233
is_linear=0
shrinkage=0.03


Tree=148
num_leaves=15
num_cat=0
split_feature=2 4 1 1 4 1 2 13 1 4 0 10 13 2
split_gain=149.02 42.2559 30.4993 12.7685 12.6937 3.98638 4.02389 3.36324 3.17199 2.98955 2.40206 2.19316 1.99011 3.18208
threshold=10.452477270515665 5.7300879237504594 13.611476292324143 13.186066548354789 5.9776159275325842 12.041906755378266 9.6761632813776952 3.0994184270331346 14.143321059776017 8.0823131798589305 12.287850229850141 1.0000000180025095e-35 2.7626079235173067 9.338975421814304
decision_type=2 2 2 2 2 2 2 8 2 2 2 2 10 2
left_child=1 2 5 4 7 -1 -7 -2 -4 -6 -11 -12 -3 -14
right_child=3 12 8 -5 9 6 -8 -9 -10 10 11 -13 13 -15
leaf_value=0 0 1.7318207089396102e-08 6.039648461376369e-13 2.8881487442831176e-09 2.664731335459179e-06 0 0 0 -4.4350680291232056e-11 -0.00093967367846829221 -0.0001651853361226762 0.0099686361640417016 1.0570449177963889e-08 -2.5352145021917637e-07
leaf_weight=2153 210 81 62 1086 70 415 122 210 73 35 32 29 97 97
leaf_count=2153 210 81 62 1086 70 415 122 210 73 35 32 29 97 97
internal_value=-0.00815211 -0.0120445 -0.0131369 -0.000932457 -0.00449744 -0.013835 -0.0114591 -0.00726841 0.000772059 0.00251497 -0.000927835 0.00266129 -0.000815217 -0.00246154
internal_weight=4772 3100 2825 1672 586 2690 537 420 135 166 96 61 275 194
internal_count=4772 3100 2825 1672 586 2690 537 420 135 166 96 61 275 194
is_linear=0
shrinkage=0.03


Tree=149
num_leaves=15
num_cat=0
split_feature=2 4 1 1 8 4 1 8 2 8 9 2 2 8
split_gain=143.272 44.6925 28.7658 13.9823 11.7948 5.44863 3.983 2.91982 2.71869 2.70552 2.66936 2.64765 2.35197 2.40824
threshold=10.452477270515665 5.7300879237504594 13.611476292324143 13.186066548354789 28.650000000000002 6.0069685442948 12.062346582434451 12.65 9.5822309082709527 30.050000000000004 -0.13484964659005841 12.143402953424633 8.8643933289707011 20.250000000000004
decision_type=2 2 2 2 10 2 2 10 2 10 2 2 2 10
left_child=1 2 6 4 -2 11 -1 -4 -8 -10 -3 -6 -12 -14
right_child=3 10 7 -5 5 -7 8 -9 9 -11 12 -13 13 -15
leaf_value=0 -2.2144292056318761e-08 -1.6455565925927122e-07 5.8584590075350785e-13 1.9978258730281828e-09 0 -2.9865909160141501e-06 0 -4.2992403447328906e-11 0 0 2.2015792219069253e-08 -1.9312858125039828e-10 7.9487024472021435e-06 -2.0890842226346724e-07
leaf_weight=2183 286 113 40 1093 208 54 409 88 90 41 52 33 56 45
leaf_count=2183 286 113 40 1093 208 54 409 88 90 41 52 33 56 45
internal_value=-0.00829821 -0.0120991 -0.013196 -0.00121791 -0.00497423 -0.0091723 -0.0138491 0.000697674 -0.0114787 -0.00761364 -0.000337079 -0.011095 0.00224026 -0.000441176
internal_weight=4791 3117 2851 1674 581 295 2723 128 540 131 266 241 153 101
internal_count=4791 3117 2851 1674 581 295 2723 128 540 131 266 241 153 101
is_linear=0
shrinkage=0.03


Tree=150
num_leaves=15
num_cat=0
split_feature=2 4 0 8 0 4 3 2 0 2 0 2 8 0
split_gain=144.979 37.4239 18.2638 8.06438 14.7299 5.76214 4.26162 3.39683 3.57946 3.17608 3.0688 2.62167 2.61138 2.42839
threshold=10.452477270515665 5.7675391348056815 14.665849790164041 28.850000000000005 13.659914641676256 6.0252529818225158 7.2955654374635168 11.712712556460604 14.384781013387888 12.143402953424633 15.203158334973683 8.9510189097779485 35.750000000000007 12.641914153484741
decision_type=2 2 2 10 2 2 2 2 2 2 2 2 10 2
left_child=1 2 13 -2 5 9 -4 8 -6 -5 -8 -3 -10 -1
right_child=3 11 6 4 7 -7 10 -9 12 -11 -12 -13 -14 -15
leaf_value=0 1.7248255362232115e-09 1.1440951387130094e-08 0 0 0 -4.751816473548233e-05 -2.4213395005834135e-11 1.9378910968373375e-09 -2.7244651998733102e-09 -1.8733472381288634e-10 8.7567361079024678e-10 -2.0264116959556321e-07 5.4207856170227224e-09 0
leaf_weight=1934 1038 81 231 179 40 54 28 287 21 32 26 183 28 665
leaf_count=1934 1038 81 231 179 40 54 28 287 21 32 26 183 28 665
internal_value=-0.00837925 -0.0121753 -0.0131646 -0.00125893 -0.00390187 -0.00930451 -0.00592657 -7.95756e-05 -0.00516667 -0.011533 0.00163636 -0.00135849 0.0003 -0.0139558
internal_weight=4827 3148 2884 1679 641 265 285 376 89 211 54 264 49 2599
internal_count=4827 3148 2884 1679 641 265 285 376 89 211 54 264 49 2599
is_linear=0
shrinkage=0.03


Tree=151
num_leaves=15
num_cat=0
split_feature=2 1 3 1 8 1 7 13 1 8 2 3 8 13
split_gain=145.762 23.8069 21.0422 13.5604 16.5943 9.73613 7.91284 3.85877 3.29323 3.19982 2.93562 2.92876 3.63174 2.61562
threshold=10.192474875139002 13.611476292324143 7.124880434095842 13.186066548354789 28.405000000000005 12.019951740029805 6.1500000000000012 3.4542313369358211 14.235626647569367 28.950000000000003 12.143402953424633 8.8626958957177191 25.250000000000004 3.3712371147893339
decision_type=2 2 2 2 10 2 2 10 2 10 2 2 10 10
left_child=1 2 -1 4 7 11 10 -2 -3 13 -6 12 -4 -7
right_child=3 8 5 -5 6 9 -8 -9 -10 -11 -12 -13 -14 -15
leaf_value=0 -1.8267613030525768e-08 1.1930520173061813e-12 0 1.2553054883065723e-09 0 1.9782457102046369e-11 0 3.9666717606757423e-09 -6.4143948490163645e-11 0 -1.8171468209849975e-10 0 0 -2.3692804826888008e-11
leaf_weight=2255 240 60 136 1129 230 84 111 107 67 24 27 130 171 36
leaf_count=2255 240 60 136 1129 230 84 111 107 67 24 27 130 171 36
internal_value=-0.00823315 -0.0123532 -0.0129221 -0.00160976 -0.00483939 -0.00780928 -0.00926829 -0.00012931 0.000351562 -0.00103448 -0.0121512 -0.0100342 -0.0116396 0.000991736
internal_weight=4807 2963 2836 1844 715 581 368 347 127 144 257 437 307 120
internal_count=4807 2963 2836 1844 715 581 368 347 127 144 257 437 307 120
is_linear=0
shrinkage=0.03


Tree=152
num_leaves=15
num_cat=0
split_feature=3 0 0 8 7 3 5 0 3 0 9 7 7 10
split_gain=102.001 31.002 23.4957 11.3454 9.3501 3.86381 3.64135 3.39501 2.87648 2.81383 2.48354 2.47144 2.12852 3.04839
threshold=7.124880434095842 14.384781013387888 13.460526854913079 28.650000000000002 6.1500000000000012 9.7193242967978595 3.2672576590843554 12.458314665107652 8.7342339861573262 15.319840973986926 -0.51495963211660267 7.5500000000000007 5.3100000000000014 -0.26302871059038868
decision_type=2 2 2 10 2 2 2 2 2 2 2 2 2 2
left_child=1 7 3 5 -5 6 -2 -1 -6 12 -11 -4 13 -3
right_child=2 9 11 4 8 -7 -8 -9 -10 10 -12 -13 -14 -15
leaf_value=0 0 3.7415285467502737e-09 -4.5829086248550002e-12 0 0 1.3750472536438206e-06 7.9716698776519165e-06 0 -7.8670347062888627e-08 0 2.662394816058586e-13 0.037476850578456511 0 0
leaf_weight=1626 261 24 1202 288 39 136 29 670 126 59 146 22 161 37
leaf_count=1626 261 24 1202 288 39 136 29 670 126 59 146 22 161 37
internal_value=-0.008266 -0.012098 -0.00330086 -0.00703977 -0.0103414 -0.00351288 -0.00546392 -0.0134785 -0.00460843 -0.00466121 -0.00211165 -0.000612245 -0.00699552 -0.00217742
internal_weight=4826 2723 2103 879 453 426 290 2296 165 427 205 1224 222 61
internal_count=4826 2723 2103 879 453 426 290 2296 165 427 205 1224 222 61
is_linear=0
shrinkage=0.03


Tree=153
num_leaves=15
num_cat=0
split_feature=2 4 1 8 0 7 1 0 2 10 2 1 4 1
split_gain=158.362 30.5626 23.9584 10.8059 15.9152 8.49226 4.34712 4.12077 3.67674 2.40961 2.14329 1.65756 2.17563 1.57117
threshold=10.192474875139002 5.7675391348056815 13.611476292324143 28.405000000000005 13.49433987878975 6.1500000000000012 14.143321059776017 13.528757150592151 8.1753361848583932 0.29653028358105032 12.143402953424633 13.276945234336237 8.0125150787298072 12.784544368930311
decision_type=2 2 2 10 2 2 2 2 2 2 2 2 2 2
left_child=1 2 7 -2 5 10 -4 -1 -9 -10 -5 13 -13 -6
right_child=3 -3 6 4 11 -7 -8 8 9 -11 -12 12 -14 -15
leaf_value=0 1.5583240731887118e-09 -5.6428190243339697e-08 1.8318392592060137e-12 0 1.3748725874565001e-13 0 -1.2637592989829313e-10 0 0 0 -1.7626324163554476e-10 1.7261858820352873e-09 -0.0010428183270525387 -4.9129401384222001e-11
leaf_weight=2173 1098 221 51 175 39 99 66 264 135 68 26 234 84 58
leaf_count=2173 1098 221 51 175 39 99 66 264 135 68 26 234 84 58
internal_value=-0.00804153 -0.0122961 -0.0131563 -0.00105017 -0.0039176 -0.00916944 0.000127119 -0.0137448 -0.0111218 -0.00801471 -0.012698 -0.000108173 0.000940439 -0.00352041
internal_weight=4791 2978 2757 1813 715 300 117 2640 467 203 201 415 318 97
internal_count=4791 2978 2757 1813 715 300 117 2640 467 203 201 415 318 97
is_linear=0
shrinkage=0.03


Tree=154
num_leaves=15
num_cat=0
split_feature=2 4 0 0 8 7 2 0 3 2 2 7 4 9
split_gain=151.955 44.0797 14.6654 11.001 13.5649 7.98011 3.33373 3.18165 5.19576 3.11329 2.31534 2.20865 2.18642 2.02269
threshold=10.192474875139002 5.7300879237504594 14.665849790164041 13.460526854913079 28.405000000000005 6.1500000000000012 8.3788502352007352 12.641914153484741 7.0869451739134943 12.143402953424633 9.7576369860026908 7.5500000000000007 8.7106194056878774 -0.96703673333358797
decision_type=2 2 2 2 10 2 2 2 2 2 2 2 2 2
left_child=1 2 7 4 -2 9 -4 -1 -9 -6 -3 12 13 -5
right_child=3 10 6 11 5 -7 -8 8 -10 -11 -12 -13 -14 -15
leaf_value=0 5.0127866872011163e-10 1.3136245182583254e-08 0 6.0345359026053655e-08 0 -8.3686275646003151e-09 0 0 0 -1.7097534438647842e-10 -2.5652767957245592e-07 0.032708981170970652 -0.00083862936304057527 1.47388204152666e-12
leaf_weight=1874 234 173 134 59 169 100 122 542 84 28 61 23 326 887
leaf_count=1874 234 173 134 59 169 100 122 542 84 28 61 23 326 887
internal_value=-0.00795308 -0.0121163 -0.0131774 -0.001133 -0.00476504 -0.00901007 -0.0063035 -0.0138784 -0.0119617 -0.0125 0.000382979 0.000358796 0.000188531 0.000918691
internal_weight=4816 2990 2756 1826 531 297 256 2500 626 197 234 1295 1272 946
internal_count=4816 2990 2756 1826 531 297 256 2500 626 197 234 1295 1272 946
is_linear=0
shrinkage=0.03


Tree=155
num_leaves=15
num_cat=0
split_feature=1 3 1 3 0 7 8 1 3 7 3 9 3 3
split_gain=128.655 38.1436 14.1722 18.8302 10.2286 10.6306 7.48477 2.10618 1.96006 1.83743 1.76987 1.94565 1.78649 1.76651
threshold=12.435440780523919 7.124880434095842 13.611476292324143 6.8434830691324935 13.460526854913079 6.1500000000000012 28.405000000000005 10.546130562807303 9.7401147247608133 5.5500000000000007 8.8347732181322272 -0.51495963211660267 9.2527051754668417 9.6014867883452357
decision_type=2 2 2 2 2 2 10 2 2 2 2 2 2 2
left_child=1 7 3 9 5 6 8 -1 -3 -2 -7 -12 -13 -4
right_child=2 4 13 -5 -6 10 -8 -9 -10 -11 11 12 -14 -15
leaf_value=0 0 0 2.0144206978143775e-11 0 1.3748725874565001e-13 0 0 0 -4.9990896565806391e-07 0 2.2909673030688708e-06 3.3009725386514484e-09 -2.2557079797363352e-07 -1.2199385545987283e-07
leaf_weight=1258 138 181 451 480 104 66 226 818 55 201 38 20 103 633
leaf_count=1258 138 181 451 480 104 66 226 818 55 201 38 20 103 633
internal_value=-0.00777498 -0.0117857 -0.00172532 -0.00470122 -0.00617758 -0.0075 -0.010108 -0.0139239 -0.00632911 -0.0101029 -0.00217105 -0.000462963 -0.00229839 0.000525346
internal_weight=4772 2869 1903 819 793 689 462 2076 236 339 227 161 123 1084
internal_count=4772 2869 1903 819 793 689 462 2076 236 339 227 161 123 1084
is_linear=0
shrinkage=0.03


Tree=156
num_leaves=15
num_cat=0
split_feature=2 4 1 0 4 3 0 7 7 2 3 7 4 10
split_gain=160.288 39.4404 20.3297 6.82022 9.45625 6.13459 14.0036 4.98746 4.57595 4.44068 2.70753 2.53083 2.55001 2.47655
threshold=10.192474875139002 5.7300879237504594 13.611476292324143 13.460526854913079 5.9776159275325842 7.124880434095842 13.49433987878975 6.1500000000000012 5.4150000000000009 10.746136418969073 11.070241045269153 7.5500000000000007 1.0000000180025095e-35 0.20577280328682165
decision_type=2 2 2 2 2 2 2 2 2 2 2 2 2 2
left_child=1 2 5 4 7 -1 -7 8 -2 -9 -10 12 -5 -8
right_child=3 -3 -4 11 -6 6 13 9 10 -11 -12 -13 -14 -15
leaf_value=0 2.4312015432925413e-10 -5.4317873469660747e-09 -1.3478960835695226e-13 2.3446137497696241e-10 2.3511753497531638e-06 0 2.7231967611046817e-13 4.8624030865850826e-10 0 -6.884532866570653e-08 0 0.047026849216395675 -2.4677327056179924e-07 -8.7823137263551946e-12
leaf_weight=2240 52 225 123 570 168 309 58 29 223 49 31 27 689 24
leaf_count=2240 52 225 123 570 168 309 58 29 223 49 31 27 689 24
internal_value=-0.00797945 -0.0122768 -0.0132632 -0.00101142 -0.00379747 -0.0138203 -0.0102934 -0.00638961 -0.00811075 0.000379747 -0.00976471 0.00018648 -1.19048e-05 0.000722892
internal_weight=4817 2979 2754 1838 552 2631 391 384 306 78 254 1286 1259 82
internal_count=4817 2979 2754 1838 552 2631 391 384 306 78 254 1286 1259 82
is_linear=0
shrinkage=0.03


Tree=157
num_leaves=15
num_cat=0
split_feature=2 4 1 1 8 7 3 0 2 2 2 1 7 4
split_gain=162.396 37.2857 17.081 11.349 17.4949 11.0297 8.17188 14.677 2.86261 2.83939 1.94131 1.84869 1.83672 1.82116
threshold=10.192474875139002 5.7300879237504594 13.611476292324143 13.186066548354789 28.650000000000002 6.1500000000000012 7.0869451739134943 13.49433987878975 9.1385757927605429 12.143402953424633 10.789086306416449 10.343023884819319 6.4500000000000011 1.8317808230648234
decision_type=2 2 2 2 10 2 2 2 2 2 2 2 2 2
left_child=1 2 6 4 -2 9 -1 12 11 -6 -7 -3 -8 -5
right_child=3 8 -4 13 5 10 7 -9 -10 -11 -12 -13 -14 -15
leaf_value=0 4.8624030865850826e-10 -6.1521498545736954e-08 -1.3074592010624371e-13 4.7516821097215176e-09 0 2.364716176782542e-10 0 1.2519305069996647e-13 -1.9590692684517938e-07 -1.6584608405488407e-10 -1.455967174017431e-07 1.7827158194836642e-08 0 -5.4320987956074436e-08
leaf_weight=2240 351 28 111 475 226 28 266 81 123 27 77 70 39 656
leaf_count=2240 351 28 111 475 226 28 266 81 123 27 77 70 39 656
internal_value=-0.00797666 -0.0123285 -0.0132852 -0.000977729 -0.0039507 -0.00860724 -0.0137724 -0.00968992 -0.000472973 -0.0119882 -0.000424528 0.00333333 -0.0126961 0.000887809
internal_weight=4798 2958 2737 1840 709 358 2626 386 221 253 105 98 305 1131
internal_count=4798 2958 2737 1840 709 358 2626 386 221 253 105 98 305 1131
is_linear=0
shrinkage=0.03


Tree=158
num_leaves=15
num_cat=0
split_feature=2 4 8 2 3 8 4 8 2 13 9 13 8 2
split_gain=147.329 38.54 10.5848 11.1532 6.48583 6.33495 4.52453 4.38325 2.14712 2.04739 2.01645 1.67468 1.62325 1.53226
threshold=10.192474875139002 5.7300879237504594 28.405000000000005 12.114704890283443 7.0869451739134943 20.650000000000002 6.0069685442948 44.750000000000007 13.628531947798166 2.9103611158930689 -0.70710678118654735 2.5199073249801383 12.450000000000001 11.640438784649273
decision_type=2 2 10 2 2 10 2 10 2 10 2 10 10 2
left_child=1 4 -2 6 -1 9 7 11 -5 -6 -10 -4 -11 -13
right_child=2 -3 3 8 5 -7 -8 -9 10 12 -12 13 -14 -15
leaf_value=0 4.7563325057427742e-10 -1.5178410175827457e-08 0 3.3152950267566632e-09 -8.081014042124665e-13 0 -2.8430067673837613e-07 2.2937746914790658e-10 -0.017558580346594611 0 -3.8773064533694607e-05 0 3.9522671167097327e-13 0
leaf_weight=2351 1092 236 23 210 35 281 67 32 21 40 67 235 39 65
leaf_count=2351 1092 236 23 210 35 281 67 32 21 40 67 235 39 65
internal_value=-0.00817101 -0.0122695 -0.00142306 -0.00424411 -0.013269 -0.00965909 -0.00737589 -0.00872191 0.000200669 -0.00365217 -0.00370787 -0.00976852 -0.0009375 -0.0103654
internal_weight=4794 2982 1812 720 2746 395 422 355 298 114 88 323 79 300
internal_count=4794 2982 1812 720 2746 395 422 355 298 114 88 323 79 300
is_linear=0
shrinkage=0.03


Tree=159
num_leaves=15
num_cat=0
split_feature=2 4 1 1 8 7 0 4 2 2 2 4 13 7
split_gain=158.989 37.6315 16.3201 12.6097 18.2392 11.1689 4.60252 3.19808 2.80885 2.58543 2.56029 1.83453 1.72912 1.62023
threshold=10.192474875139002 5.5965529006952801 13.611476292324143 13.186066548354789 28.850000000000005 6.1500000000000012 12.641914153484741 1.3195286648076296 10.965339341369512 8.2863324211060849 12.143402953424633 2.2242581879713579 2.8648195261668286 5.7500000000000009
decision_type=2 2 2 2 8 2 2 2 2 2 2 2 8 2
left_child=1 2 6 4 -2 10 -1 -8 -7 -9 -6 13 -4 -5
right_child=3 -3 12 11 5 8 7 9 -10 -11 -12 -13 -14 -15
leaf_value=0 4.5738410188152471e-10 -7.9686964969209783e-09 1.1885111223875916e-12 1.0114015334088051e-09 0 2.5894878810345655e-09 0 0 -1.6397562906086524e-07 0 -2.6032955233593745e-10 1.5042650591519138e-09 -3.5039366640222535e-11 1.0674640990809727e-08
leaf_weight=1834 346 245 26 252 220 37 615 54 65 69 26 673 92 215
leaf_count=1834 346 245 26 252 220 37 615 54 65 69 26 673 92 215
internal_value=-0.00784591 -0.0121747 -0.0131996 -0.000915531 -0.00410072 -0.00893983 -0.0137 -0.0116509 -0.000582524 -0.0071371 -0.0123887 0.00102542 -0.00226891 0.00246795
internal_weight=4769 2935 2690 1834 694 348 2572 738 102 123 246 1140 118 467
internal_count=4769 2935 2690 1834 694 348 2572 738 102 123 246 1140 118 467
is_linear=0
shrinkage=0.03


Tree=160
num_leaves=15
num_cat=0
split_feature=2 4 3 8 8 2 7 2 2 13 10 2 4 2
split_gain=144.324 41.4131 9.22158 12.1634 7.9881 11.9281 11.961 3.57912 3.3051 2.51687 2.12808 1.76923 1.76845 1.75838
threshold=10.192474875139002 5.5965529006952801 7.0869451739134943 20.650000000000002 28.405000000000005 11.613744004958141 6.1500000000000012 9.005220898970336 10.812970117537434 2.5423292683177254 -0.51129308607705215 10.921625923508669 9.7026669308329154 8.3788502352007352
decision_type=2 2 2 10 10 2 2 2 2 10 2 2 2 2
left_child=1 2 13 -4 11 6 9 -3 -8 -6 -9 -2 -7 -1
right_child=4 7 3 -5 5 12 8 10 -10 -11 -12 -13 -14 -15
leaf_value=0 1.2024928454237936e-09 8.436224292423544e-09 0 0 0 9.5582688746157357e-10 3.1025773682707652e-09 6.9605732203855593e-08 -1.3630954700786484e-07 0 -2.5812616935310233e-07 -3.7689956931075531e-08 -0.0020020326166142592 0
leaf_weight=1814 282 95 114 285 20 339 37 36 41 209 104 841 68 492
leaf_count=1814 282 95 114 285 20 339 37 36 41 209 104 841 68 492
internal_value=-0.00789556 -0.0120163 -0.0130654 -0.0088125 -0.00129761 -0.00377622 -0.00823052 6.35593e-05 0.00189873 -0.0116739 -0.00297872 0.000280249 -0.000404412 -0.0137971
internal_weight=4777 2940 2705 399 1837 714 307 235 78 229 140 1123 407 2306
internal_count=4777 2940 2705 399 1837 714 307 235 78 229 140 1123 407 2306
is_linear=0
shrinkage=0.03


Tree=161
num_leaves=15
num_cat=0
split_feature=1 4 1 1 0 4 7 8 8 10 1 1 0 0
split_gain=130.023 66.2773 10.3403 3.36718 2.14545 1.89029 1.8879 2.45292 2.7693 2.31404 1.59797 1.49518 1.43843 1.39557
threshold=13.186066548354789 5.6577370132897373 11.583980208804238 13.63978628376047 11.052543313149469 8.1346038594384336 6.3500000000000005 28.650000000000002 22.050000000000004 -0.5 10.980607104314403 9.8676141277904907 13.838839289722005 13.561274917818178
decision_type=2 2 2 2 2 2 2 10 10 2 2 2 2 2
left_child=1 2 11 -2 10 -5 7 8 13 -10 -3 -1 -11 -4
right_child=3 4 6 5 -6 -7 -8 -9 9 12 -12 -13 -14 -15
leaf_value=0 -7.9871844481757573e-15 -5.9844398804295613e-08 0 1.1735262188243589e-09 1.7733669920401289e-08 -0.0004340472605980546 0 0 2.1344910705526454e-10 0 -7.0604976631386213e-06 0 -1.1288383623496267e-11 0
leaf_weight=1057 269 61 229 707 334 383 108 317 22 56 26 989 23 222
leaf_count=1057 269 61 229 707 334 383 108 317 22 56 26 989 23 222
internal_value=-0.00780287 -0.0109028 -0.0124554 5.51471e-05 0.000248815 0.000797434 -0.00989264 -0.0103621 -0.00911392 -0.00455882 -0.00392045 -0.0136737 -0.0069375 -0.0101217
internal_weight=4803 3444 3023 1359 421 1090 977 869 552 101 87 2046 79 451
internal_count=4803 3444 3023 1359 421 1090 977 869 552 101 87 2046 79 451
is_linear=0
shrinkage=0.03


Tree=162
num_leaves=15
num_cat=0
split_feature=1 3 8 7 0 1 13 1 0 3 8 3 8 3
split_gain=136.604 52.7 14.6936 13.312 3.97875 3.82604 2.10526 2.96453 1.9808 1.9205 1.8198 3.28125 2.05647 1.44366
threshold=13.186066548354789 7.0869451739134943 28.650000000000002 6.1500000000000012 12.611049708527789 11.562079204063748 2.9114612549618815 11.913830150762893 13.896443937572831 8.7342339861573262 19.450000000000003 8.4528667014040035 24.650000000000002 6.1333974548191348
decision_type=2 2 10 2 2 2 10 2 2 2 10 2 10 2
left_child=1 5 4 8 6 13 10 -8 -4 -5 -3 -12 -13 -1
right_child=-2 2 3 9 -6 -7 7 -9 -10 -11 11 12 -14 -15
leaf_value=0 2.396155334452727e-16 2.4243042126373994e-14 0 0 -7.8062964355640976e-15 0 0 7.1078414480664023e-13 -1.2535680430164503e-11 -4.2857161577703376e-08 0 -6.975322705087362e-07 5.4012377013071676e-08 0
leaf_weight=1552 1364 23 314 38 326 642 149 39 27 134 23 23 37 162
leaf_count=1552 1364 23 314 38 326 642 149 39 27 134 23 23 37 162
internal_value=-0.00785229 -0.0109986 -0.0056746 -0.00942607 -0.00256039 -0.0135554 -0.00508475 -0.00698413 -0.0128509 -0.00260116 -0.00168224 -0.00375 0 -0.014309
internal_weight=4853 3489 1133 513 620 2356 294 188 341 172 106 83 60 1714
internal_count=4853 3489 1133 513 620 2356 294 188 341 172 106 83 60 1714
is_linear=0
shrinkage=0.03


Tree=163
num_leaves=15
num_cat=0
split_feature=2 4 1 1 8 3 8 8 4 1 4 13 2 1
split_gain=137.168 37.0604 17.3344 12.7224 19.3422 8.52452 9.17147 7.32706 3.57856 3.46686 2.32202 2.33713 2.29419 2.25568
threshold=10.192474875139002 5.5304201681134204 13.186066548354789 13.186066548354789 28.405000000000005 7.0869451739134943 20.650000000000002 44.95000000000001 5.7945356795747589 13.63978628376047 2.0471722811110507 4.4511251927621567 9.5822309082709527 11.670527323421608
decision_type=2 2 2 2 10 2 10 10 2 2 2 10 2 2
left_child=1 2 5 4 -2 -1 -7 8 -6 12 -5 -12 -4 -8
right_child=3 -3 9 10 7 6 13 -9 -10 -11 11 -13 -14 -15
leaf_value=0 4.0758779346236511e-10 -1.8270473790877941e-10 2.3242706744191449e-16 3.8279972693556958e-09 -5.4666884102823618e-12 0 0 4.2883335704793067e-09 -9.0629457097674292e-07 -6.2652165046642273e-11 -6.3985063344072225e-08 -0.0027989677152478023 -5.7418587773056103e-11 0
leaf_weight=2152 328 250 57 478 294 90 239 35 47 109 614 27 21 51
leaf_count=2152 328 250 57 478 294 90 239 35 47 109 614 27 21 51
internal_value=-0.0079178 -0.0118939 -0.0129099 -0.00143914 -0.00459574 -0.013561 -0.00937008 -0.00923077 -0.0105702 -0.00406915 0.000549107 -0.000630841 0.000759494 -0.0119588
internal_weight=4792 2969 2719 1823 704 2532 380 376 341 187 1119 641 78 290
internal_count=4792 2969 2719 1823 704 2532 380 376 341 187 1119 641 78 290
is_linear=0
shrinkage=0.03


Tree=164
num_leaves=15
num_cat=0
split_feature=2 3 1 8 3 1 7 1 2 2 13 9 1 13
split_gain=187.469 29.2018 17.1018 10.9361 7.28808 3.37519 2.63876 2.61675 2.02163 1.6863 2.38348 2.29696 1.85064 2.06888
threshold=10.192474875139002 6.8434830691324935 13.186066548354789 20.950000000000003 8.7342339861573262 13.63978628376047 6.2500000000000009 14.763146165986475 7.6609386660575787 10.946366881354594 4.3143932081652014 -0.39273749243677047 13.868203710592185 3.4196275344626987
decision_type=2 2 2 10 2 2 2 2 2 2 10 2 2 10
left_child=1 2 -1 -3 -5 8 -6 -7 -4 10 11 12 13 -2
right_child=9 3 5 4 6 7 -8 -9 -10 -11 -12 -13 -14 -15
leaf_value=0 -6.7806944172629209e-12 0 2.2545425541865708e-16 0 0 -3.2401871345093884e-11 8.1462597700271848e-10 -5.0557191415376464e-12 -5.5825504237739209e-14 -6.7806944172629209e-12 9.0425451017430872e-09 1.6400065230847086e-13 4.148926709325267e-06 -4.8087221039343044e-09
leaf_weight=2130 97 257 30 249 89 64 64 31 37 1383 28 247 24 30
leaf_count=2130 97 257 30 249 89 64 64 31 37 1383 28 247 24 30
internal_value=-0.00721487 -0.011875 -0.0134758 -0.00629545 -0.00937965 -0.00404908 -0.00418831 -0.00765625 0.00110294 0.000389503 0.00203747 0.00142857 -0.00148026 -0.00292969
internal_weight=4760 2951 2292 659 402 162 153 95 67 1809 426 398 151 127
internal_count=4760 2951 2292 659 402 162 153 95 67 1809 426 398 151 127
is_linear=0
shrinkage=0.03


Tree=165
num_leaves=15
num_cat=0
split_feature=2 4 0 3 3 3 7 0 10 12 2 13 2 0
split_gain=197.561 40.2951 13.7304 10.1025 2.17469 1.80756 2.05174 1.68593 1.62489 1.79552 1.5351 3.18356 2.52334 1.96912
threshold=10.192474875139002 5.5304201681134204 13.528757150592151 7.0869451739134943 7.0555257095416755 7.0869451739134943 6.3500000000000005 14.426055376461802 -0.51129308607705215 1.0000000180025095e-35 11.55009564968678 2.6999634466817768 12.214285042072481 13.49433987878975
decision_type=2 2 2 2 2 2 2 2 2 10 2 10 2 2
left_child=1 2 5 7 -3 -1 -7 -4 -6 -10 11 -2 -12 -13
right_child=10 4 3 -5 8 6 -8 -9 9 -11 12 13 -14 -15
leaf_value=0 4.5580766532478873e-09 7.6566086081760613e-09 0 1.216714480720344e-13 5.1753737350921105e-08 0 0 0 1.1938802790600333e-08 -3.0465955071450108e-07 -2.8307385139020843e-11 1.5908063273921674e-13 4.6166008243510195e-09 -5.445095036288795e-12
leaf_weight=1874 151 35 231 87 62 255 47 248 47 110 377 320 649 313
leaf_count=1874 151 35 231 87 62 255 47 248 47 110 377 320 649 313
internal_value=-0.00729561 -0.012022 -0.0130806 -0.00888889 -0.000588235 -0.0141663 -0.0118812 -0.0105938 -0.00170455 -0.00332278 0.000530094 0.00152866 -0.00023369 0.000591483
internal_weight=4806 2996 2742 566 254 2176 302 479 219 157 1810 784 1026 633
internal_count=4806 2996 2742 566 254 2176 302 479 219 157 1810 784 1026 633
is_linear=0
shrinkage=0.03


Tree=166
num_leaves=15
num_cat=0
split_feature=2 4 1 3 0 1 2 1 1 12 4 5 3 1
split_gain=175.656 37.8429 20.451 8.29189 9.7049 4.57304 2.46608 1.9996 1.96702 1.87183 1.72216 2.02972 2.03973 1.94351
threshold=10.192474875139002 5.1313758208717895 13.186066548354789 7.1536378394957625 13.528757150592151 13.585083222941341 8.0065339982813537 11.048534044406049 12.150822849561065 1.5000000000000002 5.6895141455851075 5.693709464865254 7.7345569068471276 10.833962214192459
decision_type=2 2 2 2 2 2 2 2 2 10 2 2 2 2
left_child=1 2 3 -1 8 6 -4 -2 -5 -9 13 12 -12 -3
right_child=7 10 5 4 -6 -7 -8 9 -10 -11 11 -13 -14 -15
leaf_value=0 3.6264906584418195e-13 0 2.1869062775609735e-16 0 1.179042101833399e-13 -3.1425821612516981e-11 -5.4150739110607034e-14 -2.7458163584850217e-11 0 1.5739318908953015e-09 1.1580638706882323e-08 -4.2630560234401611e-05 -4.7837159700240637e-08 1.1709444653346147e-16
leaf_weight=2149 90 25 33 252 62 112 41 1177 23 559 57 24 152 22
leaf_count=2149 90 25 33 252 62 112 41 1177 23 559 57 24 152 22
internal_value=-0.00736347 -0.0118862 -0.0129854 -0.0137033 -0.00927515 -0.00336898 0.0024 -4.92611e-05 -0.0116848 -0.000276339 -0.0013879 -0.000320513 0.000642857 -0.0065625
internal_weight=4778 2952 2672 2486 337 186 74 1826 275 1736 280 233 209 47
internal_count=4778 2952 2672 2486 337 186 74 1826 275 1736 280 233 209 47
is_linear=0
shrinkage=0.03


Tree=167
num_leaves=15
num_cat=0
split_feature=2 3 1 8 1 7 3 1 8 1 3 1 13 3
split_gain=171.907 27.314 16.75 11.2976 6.07121 5.2706 4.04065 3.22613 3.84465 4.53112 2.47642 2.10551 2.09106 2.75031
threshold=10.192474875139002 6.8434830691324935 13.186066548354789 20.950000000000003 13.63978628376047 6.2500000000000009 8.7342339861573262 13.186066548354789 22.420000000000005 11.048534044406049 5.6356816640660012 15.01171096262234 3.1838747009440684 9.2065331323736768
decision_type=2 2 2 10 2 2 2 2 10 2 2 2 8 2
left_child=1 2 -1 -3 -4 -5 -7 8 -2 -10 -11 -6 -12 -14
right_child=7 3 4 5 11 6 -8 -9 9 10 12 -13 13 -15
leaf_value=0 2.5600551960060205e-09 0 2.1212990892341443e-16 0 -3.0487040556365558e-11 0 3.5223573037481351e-09 2.2456610949525818e-09 2.4759916782528563e-13 -7.6101767051075669e-11 -6.3155515085750774e-12 8.5157005334224581e-09 -1.8891917017716097e-10 -4.6855307661014864e-11
leaf_weight=2148 183 265 63 289 82 44 59 1124 82 65 238 20 43 85
leaf_count=2148 183 265 63 289 82 44 59 1124 82 65 238 20 43 85
internal_value=-0.00750783 -0.0119556 -0.0134896 -0.00654255 -0.00424699 -0.00977099 -0.00389423 -0.000247117 -0.00185079 -0.00318093 -0.00440972 -0.00873786 -0.00343324 -0.00651163
internal_weight=4790 2970 2313 657 165 392 103 1820 696 513 431 102 366 128
internal_count=4790 2970 2313 657 165 392 103 1820 696 513 431 102 366 128
is_linear=0
shrinkage=0.03


Tree=168
num_leaves=15
num_cat=0
split_feature=2 3 8 0 8 3 0 7 2 5 2 9 0 8
split_gain=181.301 31.2644 10.8125 6.93555 5.0321 4.93834 5.36712 3.65527 3.07341 2.60681 2.45947 1.8328 1.94218 2.26815
threshold=10.192474875139002 7.0869451739134943 20.950000000000003 14.384781013387888 16.950000000000003 8.7342339861573262 13.347242173473058 6.2500000000000009 11.488166399311739 3.0562876864285204 9.4171307653354983 0.7193329527422051 14.17178559855537 12.050000000000002
decision_type=2 2 10 2 10 2 2 2 2 2 2 2 2 10
left_child=1 3 10 9 8 6 -4 -7 -2 -1 11 12 13 -3
right_child=4 2 5 -5 -6 7 -8 -9 -10 -11 -12 -13 -14 -15
leaf_value=0 1.2657867383061367e-08 -3.8837353570717164e-12 0 0 -2.6444952132047459e-11 0 1.1424998943130624e-13 3.4166865846356907e-09 3.3773187932902625e-09 -5.2532580834556526e-14 -3.4234464107333166e-11 -8.0126924495047984e-12 1.1830151814256592e-09 1.0179742446512397e-12
leaf_weight=2063 268 36 193 276 1228 89 23 62 330 21 93 28 23 33
leaf_count=2063 268 36 193 276 1228 89 23 62 330 21 93 28 23 33
internal_value=-0.00737571 -0.0119857 -0.0057315 -0.0135197 4.92611e-05 -0.00884511 -0.0117512 -0.00463816 0.00230384 -0.0141151 -0.000350467 0.00247934 0.00451613 0.00192857
internal_weight=4766 2940 580 2360 1826 367 216 151 598 2084 213 120 92 69
internal_count=4766 2940 580 2360 1826 367 216 151 598 2084 213 120 92 69
is_linear=0
shrinkage=0.03


Tree=169
num_leaves=15
num_cat=0
split_feature=2 4 3 8 13 7 8 2 8 5 3 4 3 9
split_gain=172.355 42.1167 9.32151 14.4655 3.27929 2.36373 2.05312 2.27543 3.92786 1.87553 1.85777 2.49704 1.7944 1.68691
threshold=10.192474875139002 5.5965529006952801 7.0869451739134943 20.650000000000002 2.7802406240100033 6.2500000000000009 25.250000000000004 12.143402953424633 29.650000000000002 2.7567143730824912 9.4819121024900692 7.9796728637363268 8.7342339861573262 0.49621178005173361
decision_type=2 2 2 10 10 2 10 2 10 2 2 2 2 2
left_child=1 2 9 4 -4 -5 -2 -8 13 -1 -3 -12 -7 -9
right_child=6 10 3 5 -6 12 7 8 -10 -11 11 -13 -14 -15
leaf_value=0 2.5136617843905563e-09 8.6865854200420573e-09 -2.5493221056506899e-10 0 1.8177747303266452e-13 0 -2.4435410883512842e-11 -8.2879028004915868e-08 8.7101575486310753e-09 -5.0956603409519832e-14 -3.200056153850311e-07 2.1080674124323541e-05 6.233044619865241e-10 -0.00029354904596268515
leaf_weight=2279 978 188 20 243 89 30 528 42 276 25 29 24 21 24
leaf_count=2279 978 188 20 243 89 30 528 42 276 25 29 24 21 24
internal_value=-0.00732958 -0.0118311 -0.0129007 -0.00865099 0.000681818 -0.0121017 -0.000146025 -0.00120551 0.000699708 -0.0136399 0.00018595 -0.00472222 -0.00605769 -0.0058209
internal_weight=4796 2948 2707 403 109 294 1848 870 342 2304 241 53 51 66
internal_count=4796 2948 2707 403 109 294 1848 870 342 2304 241 53 51 66
is_linear=0
shrinkage=0.03


Tree=170
num_leaves=15
num_cat=0
split_feature=2 4 1 3 0 1 3 7 4 3 10 1 0 13
split_gain=165.576 43.8656 18.971 12.0079 6.4321 3.79912 3.0576 2.69378 2.61282 2.33938 2.01181 1.91215 3.51428 2.36919
threshold=10.192474875139002 5.5965529006952801 13.166750854367367 7.0869451739134943 13.528757150592151 13.63978628376047 5.4499504944419961 5.4150000000000009 1.0000000180025095e-35 7.5169770767593329 0.20577280328682165 10.686046371582785 10.998024839614294 3.5356564140739493
decision_type=2 2 2 2 2 2 2 2 2 2 2 2 2 10
left_child=1 2 3 -1 8 6 -4 -7 -5 -3 -6 13 -13 -2
right_child=11 9 5 4 10 7 -8 -9 -10 -11 -12 12 -14 -15
leaf_value=0 1.8707525093009066e-12 2.6212629613917879e-08 2.0576601165571199e-16 0 1.3262402923808531e-12 1.6482943606692779e-08 -2.0943795913798114e-11 -6.5675341750701437e-11 0 -3.0387824496092729e-08 -8.3565600940324643e-12 -2.1840141515685736e-08 -2.3962917310977722e-12 -2.6960902137550964e-10
leaf_weight=2184 44 54 50 220 42 29 33 77 78 189 20 58 1733 21
leaf_count=2184 44 54 50 220 42 29 33 77 78 189 20 58 1733 21
internal_value=-0.00727498 -0.0116594 -0.0127451 -0.0134263 -0.00831025 -0.00355263 0.00125 -0.00728972 -0.0101338 0.000553279 0.00047619 -0.000242326 -0.000426897 0.00477273
internal_weight=4832 2976 2733 2544 360 189 83 106 298 243 62 1856 1791 65
internal_count=4832 2976 2733 2544 360 189 83 106 298 243 62 1856 1791 65
is_linear=0
shrinkage=0.03


Tree=171
num_leaves=15
num_cat=0
split_feature=2 4 1 1 4 3 8 0 3 8 5 9 9 0
split_gain=188.183 40.9221 18.3453 6.56074 6.38581 6.14398 11.1875 3.90341 2.34661 3.5642 2.55328 2.29456 1.84395 1.80333
threshold=10.192474875139002 3.2287771385162909 13.186066548354789 13.63978628376047 5.5965529006952801 7.1536378394957625 21.050000000000004 13.282284372979353 7.124880434095842 21.450000000000003 2.4636268425786025 0.86051778597148931 0.60354301478968997 12.841298798648717
decision_type=2 2 2 2 2 2 10 2 2 10 2 2 2 2
left_child=1 2 5 -4 8 -1 13 -8 10 -10 -3 12 -6 -7
right_child=-2 4 3 -5 11 6 7 -9 9 -11 -12 -13 -14 -15
leaf_value=0 2.765819308959541e-12 0 1.9959303130604063e-16 -6.292490446792638e-11 1.6269340193050524e-10 5.9767571458881016e-13 0 0 1.6706469223260316e-13 0 -7.9871844481757573e-15 -2.3905849137769755e-07 6.5507533838748167e-07 -7.0102074599543234e-12
leaf_weight=2087 1826 97 62 94 163 20 212 23 50 32 27 47 31 29
leaf_count=2087 1826 97 62 94 163 20 212 23 50 32 27 47 31 29
internal_value=-0.00710477 -0.011758 -0.0132377 -0.00324841 -0.0033817 -0.0138933 -0.00968421 -0.0123941 -0.00724638 -0.00325301 -0.00984 -6.19835e-05 0.00138462 0.0033
internal_weight=4800 2974 2527 156 447 2371 284 235 206 82 124 241 194 49
internal_count=4800 2974 2527 156 447 2371 284 235 206 82 124 241 194 49
is_linear=0
shrinkage=0.03


Tree=172
num_leaves=15
num_cat=0
split_feature=2 4 1 3 8 1 4 8 2 3 1 1 8 3
split_gain=176.387 41.8215 19.4273 10.2041 13.5963 6.38278 3.4101 5.14965 3.30448 2.87259 2.25343 1.81498 3.39226 3.70018
threshold=10.192474875139002 4.4630262662962101 13.166750854367367 7.0869451739134943 19.750000000000004 13.63978628376047 5.5965529006952801 20.650000000000002 9.3657826505061994 7.1536378394957625 11.002012333547096 13.24434817285543 17.650000000000002 5.6356816640660012
decision_type=2 2 2 2 10 2 2 10 2 2 2 2 10 2
left_child=1 2 3 -1 -5 8 7 9 -4 -3 -2 12 -12 -14
right_child=10 6 5 4 -6 -7 -8 -9 -10 -11 11 -13 13 -15
leaf_value=0 1.7316553547530931e-12 0 1.9360524036685942e-16 1.8168337711037323e-13 0 -8.4620297877061243e-11 3.4339277470535405e-09 0 -5.0819723228209916e-11 1.010640257586972e-12 2.9854081233854098e-09 3.2549274397625965e-09 -3.7608044968137742e-11 -2.371343438434331e-11
leaf_weight=2133 92 36 52 66 248 107 230 38 26 22 139 1081 66 427
leaf_count=2133 92 36 52 66 248 107 230 38 26 22 139 1081 66 427
internal_value=-0.00710013 -0.0116087 -0.0128637 -0.0135723 -0.00847619 -0.00346774 -0.00146789 -0.00618557 0.00303797 -0.000508475 0.000290698 4.37573e-05 -0.00123223 -0.00239879
internal_weight=4763 2958 2632 2447 314 185 326 96 78 58 1805 1713 632 493
internal_count=4763 2958 2632 2447 314 185 326 96 78 58 1805 1713 632 493
is_linear=0
shrinkage=0.03


Tree=173
num_leaves=15
num_cat=0
split_feature=2 4 1 3 8 1 4 0 2 1 1 0 3 8
split_gain=171.941 41.6755 20.8986 7.85926 14.1671 6.35445 5.78391 3.74835 3.51012 2.63516 2.5002 2.16458 1.99818 3.41446
threshold=10.192474875139002 3.5189529817235914 13.166750854367367 7.0869451739134943 22.835000000000004 13.63978628376047 5.6203992247776808 13.282284372979353 9.3657826505061994 14.636389061074864 13.166750854367367 15.792745742412928 7.124880434095842 20.450000000000003
decision_type=2 2 2 2 10 2 2 2 2 2 2 2 2 10
left_child=1 2 3 -1 -5 8 10 -6 -4 -7 12 -2 -3 -14
right_child=11 6 5 4 7 9 -8 -9 -10 -11 -12 -13 13 -15
leaf_value=0 -3.6910160165694276e-12 0 1.8779708315585365e-16 1.5912534961988182e-13 0 -4.1390220595842167e-11 3.3309099146419339e-09 0 -5.3227007554184034e-11 -8.208168894074939e-11 5.749628510547059e-13 2.8442190141933797e-07 1.0059629444088226e-13 0
leaf_weight=2097 1427 94 50 63 207 66 238 24 21 37 32 382 29 38
leaf_count=2097 1427 94 50 63 207 66 238 24 21 37 32 382 29 38
internal_value=-0.00711298 -0.0115215 -0.0129716 -0.0137019 -0.00905085 -0.00291429 -0.00288194 -0.0124784 0.00395833 -0.00764423 -0.0067268 0.000190608 -0.00824074 -0.00419118
internal_weight=4805 2996 2565 2391 294 174 431 231 71 103 193 1809 161 67
internal_count=4805 2996 2565 2391 294 174 431 231 71 103 193 1809 161 67
is_linear=0
shrinkage=0.03


Tree=174
num_leaves=15
num_cat=0
split_feature=2 4 1 3 0 1 2 4 1 2 1 4 4 13
split_gain=168.214 39.5051 22.642 7.70206 7.53671 4.63301 4.10002 3.13947 2.63563 2.55497 2.30297 1.79759 1.77473 1.6732
threshold=10.192474875139002 4.4630262662962101 13.166750854367367 7.0869451739134943 13.528757150592151 13.63978628376047 9.7031138293886503 5.5965529006952801 11.309814393395532 12.239103462717749 14.677798377046932 2.4201211540837879 11.059652059409435 3.6222784870652007
decision_type=2 2 2 2 2 2 2 2 2 2 2 2 2 8
left_child=1 2 3 -1 11 6 -4 -3 -2 12 -7 -5 -10 -6
right_child=8 7 5 4 13 10 -8 -9 9 -11 -12 -13 -14 -15
leaf_value=0 2.3001238479059898e-12 0 1.8216317066117803e-16 0 1.7662112846868734e-13 -2.993737759455562e-11 -5.581707925471058e-11 -4.5132529978274124e-11 -2.4107493556889122e-11 1.28280661497299e-08 -7.3136777394799153e-11 0 -0.0077237883733905655 -7.4961172243969629e-12
leaf_weight=2111 136 93 62 241 28 71 21 237 1007 635 39 27 23 21
leaf_count=2111 136 93 62 241 28 71 21 237 1007 635 39 27 23 21
internal_value=-0.00728382 -0.0116921 -0.0129233 -0.0137093 -0.00929245 -0.00301546 0.00232143 -0.00190332 -5.82686e-05 -0.000387155 -0.00702703 -0.0112639 -0.00130941 0.0015
internal_weight=4752 2951 2621 2428 317 193 83 330 1801 1665 110 268 1030 49
internal_count=4752 2951 2621 2428 317 193 83 330 1801 1665 110 268 1030 49
is_linear=0
shrinkage=0.03


Tree=175
num_leaves=15
num_cat=0
split_feature=3 1 0 4 4 8 3 1 1 1 8 13 1 4
split_gain=147.477 44.1217 11.7237 10.4096 7.8837 9.33808 5.57349 5.48735 2.06405 2.61622 1.65785 2.20938 2.12198 2.02706
threshold=7.124880434095842 13.166750854367367 12.668474723849867 5.6577370132897373 5.7675391348056815 18.850000000000005 9.2065331323736768 11.609432446070445 13.568366802406333 15.205963544199051 17.045000000000005 2.4410353796716282 15.740864622504043 10.544103776845509
decision_type=2 2 2 2 2 10 2 2 2 2 10 10 2 2
left_child=1 3 4 7 5 -2 -7 -1 -3 -10 11 -4 -13 -14
right_child=2 8 10 -5 -6 6 -8 -9 9 -11 -12 12 13 -15
leaf_value=0 1.5411740023821844e-13 1.7669827554134269e-16 -3.1989441748882904e-05 2.1324445309596388e-08 5.4209875849888875e-09 0 0 0 -8.7714249109240577e-11 1.7531652301659673e-08 0 5.0833798828267778e-06 -0.0042197686300671717 0.02905940318340423
leaf_weight=1731 39 86 104 26 221 275 123 623 213 41 856 433 21 20
leaf_count=1731 39 86 104 26 221 275 123 623 213 41 856 433 21 20
internal_value=-0.00709329 -0.0116979 -0.00110368 -0.0131415 -0.00441578 -0.00674658 -0.0081203 -0.0133503 -0.00158358 -0.00294118 0.000418118 0.00165803 0.00252632 -0.00392857
internal_weight=4812 2720 2092 2380 658 437 398 2354 340 254 1434 578 474 41
internal_count=4812 2720 2092 2380 658 437 398 2354 340 254 1434 578 474 41
is_linear=0
shrinkage=0.03


Tree=176
num_leaves=15
num_cat=0
split_feature=2 3 0 0 5 3 7 12 2 0 2 7 2 2
split_gain=175.541 30.6463 11.2275 7.22714 4.25206 4.07815 3.08516 2.18107 3.61172 1.84162 1.81481 1.77729 1.81127 1.62863
threshold=10.192474875139002 7.0869451739134943 13.942508120160754 12.313148528620163 2.7567143730824912 8.7342339861573262 6.1500000000000012 1.0000000180025095e-35 9.7242858966830479 11.642415262088177 8.1522700360275593 5.7500000000000009 10.789086306416449 12.143402953424633
decision_type=2 2 2 2 2 2 2 10 2 2 2 2 2 2
left_child=1 2 4 5 -1 10 -7 8 -5 11 -3 -2 -13 -11
right_child=9 3 -4 7 -6 6 -8 -9 -10 13 -12 12 -14 -15
leaf_value=0 3.1082682121025973e-12 0 0 7.1169110111396722e-10 -1.7384643827895339e-11 0 2.021493940474455e-13 -6.1182857016638242e-13 -4.5028004030923882e-08 -2.3384268750182446e-11 0 6.1833771999278878e-10 -1.774214644720523e-08 6.1263269183717258e-09
leaf_weight=1993 64 30 407 50 21 72 69 175 21 981 192 44 67 670
leaf_count=1993 64 30 407 50 21 72 69 175 21 981 192 44 67 670
internal_value=-0.00728227 -0.011709 -0.0132225 -0.00568033 -0.0141439 -0.00836538 -0.00433099 -0.0017004 0.00270833 6.56814e-05 -0.0108969 0.00298295 0.000669643 -0.000245157
internal_weight=4856 3030 2421 609 2014 363 141 246 71 1826 222 175 111 1651
internal_count=4856 3030 2421 609 2014 363 141 246 71 1826 222 175 111 1651
is_linear=0
shrinkage=0.03


Tree=177
num_leaves=15
num_cat=0
split_feature=2 4 0 3 0 3 0 2 7 4 12 3 0 4
split_gain=158.773 39.1097 14.9754 9.09896 5.40695 4.02564 2.61138 2.56652 2.23128 1.73974 1.72707 1.48197 1.35712 3.00451
threshold=10.192474875139002 5.7300879237504594 12.492472613402311 7.0869451739134943 14.384781013387888 7.1536378394957625 13.659914641676256 9.7576369860026908 5.5500000000000007 3.0562876864285204 1.0000000180025095e-35 6.3927486816314625 11.642415262088177 1.4451858789480825
decision_type=2 2 2 2 2 2 2 2 2 2 10 2 2 2
left_child=1 2 5 4 9 -1 -5 10 -8 -4 -3 -11 13 -2
right_child=12 7 3 6 -6 -7 8 -9 -10 11 -12 -13 -14 -15
leaf_value=0 3.9975506928612729e-10 9.6886278106385883e-08 0 1.8354857104991472e-14 0 0 7.0156928023798198e-13 -2.0762546962167741e-07 -3.3507815661556325e-10 0 7.0110168149444466e-09 0 -2.2682740687676972e-11 -6.2167125581525077e-08
leaf_weight=1564 99 48 475 45 275 250 26 63 66 21 108 22 1668 74
leaf_count=1564 99 48 475 45 275 250 26 63 66 21 108 22 1668 74
internal_value=-0.00728616 -0.011584 -0.0125574 -0.00944146 -0.0106738 -0.0141488 -0.00228261 0.000613636 -0.00516129 -0.0124855 0.00267516 -0.00647727 -0.00036645 0.00215517
internal_weight=4804 2963 2744 930 793 1814 137 219 92 518 156 43 1841 173
internal_count=4804 2963 2744 930 793 1814 137 219 92 518 156 43 1841 173
is_linear=0
shrinkage=0.03


Tree=178
num_leaves=15
num_cat=0
split_feature=2 3 1 2 5 8 1 0 0 3 3 3 13 1
split_gain=160.327 22.4793 22.2636 11.301 7.45403 6.43356 5.92136 3.52781 3.40374 3.6558 2.93918 2.05121 1.97292 1.75464
threshold=9.6012160837127549 7.0869451739134943 13.166750854367367 10.192474875139002 2.7567143730824912 24.450000000000003 13.63978628376047 12.287850229850141 11.832035344371459 6.2700423577822813 8.9647914295287876 9.2065331323736768 2.4821275047446156 14.609780642136871
decision_type=2 2 2 2 2 10 2 2 2 2 2 2 10 2
left_child=1 2 4 8 -1 12 -4 10 11 -10 -7 -2 -3 -8
right_child=3 5 6 -5 -6 7 13 -9 9 -11 -12 -13 -14 -15
leaf_value=0 0 9.585388147531224e-07 1.7139732727510241e-16 -1.0364467665776494e-11 1.7683136357308677e-15 0 -1.840455759781477e-11 1.4376711708902544e-14 0 0 0 -7.1797883762117943e-09 -7.9475223984734324e-14 -5.9207866878303687e-11
leaf_weight=2098 77 20 58 1836 31 124 45 27 71 157 29 30 172 34
leaf_count=2098 77 20 58 1836 31 124 45 27 71 157 29 30 172 34
internal_value=-0.00727547 -0.0122433 -0.0133657 -0.00123619 -0.0141197 -0.00538874 -0.00163043 -0.00944751 -0.00629464 -0.00419214 -0.0112013 -0.0106944 -0.0015544 -0.0069375
internal_weight=4809 2638 2266 2171 2129 372 137 180 335 228 153 107 192 79
internal_count=4809 2638 2266 2171 2129 372 137 180 335 228 153 107 192 79
is_linear=0
shrinkage=0.03


Tree=179
num_leaves=15
num_cat=0
split_feature=2 3 1 8 3 5 1 2 2 8 13 1 2 13
split_gain=143.836 38.5629 27.1646 9.23387 5.5436 3.90426 3.8753 3.84234 2.38235 2.19766 2.13075 2.06981 1.70788 1.82757
threshold=10.192474875139002 7.0869451739134943 13.166750854367367 24.450000000000003 9.1219731729390219 2.7567143730824912 13.63978628376047 9.4171307653354983 9.0362843825504378 21.450000000000003 2.7935891615676449 10.938698431988305 12.186042658659952 4.3363429900989479
decision_type=2 2 2 10 2 2 2 2 2 10 10 2 2 10
left_child=1 2 5 7 11 -1 8 9 -4 10 -3 -5 -2 -14
right_child=12 3 6 4 -6 -7 -8 -9 -10 -11 -12 -13 13 -15
leaf_value=0 -2.864014412440714e-11 9.3019803373431262e-07 1.6625540745684934e-16 0 0 -1.686315756246755e-11 -1.7852420869880325e-11 -1.4855892399898998e-07 -5.0896840377067657e-11 2.3842567195420296e-15 -2.1108009429463391e-11 0 1.0869540020830856e-08 -0.00059889568331672667
leaf_weight=2154 1153 29 44 133 77 27 102 124 22 32 105 92 580 60
leaf_count=2154 1153 29 44 133 77 27 102 124 22 32 105 92 580 60
internal_value=-0.00742555 -0.0115075 -0.0132319 -0.0046543 -0.00831683 -0.0141269 -0.00159763 -0.000824742 0.00402985 0.00215569 0.000444444 -0.0106858 -0.000727425 0.000514821
internal_weight=4734 2941 2349 592 302 2181 168 290 66 166 134 225 1793 640
internal_count=4734 2941 2349 592 302 2181 168 290 66 166 134 225 1793 640
is_linear=0
shrinkage=0.03


Tree=180
num_leaves=15
num_cat=0
split_feature=2 1 2 2 8 1 5 8 5 1 1 1 8 2
split_gain=165.097 25.4095 13.688 7.67596 6.65154 6.07986 5.21679 4.87091 3.78363 3.01204 2.66077 2.63936 1.85082 1.77578
threshold=9.6586893320587581 13.166750854367367 8.58386287226012 10.192474875139002 26.050000000000004 13.63978628376047 2.7567143730824912 21.250000000000004 1.175687628581739 10.65631709626914 14.708813651634735 11.746011324393114 24.150000000000002 7.1035215282311386
decision_type=2 2 2 2 10 2 2 10 2 2 2 2 10 2
left_child=1 2 6 11 7 -3 13 8 9 -4 -7 -2 -9 -1
right_child=3 5 4 -5 -6 10 -8 12 -10 -11 -12 -13 -14 -15
leaf_value=0 0 1.6126774523314384e-16 0 2.1212273785269274e-13 0 -5.0979579032640648e-11 5.0361639887659752e-13 2.3127290179557685e-15 5.659581990380511e-08 0 1.51783830507873e-11 0 0 0
leaf_weight=1421 137 74 37 1830 268 56 20 36 36 157 31 166 27 534
leaf_count=1421 137 74 37 1830 268 56 20 36 36 157 31 166 27 534
internal_value=-0.0069054 -0.0118365 -0.01257 -0.00066776 -0.00840747 -0.000277778 -0.0137475 -0.0052551 -0.00727273 -0.00892308 -0.005625 -0.00508224 0.00210938 -0.0139034
internal_weight=4830 2697 2536 2133 561 161 1975 293 230 194 87 303 63 1955
internal_count=4830 2697 2536 2133 561 161 1975 293 230 194 87 303 63 1955
is_linear=0
shrinkage=0.03


Tree=181
num_leaves=15
num_cat=0
split_feature=2 4 1 2 1 4 4 0 8 0 1 8 8 13
split_gain=163.642 26.3394 17.1756 16.4602 6.18711 5.26638 4.32836 2.68096 3.48533 2.70486 2.25683 2.1348 3.59936 2.08225
threshold=9.2007444770285165 3.657109943711693 13.166750854367367 10.192474875139002 13.63978628376047 2.1097538525880535 5.7300879237504594 12.492472613402311 26.750000000000004 10.967691404784881 14.479323199529594 22.420000000000005 31.250000000000004 2.8179377420832226
decision_type=2 2 2 2 2 2 2 2 10 2 2 10 10 8
left_child=1 2 -1 5 -4 7 -3 8 9 -2 -5 -9 -13 -12
right_child=3 6 4 10 -6 -7 -8 11 -10 -11 13 12 -14 -15
leaf_value=0 2.2433471474170956e-15 0 1.5642971287614953e-16 -1.9622291110903543e-11 -8.2465724910953278e-11 -5.9445566012580776e-13 7.9997667192538188e-09 0 0 0 0.020790233595153456 4.9487807042041037e-12 0 1.7428330366420271e-08
leaf_weight=2091 30 137 48 1276 59 189 114 103 129 34 135 23 61 417
leaf_count=2091 30 137 48 1276 59 189 114 103 129 34 135 23 61 417
internal_value=-0.00704353 -0.0124959 -0.0135471 -0.00146997 -0.00180556 -0.00592105 -0.00327381 -0.00795276 -0.0104381 -0.00461538 -8.2012e-05 -0.00534574 -0.00176471 0.00151899
internal_weight=4846 2449 2198 2397 107 569 251 380 193 64 1828 187 84 552
internal_count=4846 2449 2198 2397 107 569 251 380 193 64 1828 187 84 552
is_linear=0
shrinkage=0.03


Tree=182
num_leaves=15
num_cat=0
split_feature=2 3 1 2 3 5 1 1 10 1 3 13 2 1
split_gain=163.005 20.3328 21.6283 14.2908 12.8938 6.67947 5.63295 1.98883 1.97359 1.97224 1.94629 1.50828 1.34292 1.6266
threshold=9.2007444770285165 7.0869451739134943 13.166750854367367 10.192474875139002 6.2329389346066515 2.7567143730824912 13.63978628376047 13.025457556577793 0.92219219298186361 14.215104513792967 8.7342339861573262 2.2206036967983542 8.1522700360275593 9.5687945553884521
decision_type=2 2 2 2 2 2 2 2 2 2 2 8 2 2
left_child=1 2 5 4 7 -1 -4 -2 -6 -8 12 -5 -3 -14
right_child=3 10 6 11 8 -7 9 -9 -10 -11 -12 -13 13 -15
leaf_value=0 0 0 1.5173682148986502e-16 -1.2150031993128392e-06 0 4.9250149913438753e-13 -1.3313489125476097e-11 -1.590635542087565e-11 0 -6.2882905716151788e-11 2.2433471474170956e-15 7.9442778904421828e-13 0 0
leaf_weight=1975 118 52 56 54 347 23 30 46 43 38 61 1772 24 122
leaf_count=1975 118 52 56 54 347 23 30 46 43 38 61 1772 24 122
internal_value=-0.00685111 -0.0123992 -0.0133679 -0.00129777 -0.00551351 -0.0141221 -0.0012 -0.0125455 -0.00253197 -0.00695652 -0.00444231 -1.64204e-05 -0.0058794 -0.00734694
internal_weight=4761 2381 2122 2380 554 1998 124 164 390 68 259 1826 198 146
internal_count=4761 2381 2122 2380 554 1998 124 164 390 68 259 1826 198 146
is_linear=0
shrinkage=0.03


Tree=183
num_leaves=15
num_cat=0
split_feature=2 4 1 2 4 1 3 8 1 4 3 1 7 2
split_gain=164.722 17.8309 15.0454 13.1235 13.5625 7.96665 5.27608 8.27012 5.04302 3.11598 2.37022 2.10295 1.89009 1.86166
threshold=9.0362843825504378 3.657109943711693 13.166750854367367 10.061036020134182 2.1097538525880535 13.63978628376047 6.8434830691324935 26.750000000000004 13.025457556577793 5.7300879237504594 7.124880434095842 11.670527323421608 5.7500000000000009 9.7576369860026908
decision_type=2 2 2 2 2 2 2 10 2 2 2 2 2 2
left_child=1 2 10 4 6 -4 8 -8 -2 -3 -1 -9 -5 -6
right_child=3 9 5 12 13 -7 7 11 -10 -11 -12 -13 -14 -15
leaf_value=0 0 0 9.8794909424253712e-16 -2.0273647895820955e-11 1.333063746743546e-12 -4.3887571097194333e-11 8.316421514150434e-13 0 -1.5081771878166083e-11 -2.7426291028419215e-09 0 0 7.3388239027863e-12 -4.6430393702117352e-08
leaf_weight=1885 162 121 42 733 131 59 61 103 45 91 97 24 1130 70
leaf_count=1885 162 121 42 733 131 59 61 103 45 91 97 24 1130 70
internal_value=-0.00690221 -0.0126807 -0.0135245 -0.0015061 -0.00537688 -0.00220588 -0.00859848 -0.00492063 -0.011899 -0.0043662 -0.0140998 -0.00925781 -0.000265558 0.000965347
internal_weight=4754 2295 2083 2459 596 101 395 188 207 212 1982 127 1863 201
internal_count=4754 2295 2083 2459 596 101 395 188 207 212 1982 127 1863 201
is_linear=0
shrinkage=0.03


Tree=184
num_leaves=15
num_cat=0
split_feature=2 4 0 3 8 2 4 3 0 13 0 3 13 9
split_gain=161.258 28.1953 10.8461 8.27948 11.9018 6.24599 2.86255 3.66162 1.70128 1.82783 1.58538 1.89883 1.58362 2.18982
threshold=9.6586893320587581 5.0798491537772676 13.942508120160754 7.124880434095842 24.450000000000003 10.061036020134182 3.1462473185396318 8.2246323897484448 15.237024167823 2.9665545734665941 13.49433987878975 7.895249700481199 2.8729444776091819 0.49621178005173361
decision_type=2 2 2 2 10 2 2 2 2 8 2 2 10 2
left_child=1 2 3 -1 -5 6 10 -8 -4 -10 11 -2 13 -3
right_child=5 12 8 4 -6 -7 7 -9 9 -11 -12 -13 -14 -15
leaf_value=0 0 -1.6908685687370713e-11 0 6.8888865592102298e-13 0 -7.8996363304641943e-12 4.4363889998319714e-09 -1.7475784099552011e-07 1.1754624401789297e-16 -7.9871844481757573e-15 -7.4231710563061548e-14 0 -2.5361496846927622e-11 9.0427081498272453e-07
leaf_weight=1860 46 31 262 55 141 1883 35 49 32 95 54 47 123 23
leaf_count=1860 46 31 262 55 141 1883 35 49 32 95 54 47 123 23
internal_value=-0.0070171 -0.0119863 -0.012823 -0.0136947 -0.0077665 -0.000851064 -0.00549569 -0.00105882 -0.00819231 -0.00527344 -0.00800676 -0.0103723 -0.000421348 0.00381818
internal_weight=4736 2622 2445 2056 196 2114 231 84 389 127 147 93 177 54
internal_count=4736 2622 2445 2056 196 2114 231 84 389 127 147 93 177 54
is_linear=0
shrinkage=0.03


Tree=185
num_leaves=15
num_cat=0
split_feature=2 3 1 8 5 0 1 0 3 2 1 8 1 3
split_gain=170.468 25.5902 18.7938 9.63822 8.38551 7.73746 7.64632 3.80612 3.51465 2.93067 4.35362 2.38513 2.38039 1.72831
threshold=9.6586893320587581 7.1536378394957625 13.166750854367367 23.450000000000003 2.7567143730824912 15.262868444004704 13.63978628376047 12.458314665107652 8.8235742437671281 10.061036020134182 11.800792338121974 6.9500000000000011 14.52003502023223 7.2955654374635168
decision_type=2 2 2 10 2 2 2 2 2 2 2 10 2 2
left_child=1 2 4 11 5 -1 -4 8 -5 10 13 -3 -8 -2
right_child=9 3 6 7 -6 -7 12 -9 -10 -11 -12 -13 -14 -15
leaf_value=0 0 1.2881136768948464e-05 1.1754624401789297e-16 0 1.0000537577097344e-12 -7.7475689147304857e-15 -8.079920716729659e-11 1.7372910040574653e-14 -6.7300414422512861e-17 -5.075547126420682e-12 2.2269513168918464e-15 -2.9536084036690928e-14 -5.1674084070119344e-11 0
leaf_weight=2079 32 20 59 134 30 45 46 30 55 1905 128 154 36 85
leaf_count=2079 32 20 59 134 30 45 46 30 55 1905 128 154 36 85
internal_value=-0.00681339 -0.0118483 -0.0130597 -0.00475888 -0.0137541 -0.0139765 -0.00242958 -0.00893182 -0.0105 -0.000516039 -0.00359756 0.000514286 -0.00831325 -0.00775424
internal_weight=4838 2688 2295 393 2154 2124 141 219 189 2150 245 174 82 117
internal_count=4838 2688 2295 393 2154 2124 141 219 189 2150 245 174 82 117
is_linear=0
shrinkage=0.03


Tree=186
num_leaves=15
num_cat=0
split_feature=2 4 0 2 0 4 0 2 8 2 0 7 0 13
split_gain=166.431 30.5844 16.9816 7.50366 5.90591 4.09491 4.03872 3.81057 2.9826 2.75929 2.06876 2.64842 2.24564 2.81118
threshold=9.3894065932369131 5.0798491537772676 15.237024167823 10.061036020134182 13.176460422281679 2.1097538525880535 13.224492341269519 10.240325793239641 18.650000000000002 8.0065339982813537 13.920760009197117 5.6500000000000012 14.36792481000054 3.0424957345011516
decision_type=2 2 2 2 2 2 2 2 10 2 2 2 2 8
left_child=1 2 4 5 -1 6 -2 8 -5 -6 -9 -12 -13 -14
right_child=3 -3 -4 7 9 -7 -8 10 -10 -11 11 12 13 -15
leaf_value=0 0 7.6084139257443268e-13 -7.5151418472885712e-15 -1.2806437302161625e-10 0 -2.2158242598532146e-14 0 5.789353491675479e-12 1.3458647313231033e-12 0 -5.1642761629757338e-08 -1.7112186562700727e-07 -2.8980772700726176e-07 3.5569309390617991e-07
leaf_weight=1802 163 161 114 33 254 142 93 652 60 146 363 103 265 416
leaf_count=1802 163 161 114 33 254 142 93 652 60 146 363 103 265 416
internal_value=-0.0066034 -0.0119915 -0.0128701 -0.000772588 -0.0134544 -0.00451128 -0.00677043 1.58479e-05 0.00590426 -0.0100998 -0.000291667 -0.00105836 -7.64331e-05 0.000549853
internal_weight=4767 2477 2316 2290 2202 398 256 1892 93 400 1799 1147 784 681
internal_count=4767 2477 2316 2290 2202 398 256 1892 93 400 1799 1147 784 681
is_linear=0
shrinkage=0.03


Tree=187
num_leaves=15
num_cat=0
split_feature=3 1 4 1 1 3 8 1 4 1 8 9 8 1
split_gain=133.493 58.8041 14.3286 7.8568 5.1704 6.34572 4.42959 3.34885 2.63584 2.61751 2.00521 1.955 1.99262 1.94943
threshold=7.1536378394957625 12.317494376681179 5.0798491537772676 13.166750854367367 11.241844637092649 9.1219731729390219 24.450000000000003 10.833962214192459 4.5875120134243081 13.45308024996711 34.95000000000001 -0.19080717901243174 24.850000000000005 11.670527323421608
decision_type=2 2 2 2 2 2 10 2 2 2 10 2 10 2
left_child=1 2 7 -3 5 6 -2 -1 -8 -5 -9 -6 -13 -12
right_child=4 3 -4 9 11 -7 8 10 -10 -11 13 12 -14 -15
leaf_value=0 -1.7502539073843529e-14 0 7.3801966363059568e-13 3.359477247954765e-16 -2.0278237713948266e-11 1.380023086590712e-11 0 0 6.9802775122828932e-13 -9.1730160339882214e-12 0 -2.0949437527045592e-11 8.3709490907043505e-12 0
leaf_weight=1373 72 347 49 66 785 155 153 484 21 281 73 532 389 46
leaf_count=1373 72 347 49 66 785 155 153 484 21 281 73 532 389 46
internal_value=-0.00630205 -0.010693 -0.0132749 -0.00315108 -0.000633302 -0.00369403 -0.00668016 -0.0136722 -0.00925714 4.31034e-05 -0.0117467 8.78735e-05 0.00102495 -0.008125
internal_weight=4826 2719 2025 694 2107 401 246 1976 174 347 603 1706 921 119
internal_count=4826 2719 2025 694 2107 401 246 1976 174 347 603 1706 921 119
is_linear=0
shrinkage=0.03


Tree=188
num_leaves=15
num_cat=0
split_feature=2 4 0 3 8 2 4 0 3 8 0 0 4 4
split_gain=178.221 30.9225 19.1266 8.2805 6.60259 6.20693 5.46282 5.25534 3.78668 3.96452 2.49703 2.15443 1.9309 2.50603
threshold=9.3894065932369131 5.0798491537772676 14.889663889969258 7.0869451739134943 22.950000000000003 10.061036020134182 2.1097538525880535 13.597546954556858 7.2955654374635168 26.750000000000004 12.641914153484741 14.300262989435145 6.1213740274182511 6.9199308244140534
decision_type=2 2 2 2 10 2 2 2 2 10 2 2 2 2
left_child=1 2 3 10 -5 6 7 8 -2 -10 -1 12 -8 -14
right_child=5 -3 -4 4 -6 -7 11 -9 9 -11 -12 -13 13 -15
leaf_value=0 0 6.7708691869144055e-13 0 6.025153002780426e-13 0 1.2216700888089673e-12 4.4573324035248713e-09 2.1601427773850909e-15 3.7862072660648565e-09 0 0 -2.6677492126584045e-07 -1.6981800702993916e-07 4.8749310453743288e-06
leaf_weight=1520 80 169 156 52 123 1888 41 70 21 74 492 46 20 37
leaf_count=1520 80 169 156 52 123 1888 41 70 21 74 492 46 20 37
internal_value=-0.00644154 -0.0119499 -0.0128434 -0.0135672 -0.00724432 -0.00036216 -0.00380769 -0.00652439 -0.00928977 -0.00515625 -0.0141133 0.000827586 0.00333333 -0.000258621
internal_weight=4789 2512 2343 2187 175 2277 389 245 175 95 2012 144 98 57
internal_count=4789 2512 2343 2187 175 2277 389 245 175 95 2012 144 98 57
is_linear=0
shrinkage=0.03


Tree=189
num_leaves=15
num_cat=0
split_feature=2 1 3 0 2 8 9 1 3 0 1 3 3 13
split_gain=184.939 18.5812 18.9856 9.02365 8.34362 6.33087 5.98615 5.63299 4.07215 6.76091 2.7541 2.96366 2.22462 2.07349
threshold=9.3894065932369131 13.166750854367367 7.1536378394957625 15.237024167823 10.061036020134182 24.450000000000003 -0.16719537163537868 13.63978628376047 6.7059446245066345 13.597546954556858 11.335895878800285 8.2246323897484448 8.7566425850478229 3.017367092906261
decision_type=2 2 2 2 2 10 2 2 2 2 2 2 2 10
left_child=1 2 3 -1 8 -4 -5 -3 9 -2 13 -12 -7 -10
right_child=4 7 5 6 -6 12 -8 -9 10 -11 11 -13 -14 -15
leaf_value=0 0 3.4165530718991232e-15 -3.8523474884235768e-14 6.9749685630584432e-16 3.6367225017234511e-12 0 -7.2896875918699151e-15 -5.2745297617356807e-11 0 2.0953384940635386e-15 1.1259930697392667e-09 -9.9980942346237041e-10 -4.1407220737920345e-13 0
leaf_weight=2036 78 67 136 24 1932 108 25 86 64 47 86 74 39 47
leaf_count=2036 78 67 136 24 1932 108 25 86 64 47 86 74 39 47
internal_value=-0.00636804 -0.0119964 -0.0126509 -0.0136409 -0.000270502 -0.00533451 -0.0009 -0.00185065 -0.00423174 -0.00869048 -0.00215074 0.000372671 -0.00962838 -0.00575893
internal_weight=4849 2521 2368 2085 2328 283 49 153 396 125 271 160 147 111
internal_count=4849 2521 2368 2085 2328 283 49 153 396 125 271 160 147 111
is_linear=0
shrinkage=0.03


Tree=190
num_leaves=15
num_cat=0
split_feature=2 4 1 3 0 1 8 1 2 3 0 0 0 3
split_gain=166.756 29.2526 24.9851 14.1905 10.9487 6.2224 5.73778 4.14635 2.90353 2.44183 3.18367 2.36959 2.30214 2.18361
threshold=9.6012160837127549 5.1089666311285624 13.149464424536584 7.0869451739134943 15.237024167823 13.63978628376047 22.950000000000003 11.719272736894988 10.061036020134182 8.7913713096296302 12.341124083389611 12.341124083389611 14.733102304254269 9.1776094249853042
decision_type=2 2 2 2 2 2 10 2 2 2 2 2 2 2
left_child=1 2 3 4 -1 -4 11 8 13 10 -8 -5 -9 -2
right_child=7 -3 5 6 -6 -7 9 12 -10 -11 -12 -13 -14 -15
leaf_value=0 0 -1.5975169366724313e-11 3.3140564797421493e-15 7.705176311264632e-13 4.334300298508595e-16 -3.4897388033852362e-11 0 7.7657279881801064e-12 -5.8458308191548308e-12 -2.0082401107269732e-13 -7.0257087887269045e-15 -2.0333575832804363e-11 -3.6622419647891834e-09 -4.1400692597721359e-13
leaf_weight=1992 84 187 75 29 47 85 108 911 236 22 23 42 846 41
leaf_count=1992 84 187 75 29 47 85 108 911 236 22 23 42 846 41
internal_value=-0.00643899 -0.0115128 -0.0123948 -0.0132045 -0.0139926 -0.000931677 -0.006 -0.000184049 -0.00310773 -0.00925325 -0.0107955 0.00104167 0.000418089 -0.00678571
internal_weight=4728 2610 2423 2263 2039 160 224 2118 361 153 131 71 1757 125
internal_count=4728 2610 2423 2263 2039 160 224 2118 361 153 131 71 1757 125
is_linear=0
shrinkage=0.03


Tree=191
num_leaves=15
num_cat=0
split_feature=1 4 1 1 13 4 13 0 7 9 13 4 7 0
split_gain=109.22 35.6818 8.82167 5.93386 4.19178 3.01305 2.68327 2.62303 2.18986 2.51924 2.57169 2.00618 1.80706 1.79049
threshold=11.746011324393114 3.657109943711693 12.435440780523919 10.265383349162372 3.3599239852912954 5.0798491537772676 2.7050138847965743 17.033233292076652 5.5500000000000007 0.89492584247191276 2.7100037251215023 5.271715860811125 7.5500000000000007 10.918355753184782
decision_type=2 2 2 2 10 2 8 2 2 2 10 2 2 2
left_child=1 3 4 -1 6 -3 11 8 -4 12 -11 -2 -10 -5
right_child=2 5 7 13 -6 -7 -8 -9 9 10 -12 -13 -14 -15
leaf_value=0 0 0 0 0 0 -1.2321946137571095e-10 0 9.5544804786188349e-06 -9.7976861595746298e-17 1.9905596421855791e-05 2.7532451045789283e-13 3.7307406802633079e-07 0.025579264630873878 0
leaf_weight=1234 67 91 463 162 181 230 257 68 1177 38 121 20 32 656
leaf_count=1234 67 91 463 162 181 230 257 68 1177 38 121 20 32 656
internal_value=-0.00683097 -0.0114048 -0.00235052 -0.0128592 -0.00578897 -0.00209627 -0.00382609 -0.00139737 -0.00161299 -0.00100804 0.00253125 -0.00835227 -0.00147521 -0.0108425
internal_weight=4797 2373 2424 2052 525 321 344 1899 1831 1368 159 87 1209 818
internal_count=4797 2373 2424 2052 525 321 344 1899 1831 1368 159 87 1209 818
is_linear=0
shrinkage=0.03


Tree=192
num_leaves=15
num_cat=0
split_feature=2 4 0 3 0 2 3 9 3 9 0 0 3 2
split_gain=155.736 35.0823 25.357 9.63676 4.17245 4.16624 4.08443 3.58106 2.64858 2.60819 2.50297 2.42608 1.47113 1.4151
threshold=9.6586893320587581 5.0798491537772676 12.641914153484741 8.6929515690803907 15.237024167823 10.061036020134182 6.5638532885272749 -0.26302871059038929 7.0869451739134943 1.0000000180025095e-35 11.621407602475264 13.798029343861065 9.2277872421230462 10.268814989459406
decision_type=2 2 2 2 2 2 2 2 2 2 2 2 2 2
left_child=1 2 3 8 -4 6 11 -6 -1 13 -10 -2 -3 -7
right_child=5 12 4 -5 7 9 -8 -9 10 -11 -12 -13 -14 -15
leaf_value=0 -2.3093936130616154e-13 5.2103839211895773e-12 0 1.8381605151567188e-14 6.6356904972114322e-16 1.1211357479553892e-12 0 -7.3271417857751535e-15 0 1.0206538952126357e-11 0 -2.3093936130616154e-13 -2.8629852753157286e-07 -3.4779708453091135e-11
leaf_weight=1572 45 180 626 37 49 52 180 83 103 952 45 20 31 899
leaf_count=1572 45 180 626 37 49 52 180 83 103 952 45 20 31 899
internal_value=-0.00620923 -0.0109681 -0.0119535 -0.0139334 -0.00735178 -0.00016752 -0.00384146 -0.0024812 -0.0142592 0.000307248 -0.0102685 -0.0102273 0.000778302 -0.000803571
internal_weight=4874 2726 2515 1757 758 2148 245 132 1720 1903 148 65 211 951
internal_count=4874 2726 2515 1757 758 2148 245 132 1720 1903 148 65 211 951
is_linear=0
shrinkage=0.03


Tree=193
num_leaves=15
num_cat=0
split_feature=2 1 4 3 7 1 0 3 0 3 0 0 3 1
split_gain=156.38 43.4669 33.83 11.6292 9.52333 8.25038 4.59413 4.04108 3.42118 2.80777 2.61685 2.03186 1.86583 2.07637
threshold=9.6586893320587581 12.435440780523919 5.0798491537772676 7.0869451739134943 5.5500000000000007 13.276945234336237 15.203158334973683 6.7469993277013458 14.851504897219455 8.7913713096296302 11.381570510167284 15.37327233914214 5.0610102456463286 11.719272736894988
decision_type=2 2 2 2 2 2 2 2 2 2 2 2 2 2
left_child=1 2 3 6 8 7 -1 11 -3 10 -5 -6 -2 -14
right_child=12 4 -4 9 5 -7 -8 -9 -10 -11 -12 -13 13 -15
leaf_value=0 7.2884125200521058e-13 0 4.6956960368664883e-12 0 2.9393058478723887e-18 -9.3007675065421278e-12 0 -1.0620918716731394e-11 4.0052005746369942e-16 5.4752911900665787e-15 0 6.4660128407738118e-16 -3.9898664974298461e-13 1.0954942877972313e-12
leaf_weight=1867 276 85 166 90 97 110 24 33 27 34 104 23 299 1542
leaf_count=1867 276 85 166 90 97 110 24 33 27 34 104 23 299 1542
internal_value=-0.00610611 -0.010947 -0.0125 -0.0135212 -0.00147606 0.00164773 -0.0142944 0.00613636 -0.00876106 -0.00707424 -0.00846154 0.00867769 -2.12465e-05 -0.00036645
internal_weight=4777 2660 2285 2119 375 263 1891 153 112 228 194 120 2117 1841
internal_count=4777 2660 2285 2119 375 263 1891 153 112 228 194 120 2117 1841
is_linear=0
shrinkage=0.03


Tree=194
num_leaves=15
num_cat=0
split_feature=2 1 4 3 7 1 0 13 0 0 3 0 1 5
split_gain=157.294 38.714 30.2055 11.3168 11.1272 8.47328 5.89687 3.22155 2.93469 2.47195 1.97865 1.71301 1.64038 1.55181
threshold=9.6586893320587581 12.435440780523919 5.0798491537772676 7.0869451739134943 5.5500000000000007 13.337088791184405 15.203158334973683 3.3367733764923391 15.639532207475048 14.851504897219455 8.7342339861573262 12.998440161943781 11.151288227939215 1.0000000180025095e-35
decision_type=2 2 2 2 2 2 2 8 2 2 2 2 2 2
left_child=1 2 3 6 9 8 13 10 -6 -3 11 12 -5 -1
right_child=-2 4 -4 7 5 -7 -8 -9 -10 -11 -12 -13 -14 -15
leaf_value=0 1.1969599492289537e-14 0 4.554825155760493e-12 0 2.851126672436217e-18 -1.9741097315714497e-11 -3.4320928057180445e-15 1.5348744161549627e-14 -6.8806443441105393e-15 -1.2015601723910981e-17 -1.4247664346682395e-13 -2.3406597871811125e-13 -2.5112847272113053e-13 0
leaf_weight=1789 2118 90 158 102 130 96 30 40 22 33 32 21 26 20
leaf_count=1789 2118 90 158 102 130 96 30 40 22 33 32 21 26 20
internal_value=-0.00599299 -0.0109517 -0.0124516 -0.0134207 -0.00197581 0.00168675 -0.0141929 -0.00695946 0.00607843 -0.00931452 -0.00865385 -0.0101 -0.0113953 -0.0144116
internal_weight=4707 2589 2218 2060 371 248 1839 221 152 123 181 149 128 1809
internal_count=4707 2589 2218 2060 371 248 1839 221 152 123 181 149 128 1809
is_linear=0
shrinkage=0.03


Tree=195
num_leaves=15
num_cat=0
split_feature=2 1 4 7 1 0 2 4 0 0 1 4 1 4
split_gain=156.526 42.5069 33.6848 10.7455 9.15016 4.86779 3.9706 3.21859 3.10589 2.30612 1.96337 1.19666 1.18048 1.0624
threshold=9.6586893320587581 12.435440780523919 5.0798491537772676 5.5500000000000007 13.63978628376047 15.203158334973683 8.5225783471206835 3.1462473185396318 14.851504897219455 15.679543113210716 12.892625517793752 4.3788918281670846 9.1114307570974926 1.8317808230648234
decision_type=2 2 2 2 2 2 2 2 2 2 2 2 2 2
left_child=1 2 5 8 7 6 11 9 -3 -5 -9 -1 -4 -8
right_child=-2 3 12 4 -6 -7 13 10 -10 -11 -12 -13 -14 -15
leaf_value=0 -1.5296144705740154e-14 0 -4.6330585526007966e-08 2.7655928722631306e-18 -5.8352049408277491e-11 -6.7612228272645476e-15 0 3.2908357592512943e-09 -1.1655133672193653e-17 -6.6742250137872231e-15 -7.154854345375425e-08 0 4.6755789529220195e-12 0
leaf_weight=1663 2123 95 23 112 68 32 347 23 31 20 30 24 143 51
leaf_count=1663 2123 95 23 112 68 32 347 23 31 20 30 24 143 51
internal_value=-0.00608337 -0.0109275 -0.0124715 -0.00161842 0.00194882 -0.0134915 -0.0136697 0.00540323 -0.00874016 0.00789474 -0.000833333 -0.0143158 0.000538922 -0.0109023
internal_weight=4785 2662 2283 379 253 2117 2085 185 126 132 53 1687 166 398
internal_count=4785 2662 2283 379 253 2117 2085 185 126 132 53 1687 166 398
is_linear=0
shrinkage=0.03


Tree=196
num_leaves=15
num_cat=0
split_feature=1 3 1 4 3 7 1 0 3 3 8 0 4 8
split_gain=125.27 67.7502 12.0581 11.8078 11.5993 4.60539 4.0241 3.52774 2.68594 2.67415 2.32609 2.18073 2.17954 2.07459
threshold=11.746011324393114 7.1536378394957625 12.435440780523919 5.0798491537772676 7.124880434095842 5.5500000000000007 13.47611996919739 14.912439239071785 6.2700423577822813 1.3195286648076296 10.005500000000001 15.319840973986926 6.3763015969584709 21.850000000000005
decision_type=2 2 2 2 2 2 2 2 2 2 10 2 2 10
left_child=1 3 4 -1 7 8 9 -2 -4 13 -6 -10 -3 -7
right_child=2 12 5 -5 10 6 -8 -9 11 -11 -12 -13 -14 -15
leaf_value=0 0 0 0 4.6401736460976289e-12 -2.2906796100344712e-07 2.6826250860952369e-18 -4.937540044351949e-12 3.898459640003702e-16 7.6509250314059033e-11 2.0994442615650761e-12 1.9694632512247356e-12 -3.2895839821604186e-07 2.3983554679011159e-08 2.6826250860952369e-18
leaf_weight=1777 270 437 222 36 25 52 906 20 147 380 208 118 139 70
leaf_count=1777 270 437 222 36 25 52 906 20 147 380 208 118 139 70
internal_value=-0.00596818 -0.0108389 -0.00115337 -0.0136852 -0.0051813 -3.9557e-05 0.000830376 -0.00917526 -0.00255123 0.00298211 -0.000192308 -0.000507519 -0.00187175 0.00682927
internal_weight=4807 2389 2418 1813 523 1895 1408 290 487 502 233 265 576 122
internal_count=4807 2389 2418 1813 523 1895 1408 290 487 502 233 265 576 122
is_linear=0
shrinkage=0.03


Tree=197
num_leaves=15
num_cat=0
split_feature=3 1 4 0 1 1 8 8 8 3 0 1 9 8
split_gain=125.616 75.8084 12.3998 7.39354 3.48931 3.44594 2.32159 2.22914 2.05703 2.01687 2.01235 1.80319 1.76196 1.75378
threshold=7.1536378394957625 12.435440780523919 5.0798491537772676 15.203158334973683 10.546130562807303 11.719272736894988 11.65 14.450000000000001 17.950000000000003 10.702045891065733 14.246642349107974 10.078459247993102 0.60354301478968997 30.550000000000004
decision_type=2 2 2 2 2 2 10 10 10 2 2 2 2 10
left_child=1 2 3 4 -1 8 -3 -8 -2 11 -7 -10 -13 -6
right_child=5 6 -4 -5 13 10 7 -9 9 -11 -12 12 -14 -15
leaf_value=0 1.2742838754347273e-12 0 4.2771060160001678e-12 2.9410409006946664e-16 0 7.353913566338909e-12 1.0353517561473158e-11 0 0 6.424852675812967e-07 -6.2820866721652981e-08 0 -2.6575286113802873e-13 0
leaf_weight=1250 76 164 44 32 588 604 50 409 110 48 950 222 99 202
leaf_count=1250 76 164 44 32 588 604 50 409 110 48 950 222 99 202
internal_value=-0.00609404 -0.0103303 -0.0130373 -0.0133719 -0.0135963 -0.000590047 -0.00112981 -3.26087e-05 -0.00261691 -0.00334375 0.000135048 -0.00399306 -0.00284161 -0.0119848
internal_weight=4848 2739 2116 2072 2040 2109 623 459 555 479 1554 431 321 790
internal_count=4848 2739 2116 2072 2040 2109 623 459 555 479 1554 431 321 790
is_linear=0
shrinkage=0.03


Tree=198
num_leaves=15
num_cat=0
split_feature=2 1 3 7 2 5 3 1 0 0 1 3 8 8
split_gain=161.507 31.8474 23.7974 9.25639 8.09976 7.69889 6.15011 6.33661 4.40668 4.08431 3.6769 3.352 2.9309 1.68287
threshold=9.1505372368880487 12.435440780523919 7.1536378394957625 5.5500000000000007 9.6586893320587581 2.7567143730824912 6.984020963707942 13.041740459477465 15.401474452597387 15.07751808884124 9.9361838527604309 0.80471895621705036 12.24 24.010000000000002
decision_type=2 2 2 2 2 2 2 2 2 2 2 2 10 10
left_child=1 2 5 -3 6 9 7 -2 11 -1 13 -5 -8 -4
right_child=4 3 10 8 -6 -7 12 -9 -10 -11 -12 -13 -14 -15
leaf_value=0 0 0 -3.2977363582859041e-09 2.6021463335123795e-18 -1.483726036456795e-14 9.7084013369096092e-13 2.6241002866950466e-07 2.2159672339767056e-13 -2.8898736220054537e-12 -6.5672092651486954e-15 0 -6.2980645221866174e-14 0 0
leaf_weight=1833 94 89 25 84 2149 23 28 34 66 22 130 60 131 57
leaf_count=1833 94 89 25 84 2149 23 28 34 66 22 130 60 131 57
internal_value=-0.00607646 -0.0116172 -0.0129268 -0.00245 -0.000640131 -0.0140021 -0.00536458 -0.0102326 0.000995261 -0.0142161 -0.00338028 0.00393103 -0.00140625 -0.00831325
internal_weight=4825 2389 2090 299 2436 1878 287 128 210 1855 212 144 159 82
internal_count=4825 2389 2090 299 2436 1878 287 128 210 1855 212 144 159 82
is_linear=0
shrinkage=0.03


Tree=199
num_leaves=15
num_cat=0
split_feature=2 4 0 3 0 0 2 8 3 7 3 0 8 13
split_gain=155.415 32.2677 22.3861 13.2413 5.21701 3.35817 2.81823 2.37089 2.73731 2.03403 1.85439 1.73889 1.7185 2.74787
threshold=9.6586893320587581 5.0798491537772676 13.282284372979353 7.1536378394957625 15.018379637118352 16.062201012774135 8.2115506807161065 22.050000000000004 8.6929515690803907 5.5500000000000007 9.2065331323736768 12.641914153484741 33.050000000000004 3.1182168565832833
decision_type=2 2 2 2 2 2 2 10 2 2 2 2 8 10
left_child=1 2 3 11 9 6 -6 -5 -9 -4 -3 -1 -2 -14
right_child=12 10 4 7 5 -7 -8 8 -10 -11 -12 -13 13 -15
leaf_value=0 -2.4743079073854093e-13 4.9467604913133568e-12 0 5.3941621310428479e-13 1.1376546024713636e-15 -1.4818231072714395e-10 -6.8220465648345154e-15 0 1.5857014974553434e-15 0 -2.7770998948862999e-07 0 6.2823462934824029e-12 -8.37414942956746e-13
leaf_weight=1521 1553 163 141 36 53 50 39 138 34 256 35 180 366 237
leaf_count=1521 1553 163 141 36 53 50 39 138 34 256 35 180 366 237
internal_value=-0.00602124 -0.0108916 -0.0118334 -0.0133586 -0.00641667 -0.00146853 0.00193548 -0.00617225 -0.00763006 -0.00817839 0.000753769 -0.0142333 -4.17246e-05 0.00131623
internal_weight=4802 2646 2448 1909 539 142 92 208 172 397 198 1701 2156 603
internal_count=4802 2646 2448 1909 539 142 92 208 172 397 198 1701 2156 603
is_linear=0
shrinkage=0.03


Tree=200
num_leaves=15
num_cat=0
split_feature=2 1 3 0 4 7 1 3 8 0 3 3 3 0
split_gain=151.033 39.0244 34.7758 13.856 9.41107 8.16357 7.44184 3.70038 3.51592 2.84694 2.10941 2.67008 2.83306 1.89604
threshold=9.6586893320587581 12.435440780523919 7.1536378394957625 15.07751808884124 5.0798491537772676 5.6500000000000012 13.63978628376047 1.6570930023362631 24.010000000000002 14.851504897219455 8.3351887052672371 9.1776094249853042 8.6929515690803907 10.598832301394216
decision_type=2 2 2 2 2 2 2 2 10 2 2 2 2 2
left_child=1 2 3 4 -1 9 7 -7 -4 -3 13 12 -12 -10
right_child=-2 5 8 -5 -6 6 -8 -9 10 -11 11 -13 -14 -15
leaf_value=0 -1.2792073964006778e-13 0 2.4420781822958554e-13 1.1035249643972226e-15 4.0902651757212952e-12 2.524081943507008e-18 -4.5040568198576046e-11 -6.1091225865210204e-14 0 -1.586438310090049e-13 0 -4.4221345884037074e-08 2.513045072568889e-14 0
leaf_weight=1900 2129 108 146 29 39 94 62 71 36 42 33 34 27 67
leaf_count=1900 2129 108 146 29 39 94 62 71 36 42 33 34 27 67
internal_value=-0.00617372 -0.0109 -0.0123594 -0.0138954 -0.0142036 -0.00194444 0.00164474 0.00496988 -0.00353198 -0.00735099 -0.00613636 -0.00284211 0.000983607 -0.00908654
internal_weight=4817 2688 2311 1968 1939 377 227 165 343 150 197 94 60 103
internal_count=4817 2688 2311 1968 1939 377 227 165 343 150 197 94 60 103
is_linear=0
shrinkage=0.03


Tree=201
num_leaves=15
num_cat=0
split_feature=2 1 4 7 1 2 9 1 2 13 2 4 1 10
split_gain=151.722 35.1175 34.4846 8.51517 6.68255 4.96239 2.75069 2.63125 2.603 1.75034 1.5493 1.52748 1.43374 1.3411
threshold=9.6586893320587581 12.485971485529776 5.1089666311285624 5.5500000000000007 13.63978628376047 8.4049181401443551 0.8649304544944173 11.746011324393114 9.1761885799261389 2.2206036967983542 9.7242858966830479 8.0483087310963608 11.746011324393114 -0.13268856124688716
decision_type=2 2 2 2 2 2 2 2 2 8 2 2 2 2
left_child=1 2 5 -3 6 12 8 10 -5 -9 -2 13 -1 -11
right_child=7 3 -4 4 -6 -7 -8 9 -10 11 -12 -13 -14 -15
leaf_value=0 -2.2735341315014224e-13 0 4.1340981457804201e-12 2.4483594852017981e-18 -7.1349494035578004e-11 0 -8.2602262600994545e-15 -0.00065485735218950717 -1.6619902953802863e-11 3.136651817477095e-11 -1.7211825295563995e-13 -0.00026585003517923321 0 1.4510488962586809e-13
leaf_weight=1511 21 112 166 130 64 438 33 52 22 592 351 472 184 673
leaf_count=1511 21 112 166 130 64 438 33 52 22 592 351 472 184 673
internal_value=-0.00610639 -0.0109019 -0.0122674 -0.00219613 0.0009 -0.0132919 0.00379032 -0.000201203 0.0054902 0.000276536 -0.0024933 0.000440161 -0.014036 0.000983412
internal_weight=4821 2660 2299 361 249 2133 185 2161 152 1789 372 1737 1695 1265
internal_count=4821 2660 2299 361 249 2133 185 2161 152 1789 372 1737 1695 1265
is_linear=0
shrinkage=0.03


Tree=202
num_leaves=15
num_cat=0
split_feature=1 3 4 0 1 8 1 3 8 9 1 0 9 1
split_gain=118.863 75.1722 13.694 12.078 3.87778 3.22205 2.90596 4.3543 2.46652 1.34311 1.28407 1.40258 1.70255 1.45539
threshold=12.422081807016374 7.124880434095842 5.0798491537772676 15.07751808884124 11.194831368008368 15.750000000000002 10.114791233291383 8.9335651765000907 24.010000000000002 0.99999524036036735 14.110476225380147 14.074898786011893 0.91959550581536709 14.826020850820386
decision_type=2 2 2 2 2 8 2 2 10 2 2 2 2 2
left_child=1 2 3 4 -1 -2 7 8 -3 10 -7 -12 13 -13
right_child=5 6 -4 -5 -6 9 -8 -9 -10 -11 11 12 -14 -15
leaf_value=0 -1.2766443814345888e-16 -2.7799397298237221e-08 4.053258399602784e-12 1.0704192154653059e-15 0 8.3857763127901162e-14 -4.6046232484648882e-16 1.3156289049950989e-11 0 -1.573015221931329e-09 3.2076113487644781e-05 -5.3234919116795809e-08 8.6817902626087008e-06 6.0856588805500121e-09
leaf_weight=1506 765 21 43 31 479 690 660 55 73 29 30 167 35 202
leaf_count=1506 765 21 43 31 479 690 660 55 73 29 30 167 35 202
internal_value=-0.00601629 -0.00988149 -0.0129248 -0.0132821 -0.0135725 -0.000234497 -0.00212963 -0.0059 -0.00978947 0.000766898 0.000933333 -0.000344828 -0.000814815 -0.00141892
internal_weight=4786 2868 2059 2016 1985 1918 809 149 94 1153 1124 434 404 369
internal_count=4786 2868 2059 2016 1985 1918 809 149 94 1153 1124 434 404 369
is_linear=0
shrinkage=0.03


Tree=203
num_leaves=15
num_cat=0
split_feature=2 1 4 0 1 2 4 1 1 13 13 4 13 0
split_gain=154.741 37.3596 16.9435 13.8846 7.26334 2.86958 4.97281 2.89059 2.50317 2.30817 3.57648 2.11805 2.05028 1.8657
threshold=8.6966738175875893 12.422081807016374 5.0798491537772676 15.07751808884124 10.078459247993102 9.6761632813776952 5.1887727260549532 12.422081807016374 11.070696482778954 3.8611811089553809 3.3793689636457813 3.5189529817235914 3.0927903271086268 14.733102304254269
decision_type=2 2 2 2 2 2 2 2 2 10 8 2 10 2
left_child=1 2 3 11 -2 6 7 8 -6 10 12 -1 -3 -7
right_child=4 9 -4 -5 5 13 -8 -9 -10 -11 -12 -13 -14 -15
leaf_value=0 0 3.8299331443037662e-18 3.5130592537796673e-12 1.0383066390013468e-15 0 7.8612336769452209e-13 3.8699833607034273e-08 3.8299331443037662e-18 0 -2.1464464522546849e-13 3.8299331443037662e-18 0 -2.5133579851363888e-15 -3.4922437459996466e-08
leaf_weight=1679 134 89 80 26 129 1193 101 105 143 53 66 67 47 865
leaf_count=1679 134 89 80 26 129 1193 101 105 143 53 66 67 47 865
internal_value=-0.00557242 -0.0116485 -0.0131301 -0.0137394 -0.000774991 -0.000413875 -0.00250522 -0.0040873 -0.00571429 -0.000878906 0.000591133 -0.0140641 -0.00218978 7.28509e-05
internal_weight=4777 2107 1852 1772 2670 2536 478 377 272 255 202 1746 136 2058
internal_count=4777 2107 1852 1772 2670 2536 478 377 272 255 202 1746 136 2058
is_linear=0
shrinkage=0.03


Tree=204
num_leaves=15
num_cat=0
split_feature=2 1 4 0 2 4 1 4 2 10 4 7 0 1
split_gain=144.087 49.4939 22.1976 14.6727 6.55887 3.17328 3.04645 4.58469 2.85714 1.94566 1.87579 1.54224 1.84599 2.30484
threshold=8.9219580093469428 12.422081807016374 5.0798491537772676 15.07751808884124 9.940409500644785 3.4419873751583672 12.422081807016374 5.240415493676216 7.5794226123220154 -0.92471001826442645 6.461076787857162 6.2500000000000009 11.931686389536583 10.114791233291383
decision_type=2 2 2 2 2 2 2 2 2 2 2 2 2 2
left_child=1 2 3 5 6 -1 7 11 9 -3 -8 12 13 -2
right_child=4 8 -4 -5 -6 -7 10 -9 -10 -11 -12 -13 -14 -15
leaf_value=0 0 -2.513472883130718e-15 3.4603651213896702e-12 1.0071574398313063e-15 2.7740787385959416e-13 0 1.1179383469633648e-15 3.166564776083266e-09 -2.5158477918313639e-15 6.0899438506203972e-18 -0.00026154642266181883 -3.8522255178929627e-15 0 0
leaf_weight=1756 43 22 100 32 1930 76 132 95 112 150 27 59 124 124
leaf_count=1756 43 22 100 32 1930 76 132 95 112 150 27 59 124 124
internal_value=-0.00565126 -0.0111783 -0.0128702 -0.0136086 -0.000745562 -0.0139607 -0.00347107 -0.00474215 0.000526316 0.00294798 9.375e-05 -0.00632479 -0.00539384 -0.00330357
internal_weight=4782 2248 1964 1864 2534 1832 604 445 284 172 159 350 291 167
internal_count=4782 2248 1964 1864 2534 1832 604 445 284 172 159 350 291 167
is_linear=0
shrinkage=0.03


Tree=205
num_leaves=15
num_cat=0
split_feature=2 0 4 0 2 7 0 9 7 4 4 0 13 0
split_gain=152.269 28.6206 16.9378 7.5616 5.52256 5.32777 4.61671 2.32396 2.13678 1.65655 1.55898 1.28315 1.30473 1.26405
threshold=8.9219580093469428 13.282284372979353 5.1089666311285624 15.07751808884124 9.7823081290915983 5.7500000000000009 14.830472977182849 -1.0000000180025095e-35 5.9350000000000014 3.3758430466661244 3.9935923741167367 10.672194328629766 3.0214993776526815 12.641914153484741
decision_type=2 2 2 2 2 2 2 2 2 2 2 2 10 2
left_child=1 2 9 10 5 6 -2 -5 -4 13 -3 12 -7 -1
right_child=4 3 8 7 -6 11 -8 -9 -10 -11 -12 -13 -14 -15
leaf_value=0 0 0 -1.7354716979817334e-08 5.2804503006621752e-14 1.2283086968006741e-14 1.3813869745394665e-17 6.1698091232233306e-13 -6.5309048730292302e-15 2.1259971712844563e-09 0 0 1.1556676553678887e-16 -4.4664845510109415e-16 0
leaf_weight=1494 215 306 29 54 2043 22 29 60 57 70 39 205 35 167
leaf_count=1494 215 306 29 54 2043 22 29 60 57 70 39 205 35 167
internal_value=-0.00566618 -0.0113043 -0.012995 -0.00459783 -0.000629412 -0.00343195 -0.00661224 0.00208696 0 -0.0136403 -0.00680636 -0.000456274 -0.00439655 -0.0138357
internal_weight=4825 2276 1817 459 2549 506 244 114 86 1731 345 262 57 1661
internal_count=4825 2276 1817 459 2549 506 244 114 86 1731 345 262 57 1661
is_linear=0
shrinkage=0.03


Tree=206
num_leaves=15
num_cat=0
split_feature=2 1 3 4 0 2 3 1 3 1 1 1 1 3
split_gain=154.364 51.3845 17.467 12.5313 7.9113 6.35009 7.65157 8.92204 4.16946 3 2.78115 2.4568 2.27129 2.08806
threshold=8.9219580093469428 12.422081807016374 7.1536378394957625 5.1089666311285624 15.464117385631392 10.018845397622426 7.1536378394957625 13.025457556577793 1.0000000180025095e-35 12.683773864265648 10.147050484784181 13.092214898089891 9.6964775042151956 9.7606991574788129
decision_type=2 2 2 2 2 2 2 2 2 2 2 2 2 2
left_child=1 2 3 4 -1 6 7 -2 9 -3 -4 -10 -8 -14
right_child=5 8 10 -5 -6 -7 12 -9 11 -11 -12 -13 13 -15
leaf_value=0 -2.0720804618091997e-19 1.1810011839893916e-16 0 5.2394536416062785e-10 4.4391684737255533e-12 5.183388780031141e-12 0 1.8962724944938591e-12 -3.4101337472876282e-13 5.9072455351017856e-18 1.3813869745394665e-17 3.5323368344560412e-18 1.3813869745394665e-17 -6.6822904809765182e-07
leaf_weight=1720 216 46 74 35 20 1886 33 65 46 151 73 43 295 25
leaf_count=1720 216 46 74 35 20 1886 33 65 46 151 73 43 295 25
internal_value=-0.00555086 -0.01134 -0.0131045 -0.0139274 -0.0142849 -0.000476002 -0.00307087 -0.00675532 0.000522648 0.00295455 -0.00314189 -0.00483333 -0.000127119 0.000654206
internal_weight=4728 2208 1922 1775 1740 2520 634 281 286 197 147 89 353 320
internal_count=4728 2208 1922 1775 1740 2520 634 281 286 197 147 89 353 320
is_linear=0
shrinkage=0.03


Tree=207
num_leaves=15
num_cat=0
split_feature=2 1 4 3 2 3 1 2 1 3 1 3 1 13
split_gain=173.659 43.4929 14.0648 5.41306 3.4862 3.08788 4.1163 2.84531 2.71304 2.71834 2.19507 3.06796 4.09416 1.85493
threshold=8.6966738175875893 12.422081807016374 5.0798491537772676 7.1536378394957625 8.9219580093469428 7.2635047795035019 12.422081807016374 9.4437108720537015 12.092524536126961 1.3195286648076296 11.309814393395532 7.124880434095842 10.015721617372547 2.7195783935999924
decision_type=2 2 2 2 2 2 2 2 2 2 2 2 2 10
left_child=1 2 3 -1 5 6 -2 10 9 -9 11 -6 -13 -11
right_child=4 -3 -4 -5 7 -7 -8 8 -10 13 -12 12 -14 -15
leaf_value=0 0 -1.0666717512133206e-20 -1.2701117971066018e-10 0 6.2162413854275989e-21 3.3232260101027922e-15 7.9013251538862505e-17 -2.2072457385442282e-13 1.5539212490761455e-12 -4.485950667975839e-11 -3.4607867247182383e-18 -2.0720804618091997e-19 7.547253635286948e-15 -3.720480812459871e-15
leaf_weight=1694 55 266 80 67 76 40 23 53 1694 86 123 30 69 424
leaf_count=1694 55 266 80 67 76 40 23 53 1694 86 123 30 69 424
internal_value=-0.00535244 -0.0117908 -0.0134283 -0.0139869 -0.000274869 -0.00529412 -0.00873418 -4.10798e-05 -0.000405226 -0.00220745 0.00270903 0.00485795 0.00135 -0.00152642
internal_weight=4780 2107 1841 1761 2673 118 78 2555 2257 563 298 175 99 510
internal_count=4780 2107 1841 1761 2673 118 78 2555 2257 563 298 175 99 510
is_linear=0
shrinkage=0.03


Tree=208
num_leaves=15
num_cat=0
split_feature=2 1 4 0 1 13 4 4 4 13 2 2 13 4
split_gain=191.246 43.5946 19.4689 3.71579 2.22183 3.04375 1.95759 2.60355 2.4524 2.17353 2.27355 2.64299 1.95592 1.80669
threshold=8.9219580093469428 12.422081807016374 5.0798491537772676 15.319840973986926 13.89955764629646 4.0694279404923597 1.0000000180025095e-35 5.7675391348056815 6.5316051642715482 3.9101128528800593 10.485814897600793 9.6012160837127549 2.4410353796716282 5.3020595774028507
decision_type=2 2 2 2 2 10 2 2 2 8 2 2 8 2
left_child=1 2 3 -1 5 -3 12 9 -9 10 11 -8 -2 -13
right_child=6 4 -4 -5 -6 -7 7 8 -10 -11 -12 13 -14 -15
leaf_value=0 5.2807229885031197e-09 -1.0346715986769209e-20 -8.070465334290932e-12 -6.3349777268383534e-15 -8.1065284606657355e-10 3.9979141218321629e-15 -3.9995269365429357e-14 1.2568928475288149e-06 -1.3676894734373261e-07 1.2177067605059136e-08 -1.8543573678340496e-07 1.1150551830469319e-09 1.1003984312697475e-19 -1.3611061149181474e-07
leaf_weight=1811 63 204 97 23 52 29 61 105 790 54 125 68 1262 20
leaf_count=1811 63 204 97 23 52 29 61 105 790 54 125 68 1262 20
internal_value=-0.00519412 -0.0116373 -0.0132531 -0.0139455 -0.000681818 0.000576923 0.000411926 -0.000453431 0.000385045 -0.00273556 -0.00381818 -0.0013 0.00121041 0.00202247
internal_weight=4764 2216 1931 1834 285 233 2548 1223 895 328 274 149 1325 88
internal_count=4764 2216 1931 1834 285 233 2548 1223 895 328 274 149 1325 88
is_linear=0
shrinkage=0.03


Tree=209
num_leaves=15
num_cat=0
split_feature=2 0 4 0 3 3 3 3 2 0 0 13 2 3
split_gain=187.41 23.8675 17.0732 6.90091 6.29721 2.41196 2.16304 1.74569 3.10533 3.83278 1.75224 2.68811 2.95321 2.41415
threshold=8.9219580093469428 13.224492341269519 5.0798491537772676 15.262868444004704 7.1536378394957625 7.2635047795035019 2.9830733695618465 6.6002105196271659 9.5225564750613358 12.201012201207515 13.962708169661443 3.5992754323691272 10.360469255411362 4.9126481274723863
decision_type=2 2 2 2 2 2 2 2 2 2 2 10 2 2
left_child=1 2 4 5 -1 -3 -5 8 9 -2 11 12 13 -10
right_child=7 3 -4 6 -6 -7 -8 -9 10 -11 -12 -13 -14 -15
leaf_value=0 1.0673864783316551e-19 0 -2.4223008414640977e-11 8.8351381395619961e-14 0 2.2480984114521136e-12 -7.8283513742622044e-12 -5.2140979174227341e-17 -4.9294684937621997e-14 5.4733603341610516e-20 1.1208114253192258e-09 -3.8494296683893077e-11 9.07688926042909e-12 1.1161733941988773e-16
leaf_weight=1591 60 330 84 79 80 26 37 2016 51 84 186 41 94 24
leaf_count=1591 60 330 84 79 80 26 37 2016 51 84 186 41 94 24
internal_value=-0.0052268 -0.0115866 -0.0131976 -0.0055814 -0.0138606 -0.00764706 0.000769231 0.000316777 0.00182994 0.00558621 0.000453401 -0.0014218 0.000264706 -0.00414474
internal_weight=4783 2227 1755 472 1671 356 116 2556 540 144 396 210 169 75
internal_count=4783 2227 1755 472 1671 356 116 2556 540 144 396 210 169 75
is_linear=0
shrinkage=0.03


Tree=210
num_leaves=15
num_cat=0
split_feature=2 1 4 0 9 9 4 2 13 10 0 8 0 9
split_gain=189.474 47.47 19.8162 7.78479 2.47358 2.38144 1.92525 2.12704 1.87471 2.20711 1.85133 1.71893 1.61067 1.58361
threshold=8.9219580093469428 12.435440780523919 3.657109943711693 15.464117385631392 0.49621178005173361 0.86273233282296069 1.0074515102711326 9.1385757927605429 4.0694279404923597 0.25248616906575677 10.874944644637408 9.0500000000000025 13.411954742152767 -1.0000000180025095e-35
decision_type=2 2 2 2 2 2 2 2 8 2 2 10 2 2
left_child=1 2 3 -1 -4 8 11 -8 13 -10 -9 12 -2 -3
right_child=6 5 4 -5 -6 -7 7 10 9 -11 -12 -13 -14 -15
leaf_value=0 1.8874827153763895e-09 -2.1874120037040953e-16 0 4.3026428962855289e-12 5.8453583037206367e-13 -2.5162070771099308e-15 4.0012478034131512e-08 -5.9187011764394573e-08 -3.2030384943577707e-12 4.2720101640803408e-14 -2.1380177902530426e-10 1.5670511776976569e-18 5.8131393077446373e-10 8.1388790642513216e-17
leaf_weight=1810 33 101 99 20 64 53 36 85 22 32 1106 1254 65 77
leaf_count=1810 33 101 99 20 64 53 36 85 22 32 1106 1254 65 77
internal_value=-0.00530774 -0.0116104 -0.0132472 -0.0141398 -0.00320122 -0.000157343 0.000261628 -0.000598534 0.0011588 0.006 -0.000817953 0.00104213 0.00484848 -0.000335196
internal_weight=4857 2278 1993 1830 163 285 2579 1227 232 54 1191 1352 98 178
internal_count=4857 2278 1993 1830 163 285 2579 1227 232 54 1191 1352 98 178
is_linear=0
shrinkage=0.03


Tree=211
num_leaves=15
num_cat=0
split_feature=2 0 4 0 0 4 9 2 10 10 0 10 8 8
split_gain=178.914 28.1728 17.8521 6.56242 2.35518 1.95159 1.79076 1.65463 2.15598 1.18499 1.17081 1.13412 1.04953 0.860448
threshold=8.9219580093469428 13.282284372979353 5.1089666311285624 15.262868444004704 12.641914153484741 3.5189529817235914 0.1283625806779406 8.1522700360275593 0.74750654792535098 0.39474009870725874 13.920760009197117 -0.50188698852276337 14.450000000000001 6.0500000000000007
decision_type=2 2 2 2 2 2 2 2 2 2 2 2 10 10
left_child=1 2 4 6 5 -1 -3 8 10 11 -8 -5 -4 -2
right_child=13 3 12 9 -6 -7 7 -9 -10 -11 -12 -13 -14 -15
leaf_value=0 -5.6503589366857971e-11 0 -7.4662524985332863e-09 5.6326687241832871e-13 0 0 0 7.8947126923237814e-17 9.1408615213255869e-19 2.3423165347538384e-13 0 -5.979186965074602e-11 2.0512780348248917e-09 1.3351968517116958e-17
leaf_weight=1473 158 197 30 40 183 47 32 39 25 35 57 32 53 2411
leaf_count=1473 158 197 30 40 183 47 32 39 25 35 57 32 53 2411
internal_value=-0.00515479 -0.0113436 -0.0130442 -0.00468341 -0.013706 -0.0141026 -0.00666667 -0.00418831 -0.006 0.00180556 -0.00816667 -0.000410959 0.000535714 0.000250973
internal_weight=4812 2243 1786 457 1703 1520 350 153 114 107 89 72 83 2569
internal_count=4812 2243 1786 457 1703 1520 350 153 114 107 89 72 83 2569
is_linear=0
shrinkage=0.03


Tree=212
num_leaves=15
num_cat=0
split_feature=2 1 3 0 4 3 8 10 8 12 13 8 2 3
split_gain=169.125 52.7621 16.9866 11.1347 8.28038 1.94378 3.80499 1.92783 2.70806 2.22714 1.76864 1.70101 1.63162 5.99076
threshold=8.9219580093469428 12.422081807016374 7.1536378394957625 15.262868444004704 5.0798491537772676 8.3351887052672371 23.050000000000004 0.70400802274319874 23.650000000000002 2.5000000000000004 2.9114612549618815 14.950000000000001 9.3657826505061994 6.7059446245066345
decision_type=2 2 2 2 2 2 10 2 10 10 10 10 2 2
left_child=1 2 3 4 -1 6 11 8 9 -3 -7 -4 13 -2
right_child=12 7 5 -5 -6 10 -8 -9 -10 -11 -12 -13 -14 -15
leaf_value=0 -4.4804419142937794e-19 6.5945415806841835e-17 -9.8115692630484657e-08 4.1575556343426078e-12 2.9677334631935751e-11 1.1208118680884018e-08 0 5.0403243720639668e-15 -2.4406869473191197e-15 -4.7835625646095229e-10 -3.527013798593088e-13 2.4033305209380508e-12 2.3678746783626839e-16 1.1193873432324373e-18
leaf_weight=1712 117 114 28 21 32 21 51 79 61 32 36 23 2325 144
leaf_count=1712 117 114 28 21 32 21 51 79 61 32 36 23 2325 144
internal_value=-0.005197 -0.011289 -0.0130753 -0.0139213 -0.0141834 -0.00365625 -0.0061165 0.000731707 -0.000793269 0.00142857 0.000775862 -0.000288462 1.15964e-05 -0.00223282
internal_weight=4796 2210 1924 1765 1744 159 102 286 207 146 57 51 2586 261
internal_count=4796 2210 1924 1765 1744 159 102 286 207 146 57 51 2586 261
is_linear=0
shrinkage=0.03


Tree=213
num_leaves=15
num_cat=0
split_feature=2 1 4 3 0 2 3 0 0 13 0 1 8 2
split_gain=164.796 53.88 21.3325 10.7412 10.1137 2.76972 4.61035 1.95524 2.67006 2.0836 1.86583 1.76403 2.60431 2.08622
threshold=8.9219580093469428 12.422081807016374 5.1089666311285624 7.1536378394957625 15.262868444004704 9.4437108720537015 6.071889135538691 16.137692593023313 15.703486992599593 4.1649590350129158 10.564608499455632 13.186066548354789 10.510000000000002 7.3374250625545683
decision_type=2 2 2 2 2 2 2 2 2 8 2 2 10 2
left_child=1 2 3 4 -1 6 -2 8 9 11 -5 12 -3 -13
right_child=5 7 -4 10 -6 -7 -8 -9 -10 -11 -12 13 -14 -15
leaf_value=0 -3.7960355914723062e-18 7.0221967076016606e-18 7.3610340126947069e-10 0 4.0310489030759406e-12 1.1902361158082945e-16 -4.3460286568649652e-19 -4.5452292245841899e-08 6.5056383241138662e-13 9.9966767456043983e-14 0 -2.4565105480259242e-15 -2.367392854039884e-15 2.4228581823173657e-11
leaf_weight=1742 106 41 85 34 21 2236 202 31 28 25 61 35 94 29
leaf_count=1742 106 41 85 34 21 2236 202 31 28 25 61 35 94 29
internal_value=-0.00536994 -0.0113291 -0.0131096 -0.0137816 -0.0143112 -0.000153242 -0.00281553 0.000897887 0.00177866 0.000666667 -0.00390625 -0.000375 -0.00231618 0.00369231
internal_weight=4770 2226 1943 1858 1763 2544 308 283 252 224 95 199 135 64
internal_count=4770 2226 1943 1858 1763 2544 308 283 252 224 95 199 135 64
is_linear=0
shrinkage=0.03


Tree=214
num_leaves=15
num_cat=0
split_feature=2 0 4 0 3 8 2 0 3 0 0 0 3 3
split_gain=170.58 24.9255 17.1125 8.39614 7.20053 2.06362 1.61452 1.99903 1.45046 1.24422 1.2442 1.87591 1.21642 1.21401
threshold=8.9219580093469428 13.224492341269519 5.1089666311285624 15.338768874608993 7.1536378394957625 29.050000000000004 9.1761885799261389 10.564608499455632 6.9546387510691341 10.598832301394216 16.923044919891723 15.703486992599593 7.124880434095842 3.8968964838426357
decision_type=2 2 2 2 2 10 2 2 2 2 2 2 2 2
left_child=1 2 4 5 -1 8 7 -2 13 -6 11 -5 -4 -3
right_child=6 3 12 10 9 -7 -8 -9 -10 -11 -12 -13 -14 -15
leaf_value=0 1.0990302961476218e-18 0 1.2341307918464139e-09 -2.8830374582403193e-13 0 0 -3.2072179794232739e-19 -8.4764085558371772e-17 -3.4718062799899592e-13 0 -2.8265690069429935e-07 3.9217685547883403e-12 -2.6659680854199388e-08 0
leaf_weight=1611 33 186 33 30 31 64 2431 114 36 52 20 49 44 93
leaf_count=1611 33 186 33 30 31 64 2431 114 36 52 20 49 44 93
internal_value=-0.00557063 -0.0116067 -0.0132477 -0.00551148 -0.0138761 -0.00753947 -0.000302443 -0.00334459 -0.00650316 -0.00517857 0.00225 0.0039375 0.000576923 -0.00723214
internal_weight=4827 2249 1771 478 1694 379 2578 147 315 83 99 79 77 279
internal_count=4827 2249 1771 478 1694 379 2578 147 315 83 99 79 77 279
is_linear=0
shrinkage=0.03


Tree=215
num_leaves=15
num_cat=0
split_feature=2 4 4 2 8 13 10 8 4 13 2 7 10 8
split_gain=178.952 14.7123 2.74809 2.58284 3.98799 1.86153 2.60776 1.46939 1.2293 1.18258 1.14473 1.13251 1.11018 1.10876
threshold=8.9219580093469428 3.3758430466661244 6.4979049341695818 7.3374250625545683 23.050000000000004 3.28953447723431 0.25881904510252057 9.0500000000000025 13.010840838017936 4.6135325638543723 8.4329414910271385 5.3100000000000014 0.99085646505769043 11.950000000000001
decision_type=2 2 2 2 10 10 2 10 2 10 2 2 2 8
left_child=1 3 -3 -1 5 11 7 -7 9 12 -9 -5 13 -2
right_child=8 2 -4 4 -6 6 -8 10 -10 -11 -12 -13 -14 -15
leaf_value=0 -4.9778655160836857e-11 -1.1842069038485672e-18 4.2144884291189592e-08 0 0 0 0 0 0.024133620539533399 8.9901049516912199e-06 9.9065641326556908e-13 0 6.375261645524014e-12 2.2222007688088256e-18
leaf_weight=1498 463 162 46 24 279 21 34 28 23 20 20 127 103 1947
leaf_count=1498 463 162 46 24 279 21 34 28 23 20 20 127 103 1947
internal_value=-0.00530755 -0.0114978 -0.0038756 -0.0122761 -0.0104213 -0.00764706 -0.00447115 -0.00107143 0.000117325 5.32755e-05 0.00183673 -0.00976974 -5.96659e-06 -0.000136873
internal_weight=4795 2239 208 2031 533 254 103 69 2556 2533 48 151 2513 2410
internal_count=4795 2239 208 2031 533 254 103 69 2556 2533 48 151 2513 2410
is_linear=0
shrinkage=0.03


Tree=216
num_leaves=15
num_cat=0
split_feature=2 0 3 0 8 3 3 8 7 13 7 13 13 5
split_gain=159.102 26.7973 19.9413 8.64224 5.55984 8.57413 2.1334 2.01562 1.94438 1.42649 1.38461 1.4099 1.22489 2.31025
threshold=8.9219580093469428 13.282284372979353 5.2310943182715759 15.262868444004704 18.435000000000002 8.3351887052672371 6.3565369829805949 26.545000000000005 5.7500000000000009 3.0504854687730614 5.6500000000000012 4.4135874034192497 2.5792618030442798 7.8186255351873539
decision_type=2 2 2 2 10 2 2 10 2 10 2 10 8 2
left_child=1 2 -1 6 8 -6 -3 -7 -4 -8 -5 -12 13 -2
right_child=12 3 4 10 5 7 9 -9 -10 -11 11 -13 -14 -15
leaf_value=0 -1.5853900162221135e-10 0 0 -7.1241941349468567e-14 0 -1.1398359833168867e-08 1.3861629109914259e-13 6.4008028526650864e-13 3.5526207115457014e-20 -6.8394583715802196e-13 3.4341761127089297e-12 -5.1924075088326365e-13 1.0417994397800641e-18 0.074684040565050028
leaf_weight=1441 243 294 47 34 201 20 28 27 53 31 60 21 2247 23
leaf_count=1441 243 294 47 34 201 20 28 27 53 31 60 21 2247 23
internal_value=-0.00529449 -0.011074 -0.0127458 -0.00466951 -0.00627507 -0.0086747 -0.00699153 0.0028125 -0.00029703 -0.00175 0.0024569 0.00457317 -0.000101432 -0.00202247
internal_weight=4770 2257 1789 468 348 248 353 47 100 59 115 81 2513 266
internal_count=4770 2257 1789 468 348 248 353 47 100 59 115 81 2513 266
is_linear=0
shrinkage=0.03


Tree=217
num_leaves=15
num_cat=0
split_feature=3 1 1 4 3 0 1 3 0 0 5 3 3 0
split_gain=110.561 65.2969 7.36044 5.92043 5.88721 4.95853 3.12383 1.9315 1.70363 2.02904 1.61167 1.4998 1.45588 1.34085
threshold=4.9126481274723863 12.290305773177012 10.114791233291383 3.4419873751583672 8.6032789887991452 14.94135364670379 11.020717038724706 8.4528667014040035 13.460526854913079 11.416747579248195 5.6750385347198877 1.6570930023362631 7.0869451739134943 12.492472613402311
decision_type=2 2 2 2 2 2 2 2 2 2 2 2 2 2
left_child=1 5 3 4 12 6 -1 10 9 -3 -4 -8 -2 -11
right_child=2 8 7 -5 -6 -7 11 -9 -10 13 -12 -13 -14 -15
leaf_value=0 0 4.3631713211718149e-18 0 3.5526207115457014e-20 1.1784519387275025e-12 1.0010093374073025e-16 0 2.8963118604522714e-14 6.0460644141293752e-18 -1.5172495497193382e-19 1.3007966724963186e-06 0 0 -4.7777010904166855e-16
leaf_weight=1240 108 28 845 81 35 23 326 1479 382 24 26 50 67 70
leaf_count=1240 108 28 845 81 35 23 326 1479 382 24 26 50 67 70
internal_value=-0.0052163 -0.0102775 -0.00110712 -0.00559932 -0.00824645 -0.0131799 -0.0133766 -0.000548703 -0.000831683 -0.00390244 -0.00166858 -0.0109019 -0.010483 -0.006
internal_weight=4784 2143 2641 291 210 1639 1616 2350 504 122 871 376 175 94
internal_count=4784 2143 2641 291 210 1639 1616 2350 504 122 871 376 175 94
is_linear=0
shrinkage=0.03


Tree=218
num_leaves=15
num_cat=0
split_feature=2 1 4 0 3 4 3 8 10 1 4 0 1 13
split_gain=157.758 40.967 38.8894 10.2702 6.10449 3.47816 2.36018 2.77383 3.01235 1.95182 1.91808 1.41775 1.30078 1.28901
threshold=8.9219580093469428 12.290305773177012 3.4419873751583672 15.319840973986926 7.4080759066141182 4.532585040406512 6.8979566397912828 19.950000000000003 0.85933278406926539 10.049836403163598 5.4172053532272981 13.370716857339312 10.980607104314403 2.9532217282749511
decision_type=2 2 2 2 2 2 2 10 2 2 2 2 2 10
left_child=1 2 3 4 -1 13 7 8 11 -6 -7 -3 -12 -4
right_child=-2 6 5 -5 9 10 -8 -9 -10 -11 12 -13 -14 -15
leaf_value=0 1.2741256367448846e-19 4.2322761815366601e-18 3.4460420901993305e-20 3.9296501427415366e-12 0 -3.0716952719982671e-14 -1.4323351675674039e-07 -2.2211102976623526e-15 -1.4788234736348409e-16 7.8862885074908095e-15 -2.0367772959085104e-09 8.3276954906141946e-17 4.3892629872607563e-07 3.5526207115457014e-20
leaf_weight=1649 2564 39 22 20 32 34 28 117 34 31 54 111 20 36
leaf_count=1649 2564 39 22 20 32 34 28 117 34 31 54 111 20 36
internal_value=-0.00507408 -0.0109134 -0.0126066 -0.0139354 -0.0141856 0.00125749 -0.00113636 -0.000347682 0.00194595 -0.00492188 -0.00192661 0.00377483 0.0008 0.00711864
internal_weight=4791 2227 1898 1732 1712 166 329 301 184 63 108 150 74 58
internal_count=4791 2227 1898 1732 1712 166 329 301 184 63 108 150 74 58
is_linear=0
shrinkage=0.03


Tree=219
num_leaves=15
num_cat=0
split_feature=3 1 1 0 1 3 3 8 1 13 0 13 13 13
split_gain=116.192 74.0362 6.59207 6.56072 4.24668 4.16406 3.28543 2.0902 2.07967 1.77227 1.4678 2.7965 2.38371 1.95555
threshold=5.4499504944419961 12.265237366968448 10.234982869746496 15.046837399424208 10.916855075982227 8.8347732181322272 1.6570930023362631 24.850000000000005 12.290305773177012 3.3290985839592291 14.715189673089524 3.0264071976186258 3.0424957345011516 3.0750462557915204
decision_type=2 2 2 2 2 2 2 10 2 10 2 8 8 8
left_child=1 3 5 4 -1 9 -6 -3 -4 -2 11 -10 -12 -14
right_child=2 7 8 -5 6 -7 -8 -9 10 -11 12 -13 13 -15
leaf_value=0 0 1.4206134985803955e-17 0 1.4749894299207212e-12 0 2.1442687051475831e-10 0 -2.2965756113599555e-15 3.6845323462237669e-09 3.3394634688529597e-20 -2.7825341820680945e-07 -1.8363112893666442e-14 0.00015416282028964294 2.3436017738122077e-09
leaf_weight=1255 195 332 773 21 339 69 74 215 285 25 345 390 20 468
leaf_count=1255 195 332 773 21 339 69 74 215 285 25 345 390 20 468
internal_value=-0.0050052 -0.0100045 -0.000653442 -0.0131095 -0.0133194 -0.00491379 -0.0106159 -0.000410584 -0.000111744 -0.00692308 0.000536779 0.00157544 -0.000305755 0.00104294
internal_weight=4806 2236 2570 1689 1668 289 413 547 2281 220 1508 675 833 488
internal_count=4806 2236 2570 1689 1668 289 413 547 2281 220 1508 675 833 488
is_linear=0
shrinkage=0.03


Tree=220
num_leaves=15
num_cat=0
split_feature=2 1 4 0 3 3 12 1 0 0 1 7 12 1
split_gain=157.393 45.081 40.2884 12.1122 4.57346 2.61017 2.06594 1.50833 1.09098 1.03345 1.94226 2.42357 1.87475 1.19854
threshold=8.9219580093469428 12.290305773177012 3.4419873751583672 15.319840973986926 7.2635047795035019 7.124880434095842 1.0000000180025095e-35 9.9066948624187461 17.219363828775702 16.464631398670701 13.276945234336237 5.5500000000000007 2.5000000000000004 12.683773864265648
decision_type=2 2 2 2 2 2 10 2 2 2 2 2 10 2
left_child=1 2 3 4 -1 6 -4 -6 -2 10 13 -12 -13 -3
right_child=8 9 5 -5 7 -7 -8 -9 -10 -11 11 12 -14 -15
leaf_value=0 -4.1284252717195887e-19 1.2572966919895571e-18 -1.0386492521967551e-14 3.9255771530240187e-12 0 -1.7837481996319356e-10 9.2154197623416857e-16 -3.2288598187477521e-16 0.0030618618857908295 -2.6950047846397491e-07 -5.3268891814708523e-10 1.0596385457845152e-12 -3.0291571873931053e-11 -2.1160068117043948e-15
leaf_weight=1670 2489 125 26 22 33 80 63 35 22 23 20 48 22 106
leaf_count=1670 2489 125 26 22 33 80 63 35 22 23 20 48 22 106
internal_value=-0.00515987 -0.0108773 -0.0126606 -0.0140034 -0.0142841 0.00132353 0.00483333 -0.00652174 1.7914e-05 -0.000869565 -0.000419255 0.0032967 0.00591549 -0.001875
internal_weight=4784 2273 1929 1760 1738 169 89 68 2511 344 321 90 70 231
internal_count=4784 2273 1929 1760 1738 169 89 68 2511 344 321 90 70 231
is_linear=0
shrinkage=0.03


Tree=221
num_leaves=15
num_cat=0
split_feature=1 3 1 3 3 4 3 8 7 3 0 8 12 13
split_gain=114.563 40.4107 17.9951 24.2108 4.8235 4.09295 4.03108 2.35153 2.13463 1.92934 2.41925 1.78441 1.64971 1.63652
threshold=10.954015709785038 6.0276757474030243 12.317494376681179 2.3746352649809244 7.3645445576078314 3.4419873751583672 7.0275343252732902 36.250000000000007 7.5500000000000007 9.3551979372950473 11.502541571433946 27.050000000000004 1.5000000000000002 2.9973737401106511
decision_type=2 2 2 2 2 2 2 10 2 2 2 10 10 10
left_child=1 -1 3 -2 12 6 -3 11 -4 10 -6 -8 -5 -7
right_child=2 5 8 4 9 13 7 -9 -10 -11 -12 -13 -14 -15
leaf_value=0 0 0 -3.1435935299419453e-18 0 6.3408295678841869e-11 -3.3771787427669869e-10 0 3.936243461075258e-15 0.049635512564453241 -2.2847834705592617e-08 7.7596470552833394e-15 -3.1319940241853197e-16 -1.1484307877945573e-18 8.0794622551041699e-10
leaf_weight=1342 346 94 1943 181 72 75 53 52 30 177 177 85 42 88
leaf_count=1342 346 94 1943 181 72 75 53 52 30 177 177 85 42 88
internal_value=-0.00534363 -0.011338 -0.00172785 -0.00501506 -0.00159231 -0.00351562 -0.00568421 -0.00314136 -6.83891e-05 0.00028103 0.00198 -0.00517986 -0.00515625 0.00027439
internal_weight=4757 1789 2968 995 649 447 284 190 1973 426 249 138 223 163
internal_count=4757 1789 2968 995 649 447 284 190 1973 426 249 138 223 163
is_linear=0
shrinkage=0.03


Tree=222
num_leaves=15
num_cat=0
split_feature=2 0 4 3 0 0 4 2 8 13 3 3 0 0
split_gain=152.207 24.7604 20.082 9.85482 4.59844 3.27266 2.44911 1.37116 1.33725 1.29474 1.28518 1.05604 1.01255 1.57644
threshold=8.9219580093469428 13.460526854913079 3.8231768612230002 6.9546387510691341 15.164628528825114 12.426160418593428 3.4419873751583672 8.0507033306288509 33.050000000000004 2.7160992424839203 3.5552460102593426 5.4499504944419961 9.6199800863660414 10.998024839614294
decision_type=2 2 2 2 2 2 2 2 10 10 2 2 2 2
left_child=1 2 3 5 6 -1 8 -5 -3 -6 -7 -11 -4 -14
right_child=-2 4 12 7 9 10 -8 -9 -10 11 -12 -13 13 -15
leaf_value=0 -4.004572513568001e-19 0 -2.4237953623854389e-11 9.3959820725559589e-18 1.305778435155253e-12 0 1.4202596105551285e-16 -9.969678030308376e-17 0 3.2156889386498975e-13 0 -3.6738983952687742e-10 9.1465679488381019e-10 -8.1652749790674167e-15
leaf_weight=1342 2496 209 24 23 30 190 46 57 41 66 51 30 29 68
leaf_count=1342 2496 209 24 23 30 190 46 57 41 66 51 30 29 68
internal_value=-0.00513502 -0.0108745 -0.0124202 -0.0132782 -0.00432624 -0.0137973 -0.00636364 -0.00296296 -0.00752988 0.000472441 -0.0104752 -0.00123711 -0.000614754 0.000765306
internal_weight=4702 2206 1784 1663 422 1583 296 80 250 126 241 96 121 97
internal_count=4702 2206 1784 1663 422 1583 296 80 250 126 241 96 121 97
is_linear=0
shrinkage=0.03


Tree=223
num_leaves=15
num_cat=0
split_feature=1 3 1 3 4 3 8 10 3 8 3 1 1 1
split_gain=106.563 63.3689 12.5329 17.0854 6.74474 3.64479 3.7799 2.06643 1.68566 2.11321 1.55489 1.55132 1.51843 1.71133
threshold=11.216165577814058 6.0276757474030243 12.265237366968448 0.80471895621705036 3.8231768612230002 9.1219731729390219 30.950000000000003 -0.5 6.7059446245066345 15.550000000000002 8.3635166492114195 9.9361838527604309 11.309814393395532 11.746011324393114
decision_type=2 2 2 2 2 2 10 2 2 10 2 2 2 2
left_child=1 4 3 -2 11 6 8 -7 9 -3 -10 -1 -5 -14
right_child=2 5 -4 12 -6 7 -8 -9 10 -11 -12 -13 13 -15
leaf_value=0 0 1.0259187557370329e-14 -4.9201168123248888e-19 1.0365515045358163e-12 6.7810074130563952e-16 3.6116441296946704e-09 -1.1509640042316522e-16 -7.6215462988970575e-12 9.1141026103792801e-18 0 -2.064451865861029e-10 0 -1.7318694007732377e-14 0
leaf_weight=938 274 28 2066 44 22 47 169 110 135 24 52 459 211 243
leaf_count=938 274 28 2066 44 22 47 169 110 135 24 52 459 211 243
internal_value=-0.0050508 -0.0103829 -0.00132089 -0.00457956 -0.0137641 -0.00188163 -0.00337408 0.00199367 -0.0009375 -0.00566038 0.000398936 -0.0140236 -0.00126253 -0.00178022
internal_weight=4822 1984 2838 772 1419 565 408 157 239 52 187 1397 498 454
internal_count=4822 1984 2838 772 1419 565 408 157 239 52 187 1397 498 454
is_linear=0
shrinkage=0.03


Tree=224
num_leaves=15
num_cat=0
split_feature=3 0 0 3 3 3 8 8 0 9 7 7 0 13
split_gain=124.752 50.84 7.84594 2.62328 2.5521 1.82336 2.56283 2.66031 1.82294 1.82286 1.67847 1.88326 1.40175 1.44266
threshold=5.4499504944419961 12.733168034440927 15.07751808884124 6.1333974548191348 2.2242581879713579 6.4437336423653724 29.950000000000003 9.7350000000000012 11.416747579248195 -0.26302871059038929 6.0100000000000007 5.3100000000000014 8.8399286283267084 3.1559183084539515
decision_type=2 2 2 2 2 2 10 10 2 2 2 2 2 8
left_child=1 12 4 8 -3 6 7 -5 -2 -4 11 -6 -1 -14
right_child=3 2 9 5 10 -7 -8 -9 -10 -11 -12 -13 13 -15
leaf_value=0 0 0 1.7933868964420397e-11 2.0761143594785108e-09 7.9259760767038151e-15 0 3.4528920126949567e-18 0 0 -6.1113943225100255e-14 8.8963706968790506e-16 0 0 0
leaf_weight=453 49 470 68 21 21 2334 32 39 99 114 21 77 541 457
leaf_count=453 49 470 68 21 21 2334 32 39 99 114 21 77 541 457
internal_value=-0.00465916 -0.00986505 -0.00363342 -0.000163107 -0.00531356 7.41656e-05 0.00419355 0.000491803 -0.00402685 0.00180328 -0.001375 -0.0030303 -0.0131715 -0.0124925
internal_weight=4796 2222 771 2574 589 2426 92 60 148 182 119 98 1451 998
internal_count=4796 2222 771 2574 589 2426 92 60 148 182 119 98 1451 998
is_linear=0
shrinkage=0.03


Tree=225
num_leaves=15
num_cat=0
split_feature=2 0 3 2 3 0 0 12 3 4 4 3 4 8
split_gain=143.076 16.8297 14.3541 11.985 7.19509 7.16885 3.8193 2.54253 4.17399 2.22422 2.19141 1.6484 1.88449 1.74759
threshold=7.7013132390829151 12.998440161943781 5.7861299215076665 8.9219580093469428 6.0276757474030243 13.411954742152767 15.262868444004704 1.5000000000000002 0.80471895621705036 0.80471895621705036 3.0080785798491774 7.6320368002292289 7.1298894922181644 31.450000000000003
decision_type=2 2 2 2 2 2 2 10 2 2 2 2 2 10
left_child=1 2 10 4 5 7 9 -2 -9 -3 -1 13 -13 -6
right_child=3 6 -4 -5 11 -7 -8 8 -10 -11 -12 12 -14 -15
leaf_value=0 0 0 0 7.5076967796800538e-19 0 0 1.4265832707189305e-13 0 3.445292363383672e-20 0 0 -8.3287447222387922e-12 5.1196710851732384e-08 3.3493052523141078e-18
leaf_weight=1231 153 243 78 2559 145 88 62 24 21 37 24 79 21 35
leaf_count=1231 153 243 78 2559 145 88 62 24 21 37 24 79 21 35
internal_value=-0.00466153 -0.0117333 -0.0132571 -0.000868522 -0.00481481 -0.00815331 -0.00577259 -0.0113065 -0.0048913 -0.00725979 -0.0140326 -0.0013879 -0.00445545 0.000331492
internal_weight=4800 1675 1333 3125 566 286 342 198 45 280 1255 280 100 180
internal_count=4800 1675 1333 3125 566 286 342 198 45 280 1255 280 100 180
is_linear=0
shrinkage=0.03


Tree=226
num_leaves=15
num_cat=0
split_feature=2 1 3 2 3 1 8 4 8 8 9 3 1 8
split_gain=139.996 34.3579 14.0666 11.9273 13.9355 8.92418 4.13316 3.56324 2.53097 2.44816 2.29149 1.89239 2.62405 1.29894
threshold=7.7013132390829151 12.338728964246885 5.9814070371901584 8.9219580093469428 6.1333974548191348 11.309814393395532 32.95000000000001 3.2287771385162909 21.450000000000003 30.950000000000003 0.25881904510252091 0.80471895621705036 12.200419114747076 18.250000000000004
decision_type=2 2 2 2 2 2 10 2 10 10 2 2 2 10
left_child=1 2 7 4 5 -2 -6 -1 -3 10 -4 12 -7 -14
right_child=3 8 9 -5 6 11 -8 -9 -10 -11 -12 -13 13 -15
leaf_value=0 0 1.3851300191805383e-17 -4.1587621560525883e-15 -4.1096662415513622e-19 0 0 3.3524128551255335e-18 -1.3805883446268329e-17 -2.0975230441713932e-15 3.4528920126949567e-18 1.0263471185597208e-14 2.8178153793085688e-16 2.0805533240262853e-16 -2.2332880035616486e-15
leaf_weight=1357 181 136 35 2533 218 31 46 20 66 27 22 49 29 23
leaf_count=1357 181 136 35 2533 218 31 46 20 66 27 22 49 29 23
internal_value=-0.00472245 -0.0117458 -0.0133482 -0.00096432 -0.00485294 -0.0091242 0.000226415 -0.0140747 -0.000147783 -0.00141176 -0.00491379 -0.00315789 -0.00589286 -0.00169811
internal_weight=4773 1663 1461 3110 577 313 264 1377 202 84 57 132 83 52
internal_count=4773 1663 1461 3110 577 313 264 1377 202 84 57 132 83 52
is_linear=0
shrinkage=0.03


Tree=227
num_leaves=15
num_cat=0
split_feature=2 1 3 2 3 1 8 8 1 0 8 3 2 0
split_gain=136.774 30.2387 28.0722 9.77606 14.2376 8.4939 3.78385 2.40111 2.29215 2.09778 1.92824 1.79609 1.64722 1.61551
threshold=7.7013132390829151 12.290305773177012 5.7861299215076665 8.9219580093469428 6.1333974548191348 11.309814393395532 31.950000000000003 18.850000000000005 13.025457556577793 14.830472977182849 24.650000000000002 4.1149555194928924 8.6131387235752594 10.998024839614294
decision_type=2 2 2 2 2 2 10 10 2 2 10 2 2 2
left_child=1 2 9 4 5 -2 12 -3 -7 11 -4 -1 -6 -14
right_child=3 7 10 -5 6 8 -8 -9 -10 -11 -12 -13 13 -15
leaf_value=0 0 3.6706483698009479e-18 0 -3.9863762543048214e-19 6.146785772381429e-18 0 3.2518404694717676e-18 -2.0562800150981236e-15 2.9273649363499798e-13 0 3.3493052523141078e-18 0 2.4977006035822769e-13 -1.8628689950153018e-11
leaf_weight=1272 177 130 45 2524 134 79 54 86 44 25 49 80 20 63
leaf_count=1272 177 130 45 2524 134 79 54 86 44 25 49 80 20 63
internal_value=-0.00458499 -0.0114544 -0.0129925 -0.000838178 -0.00437937 -0.00887043 0.000606618 -0.000967742 -0.00278226 -0.0140747 0.00284211 -0.014235 -0.00116972 -0.00446429
internal_weight=4782 1687 1471 3095 571 300 271 216 123 1377 94 1352 217 83
internal_count=4782 1687 1471 3095 571 300 271 216 123 1377 94 1352 217 83
is_linear=0
shrinkage=0.03


Tree=228
num_leaves=15
num_cat=0
split_feature=2 1 3 2 3 1 8 3 8 0 10 7 1 8
split_gain=138.955 31.5532 23.6327 10.3087 15.1521 4.84512 3.48933 2.66844 2.46106 2.234 1.66863 1.56841 1.53069 1.51948
threshold=7.7013132390829151 12.265237366968448 5.7861299215076665 8.6966738175875893 6.0276757474030243 11.309814393395532 32.95000000000001 4.1149555194928924 19.950000000000003 14.79845689421173 -0.50188698852276337 4.9500000000000011 10.954015709785038 30.950000000000003
decision_type=2 2 2 2 2 2 10 2 10 2 2 2 2 10
left_child=1 2 7 4 5 -2 -6 9 11 -1 -7 -3 -9 -4
right_child=3 8 13 -5 6 10 -8 12 -10 -11 -12 -13 -14 -15
leaf_value=0 0 -1.0029097876437041e-18 0 0 -1.8440357317144286e-19 3.8048201098632633e-18 3.1542852553876146e-18 0 -2.0280165106253269e-15 0 -2.3684138076971343e-18 1.4112673623346048e-16 0 3.1452393343638356e-18
leaf_weight=1257 143 43 59 2683 165 38 40 63 76 20 61 94 20 37
leaf_count=1257 143 43 59 2683 165 38 40 63 76 20 61 94 20 37
internal_value=-0.00457188 -0.0115599 -0.0131366 -0.000843181 -0.0050558 -0.0101235 0.000946602 -0.0141514 -0.000771028 -0.0144953 -0.00495 0.00163043 -0.00875 0.00123711
internal_weight=4799 1669 1456 3130 447 242 205 1360 213 1277 99 137 83 96
internal_count=4799 1669 1456 3130 447 242 205 1360 213 1277 99 137 83 96
is_linear=0
shrinkage=0.03


Tree=229
num_leaves=15
num_cat=0
split_feature=3 1 1 3 3 1 1 3 4 7 9 8 3 1
split_gain=120.685 71.4905 10.0364 7.18852 3.8878 6.39523 2.88131 2.49237 2.04305 1.86964 1.77229 1.57989 2.71856 1.76735
threshold=4.9126481274723863 11.257219979446086 12.317494376681179 0.80471895621705036 6.0276757474030243 10.781768522315113 9.9066948624187461 8.182209726153383 3.2287771385162909 4.9500000000000011 -0.86711210913679049 20.950000000000003 13.228105337878391 15.01171096262234
decision_type=2 2 2 2 2 2 2 2 2 2 2 8 2 2
left_child=1 -1 3 9 5 8 7 -6 -2 -3 -4 12 13 -8
right_child=4 2 10 -5 6 -7 11 -9 -10 -11 -12 -13 -14 -15
leaf_value=0 0 0 6.8543846308360298e-17 5.1102664882667457e-16 3.1544689147137694e-18 4.1417650338804987e-19 -1.7845294436297153e-11 -4.45098445717848e-16 -2.7405243507535769e-17 0 -2.7935720469625026e-18 1.2450950552892391e-16 0.068361312372349922 -0.0011562417660953568
leaf_weight=1339 72 118 77 41 121 127 801 79 20 152 425 1245 22 161
leaf_count=1339 72 118 77 41 121 127 801 79 20 152 425 1245 22 161
internal_value=-0.00449281 -0.00976777 -0.0027457 -0.00697115 -0.000203851 -0.00402273 0.000141975 0.00358209 -0.01 -0.00874539 -0.000119284 -0.000168161 -0.00106599 -0.00130841
internal_weight=4800 2152 813 311 2648 219 2429 200 92 270 502 2229 984 962
internal_count=4800 2152 813 311 2648 219 2429 200 92 270 502 2229 984 962
is_linear=0
shrinkage=0.03


Tree=230
num_leaves=15
num_cat=0
split_feature=2 1 3 2 3 1 1 0 3 0 1 10 8 3
split_gain=148.74 30.6526 20.2562 5.40303 13.8439 16.1136 2.61904 2.37648 2.30617 2.47157 1.8643 2.95346 1.59766 2.06823
threshold=7.6609386660575787 12.265237366968448 5.7861299215076665 8.9219580093469428 6.0276757474030243 11.309814393395532 9.8676141277904907 14.830472977182849 4.1149555194928924 12.733168034440927 12.092524536126961 -0.5 8.5050000000000008 6.984020963707942
decision_type=2 2 2 2 2 2 2 2 2 2 2 2 10 2
left_child=1 2 7 4 5 -2 -6 8 -1 -10 11 -7 -8 -14
right_child=3 -3 -4 -5 6 10 12 -9 9 -11 -12 -13 13 -15
leaf_value=0 0 -8.9383164114087314e-19 2.9562480868915074e-18 -3.8667849666756768e-19 2.4228156190444975e-13 -1.1414460329589789e-19 -6.1747335222835167e-11 -1.2425295101641496e-20 0 1.722646181691836e-20 -9.5445531511248607e-18 7.1052414230914028e-20 5.3535865421744869e-13 -4.1437805875808006e-13
leaf_weight=1255 168 210 88 2605 66 20 29 23 58 20 92 21 83 105
leaf_count=1255 168 210 88 2605 66 20 29 23 58 20 92 21 83 105
internal_value=-0.00441268 -0.01171 -0.0132664 -0.000625392 -0.00323077 -0.00769868 0.00153169 -0.014171 -0.0143366 -0.00911392 0.00011194 0.00535714 -6.88073e-05 0.000952381
internal_weight=4843 1654 1444 3189 584 301 283 1356 1333 78 133 41 217 188
internal_count=4843 1654 1444 3189 584 301 283 1356 1333 78 133 41 217 188
is_linear=0
shrinkage=0.03


Tree=231
num_leaves=15
num_cat=0
split_feature=2 3 0 2 3 0 0 4 13 3 13 7 0 13
split_gain=146.132 22.5657 21.2252 10.0574 7.26191 7.84674 3.81921 2.66667 2.07411 1.97798 1.78027 1.46096 1.37216 1.23896
threshold=7.7013132390829151 5.9814070371901584 13.347242173473058 8.9219580093469428 6.4437336423653724 11.621407602475264 15.07751808884124 3.2287771385162909 3.4099789691362763 7.0555257095416755 3.0067249469887822 5.3100000000000014 12.694996915516223 4.0694279404923597
decision_type=2 2 2 2 2 2 2 2 8 2 10 2 2 10
left_child=1 2 7 4 5 -2 -4 12 11 -3 -8 -7 -1 -10
right_child=3 9 6 -5 -6 8 10 -9 13 -11 -12 -13 -14 -15
leaf_value=0 0 2.971147404665611e-18 0 6.7288715553408325e-18 -7.2530949490215588e-15 6.8920841803986611e-20 1.1056082933684587e-12 -2.6787076603228712e-17 1.7219199123784791e-19 -9.5366558034665978e-15 -1.4751274878856715e-13 0 0 -2.5275329311317648e-17
leaf_weight=1206 121 54 203 2577 219 22 23 20 47 38 44 111 113 24
leaf_count=1206 121 54 203 2577 219 22 23 20 47 38 44 111 113 24
internal_value=-0.00444744 -0.0115188 -0.0123447 -0.000590967 -0.00429358 -0.0071319 -0.00464945 -0.0138918 -0.0035122 0.00290323 0.00154412 -0.00570896 -0.0140568 0.000625
internal_weight=4822 1701 1609 3121 544 325 270 1339 204 92 67 133 1319 71
internal_count=4822 1701 1609 3121 544 325 270 1339 204 92 67 133 1319 71
is_linear=0
shrinkage=0.03


Tree=232
num_leaves=15
num_cat=0
split_feature=2 1 3 1 3 2 4 0 13 10 13 7 13 4
split_gain=142.797 29.9351 23.5992 7.43326 12.4614 8.05741 7.16813 3.07266 2.04789 1.72608 1.45327 1.44963 1.42069 1.36321
threshold=7.7013132390829151 12.265237366968448 5.9814070371901584 11.194831368008368 6.0276757474030243 8.9219580093469428 3.2287771385162909 14.851504897219455 3.577943330978131 0.96535657505894068 3.0189704762821385 7.5500000000000007 2.9973737401106511 8.8504810952683606
decision_type=2 2 2 2 2 2 2 2 8 2 10 2 8 2
left_child=1 2 6 4 5 8 7 -1 -2 12 -4 13 -6 -5
right_child=3 -3 10 11 9 -7 -8 -9 -10 -11 -12 -13 -14 -15
leaf_value=0 0 -8.6220038337129181e-19 -1.3247582599468017e-17 3.1669704191206736e-19 -7.048410033865482e-15 -5.7694428842776563e-19 1.2177888014849112e-18 -2.7049825710927518e-20 0 -1.9123073806443496e-13 2.8820129825256424e-18 0.018344249770147914 7.6385675703480267e-15 -0.00058612217658162151
leaf_weight=1334 126 205 39 1960 200 78 25 24 20 63 44 44 225 374
leaf_count=1334 126 205 39 1960 200 78 25 24 20 63 44 44 225 374
internal_value=-0.00462726 -0.0116896 -0.0131902 -0.000805565 -0.00349229 -0.00933333 -0.0141221 -0.014415 -0.0134694 -0.000797546 0.00232143 0 -0.000105634 -0.000102784
internal_weight=4761 1671 1466 3090 712 224 1383 1358 146 488 83 2378 425 2334
internal_count=4761 1671 1466 3090 712 224 1383 1358 146 488 83 2378 425 2334
is_linear=0
shrinkage=0.03


Tree=233
num_leaves=15
num_cat=0
split_feature=2 1 4 1 2 0 2 4 1 9 13 2 2 8
split_gain=142.17 33.1755 13.6724 8.78227 6.5757 3.58989 3.80388 2.84376 2.17858 1.9741 1.74971 1.74479 1.7249 1.5323
threshold=7.7013132390829151 12.363817557263642 3.2287771385162909 10.760394418379887 9.3657826505061994 14.830472977182849 6.2948045339403462 2.7567143730824912 7.7593949906636341 -1.0000000180025095e-35 3.9013430581749602 8.8881702970431409 6.9414315424106467 21.850000000000005
decision_type=2 2 2 2 2 2 2 2 2 2 10 2 2 10
left_child=1 2 5 4 7 6 -1 10 -8 -9 11 -2 -4 -3
right_child=3 13 12 -5 -6 -7 8 9 -10 -11 -12 -13 -14 -15
leaf_value=0 0 1.2422155875400901e-17 -8.2315364168478001e-12 5.941993054662459e-20 2.1797930642464507e-16 -2.623833093959969e-20 0 3.5067229114199775e-10 0 -1.7921906473091152e-11 3.791299396697647e-19 -2.1532560184756284e-16 5.4599666270734939e-13 -1.9029823577442786e-15
leaf_weight=1104 169 142 34 2616 171 27 26 31 248 50 22 71 26 58
leaf_count=1104 169 142 34 2616 171 27 26 31 248 50 22 71 26 58
internal_value=-0.00438178 -0.0114616 -0.0130252 -0.000613223 -0.00419417 -0.0136238 -0.0138361 -0.0065843 -0.0105818 -0.00164634 -0.00809886 -0.00883817 0.000983607 0
internal_weight=4795 1665 1465 3130 514 1405 1378 343 274 81 262 240 60 200
internal_count=4795 1665 1465 3130 514 1405 1378 343 274 81 262 240 60 200
is_linear=0
shrinkage=0.03


Tree=234
num_leaves=15
num_cat=0
split_feature=2 1 3 2 3 1 0 3 8 3 1 3 10 8
split_gain=139.886 30.3984 25.9919 6.93153 8.24429 12.8551 3.30953 3.01402 2.65843 3.24473 2.10231 1.91348 1.68864 2.94523
threshold=7.7013132390829151 12.265237366968448 5.9814070371901584 8.9219580093469428 6.0276757474030243 11.309814393395532 14.830472977182849 4.0163424379838117 39.050000000000004 8.3635166492114195 10.805187164173372 7.9866749198576903 0.55734973322237336 19.950000000000003
decision_type=2 2 2 2 2 2 2 2 10 2 2 2 2 10
left_child=1 2 6 4 5 -2 7 -1 9 11 -9 -6 13 -3
right_child=3 12 -4 -5 8 -7 -8 10 -10 -11 -12 -13 -14 -15
leaf_value=0 0 6.7663886321961077e-17 2.7955525930498732e-18 -4.028421523794995e-18 2.4290927266944595e-13 -1.3024930812019259e-20 -1.0453891549076436e-20 0 -7.2770460131430018e-15 -3.3600001860818343e-10 0 2.4303839234678636e-13 -2.4169631386500052e-16 -1.8548594569588312e-15
leaf_weight=1260 165 96 81 2575 182 129 21 78 29 43 24 29 63 53
leaf_count=1260 165 96 81 2575 182 129 21 78 29 43 24 29 63 53
internal_value=-0.00446676 -0.0114669 -0.0130034 -0.00074215 -0.00371107 -0.00722034 -0.0139704 -0.0141526 -5.28169e-05 0.000941176 -0.00902913 0.00247642 -0.00084507 0.0009
internal_weight=4828 1676 1464 3152 577 294 1383 1362 283 254 102 211 212 149
internal_count=4828 1676 1464 3152 577 294 1383 1362 283 254 102 211 212 149
is_linear=0
shrinkage=0.03


Tree=235
num_leaves=15
num_cat=0
split_feature=2 1 4 1 2 4 2 13 8 5 1 1 1 7
split_gain=135.914 30.406 15.0372 7.35809 7.94327 5.14147 3.08114 2.81566 1.95259 1.44601 1.44046 1.79337 1.36164 1.30747
threshold=7.7013132390829151 12.265237366968448 3.2864907994982535 11.020717038724706 8.8881702970431409 0.80471895621705036 5.8230360480417671 3.9013430581749602 16.350000000000005 11.267245234223749 13.276945234336237 13.63978628376047 7.1314981509675262 6.3500000000000005
decision_type=2 2 2 2 2 2 2 10 10 2 2 2 2 2
left_child=1 2 6 4 5 7 -1 -2 -7 -5 -3 -12 -8 -6
right_child=3 10 -4 9 13 8 12 -9 -10 -11 11 -13 -14 -15
leaf_value=0 0 -4.2802317459842397e-18 2.469204830532243e-13 -1.2161302644642114e-19 2.5539817752621381e-18 1.1588823684536152e-12 0 3.6996881174795109e-19 -1.4770419364107671e-11 0.065875525405625732 8.8167585389366845e-13 -2.9668121802123729e-11 0 -2.022838004342915e-10
leaf_weight=1083 177 164 59 2459 263 32 21 22 48 21 25 38 296 80
leaf_count=1083 177 164 59 2459 263 32 21 22 48 21 25 38 296 80
internal_value=-0.00461683 -0.0114701 -0.0130582 -0.000889462 -0.00380417 -0.00755357 -0.0136831 -0.010125 -0.00111111 -0.000157195 -0.00125 0.00257812 -0.0109906 -0.000741279
internal_weight=4788 1686 1459 3102 622 279 1400 199 80 2480 227 63 317 343
internal_count=4788 1686 1459 3102 622 279 1400 199 80 2480 227 63 317 343
is_linear=0
shrinkage=0.03


Tree=236
num_leaves=15
num_cat=0
split_feature=3 1 1 3 3 1 4 7 7 0 0 1 7 7
split_gain=123.2 63.1513 11.8257 9.04119 2.98524 5.70052 4.4815 2.04005 2.27076 1.79062 1.75442 1.6912 1.3747 2.14405
threshold=4.9126481274723863 11.002012333547096 12.265237366968448 0.80471895621705036 6.0276757474030243 11.37956819712479 3.4419873751583672 4.9500000000000011 5.5500000000000007 14.79845689421173 14.398708089663387 13.149464424536584 5.6500000000000012 6.7500000000000009
decision_type=2 2 2 2 2 2 2 2 2 2 2 2 2 2
left_child=1 -1 3 7 5 6 -2 -3 -9 10 -6 -4 -13 -14
right_child=4 2 11 -5 9 -7 -8 8 -10 -11 -12 12 13 -15
leaf_value=0 0 0 -5.4450202636362685e-18 6.8665970228276956e-18 5.1455784248096964e-16 6.5736003354548829e-16 7.0330505318092308e-13 0 0 -5.9797758073370099e-08 1.6339309383379438e-08 -7.3235935537210364e-13 3.4198245411060552e-12 -2.2001063062243031e-08
leaf_weight=1255 98 127 257 56 1478 96 21 63 138 812 170 111 121 22
leaf_count=1255 98 127 257 56 1478 96 21 63 138 812 170 111 121 22
internal_value=-0.00418048 -0.0095258 -0.00343192 -0.0074026 0.000117713 -0.00326389 -0.007625 -0.00930091 -0.00735149 0.000414466 0.000982414 -0.000439453 0.00129412 0.00322917
internal_weight=4825 2150 895 384 2675 215 119 328 201 2460 1648 511 254 143
internal_count=4825 2150 895 384 2675 215 119 328 201 2460 1648 511 254 143
is_linear=0
shrinkage=0.03


Tree=237
num_leaves=15
num_cat=0
split_feature=3 0 0 3 0 0 3 4 13 7 3 0 13 0
split_gain=110.711 40.7363 6.73546 4.54321 3.96242 3.52047 2.24489 2.21558 1.78763 1.52617 1.43053 1.38239 1.47569 1.363
threshold=4.4218436198267055 12.998440161943781 15.262868444004704 6.0276757474030243 9.6199800863660414 12.287850229850141 4.7643061341909858 3.4419873751583672 4.1058778300661265 5.1500000000000012 5.3671428766949623 13.896443937572831 3.0264071976186258 11.853686642338367
decision_type=2 2 2 2 2 2 2 2 10 2 2 2 8 2
left_child=1 4 9 5 -1 7 -7 10 -4 -3 -2 -11 -13 -6
right_child=3 2 8 -5 13 6 -8 -9 -10 11 -12 12 -14 -15
leaf_value=0 0 0 4.0543397761729616e-12 -4.3756903482657855e-18 0 6.8338733924712276e-15 -6.1993474461505385e-21 2.1863833112754656e-13 -1.321207782020199e-12 0 0 0 0 0
leaf_weight=566 67 115 122 2478 559 20 125 29 37 160 62 64 134 349
leaf_count=566 67 115 122 2478 559 20 125 29 37 160 62 64 134 349
internal_value=-0.00436682 -0.00955387 -0.00317536 -0.000436736 -0.0122847 -0.00389803 -0.000513699 -0.00698113 0.00215625 -0.00496835 -0.00865385 -0.00593315 -0.00422111 -0.0110231
internal_weight=4887 2106 632 2781 1474 303 145 158 159 473 129 358 198 908
internal_count=4887 2106 632 2781 1474 303 145 158 159 473 129 358 198 908
is_linear=0
shrinkage=0.03


Tree=238
num_leaves=15
num_cat=0
split_feature=2 1 4 1 2 4 2 1 1 8 2 2 1 1
split_gain=152.302 34.37 16.395 5.43069 5.16895 3.32536 1.51568 1.30447 1.7055 1.16311 2.23565 3.92867 2.01851 1.59366
threshold=7.7013132390829151 12.265237366968448 3.2287771385162909 10.181488349836089 8.82633082206039 1.3195286648076296 5.8230360480417671 11.287767319888422 11.719272736894988 38.050000000000004 9.9961908496412786 10.452477270515665 15.740864622504043 11.048534044406049
decision_type=2 2 2 2 2 2 2 2 2 10 2 2 2 2
left_child=1 2 6 4 5 -2 -1 -8 -9 -5 13 -12 -13 -11
right_child=3 -3 -4 9 -6 -7 7 8 -10 10 11 12 -14 -15
leaf_value=0 0 -2.1128844348144466e-18 2.3952585338552844e-13 3.4756175844008453e-19 5.9017727252852392e-18 -4.7132644971732224e-12 0 0 0 -1.4207893018040231e-20 6.3231567492947428e-10 -6.4368549636532945e-11 4.5268562603007727e-05 -2.7208262202650263e-17
leaf_weight=1094 123 230 56 2388 128 44 278 21 31 47 34 258 21 87
leaf_count=1094 123 230 56 2388 128 44 278 21 31 47 34 258 21 87
internal_value=-0.00437513 -0.0115722 -0.0132478 -0.000440754 -0.00430743 -0.00776786 -0.0138737 -0.0119637 -0.00735849 -3.7024e-05 -0.00143973 -4.77707e-05 -0.00123214 -0.00466667
internal_weight=4840 1710 1480 3130 295 167 1424 330 52 2835 447 313 279 134
internal_count=4840 1710 1480 3130 295 167 1424 330 52 2835 447 313 279 134
is_linear=0
shrinkage=0.03


Tree=239
num_leaves=15
num_cat=0
split_feature=2 0 3 0 0 2 3 3 8 7 3 8 7 13
split_gain=156.965 20.0725 10.6671 3.45592 2.98717 6.52918 9.74202 2.3749 2.36367 2.1526 1.68959 1.63765 1.47376 1.55163
threshold=7.7013132390829151 12.998440161943781 5.6356816640660012 15.752035311914938 11.569629355055227 8.8643933289707011 7.6089946217523421 5.9512931707667134 26.750000000000004 5.7500000000000009 7.2635047795035019 28.950000000000003 6.4500000000000011 4.3295383728638077
decision_type=2 2 2 2 2 2 2 2 10 2 2 10 2 8
left_child=1 2 -1 7 5 6 -2 -3 -7 -8 -10 -4 13 -6
right_child=4 3 11 -5 12 8 9 -9 10 -11 -12 -13 -14 -15
leaf_value=0 -1.0335877090151015e-21 0 1.0527348696214541e-16 1.7237533903654754e-12 -2.3769748675733432e-18 1.448179628178707e-12 2.3573225506582748e-13 3.1249429912835532e-13 5.7673121063493805e-18 -9.6944005523088452e-12 -1.885038373950277e-13 -1.2593778548722739e-17 2.9505542394605395e-09 3.2190409698121378e-12
leaf_weight=1251 169 283 49 45 1807 153 28 24 64 23 190 39 503 223
leaf_count=1251 169 283 49 45 1807 153 28 24 64 23 190 39 503 223
internal_value=-0.00446105 -0.0118351 -0.0135112 -0.00543909 -0.000512496 -0.00236465 -0.00651584 -0.00657468 -0.000110294 0.00490385 -0.00188235 -0.00337079 -5.32755e-05 -0.000413589
internal_weight=4851 1691 1339 352 3160 627 220 307 407 51 254 88 2533 2030
internal_count=4851 1691 1339 352 3160 627 220 307 407 51 254 88 2533 2030
is_linear=0
shrinkage=0.03


Tree=240
num_leaves=15
num_cat=0
split_feature=2 1 3 4 2 1 7 4 7 1 12 1 9 3
split_gain=168.512 35.8913 20.0032 4.49254 2.12105 2.13407 2.58221 2.11299 2.04126 1.8828 1.50855 1.85034 1.49571 1.77241
threshold=7.7013132390829151 12.265237366968448 5.6356816640660012 3.1462473185396318 8.6131387235752594 12.239981190170202 6.5500000000000007 5.1313758208717895 6.4500000000000011 13.092214898089891 1.0000000180025095e-35 11.194831368008368 -0.2440329481903071 8.072544028010963
decision_type=2 2 2 2 2 2 2 2 2 2 10 2 2 2
left_child=1 2 3 -1 5 6 7 10 -3 -7 -2 -12 -6 -14
right_child=4 8 -4 -5 12 9 -8 -9 -10 -11 11 -13 13 -15
leaf_value=0 2.4412602654105653e-22 -2.5111068681959364e-18 -1.629565683074682e-18 1.057704705852786e-13 -2.9650434383430629e-14 -9.9521300330247351e-15 -1.2836048077496059e-19 -2.726340949117827e-09 2.4654877820691733e-13 2.6240010315896778e-10 3.1007631270453044e-23 4.9630517369144577e-16 -2.2915555542551894e-16 4.0383117560848549e-10
leaf_weight=1351 68 165 110 20 1253 51 34 34 39 30 135 43 567 919
leaf_count=1351 68 165 110 20 1253 51 34 34 39 30 135 43 567 919
internal_value=-0.00385581 -0.0115036 -0.0131275 -0.0141144 0.000258373 0.00231061 0.00342857 0.00437722 0.000292683 -0.0020122 0.00534413 0.00385475 -3.83212e-05 0.000605245
internal_weight=4819 1685 1481 1371 3134 395 314 280 204 81 246 178 2739 1486
internal_count=4819 1685 1481 1371 3134 395 314 280 204 81 246 178 2739 1486
is_linear=0
shrinkage=0.03


Tree=241
num_leaves=15
num_cat=0
split_feature=2 1 3 4 0 1 3 13 13 1 7 2 13 8
split_gain=166.121 26.8288 19.1336 5.64406 3.71533 1.93779 6.09345 3.63069 1.91191 1.81392 1.41976 1.32408 1.18084 1.12724
threshold=7.6609386660575787 12.265237366968448 5.6356816640660012 3.0080785798491774 14.851504897219455 10.078459247993102 6.1333974548191348 3.2651247527426501 2.8524258917079828 9.6155385771932025 5.6500000000000012 6.7664776604021464 2.4410353796716282 38.050000000000004
decision_type=2 2 2 2 2 2 2 10 10 2 2 2 10 10
left_child=1 2 3 4 -1 6 7 -2 12 10 -8 -4 -3 -7
right_child=5 8 11 -5 -6 13 9 -9 -10 -11 -12 -13 -14 -15
leaf_value=0 3.0077402332339453e-23 -2.1405324061271801e-15 -1.2270664982149665e-17 2.7235264512149153e-16 -2.5044574053247144e-20 4.6763363462782613e-20 2.2151263901323695e-13 -1.2239991577948497e-20 -7.2830724672965537e-18 -2.3262223652768664e-14 -3.8706958186503445e-15 4.2670032695392267e-19 2.187922996828227e-14 -1.5862103052453234e-14
leaf_weight=1314 77 21 33 23 20 2404 37 20 153 54 80 73 31 456
leaf_count=1314 77 21 33 23 20 2404 37 20 153 54 80 73 31 456
internal_value=-0.00405879 -0.0117016 -0.013125 -0.0140832 -0.0143371 1.91755e-05 0.00245353 0.00841837 -0.00152913 -0.000959302 0.00114407 -0.000841121 0.00339623 -0.000209717
internal_weight=4796 1668 1463 1357 1334 3128 268 97 205 171 117 106 52 2860
internal_count=4796 1668 1463 1357 1334 3128 268 97 205 171 117 106 52 2860
is_linear=0
shrinkage=0.03


Tree=242
num_leaves=15
num_cat=0
split_feature=3 1 1 8 7 0 0 0 1 13 13 7 9 1
split_gain=104.577 52.7705 7.77545 5.88941 1.79617 1.66133 1.77721 1.38687 1.34896 2.66975 2.20809 1.94039 1.77484 1.39808
threshold=2.8477071124928428 12.265237366968448 8.9441914286620747 23.050000000000004 5.8500000000000005 9.0778080360824003 14.426055376461802 13.070310700308005 13.166750854367367 3.0049092726377435 3.2382469280042359 5.5500000000000007 0.49621178005173361 14.926036693408292
decision_type=2 2 2 10 2 2 2 2 2 10 8 2 2 2
left_child=1 2 -1 5 -5 -4 -7 -6 10 12 11 -3 -10 -11
right_child=-2 8 3 4 7 6 -8 -9 9 13 -12 -13 -14 -15
leaf_value=0 0 -2.7059444178800029e-16 0 0 0 0 0 0 1.9532157862775545e-09 8.2345332245281604e-13 3.5568085357720455e-18 -2.3869302025568314e-15 -7.0926032390972968e-12 -1.9216443372182854e-07
leaf_weight=656 2880 39 25 145 80 511 21 25 43 107 150 53 26 32
leaf_count=656 2880 39 25 145 80 511 21 25 43 107 150 53 26 32
internal_value=-0.00388298 -0.00931818 -0.0120799 -0.0100804 -0.00621514 -0.0118011 -0.0121576 -0.00919811 -0.000332594 0.00143541 -0.00185185 -0.00548387 0.00621429 -0.000964286
internal_weight=4793 1913 1463 807 250 557 532 105 450 208 242 92 69 139
internal_count=4793 1913 1463 807 250 557 532 105 450 208 242 92 69 139
is_linear=0
shrinkage=0.03


Tree=243
num_leaves=15
num_cat=0
split_feature=2 1 3 3 0 1 3 13 8 3 8 1 1 0
split_gain=168.039 26.6902 24.225 4.38184 2.65949 2.38422 8.00548 2.76361 1.93944 2.44475 2.2357 3.01328 2.13702 1.68055
threshold=7.6609386660575787 12.265237366968448 5.6356816640660012 7.0869451739134943 14.830472977182849 10.049836403163598 6.1333974548191348 3.3164310127093208 18.050000000000004 6.7469993277013458 32.45000000000001 13.985513870810831 11.216165577814058 13.460526854913079
decision_type=2 2 2 2 2 2 2 10 10 2 10 2 2 2
left_child=1 2 4 5 -1 6 7 -2 9 -7 11 -10 -12 -14
right_child=3 -3 -4 -5 -6 8 -8 -9 10 -11 12 -13 13 -15
leaf_value=0 2.9175080262369265e-23 -8.0395048392762174e-18 4.1389931714530496e-19 -6.0234490200100826e-12 -2.438622704334199e-20 4.5396207785008464e-16 -6.8464608235525423e-15 -1.1951670483675653e-22 -7.1349102601100695e-15 5.3077196057659735e-09 4.7586280293683892e-16 1.9736734884417035e-08 -3.0972459175931297e-14 3.7738533167790041e-12
leaf_weight=1332 77 224 101 2070 21 365 38 20 192 53 74 29 90 113
leaf_count=1332 77 224 101 2070 21 365 38 20 192 53 74 29 90 113
internal_value=-0.00399688 -0.0116498 -0.013134 0.000120115 -0.0141913 0.00169677 0.00540441 0.00994898 0.00114504 0.00264916 -0.00012024 -0.00236486 0.00167266 7.35294e-05
internal_weight=4799 1678 1454 3121 1353 1051 135 97 916 418 498 221 277 203
internal_count=4799 1678 1454 3121 1353 1051 135 97 916 418 498 221 277 203
is_linear=0
shrinkage=0.03


Tree=244
num_leaves=15
num_cat=0
split_feature=2 1 4 1 2 4 4 2 2 9 9 1 12 13
split_gain=165.974 23.8465 18.5116 4.22362 2.83063 2.95533 2.04747 1.31889 1.21605 1.11959 1.41291 1.91389 1.77801 1.01152
threshold=7.6609386660575787 12.265237366968448 1.175687628581739 10.049836403163598 9.8385889408756064 3.5189529817235914 3.2287771385162909 7.7404468924209038 6.9414315424106467 0.8649304544944173 -0.62080429297372675 8.9441914286620747 1.0000000180025095e-35 4.1649590350129158
decision_type=2 2 2 2 2 2 2 2 2 2 2 2 10 8
left_child=1 2 8 4 5 9 -4 -5 -1 10 -2 -12 -13 -3
right_child=3 13 6 7 -6 -7 -8 -9 -10 -11 11 12 -14 -15
leaf_value=0 8.8951306073297561e-16 -1.3366535161094361e-16 0 4.61576199161317e-16 -6.4900024571224054e-12 -1.3723308906137563e-11 2.3059920649155632e-13 -1.5182399670125567e-17 0 1.244766134693864e-17 -2.7079194537946616e-17 2.1906275996380088e-23 2.8299827854498185e-23 1.1086162087877798e-16
leaf_weight=1202 43 179 37 20 42 44 60 2863 146 36 30 33 38 39
leaf_count=1202 43 179 37 20 42 44 60 2863 146 36 30 33 38 39
internal_value=-0.00406399 -0.0117278 -0.0131224 -1.42857e-05 0.00359551 0.00493333 -0.000459184 -0.000348474 -0.0140326 0.00662983 0.00537931 0.00338235 0.00604167 -0.00246575
internal_weight=4812 1663 1445 3149 266 224 97 2883 1348 180 144 101 71 218
internal_count=4812 1663 1445 3149 266 224 97 2883 1348 180 144 101 71 218
is_linear=0
shrinkage=0.03


Tree=245
num_leaves=15
num_cat=0
split_feature=2 1 2 0 0 0 1 0 10 8 1 2 2 1
split_gain=166.741 25.0827 6.9313 3.51765 3.18377 2.94047 2.35136 2.34667 1.98479 1.62565 1.36844 2.84061 2.01388 1.89183
threshold=7.6609386660575787 12.265237366968448 5.8230360480417671 14.634897327524396 10.290236862821503 12.225753932682403 8.1360059730884 13.597546954556858 -0.86926070542861777 13.050000000000002 13.925870914538871 11.353460677783552 12.239103462717749 13.742595706967148
decision_type=2 2 2 2 2 2 2 2 2 8 2 2 2 2
left_child=1 2 3 -1 8 -3 -4 -8 -2 -10 12 -12 -6 -14
right_child=4 5 6 -5 10 -7 7 -9 9 -11 11 -13 13 -15
leaf_value=0 1.9210458223257094e-13 2.3426989550564333e-18 0 0 -2.6685369915713273e-17 -1.7499674034445491e-15 0 0 -1.7410975834712937e-14 4.4773992151065233e-16 1.833045897051751e-08 -1.7875906484478852e-08 5.4040321046621434e-08 -0.00042845141529345061
leaf_weight=1092 29 29 45 21 1877 190 263 43 20 199 172 655 112 30
leaf_count=1092 29 29 45 21 1877 190 263 43 20 199 172 655 112 30
internal_value=-0.00413458 -0.011731 -0.0131468 -0.0143133 0 -0.00225 -0.00941761 -0.0103583 0.00325301 0.00225 -0.00028451 0.000742754 -0.000705446 0.00272727
internal_weight=4777 1683 1464 1113 3094 219 351 306 248 219 2846 827 2019 142
internal_count=4777 1683 1464 1113 3094 219 351 306 248 219 2846 827 2019 142
is_linear=0
shrinkage=0.03


Tree=246
num_leaves=15
num_cat=0
split_feature=2 0 4 2 0 4 13 10 13 6 8 0 9 13
split_gain=148.337 19.068 14.2214 2.61729 2.5657 2.75499 1.91254 1.87062 1.43038 1.31559 1.31963 2.33068 1.40863 1.77405
threshold=7.6609386660575787 13.070310700308005 3.2864907994982535 5.8230360480417671 14.830472977182849 0.80471895621705036 4.0324179804245857 0.25881904510252057 1.9569847259068189 8.225695476803752 6.0500000000000007 16.272254538843814 -0.71017861517036496 3.3164310127093208
decision_type=2 2 2 2 2 2 10 2 8 2 10 2 2 10
left_child=1 2 3 -1 5 -3 7 -6 -2 10 11 12 -10 -14
right_child=8 4 -4 -5 6 -7 -8 -9 9 -11 -12 -13 13 -15
leaf_value=0 -1.5377824811488257e-10 0 2.1566786104305762e-13 0 4.5068312401194686e-12 3.9943451016460129e-16 -1.106799419938673e-12 -3.3148864577739875e-15 6.0912445855630567e-16 0.042349960227588766 -4.9150932525813031e-18 5.3691001870526037e-05 -4.932849174989116e-12 -1.8776674195857304e-09
leaf_weight=1004 27 196 51 275 39 30 30 27 32 28 2906 24 70 70
leaf_count=1004 27 196 51 275 39 30 30 27 32 28 2906 24 70 70
internal_value=-0.00402599 -0.0113067 -0.0128926 -0.0135117 -0.00473684 -0.00647577 -0.000618557 0.00223881 -0.000213743 -0.000153306 -0.000212697 -0.00258883 -0.00381503 -0.00510638
internal_weight=4809 1652 1330 1279 322 226 96 66 3157 3130 3102 196 172 140
internal_count=4809 1652 1330 1279 322 226 96 66 3157 3130 3102 196 172 140
is_linear=0
shrinkage=0.03


Tree=247
num_leaves=15
num_cat=0
split_feature=1 1 8 4 4 0 0 0 0 1 13 9 4 13
split_gain=74.6726 25.3524 18.3492 20.1244 9.10413 4.18379 2.86601 2.73287 2.44603 3.54528 2.1879 1.97454 1.49267 1.79615
threshold=8.8823569973311773 12.239981190170202 21.050000000000004 0.80471895621705036 0.80471895621705036 14.766786905549113 11.642415262088177 8.8399286283267084 10.255806395596647 10.114791233291383 3.172225259607075 -0.25881904510252113 7.4509512405996086 2.828809346584777
decision_type=2 2 10 2 2 2 2 2 2 2 8 2 2 10
left_child=4 2 3 5 -1 -2 -3 -4 -9 -10 -5 -12 -11 -14
right_child=1 6 7 10 -6 -7 -8 8 9 12 11 -13 13 -15
leaf_value=0 0 7.4635915039461706e-17 -3.8209297132688019e-18 -3.1812846969120026e-15 0 9.2087446919153062e-17 -1.6435000536219659e-15 5.5595141417891357e-16 0 0 -2.7230526364324779e-11 1.1304005156176064e-11 -0.00017732352328662959 2.1509507657902359e-05
leaf_weight=720 645 67 38 179 55 26 2005 164 166 650 25 45 25 49
leaf_count=720 645 67 38 179 55 26 2005 164 166 650 25 45 25 49
internal_value=-0.00405247 -0.00243084 -0.00482861 -0.00794788 -0.0125838 -0.0106473 -0.000101302 -0.00219579 -0.00190521 -0.00252525 -0.00066 0.00380282 -0.00161379 0.0024
internal_weight=4859 4084 2012 920 775 671 2072 1092 1054 890 249 70 724 74
internal_count=4859 4084 2012 920 775 671 2072 1092 1054 890 249 70 724 74
is_linear=0
shrinkage=0.03


Tree=248
num_leaves=15
num_cat=0
split_feature=2 1 3 13 2 4 1 4 3 1 1 9 8 8
split_gain=146.38 27.4143 18.086 2.38257 2.15619 3.73174 1.96284 1.56031 1.81522 1.45552 2.53027 1.34434 0.987657 2.2602
threshold=7.3374250625545683 12.239981190170202 4.0163424379838117 3.2787440624007824 7.6609386660575787 0.80471895621705036 10.486854743493874 3.2287771385162909 5.6356816640660012 13.45308024996711 12.665372228687906 -0.71017861517036496 25.250000000000004 27.250000000000004
decision_type=2 2 2 8 2 2 2 2 2 2 2 2 10 8
left_child=1 2 -1 9 5 6 -2 8 -4 10 -3 -5 -6 -14
right_child=4 3 7 11 12 -7 -8 -9 -10 -11 -12 -13 13 -15
leaf_value=0 0 8.8254921845310461e-18 0 4.9305001608658976e-17 4.6049927689306858e-16 9.2214252050844772e-17 0 2.091978252117659e-13 1.057192427456053e-19 7.6814845623996673e-13 -2.6742136004097603e-15 4.0041487499979815e-18 -1.3477715163359084e-11 -1.2826941553406043e-17
leaf_weight=1234 40 27 47 29 1660 27 31 45 37 25 42 76 135 1317
leaf_count=1234 40 27 47 29 1660 27 31 45 37 25 42 76 135 1317
internal_value=-0.00385292 -0.011382 -0.0128996 -0.000975 -0.000186858 -0.00454545 -0.008125 -0.00219231 -0.00458824 -0.00442105 -0.00664286 0.00212264 -4.8185e-05 -0.000619408
internal_weight=4772 1562 1363 199 3210 98 71 129 84 94 69 105 3112 1452
internal_count=4772 1562 1363 199 3210 98 71 129 84 94 69 105 3112 1452
is_linear=0
shrinkage=0.03


Tree=249
num_leaves=15
num_cat=0
split_feature=2 1 4 2 4 0 1 13 1 0 13 13 1 13
split_gain=154.664 23.2691 11.6165 7.9337 10.4772 2.81065 2.4895 2.22637 1.93516 1.91529 1.8381 1.50957 1.34301 1.03192
threshold=6.9414315424106467 12.239981190170202 1.0000000180025095e-35 7.6609386660575787 0.80471895621705036 14.475703475543673 12.606804834511175 3.0994184270331346 12.379940790318781 11.675184573715905 3.0189704762821385 4.0694279404923597 12.435440780523919 2.8147950402180517
decision_type=2 2 2 2 2 2 2 8 2 2 10 8 2 8
left_child=1 2 5 4 8 -1 9 -4 13 -3 -6 -8 -11 -2
right_child=3 6 7 -5 10 -7 11 -9 -10 12 -12 -13 -14 -15
leaf_value=0 0 -1.0104344975795517e-18 9.5438540907360073e-17 9.5942060107071373e-19 0 0 -2.0597184742745936e-15 -9.4082241536754088e-22 -1.8091021601514283e-15 1.1219863533257267e-16 5.0272128688428676e-13 2.0641078635520643e-15 -8.1961541584542552e-16 0
leaf_weight=1193 38 21 39 3099 27 20 83 26 31 27 32 25 20 110
leaf_count=1193 38 21 39 3099 27 20 83 26 31 27 32 25 20 110
internal_value=-0.00394094 -0.0121031 -0.0135106 -0.000381965 -0.00564854 -0.0141722 -0.00186441 -0.00113636 -0.00925 0.0026087 0.00525 -0.0046789 0.0059375 -0.0106711
internal_weight=4791 1454 1278 3337 238 1213 176 65 179 68 59 108 47 148
internal_count=4791 1454 1278 3337 238 1213 176 65 179 68 59 108 47 148
is_linear=0
shrinkage=0.03


Tree=250
num_leaves=15
num_cat=0
split_feature=2 4 0 3 0 0 0 4 9 10 7 2 9 9
split_gain=142.89 21.8889 15.2161 6.86011 2.51081 2.29063 2.23128 2.05035 1.93526 1.61079 1.49974 1.51807 1.40976 1.27818
threshold=7.6609386660575787 1.0000000180025095e-35 14.024374824851373 5.6356816640660012 12.641914153484741 14.912439239071785 11.302636413032594 3.5904155995222786 0.13052619222005182 -0.86926070542861777 4.6500000000000012 5.8230360480417671 0.70556075282125807 -0.62080429297372675
decision_type=2 2 2 2 2 2 2 2 2 2 2 2 2 2
left_child=1 2 3 4 -1 8 7 -2 -4 -9 -6 -12 -11 -3
right_child=6 13 5 -5 10 -7 -8 9 -10 12 11 -13 -14 -15
leaf_value=0 6.4600423319681748e-16 9.9208844549488328e-17 -2.0147122210553814e-16 -7.4214719856635423e-18 0 8.198933133774395e-17 -2.0273550230875092e-16 7.9571709669016959e-09 0 -2.5983476150530376e-08 0 0 6.5907648662396505e-12 -2.0632872411595391e-19
leaf_weight=1106 397 37 39 44 26 83 2593 21 43 72 126 51 50 103
leaf_count=1106 397 37 39 44 26 83 2593 21 43 72 126 51 50 103
internal_value=-0.00380321 -0.0109222 -0.0119684 -0.013017 -0.0134084 -0.00334337 -3.35035e-05 0.00171904 -0.00686747 -0.00135417 -0.0102206 -0.0112079 -0.00268293 0.000425532
internal_weight=4791 1658 1518 1353 1309 165 3133 540 82 143 203 177 122 140
internal_count=4791 1658 1518 1353 1309 165 3133 540 82 143 203 177 122 140
is_linear=0
shrinkage=0.03


Tree=251
num_leaves=15
num_cat=0
split_feature=2 1 4 0 1 2 0 0 1 13 0 13 2 1
split_gain=139.621 30.5978 26.2481 12.4185 3.01323 2.18883 4.02944 2.13108 1.6455 1.7286 1.2596 1.45182 1.42938 1.14974
threshold=7.6609386660575787 12.239981190170202 1.0000000180025095e-35 14.13139314629387 12.665372228687906 5.8230360480417671 8.6786669137668664 13.868037652977987 13.149464424536584 3.3290985839592291 10.918355753184782 2.6281017623977387 15.15479036776569 10.206319808573818
decision_type=2 2 2 2 2 2 2 2 2 8 2 10 2 2
left_child=1 2 3 5 7 -1 -7 -3 9 -6 11 -2 13 -12
right_child=10 4 -4 -5 8 6 -8 -9 -10 -11 12 -13 -14 -15
leaf_value=0 -1.5657841035566006e-14 1.2864123249307307e-17 6.2180863959396434e-21 6.0441366631661438e-18 -1.9961619806188911e-15 0 0 2.725364813034357e-13 3.8452054355341606e-15 -1.1674804417063094e-15 -1.8449302731454451e-17 8.1384028027054219e-16 0.066090187710813639 -2.0121725861578247e-17
leaf_weight=1025 23 55 111 43 40 38 235 26 73 32 92 401 26 2627
leaf_count=1025 23 55 111 43 40 38 235 26 73 32 92 401 26 2627
internal_value=-0.00367265 -0.0106671 -0.0122643 -0.013424 -0.000396476 -0.0139492 -0.0114416 0.00420732 -0.00297945 -0.00616438 3.3123e-05 0.00155294 -0.000202112 -0.000270221
internal_weight=4847 1678 1452 1341 226 1298 273 81 145 72 3169 424 2745 2719
internal_count=4847 1678 1452 1341 226 1298 273 81 145 72 3169 424 2745 2719
is_linear=0
shrinkage=0.03


Tree=252
num_leaves=15
num_cat=0
split_feature=3 1 1 8 8 1 8 13 9 3 7 9 9 1
split_gain=99.5309 48.2646 8.43082 3.98906 3.37498 2.10859 3.66859 1.846 2.18782 1.62731 1.9662 2.07493 1.60527 1.53987
threshold=2.8477071124928428 12.239981190170202 10.833962214192459 16.750000000000004 21.850000000000005 8.9441914286620747 23.050000000000004 3.2618406269131244 -0.26302871059038929 5.316892999363434 5.9350000000000014 0.25037047035109428 -0.86711210913679049 10.049836403163598
decision_type=2 2 2 10 10 2 10 8 2 2 2 2 2 2
left_child=1 2 5 -4 7 -1 -7 8 -3 10 13 -12 -6 -2
right_child=9 4 3 -5 12 6 -8 -9 -10 -11 11 -13 -14 -15
leaf_value=0 0 -8.8854196541393709e-15 0 0 1.4794598954385348e-13 0 0 3.1995120130538887e-16 3.2629846777627805e-16 6.2095491991848392e-19 0 4.4636053938821127e-16 -9.2675183937464029e-14 -2.0599791068483085e-19
leaf_weight=641 51 36 231 162 28 285 135 162 64 2618 41 30 170 147
leaf_count=641 51 36 231 162 28 285 135 162 64 2618 41 30 170 147
internal_value=-0.00368909 -0.00899217 -0.0116701 -0.00788071 -0.000520607 -0.013065 -0.0113302 0.00171103 -0.00148515 -0.000171399 -0.00238889 0.001875 -0.00346734 -0.0039196
internal_weight=4801 1914 1454 393 460 1061 420 262 100 2887 269 71 198 198
internal_count=4801 1914 1454 393 460 1061 420 262 100 2887 269 71 198 198
is_linear=0
shrinkage=0.03


Tree=253
num_leaves=15
num_cat=0
split_feature=2 1 3 0 2 3 8 3 3 8 8 8 10 1
split_gain=145.18 30.8264 17.2273 9.25122 2.63456 3.04392 4.47388 1.69369 1.68048 1.55152 1.67983 1.41333 1.36984 1.14184
threshold=7.3374250625545683 12.239981190170202 2.3746352649809244 14.273286925094723 7.6609386660575787 2.9830733695618465 27.450000000000003 5.6356816640660012 6.3565369829805949 38.050000000000004 40.250000000000007 27.650000000000002 -0.0043632677491870896 9.512441119886633
decision_type=2 2 2 2 2 2 10 2 2 10 10 10 2 2
left_child=1 2 3 -1 5 -2 -7 12 -9 -6 -11 -3 -4 -12
right_child=4 11 7 -5 9 6 -8 8 -10 10 13 -13 -14 -15
leaf_value=0 0 -1.1856652415074833e-17 -1.9981797336428594e-19 5.8628125632711599e-18 4.6125569577179046e-16 9.7759648131635934e-17 -1.3324718380872781e-17 9.8324723159403711e-19 -1.1876824385003746e-17 -1.7063413197542438e-12 -4.9162809405676455e-15 1.3664640367235905e-15 0 3.8905246922419551e-16
leaf_weight=1134 43 152 39 32 2651 42 26 25 37 119 25 48 54 342
leaf_count=1134 43 152 39 32 2651 42 26 25 37 119 25 48 54 342
internal_value=-0.00348113 -0.0111268 -0.0127874 -0.014036 0.00010157 -0.00441964 -0.000434783 -0.00336538 0.00047619 0.000262906 -0.00129363 -0.000149254 -0.00590426 -0.000285326
internal_weight=4769 1521 1321 1166 3248 111 68 155 62 3137 486 200 93 367
internal_count=4769 1521 1321 1166 3248 111 68 155 62 3137 486 200 93 367
is_linear=0
shrinkage=0.03


Tree=254
num_leaves=15
num_cat=0
split_feature=2 1 3 2 3 1 8 1 2 8 3 8 3 3
split_gain=134.405 31.5573 13.7354 4.26166 7.72397 2.694 1.78158 1.75495 2.23008 1.64309 1.97728 3.30687 2.39319 2.02236
threshold=6.9414315424106467 12.239981190170202 2.6208735075298217 7.5794226123220154 5.5853724835909757 12.379940790318781 27.650000000000002 11.309814393395532 12.239103462717749 38.050000000000004 7.0275343252732902 24.850000000000005 7.6887988548952064 6.8640645562538785
decision_type=2 2 2 2 2 2 10 2 2 10 2 10 2 2
left_child=1 2 -1 4 5 -2 -3 -5 9 10 11 13 -12 -9
right_child=3 6 -4 7 -6 -7 -8 8 -10 -11 12 -13 -14 -15
leaf_value=0 0 -1.0608881626840804e-17 -1.5988730438402822e-19 1.9532371364989916e-16 1.0315130765846931e-16 1.1866016012034086e-16 1.32922936033373e-15 4.7506070974343263e-14 7.1525675291250162e-08 -7.9892310520630354e-12 -4.7047010652959065e-08 -1.609132184633998e-13 -4.805944710410449e-11 1.0321328044677063e-08
leaf_weight=1171 114 141 123 805 67 20 47 368 627 216 122 118 846 23
leaf_count=1171 114 141 123 805 67 20 47 368 627 216 122 118 846 23
internal_value=-0.00365565 -0.0111666 -0.012834 -0.000306583 -0.0045297 -0.00866667 0.00031746 -3.35893e-05 -0.000452391 -0.0010183 -0.000659675 0.000852941 -0.00145511 0.00218112
internal_weight=4808 1482 1294 3326 201 134 188 3125 2320 1693 1477 509 968 391
internal_count=4808 1482 1294 3326 201 134 188 3125 2320 1693 1477 509 968 391
is_linear=0
shrinkage=0.03


Tree=255
num_leaves=15
num_cat=0
split_feature=2 1 3 0 2 4 1 2 3 2 3 3 13 13
split_gain=132.172 22.1258 15.3448 11.9526 9.90533 5.57798 4.06506 3.25943 2.58492 3.81468 2.57984 2.33308 1.82016 1.80842
threshold=6.4618580389697842 12.239981190170202 2.3746352649809244 14.273286925094723 7.8163158014843983 2.9040712449902224 12.239981190170202 6.9909468434088478 2.6208735075298217 7.6609386660575787 4.4218436198267055 4.5135992393991637 3.0189704762821385 2.8179377420832226
decision_type=2 2 2 2 2 2 2 2 2 2 2 2 10 8
left_child=1 2 3 -1 5 6 8 -8 9 -2 -4 -10 -7 -13
right_child=4 -3 10 -5 -6 12 7 -9 11 -11 -12 13 -14 -15
leaf_value=0 0 -1.0462232725093481e-17 1.0791158332449425e-20 5.6869281863730253e-18 1.1067041292451845e-16 -6.4025951396707772e-15 3.1876480572572336e-15 -1.2634443014565812e-13 4.7966191315208461e-21 1.0709863959634773e-16 -1.6667751267034958e-17 -4.6382045592654311e-20 3.913845549173532e-10 -1.3378818323313807e-17
leaf_weight=1057 130 154 39 31 3064 31 25 37 31 23 45 27 27 65
leaf_count=1057 130 154 39 31 3064 31 25 37 31 23 45 27 27 65
internal_value=-0.00361604 -0.0116654 -0.0130691 -0.014022 -0.000528749 -0.00498741 -0.00646018 0.00047619 -0.00801444 -0.0106169 -0.000705882 -0.00471774 0.00355932 -0.00709677
internal_weight=4786 1326 1172 1088 3460 396 338 62 276 153 84 123 58 92
internal_count=4786 1326 1172 1088 3460 396 338 62 276 153 84 123 58 92
is_linear=0
shrinkage=0.03


Tree=256
num_leaves=15
num_cat=0
split_feature=3 1 0 1 8 0 1 3 0 10 7 9 8 7
split_gain=106.118 55.8326 11.7328 6.1784 9.97409 6.05152 4.22491 1.82972 2.76874 2.44731 2.26995 2.55145 2.00087 2.8274
threshold=2.6208735075298217 12.239981190170202 14.300262989435145 8.9441914286620747 23.050000000000004 10.132792076283826 10.486854743493874 8.1545711003633894 16.137692593023313 0.75470239593151323 5.4150000000000009 0.70556075282125807 21.450000000000003 6.5500000000000007
decision_type=2 2 2 2 10 2 2 2 2 2 2 2 10 2
left_child=1 2 3 -1 -5 -6 -7 8 9 10 11 -2 -12 -14
right_child=7 -3 -4 4 5 6 -8 -9 -10 -11 12 -13 13 -15
leaf_value=0 1.0499249217107422e-11 4.1396773625360655e-17 5.5163203407818351e-18 0 1.1462789139806405e-19 0 0 -1.0273690332981596e-11 -3.5202755823542592e-07 -1.3797003043484514e-17 -7.5470767810466746e-20 -2.9252180452607532e-18 8.247303074689062e-16 -2.0010068452236709e-16
leaf_weight=655 55 458 47 516 42 69 126 1736 45 236 388 29 346 62
leaf_count=655 55 458 47 516 42 69 126 1736 45 236 388 29 346 62
internal_value=-0.00352318 -0.0090047 -0.0118784 -0.0123705 -0.0104841 -0.00535714 -0.00757653 9.83437e-05 0.00101979 0.00131603 0.00204313 0.00670588 0.00154329 0.00300733
internal_weight=4810 1913 1455 1408 753 237 195 2897 1161 1116 880 84 796 408
internal_count=4810 1913 1455 1408 753 237 195 2897 1161 1116 880 84 796 408
is_linear=0
shrinkage=0.03


Tree=257
num_leaves=15
num_cat=0
split_feature=2 3 1 0 8 7 0 1 3 3 3 9 7 8
split_gain=140.997 22.5465 27.5066 16.132 1.6452 2.74049 1.5406 2.5241 4.77879 2.98675 2.19621 1.45323 1.58854 1.42933
threshold=7.6264471119586306 2.3746352649809244 12.239981190170202 14.13139314629387 29.050000000000004 6.3500000000000005 10.255806395596647 10.147050484784181 6.8979566397912828 7.926873121197743 9.9848483054625294 -0.71017861517036496 6.0100000000000007 28.950000000000003
decision_type=2 2 2 2 10 2 2 2 2 2 2 2 2 10
left_child=1 2 3 -1 -3 -6 10 8 -8 -10 11 -2 -13 -4
right_child=6 4 13 -5 5 -7 7 -9 9 -11 -12 12 -14 -15
leaf_value=0 1.220851777986874e-13 -1.207840299194746e-18 -2.2356567523742618e-17 5.3508307305583798e-18 -2.7135979489852101e-17 2.3489746759967027e-18 -6.5508769301700416e-17 1.8526532105497638e-16 3.5668108497185011e-13 -9.7520482750229567e-12 -1.0405521428621299e-07 6.8919539712881072e-17 8.9043341216177186e-14 1.3247380041678197e-15
leaf_weight=1169 45 172 144 44 42 20 65 2755 27 42 24 119 61 40
leaf_count=1169 45 172 144 44 42 20 65 2755 27 42 24 119 61 40
internal_value=-0.00351887 -0.010671 -0.0121137 -0.0137521 -0.00204255 -0.00619048 0.000200701 5.19031e-06 -0.004 0.0015 0.00246 0.00338496 0.0021547 -0.0012973
internal_weight=4769 1631 1397 1213 234 62 3138 2889 134 69 249 225 180 184
internal_count=4769 1631 1397 1213 234 62 3138 2889 134 69 249 225 180 184
is_linear=0
shrinkage=0.03


Tree=258
num_leaves=15
num_cat=0
split_feature=2 1 3 8 3 3 13 3 8 8 9 13 2 3
split_gain=146.958 24.4775 27.2506 3.79855 2.54168 2.36369 1.96214 2.12539 1.40366 1.2626 2.79789 1.86101 1.53369 3.71401
threshold=7.6609386660575787 12.239981190170202 2.3746352649809244 27.250000000000004 3.5552460102593426 6.8434830691324935 3.0989424790026292 5.3671428766949623 27.650000000000002 5.9855000000000009 0.91959550581536709 4.0694279404923597 8.2863324211060849 5.316892999363434
decision_type=2 2 2 10 2 2 8 2 10 10 2 8 2 2
left_child=1 2 -1 4 -4 -5 -6 -8 -3 10 11 -2 13 -11
right_child=9 8 3 5 6 -7 7 -9 -10 12 -12 -13 -14 -15
leaf_value=0 2.8939601814756392e-12 -1.4260385638755191e-16 4.8966755592632321e-20 -2.436536311216203e-17 3.5463063722855621e-19 3.4571034767091374e-17 -2.4695026755332837e-17 -2.725572755693856e-17 1.1527389944722058e-15 -9.0228704712487071e-17 5.6328540395661462e-11 -1.5942308170192958e-06 1.7923705331593426e-16 3.651171701973968e-14
leaf_weight=1256 141 150 25 50 72 22 25 31 53 106 20 20 2692 118
leaf_count=1256 141 150 25 50 72 22 25 31 53 106 20 20 2692 118
internal_value=-0.00374843 -0.0108783 -0.0122166 -0.0025885 9.74026e-05 -0.00821918 -0.00162791 -0.00578947 -0.00110294 0.00013073 0.00255495 0.0012037 -2.05691e-05 -0.0024
internal_weight=4781 1684 1481 225 153 72 128 56 203 3097 181 161 2916 224
internal_count=4781 1684 1481 225 153 72 128 56 203 3097 181 161 2916 224
is_linear=0
shrinkage=0.03


Tree=259
num_leaves=15
num_cat=0
split_feature=2 1 3 3 2 4 3 1 7 13 3 4 4 3
split_gain=134.984 28.3462 27.9647 3.76805 1.64402 2.51326 2.26738 2.48044 1.82857 1.61556 1.29546 1.61238 1.40481 1.4022
threshold=7.6609386660575787 12.239981190170202 2.3746352649809244 3.5552460102593426 8.2863324211060849 3.2287771385162909 6.984020963707942 10.234982869746496 5.7500000000000009 3.1286472531342255 8.1545711003633894 6.7007294074983736 5.4722684669015473 5.5853724835909757
decision_type=2 2 2 2 2 2 2 2 2 8 2 2 2 2
left_child=1 2 -1 -4 5 6 7 -2 -7 -5 11 12 13 -6
right_child=4 -3 3 9 10 8 -8 -9 -10 -11 -12 -13 -14 -15
leaf_value=0 -4.2143331875172161e-16 -6.441456234762661e-18 4.749775292485335e-20 -2.3244633380533326e-18 9.8536443830874211e-17 1.9587082325799064e-09 3.9739222882747285e-13 -6.9864341631357916e-16 -9.2222192898954378e-12 -2.4471215212056097e-17 -5.5346168632836518e-12 7.7473530407230752e-06 -1.6812558315184283e-08 1.5572758903681449e-13
leaf_weight=1227 56 218 29 119 573 23 29 97 39 84 1702 30 63 533
leaf_count=1227 56 218 29 119 573 23 29 97 39 84 1702 30 63 533
internal_value=-0.00363259 -0.0105036 -0.0120103 -0.00244635 3.33757e-05 -0.00232653 -0.00409836 -0.00555195 0.00285714 -0.00389706 0.000232598 0.0009875 0.000807692 0.00105691
internal_weight=4822 1677 1459 232 3145 244 182 153 62 203 2901 1199 1169 1106
internal_count=4822 1677 1459 232 3145 244 182 153 62 203 2901 1199 1169 1106
is_linear=0
shrinkage=0.03


Tree=260
num_leaves=15
num_cat=0
split_feature=2 1 3 3 2 3 4 1 13 8 13 13 1 1
split_gain=127.982 29.8859 27.9439 4.23887 3.2776 2.92339 3.24966 2.88345 2.76405 2.6413 2.05342 2.00844 1.64476 1.57068
threshold=7.6264471119586306 12.239981190170202 2.3746352649809244 3.5552460102593426 8.2863324211060849 6.9258392696733599 3.7669805268941006 10.234982869746496 3.0989424790026292 34.050000000000004 3.4196275344626987 3.412669108166567 10.458428070701824 9.2565793561420211
decision_type=2 2 2 2 2 2 2 2 8 10 10 8 2 2
left_child=1 2 -1 -4 5 6 7 -2 12 11 -7 -9 13 -5
right_child=4 -3 3 8 -6 10 -8 9 -10 -11 -12 -13 -14 -15
leaf_value=0 -1.1497959225633797e-16 -5.5684834361155398e-18 4.6109824940240632e-20 5.1389300186269624e-19 1.6073174767946926e-16 6.9042912093937705e-13 2.859222080021901e-11 -1.4780398551200716e-15 -2.2959552512358407e-17 4.6022730366646809e-16 -9.267973671551376e-08 8.9586359777044434e-17 7.7020209007370065e-17 -2.2721357455692378e-17
leaf_weight=1235 62 221 27 27 2903 41 26 50 81 26 24 28 32 37
leaf_count=1235 62 221 27 27 2903 41 26 50 81 26 24 28 32 37
internal_value=-0.00373367 -0.0104756 -0.0120521 -0.0017561 -0.000189813 -0.00343023 -0.00528497 -0.00682635 -0.00345506 -0.00371429 0.00204545 -0.0064557 0 -0.00276923
internal_weight=4820 1660 1439 204 3160 257 192 166 177 104 65 78 96 64
internal_count=4820 1660 1439 204 3160 257 192 166 177 104 65 78 96 64
is_linear=0
shrinkage=0.03


Tree=261
num_leaves=15
num_cat=0
split_feature=2 1 3 3 2 3 4 13 2 2 1 1 11 10
split_gain=137.546 28.7047 21.0693 5.69295 1.99496 2.70749 1.7908 1.61184 1.56754 1.48778 1.41522 1.72231 1.35859 1.30885
threshold=7.6264471119586306 12.239981190170202 2.3746352649809244 3.5552460102593426 8.2863324211060849 6.9258392696733599 5.240415493676216 2.6843156503257442 8.0507033306288509 6.4618580389697842 10.181488349836089 10.980607104314403 1.0000000180025095e-35 -0.0043632677491870896
decision_type=2 2 2 2 2 2 2 10 2 2 2 2 2 2
left_child=1 2 -1 -4 5 10 7 13 -7 -9 -2 -12 -13 -5
right_child=4 -3 3 6 -6 8 -8 9 -10 -11 11 12 -14 -15
leaf_value=0 -7.5954553484819711e-17 -6.8016117133601975e-18 4.5034095465819324e-19 -1.8441387555619922e-16 1.2368480348855088e-16 2.4515270373141637e-09 2.2926874027453408e-10 -1.7169070529007468e-17 -3.6389405345932815e-11 -2.6481407877128625e-17 7.2498572540583312e-17 -1.5985555393117432e-15 1.0467060569514742e-16 2.8986893258213444e-18
leaf_weight=1239 63 216 25 20 2888 34 29 34 33 67 46 61 20 23
leaf_count=1239 63 216 25 20 2888 34 29 34 33 67 46 61 20 23
internal_value=-0.00388831 -0.0108918 -0.0124235 -0.00331658 -0.000205022 -0.00273256 -0.00525862 -0.00662069 0.00242647 -0.00867647 -0.00455497 -0.00269531 -0.00530488 -0.00170455
internal_weight=4798 1653 1437 198 3145 257 173 144 67 101 190 127 81 43
internal_count=4798 1653 1437 198 3145 257 173 144 67 101 190 127 81 43
is_linear=0
shrinkage=0.03


Tree=262
num_leaves=15
num_cat=0
split_feature=2 0 3 0 2 7 8 3 3 8 7 10 8 4
split_gain=129.395 19.8142 20.5769 3.82637 3.2525 3.21222 3.13012 2.91714 1.57786 1.55865 1.18645 1.21178 1.11284 1.01039
threshold=7.3934095348555067 14.300262989435145 2.3746352649809244 12.694996915516223 8.2863324211060849 4.6500000000000012 27.250000000000004 6.3565369829805949 3.5552460102593426 12.850000000000003 6.1500000000000012 0.50941572451887807 36.050000000000004 1.4451858789480825
decision_type=2 2 2 2 2 2 10 2 2 10 2 2 10 2
left_child=1 2 3 -1 7 -5 8 -2 -4 -3 11 -11 -8 -10
right_child=4 9 6 5 -6 -7 12 -9 13 10 -12 -13 -14 -15
leaf_value=0 -4.2850364290873326e-17 -1.1190612916928151e-13 3.1179296949154739e-20 6.1178707901558022e-17 -4.3899303615964469e-17 0 -3.3709841945043897e-17 3.8006351587428647e-13 -3.5593706466117501e-18 -6.6316499019182832e-14 3.9624298656957598e-12 5.4333787100487613e-16 -2.0284037433963511e-17 5.8411412237736682e-18
leaf_weight=1035 218 42 26 28 2902 173 28 119 40 30 32 22 27 58
leaf_count=1035 218 42 26 28 2902 173 28 119 40 30 32 22 27 58
internal_value=-0.00377118 -0.0109241 -0.0119386 -0.0133145 -0.000365741 -0.00943069 -0.00241667 -0.00315089 0.00024 0.000472441 0.00282353 0 -0.00830357 -0.00151515
internal_weight=4780 1541 1415 1236 3239 201 179 337 124 126 84 52 55 98
internal_count=4780 1541 1415 1236 3239 201 179 337 124 126 84 52 55 98
is_linear=0
shrinkage=0.03


Tree=263
num_leaves=15
num_cat=0
split_feature=2 1 3 0 3 1 3 0 8 7 13 13 7 8
split_gain=131.636 25.6111 23.2064 9.86453 2.25143 1.96063 4.57732 1.58198 2.22065 1.55046 1.23954 1.43469 1.91236 1.96684
threshold=7.3934095348555067 12.239981190170202 2.3746352649809244 14.300262989435145 3.5552460102593426 10.206319808573818 7.0275343252732902 10.02340161379713 12.050000000000002 5.6500000000000012 3.172225259607075 4.0108909220604785 6.9500000000000011 8.8500000000000032
decision_type=2 2 2 2 2 2 2 2 10 2 8 10 2 10
left_child=1 2 3 -1 -4 6 7 -2 -9 -8 -7 -12 13 -13
right_child=5 -3 4 -5 -6 10 9 8 -10 -11 11 12 -14 -15
leaf_value=0 -5.8917180248288035e-17 -6.1408671616369363e-18 3.0262420342246537e-20 1.9919226529765518e-15 -1.3325188706204317e-17 -2.6705235743069778e-15 2.8860298849279436e-13 1.2855109287261998e-18 -1.091804605464499e-16 -5.9828635692245477e-12 1.8585360966151857e-13 -4.2299894443672807e-07 -0.0070269831522026061 1.4513526433156013e-13
leaf_weight=1193 75 198 24 33 157 1585 51 23 98 104 941 53 20 252
leaf_count=1193 75 198 24 33 157 1585 51 23 98 104 941 53 20 252
internal_value=-0.0040027 -0.0110118 -0.0124325 -0.013912 -0.00239011 -0.000487043 -0.00259943 -0.00563452 -0.0077459 0.00125 -0.000226157 0.00047356 -0.00124233 -0.000637255
internal_weight=4807 1605 1407 1226 181 3202 351 196 121 155 2851 1266 325 305
internal_count=4807 1605 1407 1226 181 3202 351 196 121 155 2851 1266 325 305
is_linear=0
shrinkage=0.03


Tree=264
num_leaves=15
num_cat=0
split_feature=2 1 3 3 2 2 8 3 3 8 2 8 7 10
split_gain=142.684 29.1658 24.5605 2.86001 2.47995 1.4923 2.06955 3.66487 2.52929 2.05979 1.56439 1.55105 1.42587 1.6645
threshold=7.3934095348555067 12.239981190170202 2.3746352649809244 3.5552460102593426 7.4838060557221571 9.6012160837127549 38.250000000000007 5.3671428766949623 4.3372693810700085 42.850000000000001 9.7031138293886503 5.0450000000000008 6.6500000000000012 0.92219219298186361
decision_type=2 2 2 2 2 2 10 2 2 10 2 10 2 2
left_child=1 2 -1 -4 -2 6 8 -8 11 -9 -7 -6 13 -10
right_child=4 -3 3 -5 5 10 7 9 12 -11 -12 -13 -14 -15
leaf_value=0 8.3137180996162737e-17 -5.4535426871863432e-18 2.7200061761436302e-19 -1.6341917505235655e-17 6.015769794373419e-14 1.8601743038681661e-12 9.3475809973745287e-16 4.8849923422608819e-14 -3.8201930312800859e-17 -1.5852072675813129e-14 8.3199511341472524e-13 -1.3205130138476149e-15 1.5324662087292422e-09 -2.346043690868612e-13
leaf_weight=1194 32 204 22 152 29 56 65 44 494 31 2118 241 37 73
leaf_count=1194 32 204 22 152 29 56 65 44 494 31 2118 241 37 73
internal_value=-0.00361778 -0.0110235 -0.0126004 -0.00205714 0 -8.4666e-05 -0.00103448 0.00234043 -0.00157714 -0.00217105 0.000358621 -0.00398524 -0.000495868 -0.000871479
internal_weight=4792 1572 1368 174 3220 3188 1014 140 874 75 2174 270 604 567
internal_count=4792 1572 1368 174 3220 3188 1014 140 874 75 2174 270 604 567
is_linear=0
shrinkage=0.03


Tree=265
num_leaves=15
num_cat=0
split_feature=2 1 3 0 3 13 1 3 4 1 10 9 13 10
split_gain=130.884 27.7558 29.3557 7.78155 2.96456 1.54987 1.1859 1.1726 1.08499 1.04593 1.27966 1.41609 1.00335 0.997581
threshold=7.3934095348555067 12.338728964246885 2.3746352649809244 14.13139314629387 3.5552460102593426 3.1344716602725367 9.2011221944904715 5.7861299215076665 2.1097538525880535 13.499567202359573 -0.86926070542861777 -0.5 2.749351521261473 0.99085646505769043
decision_type=2 2 2 2 2 10 2 2 2 2 2 2 10 2
left_child=1 2 3 -1 -4 6 -6 -8 -7 10 -3 -12 13 -2
right_child=12 9 4 -5 5 8 7 -9 -10 -11 11 -13 -14 -15
leaf_value=0 1.2101660857336397e-16 4.4795377704317412e-16 2.1213031505114689e-20 -3.4184902181173574e-19 8.7934041410151154e-18 -2.322389615644256e-17 2.1938978198151518e-18 -4.8751254388720299e-15 -3.1803378670719715e-15 2.6293669125835181e-12 5.7267604527349826e-17 -2.2200536085832038e-15 -1.8091736393800728e-15 2.7966350501337101e-10
leaf_weight=1166 695 20 25 41 28 31 37 24 27 42 53 70 2497 38
leaf_count=1166 695 20 25 41 28 31 37 24 27 42 53 70 2497 38
internal_value=-0.00371011 -0.0108307 -0.0122935 -0.0139445 -0.000693642 -0.00233108 0.000166667 -0.00217742 -0.00610169 8.06452e-05 -0.00114583 -0.00229839 -0.000259981 0.000715259
internal_weight=4794 1564 1379 1207 172 147 89 61 58 185 143 123 3230 733
internal_count=4794 1564 1379 1207 172 147 89 61 58 185 143 123 3230 733
is_linear=0
shrinkage=0.03


Tree=266
num_leaves=15
num_cat=0
split_feature=2 1 4 0 2 10 0 5 4 13 4 1 13 13
split_gain=133.521 30.5012 16.3637 9.34336 5.14236 2.73464 1.83752 1.11341 1.6634 1.34044 1.05576 1.52903 1.02507 1.13102
threshold=7.3934095348555067 12.239981190170202 1.0000000180025095e-35 14.13139314629387 4.9610196989653286 0.92219219298186361 13.030846300482864 10.401204088936487 10.331161229963344 4.3363429900989479 10.958214040647215 14.260421846505684 1.9569847259068189 2.117077005865053
decision_type=2 2 2 2 2 2 2 2 2 8 2 2 8 10
left_child=1 2 3 4 -1 -6 -3 8 12 10 -10 -12 -2 -14
right_child=7 6 -4 -5 5 -7 -8 -9 9 -11 11 -13 13 -15
leaf_value=0 -1.4905127829724799e-10 6.1243948406783213e-17 6.0315438040614541e-21 5.7125431120087607e-18 0 0 -1.768067006416914e-15 0.048673557663104668 -0.0030133108704153873 -0.0074076601593510314 -0.012406422701433011 0.010957765583323429 3.6459648454002533e-09 1.8187177083477793e-17
leaf_weight=975 31 43 91 41 233 45 158 42 55 20 22 67 112 2862
leaf_count=975 31 43 91 41 233 45 158 42 55 20 22 67 112 2862
internal_value=-0.00342955 -0.0105482 -0.012132 -0.0129961 -0.0134569 -0.00978495 0.000371287 8.87298e-05 2.36593e-05 -0.00290909 -0.00186207 0.000166667 0.000184631 0.000242017
internal_weight=4797 1586 1385 1294 1253 278 201 3211 3169 164 144 89 3005 2974
internal_count=4797 1586 1385 1294 1253 278 201 3211 3169 164 144 89 3005 2974
is_linear=0
shrinkage=0.03


Tree=267
num_leaves=15
num_cat=0
split_feature=2 1 3 2 3 1 3 3 10 1 7 7 1 1
split_gain=125.516 37.7314 15.5201 4.77761 4.2374 5.71752 4.58077 1.44501 1.31425 0.984075 2.41636 0.924036 2.2069 2.04091
threshold=6.6961078450880915 12.239981190170202 2.3746352649809244 7.3934095348555067 6.6002105196271659 12.239981190170202 2.3746352649809244 4.4218436198267055 0.49810825183760399 11.609432446070445 6.0100000000000007 5.5500000000000007 13.092214898089891 13.45308024996711
decision_type=2 2 2 2 2 2 2 2 2 2 2 2 2 2
left_child=1 2 9 4 5 6 -2 -4 -8 -1 -11 12 -3 -13
right_child=3 11 7 -5 -6 -7 8 -9 -10 10 -12 13 -14 -15
leaf_value=0 0 6.8687435960188558e-17 2.0539635956828368e-20 -5.6731099468620791e-17 1.3381858764629978e-16 3.9844193263058207e-15 -2.2431316443047809e-17 -2.981402187182539e-17 3.7260644911715928e-19 0 0 -4.4127711392617318e-15 -8.5433995047994757e-08 2.2081090175731623e-12
leaf_weight=1015 80 61 38 3259 21 29 39 57 26 65 20 69 20 24
leaf_count=1015 80 61 38 3259 21 29 39 57 26 65 20 69 20 24
internal_value=-0.00347326 -0.0111569 -0.013056 -0.00042547 -0.00497449 -0.00651429 -0.00893836 -0.00140625 -0.00295455 -0.0140599 -0.0106395 0.00188571 0.00420732 -0.000159574
internal_weight=4823 1369 1195 3454 195 174 145 95 65 1100 85 174 81 93
internal_count=4823 1369 1195 3454 195 174 145 95 65 1100 85 174 81 93
is_linear=0
shrinkage=0.03


Tree=268
num_leaves=15
num_cat=0
split_feature=2 1 3 0 3 8 12 9 1 9 2 9 4 1
split_gain=135.214 31.319 32.4459 7.40856 2.50398 1.12799 1.31647 2.68105 1.02752 1.17127 2.07435 1.53436 1.40188 1.64243
threshold=7.3374250625545683 12.239981190170202 2.3746352649809244 14.13139314629387 3.5552460102593426 27.950000000000003 1.5000000000000002 -0.26302871059038929 8.0244530318477612 -0.85828685610178213 8.2863324211060849 -0.69773067844015058 8.7815553141541152 13.149464424536584
decision_type=2 2 2 2 2 10 10 2 2 2 2 2 2 2
left_child=1 2 3 -1 -4 6 -3 -8 -2 10 -10 -11 13 -12
right_child=8 5 4 -5 -6 -7 7 -9 9 11 12 -13 -14 -15
leaf_value=0 -5.9736249899104486e-15 -2.0862515841373704e-17 2.5211593275527784e-19 -8.4946206700697201e-19 -4.1190289681489928e-18 1.468629864706172e-15 4.1021548017719083e-15 -1.6922649614918264e-15 -4.7175706752231661e-15 5.8670134457451912e-13 -6.4305723384778269e-15 -1.4487754939249655e-17 -0.001700615669086697 1.1172802382179486e-08
leaf_weight=1205 27 85 22 39 149 47 20 35 66 263 290 2327 91 187
leaf_count=1205 27 85 22 39 149 47 20 35 66 263 290 2327 91 187
internal_value=-0.00368665 -0.0108172 -0.0123411 -0.0140241 -8.72093e-05 0.000718085 -0.000638298 0.00294643 -0.000170664 -0.00012093 -0.00127559 0.0001621 -0.000685413 -3.13808e-05
internal_weight=4853 1602 1415 1244 171 187 140 55 3251 3224 634 2590 568 477
internal_count=4853 1602 1415 1244 171 187 140 55 3251 3224 634 2590 568 477
is_linear=0
shrinkage=0.03


Tree=269
num_leaves=15
num_cat=0
split_feature=2 0 3 0 3 7 2 2 2 0 0 13 2 13
split_gain=130.004 21.9973 25.6549 3.15736 2.74997 1.61609 1.57853 1.38638 1.79614 1.34072 1.40606 1.33975 1.19123 1.9469
threshold=7.197435284064496 13.070310700308005 2.3746352649809244 14.300262989435145 3.5552460102593426 4.9500000000000011 4.4630262662962101 9.6012160837127549 9.7031138293886503 9.6199800863660414 10.207676381449643 3.0264071976186258 9.4437108720537015 3.0528859745763488
decision_type=2 2 2 2 2 2 2 2 2 2 2 10 2 8
left_child=1 2 -1 5 -4 -3 -7 9 -9 -2 11 -11 -12 -14
right_child=7 3 4 -5 -6 6 -8 8 -10 10 12 -13 13 -15
leaf_value=0 -2.1098676170675947e-15 4.7239404791873552e-17 8.1475679799263113e-20 4.7893724947408394e-16 -3.4138388816981212e-18 0 0 8.4201230147685271e-13 -3.8608320623454935e-14 1.6496964814686072e-13 -1.4496591183420432e-16 -5.4686426420773648e-17 -8.6825103718372506e-15 -1.5715139368085726e-10
leaf_weight=1126 91 29 23 110 101 84 60 61 2070 45 866 28 47 30
leaf_count=1126 91 29 23 110 101 84 60 61 2070 45 866 28 47 30
internal_value=-0.00380658 -0.0110007 -0.0127098 -0.0034331 0.00024 -0.00594828 -0.00724138 -0.000398271 4.92495e-05 -0.00125903 -0.000943953 0.00304054 -0.0012553 -0.00480769
internal_weight=4771 1533 1250 283 124 173 144 3238 2131 1107 1016 73 943 77
internal_count=4771 1533 1250 283 124 173 144 3238 2131 1107 1016 73 943 77
is_linear=0
shrinkage=0.03


Tree=270
num_leaves=15
num_cat=0
split_feature=2 1 3 0 2 13 3 2 2 9 2 7 13 13
split_gain=144.275 24.2328 22.0693 7.07656 2.05448 2.71457 1.97696 1.5607 2.13608 1.94418 1.72667 1.88036 1.6919 1.71775
threshold=7.197435284064496 12.338728964246885 2.3746352649809244 14.13139314629387 7.4451254152969417 3.1286472531342255 3.5552460102593426 8.2863324211060849 8.6131387235752594 -0.51495963211660267 8.9219580093469428 5.7500000000000009 3.2618406269131244 3.8751853611983891
decision_type=2 2 2 2 2 10 2 2 2 2 2 2 8 10
left_child=1 2 3 -1 5 -2 -4 9 12 -6 11 -10 -9 -14
right_child=4 -3 6 -5 7 -7 -8 8 10 -11 -12 -13 13 -15
leaf_value=0 4.8245232431882321e-18 -2.1653822509888698e-17 4.4473553953386251e-20 -6.5073209375210014e-19 -1.7581780877390562e-14 -2.2711323539258514e-17 -1.041408307482531e-17 4.5727910739074116e-16 -2.4169919294756902e-18 -4.5974323315721063e-16 5.0464124414051418e-16 -3.9266776574730189e-12 -1.2310896496990676e-13 2.4514463965613881e-13
leaf_weight=1158 42 171 20 36 97 30 121 118 93 225 2565 78 34 20
leaf_count=1158 42 171 20 36 97 30 121 118 93 225 2565 78 34 20
internal_value=-0.00355583 -0.0112475 -0.0126085 -0.0139331 -4.54133e-05 0.00493151 -0.00137324 -0.000157846 6.18769e-05 -0.00213622 -0.000142492 -0.00305233 0.0032948 -0.00109091
internal_weight=4808 1506 1335 1194 3302 72 141 3230 2908 322 2736 171 172 54
internal_count=4808 1506 1335 1194 3302 72 141 3230 2908 322 2736 171 172 54
is_linear=0
shrinkage=0.03


Tree=271
num_leaves=15
num_cat=0
split_feature=2 1 3 0 2 3 3 1 2 13 8 2 9 8
split_gain=140.609 25.8516 18.4806 9.40845 4.68119 3.30303 3.09643 3.2792 3.0216 2.73204 2.12249 1.70259 1.79955 1.92946
threshold=6.6961078450880915 12.239981190170202 2.3746352649809244 14.13139314629387 7.197435284064496 4.4218436198267055 4.2194806715733328 12.150822849561065 7.5422084027179102 3.1182168565832833 27.950000000000003 8.2115506807161065 0.1088658385177801 11.250000000000002
decision_type=2 2 2 2 2 2 2 2 2 8 10 2 2 10
left_child=1 2 3 -1 6 -4 7 -2 9 -6 -3 12 -10 -14
right_child=4 10 5 -5 8 -7 -8 -9 11 -11 -12 -13 13 -15
leaf_value=0 0 -6.3415951018199687e-17 4.2008351844211812e-19 5.2644366293399817e-18 9.2575850209825045e-17 -2.8484779448311308e-17 -2.6352703576657649e-19 3.6655864286067197e-15 -1.4273505524256727e-14 -1.1763046374591157e-17 1.3553101471431518e-15 1.1765674354975278e-16 9.0362330696773557e-10 -1.1590922567680383e-15
leaf_weight=1088 63 131 43 35 68 53 56 20 135 48 41 2900 30 81
leaf_count=1088 63 131 43 35 68 53 56 20 135 48 41 2900 30 81
internal_value=-0.00337993 -0.0114116 -0.0129467 -0.0140258 -9.25926e-05 -0.000309278 -0.00546429 -0.00910714 0.00013791 0.00487179 -0.000520231 -3.81316e-05 -0.00242915 0.000401786
internal_weight=4792 1391 1219 1123 3401 96 139 83 3262 116 172 3146 246 111
internal_count=4792 1391 1219 1123 3401 96 139 83 3262 116 172 3146 246 111
is_linear=0
shrinkage=0.03


Tree=272
num_leaves=15
num_cat=0
split_feature=2 1 3 0 2 3 2 2 8 1 13 13 13 3
split_gain=141.552 30.2463 14.7108 9.60044 1.93115 3.21061 2.62628 2.6375 2.6908 2.04885 1.84828 1.82083 1.75208 1.74322
threshold=6.9414315424106467 12.239981190170202 2.6208735075298217 14.13139314629387 7.197435284064496 5.1445662665974945 7.4451254152969417 8.2863324211060849 24.850000000000005 10.181488349836089 2.9848442474087968 3.0994184270331346 3.1484041045277098 6.3565369829805949
decision_type=2 2 2 2 2 2 2 2 10 2 10 10 10 2
left_child=1 2 3 -1 5 -2 12 8 13 -9 -10 -12 -6 -8
right_child=4 -3 -4 -5 6 -7 7 9 10 -11 11 -13 -14 -15
leaf_value=0 0 4.3185180730286798e-17 -2.6308673891970819e-18 5.2673715375254263e-18 3.9822823960431194e-17 1.1298667595542176e-16 -6.5396994163021414e-15 4.4252248951393338e-14 -1.0292070255377217e-14 -3.0487016109387544e-16 2.122849961854805e-15 -1.0722755987824468e-15 -2.1678739112121688e-18 -1.1638778115597404e-11
leaf_weight=1113 51 176 110 34 47 23 116 218 57 2647 29 46 32 77
leaf_count=1113 51 176 110 34 47 23 116 218 57 2647 29 46 32 77
internal_value=-0.00342265 -0.0113075 -0.0129372 -0.0139416 -4.03708e-05 -0.0048 6.88073e-05 -6.58101e-05 -0.0026227 0.000225052 0.000676692 0.00375 0.0054375 -0.00487113
internal_weight=4776 1433 1257 1147 3343 74 3269 3190 325 2865 132 75 79 193
internal_count=4776 1433 1257 1147 3343 74 3269 3190 325 2865 132 75 79 193
is_linear=0
shrinkage=0.03


Tree=273
num_leaves=15
num_cat=0
split_feature=2 3 2 13 3 8 2 2 8 10 7 8 10 13
split_gain=138.816 22.2784 2.31827 3.80891 1.93186 2.42264 3.58345 2.82465 2.6053 2.02172 1.91542 1.86617 1.84343 1.74329
threshold=7.197435284064496 2.3746352649809244 7.5422084027179102 3.1182168565832833 6.2700423577822813 37.250000000000007 9.498016190013848 9.2978474552171928 24.850000000000005 1.0000000180025095e-35 5.2500000000000009 18.435000000000002 0.20577280328682165 3.2491140255292739
decision_type=2 2 2 8 2 10 2 2 10 2 2 10 2 8
left_child=1 -1 3 -2 5 6 -4 -7 -8 13 11 -6 -10 -9
right_child=2 -3 4 -5 10 7 8 9 12 -11 -12 -13 -14 -15
leaf_value=0 8.0571761899658719e-17 -1.8109699261960879e-18 -4.4280170491472755e-15 -2.7828353237895297e-17 -2.5501489144821042e-06 1.4041294268940691e-14 5.8696044916811723e-12 -1.2629749121822832e-11 2.6833374016753521e-13 1.2205568400827691e-12 1.8351795363773719e-13 4.0757107739456418e-06 -3.3833088058301331e-11 -3.2561529704568181e-14
leaf_weight=1364 65 157 396 51 48 84 180 26 36 51 2262 31 57 29
leaf_count=1364 65 157 396 51 48 84 180 26 36 51 2262 31 57 29
internal_value=-0.00348801 -0.0109888 -4.52216e-05 0.00410256 -0.000196813 -0.00141279 -0.00226119 0.00157068 0.000383212 -0.00168224 0.000249787 -0.0043125 -0.00367021 -0.005625
internal_weight=4837 1521 3316 116 3200 859 669 190 273 106 2341 79 93 55
internal_count=4837 1521 3316 116 3200 859 669 190 273 106 2341 79 93 55
is_linear=0
shrinkage=0.03


Tree=274
num_leaves=15
num_cat=0
split_feature=2 1 3 0 3 8 12 9 6 0 8 0 3 2
split_gain=136.77 28.9416 28.065 10.2286 2.40393 1.41775 1.65949 1.12989 0.838145 0.818048 0.788246 1.71444 1.55065 2.07359
threshold=7.197435284064496 12.239981190170202 2.3746352649809244 14.13139314629387 4.4218436198267055 27.650000000000002 2.5000000000000004 1.0000000180025095e-35 8.225695476803752 10.564608499455632 21.050000000000004 10.290236862821503 7.124880434095842 9.6761632813776952
decision_type=2 2 2 2 2 10 10 2 2 2 8 2 2 2
left_child=1 2 3 -1 -4 6 7 -3 10 -6 11 -2 13 -13
right_child=8 5 4 -5 9 -7 -8 -9 -10 -11 -12 12 -14 -15
leaf_value=0 -5.5872215376920839e-15 -1.6721871688242263e-15 4.6582418577295853e-19 4.9484823843340197e-18 -6.3969066805594665e-19 2.5735838351990032e-15 1.6863258516614849e-12 1.4534804119940093e-17 0.037553900169457644 -4.2927831834858744e-16 1.3988469688079311e-16 -3.8641472939630959e-16 -1.2770741730794785e-07 1.0805428711291653e-09
leaf_weight=1155 43 60 48 39 50 44 32 56 30 45 1892 388 815 192
leaf_count=1155 43 60 48 39 50 44 32 56 30 45 1892 388 815 192
internal_value=-0.00345706 -0.0108922 -0.0124552 -0.0139582 0.000104167 0 -0.0014094 -0.00307692 -7.14073e-05 -0.00265625 -0.000117082 -0.000646282 -0.000462034 0.000722892
internal_weight=4889 1529 1337 1194 143 192 148 116 3360 95 3330 1438 1395 580
internal_count=4889 1529 1337 1194 143 192 148 116 3360 95 3330 1438 1395 580
is_linear=0
shrinkage=0.03


Tree=275
num_leaves=15
num_cat=0
split_feature=2 1 2 3 1 3 10 8 2 13 2 13 8 1
split_gain=132.639 21.8673 11.7083 10.0838 11.4058 3.47018 1.48759 1.15462 1.63 1.67289 1.09053 2.13508 1.25186 1.15427
threshold=4.9610196989653286 12.239981190170202 7.197435284064496 2.3746352649809244 12.239981190170202 1.3195286648076296 0.96535657505894068 29.050000000000004 6.8826935526803545 3.1121921542889894 7.5422084027179102 2.7195783935999924 20.250000000000004 8.9441914286620747
decision_type=2 2 2 2 2 2 2 10 2 10 2 10 10 2
left_child=1 5 3 4 -2 -1 7 8 9 -5 11 -4 -13 -12
right_child=2 -3 10 6 -6 -7 -8 -9 -10 -11 13 12 -14 -15
leaf_value=0 0 -1.9990856343976231e-17 2.8252273302556818e-16 2.2891843636694455e-17 6.8434700992519184e-16 0 1.0294641345501735e-17 -1.865706997414956e-17 -4.3130445269833353e-14 -1.8712671079271515e-17 -8.0705562746391946e-15 2.0675165755880008e-17 -6.3814123307907593e-18 -1.1921578547759085e-15
leaf_weight=1009 175 132 23 41 48 20 21 28 24 31 74 42 45 3141
leaf_count=1009 175 132 23 41 48 20 21 28 24 31 74 42 45 3141
internal_value=-0.0035654 -0.0124053 -0.000783703 -0.00585366 -0.00984375 -0.0138786 0.000308219 -0.00096 0.000618557 0.00287671 -0.000220986 0.0027027 0.000511364 -0.000321828
internal_weight=4854 1161 3693 368 223 1029 145 124 96 72 3325 110 87 3215
internal_count=4854 1161 3693 368 223 1029 145 124 96 72 3325 110 87 3215
is_linear=0
shrinkage=0.03


Tree=276
num_leaves=15
num_cat=0
split_feature=2 1 4 0 2 10 0 12 2 13 13 13 0 1
split_gain=130.461 27.4317 11.2905 10.1465 2.5808 2.28782 2.10069 1.71718 1.61274 1.21035 0.988942 0.94169 0.930293 0.62098
threshold=6.6961078450880915 12.239981190170202 1.0000000180025095e-35 14.300262989435145 7.2393942815609558 -0.5 10.02340161379713 1.0000000180025095e-35 4.9610196989653286 3.6222784870652007 3.7660248318844647 3.3599239852912954 11.502541571433946 8.9441914286620747
decision_type=2 2 2 2 2 2 2 10 2 8 10 8 2 2
left_child=1 2 3 8 5 -2 -4 -7 -1 -9 11 -3 -10 -6
right_child=4 10 6 -5 13 7 -8 9 12 -11 -12 -13 -14 -15
leaf_value=0 -9.1768061852337027e-19 -9.3123037926981041e-17 9.9371683339712191e-17 3.2816237234359827e-15 -1.585201362706026e-15 9.3337539488891639e-18 -3.081818875061146e-15 -3.3329514884859335e-18 0 9.2143450402679179e-19 -4.2493299728765458e-15 1.0966962195946828e-16 0 -1.0190251308256486e-15
leaf_weight=994 60 80 23 31 91 23 35 36 91 26 39 49 59 3202
leaf_count=994 60 80 23 31 91 23 35 36 91 26 39 49 59 3202
internal_value=-0.00366012 -0.011373 -0.0129214 -0.0135587 -0.000514685 -0.00441781 0 -0.00122093 -0.0140175 -0.00380952 0 0.00126923 -0.0109272 -0.00034153
internal_weight=4839 1401 1233 1175 3438 145 58 85 1144 62 168 129 150 3293
internal_count=4839 1401 1233 1175 3438 145 58 85 1144 62 168 129 150 3293
is_linear=0
shrinkage=0.03


Tree=277
num_leaves=15
num_cat=0
split_feature=2 1 3 2 12 1 8 2 2 8 10 4 13 13
split_gain=141.201 33.9117 16.0488 2.53972 3.84983 2.49729 1.92986 1.73196 1.66458 2.74648 2.46142 1.61633 1.44841 1.37035
threshold=6.6961078450880915 12.265237366968448 2.3746352649809244 7.5422084027179102 1.5000000000000002 11.583980208804238 28.250000000000004 8.3788502352007352 8.7848510388515439 32.650000000000013 0.38268343236508956 2.7567143730824912 3.8751853611983891 2.787327199079201
decision_type=2 2 2 2 10 2 10 2 2 10 2 2 10 8
left_child=1 2 -1 4 5 11 -4 -5 9 10 -9 -2 13 -3
right_child=3 12 6 7 -6 -7 -8 8 -10 -11 -12 -13 -14 -15
leaf_value=0 9.3797654085462496e-18 -4.5265653064336054e-15 1.122621106177642e-19 -3.241444985126407e-15 -2.7643035120803756e-20 -1.0994006243964589e-16 -2.6866284745943589e-17 3.790899038840766e-13 -3.687541802588268e-15 1.0161043629689658e-13 -1.2465311085489897e-14 -1.3774318193711186e-14 -1.2081066795845522e-14 1.3688896016068767e-16
leaf_weight=1081 122 22 76 348 58 31 22 103 2683 58 57 21 29 111
leaf_count=1081 122 22 76 348 58 31 22 103 2683 58 57 21 29 111
internal_value=-0.00312254 -0.0113897 -0.0131568 6.4618e-05 0.00309013 0.00531429 -0.00151515 -0.000152308 8.78704e-05 0.00260274 0.000559006 0.00697917 0.00147239 0.00279851
internal_weight=4822 1341 1179 3481 232 174 98 3249 2901 218 160 143 162 133
internal_count=4822 1341 1179 3481 232 174 98 3249 2901 218 160 143 162 133
is_linear=0
shrinkage=0.03


Tree=278
num_leaves=15
num_cat=0
split_feature=2 1 3 0 7 3 2 2 3 1 2 1 11 13
split_gain=132.642 33.16 15.2698 6.82752 2.55335 2.1208 2.06699 3.98456 2.12655 3.79527 1.98764 1.49793 1.37024 1.2581
threshold=6.6005484604019271 12.239981190170202 2.6208735075298217 14.273286925094723 5.5500000000000007 4.4218436198267055 7.197435284064496 7.5422084027179102 1.6570930023362631 11.583980208804238 8.2115506807161065 13.393923179334493 1.0000000180025095e-35 3.1662001000976048
decision_type=2 2 2 2 2 2 2 2 2 2 2 2 2 10
left_child=1 2 3 -1 -3 -4 8 -8 9 -2 12 -6 13 -9
right_child=6 4 5 -5 11 -7 7 10 -10 -11 -12 -13 -14 -15
leaf_value=0 -2.5386254370068637e-19 1.0264552917212563e-16 6.7449378447483002e-19 -1.2688649587201824e-18 -6.7008514529980388e-15 -2.5858408216378747e-17 4.7544643138640798e-17 -1.7319594172469249e-14 3.5236512045953804e-19 1.5232744821660135e-18 -1.2203866995730727e-15 8.0785458798742098e-13 1.5163491454424435e-16 -2.2417607500946943e-15
leaf_weight=1071 45 81 32 34 67 46 110 106 68 30 2926 30 87 65
leaf_count=1071 45 81 32 34 67 46 110 106 68 30 2926 30 87 65
internal_value=-0.00347572 -0.0113987 -0.0132137 -0.0141184 0.000670391 -0.000379747 -0.000335951 -0.000182094 -0.00385417 -0.00730263 -0.000376766 -0.00260204 -0.00289575 -0.00444767
internal_weight=4798 1361 1183 1105 178 78 3437 3294 143 75 3184 97 258 171
internal_count=4798 1361 1183 1105 178 78 3437 3294 143 75 3184 97 258 171
is_linear=0
shrinkage=0.03


Tree=279
num_leaves=15
num_cat=0
split_feature=2 0 3 0 2 2 3 2 8 2 3 2 12 9
split_gain=136.789 18.4034 13.2863 2.81808 2.55628 3.44792 2.29857 2.16478 1.94304 1.8354 1.99323 1.98742 1.53739 1.45807
threshold=6.6005484604019271 13.347242173473058 2.3746352649809244 15.752035311914938 7.197435284064496 7.5422084027179102 4.0163424379838117 6.7664776604021464 27.050000000000004 8.4856508155632664 6.9258392696733599 8.4329414910271385 1.0000000180025095e-35 -0.62080429297372675
decision_type=2 2 2 2 2 2 2 2 10 2 2 2 10 2
left_child=1 2 -1 -3 6 -6 7 -2 -4 10 11 13 -12 -7
right_child=4 3 8 -5 5 9 -8 -9 -10 -11 12 -13 -14 -15
leaf_value=0 7.6158763110205904e-21 0 1.9464882939023629e-19 3.4341907290490167e-12 4.6118303844481576e-17 -1.2388459220562475e-14 3.7935282649664066e-18 -2.4624666738966579e-19 -2.528454395707392e-17 2.2335516392002091e-14 -7.2714363116912795e-11 -1.2639040193572138e-14 2.2384291183441599e-12 -4.8666540950382366e-16
leaf_weight=1063 20 170 56 31 111 80 60 65 20 2760 26 22 71 197
leaf_count=1063 20 170 56 31 111 80 60 65 20 2760 26 22 71 197
internal_value=-0.0033137 -0.0114318 -0.0129079 -0.00304455 -0.000123059 5.04896e-05 -0.00400685 -0.00715116 -0.000779221 -0.000133038 -0.0020403 -0.00325 0.00168367 -0.00253597
internal_weight=4752 1340 1139 201 3412 3267 145 85 76 3156 396 299 97 277
internal_count=4752 1340 1139 201 3412 3267 145 85 76 3156 396 299 97 277
is_linear=0
shrinkage=0.03


Tree=280
num_leaves=15
num_cat=0
split_feature=2 1 3 0 2 2 13 13 0 0 3 8 13 2
split_gain=137.762 30.6257 18.6488 6.84224 3.16881 3.11638 2.56884 1.97487 1.77255 1.70031 1.2761 1.25776 1.70108 1.33269
threshold=6.6005484604019271 12.239981190170202 2.3746352649809244 14.13139314629387 7.197435284064496 7.5422084027179102 2.7802406240100033 3.1286472531342255 14.17178559855537 8.2709724485610998 6.2329389346066515 17.950000000000003 3.0994184270331346 1.0000000180025095e-35
decision_type=2 2 2 2 2 2 8 10 2 2 2 10 8 2
left_child=1 2 3 -1 6 8 -2 -4 -6 -7 -11 12 -3 -14
right_child=4 11 7 -5 5 9 -8 -9 -10 10 -12 -13 13 -15
leaf_value=0 7.9788378440502735e-18 -7.5528564395592382e-15 1.5266020185286471e-17 -9.2237273623085739e-19 4.5016976982457139e-17 -7.9496549117562664e-14 -2.3885926736797581e-19 -1.720978781011223e-17 -7.1215812054847676e-14 -1.5987332244418068e-15 1.5436192290338973e-13 1.4364600638642279e-15 1.0021018570194099e-16 -5.0480768816832856e-17
leaf_weight=1095 29 29 53 34 83 39 125 40 20 851 2329 74 38 23
leaf_count=1095 29 29 53 34 83 39 125 40 20 851 2329 74 38 23
internal_value=-0.00344849 -0.011442 -0.0130744 -0.0141372 -0.000258844 -6.31959e-05 -0.00445161 -0.000159574 0.00504808 -0.000228261 -0.000150896 0.000727273 -0.00164835 0.00120968
internal_weight=4862 1386 1222 1129 3476 3322 154 93 103 3219 3180 164 90 61
internal_count=4862 1386 1222 1129 3476 3322 154 93 103 3219 3180 164 90 61
is_linear=0
shrinkage=0.03


Tree=281
num_leaves=15
num_cat=0
split_feature=3 1 0 1 8 1 8 1 0 10 13 1 10 13
split_gain=96.6407 55.0117 8.54417 6.07447 6.14172 2.49967 2.68821 2.13518 1.80255 1.50791 1.45891 1.20006 1.9111 1.48353
threshold=2.8477071124928428 11.990061341269875 14.13139314629387 9.3283900229559542 23.050000000000004 12.239981190170202 18.850000000000005 12.485971485529776 9.7387146010874108 0.45204447038849088 3.5584967250542694 15.316848798202214 -0.26302871059038868 4.5196178450035118
decision_type=2 2 2 2 10 2 10 2 2 2 8 2 2 10
left_child=1 2 3 -1 -5 6 -3 10 -6 -4 -7 12 -9 -14
right_child=-2 5 9 4 8 7 -8 11 -10 -11 -12 -13 13 -15
leaf_value=0 -1.0527387388551391e-18 0 3.189284885526918e-15 0 1.1846564367748676e-19 1.9608450494770244e-16 8.9497600397069634e-18 3.0258074419411708e-15 0 -1.8419912568167381e-16 -8.7712481256550475e-17 -4.4191171915280089e-07 -6.553563919574053e-15 1.1597708995397723e-12
leaf_weight=729 2883 51 24 424 20 53 26 133 171 21 26 21 214 20
leaf_count=729 2883 51 24 424 20 53 26 133 171 21 26 21 214 20
internal_value=-0.00350633 -0.00869442 -0.0118597 -0.01229 -0.0100568 -0.000605505 -0.00557692 0.000224359 -0.00554687 0.000978261 0.0046875 -0.000694087 -0.000285326 -0.00191489
internal_weight=4816 1933 1389 1344 615 544 77 467 191 45 79 388 367 234
internal_count=4816 1933 1389 1344 615 544 77 467 191 45 79 388 367 234
is_linear=0
shrinkage=0.03


Tree=282
num_leaves=15
num_cat=0
split_feature=2 1 2 0 4 7 2 13 1 4 1 1 2 1
split_gain=131.452 35.4952 7.2897 6.48645 3.96793 3.28981 2.93845 2.46429 1.8569 1.84452 2.9122 1.79222 1.71141 1.5097
threshold=5.6776092344700979 12.290305773177012 7.197435284064496 14.273286925094723 1.6570930023362631 5.2500000000000009 7.5422084027179102 2.6432176622821628 12.731493144940286 1.175687628581739 12.265237366968448 11.746011324393114 8.2863324211060849 13.499567202359573
decision_type=2 2 2 2 2 2 2 10 2 2 2 2 2 2
left_child=1 3 7 4 -1 8 -4 -2 -3 10 -9 -8 -13 -7
right_child=2 5 6 -5 -6 13 11 9 -10 -11 -12 12 -14 -15
leaf_value=0 7.7710548708944193e-18 1.5568696492931584e-16 4.0324739718850212e-17 -3.8844995141616014e-17 -3.0841475530766237e-15 -5.5422949708394705e-15 -4.6877667522282834e-15 -4.644689713429805e-21 4.6691681574450906e-16 -1.8178034367370989e-18 9.0759941133870023e-18 -3.5399444812627767e-13 4.5247287032482716e-13 1.7262311463656209e-12
leaf_weight=1041 51 34 110 30 27 65 1072 167 21 39 38 85 2040 24
leaf_count=1041 51 34 110 30 27 65 1072 167 21 39 38 85 2040 24
internal_value=-0.00351084 -0.0119228 -0.000607827 -0.013758 -0.0141441 0.00206897 -0.000204051 -0.00511824 0.00776786 -0.00636735 -0.0075 -0.000370544 0.000134055 -0.0015
internal_weight=4844 1242 3602 1098 1068 144 3307 295 55 244 205 3197 2125 89
internal_count=4844 1242 3602 1098 1068 144 3307 295 55 244 205 3197 2125 89
is_linear=0
shrinkage=0.03


Tree=283
num_leaves=15
num_cat=0
split_feature=2 1 0 3 7 2 2 3 0 3 13 2 0 0
split_gain=152.658 35.0495 6.09039 4.6113 3.07699 1.88815 2.86372 3.85068 3.93858 2.65 5.18428 2.28573 1.86222 1.41487
threshold=5.5673893936330385 12.265237366968448 14.13139314629387 2.6208735075298217 5.5500000000000007 6.6961078450880915 7.197435284064496 3.3585999586305397 11.832035344371459 3.5552460102593426 2.6432176622821628 7.5422084027179102 13.15058327479233 13.920760009197117
decision_type=2 2 2 2 2 2 2 2 2 2 10 2 2 2
left_child=1 2 3 -1 13 9 7 8 -7 10 -2 -8 -12 -3
right_child=5 4 -4 -5 -6 6 11 -9 -10 -11 12 -13 -14 -15
leaf_value=0 -2.331316461268326e-19 1.6358347771142168e-16 -9.1303973787079481e-17 -1.0211565766894849e-18 -4.2335212161145855e-15 -2.3155414865553363e-19 3.7352552606843193e-17 7.5379232247675864e-18 -4.5053490220269105e-21 -2.0644013611673378e-17 1.3934069140289414e-22 9.7157500591843191e-16 2.7826779535258724e-16 9.9011808393790564e-16
leaf_weight=996 23 37 32 33 76 41 115 59 37 52 80 3201 21 27
leaf_count=996 23 37 32 33 76 41 115 59 37 52 80 3201 21 27
internal_value=-0.0027013 -0.0119676 -0.0138277 -0.0142282 0.00212766 0.000367769 0.000212797 -0.00402174 -0.00835443 0.00338983 0.00576 0.000388906 0.00867647 0.00692308
internal_weight=4830 1201 1061 1029 140 3629 3453 137 78 176 124 3316 101 64
internal_count=4830 1201 1061 1029 140 3629 3453 137 78 176 124 3316 101 64
is_linear=0
shrinkage=0.03


Tree=284
num_leaves=15
num_cat=0
split_feature=2 1 3 0 7 2 2 3 1 3 2 0 1 8
split_gain=142.381 35.472 7.89195 8.08409 2.87218 2.69818 3.80888 3.95938 2.58278 2.47408 2.3529 1.78271 1.68031 1.59565
threshold=5.6776092344700979 12.265237366968448 2.6208735075298217 14.13139314629387 5.0500000000000007 6.6961078450880915 7.197435284064496 3.3585999586305397 13.47611996919739 3.1245047625697624 7.5422084027179102 13.15058327479233 11.583980208804238 24.650000000000002
decision_type=2 2 2 2 2 2 2 2 2 2 2 2 2 10
left_child=1 2 3 -1 -3 9 7 12 13 11 -8 -2 -7 -6
right_child=5 4 -4 -5 8 6 10 -9 -10 -11 -12 -13 -14 -15
leaf_value=0 1.3516047066080732e-22 1.6964991495006414e-16 -6.6391251025887034e-19 7.3703914299186657e-18 -6.3440062197309426e-15 -2.2460752419586762e-19 3.4682988638785534e-17 5.4111001552922822e-19 2.2229950803024213e-12 -1.0514424205930773e-17 -8.4975813951573768e-16 -2.261376967430276e-19 -5.768429932736709e-20 1.4790395405188168e-15
leaf_weight=1019 75 46 43 33 37 49 98 57 25 51 3180 23 26 20
leaf_count=1019 75 46 43 33 37 49 98 57 25 51 3180 23 26 20
internal_value=-0.00307338 -0.0118995 -0.0136451 -0.0141595 0.00302326 -3.79213e-05 -0.000211082 -0.00518797 -0.000361446 0.0039 -9.14913e-06 0.00666667 -0.00967105 -0.00387931
internal_weight=4782 1223 1095 1052 128 3559 3410 132 82 149 3278 98 75 57
internal_count=4782 1223 1095 1052 128 3559 3410 132 82 149 3278 98 75 57
is_linear=0
shrinkage=0.03


Tree=285
num_leaves=15
num_cat=0
split_feature=2 1 3 1 1 1 7 5 2 7 10 2 3 2
split_gain=144.973 34.1791 6.09641 2.4431 1.94631 2.28821 1.61243 1.40629 1.47412 0.95463 0.921537 0.904355 2.71415 1.49147
threshold=5.4722684669015473 12.239981190170202 2.6208735075298217 12.76514070528324 8.4094347745150468 8.8823569973311773 5.2500000000000009 10.160621058730879 13.562794308820665 7.4500000000000011 -0.50188698852276337 6.5121150080854813 4.2194806715733328 7.2393942815609558
decision_type=2 2 2 2 2 2 2 2 2 2 2 2 2 2
left_child=1 2 -1 6 -2 10 -3 8 11 -10 -6 12 -7 -13
right_child=4 3 -4 -5 5 7 -8 -9 9 -11 -12 13 -14 -15
leaf_value=0 1.4684283699270228e-20 2.2888075159903515e-16 -2.4153033888881718e-19 -1.4296913450408889e-15 -1.0286887166963053e-15 1.3110565654098311e-22 1.1114224425422955e-15 0.038915014748783519 -0.00062312064629191149 0.0040900734001238876 -5.849992692484239e-18 -2.1786929846999158e-19 -4.043017537036048e-14 3.9779005636685325e-17
leaf_weight=1036 104 30 32 80 23 88 24 46 187 25 32 152 22 2943
leaf_count=1036 104 30 32 80 23 88 24 46 187 25 32 152 22 2943
internal_value=-0.00302176 -0.0120449 -0.0138354 0.00222222 -2.48413e-05 -0.000144928 0.00709091 -4.76328e-05 -0.00011849 -0.00253521 -0.00616071 4.21085e-05 0.0027027 -5.32946e-05
internal_weight=4824 1202 1068 134 3622 3518 54 3463 3417 212 55 3205 110 3095
internal_count=4824 1202 1068 134 3622 3518 54 3463 3417 212 55 3205 110 3095
is_linear=0
shrinkage=0.03


Tree=286
num_leaves=15
num_cat=0
split_feature=2 1 4 0 0 0 8 2 8 8 8 2 2 13
split_gain=141.504 26.4556 6.97357 6.67199 1.4647 1.30389 1.67591 1.2855 1.07384 0.862251 1.49308 1.45364 2.11734 1.74474
threshold=5.4722684669015473 12.317494376681179 1.3195286648076296 14.074898786011893 12.841298798648717 16.527779344873622 24.350000000000005 11.712712556460604 10.950000000000001 30.950000000000003 37.350000000000001 12.645131279204053 13.562794308820665 2.9450127606983019
decision_type=2 2 2 2 2 2 10 2 10 10 10 2 2 8
left_child=1 2 3 -1 -3 9 7 8 -7 -2 11 13 -13 -11
right_child=5 4 -4 -5 -6 6 -8 -9 -10 10 -12 12 -14 -15
leaf_value=0 8.2186579992203654e-19 7.8752421066690955e-17 2.6268455108908828e-16 -1.4795769287759281e-19 -8.2614179745549584e-16 -1.5323603891931338e-06 1.8939108489776712e-05 -0.0019552140401329033 6.5535771217838686e-07 1.271724868447536e-22 1.7563088643106815e-19 1.7237037655809793e-05 -0.00037913848785437756 -5.6961127421360654e-15
leaf_weight=968 2320 20 21 38 99 22 34 83 31 160 592 36 33 275
leaf_count=968 2320 20 21 38 99 22 34 83 31 160 592 36 33 275
internal_value=-0.0028333 -0.0120052 -0.0135554 -0.0139126 0.001375 0.000100362 -0.00245614 -0.00394161 -0.000277778 0.00022827 -0.000464904 -0.00166337 0.00235714 -0.00230505
internal_weight=4732 1146 1027 1006 119 3586 170 136 53 3416 1096 504 69 435
internal_count=4732 1146 1027 1006 119 3586 170 136 53 3416 1096 504 69 435
is_linear=0
shrinkage=0.03


Tree=287
num_leaves=15
num_cat=0
split_feature=2 0 3 2 3 2 8 8 4 0 7 8 13 9
split_gain=141.9 20.0138 5.16685 1.94703 5.58224 3.47025 3.16568 1.83201 1.81699 1.46978 1.87416 1.49253 1.41163 1.38357
threshold=5.4722684669015473 13.347242173473058 2.6208735075298217 7.197435284064496 2.2242581879713579 7.5422084027179102 27.050000000000004 43.550000000000004 2.5453390008848964 14.300262989435145 5.1500000000000012 21.650000000000002 3.5992754323691272 0.25037047035109428
decision_type=2 2 2 2 2 2 10 10 2 2 2 10 10 2
left_child=1 2 -1 4 6 12 -2 9 -6 10 -3 -12 -5 -10
right_child=3 7 -4 5 8 -7 -8 -9 13 -11 11 -13 -14 -15
leaf_value=0 -2.4528801510816343e-20 1.2071446534895151e-16 -1.7979109610929556e-19 8.5540805230491348e-17 5.2184540426032424e-17 -2.4771584228607995e-17 5.5714373597876049e-23 2.0883638324189114e-15 -4.9807340166946598e-12 -7.9481118989884621e-16 0 0 -2.61128635613253e-14 9.6195452209994238e-14
leaf_weight=1007 132 20 27 80 96 3187 64 20 22 78 40 22 20 22
leaf_count=1007 132 20 27 80 96 3187 64 20 22 78 40 22 20 22
internal_value=-0.00302914 -0.0119012 -0.0135072 -5.38079e-05 -0.00222552 0.000168796 -0.00548223 -0.00265193 0.00234043 -0.00372671 -0.00650602 -0.00904762 0.00564356 -0.00266667
internal_weight=4837 1214 1034 3623 336 3287 196 180 140 160 82 62 100 44
internal_count=4837 1214 1034 3623 336 3287 196 180 140 160 82 62 100 44
is_linear=0
shrinkage=0.03


Tree=288
num_leaves=15
num_cat=0
split_feature=2 1 0 4 2 8 0 2 1 2 2 4 1 0
split_gain=135.737 30.8309 5.30082 5.5138 3.91053 2.8427 2.0827 1.9442 1.87437 1.79102 1.77727 1.54564 2.32567 1.36375
threshold=5.4722684669015473 12.239981190170202 14.398708089663387 1.3195286648076296 6.9414315424106467 25.050000000000004 10.918355753184782 7.5422084027179102 8.8823569973311773 15.15479036776569 7.197435284064496 1.0000000180025095e-35 12.363817557263642 12.973869167917469
decision_type=2 2 2 2 2 10 2 2 2 2 2 2 2 2
left_child=1 2 3 -1 5 11 -7 8 -6 -9 13 12 -2 -10
right_child=4 -3 -4 -5 7 6 -8 9 10 -11 -12 -13 -14 -15
leaf_value=0 -2.3928223342774921e-20 1.2374396592719786e-16 3.1689777439967299e-15 2.1433660910589639e-16 9.2116293268331954e-17 1.7036028840692815e-19 -2.4530472942024278e-20 -3.0764739378885504e-15 -2.2592857350413013e-19 0.033472486266187519 8.6057738203317001e-17 -8.1796586129719836e-18 2.2570440232014214e-17 5.7118961197341487e-18
leaf_weight=995 97 135 20 20 27 49 29 3138 32 28 86 44 23 31
leaf_count=995 97 135 20 20 27 49 29 3138 32 28 86 44 23 31
internal_value=-0.0031735 -0.012041 -0.0137983 -0.0140994 -0.000276151 -0.00395062 0.000759494 -8.97398e-06 0.00305085 -0.000179981 0.0017 -0.00618182 -0.00793388 -0.00210938
internal_weight=4754 1170 1035 1015 3584 242 78 3342 176 3166 149 164 120 63
internal_count=4754 1170 1035 1015 3584 242 78 3342 176 3166 149 164 120 63
is_linear=0
shrinkage=0.03


Tree=289
num_leaves=15
num_cat=0
split_feature=2 1 0 3 2 7 8 7 1 1 8 8 2 0
split_gain=133.594 30.7613 7.26406 6.61326 3.76433 3.46936 3.3194 1.6104 1.57388 2.61308 1.75648 1.52633 1.49355 1.75765
threshold=5.4722684669015473 12.239981190170202 14.300262989435145 2.6208735075298217 6.9414315424106467 5.5500000000000007 12.24 6.3500000000000005 11.670527323421608 9.9778868888555383 25.650000000000002 2.8500000000000001 14.729299787921002 16.527779344873622
decision_type=2 2 2 2 2 2 10 2 2 2 10 10 2 2
left_child=1 2 3 -1 6 -3 -2 -7 9 10 -8 -6 13 -13
right_child=4 5 -4 -5 11 7 8 -9 -10 -11 -12 12 -14 -15
leaf_value=0 -2.3511686106490482e-20 2.288834200548463e-16 3.0200250017307577e-15 -2.8338402845173089e-19 1.8501689106050555e-09 -7.2397376748394463e-15 -1.6207735666906835e-19 4.4090182700644077e-14 5.1824030169679766e-16 -2.3210376642491673e-20 1.6524947975472031e-19 -2.2847547226310447e-19 0.038879318239512288 -1.4863895774243022e-06
leaf_weight=983 80 64 27 35 61 39 27 34 40 45 52 3100 58 148
leaf_count=983 80 64 27 35 61 39 27 34 40 45 52 3100 58 148
internal_value=-0.00319462 -0.0119442 -0.013695 -0.0141021 -0.000328073 0.00141304 -0.00391837 -0.00304054 -0.00145455 -0.00312 0.0001875 -6.68052e-05 -0.000154218 -0.000240074
internal_weight=4793 1182 1045 1018 3611 137 244 73 164 124 79 3367 3306 3248
internal_count=4793 1182 1045 1018 3611 137 244 73 164 124 79 3367 3306 3248
is_linear=0
shrinkage=0.03


Tree=290
num_leaves=15
num_cat=0
split_feature=2 1 0 4 2 7 1 13 4 1 1 8 13 1
split_gain=137.415 28.2935 6.79141 6.35853 3.31571 2.94526 2.10976 1.63729 1.71071 1.4313 1.50224 1.26313 2.97374 0.990947
threshold=5.4722684669015473 12.239981190170202 14.300262989435145 1.3195286648076296 6.8354524644277417 5.5500000000000007 12.892625517793752 4.1608181327570675 1.0000000180025095e-35 8.5537508061901431 8.8006787668208677 18.850000000000005 3.0049092726377435 13.393923179334493
decision_type=2 2 2 2 2 2 2 8 2 2 2 10 10 2
left_child=1 2 3 -1 6 -3 7 8 11 -6 -11 -2 -13 -7
right_child=4 5 -4 -5 9 13 -8 -9 -10 10 -12 12 -14 -15
leaf_value=0 -2.2378779465933855e-20 2.4892537172153192e-16 1.6604269141960825e-15 2.4838781153697555e-16 1.6813548503142122e-16 -6.9748789134568725e-15 1.804800398168059e-13 -1.5570284141669138e-17 8.8594291203632708e-17 -3.1550056185909203e-13 -1.3140842586957705e-17 -1.564831392342656e-20 2.2406518845611243e-17 5.1161085165787862e-13
leaf_weight=1013 68 59 29 21 71 51 21 25 31 25 3338 29 38 25
leaf_count=1013 68 59 29 21 71 51 21 25 31 25 3338 29 38 25
internal_value=-0.00334985 -0.0121601 -0.0138017 -0.0142029 -0.000452427 0.000772059 -0.00408451 -0.00507813 -0.0039521 -0.000227074 -0.000316587 -0.00540441 -0.00242647 -0.00311688
internal_weight=4844 1198 1063 1034 3646 135 212 191 166 3434 3363 135 67 76
internal_count=4844 1198 1063 1034 3646 135 212 191 166 3434 3363 135 67 76
is_linear=0
shrinkage=0.03


Tree=291
num_leaves=15
num_cat=0
split_feature=2 1 0 4 2 3 7 1 2 0 1 13 4 13
split_gain=147.559 26.3411 6.61396 5.26886 3.24334 3.53607 2.80433 2.84906 2.64538 2.12579 1.77807 1.35349 1.23314 1.62743
threshold=5.4722684669015473 12.239981190170202 14.300262989435145 1.0000000180025095e-35 6.8354524644277417 3.3585999586305397 5.5500000000000007 13.47611996919739 7.4838060557221571 14.300262989435145 12.239981190170202 3.7383421983898262 3.2864907994982535 2.9114612549618815
decision_type=2 2 2 2 2 2 2 2 2 2 2 8 2 8
left_child=1 2 3 -1 5 10 -3 -8 9 12 -2 -7 13 -6
right_child=4 6 -4 -5 8 11 7 -9 -10 -11 -12 -13 -14 -15
leaf_value=0 -2.170741608195584e-20 2.4700888389995062e-16 2.2451127755115765e-15 6.8866313076006816e-17 5.2666466703769532e-18 1.3405406892640797e-16 -7.2031824714575562e-15 7.7463227886405105e-13 -1.2260874037250904e-15 -1.2583132880180392e-13 -7.5755067909663749e-17 -2.5557674628880482e-17 -9.6806324919100887e-12 2.8343743513514008e-17
leaf_weight=1036 109 58 26 21 53 55 43 22 3191 28 38 21 21 95
leaf_count=1036 109 58 26 21 53 55 43 22 3191 28 38 21 21 95
internal_value=-0.00322229 -0.0123032 -0.0137961 -0.0141635 -0.000186877 -0.00368304 0.000846774 -0.00340909 4.42608e-05 0.00340909 -0.00638514 0.00155844 0.00467647 0.00563758
internal_weight=4817 1206 1083 1057 3611 223 123 65 3388 197 147 76 169 148
internal_count=4817 1206 1083 1057 3611 223 123 65 3388 197 147 76 169 148
is_linear=0
shrinkage=0.03


Tree=292
num_leaves=15
num_cat=0
split_feature=3 0 0 0 8 8 7 7 8 10 13 0 8 7
split_gain=94.6858 38.1379 4.86901 2.72193 3.86113 2.33937 3.00331 1.66827 1.60938 1.51373 1.22755 1.20363 1.10157 0.971307
threshold=2.2242581879713579 12.944108442513649 10.100133079593316 13.942508120160754 23.850000000000005 33.850000000000001 5.9350000000000014 6.0100000000000007 38.750000000000007 1.0000000180025095e-35 3.0242788409022912 13.528757150592151 10.750000000000002 5.2500000000000009
decision_type=2 2 2 2 10 10 2 2 10 2 10 2 10 2
left_child=1 2 13 4 7 -4 8 9 -7 12 -6 -12 -3 -1
right_child=-2 3 5 -5 10 6 -8 -9 -10 -11 11 -13 -14 -15
leaf_value=0 -1.0552971732068873e-19 1.7778702462139222e-16 0 -2.6405407040488113e-19 0 9.7225008193660733e-16 0 0 -1.8972388662708737e-21 -2.3348627622795763e-18 1.7705955142616822e-13 -3.1325457486283669e-17 -3.1937699744504922e-19 0
leaf_weight=359 2953 22 589 363 46 27 43 35 47 44 32 20 28 258
leaf_count=359 2953 22 589 363 46 27 43 35 47 44 32 20 28 258
internal_value=-0.00338401 -0.0085815 -0.0114086 -0.0022335 -0.00480263 -0.00967468 -0.00572034 -0.00819231 -0.002 -0.006 -0.00030303 0.00283019 -0.00235294 -0.0133738
internal_weight=4866 1913 1323 590 227 706 117 129 74 94 98 52 50 617
internal_count=4866 1913 1323 590 227 706 117 129 74 94 98 52 50 617
is_linear=0
shrinkage=0.03


Tree=293
num_leaves=15
num_cat=0
split_feature=2 1 2 3 2 1 3 1 7 13 13 1 9 13
split_gain=130.117 18.8075 9.909 4.38446 3.89631 3.54438 2.43302 2.07183 1.84565 1.61095 1.45917 1.39333 1.08642 1.04401
threshold=4.7854040570768062 12.200419114747076 7.197435284064496 2.6208735075298217 7.5422084027179102 12.239981190170202 0.80471895621705036 11.309814393395532 5.0500000000000007 3.0504854687730614 4.1421983829255451 12.222356734177021 0.25881904510252091 2.6773443836690194
decision_type=2 2 2 2 2 2 2 2 2 10 8 2 2 10
left_child=1 6 3 5 11 10 7 -1 -9 -10 -2 -4 -7 -5
right_child=2 -3 4 13 -6 12 -8 8 9 -11 -12 -13 -14 -15
leaf_value=0 -2.1186959834820252e-20 -1.4989227627423868e-17 9.0704908633631027e-17 1.5206443413963432e-16 -5.2168338211981343e-16 -3.9849609754082834e-15 0 0 0 0 0 -3.5117190991501785e-14 5.1877652760199287e-16 -2.5548979886437495e-18
leaf_weight=866 176 128 90 33 3167 31 20 73 20 29 23 20 25 109
leaf_count=866 176 128 90 33 3167 31 20 73 20 29 23 20 25 109
internal_value=-0.00313656 -0.0120053 -0.000391837 -0.00486181 0.000151007 -0.00720703 -0.0133796 -0.0135895 -0.0097561 -0.0051 -0.009075 0.00567568 -0.000526316 -0.000629371
internal_weight=4810 1136 3674 397 3277 255 1008 988 122 49 199 110 56 142
internal_count=4810 1136 3674 397 3277 255 1008 988 122 49 199 110 56 142
is_linear=0
shrinkage=0.03


Tree=294
num_leaves=15
num_cat=0
split_feature=3 1 1 8 7 7 0 0 7 1 0 1 9 0
split_gain=75.716 44.4715 15.0618 10.9652 4.354 3.78364 2.91509 2.51108 2.3799 2.56201 1.93018 1.79497 1.63389 1.51595
threshold=1.0000000180025095e-35 12.200419114747076 8.2114826860640537 31.625000000000004 4.8500000000000005 5.5500000000000007 13.118866248070022 10.02340161379713 5.2500000000000009 13.337088791184405 13.176460422281679 10.805187164173372 -0.71017861517036496 13.370716857339312
decision_type=2 2 2 10 2 2 2 2 2 2 2 2 2 2
left_child=1 2 13 4 -4 -5 11 -7 9 -3 -9 -6 -13 -1
right_child=-2 8 3 5 6 7 -8 10 -10 -11 -12 12 -14 -15
leaf_value=0 7.4379677427383639e-19 2.9045761548869852e-16 0 3.9955150370766563e-18 0 1.1118905465612212e-19 0 -2.2037753272668044e-19 -3.9582774575399418e-15 -0.00026179736738605135 9.3976372458851011e-19 6.356087950446075e-22 0 -1.8107169802342728e-18
leaf_weight=529 3005 102 200 62 238 23 71 68 315 55 25 22 114 20
leaf_count=529 3005 102 200 62 238 23 71 68 315 55 25 22 114 20
internal_value=-0.00284227 -0.00762602 -0.0103569 -0.00777306 -0.00958978 -0.00117318 -0.00790359 -0.00435897 0.000317125 0.00332278 -0.00654255 -0.00896 -0.00613139 -0.0142091
internal_weight=4849 1844 1372 823 645 178 445 116 472 157 93 374 136 549
internal_count=4849 1844 1372 823 645 178 445 116 472 157 93 374 136 549
is_linear=0
shrinkage=0.03


Tree=295
num_leaves=15
num_cat=0
split_feature=3 1 1 8 1 7 0 0 7 1 8 8 1 0
split_gain=74.0449 47.5914 12.4781 13.528 3.98767 6.30208 2.11625 1.48846 1.48791 1.47318 1.2925 1.71977 1.42067 1.24315
threshold=2.2242581879713579 11.541665611967661 8.2114826860640537 25.050000000000004 12.222356734177021 4.9500000000000011 13.49433987878975 12.973869167917469 4.8500000000000005 8.8823569973311773 43.550000000000004 31.950000000000003 10.564717252748938 11.44051063025527
decision_type=2 2 2 10 2 2 2 2 2 2 10 10 2 2
left_child=1 2 7 6 5 -3 8 -1 -4 -10 11 13 -13 -5
right_child=-2 4 3 10 -6 -7 -8 -9 9 -11 -12 12 -14 -15
leaf_value=0 2.1378180431629342e-18 0 0 0 1.5439767882465533e-16 3.3056629909002064e-21 -2.0811841996572262e-19 -1.7835562255307585e-18 0 0 -6.7296911456738228e-19 1.3328299371701979e-19 -1.1917292515126697e-19 0
leaf_weight=557 2927 71 147 37 453 108 34 20 45 274 31 64 45 21
leaf_count=557 2927 71 147 37 453 108 34 20 45 274 31 64 45 21
internal_value=-0.00294105 -0.00753931 -0.0108738 -0.00815451 -0.000805687 -0.00458333 -0.0107784 -0.0141436 -0.0113062 -0.0100781 -0.00150754 -0.000446429 0.00177273 -0.00457627
internal_weight=4834 1907 1275 698 632 179 500 577 466 319 198 167 109 58
internal_count=4834 1907 1275 698 632 179 500 577 466 319 198 167 109 58
is_linear=0
shrinkage=0.03


Tree=296
num_leaves=15
num_cat=0
split_feature=2 0 1 2 2 2 2 8 2 0 10 8 0 0
split_gain=111.884 33.8947 4.91428 2.3081 2.70479 2.99237 2.45902 2.33041 1.52957 1.42584 1.34103 1.36809 1.22273 1.97213
threshold=4.7854040570768062 12.973869167917469 12.317494376681179 6.9414315424106467 7.5422084027179102 7.2393942815609558 5.4722684669015473 25.050000000000004 14.729299787921002 13.962708169661443 -0.90629915963972441 35.750000000000007 11.346162242049504 11.595562402157659
decision_type=2 2 2 2 2 2 2 10 2 2 2 10 2 2
left_child=1 2 -1 6 5 -5 -2 -8 12 -7 -3 -12 -6 -14
right_child=3 10 -4 4 8 9 7 -9 -10 -11 11 -13 13 -15
leaf_value=0 6.356087950446075e-22 4.5011767984150746e-17 2.5720709166606196e-17 -2.3129063514529173e-19 1.1114594442149359e-15 1.249741368324399e-16 -9.617939254501024e-20 6.5791681573614974e-22 0.036713676851320008 -2.2865370207713471e-14 0 -6.2590861806125863e-17 -4.9540502346259888e-12 -2.6096702933169614e-14
leaf_weight=912 60 34 21 95 574 72 171 73 57 20 145 28 84 2483
leaf_count=912 60 34 21 95 574 72 171 73 57 20 145 28 84 2483
internal_value=-0.00299068 -0.0112007 -0.0136349 -0.00045122 -0.00022593 0.00327128 -0.00295082 -0.00428571 -0.000431385 0.00709677 -0.000216346 -0.0012931 -0.000520369 -0.000800234
internal_weight=4829 1140 933 3689 3385 187 304 244 3198 92 207 173 3141 2567
internal_count=4829 1140 933 3689 3385 187 304 244 3198 92 207 173 3141 2567
is_linear=0
shrinkage=0.03


Tree=297
num_leaves=15
num_cat=0
split_feature=2 1 7 1 8 7 3 2 2 8 1 1 2 2
split_gain=119.867 21.0438 3.46248 5.16776 2.89049 1.93449 1.81016 2.49945 2.30339 2.48315 2.23889 2.22294 1.84391 1.72979
threshold=4.7854040570768062 12.222356734177021 5.1500000000000012 11.241844637092649 16.950000000000003 5.0500000000000007 4.0163424379838117 7.197435284064496 5.4722684669015473 30.450000000000003 12.265237366968448 10.686046371582785 7.5422084027179102 8.3514927077801584
decision_type=2 2 2 2 10 2 2 2 2 10 2 2 2 2
left_child=1 2 -1 -4 -5 -3 7 8 -2 10 -10 12 -8 -9
right_child=6 5 3 4 -6 -7 11 13 9 -11 -12 -13 -14 -15
leaf_value=0 6.1654053119326929e-22 1.5888225536241029e-16 0 -9.9169889727006195e-23 9.4821400336244707e-21 -4.2922274515091891e-15 1.4390775685887614e-16 7.6406691043989724e-17 -2.4317484017039972e-19 -2.2567235259761572e-21 -7.9869970209922885e-17 -1.0967292546740346e-14 1.5772248464583911e-14 -5.6484094531478918e-15
leaf_weight=523 49 48 407 23 27 76 108 189 115 62 38 2228 406 440
leaf_count=523 49 48 407 23 27 76 108 189 115 62 38 2228 406 440
internal_value=-0.00275 -0.0114027 -0.0128746 -0.0109061 -0.00176471 0.00024 -0.000119637 -0.00129195 -0.00373585 -0.00506944 -0.00711039 0.000262486 0.00203883 -0.000261905
internal_weight=4739 1104 980 457 50 124 3635 893 264 215 153 2742 514 629
internal_count=4739 1104 980 457 50 124 3635 893 264 215 153 2742 514 629
is_linear=0
shrinkage=0.03


Tree=298
num_leaves=15
num_cat=0
split_feature=2 0 1 2 3 1 1 2 3 13 3 1 0 2
split_gain=109.674 30.9484 8.76722 2.46962 2.46103 2.40708 1.95228 1.72186 1.88683 1.9936 1.48012 1.72649 2.31152 1.47116
threshold=4.7854040570768062 12.973869167917469 12.265237366968448 7.0490338225425244 0.80471895621705036 11.241844637092649 9.1611763793250898 7.5422084027179102 3.8968964838426357 3.1662001000976048 4.1149555194928924 8.8823569973311773 13.561274917818178 5.4722684669015473
decision_type=2 2 2 2 2 2 2 2 2 10 2 2 2 2
left_child=1 2 4 10 -1 6 -3 8 -5 -10 11 -2 13 -13
right_child=3 5 -4 7 -6 -7 -8 -9 9 -11 -12 12 -14 -15
leaf_value=0 5.9804431525747124e-22 2.9875119682447218e-20 6.6766581655487137e-17 -1.7877738587214709e-19 -2.231390322821509e-20 6.9946712978660275e-20 -1.3456228739066848e-18 -2.2150835810774233e-15 3.5743795197736651e-16 -2.7937647237310279e-15 4.3575363119005237e-18 -3.7564479787136303e-23 2.7262204305097312e-19 -2.3619620500098316e-19
leaf_weight=877 57 24 22 75 21 137 32 3226 52 20 88 27 48 126
leaf_count=877 57 24 22 75 21 137 32 3226 52 20 88 27 48 126
internal_value=-0.00274364 -0.0110009 -0.0132899 -0.000270161 -0.0137486 -7.73196e-05 -0.00526316 -2.22288e-05 0.00314189 0.00657534 -0.00268012 -0.00382239 -0.00512376 -0.00691558
internal_weight=4832 1113 920 3719 898 193 56 3373 147 72 346 258 201 153
internal_count=4832 1113 920 3719 898 193 56 3373 147 72 346 258 201 153
is_linear=0
shrinkage=0.03


Tree=299
num_leaves=15
num_cat=0
split_feature=2 1 7 1 7 1 8 1 3 2 2 1 1 8
split_gain=111.835 22.7422 4.93421 8.38722 1.80057 1.57542 5.44324 1.47405 1.40043 1.56337 3.12364 2.24926 2.71516 2.32764
threshold=4.7854040570768062 12.338728964246885 5.1500000000000012 11.194831368008368 5.9350000000000014 8.5537508061901431 32.650000000000013 11.515983281687092 3.1245047625697624 7.197435284064496 5.4722684669015473 8.8823569973311773 12.222356734177021 32.95000000000001
decision_type=2 2 2 2 2 2 10 2 2 2 2 2 2 10
left_child=1 2 -1 5 -3 -4 -7 -5 9 10 -2 -12 13 -13
right_child=8 4 3 7 -6 6 -8 -9 -10 -11 11 12 -14 -15
leaf_value=0 5.8963711772541632e-22 2.4601321446050813e-16 0 1.9318310526474731e-21 -6.3061983549531599e-15 0 2.6128361702898196e-21 -9.6194793035196009e-23 1.5117586126398316e-16 -4.437432078744893e-17 6.2327732763303196e-20 -3.7250621002901514e-19 -2.335528506925463e-18 -2.8178948759554123e-20
leaf_weight=546 46 68 234 20 49 153 26 37 2822 582 35 91 49 25
leaf_count=546 46 68 234 20 49 153 26 37 2822 582 35 91 49 25
internal_value=-0.00263064 -0.0108598 -0.0123009 -0.01 0.00165254 -0.0114855 -0.00925 0.000775862 -7.39523e-05 -0.00115802 -0.00315789 -0.00477612 -0.00623494 -0.00871795
internal_weight=4783 1133 1016 470 117 413 179 57 3650 828 246 200 165 116
internal_count=4783 1133 1016 470 117 413 179 57 3650 828 246 200 165 116
is_linear=0
shrinkage=0.03


Tree=300
num_leaves=15
num_cat=0
split_feature=2 0 1 3 8 1 0 13 8 8 3 3 1 3
split_gain=120.447 34.5441 5.08455 2.63852 1.60298 8.09491 1.45019 2.11181 1.95066 1.47532 1.28289 1.28015 1.69579 1.86677
threshold=4.7854040570768062 12.973869167917469 12.338728964246885 0.80471895621705036 33.350000000000001 8.2114826860640537 12.733168034440927 4.3143932081652014 42.850000000000001 11.950000000000001 6.4437336423653724 8.6325706589665678 10.62495490417807 7.0275343252732902
decision_type=2 2 2 2 10 2 2 8 10 10 2 2 2 2
left_child=1 2 3 4 -1 -6 7 8 11 -9 -11 12 13 -2
right_child=6 -3 -4 -5 5 -7 -8 9 -10 10 -12 -13 -14 -15
leaf_value=0 -4.2262218673784698e-21 5.5416423655689466e-21 1.5742504046656829e-17 -2.1644486131368636e-20 0 2.5344510851811247e-21 -2.6614014374926703e-15 3.2655878593533645e-16 -3.6292908607999022e-17 -1.0653107847603488e-13 -7.15447183577494e-12 -1.1917731685419272e-12 1.2905994862901532e-15 1.7563437577386675e-13
leaf_weight=771 398 185 20 20 90 27 2156 20 122 33 21 313 441 110
leaf_count=771 398 185 20 20 90 27 2156 20 122 33 21 313 441 110
internal_value=-0.00248414 -0.0111086 -0.0134661 -0.0137954 -0.0140382 -0.0105508 0.000174274 0.000904729 0.00116968 -0.004 -0.00654545 0.00152019 0.00206842 0.000884086
internal_weight=4727 1113 928 908 888 117 3614 1458 1384 74 54 1262 949 508
internal_count=4727 1113 928 908 888 117 3614 1458 1384 74 54 1262 949 508
is_linear=0
shrinkage=0.03


Tree=301
num_leaves=15
num_cat=0
split_feature=2 1 7 1 8 3 7 7 1 8 1 1 8 8
split_gain=127.487 23.9981 3.65303 5.18232 2.96552 1.90677 1.33854 1.27937 1.43595 1.10621 5.83543 1.08436 1.03348 1.00439
threshold=4.7854040570768062 12.338728964246885 5.2500000000000009 11.121104287066967 21.450000000000003 1.3195286648076296 6.2500000000000009 4.9500000000000011 13.393923179334493 32.45000000000001 8.2114826860640537 7.894224736846609 34.95000000000001 5.0450000000000008
decision_type=2 2 2 2 10 2 2 2 2 10 2 2 10 8
left_child=1 2 -1 5 6 9 -5 -3 -9 -4 -11 12 -2 -13
right_child=11 7 3 4 -6 -7 -8 8 -10 10 -12 13 -14 -15
leaf_value=0 1.2071707074674227e-15 2.0575760411155946e-16 0 -9.330894924414012e-23 1.0108128651229726e-20 -2.0995151547427579e-20 0 -3.1507226145617637e-15 7.5182044848314602e-13 0 2.4868761356197546e-21 -1.0726292379660589e-13 -1.0518776405194972e-21 4.5328218463896757e-19
leaf_weight=556 36 37 287 24 21 20 23 59 25 72 22 181 25 3446
leaf_count=556 36 37 287 24 21 20 23 59 25 72 22 181 25 3446
internal_value=-0.00253775 -0.0112729 -0.0127632 -0.0107553 -0.00304348 -0.0120522 -0.0071875 0.00135246 -0.000705882 -0.0125262 -0.00947368 0.00017891 0.0041129 0.000111632
internal_weight=4834 1146 1025 469 68 401 47 121 84 381 94 3688 61 3627
internal_count=4834 1146 1025 469 68 401 47 121 84 381 94 3688 61 3627
is_linear=0
shrinkage=0.03


Tree=302
num_leaves=15
num_cat=0
split_feature=2 0 1 3 7 10 1 0 12 1 2 8 8 9
split_gain=120.105 32.9453 8.22724 2.03983 1.47079 1.6455 1.98616 1.53752 1.5645 1.49006 1.44101 1.47947 1.8688 1.55199
threshold=4.7854040570768062 12.944108442513649 12.338728964246885 0.80471895621705036 5.6500000000000012 -0.26302871059038868 14.235626647569367 13.318169830551094 2.5000000000000004 13.742595706967148 10.812970117537434 23.650000000000002 9.9100000000000019 -0.26302871059038929
decision_type=2 2 2 2 2 2 2 2 10 2 2 10 10 2
left_child=1 2 3 -1 5 6 9 10 -9 -2 11 12 -7 -14
right_child=4 -3 -4 -5 -6 7 -8 8 -10 -11 -12 -13 13 -15
leaf_value=0 1.51953635982562e-15 1.8182414030283221e-21 5.4842585491312498e-17 -2.0680224274216165e-20 -1.7586884252921402e-17 6.3936394040648659e-16 -0.00028520632351772192 -1.5667845871300678e-11 4.5121871569015585e-09 1.0412238639180411e-05 6.6941557690196304e-10 9.5456074239940972e-16 -1.1817443639372041e-15 -1.1063068061697558e-19
leaf_weight=886 397 194 21 20 2357 49 58 330 83 44 58 183 44 70
leaf_count=886 397 194 21 20 2357 49 58 330 83 44 58 183 44 70
internal_value=-0.00265276 -0.0112433 -0.0135937 -0.0140243 -2.85792e-05 0.000774487 0.00213 -5.50122e-05 -0.00134058 0.00281674 0.00125926 0.000518732 -0.00155488 -0.00365217
internal_weight=4794 1121 927 906 3673 1316 499 817 413 441 404 346 163 114
internal_count=4794 1121 927 906 3673 1316 499 817 413 441 404 346 163 114
is_linear=0
shrinkage=0.03


Tree=303
num_leaves=15
num_cat=0
split_feature=2 0 1 3 2 0 13 3 13 1 7 3 8 3
split_gain=119.309 36.9324 8.03997 2.49127 2.31013 1.44649 4.44159 2.86926 2.4983 3.14446 2.41562 2.16449 1.71365 1.62426
threshold=4.7854040570768062 12.944108442513649 12.379940790318781 0.80471895621705036 7.5422084027179102 11.958858904963675 3.7383421983898262 4.1149555194928924 3.3793689636457813 10.114791233291383 5.6500000000000012 5.8543550762015037 31.950000000000003 3.8968964838426357
decision_type=2 2 2 2 2 2 8 2 8 2 2 2 10 2
left_child=1 2 3 -1 5 7 11 8 9 10 -2 13 -12 -7
right_child=4 -3 -4 -5 -6 6 -8 -9 -10 -11 12 -13 -14 -15
leaf_value=0 -2.2548234838702555e-17 7.1629421312067423e-21 1.9913656686520611e-17 -1.9744890272778263e-20 5.9077895981293071e-16 8.0151397558330866e-17 -3.6708777664396299e-15 1.5736160353805979e-16 1.3565153490459397e-16 -3.8212764402256837e-17 -8.7592703282822141e-20 -1.1604778309967758e-14 1.4302266244552476e-18 1.1637710208675117e-15
leaf_weight=873 40 195 21 21 3141 99 63 87 59 38 26 21 21 35
leaf_count=873 40 195 21 21 3141 99 63 87 59 38 26 21 21 35
internal_value=-0.00225269 -0.0108551 -0.0133788 -0.0138101 0.000380061 0.00229592 0.00410959 0.000827206 -0.0012973 -0.00369048 -0.000511364 0.00682692 0.0040625 0.00822222
internal_weight=4740 1110 915 894 3630 489 218 271 184 125 87 155 47 134
internal_count=4740 1110 915 894 3630 489 218 271 184 125 87 155 47 134
is_linear=0
shrinkage=0.03


Tree=304
num_leaves=15
num_cat=0
split_feature=2 1 7 1 8 7 3 7 13 10 10 3 2 1
split_gain=136.63 20.7523 3.8826 3.93122 8.75518 1.68988 1.13681 1.71251 1.42049 2.19365 2.30108 1.45034 2.36854 1.78179
threshold=4.7854040570768062 12.338728964246885 5.1500000000000012 8.5537508061901431 32.650000000000013 5.5500000000000007 8.1324861336944583 7.1500000000000012 4.560733678289326 -0.70864607840491656 0.50188698852276337 9.1401590327106863 10.701191799792733 12.485971485529776
decision_type=2 2 2 2 10 2 2 2 8 2 2 2 2 2
left_child=1 2 -1 -4 -5 -3 7 -2 11 -10 -11 12 -8 -14
right_child=6 5 3 4 -6 -7 8 -9 9 10 -12 -13 13 -15
leaf_value=0 7.7853197522785706e-17 2.2974512751661141e-16 0 0 2.4407284345452253e-21 -5.6920245537572669e-15 -1.1560371828464016e-12 -3.3523547043247391e-13 -0.00028511420677065127 3.4601904919290911e-05 1.3235794629951908e-08 3.9741293752311833e-10 -4.5943785090581444e-08 -5.3212612126705551e-08
leaf_weight=569 1896 51 236 201 41 60 283 33 27 36 33 1182 33 106
leaf_count=569 1896 51 236 201 41 60 283 33 27 36 33 1182 33 106
internal_value=-0.00242168 -0.0113891 -0.0126956 -0.0106472 -0.00790123 0.0009375 0.000442149 0.000940415 -0.000123457 0.00340206 0.00621429 -0.000336449 -0.00184397 -0.00503571
internal_weight=4787 1158 1047 478 242 111 3629 1929 1700 96 69 1604 422 139
internal_count=4787 1158 1047 478 242 111 3629 1929 1700 96 69 1604 422 139
is_linear=0
shrinkage=0.03


Tree=305
num_leaves=15
num_cat=0
split_feature=2 0 1 3 7 3 2 2 0 13 13 7 7 2
split_gain=130.349 42.6576 4.07822 1.94309 1.85427 2.32303 2.76516 2.53737 2.39618 3.10519 1.84073 1.71077 1.49553 1.87106
threshold=4.7854040570768062 12.944108442513649 12.239981190170202 0.80471895621705036 5.0500000000000007 2.2242581879713579 6.6961078450880915 10.890963411556248 12.764504462465696 3.6648081903846972 3.2651247527426501 5.6500000000000012 7.4500000000000011 12.784988833329583
decision_type=2 2 2 2 2 2 2 2 2 8 10 2 2 2
left_child=1 2 3 -1 10 6 8 -7 9 11 -2 -6 -9 -14
right_child=4 -3 -4 -5 5 7 -8 12 -10 -11 -12 -13 13 -15
leaf_value=0 -1.5060477225508775e-18 3.9552734385238763e-20 -2.3221674795720512e-18 -1.9782398111017743e-20 -4.4679027158712369e-18 1.3603093495895363e-15 -2.4651334508409424e-18 -9.7722383428413563e-11 4.817125858315289e-17 3.1696295888044153e-15 4.6798791425882773e-13 -4.8908488178534084e-18 -0.0033810724747404194 0.027510127089095102
leaf_weight=911 77 201 21 21 33 1582 511 1221 32 20 106 45 22 37
leaf_count=911 77 201 21 21 33 1582 511 1221 32 20 106 45 22 37
internal_value=-0.00234869 -0.0111429 -0.0137893 -0.0140836 0.000406835 0.000252568 -0.0013785 0.000618233 -0.00526718 -0.00757576 0.00334239 -0.0102532 -0.000374707 0.00425
internal_weight=4840 1154 953 932 3686 3503 641 2862 130 98 183 78 1280 59
internal_count=4840 1154 953 932 3686 3503 641 2862 130 98 183 78 1280 59
is_linear=0
shrinkage=0.03


Tree=306
num_leaves=15
num_cat=0
split_feature=2 0 2 0 3 13 13 13 3 0 2 13 13 13
split_gain=119.163 40.5709 3.92381 7.7474 3.16734 2.82771 2.27775 1.82092 1.48738 1.28147 1.22976 2.18878 2.72726 1.27828
threshold=4.7854040570768062 12.973869167917469 6.6005484604019271 12.528936323428866 0.80471895621705036 3.4675455655798575 3.5584967250542694 3.6648081903846972 4.1149555194928924 13.597546954556858 13.562794308820665 4.2963685801628158 3.2491140255292739 2.9450127606983019
decision_type=2 2 2 2 2 10 8 8 2 2 2 8 10 10
left_child=1 4 3 7 -1 9 -5 8 -2 -3 13 12 -12 -4
right_child=2 5 10 6 -6 -7 -8 -9 -10 -11 11 -13 -14 -15
leaf_value=0 -3.0185872480832745e-17 3.8746419408649256e-20 1.7645063043450414e-15 3.1288965769619809e-15 -1.8559071621264385e-20 -1.3116066201158731e-18 -3.3160447460267935e-16 -8.0909661667125245e-17 -6.5106937680116736e-17 3.8923502626617677e-16 -0.00080328767255656716 -0.0031351849680753344 0.00042356780766861793 -2.3911794473157142e-18
leaf_weight=915 105 31 1219 37 21 76 25 37 26 78 136 43 64 2021
leaf_count=915 105 31 1219 37 21 76 25 37 26 78 136 43 64 2021
internal_value=-0.00256877 -0.0111364 2.01939e-05 -0.00376623 -0.0136713 0.00169355 0.0052381 -0.00710059 -0.00875 0.00477273 0.00027124 -0.00178279 -0.000447761 0.000425795
internal_weight=4834 1121 3713 230 936 185 62 168 131 109 3483 243 200 3240
internal_count=4834 1121 3713 230 936 185 62 168 131 109 3483 243 200 3240
is_linear=0
shrinkage=0.03


Tree=307
num_leaves=15
num_cat=0
split_feature=1 3 0 3 8 1 0 7 1 7 4 9 0 4
split_gain=73.8466 23.4734 29.0805 15.8933 9.00008 10.8 5.92514 2.4428 1.63131 1.48561 1.73947 1.45065 1.97328 1.49852
threshold=8.1360059730884 2.3746352649809244 12.944108442513649 2.2242581879713579 27.850000000000005 12.265237366968448 12.973869167917469 4.8500000000000005 11.649447358675964 5.2500000000000009 2.957426722368071 -0.13484964659005841 16.698723445546694 3.5904155995222786
decision_type=2 2 2 2 10 2 2 2 2 2 2 2 2 2
left_child=3 2 4 6 5 7 -1 -2 -9 -3 -11 12 -12 -13
right_child=1 9 -4 -5 -6 -7 -8 8 -10 10 11 13 -14 -15
leaf_value=0 0 -7.8696258961010004e-11 4.4830891350449213e-20 1.1144908714895185e-16 -1.2388305729037759e-19 9.7833514818185742e-17 4.9825773784638575e-20 0 -4.5254840383407957e-23 1.8780740929886388e-15 -5.6725879744232537e-11 -5.3848537766679138e-11 -0.002817267807713218 1.8985755387251888e-09
leaf_weight=535 193 106 565 67 196 53 22 318 48 1364 583 30 27 706
leaf_count=535 193 106 565 67 196 53 22 318 48 1364 583 30 27 706
internal_value=-0.00262048 -0.00118496 -0.00439956 -0.01224 -0.00804697 -0.00983687 -0.0138978 -0.0110625 -0.00956403 0.000383387 0.000520103 -0.000244989 -0.0013257 0.000651289
internal_weight=4813 4189 1373 624 808 612 557 559 366 2816 2710 1346 610 736
internal_count=4813 4189 1373 624 808 612 557 559 366 2816 2710 1346 610 736
is_linear=0
shrinkage=0.03


Tree=308
num_leaves=15
num_cat=0
split_feature=2 0 1 2 1 7 0 0 1 1 10 0 9 6
split_gain=114.441 34.689 5.50469 3.52252 2.50046 2.79138 2.45037 2.42782 1.79229 1.27683 1.1772 1.17115 2.00046 1.16406
threshold=5.1177068786547126 12.973869167917469 12.379940790318781 6.9414315424106467 8.5537508061901431 4.8500000000000005 13.688228735287215 13.070310700308005 11.609432446070445 11.497842179198281 -0.26302871059038868 10.384836577195097 -0.13484964659005841 8.225695476803752
decision_type=2 2 2 2 2 2 2 2 2 2 2 2 2 2
left_child=1 2 4 7 -1 -6 -3 11 -8 -7 -9 12 -2 -5
right_child=3 6 -4 13 5 9 8 10 -10 -11 -12 -13 -14 -15
leaf_value=0 4.7687491550416524e-17 4.3811733021992805e-20 9.5585527402682395e-18 1.8224436710325802e-16 0 0 -1.6727726558667996e-17 -3.8112360616398066e-15 4.5227276279270205e-16 -8.9152035555313675e-23 2.6851811444897507e-15 -3.8332876300815417e-17 -1.7063007333197159e-17 0.037639170837027114
leaf_weight=548 40 61 21 3320 187 203 41 24 100 21 46 134 45 23
leaf_count=548 40 61 21 3320 187 203 41 24 100 21 46 134 45 23
internal_value=-0.00262305 -0.010727 -0.0130581 1.65153e-05 -0.0133906 -0.0115413 0.000591133 -0.00315517 -0.00158451 -0.0092 0.00169014 -0.00470455 -0.0019186 0.000291567
internal_weight=4814 1182 980 3632 959 411 202 289 141 224 70 219 85 3343
internal_count=4814 1182 980 3632 959 411 202 289 141 224 70 219 85 3343
is_linear=0
shrinkage=0.03


Tree=309
num_leaves=15
num_cat=0
split_feature=2 0 1 2 0 1 8 3 0 2 1 0 1 0
split_gain=115.196 29.0131 5.84816 2.86998 2.89088 2.04517 14.4742 1.8455 1.37091 1.32929 1.31638 1.16163 1.57962 2.37661
threshold=5.1177068786547126 12.944108442513649 12.265237366968448 6.9414315424106467 13.460526854913079 8.2114826860640537 28.405000000000005 4.2194806715733328 14.634897327524396 6.2161058529120918 8.7208683397610738 15.752035311914938 12.545843877195823 13.688228735287215
decision_type=2 2 2 2 2 2 10 2 2 2 2 2 2 2
left_child=1 2 5 4 7 -1 -7 10 -6 -9 -2 12 13 -3
right_child=3 11 -4 -5 8 6 -8 9 -10 -11 -12 -13 -14 -15
leaf_value=0 -2.876840608641185e-17 1.8058030468020867e-20 4.2555447398112705e-17 1.4054065224997105e-16 2.519886027403472e-13 0 3.7164917187113274e-21 1.1108655862942137e-15 -5.3950387157737562e-15 -1.0155963836178137e-16 -2.4571438972988136e-17 3.7399454685346108e-12 6.2674056169160483e-16 -2.5265452008051056e-17
leaf_weight=514 35 54 23 3385 34 385 42 27 22 40 125 30 58 61
leaf_count=514 35 54 23 3385 34 385 42 27 22 40 125 30 58 61
internal_value=-0.00262097 -0.0108262 -0.0129948 -8.17661e-06 -0.00290493 -0.0133599 -0.0117407 -0.00440789 0.00315789 -0.000220588 -0.00614907 -0.000514706 -0.00146552 -0.00349138
internal_weight=4835 1167 964 3668 283 941 427 227 56 67 160 203 173 115
internal_count=4835 1167 964 3668 283 941 427 227 56 67 160 203 173 115
is_linear=0
shrinkage=0.03


Tree=310
num_leaves=15
num_cat=0
split_feature=2 1 1 8 7 1 8 1 2 1 1 1 2 1
split_gain=109.912 19.8848 5.95718 11.4888 2.86926 6.23056 2.01885 1.77341 1.65129 2.01796 1.08079 1.56725 0.999357 1.05435
threshold=5.1177068786547126 12.338728964246885 8.5537508061901431 28.050000000000004 4.8500000000000005 11.541665611967661 12.450000000000001 10.760394418379887 6.5121150080854813 10.546130562807303 8.3167890972109024 6.6842776316976682 15.15479036776569 15.646327120686861
decision_type=2 2 2 10 2 2 10 2 2 2 2 2 2 2
left_child=1 2 -1 4 -4 -6 -7 -5 9 -2 11 -10 13 -12
right_child=8 -3 3 7 5 6 -8 -9 10 -11 12 -13 -14 -15
leaf_value=0 -1.3312329670715204e-18 6.484947894838219e-17 0 5.9155863826707294e-21 0 4.0322062781616485e-24 -8.9276742965978477e-23 -1.8769331084249109e-19 -9.518008978706557e-17 -7.4252791268518129e-17 2.3182064351315579e-17 3.0683003015335824e-15 0.028310971612618505 -0.00058363097812533932
leaf_weight=565 110 118 173 37 190 23 25 24 20 70 3222 43 29 118
leaf_count=565 110 118 173 37 190 23 25 24 20 70 3222 43 29 118
internal_value=-0.00260172 -0.0106531 -0.0119798 -0.00945032 -0.01125 -0.00903766 0.000612245 0.00266129 -2.491e-05 -0.00281768 0.000122342 0.00398438 4.89614e-05 0
internal_weight=4767 1155 1037 472 411 238 48 61 3612 180 3432 63 3369 3340
internal_count=4767 1155 1037 472 411 238 48 61 3612 180 3432 63 3369 3340
is_linear=0
shrinkage=0.03


Tree=311
num_leaves=15
num_cat=0
split_feature=2 0 1 1 8 2 7 0 0 5 7 7 1 10
split_gain=115.373 31.7006 3.65914 1.9674 16.1782 1.59008 2.12996 1.62218 1.32575 1.44535 1.62512 1.2791 1.71483 1.40518
threshold=5.1177068786547126 12.733168034440927 12.363817557263642 8.2114826860640537 28.650000000000002 7.3374250625545683 6.7500000000000009 12.259763796322966 16.272254538843814 10.401204088936487 5.6500000000000012 6.7500000000000009 15.102659156582598 0.85933278406926539
decision_type=2 2 2 2 10 2 2 2 2 2 2 2 2 2
left_child=1 2 3 -1 -5 6 7 -2 9 10 -7 12 13 -10
right_child=5 -3 -4 4 -6 8 -8 -9 11 -11 -12 -13 -14 -15
leaf_value=0 -3.0795255014946585e-17 0 -5.066416167329139e-19 0 5.738118791190608e-21 1.2093773807305393e-13 9.9564049407179389e-15 1.198155797162855e-17 -4.6688170440809447e-06 0.066887455853114605 -4.9445516656518379e-17 0.018147395038797334 -5.6114137354423198e-08 1.076796239669309e-09
leaf_weight=507 231 224 21 373 36 1046 21 153 78 28 1921 26 116 22
leaf_count=507 231 224 21 373 36 1046 21 153 78 28 1921 26 116 22
internal_value=-0.00244484 -0.0106756 -0.013097 -0.0133806 -0.0117439 0.000181169 -0.00158867 -0.0021039 0.000403027 0.000575768 0.000510445 -0.0017284 -0.00248848 -0.00534653
internal_weight=4803 1161 937 916 409 3642 405 384 3237 2995 2967 242 216 100
internal_count=4803 1161 937 916 409 3642 405 384 3237 2995 2967 242 216 100
is_linear=0
shrinkage=0.03


Tree=312
num_leaves=15
num_cat=0
split_feature=2 1 1 7 7 1 8 3 1 7 7 2 2 1
split_gain=109.862 23.0057 4.67558 6.66643 4.50447 3.65407 10.5696 3.6351 3.65668 3.28098 2.42308 2.00073 1.3868 2.09393
threshold=5.1177068786547126 11.42985048437405 12.435440780523919 4.8500000000000005 5.1500000000000012 8.5537508061901431 28.050000000000004 4.1149555194928924 12.092524536126961 5.6500000000000012 5.8500000000000005 8.6439996133102728 11.128199519897853 13.925870914538871
decision_type=2 2 2 2 2 2 10 2 2 2 2 2 2 2
left_child=1 4 3 -3 -1 -6 -7 8 9 11 -4 -2 13 -9
right_child=7 2 10 -5 5 6 -8 12 -10 -11 -12 -13 -14 -15
leaf_value=0 -1.3562810362118968e-16 0 4.1958331913812716e-16 3.9112400898167996e-24 0 0 5.5659752274548895e-21 2.9771751501380235e-15 2.0990528079987967e-15 -2.2708815185907616e-18 -6.2776991831642469e-15 -4.0299102349150831e-15 -6.0137504164002391e-11 1.4283221040212225e-05
leaf_weight=495 173 71 55 66 242 167 41 1489 402 238 52 67 1182 109
leaf_count=495 173 71 55 66 242 167 41 1489 402 238 52 67 1182 109
internal_value=-0.00263196 -0.0105504 -0.00232653 -0.00597826 -0.0126691 -0.0104435 -0.00746411 -5.73614e-05 -0.00173666 -0.00350731 0.00236111 -0.0059751 0.000474649 0.00105066
internal_weight=4849 1189 244 137 945 450 208 3660 880 478 107 240 2780 1598
internal_count=4849 1189 244 137 945 450 208 3660 880 478 107 240 2780 1598
is_linear=0
shrinkage=0.03


Tree=313
num_leaves=15
num_cat=0
split_feature=2 0 2 1 0 0 3 13 1 7 7 13 7 1
split_gain=107.779 32.6375 3.9868 3.65252 3.54565 3.24424 3.79489 2.97918 2.39256 2.98848 2.31992 1.71582 1.93289 1.54023
threshold=5.1177068786547126 12.973869167917469 8.6966738175875893 12.379940790318781 13.712673392640136 13.195931598429807 4.2194806715733328 3.5462230556584866 8.4094347745150468 4.8500000000000005 5.6500000000000012 3.4542313369358211 5.8500000000000005 10.686046371582785
decision_type=2 2 2 2 2 2 2 10 2 2 2 10 2 2
left_child=1 3 5 8 7 6 10 -3 -1 -10 -2 12 -12 -4
right_child=2 4 13 -5 -6 -7 -8 -9 9 -11 11 -13 -14 -15
leaf_value=0 -1.4419023188575066e-16 6.2562876342446024e-20 1.4501265586747582e-13 -4.9144248556812918e-19 -2.289628110967448e-17 6.8169042742109681e-16 -1.3384509294782025e-16 -4.9644509658784333e-18 0 0 2.1307864652202689e-18 1.1076925488581015e-16 -3.5806799578208529e-17 1.1557166248369113e-13
leaf_weight=524 166 40 265 21 136 282 347 22 182 221 41 43 101 2397
leaf_count=524 166 40 265 21 136 282 347 22 182 221 41 43 101 2397
internal_value=-0.00275632 -0.0107759 -0.000230579 -0.0130875 0.000301508 -0.00186544 -0.00296137 0.00619048 -0.0133675 -0.011547 -0.00515625 -0.00282258 -0.00440559 0.000371761
internal_weight=4788 1146 3642 948 198 980 698 62 927 403 351 185 142 2662
internal_count=4788 1146 3642 948 198 980 698 62 927 403 351 185 142 2662
is_linear=0
shrinkage=0.03


Tree=314
num_leaves=15
num_cat=0
split_feature=2 0 2 1 1 8 0 0 9 2 2 0 13 13
split_gain=106.066 33.7052 3.10353 3.0852 2.04562 15.1439 1.68664 1.61911 2.26875 1.47544 2.12883 1.47404 3.01887 1.236
threshold=5.1177068786547126 12.973869167917469 8.2863324211060849 12.379940790318781 8.2114826860640537 28.250000000000004 10.466832063288285 8.5188385911038917 1.0000000180025095e-35 8.4329414910271385 8.4856508155632664 13.597546954556858 3.5584967250542694 1.9569847259068189
decision_type=2 2 2 2 2 10 2 2 2 2 2 2 10 8
left_child=1 3 6 4 -1 -6 7 8 -2 -4 -11 12 -3 -12
right_child=2 11 9 -5 5 -7 -8 -9 -10 10 13 -13 -14 -15
leaf_value=0 2.7885584428992243e-15 4.0078753827019015e-20 2.7831549474838564e-13 -3.4923039472052619e-18 0 5.3989959706312425e-21 -3.431180173215457e-17 -8.2073939802881065e-17 -1.183882551026471e-16 -1.9168906787294275e-14 -1.5601248766046668e-10 -1.2104204065502383e-17 -2.0592287242345714e-18 9.7607592421678445e-14
leaf_weight=507 23 33 76 20 372 38 553 131 29 30 25 145 26 2719
leaf_count=507 23 33 76 20 372 38 553 131 29 30 25 145 26 2719
internal_value=-0.00279505 -0.0107574 -0.00025927 -0.013161 -0.013415 -0.0117518 -0.00199457 -0.0044837 0 0.000189407 7.56757e-05 0.000292683 0.00425 0.000163934
internal_weight=4727 1141 3586 937 917 410 736 183 52 2850 2774 204 59 2744
internal_count=4727 1141 3586 937 917 410 736 183 52 2850 2774 204 59 2744
is_linear=0
shrinkage=0.03


Tree=315
num_leaves=15
num_cat=0
split_feature=2 0 1 2 1 8 3 8 3 3 0 13 1 8
split_gain=114.473 36.4139 3.67769 2.74024 2.17087 13.2119 2.12491 1.64428 1.72369 1.6502 1.57766 2.18462 1.73324 1.55208
threshold=5.1177068786547126 12.944108442513649 12.397730612400476 8.3270007329274787 8.5537508061901431 28.250000000000004 4.2194806715733328 31.050000000000004 6.9258392696733599 4.9126481274723863 13.597546954556858 3.5462230556584866 12.498289726758751 36.95000000000001
decision_type=2 2 2 2 2 10 2 10 2 2 2 10 2 10
left_child=1 2 4 6 -1 -6 13 9 -9 -8 11 -3 -12 -2
right_child=3 10 -4 -5 5 -7 7 8 -10 -11 12 -13 -14 -15
leaf_value=0 -5.0531301523301672e-17 4.3395658761315049e-20 -3.7193009258492742e-19 1.4033113237464311e-13 0 5.2370260915123061e-21 1.0788637145605229e-15 -2.025087098606824e-16 1.34955144815706e-12 1.4668115197108542e-16 -1.46237812751046e-17 -1.0813796333025157e-18 9.5681601575937581e-16 3.735540715159749e-18
leaf_weight=537 337 37 21 2925 354 42 44 51 23 215 78 24 75 75
leaf_count=537 337 37 21 2925 354 42 44 51 23 215 78 24 75 75
internal_value=-0.00244885 -0.0106245 -0.0131309 0.000155271 -0.0134101 -0.0116373 -0.00146783 0.000314371 -0.0036 0.00144231 0.00055814 0.00459677 -0.00107143 -0.00290557
internal_weight=4838 1168 954 3670 933 396 745 333 74 259 214 61 153 412
internal_count=4838 1168 954 3670 933 396 745 333 74 259 214 61 153 412
is_linear=0
shrinkage=0.03


Tree=316
num_leaves=15
num_cat=0
split_feature=2 0 2 3 1 8 0 10 1 1 13 13 1 1
split_gain=110.08 30.4935 4.10437 3.63968 2.72789 10.9379 2.42903 2.75924 2.16054 1.9334 1.45422 1.45168 1.43551 1.72024
threshold=5.1177068786547126 12.668474723849867 8.5225783471206835 6.9258392696733599 8.5537508061901431 28.950000000000003 13.561274917818178 0.59650554732307737 12.363817557263642 12.265237366968448 1.9569847259068189 3.8273729303508843 9.5687945553884521 8.6215982497565928
decision_type=2 2 2 2 2 10 2 2 2 2 8 8 2 2
left_child=1 4 3 6 -1 8 7 -2 -6 -3 -4 -11 13 -9
right_child=2 9 10 -5 5 -7 -8 12 -10 11 -12 -13 -14 -15
leaf_value=0 -1.071338520098696e-16 -4.7298291095916401e-21 -1.456298764871302e-10 1.3058929733918889e-12 0 5.0799153087669364e-21 1.1700453575163818e-16 -2.3149597761391088e-17 -8.5505427280706186e-18 5.6540651232094513e-16 1.02926849090594e-13 -3.832363787418558e-14 6.0463994498984978e-18 -9.7678922420345905e-17
leaf_weight=554 404 131 26 134 317 35 167 32 21 78 2775 30 114 23
leaf_count=554 404 131 26 134 317 35 167 32 21 78 2775 30 114 23
internal_value=-0.00284696 -0.010874 -0.000297878 -0.00209143 -0.0133351 -0.0112701 -0.00291498 -0.00384146 -0.0129204 -0.0013125 0.000262313 0.00165138 -0.000617647 -0.00455357
internal_weight=4841 1166 3675 874 927 373 740 573 338 239 2801 108 169 55
internal_count=4841 1166 3675 874 927 373 740 573 338 239 2801 108 169 55
is_linear=0
shrinkage=0.03


Tree=317
num_leaves=15
num_cat=0
split_feature=2 0 2 0 1 7 4 3 10 0 7 3 2 13
split_gain=103.523 38.0506 3.68992 2.21555 2.15203 2.321 2.10223 2.33643 2.17945 1.80478 2.73936 2.97018 1.96453 2.05055
threshold=5.1177068786547126 12.668474723849867 8.6966738175875893 12.944108442513649 8.5537508061901431 4.8500000000000005 1.8317808230648234 6.9546387510691341 1.0000000180025095e-35 12.694996915516223 5.6500000000000012 5.9512931707667134 6.3885557561951645 3.0932912527727852
decision_type=2 2 2 2 2 2 2 2 2 2 2 2 2 10
left_child=1 4 6 -3 -1 -6 7 9 -8 10 12 -12 13 -2
right_child=2 3 -4 -5 5 -7 8 -9 -10 -11 11 -13 -14 -15
leaf_value=0 1.4154042072483352e-17 1.418948732877492e-22 1.2826399047344413e-13 -1.0321657665818575e-18 0 0 1.2707956145652802e-12 1.2667161841901322e-12 -9.7051099701153176e-12 -4.6794864240711195e-17 -3.0883335301988687e-18 -1.0724554391477366e-14 -2.6809134109701816e-15 -1.2657747902963289e-16
leaf_weight=523 22 37 2685 202 172 210 107 66 119 216 183 36 163 24
leaf_count=523 22 37 2685 202 172 210 107 66 119 216 183 36 163 24
internal_value=-0.00272241 -0.0105852 -0.000236057 6.25e-05 -0.013394 -0.0115927 -0.00185699 -0.00265823 0.000660793 -0.0032093 -0.00433566 -0.00197727 -0.00678571 -0.0012766
internal_weight=4765 1144 3621 239 905 382 936 710 226 644 428 219 209 46
internal_count=4765 1144 3621 239 905 382 936 710 226 644 428 219 209 46
is_linear=0
shrinkage=0.03


Tree=318
num_leaves=15
num_cat=0
split_feature=1 7 3 1 3 1 8 3 1 8 3 9 13 13
split_gain=67.5543 22.4242 18.3166 13.2918 4.95018 5.11861 7.94096 3.21122 1.52166 1.50881 2.05793 1.55188 1.47317 1.44236
threshold=8.2114826860640537 4.8500000000000005 2.2242581879713579 12.363817557263642 6.4437336423653724 11.241844637092649 25.050000000000004 3.1245047625697624 9.2565793561420211 27.250000000000004 1.6570930023362631 -0.51495963211660267 3.0567327778307569 3.6155831759350021
decision_type=2 2 2 2 2 2 10 2 2 10 2 2 10 8
left_child=2 3 -1 -2 5 6 7 -3 -9 -8 -11 -12 -13 -7
right_child=1 4 -4 -5 -6 13 9 8 -10 10 11 12 -14 -15
leaf_value=0 0 0 1.9346251100571777e-16 1.774417496866437e-16 1.3322932279339274e-13 -9.6452335449988847e-18 1.5412986992515316e-13 -4.7172705174172471e-12 -1.0529916418336094e-16 4.9275178495039288e-21 -1.5581821857457806e-14 -4.2566550933580027e-15 5.6124591202806943e-16 3.0026743019834945e-15
leaf_weight=541 230 337 76 82 2282 536 29 22 113 147 40 61 43 245
leaf_count=541 230 337 76 82 2282 536 29 22 113 147 40 61 43 245
internal_value=-0.00256426 -0.00119122 -0.0118204 -0.00891374 -0.000564056 -0.00185832 -0.00355612 -0.00602537 -0.00209559 9.34579e-05 -0.000565068 -0.00310345 -0.00114286 -0.000134271
internal_weight=4784 4167 617 312 3855 1573 792 472 135 320 291 144 104 781
internal_count=4784 4167 617 312 3855 1573 792 472 135 320 291 144 104 781
is_linear=0
shrinkage=0.03


Tree=319
num_leaves=15
num_cat=0
split_feature=2 0 0 7 8 13 0 7 0 8 10 8 13 4
split_gain=95.5081 41.0949 3.26186 3.36293 2.48895 1.77818 2.29629 1.61095 1.44179 1.27643 1.23822 1.49131 1.62848 1.50668
threshold=5.1177068786547126 12.641914153484741 11.727998448618296 4.8500000000000005 28.650000000000002 3.099837727453385 13.528757150592151 4.8500000000000005 14.602285459743063 22.835000000000004 -0.92133537133009236 9.7350000000000012 2.7626079235173067 6.1388040576031875
decision_type=2 2 2 2 10 10 2 2 2 10 2 10 8 2
left_child=1 2 -1 -4 -5 6 7 -3 9 -8 11 13 -13 -2
right_child=10 5 3 4 -6 -7 8 -9 -10 -11 -12 12 -14 -15
leaf_value=0 -4.8392651114858855e-11 1.3763802708911673e-22 0 0 2.4691028984980688e-21 -6.4441077240644127e-18 -1.8499201146409889e-15 2.889842928976521e-19 2.0675540883161253e-13 9.0922152628050933e-16 -3.9688425868131557e-17 -1.2028564571357015e-11 1.644537416543896e-13 0.024804436720358848
leaf_weight=755 53 20 77 70 25 143 21 29 32 22 3145 76 342 22
leaf_count=755 53 20 77 70 25 143 21 29 32 22 3145 76 342 22
internal_value=-0.00250776 -0.00986611 -0.0128502 -0.00901734 -0.00515625 0.000503731 0.00312 0.0081 -0.000197368 -0.00375 -9.06843e-05 0.00130567 0.00200477 -0.00256579
internal_weight=4832 1194 927 172 95 267 124 49 75 43 3638 493 418 75
internal_count=4832 1194 927 172 95 267 124 49 75 43 3638 493 418 75
is_linear=0
shrinkage=0.03


Tree=320
num_leaves=15
num_cat=0
split_feature=2 0 0 7 8 2 13 0 13 9 13 7 13 0
split_gain=101.393 37.4325 2.04918 2.79886 1.88336 1.75424 2.15698 1.92426 1.87271 2.2651 1.77153 2.25492 1.73972 2.40445
threshold=5.1177068786547126 12.641914153484741 11.765984927760018 4.8500000000000005 26.545000000000005 10.422601193182571 2.9125629009733265 14.912439239071785 2.8179377420832226 0.96477813974884574 2.8179377420832226 5.7500000000000009 2.9221190907990109 14.997047395929906
decision_type=2 2 2 2 10 2 8 2 10 2 8 2 8 2
left_child=1 2 -1 -4 -5 6 8 10 -2 -10 11 -7 -9 -14
right_child=5 -3 3 4 -6 7 -8 12 9 -11 -12 -13 13 -15
leaf_value=0 -1.6068502069771462e-17 1.3350888627644322e-22 0 0 2.3950298115431266e-21 7.94193361020158e-09 -3.063770028601948e-15 -0.00037018702316926231 1.3639473377241593e-15 1.1675419755424977e-14 2.9650088197875944e-10 3.8234052645048758e-09 -0.00029957731360079749 1.9110052012888943e-08
leaf_weight=751 517 238 73 71 25 74 1273 231 142 23 756 143 22 490
leaf_count=751 517 238 73 71 25 74 1273 231 142 23 756 143 22 490
internal_value=-0.00261801 -0.0103538 -0.0130945 -0.00997059 -0.00649485 -0.000175654 -0.000789877 0.00052417 0.00057101 0.00334337 0.00140144 0.0037844 -0.000625 0.000350877
internal_weight=4829 1158 920 169 96 3671 1955 1716 682 165 973 217 743 512
internal_count=4829 1158 920 169 96 3671 1955 1716 682 165 973 217 743 512
is_linear=0
shrinkage=0.03


Tree=321
num_leaves=15
num_cat=0
split_feature=2 0 1 7 2 10 13 13 3 1 13 13 0 13
split_gain=104.499 38.9366 4.60713 7.47987 1.65306 2.56026 3.50457 2.18765 2.05656 2.67672 1.52223 1.43451 2.6451 1.37857
threshold=5.1177068786547126 12.641914153484741 11.287767319888422 4.8500000000000005 7.29063383029479 -0.76322520435950447 3.8891639584876008 2.9125629009733265 5.2310943182715759 12.062346582434451 3.3712371147893339 3.5584967250542694 13.838839289722005 3.7266031251534857
decision_type=2 2 2 2 2 2 8 10 2 2 10 10 2 8
left_child=1 2 -1 -4 5 13 7 -7 9 10 -9 12 -3 -2
right_child=4 11 3 -5 -6 6 -8 8 -10 -11 -12 -13 -14 -15
leaf_value=0 -4.3582729118207588e-15 1.9345686448243319e-19 0 2.8926889093784818e-19 -1.6799325874834787e-15 8.1462495215814675e-18 -2.7430847107195807e-15 1.1167788431566184e-16 -2.3960457591266721e-15 -3.9607474836216665e-17 9.9431381892802415e-17 -1.206898019393369e-17 -3.9691689421194568e-17 1.387145205469977e-12
leaf_weight=826 69 75 66 28 3282 108 59 63 20 24 28 88 85 20
leaf_count=826 69 75 66 28 3282 108 59 63 20 24 28 88 85 20
internal_value=-0.00237608 -0.0101882 -0.0130293 -0.00663158 0.000110234 0.00195153 0.00326733 0.00485656 0.00738971 0.00892241 0.01125 0.000361446 0.00204969 -0.0025
internal_weight=4841 1168 920 94 3673 391 302 243 135 115 91 248 160 89
internal_count=4841 1168 920 94 3673 391 302 243 135 115 91 248 160 89
is_linear=0
shrinkage=0.03


Tree=322
num_leaves=15
num_cat=0
split_feature=2 0 1 7 2 1 3 7 4 3 0 7 8 1
split_gain=104.232 36.9698 4.66456 6.30304 2.53028 2.80949 2.96517 2.98965 2.56139 2.13158 2.00496 1.9311 1.90816 1.51309
threshold=5.1177068786547126 12.641914153484741 11.287767319888422 4.8500000000000005 6.8354524644277417 12.092524536126961 7.0275343252732902 5.8500000000000005 5.4172053532272981 6.7469993277013458 12.426160418593428 7.4500000000000011 70.90000000000002 8.2114826860640537
decision_type=2 2 2 2 2 2 2 2 2 2 2 2 8 2
left_child=1 2 13 -4 10 6 8 -8 9 -6 -2 -9 -7 -1
right_child=4 -3 3 -5 5 12 7 11 -10 -11 -12 -13 -14 -15
leaf_value=0 6.4344456352002846e-17 1.4947886511682633e-20 0 2.8059082420971278e-19 -4.2266694470137779e-15 3.9935644816704071e-13 1.9141934429177105e-13 -1.0079791319905326e-11 2.4303787675720518e-09 -7.7086929361576813e-14 -2.0271185954112862e-17 -0.002583852578083867 0.018541407259053361 0
leaf_weight=514 161 241 71 28 628 1982 311 364 21 50 77 21 22 311
leaf_count=514 161 241 71 28 628 1982 311 364 21 50 77 21 22 311
internal_value=-0.00247345 -0.0102787 -0.0130054 -0.00675 2.8862e-05 -0.000180882 -0.00121418 0.000172166 -0.00259286 -0.00291605 0.00301255 -0.00159326 0.000538653 -0.013747
internal_weight=4802 1165 924 99 3637 3399 1395 696 699 678 238 385 2004 825
internal_count=4802 1165 924 99 3637 3399 1395 696 699 678 238 385 2004 825
is_linear=0
shrinkage=0.03


Tree=323
num_leaves=15
num_cat=0
split_feature=2 0 1 7 2 1 4 13 10 13 1 7 0 13
split_gain=109.952 38.3074 4.90891 7.97416 2.38769 3.91729 2.4992 2.38284 2.28054 3.26925 1.70474 2.2607 1.65499 1.80224
threshold=5.1177068786547126 12.641914153484741 11.121104287066967 4.8500000000000005 7.29063383029479 11.746011324393114 3.2864907994982535 3.3164310127093208 -0.86926070542861777 2.9125629009733265 8.4094347745150468 5.4150000000000009 14.074898786011893 3.5584967250542694
decision_type=2 2 2 2 2 2 2 8 2 10 2 2 2 10
left_child=1 2 10 -4 5 6 7 8 -2 -10 -1 -12 13 -3
right_child=4 12 3 -5 -6 -7 -8 -9 9 -11 11 -13 -14 -15
leaf_value=0 -4.4557643798358803e-15 1.8720472195260973e-19 0 2.7207834643992301e-19 8.6633922656057566e-17 -7.4153822328906591e-15 -1.7153938686359099e-11 4.1223378102849627e-17 3.8668567353004189e-17 1.6191890663094613e-16 0 0 -9.8218664240705444e-17 -2.3298708865922328e-18
leaf_weight=552 23 101 72 34 3262 92 34 75 93 74 133 163 102 46
leaf_count=552 23 101 72 34 3262 92 34 75 93 74 133 163 102 46
internal_value=-0.00231624 -0.0101786 -0.012911 -0.00672897 0.000275041 0.00248724 0.00415 0.00513158 0.00691099 0.008125 -0.0136749 -0.0117172 0.0003 0.00233108
internal_weight=4856 1203 954 106 3653 391 299 265 190 167 848 296 249 147
internal_count=4856 1203 954 106 3653 391 299 265 190 167 848 296 249 147
is_linear=0
shrinkage=0.03


Tree=324
num_leaves=15
num_cat=0
split_feature=2 0 1 8 2 13 1 7 3 2 3 7 2 8
split_gain=108.431 34.3345 4.6816 10.8263 3.29085 3.06809 2.9701 6.18018 2.57507 1.94958 3.84007 2.22059 1.49613 1.42319
threshold=5.1177068786547126 12.641914153484741 8.5537508061901431 28.650000000000002 7.29063383029479 3.1182168565832833 11.287767319888422 4.8500000000000005 4.6890490276048302 8.5225783471206835 4.5135992393991637 5.6500000000000012 7.6609386660575787 34.95000000000001
decision_type=2 2 2 10 2 8 2 2 2 2 2 2 2 10
left_child=1 2 -1 6 5 8 -4 -8 -2 10 11 -6 -13 -7
right_child=4 -3 3 -5 9 13 7 -9 -10 -11 -12 12 -14 -15
leaf_value=0 9.8305035062885485e-17 -1.1738780568713617e-20 0 4.6337683327175754e-21 -5.7443321170230516e-15 -4.1645425198053896e-15 0 2.640293576615957e-19 -4.1350496226792131e-17 7.2175220350283415e-14 3.9786904705790965e-16 3.088600272019325e-16 -7.7196107456655153e-15 3.0758079459734125e-16
leaf_weight=557 159 253 259 35 96 144 60 22 47 2739 290 37 75 32
leaf_count=557 159 253 259 35 96 144 60 22 47 2739 290 37 75 32
internal_value=-0.00246879 -0.010337 -0.0129925 -0.0103448 0.000111878 0.00274151 -0.0119737 -0.00686747 0.00521739 -0.000199197 -0.00192385 -0.00502392 -0.00212389 -0.000169492
internal_weight=4805 1186 933 376 3619 382 341 82 206 3237 498 208 112 176
internal_count=4805 1186 933 376 3619 382 341 82 206 3237 498 208 112 176
is_linear=0
shrinkage=0.03


Tree=325
num_leaves=15
num_cat=0
split_feature=2 0 2 10 0 13 13 7 4 7 12 0 13 13
split_gain=108.587 36.0062 4.91665 4.07692 2.36903 2.28161 3.6757 2.13594 2.13551 1.60176 1.78551 1.5394 1.42481 1.38077
threshold=5.1177068786547126 12.641914153484741 7.29063383029479 -0.92133537133009236 10.207676381449643 3.3421229076418739 2.9040801778212955 4.8500000000000005 1.0000000180025095e-35 5.5500000000000007 1.0000000180025095e-35 11.727998448618296 2.5624635244952301 3.8751853611983891
decision_type=2 2 2 2 2 8 10 2 2 2 10 2 8 10
left_child=1 4 3 -2 -1 6 9 -6 -8 -5 -11 -9 -3 -14
right_child=2 12 -4 5 7 -7 8 11 -10 10 -12 -13 13 -15
leaf_value=0 -4.4978856786232565e-15 -1.8467478541983926e-18 -2.1008002612931849e-15 9.8863036349559338e-17 0 1.2572888577031955e-16 1.7616035352229081e-16 0 9.8022300082517108e-14 -5.4785421785517453e-17 1.3724466406837128e-16 0 2.2536769089194334e-19 -1.7037123537730287e-17
leaf_weight=570 43 30 3239 39 159 110 90 112 23 44 24 88 146 59
leaf_count=570 43 30 3239 39 159 110 90 112 23 44 24 88 146 59
internal_value=-0.00233619 -0.0103004 0.000232494 0.0034893 -0.0129516 0.00462236 0.00638009 -0.0109583 0.0101316 0.00236111 -0.000434783 -0.00880597 0.000190678 0.00109223
internal_weight=4776 1164 3612 373 929 330 220 359 113 107 68 200 235 205
internal_count=4776 1164 3612 373 929 330 220 359 113 107 68 200 235 205
is_linear=0
shrinkage=0.03


Tree=326
num_leaves=15
num_cat=0
split_feature=2 0 0 3 2 3 7 0 10 13 8 7 13 0
split_gain=107.825 37.0174 2.84723 2.80279 2.77656 2.33064 3.57445 3.09037 2.26642 2.41718 2.24458 2.76697 2.26912 1.96533
threshold=5.1177068786547126 12.641914153484741 14.074898786011893 2.6208735075298217 7.29063383029479 6.8979566397912828 5.3100000000000014 14.665849790164041 -0.92133537133009236 3.8891639584876008 33.95000000000001 5.7500000000000009 3.577943330978131 11.727998448618296
decision_type=2 2 2 2 2 2 2 2 2 8 10 2 10 2
left_child=1 3 10 13 8 6 -6 -8 -2 -10 11 12 -3 -1
right_child=4 2 -4 -5 5 -7 7 -9 9 -11 -12 -13 -14 -15
leaf_value=0 -4.2875898265782637e-15 7.4312587809488324e-20 -3.8205432931541299e-15 -5.4624886376215541e-17 9.278939730720432e-13 6.2171035992998921e-13 -1.1979222893172842e-14 4.2457977643393427e-11 1.2852478012386484e-16 -4.2148177796395668e-15 -4.712551769759544e-17 2.7563756890926539e-19 -6.7510184028115507e-18 0
leaf_weight=723 47 52 92 21 191 2175 719 181 271 67 23 52 21 171
leaf_count=723 47 52 92 21 191 2175 719 181 271 67 23 52 21 171
internal_value=-0.00225296 -0.0102379 0.000248963 -0.0129858 0.000275192 -9.18274e-06 -0.00114011 -0.00193119 0.00268135 0.00353982 0.00281879 0.00440476 0.000608108 -0.0132402
internal_weight=4806 1155 240 915 3651 3266 1091 900 385 338 148 125 73 894
internal_count=4806 1155 240 915 3651 3266 1091 900 385 338 148 125 73 894
is_linear=0
shrinkage=0.03


Tree=327
num_leaves=15
num_cat=0
split_feature=2 0 1 7 2 10 7 3 7 1 0 0 1 0
split_gain=98.6405 41.0276 5.76721 6.28864 3.74103 3.35946 3.04881 2.9281 3.86636 2.12354 2.63341 3.364 2.54005 2.22337
threshold=5.1177068786547126 12.641914153484741 11.287767319888422 4.8500000000000005 7.29063383029479 -0.92133537133009236 4.9500000000000011 6.8979566397912828 5.3100000000000014 12.974922921838603 11.595562402157659 15.046837399424208 10.114791233291383 11.416747579248195
decision_type=2 2 2 2 2 2 2 2 2 2 2 2 2 2
left_child=1 2 -1 -4 5 -2 -7 8 -6 10 13 12 -12 -10
right_child=4 -3 3 -5 7 6 -8 -9 9 -11 11 -13 -14 -15
leaf_value=0 -4.186483490410152e-15 4.1786440840014917e-20 0 2.5612288660040384e-19 9.9433566092147131e-13 -1.0485029726699594e-14 1.6049940871031246e-16 6.0741058206763771e-13 -3.5090277184257343e-15 4.0413122016989435e-15 -2.4555402345218245e-14 1.5899627743042679e-09 -4.2835164894547456e-14 1.2669756300257971e-13
leaf_weight=791 48 239 60 31 196 28 296 2182 253 245 31 28 323 25
leaf_count=791 48 239 60 31 196 28 296 2182 253 245 31 28 323 25
internal_value=-0.00217919 -0.00995989 -0.0129445 -0.00570652 0.000209245 0.0030563 0.00415385 -0.00011419 -0.00137477 -0.00220199 -0.00308623 -0.00469974 -0.00549296 -0.000860215
internal_weight=4776 1121 882 91 3655 372 324 3283 1101 905 660 382 354 278
internal_count=4776 1121 882 91 3655 372 324 3283 1101 905 660 382 354 278
is_linear=0
shrinkage=0.03


Tree=328
num_leaves=15
num_cat=0
split_feature=2 0 1 7 2 10 13 13 1 2 3 0 2 13
split_gain=93.7823 50.5972 5.97637 7.96402 2.65997 2.63863 2.68528 3.03175 4.02579 2.14996 2.39307 2.06453 1.9087 1.76417
threshold=5.1177068786547126 12.641914153484741 11.309814393395532 4.8500000000000005 7.29063383029479 -0.92133537133009236 3.8891639584876008 2.9103611158930689 11.609432446070445 6.6961078450880915 1.6570930023362631 13.092031575035419 9.6012160837127549 3.5584967250542694
decision_type=2 2 2 2 2 2 8 10 2 2 2 2 2 10
left_child=1 2 -1 -4 5 -2 7 9 -9 10 -7 -8 -6 -3
right_child=4 13 3 -5 12 6 11 8 -10 -11 -12 -13 -14 -15
leaf_value=0 -4.0567066681343079e-15 2.5294998970269909e-19 0 2.4842479033373568e-19 -8.1533613333428606e-15 -1.4154857768709986e-17 3.4362124176600173e-16 1.9181284249517645e-16 -6.7075673416880929e-15 1.251619296097276e-16 4.7623757632074215e-16 -1.4093033910436692e-14 1.7888638122203869e-13 -6.2961619237410656e-18
leaf_weight=839 48 165 71 30 1099 38 38 128 38 47 23 28 2139 90
leaf_count=839 48 165 71 30 1099 38 38 128 38 47 23 28 2139 90
internal_value=-0.00251037 -0.00979515 -0.0130074 -0.00602941 -0.000107527 0.0022365 0.00316716 0.00447273 0.00700599 0.000550459 -0.00314516 -0.00223881 -0.000389009 0.00205078
internal_weight=4821 1195 940 101 3626 388 340 274 166 108 61 66 3238 255
internal_count=4821 1195 940 101 3626 388 340 274 166 108 61 66 3238 255
is_linear=0
shrinkage=0.03


Tree=329
num_leaves=15
num_cat=0
split_feature=2 0 1 13 2 1 1 8 2 13 4 1 0 10
split_gain=96.0693 48.4585 5.06086 2.12675 1.77135 1.66378 1.58895 11.7612 1.53259 2.48276 2.98979 2.45409 2.59745 2.28695
threshold=5.1177068786547126 12.641914153484741 11.287767319888422 3.3492778490472381 1.0000000180025095e-35 12.317494376681179 8.4094347745150468 28.950000000000003 7.29063383029479 4.2513567705528477 3.9935923741167367 12.545843877195823 11.787810966104313 -0.86926070542861777
decision_type=2 2 2 10 2 2 2 10 2 8 2 2 2 2
left_child=1 2 6 -4 -3 -5 -1 -8 9 10 13 12 -10 -2
right_child=8 4 3 5 -6 -7 7 -9 11 -11 -12 -13 -14 -15
leaf_value=0 -3.7921730523612079e-15 2.4529379283358443e-19 1.2442452601496253e-19 0 -6.2846279688108734e-17 -1.3617278936827811e-17 0 4.494755282736048e-21 1.1968042418773431e-15 -1.2745958624123904e-14 -5.5692186273390268e-11 5.0842540338232783e-10 -5.1417582968272718e-14 1.2097246127849114e-16
leaf_weight=534 36 224 26 41 37 21 255 30 753 46 26 1694 832 261
leaf_count=534 36 224 26 41 37 21 255 30 753 46 26 1694 832 261
internal_value=-0.00224206 -0.00972626 -0.0130011 -0.00606742 0.00166031 -0.00904762 -0.0137378 -0.0118007 0.000156207 0.00198649 0.00291667 -5.03049e-05 -0.000898487 0.00377517
internal_weight=4816 1168 907 88 261 62 819 285 3648 369 323 3279 1585 297
internal_count=4816 1168 907 88 261 62 819 285 3648 369 323 3279 1585 297
is_linear=0
shrinkage=0.03


Tree=330
num_leaves=15
num_cat=0
split_feature=2 0 1 7 2 3 2 1 7 2 10 2 0 0
split_gain=95.8458 46.1311 5.27504 6.65344 3.14248 7.2433 4.06128 2.32194 2.23266 2.01775 1.89806 2.33745 1.87642 2.47757
threshold=4.9610196989653286 12.641914153484741 11.287767319888422 4.8500000000000005 7.5422084027179102 5.4499504944419961 10.360469255411362 12.041906755378266 5.3100000000000014 6.8354524644277417 -0.92133537133009236 6.6961078450880915 12.063758318671967 14.766786905549113
decision_type=2 2 2 2 2 2 2 2 2 2 2 2 2 2
left_child=1 2 -1 -4 7 6 12 10 -8 -9 -2 -12 -6 -14
right_child=4 -3 3 -5 5 -7 8 9 -10 -11 11 -13 13 -15
leaf_value=0 -2.4083746109545265e-15 1.5057204118867854e-19 0 2.3730881768402107e-19 -3.5338889176892198e-15 8.3706997788728233e-14 3.1946807211710411e-09 7.9216263725123168e-16 -1.7325032591508692e-11 -5.4442345018710323e-14 2.9029668359668559e-17 2.6849924980336642e-16 -9.7241872529540074e-12 -1.4663818634586207e-11
leaf_weight=816 40 233 70 29 208 2503 68 49 141 44 165 174 217 70
leaf_count=816 40 233 70 29 208 2503 68 49 141 44 165 174 217 70
internal_value=-0.00248861 -0.0100522 -0.0130841 -0.00645 -0.000126359 -0.000462905 -0.00314894 0.00215645 0.000357143 -0.00207447 0.00319737 0.00392647 -0.00462702 -0.00619792
internal_weight=4827 1148 915 99 3679 3207 704 472 209 93 379 339 495 287
internal_count=4827 1148 915 99 3679 3207 704 472 209 93 379 339 495 287
is_linear=0
shrinkage=0.03


Tree=331
num_leaves=15
num_cat=0
split_feature=2 0 1 7 0 0 3 1 2 3 1 2 1 4
split_gain=99.635 45.2746 5.64581 6.46741 2.25708 1.85199 1.60974 1.44566 2.9007 3.92199 3.67261 2.22909 1.60123 1.53165
threshold=4.9610196989653286 12.641914153484741 11.287767319888422 4.8500000000000005 14.602285459743063 15.752035311914938 1.0000000180025095e-35 12.379940790318781 9.7576369860026908 5.6356816640660012 13.868203710592185 6.9414315424106467 12.683773864265648 3.2287771385162909
decision_type=2 2 2 2 2 2 2 2 2 2 2 2 2 2
left_child=1 2 6 -4 -3 -6 -1 13 9 10 11 -9 -13 -2
right_child=7 4 3 -5 5 -7 -8 8 -10 -11 -12 12 -14 -15
leaf_value=0 1.9569850564346322e-16 2.3347850232877411e-19 0 2.3018943581629772e-19 -1.1937835814842358e-13 2.7672310633391003e-12 -2.231390322821509e-20 -4.9116488433821104e-15 1.00240565699934e-09 1.8662411569699726e-09 7.6638548703047759e-10 -1.4438268129191954e-11 -1.4983775811145168e-11 -2.0401271085339505e-11
leaf_weight=775 1340 180 67 31 37 29 23 36 1531 119 32 31 92 455
leaf_count=775 1340 180 67 31 37 29 23 36 1531 119 32 31 92 455
internal_value=-0.0020904 -0.00981627 -0.0129431 -0.00606061 0.00157895 -0.00313433 -0.0137797 0.000338191 -0.000252443 -0.00289389 -0.00554687 -0.00740625 -0.00931452 0.000943764
internal_weight=4778 1142 896 98 246 66 798 3636 1841 310 191 159 123 1795
internal_count=4778 1142 896 98 246 66 798 3636 1841 310 191 159 123 1795
is_linear=0
shrinkage=0.03


Tree=332
num_leaves=15
num_cat=0
split_feature=2 0 1 7 2 10 8 4 0 7 2 13 13 8
split_gain=97.7111 44.2843 5.57783 6.76974 3.12155 3.37284 3.64685 2.79146 2.37018 3.52059 1.77449 2.41457 1.73666 1.7052
threshold=5.1177068786547126 12.641914153484741 11.287767319888422 4.8500000000000005 7.5422084027179102 -0.92133537133009236 16.750000000000004 3.9464127631255592 13.282284372979353 5.2500000000000009 6.8826935526803545 2.9103611158930689 3.5743342690540465 14.750000000000002
decision_type=2 2 2 2 2 2 10 2 2 2 2 10 10 10
left_child=1 2 -1 -4 5 13 7 8 9 -7 11 -8 -13 -2
right_child=4 -3 3 -5 -6 6 10 -9 -10 -11 -12 12 -14 -15
leaf_value=0 3.6174217853497566e-13 1.3905052488315496e-19 0 2.2328381141041015e-19 -9.2403112675765036e-15 -9.7674676914125633e-15 -1.8356096805472174e-17 -6.3201094366041209e-11 -6.7515164360398192e-15 1.8362590193298523e-16 3.5820884879086779e-16 1.292907675825831e-16 2.5634931125092319e-17 -3.7640239470315449e-15
leaf_weight=817 23 249 66 28 3178 34 44 20 47 87 97 46 22 34
leaf_count=817 23 249 66 28 3178 34 44 20 47 87 97 46 22 34
internal_value=-0.00237221 -0.00994832 -0.0130099 -0.006 4.95458e-05 0.00237363 0.00335427 0.00031746 0.00159763 0.00381148 0.00607143 0.00345133 0.00695652 -0.00439655
internal_weight=4792 1160 911 94 3632 454 397 188 168 121 209 112 68 57
internal_count=4792 1160 911 94 3632 454 397 188 168 121 209 112 68 57
is_linear=0
shrinkage=0.03


Tree=333
num_leaves=15
num_cat=0
split_feature=2 0 0 7 2 3 7 13 9 13 13 10 7 4
split_gain=102.172 44.4647 1.95789 1.90231 1.62145 2.1485 3.48879 2.78621 2.28024 1.98299 2.06974 2.76862 2.64069 2.74068
threshold=4.9610196989653286 12.641914153484741 10.132792076283826 4.8500000000000005 7.29063383029479 6.8979566397912828 5.1500000000000012 3.2917578475392033 -0.99799686083023509 2.8524258917079828 3.8611811089553809 -0.92133537133009236 5.0500000000000007 0.54930614433405489
decision_type=2 2 2 2 2 2 2 10 2 10 10 2 2 2
left_child=1 2 -1 -4 9 6 7 -6 -8 -2 11 -11 -13 -14
right_child=4 -3 3 -5 5 -7 8 -9 -10 10 -12 12 13 -15
leaf_value=0 -1.2610707867925109e-17 2.0807966600587932e-19 0 0 -1.2201620980327643e-12 1.863573083470548e-13 3.0996997420418947e-13 1.669737213656522e-09 -1.4941826937709473e-14 -3.6296973448050499e-15 -5.0112917100557566e-15 -9.6214355872620259e-15 1.5249414206578888e-16 -1.2027672428327728e-17
leaf_weight=558 131 225 170 205 73 2147 42 71 946 24 70 20 136 35
leaf_count=558 131 225 170 205 73 2147 42 71 946 24 70 20 136 35
internal_value=-0.00240111 -0.0101726 -0.0130567 -0.0112899 3.6526e-05 -0.0001875 -0.00124448 0.00310345 -0.00188069 0.00179856 0.0031993 0.00465278 0.00585938 0.00706395
internal_weight=4853 1158 933 375 3695 3279 1132 144 988 416 285 215 191 171
internal_count=4853 1158 933 375 3695 3279 1132 144 988 416 285 215 191 171
is_linear=0
shrinkage=0.03


Tree=334
num_leaves=15
num_cat=0
split_feature=1 7 1 0 4 0 1 7 8 8 1 7 4 0
split_gain=67.3691 21.8841 14.9653 8.68142 4.8713 3.04379 1.65981 2.56578 1.59848 1.55371 6.2488 3.6493 1.78616 1.51316
threshold=8.0244530318477612 4.8500000000000005 12.460364853873486 12.973869167917469 1.0074515102711326 12.668474723849867 3.1978394366572469 5.1500000000000012 13.850000000000003 21.050000000000004 10.546130562807303 5.7500000000000009 2.1097538525880535 10.384836577195097
decision_type=2 2 2 2 2 2 2 2 10 10 2 2 2 2
left_child=3 2 5 4 6 -2 -1 -8 -7 10 11 13 -13 -3
right_child=1 9 -4 -5 -6 8 7 -9 -10 -11 -12 12 -14 -15
leaf_value=0 0 0 4.7490938911316964e-16 1.6476142398526362e-18 1.1074550081547802e-16 -6.3901508220573753e-18 0 0 1.1129731881075012e-18 4.3599126242539666e-21 0 0 -1.9908338721345137e-11 1.3868522347458039e-18
leaf_weight=341 203 53 77 20 26 21 94 101 20 2023 1509 123 41 114
leaf_count=341 203 53 77 20 26 21 94 101 20 2023 1509 123 41 114
internal_value=-0.00243549 -0.00110394 -0.00861801 -0.0119897 -0.0126821 -0.0122449 -0.0132961 -0.0109439 -0.00464286 -0.000477484 -0.00110809 -0.00483434 -0.008 -0.00169643
internal_weight=4766 4184 321 582 562 244 536 195 41 3863 1840 331 164 167
internal_count=4766 4184 321 582 562 244 536 195 41 3863 1840 331 164 167
is_linear=0
shrinkage=0.03


Tree=335
num_leaves=15
num_cat=0
split_feature=2 0 1 7 3 2 3 2 1 1 0 8 8 13
split_gain=98.5869 43.6897 4.48626 7.24513 2.55967 2.13581 2.88749 2.69923 3.82419 3.24841 3.20929 2.83776 2.49945 2.19166
threshold=4.9610196989653286 12.641914153484741 11.287767319888422 4.8500000000000005 1.3195286648076296 7.29063383029479 2.3746352649809244 9.6012160837127549 12.52173299799855 13.95783412090951 12.374710300155487 25.250000000000004 14.050000000000002 2.8829708652684523
decision_type=2 2 2 2 2 2 2 2 2 2 2 10 10 8
left_child=1 2 4 -4 -1 13 7 8 10 -10 -7 -9 -12 -2
right_child=5 -3 3 -5 -6 6 -8 11 9 -11 12 -13 -14 -15
leaf_value=0 -1.1780906999667527e-17 2.1606024153223986e-19 0 2.165853557366992e-19 -1.2264267743954978e-17 -1.263159526069606e-14 3.9163645093519316e-14 1.6331428273618313e-09 -1.4805354733435906e-11 4.1431854533118389e-10 -2.1018596186807374e-11 -1.8013539542024496e-11 2.7130599938818881e-13 1.4333492115431199e-16
leaf_weight=794 121 240 68 31 20 133 2753 108 69 20 26 123 52 272
leaf_count=794 121 240 68 31 20 133 2753 108 69 20 26 123 52 272
internal_value=-0.00224177 -0.00989168 -0.0128829 -0.00675 -0.0136196 0.000159054 -9.13242e-05 -0.00211466 -0.00398671 -0.00916667 -0.00176887 0.000323276 0.00303797 0.00224619
internal_weight=4830 1153 913 99 814 3677 3284 531 300 89 211 231 78 393
internal_count=4830 1153 913 99 814 3677 3284 531 300 89 211 231 78 393
is_linear=0
shrinkage=0.03


Tree=336
num_leaves=15
num_cat=0
split_feature=2 0 2 3 7 4 3 2 0 7 13 10 0 2
split_gain=97.8469 43.6317 4.30229 2.85441 2.30538 2.68485 2.27169 2.48757 2.19261 2.51202 2.09112 3.05481 4.03428 2.29952
threshold=4.9610196989653286 12.641914153484741 7.29063383029479 1.0000000180025095e-35 4.9500000000000011 3.5904155995222786 6.8979566397912828 7.8163158014843983 11.569629355055227 4.8500000000000005 2.937907416103736 -0.92133537133009236 13.411954742152767 6.7664776604021464
decision_type=2 2 2 2 2 2 2 2 2 2 8 2 2 2
left_child=1 3 4 8 -2 10 -4 -8 -1 -10 13 -12 -13 -6
right_child=2 -3 6 -5 5 -7 7 -9 9 -11 11 12 -14 -15
leaf_value=0 -9.5227288223647283e-15 2.2969270803767587e-19 -1.4111943209463801e-14 -2.1923109045581373e-20 -1.7227484164232595e-17 -4.8511730571257619e-11 4.1179949983793374e-09 6.4629916373181444e-14 0 0 -3.5251066028929068e-15 1.9612064200307497e-16 3.5061232611563378e-16 1.5574290303594205e-16
leaf_weight=702 28 246 1073 25 72 36 27 2117 84 102 24 132 49 49
leaf_count=702 28 246 1073 25 72 36 27 2117 84 102 24 132 49 49
internal_value=-0.00241661 -0.00999569 2.07871e-05 -0.0130142 0.00299233 0.00363636 -0.000340273 0.000223776 -0.0132958 -0.0102674 0.00449541 0.00633495 0.00766484 0.00135246
internal_weight=4766 1159 3607 913 390 362 3217 2144 888 186 326 205 181 121
internal_count=4766 1159 3607 913 390 362 3217 2144 888 186 326 205 181 121
is_linear=0
shrinkage=0.03


Tree=337
num_leaves=15
num_cat=0
split_feature=2 0 0 8 2 3 10 13 13 0 3 2 3 3
split_gain=100.642 40.253 3.30817 2.97371 2.43332 2.30645 2.28738 2.56448 2.87494 2.22185 1.91509 1.90336 2.23219 1.71777
threshold=4.9610196989653286 12.641914153484741 11.569629355055227 26.545000000000005 7.29063383029479 1.0000000180025095e-35 -0.92471001826442645 2.9103611158930689 3.3712371147893339 12.086042432123351 6.8979566397912828 6.7664776604021464 4.5875120134243081 3.3585999586305397
decision_type=2 2 2 10 2 2 2 8 10 2 2 2 2 2
left_child=1 2 5 -4 6 -1 -2 11 9 -9 -6 13 -13 -8
right_child=4 -3 3 -5 10 -7 7 8 -10 -11 -12 12 -14 -15
leaf_value=0 -3.4327401541727644e-15 1.9335776975005455e-19 0 0 -1.4092353487035583e-14 -2.4142616879944158e-17 -4.2653105203629543e-17 1.3887062489083064e-16 1.6784536906971798e-16 3.0206629822210545e-16 5.2953969675406472e-14 1.4918224020964869e-16 -7.0228675784471684e-17 9.2777585987888088e-16
leaf_weight=712 47 237 161 36 1082 23 51 84 103 45 2179 28 21 21
leaf_count=712 47 237 161 36 1082 23 51 84 103 45 2179 28 21 21
internal_value=-0.00255848 -0.0102179 -0.0130225 -0.0094697 -0.000110595 -0.0139606 0.00209476 0.00292373 0.00476395 0.00773077 -0.000381668 -0.000614754 0.0039 -0.00369863
internal_weight=4830 1169 932 197 3661 735 400 353 232 129 3261 121 49 72
internal_count=4830 1169 932 197 3661 735 400 353 232 129 3261 121 49 72
is_linear=0
shrinkage=0.03


Tree=338
num_leaves=15
num_cat=0
split_feature=2 0 3 1 8 1 5 3 2 1 0 2 1 2
split_gain=93.4063 44.3384 4.91917 5.08988 2.85536 1.3503 1.8035 1.79477 2.9698 1.81952 3.58945 2.60775 2.6128 3.12832
threshold=4.7854040570768062 12.641914153484741 1.0000000180025095e-35 11.309814393395532 11.035000000000002 10.65631709626914 1.175687628581739 2.3746352649809244 11.374217709464871 12.52173299799855 13.942508120160754 9.6012160837127549 14.143321059776017 7.3934095348555067
decision_type=2 2 2 2 10 2 2 2 2 2 2 2 2 2
left_child=1 2 3 -1 -5 6 -2 8 9 -7 -11 12 13 -12
right_child=5 -3 -4 4 -6 7 -8 -9 -10 10 11 -13 -14 -15
leaf_value=0 1.1543660619243613e-16 2.025677624546772e-19 7.0301309062411078e-19 0 2.0981157319972184e-19 -7.4157505208421266e-17 -6.0929273360835121e-11 -5.4889528502975509e-15 3.3898955795549358e-08 -1.4489175482196757e-11 3.3071111831690153e-13 1.4547181102764127e-09 8.5261272447553208e-10 -4.6571284355830279e-11
leaf_weight=784 751 235 23 62 27 263 21 2334 78 69 20 53 25 45
leaf_count=784 751 235 23 62 27 263 21 2334 78 69 20 53 25 45
internal_value=-0.00247339 -0.0100044 -0.0130435 -0.0134039 -0.0065 -0.000143443 0.000970246 -0.000441482 -0.00197653 -0.00286765 -0.00492958 -0.0021875 -0.00527473 -0.00840909
internal_weight=4790 1131 896 873 89 3659 772 2887 553 475 212 143 90 65
internal_count=4790 1131 896 873 89 3659 772 2887 553 475 212 143 90 65
is_linear=0
shrinkage=0.03


Tree=339
num_leaves=15
num_cat=0
split_feature=2 0 3 1 7 2 3 2 8 0 1 1 0 2
split_gain=98.7972 39.4294 5.08655 4.3939 7.97618 1.47224 2.44318 1.96672 1.69329 1.45271 1.7472 1.40535 4.56672 2.87735
threshold=4.9610196989653286 12.641914153484741 1.0000000180025095e-35 11.287767319888422 4.8500000000000005 7.29063383029479 2.2242581879713579 11.25235256618037 25.450000000000003 13.688228735287215 12.562198635817207 12.52173299799855 13.712673392640136 9.8086928257424244
decision_type=2 2 2 2 2 2 2 2 10 2 2 2 2 2
left_child=1 2 3 -1 -5 9 7 11 -9 -2 -11 -7 -13 -14
right_child=5 -3 -4 4 -6 6 -8 8 -10 10 -12 12 13 -15
leaf_value=0 8.1580813678496317e-17 1.2715849437688446e-19 -3.8526233748286329e-20 0 2.0561645786989119e-19 -5.8490805159246987e-15 8.5597140963051156e-15 7.8541684016628263e-06 -1.0594077317556259e-09 -1.327015615235087e-14 3.4745064359760562e-13 -5.3928803323280958e-11 -1.5051655684314389e-11 1.3690465256800358e-09
leaf_weight=787 323 245 29 68 28 260 2733 35 43 41 33 39 65 62
leaf_count=787 323 245 29 68 28 260 2733 35 43 41 33 39 65 62
internal_value=-0.0023821 -0.010013 -0.0128806 -0.0132862 -0.0071134 4.95186e-05 -0.000162137 -0.00207921 0.00227848 0.00177136 -0.002 -0.00288056 -0.00502994 -0.00222656
internal_weight=4791 1157 912 883 96 3634 3237 504 78 397 74 426 166 127
internal_count=4791 1157 912 883 96 3634 3237 504 78 397 74 426 166 127
is_linear=0
shrinkage=0.03


Tree=340
num_leaves=15
num_cat=0
split_feature=2 0 3 1 7 1 2 3 4 8 10 10 2 4
split_gain=91.3159 43.5887 6.25418 5.27117 5.7397 2.06725 1.87474 3.0914 1.84281 1.43689 1.74454 1.33627 1.64007 1.45755
threshold=4.9610196989653286 12.641914153484741 1.0000000180025095e-35 11.335895878800285 4.8500000000000005 12.222356734177021 7.29063383029479 7.0275343252732902 3.5904155995222786 21.850000000000005 -0.96237278057863052 -0.26302871059038868 7.7013132390829151 4.6225158058830571
decision_type=2 2 2 2 2 2 2 2 2 10 2 2 2 2
left_child=1 2 3 -1 5 -5 8 11 -2 10 -3 12 -8 -14
right_child=6 9 -4 4 -6 -7 7 -9 -10 -11 -12 -13 13 -15
leaf_value=0 9.4151800109277421e-17 -1.2054973823476803e-17 6.83078484917836e-19 0 1.9762489546390849e-19 -1.6766796737352782e-17 -8.1264862116148416e-15 6.3939992345401894e-14 -3.1629834048923707e-11 -5.471653387510126e-19 2.9745342199374166e-19 -3.1676250859341749e-14 -5.287206660523552e-15 9.8551553795277442e-09
leaf_weight=795 360 25 25 43 24 20 51 2088 40 86 129 706 363 24
leaf_count=795 360 25 25 43 24 20 51 2088 40 86 129 706 363 24
internal_value=-0.00262029 -0.00999564 -0.0130011 -0.0134202 -0.00630682 -0.0110156 -0.000289017 -0.000528921 0.00164589 0.00136929 0.00309677 -0.00178166 -0.00047836 0.000193299
internal_weight=4779 1147 907 882 87 63 3632 3232 400 240 154 1144 438 387
internal_count=4779 1147 907 882 87 63 3632 3232 400 240 154 1144 438 387
is_linear=0
shrinkage=0.03


Tree=341
num_leaves=15
num_cat=0
split_feature=1 7 1 3 0 3 1 0 13 1 1 13 7 7
split_gain=71.0615 24.4785 14.6464 11.9012 7.54878 3.17873 3.01195 2.74435 2.27813 2.15329 2.18936 1.53009 1.952 2.39024
threshold=8.0244530318477612 4.8500000000000005 12.363817557263642 0.80471895621705036 12.944108442513649 2.3746352649809244 11.048534044406049 12.668474723849867 2.605317244453309 11.746011324393114 11.37956819712479 3.8751853611983891 5.1500000000000012 5.4150000000000009
decision_type=2 2 2 2 2 2 2 2 10 2 2 10 2 2
left_child=3 2 7 4 -1 6 8 -2 -3 10 -8 12 -11 -14
right_child=1 5 -4 -5 -6 -7 9 -9 -10 11 -12 -13 13 -15
leaf_value=0 0 -1.30797378727619e-22 1.8563440325654385e-16 8.5082544592621558e-19 1.560197100712699e-18 4.9205135932240263e-16 -8.2175060562997901e-21 -1.6779953122228461e-18 0 3.518209487520529e-16 1.8628838416544812e-18 -4.7115498563865048e-14 -7.0988859479734472e-11 -1.2691653848313239e-17
leaf_weight=505 203 51 91 60 20 2892 75 41 407 56 64 118 40 252
leaf_count=505 203 51 91 60 20 2892 75 41 407 56 64 118 40 252
internal_value=-0.00235952 -0.00102074 -0.00879464 -0.0121587 -0.0136027 -0.000360212 -0.00176222 -0.0126122 -0.00359477 -0.000371287 0.00289286 -0.00134904 -0.00034384 -0.00133106
internal_weight=4875 4290 335 585 525 3955 1063 244 458 605 139 466 348 292
internal_count=4875 4290 335 585 525 3955 1063 244 458 605 139 466 348 292
is_linear=0
shrinkage=0.03


Tree=342
num_leaves=15
num_cat=0
split_feature=1 7 3 1 0 0 3 3 4 13 9 3 0 3
split_gain=66.8865 23.1017 15.4123 13.5596 10.211 4.27647 2.25145 1.90793 1.60494 1.41591 2.69956 1.39006 1.65114 1.63812
threshold=8.0244530318477612 4.8500000000000005 1.0000000180025095e-35 12.265237366968448 12.944108442513649 12.668474723849867 2.3746352649809244 4.0163424379838117 1.0000000180025095e-35 3.0896727230892331 -0.5 7.3645445576078314 10.384836577195097 9.9848483054625294
decision_type=2 2 2 2 2 2 2 2 2 10 2 2 2 2
left_child=2 3 4 5 -1 -2 -3 9 -4 10 -8 -9 13 -13
right_child=1 6 8 -5 -6 -7 7 11 -10 -11 -12 12 -14 -15
leaf_value=0 0 0 4.3787532248229089e-16 1.4766243236511376e-16 1.540551942394832e-18 -1.3192461018447537e-18 2.7734132172816854e-13 -6.2112731911422555e-15 -8.5316676672341972e-17 1.4194616594534707e-13 -2.6042977142901224e-15 1.2519755383913048e-12 8.4774276134794633e-14 -5.6335505349418998e-08
leaf_weight=496 207 1032 39 103 20 37 21 736 27 58 37 119 1875 24
leaf_count=496 207 1032 39 103 20 37 21 736 27 58 37 119 1875 24
internal_value=-0.0023065 -0.000998824 -0.0118353 -0.00840517 -0.0135783 -0.0122449 -0.000338201 9.40439e-05 0.00179104 0.00384615 0.000508475 -6.53358e-05 0.000341753 0.0034375
internal_weight=4831 4249 582 347 516 244 3902 2870 66 116 58 2754 2018 143
internal_count=4831 4249 582 347 516 244 3902 2870 66 116 58 2754 2018 143
is_linear=0
shrinkage=0.03


Tree=343
num_leaves=15
num_cat=0
split_feature=2 0 1 7 13 1 2 3 13 4 6 1 9 3
split_gain=85.1694 40.0321 7.13532 8.36858 4.52501 5.03001 2.95824 3.72621 2.37833 1.61569 1.30317 1.24461 1.89794 2.59769
threshold=4.9610196989653286 12.641914153484741 8.5537508061901431 4.8500000000000005 2.605317244453309 11.37956819712479 7.29063383029479 6.8979566397912828 2.7195783935999924 8.7106194056878774 8.225695476803752 11.458030865618888 0.60354301478968997 6.5261270843795698
decision_type=2 2 2 2 10 2 2 2 8 2 2 2 2 2
left_child=1 2 -1 -4 -5 -6 -2 11 -3 -9 -11 12 13 -8
right_child=6 8 3 4 5 -7 7 9 -10 10 -12 -13 -14 -15
leaf_value=0 1.1920182132481965e-16 -1.4260268826953772e-18 0 3.92392136182857e-24 0 1.4359377510237909e-19 -2.4907541243809009e-15 6.6446284592592334e-13 1.29039160012445e-18 -0.00053734056387462947 0.034520880807348747 -1.2558030550589247e-11 3.7250656456525335e-15 -4.8697044578010798e-14
leaf_weight=556 379 54 174 24 143 24 277 1696 193 407 27 652 126 41
leaf_count=556 379 54 174 24 143 24 277 1696 193 407 27 652 126 41
internal_value=-0.00253561 -0.00957228 -0.0124458 -0.00913934 -0.00476562 -0.00651786 -0.000253744 -0.000548497 0.00114919 0.000183013 -0.00144828 -0.00196901 -0.000741573 -0.00197492
internal_weight=4773 1168 921 365 191 167 3605 3226 247 2130 434 1096 444 318
internal_count=4773 1168 921 365 191 167 3605 3226 247 2130 434 1096 444 318
is_linear=0
shrinkage=0.03


Tree=344
num_leaves=15
num_cat=0
split_feature=2 0 1 8 13 1 2 8 8 0 13 10 4 2
split_gain=84.7025 46.2114 7.36918 8.02201 3.35086 3.40232 2.10578 1.54248 1.56699 1.49092 1.5952 2.79473 2.65602 2.38998
threshold=4.9610196989653286 12.641914153484741 8.5537508061901431 26.545000000000005 2.605317244453309 12.363817557263642 7.4838060557221571 70.90000000000002 13.050000000000002 14.634897327524396 3.8891639584876008 -0.92133537133009236 3.5904155995222786 6.6005484604019271
decision_type=2 2 2 10 10 2 2 10 8 2 10 2 2 2
left_child=1 2 -1 4 -4 -6 9 8 -8 10 11 -2 13 -13
right_child=6 -3 3 -5 5 -7 7 -9 -10 -11 -12 12 -14 -15
leaf_value=0 -3.1743292427175006e-15 3.0325719735979557e-19 0 4.2291152455263473e-21 0 6.7560838418896163e-18 -2.5358218439345097e-11 -9.6723431507411719e-09 2.0325586832257464e-15 -6.1123197094151781e-14 -3.7097040555948094e-15 5.079086135441535e-17 -4.4454853187281028e-11 2.7105086007763188e-16
leaf_weight=531 48 234 42 41 268 20 785 46 2386 40 51 148 31 144
leaf_count=531 48 234 42 41 268 20 785 46 2386 40 51 148 31 144
internal_value=-0.00228924 -0.00944591 -0.0125249 -0.00923387 -0.0107855 -0.0119377 -7.74457e-05 -0.000349596 -0.000269546 0.00181425 0.00234043 0.00302419 0.00402778 0.00491468
internal_weight=4815 1136 902 371 330 288 3679 3217 3171 462 422 371 323 292
internal_count=4815 1136 902 371 330 288 3679 3217 3171 462 422 371 323 292
is_linear=0
shrinkage=0.03


Tree=345
num_leaves=15
num_cat=0
split_feature=2 0 1 8 7 1 1 2 8 4 10 10 0 2
split_gain=93.6409 45.6665 6.06047 6.97272 2.7859 6.59403 2.05167 1.65 1.52199 1.34833 1.34714 1.54551 1.52268 2.03172
threshold=4.9610196989653286 12.641914153484741 8.2114826860640537 27.450000000000003 4.8500000000000005 11.287767319888422 12.239981190170202 7.29063383029479 5.9855000000000009 13.010840838017936 -0.54646613226747032 -0.79467767141292855 13.370716857339312 10.061036020134182
decision_type=2 2 2 10 2 2 2 2 10 2 2 2 2 2
left_child=1 2 -1 4 6 8 -4 -2 -6 10 11 -9 -12 -14
right_child=7 -3 3 -5 5 -7 -8 9 -10 -11 12 -13 13 -15
leaf_value=0 8.7970149432611449e-17 2.4016869088999753e-19 0 2.8574179516005144e-21 0 1.6702332697379527e-19 -3.0281029808654874e-17 2.8903171311655484e-15 0 0.015801846332429609 2.923599250996156e-15 3.2664468979007435e-12 -2.2899470902118265e-11 -1.5879204158873206e-10
leaf_weight=523 396 242 164 35 20 26 20 674 122 26 1032 286 294 914
leaf_count=523 396 242 164 35 20 26 20 674 122 26 1032 286 294 914
internal_value=-0.00215497 -0.00960104 -0.0126784 -0.00978093 -0.0110482 -0.00816568 -0.0136216 0.000215291 -0.0106993 -9.29656e-06 -6.56045e-05 0.000874089 -0.000468541 -0.00119107
internal_weight=4774 1152 910 387 352 168 184 3622 142 3226 3200 960 2240 1208
internal_count=4774 1152 910 387 352 168 184 3622 142 3226 3200 960 2240 1208
is_linear=0
shrinkage=0.03


Tree=346
num_leaves=15
num_cat=0
split_feature=2 0 1 8 7 1 2 3 3 1 2 0 8 7
split_gain=94.6872 37.7842 7.26414 9.2217 3.17913 4.94412 2.3046 1.86856 1.4604 1.5502 7.18633 2.9112 2.69486 2.12129
threshold=5.1177068786547126 12.641914153484741 8.5537508061901431 27.450000000000003 4.8500000000000005 11.048534044406049 7.29063383029479 1.0000000180025095e-35 6.8979566397912828 12.397730612400476 9.7576369860026908 13.962708169661443 23.650000000000002 6.4500000000000011
decision_type=2 2 2 10 2 2 2 2 2 2 2 2 10 2
left_child=1 2 -1 4 -4 7 -2 -6 9 13 12 -12 -11 -8
right_child=6 -3 3 -5 5 -7 8 -9 -10 10 11 -13 -14 -15
leaf_value=0 8.7344933769166083e-17 6.7163477024843793e-20 0 4.0734364156006676e-21 0 1.255185514579721e-19 2.5018302869714973e-15 -1.1970468621467943e-17 6.0516084643223492e-13 -1.2774683748747982e-11 -6.4175404167724609e-11 1.8390200890484144e-09 -1.967578755782634e-11 -4.6026741090582346e-11
leaf_weight=536 397 243 164 35 120 29 586 20 2172 129 73 198 44 71
leaf_count=536 397 243 164 35 120 29 586 20 2172 129 73 198 44 71
internal_value=-0.00205791 -0.00957753 -0.0123978 -0.00910569 -0.0106437 -0.00767647 0.000294198 -0.01 3.20709e-05 -0.000857532 -0.00222472 0.000827206 -0.00698276 6.83891e-05
internal_weight=4817 1147 904 368 333 169 3670 140 3273 1101 444 271 173 657
internal_count=4817 1147 904 368 333 169 3670 140 3273 1101 444 271 173 657
is_linear=0
shrinkage=0.03


Tree=347
num_leaves=15
num_cat=0
split_feature=2 0 7 13 8 10 2 2 0 0 9 9 13 13
split_gain=90.0745 41.4372 3.56219 4.35038 2.6429 2.52867 2.28015 2.7232 2.72276 2.19759 1.67313 1.74598 1.28277 1.2217
threshold=4.9610196989653286 12.641914153484741 5.3100000000000014 3.192652944784323 24.450000000000003 0.12403179483894426 8.4329414910271385 8.3788502352007352 13.868037652977987 11.216111817780208 -0.13052619222005166 0.25037047035109428 3.5462230556584866 2.5624635244952301
decision_type=2 2 2 8 10 2 2 2 2 2 2 2 10 10
left_child=1 2 -1 4 5 -4 7 8 10 -5 13 -12 -11 -2
right_child=6 -3 3 9 -6 -7 -8 -9 -10 12 11 -13 -14 -15
leaf_value=0 -4.2856472632691263e-17 2.7174629276854457e-19 0 0 2.7716954130524992e-21 0 -2.0291196392206512e-14 3.5479777505162547e-12 -1.5550521553081036e-13 0 -1.1977177684339009e-16 1.1614158159771368e-16 0 2.4777950411026774e-16
leaf_weight=539 34 244 59 182 27 42 2763 35 145 22 67 306 31 269
leaf_count=539 34 244 59 182 27 42 2763 35 145 22 67 306 31 269
internal_value=-0.00216849 -0.00949433 -0.0124585 -0.0100962 -0.0055814 -0.00779412 0.000153315 0.00150525 0.00114964 -0.0125212 0.00194978 0.000601604 -0.00694444 0.00360197
internal_weight=4765 1146 902 363 128 101 3619 856 821 235 676 373 53 303
internal_count=4765 1146 902 363 128 101 3619 856 821 235 676 373 53 303
is_linear=0
shrinkage=0.03


Tree=348
num_leaves=15
num_cat=0
split_feature=2 0 3 0 7 13 8 0 9 7 2 3 13 3
split_gain=93.5031 42.909 4.49398 2.47635 2.67682 2.54921 2.31931 1.98358 1.47435 1.40663 1.34046 1.72505 1.45201 1.41392
threshold=4.9610196989653286 12.641914153484741 1.0000000180025095e-35 9.8058461717950998 4.8500000000000005 2.6281017623977387 25.050000000000004 11.727998448618296 0.023995916671217133 6.4500000000000011 7.29063383029479 2.3746352649809244 3.0659318822730923 1.0000000180025095e-35
decision_type=2 2 2 2 2 10 10 2 2 2 2 2 8 2
left_child=1 2 3 -1 -5 -6 -7 -8 9 -3 -2 12 13 -12
right_child=10 8 -4 4 5 6 7 -9 -10 -11 11 -13 -14 -15
leaf_value=0 7.2321409305057314e-17 8.8134125554127131e-20 -1.212668004848776e-17 0 0 0 0 1.5837267416237797e-21 4.0537446481013928e-18 -5.5756118835985392e-15 4.1977048811783107e-15 3.8342008864913996e-14 -1.024538273793988e-11 -5.1930916365240644e-12
leaf_weight=481 413 116 27 188 29 137 28 20 108 21 202 2725 315 20
leaf_count=481 413 116 27 188 29 137 28 20 108 21 202 2725 315 20
internal_value=-0.00217346 -0.00961505 -0.0126125 -0.0129808 -0.0111663 -0.0087907 -0.0100806 -0.00428571 0.00152439 -0.000543478 0.000167301 -3.6776e-05 -0.00158922 0.000269058
internal_weight=4830 1155 910 883 402 214 185 48 245 137 3675 3262 537 222
internal_count=4830 1155 910 883 402 214 185 48 245 137 3675 3262 537 222
is_linear=0
shrinkage=0.03


Tree=349
num_leaves=15
num_cat=0
split_feature=7 0 0 3 0 8 0 0 10 8 3 0 8 7
split_gain=57.5636 20.0653 18.572 10.8354 3.26128 4.21557 1.62164 1.52536 1.49784 1.41001 1.26539 3.00843 5.15947 2.34513
threshold=4.8500000000000005 8.990348060858663 12.694996915516223 1.0000000180025095e-35 10.132792076283826 22.250000000000004 6.9090007265537734 9.3324676096552004 -0.79467767141292855 5.0450000000000008 1.0000000180025095e-35 12.80041893592758 27.250000000000004 5.6500000000000012
decision_type=2 2 2 2 2 8 2 2 2 10 2 2 10 2
left_child=2 3 9 6 5 -3 -2 -7 -4 -1 11 12 13 -6
right_child=1 4 8 -5 10 7 -8 -9 -10 -11 -12 -13 -14 -15
leaf_value=0 0 0 2.5630202660967306e-09 3.6831911436888846e-17 0 6.9641163234832424e-14 0 0 -1.693379672504294e-18 0 1.5689038052474442e-15 1.1711759298675222e-18 3.8468043548958072e-21 0
leaf_weight=77 126 97 23 98 133 38 100 133 81 374 2691 492 138 158
leaf_count=77 126 97 23 98 133 38 100 133 81 374 2691 492 138 158
internal_value=-0.00207038 -0.000870392 -0.0111421 -0.00803077 -0.000270549 -0.00345725 -0.01163 -0.000610465 0.000285714 -0.0137721 -3.32134e-05 -0.000992408 -0.00282558 -0.00508562
internal_weight=4759 4204 555 324 3880 268 226 171 104 451 3612 921 429 291
internal_count=4759 4204 555 324 3880 268 226 171 104 451 3612 921 429 291
is_linear=0
shrinkage=0.03


Tree=350
num_leaves=15
num_cat=0
split_feature=1 7 3 1 0 0 1 1 1 3 1 0 1 3
split_gain=77.366 27.874 12.3179 10.5935 6.9374 2.66123 1.97062 1.61923 2.43577 3.5712 2.33025 2.18103 1.95828 1.94636
threshold=8.1360059730884 4.8500000000000005 2.2242581879713579 12.265237366968448 12.973869167917469 12.668474723849867 9.8193850274466197 12.290305773177012 11.241844637092649 4.7643061341909858 11.746011324393114 13.070310700308005 10.078459247993102 6.2700423577822813
decision_type=2 2 2 2 2 2 2 2 2 2 2 2 2 2
left_child=2 3 4 5 -1 -2 -3 8 11 10 -10 12 -8 -9
right_child=1 6 -4 -5 -6 -7 7 13 9 -11 -12 -13 -14 -15
leaf_value=0 0 0 1.318248939637317e-16 -2.1998913356249162e-17 1.2452451943353764e-18 -3.3973823283434558e-18 4.033266934427581e-16 -4.2596374426692899e-13 5.6852701933667891e-14 5.291023018745866e-13 7.0493135335472902e-17 2.1068534564890768e-15 0 1.1903700879153809e-09
leaf_weight=513 187 417 62 91 25 42 106 489 112 453 109 106 616 1439
leaf_count=513 187 417 62 91 25 42 106 489 112 453 109 106 616 1439
internal_value=-0.00211724 -0.000665787 -0.0121797 -0.00915888 -0.0136364 -0.012587 4.28794e-05 0.000279802 0.00101796 0.00235556 0.00547297 -7.23764e-05 -0.0006639 -0.00029549
internal_weight=4767 4167 600 320 538 229 3847 3430 1502 674 221 828 722 1928
internal_count=4767 4167 600 320 538 229 3847 3430 1502 674 221 828 722 1928
is_linear=0
shrinkage=0.03


Tree=351
num_leaves=15
num_cat=0
split_feature=2 0 1 0 1 8 13 7 1 1 0 8 1 13
split_gain=111.784 35.8669 4.83625 4.31678 2.4558 4.79637 2.84955 4.22995 1.97849 1.78727 1.62522 1.23419 2.23512 1.86079
threshold=4.7854040570768062 12.668474723849867 12.265237366968448 13.49433987878975 8.2114826860640537 28.950000000000003 2.5988356303288325 4.8500000000000005 11.609432446070445 9.9066948624187461 14.17178559855537 11.950000000000001 8.7208683397610738 2.8648195261668286
decision_type=2 2 2 2 2 10 10 2 2 2 2 8 2 10
left_child=1 2 4 -3 -1 6 7 -6 9 -5 -10 12 -2 -14
right_child=11 3 -4 8 5 -7 -8 -9 10 -11 -12 -13 13 -15
leaf_value=0 1.2045500527526465e-15 -9.2842594632960028e-18 1.7700121396758455e-16 3.1192804185622225e-18 0 -9.7520241147884111e-20 0 3.8062037209737129e-24 6.6772972560442132e-15 -1.0120901318722953e-16 1.394537420202484e-14 1.5097368902867382e-15 1.5407771338136784e-13 -3.3360016737939372e-12
leaf_weight=515 41 80 20 20 22 37 287 22 45 25 65 2867 246 502
leaf_count=515 41 80 20 20 22 37 287 22 45 25 65 2867 246 502
internal_value=-0.00217101 -0.0103775 -0.0130918 6.35593e-05 -0.0134219 -0.0114634 -0.0126054 -0.00533333 0.00298077 -0.00228261 0.00513514 0.000385562 -0.000664557 -0.00104139
internal_weight=4794 1138 903 235 883 368 331 44 155 45 110 3656 789 748
internal_count=4794 1138 903 235 883 368 331 44 155 45 110 3656 789 748
is_linear=0
shrinkage=0.03


Tree=352
num_leaves=15
num_cat=0
split_feature=2 1 1 8 13 2 13 3 2 1 2 10 8 2
split_gain=104.082 31.6107 4.87635 5.60941 2.60123 2.09523 3.84825 4.03866 2.34376 2.04645 3.94791 1.69775 1.56914 3.82262
threshold=4.7854040570768062 12.338728964246885 8.5537508061901431 28.250000000000004 2.5988356303288325 8.4329414910271385 2.828809346584777 4.0163424379838117 8.2863324211060849 12.801604220077921 7.29063383029479 -0.61907037610925431 14.450000000000001 7.0490338225425244
decision_type=2 2 2 10 10 2 10 2 2 2 2 2 10 2
left_child=1 2 -1 4 -4 6 11 9 -9 12 -11 -2 -8 -14
right_child=5 -3 3 -5 -6 -7 7 8 -10 10 -12 -13 13 -15
leaf_value=0 2.6244010507676062e-15 1.0785511130673127e-14 0 -1.115597572166858e-19 0 -2.2586392120896633e-14 9.9917939517123722e-14 -1.4759472767321206e-15 1.9334190789249457e-12 4.5047661747902425e-13 -1.1126759329320522e-11 -1.5736192686262423e-16 -4.6243546384175093e-17 1.2418206211405679e-13
leaf_weight=556 78 119 56 57 344 2798 121 243 43 24 21 164 77 92
leaf_count=556 78 119 56 57 344 2798 121 243 43 24 21 164 77 92
internal_value=-0.00227472 -0.0102207 -0.0119379 -0.00959607 -0.0108479 0.000184326 0.00147569 0.00272508 0.00010453 0.00495536 -0.000978261 -0.0017284 0.00587629 0.00397059
internal_weight=4793 1132 1013 457 400 3661 863 621 286 335 45 242 290 169
internal_count=4793 1132 1013 457 400 3661 863 621 286 335 45 242 290 169
is_linear=0
shrinkage=0.03


Tree=353
num_leaves=15
num_cat=0
split_feature=2 0 1 8 13 7 1 1 1 13 13 0 13 13
split_gain=104.715 38.0108 3.04961 6.0522 2.9189 3.49246 2.1589 3.75657 1.81982 1.5906 1.49211 1.14195 1.12553 1.0305
threshold=4.7854040570768062 12.733168034440927 8.2114826860640537 28.950000000000003 2.605317244453309 4.8500000000000005 9.7240168956425155 12.222356734177021 12.317494376681179 3.8751853611983891 2.7195783935999924 14.300262989435145 4.5571266874014613 3.4011867285199036
decision_type=2 2 2 10 10 2 2 2 2 10 8 2 10 10
left_child=1 2 -1 4 5 -4 -3 13 -6 10 -9 -12 -2 -8
right_child=12 6 3 -5 8 -7 7 9 -10 -11 11 -13 -14 -15
leaf_value=0 -4.7236782694105923e-17 1.4864156224041953e-18 0 4.9312135490727369e-21 0 3.6920176093445016e-24 -8.5126991670904072e-17 -1.5238920583661878e-16 -1.6807562576850367e-16 -3.4374347067704129e-14 1.2621376060079474e-14 3.1578299505107281e-13 2.3908889786214926e-09 -8.594935287885261e-19
leaf_weight=493 3588 33 23 34 310 23 52 24 20 24 30 28 92 35
leaf_count=493 3588 33 23 34 310 23 52 24 20 24 30 28 92 35
internal_value=-0.00248545 -0.0104735 -0.0132246 -0.0112409 -0.0123342 -0.00510638 0.000528634 -0.000695876 -0.0133233 0.00308411 0.00506024 0.00762712 -3.25998e-05 -0.00528409
internal_weight=4809 1129 903 410 376 46 226 193 330 106 82 58 3680 87
internal_count=4809 1129 903 410 376 46 226 193 330 106 82 58 3680 87
is_linear=0
shrinkage=0.03


Tree=354
num_leaves=15
num_cat=0
split_feature=2 0 3 1 1 8 13 7 13 1 13 2 2 0
split_gain=102.696 38.9809 3.88342 2.89904 2.6952 6.88204 2.92663 2.77023 2.35645 2.02111 1.10165 1.26811 1.59471 2.39903
threshold=4.7854040570768062 12.733168034440927 0.80471895621705036 12.265237366968448 8.2114826860640537 28.950000000000003 2.5988356303288325 4.8500000000000005 4.0376906890827202 12.317494376681179 4.3453177057121399 13.286088946656212 10.141489978654711 12.118988510469793
decision_type=2 2 2 2 2 10 10 2 8 2 10 2 2 2
left_child=1 2 4 8 -1 6 7 -6 -3 -8 -2 12 13 -12
right_child=10 3 -4 -5 5 -7 9 -9 -10 -11 11 -13 -14 -15
leaf_value=0 1.0734993891499293e-16 -5.9046111030775804e-17 -5.7391880137737217e-18 1.1983884009766623e-14 0 5.3508112479783909e-21 0 3.5812570810641672e-24 2.4848938647569615e-18 -1.4683188759858167e-16 3.6681107063627164e-15 -0.0024582834406761747 4.7026364144442592e-09 -7.0433053764356653e-11
leaf_weight=503 3472 82 20 104 26 35 283 23 36 20 32 27 94 63
leaf_count=503 3472 82 20 104 26 35 283 23 36 20 32 27 94 63
internal_value=-0.00242688 -0.0103266 -0.0130735 0.000941704 -0.013367 -0.0114046 -0.0126629 -0.0057 -0.00226891 -0.0137664 0 -0.00207373 -0.00118421 -0.00390625
internal_weight=4820 1132 910 222 890 387 352 49 118 303 3688 216 189 95
internal_count=4820 1132 910 222 890 387 352 49 118 303 3688 216 189 95
is_linear=0
shrinkage=0.03


Tree=355
num_leaves=15
num_cat=0
split_feature=2 0 3 3 13 3 2 13 3 2 10 10 4 0
split_gain=107.283 37.5789 2.41267 1.55641 2.38447 2.3768 2.13344 2.02532 1.99059 2.48975 1.78798 1.72809 1.59242 1.58651
threshold=4.7854040570768062 12.733168034440927 1.3195286648076296 8.4809956007381615 2.8179377420832226 8.6614666655856318 8.7848510388515439 3.0896727230892331 5.3671428766949623 8.2863324211060849 -0.50188698852276337 0.92219219298186361 12.852901347347759 14.13139314629387
decision_type=2 2 2 2 10 2 2 10 2 2 2 2 2 2
left_child=1 2 -1 4 11 -5 7 -6 13 -10 -7 -2 -12 -9
right_child=3 -3 -4 5 6 10 -8 8 9 -11 12 -13 -14 -15
leaf_value=0 -3.2599274286950933e-15 1.2083839942650014e-18 -4.135583022896246e-17 1.770196130679634e-09 -6.4771772116850324e-17 1.8459256230111889e-09 -5.6131158686196966e-14 8.7962046321111697e-14 -1.3363283383589497e-14 8.8358172255405868e-13 -3.9023169793786509e-11 -6.2828356601349323e-13 0.036824472637249105 -7.9850869860684693e-14
leaf_weight=883 488 224 20 81 263 465 814 235 105 61 997 69 24 58
leaf_count=883 488 224 20 81 263 465 814 235 105 61 997 69 24 58
internal_value=-0.0025094 -0.0105984 -0.0133241 -1.6389e-05 -0.000551576 0.000698342 5.85556e-05 0.00124481 0.00244565 -0.000179641 0.000423672 -0.00223118 -0.000278865 0.00392857
internal_weight=4787 1127 903 3660 2093 1567 1536 722 459 166 1486 557 1021 293
internal_count=4787 1127 903 3660 2093 1567 1536 722 459 166 1486 557 1021 293
is_linear=0
shrinkage=0.03


Tree=356
num_leaves=15
num_cat=0
split_feature=2 0 1 8 7 9 8 8 12 0 4 2 1 1
split_gain=111.216 36.3216 2.67856 8.86805 1.49898 1.48053 1.35932 1.64684 1.23604 1.50297 1.44093 1.72674 1.24657 1.34084
threshold=4.7854040570768062 12.733168034440927 8.2114826860640537 28.950000000000003 6.6500000000000012 -0.86711210913679049 15.750000000000002 19.020000000000003 1.0000000180025095e-35 12.399103315165737 8.0823131798589305 12.645131279204053 13.418238997791887 14.400216181284341
decision_type=2 2 2 10 2 2 10 10 10 2 2 2 2 2
left_child=1 2 -1 -4 -2 -3 -7 -8 9 -6 11 -10 -11 -14
right_child=4 5 3 -5 8 6 7 -9 10 12 -12 -13 13 -15
leaf_value=0 -6.5189930174026021e-18 3.9882122858319174e-17 0 7.3847500157537552e-21 -4.8639035050642884e-11 -5.978083344475363e-17 1.0625579099040727e-14 -1.5046039848514314e-17 7.9928989798343877e-14 8.8570515963998331e-06 -0.00058692227407987948 0.0033098708865851754 -0.0006056699332098052 0.079177353874049311
leaf_weight=492 3251 26 359 38 26 98 21 84 155 22 173 35 20 22
leaf_count=492 3251 26 359 38 26 98 21 84 155 22 173 35 20 22
internal_value=-0.00230147 -0.0105898 -0.0133315 -0.0114196 0.000202429 6.52174e-05 -0.000808824 0.0015566 0.00181718 0.00494505 0.00103022 0.00282723 0.00738462 0.00418605
internal_weight=4822 1118 889 397 3704 229 203 105 453 90 363 190 64 42
internal_count=4822 1118 889 397 3704 229 203 105 453 90 363 190 64 42
is_linear=0
shrinkage=0.03


Tree=357
num_leaves=15
num_cat=0
split_feature=2 0 10 1 8 13 0 13 1 10 10 0 1 2
split_gain=102.347 37.5943 3.2245 2.70167 5.92495 3.40772 2.57706 1.42767 1.31463 1.29857 1.89396 1.27584 2.92237 1.58779
threshold=4.7854040570768062 12.668474723849867 -0.50753836296070409 8.2114826860640537 28.950000000000003 2.5748762575589188 13.942508120160754 1.9569847259068189 12.317494376681179 0.49810825183760399 0.68039955279772046 11.703950652009272 12.134059360954675 7.9631115137973021
decision_type=2 2 2 2 10 10 2 8 2 2 2 2 2 2
left_child=1 3 6 -1 5 -5 -3 -2 -7 -4 -11 12 -9 -13
right_child=7 2 9 4 -6 8 -8 11 -10 10 -12 13 -14 -15
leaf_value=0 -1.7689365437809268e-10 -1.6742600747997908e-15 1.4830372526563553e-17 0 3.8336761993107538e-21 0 5.3480544668026423e-17 7.530509299966258e-17 -1.4242693097062423e-16 -3.1409608583043317e-16 4.5779594991391451e-18 1.8679268218943846e-14 1.2500209032038916e-09 -1.0855500544785314e-11
leaf_weight=498 32 48 68 43 35 301 39 907 20 21 68 319 59 2334
leaf_count=498 32 48 68 43 35 301 39 907 20 21 68 319 59 2334
internal_value=-0.0026038 -0.0104422 0 -0.0132795 -0.0113625 -0.0124932 -0.00460227 -0.000151972 -0.0135559 0.00256329 0.000166667 -9.53039e-05 0.000837642 -0.000435192
internal_weight=4792 1141 244 897 399 364 87 3651 321 157 89 3619 966 2653
internal_count=4792 1141 244 897 399 364 87 3651 321 157 89 3619 966 2653
is_linear=0
shrinkage=0.03


Tree=358
num_leaves=15
num_cat=0
split_feature=2 0 10 2 10 2 2 2 0 3 0 10 9 8
split_gain=101.917 32.3543 2.92649 2.22085 1.30156 1.12351 3.3252 3.20447 1.95613 3.53419 2.77406 2.6766 1.77177 1.52467
threshold=5.1177068786547126 12.668474723849867 -0.50188698852276337 2.1686453704162454 0.49810825183760399 8.9810522721056376 8.2863324211060849 8.4329414910271385 13.247121139626424 5.7309108131595101 14.17178559855537 -0.0043632677491870896 -0.25881904510252113 12.050000000000002
decision_type=2 2 2 2 2 2 2 2 2 2 2 2 2 10
left_child=1 3 -3 -1 -4 6 13 12 9 -9 -10 -12 -8 -2
right_child=5 2 4 -5 -6 -7 7 8 10 -11 11 -13 -14 -15
leaf_value=0 7.9362538994090541e-14 -2.949636632965482e-16 2.1220644509765143e-17 0 -1.4616312799068657e-18 -6.2077066109175729e-12 2.8133648558209003e-12 2.9743655007023833e-13 -4.4921127368443896e-11 5.8330601366969034e-16 9.8057998789991521e-08 -4.514686594749318e-11 5.8750414753666002e-13 -3.8764636076652161e-16
leaf_weight=788 242 85 61 122 83 2491 27 79 42 126 24 21 51 512
leaf_count=788 242 85 61 122 83 2491 27 79 42 126 24 21 51 512
internal_value=-0.00258675 -0.0104079 -0.000326087 -0.0129418 0.00227586 -0.000120299 0.000666667 0.00299191 0.00153584 0.00313107 -0.00221591 0.00293478 0.00835443 -0.000476821
internal_weight=4754 1139 229 910 144 3615 1124 370 292 205 87 45 78 754
internal_count=4754 1139 229 910 144 3615 1124 370 292 205 87 45 78 754
is_linear=0
shrinkage=0.03


Tree=359
num_leaves=15
num_cat=0
split_feature=2 0 1 8 13 7 1 1 3 8 13 2 3 2
split_gain=99.4584 36.3733 3.83583 8.70455 3.14051 2.8456 2.14069 2.61243 3.23434 2.90532 2.55256 2.86396 2.14438 2.56536
threshold=4.7854040570768062 12.668474723849867 8.2114826860640537 28.950000000000003 2.5988356303288325 4.9500000000000011 11.955169188024438 9.8193850274466197 8.0518172960252539 7.7500000000000009 2.1601990341472557 6.8354524644277417 7.3645445576078314 6.9909468434088478
decision_type=2 2 2 10 10 2 2 2 2 10 10 2 2 2
left_child=1 2 -1 4 5 -4 7 -2 9 -9 -11 -12 13 -8
right_child=6 -3 3 -5 -6 -7 12 8 -10 10 11 -13 -14 -15
leaf_value=0 -5.4309605028566991e-16 7.788250539566297e-19 0 7.0481972293018205e-21 0 3.4738193686322417e-24 8.5198326149537967e-14 -2.7788215033838704e-11 -9.529452070690723e-12 -1.0718904332216032e-10 -1.4835735333231264e-16 2.9994355045587816e-13 -3.2659233809148576e-11 -1.651571450811268e-11
leaf_weight=502 412 231 22 36 310 21 68 65 401 20 89 587 1413 661
leaf_count=502 412 231 22 36 310 21 68 65 401 20 89 587 1413 661
internal_value=-0.00246125 -0.010285 -0.0130325 -0.0107308 -0.012161 -0.00443182 -9.68523e-05 0.000742857 0.00147034 0.00261811 0.00318508 0.00350074 -0.000713952 -0.00203425
internal_weight=4838 1122 891 389 353 43 3716 1574 1162 761 696 676 2142 729
internal_count=4838 1122 891 389 353 43 3716 1574 1162 761 696 676 2142 729
is_linear=0
shrinkage=0.03


Tree=360
num_leaves=15
num_cat=0
split_feature=2 0 1 7 1 2 2 3 1 2 3 2 4 0
split_gain=106.491 41.369 2.50051 3.749 1.76024 2.61975 5.8074 5.41178 4.51561 2.52134 4.86302 3.34213 3.53193 2.77494
threshold=4.7854040570768062 12.694996915516223 8.2114826860640537 4.8500000000000005 12.222356734177021 7.29063383029479 9.6761632813776952 5.2310943182715759 14.049929104559439 7.7013132390829151 8.2952343136664961 10.192474875139002 1.0074515102711326 12.374710300155487
decision_type=2 2 2 2 2 2 2 2 2 2 2 2 2 2
left_child=1 2 -1 -4 9 -6 7 8 -7 13 11 12 -11 -2
right_child=4 -3 3 -5 5 6 -8 -9 -10 10 -12 -13 -14 -15
leaf_value=0 -6.9696374261934874e-16 1.6655514152211728e-18 0 0 4.2621438515955129e-13 -1.619111386548008e-11 -4.8678493499628337e-11 -1.2057223413380176e-11 4.3365724379052216e-10 2.9299421261904343e-13 -2.3872635373345065e-11 -1.2210891634991927e-11 -1.6331540279680984e-11 2.2698971406140227e-13
leaf_weight=510 338 229 186 197 70 110 1595 146 21 534 477 103 154 120
leaf_count=510 338 229 186 197 70 110 1595 146 21 534 477 103 154 120
internal_value=-0.00244208 -0.0105254 -0.0134396 -0.0115234 3.27065e-05 -0.000586722 -0.000800854 -0.00480216 -0.00920455 0.000729589 0.00141844 0.00285985 0.00361393 -0.00117647
internal_weight=4790 1122 893 383 3668 1942 1872 277 131 1726 1268 791 688 458
internal_count=4790 1122 893 383 3668 1942 1872 277 131 1726 1268 791 688 458
is_linear=0
shrinkage=0.03


Tree=361
num_leaves=15
num_cat=0
split_feature=1 7 3 0 0 3 1 0 7 1 7 1 13 9
split_gain=75.2571 23.217 11.6674 11.5532 8.88328 3.41571 3.33488 1.93953 1.84724 3.09814 2.6106 1.66789 1.46168 1.35483
threshold=8.1360059730884 4.8500000000000005 2.2242581879713579 12.668474723849867 12.944108442513649 2.2242581879713579 9.8193850274466197 9.8058461717950998 5.8500000000000005 10.686046371582785 5.4150000000000009 8.4094347745150468 3.0750462557915204 -0.92872997950424419
decision_type=2 2 2 2 2 2 2 2 2 2 2 2 8 2
left_child=2 3 4 -2 -1 6 12 -8 10 -10 -9 -7 -3 -12
right_child=1 5 -4 -5 -6 11 7 8 9 -11 13 -13 -14 -15
leaf_value=0 0 0 -1.238711150363679e-17 -2.8106001310518624e-18 2.4220723270072396e-18 4.9024141211391541e-13 2.7958907407481092e-14 -4.2173578876133429e-17 -1.30797378727619e-22 -8.7448974219841641e-18 1.1841802449288053e-12 1.0405041884347965e-15 -4.1605567042374116e-20 6.6334748133906078e-15
leaf_weight=525 205 114 65 103 26 20 24 175 64 308 28 2814 83 202
leaf_count=525 205 114 65 103 26 20 24 175 64 308 28 2814 83 202
internal_value=-0.00247845 -0.00102149 -0.0122528 -0.00893204 -0.0136685 -0.000383512 -0.00189189 -0.00102868 -0.00129177 -0.00281501 0.000110837 0.000148148 -0.00537879 0.00220779
internal_weight=4756 4140 616 308 551 3832 998 801 777 372 405 2834 197 230
internal_count=4756 4140 616 308 551 3832 998 801 777 372 405 2834 197 230
is_linear=0
shrinkage=0.03


Tree=362
num_leaves=15
num_cat=0
split_feature=1 7 0 3 0 13 0 13 7 1 7 3 0 3
split_gain=83.6854 26.3981 12.7742 11.8507 6.29247 1.41787 1.35938 2.18459 1.87105 1.57838 1.80716 1.50389 2.16295 2.12231
threshold=8.1360059730884 4.8500000000000005 12.668474723849867 2.2242581879713579 12.973869167917469 1.9569847259068189 14.093193610243846 3.7660248318844647 7.5500000000000007 9.2011221944904715 5.5500000000000007 0.80471895621705036 8.4070428246898796 3.7316815227600109
decision_type=2 2 2 2 2 8 2 10 2 2 2 2 2 2
left_child=3 2 -2 4 -1 -3 7 11 -8 -9 -11 -7 -13 -14
right_child=1 5 -4 -5 -6 6 8 9 -10 10 -12 12 13 -15
leaf_value=0 0 -1.2938999510990571e-10 -5.2641936079797747e-18 -1.2015498158527685e-17 1.5610319311171045e-18 0 -7.0809299271608136e-13 -4.0357400031102893e-20 0.027495369705618441 -2.3928731068021942e-15 5.0080202512555697e-13 2.6770683715683462e-13 1.8293876188985433e-13 7.8288161096248499e-14
leaf_weight=526 210 31 115 65 24 617 1423 27 25 63 212 30 84 1334
leaf_count=526 210 31 115 65 24 617 1423 27 25 63 212 30 84 1334
internal_value=-0.00202423 -0.00049976 -0.00869632 -0.0123458 -0.013775 0.000194957 0.000247642 0.000690456 -0.00047619 0.00306931 0.00375 0.000341239 0.000869565 0.000697674
internal_weight=4786 4171 325 615 550 3846 3815 2367 1448 302 275 2065 1448 1418
internal_count=4786 4171 325 615 550 3846 3815 2367 1448 302 275 2065 1448 1418
is_linear=0
shrinkage=0.03


Tree=363
num_leaves=15
num_cat=0
split_feature=7 0 0 3 3 0 13 8 9 7 13 8 0 13
split_gain=62.7861 22.1229 17.9048 10.9009 5.50875 5.5006 2.01946 2.27277 2.72734 1.50778 1.81351 1.85379 1.62872 1.55568
threshold=4.8500000000000005 7.8844756404688594 12.694996915516223 4.1149555194928924 1.6570930023362631 13.712673392640136 3.3247867607557247 20.250000000000004 0.70556075282125807 5.2500000000000009 3.0189704762821385 23.050000000000004 11.537539334596643 2.6716281598217351
decision_type=2 2 2 2 2 2 8 10 2 2 10 10 2 10
left_child=2 3 -1 -2 5 6 7 8 -3 12 11 -11 -9 -13
right_child=1 4 -4 -5 -6 -7 -8 9 -10 10 -12 13 -14 -15
leaf_value=0 0 3.92392136182857e-24 -1.4203500969728989e-17 3.4473399806428216e-15 1.0711220315107056e-13 3.0944948333613969e-15 -3.0883991419682348e-22 0 -4.1605567042374116e-20 -1.30797378727619e-22 6.8406752337845935e-21 1.8805430734897218e-14 -5.7702065323437103e-23 -1.1670630000858412e-16
leaf_weight=467 170 194 116 48 2920 353 289 29 91 22 73 25 22 86
leaf_count=467 170 194 116 48 2920 353 289 29 91 22 73 25 22 86
internal_value=-0.00209437 -0.000846634 -0.0113271 -0.010137 -0.000350792 -0.00207595 -0.00340745 -0.00232044 -0.000472028 -0.00436047 -0.00318841 -0.00526119 -0.00894231 -0.00361607
internal_weight=4905 4322 583 218 4104 1184 831 542 285 257 206 133 51 111
internal_count=4905 4322 583 218 4104 1184 831 542 285 257 206 133 51 111
is_linear=0
shrinkage=0.03


Tree=364
num_leaves=15
num_cat=0
split_feature=2 0 1 12 1 0 8 8 10 1 12 0 2 8
split_gain=57.594 23.9503 8.64456 3.52196 3.84096 3.3718 2.0127 1.96261 2.41095 2.58371 2.35539 2.03476 1.71587 5.8933
threshold=5.1177068786547126 7.8844756404688594 12.338728964246885 1.0000000180025095e-35 11.070696482778954 12.694996915516223 14.750000000000002 31.950000000000003 -0.93040871107736134 9.009019149190717 2.5000000000000004 11.875413470536531 7.197435284064496 11.65
decision_type=2 2 2 8 2 2 10 10 2 2 10 2 2 10
left_child=1 -1 3 -3 7 -6 -4 8 -5 -10 11 -11 13 -2
right_child=12 2 6 4 5 -7 -8 -9 9 10 -12 -13 -14 -15
leaf_value=0 8.0859254911939442e-14 0 -1.7055706183523928e-16 0 0 -1.978182519935472e-16 1.1813937778930279e-14 -1.1760825993988571e-22 9.2651974259047039e-24 3.8062037209737129e-24 0 0 1.1408713848870309e-13 -3.2332849528592514e-15
leaf_weight=322 118 235 51 43 75 51 69 67 124 58 35 32 3252 238
leaf_count=322 118 235 51 43 75 51 69 67 124 58 35 32 3252 238
internal_value=-0.00182981 -0.00763543 -0.00495838 -0.00619972 -0.00472222 -0.0092126 0.00247934 -0.003125 -0.00204778 -0.0009 -0.00392857 -0.00131868 4.15628e-05 -0.00193277
internal_weight=4770 1162 840 720 485 126 120 359 292 249 125 90 3608 356
internal_count=4770 1162 840 720 485 126 120 359 292 249 125 90 3608 356
is_linear=0
shrinkage=0.03


Tree=365
num_leaves=15
num_cat=0
split_feature=7 0 0 2 2 2 2 8 8 0 0 2 5 7
split_gain=69.1553 24.5278 15.1641 11.4531 3.66426 1.94953 4.5146 2.94545 2.22425 2.064 2.03062 1.72816 1.6845 1.72095
threshold=4.8500000000000005 7.8844756404688594 12.694996915516223 4.9610196989653286 5.4722684669015473 8.2863324211060849 8.4329414910271385 24.010000000000002 39.050000000000004 10.33973238281505 8.7835855652564359 7.9328106250846808 1.175687628581739 5.9350000000000014
decision_type=2 2 2 2 2 2 2 10 10 2 2 2 2 2
left_child=2 3 4 -2 -1 7 -7 11 10 -8 -9 12 13 -3
right_child=1 5 -4 -5 -6 6 9 8 -10 -11 -12 -13 -14 -15
leaf_value=0 0 -1.1771764085485711e-25 -3.758650549756902e-16 2.7577819387467853e-16 -1.0146963058984335e-11 1.0773440301565579e-12 1.5552642546629843e-13 8.9872415031275632e-24 1.2793445224101275e-23 -4.9118197358047739e-14 -2.0892348907872281e-15 -3.5491406909687525e-11 -5.1663473502224351e-11 8.9872415031275632e-24
leaf_weight=445 160 402 107 64 20 74 170 24 129 2602 260 76 24 275
leaf_count=445 160 402 107 64 20 74 170 24 129 2602 260 76 24 275
internal_value=-0.00194289 -0.000626613 -0.0117277 -0.0102667 -0.0140665 -8.91751e-05 0.000337197 -0.00110831 -0.00315217 0.000140642 -0.00463158 -1.92802e-05 0.000448718 0.000730088
internal_weight=4832 4260 572 224 465 4036 2846 1190 413 2772 284 777 701 677
internal_count=4832 4260 572 224 465 4036 2846 1190 413 2772 284 777 701 677
is_linear=0
shrinkage=0.03


Tree=366
num_leaves=15
num_cat=0
split_feature=7 0 0 3 2 1 7 12 8 0 5 2 2 1
split_gain=69.1702 24.5608 15.975 11.6488 5.2821 4.07327 4.17346 2.44185 1.90219 1.51218 1.34078 1.83404 1.36463 3.6855
threshold=4.8500000000000005 7.8844756404688594 12.668474723849867 2.2242581879713579 5.4722684669015473 7.894224736846609 5.4150000000000009 2.5000000000000004 25.750000000000004 13.15058327479233 10.401204088936487 13.628531947798166 7.7013132390829151 11.649447358675964
decision_type=2 2 2 2 2 2 2 8 10 2 2 2 2 2
left_child=2 3 4 -2 -1 6 -3 8 -8 -4 11 12 -7 -14
right_child=1 5 9 -5 -6 10 7 -9 -10 -11 -12 -13 13 -15
leaf_value=0 0 6.2676934847733994e-17 1.5609676221353403e-17 2.8629742673046079e-15 2.8040550072018441e-13 -4.0357510685685296e-20 8.7176242580337369e-24 8.7176242580337369e-24 -2.964302723294452e-22 -2.407881922288587e-11 0.039984168761127661 -0.00056931460288940584 2.538579760076486e-13 -9.5409492853371772e-12
leaf_weight=435 166 40 31 55 21 863 38 34 41 81 36 187 893 1885
leaf_count=435 166 40 31 55 21 863 38 34 41 81 36 187 893 1885
internal_value=-0.00167256 -0.000353857 -0.0114938 -0.0100676 -0.0139825 0.000182927 0.00496753 0.00197368 -0.0009375 -0.00132743 -7.76197e-06 -6.26796e-05 8.64909e-05 0.00041022
internal_weight=4806 4238 568 221 456 4017 153 113 79 112 3864 3828 3641 2778
internal_count=4806 4238 568 221 456 4017 153 113 79 112 3864 3828 3641 2778
is_linear=0
shrinkage=0.03


Tree=367
num_leaves=15
num_cat=0
split_feature=7 0 0 2 2 0 2 2 8 10 13 8 1 10
split_gain=65.6826 23.1467 21.8893 12.5162 6.54526 3.06324 3.91539 4.27746 2.83405 2.28297 1.71176 2.24067 1.66725 1.52313
threshold=4.8500000000000005 7.8844756404688594 12.668474723849867 4.9610196989653286 5.4722684669015473 10.33973238281505 3.7256208424938388 8.1753361848583932 32.050000000000004 0.70400802274319874 3.1182168565832833 10.005500000000001 1.0000000180025095e-35 -0.86926070542861777
decision_type=2 2 2 2 2 2 2 2 10 2 8 10 2 2
left_child=2 3 4 -2 -1 6 -3 8 10 -4 -8 -12 -7 -9
right_child=1 5 9 -5 -6 12 7 13 -10 -11 11 -13 -14 -15
leaf_value=0 0 1.2106111344589298e-21 -4.2559823122731864e-11 9.8417757300538511e-16 3.3501627639637967e-13 2.1852313332227115e-18 1.6162027408418512e-16 4.3111118937682591e-10 -4.5464970194252412e-15 6.7603837672339202e-13 8.9865168665061087e-14 -1.4199613606939564e-14 1.083577438811217e-21 1.8832739368439548e-13
leaf_weight=441 144 122 82 65 20 46 64 21 48 37 20 23 3469 162
leaf_count=441 144 122 82 65 20 46 64 21 48 37 20 23 3469 162
internal_value=-0.0013914 -7.8853e-05 -0.0108434 -0.00978571 -0.0137987 0.000433853 0.00273319 0.00106195 -0.00259615 0.000625 0.000138889 -0.00443182 0.000132253 0.00415761
internal_weight=4764 4184 580 209 461 3975 460 338 155 119 107 43 3515 183
internal_count=4764 4184 580 209 461 3975 460 338 155 119 107 43 3515 183
is_linear=0
shrinkage=0.03


Tree=368
num_leaves=15
num_cat=0
split_feature=7 0 0 2 2 13 2 1 1 1 0 0 0 13
split_gain=60.584 20.1155 19.3605 10.9862 7.06442 2.48199 3.07263 3.86886 3.83832 2.86914 2.02762 1.48367 1.9386 1.74677
threshold=4.8500000000000005 7.8844756404688594 12.668474723849867 4.9610196989653286 5.4722684669015473 3.3290985839592291 1.0000000180025095e-35 11.194831368008368 11.771725514521558 7.894224736846609 12.582400599299394 15.828005564936268 14.96774748610216 3.9595919670713626
decision_type=2 2 2 2 2 10 2 2 2 2 2 2 2 10
left_child=2 3 4 -2 -1 6 7 10 -9 -7 -3 12 -11 -13
right_child=1 5 -4 -5 -6 9 -8 8 -10 11 -12 13 -14 -15
leaf_value=0 0 1.2110395753418437e-21 -2.0259611351594243e-14 -7.9764872758653507e-16 2.7067711212985931e-13 -2.7862238503475167e-23 5.607877441513266e-17 -1.693169695606828e-15 1.1938538330227325e-14 -5.4498851575295147e-17 -5.0549249240210009e-19 5.4740512271868907e-05 -5.0753465503297915e-08 -1.1828366751448554e-10
leaf_weight=425 133 140 125 70 25 74 2615 23 45 776 23 60 185 113
leaf_count=425 133 140 125 70 25 74 2615 23 45 776 23 60 185 113
internal_value=-0.00167598 -0.000440348 -0.0108073 -0.00963235 -0.0137029 2.21948e-05 0.000505796 0.00381466 -0.00217391 -0.00111663 0.00631098 -0.000740088 -0.00120062 0.00181034
internal_weight=4832 4257 575 203 450 4054 2846 231 68 1208 163 1134 961 173
internal_count=4832 4257 575 203 450 4054 2846 231 68 1208 163 1134 961 173
is_linear=0
shrinkage=0.03


Tree=369
num_leaves=15
num_cat=0
split_feature=7 1 2 13 1 3 8 2 1 10 2 1 8 8
split_gain=57.8885 21.4622 14.5435 5.93406 5.79305 3.82069 3.41308 2.27351 5.19209 2.0182 1.87166 4.63565 2.77108 3.20592
threshold=4.8500000000000005 8.0244530318477612 4.9610196989653286 3.2877271959001342 12.114824544233352 0.80471895621705036 9.9100000000000019 1.0000000180025095e-35 9.3894483948916641 -0.26302871059038868 7.197435284064496 12.041906755378266 41.650000000000013 11.950000000000001
decision_type=2 2 2 8 2 2 10 2 2 2 2 2 10 10
left_child=2 3 4 -2 -1 -5 -6 8 -3 -4 11 12 13 -9
right_child=1 7 9 5 6 -7 -8 10 -10 -11 -12 -13 -14 -15
leaf_value=0 0 3.6340260184622596e-21 1.6990510176248543e-12 0 -1.3303741118644834e-16 -1.1454986442857709e-17 9.867377750929813e-13 -1.0485796772074457e-18 1.1434043428851179e-21 -1.7734385825386265e-11 6.8710492932968947e-14 3.322275466773573e-14 1.3709033451943729e-16 -2.3520599070294072e-15
leaf_weight=419 104 51 35 208 24 31 32 108 234 46 3186 84 24 193
leaf_count=419 104 51 35 208 24 31 32 108 234 46 3186 84 24 193
internal_value=-0.00173536 -0.000536222 -0.0108259 -0.00771802 -0.0128256 -0.0103125 -0.00368421 0.00010049 0.00267483 0.000914634 -0.000104283 -0.0020122 -0.00363497 -0.00442053
internal_weight=4779 4223 556 343 475 239 56 3880 285 81 3595 409 325 301
internal_count=4779 4223 556 343 475 239 56 3880 285 81 3595 409 325 301
is_linear=0
shrinkage=0.03


Tree=370
num_leaves=15
num_cat=0
split_feature=1 3 0 2 0 1 12 13 13 13 1 1 13 1
split_gain=60.3306 8.01945 8.02458 7.3616 7.53978 3.49626 3.15319 3.24646 2.38005 2.8239 2.20691 1.82213 1.80902 1.62441
threshold=8.0244530318477612 0.80471895621705036 9.6857823106813488 3.3755507344683804 13.176460422281679 9.3283900229559542 1.0000000180025095e-35 3.480100145873517 3.3793689636457813 2.7050138847965743 11.194831368008368 11.09800832657846 3.2877271959001342 12.114824544233352
decision_type=2 2 2 2 2 2 10 8 10 8 2 2 8 2
left_child=1 2 -1 4 5 6 -2 -8 9 -7 -11 -6 -4 -10
right_child=3 -3 12 -5 11 8 7 -9 13 10 -12 -13 -14 -15
leaf_value=0 0 -1.0925624062961364e-15 0 6.8881860089012508e-17 -7.5258953950467924e-15 0 8.1279191920615721e-19 0 0 1.1054277761162929e-21 -1.7978047936122545e-16 2.0270707590921786e-14 -2.7026371348370915e-23 -1.2904628885085488e-16
leaf_weight=409 40 62 47 3595 20 70 34 26 92 76 30 114 69 32
leaf_count=409 40 62 47 3595 20 70 34 26 92 76 30 114 69 32
internal_value=-0.00169811 -0.0106888 -0.0118916 -0.000417676 -0.00370093 -0.0057606 -0.000891089 0.00344262 -0.00737542 -0.00508475 -0.00196262 0.00244444 -0.00487179 -0.01056
internal_weight=4716 587 525 4129 534 400 100 60 300 176 106 134 116 124
internal_count=4716 587 525 4129 534 400 100 60 300 176 106 134 116 124
is_linear=0
shrinkage=0.03


Tree=371
num_leaves=15
num_cat=0
split_feature=0 7 1 0 3 13 8 1 8 7 7 13 9 0
split_gain=56.3068 16.2625 14.6627 12.1541 5.66535 2.40797 2.23124 2.52832 1.9671 1.77935 1.57338 2.21739 1.5166 1.45965
threshold=9.1560688625273148 4.8500000000000005 7.894224736846609 12.528936323428866 1.3195286648076296 2.749351521261473 17.850000000000005 11.913830150762893 81.050000000000011 5.4150000000000009 6.1500000000000012 4.1847270233274516 0.49621178005173361 8.5188385911038917
decision_type=2 2 2 2 2 10 10 2 10 2 2 10 2 2
left_child=2 3 4 6 -1 -4 7 -2 10 -7 -3 -12 -10 -11
right_child=1 8 5 -5 -6 9 -8 -9 12 13 11 -13 -14 -15
leaf_value=0 0 6.2585698445949768e-17 -5.8598872972247277e-15 7.8625110011190951e-18 -2.7876104873478515e-15 0 0 -1.8333886497044461e-17 1.3970664856277111e-16 2.9524565306276813e-14 -2.7026371348370915e-23 -1.5022424631384081e-14 -9.5044255303180282e-15 -1.7086432514657441e-15
leaf_weight=387 148 2666 35 135 36 26 30 44 22 58 1059 107 24 54
leaf_count=387 148 2666 35 135 36 26 30 44 22 58 1059 107 24 54
internal_value=-0.00142488 -0.000208924 -0.0100503 -0.00632682 -0.0130542 -0.00267241 -0.0106278 -0.0118135 0.000355762 -0.000863309 0.000430472 -0.000488432 -0.00574468 0.00079646
internal_weight=4831 4235 596 357 423 173 222 192 3878 138 3832 1166 46 112
internal_count=4831 4235 596 357 423 173 222 192 3878 138 3832 1166 46 112
is_linear=0
shrinkage=0.03


Tree=372
num_leaves=15
num_cat=0
split_feature=2 7 12 13 7 10 2 7 13 13 13 13 13 7
split_gain=51.9632 9.23988 3.92158 2.81096 2.14663 2.23607 1.42942 2.13058 1.36931 1.26295 0.897185 0.863717 1.90477 1.82842
threshold=2.1686453704162454 4.8500000000000005 inf 3.2651247527426501 6.2500000000000009 1.0000000180025095e-35 5.1177068786547126 4.8500000000000005 4.3453177057121399 2.7100037251215023 4.5806755450179688 2.8044139832120263 2.8179377420832226 5.6500000000000012
decision_type=2 2 8 10 2 2 2 2 10 10 10 8 8 2
left_child=1 8 3 4 -3 -6 7 -2 -1 -9 -5 13 -13 -8
right_child=6 2 -4 10 5 -7 11 9 -10 -11 -12 12 -14 -15
leaf_value=0 -2.066455802670375e-18 -6.1128841213728155e-19 0 0 2.634217679623553e-19 -3.543238794271372e-16 4.6713421560568531e-13 6.4937152018985724e-17 0 0 0 -4.963197483359681e-11 4.9834319707220176e-16 7.7824178621588679e-17
leaf_weight=429 27 182 40 246 37 31 315 20 20 109 37 64 2798 518
leaf_count=429 27 182 40 246 37 31 315 20 20 109 37 64 2798 518
internal_value=-0.00146799 -0.00747801 -0.00493902 -0.00424157 -0.00191235 0.0026087 0.000128505 -0.00267516 -0.0107 -0.00103846 -0.00628521 0.000247565 0 0.00109712
internal_weight=4873 1022 573 533 250 68 3851 156 449 129 283 3695 2862 833
internal_count=4873 1022 573 533 250 68 3851 156 449 129 283 3695 2862 833
is_linear=0
shrinkage=0.03


Tree=373
num_leaves=15
num_cat=0
split_feature=2 0 0 8 1 1 1 7 7 8 7 10 13 7
split_gain=46.0429 20.6892 9.82829 12.0925 4.54256 3.75023 3.07471 2.54781 1.50743 1.51062 1.46451 1.31054 1.2843 7.85429
threshold=2.1686453704162454 13.118866248070022 8.6786669137668664 23.850000000000005 11.868690600708836 12.222356734177021 9.6155385771932025 6.1500000000000012 4.9500000000000011 34.95000000000001 6.0100000000000007 0.49810825183760399 3.2443328757489485 4.8500000000000005
decision_type=2 2 2 10 2 2 2 2 2 10 2 2 8 2
left_child=1 2 12 4 7 -6 8 -4 -5 -10 -3 -12 13 -1
right_child=-2 10 3 6 5 -7 -8 -9 9 -11 11 -13 -14 -15
leaf_value=0 -3.5273359386978816e-18 1.2864037320438055e-14 0 0 5.5001659491133383e-19 -2.1686154297662725e-16 -4.4910811250858405e-16 -5.0080520431397613e-21 5.8937433727649175e-17 5.4860718763975188e-17 1.5922965183075448e-16 -8.4281604973292451e-15 0 1.8338652364118447e-20
leaf_weight=115 3733 69 283 25 25 22 41 61 30 21 64 26 210 27
leaf_count=115 3733 69 283 25 25 22 41 61 30 21 64 26 210 27
internal_value=-0.00174837 -0.00739706 -0.00923345 -0.00654224 -0.00906888 -0.0003125 0.00190678 -0.0102609 0.00545455 0.00836538 0.00253125 0 -0.0130878 -0.0106993
internal_weight=4752 1019 860 508 391 47 117 344 76 51 159 90 352 142
internal_count=4752 1019 860 508 391 47 117 344 76 51 159 90 352 142
is_linear=0
shrinkage=0.03


Tree=374
num_leaves=15
num_cat=0
split_feature=2 1 7 13 1 1 1 7 7 2 8 8 7 8
split_gain=39.9277 18.629 12.7593 4.20358 7.06504 2.73334 2.65453 3.03899 2.62089 2.14626 1.18621 1.57038 1.14721 1.13724
threshold=2.1686453704162454 11.868690600708836 4.8500000000000005 3.1927505266040517 7.7593949906636341 11.194831368008368 1.0000000180025095e-35 6.3500000000000005 6.2500000000000009 3.0795476942459667 14.750000000000002 345.80000000000007 6.0100000000000007 21.250000000000004
decision_type=2 2 2 8 2 2 2 2 2 2 10 10 2 10
left_child=1 2 5 4 -4 -1 10 13 -6 -2 -5 -12 -3 -8
right_child=9 12 3 6 8 -7 7 -9 -10 -11 11 -13 -14 -15
leaf_value=0 1.678137522410477e-19 1.1055047196171311e-16 1.8420217342514808e-20 0 -1.8582033601817632e-18 0 -1.8880367123224763e-18 1.2402598108627306e-22 5.4317271766609232e-18 -9.8776995368785606e-17 0 0 -7.9325627621933054e-16 -1.6826050290422255e-18
leaf_weight=349 30 102 51 63 91 39 58 51 34 3740 65 23 49 33
leaf_count=349 30 102 51 63 91 39 58 51 34 3740 65 23 49 33
internal_value=-0.00153798 -0.00683845 -0.00854895 -0.00520213 -0.00152542 -0.0125707 -0.00739796 -0.00440559 -0.00535714 -0.000119332 -0.0101645 -0.00775281 0.00286184 -0.00766304
internal_weight=4778 1008 857 469 176 388 293 142 125 3770 151 88 151 91
internal_count=4778 1008 857 469 176 388 293 142 125 3770 151 88 151 91
is_linear=0
shrinkage=0.03


Tree=375
num_leaves=15
num_cat=0
split_feature=2 7 1 1 7 1 1 7 13 2 8 1 1 13
split_gain=43.2453 15.8903 10.4978 4.84838 5.0238 5.98487 3.97387 3.43978 2.93606 2.77704 2.40661 2.301 2.29886 2.04862
threshold=2.1686453704162454 4.8500000000000005 11.194831368008368 12.150822849561065 5.4150000000000009 1.0000000180025095e-35 8.0244530318477612 6.1500000000000012 3.3492778490472381 4.4630262662962101 21.850000000000005 11.151288227939215 9.009019149190717 3.4011867285199036
decision_type=2 2 2 2 2 2 2 2 10 2 10 2 2 10
left_child=1 2 -1 4 6 -6 -3 10 -4 12 -7 13 -2 -9
right_child=9 3 8 -5 5 7 -8 11 -10 -11 -12 -13 -14 -15
leaf_value=0 3.0691299392245043e-18 1.751218953305717e-20 5.3896816450563146e-18 1.0461919322576004e-14 0 -1.8598543949086885e-18 -5.4240482761232378e-19 2.1581996929759609e-19 0 2.1664241681686518e-16 -1.3649724557711835e-18 -1.6377293788437216e-15 1.0646677535411844e-18 -3.7207794325881916e-24
leaf_weight=355 35 66 37 77 131 63 50 58 65 3710 32 32 66 53
leaf_count=355 35 66 37 77 131 63 50 58 65 3710 32 32 66 53
internal_value=-0.00120472 -0.00669118 -0.0108406 -0.00330373 -0.00441358 -0.00612162 0.00102564 -0.0032636 -0.0023301 0.000263641 -0.00765625 -0.0003125 0.00514706 0.00174107
internal_weight=4830 1019 457 562 485 369 116 238 102 3811 95 143 101 111
internal_count=4830 1019 457 562 485 369 116 238 102 3811 95 143 101 111
is_linear=0
shrinkage=0.03


Tree=376
num_leaves=15
num_cat=0
split_feature=2 1 7 7 1 1 1 8 2 1 8 7 8 8
split_gain=42.8058 14.2144 12.0928 5.67929 5.87622 5.18808 3.87428 3.23316 2.61331 3.10021 2.06 2.02937 1.69211 1.47037
threshold=2.1686453704162454 12.114824544233352 4.8500000000000005 5.4150000000000009 1.0000000180025095e-35 8.9441914286620747 11.309814393395532 22.835000000000004 4.4630262662962101 9.2565793561420211 24.010000000000002 6.2500000000000009 14.750000000000002 13.050000000000002
decision_type=2 2 2 2 2 2 2 10 2 2 10 2 10 10
left_child=1 2 6 7 -5 10 -1 -4 9 -2 -6 -7 -3 -11
right_child=8 12 3 4 5 11 -8 -9 -10 13 -12 -13 -14 -15
leaf_value=0 2.977056041047769e-18 -6.1368945810945539e-17 -5.3662350140379751e-19 0 -3.6091560496105457e-24 -2.0075086066241945e-16 0 1.7813286678126734e-20 -2.9176352863188661e-16 -2.0835749600982854e-16 6.18275522703226e-17 -2.0052929394667016e-19 2.4344678071582599e-14 6.9211768201684734e-17
leaf_weight=368 44 59 52 133 53 79 45 61 3671 33 24 63 68 33
leaf_count=368 44 59 52 133 53 79 45 61 3671 33 24 63 68 33
internal_value=-0.0014038 -0.00690358 -0.00825939 -0.00492489 -0.00679887 -0.00375 -0.0119928 0.000921053 5.94923e-05 0.00459459 0.0025 -0.00713287 0.00246094 0.000447761
internal_weight=4786 1005 878 465 352 219 413 113 3781 110 77 142 127 66
internal_count=4786 1005 878 465 352 219 413 113 3781 110 77 142 127 66
is_linear=0
shrinkage=0.03


Tree=377
num_leaves=15
num_cat=0
split_feature=2 0 0 1 13 13 13 1 0 13 10 1 1 1
split_gain=42.2495 20.2064 5.5071 4.29059 2.70358 2.11902 2.60808 1.57187 1.36859 1.3799 2.8525 1.2561 1.41061 1.20332
threshold=2.1686453704162454 8.6786669137668664 13.632783585182773 6.6842776316976682 3.5893882021136334 2.7195783935999924 3.4255246444826999 8.4094347745150468 1.0000000180025095e-35 2.8755413784047392 -0.0043632677491870896 12.114824544233352 8.6215982497565928 13.337088791184405
decision_type=2 2 2 2 8 8 8 2 2 10 2 2 2 2
left_child=1 8 3 4 -3 -5 7 -7 -1 10 -10 12 -8 -4
right_child=-2 2 13 5 -6 6 11 -9 9 -11 -12 -13 -14 -15
leaf_value=0 6.2596310076703641e-17 0 6.3413073027676114e-15 0 5.7149963070460027e-17 0 0 0 0 0 1.6176121986583932e-20 -9.8454264948513352e-17 0 -5.8458343009504813e-11
leaf_weight=207 3795 70 90 102 31 38 23 138 20 108 20 30 118 30
leaf_count=207 3795 70 90 102 31 38 23 138 20 108 20 30 118 30
internal_value=-0.00125078 -0.00665205 -0.00357675 -0.00484574 0.000735294 -0.0061 -0.0049569 -0.00237288 -0.0124298 -0.0100671 -0.00512195 -0.00758721 -0.00876761 0.0022314
internal_weight=4820 1025 670 550 101 449 347 176 355 148 40 171 141 120
internal_count=4820 1025 670 550 101 449 347 176 355 148 40 171 141 120
is_linear=0
shrinkage=0.03


Tree=378
num_leaves=15
num_cat=0
split_feature=2 7 1 13 1 1 7 8 7 13 1 1 1 7
split_gain=42.9568 17.8217 10.2966 7.16936 7.05252 3.51385 2.72929 2.61032 1.25672 1.72892 1.74319 1.14817 2.99902 1.13199
threshold=2.1686453704162454 4.8500000000000005 11.309814393395532 3.2382469280042359 1.0000000180025095e-35 8.1360059730884 5.1500000000000012 17.650000000000002 5.6500000000000012 3.5269516858868246 8.2114826860640537 11.719272736894988 11.121104287066967 5.8500000000000005
decision_type=2 2 2 8 2 2 2 10 2 10 2 2 2 2
left_child=1 2 -1 5 -5 -3 -7 -4 -6 10 -10 12 13 -8
right_child=-2 3 7 4 8 6 11 -9 9 -11 -12 -13 -14 -15
leaf_value=0 5.1098233850901953e-18 2.4779914121181795e-20 -6.2943471959916553e-21 0 7.2214440725796501e-20 -1.8104398808084194e-18 -1.7702131652455517e-18 6.8607824372271237e-13 -1.5911775962231415e-18 -9.5498009836476586e-16 4.2352843988740262e-18 1.5387497608371392e-14 -1.5905113915528922e-15 4.275913152850918e-18
leaf_weight=354 3794 56 69 145 50 23 25 20 21 98 35 36 20 60
leaf_count=354 3794 56 69 145 50 23 25 20 21 98 35 36 20 60
internal_value=-0.00132307 -0.00681145 -0.0113176 -0.00328947 -0.00595714 0.000950226 -0.00127273 -0.00216667 -0.00234146 -0.00367742 0.000526316 0.000316901 -0.00127358 0.00122093
internal_weight=4806 1012 443 569 349 220 164 89 204 154 56 141 105 85
internal_count=4806 1012 443 569 349 220 164 89 204 154 56 141 105 85
is_linear=0
shrinkage=0.03


Tree=379
num_leaves=15
num_cat=0
split_feature=7 1 0 2 1 0 13 8 1 1 9 2 0 0
split_gain=41.2152 21.4602 12.2478 6.51651 2.44328 2.61302 2.26301 1.1945 4.19157 1.44406 1.50105 1.36793 3.91623 3.908
threshold=4.8500000000000005 11.335895878800285 1.0000000180025095e-35 3.0795476942459667 11.868690600708836 11.703950652009272 3.8470484588209435 18.050000000000004 1.0000000180025095e-35 7.4522569137628674 0.37662760538417284 7.8163158014843983 13.370716857339312 15.703486992599593
decision_type=2 2 2 2 2 2 8 8 2 2 2 2 2 2
left_child=1 3 6 -1 -3 -6 -2 8 -4 10 -9 12 -11 -14
right_child=2 4 7 -5 5 -7 -8 9 -10 11 -12 -13 13 -15
leaf_value=0 0 1.8883041587974965e-22 0 5.2522686544690457e-18 -2.6871104628545569e-16 -2.7828092313715197e-18 0 1.4947440903350962e-20 -1.715773213081574e-18 -7.3232912613359013e-16 3.3880635090989224e-17 1.3428653504783988e-13 5.714240365716194e-14 -1.6976079981059107e-08
leaf_weight=378 26 43 30 21 31 113 67 102 1609 335 46 1882 81 21
leaf_count=378 26 43 30 21 31 113 67 102 1609 335 46 1882 81 21
internal_value=-0.00134455 -0.00879046 -0.000303571 -0.0127125 -0.000398936 -0.00227586 -0.0110106 -5.84368e-05 -0.000685976 0.00035859 0.00322148 0.000174569 -0.00133562 0.00378641
internal_weight=4785 586 4199 399 187 144 93 4106 1639 2467 148 2319 437 102
internal_count=4785 586 4199 399 187 144 93 4106 1639 2467 148 2319 437 102
is_linear=0
shrinkage=0.03


Tree=380
num_leaves=15
num_cat=0
split_feature=1 7 1 0 2 1 0 8 1 2 0 0 13 2
split_gain=41.4388 17.6573 14.3001 11.3834 7.77725 2.96162 4.3156 2.51196 2.05464 2.11643 1.74733 1.44455 1.91708 2.2226
threshold=1.0000000180025095e-35 4.8500000000000005 11.359794681330454 9.4943342728589446 3.0795476942459667 12.222356734177021 11.703950652009272 30.050000000000004 8.3167890972109024 4.4630262662962101 11.727998448618296 8.990348060858663 2.8179377420832226 7.7013132390829151
decision_type=2 2 2 2 2 2 2 10 2 2 2 2 10 2
left_child=3 2 4 -1 -2 10 -7 -5 9 -3 -4 12 -10 -14
right_child=1 8 5 7 -6 6 -8 -9 11 -11 -12 -13 13 -15
leaf_value=0 0 3.100608859288864e-18 5.2785221571921511e-18 -9.751865782384691e-19 5.0947004806488615e-18 -3.0987312278980883e-16 1.8883883567023452e-13 5.7100874026816835e-17 -1.0537599814438902e-11 1.4484359400455106e-17 1.8316550340335716e-22 2.1835557198692284e-17 -8.8192899237217988e-16 2.0239754764369252e-13
leaf_weight=279 221 114 21 40 23 23 77 31 20 98 66 3777 36 40
leaf_count=279 221 114 21 40 23 23 77 31 20 98 66 3777 36 40
internal_value=-0.00101089 -0.000239097 -0.00600694 -0.0109402 -0.0107755 0.000239362 -0.00326733 -0.000208333 0.000370778 0.00323944 0.00426136 0.000212958 -0.00340206 -0.00116883
internal_weight=4866 4516 431 350 244 187 100 71 4085 212 87 3873 96 76
internal_count=4866 4516 431 350 244 187 100 71 4085 212 87 3873 96 76
is_linear=0
shrinkage=0.03


Tree=381
num_leaves=15
num_cat=0
split_feature=0 1 2 8 1 0 0 13 1 1 0 13 13 9
split_gain=39.2989 8.93569 6.09581 11.4318 7.09989 3.60589 2.74141 2.21634 2.17931 1.67571 3.34875 1.35536 2.18024 1.68794
threshold=7.2199948848039277 3.1978394366572469 2.1686453704162454 18.250000000000004 11.583980208804238 8.6786669137668664 13.070310700308005 3.5269516858868246 12.222356734177021 10.234982869746496 13.896443937572831 2.7100037251215023 3.086473615612185 -0.67719547657430079
decision_type=2 2 2 10 2 2 2 10 2 2 2 8 10 2
left_child=1 -1 3 4 -2 -5 8 11 -6 -9 -11 -7 -13 -14
right_child=2 -3 -4 5 6 7 -8 9 -10 10 -12 12 13 -15
leaf_value=0 0 0 2.3928451287265857e-16 -1.1620596380313684e-20 -6.116676657690399e-21 2.9255597347154074e-20 2.3709948823846171e-14 2.7487095312429206e-17 -1.3168608002824669e-16 -1.4520160831084891e-14 3.4846571146853807e-13 5.7188691214253766e-17 5.7104808099103758e-17 -2.7795592277714112e-25
leaf_weight=248 309 75 3751 32 51 50 60 45 21 24 22 54 23 38
leaf_count=248 309 75 3751 32 51 50 60 45 21 24 22 54 23 38
internal_value=-0.000789967 -0.0108796 -6.02544e-05 -0.00256849 -0.00559955 0.00207612 0.000225564 0.00326848 -0.00369863 -0.00048913 -0.00446809 0.00533133 0.00711207 0.00314516
internal_weight=4803 323 4480 729 441 288 132 256 72 91 46 165 115 61
internal_count=4803 323 4480 729 441 288 132 256 72 91 46 165 115 61
is_linear=0
shrinkage=0.03


Tree=382
num_leaves=15
num_cat=0
split_feature=7 1 1 13 2 7 13 2 13 13 13 13 1 9
split_gain=45.671 17.378 15.5559 6.9476 2.15836 1.09785 2.32224 1.06473 1.95269 2.13283 1.57599 1.041 2.47333 1.23757
threshold=4.8500000000000005 11.409063677669872 1.0000000180025095e-35 3.1484041045277098 3.3755507344683804 7.3500000000000005 2.8524258917079828 13.628531947798166 4.1989860542673538 3.2382469280042359 2.6281017623977387 4.3295383728638077 12.731493144940286 1.0000000180025095e-35
decision_type=2 2 2 8 2 2 8 2 8 10 10 8 2 2
left_child=1 4 3 -2 -1 7 -7 11 9 10 -9 -4 13 -13
right_child=2 -3 5 -5 -6 6 -8 8 -10 -11 -12 12 -14 -15
leaf_value=0 1.5432724562948479e-20 -2.0073193443538455e-18 3.5046323473394845e-18 0 -2.2366758628573043e-18 -0.0020110545987999289 7.7516285709690831e-05 0.050040378831933095 -0.0030682375030801406 0.00055951437091042054 -0.00082293632424321043 -1.4543698754786535e-14 3.469798122511027e-08 6.8953390736124368e-17
leaf_weight=377 31 178 3465 154 20 24 81 24 42 43 68 83 184 88
leaf_count=377 31 178 3465 154 20 24 81 24 42 43 68 83 184 88
internal_value=-0.00120913 -0.00914062 -0.000143424 -0.00862903 -0.0126256 0.000241287 0.00325472 0.000161331 -0.00210674 -0.000330882 -0.00290323 0.000266946 0.0018118 -0.000784884
internal_weight=4862 575 4287 185 397 4102 105 3997 177 135 92 3820 355 171
internal_count=4862 575 4287 185 397 4102 105 3997 177 135 92 3820 355 171
is_linear=0
shrinkage=0.03


Tree=383
num_leaves=15
num_cat=0
split_feature=0 7 1 2 8 13 13 13 0 3 3 8 0 10
split_gain=43.5797 17.574 9.98782 9.10734 5.98044 2.72764 1.90548 1.83608 3.65075 2.32269 2.06026 1.31439 1.13785 1.07384
threshold=7.2199948848039277 4.8500000000000005 11.409063677669872 3.0795476942459667 19.950000000000003 3.8891639584876008 3.0567327778307569 3.2877271959001342 9.8834501903776175 12.956803468469205 13.525210686050466 29.850000000000005 11.149542349769407 0.12403179483894426
decision_type=2 2 2 2 10 10 10 10 2 2 2 10 2 2
left_child=3 2 4 -1 -2 6 -4 9 -9 -3 -11 -5 -10 -12
right_child=1 7 5 11 -6 -7 -8 8 12 10 13 -13 -14 -15
leaf_value=0 0 6.6606394106849952e-17 9.1585920336384105e-14 -1.9740393319879505e-14 1.6334846153930288e-24 1.4296465121938625e-11 -9.8225967201790272e-17 -1.8775979797498413e-18 2.0500480195492951e-16 -0.0013096471076155106 -0.0050879614378234236 5.115144405446861e-15 -6.41063010857298e-16 0.016130523615159039
leaf_weight=277 183 2631 54 21 40 21 108 104 108 35 22 25 1155 31
leaf_count=277 183 2631 54 21 40 21 108 104 108 35 22 25 1155 31
internal_value=-0.001087 -0.000320499 -0.00626536 -0.011713 -0.0105134 -0.00105978 -0.00239264 0.000271593 -0.000625 0.000722426 -0.00404494 0.000638298 -0.000178006 -0.000277778
internal_weight=4815 4492 406 323 223 183 162 4086 1367 2719 88 46 1263 53
internal_count=4815 4492 406 323 223 183 162 4086 1367 2719 88 46 1263 53
is_linear=0
shrinkage=0.03


Tree=384
num_leaves=15
num_cat=0
split_feature=0 7 1 2 8 2 3 2 13 13 1 1 4 3
split_gain=44.2868 15.5628 13.8274 10.3763 4.52335 2.17974 1.64021 1.61245 1.27823 1.25573 1.18759 1.61601 1.61205 2.3266
threshold=7.6899430197947307 4.8500000000000005 11.42985048437405 5.8230360480417671 20.950000000000003 3.3755507344683804 6.2329389346066515 2.6910994252643698 3.4255246444826999 3.6938852661230004 11.309814393395532 11.241844637092649 3.7669805268941006 10.147775878577606
decision_type=2 2 2 2 10 2 2 2 10 10 2 2 2 2
left_child=3 2 4 -1 5 -2 -5 8 -4 -10 11 12 -3 -14
right_child=1 10 7 6 -6 -7 -8 -9 9 -11 -12 -13 13 -15
leaf_value=0 0 1.5778708767705455e-17 -9.5279188185736561e-17 -8.5293954671902362e-15 -3.1862178355561772e-25 -4.0779938292681509e-18 4.1984532968477242e-12 -1.0174023076739191e-11 3.0071762669226246e-18 3.0785164728857779e-19 -1.7765043670898215e-15 1.1066687485142423e-12 -1.4501479750108194e-10 6.6424165953750131e-06
leaf_weight=301 183 1207 37 34 33 20 26 85 31 23 2562 48 184 30
leaf_count=301 183 1207 37 34 33 20 26 85 31 23 2562 48 184 30
internal_value=-0.00130489 -0.000482673 -0.00602906 -0.011395 -0.0107595 -0.0124265 0 0.000338983 0.00309783 0.006 8.55655e-05 0.000765306 0.000580169 -0.00181395
internal_weight=4804 4443 412 361 236 203 60 176 91 54 4031 1469 1421 214
internal_count=4804 4443 412 361 236 203 60 176 91 54 4031 1469 1421 214
is_linear=0
shrinkage=0.03


Tree=385
num_leaves=15
num_cat=0
split_feature=0 7 1 2 8 1 0 0 4 13 3 13 13 0
split_gain=47.0057 12.8548 11.8092 8.28464 4.94819 2.22385 2.33049 2.19025 1.43165 1.38967 1.70746 1.54349 1.47327 1.40625
threshold=7.6899430197947307 4.8500000000000005 11.42985048437405 5.8230360480417671 17.850000000000005 12.222356734177021 11.875413470536531 11.621407602475264 10.141595927672661 3.6382257342664466 11.190658846154806 3.2382469280042359 3.0067249469887822 14.96774748610216
decision_type=2 2 2 2 10 2 2 2 2 8 2 10 10 2
left_child=3 2 4 -1 -2 6 -4 -7 -3 10 -10 12 13 -12
right_child=1 8 5 -5 -6 7 -8 -9 9 -11 11 -13 -14 -15
leaf_value=0 0 1.6621480164212951e-17 2.9981242178036983e-18 -5.4610472337550863e-15 -3.3203499144267266e-23 -1.8461194504220364e-16 -1.369606604820048e-15 -4.8278443043826856e-13 -0.0070322712500704371 -0.0045619585571529866 0.031269623532061787 0.021020852353679946 -0.01177974849055108 -0.0012703576943869921
leaf_weight=298 168 3842 29 56 47 20 52 81 23 58 28 34 30 49
leaf_count=298 168 3842 29 56 47 20 52 81 23 58 28 34 30 49
internal_value=-0.00115552 -0.000319364 -0.00546482 -0.011662 -0.0102083 0.000163934 0.00384146 -0.00279412 0.000184502 -0.00215247 -0.000727273 0.000528169 -0.00125 0.000961538
internal_weight=4815 4461 397 354 215 182 81 101 4064 222 164 141 107 77
internal_count=4815 4461 397 354 215 182 81 101 4064 222 164 141 107 77
is_linear=0
shrinkage=0.03


Tree=386
num_leaves=15
num_cat=0
split_feature=0 7 0 2 13 12 13 9 3 0 2 2 2 9
split_gain=45.1461 11.815 7.77844 7.37297 3.41958 2.83329 1.30145 1.71259 1.57588 1.51146 2.27866 1.70335 1.48832 1.29853
threshold=7.6899430197947307 4.8500000000000005 12.733168034440927 5.8230360480417671 3.1484041045277098 2.5000000000000004 3.0659318822730923 -0.89974614281087761 1.0000000180025095e-35 10.132792076283826 9.4437108720537015 10.384261102302654 6.5121150080854813 0.99961926108774357
decision_type=2 2 2 2 10 10 10 2 2 2 2 2 2 2
left_child=3 2 4 -1 -2 -6 8 9 -3 -8 -11 -12 -10 -9
right_child=1 6 -4 -5 5 -7 7 13 12 10 11 -13 -14 -15
leaf_value=0 0 4.9685555967182203e-17 1.2451090311164982e-12 -3.9669959877854749e-15 0 0 -2.8726854650477194e-18 -9.0221758355643269e-18 -8.0272204725280012e-15 5.4122804235143685e-14 -8.7736549038168968e-10 4.9338175456237491e-09 1.1050964383039113e-13 -4.2979615673274896e-12
leaf_weight=292 136 501 103 52 125 35 31 1626 55 99 21 108 1509 58
leaf_count=292 136 501 103 52 125 35 31 1626 55 99 21 108 1509 58
internal_value=-0.00111427 -0.000296053 -0.0052125 -0.0115652 -0.00767677 -0.00465839 0.000194562 -0.000362654 0.00071878 0.00190385 0.00275109 0.000115385 0.000249201 -0.000712166
internal_weight=4751 4407 399 344 296 160 4008 1943 2065 259 228 129 1564 1684
internal_count=4751 4407 399 344 296 160 4008 1943 2065 259 228 129 1564 1684
is_linear=0
shrinkage=0.03


Tree=387
num_leaves=15
num_cat=0
split_feature=2 7 13 12 10 7 13 2 12 9 3 7 9 12
split_gain=36.2486 10.716 4.78457 2.70009 1.56113 1.45769 2.31021 1.01619 2.5378 2.50616 1.69139 1.43215 1.38928 1.1176
threshold=1.3195286648076296 4.8500000000000005 3.0659318822730923 inf 0.25248616906575677 5.9350000000000014 3.5526745365698376 7.197435284064496 1.0000000180025095e-35 -0.96535657505894068 5.4499504944419961 5.3100000000000014 -0.79335334029123528 1.0000000180025095e-35
decision_type=2 2 8 8 2 2 8 2 8 2 2 2 2 8
left_child=1 -1 4 5 -3 6 -4 8 11 -10 -11 -2 -13 -9
right_child=7 2 3 -5 -6 -7 -8 13 9 10 -12 12 -14 -15
leaf_value=0 -9.2283256297679235e-18 -5.2055065017410172e-18 -1.9993513928275254e-18 0 9.6464720172124011e-18 0 3.0527515005510727e-17 3.1540589074229063e-13 -8.852804482795057e-15 1.2201314151412778e-16 -6.459456107191694e-15 8.8434891785333678e-17 -2.7718043750604333e-15 -1.6773156007969663e-14
leaf_weight=453 39 84 59 37 80 236 41 835 41 291 41 22 88 2449
leaf_count=453 39 84 59 37 80 236 41 835 41 291 41 22 88 2449
internal_value=-0.00130707 -0.00641776 -0.00354089 -0.00541444 0.000727273 -0.00454006 -0.00148515 2.36407e-05 -0.00120459 0.000120321 0.000990991 -0.0045 -0.0027027 0.000219178
internal_weight=4796 990 537 373 164 336 100 3806 522 373 332 149 110 3284
internal_count=4796 990 537 373 164 336 100 3806 522 373 332 149 110 3284
is_linear=0
shrinkage=0.03


Tree=388
num_leaves=15
num_cat=0
split_feature=0 7 0 3 8 8 0 9 9 7 12 11 0 8
split_gain=47.6165 10.759 6.67049 6.31281 4.11602 3.61017 1.63946 1.15416 1.23484 1.13172 1.6205 0.904263 0.833453 0.832822
threshold=7.8844756404688594 4.8500000000000005 12.944108442513649 1.3195286648076296 5.0450000000000008 20.950000000000003 11.537539334596643 0.25037047035109428 0.78524965087410314 4.8500000000000005 1.5000000000000002 1.0000000180025095e-35 13.980830696056747 28.850000000000005
decision_type=2 2 2 2 10 10 2 2 2 2 8 2 2 8
left_child=3 2 4 9 6 -6 -2 12 -9 -1 -11 -5 -4 -3
right_child=1 13 7 11 5 -7 -8 8 -10 10 -12 -13 -14 -15
leaf_value=0 -1.1418611162921138e-25 -3.7053800145744834e-18 1.2036979463486683e-12 -1.7132513783133599e-14 0 -1.3570910909873454e-22 2.9081804912695869e-18 3.4545053532332175e-09 -1.4658738074668889e-11 -2.7535812457701005e-19 0 1.3931304552199733e-13 -4.5945786289406674e-11 5.4738137852957249e-17
leaf_weight=173 44 2588 20 26 206 37 31 30 21 43 116 26 25 1471
leaf_count=173 44 2588 20 26 206 37 31 30 21 43 116 26 25 1471
internal_value=-0.00133079 -0.000459321 -0.00506024 -0.0114545 -0.00714734 -0.00903689 -0.000986842 0.00185567 0.00490385 -0.012973 -0.0109687 -0.00169811 -0.00163043 1.10837e-05
internal_weight=4857 4473 414 384 318 243 75 96 51 332 159 52 45 4059
internal_count=4857 4473 414 384 318 243 75 96 51 332 159 52 45 4059
is_linear=0
shrinkage=0.03


Tree=389
num_leaves=15
num_cat=0
split_feature=0 7 1 2 2 8 1 0 7 13 13 2 7 8
split_gain=44.2559 12.0455 10.4984 9.5117 4.67383 3.41848 1.82426 1.63883 1.58131 1.46607 1.68886 1.43918 1.79789 1.44238
threshold=7.6899430197947307 4.8500000000000005 11.497842179198281 7.4451254152969417 4.1391506415669452 20.250000000000004 12.222356734177021 11.875413470536531 6.0100000000000007 3.6222784870652007 2.9936707776736005 12.973828405435929 5.8500000000000005 18.650000000000002
decision_type=2 2 2 2 2 10 2 2 2 10 8 2 2 10
left_child=3 2 4 -1 5 -2 7 -4 11 10 -8 13 -13 -3
right_child=1 8 6 -5 -6 -7 9 -9 -10 -11 -12 12 -14 -15
leaf_value=0 0 -1.7485871651426524e-18 2.8270172523808347e-18 1.0329012965379219e-12 2.8255513548080232e-13 -1.316378358257725e-22 2.8345723319831458e-12 4.1218589089144248e-17 -1.2854335052601853e-17 1.3882054604712648e-11 -3.5888331842527241e-11 -0.0002954556677537456 1.7670560725800605e-05 1.6339301485406956e-16
leaf_weight=334 187 1015 26 33 20 31 22 39 1469 25 51 103 36 1373
leaf_count=334 187 1015 26 33 20 31 22 39 1469 25 51 103 36 1373
internal_value=-0.00129696 -0.000460437 -0.00541045 -0.0112908 -0.00941423 -0.0106849 0.000457317 0.00431818 3.75281e-05 -0.00212121 -0.00425676 0.000492484 -0.00246429 0.00066555
internal_weight=4764 4397 401 367 238 218 163 65 3996 98 73 2527 139 2388
internal_count=4764 4397 401 367 238 218 163 65 3996 98 73 2527 139 2388
is_linear=0
shrinkage=0.03


Tree=390
num_leaves=15
num_cat=0
split_feature=0 7 1 2 8 2 7 10 0 0 2 0 4 1
split_gain=43.6087 13.195 13.3597 6.62362 4.24883 2.61819 1.51784 1.39027 1.32386 1.24244 1.15417 1.12257 1.0973 1.31173
threshold=7.6899430197947307 4.8500000000000005 11.458030865618888 7.4451254152969417 22.650000000000002 6.7664776604021464 4.8500000000000005 0.78124631997264793 1.0000000180025095e-35 12.458314665107652 9.7823081290915983 11.675184573715905 9.988980394181409 16.488557347846047
decision_type=2 2 2 2 10 2 2 2 2 2 2 2 2 2
left_child=3 2 4 6 9 7 -1 11 -8 -2 -7 -4 -3 -14
right_child=1 12 5 -5 -6 10 8 -9 -10 -11 -12 -13 13 -15
leaf_value=0 0 2.8133735566106153e-17 2.9399461939248571e-13 1.7907250365518606e-13 8.7074501920142806e-24 -3.9379510363294725e-11 0 -3.9667196601611475e-14 -9.3274504264459202e-19 -2.7993639781260601e-19 -1.2519164084084972e-10 4.272201507017475e-17 -0.0014729041371508835 0.036447417304296556
leaf_weight=164 181 3793 25 35 23 25 92 22 67 20 37 54 234 22
leaf_count=164 181 3793 25 35 23 25 92 22 67 20 37 54 234 22
internal_value=-0.00105735 -0.000243408 -0.00552835 -0.0111142 -0.0102667 0.0010061 -0.0124537 0.00397059 -0.0102188 -0.0116584 -0.00380952 0.0058125 0.000262963 -0.00163424
internal_weight=4794 4436 387 358 224 163 323 101 159 201 62 79 4049 256
internal_count=4794 4436 387 358 224 163 323 101 159 201 62 79 4049 256
is_linear=0
shrinkage=0.03


Tree=391
num_leaves=15
num_cat=0
split_feature=0 2 0 13 0 13 0 0 2 13 13 0 13 10
split_gain=37.179 8.29871 5.18576 5.19496 1.77106 1.63273 2.20771 1.3402 1.21331 1.17359 1.39314 1.35525 1.01114 1.40138
threshold=1.0000000180025095e-35 2.1686453704162454 10.918355753184782 4.5690183866124068 13.798029343861065 2.7626079235173067 12.225753932682403 11.931686389536583 2.6910994252643698 3.6730601001066518 3.4011867285199036 11.787810966104313 3.0750462557915204 -0.99172490552676262
decision_type=2 2 2 8 2 10 2 2 2 10 10 2 8 2
left_child=8 2 3 -2 5 7 9 -4 -1 10 11 -7 13 -3
right_child=1 12 4 -5 -6 6 -8 -9 -10 -11 -12 -13 -14 -15
leaf_value=0 0 -4.2352364566052097e-11 0 2.7982351279337761e-20 2.2989925135660539e-15 4.5723735853207785e-19 -2.4879701225255071e-17 -1.1417697945958671e-19 -4.0599171447308944e-14 0 4.1440354618069504e-17 -3.3277019395117997e-23 -3.2162946587816106e-15 3.7603854321063931e-15
leaf_weight=194 344 65 31 22 119 30 112 58 21 40 48 23 1929 1784
leaf_count=194 344 65 31 22 119 30 112 58 21 40 48 23 1929 1784
internal_value=-0.00123833 -0.000667607 -0.00338768 -0.00604905 -0.00126623 -0.00236152 -0.00112205 -0.00583333 -0.0134028 0.00137324 0.00308824 -0.000277778 -7.14475e-05 0.00042973
internal_weight=4820 4605 827 366 461 342 253 89 215 141 101 53 3778 1849
internal_count=4820 4605 827 366 461 342 253 89 215 141 101 53 3778 1849
is_linear=0
shrinkage=0.03


Tree=392
num_leaves=15
num_cat=0
split_feature=0 7 0 8 4 13 13 7 8 0 9 3 13 1
split_gain=35.6344 12.0782 10.6229 2.90196 1.34796 1.2848 1.90291 1.84094 1.34066 1.19133 1.38763 2.68973 2.13283 1.38611
threshold=1.0000000180025095e-35 4.8500000000000005 11.537539334596643 5.0450000000000008 10.170086724388439 3.5893882021136334 3.480100145873517 4.5500000000000007 10.950000000000001 9.9685956680580166 0.53913703985740902 6.7059446245066345 4.1847270233274516 1.0000000180025095e-35
decision_type=2 2 2 10 2 8 10 2 10 2 2 2 10 2
left_child=-1 2 3 -2 9 6 7 -4 -9 10 12 -12 -3 -11
right_child=1 4 5 -5 -6 -7 -8 8 -10 13 11 -13 -14 -15
leaf_value=0 0 -2.3364631023263175e-18 7.9650460996275931e-13 0 -0.0013848014180865872 -1.8765326563729771e-18 1.2301044728862389e-15 -1.5122626311004292e-15 3.4253093837876009e-21 4.1114269815860389e-17 -8.8203412733203718e-18 2.4278906234251926e-13 3.9433537859058914e-17 4.5023207813307144e-17
leaf_weight=210 43 289 38 187 206 74 20 39 32 48 91 26 34 3368
leaf_count=210 43 289 38 187 206 74 20 39 32 48 91 26 34 3368
internal_value=-0.00088929 -0.000323621 -0.00508065 -0.00948052 0.000184593 -7.35294e-05 0.00173077 0.000136364 -0.00270833 0.000311123 -0.00115646 -0.00394068 -0.000138889 0.000500439
internal_weight=4705 4495 433 230 4062 203 129 109 71 3856 440 117 323 3416
internal_count=4705 4495 433 230 4062 203 129 109 71 3856 440 117 323 3416
is_linear=0
shrinkage=0.03


Tree=393
num_leaves=15
num_cat=0
split_feature=0 2 0 7 0 0 8 0 13 8 2 7 8 8
split_gain=36.5374 11.2974 6.87826 7.01214 2.24634 2.7899 2.22398 4.43255 2.2562 1.93405 1.76806 1.42187 1.35728 1.61633
threshold=5.4270898555638087 2.1686453704162454 11.502541571433946 4.8500000000000005 14.13139314629387 12.000035066186829 18.650000000000002 8.6786669137668664 3.4448781711037975 5.4500000000000011 2.6910994252643698 6.0100000000000007 10.24 20.650000000000002
decision_type=2 2 2 2 2 2 10 2 8 10 2 2 10 10
left_child=10 2 3 -2 5 9 8 -8 -5 -4 -1 -7 -11 -14
right_child=1 -3 4 6 -6 11 7 -9 -10 12 -12 -13 13 -15
leaf_value=0 0 2.1000188668072902e-16 -3.1269217289941095e-17 -4.0566875847275578e-18 2.8318877628436681e-14 -9.0579883748874572e-17 -1.798450461106654e-18 3.9716062619793208e-17 -8.3878423070364509e-19 4.5206188483661183e-17 -1.2448211725962398e-13 -5.6865259567293859e-16 -1.0275928151362802e-22 2.229929760238765e-17
leaf_weight=214 192 3730 22 54 75 147 38 69 39 23 32 85 24 24
leaf_count=214 192 3730 22 54 75 147 38 69 39 23 32 85 24 24
internal_value=-0.00103166 -0.000417864 -0.00366961 -0.00648855 -0.000897756 -0.00197853 -0.00253731 0.000416667 -0.00590426 0.00239362 -0.0122672 -0.00373391 0.00479167 0.00183673
internal_weight=4768 4522 792 392 400 325 200 107 93 93 246 232 71 48
internal_count=4768 4522 792 392 400 325 200 107 93 93 246 232 71 48
is_linear=0
shrinkage=0.03


Tree=394
num_leaves=15
num_cat=0
split_feature=0 7 1 2 0 8 8 4 1 2 1 1 3 2
split_gain=39.3868 13.5388 11.8988 3.69447 1.72784 1.45267 1.39375 1.46078 1.23951 1.21514 4.65239 3.16444 4.04439 3.07936
threshold=1.0000000180025095e-35 4.8500000000000005 10.65631709626914 1.3195286648076296 11.765984927760018 21.850000000000005 5.0450000000000008 2.1097538525880535 12.222356734177021 7.7013132390829151 11.746011324393114 12.290305773177012 6.8434830691324935 9.7031138293886503
decision_type=2 2 2 2 2 10 8 2 2 2 2 2 2 2
left_child=-1 2 3 4 5 -2 7 8 -3 10 -8 12 13 -11
right_child=1 6 -4 -5 -6 -7 9 -9 -10 11 -12 -13 -14 -15
leaf_value=0 0 -6.7367988914511123e-15 0 2.7684977060582937e-19 -2.3679683424999979e-18 0 -3.2178852396312515e-18 5.9236236480153651e-13 -5.2166848340783273e-12 2.8099718827525343e-13 1.1257043921782576e-14 -8.0315021627717833e-12 1.6062378762956526e-13 -4.2242747259448907e-12
leaf_weight=210 151 66 222 24 32 31 802 95 44 387 224 1664 767 96
leaf_count=210 151 66 222 24 32 31 802 95 44 387 224 1664 767 96
internal_value=-0.000974875 -0.000394051 -0.00527115 -0.00991632 -0.0111628 -0.0122951 0.000148336 -0.00225728 -0.00459459 0.000274042 -0.000613437 0.000586621 0.00172662 0.00387397
internal_weight=4815 4605 460 238 214 182 4145 205 110 3940 1026 2914 1250 483
internal_count=4815 4605 460 238 214 182 4145 205 110 3940 1026 2914 1250 483
is_linear=0
shrinkage=0.03


Tree=395
num_leaves=15
num_cat=0
split_feature=0 1 7 0 7 0 7 1 1 9 0 7 7 13
split_gain=35.7411 7.56405 7.32303 8.2428 2.51445 3.43714 2.41708 2.10282 2.03878 1.98774 1.36002 1.84937 1.17737 1.34795
threshold=7.6899430197947307 7.1314981509675262 4.8500000000000005 11.502541571433946 4.8500000000000005 1.0000000180025095e-35 6.0100000000000007 4.8416074381568022 11.695636494254719 0.25037047035109428 12.259763796322966 4.6500000000000012 5.8500000000000005 4.0694279404923597
decision_type=2 2 2 2 2 2 2 2 2 2 2 2 2 10
left_child=1 4 3 7 -1 -6 -3 -2 -9 -7 11 -5 -4 -14
right_child=2 6 12 10 5 9 -8 8 -10 -11 -12 -13 13 -15
leaf_value=0 -1.2794992425675976e-22 -1.0290920763362154e-16 6.0725095890328889e-17 -1.2998896748186461e-18 0 2.1386970837720125e-19 5.0058558569721834e-15 0 -8.7999406007094659e-15 -8.3998534984118971e-19 -2.1130478044784653e-14 4.4011660999794228e-17 -9.8920013009862685e-19 -1.4101532321426708e-14
leaf_weight=154 23 23 2019 38 86 35 30 126 20 21 145 35 1805 226
leaf_count=154 23 23 2019 38 86 35 30 126 20 21 145 35 1805 226
internal_value=-0.000927512 -0.0101571 -0.000199414 -0.0041366 -0.0120202 -0.00902098 0.000277778 -0.00908824 -0.0104082 -0.00315789 -0.000273973 0.00304054 0.000177734 -0.000332185
internal_weight=4786 349 4437 387 296 142 53 169 146 56 218 73 4050 2031
internal_count=4786 349 4437 387 296 142 53 169 146 56 218 73 4050 2031
is_linear=0
shrinkage=0.03


Tree=396
num_leaves=15
num_cat=0
split_feature=0 7 1 2 1 1 1 0 8 2 9 8 0 1
split_gain=36.7508 10.4289 10.935 4.41731 3.10795 1.58212 1.70219 1.37239 1.59517 1.2801 1.50943 1.03511 0.994569 0.769443
threshold=1.0000000180025095e-35 4.8500000000000005 10.65631709626914 1.3195286648076296 3.1978394366572469 11.287767319888422 11.583980208804238 11.808157055263347 21.850000000000005 7.0490338225425244 0.8649304544944173 9.9100000000000019 14.475703475543673 16.488557347846047
decision_type=2 2 2 2 2 2 2 2 10 2 2 10 2 2
left_child=4 2 3 7 -1 -4 -7 8 -2 10 11 -8 -11 -3
right_child=1 13 5 -5 -6 6 9 -9 -10 12 -12 -13 -14 -15
leaf_value=0 0 4.9669882314396743e-19 4.261048208447896e-17 4.1139232787952243e-17 -9.4796481129076917e-16 -1.1559603017471465e-14 -5.2797859160652996e-15 -1.2477114315042581e-18 0 -6.845553053704119e-11 1.0680066133710665e-12 3.5935606320333576e-13 9.5604403412118183e-10 0.028426807413856375
leaf_weight=203 152 4124 34 28 20 29 42 24 35 40 22 36 23 30
leaf_count=203 152 4124 34 28 20 29 42 24 35 40 22 36 23 30
internal_value=-0.000922982 -0.000347403 -0.004603 -0.0090625 -0.0127902 0.000132159 -0.000932642 -0.0105425 -0.0114096 0.00027439 0.00237624 0.000379747 -0.00304688 0.000129964
internal_weight=4842 4619 465 239 223 226 192 211 187 163 100 78 63 4154
internal_count=4842 4619 465 239 223 226 192 211 187 163 100 78 63 4154
is_linear=0
shrinkage=0.03


Tree=397
num_leaves=15
num_cat=0
split_feature=1 7 7 13 1 2 7 8 13 8 9 8 3 2
split_gain=28.3301 10.4463 6.03037 4.58406 4.04597 3.77016 1.97791 1.60707 2.62016 1.93594 1.53868 1.55975 1.44181 1.67625
threshold=7.1314981509675262 4.8500000000000005 4.8500000000000005 2.3761586494459599 10.65631709626914 2.1686453704162454 6.7500000000000009 18.050000000000004 4.0324179804245857 25.650000000000002 -0.96703673333358797 97.40000000000002 9.1219731729390219 12.71972896264368
decision_type=2 2 2 10 2 2 2 8 10 10 2 10 2 2
left_child=1 -1 4 -3 5 -2 10 -4 9 -9 -5 -12 -10 -14
right_child=2 3 7 6 -6 -7 -8 8 12 -11 11 -13 13 -15
leaf_value=0 0 0 -7.1684909072944945e-18 -2.2170606878852127e-18 -1.2783311564243304e-18 8.1869892515549577e-17 -1.3214551862836244e-17 1.3742752840828802e-13 -6.4251175556301455e-14 2.4230008124856674e-16 2.6287522864907439e-19 0 1.048502685852405e-05 -0.00016862898706096439
leaf_weight=213 118 51 1574 20 216 25 31 645 167 1541 158 26 32 31
leaf_count=213 118 51 1574 20 216 25 31 645 167 1541 158 26 32 31
internal_value=-0.000767168 -0.00753 1.03448e-05 -0.00376307 -0.00370833 -0.00760417 -0.00197034 0.000345778 0.000831609 0.00115226 -0.000878049 0 -0.00220779 0.00164062
internal_weight=4848 499 4349 286 359 143 235 3990 2416 2186 204 184 230 63
internal_count=4848 499 4349 286 359 143 235 3990 2416 2186 204 184 230 63
is_linear=0
shrinkage=0.03


Tree=398
num_leaves=15
num_cat=0
split_feature=0 2 1 1 0 7 13 7 7 7 1 9 0 1
split_gain=28.2001 10.4288 11.89 5.28667 4.43204 3.64405 4.92618 2.65911 2.49216 2.07171 3.13734 2.31508 2.10668 1.97973
threshold=5.4270898555638087 2.1686453704162454 12.265237366968448 4.8416074381568022 11.381570510167284 4.8500000000000005 3.6155831759350021 4.8500000000000005 4.6500000000000012 4.7500000000000009 9.2011221944904715 -0.71017861517036496 14.113888659431884 12.52173299799855
decision_type=2 2 2 2 2 2 8 2 2 2 2 2 2 2
left_child=5 2 3 8 7 -1 -7 -5 -2 11 -11 -6 -12 -4
right_child=1 -3 13 4 9 6 -8 -9 -10 10 12 -13 -14 -15
leaf_value=0 0 3.729941639244683e-17 1.0274410587366464e-12 0 2.1430086741559651e-16 4.1792757613017076e-20 0 -8.5682105079724662e-18 2.8390483768398497e-20 1.0902650838165979e-17 -1.6076351137083122e-15 -1.7188531534685472e-15 1.3677267833064544e-14 9.1230616319937048e-15
leaf_weight=123 25 3829 27 137 20 24 101 118 125 39 135 69 20 83
leaf_count=123 25 3829 27 137 20 24 101 118 125 39 135 69 20 83
internal_value=-0.001129 -0.000599611 -0.00371715 -0.00518142 -0.00656772 -0.0109639 -0.0072619 -0.00943359 -0.000198675 -0.00396127 -0.00569231 -0.000166667 -0.00759615 0.00540541
internal_weight=4875 4627 798 688 538 248 125 255 150 283 194 89 155 110
internal_count=4875 4627 798 688 538 248 125 255 150 283 194 89 155 110
is_linear=0
shrinkage=0.03


Tree=399
num_leaves=15
num_cat=0
split_feature=1 7 13 2 1 8 8 1 1 2 8 3 13 8
split_gain=27.0638 16.9191 4.16801 3.49665 7.63574 1.86508 2.49678 2.97792 1.83514 2.19154 6.91571 4.51678 2.41643 2.35895
threshold=8.0244530318477612 4.8500000000000005 2.3761586494459599 5.1177068786547126 12.17577835662763 17.950000000000003 27.050000000000004 10.049836403163598 11.649447358675964 7.7404468924209038 11.65 8.0518172960252539 2.6800287070211639 5.7500000000000009
decision_type=2 2 10 2 2 10 10 2 2 2 10 2 10 10
left_child=1 -1 -3 4 5 -2 -7 -8 9 10 12 13 -5 -11
right_child=3 2 -4 8 -6 6 7 -9 -10 11 -12 -13 -14 -15
leaf_value=0 0 0 0 -1.8425645425658056e-14 4.8846549503760255e-14 -4.1172297568512791e-15 7.3259946326550745e-17 -3.8109364188267297e-15 -5.2922970256594712e-12 -4.9947234639186013e-11 -6.4018355597337073e-15 -8.3873365147144704e-12 8.9679384437181009e-14 2.5475991875582643e-13
leaf_weight=252 353 50 291 21 139 90 26 34 2300 23 238 375 81 517
leaf_count=252 353 50 291 21 139 90 26 34 2300 23 238 375 81 517
internal_value=-0.00105197 -0.00704545 -0.00267544 -0.000203668 -0.0022395 -0.00395833 -0.00675497 -0.00196721 0.000164511 0.00108678 -0.000967742 0.00185044 0.00553398 0.00360444
internal_weight=4790 593 341 4197 642 503 150 60 3555 1255 340 915 102 540
internal_count=4790 593 341 4197 642 503 150 60 3555 1255 340 915 102 540
is_linear=0
shrinkage=0.03


Tree=400
num_leaves=15
num_cat=0
split_feature=0 2 0 7 1 1 13 1 8 1 0 8 9 0
split_gain=33.3554 12.8237 9.36874 6.2878 4.60076 3.10215 2.94049 2.23382 2.07965 4.13803 3.3728 2.55294 2.45329 2.04292
threshold=1.0000000180025095e-35 2.1686453704162454 11.381570510167284 4.8500000000000005 11.048534044406049 8.6215982497565928 4.1608181327570675 4.8416074381568022 18.250000000000004 11.287767319888422 14.475703475543673 28.405000000000005 -0.017452406437283595 12.582400599299394
decision_type=2 2 2 2 2 2 8 2 10 2 2 10 2 2
left_child=-1 2 3 4 -2 6 7 -5 9 13 -11 -10 -13 -4
right_child=1 -3 8 5 -6 -7 -8 -9 11 10 -12 12 -14 -15
leaf_value=0 0 2.4226547816202595e-15 4.7470931446493236e-17 1.6540948873295756e-19 5.0254825779898003e-13 -2.0124937744834177e-16 3.2622979959763618e-16 -8.2658463131197783e-18 -3.9233080170345163e-15 -1.4931835006915191e-15 2.6717250979030293e-12 -1.1113781676976472e-15 1.5489270960817996e-16 -2.3395096921065366e-17
leaf_weight=218 184 3799 81 65 20 57 36 43 85 111 27 45 40 34
leaf_count=218 184 3799 81 65 20 57 36 43 85 111 27 45 40 34
internal_value=-0.000888362 -0.000346802 -0.00372738 -0.00698276 -0.0106829 -0.00319307 -0.000827586 -0.00330275 -0.000601415 0.00112205 -0.0023741 -0.00315789 0.000523256 0.00530172
internal_weight=4845 4627 828 405 204 201 144 108 423 253 138 170 85 115
internal_count=4845 4627 828 405 204 201 144 108 423 253 138 170 85 115
is_linear=0
shrinkage=0.03


Tree=401
num_leaves=15
num_cat=0
split_feature=0 7 2 0 13 7 7 0 8 0 2 13 8 0
split_gain=31.1366 7.41311 5.67454 8.27926 5.41292 5.16442 2.52266 2.53347 2.25248 2.24127 2.53273 1.93403 2.13071 2.29408
threshold=7.6899430197947307 4.8500000000000005 5.1177068786547126 11.346162242049504 2.1981931452195216 4.8500000000000005 4.8500000000000005 14.024374824851373 5.0450000000000008 12.641914153484741 1.0000000180025095e-35 4.0694279404923597 24.850000000000005 9.4943342728589446
decision_type=2 2 2 2 10 2 2 2 10 2 2 10 10 2
left_child=1 -1 3 5 -3 8 -5 9 -2 10 -8 12 -7 -14
right_child=2 4 -4 6 -6 11 7 -9 -10 -11 -12 -13 13 -15
leaf_value=0 -2.7453033942826479e-25 0 5.0014060799917006e-14 5.047098067667988e-17 0 -1.0128321857620474e-17 1.3319694247976436e-17 1.9778863242437967e-14 0 -1.4278561625582899e-15 -3.7343839739485082e-15 4.0635478600115123e-16 -1.5187823255499436e-17 3.9422858519735321e-17
leaf_weight=168 31 47 3563 137 143 106 102 82 136 105 30 37 26 29
leaf_count=168 31 47 3563 137 143 106 102 82 136 105 30 37 26 29
internal_value=-0.000948767 -0.0094429 -0.000253136 -0.0025 -0.00534031 -0.00586066 0.000196937 -0.00126563 -0.00973214 -0.00283613 -0.000225564 -0.00256281 -0.00398148 0.000803571
internal_weight=4742 358 4384 821 190 365 456 319 167 237 132 198 161 55
internal_count=4742 358 4384 821 190 365 456 319 167 237 132 198 161 55
is_linear=0
shrinkage=0.03


Tree=402
num_leaves=15
num_cat=0
split_feature=0 1 1 0 4 0 8 1 0 0 3 12 10 1
split_gain=30.198 6.39402 5.67737 3.28824 5.20276 4.0649 2.73128 2.67151 2.55986 1.91897 1.87106 1.60118 1.48385 1.43526
threshold=7.6899430197947307 9.9066948624187461 7.1314981509675262 11.302636413032594 2.1097538525880535 12.641914153484741 21.850000000000005 8.2114826860640537 8.2709724485610998 12.086042432123351 8.2501630565630126 1.0000000180025095e-35 -0.26302871059038868 8.1360059730884
decision_type=2 2 2 2 2 2 10 2 2 2 2 10 2 2
left_child=2 3 11 4 6 7 8 -5 -2 12 -6 -1 -9 -10
right_child=1 -3 -4 5 10 -7 -8 9 13 -11 -12 -13 -14 -15
leaf_value=0 1.4317567139965557e-17 -1.0835536486334926e-25 -8.7840492416990014e-18 1.1387902256246552e-16 7.916431943687092e-12 -3.6425012617970741e-15 -5.2423324404990712e-16 4.633746126930639e-17 -4.9858897940175246e-22 8.77925358706546e-14 -4.0555030141100423e-10 0 -3.8764003916666307e-15 -1.9607101720317623e-25
leaf_weight=108 20 3686 49 43 37 59 278 26 85 27 22 189 45 150
leaf_count=108 20 3686 49 43 37 59 278 26 85 27 22 189 45 150
internal_value=-0.00124352 -0.000582719 -0.00976945 -0.00302648 -0.0041484 0.000298507 -0.00508427 0.00306338 -0.00732422 0.00030303 0.00425 -0.0113255 -0.00229167 -0.00819915
internal_weight=4824 4478 346 792 592 200 533 141 255 98 59 297 71 235
internal_count=4824 4478 346 792 592 200 533 141 255 98 59 297 71 235
is_linear=0
shrinkage=0.03


Tree=403
num_leaves=15
num_cat=0
split_feature=0 1 1 8 13 13 4 10 13 0 1 8 8 8
split_gain=38.1593 6.1091 2.98593 3.06254 2.05239 1.84026 2.3342 2.38063 1.77385 1.76065 1.39761 3.45851 1.93179 1.62308
threshold=7.6899430197947307 7.2152366671923156 7.1314981509675262 21.850000000000005 3.2917578475392033 3.3290985839592291 11.900243273563552 0.12403179483894426 3.2443328757489485 12.259763796322966 10.114791233291383 16.520000000000003 22.420000000000005 27.450000000000003
decision_type=2 2 2 10 10 8 2 2 10 2 2 10 10 10
left_child=1 4 3 -2 -1 10 7 -7 -3 -5 11 -4 -13 -14
right_child=2 8 5 9 -6 6 -8 -9 -10 -11 -12 12 13 -15
leaf_value=0 -8.5787564833053869e-22 -7.920686056937349e-15 5.8821305160952865e-27 2.0285701201879441e-17 0 4.3214122461194327e-18 -0.037865424326837753 -1.2124806687184277e-14 4.6672471325492821e-15 -1.9797948436134717e-16 4.4912939147080573e-15 -3.9895773516017112e-15 2.9384836784774656e-13 -2.2338314070240585e-15
leaf_weight=148 85 24 178 86 157 788 22 638 25 21 2272 73 61 208
leaf_count=148 85 24 178 86 157 788 22 638 25 21 2272 73 61 208
internal_value=-0.000676833 -0.0101408 8.12091e-05 0.00373057 -0.0117157 -8.48856e-05 -0.000952381 -0.000798879 -0.0003 0.00708333 0.000365199 -0.00103647 -0.00279883 -0.00161111
internal_weight=4786 354 4432 192 305 4240 1448 1426 49 107 2792 520 342 269
internal_count=4786 354 4432 192 305 4240 1448 1426 49 107 2792 520 342 269
is_linear=0
shrinkage=0.03


Tree=404
num_leaves=15
num_cat=0
split_feature=0 2 1 8 13 9 2 1 1 1 2 0 2 1
split_gain=36.1586 6.30293 4.74887 3.7527 2.11922 1.29256 1.27483 6.70155 4.87057 2.16923 3.78232 4.18292 3.03525 2.80895
threshold=7.6899430197947307 2.1686453704162454 1.0000000180025095e-35 20.950000000000003 3.2382469280042359 -0.85828685610178213 3.3755507344683804 9.3283900229559542 12.265237366968448 10.015721617372547 8.4329414910271385 12.287850229850141 7.3374250625545683 10.686046371582785
decision_type=2 2 2 10 10 2 2 2 2 2 2 2 2 2
left_child=1 4 3 -2 -1 -6 7 -4 -9 -8 11 12 -11 -12
right_child=2 -3 6 -5 5 -7 9 8 -10 10 13 -13 -14 -15
leaf_value=0 -1.6851972333898949e-18 -3.347824701049867e-15 1.4818514956748519e-23 3.8326129373810465e-17 0 0 -3.4865337050252325e-15 -2.0695939125569077e-16 4.7821074249173904e-14 -4.2604126765133764e-15 2.5618680881730313e-13 5.6574405522566776e-13 2.2799371527952739e-13 -6.8742142941178679e-12
leaf_weight=154 31 76 222 74 24 114 473 327 109 115 190 366 114 2485
leaf_count=154 31 76 222 74 24 114 473 327 109 115 190 366 114 2485
internal_value=-0.000646154 -0.0096748 9.31884e-05 0.00636792 -0.0116724 -0.00884892 -5.79282e-05 -0.00127466 -0.00343249 0.00015625 0.000431061 0.00259228 -0.000586957 -5.04484e-05
internal_weight=4874 368 4506 105 292 138 4401 658 436 3743 3270 595 229 2675
internal_count=4874 368 4506 105 292 138 4401 658 436 3743 3270 595 229 2675
is_linear=0
shrinkage=0.03


Tree=405
num_leaves=15
num_cat=0
split_feature=0 2 1 2 7 0 7 7 13 13 8 13 13 1
split_gain=36.102 7.77817 4.3733 4.66507 4.89503 4.57807 3.04211 2.59748 2.9 2.58936 2.44736 2.28709 2.07379 2.41956
threshold=7.6899430197947307 2.1686453704162454 7.6083741973024663 3.0795476942459667 4.8500000000000005 14.093193610243846 4.8500000000000005 5.3100000000000014 4.1058778300661265 3.1344716602725367 20.950000000000003 3.6257579348316238 3.9595919670713626 8.0244530318477612
decision_type=2 2 2 2 2 2 2 2 10 10 10 10 10 2
left_child=1 6 7 4 12 -6 -1 10 -9 -8 -2 -11 13 -4
right_child=2 -3 3 -5 5 -7 9 8 -10 11 -12 -13 -14 -15
leaf_value=0 2.7242182464961885e-23 -1.7597725131956674e-16 1.4512937469434633e-23 6.3033263006654473e-15 -1.5130131023827961e-15 1.9497750993336987e-14 0 -2.5299414990270025e-18 4.6302659536118024e-16 7.0069610089197896e-21 3.1478957704826056e-17 0 5.3309127480718286e-17 -4.3884978210184314e-25
leaf_weight=164 46 64 21 3640 254 61 45 81 36 21 54 57 30 191
leaf_count=164 46 64 21 3640 254 61 45 81 36 21 54 57 30 191
internal_value=-0.000682963 -0.00992898 5.43601e-05 -0.000160791 -0.00271505 -0.00517405 -0.0120313 0.00419725 0.00114407 -0.00834677 0.00772277 -0.00493671 0.000493827 -0.00056338
internal_weight=4765 351 4414 4197 557 315 287 217 117 123 100 78 242 212
internal_count=4765 351 4414 4197 557 315 287 217 117 123 100 78 242 212
is_linear=0
shrinkage=0.03


Tree=406
num_leaves=15
num_cat=0
split_feature=0 2 13 10 6 3 13 2 13 3 8 2 0 8
split_gain=30.933 6.54594 2.11697 1.0406 1.28926 1.84184 2.04093 1.37658 2.35458 1.48549 1.38849 1.91749 5.04724 1.85584
threshold=7.6899430197947307 2.1686453704162454 3.2382469280042359 0.49810825183760399 2.9303931117329332 12.25423645019872 3.0067249469887822 11.877419223263628 3.3492778490472381 9.6270582391016948 9.0500000000000025 8.1002298311602683 14.384781013387888 2.0500000000000003
decision_type=2 2 10 2 2 2 8 2 8 2 10 2 2 10
left_child=1 2 -1 -2 5 7 -7 9 -9 10 13 -12 -13 -5
right_child=3 -3 -4 4 -6 6 -8 8 -10 -11 11 12 -14 -15
leaf_value=0 3.9154161986540279e-23 -3.5440246458673426e-17 0 -7.7803873941356084e-14 0.0363480864937335 2.41916084098999e-05 -0.0008310257137336439 6.732018077037972e-06 -6.0967699260524425e-08 -1.8314606313022722e-07 -2.0556028653954363e-16 3.0371798112663547e-13 -1.6158456132367431e-08 5.8473658462291407e-16
leaf_weight=141 2793 63 145 24 31 35 51 125 83 139 441 399 137 167
leaf_count=141 2793 63 145 24 31 35 51 125 83 139 441 399 137 167
internal_value=-0.000885864 -0.00947143 -0.0113937 -0.000206733 -0.000808328 -0.000926966 -0.00517241 -0.000682718 0.00157895 -0.00104358 -0.0006929 -0.00115031 5.58659e-05 0.00164062
internal_weight=4774 349 286 4425 1632 1601 86 1515 208 1307 1168 977 536 191
internal_count=4774 349 286 4425 1632 1601 86 1515 208 1307 1168 977 536 191
is_linear=0
shrinkage=0.03


Tree=407
num_leaves=15
num_cat=0
split_feature=0 7 1 12 2 1 1 1 2 2 8 1 7 12
split_gain=36.6765 8.78395 7.40329 3.01227 2.85021 3.3179 5.48424 2.50417 2.58886 3.23228 2.42936 3.01909 2.29895 3.17287
threshold=7.6899430197947307 4.8500000000000005 7.7593949906636341 inf 5.1177068786547126 10.078459247993102 12.17577835662763 9.9361838527604309 7.7404468924209038 6.2161058529120918 9.2500000000000018 11.562079204063748 4.9500000000000011 2.5000000000000004
decision_type=2 2 2 8 2 2 2 2 2 2 10 2 2 10
left_child=1 -1 12 -3 5 -4 10 8 9 -6 11 -7 -2 -14
right_child=2 3 4 -5 7 6 -8 -9 -10 -11 -12 -13 13 -15
leaf_value=0 6.1668350730640128e-18 -7.8862568594722321e-21 6.1668081705020204e-18 0 5.6908817998598294e-14 5.0606344102436894e-17 5.8661030709557269e-15 2.2985856870398851e-13 1.9292718837256893e-14 -9.7281960077823524e-15 -1.3944870606300993e-15 -1.5875698780391517e-14 3.6835554839613033e-18 4.4909052964449635e-16
leaf_weight=168 80 164 226 36 46 37 141 3178 202 116 228 32 111 41
leaf_count=168 80 164 226 36 46 37 141 3178 202 116 228 32 111 41
internal_value=-0.000424381 -0.0095122 0.000331156 -0.00522388 4.27858e-05 -0.0017594 -0.00328018 0.000381033 -0.0019726 -0.00478528 -0.00558725 -0.000642857 0.00553648 0.00333333
internal_weight=4806 368 4438 200 4206 664 438 3542 364 162 297 69 232 152
internal_count=4806 368 4438 200 4206 664 438 3542 364 162 297 69 232 152
is_linear=0
shrinkage=0.03


Tree=408
num_leaves=15
num_cat=0
split_feature=7 1 2 1 13 13 1 2 1 1 13 3 1 13
split_gain=11.7835 14.201 3.43034 5.3914 5.39941 2.80293 4.27102 2.75064 2.6571 2.41587 2.59924 3.13066 4.18993 2.35013
threshold=4.8500000000000005 7.1314981509675262 7.6264471119586306 11.609432446070445 4.088195605848032 4.0376906890827202 3.1978394366572469 3.3755507344683804 7.7593949906636341 11.309814393395532 2.4021467554132312 7.659996158709693 10.405565022429924 3.2917578475392033
decision_type=2 2 2 2 10 8 2 2 2 2 10 2 2 10
left_child=1 -1 3 4 5 6 -2 -5 -7 10 -4 12 -12 -3
right_child=2 13 9 7 -6 8 -8 -9 -10 -11 11 -13 -14 -15
leaf_value=0 2.2595289822679489e-19 -1.8500584542420884e-19 -1.0523368209304446e-10 -7.2241627248851871e-16 6.6748408342340544e-20 0 -1.6050705394309021e-15 2.3733219612245105e-13 -4.4638485037977204e-15 -1.6385127554510932e-12 3.7554812422819253e-14 1.3654914794271061e-13 5.1231959694476211e-13 5.1591653577262944e-17
leaf_weight=207 95 180 32 110 141 50 585 139 26 2253 199 356 221 164
leaf_count=207 95 180 32 110 141 50 585 139 26 2253 199 356 221 164
internal_value=-0.000579954 -0.00470109 -3.9211e-05 -0.00143854 -0.00252227 -0.00352708 -0.00290749 0.00246 -0.00896104 0.000484977 0.00189122 0.00223938 0.0039905 -0.000956522
internal_weight=4758 551 4207 1146 897 756 680 249 76 3061 808 776 420 344
internal_count=4758 551 4207 1146 897 756 680 249 76 3061 808 776 420 344
is_linear=0
shrinkage=0.03


Tree=409
num_leaves=15
num_cat=0
split_feature=0 0 3 2 13 8 13 0 4 2 8 8 8 8
split_gain=33.7267 4.74598 3.144 1.41264 2.42786 2.38274 2.09338 2.61539 2.36305 3.07911 3.86414 2.99641 1.99203 2.59197
threshold=1.0000000180025095e-35 7.6899430197947307 6.0276757474030243 7.197435284064496 3.3076009299343716 11.65 2.6800287070211639 12.910001759728667 1.3195286648076296 1.0000000180025095e-35 21.850000000000005 9.2500000000000018 18.250000000000004 11.250000000000002
decision_type=2 2 2 2 8 10 10 2 2 2 10 10 10 10
left_child=-1 2 -2 4 6 -6 -3 8 9 10 12 -11 13 -8
right_child=1 3 -4 -5 5 -7 7 -9 -10 11 -12 -13 -14 -15
leaf_value=0 0 5.981844895361162e-18 4.9073625074276357e-10 2.0818296221145184e-13 1.0814043840963382e-16 -4.1501530743702782e-19 -1.7945567006148258e-19 4.8906140880159244e-16 5.9078876148973352e-13 1.3441018375749116e-16 4.9079193087038773e-17 -4.1457212114606726e-15 -3.7638554921025932e-15 1.8755797803661264e-17
leaf_weight=207 133 224 20 3291 213 297 63 97 26 22 47 150 25 35
leaf_count=207 133 224 20 3291 213 297 63 97 26 22 47 150 25 35
internal_value=-0.000513296 1.61499e-05 -0.00516234 0.000193721 -0.0006875 0.000880626 -0.00184783 -0.00299356 -0.00414634 -0.0048105 -0.00192982 -0.00763006 -0.00471774 -0.00272727
internal_weight=4850 4643 153 4490 1199 510 689 465 368 342 170 172 123 98
internal_count=4850 4643 153 4490 1199 510 689 465 368 342 170 172 123 98
is_linear=0
shrinkage=0.03


Tree=410
num_leaves=15
num_cat=0
split_feature=0 7 1 10 12 0 0 2 8 8 8 0 0 1
split_gain=34.4976 9.36862 5.35256 4.04603 2.79219 2.70873 3.72056 2.0792 2.1966 6.60315 2.35513 2.00002 1.7145 2.43366
threshold=7.6899430197947307 4.8500000000000005 7.4522569137628674 0.45981126417599533 inf 9.8834501903776175 12.259763796322966 5.4722684669015473 18.250000000000004 28.050000000000004 16.950000000000003 13.868037652977987 9.4196485651592923 11.257219979446086
decision_type=2 2 2 2 8 2 2 2 10 10 10 2 2 2
left_child=1 -1 3 5 -3 -2 -7 8 10 11 12 -10 -4 -14
right_child=2 4 7 -5 -6 6 -8 -9 9 -11 -12 -13 13 -15
leaf_value=0 -3.6442214155970548e-19 -9.6521214039582808e-21 -3.5889732076554324e-19 6.5073027316183835e-17 0 5.4592216500236865e-17 -2.3210109392608748e-16 5.9891270416860478e-14 -4.0715972697656853e-15 7.8751646305005616e-17 2.2685018760835211e-16 -1.7348914589567188e-15 1.0050413177996017e-17 -1.7512436376880301e-15
leaf_weight=166 58 159 61 71 33 45 26 3534 92 113 27 24 212 177
leaf_count=166 58 159 61 71 33 45 26 3534 92 113 27 24 212 177
internal_value=-0.000581371 -0.00952646 0.00014186 0.00492537 -0.00497409 0.00173077 0.005625 -8.48856e-05 -0.00157001 -0.00397826 -0.00040795 -0.00897436 -0.000931264 -0.000192308
internal_weight=4798 358 4440 200 192 129 71 4240 706 229 477 116 450 389
internal_count=4798 358 4440 200 192 129 71 4240 706 229 477 116 450 389
is_linear=0
shrinkage=0.03


Tree=411
num_leaves=15
num_cat=0
split_feature=0 7 13 1 2 8 1 1 9 7 2 9 0 13
split_gain=38.4674 6.62274 3.40101 2.86943 2.3162 4.24556 3.85546 4.51857 3.29428 2.14531 2.09584 2.38026 1.99066 1.9616
threshold=7.6899430197947307 4.8500000000000005 2.1601990341472557 1.0000000180025095e-35 7.197435284064496 18.050000000000004 11.939971022974852 8.1360059730884 0.97900819343295475 4.8500000000000005 3.0795476942459667 -0.5 9.4196485651592923 2.8179377420832226
decision_type=2 2 10 2 2 10 2 2 2 2 2 2 2 10
left_child=1 -1 -3 -2 5 8 7 10 12 -6 11 -7 -5 -9
right_child=3 2 -4 4 9 6 -8 13 -10 -11 -12 -13 -14 -15
leaf_value=0 2.7443829740799094e-17 0 -7.8074966803702324e-21 -1.633050803366718e-19 -4.4265976851277188e-11 -2.0030653573867901e-18 5.7709914889760121e-15 -3.5287919092465455e-15 -1.4007194593205651e-15 1.900047911659212e-13 -2.8578482122938494e-15 9.5001041585812664e-17 1.6024960261731156e-17 -5.6112632077094104e-15
leaf_weight=163 98 46 152 104 66 23 95 79 20 3184 22 33 548 166
leaf_count=163 98 46 152 104 66 23 95 79 20 3184 22 33 548 166
internal_value=-0.000665625 -0.0100691 -0.00633166 0.000101374 -1.38217e-05 -0.0012099 -0.00357995 -0.00513889 0.000267459 0.000387573 0.00113924 0.00421053 0.000643185 -0.00713415
internal_weight=4799 361 198 4438 4340 1090 418 323 672 3250 78 56 652 245
internal_count=4799 361 198 4438 4340 1090 418 323 672 3250 78 56 652 245
is_linear=0
shrinkage=0.03


Tree=412
num_leaves=15
num_cat=0
split_feature=0 1 2 8 11 2 1 2 1 1 8 8 12 13
split_gain=35.9577 5.18715 5.13928 2.73424 3.6974 3.19891 2.16138 1.8895 2.33061 4.52636 4.77263 6.05077 2.94737 2.23065
threshold=7.6899430197947307 7.4522569137628674 2.1686453704162454 19.450000000000003 1.0000000180025095e-35 3.0795476942459667 6.6842776316976682 5.6776092344700979 12.317494376681179 11.257219979446086 18.050000000000004 28.405000000000005 1.0000000180025095e-35 3.4675455655798575
decision_type=2 2 2 10 2 2 2 2 2 2 10 10 10 10
left_child=2 3 -1 4 6 -5 -2 8 9 10 12 -12 -3 -13
right_child=1 7 -4 5 -6 -7 -8 -9 -10 -11 11 13 -14 -15
leaf_value=0 -2.6146805082768376e-18 -3.4371653239207421e-19 -5.4801982877438173e-15 5.4359008723375338e-17 2.8505064695618982e-17 -1.6347563935279345e-15 3.9500350482859946e-18 3.6432597171698575e-14 1.1580530164727054e-14 -5.6673754733152395e-15 -3.6459953722361419e-15 2.9056390791587413e-16 4.6313912653893413e-17 -1.2076055659287414e-15
leaf_weight=294 30 125 69 103 32 24 20 3508 132 146 92 39 181 20
leaf_count=294 30 125 69 103 32 24 20 3508 132 146 92 39 181 20
internal_value=-0.000700789 4.04222e-05 -0.00976648 0.00464286 0.000361446 0.00738281 -0.00470588 -0.000187323 -0.00156929 -0.00235927 -0.000884279 -0.00523026 0.00127036 0.00225
internal_weight=4815 4452 363 209 82 127 50 4243 735 603 457 151 306 59
internal_count=4815 4452 363 209 82 127 50 4243 735 603 457 151 306 59
is_linear=0
shrinkage=0.03


Tree=413
num_leaves=15
num_cat=0
split_feature=0 0 7 1 10 0 0 1 1 2 1 3 2 8
split_gain=32.8653 4.02249 6.06435 3.56749 2.63591 2.56538 3.26962 1.96802 2.59146 2.14386 3.18908 4.29497 3.49816 2.40279
threshold=1.0000000180025095e-35 7.6899430197947307 4.8500000000000005 7.4522569137628674 0.45981126417599533 8.8399286283267084 12.259763796322966 9.9066948624187461 9.7240168956425155 5.6776092344700979 11.649447358675964 6.6002105196271659 7.29063383029479 4.5500000000000007
decision_type=2 2 2 2 2 2 2 2 2 2 2 2 2 10
left_child=-1 2 -2 4 5 -3 -7 8 -5 -9 11 13 -12 -11
right_child=1 3 -4 7 -6 6 -8 9 -10 10 12 -13 -14 -15
leaf_value=0 0 -2.822523593887147e-19 -5.1680331287600905e-20 -9.4602170717969097e-19 1.906054904735357e-17 4.9907633299716711e-17 -5.3922205963002605e-16 -2.1847896560589886e-16 -1.6302224027468576e-14 -4.4780617164157334e-11 5.5164692444772852e-13 4.8106840537368455e-15 -9.6188450978112821e-12 2.5605211075694467e-13
leaf_weight=210 49 35 91 505 68 71 27 495 67 20 80 489 2202 381
leaf_count=210 49 35 91 505 68 71 27 495 67 20 80 489 2202 381
internal_value=-0.000651221 -0.000117878 -0.00510638 4.05314e-05 0.00393564 0.00145522 0.00393939 -0.000145047 -0.0017801 0.000110414 0.000397101 0.00191919 -0.000197109 0.00421642
internal_weight=4790 4580 140 4440 201 133 98 4239 572 3667 3172 890 2282 401
internal_count=4790 4580 140 4440 201 133 98 4239 572 3667 3172 890 2282 401
is_linear=0
shrinkage=0.03


Tree=414
num_leaves=15
num_cat=0
split_feature=1 7 13 8 7 7 7 1 10 1 13 1 13 1
split_gain=19.2647 5.66612 6.41831 5.98822 1.86526 2.0402 1.76072 3.59404 6.55768 4.67083 2.48405 2.4296 1.92334 1.51124
threshold=1.0000000180025095e-35 4.8500000000000005 2.1981931452195216 27.950000000000003 5.4150000000000009 6.0100000000000007 4.7500000000000009 8.8006787668208677 1.0000000180025095e-35 11.287767319888422 3.4099789691362763 12.019951740029805 3.0750462557915204 10.147050484784181
decision_type=2 2 10 10 2 2 2 2 2 2 8 2 10 2
left_child=1 3 -3 -1 -4 -6 7 8 -2 10 13 -11 -10 -9
right_child=6 2 4 -5 5 -7 -8 9 12 11 -12 -13 -14 -15
leaf_value=2.9217622851197694e-18 -1.1971378073941868e-19 0 3.336728789712168e-19 0 -1.1516400209695241e-20 -2.3176726089691089e-22 2.7446059464918861e-17 8.4407295692380816e-18 3.2597175254168076e-18 -2.2808913860502901e-14 3.6629326616339031e-16 -2.2574601983568633e-14 0 -7.6135024318252057e-17
leaf_weight=28 55 42 43 131 32 68 4141 22 20 49 36 100 20 25
leaf_count=28 55 42 43 131 32 68 4141 22 20 49 36 100 20 25
internal_value=-0.000560981 -0.0073913 -0.00379032 -0.0115312 -0.000729167 -0.0029703 -3.35646e-05 -0.00214939 -0.00703125 -0.000128755 0.00553571 -0.0033 0.00219512 0.0009375
internal_weight=4812 344 185 159 143 100 4468 327 95 232 83 149 40 47
internal_count=4812 344 185 159 143 100 4468 327 95 232 83 149 40 47
is_linear=0
shrinkage=0.03


Tree=415
num_leaves=15
num_cat=0
split_feature=0 7 13 0 1 13 9 1 9 13 9 7 1 1
split_gain=33.3929 2.05208 2.59392 1.89319 4.33738 2.01379 1.73897 1.77519 1.91946 1.33421 1.31918 1.26615 3.57627 2.94885
threshold=1.0000000180025095e-35 5.6500000000000012 3.8751853611983891 9.4196485651592923 8.8006787668208677 2.7160992424839203 -0.86711210913679049 7.2152366671923156 -0.51495963211660267 4.2717341745920887 0.58776287123114068 5.5500000000000007 11.335895878800285 9.9778868888555383
decision_type=2 2 8 2 2 8 2 2 2 10 2 2 2 2
left_child=1 -1 -3 5 6 -2 -5 -8 -9 -4 -7 12 -6 -13
right_child=3 2 9 4 11 10 7 8 -10 -11 -12 13 -14 -15
leaf_value=0 9.6586771257687733e-19 -2.4436120971048432e-21 0 -1.7375539494942818e-16 2.1899485737020327e-16 -6.6185397322642167e-20 5.0034589362990174e-17 3.5080565950795971e-16 4.2409479139366234e-18 -8.9658399566533636e-22 -5.1287873287296284e-18 -5.9337721351818709e-15 -1.5234348259815547e-15 -4.2020056054285882e-17
leaf_weight=121 63 24 49 31 360 255 91 25 87 21 100 213 777 2530
leaf_count=121 63 24 49 31 360 255 91 25 87 21 100 213 777 2530
internal_value=-0.00048968 -0.0120139 -0.00852632 5.95632e-05 0.000255164 -0.00186158 0.00421277 0.00522059 0.00265487 -0.0114085 -0.00273876 1.54599e-05 0.000856766 -0.000333455
internal_weight=4747 215 94 4532 4114 418 234 203 112 70 355 3880 1137 2743
internal_count=4747 215 94 4532 4114 418 234 203 112 70 355 3880 1137 2743
is_linear=0
shrinkage=0.03


Tree=416
num_leaves=15
num_cat=0
split_feature=0 1 2 2 8 8 0 1 1 2 3 2 4 1
split_gain=33.5694 3.66966 3.26889 2.71054 3.40138 5.82263 3.11169 2.76653 4.30249 4.73718 3.26525 2.91075 3.09004 2.71894
threshold=1.0000000180025095e-35 7.4522569137628674 4.4630262662962101 5.6776092344700979 18.050000000000004 27.250000000000004 13.868037652977987 10.015721617372547 11.309814393395532 7.4451254152969417 7.5441991153675021 7.6264471119586306 1.3195286648076296 10.546130562807303
decision_type=2 2 2 2 10 10 2 2 2 2 2 2 2 2
left_child=-1 2 -2 4 -3 6 -6 11 10 -10 13 12 -5 -9
right_child=1 3 -4 7 5 -7 -8 8 9 -11 -12 -13 -14 -15
leaf_value=0 6.0084678207078237e-19 -3.2993056757883469e-19 -2.366556421732418e-15 -9.2515218054215528e-15 -3.9917941857998207e-15 6.7065364813659277e-17 3.1063813025856775e-13 6.4345866369752673e-14 5.1927503894915707e-13 -7.7510630353167109e-12 4.4681087028156439e-14 6.8771467736383803e-15 3.8726187662559002e-13 3.9472131160616704e-13
leaf_weight=213 286 490 45 131 108 125 22 146 111 2331 276 235 31 245
leaf_count=213 286 490 45 131 108 125 22 146 111 2331 276 235 31 245
internal_value=-0.000372185 0.000170194 0.00320783 -6.70273e-05 -0.00170912 -0.00451172 -0.0089313 0.000282293 0.000583601 0 0.00271707 -0.00207286 -0.00515337 0.00447704
internal_weight=4795 4582 331 4251 745 255 130 3506 3109 2442 667 397 162 391
internal_count=4795 4582 331 4251 745 255 130 3506 3109 2442 667 397 162 391
is_linear=0
shrinkage=0.03


Tree=417
num_leaves=15
num_cat=0
split_feature=0 2 0 13 1 2 8 0 8 2 1 0 13 4
split_gain=32.584 3.27998 2.34315 3.8799 1.60194 2.61625 8.75829 4.38854 3.37975 2.99398 2.44942 2.43503 2.42399 2.47667
threshold=1.0000000180025095e-35 2.6910994252643698 7.6899430197947307 3.2917578475392033 7.4522569137628674 7.8933846358368722 18.050000000000004 12.973869167917469 12.050000000000002 9.4437108720537015 8.5005025375583916 15.920218074248256 2.9725818666643575 3.7669805268941006
decision_type=2 2 2 10 2 2 10 2 10 2 2 2 10 2
left_child=1 -1 3 -2 -4 6 -6 10 -7 12 -8 -9 13 -10
right_child=2 -3 4 -5 5 8 7 11 9 -11 -12 -13 -14 -15
leaf_value=0 -9.7131356188402668e-20 -9.315689699162056e-17 6.5759755746601849e-18 4.8185347846172298e-20 1.585072707683613e-17 -4.1344874044324414e-11 3.1511481814442548e-17 3.8495964742334117e-15 1.7099884109420842e-13 1.5890346439859953e-12 -8.1037087942504815e-15 -3.486190476333836e-07 4.0040225021520118e-13 -3.4946304297041923e-10
leaf_weight=191 55 21 199 89 756 637 50 137 177 1809 289 22 353 48
leaf_count=191 55 21 199 89 756 637 50 137 177 1809 289 22 353 48
internal_value=-0.000499586 -0.0119718 2.92081e-05 -0.00372414 0.000150737 2.80439e-05 -0.00112351 -0.00420842 0.000505785 0.00102387 -0.00613235 -9.375e-05 0.00290155 0.000464602
internal_weight=4833 212 4621 144 4477 4278 1254 498 3024 2387 339 159 578 225
internal_count=4833 212 4621 144 4477 4278 1254 498 3024 2387 339 159 578 225
is_linear=0
shrinkage=0.03


Tree=418
num_leaves=15
num_cat=0
split_feature=0 2 0 1 2 8 10 2 0 12 1 1 8 8
split_gain=33.4112 2.60085 2.03066 3.04863 2.67177 2.07867 3.202 2.71655 1.98005 3.42362 1.94464 2.55849 1.88778 1.70637
threshold=1.0000000180025095e-35 2.6910994252643698 7.6899430197947307 7.4522569137628674 5.1177068786547126 19.450000000000003 0.0021816546423733224 4.7854040570768062 12.041584123665283 1.0000000180025095e-35 11.216165577814058 12.17577835662763 34.95000000000001 41.45000000000001
decision_type=2 2 2 2 2 10 2 2 2 10 2 2 10 10
left_child=1 13 -2 5 8 6 -4 12 9 -5 -11 -12 -7 -1
right_child=2 -3 3 4 -6 7 -8 -9 -10 10 11 -13 -14 -15
leaf_value=0 -1.7485401977829375e-20 -3.8094317146857002e-15 -1.2179112641871445e-18 -2.1823893941617669e-18 7.5348447035862182e-14 5.147125631630113e-17 2.0551236702118947e-18 -1.8537960328554956e-15 -2.347919866996557e-15 5.5011446949300514e-17 -1.0150531862549395e-14 6.2540460215375321e-13 3.9186177225590327e-17 -8.9658399566533636e-22
leaf_weight=170 145 20 38 131 3573 70 40 21 298 192 38 30 30 31
leaf_count=170 145 20 38 131 3573 70 40 21 298 192 38 30 30 31
internal_value=-0.000456711 -0.0118243 9.11656e-05 0.000205065 3.51865e-05 0.003825 0 0.00627049 -0.00167391 -0.000267857 0.00172414 -0.0026087 0.00831683 -0.0128465
internal_weight=4827 221 4606 4461 4262 199 78 121 689 391 260 68 100 201
internal_count=4827 221 4606 4461 4262 199 78 121 689 391 260 68 100 201
is_linear=0
shrinkage=0.03


Tree=419
num_leaves=15
num_cat=0
split_feature=0 7 0 1 0 3 12 0 10 2 1 1 10 1
split_gain=28.1304 3.689 2.62712 3.31807 1.82352 1.63222 1.59723 1.51328 3.22737 1.44472 4.67655 1.62201 1.99409 3.03172
threshold=1.0000000180025095e-35 6.0100000000000007 7.6899430197947307 7.4522569137628674 12.733168034440927 5.4499504944419961 1.0000000180025095e-35 9.8834501903776175 0.069756473744125344 7.2393942815609558 12.338728964246885 11.309814393395532 -0.70710678118654757 11.048534044406049
decision_type=2 2 2 2 2 2 8 2 2 2 2 2 2 2
left_child=1 -1 6 4 5 7 -2 8 -4 10 -5 12 13 -11
right_child=2 -3 3 9 -6 -7 -8 -9 -10 11 -12 -13 -14 -15
leaf_value=0 -4.3562932094442831e-20 0 -5.5134205661070545e-19 -5.6127442337807934e-17 -2.2694204651545798e-16 -2.8726328161413383e-15 -1.5206946614501849e-20 4.7503846005041364e-17 1.2347564516862358e-17 -1.1237730351449252e-13 4.8399644516350508e-13 -3.0894766780618248e-12 1.9973226241457156e-13 5.9918262113639676e-13
leaf_weight=148 24 63 38 831 26 20 122 74 41 184 164 2398 642 37
leaf_count=148 24 63 38 831 26 20 122 74 41 184 164 2398 642 37
internal_value=-0.000423852 -0.0111085 6.84485e-05 0.000198609 0.003975 0.00508621 -0.00387755 0.00613636 0.0031875 2.11416e-05 -0.000978916 0.000326487 0.00144097 -0.00101351
internal_weight=4812 211 4601 4455 199 173 146 153 79 4256 995 3261 863 221
internal_count=4812 211 4601 4455 199 173 146 153 79 4256 995 3261 863 221
is_linear=0
shrinkage=0.03


Tree=420
num_leaves=15
num_cat=0
split_feature=0 8 0 9 13 13 2 5 13 2 8 2 9 9
split_gain=31.1451 3.223 2.38979 2.11638 1.04558 1.13339 0.954343 1.7967 1.3892 1.05146 1.54548 1.26668 2.90091 1.86811
threshold=1.0000000180025095e-35 218.45000000000002 7.6899430197947307 0.8649304544944173 3.3076009299343716 3.5269516858868246 13.628531947798166 8.6690806711741057 4.1649590350129158 12.747063926192498 13.050000000000002 11.53099611618247 -0.97581916381422285 -0.86711210913679049
decision_type=2 10 2 2 10 10 2 2 8 2 8 2 2 2
left_child=1 -1 3 4 -2 -6 9 8 -8 11 -11 -4 -13 -14
right_child=2 -3 6 -5 5 -7 7 -9 -10 10 -12 12 13 -15
leaf_value=0 -4.2681901388135523e-20 -4.2139447796270809e-22 2.0278169069613676e-17 1.3537342642215015e-19 2.1778111102756692e-19 -6.0331065796855984e-20 -0.00023500935155543266 0.026324463005924059 -0.002271494034518685 -0.00056440688482127434 1.7716489461404398e-05 5.038143874714804e-05 -3.0285875408179456e-07 -7.6005317286961852e-10
leaf_weight=196 46 20 3389 29 20 48 133 41 42 42 186 33 47 512
leaf_count=196 46 20 3389 29 20 48 133 41 42 42 186 33 47 512
internal_value=-0.000369906 -0.0114747 0.000157584 -0.00364583 -0.00547826 -0.00304348 0.000281292 -0.00165899 -0.00298295 0.000381235 0.00235808 0.000267454 -0.0010118 -0.00152679
internal_weight=4784 216 4568 143 114 68 4425 216 175 4209 228 3981 592 559
internal_count=4784 216 4568 143 114 68 4425 216 175 4209 228 3981 592 559
is_linear=0
shrinkage=0.03


Tree=421
num_leaves=15
num_cat=0
split_feature=0 2 0 13 1 8 13 8 9 13 13 1 8 2
split_gain=31.1254 2.95255 2.81714 3.7774 2.87133 2.67051 2.60495 2.31616 2.31013 1.87283 1.66674 1.43719 1.17454 1.06156
threshold=1.0000000180025095e-35 2.6910994252643698 7.6899430197947307 3.1838747009440684 7.4522569137628674 19.450000000000003 4.1277236681181337 41.45000000000001 -0.86711210913679049 2.9188222859550987 3.185065009498079 5.5814374797399795 76.600000000000009 5.6776092344700979
decision_type=2 2 2 10 2 10 8 10 2 8 10 2 10 2
left_child=1 7 3 -2 5 6 11 -1 -7 -10 -11 -4 13 -6
right_child=2 -3 4 -5 12 8 -8 -9 9 10 -12 -13 -14 -15
leaf_value=0 -9.4386185392755663e-20 -7.4142182878489573e-15 -5.427620211051106e-18 -1.1103286123971201e-20 -5.5193433167834578e-18 -8.5393356582429516e-17 4.0834210612478318e-16 -8.5704464145649525e-22 5.1327537399787431e-17 -2.6340340928296338e-16 1.1161559900091415e-16 7.4497161054326578e-20 -1.4126768485737314e-07 6.0787877134283673e-14
leaf_weight=171 50 21 24 102 740 20 27 29 35 24 47 32 42 3472
leaf_count=171 50 21 24 102 740 20 27 29 35 24 47 32 42 3472
internal_value=-0.000446558 -0.0114189 8.12392e-05 -0.00392157 0.000218414 0.00364286 -0.000535714 -0.0125373 0.00637795 0.00813084 0.00520833 -0.00421053 4.93537e-05 9.96914e-05
internal_weight=4836 221 4615 152 4463 209 83 200 126 106 71 56 4254 4212
internal_count=4836 221 4615 152 4463 209 83 200 126 106 71 56 4254 4212
is_linear=0
shrinkage=0.03


Tree=422
num_leaves=15
num_cat=0
split_feature=0 7 0 13 8 1 13 2 13 13 10 13 10 0
split_gain=27.3597 4.27882 3.2951 3.16331 2.97554 2.57313 1.67641 1.41216 1.54408 1.78533 2.42826 1.92833 1.82786 1.50142
threshold=1.0000000180025095e-35 6.0100000000000007 7.6899430197947307 3.1838747009440684 13.050000000000002 1.0000000180025095e-35 3.9595919670713626 13.628531947798166 4.1989860542673538 3.2491140255292739 0.25248616906575677 3.017367092906261 -0.26302871059038868 14.426055376461802
decision_type=2 2 2 10 10 2 10 2 8 10 2 10 2 2
left_child=1 -1 3 -2 -3 -4 -6 13 9 10 -9 -12 -11 -7
right_child=2 4 5 -5 6 7 -8 8 -10 12 11 -13 -14 -15
leaf_value=0 -9.4835276784790304e-20 0 3.5685151697934794e-17 -1.0770187540252064e-20 9.2405355435496053e-22 -1.0511228642496901e-18 -1.1492956879762309e-21 -0.0018506704154699202 -0.0025929675509504192 0.018269312210194816 0.028317325564598709 -0.0004907492359451888 -0.00019987278069424596 4.4345016002737249e-10
leaf_weight=140 49 27 99 98 21 3030 20 61 49 24 36 20 27 1105
leaf_count=140 49 27 99 98 21 3030 20 61 49 24 36 20 27 1105
internal_value=-0.000436863 -0.0110526 4.56621e-05 -0.00435811 -0.00478261 0.000192049 0.000357143 8.27016e-05 -0.00227064 -0.000887574 -0.00292373 0.00157895 0.00375 0.000206721
internal_weight=4806 208 4598 147 68 4451 41 4352 217 168 117 56 51 4135
internal_count=4806 208 4598 147 68 4451 41 4352 217 168 117 56 51 4135
is_linear=0
shrinkage=0.03


Tree=423
num_leaves=15
num_cat=0
split_feature=1 8 8 13 8 2 8 1 1 1 1 2 2 2
split_gain=12.4637 2.38865 3.84512 5.69694 3.39945 2.29007 5.35627 5.01982 2.65446 2.17378 2.15541 1.99699 2.69638 1.63398
threshold=4.8416074381568022 60.900000000000006 28.050000000000004 2.1601990341472557 20.450000000000003 7.8933846358368722 18.050000000000004 8.4094347745150468 12.606804834511175 11.695636494254719 7.6083741973024663 4.4630262662962101 6.8354524644277417 8.4329414910271385
decision_type=2 10 10 10 10 2 10 2 2 2 2 2 2 2
left_child=1 2 3 -1 -5 6 8 -8 10 -9 -2 -11 -13 -7
right_child=5 -3 -4 4 -6 13 7 9 -10 11 -12 12 -14 -15
leaf_value=0 -3.2192813462054047e-20 3.7529086821887369e-23 0 -1.0447081914044503e-20 7.103401759868498e-18 2.5987859897757179e-13 4.9473147497653206e-17 -9.9823759580013344e-15 -1.1559526749041895e-11 -1.8151756105182917e-14 2.0064689460310324e-17 4.5086359409012841e-13 -8.4838777932392205e-12 -1.8866317578425799e-14
leaf_weight=33 79 37 198 65 42 227 104 322 74 63 671 27 36 2830
leaf_count=33 79 37 198 65 42 227 104 322 74 63 671 27 36 2830
internal_value=-0.000779788 -0.00602394 -0.00681416 -0.00297872 0.000416667 -0.000334912 -0.00135076 -0.00363472 0.000181818 -0.00501114 0.000719041 -0.00165354 0.00210938 0.000122629
internal_weight=4808 375 338 140 107 4433 1376 552 824 448 750 126 63 3057
internal_count=4808 375 338 140 107 4433 1376 552 824 448 750 126 63 3057
is_linear=0
shrinkage=0.03


Tree=424
num_leaves=15
num_cat=0
split_feature=0 2 8 0 0 2 0 2 0 2 8 2 8 1
split_gain=29.9181 6.35307 1.9478 2.57567 1.7296 3.56513 3.51358 2.09437 1.6031 1.45985 1.45767 1.33757 3.08712 8.52314
threshold=7.6899430197947307 2.1686453704162454 110.12000000000002 1.0000000180025095e-35 14.093193610243846 8.2470217394814451 15.018379637118352 13.628531947798166 14.398708089663387 6.0844676303702716 67.450000000000003 7.1548097161059294 18.050000000000004 8.7208683397610738
decision_type=2 2 10 2 2 2 2 2 2 2 8 2 10 2
left_child=1 2 3 -1 10 6 8 -7 -6 -3 11 12 -2 -14
right_child=4 9 -4 -5 5 7 -8 -9 -10 -11 -12 -13 13 -15
leaf_value=0 4.8148190529152888e-18 3.291378915798714e-16 -8.3245917481745707e-22 -3.074174539859491e-20 -1.2945106380323173e-14 2.8071667020179685e-10 -1.2379852696262211e-12 -0.00071216505023845192 -1.3242989080604553e-11 -9.0193188867118291e-15 2.0257435931370475e-10 1.9249479177392586e-13 2.6501371725076124e-17 -5.2638497091103319e-15
leaf_weight=170 641 20 21 93 46 1127 96 193 74 53 41 1821 153 241
leaf_count=170 641 20 21 93 46 1127 96 193 74 53 41 1821 153 241
internal_value=-0.000582342 -0.00892458 -0.0109474 -0.0116477 9.13396e-05 -0.000722186 -0.00428571 -0.00013626 -0.00768595 -0.00101351 0.000522774 0.000441022 -0.000419884 -0.00250633
internal_weight=4790 357 284 263 4433 1536 216 1320 120 73 2897 2856 1035 394
internal_count=4790 357 284 263 4433 1536 216 1320 120 73 2897 2856 1035 394
is_linear=0
shrinkage=0.03


Tree=425
num_leaves=15
num_cat=0
split_feature=0 7 8 2 8 7 0 7 0 8 8 12 0 0
split_gain=28.7402 3.65364 3.32939 2.67859 2.44993 2.78496 2.86316 2.31439 3.33548 2.00115 1.77069 1.33316 2.57765 1.67449
threshold=1.0000000180025095e-35 6.0100000000000007 15.750000000000002 7.197435284064496 18.050000000000004 6.0100000000000007 14.453577537246224 5.2500000000000009 7.8844756404688594 27.650000000000002 29.950000000000003 2.5000000000000004 9.557428323223208 14.426055376461802
decision_type=2 2 10 2 10 2 2 2 2 10 10 10 2 2
left_child=1 -1 -3 4 5 11 -7 8 -6 -9 -11 13 -13 -2
right_child=3 2 -4 -5 7 6 -8 9 -10 10 -12 12 -14 -15
leaf_value=0 -1.1595345709451634e-18 0 5.5056072292313841e-23 7.228583212204142e-14 -4.0191206301526254e-20 1.6652130691906743e-16 -1.2911240864041802e-11 -4.5160666803417391e-15 1.5195596859150561e-17 6.8621382951667741e-16 -2.1664336326830809e-15 -5.6629264793644403e-20 3.4404047085161472e-16 -1.2601271895705081e-11
leaf_weight=153 446 30 36 3297 37 150 27 175 113 27 192 30 82 24
leaf_count=153 446 30 36 3297 37 150 27 175 113 27 192 30 82 24
internal_value=-0.000793568 -0.0113864 -0.00537313 -0.000286894 -0.00143788 -0.000335526 0.00294944 -0.00297248 0.000198675 -0.00417722 -0.00225 -0.00133791 0.00159292 -0.00203822
internal_weight=4819 219 66 4600 1303 759 177 544 150 394 219 582 112 470
internal_count=4819 219 66 4600 1303 759 177 544 150 394 219 582 112 470
is_linear=0
shrinkage=0.03


Tree=426
num_leaves=15
num_cat=0
split_feature=0 7 2 13 7 1 13 1 0 13 1 2 0 0
split_gain=27.2355 3.49279 2.84879 2.83812 1.94664 2.6643 3.00343 2.79182 2.53173 2.31404 2.27093 5.31837 4.11156 1.69693
threshold=1.0000000180025095e-35 5.6500000000000012 8.0065339982813537 3.8273729303508843 5.3100000000000014 8.8006787668208677 4.1277236681181337 7.6083741973024663 6.116278168054575 3.1226745502819289 10.891033219048477 4.4630262662962101 14.074898786011893 15.401474452597387
decision_type=2 2 2 8 2 2 10 2 2 8 2 2 2 2
left_child=1 -1 4 -3 8 6 7 9 -2 -6 -7 -12 -13 -14
right_child=2 3 -4 -5 5 10 -8 -9 -10 -11 11 12 13 -15
leaf_value=0 -3.4507952846284927e-20 3.0810364822599193e-20 1.7630678885689796e-13 0 1.8536669405137711e-16 -8.417350384876048e-15 3.5350922438548523e-16 2.8712668084116993e-16 4.0890702091145571e-20 -1.2379787459966767e-15 -9.3165281987997926e-15 1.9820267578564153e-13 -1.1966336272391382e-11 4.4920969733986237e-10
leaf_weight=118 23 22 3006 69 22 395 63 86 580 79 136 166 44 34
leaf_count=118 23 22 3006 69 22 395 63 86 580 79 136 166 44 34
internal_value=-0.000647192 -0.0112143 -0.000168285 -0.00668478 -0.00117864 -0.00197368 0.000717131 -0.00119681 0.000173841 -0.00455882 -0.00284149 -0.0011811 0.00146939 -0.00417722
internal_weight=4843 209 4634 91 1628 1025 250 187 603 101 775 380 244 78
internal_count=4843 209 4634 91 1628 1025 250 187 603 101 775 380 244 78
is_linear=0
shrinkage=0.03


Tree=427
num_leaves=15
num_cat=0
split_feature=0 2 9 2 8 1 0 7 8 0 8 2 1 0
split_gain=29.3867 3.76813 1.20185 0.952934 5.17593 4.05782 3.85634 3.5851 3.54048 2.76137 3.2329 2.1873 6.44893 2.97723
threshold=1.0000000180025095e-35 2.6910994252643698 -0.94901139070403817 7.7404468924209038 18.050000000000004 8.1360059730884 13.980830696056747 4.8500000000000005 27.650000000000002 7.8844756404688594 35.750000000000007 3.7256208424938388 11.287767319888422 10.822803703013179
decision_type=2 2 2 2 10 2 2 2 10 2 10 2 2 2
left_child=1 2 -1 4 6 9 7 -2 -7 -6 -11 12 -9 -13
right_child=3 -3 -4 -5 5 8 -8 11 -10 10 -12 13 -14 -15
leaf_value=0 -1.7032338496441344e-19 5.1632398222747986e-16 0 7.8813552373761904e-14 -1.0118857340101488e-19 -9.5958957343452308e-15 -1.0795724928290795e-11 1.5644944911215767e-16 -6.2894328431291671e-15 4.3922193554813126e-17 -4.6565442136968489e-15 -9.460000016291276e-15 -7.5838997852084763e-16 5.7492868543445575e-14
leaf_weight=24 297 21 173 3093 74 192 113 161 240 100 37 78 38 162
leaf_count=24 297 21 173 3093 74 192 113 161 240 100 37 78 38 162
internal_value=-0.000633847 -0.0113699 -0.0126515 -0.00012102 -0.00074347 -0.00277174 0.000794118 0.00158752 -0.00443418 0.000636792 0.00315217 0.00330682 0.005625 0.00136929
internal_weight=4803 218 197 4585 1492 643 849 736 432 211 137 439 199 240
internal_count=4803 218 197 4585 1492 643 849 736 432 211 137 439 199 240
is_linear=0
shrinkage=0.03


Tree=428
num_leaves=15
num_cat=0
split_feature=0 1 2 7 7 13 13 2 13 0 0 2 7 1
split_gain=34.3826 2.33782 2.12012 3.95507 1.82595 1.54472 1.98291 1.34303 2.63567 2.8611 3.87413 3.54212 4.88684 2.49866
threshold=1.0000000180025095e-35 7.4522569137628674 4.7854040570768062 5.0500000000000007 6.0100000000000007 3.5269516858868246 3.9101128528800593 8.2115506807161065 3.3966255892409092 14.398708089663387 12.374710300155487 4.1391506415669452 4.8500000000000005 11.002012333547096
decision_type=2 2 2 2 2 10 10 2 8 2 2 2 2 2
left_child=4 2 3 -2 -1 -5 -7 8 9 10 11 12 -3 -13
right_child=1 7 -4 5 -6 6 -8 -9 -10 -11 -12 13 -14 -15
leaf_value=0 -7.8914153834217331e-22 -1.8883520588172686e-18 -4.1578914123759449e-15 4.7753330083034893e-17 0 -6.3565115504047173e-15 3.5001023351027587e-16 3.042431918579246e-14 1.3540680576005148e-16 -1.1936717290869595e-11 5.9302638810053797e-16 -1.5393475595788136e-14 1.0463624524643378e-16 7.3848730064061195e-14
leaf_weight=155 146 105 45 55 68 21 52 2881 478 77 253 281 135 36
leaf_count=155 146 105 45 55 68 21 52 2881 478 77 253 281 135 36
internal_value=-0.000645229 -8.21288e-05 0.00239062 0.00338182 -0.0121205 0.0072093 0.00425676 -0.000268425 -0.00104319 -0.00201014 -0.00147965 -0.00287634 -0.000124481 -0.00495283
internal_weight=4788 4565 319 274 223 128 73 4246 1365 887 810 557 240 317
internal_count=4788 4565 319 274 223 128 73 4246 1365 887 810 557 240 317
is_linear=0
shrinkage=0.03


Tree=429
num_leaves=15
num_cat=0
split_feature=0 7 8 0 8 7 2 2 0 7 0 0 7 0
split_gain=32.5458 3.04033 2.10371 1.62593 2.23542 3.86698 3.73268 3.07811 3.20808 3.02358 3.3044 2.53901 2.02245 1.99684
threshold=1.0000000180025095e-35 6.0100000000000007 13.050000000000002 14.093193610243846 18.250000000000004 5.9350000000000014 7.9328106250846808 1.0000000180025095e-35 12.582400599299394 4.9500000000000011 7.8844756404688594 8.9114951844051635 7.4500000000000011 12.341124083389611
decision_type=2 2 10 2 10 2 2 2 2 2 2 2 2 2
left_child=1 -1 -3 4 5 -2 9 8 -7 10 -6 -11 -5 -9
right_child=3 2 -4 12 6 7 -8 13 -10 11 -12 -13 -14 -15
leaf_value=0 8.8731988240661418e-21 0 -2.9373288799418229e-23 -1.2787826428914679e-11 -3.5269758987426736e-20 2.6615240968416662e-16 1.2952651601954436e-13 -2.9481991300019562e-15 -2.0260584766939089e-17 1.1739462100217166e-16 4.3010997254017584e-17 -4.5273481942912519e-15 0.03379995124582174 3.1457982534133979e-12
leaf_weight=151 824 29 39 1501 33 80 1267 138 29 84 79 407 37 124
leaf_count=151 824 29 39 1501 33 80 1267 138 29 84 79 407 37 124
internal_value=-0.000659341 -0.0119318 -0.00652174 -0.000120547 0.000278865 0.00129181 -0.000368787 0.00383065 0.00804545 -0.0023096 0.00212389 -0.00332317 -0.000916179 0.00205323
internal_weight=4822 219 68 4603 3065 1195 1870 371 109 603 112 491 1538 262
internal_count=4822 219 68 4603 3065 1195 1870 371 109 603 112 491 1538 262
is_linear=0
shrinkage=0.03


Tree=430
num_leaves=15
num_cat=0
split_feature=1 8 13 1 2 8 1 8 2 2 1 8 2 2
split_gain=12.7303 3.83486 4.5192 1.67658 1.29414 5.7781 3.39803 2.62428 4.17772 3.37119 2.56742 1.95942 1.8364 2.55685
threshold=4.8416074381568022 28.050000000000004 2.1601990341472557 7.894224736846609 7.7805098268860684 18.050000000000004 11.695636494254719 28.405000000000005 4.7854040570768062 7.29063383029479 10.049836403163598 5.0450000000000008 8.4569106303800403 8.2863324211060849
decision_type=2 10 10 2 2 10 2 10 2 2 2 10 2 2
left_child=1 2 -1 -2 5 -5 7 9 10 -7 -9 -6 13 -13
right_child=3 -3 -4 4 11 6 -8 8 -10 -11 -12 12 -14 -15
leaf_value=0 9.6703453056066507e-19 0 1.1200985826807534e-19 1.1145534384601901e-17 -6.4183866895128343e-11 -3.5865595188778214e-15 2.9633356106904881e-15 1.624343477963526e-15 -1.3301208201273639e-14 1.8496734634875294e-13 -2.3365897881240568e-15 1.2443134257333641e-13 2.5171667078109048e-14 1.811185219556044e-12
leaf_weight=32 188 225 114 700 148 123 117 25 122 25 28 181 2628 78
leaf_count=32 188 225 114 700 148 123 117 25 122 25 28 181 2628 78
internal_value=-0.000519535 -0.00584677 -0.00204082 -6.53071e-05 -0.000190374 -0.00105171 -0.0037415 -0.00532407 -0.0028125 -0.00825503 0.00416667 0.000133399 0.00030644 0.00271154
internal_weight=4734 371 146 4363 4175 1140 440 323 175 148 53 3035 2887 259
internal_count=4734 371 146 4363 4175 1140 440 323 175 148 53 3035 2887 259
is_linear=0
shrinkage=0.03


Tree=431
num_leaves=15
num_cat=0
split_feature=0 7 1 7 0 12 0 3 7 4 10 7 0 7
split_gain=28.5034 2.84891 1.59334 3.93595 3.30349 1.28537 1.23592 1.39212 1.58523 2.181 1.36598 1.81034 3.70899 2.27217
threshold=1.0000000180025095e-35 5.6500000000000012 1.0000000180025095e-35 5.0500000000000007 8.5188385911038917 2.5000000000000004 16.137692593023313 6.984020963707942 6.7500000000000009 9.208863703571657 1.0000000180025095e-35 4.8500000000000005 11.346162242049504 5.1500000000000012
decision_type=2 2 2 2 2 8 2 2 2 2 2 2 2 2
left_child=1 -1 3 4 -2 -3 10 -8 9 -9 11 12 -4 -13
right_child=2 5 6 -5 -6 -7 7 8 -10 -11 -12 13 -14 -15
leaf_value=0 -1.6486613790408226e-19 -4.9015778185838815e-24 -1.6014462108845271e-18 1.7969457368718881e-16 1.9330908368476844e-17 0 -2.5708114386420579e-07 4.2809516639084415e-08 0.039337935907615355 -0.007285419002373783 3.7189709461787041e-17 2.8277456215463115e-16 1.4960136822223782e-17 -2.8168608379933446e-15
leaf_weight=117 39 31 103 72 33 61 77 153 29 64 2093 103 99 1744
leaf_count=117 39 31 103 72 33 61 77 153 29 64 2093 103 99 1744
internal_value=-0.000691015 -0.0115 -0.000198482 0.00289655 -0.00205479 -0.00741935 -0.000298925 -0.00208333 -0.00097166 -0.0018578 -0.000159305 -0.000709756 -0.00339901 -0.000413961
internal_weight=4818 209 4609 144 72 92 4465 323 246 217 4142 2049 202 1847
internal_count=4818 209 4609 144 72 92 4465 323 246 217 4142 2049 202 1847
is_linear=0
shrinkage=0.03


Tree=432
num_leaves=15
num_cat=0
split_feature=1 7 13 8 8 8 7 2 8 8 1 2 8 13
split_gain=11.708 8.08541 2.92377 4.4436 1.99981 1.46042 2.47811 1.40243 2.91458 2.35419 1.93932 4.37921 3.24417 3.28671
threshold=1.0000000180025095e-35 4.7500000000000009 2.1981931452195216 31.950000000000003 27.250000000000004 81.050000000000011 5.0500000000000007 7.7013132390829151 9.9100000000000019 7.5500000000000007 11.695636494254719 4.1391506415669452 25.650000000000002 3.5269516858868246
decision_type=2 2 10 10 10 10 2 2 10 10 2 2 10 10
left_child=1 4 -3 -4 -1 6 -5 8 9 -2 11 12 -10 -14
right_child=7 2 3 5 -6 -7 -8 -9 10 -11 -12 -13 13 -15
leaf_value=-1.6105113359102128e-19 -1.7717047631597116e-19 0 1.8342177254569172e-17 0 0 -1.0854184810324233e-21 2.4143391491164863e-17 1.2990185053754912e-13 -1.1025384714071583e-18 5.0938921601111647e-16 2.4620648265762661e-14 -1.1694921080045351e-14 9.0864572319543597e-16 -9.4960806775403551e-16
leaf_weight=22 184 41 76 52 92 32 27 3126 372 87 241 345 57 36
leaf_count=22 184 41 76 52 92 32 27 3126 372 87 241 345 57 36
internal_value=-0.00043206 -0.00577259 -0.00248908 -0.00087766 -0.0122609 -0.0046875 -0.0024375 -2.02293e-05 -0.000839002 0.00193015 -0.00155418 -0.00225647 -0.000354077 0.00462766
internal_weight=4790 342 228 187 114 111 79 4448 1322 271 1051 810 465 93
internal_count=4790 342 228 187 114 111 79 4448 1322 271 1051 810 465 93
is_linear=0
shrinkage=0.03


Tree=433
num_leaves=15
num_cat=0
split_feature=0 7 1 0 1 2 7 7 2 9 1 9 1 2
split_gain=34.0544 2.3992 1.07571 2.11099 1.73236 2.99794 3.38664 3.54907 2.61408 1.54242 1.49808 1.93971 1.48232 1.51534
threshold=1.0000000180025095e-35 6.0100000000000007 1.0000000180025095e-35 7.6899430197947307 10.343023884819319 4.1391506415669452 4.8500000000000005 5.3100000000000014 7.7013132390829151 0.25037047035109428 8.7208683397610738 -0.42261423871944315 11.309814393395532 3.9843328502331183
decision_type=2 2 2 2 2 2 2 2 2 2 2 2 2 2
left_child=1 -1 3 9 5 6 -4 -8 -7 -2 -9 -12 -6 -14
right_child=2 -3 4 -5 12 8 7 10 -10 -11 11 -13 13 -15
leaf_value=0 7.0386059992664166e-21 0 -1.0530043988109424e-18 3.7812093537379636e-17 4.6050598811466533e-16 -9.2462156688706555e-15 1.754367855268983e-16 2.1483972211401323e-16 -7.4286229238300398e-14 -1.5735057940735208e-19 -1.7972200132131989e-15 2.8862912528545783e-16 -2.1501118968387939e-15 6.1287475633690984e-14
leaf_weight=145 29 69 168 90 679 284 45 79 343 25 34 54 245 2457
leaf_count=145 29 69 168 90 679 284 45 79 343 25 34 54 245 2457
internal_value=-0.000613019 -0.0122791 -5.95632e-05 0.00248276 -0.000143541 -0.00123512 0.000866142 0.00338028 -0.00250796 -0.00218182 0.00133929 -0.00134831 0.000181845 -0.000133185
internal_weight=4746 214 4532 144 4388 1007 380 212 627 54 167 88 3381 2702
internal_count=4746 214 4532 144 4388 1007 380 212 627 54 167 88 3381 2702
is_linear=0
shrinkage=0.03


Tree=434
num_leaves=15
num_cat=0
split_feature=1 8 13 8 2 8 1 1 8 2 13 9 3 8
split_gain=17.0875 2.47242 4.52417 1.98392 1.91125 3.24333 3.81388 4.71831 2.26049 3.80446 1.7974 2.2416 1.79678 2.6103
threshold=1.0000000180025095e-35 31.250000000000004 2.2962338504263955 46.050000000000004 7.7013132390829151 18.435000000000002 8.8006787668208677 11.695636494254719 21.850000000000005 4.7854040570768062 2.5624635244952301 -0.1283625806779404 1.0000000180025095e-35 25.050000000000004
decision_type=2 10 10 10 2 10 2 2 10 2 8 2 2 10
left_child=1 2 -1 -3 5 -2 8 10 -7 -10 -8 -12 13 -13
right_child=4 3 -4 -5 -6 6 7 -9 9 -11 11 12 -14 -15
leaf_value=0 9.2305639375603044e-20 0 0 -7.8564093485540555e-22 1.6076461134115601e-13 -4.9121530276854638e-16 1.5335743752250725e-15 3.1711937786597855e-14 2.2800786137716751e-16 -1.4162751603635386e-15 -1.0961905036591928e-14 -1.7080867544271242e-15 -5.248225386215931e-14 1.0384058794188497e-15
leaf_weight=38 819 180 102 42 3135 34 21 113 56 50 129 38 43 53
leaf_count=38 819 180 102 42 3135 34 21 113 56 50 129 38 43 53
internal_value=-0.000516069 -0.00677686 -0.00361702 -0.00874439 -1.00178e-05 -0.000950626 -0.00276022 -0.00425879 0.00148936 0.00364486 -0.00631579 -0.00698864 -0.00422222 -0.00179348
internal_weight=4853 362 140 222 4491 1356 537 397 140 106 284 263 134 91
internal_count=4853 362 140 222 4491 1356 537 397 140 106 284 263 134 91
is_linear=0
shrinkage=0.03


Tree=435
num_leaves=15
num_cat=0
split_feature=0 7 13 7 1 0 10 13 1 7 1 3 10 0
split_gain=33.7739 3.31187 1.24769 0.988128 2.15554 2.88725 2.32234 2.03376 1.97167 1.93897 1.45344 1.43431 1.40921 1.49287
threshold=1.0000000180025095e-35 6.0100000000000007 4.1058778300661265 4.8500000000000005 7.7593949906636341 8.0962071111815188 -0.51503807491005404 3.2618406269131244 10.292585399787676 5.1500000000000012 11.309814393395532 1.6570930023362631 0.70400802274319874 12.175529558574128
decision_type=2 2 8 2 2 2 2 10 2 2 2 2 2 2
left_child=1 -1 -3 7 5 6 -5 -2 9 -6 -10 12 13 -7
right_child=3 2 -4 4 8 11 -8 -9 10 -11 -12 -13 -14 -15
leaf_value=0 -1.2294345271676055e-18 -5.0232995954929123e-22 0 5.1815295701525972e-17 7.6083367836390091e-17 1.3903657925624598e-16 -3.4198598315323358e-18 1.1079691808274697e-19 1.8416472474261448e-15 -3.6851887336765451e-15 -2.1167607163161955e-15 -1.8446662639197587e-15 3.8190339042122932e-16 -1.5316937789304304e-16
leaf_weight=157 234 20 42 28 32 73 56 230 650 658 2559 28 32 25
leaf_count=157 234 20 42 28 32 73 56 230 650 658 2559 28 32 25
internal_value=-0.000721244 -0.0122045 -0.00619048 -0.000172601 -2.53501e-05 0.00271605 -0.00176471 -0.00148387 -0.000196154 -0.00164978 0.000116822 0.00509434 0.00641221 0.00454545
internal_weight=4824 219 62 4605 4141 242 84 464 3899 690 3209 158 130 98
internal_count=4824 219 62 4605 4141 242 84 464 3899 690 3209 158 130 98
is_linear=0
shrinkage=0.03


Tree=436
num_leaves=15
num_cat=0
split_feature=1 2 12 2 10 11 8 4 3 5 1 12 2 12
split_gain=15.0922 1.37697 2.06265 1.75386 1.74879 1.45097 1.26764 1.22109 1.17682 1.35449 1.35958 1.84176 1.16641 1.15396
threshold=1.0000000180025095e-35 13.628531947798166 1.0000000180025095e-35 12.747063926192498 0.12403179483894426 1.0000000180025095e-35 18.850000000000005 10.828407860445482 9.2527051754668417 2.1097538525880535 13.63978628376047 1.0000000180025095e-35 11.690709222590664 1.0000000180025095e-35
decision_type=2 2 10 2 2 2 10 2 2 2 2 10 2 10
left_child=-1 3 4 5 -3 8 7 -4 -2 10 13 -12 -11 -10
right_child=1 2 6 -5 -6 -7 -8 -9 9 12 11 -13 -14 -15
leaf_value=0 4.0151869903039868e-20 -0.0008571505137057188 -0.0028400764493828881 1.6649625973179032e-05 0.075266413860301792 -8.6378556412329745e-16 -0.00078220759891940435 0.023889721386325547 4.2211399881019335e-09 8.1074778465457911e-05 -0.00059953762495471095 2.8874463516467228e-05 -0.0050985565568215452 1.075835656093911e-11
leaf_weight=337 2184 22 31 226 22 1330 111 26 88 35 30 112 46 247
leaf_count=337 2184 22 31 226 22 1330 111 26 88 35 30 112 46 247
internal_value=-0.000498144 -3.99025e-05 -0.00239437 7.6762e-05 0.00333333 -6.62902e-05 -0.00390533 -0.000258621 0.000328108 0.00155635 0.00216527 0.00461538 -0.0020122 0.00111607
internal_weight=4847 4510 212 4298 44 4072 168 57 2742 558 477 142 81 335
internal_count=4847 4510 212 4298 44 4072 168 57 2742 558 477 142 81 335
is_linear=0
shrinkage=0.03


Tree=437
num_leaves=15
num_cat=0
split_feature=0 1 2 8 2 8 8 8 0 0 10 7 8 2
split_gain=33.1815 3.17879 3.58744 2.76349 1.97578 4.86882 2.38938 2.89696 2.78107 2.33286 1.87799 1.80849 2.78527 1.80305
threshold=1.0000000180025095e-35 7.7593949906636341 4.7854040570768062 105.50000000000001 7.8591234209378174 9.7350000000000012 43.050000000000004 18.050000000000004 12.492472613402311 10.967691404784881 0.84221522938863869 5.0500000000000007 35.750000000000007 4.7854040570768062
decision_type=2 2 2 10 2 10 10 10 2 2 2 2 10 2
left_child=3 2 10 -1 5 9 7 -7 -9 -3 11 -2 -13 -10
right_child=1 4 -4 -5 -6 6 -8 8 13 -11 -12 12 -14 -15
leaf_value=0 1.0695947747873146e-20 -1.4881593763373572e-17 -3.7524782910110957e-15 -8.9567920268276582e-22 6.2475374180624045e-14 -4.6151426753599684e-18 5.6856164421903182e-15 -8.111801616577308e-15 -5.2426608564987147e-15 2.0548742752972446e-15 2.6781102908467178e-17 2.0759952078472251e-16 -3.040133122209791e-12 3.0593330530960639e-13
leaf_weight=188 130 80 58 28 3032 479 54 250 95 177 56 90 20 76
leaf_count=188 130 80 58 28 3032 479 54 250 95 177 56 90 20 76
internal_value=-0.00056398 -2.2836e-05 0.00270423 -0.0120276 -0.000250943 -0.00127475 -0.00226178 -0.00263041 -0.00444313 0.00238372 0.0040404 0.00286307 0.00567568 -0.00148256
internal_weight=4813 4597 354 216 4243 1211 954 900 421 257 296 240 110 171
internal_count=4813 4597 354 216 4243 1211 954 900 421 257 296 240 110 171
is_linear=0
shrinkage=0.03


Tree=438
num_leaves=15
num_cat=0
split_feature=0 1 2 3 1 0 7 11 0 0 1 1 3 2
split_gain=35.2513 3.83198 2.72773 2.42022 2.0843 3.78649 2.04027 1.68036 1.35949 1.31962 0.984818 2.18356 2.83975 3.73954
threshold=1.0000000180025095e-35 7.7593949906636341 2.6910994252643698 5.4499504944419961 1.0000000180025095e-35 11.765984927760018 5.0500000000000007 1.0000000180025095e-35 8.5188385911038917 8.8399286283267084 10.546130562807303 11.309814393395532 7.5441991153675021 7.8591234209378174
decision_type=2 2 2 2 2 2 2 2 2 2 2 2 2 2
left_child=2 3 -1 4 5 6 8 -6 -2 -8 -3 12 13 -12
right_child=1 10 -4 -5 7 -7 9 -9 -10 -11 11 -13 -14 -15
leaf_value=0 -4.7391854104544474e-19 -1.5367711990695514e-17 -2.0373612092958466e-14 -3.6400506897736509e-15 6.6411852727028817e-19 4.0051874791357643e-16 1.134565479565886e-16 3.5117092377214543e-17 8.1868153569240339e-19 -6.7840635666197673e-18 5.2547993367535177e-17 -7.3300415134984713e-16 -5.7825538875848341e-12 4.3641383009341273e-13
leaf_weight=199 40 931 20 38 113 30 26 60 20 25 186 2738 179 163
leaf_count=199 40 931 20 38 113 30 26 60 20 25 186 2738 179 163
internal_value=-0.000339694 0.000227473 -0.0120682 0.00322946 0.00409524 0.00137324 -0.00120536 0.0062931 -0.00491803 0.00317308 -2.50119e-05 0.000220386 0.00198488 0.00355714
internal_weight=4768 4549 219 352 314 141 111 173 60 51 4197 3266 528 349
internal_count=4768 4549 219 352 314 141 111 173 60 51 4197 3266 528 349
is_linear=0
shrinkage=0.03


Tree=439
num_leaves=15
num_cat=0
split_feature=1 7 1 3 13 8 8 7 12 8 3 8 13 8
split_gain=16.9568 6.41187 3.103 3.0273 2.77519 2.21988 1.87086 1.75797 2.00173 1.67623 1.44455 1.50143 1.1387 3.20868
threshold=1.0000000180025095e-35 4.7500000000000009 6.9474547984945625 1.3195286648076296 4.560733678289326 31.950000000000003 14.750000000000002 5.0500000000000007 1.5000000000000002 17.250000000000004 9.0886241524745284 31.450000000000003 3.9961231750572668 23.850000000000005
decision_type=2 2 2 2 8 10 10 2 10 10 2 10 10 10
left_child=1 -1 3 9 5 6 -3 -7 -9 -2 12 -12 -4 -14
right_child=2 4 10 -5 -6 7 -8 8 -10 -11 11 -13 13 -15
leaf_value=0 9.2826438010023512e-20 -5.6679772106911957e-19 -1.4945376162167259e-16 -3.5580539084861716e-15 0 0 2.7810362404185005e-16 1.5835091097333064e-16 -1.0293138423452654e-21 1.0985829401785845e-16 2.6122475422852072e-08 -2.7168499898858256e-10 1.5165319650689092e-15 -2.9527144412923254e-12
leaf_weight=135 54 27 2649 20 62 58 31 22 21 43 920 415 257 123
leaf_count=135 54 27 2649 20 62 58 31 22 21 43 920 415 257 123
internal_value=-0.000598388 -0.00689076 -9.70549e-05 0.00470339 -0.00371622 -0.00159375 0.00305085 -0.00426471 0.000340909 0.00688776 -0.000226804 0.00059506 -0.000589109 0.000944882
internal_weight=4837 356 4481 117 221 159 58 101 43 97 4364 1335 3029 380
internal_count=4837 356 4481 117 221 159 58 101 43 97 4364 1335 3029 380
is_linear=0
shrinkage=0.03


Tree=440
num_leaves=15
num_cat=0
split_feature=0 7 8 2 7 0 0 13 10 0 0 2 0 2
split_gain=36.2343 1.99929 1.93954 1.6862 2.07411 2.15788 2.5547 2.01473 1.95642 1.52262 1.45583 1.41649 1.44032 1.55822
threshold=1.0000000180025095e-35 6.0100000000000007 13.050000000000002 1.0000000180025095e-35 6.7500000000000009 10.174329396249629 7.4542853141106749 3.9961231750572668 -0.0043632677491870896 12.641914153484741 13.49433987878975 2.1686453704162454 10.132792076283826 4.4630262662962101
decision_type=2 2 10 2 2 2 2 8 2 2 2 2 2 2
left_child=1 -1 -3 4 5 6 8 9 -2 -7 -9 -5 13 -13
right_child=3 2 -4 11 -6 7 -8 10 -10 -11 -12 12 -14 -15
leaf_value=0 5.7607161433243735e-20 0 -9.8321748095387108e-22 -3.7479960309289067e-15 -6.4236700007701204e-15 3.0481467496375738e-17 2.1357138843785902e-17 3.0911276215663518e-16 -9.060431107281669e-19 -1.2331454793032058e-15 7.0909898396966514e-13 1.4710528669352694e-16 4.3907529057388624e-16 -8.0727734022140389e-15
leaf_weight=151 40 30 39 32 38 253 186 46 34 139 34 42 3458 329
leaf_count=151 40 30 39 32 38 253 186 46 34 139 34 42 3458 329
internal_value=-0.000485367 -0.0123529 -0.00792857 8.09585e-05 0.00136187 0.00171896 0.00390805 0.0005074 -0.0008 -0.000381679 0.00481481 -0.00017478 -0.00012141 -0.00189516
internal_weight=4851 220 69 4631 770 732 260 472 74 392 80 3861 3829 371
internal_count=4851 220 69 4631 770 732 260 472 74 392 80 3861 3829 371
is_linear=0
shrinkage=0.03


Tree=441
num_leaves=15
num_cat=0
split_feature=0 7 8 1 3 13 7 0 1 2 8 13 0 0
split_gain=30.0243 3.52348 2.97216 2.05284 2.14975 2.6595 2.35199 2.86278 3.52058 1.89685 4.75369 3.92561 2.1826 3.16944
threshold=1.0000000180025095e-35 6.0100000000000007 13.050000000000002 8.4094347745150468 5.0056213493881012 3.0242788409022912 6.0100000000000007 8.6786669137668664 1.0000000180025095e-35 7.8591234209378174 18.435000000000002 3.9961231750572668 14.300262989435145 15.703486992599593
decision_type=2 2 10 2 2 8 2 2 2 2 10 10 2 2
left_child=1 -1 -3 4 6 -6 7 8 -2 10 12 -12 -5 -14
right_child=3 2 -4 9 5 -7 -8 -9 -10 -11 11 -13 13 -15
leaf_value=0 -7.2809291099404814e-19 0 -9.5372095652525493e-22 3.9928084909086883e-17 1.2570278017203451e-12 -1.7376111542361827e-13 2.8799870512944284e-16 2.5098750580245798e-17 1.3202377191996604e-19 1.43061909870621e-13 -6.1647378277247142e-15 7.2108394515203953e-14 -1.1455417607154567e-11 2.0344464318568093e-09
leaf_weight=140 54 26 39 611 21 34 113 146 88 3102 365 58 57 24
leaf_count=140 54 26 39 611 21 34 113 146 88 3102 365 58 57 24
internal_value=-0.000368928 -0.0115777 -0.00568182 0.00012516 0.00203501 -0.00348214 0.00279851 0.00134948 -0.00167832 -8.17923e-05 -0.00114247 -0.00364387 0.00038961 -0.00420732
internal_weight=4878 205 65 4673 456 55 401 288 142 4217 1115 423 692 81
internal_count=4878 205 65 4673 456 55 401 288 142 4217 1115 423 692 81
is_linear=0
shrinkage=0.03


Tree=442
num_leaves=15
num_cat=0
split_feature=0 7 1 8 1 0 7 2 2 8 8 1 3 0
split_gain=31.5185 3.7775 3.70699 2.90731 2.0878 4.60056 2.9851 2.47736 1.05384 3.99582 2.15173 2.04397 2.45141 1.83153
threshold=1.0000000180025095e-35 6.0100000000000007 8.5005025375583916 13.050000000000002 1.0000000180025095e-35 10.998024839614294 5.0500000000000007 4.7854040570768062 8.1002298311602683 18.050000000000004 42.550000000000004 11.309814393395532 7.959100860201425 12.341124083389611
decision_type=2 2 2 10 2 2 2 2 2 10 10 2 2 2
left_child=1 -1 4 -3 5 6 -2 -6 9 -4 13 12 -10 -11
right_child=2 3 8 -5 7 -7 -8 -9 11 10 -12 -13 -14 -15
leaf_value=0 -7.5388174124308759e-19 0 1.6347594786200851e-17 -9.3264427722273669e-22 2.2539412393898692e-17 2.5560860909441251e-16 9.6988899036505665e-17 8.8573092139515477e-17 1.9399991488557014e-13 -6.782632170152243e-15 2.7785917992412402e-15 -9.4411823568063128e-12 -7.896920857126797e-12 -2.3408480893968659e-15
leaf_weight=149 59 26 714 42 220 45 44 107 385 242 55 2293 264 176
leaf_count=149 59 26 714 42 220 45 44 107 385 242 55 2293 264 176
internal_value=-0.000482165 -0.0116284 4.56026e-05 -0.00565217 0.00255252 -0.000402685 -0.00389423 0.0038872 -0.000243341 -0.000997475 -0.00313291 6.11621e-05 0.00154615 -0.00386635
internal_weight=4821 217 4604 68 475 148 103 327 4129 1187 473 2942 649 418
internal_count=4821 217 4604 68 475 148 103 327 4129 1187 473 2942 649 418
is_linear=0
shrinkage=0.03


Tree=443
num_leaves=15
num_cat=0
split_feature=0 7 13 1 13 10 10 13 7 13 1 13 13 1
split_gain=34.0854 2.37515 1.66984 1.95612 2.03705 1.46724 1.8835 3.09535 2.12435 1.66867 1.47236 1.78528 1.33598 1.61715
threshold=1.0000000180025095e-35 6.0100000000000007 3.778065330117284 15.740864622504043 4.0324179804245857 0.85933278406926539 0.45981126417599533 4.0694279404923597 4.6500000000000012 4.4885288877379583 9.9361838527604309 3.793269586835287 4.4511251927621567 11.335895878800285
decision_type=2 2 8 2 10 2 2 8 2 8 2 10 10 2
left_child=1 -1 -2 5 -5 6 8 -8 -4 -7 -10 -12 13 -9
right_child=2 -3 3 4 -6 9 7 12 10 -11 11 -13 -14 -15
leaf_value=0 -4.1410726312533e-19 0 -9.4009435888909504e-19 2.3543030187523625e-05 -0.0014328399280423678 7.8865779851704145e-14 4.4699760829305086e-12 -1.3040162111766403e-14 3.2219737535251459e-16 1.3412005077087114e-16 6.4956359684566941e-08 7.0602244376739455e-14 7.9423007456103547e-18 -5.1532435525251904e-08
leaf_weight=149 3631 65 32 29 39 104 37 31 108 52 75 334 27 33
leaf_count=149 3631 65 32 29 39 104 37 31 108 52 75 334 27 33
internal_value=-0.000328629 -0.012 0.000225017 0.00138027 -0.00347826 0.00178058 0.00117257 -0.00209302 0.00193636 0.0043949 0.00240347 0.00157317 -0.00505435 -0.00738462
internal_weight=4746 214 4532 901 68 833 677 128 549 156 517 409 91 64
internal_count=4746 214 4532 901 68 833 677 128 549 156 517 409 91 64
is_linear=0
shrinkage=0.03


Tree=444
num_leaves=15
num_cat=0
split_feature=0 7 8 0 1 7 13 13 8 1 1 1 13 0
split_gain=30.2413 3.58519 3.23095 1.60868 3.53656 2.44862 2.21541 1.69618 1.35295 1.53687 1.48981 1.47506 2.00137 1.11914
threshold=1.0000000180025095e-35 6.0100000000000007 11.65 8.0962071111815188 8.0244530318477612 4.6500000000000012 3.4851930043529169 3.2018703124542616 6.0500000000000007 12.200419114747076 11.670527323421608 12.485971485529776 3.0896727230892331 11.595562402157659
decision_type=2 2 10 2 2 2 10 10 10 2 2 2 8 2
left_child=1 -1 -3 5 7 -2 -7 -5 9 10 -6 -11 -13 -9
right_child=3 2 -4 4 8 6 -8 13 -10 11 -12 12 -14 -15
leaf_value=0 -5.8620885487146926e-19 0 0 2.3988403424364231e-17 -3.3873759073253939e-16 -2.280817134409028e-18 1.1399214742000873e-16 -2.1934950864520667e-18 -4.9418104643209202e-18 1.0089633789939724e-12 -4.2819412025110837e-14 1.5788459670956096e-05 -2.9591803981892738e-10 2.9827378579045482e-16
leaf_weight=143 33 23 39 126 104 87 61 80 3873 30 45 51 82 37
leaf_count=143 33 23 39 126 104 87 61 80 3873 30 45 51 82 37
internal_value=-0.000623053 -0.0118689 -0.00571429 -0.00012039 -6.77354e-06 -0.00288462 -0.00120805 0.0035041 -0.000211419 -0.00210863 -0.0043 -9.14634e-05 -0.00145522 0.000889831
internal_weight=4814 205 62 4609 4428 181 148 243 4185 312 149 163 133 117
internal_count=4814 205 62 4609 4428 181 148 243 4185 312 149 163 133 117
is_linear=0
shrinkage=0.03


Tree=445
num_leaves=15
num_cat=0
split_feature=0 7 8 0 7 1 10 7 13 2 8 13 10 0
split_gain=30.8522 3.64561 3.44401 2.13089 3.07434 2.22181 1.80814 1.81441 1.52381 1.34563 4.04507 3.52695 1.78966 1.5199
threshold=1.0000000180025095e-35 6.0100000000000007 11.65 8.0962071111815188 6.0100000000000007 8.8006787668208677 -0.0043632677491870896 4.6500000000000012 3.6492108688874278 7.8591234209378174 9.0500000000000025 4.4511251927621567 0.81284475016066604 14.342662470012868
decision_type=2 2 10 2 2 2 2 2 10 2 10 10 2 2
left_child=1 -1 -3 4 6 -5 7 -2 -4 10 13 12 -12 -7
right_child=3 2 8 5 -6 9 -8 -9 -10 -11 11 -13 -14 -15
leaf_value=0 -5.5284297635241232e-19 0 5.7595391305620194e-23 2.5580127031480436e-17 1.1653090386228203e-16 7.3510396619460543e-16 -1.5033411633243887e-17 1.5289300575182755e-19 -9.1632884103424951e-22 1.5350848394141332e-13 -3.282252226002151e-16 2.0577905682666458e-12 -1.272006410038792e-14 -1.0844953766852487e-11
leaf_weight=150 21 23 20 377 62 184 64 39 20 3001 613 38 159 25
leaf_count=150 21 23 20 377 62 184 64 39 20 3001 613 38 159 25
internal_value=-0.00043152 -0.0115654 -0.00539062 8.83508e-05 -0.00304813 0.000221692 -0.00576 -0.00196721 0 1.49217e-05 -0.000926471 -0.00188656 -0.00232859 0.00278571
internal_weight=4796 213 63 4583 186 4397 124 60 40 4020 1019 810 772 209
internal_count=4796 213 63 4583 186 4397 124 60 40 4020 1019 810 772 209
is_linear=0
shrinkage=0.03


Tree=446
num_leaves=15
num_cat=0
split_feature=0 7 8 13 0 7 1 10 13 0 10 8 0 8
split_gain=34.5454 3.15885 2.1796 2.40884 1.16109 3.43545 3.37312 1.2522 1.05069 1.20901 0.715556 1.40134 1.25602 1.25606
threshold=1.0000000180025095e-35 6.0100000000000007 13.050000000000002 3.9595919670713626 7.6899430197947307 4.6500000000000012 8.5005025375583916 0.70400802274319874 3.5611451313066023 6.116278168054575 0.0021816546423733224 8.2500000000000018 15.828005564936268 5.7500000000000009
decision_type=2 2 10 10 2 2 2 2 10 2 2 10 2 10
left_child=1 -1 -3 -4 5 -2 -6 8 9 -7 11 12 -8 -14
right_child=4 2 3 -5 6 7 10 -9 -10 -11 -12 -13 13 -15
leaf_value=0 -5.6934484624638543e-19 0 5.5867529566451596e-23 -8.8883897580322191e-22 2.3153918024484676e-17 1.6400950882564202e-19 -2.0445496108541846e-14 -2.6439431244434727e-19 1.8215212297940512e-16 -1.008166945500696e-17 1.9812622340826392e-16 -4.3368674795177985e-16 0.018727431133224948 -0.00092631038187294013
leaf_weight=154 33 26 21 22 329 20 227 36 38 28 1865 1928 25 21
leaf_count=154 33 26 21 22 329 20 227 36 38 28 1865 1928 25 21
internal_value=-0.000618978 -0.0121205 -0.00664286 -0.00238636 -5.27357e-05 -0.00259615 3.75341e-05 -0.000243902 0.00172414 -0.00122449 -0.000199164 -0.000565395 -0.00257299 0.00191489
internal_weight=4773 223 69 43 4550 155 4395 122 86 48 4066 2201 273 46
internal_count=4773 223 69 43 4550 155 4395 122 86 48 4066 2201 273 46
is_linear=0
shrinkage=0.03


Tree=447
num_leaves=15
num_cat=0
split_feature=0 7 0 1 13 13 13 10 1 4 13 7 10 10
split_gain=30.5969 2.25651 1.23888 1.23415 1.20361 1.10097 0.890222 1.55983 1.58425 1.70823 1.20027 2.02493 1.72346 1.1618
threshold=1.0000000180025095e-35 6.0100000000000007 16.594336225408153 13.95783412090951 2.8044139832120263 2.3058053764230695 2.1981931452195216 0.22707572263313938 15.151817072110754 4.5875120134243081 2.5552851087704824 6.3500000000000005 -0.61907037610925431 0.96535657505894068
decision_type=2 2 2 2 8 10 10 2 2 2 10 2 2 2
left_child=1 -1 6 -4 5 -5 7 8 9 -2 11 12 -8 -9
right_child=2 -3 3 4 -6 -7 10 13 -10 -11 -12 -13 -14 -15
leaf_value=0 -1.3317746660624279e-10 0 1.0982034354471169e-07 -0.0039104726529115997 -0.0004479380823621214 0.043440904565819262 1.9609152350536434e-16 2.8278740785662469e-15 6.2468823466813114e-06 4.7058774196955117e-08 9.4932665948633168e-19 5.8732762646612215e-07 -9.7896472200410091e-19 -1.0146772865430364e-10
leaf_weight=139 73 60 20 20 97 22 73 67 25 31 3903 35 196 23
leaf_count=139 73 60 20 20 97 22 73 67 25 31 3903 35 196 23
internal_value=-0.000438871 -0.011925 6.21457e-05 -0.00253125 -0.00353571 0.000697674 0.000155862 -0.00170455 -0.00380769 -0.00542857 0.000253089 0.00206557 0.00116667 0.00131868
internal_weight=4784 199 4585 159 139 42 4426 219 129 104 4207 304 269 90
internal_count=4784 199 4585 159 139 42 4426 219 129 104 4207 304 269 90
is_linear=0
shrinkage=0.03


Tree=448
num_leaves=15
num_cat=0
split_feature=1 7 2 7 13 2 13 1 7 9 3 3 4 9
split_gain=19.9327 5.96746 1.03089 1.2645 1.25433 0.957862 1.09657 1.05439 1.20749 0.865734 1.45251 2.23962 1.00623 0.97825
threshold=1.0000000180025095e-35 4.7500000000000009 13.628531947798166 7.4500000000000011 2.605317244453309 13.286088946656212 4.5690183866124068 13.925870914538871 6.0100000000000007 -0.67719547657430079 12.535955299665927 11.909103993433492 9.208863703571657 -0.57713969603099302
decision_type=2 2 2 2 8 2 10 2 2 2 2 2 2 2
left_child=1 -1 5 4 -4 6 9 8 -8 -2 11 13 -13 -11
right_child=2 -3 3 -5 -6 -7 7 -9 -10 10 -12 12 -14 -15
leaf_value=0 3.00847996314517e-16 0 0.05199250296586462 0.014069158029228918 -0.00071418647988264177 2.4959764982795418e-05 -6.782841156594438e-11 1.6816426406350255e-05 3.138343015495846e-10 -1.2263531489902885e-15 -0.00086913513371550692 1.2209330264688244e-05 0.00099065591995278258 -3.8221545671098165e-18
leaf_weight=122 1185 218 26 32 172 74 24 25 26 39 27 26 30 2800
leaf_count=122 1185 218 26 32 172 74 24 25 26 39 27 26 30 2800
internal_value=-0.000397763 -0.00739003 0.00013372 -0.00181818 -0.00271357 0.000239605 0.000179297 0.00375 0.00117647 0.000113194 -0.000164215 -9.84116e-05 0.00578947 -0.000216549
internal_weight=4826 340 4486 230 198 4256 4182 75 50 4107 2922 2895 56 2839
internal_count=4826 340 4486 230 198 4256 4182 75 50 4107 2922 2895 56 2839
is_linear=0
shrinkage=0.03


Tree=449
num_leaves=15
num_cat=0
split_feature=1 7 8 8 8 13 13 13 8 13 4 8 7 6
split_gain=19.3523 6.77874 1.77635 1.37293 2.63026 1.23517 1.49722 1.23161 0.890981 0.878482 0.781083 2.49565 1.95107 1.70058
threshold=1.0000000180025095e-35 4.7500000000000009 25.750000000000004 12.850000000000003 28.050000000000004 3.1927505266040517 2.986745380585536 3.3076009299343716 97.40000000000002 1.9569847259068189 10.240479313482291 28.950000000000003 6.4500000000000011 1.3195286648076296
decision_type=2 2 10 10 10 10 8 10 8 8 2 10 2 2
left_child=1 2 -1 7 -5 6 -6 -3 9 -2 -11 12 -12 -14
right_child=8 3 -4 4 5 -7 -8 -9 -10 10 11 -13 13 -15
leaf_value=-7.3868603399826264e-20 -1.6865577525275658e-10 0 0 9.2709976658890395e-17 0 -8.6217380652912546e-22 5.7832382862439436e-20 -5.45429649139224e-19 4.2319544087663458e-09 2.1279154593700964e-17 -0.0032264806723740704 -0.0038574796986755163 0.020223320839649971 -0.014637144600399582
leaf_weight=20 35 28 106 37 35 68 25 29 21 4198 72 62 59 31
leaf_count=20 35 28 106 37 35 68 25 29 21 4198 72 62 59 31
internal_value=-0.000416408 -0.00722063 -0.0127559 -0.00403587 -0.00262048 -0.00465116 -0.00147541 -0.00801724 0.000113865 8.41184e-05 0.000122089 -0.0016 0.000368098 0.0032967
internal_weight=4826 348 126 222 165 128 60 57 4478 4457 4422 224 162 90
internal_count=4826 348 126 222 165 128 60 57 4478 4457 4422 224 162 90
is_linear=0
shrinkage=0.03


Tree=450
num_leaves=15
num_cat=0
split_feature=1 7 12 9 8 7 1 11 1 9 3 7 1 8
split_gain=18.6028 7.15213 2.9917 1.61199 1.55073 1.29725 2.16836 3.82397 3.62726 1.84763 3.19406 1.60105 1.43261 1.28382
threshold=1.0000000180025095e-35 4.7500000000000009 inf 0.86273233282296069 25.450000000000003 4.9500000000000011 7.4522569137628674 1.0000000180025095e-35 10.265383349162372 0.96868927504243119 5.6356816640660012 4.6500000000000012 12.9494604994846 5.9855000000000009
decision_type=2 2 8 2 10 2 2 2 2 2 2 2 2 10
left_child=1 4 3 -3 -1 6 7 11 -8 -7 -11 -2 -12 -10
right_child=5 2 -4 -5 -6 9 8 -9 13 10 12 -13 -14 -15
leaf_value=-1.8897531821583811e-19 -6.3106945815084431e-18 -8.4262950950269227e-22 0 7.0888641331650668e-17 0 -1.5362723915790812e-15 6.068505650720028e-17 1.9097088872492151e-17 3.7784720585358131e-15 1.5306967407464469e-13 -3.1397889308960275e-11 -4.8353917869116202e-18 6.2198597415626204e-06 -8.0449653857743368e-17
leaf_weight=23 32 144 34 32 104 3852 124 25 77 54 51 22 47 212
leaf_count=23 32 144 34 32 104 3852 124 25 77 54 51 22 47 212
internal_value=-0.000623707 -0.00741124 -0.00398104 -0.00237288 -0.0130078 -0.000113409 0.00133874 -0.0031875 0.00221014 -0.000292135 0.00294118 -0.00763636 -0.00030303 0.000362069
internal_weight=4833 337 210 176 127 4496 492 79 413 4004 152 54 98 289
internal_count=4833 337 210 176 127 4496 492 79 413 4004 152 54 98 289
is_linear=0
shrinkage=0.03


Tree=451
num_leaves=15
num_cat=0
split_feature=0 7 13 6 5 9 4 13 0 1 0 4 9 7
split_gain=27.1237 3.09925 6.57778 1.25383 1.54623 1.04046 1.77564 1.27031 1.7022 1.5855 1.02053 1.46951 1.01498 1.46145
threshold=1.0000000180025095e-35 4.7500000000000009 3.4675455655798575 8.225695476803752 9.0349824546004545 -0.69773067844015058 10.240479313482291 3.778065330117284 16.272254538843814 7.894224736846609 15.86072590304116 1.6570930023362631 -0.42261423871944315 4.8500000000000005
decision_type=2 2 8 2 2 2 2 8 2 2 2 2 2 2
left_child=1 -1 -3 4 5 6 7 8 -2 -9 11 -11 13 -7
right_child=3 2 -4 -5 -6 12 -8 9 -10 10 -12 -13 -14 -15
leaf_value=0 1.4698663648955801e-16 2.5278885285080768e-23 -1.5412417819751766e-21 0.038834073355118792 -0.014635314481441555 6.0269209163364e-17 -0.0024153831450171954 -7.2978115143020197e-17 -0.00011156369729970194 2.2633617140580018e-13 3.1658127546251231e-05 -6.0816275376434715e-08 -9.0900895447497339e-20 -1.7488586171046535e-14
leaf_weight=102 971 33 85 23 52 38 50 27 29 138 34 36 2846 347
leaf_count=102 971 33 85 23 52 38 50 27 29 138 34 36 2846 347
internal_value=-0.000458229 -0.010724 -0.00731092 3.59321e-05 0 5.97742e-05 0.000781493 0.00100728 0.000539461 0.00298729 0.0038756 0.00291429 -0.000227413 -0.00167098
internal_weight=4811 220 118 4591 4568 4516 1285 1235 1000 235 208 174 3231 385
internal_count=4811 220 118 4591 4568 4516 1285 1235 1000 235 208 174 3231 385
is_linear=0
shrinkage=0.03


Tree=452
num_leaves=15
num_cat=0
split_feature=0 7 13 0 7 7 1 13 10 2 2 6 12 13
split_gain=14.6113 8.92394 5.96573 1.72132 2.81652 1.51452 2.01067 1.57919 1.34445 1.02925 1.3146 1.37947 1.26202 2.1115
threshold=1.0000000180025095e-35 4.7500000000000009 3.5269516858868246 8.5188385911038917 5.0500000000000007 6.9500000000000011 8.3167890972109024 4.1421983829255451 -0.26302871059038868 13.562794308820665 12.747063926192498 3.151309487872453 2.5000000000000004 3.2443328757489485
decision_type=2 2 10 2 2 2 2 10 2 2 2 2 10 8
left_child=1 -1 -3 4 -2 6 7 8 -6 10 11 -5 13 -11
right_child=3 2 -4 9 5 -7 -8 -9 -10 12 -12 -13 -14 -15
leaf_value=0 -2.0121057827423673e-18 3.4514955223307517e-23 -6.4778814262820676e-21 1.2496741194883151e-17 6.5231655749350309e-16 -1.2686137408663413e-10 -3.6911988733380033e-15 -8.158473047597955e-17 2.9111847091331877e-16 -0.00070462933509011984 1.0855266771312071e-05 -0.001333877245400922 -0.0016132638026326478 0.031397168917143996
leaf_weight=96 101 62 50 3836 22 25 46 21 28 119 211 41 61 34
leaf_count=96 101 62 50 3836 22 25 46 21 28 119 211 41 61 34
internal_value=-0.000425957 -0.00818182 -0.00238938 -6.92917e-05 -0.00252049 0.00020979 0.00165254 0.00479167 0.00764706 6.97188e-05 0.000176082 5.02837e-05 -0.00195349 -0.000487013
internal_weight=4753 208 112 4545 243 142 117 71 50 4302 4088 3877 214 153
internal_count=4753 208 112 4545 243 142 117 71 50 4302 4088 3877 214 153
is_linear=0
shrinkage=0.03


Tree=453
num_leaves=15
num_cat=0
split_feature=0 7 13 8 7 8 0 7 13 13 10 13 3 0
split_gain=13.5715 9.19136 6.13319 3.45489 1.97999 1.098 1.56016 3.88334 1.85303 1.60163 1.3855 1.90749 1.80556 1.71846
threshold=1.0000000180025095e-35 4.7500000000000009 3.5462230556584866 14.750000000000002 5.1500000000000012 39.050000000000004 8.990348060858663 5.0500000000000007 2.9725818666643575 3.4315621146951796 -0.26302871059038868 2.7359568867917545 7.124880434095842 10.174329396249629
decision_type=2 2 10 10 2 10 2 2 8 10 2 10 2 2
left_child=1 -1 3 -3 -5 6 7 9 -9 -2 11 -7 13 -13
right_child=5 2 -4 4 -6 10 -8 8 -10 -11 -12 12 -14 -15
leaf_value=0 -3.6507172088333705e-18 4.5201804802556067e-23 -1.6745294973114363e-19 2.3485070069829118e-23 -2.7811999064582296e-18 -5.1366376452398384e-11 1.1219317339660935e-17 3.4633635212613883e-15 -2.1616985871429418e-17 -8.270448954280316e-19 -2.9403447651977228e-15 9.599124583341538e-17 1.8530265550902916e-12 -5.9852222836018891e-12
leaf_weight=96 90 25 48 21 22 54 3715 32 126 41 347 22 84 71
leaf_count=96 90 25 48 21 22 54 3715 32 126 41 347 22 84 71
internal_value=-0.000625652 -0.00802817 -0.00230769 0.00347826 -0.00170455 -0.000281475 -0.000104869 -0.00222414 0.000943396 -0.00602273 -0.00150259 -0.00329741 -0.00176966 -0.00462766
internal_weight=4794 212 116 68 43 4582 4004 289 158 131 578 231 177 93
internal_count=4794 212 116 68 43 4582 4004 289 158 131 578 231 177 93
is_linear=0
shrinkage=0.03


Tree=454
num_leaves=15
num_cat=0
split_feature=0 13 8 12 1 8 0 0 13 13 8 10 8 13
split_gain=6.09195 10.9483 2.44666 5.39684 1.68556 2.19266 1.99629 1.8335 2.02851 1.6935 1.5674 3.00183 2.04626 2.71924
threshold=1.0000000180025095e-35 3.9699398397909711 97.40000000000002 inf 11.335895878800285 37.350000000000001 11.502541571433946 11.958858904963675 2.6281017623977387 2.4410353796716282 28.405000000000005 -0.0043632677491870896 17.250000000000004 2.9936707776736005
decision_type=2 8 10 8 2 10 2 2 10 10 10 2 10 8
left_child=1 -1 3 -3 5 6 9 8 -8 -2 12 -12 -9 -14
right_child=4 2 -4 -5 -6 -7 7 10 -10 -11 11 -13 13 -15
leaf_value=0 3.6638204905348369e-16 -1.5063970374486778e-18 4.5532345808532372e-21 4.3845750658479387e-23 -1.6826167683204459e-14 9.1260145106943399e-14 -2.5460117291170463e-14 3.3418128002004466e-16 9.4082407532843852e-16 -3.7150548743235177e-18 -2.1142129845597454e-14 2.6205457351696063e-13 -1.03633431543356e-11 6.7510567083343315e-16
leaf_weight=144 64 22 20 33 2729 265 22 215 137 950 33 42 57 77
leaf_count=144 64 22 20 33 2729 265 22 215 137 950 33 42 57 77
internal_value=-0.000236957 -0.00511364 0.00414474 0.000803571 -3.26655e-06 0.000692432 0.000272215 0.00166952 0.00440625 -0.00053202 0.000635294 0.00453947 -0.000214286 -0.00311111
internal_weight=4810 219 75 55 4591 1862 1597 583 159 1014 424 75 349 134
internal_count=4810 219 75 55 4591 1862 1597 583 159 1014 424 75 349 134
is_linear=0
shrinkage=0.03


Tree=455
num_leaves=15
num_cat=0
split_feature=7 0 12 1 11 1 1 9 1 12 8 7 13 0
split_gain=6.17272 13.3448 4.07757 1.94221 2.48457 1.83775 1.83682 2.31639 2.60733 1.81878 1.72486 1.37806 1.60632 1.63091
threshold=4.7500000000000009 1.0000000180025095e-35 inf 8.0244530318477612 1.0000000180025095e-35 3.1978394366572469 11.216165577814058 -0.71017861517036496 12.200419114747076 2.5000000000000004 11.035000000000002 4.9500000000000011 2.7359568867917545 14.113888659431884
decision_type=2 2 8 2 2 2 2 2 2 10 10 2 8 2
left_child=1 -1 11 4 5 -3 9 -8 -9 -5 -4 12 -2 -14
right_child=2 3 10 6 -6 -7 7 8 -10 -11 -12 -13 13 -15
leaf_value=0 1.8267242386036448e-16 -2.5060321382895482e-18 4.2530378138725005e-23 8.8836381115021194e-17 1.0064139405503231e-17 -9.1723204882795685e-18 9.5658702387352719e-13 -1.9720072390102689e-14 4.4724771265401875e-13 -3.1648160837226773e-17 4.08025163995564e-23 -3.6593194028931786e-19 -1.7121909679054489e-21 7.5499124141062118e-06
leaf_weight=93 58 24 28 81 33 40 30 57 67 22 21 4088 149 23
leaf_count=93 58 24 28 81 33 40 30 57 67 22 21 4088 149 23
internal_value=-0.000161994 -0.00351562 0.000182005 -0.00084507 -0.00443878 -0.00784615 0.000523256 -0.00154839 -0.00336 0.00360577 0.0087 8.33526e-05 0.00233766 0.000867052
internal_weight=4814 447 4367 354 97 64 257 154 124 103 49 4318 230 172
internal_count=4814 447 4367 354 97 64 257 154 124 103 49 4318 230 172
is_linear=0
shrinkage=0.03


Tree=456
num_leaves=15
num_cat=0
split_feature=7 0 8 0 8 13 2 3 2 2 2 0 13 2
split_gain=9.03671 12.0863 2.54272 1.40556 2.23909 3.91282 2.9202 2.17565 2.15729 2.24968 2.09964 2.14634 1.96255 1.8662
threshold=4.7500000000000009 1.0000000180025095e-35 110.12000000000002 14.093193610243846 26.950000000000003 2.8147950402180517 4.7854040570768062 8.3133005526057371 10.384261102302654 11.128199519897853 5.4722684669015473 4.024354204069887 3.778065330117284 3.7256208424938388
decision_type=2 2 8 2 10 10 2 2 2 2 2 2 10 2
left_child=1 -1 3 4 5 6 -2 -8 -5 -10 11 -7 -12 -13
right_child=2 -3 -4 8 -6 10 7 -9 9 -11 12 13 -14 -15
leaf_value=0 1.044659880855337e-16 -3.853138095935916e-18 1.5313692493909227e-20 -1.1641571687384745e-11 -5.4801499352929663e-18 -2.627558510860988e-18 4.9978280411576224e-14 3.7639407919932617e-06 3.1794351724912551e-08 -6.8999565694273023e-08 5.8740702645003509e-14 1.0101974561103476e-17 1.6550482700244613e-12 -3.8812359722310594e-15
leaf_weight=93 134 354 41 476 1283 22 219 74 158 860 632 278 144 64
leaf_count=93 134 354 41 476 1283 22 219 74 158 860 632 278 144 64
internal_value=-0.000260708 -0.0043192 0.000153899 8.28539e-05 0.000473518 0.00123406 0.00367991 0.0019898 -0.000662207 0.000117763 0.000315513 -0.00156164 0.00119691 -0.000962099
internal_weight=4832 447 4385 4344 2850 1567 427 293 1494 1018 1140 364 776 342
internal_count=4832 447 4385 4344 2850 1567 427 293 1494 1018 1140 364 776 342
is_linear=0
shrinkage=0.03


Tree=457
num_leaves=15
num_cat=0
split_feature=0 8 13 9 1 1 13 13 1 12 0 0 10 12
split_gain=10.9115 13.1045 2.18884 1.1246 0.906327 1.27657 1.48187 2.02164 2.44669 1.39762 1.8822 1.44032 1.14463 1.53919
threshold=1.0000000180025095e-35 97.40000000000002 2.8829708652684523 0.49621178005173361 14.215104513792967 15.40139760505472 4.0324179804245857 2.9040801778212955 16.327516338170973 1.5000000000000002 16.594336225408153 14.665849790164041 -0.99724069199647591 1.0000000180025095e-35
decision_type=2 10 10 2 2 2 10 8 2 10 2 2 2 10
left_child=1 2 -1 -4 12 9 7 8 -7 -6 11 -11 13 -2
right_child=4 -3 3 -5 5 6 -8 -9 -10 10 -12 -13 -14 -15
leaf_value=0 -5.0608359837974818e-11 1.4839064772970914e-20 0 0 1.8506210661529937e-06 -0.0037215516136288127 -0.00049897281371889227 3.0831571277792761e-05 0.018418534745151462 8.2461613767941672e-05 6.251318836868819e-05 2.1941872631089618e-08 -3.7375439530578393e-18 -2.078054382992414e-15
leaf_weight=88 39 31 62 34 345 38 56 96 24 23 22 146 3679 123
leaf_count=88 39 31 62 34 345 38 56 96 24 23 22 146 3679 123
internal_value=-0.000424381 -0.00701389 -0.0100541 -0.00680412 -0.000114329 0.000838881 -0.00111628 0.000377358 -0.00380952 0.00162011 0.00367187 0.00255882 -0.000300625 -0.00276074
internal_weight=4806 215 184 96 4591 750 214 158 62 536 191 169 3841 162
internal_count=4806 215 184 96 4591 750 214 158 62 536 191 169 3841 162
is_linear=0
shrinkage=0.03


Tree=458
num_leaves=15
num_cat=0
split_feature=0 8 7 13 2 13 10 10 0 13 7 1 1 8
split_gain=12.0747 12.0473 2.08111 5.54083 1.33519 3.57671 3.65594 3.26892 1.78195 2.32416 2.96971 1.7266 1.37308 3.21091
threshold=1.0000000180025095e-35 97.40000000000002 4.7500000000000009 3.4675455655798575 3.7256208424938388 3.1344716602725367 -0.70864607840491656 0.96535657505894068 14.300262989435145 2.4670511503686972 5.0500000000000007 11.287767319888422 12.317494376681179 7.9500000000000011
decision_type=2 10 2 8 2 10 2 2 2 10 2 2 2 10
left_child=1 2 -1 -4 5 6 -2 8 9 -8 -11 -12 -7 -14
right_child=4 -3 3 -5 -6 12 7 -9 -10 10 11 -13 13 -15
leaf_value=0 5.4287780873274205e-16 1.4475483480664302e-20 1.6447864430579388e-19 -3.1339383880992163e-18 -1.0859186638838911e-14 -5.3888717843528427e-18 7.4128063545915311e-16 3.403225652976459e-16 -1.2216693177161685e-11 -4.2497245399951032e-18 2.9008089595809298e-16 -1.924038128528884e-15 8.9650338015218734e-12 -3.4391115226256333e-14
leaf_weight=90 93 24 31 59 3722 422 43 42 22 110 76 20 20 46
leaf_count=90 93 24 31 59 3722 422 43 42 22 110 76 20 20 46
internal_value=-0.000485376 -0.00760976 -0.0102762 -0.00692308 -0.000168941 0.000871508 0.0029484 0.00138535 0.000165441 0.0009 -0.000434783 0.00340206 -0.000858896 0.00313433
internal_weight=4820 204 180 90 4616 894 406 313 271 249 206 96 488 66
internal_count=4820 204 180 90 4616 894 406 313 271 249 206 96 488 66
is_linear=0
shrinkage=0.03


Tree=459
num_leaves=15
num_cat=0
split_feature=0 8 7 7 2 2 9 0 9 0 10 9 7 8
split_gain=14.754 10.3697 2.17442 4.34334 2.22578 1.07306 2.77233 2.49284 2.24175 1.99887 1.8035 1.9355 1.78563 1.74573
threshold=1.0000000180025095e-35 97.40000000000002 4.7500000000000009 4.8500000000000005 2.6910994252643698 4.7854040570768062 -0.86493045449441686 8.6786669137668664 -0.86711210913679049 10.064276837124723 0.85933278406926539 0.46362860064852174 4.8500000000000005 5.7500000000000009
decision_type=2 10 2 2 2 2 2 2 2 2 2 2 2 10
left_child=1 2 -1 -4 -5 6 7 -2 12 -7 -8 -12 -9 -11
right_child=5 -3 3 4 -6 9 10 8 -10 13 11 -13 -14 -15
leaf_value=0 -1.6050175313378621e-17 1.3959628325361858e-20 1.5954428497662006e-19 -3.0399202364562397e-18 -7.3215427524005674e-15 -1.0430799413123543e-14 8.7927751647103721e-17 -1.6946453052288836e-17 -1.9586316442242387e-15 -4.5112440498697879e-11 5.1342043733316246e-18 -1.3251139013028711e-15 5.0580763816494048e-16 8.6395496811437747e-15
leaf_weight=97 32 25 21 54 21 313 551 33 43 200 134 38 66 3168
leaf_count=97 32 25 21 54 21 313 551 33 43 200 134 38 66 3168
internal_value=-0.000475297 -0.00808219 -0.0104381 -0.0071134 -0.0104605 -0.000111378 0.000818486 -0.00257143 -0.000839161 -0.000338131 0.00163674 -0.00104046 0.00165 -0.000124666
internal_weight=4796 218 193 96 75 4578 897 174 142 3681 723 172 99 3368
internal_count=4796 218 193 96 75 4578 897 174 142 3681 723 172 99 3368
is_linear=0
shrinkage=0.03


Tree=460
num_leaves=15
num_cat=0
split_feature=0 8 7 8 12 9 13 2 2 0 9 0 7 8
split_gain=12.6733 10.3614 3.2795 4.36963 1.14676 1.05121 0.958736 2.29533 2.66432 2.4441 2.19387 1.86782 2.53256 2.71905
threshold=6.116278168054575 97.40000000000002 4.7500000000000009 23.850000000000005 1.5000000000000002 0.70556075282125807 3.2100781839411621 4.4630262662962101 7.1548097161059294 11.621407602475264 0.25037047035109428 14.475703475543673 4.7500000000000009 18.050000000000004
decision_type=2 10 2 10 10 2 10 2 2 2 2 2 2 10
left_child=1 2 4 -4 -1 -5 7 11 9 -9 -11 12 -2 -14
right_child=6 -3 3 5 -6 -7 -8 8 -10 10 -12 -13 13 -15
leaf_value=0 -5.1756609026337306e-19 1.3540839475601003e-20 -2.9487226293625525e-18 1.5475795642732147e-19 0 -2.8401235177377906e-18 -1.9503963598464828e-17 -8.4115624435513415e-15 7.9111904029525967e-14 1.436499050258615e-13 -4.6242666901913414e-14 -1.0763367665089366e-11 3.6327667846879447e-16 9.3823465939063085e-17
leaf_weight=80 129 28 76 44 21 22 1741 138 2132 55 52 32 134 141
leaf_count=80 129 28 76 44 21 22 1741 138 2132 55 52 32 134 141
internal_value=-0.000382304 -0.00667279 -0.00866803 -0.00566434 -0.0127941 0 -6.58617e-06 0.000335821 -3.15391e-05 -0.0029878 0.000416667 0.0023341 0.00288889 0.00451087
internal_weight=4825 271 243 142 101 66 4554 2813 2377 245 107 436 404 275
internal_count=4825 271 243 142 101 66 4554 2813 2377 245 107 436 404 275
is_linear=0
shrinkage=0.03


Tree=461
num_leaves=15
num_cat=0
split_feature=0 13 7 13 0 7 1 13 10 9 2 13 3 7
split_gain=12.3932 5.98549 3.11357 2.53174 1.53838 2.65018 2.61227 1.89556 1.74049 1.6958 2.08078 2.21259 1.33136 1.26673
threshold=1.0000000180025095e-35 4.0694279404923597 4.7500000000000009 2.8524258917079828 8.5188385911038917 4.8500000000000005 7.7593949906636341 3.1927505266040517 0.49810825183760399 -0.85828685610178213 4.7854040570768062 3.4315621146951796 6.8640645562538785 5.0500000000000007
decision_type=2 10 2 10 2 2 2 10 2 2 2 10 2 2
left_child=1 2 -1 -4 5 8 7 13 -2 -7 11 -11 -12 -6
right_child=4 -3 3 -5 6 9 -8 -9 -10 10 12 -13 -14 -15
leaf_value=0 -6.5134178241205507e-18 1.3134614291332972e-20 -2.8602609504816763e-18 -1.2782039226047243e-19 1.2774548724376338e-17 -3.9761797934190461e-17 -9.457636767370814e-18 2.0460062917210243e-17 -3.2282233546464617e-18 -4.0283055083125124e-18 -1.0306058190318837e-14 2.4316228676847802e-16 8.9618140958967465e-10 7.7855823558210884e-16
leaf_weight=77 45 31 46 42 36 37 4172 94 23 27 50 28 20 49
leaf_count=77 45 31 46 42 36 37 4172 94 23 27 50 28 20 49
internal_value=-0.000398702 -0.0077665 -0.0100301 -0.00606742 -8.1842e-05 -0.00246753 4.4807e-05 0.00358333 -0.0073913 -0.000368098 0.00130952 0.005625 -0.00211268 0.00680233
internal_weight=4777 196 165 88 4581 230 4351 179 68 162 125 55 70 85
internal_count=4777 196 165 88 4581 230 4351 179 68 162 125 55 70 85
is_linear=0
shrinkage=0.03


Tree=462
num_leaves=15
num_cat=0
split_feature=0 7 8 0 9 0 0 2 0 0 10 2 0 10
split_gain=13.6836 9.76083 5.50348 2.9286 2.64057 3.43641 1.22372 1.85087 3.07861 4.01343 1.84447 1.62192 1.45189 1.34642
threshold=7.2199948848039277 4.7500000000000009 25.050000000000004 4.024354204069887 0.85034413025525912 5.4270898555638087 9.7387146010874108 8.4329414910271385 14.398708089663387 15.07751808884124 0.59650554732307737 8.3270007329274787 14.093193610243846 0.99938131353871806
decision_type=2 2 10 2 2 2 2 2 2 2 2 2 2 2
left_child=1 -1 3 -3 5 -4 13 8 10 -10 11 12 -8 -2
right_child=6 2 4 -5 -6 -7 7 -9 9 -11 -12 -13 -14 -15
leaf_value=0 -9.4763406834158755e-18 -2.7744531219672255e-18 1.5394982950231599e-19 6.639782571670567e-18 -3.1466360057970411e-18 -9.8146692379331004e-18 2.1162673363373977e-16 -3.3911693638437415e-13 -1.0956860062917253e-11 1.16295700864102e-09 -4.6899768227914683e-17 1.634146552129306e-12 1.0808015964922095e-12 -3.7032648153331939e-14
leaf_weight=125 390 59 67 28 21 29 788 2726 79 97 334 31 32 21
leaf_count=125 390 59 67 28 21 29 788 2726 79 97 334 31 32 21
internal_value=-0.000512635 -0.00640909 -0.00234146 -0.00801136 0.00190678 0.00402062 -8.00178e-05 7.70548e-05 0.000980176 -0.00271186 0.00153035 0.00227113 0.00200974 -0.00163835
internal_weight=4827 329 204 87 117 96 4498 4087 1361 176 1185 851 820 411
internal_count=4827 329 204 87 117 96 4498 4087 1361 176 1185 851 820 411
is_linear=0
shrinkage=0.03


Tree=463
num_leaves=15
num_cat=0
split_feature=0 8 1 13 10 7 4 9 8 7 0 9 1 7
split_gain=14.9983 11.1455 3.28897 2.41076 1.51628 1.07807 1.17659 2.3874 1.72917 1.82843 1.06091 1.60611 1.29998 2.19838
threshold=6.116278168054575 97.40000000000002 6.6842776316976682 4.0376906890827202 -0.79467767141292855 7.8500000000000005 10.573832693626892 0.60354301478968997 26.350000000000005 6.4500000000000011 8.5188385911038917 -0.86711210913679049 8.4094347745150468 4.6500000000000012
decision_type=2 10 2 10 2 2 2 2 10 2 2 2 2 2
left_child=1 2 3 4 -1 6 10 8 9 -8 11 -2 13 -13
right_child=5 -3 -4 -5 -6 -7 7 -9 -10 -11 -12 12 -14 -15
leaf_value=0 -2.3523005580187495e-17 8.1220809775235043e-21 -1.0230997777664443e-17 -1.6432808672648724e-18 0 0.023186701880235666 -0.0072252477093472239 0.012315107562825237 -0.006210297924608742 0.017088385589112253 3.5090437575054392e-17 -1.9085351476445877e-18 -2.5330092736376415e-14 1.2363010950452367e-16
leaf_weight=29 26 26 33 33 147 22 35 48 38 40 4136 31 39 86
leaf_count=29 26 26 33 33 147 22 35 48 38 40 4136 31 39 86
internal_value=-0.000367925 -0.00724907 -0.00925926 -0.0106429 -0.0120339 4.33141e-05 1.00446e-05 -0.0025 -0.00486842 -0.00217105 0.000104191 -0.00213115 -0.000955414 0.000635593
internal_weight=4769 268 242 209 176 4501 4479 161 113 75 4318 182 156 117
internal_count=4769 268 242 209 176 4501 4479 161 113 75 4318 182 156 117
is_linear=0
shrinkage=0.03


Tree=464
num_leaves=15
num_cat=0
split_feature=0 7 8 13 3 0 13 7 4 7 1 0 12 4
split_gain=10.5374 10.9019 6.33723 3.35729 1.33227 1.91995 2.26961 1.95405 1.93957 2.22575 1.91439 2.45094 4.37901 2.36156
threshold=7.2199948848039277 4.7500000000000009 97.40000000000002 2.6589040277496108 8.1324861336944583 12.668474723849867 4.0108909220604785 7.4500000000000011 7.6651671691483179 7.0500000000000007 11.335895878800285 11.727998448618296 2.5000000000000004 6.4979049341695818
decision_type=2 2 10 10 2 2 10 2 2 2 2 2 10 2
left_child=1 -1 3 -3 10 8 7 -7 -6 -10 11 -2 -13 -12
right_child=4 2 -4 -5 5 6 -8 -9 9 -11 13 12 -14 -15
leaf_value=0 1.2624463873043378e-17 -2.691219528308209e-18 7.8784185481977998e-21 -2.4522204212189614e-19 -5.9405636330461297e-11 6.1980099262826583e-10 -1.0340335074266216e-06 0.026309714563996358 9.2694390550010508e-06 -0.0028934303427731495 -1.1149657605774588e-14 2.5581265586113416e-15 -6.7720213915024973e-15 1.271969778673301e-05
leaf_weight=114 922 48 31 128 370 1047 158 41 86 23 1266 415 95 30
leaf_count=114 922 48 31 128 370 1047 158 41 86 23 1266 415 95 30
internal_value=-0.000395812 -0.00563665 -0.00151442 -0.00372881 -1.68388e-05 -0.000669177 -4.81155e-05 0.000440771 -0.00228125 0.00122727 0.000395749 0.00115143 0.002818 -0.000439476
internal_weight=4774 321 207 176 4453 1725 1246 1088 479 109 2728 1432 510 1296
internal_count=4774 321 207 176 4453 1725 1246 1088 479 109 2728 1432 510 1296
is_linear=0
shrinkage=0.03


Tree=465
num_leaves=15
num_cat=0
split_feature=0 8 7 13 7 13 7 10 0 0 2 0 8 13
split_gain=10.068 12.7219 3.91804 4.04097 1.78952 1.23368 1.10903 2.01097 3.15847 1.96622 1.82039 2.9462 2.31083 2.22277
threshold=6.116278168054575 97.40000000000002 4.7500000000000009 2.8829708652684523 4.8500000000000005 3.4851930043529169 4.6500000000000012 0.60876142900872032 10.634676319376061 10.02340161379713 4.4630262662962101 14.453577537246224 18.050000000000004 3.4255246444826999
decision_type=2 10 2 10 2 8 2 2 2 2 2 2 10 10
left_child=1 2 5 -4 -5 -1 7 8 -2 -9 11 12 13 -8
right_child=6 -3 3 4 -6 -7 10 9 -10 -11 -12 -13 -14 -15
leaf_value=0 -8.2147638112544276e-18 7.8066540771351384e-21 -2.6104829424589628e-18 1.566879958809034e-19 -1.3429187468817766e-18 0 2.770151948682648e-16 2.9655506195294154e-17 -1.1261567941534189e-17 -1.6861479610949925e-15 -5.841156543854646e-15 -1.0857083668782239e-11 1.0235068795779926e-17 8.2527233665921984e-17
leaf_weight=74 68 29 51 21 74 21 218 20 112 53 3547 66 285 118
leaf_count=74 68 29 51 21 74 21 218 20 112 53 3547 66 285 118
internal_value=-0.000362547 -0.00597786 -0.0082438 -0.00510204 -0.00140625 -0.0129687 -2.33957e-05 -0.00194882 -0.00364641 0.00222973 9.20897e-05 0.00150436 0.0021463 0.00382789
internal_weight=4757 270 241 146 95 95 4487 253 180 73 4234 687 621 336
internal_count=4757 270 241 146 95 95 4487 253 180 73 4234 687 621 336
is_linear=0
shrinkage=0.03


Tree=466
num_leaves=15
num_cat=0
split_feature=1 7 8 13 10 8 13 9 13 9 1 10 3 2
split_gain=8.49458 9.11454 3.03961 2.68648 1.8497 1.82113 1.23741 1.48922 1.21968 1.35242 1.74891 2.99188 1.83187 1.20932
threshold=4.8416074381568022 4.7500000000000009 23.850000000000005 4.0376906890827202 -0.56099891558290726 19.950000000000003 2.5129805883025811 0.68038659897100973 1.9569847259068189 0.96477813974884574 10.147050484784181 -0.24826664854171684 12.095874985623835 6.0844676303702716
decision_type=2 2 10 10 2 10 10 2 10 2 2 2 2 2
left_child=1 2 -1 5 -5 -3 -7 -8 13 -10 11 -11 -12 -2
right_child=8 3 -4 4 -6 6 7 -9 9 10 12 -13 -14 -15
leaf_value=-8.2891035542164668e-19 3.9937928171895968e-12 -2.5321684541851937e-18 0 1.186926914990449e-19 7.4038844740374126e-21 2.6476512148126187e-17 -1.2734635302775342e-18 -1.1721258917574708e-17 5.2226165560045181e-17 -2.3525676647298762e-15 -2.8041782487735368e-12 5.0259875859968981e-14 0.00078789570745866689 -1.7233050944313215e-10
leaf_weight=24 20 54 112 20 39 22 82 28 3796 36 318 63 27 158
leaf_count=24 20 54 112 20 39 22 82 28 3796 36 318 63 27 158
internal_value=-0.000459375 -0.00475131 -0.0109489 -0.00128049 0.00425 -0.00304813 -0.00112782 -0.00243243 -8.82553e-05 1.41476e-05 -0.00155056 0.00195 -0.0025578 -0.00251397
internal_weight=4799 381 136 245 59 186 132 110 4418 4240 444 99 345 178
internal_count=4799 381 136 245 59 186 132 110 4418 4240 444 99 345 178
is_linear=0
shrinkage=0.03


Tree=467
num_leaves=15
num_cat=0
split_feature=0 13 2 2 0 0 0 10 10 3 13 0 10 13
split_gain=13.5802 8.55978 2.53271 3.53739 2.4378 3.26526 3.90259 2.70558 2.04172 1.9739 1.85083 2.77136 1.62758 1.60809
threshold=1.0000000180025095e-35 3.6257579348316238 8.4329414910271385 8.2863324211060849 10.634676319376061 14.426055376461802 14.96774748610216 0.41667649009683366 -0.82531082829576841 6.071889135538691 3.2618406269131244 15.86072590304116 -0.50188698852276337 2.5748762575589188
decision_type=2 10 2 2 2 2 2 2 2 2 10 2 2 10
left_child=1 8 3 4 7 9 -7 -2 -1 13 -8 -12 -11 -6
right_child=2 -3 -4 -5 5 6 10 -9 -10 12 11 -13 -14 -15
leaf_value=0 -1.0124212165899665e-17 7.1817679398162904e-21 -2.3141869719629387e-12 2.4480437285802011e-12 -6.0917738150808016e-17 -1.050036861478097e-11 -4.5728649514559263e-11 2.0208464722787704e-17 0 4.0361426093841606e-12 1.4526039791765343e-09 -1.6257711339172913e-07 -3.9080655196541649e-12 7.0231265787956494e-16
leaf_weight=35 404 45 2773 77 115 58 41 224 124 35 30 34 79 703
leaf_count=35 404 45 2773 77 115 58 41 224 124 35 30 34 79 703
internal_value=-0.000348472 -0.00790244 -9.83822e-06 0.000866185 0.000582947 0.00143704 -0.00246951 -0.0009062 -0.0111562 0.00212219 0.000990566 0.00415385 -0.00156522 0.00263736
internal_weight=4777 204 4573 1800 1723 1095 163 628 159 932 105 64 114 818
internal_count=4777 204 4573 1800 1723 1095 163 628 159 932 105 64 114 818
is_linear=0
shrinkage=0.03


Tree=468
num_leaves=15
num_cat=0
split_feature=0 13 8 0 3 4 3 9 8 13 8 9 10 13
split_gain=12.7951 9.14453 2.7372 2.33798 5.18998 3.32788 2.23346 1.8579 3.02328 1.78953 1.60796 1.50728 1.4608 1.41089
threshold=7.2199948848039277 3.603989334832999 57.550000000000004 13.370716857339312 8.0140875231332789 7.3246544253440611 2.2242581879713579 -0.71017861517036496 30.050000000000004 3.7660248318844647 2.0500000000000003 0.96477813974884574 -0.70710678118654757 3.086473615612185
decision_type=2 10 10 2 2 2 2 2 10 8 10 2 2 8
left_child=1 6 -3 4 11 7 12 8 -6 -9 -5 13 -1 -2
right_child=3 2 -4 10 5 -7 -8 9 -10 -11 -12 -13 -14 -15
leaf_value=0 3.6259901195440555e-16 -2.1815779867985953e-19 4.4044495605455556e-20 -3.6558752883647406e-07 -3.1666198683299193e-08 4.8668707351529481e-06 -1.5218483248507504e-15 -6.6595904574893055e-11 4.341817330461436e-12 3.4087715920838833e-09 -6.4974607823356393e-12 6.3140854474514962e-14 0 1.8437020306186824e-17
leaf_weight=50 818 79 22 21 49 168 23 360 50 38 1994 233 153 774
leaf_count=50 818 79 22 21 49 168 23 360 50 38 1994 233 153 774
internal_value=-0.000453135 -0.00617378 0.00132353 -3.66178e-05 0.000578081 -0.00168919 -0.00951542 -0.00292169 0.00075 -0.00383459 -0.000796131 0.00140471 -0.0105147 0.00107345
internal_weight=4832 327 101 4505 2490 665 226 497 99 398 2015 1825 203 1592
internal_count=4832 327 101 4505 2490 665 226 497 99 398 2015 1825 203 1592
is_linear=0
shrinkage=0.03


Tree=469
num_leaves=15
num_cat=0
split_feature=7 1 13 0 13 3 1 9 0 9 0 13 13 0
split_gain=11.331 9.47503 3.84918 3.73876 3.28294 2.76126 2.41365 2.32313 2.13896 2.81671 2.12149 2.85197 2.23832 3.0254
threshold=4.7500000000000009 7.6083741973024663 1.9569847259068189 6.116278168054575 3.5992754323691272 4.1149555194928924 10.015721617372547 0.99784942434084567 1.0000000180025095e-35 0.49621178005173361 8.5188385911038917 3.4011867285199036 3.4011867285199036 14.475703475543673
decision_type=2 2 10 2 8 2 2 2 2 2 2 10 10 2
left_child=1 4 3 -2 -1 7 -5 8 9 -4 11 -10 13 -12
right_child=2 -3 5 6 -6 -7 -8 -9 10 -11 12 -13 -14 -15
leaf_value=0 -2.4562034005596381e-18 -2.5301820400220274e-17 1.6727032675603353e-19 3.8763041971079176e-12 -9.3229284279451074e-19 -1.1916135994715843e-14 -1.9347894433083234e-09 1.4693089785826112e-13 -1.0393054812072935e-17 -2.0651177343860111e-18 6.3251543534861983e-16 4.575626319958223e-17 -3.2077815112557405e-17 -1.0008460515482197e-11
leaf_weight=148 37 266 51 21 30 2652 140 48 47 22 712 69 447 101
leaf_count=148 37 266 51 21 30 2652 140 48 47 22 712 69 447 101
internal_value=-0.000159641 -0.0047191 0.000307038 -0.00376884 -0.0100559 0.00050241 -0.00175926 0.00153204 0.00131379 0.00628378 0.00104575 -0.00282051 0.00140365 0.00234029
internal_weight=4791 444 4347 198 178 4149 161 1497 1449 73 1376 116 1260 813
internal_count=4791 444 4347 198 178 4149 161 1497 1449 73 1376 116 1260 813
is_linear=0
shrinkage=0.03


Tree=470
num_leaves=15
num_cat=0
split_feature=12 7 13 3 7 13 7 2 9 13 13 13 13 9
split_gain=5.97718 5.95663 3.83793 2.48409 2.95965 1.97537 2.09508 2.52214 2.87913 2.59901 2.43779 2.07737 1.67066 1.65673
threshold=inf 4.7500000000000009 3.4851930043529169 6.6002105196271659 7.3500000000000005 2.5988356303288325 4.9500000000000011 9.5822309082709527 0.99784942434084567 2.8729444776091819 2.7626079235173067 2.9450127606983019 1.9569847259068189 0.25881904510252091
decision_type=8 2 8 2 2 10 2 2 2 10 10 10 8 2
left_child=1 2 -1 4 5 -3 -7 8 9 10 -8 -11 -5 -12
right_child=-2 3 -4 12 -6 6 7 -9 -10 11 13 -13 -14 -15
leaf_value=0 -2.3825172985428488e-18 -1.5733025243440137e-15 3.4298066206036619e-20 -4.5656140142207594e-07 -2.3254885663011865e-06 -5.1300625845330188e-18 8.6460515543499718e-16 -8.1504751929957257e-12 1.8619785690631491e-13 -5.479651672191706e-15 3.9868697772760092e-13 2.7933617137694465e-16 -1.570605106816031e-12 1.4907601864015028e-13
leaf_weight=307 43 247 144 29 26 189 136 274 33 64 63 927 2287 33
leaf_count=307 43 247 144 29 26 189 136 274 33 64 63 927 2287 33
internal_value=-0.000243598 -0.000141807 -0.00341814 0.000201903 0.000978424 0.00111337 0.00147384 0.00184193 0.0024105 0.00216912 0.00502146 0.00149698 -0.00046612 0.00865979
internal_weight=4802 4759 451 4308 1992 1966 1719 1530 1256 1223 232 991 2316 96
internal_count=4802 4759 451 4308 1992 1966 1719 1530 1256 1223 232 991 2316 96
is_linear=0
shrinkage=0.03


Tree=471
num_leaves=15
num_cat=0
split_feature=0 0 2 0 4 1 9 8 0 2 3 1 2 2
split_gain=24.3628 2.39602 4.22955 4.38182 4.10354 3.69197 4.41807 3.431 2.81972 2.80759 2.72317 2.69535 4.20737 3.27455
threshold=1.0000000180025095e-35 10.174329396249629 9.4171307653354983 14.093193610243846 3.2287771385162909 10.292585399787676 0.91959550581536709 11.250000000000002 11.621407602475264 7.5794226123220154 8.1025100891716502 12.628735674309389 7.29063383029479 8.0065339982813537
decision_type=2 2 2 2 2 2 2 10 2 2 2 2 2 2
left_child=-1 -2 3 4 5 8 7 -7 -3 -8 11 13 -13 -9
right_child=1 2 -4 -5 -6 6 9 10 -10 -11 -12 12 -14 -15
leaf_value=0 -8.6733225108238023e-18 -4.4070609194698884e-17 -1.3349341769122547e-11 -9.0377356307231408e-12 -4.0449564979238814e-11 1.7796066596935284e-16 8.2746009624974364e-14 1.0015642139133375e-15 6.5737256001295764e-16 1.2039530048977944e-13 -4.8787554753987837e-11 6.7455561793701373e-13 -8.3696587518305113e-12 6.3049859571619023e-13
leaf_weight=204 693 234 2187 344 189 250 63 224 205 36 24 28 20 146
leaf_count=204 693 234 2187 344 189 250 63 224 205 36 24 28 20 146
internal_value=-0.000269183 0.000177649 0.000463174 0.00155612 0.00229225 0.00292445 0.00414773 0.00329004 0.000715909 0.01005 0.00487585 0.00544153 -0.00122449 0.00630728
internal_weight=4847 4643 3950 1763 1419 1230 791 692 439 99 442 418 48 370
internal_count=4847 4643 3950 1763 1419 1230 791 692 439 99 442 418 48 370
is_linear=0
shrinkage=0.03


Tree=472
num_leaves=15
num_cat=0
split_feature=0 0 7 0 2 3 8 0 2 13 8 10 13 13
split_gain=24.622 2.18508 3.68684 2.88551 2.73539 3.35077 3.16011 3.15561 4.15474 3.06913 2.69053 2.62151 2.61026 2.41272
threshold=1.0000000180025095e-35 10.207676381449643 4.8500000000000005 14.246642349107974 9.8656927424292089 8.3635166492114195 34.050000000000004 11.832035344371459 8.0065339982813537 3.7383421983898262 14.050000000000002 0.49810825183760399 4.1608181327570675 3.099837727453385
decision_type=2 2 2 2 2 2 10 2 2 8 10 2 8 10
left_child=-1 2 11 4 5 6 7 8 12 -8 -10 -2 -3 -12
right_child=1 3 -4 -5 -6 -7 9 -9 10 -11 13 -13 -14 -15
leaf_value=0 -1.7584954754370524e-17 -5.898210296754074e-16 -2.9153447663675699e-18 -9.7632905205272817e-12 -9.8815978860968717e-12 -5.1422439250541047e-11 2.2697121627007826e-13 4.8718181866725496e-14 -3.8862575469625947e-11 -1.8653183964443839e-11 2.3026718181810403e-13 -1.4312576816485751e-18 1.4211719563329419e-14 5.4422207724548877e-13
leaf_weight=219 106 291 542 1421 872 131 234 743 36 28 76 59 37 33
leaf_count=219 106 291 542 1421 872 131 234 743 36 28 76 59 37 33
internal_value=-0.000354111 0.000113883 -0.00141949 0.000392006 0.00100927 0.00174224 0.0021501 0.0015037 -0.000411392 0.00513308 0.00380137 -0.00533133 -0.00227964 0.00613636
internal_weight=4828 4609 707 3902 2481 1609 1478 1216 473 262 145 165 328 109
internal_count=4828 4609 707 3902 2481 1609 1478 1216 473 262 145 165 328 109
is_linear=0
shrinkage=0.03


Tree=473
num_leaves=15
num_cat=0
split_feature=0 7 1 9 7 4 1 1 8 8 12 10 0 1
split_gain=23.0933 3.4288 3.34799 2.88475 2.06567 2.04701 1.9169 2.39242 2.25888 1.90367 2.73404 3.48403 1.88304 1.7934
threshold=1.0000000180025095e-35 4.9500000000000011 12.019951740029805 -0.62080429297372675 6.1500000000000012 5.1887727260549532 12.290305773177012 14.874267213961456 32.250000000000007 14.450000000000001 2.5000000000000004 -0.61907037610925431 9.9685956680580166 10.458428070701824
decision_type=2 2 2 2 2 2 2 2 10 10 10 2 2 2
left_child=-1 2 3 -2 5 6 8 -8 9 -3 11 13 -10 -11
right_child=1 4 -4 -5 -6 -7 7 -9 12 10 -12 -13 -14 -15
leaf_value=0 -3.1838973843994629e-17 9.1282693397967804e-15 2.6005033578168417e-13 -6.9306198804772762e-18 -2.2564122427799915e-15 -3.6887663647110025e-08 -5.2481722624195162e-12 1.9998474943559891e-05 -2.6456565126782706e-17 -2.3470226648575584e-14 -2.6620393432670886e-15 3.047583507294709e-14 2.1928961574018699e-13 2.5860379070849832e-16
leaf_weight=215 103 329 162 276 1258 489 780 112 82 74 60 400 355 73
leaf_count=215 103 329 162 276 1258 489 780 112 82 74 60 400 355 73
internal_value=-0.000345984 0.000108696 -0.002131 -0.00367105 0.000411164 0.000871143 0.0012511 0.000167973 0.00195415 0.0011206 0.000123355 0.000793796 0.00373288 -0.00314189
internal_weight=4768 4553 541 379 4012 2754 2265 892 1373 936 607 547 437 147
internal_count=4768 4553 541 379 4012 2754 2265 892 1373 936 607 547 437 147
is_linear=0
shrinkage=0.03


Tree=474
num_leaves=15
num_cat=0
split_feature=0 2 0 0 13 8 10 0 13 8 3 13 4 9
split_gain=21.674 3.97491 6.40372 8.71942 4.47211 2.78655 2.60306 2.14955 2.08944 2.05856 1.99887 5.30484 2.06619 1.75892
threshold=4.024354204069887 5.1177068786547126 13.370716857339312 14.426055376461802 2.1981931452195216 33.650000000000013 -0.99172490552676262 15.464117385631392 2.828809346584777 5.0450000000000008 8.1324861336944583 4.5247856856416098 3.7669805268941006 -0.62080429297372675
decision_type=2 2 2 2 10 10 2 2 8 10 2 8 2 2
left_child=-1 2 4 8 -2 6 -6 -5 -4 -8 11 -3 -13 -11
right_child=1 10 3 7 5 -7 9 -9 -10 13 -12 12 -14 -15
leaf_value=0 3.815421030163995e-12 1.1836926969602225e-13 1.8564280278485449e-13 -9.2871763245805745e-12 5.6018082503635178e-17 9.4290750625206388e-16 -4.8298269943469143e-18 1.37211459969036e-09 3.0721975482630543e-13 -1.2698504057533036e-16 -2.8109382738764585e-11 -5.2982039674875508e-10 4.7541222352622774e-08 -3.6876910910007448e-17
leaf_weight=233 26 1770 25 43 25 70 85 39 71 167 1737 103 21 390
leaf_count=233 26 1770 25 43 25 70 85 39 71 167 1737 103 21 390
internal_value=-0.000646067 -0.000190247 -0.00192675 0.00318436 -0.00312173 -0.00355691 -0.00415419 -0.0039759 0.00927835 -0.00452566 0.000260187 0.000934037 -0.00504 -0.00518817
internal_weight=4805 4572 941 178 763 737 667 82 96 642 3631 1894 124 557
internal_count=4805 4572 941 178 763 737 667 82 96 642 3631 1894 124 557
is_linear=0
shrinkage=0.03


Tree=475
num_leaves=15
num_cat=0
split_feature=0 0 13 7 2 8 3 13 2 9 0 0 0 2
split_gain=20.5835 3.41685 2.07366 2.00492 1.84014 1.73034 2.90213 4.53377 1.65214 3.87065 3.37142 4.23848 3.17387 2.55815
threshold=1.0000000180025095e-35 10.174329396249629 2.4410353796716282 6.1500000000000012 9.2007444770285165 19.750000000000004 8.8895140337679663 1.0000000180025095e-35 3.9843328502331183 0.78524965087410314 13.370716857339312 14.426055376461802 12.000035066186829 7.9328106250846808
decision_type=2 2 10 2 2 10 2 10 2 2 2 2 2 2
left_child=-1 2 -2 4 -4 8 7 -7 9 10 12 -12 -3 -10
right_child=1 5 3 -5 -6 6 -8 -9 13 -11 11 -13 -14 -15
leaf_value=0 2.1010949441078944e-13 -1.2076001436696531e-16 -2.5220738951754938e-17 1.1171082821614989e-16 1.8855315537540011e-13 -1.9358539837283161e-09 -3.666123447184107e-10 1.395252694516885e-13 9.3442239821521878e-14 5.7036433510913775e-14 3.0870331671403839e-13 -9.2063417549133877e-12 -2.0195492403862851e-15 -3.6917795287916149e-11
leaf_weight=214 44 131 424 146 63 30 883 1143 313 72 33 26 85 1177
leaf_count=214 44 131 424 146 63 30 883 1143 313 72 33 26 85 1177
internal_value=-0.000695925 -0.000269088 -0.00223451 -0.0026735 -0.00359631 7.31895e-05 0.00067088 0.00164821 -0.000595756 -0.0024569 -0.00407609 0.00225 -0.00580645 -0.000160966
internal_weight=4784 4570 677 633 487 3893 2056 1173 1837 347 275 59 216 1490
internal_count=4784 4570 677 633 487 3893 2056 1173 1837 347 275 59 216 1490
is_linear=0
shrinkage=0.03


Tree=476
num_leaves=15
num_cat=0
split_feature=0 2 0 0 9 0 0 10 13 7 9 3 3 4
split_gain=21.5632 4.50756 7.86238 7.40991 4.55042 6.62847 5.88143 2.50546 2.03305 1.89719 1.41996 2.12635 1.78188 1.36751
threshold=1.0000000180025095e-35 5.1177068786547126 13.370716857339312 14.426055376461802 0.96477813974884574 9.9685956680580166 10.634676319376061 -0.79467767141292855 2.8648195261668286 4.9500000000000011 -0.72685883183946298 11.608635706913551 11.159522765408557 8.8504810952683606
decision_type=2 2 2 2 2 2 2 2 8 2 2 2 2 2
left_child=-1 2 4 8 5 7 -6 9 -4 -2 11 12 -3 -13
right_child=1 10 3 -5 6 -7 -8 -9 -10 -11 -12 13 -14 -15
leaf_value=0 4.0729786371359728e-20 2.555082495011606e-13 1.767590744431607e-13 -8.8815616892724135e-12 -1.89017278112189e-15 -2.3306496981079398e-15 7.281560644920987e-14 -7.9980684870633835e-18 4.8014601839868498e-13 9.6643765426936986e-16 -1.616354262890073e-14 5.0310462106726012e-06 0.0011769576895499269 -0.003668991844033318
leaf_weight=208 42 645 28 76 36 422 43 213 68 21 2888 27 27 45
leaf_count=208 42 645 28 76 36 422 43 213 68 21 2888 27 27 45
internal_value=-0.000911273 -0.000481231 -0.00232105 0.00346821 -0.0036054 -0.00437768 0.0031875 -0.000758123 0.00896907 0.00445312 0 0.00116779 0.00169391 -0.00369863
internal_weight=4789 4581 949 172 777 698 79 276 96 63 3632 744 672 72
internal_count=4789 4581 949 172 777 698 79 276 96 63 3632 744 672 72
is_linear=0
shrinkage=0.03


Tree=477
num_leaves=15
num_cat=0
split_feature=0 1 0 10 2 0 9 2 8 7 7 13 7 13
split_gain=19.1153 3.3813 4.10198 1.74762 2.35791 3.22716 2.59219 1.45346 1.34306 2.0018 5.42661 2.3026 1.33349 1.67074
threshold=1.0000000180025095e-35 9.009019149190717 13.224492341269519 -0.99560056297092026 1.3195286648076296 6.9090007265537734 -0.83628615584775945 2.6910994252643698 32.95000000000001 4.7500000000000009 5.9350000000000014 3.412669108166567 5.8500000000000005 2.8646183001075403
decision_type=2 2 2 2 2 2 2 2 10 2 2 8 2 10
left_child=7 2 3 -2 5 -5 -6 8 -1 11 -11 -10 13 -8
right_child=1 -3 -4 4 6 -7 12 -9 9 10 -12 -13 -14 -15
leaf_value=-2.3110434556124503e-18 3.0432193916617519e-16 -7.9160693211799499e-17 1.1068309437079368e-12 2.6896082978231054e-19 4.0838385646801426e-14 -1.2058097707752387e-16 8.2543618713183601e-15 -1.0133874719343772e-14 0 3.3907502964611188e-19 -8.3289879993869725e-18 0 -1.1848209022791282e-15 -8.0915096314524867e-15
leaf_weight=51 24 4012 21 61 40 260 23 21 60 21 36 20 96 68
leaf_count=51 24 4012 21 61 40 260 23 21 60 21 36 20 96 68
internal_value=-0.000791277 -0.000387538 -0.0025 -0.00298429 -0.00333333 -0.00498447 -0.000986842 -0.00964286 -0.0104762 -0.00880435 -0.00439655 -0.0118519 -0.0024734 -0.00505435
internal_weight=4814 4605 593 572 548 321 227 209 188 137 57 80 187 91
internal_count=4814 4605 593 572 548 321 227 209 188 137 57 80 187 91
is_linear=0
shrinkage=0.03


Tree=478
num_leaves=15
num_cat=0
split_feature=0 1 0 10 13 2 0 10 0 2 1 10 4 9
split_gain=16.6501 3.85139 2.3335 2.08593 2.27262 2.25195 2.32786 2.34374 1.88887 2.43648 3.78017 2.69603 2.78785 2.56171
threshold=1.0000000180025095e-35 9.009019149190717 13.224492341269519 -0.99560056297092026 2.117077005865053 2.1686453704162454 10.207676381449643 0.26092512978024746 14.093193610243846 9.966415292020832 14.215104513792967 0.49810825183760399 9.4175088701086143 0.96477813974884574
decision_type=2 2 2 2 10 2 2 2 2 2 2 2 2 2
left_child=-1 2 3 -2 -5 6 7 -6 9 13 11 -11 -13 -3
right_child=1 8 -4 4 5 -7 -8 -9 -10 10 -12 12 -14 -15
leaf_value=0 8.9173205882126098e-17 5.2364675628195304e-16 6.7529443342049131e-13 3.7578596557817143e-12 -2.0702393343093185e-17 -1.6491661728602807e-15 -4.3914510702046524e-15 4.6193238112793479e-19 -1.5839868465032951e-11 -1.7649975931196456e-10 0.020804581956089446 3.8995945263391491e-10 -0.00244151234113598 7.2060137468310172e-14
leaf_weight=221 23 1444 20 23 147 205 82 88 1516 470 37 263 22 194
leaf_count=221 23 1444 20 23 147 205 82 88 1516 470 37 263 22 194
internal_value=-0.000829479 -0.000436604 -0.00269949 -0.003058 -0.00343407 -0.00384321 -0.00542453 -0.00387712 -9.88092e-05 0.00041958 -0.000945776 -0.00140873 0.000891608 0.00107993
internal_weight=4755 4534 588 568 545 522 317 235 3946 2430 792 755 285 1638
internal_count=4755 4534 588 568 545 522 317 235 3946 2430 792 755 285 1638
is_linear=0
shrinkage=0.03


Tree=479
num_leaves=15
num_cat=0
split_feature=0 2 0 0 9 0 9 8 8 13 13 8 13 8
split_gain=14.6094 4.49253 8.72245 6.50876 4.7 4.7929 3.89497 2.00464 2.95694 1.91044 1.73147 1.72107 1.68987 1.62281
threshold=1.0000000180025095e-35 4.7854040570768062 13.370716857339312 14.426055376461802 0.97900819343295475 9.2568179514353002 -0.77021854360058162 13.050000000000002 32.95000000000001 2.7160992424839203 2.6471099781183685 40.95000000000001 3.9961231750572668 5.9855000000000009
decision_type=2 2 2 2 2 2 2 10 10 10 8 10 10 10
left_child=7 2 4 -4 5 6 -2 -1 -9 10 -7 13 -5 -11
right_child=1 -3 3 12 -6 9 -8 8 -10 11 -12 -13 -14 -15
leaf_value=-2.2417104759181901e-18 -2.1999156126635973e-17 5.7955805326829878e-15 3.2768565658665237e-13 -8.2177640471669745e-12 5.953791367927772e-14 -1.0716252860955322e-15 3.6128189864590621e-18 6.8816832675282955e-20 0 -4.4999375623884665e-15 3.9901668085024876e-16 8.2642174460497997e-14 1.3930409858632934e-09 -1.7676314624437921e-15
leaf_weight=39 52 3674 81 50 35 104 166 26 144 63 24 24 23 322
leaf_count=39 52 3674 81 50 35 104 166 26 144 63 24 24 23 322
internal_value=-0.000761185 -0.000409179 -0.00225397 0.00425806 -0.00352718 -0.00402778 -0.000273973 -0.0085 -0.00701754 -0.00554833 -0.00232558 -0.00654878 -0.00222973 -0.00703368
internal_weight=4827 4618 944 154 790 755 218 209 170 537 128 409 73 385
internal_count=4827 4618 944 154 790 755 218 209 170 537 128 409 73 385
is_linear=0
shrinkage=0.03


Tree=480
num_leaves=15
num_cat=0
split_feature=1 13 8 8 2 1 8 13 1 1 1 3 1 9
split_gain=13.212 2.50081 2.22104 1.78438 1.40384 3.34705 2.74963 2.64155 2.53958 2.34881 1.65331 2.27564 3.16531 2.61353
threshold=3.1978394366572469 2.6716281598217351 31.625000000000004 23.850000000000005 5.1177068786547126 12.200419114747076 41.250000000000007 2.7195783935999924 8.0244530318477612 12.52173299799855 11.335895878800285 8.0518172960252539 10.114791233291383 -0.5
decision_type=2 10 10 10 2 2 10 10 2 2 2 2 2 2
left_child=1 -1 3 -3 5 6 7 -2 -9 -7 11 12 -6 -13
right_child=4 2 -4 -5 10 9 -8 8 -10 -11 -12 13 -14 -15
leaf_value=-1.1842420920478762e-19 1.233322123573239e-17 -8.1975663184007287e-18 0 3.7110990684179787e-18 -4.3586879798840376e-15 6.5168032165959578e-13 1.6040091277989878e-13 -2.4836497531167698e-18 -1.5797959742980598e-15 1.1165734220498387e-13 -8.1277292982964778e-12 1.2604136298843854e-11 2.215165083806711e-13 -4.5126694668481845e-11
leaf_weight=108 149 66 162 26 395 40 29 135 363 93 2457 103 436 202
leaf_count=108 149 66 162 26 395 40 29 135 363 93 2457 103 436 202
internal_value=-0.000862539 -0.00636364 -0.00470588 -0.000967742 -0.000408812 -0.00153704 -0.00239291 -0.00280093 -0.0038477 0.00279851 -0.000154424 0.000791557 0.00160457 -0.00142157
internal_weight=4764 362 254 92 4402 809 676 647 498 133 3593 1136 831 305
internal_count=4764 362 254 92 4402 809 676 647 498 133 3593 1136 831 305
is_linear=0
shrinkage=0.03


Tree=481
num_leaves=15
num_cat=0
split_feature=1 13 7 7 13 7 8 8 3 7 8 2 2 1
split_gain=4.60769 8.1311 3.3635 2.95897 5.38964 2.93589 4.26106 2.53186 1.65152 1.50713 1.484 3.88518 1.56293 3.88287
threshold=6.9474547984945625 2.6843156503257442 4.8500000000000005 5.1500000000000012 3.5893882021136334 4.7500000000000009 28.950000000000003 28.250000000000004 5.9814070371901584 4.8500000000000005 42.310000000000009 10.422601193182571 5.1177068786547126 12.200419114747076
decision_type=2 8 2 2 8 2 10 10 2 2 8 2 2 2
left_child=1 2 7 4 5 6 -3 -1 -5 -7 12 -12 13 -2
right_child=10 3 -4 8 -6 9 -8 -9 -10 -11 11 -13 -14 -15
leaf_value=-1.1954977312670095e-17 -7.2221061506065546e-16 3.2939401797257703e-19 -1.8656575729896555e-15 -8.1327587253259193e-18 1.0290635181023291e-18 3.2890277875672848e-19 0 3.5527262761436286e-21 -2.615616035412315e-14 -2.0379789698697362e-17 1.1601243291310732e-12 -2.2679946538787083e-10 1.4382203939084213e-14 2.8116473973585515e-13
leaf_weight=21 578 27 28 169 44 31 51 49 22 33 160 147 3326 126
leaf_count=21 578 27 28 169 44 31 51 49 22 33 160 147 3326 126
internal_value=-0.000317889 -0.00311975 0.00454545 -0.00511905 -0.00240642 -0.00524476 -0.00911392 0.00802817 -0.00773437 -0.000461538 -1.03734e-05 0.00199675 -0.000163731 -0.00144681
internal_weight=4812 475 98 377 186 142 78 70 191 64 4337 307 4030 704
internal_count=4812 475 98 377 186 142 78 70 191 64 4337 307 4030 704
is_linear=0
shrinkage=0.03


Tree=482
num_leaves=15
num_cat=0
split_feature=1 13 0 0 8 13 7 7 13 1 0 10 0 1
split_gain=4.47637 6.7028 8.99654 5.29808 1.56849 1.67079 3.62441 1.42821 2.01961 1.47583 4.46129 2.65218 2.03103 1.61633
threshold=4.8416074381568022 2.6843156503257442 1.0000000180025095e-35 1.0000000180025095e-35 25.050000000000004 3.6648081903846972 4.7500000000000009 5.8500000000000005 3.2986971057352625 9.1114307570974926 11.149542349769407 -0.26302871059038868 10.564608499455632 10.42557930527598
decision_type=2 8 2 2 10 8 2 2 8 2 2 2 2 2
left_child=1 2 -1 4 -3 6 -6 8 -2 11 12 -10 13 -11
right_child=7 3 -4 -5 5 -7 -8 -9 9 10 -12 -13 -14 -15
leaf_value=3.4461444878593198e-21 3.8861277116469866e-16 -1.9269253496306103e-18 -1.6620738528371484e-15 -6.4323420376936102e-18 0 -7.5588322522367938e-18 -1.1553641725534718e-18 -2.993134258476494e-15 2.6376238863958756e-18 9.871608719386516e-15 -5.5243886465016449e-15 -4.2895476801719008e-15 6.2369496981773233e-13 -4.2612790272634024e-14
leaf_weight=38 1519 45 37 142 47 37 25 2033 40 24 662 50 40 24
leaf_count=38 1519 45 37 142 47 37 25 2033 40 24 662 50 40 24
internal_value=-0.000267632 -0.00342742 0.00453947 -0.00545455 -0.00929032 -0.00722727 -0.00986301 0 0.000502119 -0.000677765 -0.00023968 -0.00428571 0.00606742 0.00183673
internal_weight=4763 371 75 296 154 109 72 4392 2359 840 750 90 88 48
internal_count=4763 371 75 296 154 109 72 4392 2359 840 750 90 88 48
is_linear=0
shrinkage=0.03


Tree=483
num_leaves=15
num_cat=0
split_feature=12 8 13 0 0 5 7 8 7 2 8 13 13 0
split_gain=4.08043 2.92541 1.87693 8.08786 6.66876 2.15218 3.2409 2.52473 2.03529 1.40952 1.86453 1.37918 1.38817 1.67748
threshold=inf 345.80000000000007 2.6773443836690194 5.4270898555638087 1.0000000180025095e-35 7.8186255351873539 6.6500000000000012 40.550000000000004 4.5500000000000007 13.628531947798166 17.650000000000002 2.5988356303288325 2.3619448018414961 15.639532207475048
decision_type=8 10 8 2 2 2 2 10 2 2 10 10 10 2
left_child=1 2 3 -1 -4 6 7 8 -5 -6 -11 12 13 -10
right_child=-2 -3 4 5 9 -7 -8 -9 11 10 -12 -13 -14 -15
leaf_value=3.3427601532235401e-21 -1.869115913115805e-18 -7.6604239579363545e-18 0 2.4515844300013748e-16 -9.6927029069153293e-18 0.064289427017067954 -2.6562413607457303e-07 3.2190854298347398e-12 1.7238961904542551e-12 0.0076402594181456691 -0.00085191520225708344 3.8895237395250987e-16 -6.2119310376117533e-15 -0.00059336062648469867
leaf_weight=45 38 20 106 24 3700 31 35 36 132 53 134 145 233 47
leaf_count=45 38 20 106 24 3700 31 35 36 132 53 134 145 233 47
internal_value=-0.000335774 -0.000256221 -0.00020648 0.00119342 -0.000461943 0.000372807 0 0.000509709 2.57732e-05 -0.000258488 -0.00279255 -0.000349462 -0.00123487 0.00075
internal_weight=4779 4741 4721 728 3993 683 652 617 581 3887 187 557 412 179
internal_count=4779 4741 4721 728 3993 683 652 617 581 3887 187 557 412 179
is_linear=0
shrinkage=0.03


Tree=484
num_leaves=15
num_cat=0
split_feature=1 7 0 0 13 0 8 1 2 9 0 7 8 2
split_gain=4.04221 5.36385 6.41905 3.95245 4.50865 4.91135 3.95016 2.3564 2.80466 3.70638 2.583 2.21921 2.13969 2.86887
threshold=10.206319808573818 5.1500000000000012 1.0000000180025095e-35 10.064276837124723 2.6589040277496108 1.0000000180025095e-35 18.850000000000005 11.09800832657846 7.8933846358368722 0.91959550581536709 12.764504462465696 5.3100000000000014 9.0500000000000025 9.7031138293886503
decision_type=2 2 2 2 10 2 10 2 2 2 2 2 10 2
left_child=1 3 -3 4 6 -6 -1 8 9 10 -2 -4 -10 -14
right_child=7 2 11 -5 5 -7 -8 -9 12 -11 -12 -13 13 -15
leaf_value=-4.8784545636395321e-18 -1.1141279006011199e-15 -7.432198277260946e-18 -8.6409117411714994e-15 -3.222418263083092e-15 0 7.6863576354390136e-18 3.242477348626834e-21 -1.0648505271948819e-15 -4.2564058165503618e-11 5.7640740613418833e-14 2.5080781471306798e-13 -2.1981118291286631e-15 5.5683235901607471e-13 1.0578876415769389e-12
leaf_weight=36 172 97 31 91 74 157 63 2864 22 26 46 746 205 131
leaf_count=36 172 97 31 91 74 157 63 2864 22 26 46 746 205 131
internal_value=-0.000248845 -0.00167824 -0.00301714 0.0011019 0.0026284 0.000323276 0.00795 0.000285549 0.00199005 -0.000489796 -0.00178082 -0.00210154 0.00367688 0.004273
internal_weight=4761 1295 874 421 330 231 99 3466 602 244 218 777 358 336
internal_count=4761 1295 874 421 330 231 99 3466 602 244 218 777 358 336
is_linear=0
shrinkage=0.03


Tree=485
num_leaves=15
num_cat=0
split_feature=13 1 2 8 7 13 2 9 13 1 1 7 13 13
split_gain=3.64724 4.05865 2.58639 2.41754 1.90769 4.15125 1.8955 1.87846 1.53982 5.4675 2.93846 4.50469 1.68703 2.0173
threshold=3.3164310127093208 3.1978394366572469 10.746136418969073 42.050000000000004 5.9350000000000014 3.577943330978131 10.384261102302654 -0.8526320478342545 2.6843156503257442 3.1978394366572469 1.0000000180025095e-35 4.7500000000000009 2.5988356303288325 2.3619448018414961
decision_type=8 2 2 10 2 8 2 2 10 2 2 2 10 10
left_child=8 4 3 6 5 -2 -3 -6 9 -1 11 -10 13 -11
right_child=1 2 -4 -5 7 -7 -8 -9 10 12 -12 -13 -14 -15
leaf_value=3.145203028168029e-21 0 -1.1076759693279743e-15 -1.1643768599130179e-07 1.2021121061610716e-11 -1.5900764874045024e-18 3.2325848495655599e-19 1.1951299003168268e-06 -7.2840556962858547e-18 0 3.7059320532879081e-12 7.8241670524108888e-18 -4.2674584896408961e-19 9.1850896936872609e-16 -1.6717337286704071e-14
leaf_weight=79 42 882 584 64 27 24 68 104 31 213 2192 48 200 273
leaf_count=79 42 882 584 64 27 24 68 104 31 213 2192 48 200 273
internal_value=-0.000406664 -0.00147829 -0.00097561 -5.91133e-05 -0.0055303 -0.00134328 -0.00044164 -0.00761364 0.000227198 0.00139034 -0.000165053 -0.0058125 0.000524017 -0.000431211
internal_weight=4831 1795 1598 1014 197 66 950 131 3036 765 2271 79 686 486
internal_count=4831 1795 1598 1014 197 66 950 131 3036 765 2271 79 686 486
is_linear=0
shrinkage=0.03


Tree=486
num_leaves=15
num_cat=0
split_feature=0 13 10 9 4 2 0 0 0 1 2 10 13 0
split_gain=2.61107 20.6368 1.79967 1.53534 1.54359 1.32499 4.70994 8.78485 7.71566 6.55002 3.908 4.13687 2.96337 1.75159
threshold=1.0000000180025095e-35 2.6716281598217351 -0.95370787205023244 0.97580058562395722 3.3758430466661244 5.8230360480417671 13.370716857339312 14.426055376461802 9.9685956680580166 12.200419114747076 3.0795476942459667 -0.43247817710635594 3.185065009498079 14.96774748610216
decision_type=2 8 2 2 2 2 2 2 2 2 2 2 10 2
left_child=1 -1 -3 5 -5 6 8 -8 10 12 11 -2 -10 -9
right_child=3 2 -4 4 -6 -7 7 13 9 -11 -12 -13 -14 -15
leaf_value=3.0508469373229882e-21 6.0897163375658673e-17 1.5678036520392964e-19 -1.2824477769991329e-18 1.2639941235023685e-13 -3.0860693246743097e-10 -4.763855182294208e-15 2.7307985845583765e-13 -7.8523575031075346e-12 -1.3250554250970629e-15 6.3933250190303471e-13 -2.5728302520944505e-15 -9.0195618519634204e-19 -3.9038477770737805e-15 -2.2731129358181918e-11
leaf_weight=43 115 20 146 122 58 3420 93 30 249 39 49 154 215 50
leaf_count=43 115 20 146 122 58 3420 93 30 249 39 49 154 215 50
internal_value=-0.000371565 -0.00364286 -0.00844311 -0.00022198 0.00248619 -0.000332956 -0.00129648 0.00318966 -0.00224453 -0.00455357 0.00141066 0.00283333 -0.00554839 -0.00407407
internal_weight=4803 209 166 4594 180 4414 994 173 821 503 318 269 464 80
internal_count=4803 209 166 4594 180 4414 994 173 821 503 318 269 464 80
is_linear=0
shrinkage=0.03


Tree=487
num_leaves=15
num_cat=0
split_feature=7 1 1 7 8 13 8 1 1 13 8 8 7 8
split_gain=4.19343 7.97359 6.64461 4.39849 5.20435 2.92419 2.33112 2.99793 2.76078 1.66292 1.4473 2.00469 1.3374 1.26688
threshold=5.8500000000000005 1.0000000180025095e-35 6.6842776316976682 4.7500000000000009 31.250000000000004 3.5269516858868246 34.95000000000001 9.7669225183719259 12.338728964246885 2.828809346584777 2.4500000000000006 6.0500000000000007 4.9500000000000011 38.250000000000007
decision_type=2 2 2 2 10 8 10 2 2 8 10 10 2 10
left_child=1 3 5 4 -1 -2 10 -8 13 -10 -3 -12 -5 -9
right_child=2 6 -4 12 -6 -7 7 8 9 -11 11 -13 -14 -15
leaf_value=-5.5927400544503492e-21 1.036966463720526e-16 2.4912062254093983e-12 -2.3675576755746191e-15 3.9858417422216404e-19 3.8473433309973986e-20 -7.0533746861444855e-18 -1.2570296239158157e-14 7.3187673294523794e-13 -2.1614743625362401e-10 8.1020820333851448e-10 -1.7962444107304513e-14 7.9849008724294998e-18 -3.1576701995894774e-15 4.7250419239754693e-13
leaf_weight=30 37 46 2002 60 96 151 53 72 32 128 190 1783 24 111
leaf_count=30 37 46 2002 60 96 151 53 72 32 128 190 1783 24 111
internal_value=-3.11462e-06 0.000805407 -0.000972159 0.0063981 0.00992126 -0.00634921 0.000316639 0.00241814 0.00344477 0.000559006 -9.65347e-05 -0.000220365 0.00105882 0.00595109
internal_weight=4815 2625 2190 210 126 188 2415 396 343 160 2019 1973 84 183
internal_count=4815 2625 2190 210 126 188 2415 396 343 160 2019 1973 84 183
is_linear=0
shrinkage=0.03


Tree=488
num_leaves=15
num_cat=0
split_feature=7 1 8 1 2 7 1 2 1 10 9 8 9 2
split_gain=3.68203 10.7237 4.2645 3.83021 4.57446 4.05854 3.51989 3.39114 2.58538 2.58985 2.5547 2.19396 2.18356 3.3618
threshold=4.7500000000000009 5.5814374797399795 31.250000000000004 10.292585399787676 8.7222134372788975 5.1500000000000012 10.686046371582785 7.1548097161059294 13.025457556577793 -0.61907037610925431 0.78524965087410314 9.2500000000000018 0.88801398733197923 7.7404468924209038
decision_type=2 2 10 2 2 2 2 2 2 2 2 10 2 2
left_child=1 2 -1 5 8 -2 -6 11 12 -10 -9 -7 -5 -14
right_child=3 -3 -4 4 6 7 -8 10 9 -11 -12 -13 13 -15
leaf_value=2.9125967298934688e-18 8.0112737302458371e-19 -7.6950651642332201e-18 3.7319230310674767e-20 1.3500669943617459e-13 8.2808633241530196e-13 1.198839962579288e-16 -1.2776314776585996e-11 -5.3704368876082551e-14 6.2734401891938618e-10 -3.8307703083189535e-11 2.4921945421789301e-13 -3.7361564785203854e-16 1.8260144000327862e-13 -6.372652806461081e-15
leaf_weight=52 171 308 85 606 106 70 2349 297 44 76 84 447 54 34
leaf_count=52 171 308 85 606 106 70 2349 297 44 76 84 447 54 34
internal_value=0.000128554 0.00272422 0.00967391 -0.000138281 0.00037156 -0.00169626 -0.000274837 -0.00250278 0.00231902 -0.00173554 -0.000353403 -0.00408301 0.00302158 0.00741573
internal_weight=4783 445 137 4338 3269 1069 2455 898 814 120 381 517 694 88
internal_count=4783 445 137 4338 3269 1069 2455 898 814 120 381 517 694 88
is_linear=0
shrinkage=0.03


Tree=489
num_leaves=15
num_cat=0
split_feature=12 8 2 7 13 2 13 13 2 2 13 9 9 3
split_gain=5.82628 4.31583 10.3535 2.55922 2.47836 2.40532 2.43698 1.844 1.64007 1.49253 1.29843 1.12575 2.56394 2.55027
threshold=inf 32.650000000000013 3.0795476942459667 4.7500000000000009 3.9699398397909711 6.9414315424106467 4.2148714814007784 3.8891639584876008 6.2161058529120918 7.3934095348555067 2.6843156503257442 -0.70710678118654735 0.1283625806779406 11.266691892654068
decision_type=8 10 2 2 8 2 10 10 2 2 10 2 2 2
left_child=1 -1 3 10 -5 8 7 9 -4 -7 -3 13 -13 -11
right_child=-2 2 5 4 -6 6 -8 -9 -10 11 -12 12 -14 -15
leaf_value=-3.9113138309715573e-16 1.0086989292939539e-17 6.8554162058383605e-22 -6.8720516779772532e-15 3.6900694814632089e-19 4.4694204894636066e-18 3.7985595056556727e-13 -2.205234816558612e-08 3.6722323101410322e-09 -2.3887986709139612e-14 1.2422186453892508e-12 3.6199653401354525e-20 -5.5369550614452864e-12 3.6092868702889576e-13 -0.00035023692048726868
leaf_weight=3474 42 41 39 121 50 31 52 34 41 168 61 236 342 38
leaf_count=3474 42 41 39 121 50 31 52 34 41 168 61 236 342 38
internal_value=0.000169776 6.97822e-05 0.00157769 0.00673358 0.00444767 0.000137475 0.00058204 0.000970588 -0.00481481 0.000680147 0.0104854 0.000420382 -0.000259067 0.00231884
internal_weight=4770 4728 1254 273 171 981 901 849 80 815 102 784 578 206
internal_count=4770 4728 1254 273 171 981 901 849 80 815 102 784 578 206
is_linear=0
shrinkage=0.03


Tree=490
num_leaves=15
num_cat=0
split_feature=0 0 8 1 8 0 3 1 1 10 0 0 2 9
split_gain=30.6233 2.01843 1.92265 2.31748 1.63165 1.31449 1.21898 1.92032 1.22636 2.7021 1.2639 2.08364 2.12443 3.07384
threshold=1.0000000180025095e-35 6.9090007265537734 34.95000000000001 13.025457556577793 35.45000000000001 13.712673392640136 10.591446296091192 11.990061341269875 9.009019149190717 -0.26302871059038868 11.149542349769407 11.416747579248195 9.2978474552171928 -0.33996843066449778
decision_type=2 2 8 2 10 2 2 2 2 2 2 2 2 2
left_child=-1 -2 -3 6 -5 -6 8 -8 9 -4 -10 -12 13 -13
right_child=1 2 3 4 5 -7 7 -9 10 -11 11 12 -14 -15
leaf_value=2.9796160100487361e-19 3.8451488999338783e-17 -1.0449848238988415e-15 -1.4521285320244048e-14 7.614954394290235e-05 -2.0264655093256305e-06 -5.1727405830834762e-10 -1.7708859379931247e-07 1.0368548703530145e-05 3.0358194769444616e-13 4.9064135604486941e-14 -1.1450853681250146e-13 -1.1076922783736102e-14 1.6664644353633764e-12 1.0515795331197305e-12
leaf_weight=223 93 3579 28 29 27 234 33 21 153 66 29 44 178 83
leaf_count=223 93 3579 28 29 27 234 33 21 153 66 29 44 178 83
internal_value=0.000485376 -4.24097e-05 -0.000133185 0.00108531 -0.00113402 -0.00188931 0.00209906 -0.00218182 0.0025 -0.000631579 0.00310451 0.0020597 0.00279412 0.00574219
internal_weight=4820 4597 4504 925 290 261 635 54 581 94 487 334 305 127
internal_count=4820 4597 4504 925 290 261 635 54 581 94 487 334 305 127
is_linear=0
shrinkage=0.03


Tree=491
num_leaves=15
num_cat=0
split_feature=1 12 8 8 12 7 7 10 1 2 8 8 1 2
split_gain=8.13785 7.26002 1.9323 1.86526 1.80531 3.09234 2.08485 1.77 2.05947 1.65446 2.65311 3.059 3.14592 2.62227
threshold=3.1978394366572469 1.5000000000000002 31.950000000000003 24.150000000000002 1.0000000180025095e-35 4.8500000000000005 4.8500000000000005 -0.54646613226747032 8.0244530318477612 5.6776092344700979 8.2500000000000018 27.250000000000004 10.234982869746496 8.4329414910271385
decision_type=2 8 8 10 10 2 2 2 2 2 10 10 2 2
left_child=1 3 7 -1 6 -6 -5 8 -2 -10 -11 13 -13 -12
right_child=2 -3 -4 4 5 -7 -8 -9 9 10 11 12 -14 -15
leaf_value=6.8467642861690986e-17 9.2696281866794675e-17 9.7322639218551129e-18 9.4172469674080616e-14 -8.2738726581798874e-21 2.6174815769167681e-20 -2.8965156847875672e-18 8.0597644946864645e-17 -2.8693491063713532e-15 -2.1485857832584874e-15 -4.960290909605569e-11 9.9260684185076115e-13 -1.3317124865566476e-13 -1.7523146923312782e-13 8.0541923188000161e-12
leaf_weight=33 68 149 1112 64 43 48 23 2299 186 128 121 21 92 402
leaf_count=33 68 149 1112 64 43 48 23 2299 186 128 121 21 92 402
internal_value=0.000322547 0.00465374 -3.0474e-05 0.00106132 -0.000167598 0.00277174 -0.00323864 -0.000393309 0.000647694 0.000283912 0.000901961 0.00169545 -0.00276316 0.00266221
internal_weight=4789 360 4429 211 178 91 87 3317 1018 950 764 636 113 523
internal_count=4789 360 4429 211 178 91 87 3317 1018 950 764 636 113 523
is_linear=0
shrinkage=0.03


Tree=492
num_leaves=15
num_cat=0
split_feature=0 13 2 13 2 0 1 0 0 1 2 1 0 4
split_gain=5.30173 6.28864 7.77688 2.86981 2.83353 5.08975 7.35487 5.92564 5.9174 2.7094 2.62789 2.52513 3.06188 4.46382
threshold=8.9114951844051635 2.5423292683177254 3.0795476942459667 2.8962951123783767 5.1177068786547126 13.176460422281679 12.200419114747076 14.426055376461802 9.9685956680580166 9.0693814597944193 9.6761632813776952 12.422081807016374 11.621407602475264 1.0074515102711326
decision_type=2 8 2 8 2 2 2 2 2 2 2 2 2 2
left_child=1 -1 -3 -4 5 6 8 -7 9 -2 11 12 -6 -14
right_child=4 2 3 -5 10 7 -8 -9 -10 -11 -12 -13 13 -15
leaf_value=-8.0256564784344892e-21 1.3354439993955237e-16 4.0019379099087591e-18 2.9164931517339042e-13 -1.8328040604593419e-14 1.1435170813175105e-14 1.403769819584574e-13 6.3563297689229782e-13 -1.1126280512687215e-11 -3.8810335719665056e-15 -7.6219849039560309e-15 -2.6672273273526049e-11 -7.1109202717604933e-12 6.3540042976402612e-13 -3.9654372440579502e-12
leaf_weight=52 99 340 25 125 533 98 39 72 432 26 2065 296 424 163
leaf_count=52 99 340 25 125 533 98 39 72 432 26 2065 296 424 163
internal_value=0.00024739 0.00303867 0.00409369 -0.0015894 -0.000109463 -0.0017601 -0.00306533 0.00280702 -0.00395161 0.00178571 0.000254164 0.00124912 0.00190009 0.00339286
internal_weight=4789 542 490 150 4247 766 596 170 557 125 3481 1416 1120 587
internal_count=4789 542 490 150 4247 766 596 170 557 125 3481 1416 1120 587
is_linear=0
shrinkage=0.03


Tree=493
num_leaves=15
num_cat=0
split_feature=12 7 1 1 1 13 7 1 1 9 13 12 3 3
split_gain=4.73412 2.13108 9.85409 5.48437 3.56495 1.95428 1.87093 2.66034 1.67384 1.24521 1.25978 1.84924 1.1848 1.83565
threshold=inf 4.7500000000000009 1.0000000180025095e-35 8.5005025375583916 1.0000000180025095e-35 3.5992754323691272 5.7500000000000009 6.6842776316976682 15.830290604208031 -0.89297044289519645 3.1957021827228869 1.0000000180025095e-35 10.591446296091192 1.3195286648076296
decision_type=8 2 2 2 2 8 2 2 2 2 10 10 2 2
left_child=1 2 -1 -4 5 -3 8 -8 -6 10 11 -9 13 -13
right_child=-2 4 3 -5 6 -7 7 9 -10 -11 -12 12 -14 -15
leaf_value=-9.4668566001170124e-20 9.3634147111682903e-18 2.2815450990144724e-19 1.1541578641783189e-16 -7.4438482436578383e-16 7.592682046349654e-15 3.9980065830520863e-18 -2.0785606381376437e-14 7.8499473486149093e-13 -0.0015661992060318716 -4.6905307141707573e-15 2.5177230490627123e-12 -7.8845201499428141e-14 -0.0014211502888328662 1.1149608960904597e-12
leaf_weight=124 40 105 81 248 1795 80 43 71 26 1996 116 20 24 61
leaf_count=124 40 105 81 248 1795 80 43 71 26 1996 116 20 24 61
internal_value=9.31484e-05 6.26174e-06 -0.00194934 0.000772727 0.000210927 0.00427419 2.88948e-05 -0.000533877 0.000749177 -0.000393185 0.00143345 -0.000169492 -0.00268868 -0.000914634
internal_weight=4830 4790 453 329 4337 185 4152 2331 1821 2288 292 176 105 81
internal_count=4830 4790 453 329 4337 185 4152 2331 1821 2288 292 176 105 81
is_linear=0
shrinkage=0.03


Tree=494
num_leaves=15
num_cat=0
split_feature=12 0 7 13 2 0 0 7 0 1 1 2 9 13
split_gain=4.05565 2.57262 16.3345 1.92258 1.26846 5.65542 7.21646 8.01821 5.91569 4.5923 3.74117 2.52913 2.44097 2.3479
threshold=inf 1.0000000180025095e-35 4.7500000000000009 4.0694279404923597 6.9414315424106467 12.944108442513649 9.4196485651592923 4.7500000000000009 14.13139314629387 12.239981190170202 11.309814393395532 1.3195286648076296 0.8649304544944173 3.086473615612185
decision_type=8 2 2 10 2 2 2 2 2 2 2 2 2 10
left_child=1 2 -1 -4 5 6 7 -3 -7 13 -6 -10 -12 -8
right_child=-2 4 3 -5 10 8 9 -9 11 -11 12 -13 -14 -15
leaf_value=-9.1828509021135019e-20 9.0825122698332418e-18 1.017746398865106e-16 1.7914062577693656e-19 3.7960198123677581e-18 1.8228007247487684e-13 2.5360719796633584e-13 -2.8559827307002097e-15 -3.1527870613360048e-17 1.2648709957448767e-12 5.846436451915878e-13 2.2684083383749608e-13 -4.0726980837085719e-11 -2.0330840153204409e-10 -4.3631820786744167e-15
leaf_weight=100 36 90 55 31 935 158 289 214 75 38 1926 33 468 308
leaf_count=100 36 90 55 31 935 158 289 214 75 38 1926 33 468 308
internal_value=-0.000163969 -0.000241474 -0.00368984 0.00586207 -9.92282e-05 -0.000932836 -0.0020266 0.00177049 0.00292135 -0.00384434 0.000202703 -0.00247706 -0.000425887 -0.00448997
internal_weight=4756 4720 186 86 4534 1205 939 304 266 635 3329 108 2394 597
internal_count=4756 4720 186 86 4534 1205 939 304 266 635 3329 108 2394 597
is_linear=0
shrinkage=0.03


Tree=495
num_leaves=15
num_cat=0
split_feature=12 0 7 13 0 7 0 8 9 8 3 8 0 13
split_gain=4.24982 3.08117 15.693 2.43746 1.45579 4.24652 1.18565 1.06477 1.05365 1.30725 1.47604 1.25095 1.76405 2.19198
threshold=inf 1.0000000180025095e-35 4.7500000000000009 3.6222784870652007 8.9114951844051635 4.7500000000000009 9.0778080360824003 97.40000000000002 0.99999524036036735 33.350000000000001 5.6356816640660012 33.050000000000004 12.973869167917469 2.1601990341472557
decision_type=8 2 2 10 2 2 2 10 2 10 2 8 2 10
left_child=1 2 -1 -4 5 -3 -6 -5 11 10 -10 12 13 -8
right_child=-2 4 3 7 6 -7 8 -9 9 -11 -12 -13 -14 -15
leaf_value=-8.9073653750500977e-20 8.8100369017382443e-18 6.4938843144367336e-17 -8.8049392820405311e-20 1.080999936239294e-17 -3.1652103270213472e-15 1.1201374575221528e-18 3.3502236727648935e-11 3.6789651418713563e-18 1.3989354903815637e-13 -3.7384393500470933e-14 3.8278239953631175e-12 9.9828884729861091e-14 6.9861116490316918e-14 -2.6417100550644654e-15
leaf_weight=98 40 64 37 25 38 240 32 23 42 30 58 949 1766 1394
leaf_count=98 40 64 37 25 38 240 32 23 42 30 58 949 1766 1394
internal_value=-0.000105437 -0.000187617 -0.00399457 0.00540698 -3.57607e-05 0.00196721 -0.000177494 0.00979592 -0.000129916 0.00251908 0.00415842 -0.000213665 -0.000497964 -0.00128241
internal_weight=4836 4796 183 85 4613 304 4309 48 4271 130 100 4141 3192 1426
internal_count=4836 4796 183 85 4613 304 4309 48 4271 130 100 4141 3192 1426
is_linear=0
shrinkage=0.03


Tree=496
num_leaves=15
num_cat=0
split_feature=12 8 13 7 2 8 13 2 9 8 7 8 9 7
split_gain=5.8304 2.69362 1.55894 2.97744 2.05695 4.1193 2.33124 1.87172 1.70604 1.65946 5.47416 2.20541 1.59304 1.57067
threshold=inf 110.12000000000002 2.6800287070211639 5.6500000000000012 5.4722684669015473 11.950000000000001 4.3453177057121399 6.0844676303702716 0.56635771152841818 32.650000000000013 4.7500000000000009 24.850000000000005 0.78524965087410314 4.7500000000000009
decision_type=8 8 8 2 2 10 8 2 2 10 2 10 2 2
left_child=1 2 3 12 5 8 9 -6 -4 11 -11 13 -1 -7
right_child=-2 -3 4 -5 7 6 -8 -9 -10 10 -12 -13 -14 -15
leaf_value=4.8564348549173793e-16 8.5457357946860966e-18 3.5717778722136442e-18 -8.1364962330086903e-17 -2.2356880149749335e-14 3.2294939209935988e-13 3.4414377868011065e-17 4.6474794061295249e-17 -6.8800188474248345e-16 2.5271921032381753e-16 -8.6401444137985944e-20 -1.2302054364711372e-18 1.1715892837066841e-17 -1.198166719125131e-19 -3.3489564415781247e-15
leaf_weight=313 45 44 241 335 57 39 56 3004 99 73 109 57 82 220
leaf_count=313 45 44 241 335 57 39 56 3004 99 73 109 57 82 220
internal_value=0.000131937 2.85412e-05 -4.16133e-05 0.00123119 -0.000276795 -0.0015419 -0.00313514 9.30764e-05 0.00105572 -0.00378758 -0.00606557 -0.00246057 0.00299242 -0.00363462
internal_weight=4774 4729 4685 730 3955 894 554 3061 340 498 182 316 395 259
internal_count=4774 4729 4685 730 3955 894 554 3061 340 498 182 316 395 259
is_linear=0
shrinkage=0.03


Tree=497
num_leaves=15
num_cat=0
split_feature=12 8 7 8 1 9 12 8 2 9 2 7 2 2
split_gain=5.57261 2.49681 2.11352 12.7677 4.15145 1.90461 1.3295 1.24664 2.28656 1.28979 2.28423 1.27804 2.39938 2.16712
threshold=inf 105.50000000000001 4.6500000000000012 32.95000000000001 10.343023884819319 0.91959550581536709 2.5000000000000004 35.050000000000004 11.732703343916233 -0.51495963211660267 13.442382991072124 5.8500000000000005 10.997415901090671 10.340305967128266
decision_type=8 8 2 10 2 2 10 10 2 2 2 2 2 2
left_child=1 2 3 4 5 6 -1 -4 11 10 -10 12 13 -9
right_child=-2 -3 7 -5 -6 -7 -8 8 9 -11 -12 -13 -14 -15
leaf_value=1.2027692713637687e-16 8.2893637208455147e-18 3.4646169275741751e-18 -1.4568822329673034e-17 -1.5552764230123197e-19 -1.4730247422725868e-14 -9.6185726745697662e-16 8.1804558719625877e-18 1.9709177278365019e-13 6.7774778262605233e-06 -2.0107059711780315e-07 -0.0022649206933759991 4.7805660789862619e-14 3.4422811877237118e-09 -4.068896232751351e-11
leaf_weight=81 40 50 3580 89 118 21 27 185 48 162 21 311 50 35
leaf_count=81 40 50 3580 89 118 21 27 185 48 162 21 311 50 35
internal_value=-3.73521e-05 -0.000131827 -0.000203003 -0.00249258 0.00102823 0.00473077 0.00633028 -2.73162e-05 0.00103321 -0.00148707 0.00192857 0.00203608 0.00354244 0.00217195
internal_weight=4818 4778 4728 336 247 129 108 4392 812 231 69 581 270 220
internal_count=4818 4778 4728 336 247 129 108 4392 812 231 69 581 270 220
is_linear=0
shrinkage=0.03


Tree=498
num_leaves=15
num_cat=0
split_feature=12 8 7 8 0 1 0 8 0 2 2 8 0 13
split_gain=5.99496 3.78549 1.75109 12.8765 4.81443 4.0432 3.10967 1.70732 2.53856 2.7573 2.8104 3.03389 2.10036 1.89603
threshold=inf 105.50000000000001 4.6500000000000012 32.95000000000001 10.02340161379713 1.0000000180025095e-35 10.290236862821503 32.650000000000013 9.6857823106813488 10.422601193182571 8.1002298311602683 40.050000000000004 8.6786669137668664 3.9961231750572668
decision_type=8 8 2 10 2 2 2 10 2 2 2 10 2 10
left_child=1 2 3 4 -1 6 -4 -7 12 10 11 -10 -9 -11
right_child=-2 -3 5 -5 -6 7 -8 8 9 13 -12 -13 -14 -15
leaf_value=8.911827769226565e-17 8.0406828092201482e-18 3.5043936685589007e-18 7.5949374722009842e-19 -1.2232041581090129e-19 -1.4612246395647346e-15 -2.425355328667939e-15 -3.2951067696113797e-15 2.2722782188933747e-15 -2.3962939016424533e-14 1.2544720155123132e-10 1.0142462595906663e-12 1.1610610280427449e-13 -9.4552345513957646e-14 -4.910860814907736e-07
leaf_weight=93 39 41 139 80 143 3145 38 48 82 426 327 83 46 47
leaf_count=93 39 41 139 80 143 3145 38 48 82 426 327 83 46 47
internal_value=5.96484e-05 -3.79827e-05 -0.000118135 -0.00227129 0.00126582 3.7654e-05 0.00446629 -0.000149822 0.000891509 0.00135093 0.00292089 -0.000271084 -0.00378947 -0.00028481
internal_weight=4777 4738 4697 316 236 4381 177 4204 1059 965 492 165 94 473
internal_count=4777 4738 4697 316 236 4381 177 4204 1059 965 492 165 94 473
is_linear=0
shrinkage=0.03


Tree=499
num_leaves=15
num_cat=0
split_feature=12 7 0 0 0 7 1 0 7 3 9 1 0 1
split_gain=5.06961 2.30942 10.1674 5.32285 4.62898 1.74424 1.60296 2.83336 5.15187 4.66825 2.85213 2.0654 1.93011 1.63533
threshold=inf 4.6500000000000012 1.0000000180025095e-35 6.5031209178510538 10.064276837124723 6.9500000000000011 10.206319808573818 10.174329396249629 4.9500000000000011 5.2310943182715759 0.91959550581536709 6.0972959971669534 12.998440161943781 7.2152366671923156
decision_type=8 2 2 2 2 2 2 2 2 2 2 2 2 2
left_child=1 2 -1 5 -4 -3 7 8 11 12 -11 -5 13 -9
right_child=-2 3 4 6 -6 -7 -8 9 -10 10 -12 -13 -14 -15
leaf_value=-1.1865080333657425e-19 7.7994623249435435e-18 1.2948473258532162e-18 1.0173240549410545e-16 9.7796887394677997e-17 -2.3121826649025027e-15 -1.1278628511992802e-06 1.8526205425133357e-14 -3.7839694359264193e-15 -1.0113908627603193e-15 -1.6041841216462915e-14 1.1997500470080139e-12 2.0924486852530052e-16 3.6172005585889131e-14 -1.0056069062644556e-14
leaf_weight=76 44 145 80 28 163 20 3388 52 336 113 24 61 46 209
leaf_count=76 44 145 80 28 163 20 3388 52 336 113 24 61 46 209
internal_value=-2.1939e-05 -0.000117039 -0.00257812 6.10445e-05 0.000430328 0.00533133 -0.000144434 -0.0012931 0.000457746 -0.00296629 0.00163043 0.00683333 -0.00501623 -0.00601145
internal_weight=4785 4741 319 4422 243 165 4257 869 425 444 137 89 307 261
internal_count=4785 4741 319 4422 243 165 4257 869 425 444 137 89 307 261
is_linear=0
shrinkage=0.03


Tree=500
num_leaves=15
num_cat=0
split_feature=12 2 2 13 1 7 0 0 0 2 10 2 0 0
split_gain=4.56701 1.84377 2.37708 1.9918 1.64183 1.57394 12.7681 4.98805 4.97705 2.92029 2.10275 1.58192 3.86902 5.50436
threshold=inf 13.562794308820665 14.729299787921002 2.605317244453309 15.740864622504043 4.6500000000000012 1.0000000180025095e-35 9.557428323223208 6.9090007265537734 3.0795476942459667 -0.70864607840491656 5.1177068786547126 9.4943342728589446 13.118866248070022
decision_type=8 2 2 8 2 2 2 2 2 2 2 2 2 2
left_child=1 5 3 -3 -5 6 -1 -8 9 -7 -9 12 -10 -14
right_child=-2 2 -4 4 -6 8 7 10 11 -11 -12 -13 13 -15
leaf_value=-1.0919251224766653e-19 7.5654784551952374e-18 0.045311439304383062 0.017964344622178288 -0.00058696694367819588 -0.0043624323062592387 2.9870364355321385e-18 9.8680433329282278e-17 5.8806132728455705e-15 1.1158914943832991e-16 -2.3222896223330076e-14 -3.5649796492944403e-15 5.6408832665996859e-14 -3.2786834814255537e-15 9.5806840564792423e-14
leaf_weight=80 42 20 58 116 35 141 58 33 148 36 138 3342 392 164
leaf_count=80 42 20 58 116 35 141 58 33 148 36 138 3342 392 164
internal_value=3.43464e-05 -5.35489e-05 -0.00267391 -0.00444767 -0.005625 7.94176e-05 -0.00198387 0.00163043 0.000230824 0.00514045 -0.000959302 1.48258e-05 -0.0012766 -0.0024237
internal_weight=4803 4761 229 171 151 4532 309 229 4223 177 171 4046 704 556
internal_count=4803 4761 229 171 151 4532 309 229 4223 177 171 4046 704 556
is_linear=0
shrinkage=0.03


Tree=501
num_leaves=15
num_cat=0
split_feature=12 2 7 0 0 0 0 2 0 2 0 9 7 13
split_gain=5.75743 1.97386 2.06338 11.2279 3.68409 3.06369 2.23265 4.37666 4.06254 3.90412 3.79823 5.86942 5.3326 2.67736
threshold=inf 13.628531947798166 4.6500000000000012 6.116278168054575 9.557428323223208 6.9090007265537734 12.910001759728667 7.4451254152969417 14.426055376461802 6.9414315424106467 10.255806395596647 0.96477813974884574 4.9500000000000011 4.1058778300661265
decision_type=8 2 2 2 2 2 2 2 2 2 2 2 2 10
left_child=1 2 3 -1 -5 -4 9 8 -8 10 12 -12 -7 -10
right_child=-2 -3 5 4 -6 6 7 -9 13 -11 11 -13 -14 -15
leaf_value=-1.0591673688023654e-19 7.33851410153938e-18 -0.00064830803303250967 2.1316825752468776e-18 9.7572328850347262e-17 -8.4354128130122258e-16 2.289434798291022e-16 2.4093601954109163e-13 1.1007929195456719e-12 -6.0499229200742002e-12 2.4591109315366614e-14 -4.9113533545698332e-15 4.5271461379315254e-14 -1.7022914119962301e-15 1.423075888593731e-09
leaf_weight=84 41 209 167 65 191 92 200 1751 82 1303 367 50 209 23
leaf_count=84 41 209 167 65 191 92 200 1751 82 1303 367 50 209 23
internal_value=1.24095e-05 -8.44806e-05 4.58015e-05 -0.00219941 0.000933852 0.000226148 6.25307e-05 0.000758386 0.00406863 -0.000645401 -0.00242003 -0.00427033 0.000149007 -0.000707547
internal_weight=4834 4793 4584 340 256 4244 4077 2056 305 2021 718 417 301 105
internal_count=4834 4793 4584 340 256 4244 4077 2056 305 2021 718 417 301 105
is_linear=0
shrinkage=0.03


Tree=502
num_leaves=15
num_cat=0
split_feature=12 8 7 8 7 2 8 13 13 10 5 13 3 8
split_gain=6.12278 2.63184 2.00887 13.2628 1.87158 1.28376 1.33916 1.92179 1.62689 1.17786 0.920882 1.8993 1.75363 1.24559
threshold=inf 156.50000000000003 4.6500000000000012 32.95000000000001 6.5500000000000007 7.8591234209378174 6.0500000000000007 3.8470484588209435 2.6471099781183685 -0.70710678118654757 7.3780357846781532 3.5526745365698376 13.372819721164332 17.045000000000005
decision_type=8 10 2 10 2 2 10 8 10 2 2 10 2 10
left_child=1 2 3 5 -4 6 -1 8 -8 -10 12 13 -6 -12
right_child=-2 -3 4 -5 10 -7 7 -9 9 -11 11 -13 -14 -15
leaf_value=-1.2244712110993137e-15 7.1183586784931982e-18 3.0631396195912157e-18 4.8000958649038978e-17 -1.3717939898393367e-19 -4.3214355926169364e-14 -3.0669617632744935e-11 -3.3311866600833791e-18 -6.5377113722952175e-16 1.5174469048745262e-17 2.2991622283903175e-16 0.069128280418408738 -0.0069546672789503926 -0.0113332511366123 0.0051974442333524024
leaf_weight=52 40 33 3840 88 528 35 34 28 23 61 32 21 30 34
leaf_count=52 40 33 3840 88 528 35 34 28 23 61 32 21 30 34
internal_value=0.00016291 6.50826e-05 6.2409e-06 -0.00228261 0.000170531 0.00147436 0.00241206 0.00387755 0.00554622 0.00776471 -0.00132353 0.00153409 -0.00177102 0.00402985
internal_weight=4879 4839 4806 321 4485 233 198 146 118 84 645 87 558 66
internal_count=4879 4839 4806 321 4485 233 198 146 118 84 645 87 558 66
is_linear=0
shrinkage=0.03


Tree=503
num_leaves=15
num_cat=0
split_feature=12 1 7 8 7 1 7 12 8 1 2 12 1 9
split_gain=7.0287 4.33996 15.056 4.6327 1.61541 1.87945 1.69002 1.27328 1.37127 1.07681 0.999662 2.07962 1.82904 1.67003
threshold=inf 1.0000000180025095e-35 4.8500000000000005 31.850000000000005 5.9350000000000014 7.1314981509675262 4.8500000000000005 1.5000000000000002 33.95000000000001 6.6842776316976682 9.4437108720537015 2.5000000000000004 15.56144614909986 0.96868927504243119
decision_type=8 2 2 10 2 2 2 10 10 2 2 10 2 2
left_child=1 2 3 -1 5 6 -3 8 -4 -6 13 12 -12 -11
right_child=-2 4 7 -5 9 -7 -8 -9 -10 10 11 -13 -14 -15
leaf_value=-8.4061554341684697e-19 6.904807918138402e-18 9.817001267783004e-17 8.1935935732778884e-17 -1.013131041737294e-18 -5.2065202059205896e-14 2.1910108729245302e-16 -1.0410907088189186e-17 3.0477489781221391e-18 -4.3338661122560186e-18 -3.8890801993798351e-16 -1.3675289063069086e-10 -5.8815865895098189e-07 0.020779956027941641 6.9103146135080669e-13
leaf_weight=35 42 58 55 126 34 2614 32 73 23 671 806 164 64 28
leaf_count=35 42 58 55 126 34 2614 32 73 23 671 806 164 64 28
internal_value=-0.000214463 -0.000322952 -0.00373802 -0.0100926 -8.38551e-05 0.000377079 0.00461538 0.00305921 0.000379747 -0.000789027 -0.000683391 -0.00127536 -0.000688863 0.000192857
internal_weight=4825 4783 312 161 4471 2704 90 151 78 1767 1733 1034 870 699
internal_count=4825 4783 312 161 4471 2704 90 151 78 1767 1733 1034 870 699
is_linear=0
shrinkage=0.03


Tree=504
num_leaves=15
num_cat=0
split_feature=12 1 8 7 13 10 7 1 13 13 13 7 1 10
split_gain=6.37614 2.87631 10.3432 11.2392 2.82768 1.75468 1.33983 1.06026 2.26202 1.23836 1.44958 1.86053 1.39904 1.26053
threshold=inf 4.8416074381568022 31.625000000000004 4.8500000000000005 3.6155831759350021 -0.91175336425957176 5.0500000000000007 12.917781087321249 2.1601990341472557 2.5748762575589188 2.6773443836690194 5.4150000000000009 12.114824544233352 0.38268343236508956
decision_type=8 2 10 2 8 2 2 2 8 10 10 2 2 2
left_child=1 2 5 -4 6 -1 -5 8 -3 12 11 -11 -10 -14
right_child=-2 7 3 4 -6 -7 -8 -9 9 10 -12 -13 13 -15
leaf_value=-1.1069334096038508e-16 6.6976636805942501e-18 3.302100319138164e-09 -9.7721634110074831e-19 1.1457806521958194e-17 2.9451976389550589e-18 4.459089415657843e-17 -1.6567839399140587e-15 -3.9327931784288664e-11 -2.2179717644019064e-14 7.7192495476404729e-16 1.3854411292406194e-16 2.8642284531516128e-15 -5.490702166725029e-12 3.2899784275926071e-09
leaf_weight=22 43 40 121 29 34 111 29 1535 197 65 2461 86 31 22
leaf_count=22 43 40 121 29 34 111 29 1535 197 65 2461 86 31 22
internal_value=-0.000118086 -0.000222617 -0.00285303 -0.00693925 0.000967742 0.00369403 -0.00305085 -1.68995e-05 0.000320358 0.000220049 0.000413318 0.00325658 -0.00179283 0.0025
internal_weight=4826 4783 346 213 92 133 58 4437 2902 2862 2612 151 250 53
internal_count=4826 4783 346 213 92 133 58 4437 2902 2862 2612 151 250 53
is_linear=0
shrinkage=0.03


Tree=505
num_leaves=15
num_cat=0
split_feature=12 0 7 8 0 7 10 3 0 0 0 13 7 13
split_gain=5.61532 7.11808 18.3487 1.58937 1.22023 2.69491 1.11847 1.10657 2.2499 4.07787 3.34537 2.47113 2.81428 2.41026
threshold=inf 1.0000000180025095e-35 5.6500000000000012 105.50000000000001 9.3324676096552004 4.7500000000000009 -0.26302871059038868 0.80471895621705036 15.046837399424208 14.426055376461802 12.944108442513649 2.5624635244952301 5.6500000000000012 2.7935891615676449
decision_type=8 2 2 10 2 2 2 2 2 2 2 8 2 10
left_child=1 2 -1 -4 5 6 -3 8 9 10 13 -12 -13 -6
right_child=-2 4 3 -5 7 -7 -8 -9 -10 -11 11 12 -14 -15
leaf_value=-1.1806579769639975e-18 6.4967337701764222e-18 5.4968735662278271e-17 2.8257099931299691e-18 2.7897877003857876e-18 2.762318358260074e-16 1.1114072326299447e-17 6.4211879241094282e-17 5.9572485041455669e-14 1.3333379185338392e-09 -2.4472044713894952e-11 -6.1992350407765543e-11 -2.5251559848021415e-14 2.9120413610477524e-13 -3.3742993503336276e-15
leaf_weight=118 43 42 38 20 200 315 42 2817 161 91 31 136 152 598
leaf_count=118 43 42 38 20 200 315 42 2817 161 91 31 136 152 598
internal_value=-9.98959e-05 -0.000198446 -0.00610169 0.00762712 2.94374e-05 0.0016125 0.00635294 -0.000121806 -0.000821168 -0.00126551 -0.000764758 0.00182812 0.00269896 -0.00180225
internal_weight=4804 4761 176 58 4585 399 84 4186 1369 1208 1117 319 288 798
internal_count=4804 4761 176 58 4585 399 84 4186 1369 1208 1117 319 288 798
is_linear=0
shrinkage=0.03


Tree=506
num_leaves=15
num_cat=0
split_feature=8 13 1 2 8 0 0 1 2 0 2 0 1 8
split_gain=4.38998 1.44848 3.90223 1.33637 4.7367 4.83534 7.3678 3.05485 3.26728 2.86619 3.81108 2.96189 2.74122 2.79592
threshold=345.80000000000007 4.560733678289326 1.0000000180025095e-35 6.9414315424106467 10.005500000000001 12.882186761573896 14.113888659431884 8.8006787668208677 5.1177068786547126 10.255806395596647 6.2161058529120918 1.0000000180025095e-35 7.4522569137628674 17.950000000000003
decision_type=8 8 2 2 10 2 2 2 2 2 2 2 2 10
left_child=1 3 -3 4 7 9 -7 -1 -9 10 11 -6 -13 -14
right_child=-2 2 -4 -5 5 6 -8 8 -10 -11 -12 12 13 -15
leaf_value=1.7750543504269999e-16 2.8131891408453871e-18 6.3018300810452412e-18 2.5023485170720846e-12 9.0110664430538927e-14 -8.8950747335641317e-19 1.9503913206133001e-13 -6.5048923045343071e-12 -1.9529901224482257e-15 2.5382450379798857e-13 -4.1278520533658366e-15 -1.542262063461894e-14 7.0299170278103821e-17 2.656723505167325e-16 -4.9789862589515778e-15
leaf_weight=145 26 63 248 3172 114 104 94 226 56 291 40 127 41 48
leaf_count=145 26 63 248 3172 114 104 94 226 56 291 40 127 41 48
internal_value=0.000159508 9.1195e-05 0.00206731 -4.70958e-05 -0.000862471 -0.00214535 0.0019598 0.00171729 -0.000106007 -0.00337613 -0.00161725 -0.000543807 0.00152074 -0.0025
internal_weight=4795 4769 311 4458 1286 859 198 427 282 661 370 330 216 89
internal_count=4795 4769 311 4458 1286 859 198 427 282 661 370 330 216 89
is_linear=0
shrinkage=0.03


Tree=507
num_leaves=15
num_cat=0
split_feature=8 13 0 7 0 13 0 8 1 7 0 13 13 2
split_gain=5.14551 2.76995 4.69724 1.84467 2.81266 1.98092 3.44947 4.88618 2.28068 2.02043 1.78346 1.34747 1.32439 1.46843
threshold=110.12000000000002 2.5624635244952301 11.808157055263347 4.6500000000000012 10.064276837124723 2.6800287070211639 1.0000000180025095e-35 32.95000000000001 1.0000000180025095e-35 5.6500000000000012 6.9090007265537734 2.5129805883025811 1.9569847259068189 12.71972896264368
decision_type=8 8 2 2 2 10 2 10 2 2 2 10 10 2
left_child=1 2 11 4 -3 8 7 -7 -5 -10 -2 -1 -4 -14
right_child=10 3 12 5 -6 6 -8 -9 9 -11 -12 -13 13 -15
leaf_value=-5.7966882218199618e-14 2.655189833591343e-18 6.0469609467723541e-20 -0.00057334818119297631 6.1127768546397726e-18 -7.3078666616933414e-16 9.4018928208298432e-18 1.6051120727363594e-17 -1.1801499079156412e-18 2.5367436729717223e-13 -3.3540806479436849e-14 4.1044931069438379e-09 -1.4424543319391465e-17 -3.5880249225068258e-15 0.032822289322776824
leaf_weight=105 28 141 23 46 149 25 3551 47 145 220 23 47 259 42
leaf_count=105 28 141 23 46 149 25 3551 47 145 220 23 47 259 42
internal_value=0.000132935 3.12435e-05 -0.00213836 0.00027052 0.00257732 0.000104089 -0.000120033 -0.00657534 0.00207524 0.00127049 0.00951923 -0.00647059 -9.23077e-05 0.00044702
internal_weight=4851 4800 476 4324 290 4034 3623 72 411 365 51 152 324 301
internal_count=4851 4800 476 4324 290 4034 3623 72 411 365 51 152 324 301
is_linear=0
shrinkage=0.03


Tree=508
num_leaves=15
num_cat=0
split_feature=12 4 3 3 13 13 3 3 3 7 3 13 7 10
split_gain=5.34519 1.49629 1.28983 0.929501 1.97098 3.66391 1.55004 1.86983 1.46696 1.29648 1.29488 1.06335 1.0359 0.975766
threshold=inf 4.1311504708937248 12.901125060661078 10.318066383730821 4.0324179804245857 3.8273729303508843 10.532313754138151 10.981522830854408 9.9848483054625294 5.5500000000000007 11.266691892654068 1.8733488963228733 5.9350000000000014 0.25881904510252057
decision_type=8 2 2 2 10 8 2 2 2 2 2 10 2 2
left_child=1 2 3 8 5 6 -5 -8 11 -9 -11 13 -12 -1
right_child=-2 -3 -4 4 -6 -7 7 9 -10 10 12 -13 -14 -15
leaf_value=-2.8018612792309493e-10 5.9293935490005792e-18 -1.0192808996903242e-09 0.010092365321580251 -1.9301475893334405e-07 -0.00016565674178310919 2.4259801245422938e-05 9.0116806735202701e-09 -3.9840217487554636e-05 5.7589468871114012e-09 -1.0553484339466984e-07 5.9586297191551899e-06 5.3293670018710111e-18 -2.5636162291203051e-07 2.0363970413675544e-11
leaf_weight=58 40 1230 24 22 35 26 41 22 56 26 35 3145 30 33
leaf_count=58 40 1230 24 22 35 26 41 22 56 26 35 3145 30 33
internal_value=0.000189677 9.7199e-05 0.000409398 0.00036119 -0.00144958 -0.000295567 -0.00186441 -0.000774194 0.000491953 -0.00276316 -0.0011413 0.000407785 0.00113636 -0.00277174
internal_weight=4823 4783 3553 3529 237 202 176 154 3292 113 91 3236 65 91
internal_count=4823 4783 3553 3529 237 202 176 154 3292 113 91 3236 65 91
is_linear=0
shrinkage=0.03


Tree=509
num_leaves=15
num_cat=0
split_feature=12 0 13 7 5 13 1 0 0 13 1 0 13 1
split_gain=5.72584 4.69641 9.18278 11.7568 1.0757 2.11337 1.76814 1.77446 1.48774 1.14974 1.31799 1.52206 1.34064 0.916226
threshold=inf 1.0000000180025095e-35 2.5129805883025811 5.9350000000000014 8.6690806711741057 3.6382257342664466 15.740864622504043 16.804986220296342 16.028449887560164 3.6257579348316238 14.926036693408292 15.703486992599593 2.8646183001075403 10.343023884819319
decision_type=8 2 8 2 2 8 2 2 2 8 2 2 10 2
left_child=1 2 -1 -4 6 -6 7 9 -8 10 13 -12 -13 -3
right_child=-2 4 3 -5 5 -7 8 -9 -10 -11 11 12 -14 -15
leaf_value=1.7244220422165411e-15 5.7515117425305617e-18 -2.6234361947082548e-16 -3.9343710404119795e-19 2.2894859753156085e-18 0.03529578910249697 -0.0067460272247255211 3.2435038386436665e-05 1.7494952690056485e-05 -0.0014396991073820909 8.7095920439835265e-16 -0.0012604665557890808 -0.0005859827665838143 1.0789321643965147e-05 1.0050634985277684e-14
leaf_weight=22 44 939 108 55 67 21 29 59 62 952 56 28 41 2324
leaf_count=22 44 939 108 55 67 21 29 59 62 952 56 28 41 2324
internal_value=1.5599e-05 -8.50126e-05 -0.00475806 -0.00722561 0.000104826 0.00337079 4.00802e-05 0.000126136 -0.00407609 5.52868e-05 -0.0002036 -0.00321429 -0.000214286 -8.73162e-05
internal_weight=4807 4763 185 163 4578 88 4490 4399 91 4340 3388 125 69 3263
internal_count=4807 4763 185 163 4578 88 4490 4399 91 4340 3388 125 69 3263
is_linear=0
shrinkage=0.03


Tree=510
num_leaves=15
num_cat=0
split_feature=12 7 1 13 1 1 2 2 1 4 1 1 3 4
split_gain=5.35736 3.43405 2.58916 6.75759 2.22253 1.94535 4.23829 3.7674 3.53713 3.19532 2.1823 2.1177 2.08621 2.19257
threshold=inf 5.2500000000000009 1.0000000180025095e-35 2.5129805883025811 1.0000000180025095e-35 10.760394418379887 9.8656927424292089 8.6966738175875893 13.06623948182053 3.2864907994982535 11.771725514521558 8.5005025375583916 8.3635166492114195 1.3195286648076296
decision_type=8 2 2 10 2 2 2 2 2 2 2 2 2 2
left_child=1 2 3 -1 -3 7 8 11 9 -7 -8 -6 13 -13
right_child=-2 4 -4 -5 5 6 10 -9 -10 -11 -12 12 -14 -15
leaf_value=1.672689380950045e-15 5.5789663902546449e-18 2.3787795676017342e-18 -5.246865517999802e-16 -4.6044593453311222e-19 8.8851767314529109e-16 7.6217182643120383e-13 -8.4384391396338516e-11 2.3653116651557829e-13 -1.1578166106240294e-11 -1.9097230362182903e-12 4.0323565799778358e-10 -1.0334197261514702e-14 -7.7195296649467964e-08 3.8959690205212832e-13
leaf_weight=36 40 113 708 180 165 598 201 305 185 190 1556 435 22 83
leaf_count=36 40 113 708 180 165 598 201 305 185 190 1556 435 22 83
internal_value=0.00017746 8.47635e-05 -0.00155676 -0.00442396 0.000478723 0.000352847 0.000768949 -0.000771513 0.00235626 0.00323194 -0.000110922 -0.00197592 -0.00288355 -0.00248555
internal_weight=4817 4777 924 216 3853 3740 2730 1010 973 788 1757 705 540 518
internal_count=4817 4777 924 216 3853 3740 2730 1010 973 788 1757 705 540 518
is_linear=0
shrinkage=0.03


Tree=511
num_leaves=15
num_cat=0
split_feature=7 0 13 1 0 2 1 2 2 9 13 9 13 7
split_gain=2.89699 8.34325 8.44114 6.41862 4.58633 3.46743 5.42264 3.47444 2.55221 2.30247 2.06884 1.9479 1.81337 1.71807
threshold=5.2500000000000009 1.0000000180025095e-35 2.5552851087704824 1.0000000180025095e-35 10.064276837124723 3.0795476942459667 12.265237366968448 7.5422084027179102 1.3195286648076296 0.96477813974884574 2.8877984811013975 0.68038659897100973 3.4011867285199036 4.7500000000000009
decision_type=2 2 10 2 2 2 2 2 2 2 10 2 10 2
left_child=1 2 -1 11 8 6 9 -7 10 -6 13 -2 -12 -3
right_child=3 4 -4 -5 5 7 -8 -9 -10 -11 12 -13 -14 -15
leaf_value=1.6218883897628518e-15 5.4115973985470066e-18 1.1833981294432048e-16 -4.8226765584417736e-19 7.4031254691581993e-16 -4.4155844906585875e-15 2.1765434002798261e-13 8.348982474748561e-13 -2.9177575821096653e-11 -2.8151021397584622e-15 3.6343064219839401e-14 1.0093610711595928e-16 1.0732804696960917e-18 3.5918770791540523e-17 -4.4493601372039434e-15
leaf_weight=26 102 37 85 3755 190 66 43 231 42 22 62 38 58 26
leaf_count=26 102 37 85 3755 190 66 43 231 42 22 62 38 58 26
internal_value=-4.07609e-05 -0.00158605 -0.00924107 0.000311858 -0.000482005 -0.00195298 -0.00451172 0.000251678 0.00311947 -0.00647887 0.00464674 0.00659574 0.00694215 0.000234375
internal_weight=4783 888 111 3895 777 552 255 297 225 212 183 140 120 63
internal_count=4783 888 111 3895 777 552 255 297 225 212 183 140 120 63
is_linear=0
shrinkage=0.03


Tree=512
num_leaves=15
num_cat=0
split_feature=8 12 0 13 7 0 2 2 1 1 0 0 0 13
split_gain=3.72565 3.06808 5.70217 13.0459 6.48901 1.93764 3.19391 2.46357 3.33387 4.28103 3.14157 5.51843 4.05874 3.83501
threshold=345.80000000000007 inf 1.0000000180025095e-35 2.5129805883025811 5.9350000000000014 8.9114951844051635 6.0844676303702716 4.7854040570768062 12.200419114747076 13.025457556577793 13.176460422281679 14.453577537246224 10.064276837124723 4.3363429900989479
decision_type=8 8 2 8 2 2 2 2 2 2 2 2 2 8
left_child=1 2 3 -1 -5 6 -4 8 10 -10 12 -12 -7 -14
right_child=-2 -3 5 4 -6 7 -8 -9 9 -11 11 -13 13 -15
leaf_value=1.5738520478286581e-15 2.2251503827583785e-18 5.249249476590596e-18 6.525626520841299e-17 -9.2424160293943464e-19 1.5068020650318701e-18 1.4655441161259272e-16 -1.6422616448141348e-14 6.7002991554465001e-14 8.5305664079336597e-13 -3.8305437556189469e-11 1.0288732096433583e-13 -8.0153792056726981e-11 -4.2494289967787728e-15 1.097333811352809e-14
leaf_weight=24 23 35 210 97 39 127 105 3514 80 54 50 24 370 27
leaf_count=24 23 35 210 97 39 127 105 3514 80 54 50 24 370 27
internal_value=8.4728e-05 2.5226e-05 -4.12961e-05 -0.00559006 -0.00919708 0.000154537 0.00242089 -1.41276e-05 -0.00159618 0.00266667 -0.00255426 0.0032 -0.00337143 -0.00486181
internal_weight=4779 4756 4721 160 136 4561 315 4246 732 134 598 74 524 397
internal_count=4779 4756 4721 160 136 4561 315 4246 732 134 598 74 524 397
is_linear=0
shrinkage=0.03


Tree=513
num_leaves=15
num_cat=0
split_feature=8 12 0 13 7 0 2 2 0 0 1 9 0 8
split_gain=4.63613 3.99731 6.78461 9.64974 6.50182 1.42202 3.43549 1.84601 7.01591 6.70017 6.48501 2.95031 2.73474 4.55955
threshold=345.80000000000007 inf 1.0000000180025095e-35 2.5129805883025811 5.9350000000000014 8.9114951844051635 3.0795476942459667 7.1548097161059294 12.944108442513649 14.398708089663387 12.239981190170202 0.99054812409674042 10.290236862821503 17.450000000000003
decision_type=8 8 2 8 2 2 2 2 2 2 2 2 2 10
left_child=1 2 3 -1 -5 6 -4 8 10 -10 11 12 13 -7
right_child=-2 -3 5 4 -6 7 -8 -9 9 -11 -12 -13 -14 -15
leaf_value=1.5266364863937984e-15 2.1583958712756269e-18 5.0917711542799343e-18 5.0792471096668225e-17 -4.044372787336105e-19 1.6984164789452339e-18 2.5364240286417978e-16 -5.0232919665951817e-15 8.6324866195219433e-14 2.1946381365616235e-13 -6.5190589248235675e-12 8.4586998736618213e-13 4.0194370440613348e-14 -6.87456419630493e-15 -5.9390381400073663e-15
leaf_weight=20 23 36 174 100 41 125 144 3257 185 109 38 32 493 78
leaf_count=20 23 36 174 100 41 125 144 3257 185 109 38 32 493 78
internal_value=-2.78007e-05 -9.31099e-05 -0.000168856 -0.0062037 -0.00897887 4.20621e-05 0.00197492 -0.000100741 -0.00118756 0.00274576 -0.00269883 -0.00333333 -0.00374462 -0.000808824
internal_weight=4855 4832 4796 161 141 4635 318 4317 1060 294 766 728 696 203
internal_count=4855 4832 4796 161 141 4635 318 4317 1060 294 766 728 696 203
is_linear=0
shrinkage=0.03


Tree=514
num_leaves=15
num_cat=0
split_feature=12 0 8 0 8 12 7 0 9 8 0 7 8 10
split_gain=5.69938 5.28766 9.68874 2.27125 2.1749 2.9065 1.56949 1.48998 1.46048 1.39958 2.48014 2.17633 1.86868 1.30531
threshold=inf 1.0000000180025095e-35 129.98500000000004 8.9114951844051635 32.95000000000001 1.0000000180025095e-35 4.7500000000000009 9.0778080360824003 0.25037047035109428 33.850000000000001 9.8058461717950998 5.8500000000000005 39.850000000000001 0.49810825183760399
decision_type=8 2 10 2 10 10 2 2 2 10 2 2 10 2
left_child=1 2 4 6 -1 8 -3 -5 -6 13 12 -12 -11 -9
right_child=-2 3 -4 7 5 -7 -8 9 -10 10 11 -13 -14 -15
leaf_value=-1.4662511302441963e-18 4.9390188576644807e-18 5.7462533852867931e-17 1.9482594142200313e-18 -7.626423909575102e-15 -1.2236480727987354e-18 -3.1349221675845199e-19 8.5335041197686322e-17 3.8682230977252e-16 1.4795967722846009e-15 -3.1841269330139714e-13 5.2732626785977433e-13 1.3743771310252137e-14 2.5069224773598952e-15 -6.8065540883322473e-15
leaf_weight=36 41 66 20 37 29 81 245 2095 20 22 391 504 26 1207
leaf_count=36 41 66 20 37 29 81 245 2095 20 22 391 504 26 1207
internal_value=6.84505e-05 -2.82427e-05 -0.00497326 0.000173052 -0.00736527 -0.00916031 0.00264423 -7.00444e-06 -0.0033 4.59256e-05 0.00106462 0.00142299 -0.0055102 -0.000245232
internal_weight=4820 4779 186 4593 166 130 311 4282 49 4245 943 895 48 3302
internal_count=4820 4779 186 4593 166 130 311 4282 49 4245 943 895 48 3302
is_linear=0
shrinkage=0.03


Tree=515
num_leaves=15
num_cat=0
split_feature=12 8 0 13 7 0 13 7 13 13 0 0 13 0
split_gain=6.40832 3.76944 6.48635 8.03489 5.88126 1.57916 2.16498 1.7934 1.40145 2.19012 1.22641 1.89372 2.38547 2.62446
threshold=inf 345.80000000000007 1.0000000180025095e-35 2.5129805883025811 5.9350000000000014 8.9114951844051635 2.4997937795698415 4.7500000000000009 2.9725818666643575 3.0659318822730923 11.621407602475264 11.216111817780208 4.4135874034192497 10.290236862821503
decision_type=8 8 2 10 2 2 8 2 8 8 2 2 8 2
left_child=1 2 3 -1 -5 6 -4 -8 -9 -10 11 12 -7 -14
right_child=-2 -3 5 4 -6 10 7 8 9 -11 -12 -13 13 -15
leaf_value=1.4638125923733779e-15 4.790848291934546e-18 2.0351962127107569e-18 -5.6480517951543825e-14 -9.26442515775702e-19 1.5907615073811729e-18 -9.3690785663925381e-16 4.5965112383511181e-17 4.2578384649609239e-16 -1.1434621551035048e-14 5.1833188191042937e-17 2.8159509220720021e-15 -2.2522541285565434e-14 -5.6108936625019166e-15 3.4533920413681332e-11
leaf_weight=20 41 23 20 102 38 787 66 53 23 159 3187 244 21 20
leaf_count=20 41 23 20 102 38 787 66 53 23 159 3187 244 21 20
internal_value=0.000118626 1.57431e-05 -4.42945e-05 -0.00596273 -0.00851064 0.00016372 0.00218944 0.00283113 0.00158898 0.000327869 1.05634e-05 -0.000866729 -0.000180941 0.00678571
internal_weight=4804 4763 4740 160 140 4580 321 301 235 182 4259 1072 828 41
internal_count=4804 4763 4740 160 140 4580 321 301 235 182 4259 1072 828 41
is_linear=0
shrinkage=0.03


Tree=516
num_leaves=15
num_cat=0
split_feature=12 8 2 7 0 0 8 9 12 10 8 9 8 0
split_gain=5.32387 3.64535 2.60148 1.44638 2.3936 2.16162 2.38606 2.24967 1.66874 1.59027 1.47364 2.62842 1.58774 1.95957
threshold=inf 218.45000000000002 13.628531947798166 4.6500000000000012 10.064276837124723 1.0000000180025095e-35 32.95000000000001 1.0000000180025095e-35 1.5000000000000002 -0.50188698852276337 32.650000000000013 -0.74313775127426573 52.20000000000001 10.918355753184782
decision_type=8 8 2 2 2 2 10 2 10 2 10 2 10 2
left_child=1 2 3 4 8 6 -5 -8 9 -1 -7 -12 -13 -14
right_child=-2 -3 -4 5 -6 10 7 -9 -10 -11 11 12 13 -15
leaf_value=8.4980864203006205e-21 4.647122843176509e-18 1.900491348940868e-18 -0.00082610569044187906 8.1171637399475214e-18 -2.0272214513791535e-16 -5.9593630297260277e-16 -1.4893061136680127e-18 -7.8124501333177782e-19 -4.8813466544788455e-21 2.9202469752898015e-17 7.596613396191109e-13 5.1387934982007741e-15 1.31201998689271e-12 -2.0873024353917435e-07
leaf_weight=34 40 26 200 31 167 3082 34 29 45 89 224 756 25 48
leaf_count=34 40 26 200 31 167 3082 34 29 45 89 224 756 25 48
internal_value=0.000211136 0.000118973 5.66632e-05 0.000203724 0.00209821 5.31915e-05 -0.00442105 -0.00773437 0.00461538 0.00641129 0.000155948 0.00112429 0.000343373 -0.00385135
internal_weight=4830 4790 4764 4564 335 4229 94 63 168 123 4135 1053 829 73
internal_count=4830 4790 4764 4564 335 4229 94 63 168 123 4135 1053 829 73
is_linear=0
shrinkage=0.03


Tree=517
num_leaves=15
num_cat=0
split_feature=12 7 1 13 1 13 12 10 7 13 13 10 3 1
split_gain=5.18254 2.87327 4.8685 6.82487 2.24014 2.67799 2.17209 2.97548 2.11503 2.0988 2.01475 1.97539 1.92331 2.23283
threshold=inf 5.2500000000000009 1.0000000180025095e-35 2.5199073249801383 11.257219979446086 2.8524258917079828 1.5000000000000002 1.0000000180025095e-35 4.6500000000000012 3.2491140255292739 3.2100781839411621 -0.70710678118654757 5.6356816640660012 8.8823569973311773
decision_type=8 2 2 10 2 8 10 2 2 10 10 2 2 2
left_child=1 2 3 -1 5 8 -7 -8 -4 10 -3 -5 -11 -14
right_child=-2 9 4 11 -6 6 7 -9 -10 12 -12 -13 13 -15
leaf_value=1.4058908277601708e-15 4.5077091578812138e-18 -1.8974800004532261e-16 5.7225741011463157e-16 -5.3856612079035456e-19 -1.8239243399928201e-14 4.1962080771586351e-16 2.6060802497173301e-16 -2.2373788570423856e-15 -6.2849389616905921e-15 1.9720928990009455e-15 -2.9796247991074274e-12 -1.455247846763016e-18 -3.4760939541381023e-10 8.165767963037965e-12
leaf_weight=33 42 2423 32 44 378 116 54 47 65 621 68 120 27 727
leaf_count=33 42 2423 32 44 378 116 54 47 65 621 68 120 27 727
internal_value=9.69154e-05 3.15391e-06 -0.00153371 -0.00568182 -0.00034632 0.00152381 0.00337156 0.000147059 -0.00260204 0.000356866 -0.00016252 -0.00818182 0.00129724 0.000278146
internal_weight=4797 4755 889 197 692 314 217 101 97 3866 2491 164 1375 754
internal_count=4797 4755 889 197 692 314 217 101 97 3866 2491 164 1375 754
is_linear=0
shrinkage=0.03


Tree=518
num_leaves=15
num_cat=0
split_feature=0 8 1 9 8 0 8 8 7 2 10 7 7 0
split_gain=3.80231 4.95642 1.36449 1.33516 1.28922 1.25947 1.14174 1.6924 1.41805 1.43505 1.38508 1.73646 1.68389 1.51222
threshold=7.8844756404688594 23.450000000000003 6.6842776316976682 0.49052240080021109 10.24 1.0000000180025095e-35 33.050000000000004 32.050000000000004 6.0100000000000007 8.2863324211060849 -0.92133537133009236 6.7500000000000009 5.0500000000000007 14.733102304254269
decision_type=2 10 2 2 10 2 8 10 2 2 2 2 2 2
left_child=1 4 3 -3 -1 -6 7 -2 9 -9 -8 12 -12 -14
right_child=6 2 -4 -5 5 -7 10 8 -10 -11 11 -13 13 -15
leaf_value=-1.0302361932288717e-17 -5.6725872382923635e-16 -1.4040797717347686e-18 -2.289326095609819e-15 -7.7907494805291585e-19 4.3724778831447772e-18 8.9934946644613744e-18 -3.0097912581541202e-13 -1.9028247392273532e-14 -8.6511147666357303e-08 5.5790283424600122e-13 -4.7439946193907004e-14 -3.6013892338495468e-08 1.4677404139329211e-13 1.8603807997638489e-08
leaf_weight=81 3261 128 40 64 25 27 127 49 22 49 28 132 599 105
leaf_count=81 3261 128 40 64 25 27 127 49 22 49 28 132 599 105
internal_value=-0.000218447 -0.00315574 -0.00579399 -0.00683938 0.00145522 0.00509434 2.74411e-05 -0.000235068 -0.00371901 -0.00212121 0.000922379 0.0013526 0.0019236 0.00221277
internal_weight=4737 365 232 192 133 52 4372 3381 120 98 991 864 732 704
internal_count=4737 365 232 192 133 52 4372 3381 120 98 991 864 732 704
is_linear=0
shrinkage=0.03


Tree=519
num_leaves=15
num_cat=0
split_feature=12 0 13 8 4 8 9 4 0 9 3 1 13 13
split_gain=5.80283 6.50139 10.2686 1.9233 1.83468 1.4018 1.5083 1.39723 1.56444 1.42619 2.47181 1.39313 1.3763 1.17423
threshold=inf 1.0000000180025095e-35 2.5129805883025811 32.95000000000001 6.5316051642715482 47.050000000000004 -0.26302871059038929 6.8554086598137056 14.687257649141923 -0.79335334029123528 11.909103993433492 16.327516338170973 2.3510075547425333 3.7548583707494827
decision_type=8 2 8 10 2 8 2 2 2 2 2 2 8 8
left_child=1 2 -1 -4 5 -3 -7 -6 -9 10 -10 12 -11 -5
right_child=-2 4 3 13 7 6 -8 8 9 11 -12 -13 -14 -15
leaf_value=1.3637374751758071e-15 4.5745506308471702e-18 6.9606600815270471e-17 -2.7840849701868961e-17 -8.1141174374229694e-19 -8.0469664891539318e-07 6.1781657584231379e-09 6.7838525955929133e-13 1.2300642655539791e-07 -2.9717578277636148e-05 -0.004608493493676335 -0.013024244387279772 0.031124478112873874 -0.00043185747393402094 -5.7237298570405276e-17
leaf_weight=22 44 3655 32 91 32 49 76 405 43 25 26 25 265 34
leaf_count=22 44 3655 32 91 32 49 76 405 43 25 26 25 265 34
internal_value=-5.59585e-05 -0.000156871 -0.00575 -0.00844937 6.19296e-05 0.00034118 0.00345238 -0.00122263 -0.000968354 -0.00233766 -0.00621429 -0.00147152 -0.00206186 -0.010119
internal_weight=4824 4780 179 157 4601 3780 125 821 789 384 69 315 290 125
internal_count=4824 4780 179 157 4601 3780 125 821 789 384 69 315 290 125
is_linear=0
shrinkage=0.03


Tree=520
num_leaves=15
num_cat=0
split_feature=12 0 1 9 7 2 5 2 8 0 0 7 9 1
split_gain=5.87766 5.17641 2.27734 1.86407 2.65167 1.13853 1.73819 1.26109 3.44837 2.97788 4.44487 2.71966 2.69735 2.42175
threshold=inf 6.116278168054575 6.6842776316976682 -0.71017861517036496 4.7500000000000009 13.562794308820665 6.9023815047087558 7.1548097161059294 11.950000000000001 12.882186761573896 14.246642349107974 6.0100000000000007 -0.42261423871944315 9.9778868888555383
decision_type=8 2 2 2 2 2 2 2 10 2 2 2 2 2
left_child=1 2 3 -1 -5 6 7 8 11 12 -11 13 -10 -3
right_child=-2 5 -4 4 -6 -7 -8 -9 9 10 -12 -13 -14 -15
leaf_value=-5.9803128911979076e-18 4.5011353779219294e-18 2.5048874721406182e-16 1.9196067564227431e-14 -1.6602555351559056e-19 -5.5585256431697246e-17 -0.00044702063971355032 -0.0024926262820153229 5.3185511862798533e-13 -6.8712783532458015e-15 1.8620631904795137e-13 -7.6344088605110625e-12 2.1368243187559356e-14 -8.5000671521949826e-16 -4.5754575820308183e-15
leaf_weight=41 39 176 27 83 77 231 117 2916 195 124 86 88 329 222
leaf_count=41 39 176 27 83 77 231 117 2916 195 124 86 88 329 222
internal_value=0.000173611 7.63845e-05 -0.00432314 -0.00542079 -0.00391304 0.000301003 0.000412553 0.000514866 -0.00029484 -0.00159184 0.0014218 0.00166324 -0.0028 0.000601504
internal_weight=4751 4712 228 201 160 4484 4253 4136 1220 734 210 486 524 398
internal_count=4751 4712 228 201 160 4484 4253 4136 1220 734 210 486 524 398
is_linear=0
shrinkage=0.03


Tree=521
num_leaves=15
num_cat=0
split_feature=12 0 13 2 13 8 13 10 8 13 10 7 4 13
split_gain=5.36372 3.42576 2.83288 2.83589 2.40568 1.8234 2.21411 2.22496 1.30183 2.13206 3.1599 2.22282 2.13902 1.13808
threshold=inf 6.116278168054575 2.5129805883025811 2.6910994252643698 2.9188222859550987 41.45000000000001 3.8470484588209435 -0.50188698852276337 33.850000000000001 3.2245348860852139 -0.50188698852276337 5.8500000000000005 2.9040712449902224 2.8179377420832226
decision_type=8 2 10 2 10 10 10 2 8 10 2 2 2 10
left_child=1 2 -1 4 -4 6 7 -6 -3 13 11 -11 -12 -10
right_child=-2 8 3 -5 5 -7 -8 -9 9 10 12 -13 -14 -15
leaf_value=1.3094837349189752e-15 4.2384587845839232e-18 -3.388728078334634e-17 -1.5824496323639076e-17 3.7172869135948933e-14 7.2301498998939659e-20 -5.3987506667055491e-17 1.7334750468606848e-18 -7.6380384943839369e-19 1.0211326888549962e-12 4.7054615146051404e-10 6.0552373870300831e-10 -1.9226879471356468e-10 -6.703336335686424e-08 -2.1923322857481099e-14
leaf_weight=24 46 3529 40 24 22 26 37 53 275 38 196 68 27 406
leaf_count=24 46 3529 40 24 22 26 37 53 275 38 196 68 27 406
internal_value=0.000127805 2.83256e-05 -0.00356828 -0.00472906 -0.00603352 -0.00410072 -0.00238938 -0.00532895 0.00020815 0.00115727 0.00313636 -0.0011215 0.00515625 0.000197947
internal_weight=4811 4765 226 202 178 138 112 75 4539 1010 329 106 223 681
internal_count=4811 4765 226 202 178 138 112 75 4539 1010 329 106 223 681
is_linear=0
shrinkage=0.03


Tree=522
num_leaves=15
num_cat=0
split_feature=13 1 1 13 10 13 10 1 8 9 2 1 9 4
split_gain=1.52447 4.02063 2.93291 4.78714 3.10896 1.74489 1.28593 0.878012 2.30329 4.09058 3.29076 2.09257 1.96071 1.92158
threshold=1.0000000180025095e-35 5.5814374797399795 1.0000000180025095e-35 2.5129805883025811 -0.95370787205023244 2.8147950402180517 0.8849792130185743 10.321753493209563 11.950000000000001 0.96477813974884574 9.2978474552171928 9.3894483948916641 0.78524965087410314 2.9040712449902224
decision_type=10 2 2 10 2 10 2 2 10 2 2 2 2 2
left_child=1 -1 3 -2 -5 -6 -7 8 9 11 13 -4 -12 -10
right_child=2 -3 7 4 5 6 -8 -9 10 -11 12 -13 -14 -15
leaf_value=4.111305021046405e-18 1.2837163736767674e-15 5.0530231150682282e-12 4.4001595209274073e-16 8.6727771778206752e-19 -4.5041442712587833e-17 -7.4088973395524195e-19 -4.8677314155022032e-17 2.0351774173814304e-15 -6.6523506268071352e-15 -1.2594990727749855e-14 1.0398981999226221e-12 -1.731761373011887e-15 2.1324892588167226e-09 3.1204025695032905e-12
leaf_weight=36 26 149 156 39 38 161 28 3268 545 25 80 86 20 64
leaf_count=36 26 149 156 39 38 161 28 3268 545 25 80 86 20 64
internal_value=-0.000162008 0.0025 -0.000271104 -0.00317406 -0.00438202 -0.00572368 -0.0045 -7.06714e-05 -0.000859775 0.00151119 -0.00175352 0.00271605 0.00326733 -0.00258197
internal_weight=4721 185 4536 292 266 227 189 4244 976 267 709 242 100 609
internal_count=4721 185 4536 292 266 227 189 4244 976 267 709 242 100 609
is_linear=0
shrinkage=0.03


Tree=523
num_leaves=15
num_cat=0
split_feature=12 1 10 2 1 0 8 3 13 0 13 13 1 4
split_gain=4.18246 2.58323 3.40656 1.57967 1.87337 1.69163 1.51988 3.009 3.47715 3.37455 2.47428 2.96215 3.42886 1.9244
threshold=inf 10.321753493209563 -0.99172490552676262 13.562794308820665 14.215104513792967 14.602285459743063 27.250000000000004 5.8964665823051581 2.5199073249801383 5.4270898555638087 2.6589040277496108 3.28953447723431 8.4094347745150468 5.6895141455851075
decision_type=8 2 2 2 2 2 10 2 10 2 8 10 2 2
left_child=1 2 -1 -3 -5 -6 10 8 9 -8 -4 12 -12 -14
right_child=-2 3 6 4 5 -7 7 -9 -10 -11 11 -13 13 -15
leaf_value=1.2749047921197894e-15 3.9879658704150127e-18 1.8072755287476336e-14 -6.3293922203864311e-15 -0.0010032162199535583 0.017666560551846466 -0.00058383681596939861 1.2743819172086126e-15 2.587449825392666e-14 -5.3913185541473925e-17 -5.4238599446969723e-14 4.6766463684852183e-16 -6.1333780372178659e-17 6.7127103344127255e-16 -5.4130698225877442e-07
leaf_weight=51 39 3159 118 22 37 175 22 164 379 23 82 293 199 20
leaf_count=51 39 3159 118 22 37 175 22 164 379 23 82 293 199 20
internal_value=-0.000285326 -0.000366702 -0.00147559 7.51326e-05 -0.00229787 -0.00140845 -0.00177556 -0.00290323 -0.00423529 0.00358696 -0.000841515 -5.04202e-05 0.00203642 6.81818e-05
internal_weight=4783 4744 1351 3393 234 212 1300 588 424 45 712 594 301 219
internal_count=4783 4744 1351 3393 234 212 1300 588 424 45 712 594 301 219
is_linear=0
shrinkage=0.03


Tree=524
num_leaves=15
num_cat=0
split_feature=0 13 13 13 1 9 2 4 4 13 2 1 13 2
split_gain=5.6932 4.0114 4.87655 9.72724 1.78769 2.89912 3.10812 1.75545 4.93852 1.81801 1.63912 2.30702 1.53477 1.86531
threshold=1.0000000180025095e-35 3.6222784870652007 2.787327199079201 2.5199073249801383 10.206319808573818 0.96065577516212397 8.6131387235752594 6.3346060727249336 3.1462473185396318 2.2962338504263955 1.3195286648076296 1.0000000180025095e-35 4.5571266874014613 4.7854040570768062
decision_type=2 10 8 10 2 2 2 2 2 8 2 2 10 2
left_child=1 2 3 -1 5 7 -7 8 9 -2 11 -11 13 -6
right_child=4 -3 -4 -5 12 6 -8 -9 -10 10 -12 -13 -14 -15
leaf_value=1.2071439789874043e-15 -2.3209050021427599e-13 -5.0310232239815116e-17 1.7407182067801205e-18 -4.1750150818089445e-17 -3.8827114021726966e-15 -1.0950262338429298e-14 9.1342176324670011e-13 -5.0551912807526873e-07 1.1700915403306171e-09 -1.5621296614539905e-16 -9.858077995591797e-15 2.7491293085301939e-16 7.0631862363546945e-09 2.0669970069125861e-13
leaf_weight=25 28 47 112 30 390 109 27 35 55 126 429 274 100 3043
leaf_count=25 28 47 112 30 390 109 27 35 55 126 429 274 100 3043
internal_value=0.000111778 0.00488372 0.00705357 -0.000267857 -0.000110461 -0.0011762 -0.00525547 -0.000585443 -0.000328587 -0.000891608 -0.00063253 0.00074813 0.000216469 0.000109202
internal_weight=4830 214 167 55 4616 1083 136 947 912 857 829 400 3533 3433
internal_count=4830 214 167 55 4616 1083 136 947 912 857 829 400 3533 3433
is_linear=0
shrinkage=0.03


Tree=525
num_leaves=15
num_cat=0
split_feature=0 13 13 13 1 2 4 0 2 9 1 0 0 2
split_gain=3.72045 5.60203 3.55903 7.32286 1.49803 1.98381 3.62841 3.21482 1.91801 2.44985 3.11111 4.90181 2.29063 1.90269
threshold=1.0000000180025095e-35 3.6222784870652007 2.787327199079201 2.5199073249801383 10.292585399787676 6.2161058529120918 3.657109943711693 10.207676381449643 4.4630262662962101 0.90905222235081229 12.17577835662763 13.176460422281679 12.841298798648717 7.1548097161059294
decision_type=2 10 8 10 2 2 2 2 2 2 2 2 2 2
left_child=1 2 3 -1 5 7 13 -2 9 10 11 -6 -12 -7
right_child=4 -3 -4 -5 8 6 -8 -9 -10 -11 12 -13 -14 -15
leaf_value=1.1705885515433857e-15 1.5689230530668802e-16 -4.9173170776848854e-17 1.6697465158662609e-18 -3.6457496395320134e-17 -9.5549512580241537e-15 -2.5189845479445687e-14 1.2125066196289218e-09 -2.026227034088924e-15 2.3018143320866075e-13 3.6730955228258143e-14 8.7418736572131699e-13 6.7411433142259137e-14 -5.7028267960652814e-13 -9.6366314663569111e-14
leaf_weight=20 373 50 109 25 167 101 86 271 3070 44 20 36 102 329
leaf_count=20 373 50 109 25 167 101 86 271 3070 44 20 36 102 329
internal_value=-3.1224e-06 0.00395122 0.00677419 -0.000326087 -0.000179348 -0.00111111 -0.00249516 0 0.000135174 -0.00190541 -0.00280675 -0.00507353 0.00097561 -0.00361949
internal_weight=4803 204 154 45 4599 1160 516 644 3439 369 325 203 122 430
internal_count=4803 204 154 45 4599 1160 516 644 3439 369 325 203 122 430
is_linear=0
shrinkage=0.03


Tree=526
num_leaves=15
num_cat=0
split_feature=12 7 1 13 1 7 8 7 1 8 13 2 2 3
split_gain=4.7905 2.73732 2.96842 2.07387 1.88858 2.11281 1.69419 1.67164 2.57831 1.56881 1.93562 1.49568 1.59956 3.26517
threshold=inf 4.6500000000000012 10.015721617372547 3.6938852661230004 10.321753493209563 5.0500000000000007 2.0500000000000003 4.7500000000000009 6.6842776316976682 5.0450000000000008 3.1286472531342255 8.4856508155632664 3.9843328502331183 5.9814070371901584
decision_type=8 2 2 10 2 2 10 2 2 10 10 2 2 2
left_child=1 2 3 -1 6 -6 -3 8 -8 10 -7 12 -9 -14
right_child=-2 4 -4 -5 5 9 7 11 -10 -11 -12 -13 13 -15
leaf_value=5.2473162054698727e-18 3.8298342186233449e-18 1.8444685087692895e-12 -1.4329191064773247e-14 -2.2809673123791356e-17 -6.6048824011962063e-15 3.1174161475852514e-12 6.6035698327086599e-18 -4.2185089095458354e-17 -5.739392958121341e-15 1.5493168170215244e-13 -4.731198682793055e-07 6.4696948340124282e-14 -3.1301669819188946e-14 1.7648105082945004e-14
leaf_weight=153 46 20 133 32 220 70 37 440 29 2947 57 211 287 102
leaf_count=153 46 20 133 32 220 70 37 440 29 2947 57 211 287 102
internal_value=4.38871e-05 -5.06436e-05 0.00263323 0.00508065 -0.000244289 0.000118361 -0.00130435 -0.00146341 0.00313433 0.000321951 -0.00292969 -0.00175793 -0.00233133 -0.00373077
internal_weight=4784 4738 318 185 4420 3294 1126 1106 66 3074 127 1040 829 389
internal_count=4784 4738 318 185 4420 3294 1126 1106 66 3074 127 1040 829 389
is_linear=0
shrinkage=0.03


Tree=527
num_leaves=15
num_cat=0
split_feature=12 0 13 13 13 0 10 2 2 9 0 3 13 0
split_gain=4.92606 1.59808 5.24457 4.76866 7.48714 0.953318 1.61241 1.42147 4.25176 2.19485 1.73486 1.52937 1.40152 1.69093
threshold=inf 1.0000000180025095e-35 3.577943330978131 2.8248979694132115 2.5129805883025811 11.621407602475264 -0.9851631495917611 8.0065339982813537 4.4630262662962101 -0.71017861517036496 11.251076239526439 6.5261270843795698 3.1226745502819289 8.6786669137668664
decision_type=8 2 8 10 10 2 2 2 2 2 2 2 10 2
left_child=1 2 3 4 -1 6 -3 8 10 -9 -8 -10 13 -11
right_child=-2 5 -4 -5 -6 -7 7 9 11 12 -12 -13 -14 -15
leaf_value=1.1352727879021028e-15 3.6511179260644703e-18 1.9023071650170832e-15 -4.5629653649096902e-17 1.416186779122886e-18 -3.9561340887851253e-17 2.0909141852436451e-15 3.5558057706958475e-17 1.1205523658973025e-12 -3.6471652907563299e-14 -1.7227237008177733e-11 -4.1350209665080777e-15 2.6307703829062195e-14 7.8077558360981493e-13 -4.9552576919972728e-14
leaf_weight=20 41 65 60 73 29 3160 439 105 265 20 45 44 137 302
leaf_count=20 41 65 60 73 29 3160 439 105 265 20 45 44 137 302
internal_value=0.000127965 3.77754e-05 0.00278689 0.00634146 -0.0009 -7.20052e-05 -0.000716796 -0.000938881 -0.00175693 0.000212389 0 -0.0045 -0.000684783 -0.00176471
internal_weight=4805 4764 182 122 49 4582 1422 1357 793 564 484 309 459 322
internal_count=4805 4764 182 122 49 4582 1422 1357 793 564 484 309 459 322
is_linear=0
shrinkage=0.03


Tree=528
num_leaves=15
num_cat=0
split_feature=12 8 7 1 12 10 1 2 8 1 10 7 12 3
split_gain=5.00637 1.94533 1.26569 2.48358 2.08658 1.83266 1.67249 1.261 1.18607 1.07788 2.25407 1.61334 1.67246 1.65738
threshold=inf 218.45000000000002 4.6500000000000012 11.257219979446086 2.5000000000000004 -0.5 11.771725514521558 7.0490338225425244 21.850000000000005 10.292585399787676 -0.99172490552676262 4.9500000000000011 1.0000000180025095e-35 9.511888355722272
decision_type=8 10 2 2 10 2 2 2 10 2 2 2 10 2
left_child=1 2 3 4 5 8 -5 -8 -1 10 -4 12 -12 -13
right_child=-2 -3 9 6 -6 -7 7 -9 -10 -11 11 13 -14 -15
leaf_value=4.5203517851074502e-16 3.60540565428271e-18 -4.4998538846845288e-17 1.3822978854394264e-13 -2.3910824356747803e-14 -2.9143315228967067e-17 6.2767369459413146e-18 2.1867568741604986e-14 -7.5413150764013182e-11 -3.4334350762989091e-17 1.1901909112841944e-14 -5.8897254330031373e-17 -3.3954789409328461e-15 3.7565773504829817e-18 1.4524823808066852e-08
leaf_weight=28 44 24 45 22 39 119 54 30 33 3326 92 824 96 37
leaf_count=28 44 24 45 22 39 119 54 30 33 3326 92 824 96 37
internal_value=4.05069e-05 -5.34591e-05 -9.48167e-06 0.00179448 0.00361364 0.00497238 -0.00196262 0 0.000725806 -0.000142502 -0.000958904 -0.00124286 0.00126984 -0.00179234
internal_weight=4813 4769 4745 325 219 180 106 84 61 4420 1094 1049 188 861
internal_count=4813 4769 4745 325 219 180 106 84 61 4420 1094 1049 188 861
is_linear=0
shrinkage=0.03


Tree=529
num_leaves=15
num_cat=0
split_feature=12 8 1 9 7 8 13 8 9 7 6 6 13 1
split_gain=4.03439 2.60627 3.28679 1.60292 1.05098 1.62706 2.68595 1.39794 2.01562 1.37544 0.964098 1.67036 1.07559 1.37318
threshold=inf 218.45000000000002 3.1978394366572469 0.49621178005173361 4.8500000000000005 32.95000000000001 2.6800287070211639 32.95000000000001 -0.26302871059038929 5.1500000000000012 8.225695476803752 6.4927724369298625 2.5624635244952301 15.830290604208031
decision_type=8 10 2 2 2 10 8 10 2 2 2 2 10 2
left_child=1 2 3 4 5 -1 -7 8 -6 -9 11 12 -4 -14
right_child=-2 -3 10 -5 7 6 -8 9 -10 -11 -12 -13 13 -15
leaf_value=-1.4012543937252371e-18 3.4334222186540546e-18 -4.3624473923825725e-17 -7.0256247620653403e-14 3.0405646835967691e-17 1.6271164395898825e-16 -8.0029493624990579e-18 1.8588406777533621e-18 -4.6047595967963447e-15 -4.9283823741983079e-16 5.6169675627133085e-17 0.033590906320674921 -0.016342429307054158 2.2752598449766566e-16 -0.00053599642729748956
leaf_weight=25 40 24 555 108 27 27 46 26 20 20 26 20 3708 69
leaf_count=25 40 24 555 108 27 27 46 26 20 20 26 20 3708 69
internal_value=0.000142345 6.06125e-05 0.000112227 0.00315 0.00148437 0.00363636 0.00587838 -0.000797872 0.0028125 -0.00446809 -9.59123e-05 -0.000130944 -9.00069e-05 9.13182e-05
internal_weight=4741 4701 4677 299 191 98 73 93 47 46 4378 4352 4332 3777
internal_count=4741 4701 4677 299 191 98 73 93 47 46 4378 4352 4332 3777
is_linear=0
shrinkage=0.03


Tree=530
num_leaves=15
num_cat=0
split_feature=0 8 12 10 8 10 7 9 8 0 8 8 9 7
split_gain=4.95634 3.51545 2.15074 1.21012 1.20252 0.769685 1.33217 3.01904 1.74228 2.09134 1.5882 2.01172 1.76333 1.45876
threshold=1.0000000180025095e-35 41.45000000000001 1.5000000000000002 -0.27143786594762781 110.12000000000002 -0.93743176258544081 6.2500000000000009 -0.21856852447980188 20.250000000000004 13.942508120160754 38.050000000000004 10.005500000000001 1.0000000180025095e-35 5.7500000000000009
decision_type=2 10 8 2 8 2 2 2 10 2 10 10 2 2
left_child=1 2 3 -1 5 6 10 -8 -9 -10 11 13 -12 -2
right_child=4 -3 -4 -5 -6 -7 7 8 9 -11 12 -13 -14 -15
leaf_value=-2.0539647778733005e-20 -5.3738669513797734e-15 -4.1510100063379571e-17 3.5012389283608762e-18 1.8092890417220772e-18 6.0508518600592829e-09 8.1294824976772809e-17 -2.6275026137840243e-11 7.33953303447263e-06 8.297836214125876e-10 -0.00045267052738055699 3.4323306570943347e-14 1.4544587023369788e-16 -8.8653773800335551e-11 -0.00013271598430752128
leaf_weight=47 92 28 78 64 20 3974 49 39 31 23 20 283 29 28
leaf_count=47 92 28 78 64 20 3974 49 39 31 23 20 283 29 28
internal_value=0.000190387 0.00461009 0.00607895 0.00334821 -1.96121e-05 -5.25279e-05 -0.00105882 0.00146853 0.00462766 0.00109091 -0.0018543 -0.00122525 -0.0069 -0.00446281
internal_weight=4805 217 189 111 4588 4568 594 142 93 54 452 403 49 120
internal_count=4805 217 189 111 4588 4568 594 142 93 54 452 403 49 120
is_linear=0
shrinkage=0.03


Tree=531
num_leaves=15
num_cat=0
split_feature=0 8 7 13 13 9 3 2 13 8 10 8 2 10
split_gain=4.25477 4.06573 2.71603 2.51552 5.45313 1.48403 1.4104 2.88761 2.38519 1.95741 3.02883 2.15867 3.89656 2.61617
threshold=1.0000000180025095e-35 41.45000000000001 5.6500000000000012 2.5129805883025811 2.7100037251215023 1.0000000180025095e-35 10.147775878577606 11.488166399311739 4.1608181327570675 56.550000000000004 -0.5 24.010000000000002 7.9328106250846808 -0.52063591143823496
decision_type=2 10 2 10 10 2 2 2 10 10 2 10 2 2
left_child=1 2 3 -1 -5 -6 9 -8 -9 11 -11 -2 13 -13
right_child=6 -3 -4 4 5 -7 7 8 -10 10 -12 12 -14 -15
leaf_value=1.1020150738186098e-15 1.0334774196531244e-16 -4.0894575631256831e-17 3.5263512683755775e-18 -2.5457545598350605e-17 1.755010370470415e-18 5.2759361652794311e-19 2.6545896822280272e-06 6.8467878726676178e-08 -0.0006004818262168504 -3.0401431861541709e-10 5.9329613383560616e-09 -1.0538916581072748e-16 -3.3979316285957327e-14 -3.0356838318694963e-14
leaf_weight=27 2229 32 59 22 40 30 169 641 70 24 41 138 964 312
leaf_count=27 2229 32 59 22 40 30 169 641 70 24 41 138 964 312
internal_value=0.000100021 0.0042654 0.00603352 0.003375 0.000967742 0.00507042 -9.15232e-05 0.000987514 0.000147472 -0.000347803 0.00477273 -0.00044045 -0.00135689 -0.00365854
internal_weight=4798 210 178 119 92 70 4588 880 711 3708 65 3643 1414 450
internal_count=4798 210 178 119 92 70 4588 880 711 3708 65 3643 1414 450
is_linear=0
shrinkage=0.03


Tree=532
num_leaves=15
num_cat=0
split_feature=12 1 1 2 13 4 2 1 9 2 10 1 3 13
split_gain=3.69549 2.03803 1.41667 2.97885 2.04192 1.831 1.81844 2.93922 4.1814 1.74254 2.37984 2.21702 2.56721 1.89223
threshold=inf 8.3167890972109024 10.015721617372547 4.1391506415669452 3.1559183084539515 5.3020595774028507 5.8230360480417671 12.114824544233352 0.52991421978374087 9.7242858966830479 0.99085646505769043 12.062346582434451 7.2955654374635168 4.6135325638543723
decision_type=8 2 2 2 10 2 2 2 2 2 2 2 2 8
left_child=1 -1 3 4 -3 -5 7 8 -4 13 11 12 -11 -8
right_child=-2 2 6 5 -6 -7 9 -9 -10 10 -12 -13 -14 -15
leaf_value=3.8144034435134871e-18 3.1195918461923396e-18 8.4987390897028746e-16 -1.1510200971239698e-14 -3.2286525872509092e-14 -1.2269928094850775e-15 1.0256020318177811e-08 2.9197197433052381e-13 1.6214697958519715e-13 1.1126962356374788e-14 -5.6131797015902645e-11 8.6473294866800401e-09 6.7480754316143646e-12 -5.4252502002329777e-11 -6.043730835287034e-10
leaf_weight=599 41 93 227 364 68 24 1054 157 96 79 82 1585 306 21
leaf_count=599 41 93 227 364 68 24 1054 157 96 79 82 1585 306 21
internal_value=6.8793e-05 -9.46173e-06 -0.000245369 -0.00166364 0.00175926 -0.00308483 -2.9102e-05 -0.00174636 -0.00337963 0.000234974 -0.000277642 -0.000487062 -0.00252591 0.00121283
internal_weight=4796 4755 4156 549 161 388 3607 480 323 3127 2052 1970 385 1075
internal_count=4796 4755 4156 549 161 388 3607 480 323 3127 2052 1970 385 1075
is_linear=0
shrinkage=0.03


Tree=533
num_leaves=15
num_cat=0
split_feature=0 8 7 13 13 9 8 1 13 13 13 7 1 4
split_gain=4.12212 4.1482 3.76221 4.80109 3.55161 2.69743 1.91247 1.72574 1.86005 1.38249 1.15215 1.06531 1.98708 1.57254
threshold=6.5031209178510538 44.150000000000013 4.7500000000000009 2.5129805883025811 2.7100037251215023 -0.13484964659005841 110.12000000000002 3.1978394366572469 3.6155831759350021 2.8248979694132115 3.3421229076418739 6.0100000000000007 10.546130562807303 4.3788918281670846
decision_type=2 10 2 10 10 2 8 2 8 10 10 2 2 2
left_child=1 2 3 -1 -5 -6 11 9 -9 -4 -7 -2 13 -13
right_child=6 -3 7 4 5 10 -8 8 -10 -11 -12 12 -14 -15
leaf_value=1.0688401895007461e-15 4.268542399794055e-16 -4.0047217114595602e-17 2.8867277804755346e-18 -3.8825061720594507e-17 8.0442275410941382e-19 -6.884966034197163e-19 5.7549724980909478e-09 2.3621392751351194e-13 -1.9315026953469301e-13 1.4219874380619005e-16 1.5116974170626645e-18 -1.0018181162071679e-14 -2.3750614141652114e-14 1.0610652988668611e-09
leaf_weight=23 2994 36 39 23 31 20 21 23 22 51 20 268 1138 53
leaf_count=23 2994 36 39 23 31 20 21 23 22 51 20 268 1138 53
internal_value=0.000264539 0.00373702 0.00509881 0.00114407 -0.00189474 0.00145833 4.02235e-05 0.00849265 0.00358696 0.0108791 -0.00365854 -3.36776e-06 -0.000667808 -0.00274845
internal_weight=4762 288 252 117 94 71 4474 135 45 90 40 4453 1459 321
internal_count=4762 288 252 117 94 71 4474 135 45 90 40 4453 1459 321
is_linear=0
shrinkage=0.03


Tree=534
num_leaves=15
num_cat=0
split_feature=12 8 8 0 13 13 9 13 11 1 13 1 0 8
split_gain=2.86309 1.64351 1.60651 1.0832 2.55349 3.68213 2.65809 2.59476 1.64448 1.4314 1.06723 0.992602 3.2633 3.0077
threshold=inf 218.45000000000002 105.50000000000001 6.5031209178510538 3.603989334832999 2.5129805883025811 0.25881904510252091 2.8248979694132115 1.0000000180025095e-35 1.0000000180025095e-35 4.2148714814007784 10.206319808573818 10.132792076283826 18.435000000000002
decision_type=8 10 8 2 10 8 2 10 2 2 10 2 2 10
left_child=1 2 3 4 5 -1 7 -7 -9 10 -6 13 -13 -5
right_child=-2 -3 -4 11 9 6 -8 8 -10 -11 -12 12 -14 -15
leaf_value=1.0367749838157237e-15 2.9394022573923031e-18 -3.8821691843543529e-17 5.4550532549511048e-09 1.6190903692930575e-16 4.932355143559249e-17 -1.0878042780230737e-17 -7.8043590985352822e-19 5.2400684107785436e-20 7.4822618550646184e-16 1.8763816820774708e-16 8.9939033624702134e-18 -2.0646996183560239e-13 1.1841852898334826e-14 -6.171912599006627e-15
leaf_weight=26 37 25 25 413 23 21 52 35 23 26 21 84 3403 590
leaf_count=26 37 25 25 413 23 21 52 35 23 26 21 84 3403 590
internal_value=8.74089e-05 2.20218e-05 6.32511e-05 2.22552e-05 0.00203947 -9.49367e-05 -0.00215909 0.0013125 0.00457627 0.00676056 0.01 -8.01603e-05 0.000159117 -0.000911355
internal_weight=4804 4767 4742 4717 227 157 131 79 58 70 44 4490 3487 1003
internal_count=4804 4767 4742 4717 227 157 131 79 58 70 44 4490 3487 1003
is_linear=0
shrinkage=0.03


Tree=535
num_leaves=15
num_cat=0
split_feature=12 2 2 3 10 3 4 3 2 2 13 4 3 13
split_gain=3.22725 1.20013 1.73121 1.61475 1.15174 1.63146 1.89831 1.09245 1.04906 0.97523 0.936833 0.917152 1.2411 1.91369
threshold=inf 13.628531947798166 12.747063926192498 12.095874985623835 -0.70864607840491656 12.746372352841631 12.420008195419644 8.3133005526057371 14.729299787921002 12.645131279204053 4.4219180877717497 10.707739289589911 11.424309680883935 3.6648081903846972
decision_type=8 2 2 2 2 2 2 2 2 2 8 2 2 8
left_child=1 2 9 -3 -5 -6 8 -4 -7 11 -9 12 -1 -14
right_child=-2 3 7 4 5 6 -8 10 -10 -11 -12 -13 13 -15
leaf_value=-2.9269055292132428e-18 2.9788627216708833e-18 -0.0011210863060931097 1.6421511107807089e-05 -0.0039950236959358093 0.00039697140387942364 -0.0012049518111992307 0.01102498200668065 1.4109676948175877e-05 0.0048775092671466689 -2.4510487873566735e-05 -0.00062861082544922561 -0.00307610105727817 6.3844670479501359e-07 2.8223143077203596e-05
leaf_weight=4124 41 55 24 33 41 41 31 193 21 46 20 43 69 35
leaf_count=4124 41 55 24 33 41 41 31 193 21 46 20 43 69 35
internal_value=-6.53798e-05 -0.000138162 -3.29308e-05 -0.002287 -0.000803571 0.000444444 -0.00175532 0.00245798 -0.0047619 -0.000170218 0.00175234 -0.000122893 -7.80326e-05 0.00314286
internal_weight=4817 4776 4554 222 167 134 93 237 62 4317 213 4271 4228 104
internal_count=4817 4776 4554 222 167 134 93 237 62 4317 213 4271 4228 104
is_linear=0
shrinkage=0.03


Tree=536
num_leaves=15
num_cat=0
split_feature=12 8 0 8 13 13 8 3 0 10 8 13 9 0
split_gain=3.21118 1.59807 1.21227 2.98844 2.67246 1.79259 1.78414 3.58076 1.573 1.54632 1.31158 2.26554 1.58719 2.16939
threshold=inf 218.45000000000002 8.9114951844051635 27.450000000000003 2.5129805883025811 2.7307617682698386 54.100000000000009 10.473315040952995 9.6199800863660414 -0.70710678118654757 40.750000000000007 3.6222784870652007 -1.0000000180025095e-35 4.024354204069887
decision_type=8 10 2 10 8 8 8 2 2 2 10 10 2 2
left_child=1 2 3 -1 -5 -6 8 -8 9 -4 11 12 -7 -14
right_child=-2 -3 6 4 5 10 7 -9 -10 -11 -12 -13 13 -15
leaf_value=1.8787399452619824e-16 2.7618543080204075e-18 -3.759326038593234e-17 4.9145740185471896e-16 9.9241254529356869e-16 -4.5398589456482352e-17 3.863663062792457e-19 6.7678306746430368e-09 -0.00026778124354325401 -2.7576805077935038e-15 -6.6889363153898417e-15 -6.441853334232244e-12 8.6929711078751127e-18 -7.7069891128848115e-19 3.637006697764029e-16
leaf_weight=218 46 28 35 29 33 61 62 45 4075 118 37 27 35 36
leaf_count=218 46 28 35 29 33 61 62 45 4075 118 37 27 35 36
internal_value=-0.00014429 -0.000220041 -0.000177681 0.00125786 -0.000926641 -0.00202174 -0.000335563 0.00347222 -0.000432726 -0.00340909 -0.000913706 0.00028125 -0.00135338 -0.004375
internal_weight=4885 4839 4811 476 258 229 4335 107 4228 153 196 159 132 71
internal_count=4885 4839 4811 476 258 229 4335 107 4228 153 196 159 132 71
is_linear=0
shrinkage=0.03


Tree=537
num_leaves=15
num_cat=0
split_feature=0 8 1 8 7 4 5 10 9 9 7 8 0 0
split_gain=2.20167 2.45204 1.87202 3.61837 2.30898 1.90637 2.42488 1.54201 1.53957 1.47704 1.73076 1.45075 1.58461 1.34491
threshold=8.9114951844051635 44.350000000000001 10.292585399787676 11.950000000000001 6.9500000000000011 10.645757828064651 10.401204088936487 -0.99085646505769021 0.99054812409674042 0.78524965087410314 6.1500000000000012 19.250000000000004 10.207676381449643 15.046837399424208
decision_type=2 10 2 10 2 2 2 2 2 2 2 8 2 2
left_child=1 7 3 9 8 11 -7 -1 -5 10 -2 12 -4 -13
right_child=2 -3 5 4 -6 6 -8 -9 -10 -11 -12 13 -14 -15
leaf_value=-3.7575832341416793e-17 9.3975004032586733e-16 -3.6489653626011265e-17 -1.8981968142877538e-14 -1.1260667317418289e-14 1.0803708910001872e-09 -0.002983818025559741 0.039380273269744387 2.8625190313130008e-18 1.0279541936827782e-13 -3.4663145838293037e-15 -9.4855501958405734e-12 1.097536714313528e-13 -4.1127577422395325e-15 1.1544348715907427e-08
leaf_weight=24 145 49 20 569 29 149 34 465 21 45 27 1389 1487 287
leaf_count=24 145 49 20 569 29 149 34 465 21 45 27 1389 1487 287
internal_value=3.16389e-05 0.00183673 -0.000199857 -0.00146953 -0.0026371 0.00011583 -0.00285326 0.00247959 -0.00304569 0.0018578 0.00312139 0.000287374 -0.000387931 0.000894454
internal_weight=4740 538 4202 836 619 3366 183 489 590 217 172 3183 1507 1676
internal_count=4740 538 4202 836 619 3366 183 489 590 217 172 3183 1507 1676
is_linear=0
shrinkage=0.03


Tree=538
num_leaves=15
num_cat=0
split_feature=0 8 8 1 13 1 13 0 8 13 13 13 8 0
split_gain=2.33748 2.8366 2.29888 3.81254 2.11915 4.53743 2.08004 2.00857 2.30699 2.30326 1.89432 2.26942 2.71456 1.95346
threshold=8.9114951844051635 44.350000000000001 46.050000000000004 13.95783412090951 3.577943330978131 1.0000000180025095e-35 2.9758961343201262 10.822803703013179 15.250000000000002 2.6432176622821628 2.7626079235173067 2.5129805883025811 32.95000000000001 6.5031209178510538
decision_type=2 10 8 2 8 2 10 2 10 8 10 8 10 2
left_child=1 4 7 -4 6 -6 10 8 9 -2 11 13 -13 -1
right_child=2 -3 3 -5 5 -7 -8 -9 -10 -11 -12 12 -14 -15
leaf_value=1.005350587058794e-15 -1.4862902983066269e-13 -3.5537778251377181e-17 5.9985435148776925e-09 -0.00037443094381329719 8.4057675634981661e-18 5.8128645048803415e-17 -4.1427801662994486e-19 -5.4788434855879073e-17 -2.3174153311662877e-14 5.3085448301355665e-16 8.9166335817151722e-16 2.5790230400652119e-16 -3.6327902373734614e-17 -2.6217174044194006e-14
leaf_weight=21 27 48 103 55 84 72 182 3500 441 157 43 22 29 20
leaf_count=21 27 48 103 55 84 72 182 3500 441 157 43 22 29 20
internal_value=8.74089e-05 0.00198276 -0.000143557 0.00339623 0.00268987 0.0055414 0.00127358 -0.000279932 -0.00184505 0.000972973 0.00408088 0.0016129 -0.00259615 0.00678571
internal_weight=4804 521 4283 158 473 156 317 4125 625 184 135 92 51 41
internal_count=4804 521 4283 158 473 156 317 4125 625 184 135 92 51 41
is_linear=0
shrinkage=0.03


Tree=539
num_leaves=15
num_cat=0
split_feature=10 4 12 8 10 10 13 13 8 8 3 0 4 4
split_gain=1.79532 1.96283 1.49355 1.67909 1.53166 1.76254 1.17252 1.23043 1.29554 2.43196 1.29043 2.20632 1.16269 1.84177
threshold=-0.99995716378700339 4.2626550797590932 inf 218.45000000000002 -0.54646613226747032 -0.92471001826442645 4.1608181327570675 2.605317244453309 24.150000000000002 34.050000000000004 10.182150943687448 12.201012201207515 10.707739289589911 9.5543149823730786
decision_type=2 2 8 10 2 2 10 10 10 10 2 2 2 2
left_child=1 -1 3 4 5 6 7 -2 10 -10 11 -9 13 -7
right_child=2 -3 -4 -5 -6 12 -8 8 9 -11 -12 -13 -14 -15
leaf_value=-1.2869645529486044e-11 3.3885663337630246e-13 7.577980114449595e-09 2.3409500809354605e-18 -3.432866608160423e-17 -1.120873237130293e-17 2.5256395467496456e-15 4.3808271967081711e-13 6.7543708477306781e-16 -5.9719359440154203e-12 9.4266323745678575e-15 0.018059272525672073 -7.3949331420919187e-11 -0.0036591356289524318 0.032398504791407712
leaf_weight=141 68 40 40 25 3267 778 42 61 85 68 27 82 30 22
leaf_count=141 68 40 40 25 3267 778 42 61 85 68 27 82 30 22
internal_value=3.76806e-05 -0.00288462 0.000153394 0.000102063 0.000145663 0.00103244 -0.000518433 -0.00103316 -0.00180556 -0.0037987 0 -0.00114583 0.00184116 0.00205993
internal_weight=4776 181 4595 4555 4530 1263 433 391 323 153 170 143 830 800
internal_count=4776 181 4595 4555 4530 1263 433 391 323 153 170 143 830 800
is_linear=0
shrinkage=0.03


Tree=540
num_leaves=15
num_cat=0
split_feature=12 4 13 13 4 2 13 3 2 2 5 3 10 10
split_gain=2.56888 1.4746 2.70208 1.79449 1.5808 1.25513 2.72174 2.05737 1.43294 1.42436 1.27443 1.32805 1.31238 1.42812
threshold=inf 3.2864907994982535 4.560733678289326 4.3686155971329574 3.5904155995222786 8.4329414910271385 3.0189704762821385 7.0275343252732902 8.9219580093469428 7.1035215282311386 10.401204088936487 12.824900386835091 -0.98161783906437006 0.92219219298186361
decision_type=8 2 10 10 2 2 8 2 2 2 2 2 2 2
left_child=1 -1 3 4 -3 6 9 -8 -7 -6 11 12 -10 -14
right_child=-2 2 -4 -5 5 8 7 -9 10 -11 -12 -13 13 -15
leaf_value=2.3792034034632613e-16 2.2707215785073965e-18 -6.538262636618124e-11 9.1845001276372236e-05 -0.0012116748931324016 -9.8514629843411816e-11 -4.0173009216312135e-10 1.8525975800302901e-09 -2.0260067720291038e-11 1.7712372279907279e-05 2.1183285927164135e-11 0.036740872519493949 -0.0017403747389244755 -5.8635637761936156e-08 5.3960881116599416e-06
leaf_weight=3455 39 26 23 36 20 64 42 23 44 37 34 96 794 105
leaf_count=3455 39 26 23 36 20 64 42 23 44 37 34 96 794 105
internal_value=0.000303782 0.000240625 -0.00060223 -0.000782905 -0.000594868 -0.000440476 0.00243902 0.00659091 -0.000751318 -0.00232759 -0.000488827 -0.000677885 -0.000333686 -0.000583333
internal_weight=4838 4799 1344 1321 1285 1259 122 65 1137 57 1073 1039 943 899
internal_count=4838 4799 1344 1321 1285 1259 122 65 1137 57 1073 1039 943 899
is_linear=0
shrinkage=0.03


Tree=541
num_leaves=15
num_cat=0
split_feature=8 7 13 1 13 4 7 13 13 8 0 8 0 1
split_gain=2.07568 4.91639 7.31668 4.0116 2.21925 1.94415 1.63829 1.61894 2.60914 2.08258 1.6053 1.5203 1.87397 1.47237
threshold=30.050000000000004 4.8500000000000005 2.5129805883025811 6.4508645875194519 4.1421983829255451 9.962578046323193 6.0100000000000007 3.0659318822730923 3.0896727230892331 218.45000000000002 10.738264480160254 46.050000000000004 6.5031209178510538 15.830290604208031
decision_type=10 2 10 2 10 2 2 10 10 10 2 10 2 2
left_child=3 2 -2 4 -1 7 13 -3 -9 11 -8 12 -10 -5
right_child=1 5 -4 6 -6 -7 10 8 9 -11 -12 -13 -14 -15
leaf_value=1.3345727543219059e-16 9.2553753265212285e-16 1.3614089882505227e-13 -2.7668075868130971e-17 1.2672000560742559e-15 -3.3644218808404083e-17 -0.003156448148561693 -1.0142353020794196e-13 -3.782881835789388e-11 9.1017559739403422e-16 -4.0258209745594603e-17 -1.3640125390852525e-14 4.8922262419218247e-09 -2.6325058441789394e-13 -0.001173436506026194
leaf_weight=148 25 716 128 2072 49 63 116 30 21 23 848 85 424 30
leaf_count=148 25 716 128 2072 49 63 116 30 21 23 848 85 424 30
internal_value=5.64972e-05 -0.000860818 -0.00594156 0.000482537 0.00462121 -0.000286134 0.000215194 -3.46154e-05 -0.00120719 -0.000731047 -0.00080829 -0.000338983 -0.0010426 0.000684736
internal_weight=4778 1515 153 3263 197 1362 3066 1299 583 553 964 530 445 2102
internal_count=4778 1515 153 3263 197 1362 3066 1299 583 553 964 530 445 2102
is_linear=0
shrinkage=0.03


Tree=542
num_leaves=15
num_cat=0
split_feature=12 0 13 10 13 0 9 1 0 7 13 13 10 1
split_gain=6.6228 2.37706 6.23868 2.65588 4.8224 1.76946 1.80369 1.41377 1.64238 1.49024 1.08632 0.964505 1.18953 0.963345
threshold=inf 1.0000000180025095e-35 2.4997937795698415 -0.95370787205023244 3.5462230556584866 6.9090007265537734 -0.5 15.740864622504043 16.594336225408153 6.1500000000000012 3.2986971057352625 4.0324179804245857 0.25248616906575677 13.742595706967148
decision_type=8 2 8 2 8 2 2 2 2 2 10 10 2 2
left_child=1 2 -1 -4 -5 6 -3 8 13 -9 -8 12 -11 -7
right_child=-2 5 3 4 -6 7 10 9 -10 11 -12 -13 -14 -15
leaf_value=9.11173297706804e-16 -2.070544124092178e-18 -1.102278564413025e-16 1.7915030012846214e-13 -2.7881876222422234e-17 -6.7362376990773568e-19 4.0592833621785463e-16 2.8239749153940119e-16 -0.001234051534074351 1.5512503953817502e-05 -0.0044194695915803538 2.1416345720331285e-15 -0.001027077473928233 0.027022355549617315 -1.367494467574796e-07
leaf_weight=21 42 21 24 79 55 3510 21 50 84 35 50 23 25 807
leaf_count=21 42 21 24 79 55 3510 21 50 84 35 50 23 25 807
internal_value=-0.000139233 -3.43321e-05 -0.00341667 -0.0054717 -0.00711111 9.72552e-05 0.00419355 1.32304e-05 0.000105634 -0.00302239 0.00645833 -0.000535714 0.00147541 2.43168e-05
internal_weight=4847 4805 179 158 134 4626 92 4534 4401 133 71 83 60 4317
internal_count=4847 4805 179 158 134 4626 92 4534 4401 133 71 83 60 4317
is_linear=0
shrinkage=0.03


Tree=543
num_leaves=15
num_cat=0
split_feature=12 8 9 2 0 8 9 3 0 4 0 4 2 0
split_gain=6.37277 2.57341 1.09237 1.41212 2.30741 1.89389 3.91615 1.59658 1.58785 1.60392 1.4874 1.24683 1.29286 1.17117
threshold=inf 218.45000000000002 0.66262004821573772 13.562794308820665 14.830472977182849 18.435000000000002 -0.19080717901243174 11.506272323559278 14.687257649141923 2.5453390008848964 15.464117385631392 3.5189529817235914 12.114704890283443 16.804986220296342
decision_type=8 10 2 2 2 10 2 2 2 2 2 2 2 2
left_child=1 2 3 4 -1 7 11 -6 -5 -10 -8 -7 -13 -4
right_child=-2 -3 13 8 5 6 10 -9 9 -11 -12 12 -14 -15
leaf_value=-4.4572490390066306e-17 -1.8782782925038861e-18 -3.9030254740129533e-17 2.7342237024822645e-16 0.00097572622929923076 1.3417026973788033e-09 9.90221646625907e-08 1.0019214848611078e-09 -0.0030053247329511895 -0.00012479997165572553 -0.0053512912292081449 -7.949991817097737e-07 -3.270655741883568e-07 0.00037771263671458144 2.3670260208736623e-05
leaf_weight=2594 44 21 1312 44 363 98 39 36 49 78 44 24 33 32
leaf_count=2594 44 21 1312 44 363 98 39 36 49 78 44 24 33 32
internal_value=-9.66334e-05 9.43792e-06 5.6878e-05 -0.00022921 -8.81807e-05 0.00152821 0.00364017 0.0002625 -0.00287791 -0.00457031 -0.00160714 0.00644231 0.00284483 0.000780669
internal_weight=4811 4767 4746 3402 3231 637 238 399 171 127 83 155 57 1344
internal_count=4811 4767 4746 3402 3231 637 238 399 171 127 83 155 57 1344
is_linear=0
shrinkage=0.03


Tree=544
num_leaves=15
num_cat=0
split_feature=1 13 10 8 12 2 1 1 2 10 3 1 1 13
split_gain=4.59995 3.82371 3.8844 5.58918 4.30226 1.38853 1.94901 2.15018 1.84492 1.48124 1.65444 1.57345 1.4807 1.26635
threshold=1.0000000180025095e-35 2.5199073249801383 -0.95370787205023244 32.95000000000001 inf 9.7031138293886503 12.114824544233352 11.309814393395532 11.073788520111497 -0.38469719700095517 7.8383430045777098 11.649447358675964 11.719272736894988 3.5269516858868246
decision_type=2 8 2 10 8 2 2 2 2 2 2 2 2 10
left_child=1 -1 -3 4 -4 -2 7 8 -7 12 -11 -12 -9 -5
right_child=5 2 3 13 -6 6 -8 9 -10 10 11 -13 -14 -15
leaf_value=8.7487616307096276e-16 8.6684825378828519e-16 1.7377764942703162e-13 7.3503183709883852e-17 -3.5248091043196365e-17 -1.8219299696466953e-18 -9.1015800535677581e-12 5.9475774247727305e-10 -2.0150522653532123e-07 9.2481261085341944e-09 -8.2927600120458696e-11 1.1140123536132774e-09 -1.016312242586445e-07 -3.2477503244283617e-10 -3.6596271636173432e-17
leaf_weight=30 2383 38 85 115 25 178 1659 37 33 42 49 57 59 51
leaf_count=30 2383 38 85 115 25 178 1659 37 33 42 49 57 59 51
internal_value=3.40768e-05 -0.00330435 -0.00428571 -0.00552347 -0.00027027 0.000290129 -0.000269504 -0.00200658 0.000212264 -0.00391837 -0.00201342 0 -0.00680412 -0.00898204
internal_weight=4841 344 314 276 110 4497 2114 455 211 244 148 106 96 166
internal_count=4841 344 314 276 110 4497 2114 455 211 244 148 106 96 166
is_linear=0
shrinkage=0.03


Tree=545
num_leaves=15
num_cat=0
split_feature=0 12 8 9 9 8 8 4 12 2 2 4 3 0
split_gain=5.88491 3.36361 1.52071 1.01169 1.87597 2.45765 0.777376 0.732489 1.30772 1.58818 1.43533 1.41059 1.51365 1.15836
threshold=1.0000000180025095e-35 inf 27.250000000000004 -0.63774646912452748 0.78524965087410314 34.95000000000001 110.12000000000002 9.988980394181409 2.5000000000000004 13.062410028312842 13.562794308820665 12.613924805169857 12.824900386835091 16.804986220296342
decision_type=2 8 10 2 2 10 8 2 10 2 2 2 2 2
left_child=1 2 -1 -4 5 -5 7 13 9 -9 -11 12 -12 -2
right_child=6 -3 3 4 -6 -7 -8 8 -10 10 11 -13 -14 -15
leaf_value=2.8934169877456717e-17 3.4852118872767225e-16 -1.897422416435765e-18 -6.4430093437730699e-18 8.4259353960278044e-16 -1.2887025777931961e-17 -3.6717503065320369e-17 4.3316502444935436e-09 -0.0016881614633575913 -0.0056942569134389885 0.041387780639003238 0.021887960725039058 0.0078718366713488881 -0.015186130934822593 1.6119580440040968e-05
leaf_weight=30 4213 32 45 47 34 30 23 96 49 27 24 22 37 74
leaf_count=30 4213 32 45 47 34 30 23 96 49 27 24 22 37 74
internal_value=9.40635e-06 -0.00479452 -0.00320856 -0.0043949 -0.0028125 -0.000192308 0.000239816 0.000211314 -0.00134766 -0.000289855 0.00216216 0.000178571 -0.00217742 0.000304338
internal_weight=4783 218 186 156 111 77 4565 4542 255 206 110 83 61 4287
internal_count=4783 218 186 156 111 77 4565 4542 255 206 110 83 61 4287
is_linear=0
shrinkage=0.03


Tree=546
num_leaves=15
num_cat=0
split_feature=12 0 7 8 0 9 4 9 2 2 4 3 1 12
split_gain=5.86774 1.85473 1.91606 4.90346 1.70288 1.76477 1.60015 1.61474 1.51072 1.68598 1.92844 1.44083 1.38529 1.35483
threshold=inf 1.0000000180025095e-35 4.8500000000000005 54.100000000000009 6.9090007265537734 -0.5 2.957426722368071 -0.70710678118654735 6.9414315424106467 8.4329414910271385 3.9464127631255592 7.0275343252732902 1.0000000180025095e-35 1.0000000180025095e-35
decision_type=8 2 2 10 2 2 2 2 2 2 2 2 2 10
left_child=1 2 13 -4 5 -3 7 12 -8 10 -10 -12 -6 -1
right_child=-2 4 3 -5 6 -7 8 -9 9 -11 11 -13 -14 -15
leaf_value=-5.9003722253251765e-18 -1.840498905929748e-18 -1.4204492931184018e-16 3.8417659582053628e-17 -3.7869219422749281e-17 -1.1046282469052227e-14 8.0107025152629772e-16 -7.0848783301169309e-11 1.3808369138549309e-15 -4.2962239607752724e-11 -4.2993693871986888e-08 1.8599103584096787e-09 2.0547702031588875e-11 -3.2438740458562754e-15 -1.2505970484558727e-17
leaf_weight=54 42 23 41 26 28 73 45 2367 26 1209 55 41 752 66
leaf_count=54 42 23 41 26 28 73 45 2367 26 1209 55 41 752 66
internal_value=-0.000129924 -3.12045e-05 -0.00295213 0.00110294 8.76623e-05 0.00402062 3.31565e-06 0.000376429 -0.000849673 -0.000664414 0.00268293 0.00463918 -0.000806658 -0.00520661
internal_weight=4848 4806 187 67 4619 96 4523 3147 1376 1331 122 96 780 120
internal_count=4848 4806 187 67 4619 96 4523 3147 1376 1331 122 96 780 120
is_linear=0
shrinkage=0.03


Tree=547
num_leaves=15
num_cat=0
split_feature=0 13 13 8 0 13 8 11 9 4 1 1 3 8
split_gain=8.62999 6.52307 2.50142 2.86722 1.53527 1.72162 1.33234 1.29613 1.15526 1.12946 1.46538 1.28654 1.14505 1.63434
threshold=1.0000000180025095e-35 2.5199073249801383 2.8829708652684523 23.450000000000003 6.5031209178510538 3.3164310127093208 110.12000000000002 1.0000000180025095e-35 -0.33996843066449778 9.7849661517990025 16.327516338170973 16.488557347846047 11.506272323559278 60.900000000000006
decision_type=2 8 10 10 2 8 8 2 2 2 2 2 2 10
left_child=1 -1 -3 -4 5 -2 9 8 -5 10 12 -11 -6 -14
right_child=4 2 3 7 6 -7 -8 -9 -10 11 -12 -13 13 -15
leaf_value=8.4919350011893159e-16 -1.6234492553990618e-16 -6.1079176862671285e-18 1.8744204333123018e-17 -3.9903400105657464e-18 2.2195999647711393e-16 9.4239039849773495e-16 4.2017006957336298e-09 -3.3260797029392265e-17 -6.2445704318380325e-18 -0.0010515370315021288 -0.0009653296261110042 0.03042584386226653 1.7762012020207313e-05 -0.00056916207242978527
leaf_weight=20 20 69 23 32 3988 52 21 29 40 263 21 24 214 20
leaf_count=20 20 69 23 32 3988 52 21 29 40 263 21 24 214 20
internal_value=-6.82241e-05 -0.00595794 -0.00765464 -0.00504 0.000204369 0.00452055 0.000135105 -0.00720588 -0.00493151 9.93158e-05 0.000222667 -0.00171875 0.000262846 0.00229787
internal_weight=4836 213 193 124 4623 72 4551 101 72 4530 4243 287 4222 234
internal_count=4836 213 193 124 4623 72 4551 101 72 4530 4243 287 4222 234
is_linear=0
shrinkage=0.03


Tree=548
num_leaves=15
num_cat=0
split_feature=0 13 13 7 8 2 2 9 8 3 1 1 12 0
split_gain=5.64572 7.534 3.18677 3.6069 4.5283 1.30511 2.24526 2.40752 4.89949 2.40673 2.55874 2.97748 2.03878 1.99869
threshold=1.0000000180025095e-35 2.5129805883025811 2.6432176622821628 4.7500000000000009 54.100000000000009 9.7242858966830479 8.2863324211060849 -0.60702770852580723 27.850000000000005 8.6929515690803907 12.239981190170202 9.009019149190717 1.0000000180025095e-35 6.5031209178510538
decision_type=2 8 10 2 10 2 2 2 10 2 2 2 10 2
left_child=1 -1 -3 -4 -5 6 7 8 -2 10 11 -8 -11 -9
right_child=5 2 3 4 -6 -7 9 13 -10 12 -12 -13 -14 -15
leaf_value=8.2447695971255377e-16 1.5832784366652577e-17 -4.5470780335451292e-18 -1.1883003916417075e-17 3.8701720532462213e-17 -3.6672577153770013e-17 -2.2545378282411397e-11 -4.7793577796679854e-13 1.0044031517590663e-15 -5.4321508058342489e-14 1.1942814263468564e-09 -8.8283473266193354e-12 9.9077132629523477e-13 -5.2663795751204422e-08 3.2778141149206282e-16
leaf_weight=24 394 52 63 52 26 2066 31 48 138 24 211 467 68 1106
leaf_count=24 394 52 63 52 26 2066 31 48 138 24 211 467 68 1106
internal_value=-3.14399e-05 -0.00474771 -0.0067268 -0.00433099 0 0.000194335 0.000657154 3.55661e-05 -0.00163227 0.00196384 0.00255634 0.00372745 -0.00258065 0.000805195
internal_weight=4770 217 193 141 78 4553 2487 1686 532 801 709 498 92 1154
internal_count=4770 217 193 141 78 4553 2487 1686 532 801 709 498 92 1154
is_linear=0
shrinkage=0.03


Tree=549
num_leaves=15
num_cat=0
split_feature=12 8 7 8 13 10 13 2 13 10 2 1 10 7
split_gain=4.33516 2.15838 2.25895 4.6314 8.73876 7.36536 2.95886 1.92521 2.35783 1.808 2.09814 2.36652 1.74955 1.43334
threshold=inf 218.45000000000002 4.8500000000000005 29.950000000000003 2.5129805883025811 -0.86926070542861777 3.435507153700843 7.5422084027179102 2.4670511503686972 -0.54646613226747032 10.240325793239641 12.150822849561065 -0.5 5.3100000000000014
decision_type=8 10 2 10 10 2 8 2 10 2 2 2 2 2
left_child=1 2 3 6 -5 -6 7 8 -1 10 -4 -12 -10 -13
right_child=-2 -3 9 4 5 -7 -8 -9 12 -11 11 13 -14 -15
leaf_value=-1.5096869335068882e-13 -1.4656357431833759e-18 -3.342433640332897e-17 1.262625436647035e-13 7.9822412172679693e-16 1.6854230187749769e-13 -3.4662234799524778e-17 -1.2744264611911929e-15 -8.9670759331457738e-11 2.4948221215980525e-17 -6.4494510957871569e-16 -5.357863763395813e-08 9.1178994476695556e-06 7.2057046300222811e-16 8.431059667767179e-10
leaf_weight=21 41 22 733 25 20 108 175 30 68 2912 101 41 117 413
leaf_count=21 41 22 733 25 20 108 175 30 68 2912 101 41 117 413
internal_value=-4.66031e-05 3.76018e-05 8.18468e-05 -0.00169912 -0.00613636 -0.00930233 -3.64078e-05 0.0021519 0.00318841 0.000321352 0.00125679 -0.000134892 0.00427419 0.000791209
internal_weight=4827 4786 4764 564 153 128 411 236 206 4200 1288 555 185 454
internal_count=4827 4786 4764 564 153 128 411 236 206 4200 1288 555 185 454
is_linear=0
shrinkage=0.03


Tree=550
num_leaves=15
num_cat=0
split_feature=0 13 13 8 4 8 0 10 0 13 8 0 0 1
split_gain=8.2583 6.89626 2.21085 3.12214 1.69484 1.95086 2.75201 1.64318 1.32307 1.55211 1.55593 1.54643 2.68921 2.89383
threshold=1.0000000180025095e-35 2.4997937795698415 3.0896727230892331 28.950000000000003 9.988980394181409 43.850000000000001 10.43183762070594 -0.21856852447980221 11.621407602475264 2.4021467554132312 26.950000000000003 14.13139314629387 14.997047395929906 13.166750854367367
decision_type=2 8 10 10 2 10 2 2 2 8 10 2 2 2
left_child=1 -1 7 -4 5 8 -7 -3 9 -2 -11 -10 13 -13
right_child=4 2 3 -5 -6 6 -8 -9 11 10 -12 12 -14 -15
leaf_value=7.7427739807499303e-16 -2.6885263673817238e-13 -2.6802941847966507e-17 4.4538590535065321e-17 -1.0850099170805788e-17 -0.0014881008300753396 -6.2927070940454271e-11 3.3358198195363063e-09 -1.3897832510363889e-17 7.4765683471123933e-14 2.3570483671562631e-16 -1.1545664229559292e-14 -2.6974471764194325e-11 1.519234584378344e-09 1.5858482402436613e-12
leaf_weight=21 39 38 24 83 248 35 194 49 1551 761 523 229 745 266
leaf_count=21 39 38 24 83 248 35 194 49 1551 761 523 229 745 266
internal_value=-3.12045e-05 -0.00576389 -0.00753846 -0.00458333 0.000238458 0.000376381 0.00306522 -0.0110795 0.000226002 -0.000555136 -0.000373541 0.000596347 -0.000193392 -0.00190524
internal_weight=4806 215 194 107 4591 4343 229 87 4114 1323 1284 2791 1240 495
internal_count=4806 215 194 107 4591 4343 229 87 4114 1323 1284 2791 1240 495
is_linear=0
shrinkage=0.03


Tree=551
num_leaves=15
num_cat=0
split_feature=0 13 10 13 3 9 2 4 3 10 0 0 0 2
split_gain=7.3212 8.91632 3.55619 3.38931 1.94713 2.93679 2.42771 1.98233 2.5856 1.85034 1.71456 3.98123 2.22987 2.16974
threshold=1.0000000180025095e-35 2.5129805883025811 -0.94189082058934626 3.5269516858868246 2.8477071124928428 -0.25881904510252113 9.8385889408756064 5.6203992247776808 8.8895140337679663 0.99085646505769043 12.882186761573896 14.453577537246224 11.251076239526439 5.8230360480417671
decision_type=2 8 2 10 2 2 2 2 2 2 2 2 2 2
left_child=1 -1 -3 -4 5 10 7 -6 -9 -8 12 -12 -2 -14
right_child=4 2 3 -5 6 -7 9 8 -10 -11 11 -13 13 -15
leaf_value=7.5256760532712352e-16 -8.8973068365214401e-16 1.6345935230172853e-13 -1.0161143779814645e-17 -1.7485921718992882e-17 3.602810613802553e-13 1.2488520894974093e-16 -4.7253052874218189e-11 6.5234888108689028e-09 -2.1994312604217611e-07 2.8477659763943873e-06 1.3569348883901785e-13 -2.8667637939089753e-10 -7.7175832440447964e-15 -1.1547228572072087e-13
leaf_weight=25 277 28 115 53 863 996 1732 130 57 60 149 110 124 77
leaf_count=25 277 28 115 53 863 996 1732 130 57 60 149 110 124 77
internal_value=-0.00028768 -0.00560811 -0.0077665 -0.00940828 -2.95017e-05 -0.000821799 0.000453746 0.00159848 -0.00119681 -0.000217513 -0.0022561 -0.000288462 -0.00331942 -0.00571782
internal_weight=4796 221 196 168 4575 1733 2842 1050 187 1792 737 259 478 201
internal_count=4796 221 196 168 4575 1733 2842 1050 187 1792 737 259 478 201
is_linear=0
shrinkage=0.03


Tree=552
num_leaves=15
num_cat=0
split_feature=0 13 13 0 8 9 8 9 0 13 2 9 2 8
split_gain=5.92825 6.34997 2.38216 2.16804 2.0678 1.74944 1.70763 1.41496 2.15092 1.62889 1.34965 3.26585 2.09219 2.19153
threshold=1.0000000180025095e-35 2.5129805883025811 3.0163027579765953 6.5031209178510538 28.950000000000003 -0.70710678118654735 110.12000000000002 0.1088658385177801 10.634676319376061 4.4885288877379583 5.4722684669015473 0.51124928235797451 9.6761632813776952 11.65
decision_type=2 8 10 2 10 2 8 2 2 8 2 2 2 10
left_child=1 -1 -3 -2 -4 -6 7 9 -9 -5 11 -10 -12 -14
right_child=3 2 4 6 5 -7 -8 8 10 -11 12 -13 13 -15
leaf_value=7.256724382401709e-16 9.0528630509797794e-16 -1.5084974769193105e-17 3.821973760436125e-17 -1.4321276620499173e-15 1.1060634989694086e-19 -2.5560266801894045e-17 4.6386275571911937e-09 -1.3017076440465102e-15 -1.8710841740811706e-14 -3.3853729513950964e-10 5.2779269297777909e-13 3.8415484602076997e-15 -1.9786159298853796e-07 1.3595174096983214e-09
leaf_weight=21 69 76 26 2261 20 63 20 363 92 147 534 163 188 737
leaf_count=21 69 76 26 2261 20 63 20 363 92 147 534 163 188 737
internal_value=-0.000106672 -0.00507246 -0.00685484 0.000118033 -0.00395455 -0.00625 3.66178e-05 -3.34374e-06 0.00057026 -0.000498132 0.00101458 -0.000996094 0.00136644 0.00050216
internal_weight=4780 206 185 4574 109 83 4505 4485 2077 2408 1714 255 1459 925
internal_count=4780 206 185 4574 109 83 4505 4485 2077 2408 1714 255 1459 925
is_linear=0
shrinkage=0.03


Tree=553
num_leaves=15
num_cat=0
split_feature=8 8 8 3 10 1 13 13 8 1 1 10 3 1
split_gain=2.04948 1.26632 1.30671 2.4296 3.93657 3.26864 2.76926 2.25009 1.95886 2.10021 1.92552 1.70835 1.80526 1.68426
threshold=218.45000000000002 110.12000000000002 32.050000000000004 7.4464387095000966 -0.77021854360058173 12.665372228687906 4.3870179039720485 2.5129805883025811 43.550000000000004 13.780097051842917 11.771725514521558 -0.96648588260150559 9.6014867883452357 11.287767319888422
decision_type=10 8 10 2 2 2 10 8 10 2 2 2 2 2
left_child=1 2 -1 4 10 6 7 -6 9 -7 -4 -5 13 -13
right_child=-2 -3 3 11 5 8 -8 -9 -10 -11 -12 12 -14 -15
leaf_value=1.9289873138216714e-19 -3.3383891393571189e-17 4.3938127652023176e-09 1.6743493451902951e-13 -3.9014917302981375e-08 6.7074556404746299e-16 3.6264605152817691e-10 3.8906074053120183e-10 -1.2897601903383481e-14 8.453025782029074e-09 -1.7854516275700319e-06 -2.9044753678256409e-11 1.2629820439112322e-13 -6.5864739583489466e-08 1.2547657476190732e-09
leaf_weight=3443 25 20 105 24 34 61 21 431 22 33 41 101 313 111
leaf_count=3443 25 20 105 24 34 61 21 431 22 33 41 101 313 111
internal_value=-0.000253865 -0.00020794 -0.000240456 -0.00105162 -0.00216288 -0.00323383 -0.00431211 -0.00479614 0.00128205 -0.000631579 0.0022449 0.000463636 0.000826996 0.00295775
internal_weight=4785 4760 4740 1297 748 602 486 465 116 94 146 549 525 212
internal_count=4785 4760 4740 1297 748 602 486 465 116 94 146 549 525 212
is_linear=0
shrinkage=0.03


Tree=554
num_leaves=15
num_cat=0
split_feature=1 8 8 2 2 8 10 8 10 1 4 4 8 1
split_gain=3.10204 7.4779 3.64306 2.38193 1.96439 1.93643 3.6616 3.08662 1.85325 1.79791 1.90344 3.62226 1.86642 1.83136
threshold=6.0972959971669534 45.050000000000004 31.950000000000003 8.2115506807161065 9.8656927424292089 22.050000000000004 -0.86926070542861777 45.050000000000004 -0.5280665939425373 12.239981190170202 6.1213740274182511 1.3195286648076296 23.050000000000004 9.009019149190717
decision_type=2 10 10 2 2 10 2 10 2 2 2 2 10 2
left_child=1 2 8 5 9 -2 -7 -8 -1 10 11 13 -12 -5
right_child=3 -3 -4 4 -6 6 7 -9 -10 -11 12 -13 -14 -15
leaf_value=-2.7525873417344135e-16 -3.6274030640821295e-16 -3.481149774652617e-17 3.7773369818998799e-16 -4.7361052630206512e-13 -2.3948693397591226e-12 3.7708215150264096e-13 -5.1140392527157545e-14 4.1345955609583411e-09 3.3902678966329146e-17 -7.2485989582924217e-12 1.1732141421446202e-07 1.4380062990767301e-09 -1.7187648447589075e-07 3.444925453331383e-13
leaf_weight=57 1029 45 188 33 2036 59 354 27 145 245 45 117 37 433
leaf_count=57 1029 45 188 33 2036 59 354 27 145 245 45 117 37 433
internal_value=0.000235003 0.00264908 0.00398977 -3.39674e-06 0.000488633 -0.000989796 -0.00265306 -0.00373037 0.00118227 0.00164654 0.00245495 0.00305651 -0.00180723 0.00186296
internal_weight=4850 435 390 4415 2946 1469 440 381 202 910 665 583 82 466
internal_count=4850 435 390 4415 2946 1469 440 381 202 910 665 583 82 466
is_linear=0
shrinkage=0.03


Tree=555
num_leaves=15
num_cat=0
split_feature=7 0 0 13 13 8 0 0 7 13 13 8 4 2
split_gain=3.4356 12.5679 4.04291 3.49607 1.61603 2.1295 1.84075 1.80424 1.48147 1.60943 1.35221 1.44685 1.58227 1.74915
threshold=5.8500000000000005 5.4270898555638087 1.0000000180025095e-35 3.9699398397909711 2.7626079235173067 49.600000000000009 10.43183762070594 6.5031209178510538 5.5500000000000007 4.1421983829255451 3.7660248318844647 12.850000000000003 6.1388040576031875 12.645131279204053
decision_type=2 2 2 8 10 10 2 2 2 8 10 10 2 2
left_child=1 -1 3 -2 -4 7 -7 -6 -3 10 11 -10 13 -13
right_child=2 8 4 -5 5 6 -8 -9 9 -11 -12 12 -14 -15
leaf_value=3.6647909726309886e-16 3.5969011362148387e-17 -3.4601660422980371e-16 -8.4672359961677739e-12 -1.5720367610981412e-17 2.592694868919268e-13 -3.6179631565363177e-10 9.3297235350455938e-09 -5.1174496426561961e-15 2.3223951622010961e-12 2.1562588750006053e-09 -1.7484440453590429e-11 1.6301962294347582e-14 -2.8605085040280166e-07 1.67453314051525e-05
leaf_weight=136 28 1433 502 68 35 22 96 1478 166 105 67 580 72 36
leaf_count=136 28 1433 502 68 35 22 96 1478 166 105 67 580 72 36
internal_value=4.97409e-05 0.000791602 -0.000813901 -0.00680412 -0.000541237 -8.27206e-05 0.00378151 -0.000386394 0.00029878 0.00116845 0.000764642 0.00108772 0.000478955 0.000972447
internal_weight=4824 2595 2229 96 2133 1631 118 1513 2459 1026 921 854 688 616
internal_count=4824 2595 2229 96 2133 1631 118 1513 2459 1026 921 854 688 616
is_linear=0
shrinkage=0.03


Tree=556
num_leaves=15
num_cat=0
split_feature=12 0 8 8 10 0 9 8 8 2 13 13 4 0
split_gain=3.0064 5.15196 10.7867 4.66823 2.87577 1.17839 0.849319 1.6563 1.65671 1.63984 2.55609 2.49914 2.92502 2.13579
threshold=inf 1.0000000180025095e-35 44.150000000000013 32.95000000000001 -0.70864607840491656 17.454785981405433 1.0000000180025095e-35 3.8500000000000001 5.4500000000000011 7.3374250625545683 4.1989860542673538 4.1608181327570675 1.0000000180025095e-35 12.910001759728667
decision_type=8 2 10 10 2 2 2 10 10 2 10 8 2 2
left_child=1 2 3 -1 -5 6 7 -3 -9 11 -11 12 13 -10
right_child=-2 5 -4 4 -6 -7 -8 8 9 10 -12 -13 -14 -15
leaf_value=-2.1917480836271884e-17 -7.9860360369567851e-19 1.2138755498697804e-09 -3.1392776778965296e-17 1.5352312522180577e-13 3.5670182000360492e-16 0.0046311369535841883 1.0113971333870261e-15 -4.7130290148692772e-14 -1.0779925832599195e-15 -4.4187814479441595e-14 6.6241189186867546e-09 -2.2013985890018487e-14 -1.2641485632672431e-11 1.5192202053587388e-13
leaf_weight=35 34 51 31 26 94 20 2253 89 385 1415 98 95 39 101
leaf_count=35 34 51 31 26 94 20 2253 89 385 1415 98 95 39 101
internal_value=0.000188798 0.000253539 0.00513369 0.00836538 0.011157 5.27821e-05 1.98807e-05 -0.000389182 -0.000512821 -0.000344424 0.000188243 -0.00164251 -0.000826996 -0.000184805
internal_weight=4766 4732 186 155 120 4546 4526 2273 2222 2133 1513 620 525 486
internal_count=4766 4732 186 155 120 4546 4526 2273 2222 2133 1513 620 525 486
is_linear=0
shrinkage=0.03


Tree=557
num_leaves=15
num_cat=0
split_feature=0 13 8 8 8 12 8 2 13 2 13 0 7 3
split_gain=3.70678 14.2464 2.59253 1.75894 1.15762 2.79215 1.15127 0.739371 1.25691 1.24111 0.857143 0.638496 3.30477 1.78505
threshold=1.0000000180025095e-35 4.088195605848032 32.95000000000001 4.1500000000000012 41.45000000000001 inf 34.95000000000001 11.353460677783552 4.1608181327570675 8.6612069365603244 3.2891799922809661 9.9212527083510871 4.8500000000000005 9.1219731729390219
decision_type=2 8 10 8 10 8 10 2 8 2 10 2 2 2
left_child=1 2 -1 7 5 -3 -4 8 9 -2 -11 12 -5 -14
right_child=3 4 6 11 -6 -7 -8 -9 -10 10 -12 -13 13 -15
leaf_value=-2.953061706768637e-19 -3.50017682299901e-11 3.4099979471072969e-16 3.5085663111114984e-16 4.5742113799285814e-16 -4.0674046926920594e-15 -6.4449514970633767e-19 3.3140050758221526e-16 -0.0015062814038709247 1.9569211607416405e-08 5.0808534928592505e-08 -3.4820544346091103e-08 -3.0913782159127486e-16 -1.125404511815372e-15 1.7770977380649618e-09
leaf_weight=22 50 20 91 144 20 31 30 20 22 20 20 3899 385 37
leaf_count=22 50 20 91 144 20 31 30 20 22 20 20 3899 385 37
internal_value=0.000196384 0.00404651 0.00947917 1.63114e-05 -0.006875 -0.00432692 0.0111885 -0.00338346 -0.00238938 -0.00395604 0 0.000117555 0.0010582 -0.000283688
internal_weight=4811 214 143 4597 71 51 121 132 112 90 40 4465 566 422
internal_count=4811 214 143 4597 71 51 121 132 112 90 40 4465 566 422
is_linear=0
shrinkage=0.03


Tree=558
num_leaves=15
num_cat=0
split_feature=1 7 8 13 8 9 10 9 10 9 8 9 7 5
split_gain=4.33844 8.45286 5.26603 3.38031 1.79822 2.08978 1.49263 1.34654 1.33439 1.30284 1.16587 1.05445 1.20723 2.3167
threshold=6.0972959971669534 4.8500000000000005 32.95000000000001 4.6974506574219923 10.510000000000002 -0.51495963211660267 -0.70864607840491656 -0.89297044289519645 0.034899496702500636 -0.2440329481903071 23.850000000000005 1.0000000180025095e-35 6.4500000000000011 3.0324736619338934
decision_type=2 2 10 8 10 2 2 2 2 2 10 2 2 2
left_child=1 2 10 4 -3 7 -4 -6 -5 -7 -1 12 13 -2
right_child=11 3 6 8 5 9 -8 -9 -10 -11 -12 -13 -14 -15
leaf_value=2.5446962588206116e-16 -3.4596792673793394e-15 2.3007728622922533e-16 1.4891840776988109e-13 -7.7378942044676369e-18 -1.1625279275068301e-15 1.5124473141899042e-15 3.3428541824210575e-16 -9.7910320631286907e-15 -7.5531061517569235e-19 9.2935912733680799e-17 -3.8419900582454565e-17 4.0368533779619955e-15 1.524636585655066e-12 -0.00057003974434879196
leaf_weight=39 1739 36 23 22 27 21 101 22 32 77 25 2136 376 76
leaf_count=39 1739 36 23 22 27 21 101 22 32 77 25 2136 376 76
internal_value=0.00031559 0.00320423 0.00793651 -0.000567227 0.00138587 -0.000101351 0.01152 -0.0051 -0.00709091 0.00242424 0.000923077 3.11922e-05 -0.000431113 -0.000751652
internal_weight=4752 425 188 237 183 147 124 49 54 98 64 4327 2191 1815
internal_count=4752 425 188 237 183 147 124 49 54 98 64 4327 2191 1815
is_linear=0
shrinkage=0.03


Tree=559
num_leaves=15
num_cat=0
split_feature=0 13 8 10 10 13 1 0 1 10 7 8 13 0
split_gain=5.62127 9.18006 5.6059 2.79027 2.63173 0.939792 1.50665 0.93578 1.03876 0.764987 3.43587 1.08964 1.36432 0.946927
threshold=1.0000000180025095e-35 4.2963685801628158 32.95000000000001 -0.71777987331778637 -0.0043632677491870896 4.618534839613651 14.235626647569367 11.302636413032594 12.801604220077921 -0.99838216658822032 5.0500000000000007 12.450000000000001 2.9936707776736005 12.287850229850141
decision_type=2 8 10 2 2 8 2 2 2 2 2 10 10 2
left_child=1 2 -1 -4 -3 9 7 -7 -9 10 -2 -12 -13 -11
right_child=5 4 3 -5 -6 6 -8 8 -10 13 11 12 -14 -15
leaf_value=-2.7449179673667112e-17 3.8754743613785606e-13 9.0313923379940538e-20 7.2258854926004605e-14 3.2492363341507761e-16 -7.3265216065129136e-19 4.779067249502629e-13 5.5720328951516492e-06 -1.8217250212717313e-09 -1.0047740963509185e-07 -3.1736942320796102e-16 -7.3177385219105812e-08 -2.787048451121385e-10 3.2738640896465655e-12 2.3868624934985449e-13
leaf_weight=33 29 26 28 99 26 34 75 32 42 1757 34 39 68 2475
leaf_count=33 29 26 28 99 26 34 75 32 42 1757 34 39 68 2475
internal_value=0.000447061 0.00521127 0.00875776 0.0116016 -0.00566038 0.000225687 -0.001875 -0.00412844 -0.006 0.000313423 0.0022807 0.000316901 0.00180556 0.000233877
internal_weight=4797 212 160 127 52 4585 183 108 74 4402 170 141 107 4232
internal_count=4797 212 160 127 52 4585 183 108 74 4402 170 141 107 4232
is_linear=0
shrinkage=0.03


Tree=560
num_leaves=15
num_cat=0
split_feature=0 13 10 8 10 2 2 1 13 9 8 8 1 1
split_gain=5.20028 11.2498 5.21758 3.24795 2.80677 1.58965 3.77227 2.69002 2.66587 2.62862 2.50687 2.81364 2.37751 2.15073
threshold=4.024354204069887 4.3870179039720485 -0.70864607840491656 32.95000000000001 -0.21856852447980221 8.3514927077801584 9.6761632813776952 12.222356734177021 3.099837727453385 -0.25881904510252113 21.650000000000002 4.1500000000000012 8.8823569973311773 9.4706062824064556
decision_type=2 8 2 10 2 2 2 2 10 2 10 10 2 2
left_child=1 2 -1 -4 -3 9 7 12 -9 10 11 -2 -7 -13
right_child=5 4 3 -5 -6 6 -8 8 -10 -11 -12 13 -14 -15
leaf_value=-2.1440447598491216e-15 -3.5399434897770227e-11 3.0151607994304004e-19 1.7705897012768235e-17 3.1612021668037003e-16 -3.4981564721952555e-18 -1.1806107961642509e-11 -3.3179616287253738e-11 2.6283241038235203e-09 -3.6617212351553562e-11 1.3549750661650721e-16 -3.8419190270737116e-14 7.4174260802279047e-16 1.0636579162648242e-12 -7.5155906357312758e-15
leaf_weight=38 27 25 31 106 32 30 2067 82 113 984 232 131 517 312
leaf_count=38 27 25 31 106 32 30 2067 82 113 984 232 131 517 312
internal_value=0.000136421 0.00450644 0.00826705 0.0109783 -0.00698276 -9.00801e-05 0.000346975 0.00218035 -0.000841837 -0.00081802 -0.00221906 -0.000955414 0.0032573 -0.000371622
internal_weight=4727 232 175 137 57 4495 2809 742 195 1686 702 470 547 443
internal_count=4727 232 175 137 57 4495 2809 742 195 1686 702 470 547 443
is_linear=0
shrinkage=0.03


Tree=561
num_leaves=15
num_cat=0
split_feature=0 13 8 10 10 10 8 0 0 13 0 0 7 10
split_gain=6.30538 9.14422 4.87156 4.13704 3.56823 1.39488 2.62265 3.38584 2.84197 1.85836 1.8587 1.84686 2.71227 1.74106
threshold=4.024354204069887 4.3870179039720485 32.95000000000001 0.034899496702500636 -0.70864607840491656 0.70400802274319874 23.450000000000003 15.679543113210716 10.466832063288285 3.086473615612185 15.679543113210716 11.569629355055227 4.6500000000000012 -0.96648588260150559
decision_type=2 8 10 2 2 2 10 2 2 8 2 2 2 2
left_child=1 2 -1 -3 -4 9 8 -8 -7 10 11 12 -2 -14
right_child=5 3 4 -5 -6 6 7 -9 -10 -11 -12 -13 13 -15
leaf_value=-2.3514544371608718e-17 8.2154374894210987e-16 3.3262074361912565e-18 1.4233590922813719e-13 -6.9113758979911584e-19 3.098288004443945e-16 1.2615875678472131e-15 -2.9901709802852372e-13 1.0219482330853893e-05 -8.1535672365531655e-15 -1.1454402704144633e-15 -0.00022964251381298338 1.100883876077612e-12 1.8857207670014501e-12 -4.7138688494906077e-15
leaf_weight=32 32 32 30 30 105 125 543 38 592 1718 164 905 26 428
leaf_count=32 32 32 30 30 105 125 543 38 592 1718 164 905 26 428
internal_value=0.000174964 0.00502174 0.00866071 -0.0047619 0.0111397 -6.88976e-05 -0.000900693 -0.00239691 0.00031337 0.000261148 0.00101221 0.00136853 -0.000123203 -0.000725275
internal_weight=4800 229 167 62 135 4571 1298 581 717 3273 1555 1391 486 454
internal_count=4800 229 167 62 135 4571 1298 581 717 3273 1555 1391 486 454
is_linear=0
shrinkage=0.03


Tree=562
num_leaves=15
num_cat=0
split_feature=0 7 13 13 0 0 1 0 13 5 7 8 2 11
split_gain=5.709 9.42485 3.09465 1.66934 1.20136 2.48182 1.61321 1.49087 1.37917 1.37128 1.31456 1.24644 3.35424 1.59326
threshold=4.024354204069887 5.1500000000000012 2.2962338504263955 3.192652944784323 9.6857823106813488 10.998024839614294 12.892625517793752 15.018379637118352 2.1601990341472557 3.3140206880897671 4.7500000000000009 43.650000000000013 9.7031138293886503 1.0000000180025095e-35
decision_type=2 2 10 8 2 2 2 2 10 2 2 10 2 2
left_child=1 -1 -3 4 -2 10 7 9 -8 11 -6 13 -13 -7
right_child=3 2 -4 -5 5 6 8 -9 -10 -11 -12 12 -14 -15
leaf_value=2.9573067617864738e-16 1.2623610941427317e-15 -4.5484256416258117e-19 4.0680192224865388e-17 -3.2245324849939754e-15 7.5597845339281847e-16 2.2132129340503605e-13 -0.0008261010429492984 9.7912745162570682e-09 1.5224843683206465e-12 1.5380656286178399e-05 -2.561965857121061e-14 -1.0018450664014461e-10 6.3155155753729864e-09 -8.9958640964472894e-16
leaf_weight=127 245 40 73 2037 22 666 29 31 747 38 370 28 30 345
leaf_count=127 245 40 73 2037 22 666 29 31 747 38 370 28 30 345
internal_value=0.000354111 0.00485477 -0.00144737 0.000117673 0.000628918 0.000416125 0.000861619 0.00158033 -0.00019305 0.0013944 -0.00175573 0.00119159 -0.00305085 0.00143775
internal_weight=4828 240 113 4588 2551 2306 1914 1138 776 1107 392 1069 58 1011
internal_count=4828 240 113 4588 2551 2306 1914 1138 776 1107 392 1069 58 1011
is_linear=0
shrinkage=0.03


Tree=563
num_leaves=15
num_cat=0
split_feature=1 13 0 9 10 10 2 2 1 4 0 2 13 10
split_gain=6.03198 6.1749 4.60544 2.16725 1.9065 1.87805 1.73777 1.7226 2.25124 2.71279 4.02954 1.85516 1.85309 1.72774
threshold=6.0972959971669534 4.1058778300661265 1.0000000180025095e-35 0.62762193161694835 0.59650554732307737 -0.70864607840491656 8.2863324211060849 9.8385889408756064 12.239981190170202 2.7567143730824912 14.79845689421173 10.061036020134182 3.0932912527727852 0.50941572451887807
decision_type=2 8 2 2 2 2 2 2 2 2 2 2 8 2
left_child=1 2 5 -3 -4 -1 -2 8 13 10 -10 12 -9 -8
right_child=6 3 4 -5 -6 -7 7 11 9 -11 -12 -13 -14 -15
leaf_value=1.3806797240785144e-13 -2.4545601594214969e-15 -1.4989366550801339e-17 1.9209292771933866e-17 8.9844791362868662e-17 2.4922464492108851e-15 2.8546419554286991e-16 1.3379050794104217e-12 -1.4306007876506455e-10 -7.785845660515783e-11 4.2155458468908476e-09 1.8638508541135847e-09 4.6148279245527313e-10 3.4968537160091653e-10 4.6237336765479927e-14
leaf_weight=27 1504 80 118 40 52 117 458 89 97 77 56 1930 43 183
leaf_count=27 1504 80 118 40 52 117 458 89 97 77 56 1930 43 183
internal_value=0.000421798 0.0037931 0.006 -0.00198347 0.00263158 0.00993103 9.12573e-05 0.00051636 0.00163417 -0.000909091 -0.00321429 4.36258e-05 -0.00338346 0.00254673
internal_weight=4871 434 314 120 170 144 4437 2933 871 230 153 2062 132 641
internal_count=4871 434 314 120 170 144 4437 2933 871 230 153 2062 132 641
is_linear=0
shrinkage=0.03


Tree=564
num_leaves=15
num_cat=0
split_feature=0 7 10 10 3 2 10 7 2 2 0 7 1 10
split_gain=6.83495 8.00282 1.51558 1.38917 0.935382 0.924086 2.05886 2.06436 1.73699 1.41759 3.01395 3.6867 3.65573 2.6195
threshold=6.5031209178510538 4.9500000000000011 0.91175336425957221 -0.70864607840491656 1.0000000180025095e-35 8.3514927077801584 -0.99838216658822032 5.3100000000000014 8.4329414910271385 1.0000000180025095e-35 10.207676381449643 5.2500000000000009 11.458030865618888 0.59650554732307737
decision_type=2 2 2 2 2 2 2 2 2 2 2 2 2 2
left_child=1 3 4 -1 -3 6 7 -2 -7 10 13 12 -12 -8
right_child=5 2 -4 -5 -6 8 9 -9 -10 -11 11 -13 -14 -15
leaf_value=1.3392603506092152e-13 3.7570425130085701e-13 -3.1365410022058379e-18 4.3367753491579029e-17 2.7856121261522552e-16 3.2266346732359778e-12 4.342759479331596e-10 1.6764599735015841e-16 -6.1446139355398242e-15 3.7743659907114101e-13 -1.6673084703526079e-14 -7.4352462440340171e-15 2.3568559930906205e-14 6.2168163976227138e-15 1.8260340879641045e-15
leaf_weight=33 26 101 20 118 22 50 153 34 2793 916 132 237 100 75
leaf_count=33 26 101 20 118 22 50 153 34 2793 916 132 237 100 75
internal_value=0.000355435 0.00477966 -0.0003125 0.00957237 -0.00157258 6.64158e-05 -0.000492832 0.00491803 0.00039557 -0.000697026 0.00032235 -0.00105319 -0.00373391 0.0031441
internal_weight=4810 294 143 151 123 4516 1673 60 2843 1613 697 469 232 228
internal_count=4810 294 143 151 123 4516 1673 60 2843 1613 697 469 232 228
is_linear=0
shrinkage=0.03


Tree=565
num_leaves=15
num_cat=0
split_feature=0 7 9 7 0 7 7 9 10 9 10 8 4 4
split_gain=5.56922 10.5546 1.44712 1.32235 1.31129 3.76233 3.14861 2.2348 2.14521 1.68519 1.28791 1.60266 1.29885 1.35463
threshold=1.0000000180025095e-35 5.9350000000000014 -0.83628615584775945 6.2500000000000009 11.621407602475264 4.8500000000000005 4.7500000000000009 0.25037047035109428 0.49810825183760399 0.8649304544944173 0.90722548043086582 9.4250000000000025 9.988980394181409 12.852901347347759
decision_type=2 2 2 2 2 2 2 2 2 2 2 10 2 2
left_child=1 -1 -3 -4 5 8 7 -6 -2 -9 12 -12 -8 -14
right_child=4 2 3 -5 6 -7 10 9 -10 -11 11 -13 13 -15
leaf_value=2.7598350758425459e-16 1.2558703608562902e-16 6.6469718984088199e-19 -3.6162593380593062e-15 -2.7571270456828782e-20 -4.08916851534608e-14 -8.4833954357468909e-15 3.6611350109900678e-13 1.4001379184847434e-12 1.1081593987829416e-15 -1.8997709746653115e-13 1.1540592213197486e-09 -2.7099580591107656e-12 -0.00083009448613772206 0.0082213657852582764
leaf_weight=129 166 20 38 35 91 1159 2399 42 83 28 45 315 200 25
leaf_count=129 166 20 38 35 91 1159 2399 42 83 28 45 315 200 25
internal_value=0.000348618 0.00497758 -0.00271277 -0.00466216 0.000121871 -0.000638751 0.000462492 -0.00361111 0.0027 0.000422535 0.000683417 -0.00099723 0.000914286 -0.00126106
internal_weight=4775 222 93 73 4553 1408 3145 161 249 70 2984 360 2624 225
internal_count=4775 222 93 73 4553 1408 3145 161 249 70 2984 360 2624 225
is_linear=0
shrinkage=0.03


Tree=566
num_leaves=15
num_cat=0
split_feature=0 10 8 7 8 8 8 2 3 0 0 9 0 10
split_gain=9.5928 5.64468 3.38011 2.56307 2.0065 1.19688 2.54227 2.27888 2.00287 1.75994 1.39621 2.98679 2.16415 1.97082
threshold=1.0000000180025095e-35 -0.70864607840491656 32.95000000000001 4.8500000000000005 11.035000000000002 43.650000000000013 49.600000000000009 8.3514927077801584 12.901125060661078 10.43183762070594 8.8399286283267084 -0.5 12.287850229850141 -0.99560056297092026
decision_type=2 2 10 2 10 10 10 2 2 2 2 2 2 2
left_child=1 -1 4 -4 -3 10 7 -7 9 -8 11 -2 13 -12
right_child=5 2 3 -5 -6 6 8 -9 -10 -11 12 -13 -14 -15
leaf_value=-6.3249521280583111e-15 -5.6373095266643137e-15 6.7674279169257586e-17 2.6314151371482789e-16 1.2506661876352862e-16 -2.985453408829702e-18 -9.7348480981532754e-11 -3.288360825456765e-10 -9.7191901218900161e-11 -0.0036985341019770777 5.5032572121712702e-09 3.6363256559668315e-13 1.3392564585571517e-15 2.5126880971299862e-13 -6.6128997831893377e-15
leaf_weight=43 80 29 87 27 29 32 24 84 21 97 58 201 2542 1442
leaf_count=43 80 29 87 27 29 32 24 84 21 97 58 201 2542 1442
internal_value=0.000419012 0.00659722 0.00901734 0.012 0.00305085 0.000127674 -0.00185328 -0.00512821 0.000839161 0.00233607 0.0002463 0.00228723 0.000103883 -0.000799467
internal_weight=4796 215 172 114 58 4581 258 116 142 121 4323 281 4042 1500
internal_count=4796 215 172 114 58 4581 258 116 142 121 4323 281 4042 1500
is_linear=0
shrinkage=0.03


Tree=567
num_leaves=15
num_cat=0
split_feature=1 7 8 10 10 8 10 12 13 13 7 13 13 1
split_gain=4.80683 4.74197 4.60025 3.28138 2.53855 1.38068 1.28327 2.20128 2.42098 2.38394 2.29167 3.38125 3.03293 1.77192
threshold=5.5814374797399795 4.8500000000000005 32.95000000000001 0.61221145216718942 -0.70864607840491656 34.95000000000001 -0.37052569095519466 1.0000000180025095e-35 4.5571266874014613 4.6135325638543723 5.7500000000000009 4.1608181327570675 2.7935891615676449 10.599985009879701
decision_type=2 2 10 2 2 10 2 8 10 10 2 8 8 2
left_child=1 2 -1 -3 -4 -5 -2 -8 10 -10 12 13 -9 -12
right_child=6 3 4 5 -6 -7 7 8 9 -11 11 -13 -14 -15
leaf_value=4.5794169711067036e-17 4.2046093131897043e-15 -1.0399795565547866e-16 1.3008962124240248e-13 1.7311945908002319e-15 2.5403062559779627e-16 -1.9490028470228912e-15 2.730450933100678e-15 -4.2069789450022117e-11 6.6157441603218379e-06 -1.5545679063947458e-10 -2.6838226833982323e-14 -5.3875919739636963e-11 -2.9041894871566346e-14 1.8087788317799344e-12
leaf_weight=63 1724 151 23 43 88 22 715 33 39 26 220 156 800 676
leaf_count=63 1724 151 23 43 88 22 715 33 39 26 220 156 800 676
internal_value=0.00034205 0.00352941 0.0072 0.000552995 0.0108482 0.00613636 5.80866e-05 -0.000354464 -0.000876474 0.00477273 -0.0010737 -0.00014245 -0.0022482 0.000568562
internal_weight=4779 390 174 216 111 65 4389 2665 1950 65 1885 1052 833 896
internal_count=4779 390 174 216 111 65 4389 2665 1950 65 1885 1052 833 896
is_linear=0
shrinkage=0.03


Tree=568
num_leaves=15
num_cat=0
split_feature=1 7 8 10 8 10 8 1 11 7 10 2 8 8
split_gain=7.39273 4.46799 3.72539 3.03553 1.70542 1.30626 0.951528 0.896091 1.97979 1.91448 1.13327 2.11289 2.14799 1.06603
threshold=1.0000000180025095e-35 4.8500000000000005 32.95000000000001 0.26092512978024746 40.95000000000001 -0.70864607840491656 10.950000000000001 7.894224736846609 1.0000000180025095e-35 5.6500000000000012 0.99903871136283684 7.3374250625545683 22.050000000000004 54.100000000000009
decision_type=2 2 10 2 10 2 10 2 2 2 2 2 10 10
left_child=1 2 -1 6 -5 -4 -3 8 9 -2 13 -12 -13 -9
right_child=7 3 5 4 -6 -7 -8 10 -10 -11 11 12 -14 -15
leaf_value=1.3133043953980916e-17 4.2072308804827514e-16 2.4665765774788986e-17 1.2618740161195901e-13 7.0365239253611234e-17 -1.4801388806603936e-11 2.4614332424163876e-16 -3.4844492379952419e-15 -2.2664960712773362e-15 1.9193800920250639e-15 -6.7755088008815206e-14 -3.7092686278603235e-14 1.1194307778727106e-09 -2.366158364484977e-10 5.628360063570423e-09
leaf_weight=37 77 24 20 58 20 85 88 3948 80 66 30 47 72 98
leaf_count=37 77 24 20 58 20 85 88 3948 80 66 30 47 72 98
internal_value=0.000284151 0.00459459 0.0086014 0.00157068 0.00607595 0.0114623 -0.00159292 -4.07332e-05 0.00180804 -0.0003125 -0.000139418 -0.0027 -0.000875 -4.44774e-05
internal_weight=4750 332 142 190 78 105 112 4418 223 143 4195 149 119 4046
internal_count=4750 332 142 190 78 105 112 4418 223 143 4195 149 119 4046
is_linear=0
shrinkage=0.03


Tree=569
num_leaves=15
num_cat=0
split_feature=0 10 8 13 0 13 2 13 3 13 8 13 9 9
split_gain=8.15273 5.11564 4.37296 2.24923 1.35018 3.3989 4.12225 1.64575 1.59419 1.50571 1.5714 2.04025 1.80452 1.48731
threshold=1.0000000180025095e-35 -0.70864607840491656 32.95000000000001 4.088195605848032 9.9212527083510871 3.8470484588209435 4.9610196989653286 2.6535709890514521 8.9335651765000907 2.7956861950027974 21.850000000000005 3.3966255892409092 -0.39273749243677047 -0.75039776413398951
decision_type=2 2 10 8 2 10 2 8 2 10 10 10 2 2
left_child=1 -1 -3 -4 5 6 7 -2 -8 -9 11 13 -12 -11
right_child=4 2 3 -5 -6 -7 8 9 -10 10 12 -13 -14 -15
leaf_value=-5.9517818868550596e-15 1.3141669044694665e-16 2.3325508376720341e-17 2.4203021198167177e-16 2.4661805663831373e-16 -4.103899353352989e-15 -2.290760781939596e-15 -1.136650368362356e-14 1.6960392226054601e-13 1.7241367170379403e-09 1.2358447869055433e-15 -8.5143339208383514e-15 1.6896596820519755e-15 3.878961760207423e-15 3.4868287575593785e-16
leaf_weight=48 54 54 88 20 4050 96 214 25 33 20 22 33 38 53
leaf_count=48 54 54 88 20 4050 96 214 25 33 20 22 33 38 53
internal_value=0.000346463 0.00611374 0.00865031 0.0121101 8.40698e-05 0.00142615 0.00243408 0.00518293 -0.000302419 0.00648437 0.00538922 0.00757009 0.00147541 0.00466216
internal_weight=4848 210 162 108 4638 588 492 245 247 191 166 106 60 73
internal_count=4848 210 162 108 4638 588 492 245 247 191 166 106 60 73
is_linear=0
shrinkage=0.03


Tree=570
num_leaves=15
num_cat=0
split_feature=0 7 9 8 8 8 0 0 2 2 3 3 7 2
split_gain=8.10759 5.41111 2.51901 1.14728 1.31185 1.90361 1.59576 2.01516 1.25762 1.68251 1.82991 1.55579 1.47324 1.2145
threshold=4.024354204069887 5.9350000000000014 0.70556075282125807 5.4500000000000011 8.5050000000000008 9.7350000000000012 16.464631398670701 15.94533503232697 10.268814989459406 8.6612069365603244 5.6356816640660012 10.318066383730821 4.9500000000000011 3.9843328502331183
decision_type=2 2 2 10 10 10 2 2 2 2 2 2 2 2
left_child=1 -1 -3 -2 6 13 7 8 9 10 12 -10 -5 -6
right_child=3 2 -4 4 5 -7 -8 -9 11 -11 -12 -13 -14 -15
leaf_value=2.3176450074316305e-16 -3.4133671822340241e-14 -1.4868833770809158e-17 3.5446626107594583e-16 -1.3755868623498904e-14 -1.0694885441856276e-13 4.0534225009500669e-16 -0.0015019157895513422 0.030359653556177941 -5.168223536417768e-07 9.3334635085395715e-07 -2.1390020737761914e-10 0.014459996519381433 1.839978766263366e-13 -1.9501446914164762e-11
leaf_weight=124 296 81 20 21 21 3891 20 21 46 40 21 24 73 80
leaf_count=124 296 81 20 21 21 3891 20 21 46 40 21 24 73 80
internal_value=0.000360879 0.00590708 0.000735294 8.56202e-05 0.000211317 7.51315e-05 0.00224719 0.00291498 0.00205752 0.00355769 0.00168103 -0.00126761 0.00347368 -0.00397059
internal_weight=4779 225 101 4554 4258 3992 266 246 225 155 115 70 94 101
internal_count=4779 225 101 4554 4258 3992 266 246 225 155 115 70 94 101
is_linear=0
shrinkage=0.03


Tree=571
num_leaves=15
num_cat=0
split_feature=0 10 7 13 7 10 8 4 8 8 13 3 3 3
split_gain=10.8314 6.13661 4.00721 2.88037 2.37641 1.57262 1.37461 1.29451 1.40921 1.55575 1.38532 1.28675 1.18866 1.54574
threshold=4.024354204069887 -0.70864607840491656 6.2500000000000009 4.560733678289326 5.9350000000000014 -0.91175336425957176 32.95000000000001 9.988980394181409 11.035000000000002 28.950000000000003 2.9188222859550987 10.628539067948351 11.909103993433492 12.418641780806947
decision_type=2 2 2 8 2 2 10 2 8 10 8 2 2 2
left_child=1 4 6 -4 -1 11 -3 12 -9 -10 -11 -2 -7 -14
right_child=5 2 3 -5 -6 7 -8 8 9 10 -12 -13 13 -15
leaf_value=1.2257318618442684e-13 2.9277438639518875e-13 5.1174603392127351e-17 1.8139404170171282e-12 -1.3971944418471299e-17 -9.6278719403486643e-15 -4.9050313045453052e-16 2.2481156572086816e-16 -0.0095360148961194883 0.00067017709095285147 -0.0056840202954420421 -0.00012154653238240589 -7.892709637735895e-07 3.4943891563754411e-05 -8.3141789673520824e-05
leaf_weight=26 535 39 20 20 30 3614 108 43 117 23 40 87 67 68
leaf_count=26 535 39 20 20 30 3614 108 43 117 23 40 87 67 68
internal_value=0.000418561 0.00657787 0.00917553 0.000731707 -0.00210526 9.14037e-05 0.0114527 -0.000128366 -0.00234375 -0.00116022 -0.00492188 0.00149278 4e-06 0.00275735
internal_weight=4837 243 187 40 56 4594 147 3972 223 180 63 622 3749 135
internal_count=4837 243 187 40 56 4594 147 3972 223 180 63 622 3749 135
is_linear=0
shrinkage=0.03


Tree=572
num_leaves=15
num_cat=0
split_feature=0 8 8 8 0 0 1 2 1 1 0 7 3 9
split_gain=8.66333 4.62265 5.00219 1.36203 1.59945 1.07546 1.13336 1.21111 1.83204 1.51236 1.70016 1.51009 1.44233 1.80781
threshold=1.0000000180025095e-35 44.150000000000013 32.95000000000001 9.7350000000000012 8.6786669137668664 9.4196485651592923 9.5687945553884521 5.5673893936330385 12.379940790318781 10.372834606347949 11.621407602475264 6.0100000000000007 4.6890490276048302 0.70556075282125807
decision_type=2 10 10 10 2 2 2 2 2 2 2 2 2 2
left_child=1 2 -1 4 -2 -6 -7 8 11 -9 -11 -8 13 -12
right_child=3 -3 -4 -5 5 6 7 9 -10 10 12 -13 -14 -15
leaf_value=2.6433835024954717e-17 3.408015111280721e-15 -9.6654539066764937e-15 2.243769297115053e-16 4.7937904527580055e-16 -9.6387843160470007e-15 2.1137353621624876e-14 -4.5847016541005355e-14 2.7584635621058238e-12 8.5818570408497768e-13 -1.3159670724920704e-10 1.6353677872222759e-11 6.2675778145042712e-14 -2.120953222586505e-08 -1.4191204691084801e-11
leaf_weight=67 29 28 124 3917 28 48 70 22 23 34 62 26 306 21
leaf_count=67 29 28 124 3917 28 48 70 22 23 34 62 26 306 21
internal_value=0.000252809 0.00606818 0.00773437 -2.61609e-05 -0.00127612 -0.00159126 -0.00132137 -0.00169912 -0.004375 -0.000975336 -0.00137972 -0.00618557 -0.000807692 0.00267857
internal_weight=4805 219 191 4586 669 640 612 564 119 445 423 96 389 83
internal_count=4805 219 191 4586 669 640 612 564 119 445 423 96 389 83
is_linear=0
shrinkage=0.03


Tree=573
num_leaves=15
num_cat=0
split_feature=0 13 9 10 3 2 7 0 10 13 3 2 0 3
split_gain=7.1773 6.11821 2.61224 2.1368 1.48154 2.05197 2.01307 2.41643 2.81711 2.08074 1.99613 1.75961 2.76889 2.00343
threshold=1.0000000180025095e-35 4.1058778300661265 -1.0000000180025095e-35 -0.70864607840491656 2.2242581879713579 9.8385889408756064 6.7500000000000009 11.025173039885955 -0.70710678118654757 3.4255246444826999 4.0163424379838117 8.58386287226012 14.300262989435145 5.7309108131595101
decision_type=2 8 2 2 2 2 2 2 2 10 2 2 2 2
left_child=1 3 -3 -1 -2 6 7 -6 -9 11 -7 13 -13 -10
right_child=4 2 -4 -5 5 10 -8 8 9 -11 -12 12 -14 -15
leaf_value=1.1886549644876657e-13 -2.6098701521582902e-15 -3.0023070890359644e-15 9.2133066403054197e-17 2.1173630598990831e-16 -7.9518364937230006e-14 8.217753718236997e-09 3.2949512819282862e-09 8.2350178191688058e-12 2.8944636214669999e-13 -1.7743071682958772e-11 -5.5244614287058267e-11 3.1747874495442443e-12 -1.7122060965641929e-09 -3.8118455639421312e-13
leaf_weight=30 1662 42 33 115 307 29 70 195 84 102 1841 193 55 112
leaf_count=30 1662 42 33 115 307 29 70 195 84 102 1841 193 55 112
internal_value=0.000283309 0.00556561 -0.00138158 0.00914384 3.22511e-05 0.000431582 0.00144772 0.00111535 0.00204178 0.000932358 -0.000176376 0.00182022 0.00349398 -0.000304569
internal_weight=4870 220 75 145 4650 2988 1118 1048 741 546 1870 444 248 196
internal_count=4870 220 75 145 4650 2988 1118 1048 741 546 1870 444 248 196
is_linear=0
shrinkage=0.03


Tree=574
num_leaves=15
num_cat=0
split_feature=0 10 13 13 10 0 1 2 0 13 2 5 13 13
split_gain=9.87418 7.08381 1.60813 0.941622 1.93483 1.98376 3.54971 2.79908 2.52461 1.55002 1.13703 1.19056 1.08197 1.06534
threshold=1.0000000180025095e-35 -0.70864607840491656 4.1058778300661265 2.6432176622821628 0.96535657505894068 11.727998448618296 13.611476292324143 13.137179057041465 10.33973238281505 2.4021467554132312 6.2161058529120918 1.175687628581739 2.5423292683177254 2.5552851087704824
decision_type=2 2 8 8 2 2 2 2 2 10 2 2 10 10
left_child=1 -1 -3 4 5 8 10 -8 9 -2 -7 -12 -10 -11
right_child=3 2 -4 -5 -6 6 7 -9 12 13 11 -13 -14 -15
leaf_value=-9.249759584517875e-15 -1.5619843225378446e-13 2.0495637424785724e-16 8.754056994684279e-17 -1.0824515555647999e-16 9.8578005233220433e-13 5.7697869082990535e-14 -0.00052668692814330598 0.039895391250299762 -3.1142572789958125e-11 1.0067036296339548e-14 3.5974263957870634e-09 -4.2599167648270353e-08 -7.2626150041752894e-14 -1.63862439180416e-15
leaf_weight=51 23 120 51 4023 57 58 109 35 40 23 149 20 30 20
leaf_count=51 23 120 51 4023 57 58 109 35 40 23 149 20 30 20
internal_value=0.000427235 0.00659193 0.00950581 0.000127507 0.00127434 0.000679134 0.00181452 -0.00186207 -0.00240876 0.00179104 0.00414474 0.00538235 -0.00633803 0.00511364
internal_weight=4809 222 171 4587 564 507 371 144 136 66 227 169 70 43
internal_count=4809 222 171 4587 564 507 371 144 136 66 227 169 70 43
is_linear=0
shrinkage=0.03


Tree=575
num_leaves=15
num_cat=0
split_feature=0 10 7 7 13 0 0 2 0 9 3 7 2 2
split_gain=9.42524 7.21774 2.15711 1.46508 1.28713 1.47306 2.62806 1.44463 1.31329 2.0408 2.71641 2.09526 1.31208 1.27812
threshold=4.024354204069887 -0.70864607840491656 5.9350000000000014 6.3500000000000005 2.7935891615676449 15.86072590304116 17.033233292076652 13.062410028312842 11.832035344371459 1.0000000180025095e-35 4.5875120134243081 5.9350000000000014 12.601352328908346 13.221010287738812
decision_type=2 2 2 2 8 2 2 2 2 2 2 2 2 2
left_child=1 2 -1 -3 5 8 7 -7 9 -2 -11 -12 -10 -14
right_child=4 3 -4 -5 -6 6 -8 -9 12 10 11 -13 13 -15
leaf_value=1.1560051207900336e-13 -9.494854248777126e-15 1.8351595118116936e-16 -1.0557896677023495e-14 8.5472318671571758e-17 -3.0198734242773143e-15 -0.00060371888844802299 0.037231946828335478 0.014240830013509389 1.2542633268404735e-12 2.8130879047411082e-14 1.0293923195664275e-12 -1.7609656087477754e-08 -0.0010803607364819343 0.016471220461899985
leaf_weight=29 180 142 27 34 3531 64 20 21 503 91 37 33 24 30
leaf_count=29 180 142 27 34 3531 64 20 21 503 91 37 33 24 30
internal_value=0.000295784 0.00618026 -0.00315789 0.00915254 -6.61521e-06 0.000941235 -0.00240566 -0.0047093 0.00133482 -0.000131579 0.00231481 -0.00211268 0.00223118 -0.00218182
internal_weight=4766 232 56 176 4534 1003 105 85 898 341 161 70 557 54
internal_count=4766 232 56 176 4534 1003 105 85 898 341 161 70 557 54
is_linear=0
shrinkage=0.03


Tree=576
num_leaves=15
num_cat=0
split_feature=0 10 8 7 8 8 7 4 2 5 3 1 1 10
split_gain=10.4044 5.93097 2.83752 2.10737 1.83039 1.48595 2.54375 1.27232 1.56632 2.02073 1.11128 2.52088 2.86746 2.57675
threshold=4.024354204069887 -0.70864607840491656 32.95000000000001 5.4150000000000009 47.050000000000004 19.950000000000003 6.3500000000000005 9.988980394181409 12.539423942966083 2.8029010331479989 0.80471895621705036 9.5687945553884521 13.568366802406333 0.61221145216718942
decision_type=2 2 10 2 10 10 2 2 2 2 2 2 2 2
left_child=1 3 5 -1 -4 6 -3 10 -9 -10 11 13 -13 -2
right_child=7 2 4 -5 -6 -7 -8 8 9 -11 -12 12 -14 -15
leaf_value=1.1213254762928607e-13 -1.1341815749073482e-16 8.4532840401610501e-17 1.9910878326281483e-16 -1.0241159776712792e-14 3.9000065540592366e-13 -7.9870605336696034e-17 -1.0819118603173693e-17 -0.0026660171652508891 -0.0015690185212385392 0.017228588784382746 2.1968006256496184e-13 -2.4896709431317398e-14 5.9599538265342669e-09 2.0273853009046791e-15
leaf_weight=26 397 28 99 25 21 20 20 72 92 82 2674 959 156 145
leaf_count=26 397 28 99 25 21 20 20 72 92 82 2674 959 156 145
internal_value=0.000348765 0.0064375 0.00888889 -0.00259615 0.0116529 0.00391304 0.00673469 2.94889e-05 -0.00206478 -0.000514286 0.000148892 -0.000461399 -0.00127688 0.00121547
internal_weight=4816 239 188 51 120 68 48 4577 246 174 4331 1657 1115 542
internal_count=4816 239 188 51 120 68 48 4577 246 174 4331 1657 1115 542
is_linear=0
shrinkage=0.03


Tree=577
num_leaves=15
num_cat=0
split_feature=0 10 8 13 7 13 13 8 13 4 0 10 8 13
split_gain=11.843 6.02533 2.22612 1.92632 1.86521 1.75093 1.66364 2.17655 1.60574 1.59837 1.17898 2.84776 2.56922 1.46128
threshold=1.0000000180025095e-35 -0.70864607840491656 32.95000000000001 4.1847270233274516 5.9350000000000014 4.4511251927621567 4.1894324411608386 12.050000000000002 3.8611811089553809 10.645757828064651 8.7835855652564359 0.38066602485876117 32.95000000000001 3.0659318822730923
decision_type=2 2 10 8 2 8 10 10 8 2 2 2 10 10
left_child=1 4 3 -3 -1 6 10 -8 -4 -7 11 12 -2 -12
right_child=5 2 8 -5 -6 9 7 -9 -10 -11 13 -13 -14 -15
leaf_value=1.0876879539382656e-13 3.5791940222085705e-16 -5.9477649931000308e-17 1.8784559776646246e-16 7.8701393565073893e-17 -1.2019301898404275e-14 -3.9637265201019503e-11 -1.584369796644747e-15 1.7316229331094706e-12 2.0851567349004459e-16 -0.0091699532963349789 7.3473911912444954e-15 4.6465636412399036e-15 -1.5846686659134238e-14 -1.1935450652211842e-14
leaf_weight=24 85 26 95 31 23 314 78 111 20 23 2080 101 41 1755
leaf_count=24 85 26 95 31 23 314 78 111 20 23 2080 101 41 1755
internal_value=0.000496048 0.00729545 0.00988439 0.00491379 -0.0021875 0.000169972 0.000335136 0.00307895 0.0122845 -0.00190828 0.000206744 0.00230263 -0.000708661 8.21168e-05
internal_weight=4807 219 172 57 47 4588 4251 189 115 337 4062 227 126 3835
internal_count=4807 219 172 57 47 4588 4251 189 115 337 4062 227 126 3835
is_linear=0
shrinkage=0.03


Tree=578
num_leaves=15
num_cat=0
split_feature=0 7 10 7 7 10 0 0 10 7 1 2 9 9
split_gain=7.49502 5.23252 4.3726 1.44503 1.01645 2.64385 1.11963 1.08266 2.01366 2.49831 1.09667 1.37824 1.81015 1.14869
threshold=1.0000000180025095e-35 5.5500000000000007 -0.70864607840491656 6.2500000000000009 5.2500000000000009 -0.99172490552676262 11.537539334596643 10.064276837124723 -0.86926070542861777 4.9500000000000011 12.092524536126961 2.1686453704162454 0.96477813974884574 -0.86711210913679049
decision_type=2 2 2 2 2 2 2 2 2 2 2 2 2 2
left_child=1 -1 -3 -4 5 6 -2 8 -7 -10 -9 -12 13 -13
right_child=4 2 3 -5 -6 7 -8 10 9 -11 11 12 -14 -15
leaf_value=1.8319375257837601e-16 1.6011478833836224e-12 -1.1449300494934469e-14 7.593939583464588e-17 1.2383026038854887e-17 9.5415879011367147e-15 -8.8363702958921398e-15 3.1467781356574657e-13 -1.1577387132645486e-14 6.2980229853538524e-16 -2.927335871761055e-15 5.1217443366855682e-13 -5.7679725138141034e-08 -4.9776027172095941e-07 2.9718699627734737e-13
leaf_weight=115 20 25 38 34 3783 22 20 265 159 31 49 28 20 161
leaf_count=115 20 25 38 34 3783 22 20 265 159 31 49 28 20 161
internal_value=0.000415007 0.00591549 0.000765306 0.00452055 0.000157929 -0.000831186 0.00658537 -0.00124321 0.00056338 0.00157068 -0.00197519 -0.000579151 -0.00164286 -0.000710526
internal_weight=4770 212 97 72 4558 775 40 735 212 190 523 258 209 189
internal_count=4770 212 97 72 4558 775 40 735 212 190 523 258 209 189
is_linear=0
shrinkage=0.03


Tree=579
num_leaves=15
num_cat=0
split_feature=0 10 8 8 13 10 13 1 2 5 1 0 9 1
split_gain=10.4436 4.52398 2.64008 3.14634 2.28602 1.2176 1.19819 3.26496 1.56171 1.26212 1.3919 1.92572 1.54936 1.29994
threshold=4.024354204069887 -0.70864607840491656 44.150000000000013 32.95000000000001 4.2148714814007784 -0.95370787205023244 4.5196178450035118 8.1360059730884 7.5422084027179102 10.401204088936487 15.01171096262234 15.703486992599593 -0.5 14.609780642136871
decision_type=2 2 10 10 8 2 8 2 2 2 2 2 2 2
left_child=1 5 3 4 -3 -1 9 -8 -9 10 13 12 -12 -2
right_child=6 2 -4 -5 -6 -7 7 8 -10 -11 11 -13 -14 -15
leaf_value=1.0550001152601535e-13 4.4228317799058691e-16 -7.8218157261104399e-17 -1.1121075217464931e-14 1.820043392545852e-16 8.1043978451180702e-17 -3.5990509853341226e-15 5.0637324906831474e-12 -5.5223367571865234e-10 -2.9465033013674e-08 0.033306822983259217 3.7817824531360114e-05 -3.8099068220922654e-05 -0.00073047855993502891 1.5887563918464298e-05
leaf_weight=30 3822 29 20 99 32 24 27 66 222 31 21 172 51 170
leaf_count=30 3822 29 20 99 32 24 27 66 222 31 21 172 51 170
internal_value=0.000342537 0.00651064 0.00878453 0.0100621 0.00459677 -0.00109091 2.61837e-05 -0.00175633 -0.00269896 0.000158154 0.000113288 -0.00208163 -0.00616438 0.000247934
internal_weight=4816 234 180 160 61 54 4582 315 288 4267 4236 244 72 3992
internal_count=4816 234 180 160 61 54 4582 315 288 4267 4236 244 72 3992
is_linear=0
shrinkage=0.03


Tree=580
num_leaves=15
num_cat=0
split_feature=0 8 10 7 13 0 8 3 10 8 13 2 2 0
split_gain=10.9448 5.30788 3.22368 1.86491 1.01359 1.27939 2.33643 2.23952 2.20067 2.0314 1.78846 2.83227 1.73229 1.96524
threshold=4.024354204069887 44.150000000000013 -0.70864607840491656 6.2500000000000009 3.0264071976186258 11.569629355055227 33.050000000000004 5.3671428766949623 0.92219219298186361 50.20000000000001 3.0932912527727852 9.966415292020832 5.4722684669015473 11.787810966104313
decision_type=2 10 2 2 10 2 10 2 2 10 10 2 2 2
left_child=1 2 -1 -4 -2 6 8 -8 10 12 -6 -12 13 -7
right_child=4 -3 3 -5 5 9 7 -9 -10 -11 11 -13 -14 -15
leaf_value=2.574826347302029e-15 5.6646413741182233e-15 -1.0787137210738492e-14 1.6186066795773586e-16 7.4617059758694319e-17 -7.5026958418060915e-14 -3.0090838945864674e-14 -1.1829498990752225e-11 1.2658672387489815e-13 6.1977440043351958e-15 5.8388083523290241e-09 2.3603352761678384e-15 -3.5367898432334255e-08 -5.1694139925106855e-13 -2.1371380273583856e-14
leaf_weight=39 2157 35 127 26 53 25 75 74 72 52 384 49 1409 233
leaf_count=39 2157 35 127 26 53 25 75 74 72 52 384 49 1409 233
internal_value=0.000492621 0.00690789 0.0088601 0.0108117 0.000173429 -0.000247219 0.000826271 -0.0025 0.00171735 -0.000688953 0.000985626 0.00162442 -0.000872302 -0.00312741
internal_weight=4810 227 192 153 4583 2426 707 149 558 1719 486 433 1667 258
internal_count=4810 227 192 153 4583 2426 707 149 558 1719 486 433 1667 258
is_linear=0
shrinkage=0.03


Tree=581
num_leaves=15
num_cat=0
split_feature=0 8 8 10 8 7 4 12 12 1 1 0 3 0
split_gain=9.67653 5.4415 3.279 2.71274 2.21291 2.84222 1.51292 1.17977 1.30694 1.04146 0.960928 1.8341 1.94845 1.28278
threshold=5.4270898555638087 41.45000000000001 32.95000000000001 -0.70864607840491656 23.850000000000005 6.6500000000000012 9.988980394181409 2.5000000000000004 1.5000000000000002 14.049929104559439 13.092214898089891 14.246642349107974 9.7193242967978595 12.733168034440927
decision_type=2 10 10 2 10 2 2 10 10 2 2 2 2 2
left_child=1 2 4 -4 5 -1 10 8 9 -8 11 -2 -13 -12
right_child=6 -3 3 -5 -6 -7 7 -9 -10 -11 13 12 -14 -15
leaf_value=6.5973118643863211e-17 5.4347971521578458e-16 -1.0883658180721935e-14 1.022467031003193e-13 1.7137833790236185e-16 -8.6729064392441865e-17 -3.6361774373253753e-17 -0.0027262003491268345 -0.0063512632523676279 0.020860153531338466 -0.00015688893741683626 -3.5112788634080217e-07 -4.6470279491893655e-11 2.8089091354376438e-06 5.1758029126593106e-09
leaf_weight=47 2829 39 26 104 23 22 34 46 38 122 21 261 28 1183
leaf_count=47 2829 39 26 104 23 22 34 46 38 122 21 261 28 1183
internal_value=0.000519279 0.00612595 0.00793722 0.0109924 0.00354839 0.00621429 0.000197239 -0.00211618 -0.00107692 -0.00229299 0.000326162 4.80923e-05 -0.00222414 0.00104564
internal_weight=4823 261 222 130 92 69 4562 240 194 156 4322 3118 289 1204
internal_count=4823 261 222 130 92 69 4562 240 194 156 4322 3118 289 1204
is_linear=0
shrinkage=0.03


Tree=582
num_leaves=15
num_cat=0
split_feature=0 8 8 8 12 0 10 10 8 13 8 8 1 10
split_gain=8.05295 5.64077 3.25055 2.86908 1.87875 1.79289 1.40222 1.2437 1.16487 1.11289 2.1261 2.07732 1.67024 2.17377
threshold=7.4542853141106749 44.150000000000013 32.95000000000001 27.250000000000004 1.0000000180025095e-35 4.024354204069887 -0.70864607840491656 -0.5280665939425373 110.12000000000002 3.192652944784323 32.250000000000007 28.950000000000003 7.4522569137628674 -0.50188698852276337
decision_type=2 10 10 10 10 2 2 2 8 8 10 10 2 2
left_child=1 2 3 4 -1 6 -4 -6 9 -2 11 12 13 -11
right_child=8 -3 5 -5 7 -7 -8 -9 -10 10 -12 -13 -14 -15
leaf_value=8.7957379952227835e-17 3.0639377027403654e-15 -1.4198324978331855e-14 9.9190804010972536e-14 -1.0789658769702856e-16 -9.413488797227365e-16 6.9069263684064326e-15 1.6044107462478546e-16 6.7994548270475127e-16 3.6039450348529158e-09 -3.3687305370566204e-15 -1.6928756196314163e-11 2.1482663697807791e-12 -1.1129201865609766e-14 2.5429754516927939e-15
leaf_weight=36 2546 37 23 20 31 30 92 55 20 30 401 123 1296 60
leaf_count=36 2546 37 23 20 31 30 92 55 20 30 401 123 1296 60
internal_value=0.000424911 0.00498462 0.00640625 0.00314685 0.00487805 0.00955479 0.01125 0.00241379 9.38128e-05 6.05789e-05 -0.000486656 2.98013e-05 -0.000302812 0.00362637
internal_weight=4800 324 287 142 122 145 115 86 4476 4456 1910 1509 1386 90
internal_count=4800 324 287 142 122 145 115 86 4476 4456 1910 1509 1386 90
is_linear=0
shrinkage=0.03


Tree=583
num_leaves=15
num_cat=0
split_feature=0 10 7 8 12 7 10 8 2 8 0 1 2 10
split_gain=8.44295 4.54606 2.72865 2.11703 2.19606 1.74724 1.41342 3.07589 1.65587 2.30857 1.43176 1.78198 2.53792 2.48514
threshold=1.0000000180025095e-35 -0.70864607840491656 5.9350000000000014 32.95000000000001 inf 4.8500000000000005 0.99225665916436845 14.950000000000001 9.1385757927605429 22.650000000000002 14.093193610243846 13.21010146161097 11.396311975658071 0.49810825183760399
decision_type=2 2 2 10 8 2 2 10 2 10 2 2 2 2
left_child=1 2 -1 4 -3 -5 10 -8 -9 -10 -2 -12 13 -13
right_child=6 3 -4 5 -6 -7 7 8 9 -11 11 12 -14 -15
leaf_value=9.6215038650662385e-14 1.7863643553597723e-15 -2.5485601599764057e-17 -1.0531838187726202e-14 1.5562228690607716e-16 6.3103907047318866e-17 3.7971177673185904e-13 -3.467911527196451e-11 3.4931282519510756e-13 1.3305526758969464e-05 -8.4634853519989873e-08 -6.6327035708948682e-11 3.9812648709631486e-06 -7.1772409749105209e-07 -4.1946059668066059e-10
leaf_weight=27 2935 26 22 77 22 26 55 55 20 54 380 239 724 146
leaf_count=27 2935 26 22 77 22 26 55 55 20 54 380 239 724 146
internal_value=0.000399251 0.00641791 -0.0015 0.00898026 0.00367347 0.0113942 0.000136689 -0.00243243 0.000115385 -0.0028 0.000244068 -0.000513423 9.45946e-05 0.00205959
internal_weight=4808 200 49 151 48 103 4608 184 129 74 4424 1489 1109 385
internal_count=4808 200 49 151 48 103 4608 184 129 74 4424 1489 1109 385
is_linear=0
shrinkage=0.03


Tree=584
num_leaves=15
num_cat=0
split_feature=12 2 5 10 13 13 8 8 2 13 2 13 8 8
split_gain=3.24607 2.66483 2.42429 1.36993 1.15121 1.06867 1.0667 5.07484 2.3656 2.72991 2.43105 1.8745 1.80874 2.13304
threshold=inf 13.562794308820665 7.3780357846781532 1.0000000180025095e-35 2.5624635244952301 2.7935891615676449 37.050000000000004 32.650000000000013 2.1686453704162454 2.6773443836690194 8.0507033306288509 4.1847270233274516 56.550000000000004 43.850000000000001
decision_type=8 2 2 2 8 10 10 10 2 8 2 8 10 10
left_child=1 6 4 -4 -3 -6 7 -1 -9 -10 -11 12 13 -8
right_child=-2 2 3 -5 5 -7 11 8 9 10 -12 -13 -14 -15
leaf_value=3.9879102717196085e-16 6.2959493197237703e-17 0.027819060940448115 -0.0253944981805336 0.028536319640597177 -0.0044583171615854306 -0.00051893043922204569 5.3611387136639513e-14 1.5177521605675097e-16 2.3941264585875066e-09 -2.0144195502337722e-13 1.7174145571449731e-12 -3.8957971039403598e-10 3.7095552481602522e-09 -9.5126451187932358e-11
leaf_weight=3341 37 21 20 28 25 134 387 199 44 52 238 88 87 120
leaf_count=3341 37 21 20 28 25 134 387 199 44 52 238 88 87 120
internal_value=0.000345292 0.000275862 -0.0028821 0.00306122 -0.00447514 -0.00534375 0.000434496 0.000627097 0.0033427 0.00179104 0.000721649 -0.000658858 -5.04202e-05 -0.000738189
internal_weight=4821 4784 228 48 180 159 4556 3874 533 334 290 682 594 507
internal_count=4821 4784 228 48 180 159 4556 3874 533 334 290 682 594 507
is_linear=0
shrinkage=0.03


Tree=585
num_leaves=15
num_cat=0
split_feature=0 8 8 0 8 2 2 0 10 2 0 5 7 10
split_gain=7.77068 3.08579 3.8604 2.51053 2.36395 2.26661 2.90768 1.94428 1.79532 1.78168 1.67149 1.78584 2.07937 1.61073
threshold=7.4542853141106749 45.050000000000004 32.95000000000001 14.113888659431884 27.450000000000003 10.422601193182571 11.128199519897853 1.0000000180025095e-35 -0.70864607840491656 15.15479036776569 13.838839289722005 4.1510089048756029 6.7500000000000009 -0.5280665939425373
decision_type=2 10 10 2 10 2 2 2 2 2 2 2 2 2
left_child=1 2 4 10 13 -5 -7 8 -4 -8 11 -2 -13 -1
right_child=3 -3 7 5 -6 6 9 -9 -10 -11 -12 12 -14 -15
leaf_value=-9.5518307886358918e-16 3.8274944723245803e-16 -1.1091824256715822e-10 9.3324075474641771e-14 -1.657392513159885e-10 -1.1585885283328358e-16 7.1036391213839041e-06 -2.2648019400920822e-07 6.4318655655881307e-15 1.5253867607032433e-16 0.032756291627896089 3.8840704052656713e-12 4.0928629109226144e-05 -0.00062163474259717129 1.0792170202532659e-16
leaf_weight=45 2689 35 23 496 20 159 847 34 94 21 215 39 23 93
leaf_count=45 2689 35 23 496 20 159 847 34 94 21 215 39 23 93
internal_value=0.000269963 0.0046087 0.00556452 -6.34744e-05 0.00226415 -0.00105315 -0.000248054 0.00898026 0.0108051 -0.000932106 0.000444894 0.000245276 0.0052381 0.00366906
internal_weight=4833 344 309 4489 158 1523 1027 151 117 868 2966 2751 62 138
internal_count=4833 344 309 4489 158 1523 1027 151 117 868 2966 2751 62 138
is_linear=0
shrinkage=0.03


Tree=586
num_leaves=15
num_cat=0
split_feature=1 8 8 13 13 9 13 8 10 13 9 10 8 8
split_gain=4.35064 1.82873 3.49183 2.60003 2.45496 1.43308 1.38888 1.71544 2.36006 1.26356 0.986412 0.849311 0.819433 2.70043
threshold=6.0972959971669534 31.950000000000003 34.95000000000001 3.2018703124542616 4.2513567705528477 0.1865169337449851 4.0556155940969179 21.850000000000005 -0.5 3.5269516858868246 -0.26302871059038929 0.38268343236508956 43.850000000000001 46.050000000000004
decision_type=2 10 10 8 8 2 10 10 2 10 2 2 10 10
left_child=1 4 3 11 6 9 7 8 -1 -4 -6 -3 -2 -14
right_child=12 2 5 -5 10 -7 -8 -9 -10 -11 -12 -13 13 -15
leaf_value=-1.5066559721010396e-15 7.5090643635103026e-16 9.928935615145107e-17 1.4894329152734521e-16 1.510320774793657e-16 1.0538161538197355e-16 -6.4881945213790513e-14 -2.230858210927056e-15 -1.6487202492741729e-16 1.0574185412687589e-15 -8.5837041465980826e-12 5.4672192959884734e-17 4.1033894873384075e-16 -9.1555800810141439e-11 7.3029524414155761e-10
leaf_weight=20 4135 56 27 50 24 36 22 55 37 26 32 27 91 158
leaf_count=20 4135 56 27 50 24 36 22 55 37 26 32 27 91 158
internal_value=0.000325203 0.00326877 0.00511211 0.00817164 0.00109948 0.0005 -0.00111111 0.000265487 0.00387931 0.00361111 0.00631579 0.00482143 4.78905e-05 -0.00162
internal_weight=4796 412 222 133 190 89 134 112 57 53 56 83 4384 249
internal_count=4796 412 222 133 190 89 134 112 57 53 56 83 4384 249
is_linear=0
shrinkage=0.03


Tree=587
num_leaves=15
num_cat=0
split_feature=0 8 8 10 13 0 7 8 8 2 0 5 5 13
split_gain=7.23981 5.49565 5.2959 2.89147 2.62568 1.38704 1.70916 1.97121 2.90227 2.282 2.15561 1.63805 1.73386 1.31827
threshold=1.0000000180025095e-35 32.95000000000001 54.100000000000009 -0.70864607840491656 4.2963685801628158 14.113888659431884 7.1500000000000012 49.600000000000009 43.850000000000001 9.966415292020832 13.962708169661443 4.1510089048756029 6.4175406124869383 2.5129805883025811
decision_type=2 10 10 2 8 2 2 10 10 2 2 2 2 10
left_child=1 4 3 -3 -1 6 7 8 10 -10 11 13 -13 -2
right_child=5 2 -4 -5 -6 -7 -8 -9 9 -11 -12 12 -14 -15
leaf_value=-1.0077032879987928e-16 5.8936937601742537e-13 9.0520986728204508e-14 -1.0753433420631442e-10 1.4278465669531817e-16 5.0988947592431833e-17 -1.6142532242884311e-10 -2.2218842724481092e-06 4.6902699476352091e-09 -8.8809126785837196e-11 2.8960266427785266e-10 9.4518802483592781e-10 4.9399046293732146e-05 4.551696656814993e-05 6.0360764574291515e-17
leaf_weight=33 220 27 31 95 36 1513 95 72 37 29 110 22 32 2456
leaf_count=33 220 27 31 95 36 1513 95 72 37 29 110 22 32 2456
internal_value=0.000237056 0.0055157 0.00866883 0.0114634 -0.0015 -1.96207e-05 0.000346454 0.000473313 0.000350877 -0.0058209 0.000496304 0.00032955 0.00545455 0.000224131
internal_weight=4808 222 153 122 69 4586 3073 2978 2906 66 2840 2730 54 2676
internal_count=4808 222 153 122 69 4586 3073 2978 2906 66 2840 2730 54 2676
is_linear=0
shrinkage=0.03


Tree=588
num_leaves=15
num_cat=0
split_feature=0 8 7 13 4 4 8 0 1 1 4 1 2 1
split_gain=6.37677 5.36145 3.54488 2.15773 1.69468 1.48977 1.90762 1.17229 2.26125 1.89173 1.84074 2.82723 2.30609 1.62525
threshold=1.0000000180025095e-35 32.95000000000001 5.9350000000000014 4.2963685801628158 10.141595927672661 11.147097430190149 25.650000000000002 14.074898786011893 13.06623948182053 14.553550238858589 5.4445775410940529 12.485971485529776 12.569364864700374 14.110476225380147
decision_type=2 10 2 8 2 2 10 2 2 2 2 2 2 2
left_child=1 3 -3 -1 7 -6 -7 8 -2 10 12 -12 -9 -10
right_child=4 2 -4 -5 5 6 -8 9 13 -11 11 -13 -14 -15
leaf_value=-1.1161046847811425e-16 6.2494798390339775e-16 1.3787896558287192e-16 1.1042177053430741e-14 4.8060334711024602e-17 -0.0016833439569530985 0.0066932673187139 -0.0082280434176638904 -4.3551340896465253e-10 7.4147133452972956e-09 8.011819880173642e-06 2.6510475455688636e-05 -3.7490350862577558e-07 1.0664260927072832e-05 -0.00053473667032220493
leaf_weight=32 2791 111 37 34 99 83 44 655 171 423 20 233 54 24
leaf_count=32 2791 111 37 34 99 83 44 655 171 423 20 233 54 24
internal_value=0.000252494 0.00530233 0.00845638 -0.00179104 1.63114e-05 -0.00251101 -0.000351562 0.00014753 0.000482089 -0.000573593 -0.00130841 0.000885827 -0.00209155 0.00359694
internal_weight=4811 214 148 66 4597 226 127 4371 2986 1385 962 253 709 195
internal_count=4811 214 148 66 4597 226 127 4371 2986 1385 962 253 709 195
is_linear=0
shrinkage=0.03


Tree=589
num_leaves=15
num_cat=0
split_feature=0 7 10 13 0 7 10 0 2 10 0 13 13 10
split_gain=9.00779 4.08642 1.6343 1.46607 1.18568 1.82309 2.85583 2.71242 2.19697 1.93506 2.06111 2.15421 1.92441 1.83848
threshold=1.0000000180025095e-35 5.5500000000000007 -0.76322520435950447 4.3295383728638077 13.821393396315276 5.9350000000000014 -0.99332015631575676 12.694996915516223 7.3934095348555067 -0.61907037610925431 12.668474723849867 3.0567327778307569 4.1989860542673538 0.85933278406926539
decision_type=2 2 2 8 2 2 2 2 2 2 2 8 8 2
left_child=1 -1 -3 -4 5 6 7 -2 9 -8 11 -11 -7 -12
right_child=4 2 3 -5 -6 12 8 -9 -10 10 13 -13 -14 -15
leaf_value=1.308827489014676e-16 1.4268476710123125e-12 -5.237207094051548e-11 -1.3278028760035231e-17 8.3746134710704872e-17 -2.6412608333251955e-11 7.2361715134721837e-14 -9.2583620121234633e-15 -6.4544552355432719e-11 8.3392675775557583e-14 -5.372332742387313e-15 1.1336970900896624e-12 5.4647669151591087e-16 1.6851295315195133e-12 -9.8610564053275735e-14
leaf_weight=118 53 20 34 41 1726 931 192 21 952 216 43 256 108 24
leaf_count=118 53 20 34 41 1726 931 192 21 952 216 43 256 108 24
internal_value=0.000364231 0.0063785 0.00171875 0.00375 7.95932e-05 0.000461208 -0.000127986 0.0056 -0.000383017 -0.00161885 -0.000694444 -0.00139535 0.00145673 0.00419118
internal_weight=4735 213 95 75 4522 2796 1757 74 1683 731 539 472 1039 67
internal_count=4735 213 95 75 4522 2796 1757 74 1683 731 539 472 1039 67
is_linear=0
shrinkage=0.03


Tree=590
num_leaves=15
num_cat=0
split_feature=1 8 7 10 8 9 1 2 10 10 10 7 9 4
split_gain=5.5098 2.19763 3.72858 2.02048 1.97432 1.88903 1.47092 1.47874 1.74498 1.55595 1.27211 1.17919 1.58391 1.10277
threshold=6.0972959971669534 31.950000000000003 4.8500000000000005 -0.70864607840491656 27.650000000000002 0.88497921301857441 11.515983281687092 7.2393942815609558 -0.99838216658822032 0.92219219298186361 0.84455963375842991 6.0100000000000007 0.64111330583356196 5.1089666311285624
decision_type=2 10 2 2 10 2 2 2 2 2 2 2 2 2
left_child=1 4 3 -3 5 -1 7 8 -2 10 11 -10 -13 -9
right_child=6 2 -4 -5 -6 -7 -8 13 9 -11 -12 12 -14 -15
leaf_value=9.8273642244854048e-17 2.9274414068002638e-13 8.7775167695930754e-14 1.0947604842478945e-14 1.249079964467733e-16 -1.1165858274975012e-16 -1.0561831657373736e-16 -5.7999991027439473e-13 2.9975947147120174e-13 -2.7138930385889695e-15 5.9561295668114614e-15 -1.4579717703710902e-14 -1.1814644017448458e-14 5.0831842488679261e-14 -9.1554225348999186e-09
leaf_weight=150 27 25 107 88 23 25 2595 804 423 101 57 116 75 193
leaf_count=150 27 25 107 88 23 25 2595 804 423 101 57 116 75 193
internal_value=0.000221414 0.00350835 0.00556561 0.00934211 0.00120603 0.00230114 -9.22131e-05 0.000567613 -0.00039375 -0.000659767 -0.00118304 -0.000780488 0.00117187 0.00133768
internal_weight=4809 418 220 113 198 175 4391 1796 799 772 671 614 191 997
internal_count=4809 418 220 113 198 175 4391 1796 799 772 671 614 191 997
is_linear=0
shrinkage=0.03


Tree=591
num_leaves=15
num_cat=0
split_feature=0 8 8 13 0 10 3 0 10 1 13 10 13 1
split_gain=10.6597 2.61919 3.57769 2.33751 1.57208 1.50652 3.58802 1.84491 1.18762 1.16384 2.52027 1.27088 1.15729 1.78001
threshold=1.0000000180025095e-35 32.650000000000013 54.100000000000009 4.2963685801628158 14.074898786011893 -0.99560056297092026 8.3987473348254564 12.668474723849867 -0.70864607840491656 1.0000000180025095e-35 4.3143932081652014 0.49810825183760399 3.0896727230892331 11.335895878800285
decision_type=2 10 10 8 2 2 2 2 2 2 8 2 8 2
left_child=1 3 8 -1 5 6 7 -2 -3 10 11 -7 -6 -14
right_child=4 2 -4 -5 12 9 -8 -9 -10 -11 -12 -13 13 -15
leaf_value=-7.1871200519875844e-17 1.710406093894496e-12 8.5165130123710781e-14 -1.0316660084155784e-10 5.1182083662826304e-17 1.8412747422672074e-11 -8.2433789522355297e-15 -5.149585621590807e-07 -1.21626485403259e-11 1.2335066081880789e-16 1.0191036334623847e-15 2.9032308798961859e-12 1.6306135191266839e-16 2.9558807540997261e-11 -6.1668470081781552e-08
leaf_weight=29 68 24 26 37 672 77 33 28 101 2796 20 37 58 814
leaf_count=29 68 24 26 37 672 77 33 28 101 2796 20 37 58 814
internal_value=0.000329807 0.00681193 0.00898026 0.00179104 2.28063e-05 0.000416667 0.00357692 0.00649485 0.0110714 0.000276356 -0.00244444 -0.00417391 -0.000757282 -0.00147766
internal_weight=4820 217 151 66 4603 3059 129 96 125 2930 134 114 1544 872
internal_count=4820 217 151 66 4603 3059 129 96 125 2930 134 114 1544 872
is_linear=0
shrinkage=0.03


Tree=592
num_leaves=15
num_cat=0
split_feature=0 8 8 13 2 7 0 10 0 0 7 8 3 13
split_gain=8.06183 3.30287 4.22307 3.51704 2.32104 2.04217 2.53778 1.66799 1.66067 1.64269 2.00208 1.6215 2.76791 2.60344
threshold=1.0000000180025095e-35 32.95000000000001 54.100000000000009 3.9101128528800593 10.403087890084338 6.6500000000000012 15.94533503232697 -0.99560056297092026 16.272254538843814 12.668474723849867 5.7500000000000009 31.625000000000004 8.072544028010963 2.6716281598217351
decision_type=2 10 10 8 2 2 2 2 2 2 2 10 2 10
left_child=1 3 -3 -1 5 6 7 9 -8 10 -2 -9 13 -13
right_child=4 2 -4 -5 -6 -7 8 11 -10 -11 -12 12 -14 -15
leaf_value=-7.5683693404410852e-17 1.6522084564447065e-12 1.2236835443037427e-16 -1.0007544846678196e-10 5.0627158841366144e-17 -1.1057974566760029e-09 9.8041071559776735e-10 -1.2484078872052415e-06 2.5148391812358829e-15 -7.8435748005236388e-07 -1.0620166588967833e-11 -5.5222827051987963e-12 -7.1350296724960444e-11 5.2767247133658763e-10 -1.823690739540346e-14
leaf_weight=28 39 121 29 42 1677 213 31 1880 52 35 20 76 89 428
leaf_count=28 39 121 29 42 1677 213 31 1880 52 35 20 76 89 428
internal_value=0.000649023 0.00624434 0.00874172 0.00084507 0.000376569 0.000895601 0.000667673 0.00083528 -0.00446429 0.00473684 0.00775 0.000685125 -0.000681818 -0.00154455
internal_weight=4760 220 150 70 4540 2863 2650 2567 83 94 59 2473 593 504
internal_count=4760 220 150 70 4540 2863 2650 2567 83 94 59 2473 593 504
is_linear=0
shrinkage=0.03


Tree=593
num_leaves=15
num_cat=0
split_feature=0 8 8 10 2 7 12 0 10 7 3 7 8 8
split_gain=8.81642 3.0198 3.97555 1.9929 2.47618 2.42702 1.67496 1.53203 1.50446 1.39431 1.28188 1.2636 1.27658 3.65699
threshold=6.116278168054575 47.050000000000004 32.95000000000001 -0.99172490552676262 9.7031138293886503 6.1500000000000012 2.5000000000000004 12.694996915516223 -0.52063591143823496 4.8500000000000005 7.3385598149196678 4.4500000000000011 46.050000000000004 43.850000000000001
decision_type=2 10 10 2 2 2 8 2 2 2 2 2 8 10
left_child=1 2 6 4 5 7 -1 -2 -4 -10 -6 -5 13 -13
right_child=3 -3 8 11 10 -7 -8 -9 9 -11 -12 12 -14 -15
leaf_value=-5.8193277653341646e-17 1.6095276573843199e-12 -9.8010523055402972e-11 3.8591670558328604e-16 1.7744023945215027e-09 -3.5748226857666788e-07 -1.0577574557929751e-07 9.0733817867618131e-17 6.7405481806501934e-12 1.1571270777310876e-16 2.4585100080187338e-13 1.6251553893041866e-08 -5.1712031694012762e-17 4.5201383147810719e-09 -1.0650091133480908e-10
leaf_weight=39 54 34 39 23 20 22 54 30 82 21 64 4081 162 81
leaf_count=39 54 34 39 23 20 22 54 30 82 21 64 4081 162 81
internal_value=0.000455586 0.00572222 0.00692797 0.000142133 0.00314136 0.00616822 0.00207447 0.00847059 0.0100699 0.0119712 -0.000705882 1.03496e-05 -2.77457e-05 -0.000129714
internal_weight=4806 269 235 4537 190 106 93 84 142 103 84 4347 4324 4162
internal_count=4806 269 235 4537 190 106 93 84 142 103 84 4347 4324 4162
is_linear=0
shrinkage=0.03


Tree=594
num_leaves=15
num_cat=0
split_feature=0 7 13 9 4 13 13 1 3 2 8 13 4 1
split_gain=7.20547 3.5286 1.82638 2.44305 1.64111 1.82816 1.23342 2.69323 2.42384 1.6347 1.37229 1.22095 1.04677 1.00525
threshold=1.0000000180025095e-35 4.8500000000000005 4.1847270233274516 -0.51495963211660267 7.3912596543933962 4.4511251927621567 2.4670511503686972 13.24434817285543 6.8434830691324935 9.0362843825504378 15.550000000000002 2.3619448018414961 7.226753903166979 15.830290604208031
decision_type=2 2 8 2 2 8 8 2 2 2 10 10 2 2
left_child=1 -1 -3 -4 6 -6 7 8 9 11 -9 -2 13 -8
right_child=4 2 3 -5 5 -7 12 10 -10 -11 -12 -13 -14 -15
leaf_value=1.1222444057256409e-16 9.8438826710259276e-14 -3.0348200860754528e-15 9.0388914583711874e-17 4.5405791851671985e-17 -2.378946033537039e-06 -0.0034844099137401941 7.9784681317255571e-16 -0.0005302716053001181 8.4854868413806997e-07 -2.115533987693081e-10 2.8384819375075972e-05 1.7841297760851191e-12 3.2721491431896952e-06 -0.00042472906309276543
leaf_weight=113 62 39 21 49 633 51 3635 43 56 20 21 35 42 38
leaf_count=113 62 39 21 49 633 51 3635 43 56 20 21 35 42 38
internal_value=0.000382795 0.00565022 0.00177273 0.00464789 0.000129394 -0.00122628 0.00036428 0.00245798 0.00439655 0.00190678 -0.00276923 0.00352041 0.000230086 0.000175558
internal_weight=4858 222 109 70 4636 684 3952 237 173 117 64 97 3715 3673
internal_count=4858 222 109 70 4636 684 3952 237 173 117 64 97 3715 3673
is_linear=0
shrinkage=0.03


Tree=595
num_leaves=15
num_cat=0
split_feature=0 8 8 0 1 2 13 7 0 0 0 8 0 7
split_gain=8.31053 3.76848 3.46485 1.12259 1.48661 2.47965 3.14211 1.51448 2.36718 1.89352 1.53914 1.48883 2.17487 1.4668
threshold=6.116278168054575 45.050000000000004 32.95000000000001 14.715189673089524 10.486854743493874 9.4437108720537015 2.2582098743039256 5.2500000000000009 13.798029343861065 11.502541571433946 13.597546954556858 11.035000000000002 11.765984927760018 7.2500000000000009
decision_type=2 10 10 2 2 2 8 2 2 2 2 10 2 2
left_child=1 2 -1 4 -2 7 -7 9 10 -6 11 12 -9 -8
right_child=3 -3 -4 -5 5 6 13 8 -10 -11 -12 -13 -14 -15
leaf_value=4.4043618096121822e-17 -5.973932348265879e-16 -9.5070145219157239e-11 1.1472125611689675e-16 -6.1439466645342539e-08 3.3667185875308194e-13 1.9650425514922627e-05 -8.9336363696121234e-12 -3.8917873329543908e-14 4.2856586436446849e-10 -1.3561466587019398e-14 -3.4978648954051856e-11 9.5905023427786545e-14 6.4544250189917699e-12 -0.0024459232666458257
leaf_weight=95 1186 31 140 1111 54 26 1151 31 163 213 30 446 74 55
leaf_count=95 1186 31 140 1111 54 26 1151 31 163 213 30 446 74 55
internal_value=0.000361972 0.00550562 0.00680085 5.94583e-05 0.000327988 0.000782086 -0.000121655 0.00188241 0.00257718 -5.59701e-05 0.00167526 0.00203804 0.00523585 -0.00034797
internal_weight=4806 266 235 4540 3429 2243 1232 1011 744 267 581 551 105 1206
internal_count=4806 266 235 4540 3429 2243 1232 1011 744 267 581 551 105 1206
is_linear=0
shrinkage=0.03


Tree=596
num_leaves=15
num_cat=0
split_feature=1 8 10 13 8 10 13 8 8 1 10 1 2 9
split_gain=8.62327 3.81875 2.8218 2.72388 2.58698 1.28094 2.58608 1.13799 1.12839 1.0311 2.22332 1.8991 1.3645 1.27675
threshold=1.0000000180025095e-35 31.950000000000003 -0.50188698852276337 4.6342273396609164 34.95000000000001 -0.96648588260150559 2.4021467554132312 38.750000000000007 47.050000000000004 8.8823569973311773 -0.92133537133009236 7.894224736846609 2.6910994252643698 -0.29236892155482991
decision_type=2 10 2 8 10 2 10 10 10 2 2 2 2 2
left_child=1 3 4 -1 -3 6 -2 -8 -4 10 -7 13 -13 -12
right_child=5 2 8 -5 -6 9 7 -9 -10 -11 11 12 -14 -15
leaf_value=-9.3491226478822719e-17 -2.1958859866255181e-07 8.2561975873686785e-14 1.0965980534688013e-16 8.4630756615749017e-17 -1.0675926529386521e-13 -2.9855903153849723e-14 1.3960206909817911e-12 4.1947778933808139e-09 3.0366393932500246e-11 -2.431194287433047e-15 -9.4078129572060061e-16 8.0504266292561028e-17 -3.8489649195209691e-14 1.2150159798445886e-15
leaf_weight=97 26 43 113 38 21 38 181 23 21 3917 86 63 106 116
leaf_count=97 26 43 113 38 21 38 181 23 21 3917 86 63 106 116
internal_value=0.000242331 0.00489521 0.00753769 0.000992647 0.00230769 -9.87492e-05 0.00207792 0.00321951 0.01 -0.00021493 -0.00164634 -0.000927419 -0.00326471 0.00103448
internal_weight=4889 333 198 135 64 4556 230 204 134 4326 409 371 169 202
internal_count=4889 333 198 135 64 4556 230 204 134 4326 409 371 169 202
is_linear=0
shrinkage=0.03


Tree=597
num_leaves=15
num_cat=0
split_feature=0 8 9 9 2 0 1 8 13 6 0 3 8 2
split_gain=7.51911 3.23652 2.0249 2.10351 1.36466 2.22958 2.47401 1.62398 2.05405 1.50776 1.49717 2.36291 2.26517 2.1575
threshold=6.116278168054575 45.050000000000004 -0.83628615584775945 -0.39273749243677047 10.831420240438803 12.118988510469793 10.980607104314403 11.950000000000001 4.3363429900989479 5.1343256819353842 14.146086462701957 1.0000000180025095e-35 37.050000000000004 10.452477270515665
decision_type=2 10 2 2 2 2 2 10 8 2 2 2 10 2
left_child=1 2 -1 -4 10 6 -6 8 9 -7 -2 12 -12 -13
right_child=4 -3 3 -5 5 7 -8 -9 -10 -11 11 13 -14 -15
leaf_value=1.0648626375865034e-16 4.5918385940407484e-16 -9.1284479962827145e-11 -4.0008685399091849e-17 1.0690512809372334e-16 2.6083902379216034e-09 -1.1366439622250826e-06 -1.9504706737564812e-07 1.1813158967289463e-09 -0.0012000386255039764 0.030557216791188873 1.8441054106343799e-09 -1.0119395669732273e-09 -2.437620638079118e-10 7.7389744041691852e-05
leaf_weight=47 2537 39 42 142 32 194 93 1070 33 21 175 265 45 60
leaf_count=47 2537 39 42 142 32 194 93 1070 33 21 175 265 45 60
internal_value=0.000459758 0.00531365 0.00665948 0.00518919 0.000169023 -0.000592105 -0.00440476 -0.000227445 -0.00240964 -0.00131944 0.000525462 0.00195055 0.00434389 0.000322086
internal_weight=4795 270 231 184 4525 1443 125 1318 248 215 3082 545 220 325
internal_count=4795 270 231 184 4525 1443 125 1318 248 215 3082 545 220 325
is_linear=0
shrinkage=0.03


Tree=598
num_leaves=15
num_cat=0
split_feature=0 10 10 7 7 8 10 2 13 8 8 0 3 8
split_gain=5.90899 4.24092 4.25991 2.6827 2.11302 1.20254 1.0933 1.45458 1.74893 0.910276 2.70635 2.23982 2.75756 1.75652
threshold=6.116278168054575 -0.5280665939425373 -0.86926070542861777 6.1500000000000012 5.4150000000000009 16.520000000000003 -0.99172490552676262 11.281062714371034 3.4011867285199036 49.600000000000009 44.150000000000013 10.43183762070594 11.230373390735043 65.850000000000009
decision_type=2 2 2 2 2 10 2 2 10 8 10 2 2 10
left_child=1 2 -1 -3 -4 -5 7 8 -2 10 -8 -11 -13 -14
right_child=6 3 4 5 -6 -7 9 -9 -10 11 -12 12 13 -15
leaf_value=2.8285115091424466e-13 1.5202020228700403e-12 9.856497925729538e-17 -2.4949705912596368e-15 -5.6199452265866854e-17 -3.2874254224242547e-15 8.9175864666641039e-13 2.2026808683004139e-16 -8.5599298270885148e-07 3.437216227128839e-12 -7.6126723301108887e-10 -8.4569323189565216e-11 8.2413283534562158e-09 0.00025187322295821049 -0.00092205533183242056
leaf_weight=43 103 135 20 20 24 33 4133 45 35 26 87 79 22 22
leaf_count=43 103 135 20 20 24 33 4133 45 35 26 87 79 22 22
internal_value=0.000357291 0.00461957 -0.000852273 0.00714286 -0.00733333 0.00138889 9.88359e-05 0.00236413 0.00388489 3.43249e-06 -7.81805e-05 0.0023 0.00399194 -0.002
internal_weight=4827 275 87 188 44 53 4552 183 138 4369 4220 149 123 44
internal_count=4827 275 87 188 44 53 4552 183 138 4369 4220 149 123 44
is_linear=0
shrinkage=0.03


Tree=599
num_leaves=15
num_cat=0
split_feature=0 10 7 10 7 13 2 2 2 2 1 13 7 2
split_gain=6.19941 3.88756 3.94788 3.66462 1.54956 1.24675 1.00856 1.93429 1.42975 1.03835 1.53687 2.42458 1.44605 1.10677
threshold=6.116278168054575 -0.5280665939425373 6.1500000000000012 -0.86926070542861777 5.9350000000000014 4.1649590350129158 13.562794308820665 12.747063926192498 14.012282821057676 12.973828405435929 14.479323199529594 3.0388029201427362 6.1500000000000012 13.286088946656212
decision_type=2 2 2 2 2 10 2 2 2 2 2 10 2 2
left_child=1 3 -3 -1 -5 -4 7 -2 -8 10 11 -9 -11 -14
right_child=6 2 5 4 -6 -7 8 9 -10 12 -12 -13 13 -15
leaf_value=1.1725888407479065e-13 -5.6782262079550927e-16 9.5608029879576512e-17 -8.4821198671210456e-17 -2.4094759433736159e-15 -2.8424690320070081e-15 2.0751645807287573e-12 -0.00054419926964065527 2.690585817482358e-05 -5.8545191803793472e-05 -6.5439107233196552e-06 0.00021542113489541031 -2.3844492970750657e-06 3.6899414829955868e-05 0.015364523527039186
leaf_weight=42 4067 133 32 23 21 20 90 21 139 65 37 24 38 29
leaf_count=42 4067 133 32 23 21 20 90 21 139 65 37 24 38 29
internal_value=0.000178795 0.00457721 0.00701613 -0.000689655 -0.00666667 0 -8.64553e-05 1.75152e-05 -0.00202174 0.0027907 0.00542169 0.00163043 0.00112782 0.00419118
internal_weight=4781 271 185 86 44 52 4510 4281 229 214 82 45 132 67
internal_count=4781 271 185 86 44 52 4510 4281 229 214 82 45 132 67
is_linear=0
shrinkage=0.03


end of trees

feature_importances:
log_pop_mmi5=1242
log_pop_mmi4=1166
log_pop_mmi6=1118
depth_km=970
log_gdp_per_capita=885
log_pop_mmi7=842
magnitude=727
log_pop_mmi8=613
hour_cos=305
hour_sin=245
income_class=133
log_pop_mmi9=125
log_pop_mmi10=16
is_night=13

parameters:
[boosting: gbdt]
[objective: quantile]
[metric: quantile]
[tree_learner: serial]
[device_type: cpu]
[data_sample_strategy: bagging]
[data: ]
[valid: ]
[num_iterations: 600]
[learning_rate: 0.03]
[num_leaves: 15]
[num_threads: 2]
[seed: 11]
[deterministic: 0]
[force_col_wise: 0]
[force_row_wise: 0]
[histogram_pool_size: -1]
[max_depth: -1]
[min_data_in_leaf: 20]
[min_sum_hessian_in_leaf: 0.001]
[bagging_fraction: 0.8]
[pos_bagging_fraction: 1]
[neg_bagging_fraction: 1]
[bagging_freq: 1]
[bagging_seed: 27648]
[bagging_by_query: 0]
[feature_fraction: 0.8]
[feature_fraction_bynode: 1]
[feature_fraction_seed: 4989]
[extra_trees: 0]
[extra_seed: 22223]
[early_stopping_round: 0]
[early_stopping_min_delta: 0]
[first_metric_only: 0]
[max_delta_step: 0]
[lambda_l1: 0]
[lambda_l2: 1]
[linear_lambda: 0]
[min_gain_to_split: 0]
[drop_rate: 0.1]
[max_drop: 50]
[skip_drop: 0.5]
[xgboost_dart_mode: 0]
[uniform_drop: 0]
[drop_seed: 21136]
[top_rate: 0.2]
[other_rate: 0.1]
[min_data_per_group: 100]
[max_cat_threshold: 32]
[cat_l2: 10]
[cat_smooth: 10]
[max_cat_to_onehot: 4]
[top_k: 20]
[monotone_constraints: ]
[monotone_constraints_method: basic]
[monotone_penalty: 0]
[feature_contri: ]
[forcedsplits_filename: ]
[refit_decay_rate: 0.9]
[cegb_tradeoff: 1]
[cegb_penalty_split: 0]
[cegb_penalty_feature_lazy: ]
[cegb_penalty_feature_coupled: ]
[path_smooth: 0]
[interaction_constraints: ]
[verbosity: -1]
[saved_feature_importance_type: 0]
[use_quantized_grad: 0]
[num_grad_quant_bins: 4]
[quant_train_renew_leaf: 0]
[stochastic_rounding: 1]
[linear_tree: 0]
[max_bin: 255]
[max_bin_by_feature: ]
[min_data_in_bin: 3]
[bin_construct_sample_cnt: 200000]
[data_random_seed: 74]
[is_enable_sparse: 1]
[enable_bundle: 1]
[use_missing: 1]
[zero_as_missing: 0]
[feature_pre_filter: 1]
[pre_partition: 0]
[two_round: 0]
[header: 0]
[label_column: ]
[weight_column: ]
[group_column: ]
[ignore_column: ]
[categorical_feature: ]
[forcedbins_filename: ]
[precise_float_parser: 0]
[parser_config_file: ]
[objective_seed: 24011]
[num_class: 1]
[is_unbalance: 0]
[scale_pos_weight: 1]
[sigmoid: 1]
[boost_from_average: 1]
[reg_sqrt: 0]
[alpha: 0.5]
[fair_c: 1]
[poisson_max_delta_step: 0.7]
[tweedie_variance_power: 1.5]
[lambdarank_truncation_level: 30]
[lambdarank_norm: 1]
[label_gain: ]
[lambdarank_position_bias_regularization: 0]
[eval_at: ]
[multi_error_top_k: 1]
[auc_mu_weights: ]
[num_machines: 1]
[local_listen_port: 12400]
[time_out: 120]
[machine_list_filename: ]
[machines: ]
[gpu_platform_id: -1]
[gpu_device_id: -1]
[gpu_device_id_list: ]
[gpu_use_dp: 0]
[num_gpu: 1]

end of parameters

pandas_categorical:[]
