tree
version=v4
num_class=1
num_tree_per_iteration=1
label_index=0
max_feature_idx=16
objective=quantile
feature_names=log_pop_mmi4 log_pop_mmi5 log_pop_mmi6 log_pop_mmi7 log_pop_mmi8 log_pop_mmi9 log_pop_mmi10 magnitude depth_km hour_sin hour_cos is_night income_class log_gdp_per_capita log_global_expected country_factor region_factor
feature_infos=[0:18.913598802097987] [0:18.344690609333927] [0:17.05182842221048] [0:16.416339513323674] [0:15.645620570190685] [0:15.573529152262621] [0:12.93544085237026] [3.7999999999999998:9] [0.5:664] [-1:1] [-1:1] [0:1] [0:3] [1.6143467651012597:4.8539489352108474] [0:11.25197789203246] [-1.9887600000000001:2.0313300000000001] [-1.8034600000000001:1.04165]
tree_sizes=1499 1493 1489 1513 1474 1464 1459 1495 1491 1454 1479 1471 1436 1471 1479 1447 1497 1485 1503 1486 1468 1478 1459 1481 1491 1482 1495 1492 1484 1525 1459 1526 1489 1452 1484 1521 1505 1481 1517 1452 1497 1551 1504 1483 1533 1536 1476 1496 1517 1495 1487 1486 1499 1494 1480 1465 1493 1482 1461 1514 1477 1526 1522 1494 1515 1519 1506 1496 1538 1531 1486 1535 1502 1479 1523 1487 1536 1510 1520 1479 1557 1514 1506 1553 1530 1505 1478 1452 1490 1506 1483 1457 1566 1516 1473 1522 1476 1495 1489 1518 1494 1535 1482 1508 1541 1524 1463 1518 1456 1467 1511 1486 1526 1489 1533 1515 1471 1543 1470 1496 1518 1519 1522 1507 1545 1495 1466 1464 1504 1494 1496 1529 1501 1472 1543 1503 1463 1520 1531 1548 1484 1492 1552 1519 1510 1519 1538 1474 1476 1525 1498 1526 1564 1529 1530 1549 1492 1521 1470 1453 1472 1518 1482 1519 1526 1517 1498 1526 1531 1541 1491 1541 1484 1464 1513 1517 1487 1494 1461 1511 1490 1528 1478 1469 1505 1525 1508 1495 1517 1544 1509 1505 1513 1487 1520 1529 1470 1492 1503 1490 1510 1520 1488 1550 1471 1539 1533 1527 1503 1501 1532 1541 1492 1499 1498 1550 1525 1524 1504 1511 1523 1480 1465 1539 1482 1523 1483 1526 1522 1484 1498 1536 1534 1511 1547 1574 1501 1476 1494 1522 1508 1506 1470 1528 1457 1494 1443 1454 1495 1492 1524 1484 1452 1507 1517 1504 1499 1476 1508 1489 1522 1491 1560 1555 1502 1475 1492 1473 1484 1536 1531 1534 1461 1521 1519 1542 1504 1506 1467 1474 1533 1542 1492 1506 1540 1522 1519 1537 1543 1516 1496 1524 1523 1522 1541 1536 1520 1474 1499 1478 1491 1523 1490 1467 1527 1523 1530 1524 1514 1507 1481 1504 1493 1481 1499 1501 1496 1537 1503 1524 1545 1461 1457 1515 1505 1486 1526 1539 1482 1468 1524 1536 1513 1538 1460 1522 1517 1495 1498 1498 1539 1523 1495 1522 1526 1548 1536 1505 1520 1517 1503 1526 1474 1514 1482 1552 1491 1514 1494 1518 1536 1523 1489 1529 1531 1514 1515 1495 1519 1533 1549 1542 1463 1490 1517 1536 1499 1493 1525 1495 1558 1520 1501 1514 1519 1518 1534 1503 1527 1493 1553 1461 1507 1493 1549 1541 1507 1489 1454 1480 1469 1486 1501 1573 1518 1487 1534 1533 1534 1528 1559 1518 1530 1523 1512 1538 1535 1493 1518 1526 1476 1489 1555 1530 1503 1536 1548 1493 1549 1551 1504 1526 1494 1522 1535 1527 1485 1509 1545 1476 1543 1517 1504 1544 1516 1545 1518 1499 1547 1523 1515 1473 1511 1526 1535 1509 1516 1504 1483 1533 1516 1526 1485 1496 1534 1484 1526 1559 1527 1476 1496 1541 1529 1547 1521 1537 1528 1535 1527 1530 1527 1507 1545 1532 1507 1513 1535 1557 1505 1475 1485 1541 1520 1551 1516 1533 1476 1503 1493 1483 1559 1521 1488 1495 1501 1507 1518 1508 1572 1471 1558 1513 1509 1487 1563 1526 1515 1516 1506 1497 1542 1492 1501 1517 1503 1455 1517 1537 1475 1516 1530 1513 1493 1546 1503 1542 1547 1505 1543 1501 1507 1522 1503 1505 1498 1518 1559 1536 1506 1525 1527 1533 1514 1507 1531 1488 1511 1527 1571 1556 1539 1557 1527 1488 1498 1518 1532 1489 1478 1499 1513 1506 1483 1490 1500 1501 1495 1513 1488 1510 1524 1479 1495 1501 1530 1489 1506 1465 1515 1500 1511 1498 1499 1515 1516 1506 1532 1523 1507 1507

Tree=0
num_leaves=15
num_cat=0
split_feature=15 14 6 8 8 7 8 3 5 7 10 2 5 7
split_gain=10.1818 12.8393 3.0211 3.2791 2.49529 2.09709 3.27789 3.6331 1.69035 1.95248 1.37724 1.39481 1.30086 2.02786
threshold=-0.30803999999999992 1.1100770881171587 4.4337841666032221 18.850000000000005 17.050000000000004 4.7500000000000009 11.500000000000002 5.2544752012255964 6.2552561362850385 5.5500000000000007 -0.9025766923884776 14.774840377592506 3.4710783528497351 6.1500000000000012
decision_type=2 2 2 10 8 2 10 2 2 2 2 2 2 2
left_child=2 5 3 8 12 -2 -7 -8 9 -1 -5 -12 13 -3
right_child=1 4 -4 10 -6 6 7 -9 -10 -11 11 -13 -14 -15
leaf_value=0.012770833983555264 -0.0097931488088892071 -0.043430062041593567 -0.039354052117500607 0.030812350947921632 -0.095265929008597983 0.057079531834604937 0.041905288404591977 -0.026656244157150722 0.0063438464414125491 0.054294752836633611 -0.0071561378295804667 0.042410494610550624 -0.067495014509650716 0.010889436156896437
leaf_weight=45 32 77 21 34 108 55.046697616577148 52.046697616577148 37 38 134.0933952331543 172 21 52 20
leaf_count=45 32 77 21 34 108 50 47 37 38 124 172 21 52 20
internal_value=0.000505646 -0.00500506 0.00563693 0.00652073 -0.0121124 0.00537759 0.00794202 0.0019564 0.0109005 0.0129229 0.00230263 0.00064433 -0.00783333 -0.00433673
internal_weight=898.187 433.093 465.093 444.093 257 176.093 144.093 89.0467 217.093 179.093 227 193 149 97
internal_count=878 423 455 434 257 166 134 84 207 169 227 193 149 97
is_linear=0
shrinkage=0.05


Tree=1
num_leaves=15
num_cat=0
split_feature=3 15 13 15 3 13 2 10 3 2 4 2 9 7
split_gain=9.49241 9.92903 3.13966 2.64108 2.93061 2.18109 3.17896 2.71281 1.9661 1.71911 1.54839 1.42945 1.41946 1.37238
threshold=8.8673564252635142 -0.11977499999999999 3.1990111400154944 0.66927500000000018 5.7517253605038432 3.9169617688349754 9.2491426686118263 0.49240481012316867 10.996477637885571 14.72052259116982 10.569976263465795 12.068245325634996 -0.065402506639491723 6.3500000000000005
decision_type=2 2 10 2 2 10 2 2 2 2 2 2 2 2
left_child=3 2 -2 5 -5 7 -7 -1 11 10 -4 -3 -8 -9
right_child=1 8 9 4 -6 6 12 13 -10 -11 -12 -13 -14 -15
leaf_value=0.072527060085351716 -0.015426022422128538 -0.060203846892660631 0.027826183027364948 0.033276387977518758 -0.026488516752692703 -0.027483912003931313 0.0022189917242775026 0.046490088599091164 -0.097465321391194515 0.05316722065615731 -0.016147667226195629 0.017842761680130881 0.038505703601934699 -0.018007028345703981
leaf_weight=143.0933952331543 130 76 116 46.093395233154297 37 31 25 48 117 22 38 26 28.046697616577148 20
leaf_count=133 130 76 116 36 37 31 25 48 117 22 38 26 23 20
internal_value=0.000974126 -0.00337452 0.002443 0.00700317 -0.0008641 0.00921355 0.00236538 0.0119161 -0.0114773 0.00677966 0.00483871 -0.00631068 0.00973542 0.00362319
internal_weight=903.233 525 306 378.233 83.0934 295.14 84.0467 211.093 219 176 154 102 53.0467 68
internal_count=878 525 306 353 73 280 79 201 219 176 154 102 48 68
is_linear=0
shrinkage=0.05


Tree=2
num_leaves=15
num_cat=0
split_feature=14 15 14 9 7 14 8 12 7 8 1 8 15 5
split_gain=10.0891 11.1245 3.43928 2.45138 2.18099 2.14873 2.14145 1.85335 1.92506 2.20046 2.73482 1.75946 1.70497 1.62189
threshold=0.6981668640907871 -0.11977499999999999 2.5775460472523744 0.39873388578253716 6.1500000000000012 0.38354780347258094 17.050000000000004 2.5000000000000004 4.7500000000000009 12.350000000000003 12.235778900783295 31.250000000000004 1.0381650000000002 6.6816561343229539
decision_type=2 2 2 2 2 2 8 10 2 10 2 10 2 2
left_child=5 3 12 -2 -4 7 -6 8 -1 -10 -11 13 -3 -5
right_child=1 2 4 11 6 -7 -8 -9 9 10 -12 -13 -14 -15
leaf_value=-0.010810251599458516 0.022035025281223187 -0.00083259459791552588 -0.1038660445113254 0.020010299544654209 -0.023284512267992309 0.039274754531592529 -0.091054205742215635 -0.0084924558145958572 0.058966084500773966 -0.010931095655480606 0.068620253168228409 -0.045377970162220789 -0.071913746801284262 -0.017106676928418784
leaf_weight=31 230 83 73 66 55 64.093395233154297 40 32 49.093395233154297 34 30.046697616577148 45 34 32
leaf_count=31 230 83 73 66 55 54 40 32 39 34 25 45 34 32
internal_value=0.000395712 -0.00280728 -0.0102273 0.00287433 -0.0147929 0.00914399 -0.00963542 0.00622955 0.0086365 0.0116392 0.0053987 -0.00225694 -0.00360169 0.00151515
internal_weight=898.233 658 285 373 168 240.233 95 176.14 144.14 113.14 64.0467 143 117 98
internal_count=873 658 285 373 168 215 95 161 129 98 59 143 117 98
is_linear=0
shrinkage=0.05


Tree=3
num_leaves=15
num_cat=0
split_feature=15 2 6 13 2 13 9 15 4 13 8 1 11 1
split_gain=6.00656 5.77174 5.2546 2.4135 2.39279 2.37752 2.11138 2.18757 2.81271 2.09073 2.39042 1.94763 1.67362 1.47578
threshold=0.66927500000000018 9.8842529249018813 4.4337841666032221 3.1339001270843778 8.6864535028957413 2.6535031187055078 0.9562228270146037 -0.30803999999999992 6.9401845139563836 4.1574051389499429 18.990000000000006 12.583208469475984 1.0000000180025095e-35 12.116287536430383
decision_type=2 2 2 10 2 10 2 2 2 10 10 2 2 2
left_child=2 -2 3 4 -1 -3 7 9 -9 13 12 -6 -11 -5
right_child=1 5 -4 6 11 -7 -8 8 -10 10 -12 -13 -14 -15
leaf_value=0.052203461688884824 0.029836378231876327 -0.0057884548312514108 -0.052640944260916811 0.016493125120445096 -0.035050050190164252 -0.10207138831499769 -0.017913679381277765 0.018948867120018212 -0.047898825382579391 0.008285447968571908 -0.026008697260238259 -0.0023953451241801819 0.037285272594857734 0.043685729170920479
leaf_weight=29 55.093395233154297 32 36 26 35 81 47 108.04669761657715 44 45 32 192 26.046697616577148 131
leaf_count=29 45 32 36 26 35 81 47 103 44 45 32 192 21 131
internal_value=0.00024959 -0.00826564 0.00216374 0.0031104 -0.00077821 -0.014693 0.00527574 0.00642067 0.00164112 0.00919823 0.00361537 -0.00252193 0.00869113 0.0128165
internal_weight=919.187 168.093 751.093 715.093 256 113 459.093 412.093 152.047 260.047 103.047 227 71.0467 157
internal_count=899 158 741 705 256 113 449 402 147 255 98 227 66 157
is_linear=0
shrinkage=0.05


Tree=4
num_leaves=15
num_cat=0
split_feature=13 5 15 15 11 8 2 14 14 2 8 14 8 10
split_gain=7.47389 5.49892 4.09829 3.14353 2.82601 2.78917 1.84453 1.75043 1.73554 1.71111 1.82741 1.55086 1.74941 1.59857
threshold=3.4968108626794572 5.6540564351703724 0.82512500000000011 -1.1641199999999998 1.0000000180025095e-35 18.450000000000003 11.000877308669148 0.54189347659399623 2.4381498588656307 14.233988297575522 33.150000000000006 1.1100770881171587 8.5050000000000008 -0.41865575219846923
decision_type=10 2 2 2 2 10 2 2 2 2 10 2 10 2
left_child=1 2 4 6 8 11 -2 -4 -1 10 -10 -5 -13 -14
right_child=3 -3 7 5 -6 -7 -8 -9 9 -11 -12 12 13 -15
leaf_value=0.03393849326182731 0.0010041255998356703 -0.052566254364577875 -0.002236098835632261 0.039046515516599739 -0.028860126195730862 -0.014782476283914893 0.066958101881362253 -0.10947726046947626 0.0088237575693421288 0.041507817821895603 -0.04844479429170219 -0.011734657740151767 -0.0023868552041606652 0.026915445566802011
leaf_weight=120 25 109 20 91.186790466308594 111 119 56.046697616577148 44 67 21 22 31 34 46
leaf_count=120 25 109 20 71 111 119 51 44 67 21 22 31 34 46
internal_value=0.00049697 -0.00349515 -0.000800493 0.00559437 0.00138889 0.00335107 0.0143353 -0.0123077 0.00454545 0 -0.00305556 0.00691319 0.00290179 0.00679012
internal_weight=916.233 514 405 402.233 341 321.187 81.0467 64 230 110 89 202.187 111 80
internal_count=891 514 405 377 341 301 76 64 230 110 89 182 111 80
is_linear=0
shrinkage=0.05


Tree=5
num_leaves=15
num_cat=0
split_feature=3 7 16 3 8 5 7 1 1 8 14 1 1 13
split_gain=6.43954 3.67799 3.57191 2.74556 2.06095 2.02084 2.28241 2.00058 2.22939 2.43081 1.89232 1.95284 2.39031 1.65999
threshold=9.2393042073080913 5.1500000000000012 -1.4512249999999998 13.340376322379635 19.900000000000002 8.4353839539398141 6.1500000000000012 12.583208469475984 13.76304014984119 17.050000000000004 1.0079905521927708 12.147605239729323 11.491322867937805 3.1941859788175644
decision_type=2 2 2 2 10 2 2 2 2 10 2 2 2 8
left_child=1 4 -2 5 -1 6 -4 -8 -9 -10 11 12 -3 -7
right_child=2 10 3 -5 -6 13 7 8 9 -11 -12 -13 -14 -15
leaf_value=-0.018521908426985239 0.068586803069673935 0.04275996181424907 -0.045933651990533675 0.0056139451881811022 0.015151368581713565 -0.084551168199734059 -0.030811392937989564 0.03069861876699416 0.033728396425115471 -0.04221119556589286 0.014085340710122657 0.061210595985775086 -0.016267693973049526 -0.061167744106255209
leaf_weight=65 22 55.093395233154297 154 83 37 32 43 50 40 54 99 90.093395233154297 20 26
leaf_count=65 22 45 154 83 37 32 43 50 40 54 99 80 20 26
internal_value=-0.000396391 0.00464251 -0.00405941 -0.00496894 -0.00339806 -0.0066875 -0.00519006 -0.00146277 0.00137931 -0.00315789 0.00774801 0.0110097 0.00495884 -0.0152542
internal_weight=870.187 366.187 504 482 102 399 341 187 144 94 264.187 165.187 75.0934 58
internal_count=850 346 504 482 102 399 341 187 144 94 244 145 65 58
is_linear=0
shrinkage=0.05


Tree=6
num_leaves=15
num_cat=0
split_feature=14 15 7 8 13 14 9 15 0 1 15 13 9 1
split_gain=5.86996 10.1396 4.17482 4.34841 3.27819 2.20303 2.30523 2.24729 2.02633 1.96947 2.45587 1.85957 1.96245 2.49163
threshold=0.6981668640907871 -0.30803999999999992 5.1500000000000012 14.65 3.2141397756857724 2.5775460472523744 -0.80246366112812384 0.63776500000000014 13.967506422254475 12.433408396918468 -1.1770999999999998 4.5548499252951204 0.44032991850403941 14.266843277870551
decision_type=2 2 2 10 10 2 2 2 2 2 2 8 2 2
left_child=2 9 4 -4 -1 6 -3 -8 -5 -2 -11 12 -12 -14
right_child=1 5 3 8 -6 -7 7 -9 -10 10 11 -13 13 -15
leaf_value=0.031484000169650264 -0.014009046188598336 0.049122095487613752 0.066497153317072497 -0.021943356415665485 -0.014538364718319541 -0.068605330504404552 0.0036223523801026006 -0.047591137870162031 0.056097154618069078 0.034733927258982479 0.030835312389989468 -0.02090415944605999 0.019487503618507263 -0.050231649184004773
leaf_weight=38 65 20 89.186790466308594 29 46 189 40 52 37.046697616577148 88 102 48 34 29
leaf_count=38 65 20 69 29 46 189 40 52 32 88 102 48 34 29
internal_value=0.000502448 -0.00190868 0.00720481 0.0120386 -0.00176471 -0.00869205 -0.00309735 -0.00645161 0.00225466 0.00367847 0.00538079 0.00245327 0.00496988 -0.00195312
internal_weight=906.233 667 239.233 155.233 84 301 112 92 66.0467 366 301 213 165 63
internal_count=881 667 214 130 84 301 112 92 61 366 301 213 165 63
is_linear=0
shrinkage=0.05


Tree=7
num_leaves=15
num_cat=0
split_feature=15 13 14 15 0 8 7 13 2 7 7 14 15 1
split_gain=5.28982 4.21669 3.08941 4.6178 2.64342 2.56006 2.93341 2.28338 2.10668 1.9826 1.96104 1.92188 1.82333 1.71885
threshold=1.0381650000000002 3.599831998686374 2.603711913902647 -0.30803999999999992 14.015221205518571 17.750000000000004 6.1500000000000012 3.1448215088556646 11.831305910057027 5.1500000000000012 6.8500000000000005 1.0079905521927708 -1.1770999999999998 14.674013539411467
decision_type=2 10 2 2 2 8 2 10 2 2 2 2 2 2
left_child=2 -2 4 7 10 6 -5 8 -4 -6 -1 -11 -9 -13
right_child=1 -3 3 5 9 -7 -8 12 -10 11 -12 13 -14 -15
leaf_value=0.0051459654895793655 -0.062660725491338096 0.029785306145043874 -0.058065303872899501 -0.064446960448464097 -0.0074784402175745559 -0.094787878450632954 0.01637496022911793 0.046351930947623132 0.00035456773482658301 0.058517893985139152 -0.025236418440633703 0.00031709087987068512 0.0010021554444047509 0.034553559063059951
leaf_weight=119.04669761657715 86 20.046697616577148 27 36 47 65 46 56 88 85.093395233154297 21 70 95 34
leaf_count=114 86 15 27 36 47 65 46 56 88 75 21 70 95 34
internal_value=-0.000301645 -0.0107321 0.00111183 -0.00187198 0.00438432 -0.0089527 -0.00301205 0.00205993 -0.00323276 0.00760179 -0.0010552 0.00987586 0.00608553 0.0052381
internal_weight=895.187 106.047 789.14 413 376.14 147 82 266 115 236.093 140.047 189.093 151 104
internal_count=875 101 774 413 361 147 82 266 115 226 135 179 151 104
is_linear=0
shrinkage=0.05


Tree=8
num_leaves=15
num_cat=0
split_feature=3 15 8 8 6 16 15 14 13 14 14 1 4 8
split_gain=4.92508 6.35586 2.50469 2.47373 2.18158 2.66235 1.64394 5.3591 1.26659 3.50513 1.25863 1.91324 2.0955 1.52572
threshold=9.2393042073080913 -0.30803999999999992 14.050000000000002 11.950000000000001 3.4299385993688372 -1.4512249999999998 0.66927500000000018 0.10274084263876529 4.0015463738906556 0.40661190182880841 4.7940001260978891 14.070538460099918 3.2672576590843554 41.20000000000001
decision_type=2 2 10 10 2 2 2 2 8 2 2 2 2 10
left_child=6 4 3 -3 5 -2 8 -8 -1 -10 11 12 -7 -12
right_child=1 2 -4 -5 -6 10 7 -9 9 -11 13 -13 -14 -15
leaf_value=0.038982544287062271 0.061788263497521569 -0.045379138605081561 -0.064666243295984124 0.045024789570946737 -0.044987056268022199 0.024748343796778982 0.034154335694831096 -0.018586293290065749 -0.014887989788446177 0.02189211550817409 0.025606050160604268 -0.029007010829963556 -0.0075608601275416803 -0.028281581024526627
leaf_weight=205.04669761657715 23 79 115 25 21 41 37.093395233154297 53 26 64.046697616577148 70 62 59 22
leaf_count=200 23 79 115 25 21 41 27 53 26 59 70 62 59 22
internal_value=0.00111236 -0.00207529 -0.00852273 -0.00285714 0.00267559 0.00386691 0.00538514 -0.000523255 0.00718468 0.0022095 0.00235294 -0.000306748 0.0039604 0.00698925
internal_weight=902.187 517 219 104 298 277 385.187 90.0934 295.093 90.0467 254 162 100 92
internal_count=882 517 219 104 298 277 365 80 285 85 254 162 100 92
is_linear=0
shrinkage=0.05


Tree=9
num_leaves=15
num_cat=0
split_feature=15 3 15 16 3 1 8 15 8 1 7 7 0 7
split_gain=7.24872 3.54098 4.21962 2.84485 2.75952 2.54201 2.22905 2.14856 2.17911 2.11656 2.34414 2.09762 1.83448 1.58287
threshold=0.82512500000000011 9.511888355722272 -0.30803999999999992 -1.4512249999999998 9.9945534313027373 13.384113149363289 14.050000000000002 -1.2924149999999999 40.760000000000005 15.292885503081896 6.7500000000000009 4.7500000000000009 14.13270164491426 6.2500000000000009
decision_type=2 2 2 2 2 2 8 2 10 2 2 2 2 2
left_child=1 3 4 -1 -3 -2 -4 12 9 -9 -11 -5 -6 -13
right_child=5 2 6 11 7 -7 -8 8 -10 10 -12 13 -14 -15
leaf_value=-0.017940040636754275 -0.012044209464477852 -0.025042748199442633 -0.0076726449099177698 -0.0033030678799092052 0.016457516533309714 -0.090511360056855228 -0.071256595835093167 0.020402395204991389 -0.032100496563880303 -0.052535547427654053 0.024325747652574049 0.039571067968141353 0.07053540767795892 0.011296606148915823
leaf_weight=22 55 20 86 43 25 50 82 117 35 32 22 190.0933952331543 31 88
leaf_count=22 55 20 86 43 25 50 82 117 35 32 22 180 31 88
internal_value=0.000725547 0.00236412 -0.000554324 0.00618243 0.00318021 -0.0115566 -0.00680473 0.00456274 0.00217391 0.00450581 -0.00363636 0.00738089 0.0131579 0.00896594
internal_weight=898.093 793.093 450 343.093 282 105 168 262 206 171 54 321.093 56 278.093
internal_count=888 783 450 333 282 105 168 262 206 171 54 311 56 268
is_linear=0
shrinkage=0.05


Tree=10
num_leaves=15
num_cat=0
split_feature=15 14 6 8 10 8 7 15 7 8 8 0 1 1
split_gain=3.92694 5.93889 2.07294 2.31081 2.29279 1.98589 1.92746 1.87011 1.59496 1.5111 1.35089 1.29787 1.29675 1.97731
threshold=-0.11977499999999999 1.0079905521927708 3.4299385993688372 27.850000000000005 0.77018921561974973 10.65 4.7500000000000009 0.70259000000000016 6.0100000000000007 52.715000000000011 14.950000000000001 14.015221205518571 12.555101602764983 13.724504567118538
decision_type=2 2 2 10 2 10 2 2 2 10 10 2 2 2
left_child=2 6 3 4 -1 7 -2 -3 -7 12 -8 -12 -5 -14
right_child=1 5 -4 9 -6 8 10 -9 -10 -11 11 -13 13 -15
leaf_value=0.019115479228933273 -0.017682518351652268 0.0052191592036915924 -0.023418943572219852 -0.030777632955247637 0.032755094163186574 -0.077500713359404436 0.045934504985372965 -0.045456524939326039 -0.037490260904402106 0.028194045079485853 -0.030685659017522862 0.013255499236319171 0.016481230514956782 -0.025262477145106255
leaf_weight=243.04669761657715 26 63 22 31 54.046697616577148 66 67 26 82 39 25 33.046697616577148 24 66
leaf_count=238 26 63 22 31 49 66 67 26 82 39 25 28 24 66
internal_value=0.000781559 -0.00295294 0.00380621 0.00453474 0.00713647 -0.00787815 0.00477595 -0.00194444 -0.0114094 -0.000310559 0.00734781 0.00171335 -0.00307377 0
internal_weight=867.14 388.047 479.093 457.093 297.093 237 151.047 89 148 160 125.047 58.0467 121 90
internal_count=852 383 469 447 287 237 146 89 148 160 120 53 121 90
is_linear=0
shrinkage=0.05


Tree=11
num_leaves=15
num_cat=0
split_feature=3 15 16 0 9 8 3 16 3 5 15 2 10 14
split_gain=4.04822 6.85638 2.08776 2.0837 4.23628 1.61075 1.57746 1.73789 1.83934 3.7325 1.56841 1.63701 1.58109 1.3715
threshold=8.7517856353754926 -0.11977499999999999 -1.4512249999999998 13.993768541603382 0.94478581029364217 18.050000000000004 9.511888355722272 0.10701500000000001 12.83847194549884 6.6153774474657583 0.67486000000000013 9.172039233726256 -0.26932402956675622 2.8764012307647548
decision_type=2 2 2 2 2 10 2 2 2 2 2 2 2 2
left_child=3 2 -2 4 10 -3 -4 8 9 13 11 12 -1 -8
right_child=1 5 6 -5 -6 -7 7 -9 -10 -11 -12 -13 -14 -15
leaf_value=0.0071067956099881814 0.061861891287697701 -0.034814034460579048 0.038622344014913768 0.023323605470163589 0.028697455910715222 -0.080377568214952247 -0.027407702370217824 0.024083272839186501 0.01265896732680092 -0.071458651692666658 -0.038204964663345185 0.016869056329647525 -0.022638501374337507 0.0058437328023852597
leaf_weight=26 28 142 26 219.14009284973145 22.093395233154297 87 28 40 73 28 31 29 30 98
leaf_count=26 28 142 26 204 12 87 28 40 73 28 31 29 30 98
internal_value=0.000694576 -0.00199637 0.00271739 0.00483159 1.67864e-05 -0.00858696 0.00144558 0.000279851 -0.00142544 -0.00451613 -0.00384615 -0.000290698 -0.00526316 -0.000787402
internal_weight=907.233 550 321 357.233 138.093 229 293 267 227 154 116 85 56 126
internal_count=882 550 321 332 128 229 293 267 227 154 116 85 56 126
is_linear=0
shrinkage=0.05


Tree=12
num_leaves=15
num_cat=0
split_feature=14 15 13 1 2 1 13 15 0 14 7 0 8 7
split_gain=2.87403 5.02673 3.66398 2.14387 2.01053 1.98853 1.77716 2.32951 2.27272 1.69458 2.13902 1.5177 1.40689 1.21824
threshold=2.603711913902647 -0.49454499999999996 3.9561014979758524 14.588160058733136 14.684341796189964 15.879478331307986 3.6685709561006159 1.0381650000000002 14.345768791527194 0.59862976654053734 5.7500000000000009 15.381165365140268 18.850000000000005 6.1500000000000012
decision_type=2 2 10 2 2 2 8 2 2 2 2 2 10 2
left_child=2 4 6 -4 5 12 7 8 -1 -10 -11 13 -2 -3
right_child=1 11 3 -5 -6 -7 -8 -9 9 10 -12 -13 -14 -15
leaf_value=-0.0011971393835484845 0.019476137731008383 -0.08430181289262767 -0.015119909678796034 0.01895908463973825 0.032927310514032859 -0.049520357670198981 0.051101990636078412 -0.029890213129997917 0.048158989141686565 -0.011543835059611263 0.051105573286426204 -0.019387142553745608 -0.0022929193416417527 -0.045327525158368
leaf_weight=96 61 46 71 25 36 22 86.140092849731445 51 33 39 36 115 81 72
leaf_count=96 61 46 71 25 36 22 71 51 33 39 36 115 81 72
internal_value=6.14164e-05 -0.00282258 0.00291802 -0.0056701 0.00298507 0.000606061 0.00534431 0.00322266 0.00560976 0.0105505 0.00625 -0.00779915 0.0027972 -0.0117647
internal_weight=870.14 433 437.14 96 200 164 341.14 255 204 108 75 233 142 118
internal_count=855 433 422 96 200 164 326 255 204 108 75 233 142 118
is_linear=0
shrinkage=0.05


Tree=13
num_leaves=15
num_cat=0
split_feature=3 7 6 0 7 13 3 9 9 10 10 3 13 7
split_gain=3.12775 2.92273 2.62017 2.3669 2.8274 2.19914 1.92132 1.75951 2.64779 1.59095 1.48383 1.4151 1.36491 1.35315
threshold=9.2393042073080913 5.4500000000000011 0.54930614433405489 13.993768541603382 5.3500000000000005 3.8929717452605272 6.5822274828246474 0.86382728211298232 0.70864607840491656 0.26512974748379775 -0.97533303595258414 11.532059190776282 3.1339001270843778 5.8500000000000005
decision_type=2 2 2 2 2 8 2 2 2 2 2 2 10 2
left_child=3 -2 7 13 5 -5 -6 8 10 11 -3 -9 -12 -1
right_child=1 2 -4 4 6 -7 -8 9 -10 -11 12 -13 -14 -15
leaf_value=0.010248323278413463 -0.069351048084021247 -0.04225862690746978 -0.041870105468967189 0.0078634681175338127 0.053843951104389304 -0.022059327097361716 0.018382765250560058 0.019116872459608428 0.056013589163030779 -0.067555410500293595 -0.015785776223233183 -0.037069702409198428 0.022559219225368611 -0.021205727473846688
leaf_weight=89.046697616577148 42 22 43 61 76.140092849731445 20 93 28 21 21 126 38 163 53
leaf_count=84 42 22 43 61 61 20 93 28 21 21 126 38 163 53
internal_value=0.0011198 -0.00148515 -0.000323974 0.00446269 0.00738035 -0.000304878 0.0110409 0.000892857 0.00255255 -0.00539773 0.00136218 -0.00149254 0.00232759 -0.000690911
internal_weight=896.187 504 462 392.187 250.14 81 169.14 419 332 87 311 66 289 142.047
internal_count=876 504 462 372 235 81 154 419 332 87 311 66 289 137
is_linear=0
shrinkage=0.05


Tree=14
num_leaves=15
num_cat=0
split_feature=6 15 3 8 13 7 8 7 13 15 2 13 8 13
split_gain=4.49535 3.36505 6.60023 3.64118 1.83373 1.76441 2.26344 1.74627 1.68582 1.71068 1.684 1.61085 1.56273 1.49714
threshold=4.4337841666032221 -0.30803999999999992 5.7517253605038432 14.65 4.5989696972821692 4.7500000000000009 25.800000000000001 6.0100000000000007 3.9169617688349754 0.70259000000000016 11.164513976957165 3.4886076254492751 18.350000000000005 3.6413638888637321
decision_type=2 2 2 10 8 2 10 2 8 2 2 10 10 10
left_child=1 4 5 8 7 -3 -7 10 9 -4 -1 -9 -12 -13
right_child=-2 2 3 -5 -6 6 -8 11 -10 -11 12 13 -14 -15
leaf_value=0.011731820142224458 -0.037679978231924108 -0.0085394280229743932 0.021447191095105334 -0.053996250420184834 -0.0090645149702383698 0.046083615806832866 -0.0010090202996966503 -0.0022160959602665954 -0.051173148236895449 -0.019534422834600121 0.036846238937049247 0.031950232691479119 0.015572174230992331 0.012332933598971786
leaf_weight=48 38 34 82 136 52 61.093395233154297 31 124 29 46 54.093395233154297 39 35 93
leaf_count=48 38 34 82 136 52 51 31 124 29 46 44 39 35 93
internal_value=0.00122308 0.00197029 -0.00124416 -0.00535714 0.00499298 0.00828001 0.0118412 0.00615929 -0.000158228 0.00232558 0.0106981 0.0036965 0.0147329 0.0075188
internal_weight=902.187 864.187 419.093 293 445.093 126.093 92.0934 393.093 157 128 137.093 256 89.0934 132
internal_count=882 844 409 293 435 116 82 383 157 128 127 256 79 132
is_linear=0
shrinkage=0.05


Tree=15
num_leaves=15
num_cat=0
split_feature=3 15 7 5 4 16 2 3 13 3 3 7 4 13
split_gain=5.0636 7.35545 3.11556 2.04017 2.71875 1.79029 1.56867 1.50882 1.66277 1.40716 1.30849 1.50923 1.99481 1.28951
threshold=5.9387842892790692 -0.17237999999999995 4.7500000000000009 6.6153774474657583 11.868493959139403 1.0000000180025095e-35 3.0495986234554322 11.123224298317892 3.3965472547192124 10.632482925778287 7.9688900603734725 6.1500000000000012 5.8943942965237666 3.1847201767061821
decision_type=2 2 2 2 2 2 2 2 10 2 2 2 2 10
left_child=2 3 6 -2 9 -4 -1 10 -9 -5 -3 12 -12 -7
right_child=1 7 5 4 -6 13 -8 8 -10 -11 11 -13 -14 -15
leaf_value=0.038078011890784441 0.015842748906666971 -0.019923480813885376 0.0003017113400928473 -0.014745065844049821 0.0089924260095820552 0.021152797299195905 -0.018438370610292656 -0.057617631008847647 -0.06240634247145023 -0.071213354130644821 0.0041077885771191097 0.016548231273815796 -0.060019960716037705 0.043810134596695388
leaf_weight=21 291 37 42 22 23 41 25 68 49 23 52 44 41 97.233488082885742
leaf_count=21 291 37 42 22 23 41 25 68 49 23 52 44 41 72
internal_value=0.000861615 -0.00138249 0.00728694 0.00340278 -0.00434783 0.01024 -0.00425532 -0.0072774 -0.0116525 -0.011413 -0.00428571 -0.00199275 -0.00558511 0.0129698
internal_weight=876.233 650 226.233 359 68 180.233 46 291 117 45 174 137 93 138.233
internal_count=851 650 201 359 68 155 46 291 117 45 174 137 93 113
is_linear=0
shrinkage=0.05


Tree=16
num_leaves=15
num_cat=0
split_feature=15 14 7 14 8 4 7 3 2 10 7 14 13 4
split_gain=3.00356 3.87185 2.49548 2.08618 1.8883 1.97699 1.8377 2.62592 1.89935 1.85631 1.57349 1.68916 1.36264 1.35203
threshold=-0.52107999999999988 2.603711913902647 5.4500000000000011 0.38354780347258094 20.950000000000003 1.0000000180025095e-35 4.7500000000000009 1.0000000180025095e-35 9.2491426686118263 1.0000000180025095e-35 5.7500000000000009 0.71211442113764023 3.0101386585394425 6.1259351205958383
decision_type=2 2 2 2 10 2 2 2 2 2 2 2 10 2
left_child=3 6 -3 -1 5 -5 -2 9 -9 -8 11 -10 -7 -4
right_child=1 2 13 4 -6 12 7 8 10 -11 -12 -13 -14 -15
leaf_value=-0.014769611534277072 -0.01727760551076888 -0.097799591583742587 0.0057197951409502018 0.053455759647560025 0.0057763254529702218 -0.032464526562547169 0.043551717437166376 -0.013206537193539382 0.012037297541116376 0.0038430284944426909 0.028713383803164239 -0.031470613847419358 0.016953482154811673 -0.036521677196549265
leaf_weight=34 36 22 46 60.093395233154297 137 27 48.093395233154297 27 23 38 71 64 98 180
leaf_count=34 36 22 46 50 137 27 38 27 23 38 71 64 98 180
internal_value=0.000909539 -0.00138945 -0.0060241 0.00448716 0.00573313 0.0090134 0.00236076 0.00377567 0.000403226 0.0109346 0.00251572 -0.00198864 0.00535714 -0.00440529
internal_weight=911.187 555.093 248 356.093 322.093 185.093 307.093 271.093 185 86.0934 158 87 125 226
internal_count=891 545 248 346 312 175 297 261 185 76 158 87 125 226
is_linear=0
shrinkage=0.05


Tree=17
num_leaves=15
num_cat=0
split_feature=15 3 0 13 13 3 3 2 8 6 0 8 2 13
split_gain=3.63362 3.20014 2.42418 2.36467 2.43469 2.73876 2.53361 2.04986 1.9604 2.16018 1.69359 1.31986 1.12388 1.20055
threshold=-0.17237999999999995 11.137110451044594 15.166994508255074 2.4670511503686972 3.6685709561006159 10.37656432233632 5.0296683944994847 9.172039233726256 21.100000000000005 0.54930614433405489 14.599023630551345 27.050000000000004 14.877540540956074 2.7492478955155986
decision_type=2 2 2 8 10 2 2 2 10 2 2 10 2 10
left_child=7 3 -3 -2 5 11 -6 10 9 -9 -1 -5 13 -10
right_child=1 2 -4 4 6 -7 -8 8 12 -11 -12 -13 -14 -15
leaf_value=-0.016504028458361093 0.040814605340896565 -0.090338802766536344 -0.013850736282600274 -0.021181438076125814 0.059876421164340179 0.01824890486578732 -0.0053662137915396983 0.022150218027727844 -0.032409481596601619 -0.021183280185511678 0.034883439996652499 0.0037451832836697565 0.02852481951714976 0.0053733727407045077
leaf_weight=39 31 46 72 133 38.093395233154297 30 40 217.0933952331543 29 20 24 35 23 128
leaf_count=39 31 46 72 133 28 30 40 207 29 20 24 35 23 128
internal_value=0.00108109 -0.00228275 -0.0092437 0.0004133 -0.00107424 -0.0040201 0.00635116 0.00405812 0.00532736 0.00830487 -0.00429688 -0.00650888 0.00138122 -0.000158228
internal_weight=905.187 425.093 118 307.093 276.093 198 78.0934 480.093 417.093 237.093 63 168 180 157
internal_count=885 415 118 297 266 198 68 470 407 227 63 168 180 157
is_linear=0
shrinkage=0.05


Tree=18
num_leaves=15
num_cat=0
split_feature=15 14 7 14 2 0 10 13 13 10 13 0 1 9
split_gain=4.6749 5.4641 2.73514 3.54198 4.00241 2.54068 2.44818 2.15798 2.32427 1.82642 1.58803 1.31263 1.65418 1.31255
threshold=-0.30803999999999992 2.5775460472523744 4.7500000000000009 0.59862976654053734 11.716101942589512 13.191239033605482 -0.70710678118654757 3.6343809878543185 3.4886076254492751 0.83985479045490785 3.7533414652925909 15.313801470356928 14.61234632325489 0.77711637012006718
decision_type=2 2 2 2 2 2 2 8 10 2 8 2 2 2
left_child=5 2 -2 -4 10 -1 -3 8 -7 -9 -5 -8 -13 -14
right_child=1 6 3 4 -6 7 11 9 -10 -11 -12 12 13 -15
leaf_value=-0.013228282725526008 -0.015988605121474011 0.00020634695138688208 0.022807170448382298 -0.058753779417507951 0.027310484065464893 0.016187706948095525 -0.076455156339249888 -0.0012196349248689399 0.044530613128583724 0.011816334328272532 0.0029150787196836505 0.0034599672325169809 -0.045608750465357867 -0.015242547308402399
leaf_weight=85 33 49 96.093395233154297 57 45 150 60 145 44.046697616577148 39.046697616577148 21 23 34 20
leaf_count=85 33 49 86 57 45 150 60 145 39 34 21 23 34 20
internal_value=0.00108588 -0.00261372 0.00218234 0.00421337 -0.00141129 0.00458385 -0.00909091 0.00633705 0.0100036 0.00243813 -0.00822785 -0.0125 -0.00801282 -0.0127273
internal_weight=901.187 438.093 252.093 219.093 123 463.093 186 378.093 194.047 184.047 78 137 77 54
internal_count=881 428 242 209 123 453 186 368 189 179 78 137 77 54
is_linear=0
shrinkage=0.05


Tree=19
num_leaves=15
num_cat=0
split_feature=15 1 13 0 8 9 13 3 15 3 0 2 3 0
split_gain=3.45698 4.26166 2.60415 2.49583 2.4928 2.36572 1.89507 2.4244 2.25473 2.03565 1.88467 1.81023 1.47391 2.04697
threshold=0.66927500000000018 13.142263099100431 2.6535031187055078 14.901640119333409 14.450000000000001 -0.90341700620461574 3.9749746138079063 9.511888355722272 -0.49454499999999996 10.832022969452462 15.837749150289197 12.367707562706567 8.2612035135534931 13.041378880533072
decision_type=2 2 10 2 10 2 8 2 2 2 2 2 2 2
left_child=4 3 -3 -2 5 -1 7 12 9 -9 -7 -8 13 -6
right_child=1 2 -4 -5 6 10 11 8 -10 -11 -12 -13 -14 -15
leaf_value=-0.013654786860026764 -0.0067357018621825807 0.0032154260347891151 -0.079866088883394554 0.058996906465529179 -0.018653503713735097 0.020238331660734028 -0.018873982437362227 -0.035124288483756996 -0.041707916842274574 0.015575094311688265 0.001209488436363171 0.0045138873872556662 0.028118512396402642 0.027827620271190703
leaf_weight=31 51.046697616577148 27 68 22.046697616577148 20 198.14009284973145 52 22 105 70 91 50 32 64
leaf_count=31 46 27 68 17 20 183 52 22 105 70 91 50 32 64
internal_value=0.00114001 -0.00530869 -0.0122396 0.00374304 0.00261975 0.00592733 6.00962e-05 0.00199045 -0.00138889 0.00430108 0.00733612 -0.00582524 0.00769231 0.00411765
internal_weight=903.233 168.093 95 73.0934 735.14 320.14 415 313 197 92 289.14 102 116 84
internal_count=878 158 95 63 720 305 415 313 197 92 274 102 116 84
is_linear=0
shrinkage=0.05


Tree=20
num_leaves=15
num_cat=0
split_feature=4 7 8 2 9 8 15 9 12 2 13 13 5 14
split_gain=3.23915 3.25585 3.43654 1.60349 1.45788 1.44189 2.76935 1.43496 1.37 1.29531 1.68124 1.2394 2.53039 2.43096
threshold=2.0471722811110507 5.1500000000000012 18.050000000000004 1.0000000180025095e-35 0.36040299391450087 18.750000000000004 -0.30803999999999992 -0.70556075282125752 1.0000000180025095e-35 11.65824633693274 3.4797947196669452 3.3679762682953696 1.0000000180025095e-35 1.3723225666633769
decision_type=2 2 10 2 2 10 2 2 10 2 8 8 2 2
left_child=1 3 7 -1 -4 11 8 -3 -7 10 -5 12 -2 -13
right_child=5 2 4 9 -6 6 -8 -9 -10 -11 -12 13 -14 -15
leaf_value=0.048106385828941126 0.0047391020917069149 -0.0016670377365932965 0.013529711712802773 -0.0072901308375385894 -0.0214510196395588 0.012140752081111339 -0.079061302589887805 0.049590039674368425 -0.01770640340304146 0.0078366659883542973 -0.020981557798154606 -0.032932067851483379 -0.02613628943025903 0.013189004470167465
leaf_weight=23 68 31 100 41 58 20 55 139.18679046630859 98 21 26 21 70 114
leaf_count=23 68 31 100 41 58 20 55 119 98 21 26 21 70 114
internal_value=8.99018e-05 0.00313428 0.0056341 -0.00424107 0.000314465 -0.00290828 -0.00646552 0.0105421 -0.00210084 -0.00730337 -0.0106618 -0.000638686 -0.00395683 0.00275735
internal_weight=885.187 439.187 328.187 111 158 446 173 170.187 118 88 67 273 138 135
internal_count=865 419 308 111 158 446 173 150 118 88 67 273 138 135
is_linear=0
shrinkage=0.05


Tree=21
num_leaves=15
num_cat=0
split_feature=6 7 8 3 2 8 15 14 9 7 2 1 1 15
split_gain=3.33909 2.99228 4.01888 3.21918 3.05823 2.91107 2.43199 3.00734 2.0049 1.76277 1.67205 1.61386 1.60169 1.50512
threshold=3.4299385993688372 5.1500000000000012 14.65 1.0000000180025095e-35 14.998481569592331 32.550000000000004 -0.11977499999999999 2.603711913902647 0.39873388578253716 6.0100000000000007 9.172039233726256 13.161978831478747 14.051999415810144 -0.83455499999999994
decision_type=2 2 10 2 2 10 2 2 2 2 2 2 2 2
left_child=1 5 3 -3 6 -1 8 9 13 11 -5 -8 -9 -4
right_child=-2 2 4 10 -6 -7 7 12 -10 -11 -12 -13 -14 -15
leaf_value=-0.014662724923209714 -0.027385768169119265 0.047350118415783529 0.0030995285404098239 -0.013682902805049824 0.051231247072039965 0.025239768463968394 0.011169598965909281 -0.11949279780110872 -0.018385173108421339 0.039707534401286319 0.013719690404883951 -0.069758338642937415 -0.053954935077696491 0.029754777265015454
leaf_weight=86 47 56.186790466308594 93 28 30 23 27.046697616577148 26 93 25 253 22 42 58
leaf_count=86 47 36 93 28 30 23 22 26 93 25 253 22 42 58
internal_value=0.000857843 0.00157065 0.00269258 0.00674086 -0.000596654 -0.00613636 -0.00180555 -0.00698256 0.00122449 1.55562e-05 0.00452128 -0.00547154 -0.0144928 0.00476974
internal_weight=909.233 862.233 753.233 337.187 416.047 109 386.047 142.047 244 74.0467 281 49.0467 68 151
internal_count=884 837 728 317 411 109 381 137 244 69 281 44 68 151
is_linear=0
shrinkage=0.05


Tree=22
num_leaves=15
num_cat=0
split_feature=7 3 8 2 1 5 8 3 3 3 10 13 2 16
split_gain=2.58866 4.18228 2.32985 1.65818 2.22905 1.51946 2.51543 2.14313 1.73336 3.22167 1.72612 1.43937 1.40571 1.34057
threshold=5.1500000000000012 1.0000000180025095e-35 17.050000000000004 9.172039233726256 11.491322867937805 7.0715530962182145 22.050000000000004 12.981370791925217 10.273469583031011 9.2393042073080913 0.96126169593831889 2.6600494875419574 11.630521409380931 0.10701500000000001
decision_type=2 2 10 2 2 2 10 2 2 2 2 10 2 2
left_child=-1 2 -2 -3 -5 6 8 13 9 12 -8 -10 -6 -7
right_child=1 3 -4 4 5 7 10 -9 11 -11 -12 -13 -14 -15
leaf_value=-0.011688634758823436 0.054376904387305816 -0.014308724709041182 0.0086451485438810097 0.045804204042260092 0.0061119380771160643 -0.063383850076668399 -0.029311908624075934 0.015468441427098313 -0.03185159622196139 -0.015301672064801953 0.0099839819456723385 0.022537704929737858 0.037443803913170558 -0.011564358398514064
leaf_weight=105 65.233488082885742 45 58 34 81 50 167 33 23 59 25 111 21 27
leaf_count=105 40 45 58 34 81 50 167 33 23 59 25 111 21 27
internal_value=0.000503558 0.00147562 0.00990745 -7.38552e-05 0.000593354 -0.000125418 0.00107582 -0.00540541 0.00396959 0.000462963 -0.00336788 0.00814815 0.00582524 -0.0099359
internal_weight=904.233 799.233 123.233 676 631 597 487 110 295 161 192 134 102 77
internal_count=879 774 98 676 631 597 487 110 295 161 192 134 102 77
is_linear=0
shrinkage=0.05


Tree=23
num_leaves=15
num_cat=0
split_feature=15 14 9 0 8 8 7 14 0 1 10 15 1 2
split_gain=1.97552 3.34926 2.78589 2.05061 1.59804 1.73751 1.48188 1.45273 1.57279 1.38824 1.76204 1.4979 1.45503 1.44204
threshold=-0.17237999999999995 0.10274084263876529 0.44032991850403941 13.191239033605482 21.950000000000003 18.850000000000005 5.2500000000000009 0.6981668640907871 15.432656636711833 14.25664067995997 1.0000000180025095e-35 -1.2924149999999999 12.599490740942857 15.231570556320639
decision_type=2 2 2 2 10 8 2 2 2 2 2 2 2 2
left_child=3 2 -2 -1 5 6 -3 -8 -9 10 12 -11 -5 -13
right_child=1 4 -4 9 -6 -7 7 8 -10 11 -12 13 -14 -15
leaf_value=-0.015391601320586375 -0.006002607987872677 -0.024290607114540941 0.055373225202241999 -0.017004130348680025 -0.029874616184249771 0.0034307098466485721 0.011730943710636522 -0.02774763705916751 0.00064620285134515682 0.023099997925644246 0.021578345930988889 -0.0049830263732892456 0.014163845131345942 0.028828494943017625
leaf_weight=81 43 40 38.140092849731445 30 82 22 28 87 94 33 88.046697616577148 159 56 20
leaf_count=81 43 40 23 30 82 22 28 87 94 33 83 159 56 20
internal_value=0.000365412 -0.00206025 0.00704287 0.00261975 -0.00416667 -0.00229779 -0.0035 -0.00178571 -0.00343407 0.00413688 0.00743326 0.00140845 0.00229885 -0.000416667
internal_weight=901.187 434.14 81.1401 467.047 353 271 249 209 181 386.047 174.047 212 86 179
internal_count=881 419 66 462 353 271 249 209 181 381 169 212 86 179
is_linear=0
shrinkage=0.05


Tree=24
num_leaves=15
num_cat=0
split_feature=15 13 7 6 7 13 9 8 13 9 15 7 1 2
split_gain=1.82769 3.48639 2.87628 1.43584 1.41103 1.34069 2.042 2.20229 1.99609 2.34028 1.95966 1.81015 2.19344 1.65587
threshold=0.66927500000000018 3.6918790522500609 6.0100000000000007 6.2299541685990638 7.8500000000000005 3.9749746138079063 -0.81661045995358794 18.750000000000004 3.2052931877758257 0.9263445426916056 -0.17237999999999995 4.9500000000000011 12.147605239729323 11.364318137156067
decision_type=2 8 2 2 2 8 2 10 10 2 2 2 2 2
left_child=3 2 -2 4 5 8 -7 10 13 11 -8 -10 -13 -1
right_child=1 -3 -4 -5 -6 6 7 -9 9 -11 -12 12 -14 -15
leaf_value=0.011383440178429849 -0.043141386219438388 0.0054337852001283939 0.0045565424238302567 -0.025314762345292063 -0.050449875665191081 -0.020275803904790626 0.014304364225521341 -0.029217592454321387 -0.0052700375812596845 -0.037431421448068457 -0.032473457750840172 -0.019625352981623143 0.032973541752897663 -0.015371941354854868
leaf_weight=93 81 23.093395233154297 61 31 21 32 88.046697616577148 53 27 25 31 23 151 146
leaf_count=93 81 13 61 31 21 32 83 53 27 25 31 23 151 146
internal_value=0.000680278 -0.00404992 -0.00699301 0.00176743 0.00224466 0.00265081 -0.000725847 0.00145144 0.0041309 0.00748899 0.00521603 0.00928218 0.0111429 0.0009375
internal_weight=886.14 165.093 142 721.047 690.047 669.047 204.047 172.047 465 226 119.047 201 174 239
internal_count=871 155 142 716 685 664 199 167 465 226 114 201 174 239
is_linear=0
shrinkage=0.05


Tree=25
num_leaves=15
num_cat=0
split_feature=15 14 13 13 1 9 8 8 8 13 3 3 4 4
split_gain=1.97729 2.11789 1.90603 2.28215 1.85843 1.67847 1.60154 1.49241 2.4602 1.41222 2.09257 1.63085 1.40007 1.664
threshold=-0.11977499999999999 2.603711913902647 3.7682742391313546 3.8967886388235606 13.966589384727333 -0.64445579466475167 15.850000000000003 17.250000000000004 8.8500000000000032 4.0376906890827202 9.511888355722272 10.705130003249758 8.7100424666969705 11.171012820809688
decision_type=2 2 8 8 2 2 10 10 10 8 2 2 2 2
left_child=7 2 -2 -4 6 -6 -3 8 -1 10 -9 -12 -10 -14
right_child=1 4 3 -5 5 -7 -8 9 12 -11 11 -13 13 -15
leaf_value=-0.0034253353127835506 -0.0028216495255364796 -0.024156833191790295 0.032224178226216725 2.4645858305968405e-05 0.016532662657732546 -0.027026483085142484 -0.11465285217656757 0.037451009989729743 0.028584940869265475 -0.010932467032406468 -0.03473889855923231 0.010214753723642202 -0.011312797477685366 0.029798458585361589
leaf_weight=61 175 24 26.046697616577148 33.046697616577148 30 92 25 50 100.0933952331543 62 26 120 35 29
leaf_count=61 175 24 21 28 30 92 25 50 90 62 26 120 35 29
internal_value=0.00141103 -0.00116393 0.00192406 0.00960729 -0.00537791 -0.00203252 -0.0135 0.00356819 0.00653418 0.000965251 0.00304569 0 0.00970563 0.00384615
internal_weight=888.187 405.093 234.093 59.0934 171 122 49 483.093 225.093 258 196 146 164.093 64
internal_count=868 395 224 49 171 122 49 473 215 258 196 146 154 64
is_linear=0
shrinkage=0.05


Tree=26
num_leaves=15
num_cat=0
split_feature=15 1 0 1 0 1 2 10 2 8 2 0 10 15
split_gain=2.94099 2.65525 2.78837 2.00038 1.98929 1.8472 1.46406 1.57435 1.86115 1.63089 1.39285 1.82477 1.95191 1.17968
threshold=-1.1641199999999998 11.780275221658769 13.993768541603382 12.116287536430383 14.145111776135662 13.307875549349886 11.210599421575576 -0.934340029265598 11.68630536949332 40.760000000000005 9.172039233726256 12.894777939625641 -0.0043632677491870896 -0.49454499999999996
decision_type=2 2 2 2 2 2 2 2 2 10 2 2 2 2
left_child=3 10 13 -1 -4 -5 -6 -8 -9 -10 11 12 -2 -3
right_child=1 2 4 5 6 -7 7 8 9 -11 -12 -13 -14 -15
leaf_value=-0.010840986657318053 0.061648270395850718 0.0013819144180292342 0.029884570281398449 0.07357863046582 0.0041909589453238529 0.012969583111318418 0.0124295369105492 -0.023265620731672567 -0.00092504516610214527 -0.038596761740044623 0.02679668418678487 -0.01052764736417653 -0.012571946900056986 -0.032553590527541545
leaf_weight=36 25.046697616577148 29 24 26.046697616577148 123 87 63 43 223 35 36.046697616577148 30 20 98
leaf_count=36 20 29 24 21 123 87 63 43 223 35 31 30 20 98
internal_value=0.00111607 -0.000163533 -0.00140845 0.00750545 0.000244141 0.0107515 -0.000461066 -0.00205479 -0.0035596 -0.0019305 0.00693471 0.00297406 0.00925511 -0.00800781
internal_weight=898.14 749.093 638 149.047 511 113.047 487 364 301 258 111.093 75.0467 45.0467 127
internal_count=883 739 638 144 511 108 487 364 301 258 101 70 40 127
is_linear=0
shrinkage=0.05


Tree=27
num_leaves=15
num_cat=0
split_feature=4 3 15 0 12 15 2 4 1 8 3 2 10 16
split_gain=1.40329 2.11863 3.22791 2.63128 2.46099 1.83188 2.44189 2.21539 1.63506 1.61161 1.56979 1.66023 1.50269 1.44025
threshold=12.307591968606514 9.2393042073080913 -1.2924149999999999 13.870337082043978 2.5000000000000004 0.17533000000000001 11.06362216610218 7.4487527704044743 11.824838310940949 18.350000000000005 11.835939577868638 13.203387387181726 0.38268343236508956 0.10701500000000001
decision_type=2 2 2 2 10 2 2 2 2 10 2 2 2 2
left_child=1 4 3 -3 12 6 -4 9 -6 -8 -9 -12 13 -1
right_child=-2 2 5 -5 8 -7 7 10 -10 -11 11 -13 -14 -15
leaf_value=0.027819095578755049 0.021591825015219168 -0.011996933856054926 -0.050342736916414867 0.055547130858751015 -0.013270264090492104 -0.03058251717442655 0.022390018985305727 0.0023455173525821719 -8.2773556728155129e-05 0.0029456492754536658 -0.066865392869031218 -0.02304679167772089 0.0031351236518331162 0.00064122891599089748
leaf_weight=102.0933952331543 51 25 34 33 25.046697616577148 152 37 50 65 56 24 53 100 101.0933952331543
leaf_count=92 51 25 34 33 20 152 37 50 65 56 24 53 100 91
internal_value=0.00115867 0.000674062 -0.0016129 0.00932203 0.00336984 -0.0031941 -0.000588235 0.00135747 -0.003857 0.00718085 -0.00292969 -0.00737179 0.00552184 0.00798127
internal_weight=908.233 857.233 464 58 393.233 406 254 220 90.0467 93 127 77 303.187 203.187
internal_count=883 832 464 58 368 406 254 220 85 93 127 77 283 183
is_linear=0
shrinkage=0.05


Tree=28
num_leaves=15
num_cat=0
split_feature=15 3 9 7 2 5 15 15 7 8 3 2 8 8
split_gain=2.42285 2.43438 2.70677 2.55167 1.86551 1.9812 1.77553 2.41679 1.95647 2.01583 1.90303 1.70669 1.46395 1.76943
threshold=-0.17237999999999995 7.0237422035941366 0.94478581029364217 5.4500000000000011 9.172039233726256 8.5186461233587529 -1.2924149999999999 -0.83455499999999994 5.8500000000000005 23.350000000000005 9.7725930922188802 11.535626438014353 14.050000000000002 35.250000000000007
decision_type=2 2 2 2 2 2 2 2 2 10 2 2 10 10
left_child=4 2 -2 -3 -1 6 10 8 -8 -10 -6 -9 -13 -14
right_child=1 3 -4 -5 5 -7 7 11 9 -11 -12 12 13 -15
leaf_value=-0.017970887553857642 0.00073198223257687773 -0.058143862412777428 0.025719602469496283 -0.012669221118862007 0.00072513291835359377 -0.0093045766745797343 -0.0032152382762226637 0.03070586932427373 0.039282586776420693 -0.02677456443273243 0.045227774496324792 0.0065545509001234022 -0.044715073644925912 0.023970589427388101
leaf_weight=54 128 41 21.093395233154297 247 25 44 45.046697616577148 47 51 52 51 25 40 25
leaf_count=54 128 41 11 247 25 44 40 47 51 52 51 25 40 25
internal_value=0.000670093 -0.00199196 0.00318025 -0.00467128 0.00320366 0.00436854 0.00558998 0.00375405 -0.000678763 0.003125 0.0123377 0.00851449 0.0043956 0.000378788
internal_weight=896.14 437.093 149.093 288 459.047 405.047 361.047 285.047 148.047 103 76 137 90 65
internal_count=881 427 139 288 454 400 356 280 143 103 76 137 90 65
is_linear=0
shrinkage=0.05


Tree=29
num_leaves=15
num_cat=0
split_feature=0 2 1 7 14 10 1 3 1 2 10 8 14 2
split_gain=1.83721 1.73113 3.53671 2.1981 2.44679 1.65431 1.66382 1.63651 1.51205 3.72316 2.41176 1.73248 1.49177 1.65824
threshold=13.191239033605482 8.1729710232723694 12.235778900783295 5.7500000000000009 2.603711913902647 -0.934340029265598 14.465425104264854 10.273469583031011 15.399805717441067 14.110151325033904 0.78933513558599011 23.900000000000002 0.016972120384571798 9.8198747697569519
decision_type=2 2 2 2 2 2 2 2 2 2 2 10 2 2
left_child=12 2 -2 5 -5 -3 -7 -6 9 10 -9 -10 -1 -14
right_child=1 3 -4 4 7 6 -8 8 11 -11 -12 -13 13 -15
leaf_value=0.026581661993942129 -0.0060825763055093688 0.0048399981617252841 0.051935720858254888 0.024713213534326831 -0.017230559560387493 -0.0010931245933919135 -0.036489786319057152 -0.0073295916091467685 0.0035408634138036632 0.048725243120042318 0.014008059944591445 -0.036957016177188211 -0.017013593483939337 -0.012087859811469938
leaf_weight=32.046697616577148 24 43 26.046697616577148 116 39 140.04669761657715 49 126 56 24 34 36 52.046697616577148 76
leaf_count=27 24 43 21 116 39 135 49 126 56 24 34 36 47 76
internal_value=-0.00014299 0.000945255 0.00981782 0.000261778 0.00237269 -0.00365235 -0.00566265 7.91139e-05 0.00144404 0.00405405 0.00124224 -0.00376344 -0.00496606 -0.00737072
internal_weight=873.187 713.093 50.0467 663.047 431 232.047 189.047 315 276 184 160 92 160.093 128.047
internal_count=853 703 45 658 431 227 184 315 276 184 160 92 150 123
is_linear=0
shrinkage=0.05


Tree=30
num_leaves=15
num_cat=0
split_feature=6 8 9 14 13 2 1 14 8 10 16 0 1 3
split_gain=2.35644 1.66385 2.47651 1.34722 3.1335 1.87588 1.3487 1.85898 2.36849 1.21875 1.06653 1.03843 1.88166 1.01475
threshold=3.4299385993688372 17.050000000000004 0.98436799963137067 2.6728005134358335 3.9699398397909711 15.231570556320639 15.399805717441067 4.7047332155314949 42.550000000000004 0.23766552919915279 1.0000000180025095e-35 14.004921479957348 13.702561695955126 10.273469583031011
decision_type=2 10 2 2 8 2 2 2 10 2 2 2 2 2
left_child=1 2 13 4 11 6 7 8 10 -2 -5 -3 -13 -1
right_child=9 3 -4 5 -6 -7 -8 -9 -10 -11 -12 12 -14 -15
leaf_value=-0.00042468109245988881 -0.039297342660443317 -0.00067209903673577382 0.024207636581837333 -0.0054007248934719422 -0.014533363174036052 0.023074957673485219 -0.056760220810723766 0.0099152379559367624 0.012784832975239115 -0.0096242407717548224 -0.045375717467503289 0.02954854908546467 -0.0012359237521228474 0.0096534235088980291
leaf_weight=276.14009284973145 22 65 20 28 28 20 36 57 20 23 59 42 33 153
leaf_count=261 22 65 20 28 28 20 36 57 20 23 59 42 33 153
internal_value=-0.000394991 0.000210189 0.00227966 -0.00218509 0.00118343 -0.00475113 -0.00621891 -0.00424242 -0.00810185 -0.011413 -0.0116477 0.00425532 0.00822368 0.00145573
internal_weight=882.14 837.14 449.14 388 168 220 200 164 107 45 87 140 75 429.14
internal_count=867 822 434 388 168 220 200 164 107 45 87 140 75 414
is_linear=0
shrinkage=0.05


Tree=31
num_leaves=15
num_cat=0
split_feature=15 1 14 0 1 8 0 0 1 2 10 15 10 10
split_gain=2.27419 3.50306 3.03643 1.9114 1.63364 2.14801 1.37144 1.79135 1.69069 1.34223 1.26847 1.80332 1.26702 1.17257
threshold=-0.30803999999999992 12.147605239729323 2.603711913902647 15.925804984510316 13.966589384727333 15.850000000000003 15.25892845892823 14.93293370137493 13.76304014984119 11.242196422425282 0.50376918148035232 -1.1770999999999998 0.70090259214882411 -0.70710678118654757
decision_type=2 2 2 2 2 10 2 2 2 2 2 2 2 2
left_child=1 9 3 6 5 -4 7 -2 -8 -1 11 -3 -6 -13
right_child=2 10 4 -5 12 -7 8 -9 -10 -11 -12 13 -14 -15
leaf_value=-0.0067447452815883385 -0.00059258867310078671 0.018491074639043852 -0.0254566720224517 0.022997254752745458 -0.0024142906595854274 -0.097980896910832005 0.00022147570151598295 0.04350083696093409 -0.060131585259552672 -0.0056307067411304852 0.019966834482797791 0.016031990660192365 -0.035736880826647298 -0.0033010328559373858
leaf_weight=67 156.04669761657715 88.046697616577148 23 36 95 26 20 27.046697616577148 22 23.046697616577148 88 77 35 101
leaf_count=67 151 83 23 36 95 26 20 22 22 18 88 77 35 101
internal_value=0.000736946 0.00325774 -0.00180838 0.00163047 -0.00680556 -0.0145 -0.000100247 0.00177809 -0.00813953 -0.00550451 0.00549552 0.00374904 -0.00381679 0.000837989
internal_weight=884.187 444.093 440.093 261.093 179 49 225.093 183.093 42 90.0467 354.047 266.047 130 178
internal_count=864 434 430 251 179 49 215 173 42 85 349 261 130 178
is_linear=0
shrinkage=0.05


Tree=32
num_leaves=15
num_cat=0
split_feature=0 1 13 9 7 8 13 0 5 9 16 0 0 3
split_gain=2.79366 2.09921 5.03256 1.63246 1.57909 1.36906 1.36624 1.3574 1.26904 1.36748 1.17563 1.96189 1.09664 1.05547
threshold=13.993768541603382 12.983839453513383 3.9561014979758524 0.37662760538417256 5.7500000000000009 40.760000000000005 4.0246259411129488 9.7611967763516159 7.8203740605834495 0.14780800409054848 1.0000000180025095e-35 16.508409224069531 15.370692859332076 12.381093372763162
decision_type=2 2 8 2 2 10 10 2 2 2 2 2 2 2
left_child=7 2 -2 5 12 8 10 -1 9 -3 -6 -12 -5 -10
right_child=1 3 -4 4 6 -7 -8 -9 13 -11 11 -13 -14 -15
leaf_value=0.038424886179976241 0.037639346891811976 0.0068278830869807246 -0.0071559077357729239 -0.021272914742033047 -0.042423521992290769 -0.0017365488951454845 0.009603379965000958 -0.011288514886811866 -0.062548861158520652 0.039548908605387706 0.020306816672273076 -0.025828915183129821 -0.047131476517920184 0.0075418524077120359
leaf_weight=27.046697616577148 96.093395233154297 191 28.046697616577148 29 45 39 20 215 22 29 47 21 30 24
leaf_count=22 86 191 23 29 45 39 20 215 22 29 47 21 30 24
internal_value=0.000436636 0.00221199 0.00800037 0.000753012 -0.00284974 0.00302288 0.000186567 -0.00410963 0.00430712 0.00588235 -0.00197368 0.00217391 -0.00958333 -0.00319149
internal_weight=863.187 621.14 124.14 497 192 305 133 242.047 266 220 113 68 59 46
internal_count=843 606 109 497 192 305 133 237 266 220 113 68 59 46
is_linear=0
shrinkage=0.05


Tree=33
num_leaves=15
num_cat=0
split_feature=15 4 8 1 0 4 3 8 1 9 8 1 0 1
split_gain=4.12944 2.45936 3.19011 2.29295 2.08257 1.81475 1.52484 1.57754 1.44157 1.28221 1.27032 1.26556 1.16282 1.15199
threshold=0.66927500000000018 1.0000000180025095e-35 25.205000000000002 12.555101602764983 16.650208473852814 12.307591968606514 11.835939577868638 22.470000000000002 12.281341017959948 0.44032991850403941 11.850000000000003 10.899713039261618 17.086217919199328 13.436840398038727
decision_type=2 2 10 2 2 2 2 10 2 2 10 2 2 2
left_child=1 2 8 11 5 6 7 10 -1 -4 -5 -3 -6 -2
right_child=13 3 9 4 12 -7 -8 -9 -10 -11 -12 -13 -14 -15
leaf_value=0.04341885703771832 -0.00050796872667733812 0.0027549754976817055 0.012677332261687947 0.019576136629106823 -0.03775008451087021 0.023202585831933242 -0.02392631410630898 0.017306167887780523 0.015619329573927776 -0.03243497977818173 -0.0010493225852399313 -0.03682887928142118 -9.4370261133214234e-05 -0.056187832624747205
leaf_weight=69.140092849731445 71 23 84 66 26 39 85 24 138 41 80 44 26 83
leaf_count=54 71 23 84 66 26 39 85 24 138 41 80 44 26 83
internal_value=0.000975962 0.00251763 0.00571382 -6.03865e-05 0.00158501 0.00322034 0.00166016 0.00438596 0.00950563 -0.000595238 0.00238095 -0.00845588 -0.00754717 -0.00645161
internal_weight=899.14 745.14 332.14 413 346 294 255 170 207.14 125 146 67 52 154
internal_count=884 730 317 413 346 294 255 170 192 125 146 67 52 154
is_linear=0
shrinkage=0.05


Tree=34
num_leaves=15
num_cat=0
split_feature=15 14 16 7 13 8 0 2 10 14 13 7 3 8
split_gain=2.00628 4.28974 2.71462 2.12886 3.34854 2.07205 1.88676 1.1992 1.36656 1.17801 1.11975 1.77241 1.01731 1.01568
threshold=-0.17237999999999995 0.68403410330662517 0.10701500000000001 5.1500000000000012 3.1448215088556646 21.950000000000003 14.951744793098303 9.172039233726256 -0.5 0.11421325523412328 4.5860782025350835 6.3500000000000005 10.16906799463011 16.250000000000004
decision_type=2 2 2 2 10 10 2 2 2 2 8 2 2 10
left_child=2 3 7 4 -2 -3 -4 8 -1 -5 13 -12 -7 -9
right_child=1 5 6 9 -6 12 -8 10 -10 -11 11 -13 -14 -15
leaf_value=0.0072993150978488469 0.023374442467580941 -0.0084716060877840782 0.0061835205994692057 0.043204340360192807 -0.025036251062187223 -0.0029869599538274619 0.029518387164620786 0.018703704558557525 -0.018805282766535626 0.0045310577726234372 -0.0049655591572666897 0.033784719091751118 -0.043106944228148182 0.00293603083512195
leaf_weight=20 31 212 37 40.140092849731445 30 25 32 106.04669761657715 31 40 28.046697616577148 22 57 172
leaf_count=20 31 212 37 25 30 25 32 101 31 40 23 22 57 172
internal_value=0.00110661 -0.00131035 0.0034514 0.00582877 -0.00120968 -0.00474576 0.0125 0.00177588 -0.00528846 0.0111351 0.00288672 -0.00394085 -0.0114458 0.00412536
internal_weight=883.233 435.14 448.093 141.14 61 294 69 379.093 51 80.1401 328.093 50.0467 82 278.047
internal_count=858 420 438 126 61 294 69 369 51 65 318 45 82 273
is_linear=0
shrinkage=0.05


Tree=35
num_leaves=15
num_cat=0
split_feature=6 13 15 13 13 2 2 5 2 2 7 8 4 0
split_gain=1.84363 1.701 1.86549 2.1325 2.54828 1.97877 1.69785 1.66301 2.22142 2.68301 1.57981 1.51961 1.38894 1.36033
threshold=6.2299541685990638 2.42247150652855 0.66927500000000018 4.0015463738906556 3.1990111400154944 9.0377571240273458 11.549255986512796 5.7062624254307925 11.327456641317992 11.862066468840895 5.8500000000000005 34.050000000000004 6.5514373504102341 15.023517212076225
decision_type=2 8 2 8 10 2 2 2 2 2 2 10 2 2
left_child=1 -1 3 4 7 -4 -5 8 -3 -10 -7 -6 -12 -8
right_child=-2 2 5 6 11 10 13 -9 9 -11 12 -13 -14 -15
leaf_value=0.013510157594757079 -0.029645594717431757 0.016862424299161294 0.0069064520967108828 -0.0098510264587798393 0.021895464646998531 -0.039452156866198684 0.033574759806394149 -0.043284586844910836 -0.035384416509797303 0.001225380885663363 0.012184663407988872 -0.0010782888480076137 -0.029484620257595129 -0.0017788877026641003
leaf_weight=47 28 70 30.046697616577148 96.046697616577148 215.0933952331543 55.046697616577148 26 28 27 85 25 49 39 80
leaf_count=47 28 70 25 91 205 50 26 28 27 85 25 49 39 80
internal_value=0.000334172 0.000745697 0.000213218 0.00133084 0.00316219 -0.00483033 -0.00296073 -0.000947867 0.000819672 -0.00353982 -0.00771506 0.00642164 -0.00230769 0.00140187
internal_weight=900.233 872.233 825.233 676.14 474.093 149.093 202.047 210 182 112 119.047 264.093 64 106
internal_count=875 847 800 661 464 139 197 210 182 112 114 254 64 106
is_linear=0
shrinkage=0.05


Tree=36
num_leaves=15
num_cat=0
split_feature=15 13 13 5 13 3 15 8 2 10 0 7 10 0
split_gain=1.80274 2.54733 3.34823 2.42915 2.24167 1.98735 3.36261 1.562 1.83722 1.6201 1.50455 1.49556 1.45579 1.55554
threshold=0.82512500000000011 3.9169617688349754 3.8539569225446724 8.4353839539398141 3.5602835930737258 10.273469583031011 -1.3495649999999999 21.950000000000003 11.374111380597908 0.49240481012316867 14.567778328442321 6.1500000000000012 -0.83143795248747376 13.041378880533072
decision_type=2 8 10 2 10 2 2 10 2 2 2 2 2 2
left_child=1 2 3 7 11 -3 -7 9 12 10 -1 -2 -9 -14
right_child=4 5 -4 -5 -6 6 -8 8 -10 -11 -12 -13 13 -15
leaf_value=0.0047570751601296209 -0.056843194655866063 -0.010633220564071977 0.064376186481990935 -0.016537145536674559 -0.0034229952487053075 0.058721417661392231 -0.018910765311692349 0.037555125940624316 -0.0035311933900585846 0.00062188389441062428 0.033416668015472939 0.0085795249842044018 -0.019434895994150572 0.028763498730635152
leaf_weight=64 65 110 30.046697616577148 61 20.046697616577148 21 91 22 142 96 104.04669761657715 24 21 27
leaf_count=64 65 110 25 61 15 21 91 22 142 96 99 24 21 27
internal_value=0.000782417 0.00161669 0.00339264 0.00246478 -0.00521445 -0.0029148 0.00176991 0.00367085 0.000469484 0.00622972 0.00917597 -0.00861111 0.00704225 0.00204082
internal_weight=898.14 789.093 567.093 537.047 109.047 222 112 476.047 212 264.047 168.047 89 70 48
internal_count=883 779 557 532 104 222 112 471 212 259 163 89 70 48
is_linear=0
shrinkage=0.05


Tree=37
num_leaves=15
num_cat=0
split_feature=13 13 14 16 15 2 16 16 13 3 14 9 1 1
split_gain=1.81512 3.15937 2.72598 2.0305 1.72617 2.07848 1.51221 3.05059 1.99644 1.50258 2.56721 1.48213 1.37653 1.2589
threshold=3.9169617688349754 3.4968108626794572 1.52978895480101 1.0000000180025095e-35 0.63776500000000014 8.4078804299200822 0.10701500000000001 1.0000000180025095e-35 3.1164077735376892 1.3195286648076296 3.7305608756602369 0.054513334028100477 14.266843277870551 12.674202605042156
decision_type=10 10 2 2 2 2 2 2 8 2 2 2 2 2
left_child=1 4 -2 -3 6 -6 7 8 -1 -5 11 -11 -7 -9
right_child=2 3 -4 9 5 12 -8 13 -10 10 -12 -13 -14 -15
leaf_value=0.021834112035162081 -0.0089786374064480621 -0.0043199288464223383 0.0037555330479547067 0.043557442034708398 0.026550211543521152 -0.036902287742543019 0.018046527721959426 -0.027536596154259265 0.00083372481877378455 0.006554500125436769 0.036299709127709946 -0.017106829272090264 -0.0036341698271995073 -0.0053834408204333165
leaf_weight=33 74.046697616577148 50 118 57.186790466308594 30 105 86 31 79 30 33 36 79 70
leaf_count=33 69 50 118 37 30 105 86 31 79 30 33 36 79 70
internal_value=0.000414918 0.00156858 -0.00389112 0.00677973 -0.000535019 -0.00395349 0.00191667 -0.000350467 0.00530973 0.00957249 0.00575 0 -0.00594595 -0.00661765
internal_weight=911.233 719.187 192.047 206.187 513 214 299 213 112 156.187 99 66 184 101
internal_count=886 699 187 186 513 214 299 213 112 136 99 66 184 101
is_linear=0
shrinkage=0.05


Tree=38
num_leaves=15
num_cat=0
split_feature=3 5 7 2 7 9 9 3 9 0 0 9 2 13
split_gain=2.09428 2.09052 1.56239 1.43512 1.69041 1.36267 1.11543 1.7183 2.42929 1.39922 1.34965 1.40192 1.5274 1.22974
threshold=13.738557155961646 7.0715530962182145 6.3500000000000005 1.0000000180025095e-35 4.7500000000000009 0.99250835852519903 0.26092512978024796 12.026336384774053 0.44032991850403941 15.748715777478411 12.99662366452964 0.14780800409054848 11.015872523953945 3.3965472547192124
decision_type=2 2 2 2 2 2 2 2 2 2 2 2 2 10
left_child=1 3 -3 -1 -5 6 10 8 -8 13 -6 12 -12 -10
right_child=-2 2 -4 4 5 -7 7 -9 9 -11 11 -13 -14 -15
leaf_value=0.046713587829943046 0.019391345496529724 -0.094775409674628677 -0.0048854920614156087 -0.021079030129909929 -0.015943080033477264 0.015171988623354527 -0.006456930660759275 -0.035259081356126223 -0.0064784426306338854 -0.011102373487732999 0.010677449781678283 0.029802119028866703 -0.00057525098782038595 0.021895055855473647
leaf_weight=49.046697616577148 65 21 69 28 48 21 26.046697616577148 45 68 46 75 41 206 81.140092849731445
leaf_count=44 65 21 69 28 48 21 21 45 68 46 75 41 206 66
internal_value=0.000141724 -0.000543886 -0.00769231 0.000341616 -0.000255033 0.000265882 -0.00015694 -0.00261989 -0.000787626 0.00115309 0.00161725 0.00278638 0.00150709 0.00350451
internal_weight=889.233 824.233 90 734.233 685.187 657.187 636.187 266.187 221.187 195.14 370 322 281 149.14
internal_count=864 799 90 709 665 637 616 246 201 180 370 322 281 134
is_linear=0
shrinkage=0.05


Tree=39
num_leaves=15
num_cat=0
split_feature=6 13 7 1 1 8 13 1 2 7 2 9 13 0
split_gain=1.33655 1.67517 1.34405 2.66967 2.46812 1.52334 2.3396 1.67283 2.43964 1.58422 1.26123 1.62761 1.43361 1.3391
threshold=0.54930614433405489 2.4009249020927004 6.1500000000000012 11.885105159201204 12.116287536430383 16.050000000000004 2.7046638279755322 13.76304014984119 10.925384884878442 5.1500000000000012 12.961120873823601 0.86382728211298232 3.5791391915893898 15.053601545263852
decision_type=2 8 2 2 2 10 8 2 2 2 2 2 10 2
left_child=1 -1 3 -3 -4 6 -5 8 9 -8 12 -12 13 -6
right_child=-2 2 4 5 10 -7 7 -9 -10 -11 11 -13 -14 -15
leaf_value=0.012678826808401844 -0.013214892914936362 0.015223720068408787 -0.013551359941767425 -0.036392506816744288 0.025191813341183658 -0.013347657967340054 -0.015265746169135487 -0.003286166596034268 0.030892996561993281 0.014744488684988523 0.012125265501359684 -0.033713543042451624 0.026976703166551264 -0.026850785401062918
leaf_weight=39 52 70.046697616577148 73 20 40 141 22 100 35 30 114 29 59 39
leaf_count=39 52 65 73 20 40 141 22 100 35 30 114 29 59 39
internal_value=0.000146019 0.000647952 0.000130868 -0.00178699 0.00239437 -0.00358166 -0.000841346 0.000930851 0.00596591 -0.000943396 0.00452128 0.00121528 0.00791367 0.0034375
internal_weight=863.047 811.047 772.047 418.047 354 348 207 187 87 52 281 143 138 79
internal_count=858 806 767 413 354 348 207 187 87 52 281 143 138 79
is_linear=0
shrinkage=0.05


Tree=40
num_leaves=15
num_cat=0
split_feature=7 13 15 1 8 4 4 2 0 13 15 2 0 8
split_gain=1.90584 2.6132 1.67053 2.17518 1.88102 2.45289 2.90499 1.84908 1.8415 1.74272 2.21529 2.49213 1.49986 1.37008
threshold=5.1500000000000012 3.1448215088556646 -1.1641199999999998 12.116287536430383 23.050000000000004 6.2235599818109852 11.237010184135896 8.4078804299200822 12.99662366452964 3.5239220528833521 -0.43265499999999996 11.984396766813456 14.504858781096404 34.050000000000004
decision_type=2 8 2 2 10 2 2 2 2 8 2 2 2 10
left_child=1 -1 3 -2 5 7 -7 -4 -6 10 -10 -12 -9 -13
right_child=2 -3 4 -5 8 6 -8 12 9 -11 11 13 -14 -15
leaf_value=0.0024351337005916298 -0.0063041999767697206 -0.015444509838878462 0.041512705858943136 0.019216749488457165 -0.045639829362238808 -0.016211561926206455 0.015059328272792173 -0.0009674356144277745 0.044303556821461525 -0.023936979441898321 0.029154265005820457 -0.050123738378760697 0.01356339162075333 0.0037751872221401419
leaf_weight=45 34 62 40.093395233154297 108.04669761657715 24 178 56 56.093395233154297 21 85 24 29 121 22
leaf_count=45 34 62 30 103 24 178 56 46 21 85 24 29 121 22
internal_value=0.00091165 -0.00532407 0.00175314 0.00664935 0.000684737 0.00248791 -0.00106383 0.00630194 -0.0032767 -0.00151099 0.00309278 -0.000986842 0.00405779 -0.00721154
internal_weight=905.233 107 798.233 142.047 656.187 451.187 234 217.187 205 181 96 75 177.093 51
internal_count=880 107 773 137 636 431 234 197 205 181 96 75 167 51
is_linear=0
shrinkage=0.05


Tree=41
num_leaves=15
num_cat=0
split_feature=13 3 15 1 0 13 14 14 13 13 8 15 16 8
split_gain=1.89335 2.09422 1.71603 1.86239 2.26209 1.74839 3.60116 3.16453 2.03873 1.7334 1.64004 1.60896 1.46813 1.3986
threshold=2.42247150652855 13.588352058178069 0.66927500000000018 13.384113149363289 14.625529914404526 3.9169617688349754 1.7259426525888399 2.603711913902647 3.1728514828858168 3.856502663628596 9.7500000000000018 -1.3495649999999999 1.0000000180025095e-35 5.8550000000000013
decision_type=8 2 2 2 2 10 2 2 10 8 8 2 2 10
left_child=-1 2 5 4 -4 7 -7 9 -9 13 -10 -8 -12 -2
right_child=1 -3 3 -5 -6 6 11 8 10 -11 12 -13 -14 -15
leaf_value=0.0076661164334340453 -0.011806559246532828 0.014178542174851995 -0.0083840780326982414 -0.05248252025235714 0.0088974824998232852 -0.010403908177717636 0.05212629777596467 -0.022635641844381185 -0.015400983829896121 0.047048314134142198 -0.00061951046741683948 -0.0023496327742886349 0.036366120887814234 0.013247459701398252
leaf_weight=50 25 57 45.046697616577148 63 26.046697616577148 70.046697616577148 20 130 20 28.046697616577148 44 84 36 194.04669761657715
leaf_count=50 25 57 40 63 21 65 20 130 20 23 44 84 36 189
internal_value=0.000449118 -0.000117207 -0.000793444 -0.00592183 -0.000346772 0.000270137 -0.0040056 0.00183507 -0.00238095 0.00575322 0.0029703 0.00190476 0.00617284 0.00420896
internal_weight=892.233 842.233 785.233 134.093 71.0934 651.14 174.047 477.093 230 247.093 100 104 80 219.047
internal_count=867 817 760 124 61 636 169 467 230 237 100 104 80 214
is_linear=0
shrinkage=0.05


Tree=42
num_leaves=15
num_cat=0
split_feature=15 13 14 15 3 8 8 4 13 13 1 1 3 10
split_gain=2.9368 2.22888 2.77798 2.14335 1.94794 1.74769 1.96039 1.58903 1.55766 1.27431 1.59789 3.60174 1.23412 1.15688
threshold=0.66927500000000018 3.9169617688349754 1.7112479542376613 -0.63385499999999995 9.5002075210304167 5.8550000000000013 27.850000000000005 10.754545178007346 2.6535031187055078 2.8589191732011554 14.770843333182821 16.123334206731318 8.6706560514254818 -0.26932402956675622
decision_type=2 10 2 2 2 10 10 2 8 10 2 2 2 2
left_child=1 4 -3 7 5 -1 -7 -4 -2 10 -6 -12 -10 -8
right_child=8 2 3 -5 9 6 13 -9 12 -11 11 -13 -14 -15
leaf_value=-0.007805706457362044 0.031862626170797805 -0.0090858004670154539 0.016905238310815675 -0.042331545655547247 -0.019564002279656646 0.031806569452455205 0.041224735816225266 -0.002972850404505456 -0.0028094180087532387 0.0069920248044395457 0.026656270612186495 -0.022369244506246 -0.064058537300409585 -0.0060503180916959389
leaf_weight=27 28 72.046697616577148 58 38 52 126.04669761657715 29 26 65.046697616577148 218 34 24 68 36
leaf_count=27 28 67 58 38 52 121 29 26 60 218 34 24 68 36
internal_value=0.000691503 0.00202404 -0.00256947 0.00203252 0.00365813 0.00730971 0.00898827 0.00647059 -0.00540688 0.00121581 -0.00315315 0.00254237 -0.0076553 0.00189394
internal_weight=901.14 740.093 194.047 122 546.047 218.047 191.047 84 161.047 328 110 58 133.047 65
internal_count=886 730 189 122 541 213 186 84 156 328 110 58 128 65
is_linear=0
shrinkage=0.05


Tree=43
num_leaves=15
num_cat=0
split_feature=5 2 7 2 14 1 13 16 9 16 13 13 9 7
split_gain=1.28537 2.93747 1.52535 2.11506 1.63689 2.8757 2.16604 1.60673 1.77807 2.09036 2.38 1.94553 1.52062 1.43189
threshold=8.4353839539398141 14.774840377592506 5.1500000000000012 1.0000000180025095e-35 0.6981668640907871 12.147605239729323 2.4009249020927004 -1.4512249999999998 0.26092512978024796 1.0000000180025095e-35 3.1728514828858168 2.6183073868508173 -0.25881904510252113 6.2500000000000009
decision_type=2 2 2 2 2 2 8 2 2 2 10 8 2 2
left_child=2 -2 3 -1 5 13 -6 -8 11 10 -10 -9 -5 -4
right_child=1 -3 4 12 6 -7 7 8 9 -11 -12 -13 -14 -15
leaf_value=0.040194481582561128 -0.021323037160805858 0.010789400446288511 0.00032734070848171022 -0.014531855903589925 0.015464158263666561 0.038779448761847968 0.031255448301171752 -0.03046468134645304 0.00040287940902903333 -0.00069691667657184597 -0.059705095179806184 0.0080391801194429346 -0.0049785025759118869 -0.029215215127919567
leaf_weight=23 61 22 52.140092849731445 27 27 67.093395233154297 23 20 20 151 36 275 51 25
leaf_count=23 61 22 37 27 27 57 23 20 20 151 36 275 51 25
internal_value=0.00142244 -0.00446429 0.00204013 -0.00367647 0.0028735 0.00759813 0.00162749 0.000903042 0.000298211 -0.00324519 -0.0114035 0.00278716 -0.00759494 0.000974755
internal_weight=880.233 83 797.233 101 696.233 144.233 552 525 502 207 56 295 78 77.1401
internal_count=855 83 772 101 671 119 552 525 502 207 56 295 78 62
is_linear=0
shrinkage=0.05


Tree=44
num_leaves=15
num_cat=0
split_feature=9 15 2 13 2 8 13 9 9 2 14 13 14 12
split_gain=2.07677 1.5305 1.71854 1.69943 2.70197 1.5586 1.79939 1.51038 1.3849 1.62594 1.49606 1.28315 1.11868 1.00465
threshold=0.9987628127204814 0.66927500000000018 8.4078804299200822 3.9169617688349754 11.862066468840895 5.7500000000000009 3.8539569225446724 0.85034413025525935 0.63605400036818838 14.877540540956074 1.0079905521927708 4.2517113222717953 0.40661190182880841 1.0000000180025095e-35
decision_type=2 2 2 8 2 10 10 2 2 2 2 8 2 10
left_child=1 3 -3 5 12 -1 8 -4 9 13 -10 -6 -5 -7
right_child=-2 2 7 4 11 6 -8 -9 10 -11 -12 -13 -14 -15
leaf_value=-0.012500694954744452 0.016250866425588952 0.014255462128472682 -0.0017997977372317343 -0.013037532697750875 -0.030409620705531326 0.019688878174715565 0.05967218471619138 -0.034458067217736289 0.030235941971896604 0.036530513209273162 -0.011112028223186556 0.026109938247942513 -0.010536954879502326 0.0034822903462338518
leaf_weight=42 20 33.046697616577148 110 26 40 60 26.046697616577148 29.046697616577148 33.046697616577148 23 98 69 74 230
leaf_count=42 20 28 110 26 40 60 21 24 28 23 98 69 74 230
internal_value=0.00112377 0.000757487 -0.00346634 0.00176893 -0.00202381 0.00331779 0.00414426 -0.00589923 0.00337306 0.00517516 -0.000937794 0.00340909 -0.00792079 0.00412371
internal_weight=913.187 893.187 172.093 721.093 209 512.093 470.093 139.047 444.047 313 131.047 109 100 290
internal_count=893 873 162 711 209 502 460 134 439 313 126 109 100 290
is_linear=0
shrinkage=0.05


Tree=45
num_leaves=15
num_cat=0
split_feature=15 14 8 5 2 0 4 7 10 13 14 2 7 14
split_gain=1.72298 2.67277 1.82087 2.13801 2.20043 1.54921 2.04955 2.11525 1.41393 2.38087 1.32929 1.28089 1.22481 1.82184
threshold=-0.17237999999999995 0.066363802351930415 20.950000000000003 8.4353839539398141 9.9146615386188923 14.901640119333409 9.4649603676337026 5.4500000000000011 0.77018921561974973 3.776547213639899 1.7259426525888399 15.177045225538324 6.4500000000000011 1.8194822783761773
decision_type=2 2 10 2 2 2 2 2 2 8 2 2 2 2
left_child=2 -2 3 4 -1 12 7 -7 9 -6 -11 -4 13 -3
right_child=1 5 11 -5 8 6 -8 -9 -10 10 -12 -13 -14 -15
leaf_value=-0.004099255753018549 0.033575023961909138 -0.0010820923500017943 -0.0064001243544060228 -0.023186467007019096 0.03406987368191574 -0.038321090596303287 -0.028316412531393144 0.010743969311861036 0.028401403047686891 -0.0087080114283445195 0.0035176081350522638 0.013784396890630914 0.0034132839745223188 -0.061903678181530711
leaf_weight=47 54.093395233154297 89.046697616577148 187 39 74.046697616577148 27 58 118 34.046697616577148 27 40 21 34 50
leaf_count=47 44 84 187 39 69 27 58 118 29 27 40 21 34 50
internal_value=0.000198284 -0.00208478 0.00229175 0.00506436 0.00695823 -0.00358355 -0.000612745 0.00256849 0.00952526 0.00722416 0.000367647 -0.00119617 -0.00704505 -0.00911244
internal_weight=899.233 430.14 469.093 261.093 222.093 376.047 203 145 175.093 141.047 67 208 173.047 139.047
internal_count=874 415 459 251 212 371 203 145 165 136 67 208 168 134
is_linear=0
shrinkage=0.05


Tree=46
num_leaves=15
num_cat=0
split_feature=15 0 10 13 7 10 0 13 1 1 13 5 16 13
split_gain=1.66628 2.46008 2.16325 1.95988 2.27918 1.45206 1.4717 3.38623 1.73271 1.56368 1.4432 1.5965 1.30642 1.27434
threshold=-0.30803999999999992 12.367589927607527 0.77018921561974973 3.7533414652925909 6.0100000000000007 0.23766552919915279 14.708757025235846 3.3408376412471035 14.6958320328954 13.161978831478747 3.2455565837304303 5.7062624254307925 0.10701500000000001 3.1941859788175644
decision_type=2 2 2 8 2 2 2 10 2 2 10 2 2 10
left_child=2 -2 3 4 -1 6 7 9 -8 -3 11 -6 -7 -4
right_child=1 5 13 -5 10 12 8 -9 -10 -11 -12 -13 -14 -15
leaf_value=0.02186847977096168 -0.0098821830836078022 0.032271895638407509 0.0028388025551703056 -0.0057123959028973492 0.0020374397247850894 -0.027466547321452862 0.0092229299483206646 -0.020487479496625952 -0.0026148534224888389 -0.017178697973218006 0.01387124840629852 -0.043482469794250404 -0.0014222321921789406 0.017040717229883363
leaf_weight=54 40.046697616577148 31 32 149 51 70 83.046697616577148 30 48 23 62 27 110 56
leaf_count=54 35 31 32 149 51 70 78 30 48 23 62 27 110 56
internal_value=0.000403647 -0.00177714 0.00260417 0.000799419 0.00410256 -0.000565167 0.002204 -0.00294118 0.00549932 0.00454545 0.00070922 -0.00379747 -0.0038674 0.00955056
internal_weight=866.093 435.093 431 343 194 395.047 215.047 84 131.047 54 140 78 180 88
internal_count=856 425 431 343 194 390 210 84 126 54 140 78 180 88
is_linear=0
shrinkage=0.05


Tree=47
num_leaves=15
num_cat=0
split_feature=13 15 13 13 2 14 13 2 15 14 10 0 3 9
split_gain=1.90311 2.4887 2.32743 1.99702 1.91954 1.37974 2.2976 1.8421 1.38545 1.61441 1.29645 1.27435 1.57812 1.21171
threshold=2.4531326585235829 0.66927500000000018 4.0015463738906556 4.3017043013746052 8.4078804299200822 1.0079905521927708 2.6183073868508173 14.157160347758618 0.29282500000000006 0.10274084263876529 0.89783339391592787 15.518001826312297 11.506272323559278 0.85034413025525935
decision_type=8 2 8 10 2 2 10 2 2 2 2 2 2 2
left_child=-1 2 5 11 -3 8 -7 -8 9 -2 -5 -4 -13 -6
right_child=1 4 3 10 13 6 7 -9 -10 -11 -12 12 -14 -15
leaf_value=0.011395186049300643 -0.0079892882819767586 0.025955289001968807 -0.017914369199477819 0.0024353822496761771 -0.016145531064221032 -0.02552726453875085 0.0011542200017374716 0.01468618898131311 0.037612550979063603 0.016654486972846994 -0.0031998809847268456 0.0065717632986359133 -0.060877913056423962 -0.030192970151241862
leaf_weight=51 39 31.046697616577148 44 87 95 20 281 52 32 60 20.046697616577148 26 21 28.046697616577148
leaf_count=51 39 26 44 87 95 20 281 52 32 60 15 26 21 23
internal_value=0.000814998 0.000237514 0.00153552 -0.00302023 -0.00548057 0.00340206 0.00176554 0.00276946 0.00776515 0.00475 0.00160887 -0.00842391 -0.00260417 -0.00827243
internal_weight=887.14 836.14 682.047 198.047 154.093 484 353 333 131 99 107.047 91 47 123.047
internal_count=872 821 677 193 144 484 353 333 131 99 102 91 47 118
is_linear=0
shrinkage=0.05


Tree=48
num_leaves=15
num_cat=0
split_feature=1 15 1 0 10 10 9 0 15 10 14 7 13 14
split_gain=1.15769 3.98979 2.55107 3.6198 2.4797 1.83126 1.72067 1.51788 1.36945 1.3368 1.88389 1.1412 1.2311 1.04715
threshold=12.147605239729323 0.12538500000000002 13.436840398038727 13.191239033605482 0.61221145216718942 -0.70710678118654757 0.58411063003844077 13.844281654504199 -1.2924149999999999 -0.78524965087410281 0.79340990612664786 7.3500000000000005 2.4009249020927004 1.0838075382501009
decision_type=2 2 2 2 2 2 2 2 2 2 2 2 8 2
left_child=1 7 3 -2 9 -4 -3 -1 -7 -5 -11 12 -10 -14
right_child=2 6 5 4 -6 8 -8 -9 11 10 -12 -13 13 -15
leaf_value=-0.0081321139322982385 -0.027254983601680084 -0.0011195097043971371 0.0036911718853530843 -0.0073872539191031433 0.032313195089885727 0.010362874940640943 0.037995436607514636 -0.012131887851191032 0.0040302461799670564 0.031418269370672852 0.0012984460079290662 0.013878903390062369 0.0059512534090202466 -0.015277188189475167
leaf_weight=77 34 38 152 32 37 40 30.093395233154297 25.046697616577148 22 42.093395233154297 45 41 41 237
leaf_count=77 34 38 152 32 37 40 20 20 22 32 45 41 41 237
internal_value=0.000199615 -0.00349908 0.00107353 0.00603022 0.00924504 -0.000702247 0.00582306 -0.00971567 -0.00255236 0.00564007 0.00882399 -0.00358187 -0.00465116 -0.00555556
internal_weight=893.233 170.14 723.093 190.093 156.093 533 68.0934 102.047 381 119.093 87.0934 341 300 278
internal_count=868 155 713 180 146 533 58 97 381 109 77 341 300 278
is_linear=0
shrinkage=0.05


Tree=49
num_leaves=15
num_cat=0
split_feature=7 9 5 8 13 9 15 13 13 3 13 14 5 13
split_gain=1.66215 1.71633 1.5405 1.56738 2.30869 2.79199 2.07992 1.72871 2.26865 2.06943 1.52899 1.5171 1.81848 1.48778
threshold=5.1500000000000012 0.9987628127204814 8.6963666640987309 22.900000000000002 3.6612753964181159 0.36040299391450087 -0.30803999999999992 2.4531326585235829 2.8888307077117577 10.273469583031011 2.9040801778212955 6.2130501690608897 11.707232685832698 4.0015463738906556
decision_type=2 2 2 10 8 2 2 10 10 2 8 2 2 10
left_child=10 2 3 7 5 -5 -7 -2 -9 13 -1 -4 -13 -10
right_child=1 -3 11 4 -6 6 -8 8 9 -11 -12 12 -14 -15
leaf_value=0.0072065801457625207 0.025818081631860324 0.015827289540758294 -0.065175776405433886 0.0074591196389680817 -0.022064595485622385 -0.00065499082716238279 -0.042775321734476894 -0.012399025547765242 0.0062951802428254646 0.016830771665379163 -0.010612375471228447 0.0093079820256556593 -0.0097403352912388119 -0.0011047782919827664
leaf_weight=20 42 24 30 110 80 38 21 56 161.14009284973145 112 99 31 20 64.046697616577148
leaf_count=20 42 24 30 110 80 38 21 56 146 112 99 31 20 59
internal_value=0.000274971 0.00110733 0.000685212 0.00145946 -0.0017 0.00161765 -0.00708333 0.00326695 0.00221976 0.00377011 -0.00520833 -0.00579268 -0.000480769 0.000994753
internal_weight=908.187 789.187 765.187 684.187 249 169 59 435.187 393.187 337.187 119 81 51 225.187
internal_count=888 769 745 664 249 169 59 415 373 317 119 81 51 205
is_linear=0
shrinkage=0.05


Tree=50
num_leaves=15
num_cat=0
split_feature=7 4 2 9 2 2 8 12 10 10 1 7 10 3
split_gain=1.76376 2.67976 1.5703 1.30031 1.18208 2.28994 1.06314 2.30976 0.894144 1.60534 1.59309 2.08097 1.28538 1.21439
threshold=5.1500000000000012 1.0000000180025095e-35 9.5129043380772824 0.97813828947363146 11.31382237470188 1.0000000180025095e-35 22.900000000000002 2.5000000000000004 -0.061027619725079495 -0.30063423966707692 16.266958089139994 5.8500000000000005 0.026175951569891321 9.7959997757652673
decision_type=2 2 2 2 2 2 10 10 2 2 2 2 2 2
left_child=4 3 -3 6 5 -1 -2 -8 9 13 11 -10 -13 -4
right_child=1 2 8 -5 -6 -7 7 -9 10 -11 -12 12 -14 -15
leaf_value=0.027425829940619484 0.025031430973176824 -0.030877806868930116 0.0041620525415156651 -0.003686691026483602 0.00057025047740559835 -0.016175518561653262 0.0057987647544002208 -0.036086260119356589 -0.028050622411627469 -0.030485204105365839 -0.018631063395922444 0.012906969958657389 0.0059211309668536051 -0.0068935813901893628
leaf_weight=24 152.0933952331543 34 47 20.046697616577148 35 57 95 21 46 25 22 24 148 144
leaf_count=24 142 34 47 15 35 57 95 21 46 25 22 24 148 144
internal_value=0.000168876 0.00102827 -0.001222 0.00484598 -0.00555556 -0.00884146 0.00576876 0.00213675 -0.000437637 -0.00276498 0.00165975 0.00296804 0.00549133 -0.00117188
internal_weight=894.14 778.14 490 288.14 116 81 268.093 116 456 216 240 218 172 191
internal_count=879 763 490 273 116 81 258 116 456 216 240 218 172 191
is_linear=0
shrinkage=0.05


Tree=51
num_leaves=15
num_cat=0
split_feature=1 15 2 1 7 13 13 0 1 14 7 2 1 14
split_gain=1.82549 3.45276 3.59605 2.7781 2.3031 2.06509 1.61447 1.53105 1.67641 1.44602 2.10091 1.43258 1.23793 1.52137
threshold=12.147605239729323 -1.1641199999999998 8.1729710232723694 11.885105159201204 5.3500000000000005 2.42247150652855 2.5921133604243618 14.455119669859839 13.027969886460342 2.5482486921942873 7.4500000000000011 11.31382237470188 13.11862387723953 1.6154667750703615
decision_type=2 2 2 2 2 8 8 2 2 2 2 2 2 2
left_child=3 -2 -3 -1 7 -6 -7 8 -4 12 11 -11 -8 -14
right_child=1 2 4 -5 5 6 9 -9 -10 10 -12 -13 13 -15
leaf_value=-0.00092133892481493129 0.016164904839973619 0.030011369848193189 -0.011865464323586129 -0.030163217473337479 0.011824747579036754 -0.027882775137613815 0.033148613806381365 -0.022313946437698198 0.0029987821851123367 -0.048677327601706649 0.0351429097676784 -0.001152297030016758 -0.0043672353008495871 0.0062416105737378436
leaf_weight=143.14009284973145 106.04669761657715 28.046697616577148 21 30 33 30 42 53 20 22 36 216 61 48
leaf_count=128 101 23 21 30 33 30 42 53 20 22 36 216 61 48
internal_value=0.000422549 0.00153723 8.37374e-05 -0.00417002 -0.00077187 0.000613497 -0.000274123 -0.00789474 -0.000595238 0.000528169 -0.00163636 -0.00334728 0.00444079 0.00159091
internal_weight=889.233 716.093 610.047 173.14 582 488 455 94 41 425 274 238 151 109
internal_count=864 706 605 158 582 488 455 94 41 425 274 238 151 109
is_linear=0
shrinkage=0.05


Tree=52
num_leaves=15
num_cat=0
split_feature=7 2 15 8 10 0 0 9 10 15 1 4 8 3
split_gain=1.94511 2.61411 2.35577 1.21875 1.36957 1.92344 2.05956 2.84624 1.68419 1.61782 2.10494 2.27297 1.6435 1.20542
threshold=5.3500000000000005 1.0000000180025095e-35 0.67486000000000013 66.500000000000014 -0.098016907066150058 13.191239033605482 16.352182391316678 -0.31108447771655195 -0.40273135449887215 -0.52107999999999988 14.373089347844777 4.0766389064824349 16.950000000000003 11.896804857769181
decision_type=2 2 2 8 2 2 2 2 2 2 2 2 10 2
left_child=1 -1 -3 4 8 -6 9 -8 -2 -7 11 -11 -12 -9
right_child=3 2 -4 -5 5 6 7 13 -10 10 12 -13 -14 -15
leaf_value=0.038160490465209862 4.9652026400925925e-05 -0.0035599429031884181 -0.025895734183193093 0.013385196153595414 -0.011001937476416302 0.024922876776549283 0.017838298595345425 -0.020653336218772869 -0.03363843653691425 0.011433863608740859 0.0016524693101011012 -0.031158165647622763 0.022994307658281768 -0.040707055081680557
leaf_weight=33.046697616577148 265 100 34.046697616577148 38 54 99.046697616577148 23 23 47 42 35 47 25 26
leaf_count=28 265 100 29 38 54 94 23 23 47 42 35 47 25 26
internal_value=0.000533736 -0.00431308 -0.00741349 0.00165668 0.0011661 0.00320271 0.00467585 -0.00273973 -0.00127796 0.00683072 0.0035 -0.00138889 0.0106557 -0.0095
internal_weight=891.14 167.093 134.047 724.047 686.047 374.047 320.047 72 312 248.047 149 89 60 49
internal_count=876 157 129 719 681 369 315 72 312 243 149 89 60 49
is_linear=0
shrinkage=0.05


Tree=53
num_leaves=15
num_cat=0
split_feature=13 9 2 10 7 1 13 3 13 15 3 10 13 1
split_gain=1.41352 1.39024 1.36039 1.24557 2.02108 1.82662 1.58112 1.31111 1.6015 1.39636 1.30693 1.17916 1.08799 1.0779
threshold=2.4531326585235829 -0.91527662686299338 12.553593453303575 0.26512974748379775 5.8500000000000005 14.233651055557059 4.5201734135869565 7.1119319954218057 2.5624635244952301 -0.72587999999999997 13.738557155961646 -0.16719855485485105 3.6685709561006159 15.408170775064473
decision_type=8 2 2 2 2 2 8 2 10 2 2 2 8 2
left_child=2 11 -1 7 5 -5 13 9 -9 -3 -10 -2 -11 -6
right_child=1 3 -4 4 6 -7 -8 8 10 12 -12 -13 -14 -15
leaf_value=0.039587665377540306 -0.030682858177849617 -0.0053805898088938658 -0.0096834052275687199 -0.0039607704205811651 0.00075520098322492404 -0.03502486042716229 0.023878819075891001 -0.020965965909521246 4.7169425080884068e-05 0.0082867895821588933 0.032890167379751221 -0.0013223392754794895 0.016798004307480019 -0.023909862941704985
leaf_weight=22 26 38 22 86.046697616577148 122 36 28 21 271 56 35 64 26.093395233154297 36
leaf_count=22 26 38 22 81 122 36 28 21 271 56 35 64 16 36
internal_value=0.000254081 -0.000205442 0.00888889 0.000497484 -0.00194523 -0.00691743 0.0013369 0.0021811 0.000533537 0.00662575 0.0014658 -0.00604396 0.0102576 -0.000628931
internal_weight=889.14 845.14 44 755.14 308.047 122.047 186 447.093 327 120.093 306 90 82.0934 158
internal_count=874 830 44 740 303 117 186 437 327 110 306 90 72 158
is_linear=0
shrinkage=0.05


Tree=54
num_leaves=15
num_cat=0
split_feature=0 8 1 15 1 3 13 15 13 15 1 7 1 3
split_gain=1.6536 2.05343 2.21753 1.84282 1.82143 1.62431 1.98922 1.61063 1.57494 1.42783 1.42819 1.40365 1.31749 2.55389
threshold=14.527239206334718 10.65 12.847149248795558 1.0000000180025095e-35 13.027969886460342 9.7959997757652673 3.4282904644093786 -0.43006499999999998 3.8372230591172323 1.0381650000000002 16.631081622174246 6.4500000000000011 16.266958089139994 13.738557155961646
decision_type=2 10 2 2 2 2 8 2 8 2 2 2 2 2
left_child=1 2 3 -1 8 6 -3 -7 -2 10 12 -9 13 -6
right_child=4 5 -4 -5 9 7 -8 11 -10 -11 -12 -13 -14 -15
leaf_value=-0.013916405212934102 0.027012744737690525 0.021606247533621586 0.020048885560483454 -0.00071528189266428441 0.00088183387918043814 0.0015648971833190585 -0.0020829867537374815 -0.071165163269573367 -0.02618555719147099 -0.048347636895890791 0.021223541042706143 -0.023433289056716624 -0.013531438421292986 0.037120798608273935
leaf_weight=31.046697616577148 54.093395233154297 79 29 43.093395233154297 347 69 52 31 28 31 21 22 21 33
leaf_count=26 44 79 29 33 347 69 52 31 28 31 21 22 21 33
internal_value=0.00109407 -0.00154328 -0.00745311 -0.0119932 0.00284901 0.000885827 0.00473485 -0.00325203 0.00965582 0.00159692 0.00236407 -0.00972222 0.0016791 0.0023622
internal_weight=891.233 356.14 103.14 74.1401 535.093 253 131 122 82.0934 453 422 53 401 380
internal_count=866 341 88 59 525 253 131 122 72 453 422 53 401 380
is_linear=0
shrinkage=0.05


Tree=55
num_leaves=15
num_cat=0
split_feature=13 14 0 1 13 15 16 3 10 0 2 1 1 0
split_gain=1.79955 1.35486 1.26318 3.06027 2.46858 1.92922 1.92871 1.71748 1.61349 1.34496 1.30804 1.39282 1.19723 1.14251
threshold=2.42247150652855 3.9291655750132652 14.586376657530122 12.983839453513383 3.8372230591172323 0.66927500000000018 0.10701500000000001 7.8083249491672957 -0.71476258798096814 16.158263219713977 14.774840377592506 13.76304014984119 14.902492572906766 14.449487272817015
decision_type=8 2 2 2 8 2 2 2 2 2 2 2 2 2
left_child=1 -1 13 4 -4 6 8 -8 9 -5 11 -10 -7 -2
right_child=2 -3 3 5 -6 12 7 -9 10 -11 -12 -13 -14 -15
leaf_value=0.047240550707282371 -0.00036820558035868258 -0.003968703496448467 0.025662107500805994 -0.00054108370369509995 -0.010381216298548114 -0.001873678936645762 -0.0089508286005205769 0.015738236440268404 0.011648167347890604 0.028958217029361945 0.0061058121945753996 -0.01753731080104548 -0.064821922859358061 -0.020461868723640222
leaf_weight=25 330.14009284973145 21 44.093395233154297 40 28 36 20 75 25 32 22 149 27 24
leaf_count=25 315 21 34 40 28 36 20 75 25 32 22 149 27 24
internal_value=0.00111336 0.0106383 0.000587374 0.00220867 0.0116609 0.00058548 0.00199176 0.00807292 -0.000185874 0.00616438 -0.00253807 -0.004 -0.00742188 -0.00169276
internal_weight=898.233 46 852.233 498.093 72.0934 426 363 95 268 72 196 174 63 354.14
internal_count=873 46 827 488 62 426 363 95 268 72 196 174 63 339
is_linear=0
shrinkage=0.05


Tree=56
num_leaves=15
num_cat=0
split_feature=6 9 10 1 10 14 7 9 14 0 9 2 13 2
split_gain=1.49279 1.46362 1.38316 3.47755 1.7358 1.47837 1.53505 1.55102 1.27526 2.07471 1.18963 1.10964 1.57496 1.02617
threshold=6.2299541685990638 0.9987628127204814 -0.26932402956675622 10.558600911197624 -0.2397582400620111 0.058937518786439401 6.7500000000000009 0.3379038511701401 0.6981668640907871 14.599023630551345 0.86382728211298232 11.894851609888947 3.3533214690922653 11.252355811132036
decision_type=2 2 2 2 2 2 2 2 2 2 2 2 8 2
left_child=1 2 5 -4 -5 -1 7 -7 9 -6 11 12 13 -10
right_child=-2 -3 3 4 8 6 -8 -9 10 -11 -12 -13 -14 -15
leaf_value=0.025583587769608597 -0.014239257816427498 0.013566871543623594 -0.010691870131819233 -0.011812993106831222 -0.00080586984649836388 0.0023950725521025618 0.02770248021844476 -0.010100263274123522 -0.024927349841997494 0.041615050535661155 -0.023918318813146967 0.0047753241654519222 0.0010881600338839893 -0.062359643031649162
leaf_weight=43.093395233154297 35 23 40.046697616577148 39 45 146 85 80 24 41.046697616577148 70 163 41 21
leaf_count=33 35 23 35 39 45 146 85 80 24 36 70 163 41 21
internal_value=0.000950008 0.00136552 0.00101567 -0.000721511 0.000564362 0.00338597 0.00216346 0 0.00154211 0.00690626 7.8125e-05 0.0017 -0.00287356 -0.00923913
internal_weight=896.187 861.187 838.187 484.093 444.047 354.093 311 226 405.047 86.0467 319 249 86 45
internal_count=876 841 818 474 439 344 311 226 400 81 319 249 86 45
is_linear=0
shrinkage=0.05


Tree=57
num_leaves=15
num_cat=0
split_feature=7 13 2 4 7 10 15 13 13 2 9 7 9 4
split_gain=2.42497 2.14402 1.90896 1.05285 1.80203 1.74242 1.70868 1.60298 1.42504 1.26239 2.38224 1.25871 1.45855 1.0495
threshold=5.1500000000000012 3.1448215088556646 10.264910927332334 3.1567740231385479 6.1500000000000012 0.85713466239780911 0.17533000000000001 4.2656043041208509 2.9544034639620675 12.752947822785275 -0.043619387365336666 6.0100000000000007 0.81902728346499465 10.183511179599234
decision_type=2 8 2 2 2 2 2 10 10 2 2 2 2 2
left_child=1 -1 -3 7 6 -6 13 8 -2 11 -11 12 -10 -5
right_child=3 2 -4 4 5 -7 -8 -9 9 10 -12 -13 -14 -15
leaf_value=0.0035113061582297878 -0.0040006290535166359 -0.015552808245011974 -0.00059201874019846343 -0.0022646186757510956 0.00054984156418287362 0.01232595279395139 -0.043313529102169679 -0.0028124183707599229 0.0060544281667907597 0.0048107262515210362 -0.034613373806713546 0.0025203020533971945 0.024836295613087114 0.035618598560674335
leaf_weight=44 60 41 25 56 248 60 78 45.046697616577148 68 27 33 55 37.140092849731445 21
leaf_count=44 60 41 25 56 248 60 78 40 68 27 33 55 22 21
internal_value=0.00061426 -0.00630631 -0.0119403 0.00158687 5.38793e-05 0.00226537 -0.00432692 0.00376267 0.00517003 0.00702497 0.000819672 0.0093304 0.0125165 0.000961538
internal_weight=898.187 110 66 788.187 463 308 155 325.187 280.14 220.14 60 160.14 105.14 77
internal_count=878 110 66 768 463 308 155 305 265 205 60 145 90 77
is_linear=0
shrinkage=0.05


Tree=58
num_leaves=15
num_cat=0
split_feature=4 0 7 2 15 13 4 13 13 0 3 3 3 3
split_gain=1.40416 2.4546 1.84139 3.10442 2.10337 1.75557 2.6054 1.75675 1.4906 1.35715 1.17763 1.60441 1.21559 1.68589
threshold=5.7753032659689589 16.650208473852814 5.3500000000000005 1.0000000180025095e-35 0.67486000000000013 2.42247150652855 12.396072387223953 2.6600494875419574 3.4542313369358211 16.950752354844628 9.511888355722272 8.8336059308142882 10.273469583031011 11.532059190776282
decision_type=2 2 2 2 2 8 2 8 8 2 2 2 2 2
left_child=2 5 3 -1 8 -2 7 -7 -5 -3 11 -9 -12 -14
right_child=1 9 -4 4 -6 6 -8 10 -10 -11 12 -13 13 -15
leaf_value=0.042655757124844651 0.0066576298765241406 -0.036672863090309128 0.0064217647308732377 0.0033357408503182917 -0.027243328811417312 -0.059503660323792 0.011107840157760451 -0.0018430404843079895 -0.010150474786187171 -0.025295290506176363 -0.03567961211900527 0.037458136149807177 0.02202529144253608 -0.016303995875754772
leaf_weight=35.046697616577148 26 26 315.0933952331543 48 30 25 41 26 53 35 33 20 69 108
leaf_count=30 26 26 305 48 30 25 41 26 53 35 33 20 69 108
internal_value=0.0012383 -0.000914634 0.00306654 -0.00119028 -0.00473485 0.000716332 -0.000309598 -0.00203901 -0.00122549 -0.0100806 -0.00077821 0.00638298 -0.00236967 -0.000702247
internal_weight=890.14 409 481.14 166.047 131 348 322 281 101 61 256 46 210 177
internal_count=875 409 466 161 131 348 322 281 101 61 256 46 210 177
is_linear=0
shrinkage=0.05


Tree=59
num_leaves=15
num_cat=0
split_feature=7 13 7 4 13 0 0 0 15 8 9 4 0 15
split_gain=1.89077 1.91733 2.31286 1.70303 1.67861 1.67021 2.84947 1.52618 1.31168 1.19961 1.76827 1.8272 1.36357 1.15127
threshold=5.1500000000000012 2.42247150652855 5.2500000000000009 9.6121658508228744 2.6183073868508173 14.586376657530122 15.034519706170739 14.361263411723543 0.67486000000000013 23.550000000000004 0.37662760538417256 8.9596277427398867 16.608240043835483 -0.49454499999999996
decision_type=2 8 2 2 8 2 2 2 2 10 2 2 2 2
left_child=8 3 -3 -2 -4 7 13 -6 -1 12 11 -11 -8 -7
right_child=1 2 4 -5 5 6 9 -9 -10 10 -12 -13 -14 -15
leaf_value=-0.001508762759889848 0.041675847548631323 0.0058716608822894983 -0.012572344083972231 -0.0063949194646638402 -0.0005898191532824449 0.045602803480025211 0.0053028807475097531 -0.0099180238127048667 -0.030821831979209527 0.02039482537830746 -0.03212907594543863 -0.024942780883754168 -0.013317652700674688 0.0099914483222580622
leaf_weight=91 28 38.093395233154297 37 20 214 33.046697616577148 180 35.046697616577148 23 37 39 25 61 45.046697616577148
leaf_count=91 28 28 37 20 214 28 180 30 23 37 39 25 61 40
internal_value=0.000775437 0.00164328 0.0010111 0.0112245 0.000355188 0.000934383 0.00285527 -0.00230424 -0.00521739 0.000874636 -0.00367647 0.0015873 0.00278926 0.0114085
internal_weight=906.233 792.233 744.233 48 706.14 669.14 420.093 249.047 114 342 101 62 241 78.0934
internal_count=881 767 719 48 691 654 410 244 114 342 101 62 241 68
is_linear=0
shrinkage=0.05


Tree=60
num_leaves=15
num_cat=0
split_feature=13 4 9 16 15 0 14 7 8 0 14 0 2 3
split_gain=1.90502 2.09116 1.4876 2.15432 1.56984 1.59528 1.27614 1.72376 2.17489 1.57006 1.37114 1.5508 1.55055 1.33207
threshold=2.4559573733023732 9.5387262101552732 0.9263445426916056 1.0000000180025095e-35 -0.30803999999999992 14.395140689944201 2.6270969435730076 4.9500000000000011 21.350000000000005 15.370692859332076 0.57747096615578541 14.690149592381074 12.046553265723789 8.4730319460816848
decision_type=8 2 2 2 2 2 2 2 10 2 2 2 2 2
left_child=1 -1 4 -4 5 -2 7 8 -6 -8 11 -9 13 -12
right_child=2 -3 3 -5 6 -7 9 10 -10 -11 12 -13 -14 -15
leaf_value=0.043640318433516435 -0.0017683702321432057 -0.0079107199362519198 -0.021356337116045045 0.021680620075101142 -0.020576324366113553 0.004006402179391572 -0.046613621303581071 0.00034548523360387054 0.021727127751979991 -0.005651241804518304 -0.027836472167124395 0.020838435285173908 0.024389918752782114 -0.00051614018769251539
leaf_weight=40 141.04669761657715 21 27 77.140092849731445 34 241 59 37 20 74 22 20 23 47
leaf_count=40 136 21 27 62 34 241 59 37 20 74 22 20 23 47
internal_value=0.000822603 0.00927419 0.000185055 0.00573998 -0.000627452 0.00156334 -0.00311573 -0.000612745 -0.00818182 -0.00690299 0.00216667 0.00818966 -0.0016129 -0.00535714
internal_weight=883.187 61 822.187 104.14 718.047 382.047 336 203 54 133 149 57 92 69
internal_count=863 61 802 89 713 377 336 203 54 133 149 57 92 69
is_linear=0
shrinkage=0.05


Tree=61
num_leaves=15
num_cat=0
split_feature=0 10 2 15 2 2 4 9 8 0 8 3 14 10
split_gain=2.423 2.33293 1.2689 1.20686 1.84932 1.7798 1.45211 1.74205 1.76743 1.79254 1.38972 1.4856 1.48104 1.42543
threshold=13.191239033605482 -0.38469719700095517 10.668396338873968 -1.1641199999999998 11.549255986512796 8.1729710232723694 12.307591968606514 0.26092512978024796 8.9500000000000011 15.814719147144968 8.0500000000000025 9.304283979348968 0.40661190182880841 0.86926070542861789
decision_type=2 2 2 2 2 2 2 2 10 2 10 2 2 2
left_child=1 -1 -3 4 -2 -5 7 10 -9 -10 -7 12 -12 -13
right_child=3 2 -4 5 -6 6 -8 8 9 -11 11 13 -14 -15
leaf_value=0.00087507185255990836 -0.0036630785684500736 -0.012252379728719519 -0.0039700789910329659 0.021354401329641934 0.013821024225156754 -0.0066824779656412319 0.023691067711201177 0.0042048476184500692 -0.0026734734502802671 -0.037506670765455399 -0.0021190666692191607 -0.0055494633560416954 0.022026786848406178 0.01009364749934516
leaf_weight=67 27 53.046697616577148 34 45.046697616577148 77.046697616577148 60 34 49 118.04669761657715 60 21 126 78 33
leaf_count=67 27 48 34 40 72 60 34 49 113 60 21 126 78 33
internal_value=0.000509518 -0.00516727 -0.010519 0.00171595 0.00667482 0.000879869 0.000127287 -0.000505758 -0.00384205 -0.00615017 0.00188088 0.0034749 0.00825 0.00046875
internal_weight=882.187 154.047 87.0467 728.14 104.047 624.093 579.047 545.047 227.047 178.047 318 258 99 159
internal_count=862 149 82 713 99 614 574 540 222 173 318 258 99 159
is_linear=0
shrinkage=0.05


Tree=62
num_leaves=15
num_cat=0
split_feature=0 0 0 0 13 0 7 2 13 2 7 10 0 8
split_gain=1.1745 2.29801 1.6227 1.68803 1.51513 1.46032 1.32823 1.32366 1.27877 1.58875 1.47768 1.22066 1.04919 1.52084
threshold=13.967506422254475 9.7611967763516159 13.844281654504199 13.175294908959181 3.2192265350867006 12.270442365115466 5.4500000000000011 11.831305910057027 3.9013430581749602 8.6059762669598978 7.1500000000000012 -0.70710678118654757 15.518001826312297 12.450000000000001
decision_type=2 2 2 2 10 2 2 2 8 2 2 2 2 10
left_child=1 -1 3 4 6 -6 -3 -5 9 -2 11 -10 -13 -14
right_child=8 2 -4 7 5 -7 -8 -9 10 -11 -12 12 13 -15
leaf_value=0.035790941387584936 0.033550330594591983 -0.0066924802472328017 -0.020011406993881698 0.019397908850823334 0.00362629842279652 -0.0020965040375553975 -0.027770400281424881 -0.0093383655641709803 0.00044872364318166439 0.0023312610965999241 0.020664277027070965 -0.013412724296507049 0.0031299621515936682 -0.032386420932893067
leaf_weight=31.046697616577148 29 21 21 48 35 38.046697616577148 43 24 59 413.04669761657715 21 45.046697616577148 25 30
leaf_count=26 29 21 21 48 35 33 43 24 59 408 21 40 25 30
internal_value=0.000424119 -0.00238465 -0.00411678 -0.00274304 -0.0059847 -0.00102864 -0.0115385 0.00342466 0.0016049 0.00304972 -0.00193965 -0.0036 -0.00693904 -0.00223214
internal_weight=883.187 261.093 230.047 209.047 137.047 73.0467 64 72 622.093 442.047 180.047 159.047 100.047 55
internal_count=863 251 225 204 132 68 64 72 612 437 175 154 95 55
is_linear=0
shrinkage=0.05


Tree=63
num_leaves=15
num_cat=0
split_feature=13 13 8 3 2 1 15 8 13 15 1 1 15 15
split_gain=1.72637 2.80281 1.85651 2.49169 1.54328 1.66488 1.59293 2.65258 1.91379 1.50492 1.45268 2.28715 1.43668 1.3745
threshold=3.999297778463514 4.1138350622584694 17.955000000000002 12.43156782706953 7.9277271140429937 12.281341017959948 -0.52107999999999988 22.900000000000002 3.4968108626794572 -0.83455499999999994 15.430374933573537 14.360009529583502 -0.17237999999999995 -0.11977499999999999
decision_type=8 8 10 2 2 2 2 10 10 2 2 2 2 2
left_child=4 -2 12 -4 5 -1 8 -8 9 -6 11 13 -3 -9
right_child=1 2 3 -5 6 -7 7 10 -10 -11 -12 -13 -14 -15
leaf_value=0.0021848857371618889 -0.036685997188205963 0.017314900410976653 -0.029532227365227471 0.016694435721667934 -0.0013325626201290187 0.01958403687282714 0.0038224915887008493 -0.012953811859879018 0.022583628507902988 0.013454459502564742 -0.030406178799276741 0.020209577327758677 -0.021192694645725541 -0.023308401980612403
leaf_weight=54.046697616577148 31 87 42 20 86 27.046697616577148 275 27 64.046697616577148 27 22 34 23 51
leaf_count=49 31 87 42 20 86 22 275 27 59 27 22 34 23 51
internal_value=0.00120934 -0.00281863 -0.000289017 -0.00714286 0.00243737 0.00885985 0.00153509 -0.000182927 0.00548265 0.00153509 -0.00592593 -0.00353982 0.0036036 -0.00822785
internal_weight=870.14 203 172 62 667.14 81.0934 586.047 409 177.047 113 134 112 110 78
internal_count=855 203 172 62 652 71 581 409 172 113 134 112 110 78
is_linear=0
shrinkage=0.05


Tree=64
num_leaves=15
num_cat=0
split_feature=2 3 3 1 13 8 1 0 2 4 4 0 8 0
split_gain=1.74595 1.69195 1.42864 1.22643 1.7204 2.00934 1.51503 3.10451 1.3191 1.21895 1.45532 1.21847 1.59387 2.82276
threshold=14.233988297575522 12.050945517639123 12.216771807975368 15.085851522352518 3.8967886388235606 6.6500000000000012 13.418431681898726 13.967506422254475 11.575179329836422 11.069763655070963 8.0295956805110347 12.870146433785068 12.850000000000003 14.901640119333409
decision_type=2 2 2 2 8 10 2 2 2 2 2 2 10 2
left_child=1 3 -3 4 5 -1 7 -7 -9 10 -4 -6 13 -13
right_child=-2 2 9 -5 11 6 -8 8 -10 -11 -12 12 -14 -15
leaf_value=-0.0071443059811904693 0.0040827596160280645 -0.029884374335716581 -0.00093436686424227535 0.01127968562124111 0.0041890579441906722 -0.00013828692326629534 -0.0010757418720066304 0.018389490894419578 0.038021805459278808 0.0025440262660313632 -0.064837867166177121 -0.0062494173365219667 -0.026516975971593117 0.013921381748362794
leaf_weight=50 97 21 29 70 25 128 174 80.046697616577148 28.046697616577148 44 34 29.046697616577148 47 29
leaf_count=50 97 21 29 70 25 128 174 75 23 44 34 24 47 29
internal_value=0.000593775 -0.000188601 -0.00542636 0.000833662 8.65572e-05 0.00152319 0.00268147 0.00528203 0.0114795 -0.00300926 -0.00742188 -0.00496897 -0.00731911 -0.00171335
internal_weight=885.14 788.14 128 660.14 590.14 460.093 410.093 236.093 108.093 107 63 130.047 105.047 58.0467
internal_count=870 773 128 645 575 450 400 226 98 107 63 125 100 53
is_linear=0
shrinkage=0.05


Tree=65
num_leaves=15
num_cat=0
split_feature=0 13 10 2 2 5 7 1 13 4 1 1 7 4
split_gain=1.45383 1.73054 2.43862 2.54548 2.31843 1.68106 1.83485 2.23722 1.6554 2.86158 2.28033 1.43906 1.41375 1.20838
threshold=13.175294908959181 3.2886163120488097 -0.26932402956675622 10.381818389358836 8.5339892966668902 8.4353839539398141 5.7500000000000009 12.495892286663802 3.5239220528833521 4.297262267176281 12.147605239729323 15.713707227497345 6.5500000000000007 7.8166859451125568
decision_type=2 10 2 2 2 2 2 2 8 2 2 2 2 2
left_child=1 4 -3 -4 -1 6 7 -2 9 -8 -10 -12 -7 -11
right_child=5 2 3 -5 -6 12 8 -9 10 13 11 -13 -14 -15
leaf_value=0.0026228394786118382 0.0098987829728431221 0.022477604774457486 -0.002975722158859826 0.020521242034606813 -0.034340454780248386 -0.070018272345225618 0.036732627383457353 -0.0028422334465650679 -0.014389336126214548 -0.0066186574949040683 0.01633188020771521 -0.022146432159592569 -0.0019513638372826493 0.016831399607208586
leaf_weight=24 41.046697616577148 37.046697616577148 25.046697616577148 22 50 22 42.046697616577148 209 29 38 140 37 55 113
leaf_count=24 36 32 20 22 50 22 37 209 29 38 140 37 55 113
internal_value=0.00118883 -0.00314281 0.00176277 -0.0057479 -0.00866667 0.00213499 0.0029647 -0.000393682 0.00506483 0.00838029 0.00193237 0.00407303 -0.00480769 0.00509868
internal_weight=884.187 158.093 84.0934 47.0467 74 726.093 649.093 250.047 399.047 193.047 206 177 77 151
internal_count=864 148 74 42 74 716 639 245 394 188 206 177 77 151
is_linear=0
shrinkage=0.05


Tree=66
num_leaves=15
num_cat=0
split_feature=8 0 14 9 7 10 10 14 15 15 13 13 1 1
split_gain=1.28798 1.4793 1.47764 3.14653 1.61477 1.46519 1.46689 1.35356 1.38453 1.09205 0.955191 0.886659 0.875786 1.26841
threshold=51.70000000000001 13.191239033605482 0.6981668640907871 0.88396761516098465 5.1500000000000012 -0.26932402956675622 0.13052619222005152 1.6154667750703615 -1.2924149999999999 0.17533000000000001 3.2912581272669157 3.6025798466659689 14.573125865372893 13.724504567118538
decision_type=8 2 2 2 2 2 2 2 2 2 10 8 2 2
left_child=1 5 3 4 9 10 -7 12 -9 -3 -1 -6 13 -4
right_child=-2 2 7 -5 11 6 -8 8 -10 -11 -12 -13 -14 -15
leaf_value=-0.01534419276617628 0.0087518323909892507 0.000206672457517465 -0.0073356517121547227 0.023890831863228646 0.024828361064628646 -0.0033906012435666686 -0.0077592737439896031 0.022349442148480437 0.00022902193747774692 -0.025299537231948145 0.021111337418063911 0.00023111977276611963 0.003545119773638028 -0.047917379037437528
leaf_weight=35 49 26 47 31.093395233154297 33 29.046697616577148 54 43 399 22 38.046697616577148 31 25 29
leaf_count=35 49 26 47 21 33 24 54 43 399 22 33 31 25 29
internal_value=0.000703143 0.000239964 0.00124049 0.00574166 0.00176991 -0.00413767 -0.00864005 4.59559e-05 0.00124153 -0.00510204 0.00102864 0.00692308 -0.00514706 -0.00779221
internal_weight=891.187 842.187 686.093 143.093 112 156.093 83.0467 543 442 48 73.0467 64 101 76
internal_count=871 822 676 133 112 146 78 543 442 48 68 64 101 76
is_linear=0
shrinkage=0.05


Tree=67
num_leaves=15
num_cat=0
split_feature=0 2 9 7 16 7 3 9 7 9 9 9 7 9
split_gain=1.73575 1.48434 2.05251 1.40764 2.35305 1.28324 2.13557 1.48434 1.37127 1.17212 1.41841 1.15562 1.04635 1.04134
threshold=14.567778328442321 12.985123067727056 -0.5 5.3500000000000005 0.10701500000000001 5.3500000000000005 7.3140645629450898 0.25881904510252091 5.8500000000000005 0.87567323142345177 0.70864607840491656 0.86382728211298232 5.0500000000000007 -0.13701201561689438
decision_type=2 2 2 2 2 2 2 2 2 2 2 2 2 2
left_child=1 2 -1 4 -4 7 8 12 -7 10 -8 -12 -2 -10
right_child=5 -3 3 -5 -6 6 9 -9 13 -11 11 -13 -14 -15
leaf_value=-0.010913178362917731 0.0013599334706809185 0.0024270083383970409 0.042287727727923635 -0.0020328817090398826 -0.00053124800737612522 0.027015464830869858 0.0016373432622515784 -0.038716377079513954 0.034792406057983248 -0.016342945437300183 0.053960502825903214 0.0014899161615476442 -0.006849381521125953 -0.0022714606225330948
leaf_weight=79 24 52 31.046697616577148 158.04669761657715 49.046697616577148 25.093395233154297 288 21 26 53 21 23 20 27
leaf_count=79 24 52 26 153 44 15 288 21 26 53 21 23 20 27
internal_value=0.000530115 -0.00209696 -0.00338268 -0.00105029 0.00431601 0.00236694 0.00329101 -0.00416667 0.0107763 0.0017487 0.00285285 0.0111111 0.00111111 0.00601852
internal_weight=897.233 369.14 317.14 238.14 80.0934 528.093 463.093 65 78.0934 385 332 44 44 53
internal_count=872 354 302 223 70 518 453 65 68 385 332 44 44 53
is_linear=0
shrinkage=0.05


Tree=68
num_leaves=15
num_cat=0
split_feature=2 5 5 0 16 9 4 4 9 16 8 14 14 0
split_gain=1.34033 1.27549 1.94781 1.43848 2.05311 2.58416 1.31618 1.2187 1.15086 1.89392 2.10332 1.22176 2.47792 1.19938
threshold=14.233988297575522 8.4353839539398141 10.401204088936487 13.191239033605482 0.10701500000000001 -0.2079097116483111 3.1567740231385479 12.791815863704359 0.3379038511701401 0.10701500000000001 8.9500000000000011 3.1143248453633996 0.92970044758352532 15.772079058790217
decision_type=2 2 2 2 2 2 2 2 2 2 10 2 2 2
left_child=1 3 -3 4 5 -1 -7 -2 13 -10 -11 12 -12 -5
right_child=7 2 -4 8 -6 6 -8 -9 9 10 11 -13 -14 -15
leaf_value=-0.014714612745449301 0.0039423155960813805 -0.050117565411701918 0.0022297870869279592 9.455375402932509e-05 -0.018660089597961078 0.040894819430871934 -0.00061294379715860498 -0.010836239606731614 -0.0053899081594166722 0.035479191060151627 0.0034141902419231513 0.01050211912223651 -0.020768194915319945 0.015954204397099683
leaf_weight=36 81 34 21 245 54.046697616577148 25.046697616577148 31 21 140.04669761657715 26 37.046697616577148 20 33 109
leaf_count=36 81 34 21 245 49 20 31 21 135 26 32 20 33 109
internal_value=-0.000519587 -0.00120046 -0.00848214 -0.000660339 -0.0050988 -0.000524818 0.00615579 0.00485437 0.000409103 -0.0021393 0.00257305 -0.00108552 -0.00420614 0.00225352
internal_weight=913.187 811.187 55 756.187 146.093 92.0467 56.0467 102 610.093 256.093 116.047 90.0467 70.0467 354
internal_count=893 791 55 736 136 87 51 102 600 246 111 85 65 354
is_linear=0
shrinkage=0.05


Tree=69
num_leaves=15
num_cat=0
split_feature=14 5 16 5 13 15 13 8 14 1 12 9 7 9
split_gain=1.57702 2.79245 1.2217 1.29898 1.16496 1.53886 3.19124 1.41173 1.203 1.56228 1.19933 1.69687 1.64158 1.22593
threshold=6.2130501690608897 8.4353839539398141 1.0000000180025095e-35 9.9877063377013187 4.0015463738906556 0.66927500000000018 3.6685709561006159 5.7500000000000009 2.2966142907457834 10.899713039261618 2.5000000000000004 -0.70710678118654735 6.0100000000000007 0.38469719700095528
decision_type=2 2 2 2 8 2 10 10 2 2 8 2 2 2
left_child=1 4 -2 -4 5 7 -7 -1 9 -9 -6 -12 13 -13
right_child=2 -3 3 -5 10 6 -8 8 -10 -11 11 12 -14 -15
leaf_value=-0.0051147185955046637 0.027763974975792662 -0.049504927332714034 -0.020633076823702412 0.0077818283416199565 -0.025920796083592858 -0.019922231796900936 0.0016868600137669443 -0.0049959698101696981 0.00053210772710872163 0.016832196634945836 -0.021094696506861268 0.0004942265772918897 0.021028086100427657 -0.0029207116357389592
leaf_weight=33 28 33 22 37 36 126 26.093395233154297 25 216 178.04669761657715 30 32 63 32.046697616577148
leaf_count=33 28 33 22 37 36 126 16 25 216 173 30 32 63 27
internal_value=0.000737687 6.2964e-05 0.00710227 0.00291667 0.000660666 0.00174092 -0.00259753 0.00320313 0.00399043 0.00674437 -0.00271155 -0.000798292 0.00174805 -0.00386134
internal_weight=917.187 830.187 87 59 797.187 604.14 152.093 452.047 419.047 203.047 193.047 157.047 127.047 64.0467
internal_count=897 810 87 59 777 589 142 447 414 198 188 152 122 59
is_linear=0
shrinkage=0.05


Tree=70
num_leaves=15
num_cat=0
split_feature=1 7 7 15 7 5 10 2 0 13 15 1 1 3
split_gain=1.31472 2.18929 1.83442 1.83441 1.96103 1.73087 1.46909 1.413 1.38432 2.65062 1.77385 1.49853 1.16936 1.15232
threshold=11.608527579552712 6.5500000000000007 5.1500000000000012 -1.1641199999999998 6.5500000000000007 6.4276013140866484 -0.45397321317242106 12.553593453303575 15.097653762633401 3.2891799922809661 0.63776500000000014 13.384113149363289 14.360009529583502 12.166576137550491
decision_type=2 2 2 2 2 2 2 2 2 8 2 2 2 2
left_child=1 2 -1 -2 5 8 13 -7 9 10 -5 -10 -13 -6
right_child=3 -3 -4 4 6 7 -8 -9 11 -11 -12 12 -14 -15
leaf_value=-0.0023281897042699562 0.0051302217749762628 -0.003394251202615467 0.015516819986085917 0.016174536127500916 0.045581839890777666 -0.06340777059802559 -0.00124465663071347 -0.03108153197068049 0.016710412333167345 -0.010153026286628718 -0.0044012450367069359 -0.0032199753323181703 0.0010066957063286641 0.002205451549421289
leaf_weight=23 108 32 68.093395233154297 41 35 25 116 20 32 120.04669761657715 63 42 111 42
leaf_count=23 108 32 58 41 35 25 116 20 32 115 63 42 111 42
internal_value=0.000285697 0.00505534 0.00898365 -0.000497545 -0.00150632 -0.00329893 0.00270619 -0.0125 -0.00225869 -0.00489306 0.000952381 0.00094086 -0.00113636 0.00801282
internal_weight=878.14 123.093 91.0934 755.047 647.047 454.047 193 45 409.047 224.047 104 185 153 77
internal_count=863 113 81 750 642 449 193 45 404 219 104 185 153 77
is_linear=0
shrinkage=0.05


Tree=71
num_leaves=15
num_cat=0
split_feature=7 10 14 7 0 0 14 9 0 0 3 16 8 14
split_gain=1.7709 2.23112 2.09998 2.08529 2.07317 2.4204 1.40147 1.27166 2.18493 1.49279 1.6289 1.37778 1.25223 1.12646
threshold=5.3500000000000005 -0.19722537325836093 0.066363802351930415 5.5500000000000007 14.567778328442321 14.702380794808269 2.0502562784215468 -0.31108447771655195 16.128161472794346 16.608240043835483 13.738557155961646 0.10701500000000001 43.250000000000007 0.19462885221396517
decision_type=2 2 2 2 2 2 2 2 2 2 2 2 8 2
left_child=1 2 -1 6 12 -6 -2 8 11 10 -9 -7 13 -5
right_child=3 -3 -4 4 5 7 -8 9 -10 -11 -12 -13 -14 -15
leaf_value=0.035457957536475584 0.014751750683971599 -0.010984633280597685 -0.0067424297419872549 0.0019181766366801467 0.031231514527142786 -0.0059873728595425174 -0.0033574010234177056 -0.00061002008908539462 0.02059098172873939 -0.02456252344787755 0.027686766503924432 0.026500760619448439 0.0024883741763490619 -0.0048761358638749431
leaf_weight=30.046697616577148 47.046697616577148 78.046697616577148 68 27 26.046697616577148 51 28 187 57 54 20 37 25 180.04669761657715
leaf_count=25 42 73 68 27 21 51 28 187 57 54 20 37 25 175
internal_value=-2.60114e-05 -0.00451739 0.000516599 0.00104868 0.000150355 0.00219645 0.00889148 0.0012285 0.00496575 -0.000858779 0.00108173 0 -0.00365235 -0.00493239
internal_weight=915.233 176.093 98.0467 739.14 664.093 432.047 75.0467 406 145 261 207 88 232.047 207.047
internal_count=890 166 93 724 654 427 70 406 145 261 207 88 227 202
is_linear=0
shrinkage=0.05


Tree=72
num_leaves=15
num_cat=0
split_feature=8 7 0 0 8 11 5 13 5 7 7 8 8 13
split_gain=1.79213 2.56195 1.53781 1.37201 1.16314 2.00266 1.12362 2.141 2.03549 1.93969 1.25636 1.14501 1.12314 1.90813
threshold=20.950000000000003 4.7500000000000009 12.754631328093431 12.163456112193478 48.800000000000004 1.0000000180025095e-35 8.4353839539398141 2.4531326585235829 9.8426782322207114 6.1500000000000012 5.9500000000000011 11.950000000000001 36.600000000000009 3.1847201767061821
decision_type=10 2 2 2 10 2 2 10 2 2 2 10 10 8
left_child=1 -1 3 -3 12 -6 7 -4 -8 10 -9 -12 -2 -14
right_child=4 2 6 -5 5 -7 8 9 -10 -11 11 -13 13 -15
leaf_value=-0.012653695744942229 -0.0031804032286400722 0.013222312279982591 0.033326668996102003 0.0047076203090283195 0.015233126869454461 -0.024949820892058751 -0.052737866017993573 0.00014381161529208875 0.0016125288906275071 0.015616640463746523 -0.00033497461699890101 -0.047750759757645339 -0.03735551231047838 -0.012791851772377806
leaf_weight=29 201 41.046697616577148 37 22.046697616577148 40 22 29 193.0933952331543 37 133 23 21 22 37
leaf_count=29 201 36 37 17 40 22 29 183 37 133 23 21 22 37
internal_value=3.0776e-05 0.00172617 0.00251744 0.00978782 -0.00294118 0.0031746 0.00152923 0.00251168 -0.00447761 0.00134737 -0.00136501 -0.00888889 -0.00440613 -0.0104167
internal_weight=887.187 565.187 536.187 63.0934 322 62 473.093 407.093 66 370.093 237.093 44 260 59
internal_count=867 545 516 53 322 62 463 397 66 360 227 44 260 59
is_linear=0
shrinkage=0.05


Tree=73
num_leaves=15
num_cat=0
split_feature=7 13 3 13 13 7 10 15 0 3 8 1 10 10
split_gain=1.45302 3.06043 1.66782 2.15099 1.90926 2.78426 1.35504 1.28834 1.78471 3.76428 2.54385 2.49615 2.2849 1.30967
threshold=4.9500000000000011 2.9544034639620675 7.0237422035941366 4.1892910396700271 3.1847201767061821 5.8500000000000005 0.99826323448960796 -0.63385499999999995 15.472996339817792 10.686057322204698 12.450000000000001 12.639941056452558 -0.74599345851644794 0.83025359242879293
decision_type=2 10 2 10 8 2 2 2 2 2 10 2 2 2
left_child=1 -1 3 4 -2 -6 7 8 9 12 -10 -11 -4 -9
right_child=2 -3 6 -5 5 -7 -8 13 10 11 -12 -13 -14 -15
leaf_value=0.033683084742035276 -0.00211493183402659 -0.018282008745413626 0.0034588690242897571 -0.00066120450956457444 0.013940052015544152 0.0076011505360811587 0.011410190664325293 -0.0012521680586619289 0.01186933236059008 -0.0029154348296551282 -0.018355119504177699 0.032279628296831391 -0.0096433307793532767 -0.027581037307149805
leaf_weight=22 46 52 26 41.046697616577148 60.186790466308594 45 25 310 43 22 67 61 38 62
leaf_count=22 46 52 26 36 40 45 25 310 43 22 67 61 38 62
internal_value=3.80177e-06 -0.00666667 0.00059429 0.0046757 0.00742292 0.0111094 -0.000610687 -0.00107143 0.00164729 0.00523649 -0.00315315 0.0122024 -0.00384615 -0.00294906
internal_weight=920.233 74 846.233 192.233 151.187 105.187 654 629 257 147 110 83 64 372
internal_count=895 74 821 167 131 85 654 629 257 147 110 83 64 372
is_linear=0
shrinkage=0.05


Tree=74
num_leaves=15
num_cat=0
split_feature=3 16 0 10 7 3 4 3 1 1 12 9 9 16
split_gain=1.97227 1.78037 1.80371 2.73204 1.69084 2.32178 1.93644 1.31985 2.96537 1.85474 1.93781 1.27679 2.65166 1.24086
threshold=13.738557155961646 1.0000000180025095e-35 13.041378880533072 -0.19722537325836093 6.1500000000000012 12.691469342671947 9.7278668062257641 10.360436719220962 13.512443201419904 14.812453390139313 1.5000000000000002 0.91613344851476464 0.37662760538417256 0.10701500000000001
decision_type=2 2 2 2 2 2 2 2 2 2 10 2 2 2
left_child=1 7 3 13 6 -6 11 9 -9 10 -1 12 -4 -3
right_child=-2 2 4 -5 5 -7 -8 8 -10 -11 -12 -13 -14 -15
leaf_value=-0.006695054622723318 0.020006930055047879 0.0062676126666000795 0.0021004063312505708 -0.010705102776748196 0.016525668126247738 -0.003462380873022153 -0.044638841850854406 0.027802493014841369 -0.02170088368738711 0.011948178939983879 -0.023381028783119331 0.012663835177522072 -0.0015496460780052752 -0.017367908308142943
leaf_weight=31 61 37.046697616577148 174 53.046697616577148 152 41 20 30 79 22 43 47.093395233154297 78.046697616577148 28
leaf_count=31 61 32 174 48 152 41 20 30 79 22 43 37 73 28
internal_value=0.000670023 3.1292e-05 0.00134842 -0.00419839 0.00263314 0.00631443 0.000394101 -0.00400485 -0.000227273 -0.00824742 -0.012 0.0014199 -4.61354e-06 0.00266732
internal_weight=896.233 835.233 630.233 118.093 512.14 193 319.14 205 109 96 74 299.14 252.047 65.0467
internal_count=871 810 605 108 497 193 304 205 109 96 74 284 247 60
is_linear=0
shrinkage=0.05


Tree=75
num_leaves=15
num_cat=0
split_feature=6 9 9 0 12 14 2 14 2 8 10 0 10 15
split_gain=1.08439 1.08715 1.05762 2.74828 3.45352 1.81758 1.91572 1.6951 1.65021 1.52931 1.34451 1.14745 1.11364 0.953032
threshold=6.2299541685990638 0.9987628127204814 0.26092512978024796 12.792548993907984 1.5000000000000002 0.11421325523412328 7.0341528613734576 2.2966142907457834 13.593151323725015 8.9500000000000011 -0.98868868691483869 16.128161472794346 -0.0043632677491870896 -0.014779999999999998
decision_type=2 2 2 2 10 2 2 2 2 10 2 2 2 2
left_child=1 2 5 -4 9 6 12 11 -6 -5 -9 -7 -1 -11
right_child=-2 -3 3 4 8 7 -8 10 -10 13 -12 -13 -14 -15
leaf_value=0.0067428423217391065 -0.01571181137781388 0.0099259163479296537 0.024230103605045145 0.020842861822443215 -0.020032693874360283 0.0011238935377040572 -0.0094267504690056028 -0.018560422310950352 0.0031400584147147415 0.0020268875677507125 0.0003602510029070416 0.024682023487633865 -0.027724273308591219 -0.018728210730758078
leaf_weight=21 32 22 40.046697616577148 29 96.046697616577148 149 23 23 25 71 229 34 21 68
leaf_count=21 32 22 35 29 91 149 23 23 25 71 229 34 21 68
internal_value=-0.000197943 0.000146698 -0.000150585 -0.00234782 -0.0040551 0.00129741 -0.00643939 0.0024656 -0.0104564 0.000591716 -0.000197628 0.00611413 0 -0.00160714
internal_weight=883.093 851.093 829.093 329.093 289.047 500 65 435 121.047 168 252 183 42 139
internal_count=873 841 819 319 284 500 65 435 116 168 252 183 42 139
is_linear=0
shrinkage=0.05


Tree=76
num_leaves=15
num_cat=0
split_feature=9 0 0 15 9 10 10 0 13 2 15 13 2 10
split_gain=1.54188 1.38615 1.97695 1.88795 1.71998 1.57043 2.05088 1.70005 1.29398 1.28733 2.99203 1.16049 1.1408 1.31704
threshold=0.99998096153208571 14.567778328442321 14.449487272817015 -1.2924149999999999 -0.96703673333358797 -0.47715421805211583 0.96648588260150581 15.748715777478411 2.5624635244952301 12.822365808406436 -0.49454499999999996 4.1892910396700271 1.0000000180025095e-35 0.64445579466475189
decision_type=2 2 2 2 2 2 2 2 8 2 2 10 2 2
left_child=1 2 12 -3 -5 11 7 9 -9 10 -7 -6 -1 -14
right_child=-2 3 -4 4 5 6 -8 8 -10 -11 -12 -13 13 -15
leaf_value=0.03345646596693324 0.0090680432977555455 0.021843881182443514 -0.016150500556644621 0.026659984885155575 0.0070292447944825922 0.024495907220958596 0.018697599306810298 0.0013041864542743253 -0.02855112304322624 -0.017053980008953629 -0.0034868740037401705 -0.018554165080785501 -0.0014754000458051127 0.00066481463773386822
leaf_weight=35.046697616577148 20 38 26 27 159 22.046697616577148 26 21 95 34 58 32 223.04669761657715 76
leaf_count=30 20 38 26 27 159 17 26 21 95 34 58 32 218 76
internal_value=0.000897023 0.000573983 -0.00180009 0.00224379 0.00137074 0.000616381 -0.00194063 -0.00345745 -0.00769231 0.00087936 0.0043329 0.00403646 -0.000746061 -0.00175362
internal_weight=892.14 872.14 360.093 512.047 474.047 447.047 256.047 230.047 116 114.047 80.0467 191 334.093 299.047
internal_count=877 857 350 507 469 442 251 225 116 109 75 191 324 294
is_linear=0
shrinkage=0.05


Tree=77
num_leaves=15
num_cat=0
split_feature=10 13 8 9 0 10 9 2 1 12 14 3 2 0
split_gain=1.54157 2.36627 1.401 1.75003 1.74594 2.38814 1.72968 1.53345 1.3424 1.19198 1.30549 1.14006 1.14394 1.11912
threshold=0.71473537162315115 4.0140358132587517 41.20000000000001 0.9879684941784509 14.527239206334718 -0.26932402956675622 0.3379038511701401 10.798838630635503 11.248608894151623 1.5000000000000002 2.6728005134358335 9.304283979348968 11.65824633693274 14.015221205518571
decision_type=2 8 10 2 2 2 2 2 2 10 2 2 2 2
left_child=2 13 3 4 5 8 7 -6 -1 10 -7 12 -9 -2
right_child=1 -3 -4 -5 6 9 -8 11 -10 -11 -12 -13 -14 -15
leaf_value=0.01874782143533256 -0.0087153445103201003 0.0059951372928610108 -0.0058400489460870954 0.0050294704353823771 -0.0033566964833993355 -0.0025541806753587751 -0.0012614990042878916 0.00036315243958606747 -0.004999536430372032 -0.0054386967409750658 -0.032384081479678861 0.00561340113775507 0.035143085998372292 0.00069372799121916187
leaf_weight=32.046697616577148 42 43.046697616577148 65 30 37 42 148 20 98 38.046697616577148 28 117 21 106
leaf_count=27 42 38 65 30 37 42 148 20 98 33 28 117 21 106
internal_value=8.77363e-05 0.00404156 -0.00103383 -0.000285904 -0.000901917 -0.00418247 0.00138081 0.00446429 0.000390452 -0.00963961 -0.0056338 0.00660377 0.0136905 0.00100671
internal_weight=867.14 191.047 676.093 611.093 581.093 238.093 343 195 130.047 108.047 70 158 41 148
internal_count=852 186 666 601 571 228 343 195 125 103 70 158 41 148
is_linear=0
shrinkage=0.05


Tree=78
num_leaves=15
num_cat=0
split_feature=0 10 3 2 9 13 9 9 7 8 9 8 8 9
split_gain=1.8545 2.18408 1.68274 1.5944 1.07983 1.33295 1.20199 1.754 1.19223 1.07861 0.96986 0.914587 1.38438 2.27385
threshold=13.041378880533072 -0.19722537325836093 7.3140645629450898 10.031649736380759 0.99250835852519903 2.3612734380892113 0.36040299391450087 0.19291292491168835 6.3500000000000005 44.45000000000001 0.70088257582277269 39.20000000000001 10.250000000000002 1.0000000180025095e-35
decision_type=2 2 2 2 2 8 2 2 2 10 2 10 10 2
left_child=1 10 11 -3 5 -4 7 9 -8 -7 -1 12 -2 -14
right_child=2 3 4 -5 -6 6 8 -9 -10 -11 -12 -13 13 -15
leaf_value=-0.0013079522965851577 -0.0021119926806739187 -0.011710761263994007 0.0038992723632864769 -0.011644391833549867 0.0063462274326920205 -4.8207555333734667e-05 -0.014001498694824911 0.029007763767954643 -0.00062769324783065186 -0.010184190084950107 0.016262058289998736 -0.024301499839515597 6.824809857679526e-05 0.012959352122973319
leaf_weight=59 51 36.046697616577148 29 33 21 247 115 33 89 20 20.046697616577148 26 43 64.093395233154297
leaf_count=59 51 31 29 33 21 247 115 33 89 20 15 26 43 54
internal_value=-0.000279158 -0.00536576 0.000747314 -0.0117945 -0.000630631 -0.00107678 -0.00168317 0.000332226 -0.00463415 -0.00102612 0.000326902 0.00487502 0.00630029 0.00950414
internal_weight=886.187 148.093 738.093 69.0467 554 533 504 300 204 267 79.0467 184.093 158.093 107.093
internal_count=866 138 728 64 554 533 504 300 204 267 74 174 148 97
is_linear=0
shrinkage=0.05


Tree=79
num_leaves=15
num_cat=0
split_feature=8 6 5 7 5 1 2 2 1 15 14 14 15 1
split_gain=1.19452 0.971265 0.841938 0.822937 2.17544 1.67206 2.32649 2.05775 1.49566 1.71409 1.70072 1.4729 1.74721 1.35922
threshold=66.500000000000014 3.4299385993688372 10.257654921792545 6.1500000000000012 5.8442286787023843 12.631510329845616 11.374111380597908 9.0965767664003732 14.573125865372893 -0.92700999999999989 3.8185078831563648 0.040000831862220171 0.11731000000000001 14.872388405899644
decision_type=8 2 2 2 2 2 2 2 2 2 2 2 2 2
left_child=1 3 -3 4 11 6 7 -5 9 -7 -11 12 -1 -10
right_child=-2 2 -4 5 -6 8 -8 -9 13 10 -12 -13 -14 -15
leaf_value=-0.0042644742674434691 0.01650610170122474 -0.020395429527931719 -0.00039360121825864351 -0.026462895761856356 -0.038580786244903333 0.020719411101527065 -0.033466993158013124 0.017204518495565837 -0.018642305547211847 0.031916708902025186 -0.015178338773143486 -0.00053640705947663773 0.019194197929983697 0.0049505345307358176
leaf_weight=25 33 23 22 22 23 32 22 41 26 44 37 382.04669761657715 34.093395233154297 117
leaf_count=25 33 23 22 22 23 32 22 41 26 44 37 377 24 117
internal_value=0.000368909 1.37162e-06 -0.00706522 0.000404604 -0.000964941 0.00226608 -0.00377907 0.00117188 0.00428016 0.00855263 0.00457317 -0.000166989 0.00711118 0.000868056
internal_weight=883.14 850.14 45 805.14 464.14 341 85 63 256 113 81 441.14 59.0934 143
internal_count=868 835 45 790 449 341 85 63 256 113 81 426 49 143
is_linear=0
shrinkage=0.05


Tree=80
num_leaves=15
num_cat=0
split_feature=9 9 13 15 15 3 13 13 0 10 8 0 0 0
split_gain=1.46001 1.36895 1.3283 1.03962 1.97046 2.06017 1.09848 1.102 1.06913 1.36982 1.26166 1.17637 1.07997 0.956184
threshold=0.9987628127204814 0.97813828947363146 2.4670511503686972 0.66927500000000018 0.70259000000000016 6.5822274828246474 4.0015463738906556 4.2213565905370141 15.084980169461302 0.49240481012316867 12.230000000000002 15.837749150289197 14.891758960504887 14.567778328442321
decision_type=2 2 8 2 2 2 8 8 2 2 10 2 2 2
left_child=1 2 -1 6 -5 -6 8 -8 12 -10 -11 -12 13 -4
right_child=-2 -3 3 4 5 -7 7 -9 9 10 11 -13 -14 -15
leaf_value=0.0022260918626147543 0.008072676592437867 -0.00089444284136537587 -3.9501963037159079e-05 -0.030260788160559528 0.011106068923083903 -0.016266413878110866 -0.012757690972698466 -0.00033819785843541914 0.02031547669014229 0.0021610693670780948 0.0015926032822811687 -0.048824259145079998 -0.024757666345008023 0.027490549412535665
leaf_weight=61 22 23.046697616577148 226.04669761657715 28 26.046697616577148 75 47 153.04669761657715 120 22 22 20 26 37.046697616577148
leaf_count=61 22 18 221 28 21 75 47 148 120 22 22 20 26 32
internal_value=0.000606189 0.000283091 0.000610209 6.5159e-05 -0.00402803 -0.000723517 0.00085467 -0.00224409 0.00216695 0.00513514 -0.000769231 -0.00581395 0.000266586 0.00123947
internal_weight=908.233 886.233 863.187 802.187 129.047 101.047 673.14 200.047 473.093 184 64 42 289.093 263.093
internal_count=883 861 843 782 124 96 658 195 463 184 64 42 279 253
is_linear=0
shrinkage=0.05


Tree=81
num_leaves=15
num_cat=0
split_feature=1 14 15 10 0 10 4 16 0 7 16 7 2 1
split_gain=2.98817 1.58064 1.40938 1.66557 1.58263 2.18584 1.53863 1.36913 1.22638 1.17347 1.01295 1.68683 1.03661 1.70006
threshold=10.35830946619498 0.066363802351930415 -0.30803999999999992 1.0000000180025095e-35 16.352182391316678 -0.45397321317242106 8.7100424666969705 0.10701500000000001 11.375040743560087 5.1500000000000012 1.0000000180025095e-35 6.8500000000000005 11.936077351529015 13.436840398038727
decision_type=2 2 2 2 2 2 2 2 2 2 2 2 2 2
left_child=8 9 3 4 5 -3 -6 -5 -1 -2 11 -4 -12 -14
right_child=1 2 10 7 6 -7 -8 -9 -10 -11 12 -13 13 -15
leaf_value=-0.0098821326589182638 0.00021700384558940856 3.1761145379610724e-05 -0.05836464872783198 0.0021893681527486277 0.024110554076809398 -0.027467081807739935 -0.00091530641821924164 0.019968199209190008 -0.015077175749145076 0.012576468138359977 -0.005125095610984765 0.0106961280718332 0.012433516150968283 0.00012846460467377251
leaf_weight=28 24 137 35 169.0933952331543 27 36 24 32 26.046697616577148 23.046697616577148 173 28 22 107
leaf_count=28 24 137 35 159 27 36 24 32 21 18 173 28 22 107
internal_value=0.000364273 0.00110503 0.000568833 0.00252292 -0.000444444 -0.00272989 0.00721154 0.00581414 -0.010921 0.00991051 -0.00170765 -0.00742188 -0.00049505 0.00288462
internal_weight=891.187 837.14 790.093 425.093 224 173 51 201.093 54.0467 47.0467 365 63 302 129
internal_count=871 822 780 415 224 173 51 191 49 42 365 63 302 129
is_linear=0
shrinkage=0.05


Tree=82
num_leaves=15
num_cat=0
split_feature=10 13 3 13 1 7 9 2 14 13 1 14 2 13
split_gain=0.941651 1.19723 1.37244 2.01746 2.37999 1.58047 1.5517 2.13281 1.50286 1.31835 1.28452 1.17987 1.70982 1.62319
threshold=0.96648588260150581 3.9749746138079063 7.0237422035941366 3.7937825868612669 12.147605239729323 4.8500000000000005 0.26092512978024796 12.316634059573948 0.6173310126210505 3.1941859788175644 12.296305439178973 1.3502083319372586 11.210599421575576 4.2571344728507414
decision_type=2 8 2 10 2 2 2 2 2 10 2 2 2 8
left_child=1 2 3 4 -1 -6 7 10 -7 -9 -4 12 -3 -13
right_child=-2 11 6 -5 5 8 -8 9 -10 -11 -12 13 -14 -15
leaf_value=-0.0044790915679612684 0.011985204163857822 -0.0044275886510393549 0.016247419660987635 0.01823510727410459 -0.0027918766301149203 0.026448264034345616 -0.0049340689883302204 0.0011196789836628086 0.0065927980306353723 0.024748814435825883 -0.003015058518338143 -0.018100183448454345 -0.0028876817112824587 0.0097940600366994771
leaf_weight=62 40 49 27 35.093395233154297 27 42.046697616577148 206 62 32 62 105 48 21.046697616577148 89
leaf_count=62 40 49 27 25 27 37 206 62 32 62 105 48 16 89
internal_value=0.00113119 0.000780172 0.00182034 0.00529026 0.00290263 0.007606 0.000323974 0.00291829 0.0113418 0.0076 -0.00150376 -0.00252908 -0.00775782 0.000181159
internal_weight=907.187 867.187 660.14 198.14 163.047 101.047 462 256 74.0467 124 132 207.047 70.0467 137
internal_count=887 847 645 183 158 96 462 256 69 124 132 202 65 137
is_linear=0
shrinkage=0.05


Tree=83
num_leaves=15
num_cat=0
split_feature=15 0 4 5 0 15 8 2 9 3 2 0 1 14
split_gain=1.51995 1.51174 1.51725 1.6153 1.35379 2.27317 1.69199 1.25148 1.41385 1.21115 1.64143 1.24133 1.00959 1.69597
threshold=-1.1641199999999998 17.338963445597322 12.396072387223953 8.4353839539398141 13.087248067100068 0.67486000000000013 21.950000000000003 8.1729710232723694 -0.22069533414098394 4.4686749241336967 10.208616888283409 16.461559314070588 15.292885503081896 4.612811713112591
decision_type=2 2 2 2 2 2 10 2 2 2 2 2 2 2
left_child=-1 2 3 4 5 6 -2 -6 -9 -10 -11 12 13 -12
right_child=1 -3 -4 -5 7 -7 -8 8 9 10 11 -13 -14 -15
leaf_value=0.0024412647817628375 0.019663740610803171 0.013144414840221786 0.015064441302562948 -0.029721138901650668 0.0095946428840416043 -0.02864348571195955 -0.017221645395696549 0.0015886980788109907 -0.0015520953187175149 0.020094194694712211 -0.00081585118940027403 -0.040879735774418495 -0.026778384891564012 0.010740193763334372
leaf_weight=157.04669761657715 43.046697616577148 29 38 37 43.046697616577148 22.046697616577148 46 202 44.046697616577148 30 139 31 27 22
leaf_count=152 38 29 38 37 38 17 46 202 39 30 139 31 27 22
internal_value=0.000769471 -0.000165741 -0.00062053 -0.00116417 -0.000576757 -0.00557571 -0.00193047 0.000463742 -0.000254346 -0.00246957 -0.0011 -0.00261364 -0.0010582 0.000462963
internal_weight=910.233 753.187 724.187 686.187 649.187 111.093 89.0467 538.093 495.047 293.047 249 219 188 161
internal_count=885 733 704 666 629 101 84 528 490 288 249 219 188 161
is_linear=0
shrinkage=0.05


Tree=84
num_leaves=15
num_cat=0
split_feature=8 9 13 0 13 8 15 14 0 13 3 0 2 7
split_gain=1.26422 1.8037 1.64417 1.59535 2.47887 2.3336 1.88837 2.13805 1.62245 1.74884 1.49285 1.44196 2.08835 1.39129
threshold=12.450000000000001 0.74311652879956314 3.4968108626794572 15.523471602466001 4.0015463738906556 14.450000000000001 -0.49454499999999996 0.92970044758352532 15.881433124049691 2.9679125553228172 3.7494348669884658 14.901640119333409 11.936077351529015 5.7500000000000009
decision_type=8 2 8 2 10 10 2 2 2 8 2 2 2 2
left_child=1 11 -3 5 8 -2 10 -8 -5 -10 -7 12 -1 -9
right_child=3 2 -4 4 -6 6 7 13 9 -11 -12 -13 -14 -15
leaf_value=-0.0061358034955057003 0.022950857922094892 -0.009687854861884438 0.0043331326336126467 -0.011505188268753153 -0.02377337739769847 -0.0049908969635620529 0.0028062742786761912 -0.026016108047497745 -0.0069451701073020237 0.012762189525785584 0.0066999853458579398 -0.00025020620096314342 0.018954975048270331 -0.0046276946889470703
leaf_weight=83.046697616577148 46.046697616577148 34 61.093395233154297 33 32 22 75.046697616577148 34 35 79 115 122 23 81
leaf_count=78 41 34 51 33 32 22 70 34 35 79 115 122 23 81
internal_value=0.00117378 -0.00130756 0.00444708 0.00262584 -0.00125 0.00448373 0.0029757 -0.000255605 0.00152027 0.00434783 0.00742754 -0.00371613 -0.00795137 -0.00452586
internal_weight=875.233 323.14 95.0934 552.093 179 373.093 327.047 190.047 147 114 137 228.047 106.047 115
internal_count=850 308 85 542 179 363 322 185 147 114 137 223 101 115
is_linear=0
shrinkage=0.05


Tree=85
num_leaves=15
num_cat=0
split_feature=1 0 13 15 7 5 13 1 1 15 0 10 0 10
split_gain=0.985302 0.997088 3.00337 2.11965 1.23132 2.06328 1.81632 1.82975 1.97341 1.73413 1.46427 1.39678 1.54846 1.2094
threshold=9.4244954428784684 12.99662366452964 3.2192265350867006 -0.17237999999999995 6.1500000000000012 6.2552561362850385 3.8967886388235606 12.399207883348884 12.116287536430383 0.66927500000000018 16.429227772376176 -0.62758608479379874 14.995108575913395 -0.97533303595258414
decision_type=2 2 8 2 2 2 10 2 2 2 2 2 2 2
left_child=-1 2 -2 -4 5 6 7 8 -3 10 -9 -11 -13 -6
right_child=1 4 3 -5 13 -7 -8 9 -10 11 -12 12 -14 -15
leaf_value=0.0015932868820657199 -0.022246365187272216 -0.00057310635876360876 0.02366364345361055 -0.0078936855353800139 -0.020255772523139971 -0.03953270121290986 -0.00078324096207125929 0.00091196718634194433 0.016192484479249258 -0.048817787322730857 0.023595157689897284 -0.027062454155312523 0.0050022843995107596 0.0049654282640102521
leaf_weight=47.093395233154297 53 27 37 30 21 22 81.046697616577148 167 25.093395233154297 21 21 22 23 315
leaf_count=37 53 27 37 30 21 22 76 167 15 21 21 22 23 315
internal_value=0.000879843 0.000492031 -0.00371901 0.00330882 0.00117427 -0.000667656 0.000196237 0.00196141 0.0104031 0.000196078 0.0026455 -0.00671642 -0.00163043 0.00341246
internal_weight=912.233 865.14 120 67 745.14 409.14 387.14 306.093 52.0934 254 188 66 45 336
internal_count=887 850 120 67 730 394 372 296 42 254 188 66 45 336
is_linear=0
shrinkage=0.05


Tree=86
num_leaves=15
num_cat=0
split_feature=7 8 10 6 8 9 9 15 8 13 8 2 0 0
split_gain=1.55695 1.15512 1.16266 1.07186 1.29896 1.36201 1.15526 1.08173 1.3784 1.3555 1.27492 1.16498 0.901282 0.825467
threshold=5.1500000000000012 27.050000000000004 -0.71476258798096814 4.4337841666032221 23.350000000000005 0.97813828947363146 -0.95134567273905335 -0.30803999999999992 31.250000000000004 3.7533414652925909 39.95000000000001 11.374111380597908 14.015221205518571 15.25892845892823
decision_type=2 10 2 2 10 2 2 2 10 8 10 2 2 2
left_child=1 2 -1 4 5 13 -6 9 -9 11 -11 -8 -13 -2
right_child=3 -3 -4 -5 6 -7 7 8 -10 10 -12 12 -14 -15
leaf_value=0.00071154541782523237 0.00010263124478216463 0.0061492795953272568 -0.011923941491796403 -0.0047746779878509397 -0.021781855665837558 0.0039022970390708289 0.019075444944359334 -0.028583313351618324 -0.0032313864399006356 -0.020095493971150891 0.0046219603374847212 -0.014065662189587658 0.0085806368434356191 0.007921685302553572
leaf_weight=24 220.04669761657715 27 61 42 25 35.046697616577148 23 24 47 24 20 23 64 218
leaf_count=24 215 27 61 42 25 30 23 24 47 24 20 23 64 218
internal_value=0.00105608 -0.00442478 -0.00726744 0.00186313 0.00231646 0.00385438 -0.00059761 0.000553097 -0.00451389 0.00290323 -0.00444444 0.00585586 0.003125 0.0030775
internal_weight=877.093 112 85 765.093 723.093 473.093 250 225 71 154 44 110 87 438.047
internal_count=867 112 85 755 713 463 250 225 71 154 44 110 87 433
is_linear=0
shrinkage=0.05


Tree=87
num_leaves=15
num_cat=0
split_feature=3 3 7 8 9 1 13 1 16 2 2 0 0 3
split_gain=1.49198 1.32967 1.27883 2.50135 2.3853 1.59741 1.2601 1.57319 1.21875 1.05704 1.00638 0.91726 1.17489 1.09164
threshold=7.2301797797801095 13.738557155961646 5.1500000000000012 11.950000000000001 0.85034413025525935 9.8805729048818609 2.4559573733023732 11.005113196168786 1.0000000180025095e-35 7.5105154820682332 9.7329153499248715 17.11723693720484 16.650208473852814 12.812308260613626
decision_type=2 2 2 10 2 2 8 2 2 2 2 2 2 2
left_child=2 6 3 -1 5 -4 -2 -8 -3 -5 -9 12 13 -12
right_child=1 8 4 9 -6 -7 7 10 -10 -11 11 -13 -14 -15
leaf_value=-0.0086528634035174974 0.0033477535304346608 0.029440882659129742 -0.023805974161648393 0.031953727365474464 0.011896386745653242 0.0069064856741449469 0.022417529101407152 -0.049659148110931764 0.00074093250823521479 5.2831044108442304e-05 -0.00032534114184630259 0.013601066724471611 -0.028302482020383712 -0.020210895057423531
leaf_weight=44 36 23 20 22 51.186790466308594 101 25 21 45 29 385 26 33 51
leaf_count=44 36 23 20 22 31 101 25 21 45 29 385 26 33 51
internal_value=0.00126444 -3.86997e-05 0.00439869 -0.000260417 0.0069559 0.00307377 -0.000821799 -0.00142989 0.00652174 0.00721154 -0.00203095 -0.0015625 -0.00207447 -0.001373
internal_weight=912.187 645 267.187 95 172.187 121 577 541 68 51 516 495 469 436
internal_count=892 645 247 95 152 121 577 541 68 51 516 495 469 436
is_linear=0
shrinkage=0.05


Tree=88
num_leaves=15
num_cat=0
split_feature=13 14 2 9 1 14 5 5 0 9 9 14 2 14
split_gain=1.1961 1.47957 1.42641 1.51524 2.75422 2.84038 2.16974 1.20747 1.18259 2.15293 1.43431 1.06963 1.20415 1.03928
threshold=2.4559573733023732 3.9291655750132652 15.177045225538324 0.74311652879956314 13.341274780779612 4.9765557835231879 7.0341670346143408 9.9877063377013187 16.146562078170792 0.26092512978024796 -0.70710678118654735 1.034682545779831 12.772286994570377 1.6154667750703615
decision_type=8 2 2 2 2 2 2 2 2 2 2 2 2 2
left_child=1 -1 3 6 -5 -6 8 -8 10 -10 11 -2 -13 -12
right_child=2 -3 -4 4 5 -7 7 -9 9 -11 13 12 -14 -15
leaf_value=0.022695884554993162 -0.0017316924547050362 -0.00032006003927844697 0.013156693705659084 0.0074617430564000477 -0.0068166021347398024 0.0240697637666922 -0.050639610864820189 -0.00034717052409776188 0.010124996940346265 -0.026143602931166222 -0.00044066097716940019 -0.022113375116489788 -0.0065787210874806773 0.0048749430604368097
leaf_weight=34 53 22 32 96.186790466308594 73 27 41 25 73 26 148.04669761657715 42 28 190
leaf_count=34 53 22 32 76 73 27 41 25 73 26 143 42 28 190
internal_value=0.000881774 0.00789474 0.00041334 4.25435e-06 0.00382718 -0.0019802 -0.00119794 -0.00970149 -0.000180319 0.00475 -0.00124699 -0.00584677 -0.00985915 0.000438974
internal_weight=910.233 56 854.233 822.233 196.187 100 626.047 66 560.047 99 461.047 123 70 338.047
internal_count=885 56 829 797 176 100 621 66 555 99 456 123 70 333
is_linear=0
shrinkage=0.05


Tree=89
num_leaves=15
num_cat=0
split_feature=1 0 1 8 11 14 3 1 0 13 13 1 0 7
split_gain=1.68162 1.4249 1.13433 1.15231 1.799 1.5848 1.41127 2.78677 1.24456 1.92906 1.25791 1.1858 1.06531 0.998631
threshold=9.9532426738528574 12.270442365115466 11.005113196168786 40.760000000000005 1.0000000180025095e-35 0.048652343132513279 13.386376171953069 15.713707227497345 12.97344749778412 3.3845171494617481 2.3971430428195508 14.994734515709192 13.303345755345559 4.9500000000000011
decision_type=2 2 2 10 2 2 2 2 2 8 8 2 2 2
left_child=1 -1 -2 5 11 -4 8 -8 9 -7 -10 -5 -12 -14
right_child=2 -3 3 4 -6 6 7 -9 10 -11 12 -13 13 -15
leaf_value=-0.00047930472645500992 0.019401120229196336 -0.0098638776790880116 0.011742194068619993 -0.006659954299793114 -0.018607399980134911 -0.029767610225760979 0.025175133761683101 -0.0066681999002310205 0.037262052531097448 0.033027620044546895 0.0069726119307786608 0.012306854758477859 -0.0070948223490701848 0.00031541402166637353
leaf_weight=24 34 22.046697616577148 40.046697616577148 28 35 31 34 21 29 20 27 21 36 488.04669761657715
leaf_count=24 34 17 35 28 35 31 34 21 29 20 27 21 36 483
internal_value=0.000674605 -0.00852701 0.00118606 0.000804266 -0.00470588 0.00144732 0.000875002 0.00848214 0.000199617 -0.00721154 0.000862525 0.0015 0.000319117 -0.000188236
internal_weight=890.14 46.0467 844.093 810.093 84 726.093 686.047 55 631.047 51 580.047 49 551.047 524.047
internal_count=875 41 834 800 84 716 681 55 626 51 575 49 546 519
is_linear=0
shrinkage=0.05


Tree=90
num_leaves=15
num_cat=0
split_feature=7 8 10 16 4 1 3 12 3 9 8 8 1 1
split_gain=1.03578 1.8426 1.14127 1.18829 1.38712 1.27536 1.18013 1.39514 1.12494 1.11972 1.70985 0.997867 0.878592 1.61548
threshold=4.7500000000000009 20.950000000000003 0.38268343236508956 0.10701500000000001 8.6514397330618404 13.436840398038727 7.2301797797801095 2.5000000000000004 13.738557155961646 0.26092512978024796 12.230000000000002 16.450000000000003 11.11698721532847 12.555101602764983
decision_type=2 10 2 2 2 2 2 10 2 2 10 10 2 2
left_child=1 -1 6 9 5 -5 7 11 12 10 -4 -2 -8 -14
right_child=2 -3 3 4 -6 -7 8 -9 -10 -11 -12 -13 13 -15
leaf_value=-0.017344241816561978 0.022278379533638801 0.015636375238656863 0.018359929574077873 0.0099386649141638868 0.01490276103280177 -0.016620655455074053 0.023552546555673539 -0.00068207781645630578 0.017443125585792443 -0.0081309181440357894 -0.0022056600747435207 0.002712473355999512 -0.02247557370356798 0.00066346061054630703
leaf_weight=30 56.093395233154297 20 35 46 32 41 20 34 42 71.046697616577148 75 46 51 295
leaf_count=30 46 20 35 46 32 41 20 34 42 66 75 46 51 295
internal_value=5.71614e-05 -0.00686275 0.000474676 -0.00199692 0.001875 -0.00142045 0.00183883 0.00585247 0.000488998 -0.00453822 -0.00135135 0.0087526 -0.000408719 -0.00100865
internal_weight=894.14 50 844.14 300.047 119 87 544.093 136.093 408 181.047 110 102.093 366 346
internal_count=879 50 829 295 119 87 534 126 408 176 110 92 366 346
is_linear=0
shrinkage=0.05


Tree=91
num_leaves=15
num_cat=0
split_feature=7 3 9 2 1 2 1 2 3 13 3 1 16 0
split_gain=0.98988 1.9986 2.2958 1.90927 1.51812 1.41497 1.1937 0.680513 2.1151 1.52437 2.06561 2.75783 1.51802 1.36785
threshold=4.7500000000000009 1.0000000180025095e-35 0.054513334028100477 1.0000000180025095e-35 13.622279155336264 8.369271549049996 13.922990248680849 12.328484596312721 11.835939577868638 3.0790922744843354 11.248128537727821 11.491322867937805 0.10701500000000001 15.820032688096461
decision_type=2 2 2 2 2 2 2 2 2 8 2 2 2 2
left_child=3 2 6 -1 -4 -3 -2 9 -9 13 11 -11 -10 -7
right_child=1 5 4 -5 -6 7 -8 8 12 10 -12 -13 -14 -15
leaf_value=0.014854556476724025 -0.0063628526680845178 -0.005015216335108286 0.020824131850961089 -0.0083222934062094581 -0.00031080310216347051 0.0096514477999623208 0.026499514313974161 0.01161859565746739 -0.0014106453056233371 0.035748002091661728 -0.027162486488730021 -0.00175107455757898 0.0074143438782255716 -0.0042749113338718453
leaf_weight=22 36 24 57.140092849731445 27 20 83 21 104 164 29 38 189 47 37
leaf_count=22 36 24 42 27 20 83 21 104 164 29 38 189 47 37
internal_value=0.000337547 0.000739293 0.00631569 -0.0065 0.0118825 -0.000314246 -0.0012931 0.000108382 0.00181962 -0.00132626 -0.00350195 -0.00159817 -0.00106132 0.00330579
internal_weight=898.14 849.14 134.14 49 77.1401 715 57 691 315 376 256 218 211 120
internal_count=883 834 119 49 62 715 57 691 315 376 256 218 211 120
is_linear=0
shrinkage=0.05


Tree=92
num_leaves=15
num_cat=0
split_feature=10 7 0 10 15 2 3 14 15 10 3 10 9 14
split_gain=1.97669 2.27144 2.22685 1.1777 1.02129 1.20216 1.11562 1.33443 1.09326 1.02124 1.36813 2.03823 1.25232 1.24505
threshold=-0.30063423966707692 5.4500000000000011 11.602223360057605 -0.98868868691483869 -0.83455499999999994 12.61524432852063 5.2544752012255964 1.5059450665228911 -1.1641199999999998 0.91523306216449185 12.012557628632541 -0.098016907066150058 -0.67378604238638873 1.6799638773548569
decision_type=2 2 2 2 2 2 2 2 2 2 2 2 2 2
left_child=2 -2 -1 -4 5 8 -6 -8 -5 10 11 -3 -13 -11
right_child=1 9 3 4 6 -7 7 -9 -10 13 -12 12 -14 -15
leaf_value=0.023850246620784509 -0.0031311705319073016 -0.017921444470768873 -0.0061307911330097057 -0.00047687159376667566 0.0057883538647991286 0.0071283324283339614 -0.007280533170836068 0.0043920528362698221 -0.019812144648691268 -0.0019152760280157215 -0.0044477994754343773 -0.0026327753029096292 0.011048927202939183 -0.0005702295284520265
leaf_weight=37.046697616577148 111.04669761657715 25 37 21 44.046697616577148 51 33 118 28 31.046697616577148 95 73 137.04669761657715 63
leaf_count=32 106 25 37 21 39 51 33 118 28 26 95 73 132 63
internal_value=-0.000440585 -0.00238029 0.00237058 0.00105441 0.0021151 -0.0019802 0.00421414 0.00213816 -0.0075 -0.000705727 0.000607671 0.00265273 0.00426999 -0.00527285
internal_weight=904.233 535.14 369.093 332.047 295.047 100 195.047 151 49 424.093 330.047 235.047 210.047 94.0467
internal_count=879 520 359 327 290 100 190 151 49 414 325 230 205 89
is_linear=0
shrinkage=0.05


Tree=93
num_leaves=15
num_cat=0
split_feature=1 0 15 3 13 5 13 8 8 3 2 4 7 9
split_gain=2.75184 1.46549 1.12494 1.27943 1.26031 1.56942 1.45366 2.30931 1.52937 2.49216 1.89361 1.43044 2.21791 1.26622
threshold=10.35830946619498 10.819375916553813 -1.3495649999999999 10.273469583031011 3.8967886388235606 5.554646837653177 3.3604095357856996 34.050000000000004 13.750000000000002 8.9553736943315538 9.8438834928581436 0.54930614433405489 6.2500000000000009 0.5037691814803521
decision_type=2 2 2 2 10 2 10 10 10 2 2 2 2 2
left_child=1 -1 3 -2 6 11 -4 8 10 -10 -8 12 -6 -11
right_child=2 -3 4 -5 5 -7 7 -9 9 13 -12 -13 -14 -15
leaf_value=-0.00093430228952569034 -0.0003585232498448221 -0.0095524904313778712 -0.00036774277551937518 0.02028436862020663 -0.0055417451252269224 0.0059413612570482499 -0.0067986809809741922 -0.019798563762922067 0.018999402798294478 0.0099557179021712017 0.0077899397681830632 -0.026343262160234415 0.0085098165716702926 -0.0044673256013065491
leaf_weight=27 34 28.046697616577148 427 29 48.046697616577148 21 24 43 42.093395233154297 28 57 45 32 23
leaf_count=27 34 23 427 29 43 21 24 43 32 28 57 45 32 23
internal_value=-0.000439954 -0.0111722 0.00026479 0.00664063 -0.000251324 -0.0044283 0.000701193 0.00402275 0.00658126 0.0109182 0.00152439 -0.00655446 -0.00248212 0.00336538
internal_weight=908.187 55.0467 853.14 63 790.14 146.047 644.093 217.093 174.093 93.0934 81 125.047 80.0467 51
internal_count=888 50 838 63 775 141 634 207 164 83 81 120 75 51
is_linear=0
shrinkage=0.05


Tree=94
num_leaves=15
num_cat=0
split_feature=1 0 2 0 15 13 8 2 13 4 0 10 8 14
split_gain=1.09743 2.43921 1.7951 1.63697 1.29471 2.03041 2.01478 1.65193 1.28863 1.27828 1.46159 1.26939 1.10673 1.3619
threshold=10.751037653203291 10.819375916553813 8.1729710232723694 14.13270164491426 -0.21015999999999999 3.9169617688349754 14.65 11.06362216610218 3.3533214690922653 5.4997983554930601 14.625529914404526 -0.26932402956675622 8.8500000000000032 2.2966142907457834
decision_type=2 2 2 2 2 8 10 2 10 2 2 2 10 2
left_child=1 -1 3 -2 12 6 7 9 -8 10 -6 -10 -4 -14
right_child=2 -3 4 -5 5 -7 8 -9 11 -11 -12 -13 13 -15
leaf_value=0.0089105298354571951 0.00035536061694688148 -0.0039806387251843413 -0.0024155405597410477 0.017628086488286905 -0.0092592606588990604 -0.02116572285394577 -0.018902589707480377 0.0091341049438289357 -0.016862090002518659 -0.033017073927329221 0.015620553147182737 0.006479967007685339 0.0067368136560255094 0.0012024667096471209
leaf_weight=33.046697616577148 35 45.046697616577148 43 26.046697616577148 24 48 92 98 20 21 20 26 99 256
leaf_count=28 35 40 43 21 24 48 92 98 20 21 20 26 99 256
internal_value=0.000564925 -0.00505731 0.00111386 0.00928603 0.000434492 -0.00178571 -0.000248344 0.0035061 -0.00467626 -0.00265152 0.00222222 0.00212766 0.00238095 0.00330056
internal_weight=886.14 78.0934 808.047 61.0467 747 349 301 163 138 65 44 46 398 355
internal_count=871 68 803 56 747 349 301 163 138 65 44 46 398 355
is_linear=0
shrinkage=0.05


Tree=95
num_leaves=15
num_cat=0
split_feature=15 7 16 11 15 8 1 16 4 8 15 9 1 3
split_gain=1.50644 1.66913 1.88881 1.61648 2.06659 1.57271 1.81132 1.33227 1.31077 1.25167 1.18039 1.15015 1.09944 1.97793
threshold=0.66927500000000018 6.1500000000000012 0.78996500000000014 1.0000000180025095e-35 0.29282500000000006 52.715000000000011 10.703837262803583 0.10701500000000001 3.778344652432879 41.20000000000001 0.11731000000000001 0.86382728211298232 11.780275221658769 9.511888355722272
decision_type=2 2 2 2 2 10 2 2 2 10 2 2 2 2
left_child=3 11 -3 4 5 6 -1 12 -6 -8 -9 -2 -5 -14
right_child=1 2 -4 7 8 -7 9 10 -10 -11 -12 -13 13 -15
leaf_value=-0.016475778604172132 -0.0098449981025368737 -0.024689118287733482 0.016676354906395609 -0.0020567874688461343 0.032628320027358028 0.0096741381266834299 0.0011518583966386943 0.013300649008721145 0.0010127210319883951 -0.02872706232416411 -0.019674385827468763 -0.012232647792007459 0.018063490684684071 -0.0097709665575399958
leaf_weight=20 81 20 33 31.046697616577148 40.046697616577148 28 346 38 36 24 25 20.046697616577148 54.046697616577148 99
leaf_count=20 81 20 33 26 35 28 346 38 36 24 25 15 49 99
internal_value=-0.000362648 -0.00484478 0.00231481 0.000574241 0.00222437 0.000835322 0 -0.00272075 0.00974951 0.000808625 0.00351563 -0.00858595 -0.00486241 -0.0030759
internal_weight=895.187 154.047 53 741.14 494.047 418 390 247.093 76.0467 370 63 101.047 184.093 153.047
internal_count=875 149 53 726 489 418 390 237 71 370 63 96 174 148
is_linear=0
shrinkage=0.05


Tree=96
num_leaves=15
num_cat=0
split_feature=0 13 8 0 8 8 14 14 13 1 1 15 1 1
split_gain=0.889072 2.10314 2.21697 1.85552 1.0244 1.49978 0.977327 1.20691 1.19508 1.12271 2.55404 2.22956 1.48763 1.70679
threshold=12.99662366452964 3.8456835505022191 31.650000000000002 13.342341679470378 20.250000000000004 10.65 7.0407342028791646 6.2727460670128181 2.4009249020927004 12.147605239729323 12.495892286663802 0.63776500000000014 13.491883046227374 14.010698359882447
decision_type=2 10 10 2 10 10 2 2 8 2 2 2 2 2
left_child=1 2 4 -2 5 -1 7 8 -5 -10 -11 -12 -13 -14
right_child=3 -3 -4 6 -6 -7 -8 -9 9 10 11 12 13 -15
leaf_value=-0.015483740646583378 0.017501360386506681 0.014713339381607932 0.00049052844179859896 0.013000399165047983 -0.038438171188821632 0.011863983122148591 -0.0053483957970150934 0.022035576108018297 -0.0081533052946465741 0.0083486444103185505 0.0021582461181224202 0.0017788383666179409 -0.02009995857778173 -0.01825788118061249
leaf_weight=25 31 37.046697616577148 30 39 27 21 43 27 54 42.093395233154297 365 43 27 80
leaf_count=25 31 32 30 39 27 21 43 27 54 32 365 43 27 80
internal_value=0.000816578 -0.00282766 -0.00649038 0.00149893 -0.0111486 -0.00638298 0.000973986 0.0014413 0.00100191 0.000453092 0.00112407 0.000145349 -0.00496689 -0.00810185
internal_weight=891.14 140.047 103 751.093 73 46 720.093 677.093 650.093 611.093 557.093 515 150 107
internal_count=876 135 103 741 73 46 710 667 640 601 547 515 150 107
is_linear=0
shrinkage=0.05


Tree=97
num_leaves=15
num_cat=0
split_feature=1 14 8 9 1 3 14 0 8 9 10 1 1 10
split_gain=1.05468 1.69211 1.63868 1.34964 1.28818 1.26818 1.20959 1.00379 1.70478 1.21 2.19405 0.99787 0.946764 1.52086
threshold=15.713707227497345 5.6933572280725686 66.500000000000014 0.25881904510252091 15.408170775064473 11.577764942470461 6.2727460670128181 16.264630261239954 12.230000000000002 -0.86046863722869238 -0.13917177613245105 13.966589384727333 12.824424378979268 0.91523306216449185
decision_type=2 2 10 2 2 2 2 2 10 2 2 2 2 2
left_child=1 2 4 -3 7 -2 -7 9 -9 10 -1 -12 13 -11
right_child=5 3 -4 -5 -6 6 -8 8 -10 12 11 -13 -14 -15
leaf_value=-0.020335280642358081 0.0037911680799802895 0.010138417337725292 0.0090193319359382906 -0.00085333093309083454 0.016749942395230668 -0.020138939425603433 -0.0010083970888748795 0.0032615304428335271 -0.028336269271684301 0.0031036448210062574 -0.0043646960717900474 0.014953363925789366 -0.0001702545050477511 -0.00054273043430372867
leaf_weight=33 33 36 25 26 20 38 36 28 28 187.14009284973145 39 22 284 43.046697616577148
leaf_count=33 33 36 25 26 20 38 36 28 28 172 39 22 284 38
internal_value=0.000230139 0.000877165 0.000179298 0.00873016 -0.000288484 -0.00439815 -0.008 -0.000672992 -0.00701754 -7.82438e-05 -0.00526316 0.000403226 0.000878002 0.00325423
internal_weight=878.187 771.187 709.187 62 684.187 107 74 664.187 56 608.187 94 61 514.187 230.187
internal_count=858 751 689 62 664 107 74 644 56 588 94 61 494 210
is_linear=0
shrinkage=0.05


Tree=98
num_leaves=15
num_cat=0
split_feature=8 8 0 2 0 15 7 9 1 13 2 10 8 13
split_gain=1.18422 1.69506 1.90464 1.49507 1.53341 1.34054 1.52771 1.30376 1.27042 1.9409 1.61639 1.16524 1.03488 1.00266
threshold=5.8550000000000013 9.7500000000000018 13.662210811510691 12.732695075804655 15.658197427814342 -1.3495649999999999 6.3500000000000005 -0.50188698852276381 12.147605239729323 3.6918790522500609 8.1729710232723694 0.49240481012316867 32.050000000000004 3.599831998686374
decision_type=8 10 2 2 2 2 2 2 2 10 2 2 8 8
left_child=7 2 -2 4 11 6 -3 -1 9 12 -10 -4 -7 -9
right_child=1 5 3 -5 -6 8 -8 13 10 -11 -12 -13 -14 -15
leaf_value=0.00069315560304874515 0.018799925440171283 0.046976085639248689 -0.0087080122801131143 -0.028004313673021253 0.033208409633363668 -0.0049866678215980459 -0.0026676110923859299 -0.020021498957745722 0.00565368558905293 -0.0206521940155979 -4.8164132633543581e-05 0.017461874010387148 0.00079491807059309813 -0.00095797723443111779
leaf_weight=20 35.093395233154297 22 29 22 27 48 28 26 25.046697616577148 30.046697616577148 529 20 21 22
leaf_count=20 25 22 29 22 27 48 28 26 20 25 529 20 21 22
internal_value=0.000499714 0.00101809 0.00616984 0.00252525 0.00584416 3.55067e-05 0.00784314 -0.0057971 -0.000573313 -0.00575899 0.000362433 0.0005 -0.00107143 -0.0102041
internal_weight=904.187 836.187 133.093 98 76 703.093 50 68 653.093 99.0467 554.047 49 69 48
internal_count=884 816 123 98 76 693 50 68 643 94 549 49 69 48
is_linear=0
shrinkage=0.05


Tree=99
num_leaves=15
num_cat=0
split_feature=7 2 15 4 13 10 13 9 15 14 8 2 14 9
split_gain=1.4301 3.79883 2.32479 2.20974 1.99254 1.59034 1.37308 0.926209 1.51659 1.19207 1.13627 1.29484 1.0108 1.66372
threshold=5.3500000000000005 1.0000000180025095e-35 0.66927500000000018 3.1567740231385479 3.8929717452605272 0.49240481012316867 4.5548499252951204 0.86382728211298232 -1.2924149999999999 3.9717069209744973 10.65 10.381818389358836 3.1143248453633996 0.0087262032186418079
decision_type=2 2 2 2 8 2 8 2 2 2 10 2 2 2
left_child=1 -1 4 5 -3 -2 -7 8 -5 -9 -10 -12 13 -13
right_child=3 2 -4 7 -6 6 -8 9 10 -11 11 12 -14 -15
leaf_value=0.01717352814656917 0.0083488680381935913 0.00055098963471664761 -0.0097461481887539721 0.0069775189089054113 -0.012438030936422741 -0.0022548742236043308 0.00039545052827491095 6.7273923506139255e-05 0.0029021727877098337 -0.024717223346802666 -0.051972592461023683 0.019512340308598542 -0.0054800120247725514 -0.019126398770387212
leaf_weight=34.046697616577148 168.0933952331543 71 43.046697616577148 45 25 86 20.046697616577148 44 102 48 20 29 150 23
leaf_count=29 158 71 38 45 25 86 15 44 102 48 20 29 150 23
internal_value=0.000773731 -0.00330282 -0.0069703 0.00173676 -0.00257732 0.00528277 0.000477992 -0.000378788 0.000743243 -0.00483871 -0.000461538 -0.00246637 -0.00123153 0.00471698
internal_weight=908.233 173.093 139.047 735.14 96 274.14 106.047 461 369 92 324 222 202 52
internal_count=883 163 134 720 96 259 101 461 369 92 324 222 202 52
is_linear=0
shrinkage=0.05


Tree=100
num_leaves=15
num_cat=0
split_feature=7 0 0 0 13 0 0 9 8 0 10 8 7 1
split_gain=1.12937 1.39615 1.9687 1.41811 1.34981 1.13907 1.5667 1.62234 1.22622 1.78006 1.22143 1.31162 0.781553 0.746939
threshold=7.8500000000000005 11.375040743560087 13.041378880533072 13.418659628045447 3.4104915591470446 16.046325806939837 16.203285297448026 -0.22069533414098394 41.20000000000001 14.975421378040194 -0.49810825183760388 14.65 7.3500000000000005 13.482790283390907
decision_type=2 2 2 2 10 2 2 2 10 2 2 10 2 2
left_child=1 -1 4 -4 -3 8 -7 -8 12 -10 -9 -12 13 -5
right_child=-2 2 3 5 -6 6 7 10 9 -11 11 -13 -14 -15
leaf_value=0.0061540225823884251 -0.031776008908429514 -0.017754196862804217 0.020993449651333009 0.0022562888682387265 -2.9206717308030186e-06 0.02001462144508467 0.011098200583306418 0.0015895834463433346 0.00058913933291149245 -0.022093257942307189 0.0010028306726411085 -0.016576482467637522 0.02469493427271743 -0.00058719392441011211
leaf_weight=47.046697616577148 23 46 32 182.0933952331543 43.046697616577148 31 68 47 24 22 31 25 21 260
leaf_count=42 23 46 32 172 38 31 68 47 24 22 31 25 21 260
internal_value=0.00133121 0.00162163 0.00114167 0.00198542 -0.00584327 0.00151291 0.0046798 0.00276163 0.000249631 -0.00744681 -0.00120192 -0.00614035 0.00102853 0.000569485
internal_weight=902.187 879.187 832.14 743.093 89.0467 711.093 202 171 509.093 46 103 56 463.093 442.093
internal_count=882 859 817 733 84 701 202 171 499 46 103 56 453 432
is_linear=0
shrinkage=0.05


Tree=101
num_leaves=15
num_cat=0
split_feature=15 14 5 0 13 13 8 8 9 13 7 13 1 1
split_gain=1.70686 2.61183 2.1309 2.09243 1.35522 1.49359 1.10732 1.53116 2.11593 1.33653 1.03256 0.94597 0.924879 1.60825
threshold=-0.17237999999999995 0.048652343132513279 8.4353839539398141 13.175294908959181 3.8967886388235606 3.6343809878543185 18.990000000000006 8.9500000000000011 -0.70710678118654735 4.334430235496562 4.9500000000000011 3.6612753964181159 13.201816270962139 14.325199642858239
decision_type=2 2 2 2 8 10 10 10 2 10 2 8 2 2
left_child=2 -2 6 -3 5 10 7 -1 -9 -10 -5 -4 -12 -14
right_child=1 3 11 4 -6 -7 -8 8 9 -11 12 -13 13 -15
leaf_value=-0.00044912375620548284 0.0046212025733688546 -0.015050121526898948 -0.014792405672654852 -0.016503171289228048 -0.015039596951863493 0.016088260310484548 0.0014374295682258566 -0.00040531544981801119 0.014456515246653213 0.022750851626734372 0.0073237780549322068 -4.4778458575711615e-05 -0.0089006139932827355 0.0016595134008333791
leaf_weight=53 49.093395233154297 48.046697616577148 26 20 47 41 218 31 98.046697616577148 31.046697616577148 34 21 67 99
leaf_count=53 39 43 26 20 47 41 218 31 93 26 34 21 67 99
internal_value=0.0012197 -0.00116667 0.00324015 -0.00266399 -0.00113269 0.00028626 0.00434474 0.00690042 0.00932586 0.0121246 -0.00135747 -0.00677083 -0.000248756 -0.00179641
internal_weight=883.233 405.14 478.093 356.047 308 261 431.093 213.093 160.093 129.093 220 47 200 166
internal_count=858 390 468 351 308 261 421 203 150 119 220 47 200 166
is_linear=0
shrinkage=0.05


Tree=102
num_leaves=15
num_cat=0
split_feature=14 13 7 7 7 2 16 4 4 15 4 1 9 14
split_gain=1.21109 2.7998 2.03773 2.03218 1.89677 1.69798 1.27643 2.42138 2.29608 2.07197 1.47707 2.11429 1.44194 2.63508
threshold=0.68403410330662517 3.9169617688349754 5.3500000000000005 4.9500000000000011 5.4500000000000011 9.3903459918807766 0.10701500000000001 9.1214069202205419 9.0983465307298328 -1.7154999999999998 10.852199805746499 15.408170775064473 0.26092512978024796 2.7037143114728965
decision_type=2 10 2 2 2 2 2 2 2 2 2 2 2 2
left_child=1 3 -2 -1 -5 -6 7 12 -8 -9 -11 -12 -4 -14
right_child=2 -3 6 4 5 -7 8 9 -10 10 11 -13 13 -15
leaf_value=-0.00040114851496495522 -0.013549118931170369 -0.0086881994364445218 0.0075563530451420837 0.006543535627012243 -0.0020148244690860631 0.015118176135601197 -0.00013548475662554795 0.0064066516922527189 0.020978366499128744 -0.032228539921452637 0.0021867481838881986 -0.019185175961846192 -0.013114335734151529 0.003644123824642298
leaf_weight=48 58 41 130 63.140092849731445 40 21.046697616577148 130 20 61 67 57 42 37 50
leaf_count=48 58 41 130 48 40 16 130 20 61 67 57 42 37 50
internal_value=0.000611496 0.00387358 -0.000459418 0.00666719 0.0100224 0.00364512 0.000420168 -0.00117574 0.00377604 -0.00534759 -0.00718563 -0.00325 0.00240826 -0.00255682
internal_weight=865.187 213.187 652 172.187 124.187 61.0467 594 403 191 186 166 99 217 87
internal_count=845 193 652 152 104 56 594 403 191 186 166 99 217 87
is_linear=0
shrinkage=0.05


Tree=103
num_leaves=15
num_cat=0
split_feature=7 13 13 0 1 16 1 7 10 13 0 0 13 0
split_gain=1.03952 2.04471 1.18112 3.30246 2.21383 2.6401 1.89332 1.79805 1.55767 2.01702 1.62096 1.96122 1.1729 1.4546
threshold=4.9500000000000011 2.9544034639620675 3.4968108626794572 12.870146433785068 12.116287536430383 1.0000000180025095e-35 12.824424378979268 5.3500000000000005 -0.84221522938863902 3.3408376412471035 13.175294908959181 14.116041381314 3.2891799922809661 15.542220311701046
decision_type=2 10 10 2 2 2 2 2 2 8 2 2 10 2
left_child=1 -1 8 -4 -5 -6 -7 -8 9 -2 -10 -12 13 -13
right_child=2 -3 3 4 5 6 7 -9 10 -11 11 12 -14 -15
leaf_value=0.029044179559592112 0.014300495386878699 -0.011423293919861419 0.012215859494673654 -0.0052345554113526933 -0.0054706826719682416 0.013726667100551274 -0.012177565852383693 0.0043059659329526051 -0.024237538282832052 -0.017791675271669093 0.0072483583481559371 0.00060842853931180056 -0.017934446522676218 -0.0073057246753437171
leaf_weight=22 77 43 50.093395233154297 47.046697616577148 72 35.093395233154297 23 153 55 30 48 110 39 103
leaf_count=22 77 43 40 42 72 25 23 153 55 30 48 110 39 103
internal_value=0.000361694 -0.00568182 0.000834291 0.00289456 0.00106048 0.00273619 0.00555102 0.00338983 -0.000863931 0.00439815 -0.00245787 -0.000996678 -0.0027668 -0.00128505
internal_weight=907.233 65 842.233 380.233 330.14 283.093 211.093 176 462 107 355 300 252 213
internal_count=882 65 817 355 315 273 201 176 462 107 355 300 252 213
is_linear=0
shrinkage=0.05


Tree=104
num_leaves=15
num_cat=0
split_feature=1 1 1 2 0 3 1 1 3 2 2 1 0 16
split_gain=1.59853 1.44024 1.83356 1.84802 1.23925 1.17984 1.00723 0.971028 1.3683 1.06724 1.59976 1.6403 1.89275 1.31745
threshold=10.558600911197624 11.780275221658769 12.116287536430383 7.9277271140429937 12.657179985727591 5.9387842892790692 16.631081622174246 15.568314165558796 13.150788293093635 13.258165646661659 12.328484596312721 14.233651055557059 13.574106775453194 1.0000000180025095e-35
decision_type=2 2 2 2 2 2 2 2 2 2 2 2 2 2
left_child=5 4 -3 -4 -2 -1 7 8 9 10 11 12 -5 -11
right_child=1 2 3 6 -6 -7 -8 -9 -10 13 -12 -13 -14 -15
leaf_value=-0.0026253129130520587 -0.0019469615311559026 -0.015463662533103578 0.008731329822901682 -0.013186268428410843 0.0084874055172388888 6.3534430873990463e-05 0.013240128217374149 -0.013313830493283847 0.0034434210295859915 -0.043163606085156792 0.0071025436088773654 -0.0083378927893316915 0.0023977159846823668 -0.0047835561092953952
leaf_weight=37.046697616577148 25 35 33.046697616577148 48 46.046697616577148 20 22 95 50 22 99 95 203.04669761657715 54
leaf_count=32 25 35 28 48 41 20 22 95 50 22 99 95 198 54
internal_value=0.000680461 0.00124194 0.000597462 0.00114574 0.00799714 -0.0073418 0.000582206 0.000226622 0.0010072 0.000241678 0.00117962 -0.000428855 0.00169083 -0.00519481
internal_weight=884.187 827.14 756.093 721.093 71.0467 57.0467 688.047 666.047 571.047 521.047 445.047 346.047 251.047 76
internal_count=864 812 746 711 66 52 683 661 566 516 440 341 246 76
is_linear=0
shrinkage=0.05


Tree=105
num_leaves=15
num_cat=0
split_feature=1 8 0 10 8 10 1 2 2 1 8 8 3 16
split_gain=2.5193 1.16156 1.02829 0.899951 0.980857 2.34486 1.74872 1.96378 1.6033 1.80312 1.90947 1.49075 1.78635 1.31002
threshold=9.9532426738528574 66.500000000000014 12.270442365115466 0.99826323448960796 10.370000000000003 0.91523306216449185 13.161978831478747 12.481459742825974 12.822365808406436 14.968793885844095 22.900000000000002 18.550000000000004 10.141444836219636 0.10701500000000001
decision_type=2 8 2 2 10 2 2 2 2 2 10 10 2 2
left_child=2 3 -1 4 5 -2 11 -8 -9 -10 -11 13 -13 -6
right_child=1 -3 -4 -5 6 -7 7 8 9 10 -12 12 -14 -15
leaf_value=-0.0089348968579988641 0.00016662643630951381 0.0077177828514630731 -0.0099875612258151641 0.017473351267197658 0.030509356692485015 -0.0028913408184039792 -0.0030893785632775451 0.021773663671514787 -0.0037325587879618485 0.031723726244231823 -0.0011726585620608133 0.0050897037636421453 -0.019689485104100058 0.00085353440449962301
leaf_weight=30 198 30 22.046697616577148 25 31.046697616577148 27.046697616577148 163 29 75 53 61 65 45 36.046697616577148
leaf_count=30 198 30 17 25 26 22 163 29 75 53 61 65 45 31
internal_value=0.0011221 0.00178894 -0.00944767 0.0014227 0.00111736 -0.00166411 0.00223994 0.000327225 0.00342466 0.00171053 0.00565217 0.00633002 0.0027027 0.01215
internal_weight=890.187 838.14 52.0467 808.14 783.14 225.047 558.093 381 218 189 114 177.093 110 67.0934
internal_count=870 823 47 793 768 220 548 381 218 189 114 167 110 57
is_linear=0
shrinkage=0.05


Tree=106
num_leaves=15
num_cat=0
split_feature=6 9 9 0 4 8 0 1 1 16 16 3 7 8
split_gain=0.953811 1.04732 0.907917 1.26389 1.4319 0.867582 1.19031 2.08746 1.3868 1.35893 1.39079 1.33165 1.24339 1.226
threshold=6.2299541685990638 -0.99871994606960313 -0.87777193418473631 14.440450219725948 7.3312075990967118 5.7500000000000009 15.023517212076225 14.762025559384943 13.76304014984119 1.0000000180025095e-35 -0.84618999999999989 12.278129327474675 6.1500000000000012 19.499000000000006
decision_type=2 2 2 2 2 8 2 2 2 2 2 2 2 8
left_child=1 -1 3 -3 -5 -4 7 8 -7 10 -8 -12 -11 -10
right_child=-2 2 5 4 -6 6 9 -9 13 12 11 -13 -14 -15
leaf_value=0.0051301025662415459 -0.0069950533583259316 -0.026038293101465992 -0.0029767029653926524 0.007767523715751035 -0.017429810474431817 0.002408856362773582 0.0062201995439446385 0.027181365219358988 -0.012350827628246958 -0.00097977633196378862 -0.047680942235152159 -0.016800741627214011 0.0062274030266315618 5.5170075842481128e-05
leaf_weight=31 34 26 52 29 20 287.14009284973145 30 27 32 119 38 22 115 34
leaf_count=31 34 26 52 29 20 272 30 27 32 119 38 22 115 34
internal_value=0.000951359 0.00127847 0.000935542 -0.00427632 0.0005 0.00145746 0.00191948 0.00381356 0.00276304 -0.000307692 -0.00549451 -0.00983607 0.00170213 -0.00373134
internal_weight=896.14 862.14 831.14 75 49 756.14 704.14 380.14 353.14 324 90 60 234 66
internal_count=881 847 816 75 49 741 689 365 338 324 90 60 234 66
is_linear=0
shrinkage=0.05


Tree=107
num_leaves=15
num_cat=0
split_feature=1 2 1 3 2 15 14 7 14 15 0 15 1 14
split_gain=1.5253 2.74388 1.80405 1.95559 1.62242 1.37675 1.854 1.23925 1.46881 1.36067 1.22049 1.16842 2.10268 1.54573
threshold=12.147605239729323 8.3156701108558106 11.885105159201204 2.3410656135621104 7.9277271140429937 0.63776500000000014 7.0676333560569509 6.1500000000000012 3.5519491752087817 0.70259000000000016 14.784937982753648 -1.1641199999999998 12.583208469475984 5.9594395523767583
decision_type=2 2 2 2 2 2 2 2 2 2 2 2 2 2
left_child=2 -2 3 4 -1 6 11 8 10 -9 -7 -3 -13 -14
right_child=1 5 -4 -5 -6 7 -8 9 -10 -11 -12 12 13 -15
leaf_value=-0.00054298956333065319 0.009701608848067745 0.0070546968242717993 -0.018676812550042055 0.0042241601006211106 -0.001335633247116061 -0.01503312433774886 -0.013428669203675005 -0.0014057872677734951 -0.034611911731015035 0.021656800009834411 0.0012416969002436162 -0.02174763314450865 0.0011301293176335214 0.026812101902165909
leaf_weight=51.046697616577148 34.046697616577148 100.04669761657715 32 73 22.093395233154297 36 38 35 27 32 65 26 294 35
leaf_count=46 29 95 32 73 12 36 38 35 27 32 65 26 294 35
internal_value=0.00105541 0.00207765 -0.00307674 -0.000687559 -0.00642254 0.00138041 0.0027855 -0.00216837 -0.00503876 0.00330882 -0.00220588 0.00367543 0.00231742 0.00340909
internal_weight=900.233 722.093 178.14 146.14 73.1401 688.047 493.047 195 128 67 101 455.047 355 329
internal_count=875 712 163 131 58 683 488 195 128 67 101 450 355 329
is_linear=0
shrinkage=0.05


Tree=108
num_leaves=15
num_cat=0
split_feature=0 1 1 13 7 1 2 14 10 0 1 10 16 13
split_gain=0.855346 2.10579 0.921033 0.882911 1.51394 0.973986 2.29219 1.2832 1.19394 1.48595 1.15103 1.04528 1.87291 1.85398
threshold=9.7611967763516159 10.35830946619498 11.005113196168786 4.5201734135869565 6.5500000000000007 12.147605239729323 7.3287099632352914 0.2563811664472056 0.96126169593831889 15.748715777478411 11.885105159201204 0.26512974748379775 0.10701500000000001 3.788317152097517
decision_type=2 2 2 10 2 2 2 2 2 2 2 2 2 8
left_child=-1 -2 -3 5 -5 10 -7 -8 11 -10 -4 -9 13 -13
right_child=1 2 3 4 -6 6 7 8 9 -11 -12 12 -14 -15
leaf_value=0.0067350307054017322 -0.016625658589196353 0.013566693039416024 -0.00016306486716249902 -0.0089911650618792697 0.015291081829228293 0.02757694486766496 -0.0049357525518014369 0.0007865290753082399 0.0072983968091880243 -0.0028091382789940944 -0.01774297192253993 -0.0025738200663201652 0.0012626106132691995 -0.040555841975009568
leaf_weight=33.046697616577148 35 24 56 28 26 23 23 373 48 20 30 72 69 24
leaf_count=28 35 24 56 28 26 23 23 373 48 20 30 72 69 24
internal_value=0.000340284 2.93427e-05 0.000550796 0.000252207 0.00636364 -0.000202977 0.000459418 -0.000119048 0.000329489 0.00652174 -0.00517241 -0.000463822 -0.00376506 -0.00824742
internal_weight=884.047 851 816 792 54 738 652 629 606 68 86 538 165 96
internal_count=879 851 816 792 54 738 652 629 606 68 86 538 165 96
is_linear=0
shrinkage=0.05


Tree=109
num_leaves=15
num_cat=0
split_feature=7 3 16 9 8 8 7 15 9 10 16 4 15 8
split_gain=0.935365 2.03419 2.39287 2.29441 1.73373 1.37526 1.16076 1.1143 1.46221 1.10383 1.11538 1.96414 1.77764 1.53298
threshold=4.7500000000000009 1.0000000180025095e-35 1.0000000180025095e-35 0.14780800409054848 23.250000000000004 16.950000000000003 6.1500000000000012 0.82512500000000011 -0.3986883375106644 -0.97533303595258414 0.10701500000000001 9.1790302868013747 -1.2924149999999999 23.900000000000002
decision_type=2 2 2 2 10 10 2 2 2 2 2 2 2 10
left_child=5 2 -2 4 -4 -1 7 -3 -9 -8 11 13 -13 -11
right_child=1 6 3 -5 -6 -7 9 8 -10 10 -12 12 -14 -15
leaf_value=-0.016750363491407627 -0.00087258945484534065 0.00040651748263532684 -0.006686501013121693 0.011947633110188092 0.026034018196713561 0.003113735177785593 -0.014158669628323663 0.00013085936598778992 -0.025526970745473276 0.011224076933968387 0.021548910340574115 0.0051510177719828023 -0.002733949231194677 -0.00036007502560891084
leaf_weight=25 42 255 24 60.186790466308594 22 20 23 21 38 72 84 25 134 53
leaf_count=25 42 255 24 40 22 20 23 21 38 72 84 25 134 53
internal_value=0.00206261 0.00243468 0.00773976 0.0117055 0.00319149 -0.0048913 0.0013102 -0.000952381 -0.00708333 0.003125 0.00379404 0.0022807 -0.00140625 0.00694444
internal_weight=898.187 853.187 148.187 106.187 46 45 705 314 59 391 368 284 159 125
internal_count=878 833 128 86 46 45 705 314 59 391 368 284 159 125
is_linear=0
shrinkage=0.05


Tree=110
num_leaves=15
num_cat=0
split_feature=3 16 14 0 2 1 7 1 2 9 0 15 3 8
split_gain=0.993837 2.63418 1.73327 1.75477 1.50398 1.44111 1.51463 1.32977 1.24465 1.22729 1.22135 1.21697 2.748 1.31026
threshold=5.9387842892790692 0.78996500000000014 0.52044368876136793 13.844281654504199 13.962673132380607 15.399805717441067 7.3500000000000005 16.198516813545215 13.66913883804069 0.86382728211298232 14.891758960504887 -1.2619349999999996 10.187518517572251 29.975000000000005
decision_type=2 2 2 2 2 2 2 2 2 2 2 2 2 10
left_child=1 2 3 -1 8 -6 7 -7 9 11 -5 12 -2 -13
right_child=4 -3 -4 10 5 6 -8 -9 -10 -11 -12 13 -14 -15
leaf_value=0.002174910392348892 -0.023573842784072863 0.00022943298076255958 0.010711442650436206 -0.00098247060733116522 0.015985593057103478 -0.016558496952808643 0.014442351905272811 0.0008834373524285289 -0.019514381197985032 -0.0037886164590382413 0.0009125947241857002 0.00049717726777163127 0.0097359696891634595 -0.012253405476440793
leaf_weight=70.046697616577148 20 33.093395233154297 62.046697616577148 43.046697616577148 47 33 21 32 34 101 24 304 38 40
leaf_count=65 20 23 57 38 47 33 21 32 34 101 24 304 38 40
internal_value=0.00127708 0.00408819 0.00187952 -0.00126726 0.000298063 0.00503731 0.00114943 -0.00265152 -0.0008829 -0.000248016 -0.00699766 0.000992556 0.00762712 -0.000144928
internal_weight=902.233 232.233 199.14 137.093 670 133 86 65 537 503 67.0467 402 58 344
internal_count=877 207 184 127 670 133 86 65 537 503 62 402 58 344
is_linear=0
shrinkage=0.05


Tree=111
num_leaves=15
num_cat=0
split_feature=13 3 7 5 16 11 13 3 8 8 13 8 13 8
split_gain=1.68109 1.87458 1.79218 1.47085 2.61396 1.16435 1.39657 1.58929 1.16895 2.1875 1.26746 1.81818 1.39977 1.15561
threshold=4.0015463738906556 8.6706560514254818 5.8500000000000005 8.4353839539398141 0.10701500000000001 1.0000000180025095e-35 3.7937825868612669 9.511888355722272 52.715000000000011 30.850000000000005 3.4104915591470446 11.750000000000002 3.1728514828858168 12.550000000000002
decision_type=10 2 2 2 2 2 10 2 10 10 8 10 10 10
left_child=3 -2 -3 5 -5 6 -1 -8 9 10 11 -7 -13 -4
right_child=1 2 13 4 -6 8 7 -9 -10 -11 -12 12 -14 -15
leaf_value=0.0019849028696866003 -0.0010058989694561296 -0.031535020584916799 0.010906909559974844 -0.017981360660734858 0.0035878823901110304 0.0054784453973262042 0.013113937918483877 0.00068103062239351921 -0.012475166910382819 0.0041000313998569519 0.002987991363262488 -0.0067560624758726488 -0.042843518112856471 -0.002234409594963749
leaf_weight=377 71.046697616577148 23 38 47 24 29 32.093395233154297 23 20 42 60 41 20 39
leaf_count=377 66 23 38 47 24 29 22 23 20 42 60 41 20 39
internal_value=0.000508564 -0.00393014 0.00049505 0.00157428 -0.00520833 0.00232886 0.00381519 0.0111838 -0.000704225 0.000518135 -0.00231788 -0.00604396 -0.0108871 0.00416667
internal_weight=886.14 171.047 100 715.093 71 644.093 432.093 55.0934 212 192 150 90 61 77
internal_count=871 166 100 705 71 634 422 45 212 192 150 90 61 77
is_linear=0
shrinkage=0.05


Tree=112
num_leaves=15
num_cat=0
split_feature=5 5 1 0 7 12 15 8 14 1 0 2 8 8
split_gain=1.402 1.8801 1.4769 1.69355 3.06393 2.033 1.64824 1.80773 1.53235 1.26813 1.39933 1.32718 2.70548 1.08391
threshold=9.8426782322207114 8.4353839539398141 12.147605239729323 11.375040743560087 6.8500000000000005 2.5000000000000004 -1.2924149999999999 9.943500000000002 2.1119792477815627 13.401114231057921 13.574106775453194 11.469521479540292 17.955000000000002 8.0500000000000025
decision_type=2 2 2 2 2 10 2 10 2 2 2 2 10 10
left_child=1 2 3 4 -1 -5 8 13 -4 10 -9 12 -12 -8
right_child=-2 -3 6 5 -6 -7 7 9 -10 -11 11 -13 -14 -15
leaf_value=0.016267726720474492 0.0018869788328287564 -0.027119643711361909 -0.0025762150104162718 -0.00069213047727634052 -0.018653912000435414 -0.0028883245267036493 0.003106824276218684 -0.012703593053764606 0.03918858207869446 -0.0019757882625128344 -0.0030143139773254114 0.010724656498543844 0.0069932946093205443 0.032184388880159225
leaf_weight=27.046697616577148 56 29 20 100.04669761657715 25 27.046697616577148 83 40 43 323 39 42.046697616577148 27 20
leaf_count=22 56 29 20 95 25 22 83 40 43 323 39 37 27 20
internal_value=0.000304815 -0.00020681 0.000244742 -0.00375356 0.00379227 -0.00684918 0.0013732 0.000523727 0.00898438 -0.00079194 0.00302702 0.00597145 0.00149254 0.00649038
internal_weight=901.187 845.187 816.187 179.14 52.0467 127.093 637.047 574.047 63 471.047 148.047 108.047 66 103
internal_count=881 825 796 164 47 117 632 569 63 466 143 103 66 103
is_linear=0
shrinkage=0.05


Tree=113
num_leaves=15
num_cat=0
split_feature=4 14 15 0 13 8 8 7 0 13 2 13 13 0
split_gain=1.74479 1.35699 3.19458 2.48035 1.79675 1.3828 2.00891 2.1189 2.1303 1.38692 1.32001 1.26628 1.21858 1.21212
threshold=12.307591968606514 2.2966142907457834 -1.2924149999999999 16.025027961080848 2.42247150652855 41.20000000000001 16.950000000000003 4.7500000000000009 13.556564215335296 3.9013430581749602 11.210599421575576 3.776547213639899 3.2886163120488097 16.455849476188735
decision_type=2 2 2 2 8 10 10 2 2 10 2 8 8 2
left_child=1 3 -3 5 -4 6 7 -1 11 -10 -8 -9 -2 -5
right_child=12 2 4 13 -6 -7 10 8 9 -11 -12 -13 -14 -15
leaf_value=-0.016469640558326754 8.32083677171358e-05 0.0058399834251686156 0.0016970027112842791 0.018513828673101519 -0.0078091248024474095 -0.0037089924985556967 0.0025785538734615157 0.0056051442628845321 7.7655658187225643e-05 -0.010287870060868377 -0.00094528992571472079 0.015392860996956163 0.0083477738277959682 0.0087640547966393312
leaf_weight=25 26 67 28 21 337 22 78.046697616577148 31 102 36 37 23.046697616577148 27 32
leaf_count=25 26 67 28 21 337 22 73 31 102 36 37 18 27 32
internal_value=0.00101035 0.000449158 -0.00150115 0.0025174 -0.00334699 0.000992232 0.00180831 -0.00102653 0.000783062 -0.00251799 0.00711927 0.00910441 0.00972222 0.0125
internal_weight=892.093 839.093 432 407.093 365 354.093 332.093 217.047 192.047 138 115.047 54.0467 53 53
internal_count=882 829 432 397 365 344 322 212 187 138 110 49 53 53
is_linear=0
shrinkage=0.05


Tree=114
num_leaves=15
num_cat=0
split_feature=2 1 10 3 9 0 3 7 0 13 13 14 13 14
split_gain=1.42015 1.1632 1.67928 0.695377 1.33406 2.43762 1.16231 1.01808 1.36992 1.0601 0.925023 1.11087 0.879606 1.71338
threshold=15.071504710903435 10.558600911197624 -0.26932402956675622 7.2301797797801095 -0.90341700620461574 15.241845638203143 13.738557155961646 5.1500000000000012 13.902803250117413 3.2912581272669157 3.9294862086481843 0.92970044758352532 3.5815589191851385 2.9560257801180323
decision_type=2 2 2 2 2 2 2 2 2 8 10 2 10 2
left_child=1 2 -1 7 5 -5 12 8 -3 -9 11 -11 13 -6
right_child=-2 3 -4 4 6 -7 -8 9 -10 10 -12 -13 -14 -15
leaf_value=0.0009403816619421387 0.0077529998855426115 0.0097024598826300854 -0.002711863105484099 -0.048944829588685949 -0.0037630879014696529 0.0016121525757200495 0.017888829664133212 -0.0012299604865009695 -0.0025222786212582894 0.010747751337723536 0.00027127128445880022 0.0013865703816765996 0.001960073841732757 0.00081082114439909878
leaf_weight=30.046697616577148 38 31 40.046697616577148 31 133 32 26 32 46 44.046697616577148 30.046697616577148 20 171 189
leaf_count=25 38 31 35 31 133 32 26 32 46 39 25 20 171 189
internal_value=0.000925237 0.000499114 -0.0056264 0.00105246 0.000171527 -0.00664063 0.00100962 0.00356374 -0.000961538 0.00631295 0.00896313 0.0123168 0.000455466 -0.00108359
internal_weight=893.187 855.187 70.0934 785.093 582 63 519 203.093 77 126.093 94.0934 64.0467 493 322
internal_count=873 835 60 775 582 63 519 193 77 116 84 59 493 322
is_linear=0
shrinkage=0.05


Tree=115
num_leaves=15
num_cat=0
split_feature=15 4 9 1 15 14 15 3 7 12 1 0 10 2
split_gain=1.6373 2.28635 1.22411 0.841924 2.37246 2.10529 1.06087 0.851922 1.68059 1.17173 1.28868 1.41171 0.952924 1.26989
threshold=0.66927500000000018 8.6514397330618404 0.70088257582277269 12.147605239729323 0.63776500000000014 1.7756211502018824 -0.94026999999999983 9.5002075210304167 6.7500000000000009 1.5000000000000002 14.930080727828301 14.891758960504887 -0.95753489942155756 15.071504710903435
decision_type=2 2 2 2 2 2 2 2 2 10 2 2 2 2
left_child=3 2 -2 4 5 -1 -7 8 9 -5 11 -11 -9 -14
right_child=1 -3 -4 7 -6 6 -8 12 -10 10 -12 -13 13 -15
leaf_value=-0.0041249307717621253 -0.0043269889667356459 0.0083426554129595321 -0.011221079774643079 0.009400470242326155 0.013626744861116799 0.0022164710912118911 -0.0071813015937621134 -0.013716797618575262 0.026331830960420157 0.00010063146645931665 0.018627398651532057 -0.0098297815279198789 0.00038132327194044806 0.0077201203929925912
leaf_weight=64 89 26 35.046697616577148 101.04669761657715 24.046697616577148 22 22 53 26 41 21 38 295 28
leaf_count=64 89 26 30 96 19 22 22 53 26 41 21 38 295 28
internal_value=0.000763048 -0.00398001 -0.0068068 0.00173529 -0.00187026 -0.00504587 0.00333333 0.00252657 0.00493832 0.00334659 -0.00049505 -0.0034375 0.00106101 0.00208333
internal_weight=885.14 150.047 124.047 735.093 132.047 108 44 603.047 227.047 201.047 100 79 376 323
internal_count=870 145 119 725 127 108 44 598 222 196 100 79 376 323
is_linear=0
shrinkage=0.05


Tree=116
num_leaves=15
num_cat=0
split_feature=10 1 14 12 1 3 15 10 3 1 15 0 8 0
split_gain=1.43798 2.08805 1.30929 1.15005 1.19343 1.49121 1.24239 1.23505 1.25579 1.01409 1.33894 2.65234 1.03696 0.887517
threshold=-0.26932402956675622 10.35830946619498 0.066363802351930415 1.5000000000000002 12.639941056452558 9.9945534313027373 -0.79966499999999996 -0.76322520435950458 12.289977105534696 11.885105159201204 0.63776500000000014 15.105725432327132 14.050000000000002 13.191239033605482
decision_type=2 2 2 8 2 2 2 2 2 2 2 2 10 2
left_child=2 -2 -1 -4 -5 6 -6 8 -7 13 -11 -12 -13 -3
right_child=1 9 3 4 5 7 -8 -9 -10 10 11 12 -14 -15
leaf_value=0.0062000824942998857 -0.0032026890292177531 -3.353030360392362e-07 0.0034467165806507331 -0.0097342282596136545 -0.00016922977839439746 -0.034381458854055684 0.021231431448935446 0.010540601524773319 6.2796346348825691e-05 0.00057824884284078399 -0.021384155953984331 0.013300418935026937 -0.0047704007890606364 0.024616300463068477
leaf_weight=48.093395233154297 38.046697616577148 25 175 32 26 26 27 22 23 283 62 38 38 21
leaf_count=38 33 25 175 32 26 26 27 22 23 283 62 38 38 21
internal_value=0.00130055 -0.00044693 0.00362367 0.00248494 -0.000636943 0.0016 0.00787037 -0.003125 -0.0075 0.000480769 -0.000296209 -0.00431655 0.00194805 0.00744681
internal_weight=884.14 505.047 379.093 331 156 124 53 71 49 467 421 138 76 46
internal_count=869 500 369 331 156 124 53 71 49 467 421 138 76 46
is_linear=0
shrinkage=0.05


Tree=117
num_leaves=15
num_cat=0
split_feature=2 15 15 10 15 13 10 10 15 9 10 9 3 13
split_gain=1.60368 1.81291 1.67224 2.34188 1.63694 2.25793 1.3456 1.23193 1.18984 1.33699 1.1369 1.23765 1.04724 1.02739
threshold=11.575179329836422 -0.67852499999999993 0.70259000000000016 0.83025359242879293 0.67486000000000013 3.1233910917821626 0.49240481012316867 -0.95753489942155756 0.29282500000000006 0.67073593680824739 -0.0043632677491870896 0.25881904510252091 11.137110451044594 3.2052931877758257
decision_type=2 2 2 2 2 8 2 2 2 2 2 2 2 10
left_child=4 10 3 7 5 6 -1 -3 9 -7 11 -2 -4 -12
right_child=1 2 12 -5 -6 8 -8 -9 -10 -11 13 -13 -14 -15
leaf_value=0.018367032623132485 -0.00069408251168748833 -0.029045768654246309 0.01921722677238278 -0.020862797629710595 -0.004258585583826126 -0.00065668492877182165 -0.0066670878546069238 0.0022134695320693344 0.011029581371044477 -0.0038939474713976076 0.0018052780340891972 0.0060892251014297745 -0.0036730274283170773 0.0086710827326278942
leaf_weight=63 61 26 23 44 90.046697616577148 159.04669761657715 27 148 28.046697616577148 61 35 44 25 54.046697616577148
leaf_count=63 61 26 23 44 85 154 27 148 23 61 35 44 25 49
internal_value=0.000449849 0.00249686 -0.000187266 -0.00205479 -0.0017504 -0.000147452 0.00659341 0.000571429 -0.00260946 -0.00385062 0.00615836 0.00259434 0.00816327 0.0102854
internal_weight=888.187 460.047 266 218 428.14 338.093 90 174 248.093 220.047 194.047 105 48 89.0467
internal_count=868 455 266 218 413 328 90 174 238 215 189 105 48 84
is_linear=0
shrinkage=0.05


Tree=118
num_leaves=15
num_cat=0
split_feature=1 3 1 1 2 5 14 14 13 15 14 2 8 5
split_gain=2.21424 2.1087 1.93355 1.8104 1.14523 1.03112 1.82817 1.84786 1.26568 1.2384 1.34747 1.73397 2.00579 1.14963
threshold=12.147605239729323 2.3410656135621104 11.005113196168786 12.296305439178973 7.738664946280057 8.4353839539398141 6.3741291491599057 7.2243390345951317 2.42247150652855 0.63776500000000014 0.79340990612664786 11.695012151044331 17.955000000000002 6.4276013140866484
decision_type=2 2 2 2 2 2 2 2 8 2 2 2 10 2
left_child=1 4 -3 -2 -1 8 -7 -8 -5 13 -11 -12 -13 -10
right_child=3 2 -4 5 -6 6 7 -9 9 10 11 12 -14 -15
leaf_value=-0.0035164351985155773 0.007356217693464279 0.0071697362360670595 -0.0033997432136414762 0.013563357877474936 -0.00088766561424714506 -0.026181845923269623 0.0034546109986819174 -0.001080008968948354 0.00073133556849109833 0.0060529146254989065 -0.017111440543660351 0.011067657134669218 -0.024730486919648367 0.023877926230936888
leaf_weight=41 33.093395233154297 41 59 30 25.093395233154297 32 21 30 396 36 41 35 40 25
leaf_count=41 23 41 59 30 15 32 21 30 396 36 41 35 40 25
internal_value=8.46323e-05 -0.00510095 -0.00049505 0.0012878 -0.0119585 0.000727802 -0.00446429 0.00144231 0.00144868 0.000914634 -0.00294118 -0.00555556 -0.000986842 0.00231043
internal_weight=885.187 166.093 100 719.093 66.0934 686 83 51 603 573 152 116 75 421
internal_count=865 156 100 709 56 686 83 51 603 573 152 116 75 421
is_linear=0
shrinkage=0.05


Tree=119
num_leaves=15
num_cat=0
split_feature=9 15 14 9 0 15 8 8 13 13 0 14 14 1
split_gain=1.61901 1.82149 1.01667 1.62201 1.66494 1.56826 1.05866 0.996725 1.50436 1.36491 1.43373 1.03588 1.50912 1.40992
threshold=0.86382728211298232 0.66927500000000018 1.6154667750703615 0.36040299391450087 12.367589927607527 -1.2924149999999999 35.250000000000007 22.900000000000002 3.5008875692454517 3.2785555263786179 14.159144017181173 5.730831149991312 6.8257957688673239 13.880744462714931
decision_type=2 2 2 2 2 2 10 10 10 8 2 2 2 2
left_child=2 -2 3 4 -1 -4 -6 11 9 10 -9 13 -13 -7
right_child=1 -3 5 -5 6 7 -8 8 -10 -11 -12 12 -14 -15
leaf_value=-0.018930021173606443 -0.00070088966272864302 -0.0021320250086938955 0.01875576246892351 -0.0026363224686892861 0.0023743180770165518 0.018797648650439092 -0.0024065338170879969 -0.054203317943337409 -0.014457283213285078 0.012511788311167928 0.00063611294710519406 0.021604944974613141 -0.00022903876109869881 -0.0019311147502810045
leaf_weight=29 155.04669761657715 41.093395233154297 55 70.046697616577148 147 66 26 20 46 22 43 26 23 122
leaf_count=29 150 31 55 65 147 66 26 20 46 22 43 26 23 122
internal_value=0.000697909 -0.00330307 0.0018301 -0.000553632 0.00172414 0.00336085 0.00359195 0.00216802 -0.00132576 0.00261628 -0.00117188 0.00409664 0.0105 0.00238095
internal_weight=891.187 196.14 695.047 272.047 202 423 173 368 131 85 63 237 49 188
internal_count=871 181 690 267 202 423 173 368 131 85 63 237 49 188
is_linear=0
shrinkage=0.05


Tree=120
num_leaves=15
num_cat=0
split_feature=6 10 2 0 10 10 10 9 3 3 1 2 7 1
split_gain=1.0055 2.75852 1.17089 1.1195 1.51583 0.672642 1.17583 1.51146 1.11108 1.52544 1.40134 1.31658 0.894015 0.93238
threshold=4.4337841666032221 0.23766552919915279 15.071504710903435 11.375040743560087 -0.26932402956675622 -0.71476258798096814 -0.19722537325836093 0.90444653569325539 11.999498649550073 13.588352058178069 15.263972090623797 13.422861373318293 6.4500000000000011 14.360009529583502
decision_type=2 2 2 2 2 2 2 2 2 2 2 2 2 2
left_child=2 -2 3 4 -1 12 7 -7 11 10 -10 -8 -5 -14
right_child=1 -3 -4 5 -6 6 8 -9 9 -11 -12 -13 13 -15
leaf_value=0.009876330062360307 -0.025224392106867999 0.00091172632747640316 0.0062030905192783431 0.00019007748226916867 -0.0038501575120107158 -0.00064783371256965649 0.00021258743293420249 -0.0032325279675701635 -0.013734419052620829 0.0025446271354657938 -0.044164291197567533 0.030716833571175474 0.0088973736050618202 0.031305421792297984
leaf_weight=28.046697616577148 21 25 29 133 27 147 315.14009284973145 29.046697616577148 36 22 20 20 33 26
leaf_count=23 21 25 29 133 27 147 300 24 36 22 20 20 33 26
internal_value=0.000741222 -0.00638298 0.00112691 0.000777761 0.00760379 0.000287655 -0.000550673 -0.00396035 0.00090831 -0.00443038 -0.00877193 0.00216031 0.00284974 0.00791667
internal_weight=911.233 46 865.233 836.233 55.0467 781.187 589.187 176.047 413.14 78 56 335.14 192 59
internal_count=886 46 840 811 50 761 569 171 398 78 56 320 192 59
is_linear=0
shrinkage=0.05


Tree=121
num_leaves=15
num_cat=0
split_feature=15 13 4 13 3 14 8 14 14 13 3 13 12 8
split_gain=1.92149 1.43425 1.91115 1.901 1.3929 1.26502 1.11599 1.0654 0.87542 0.868585 2.21536 1.98277 1.69519 1.13223
threshold=1.0381650000000002 2.4559573733023732 12.307591968606514 2.5624635244952301 8.9995562212978921 3.6625774401023232 18.350000000000005 7.5112273310175341 2.839219007844096 3.9169617688349754 8.6706560514254818 3.8839624827357651 2.5000000000000004 16.950000000000003
decision_type=2 8 2 10 2 2 10 2 2 10 2 10 10 10
left_child=1 5 3 4 -3 -1 8 -4 -2 11 -11 -5 -12 -14
right_child=6 2 7 9 -6 -7 -8 -9 -10 10 12 -13 13 -15
leaf_value=0.027820416991959231 -0.0089394708879959438 0.00012108961854504497 0.021303598914904767 0.00073456088207900694 -0.025184944047443793 -0.00053367832784649853 0.00043229959184676873 0.00052604712241022256 -0.011258254700722503 -0.0010206847930362101 -0.0296521979918449 0.0059948297746010033 0.013320064983569991 -0.0050868985276238182
leaf_weight=30 52.046697616577148 20 24 431.04669761657715 37 20 31 20 20 68.046697616577148 29 21.046697616577148 48 33
leaf_count=30 47 20 24 426 37 20 31 20 20 63 29 16 48 33
internal_value=0.000847279 0.00169556 0.00112843 0.000473984 -0.00818966 0.00980392 -0.00553759 0.0111111 -0.0089144 0.0012694 -0.00168206 0.00243291 0.0027027 0.00640244
internal_weight=884.187 781.14 731.14 687.14 57 50 103.047 44 72.0467 630.14 178.047 452.093 110 81
internal_count=864 766 716 672 57 50 98 44 67 615 173 442 110 81
is_linear=0
shrinkage=0.05


Tree=122
num_leaves=15
num_cat=0
split_feature=4 13 0 1 16 7 1 14 13 13 14 1 9 7
split_gain=1.09177 1.73776 1.72155 3.66514 1.62126 1.87688 1.76684 1.41953 1.55054 2.6316 1.51433 1.9834 1.33763 1.22237
threshold=2.8156058909106831 3.3729849076154497 12.97344749778412 12.116287536430383 0.10701500000000001 5.7500000000000009 14.751063175991256 1.5477713663764969 4.2656043041208509 4.0661731637975382 2.4766550482426868 12.631510329845616 0.25881904510252091 6.0100000000000007
decision_type=2 10 2 2 2 2 2 2 10 10 2 2 2 2
left_child=1 -1 -3 -4 5 -5 -7 -2 9 10 13 -12 -10 -9
right_child=7 2 3 4 -6 6 -8 8 12 -11 11 -13 -14 -15
leaf_value=-0.00016185159939516858 -0.0039346541434821447 0.0021383276541606876 -0.0024250784964083296 -0.0065617599071186227 0.0061735938573398803 0.0012562757150357798 0.021451617103637688 -0.0037123490395211678 4.0079732373915494e-05 -0.013057776949676759 -0.025701190588804171 0.00078219111059800732 0.031207741858711602 0.023115365332197737
leaf_weight=179 55 42.093395233154297 35.046697616577148 25 71.046697616577148 53.046697616577148 27 23 27 21 37 271 26 22
leaf_count=179 55 32 30 25 66 48 27 23 27 21 37 271 26 22
internal_value=0.00153349 0.00335501 0.0060122 0.00413014 0.00707161 0.0030757 0.00680062 -0.00010352 0.000876168 -0.000266667 0.000776836 -0.000485437 0.0087963 0.00923913
internal_weight=914.233 432.233 253.233 211.14 176.093 105.047 80.0467 482 427 374 353 308 53 45
internal_count=889 407 228 196 166 100 75 482 427 374 353 308 53 45
is_linear=0
shrinkage=0.05


Tree=123
num_leaves=15
num_cat=0
split_feature=13 0 9 1 1 0 0 13 15 1 1 5 10 13
split_gain=1.15201 2.61985 2.55406 2.13393 2.30238 2.10106 1.97986 1.39451 1.32756 1.21407 1.16953 1.06483 1.17519 1.33784
threshold=3.2192265350867006 12.894777939625641 0.44032991850403941 12.116287536430383 12.918057574873414 14.609368405666592 12.341179895169182 3.9169617688349754 0.63776500000000014 16.198516813545215 15.713707227497345 8.2347986884245987 -0.9025766923884776 3.0790922744843354
decision_type=10 2 2 2 2 2 2 10 2 2 2 2 2 10
left_child=6 2 -2 7 5 -5 -1 -3 9 10 -6 12 -8 -14
right_child=1 3 -4 4 8 -7 11 -9 -10 -11 -12 -13 13 -15
leaf_value=-0.0094294067480317888 0.00081611179232141682 -0.0019589816297710173 0.012029143358992044 0.00013544787827876048 0.00064235342550791332 0.0064871478222599177 0.0085497446641189974 -0.00084372488981580233 -0.01073445152121626 0.026250687942697939 -0.01274027925226553 -0.011389362327041975 0.001128825007948009 -0.0034475854098147355
leaf_weight=33 46 34 33.093395233154297 31 214 39.093395233154297 46 22.046697616577148 52 22 30 47 211 42
leaf_count=33 46 34 23 31 214 29 46 17 52 22 30 47 211 42
internal_value=0.00111101 0.00262956 0.0109539 0.00112586 0.00244757 0.0105823 -0.000986842 -0.00790874 0.000626959 0.00205993 0.00102041 0.000144092 0.00125 -9.84252e-05
internal_weight=902.233 523.233 79.0934 444.14 388.093 70.0934 379 56.0467 318 266 244 346 299 253
internal_count=877 498 69 429 378 60 379 51 318 266 244 346 299 253
is_linear=0
shrinkage=0.05


Tree=124
num_leaves=15
num_cat=0
split_feature=1 15 15 3 16 0 9 10 10 3 10 16 2 15
split_gain=1.35931 1.6824 1.37732 3.24769 1.52244 1.02469 1.70651 1.45934 1.59053 1.7741 1.28959 1.27562 1.91453 1.32156
threshold=12.147605239729323 0.63776500000000014 0.011770000000000001 8.0417118840855224 0.10701500000000001 16.650208473852814 -0.26092512978024823 1.0000000180025095e-35 -0.40273135449887215 10.996477637885571 -0.19722537325836093 1.0000000180025095e-35 12.316634059573948 -0.52107999999999988
decision_type=2 2 2 2 2 2 2 2 2 2 2 2 2 2
left_child=2 5 3 -1 -4 7 -7 8 9 -2 -10 13 -13 -9
right_child=1 -3 4 -5 -6 6 -8 11 10 -11 -12 12 -14 -15
leaf_value=-0.011041258283908987 -0.00030869837907332442 -0.0010737478389399623 0.011034276555011465 0.00017399510296396415 -0.0077717146670708949 0.0075582482974321137 -0.010319929803502837 0.0037863066017917338 -0.015986036780658918 0.0056198630474442179 0.00034434438745729602 0.015249384325263626 0.00068978659556393493 -0.045686422531939441
leaf_weight=43.046697616577148 104 215.04669761657715 28.046697616577148 50 48 31 35 52 28 92 22 72.046697616577148 67 22
leaf_count=38 104 210 23 50 48 31 35 52 28 92 22 67 67 22
internal_value=0.00035707 0.00128189 -0.00367445 -0.00772135 0.00131307 0.00280615 -0.00298507 0.00364347 0.00101215 0.00304569 -0.00686275 0.00666288 0.00946947 0.00133333
internal_weight=909.187 740.093 169.093 93.0467 76.0467 525.047 66 459.047 246 196 50 213.047 139.047 74
internal_count=889 730 159 88 71 520 66 454 246 196 50 208 134 74
is_linear=0
shrinkage=0.05


Tree=125
num_leaves=15
num_cat=0
split_feature=5 15 0 5 0 15 7 15 1 13 14 9 13 10
split_gain=1.6067 1.57822 1.18538 2.37713 2.06265 1.21922 1.79697 1.12274 1.08667 2.25186 1.03414 2.10353 1.20772 1.03335
threshold=9.8426782322207114 0.66927500000000018 14.625529914404526 6.6153774474657583 14.180281016028637 -1.3378349999999999 5.4500000000000011 -0.086219999999999991 13.142263099100431 2.5792618030442798 1.7583073505145361 0.55554907860749159 3.6918790522500609 -0.12186470299397914
decision_type=2 2 2 2 2 2 2 2 2 8 2 2 8 2
left_child=1 2 3 4 -1 -4 -7 -2 -3 -10 11 12 -8 -6
right_child=7 8 5 -5 13 6 10 -9 9 -11 -12 -13 -14 -15
leaf_value=0.001034568111516569 0.00095481026312010941 -8.4320813203888863e-05 0.029934549060060201 -0.027035454266050918 0.0016658501364555268 -0.0077877822218357044 0.0068887262325496475 0.028798799410559541 0.0015669101330173518 -0.021419117172301612 -0.00039716651835750575 -0.0032597712203703334 0.039987169206714662 0.0071176434552507363
leaf_weight=214.04669761657715 31 73.093395233154297 35 20 31 56 23 20 20 65 233 24 27 43.093395233154297
leaf_count=209 31 63 35 20 31 56 23 20 20 65 233 24 27 33
internal_value=0.0015591 0.00104423 0.00205547 0.00437828 0.00554576 0.000250627 -0.000618132 0.0100962 -0.00345709 -0.00726744 0.000892857 0.006 0.0117647 0.012682
internal_weight=915.233 864.233 706.14 308.14 288.14 398 363 51 158.093 85 307 74 50 74.0934
internal_count=890 839 691 293 273 398 363 51 148 85 307 74 50 64
is_linear=0
shrinkage=0.05


Tree=126
num_leaves=15
num_cat=0
split_feature=15 10 8 13 7 11 1 1 5 2 4 4 7 4
split_gain=1.45236 1.15718 1.1581 1.12933 1.54466 1.25656 1.7016 1.34326 1.22775 1.18804 1.26106 1.2926 1.03154 1.32843
threshold=0.66927500000000018 0.93200786928279833 16.650000000000002 4.0015463738906556 6.5500000000000007 1.0000000180025095e-35 15.399805717441067 14.762025559384943 6.6153774474657583 11.364318137156067 7.3975298084385548 9.7864149100388573 5.3500000000000005 6.5514373504102341
decision_type=2 2 10 10 2 2 2 2 2 2 2 2 2 2
left_child=3 2 12 5 -5 7 -7 8 9 -1 -11 -12 -2 -14
right_child=1 -3 -4 4 -6 6 -8 -9 -10 10 11 -13 13 -15
leaf_value=0.0048934090734376497 -0.015327198981820424 0.02735885944003158 -0.0061897975021972867 -0.0046053702583944483 0.0012079420039123878 0.00065801675369093766 -0.0097306474699171211 0.0058741214764867601 -0.022067316817445982 0.0033047896046431106 -0.031977887598181841 0.00065621215212698927 0.022132506343314463 -0.011115321538655954
leaf_weight=129 24 20 60.046697616577148 103 66 155 28 116 20 68 25 20 25 32
leaf_count=129 24 20 55 103 66 155 28 116 20 68 25 20 25 32
internal_value=0.000419073 -0.00386412 -0.00546417 0.00136799 -0.00220588 0.00244662 -0.000951087 0.00408971 0.00209125 0.00308642 -0.000657895 -0.00706522 -0.00152439 0.00215517
internal_weight=891.047 161.047 141.047 730 169 561 183 378 262 242 113 45 81 57
internal_count=886 156 136 730 169 561 183 378 262 242 113 45 81 57
is_linear=0
shrinkage=0.05


Tree=127
num_leaves=15
num_cat=0
split_feature=14 7 7 15 0 2 9 0 1 2 14 16 9 0
split_gain=1.32886 2.95202 2.30434 1.80014 1.56972 1.26505 1.24885 1.45017 1.53083 1.44183 3.28663 1.36354 1.19786 1.17638
threshold=0.68403410330662517 5.1500000000000012 5.8500000000000005 -0.52107999999999988 14.395140689944201 15.177045225538324 -1.0000000180025095e-35 15.596935039212026 12.639941056452558 13.702597442901075 3.3267100604603139 1.0000000180025095e-35 0.38469719700095528 15.149169516461955
decision_type=2 2 2 2 2 2 2 2 2 2 2 2 2 2
left_child=1 4 12 5 -1 6 9 8 -8 10 13 -9 -3 -2
right_child=3 2 -4 -5 -6 -7 7 11 -10 -11 -12 -13 -14 -15
leaf_value=0.00041546599988729894 -0.017128710644002964 0.0053014229395411342 -5.8264865786611391e-06 -0.0026582376685066137 -0.0059846104896135073 0.005792027494918273 -0.0017589801576149866 -0.034823000917838742 0.019957585928382062 -0.01238630270233242 0.023112445721253063 0.0010578548648187303 0.00092295792658238316 0.00092744251338100492
leaf_weight=47 34 40 63 402 30 20 34 20 57 33 27 36 51.233488082885742 21
leaf_count=47 34 40 63 402 30 20 34 20 57 33 27 36 26 21
internal_value=0.000524798 0.00379289 0.00776789 -0.000583942 -0.00416667 0.0024735 0.00152091 0.00456081 0.00842391 -0.00237069 0.00120482 -0.00175439 0.0128027 -0.00580357
internal_weight=915.233 231.233 154.233 684 77 282 262 147 91 115 82 56 91.2335 55
internal_count=890 206 129 684 77 282 262 147 91 115 82 56 66 55
is_linear=0
shrinkage=0.05


Tree=128
num_leaves=15
num_cat=0
split_feature=1 1 7 9 8 5 5 10 8 0 12 10 1 1
split_gain=1.28402 1.54146 1.26175 2.06612 1.60033 1.53541 1.11296 1.41005 0.89564 0.858188 1.55503 2.16805 1.06307 1.46658
threshold=13.76304014984119 13.899572803121371 6.1500000000000012 -0.86711210913679038 12.230000000000002 8.4353839539398141 8.9571883744325564 -0.70710678118654757 16.050000000000004 13.967506422254475 1.5000000000000002 0.70090259214882411 11.885105159201204 12.472406226667768
decision_type=2 2 2 2 10 2 2 2 10 2 10 2 2 2
left_child=9 -2 3 -3 5 -4 7 -6 -9 12 -11 -12 -1 -14
right_child=1 2 4 -5 6 -7 -8 8 -10 10 11 -13 13 -15
leaf_value=0.00084821099556068626 -0.0062274489724063915 0.0098602727064743163 0.025491530968396695 -0.0065516505863749686 0.0068296449456735188 -0.00069069974372002471 0.0020406944920391191 -0.036313118798113962 -0.0058550888498417834 0.0070581803700123999 -0.0050128959187826679 0.0017973811160485271 -0.016302158204127153 0.0014661564589218525
leaf_weight=109.04669761657715 20 26 37 156 51 30 30 21 76 113.04669761657715 74 28.046697616577148 29 70
leaf_count=104 20 26 37 156 51 30 30 21 76 108 74 23 29 70
internal_value=0.000807565 -0.00106027 -0.000408879 -0.00355191 0.00193089 0.00845588 -0.000558659 -0.00234899 -0.00586735 0.00277857 0.00498551 0.000496546 0.000483947 -0.00325
internal_weight=870.14 447 427 182 245 67 178 148 97 423.14 215.093 102.047 208.047 99
internal_count=855 447 427 182 245 67 178 148 97 408 205 97 203 99
is_linear=0
shrinkage=0.05


Tree=129
num_leaves=15
num_cat=0
split_feature=13 1 2 5 9 0 9 16 5 4 3 14 4 16
split_gain=0.941755 2.77045 1.14212 1.65406 1.06681 0.883822 1.07989 0.873322 1.03155 0.852379 3.16474 1.42949 1.39888 1.67129
threshold=2.4670511503686972 14.103646624509897 14.233988297575522 8.4353839539398141 0.44032991850403941 11.602223360057605 0.44032991850403941 1.0000000180025095e-35 5.3844529770182641 9.3263113378754525 11.2311094700197 5.6257287902157778 6.6028303913991815 0.37080500000000005
decision_type=8 2 2 2 2 2 2 2 2 2 2 2 2 2
left_child=1 -1 3 5 -5 6 -2 -4 -9 12 -11 -12 -7 -14
right_child=2 -3 7 4 -6 9 -8 8 -10 10 11 -13 13 -15
leaf_value=0.042675205095515048 -0.0017134416995122749 -0.00057002822147940175 0.026917233669076723 -0.051080545328807694 -0.0086761442672082193 8.5855016546440308e-05 0.0075131036511739586 -0.0053137699096284076 0.0015595957715282662 0.025323157403180432 -0.0052253141341782388 0.011962310823115808 -0.0022466954672628494 -0.049863268065598335
leaf_weight=23 28 37 29 25 21 431.18679046630859 21.046697616577148 33 21 26 55 27 100 23
leaf_count=23 28 37 29 25 21 411 16 33 21 26 55 27 100 23
internal_value=0.000558681 0.00655738 0.000123036 -0.000489952 -0.00957447 0.00011022 0.00651726 0.00565476 0.00181818 -0.000373447 0.00366972 -0.00120482 -0.00116657 -0.00584677
internal_weight=900.233 60 840.233 757.233 46 711.233 49.0467 83 54 662.187 108 82 554.187 123
internal_count=875 60 815 732 46 686 44 83 54 642 108 82 534 123
is_linear=0
shrinkage=0.05


Tree=130
num_leaves=15
num_cat=0
split_feature=9 3 13 14 13 13 8 13 13 15 7 13 8 15
split_gain=1.25867 1.88442 1.74413 2.80311 2.20523 1.16609 0.938386 1.93868 1.57312 1.52475 1.2163 0.782273 0.75859 0.78296
threshold=0.36040299391450087 9.9945534313027373 3.9294862086481843 1.0079905521927708 3.5602835930737258 4.2517113222717953 17.250000000000004 2.8152657032317845 2.713671447861012 -0.086219999999999991 6.2500000000000009 4.6003327370364895 5.7500000000000009 -0.43265499999999996
decision_type=2 2 10 2 8 10 10 10 10 2 2 8 10 2
left_child=11 2 3 4 -2 6 8 -8 -3 -9 -10 12 -1 -14
right_child=1 5 -4 -5 -6 -7 7 9 10 -11 -12 -13 13 -15
leaf_value=-0.0016600095355718159 -0.0018692364970303021 -0.0091847365265238963 -0.0018200443140026772 -0.009853946562697025 0.00034738563323460041 0.016814057599681156 0.0020491150922148484 -0.0068397016005953496 6.6386780737515136e-05 -0.02989342434974487 0.0037549532179910194 -0.0092819060838330806 0.0027988460617529246 0.00088000015894573735
leaf_weight=36 49 22 39.046697616577148 55 34.046697616577148 24 21 52 28 22 26 37 179 275
leaf_count=36 49 22 34 55 29 24 21 52 28 22 26 37 179 275
internal_value=0.000749922 -0.00147416 -0.0051939 -0.00250874 0.00328588 0.00191327 0.000436047 -0.00286458 0.00454545 -0.00666667 0.00909091 0.00232008 0.00285132 0.00340659
internal_weight=899.093 372.093 177.093 138.047 83.0467 195 171 95 76 74 54 527 490 454
internal_count=889 362 167 133 78 195 171 95 76 74 54 527 490 454
is_linear=0
shrinkage=0.05


Tree=131
num_leaves=15
num_cat=0
split_feature=5 10 7 5 8 8 9 13 15 16 15 0 14 13
split_gain=1.95453 2.50247 1.14195 0.928023 0.802018 2.25758 1.74856 1.427 1.0104 0.980028 1.04701 1.00299 0.942584 0.94095
threshold=7.0341670346143408 1.0000000180025095e-35 6.6500000000000012 9.1041863875524118 14.65 13.950000000000001 0.97813828947363146 4.0288005156003335 1.0381650000000002 0.10701500000000001 0.17533000000000001 14.740501955258901 3.5519491752087817 2.7331080139937307
decision_type=2 2 2 2 10 10 2 10 2 2 2 2 2 10
left_child=4 3 -3 -2 5 6 8 9 13 -6 -11 -12 -9 -1
right_child=1 2 -4 -5 7 -7 -8 12 -10 10 11 -13 -14 -15
leaf_value=-0.001768046289952674 -0.034973805522061509 -0.0096482918461371359 0.0016522877647342949 -0.020760634353694088 -8.1573185900729597e-05 0.0085577998034402254 0.00082267197245374586 -0.0068067253468735711 -0.020587691363455535 0.014276064919731902 -0.0064663483410282614 0.00037145258302140365 0.0012764441638567715 0.0022279313426942561
leaf_weight=49 28 24 33 23 245 28.046697616577148 23.046697616577148 42 35 42 57 49.046697616577148 22 211.0933952331543
leaf_count=49 28 24 33 23 245 23 18 42 35 42 57 44 22 201
internal_value=0.00123964 -0.00504587 0.00215517 -0.0129808 0.00208999 0.00390185 0.00267438 0.000712083 0.00161211 0.00184285 0.00503981 0.00234634 -0.00615385 0.00268998
internal_weight=911.233 108 57 51 803.233 346.187 318.14 457.047 295.093 393.047 148.047 106.047 64 260.093
internal_count=886 108 57 51 778 326 303 452 285 388 143 101 64 250
is_linear=0
shrinkage=0.05


Tree=132
num_leaves=15
num_cat=0
split_feature=13 3 2 15 2 0 0 8 13 0 1 0 13 15
split_gain=1.60905 1.22318 1.82176 1.38004 1.41442 1.748 1.22241 1.12399 1.80608 1.65067 2.57841 1.44934 1.25668 2.06687
threshold=3.9169617688349754 8.6706560514254818 11.210599421575576 -0.11977499999999999 11.429847332912436 15.177001665629254 16.178679313213994 5.7500000000000009 3.7937825868612669 12.99662366452964 13.384113149363289 11.473377350654021 2.8209803817511827 0.63776500000000014
decision_type=8 2 2 2 2 2 2 8 10 2 2 2 10 2
left_child=7 2 -2 4 -3 -6 -7 -1 9 11 -11 -9 -12 -14
right_child=1 3 -4 -5 5 6 -8 8 -10 10 12 -13 13 -15
leaf_value=-0.001131774590947443 -0.0004427538507808332 -0.0089709853005424996 -0.0029212812675305146 -0.028526499443381481 0.032142068542733118 -0.014190360552493076 0.0055319573647357075 0.00072252323962078153 0.0094525992895901061 0.0064153416659566464 0.0032029895315407232 -0.020583854469208896 0.00038421921904797652 -0.017663677299647084
leaf_weight=49 49 24 36.046697616577148 37 28 28 29 33 46.046697616577148 151.04669761657715 95 58 151 74
leaf_count=49 49 24 31 37 28 28 29 33 41 146 95 58 151 74
internal_value=0.000451186 -0.0031294 -0.00785815 -0.000340136 0.0025 0.00552326 0.000431034 0.00171303 0.00230233 0.00151172 0.00270348 -0.00461957 0.000155763 -0.00188053
internal_weight=888.14 231.047 85.0467 146 109 85 57 657.093 608.093 562.047 471.047 91 320 225
internal_count=873 226 80 146 109 85 57 647 598 557 466 91 320 225
is_linear=0
shrinkage=0.05


Tree=133
num_leaves=15
num_cat=0
split_feature=7 14 2 4 13 13 2 2 2 5 1 13 9 12
split_gain=1.39291 1.71618 2.4101 1.30363 1.013 1.6494 1.51335 1.00343 1.7999 1.30861 1.13564 1.60939 2.15887 1.32766
threshold=4.8500000000000005 0.6173310126210505 10.944650175563529 12.396072387223953 2.42247150652855 2.5688187898933337 11.894851609888947 14.233988297575522 13.66913883804069 7.4850506990208254 13.76304014984119 3.8088337008098008 0.25881904510252091 1.0000000180025095e-35
decision_type=2 2 2 2 8 10 2 2 2 2 2 10 2 10
left_child=-1 2 -2 4 -3 6 -6 8 9 10 11 -7 -13 -12
right_child=1 3 -4 -5 5 7 -8 -9 -10 -11 13 12 -14 -15
leaf_value=-0.0018049944088715298 0.0015910945211079046 0.002954276693172764 0.0039600398641585211 0.0032168561150080158 -0.034718046305662401 0.0061552152568434496 -0.0060639469006552819 0.0064106795625488823 -0.025510469973824879 -0.019044919800139937 -0.038960082741128055 -0.0060720350660670164 0.00642948715334164 -7.5915232322043568e-05
leaf_weight=48 123.04669761657715 38 25.093395233154297 46 24 163 27 50 49 32 27 34 26 169
leaf_count=48 118 38 15 46 24 163 27 50 49 32 27 34 26 169
internal_value=0.00105256 0.00153272 0.00639333 0.000473761 -0.000117187 -0.000622924 -0.00913462 0.000181488 -0.000499002 0.000497788 0.00125 0.00368304 -0.00327869 -0.00152284
internal_weight=881.14 833.14 148.14 685 639 601 51 550 500 451 419 223 60 196
internal_count=866 818 133 685 639 601 51 550 500 451 419 223 60 196
is_linear=0
shrinkage=0.05


Tree=134
num_leaves=15
num_cat=0
split_feature=2 13 2 9 11 0 13 0 7 14 15 13 4 15
split_gain=1.45511 1.90719 1.48046 1.29637 1.08763 1.01332 1.5881 1.45185 0.957556 1.90738 1.37533 1.1851 1.28909 1.17062
threshold=9.172039233726256 3.3466840214647262 7.3287099632352914 0.44032991850403941 1.0000000180025095e-35 13.870337082043978 3.2785555263786179 13.175294908959181 7.3500000000000005 7.0407342028791646 -1.2619349999999996 4.5257656101261263 4.2403942547612195 -0.30803999999999992
decision_type=2 10 2 2 2 2 10 2 2 2 2 8 2 2
left_child=1 3 4 -1 -3 6 7 -2 9 10 -7 -12 -13 -10
right_child=5 2 -4 -5 -6 8 -8 -9 13 -11 11 12 -14 -15
leaf_value=0.0031153266915866953 -0.014244487044661093 -0.014006965212380873 -0.0066688445178990016 -0.0030764296053147847 0.00016705234261109593 0.0040136403294196328 0.0052414670871839056 0.018438060561820135 0.018527235723634662 -0.025724899681532777 1.3573501784758247e-05 -0.0035735710965008553 -0.00070613577893937631 -0.0076339977280572516
leaf_weight=42 43 25 31.046697616577148 21 20 64.046697616577148 76.046697616577148 25 40 24 393 27.046697616577148 21 21
leaf_count=42 43 25 26 21 20 59 71 25 40 24 393 22 21 21
internal_value=0.000200186 -0.00447113 -0.00974951 0.00195312 -0.00380435 0.00108982 0.00483408 -0.000724638 0.000169178 -0.000518777 0.000148194 -0.000850968 -0.0081793 0.00604839
internal_weight=873.187 139.047 76.0467 63 45 734.14 144.047 68 590.093 529.093 505.093 441.047 48.0467 61
internal_count=853 134 71 63 45 719 139 68 580 519 495 436 43 61
is_linear=0
shrinkage=0.05


Tree=135
num_leaves=15
num_cat=0
split_feature=5 1 8 9 14 15 8 7 9 14 14 9 0 15
split_gain=1.42267 1.50584 1.15387 1.47562 1.30467 2.00867 1.85321 1.75158 2.18541 1.32795 1.94913 1.44852 1.8948 1.29065
threshold=9.8426782322207114 15.430374933573537 8.0500000000000025 -0.28818529450328151 3.1058110998530073 0.66927500000000018 12.050000000000002 5.1500000000000012 0.58411063003844077 0.68403410330662517 0.40661190182880841 0.26092512978024796 15.648777180913992 0.011770000000000001
decision_type=2 2 10 2 2 2 10 2 2 2 2 2 2 2
left_child=2 -2 3 -1 7 6 -6 8 -4 10 13 -11 -13 -9
right_child=1 -3 4 -5 5 -7 -8 9 -10 11 -12 12 -14 -15
leaf_value=0.0039206881821882257 0.0079614125630031573 0.00017563919900469573 0.0001927190762618214 -0.0014776153798537637 0.020842421841032646 -0.056940686125315138 -0.00088705375789657206 -0.0021076407822939736 -0.015756333468239871 0.0026975309490597124 0.0053788410892963781 0.00063188135261205147 -0.038642075565035253 0.0040870640492057103
leaf_weight=43 20 40 67 103.0933952331543 40 31 218 36 21 140 38.093395233154297 60 22 41.046697616577148
leaf_count=43 20 40 67 93 40 31 218 36 21 140 28 60 22 36
internal_value=0.000817928 0.00819672 0.000294348 -0.00373912 0.00112356 -0.00146552 0 0.00288286 -0.00337079 0.00452032 0.0088557 0.00224215 -0.00301205 0.00417913
internal_weight=920.233 60 860.233 146.093 714.14 289 258 425.14 88 337.14 115.14 222 82 77.0467
internal_count=895 60 835 136 699 289 258 410 88 322 100 222 82 72
is_linear=0
shrinkage=0.05


Tree=136
num_leaves=15
num_cat=0
split_feature=14 9 1 13 1 2 14 5 2 10 16 16 16 5
split_gain=1.38583 2.6204 2.22168 1.51392 1.36939 0.800884 1.75643 1.21093 1.27409 1.57584 1.28958 1.77218 0.952867 1.80093
threshold=0.6981668640907871 0.63605400036818838 10.135597600041464 3.094662338278956 11.491322867937805 11.862066468840895 1.404362585929035 6.6153774474657583 11.345376250047215 0.32762316226846638 0.10701500000000001 1.0000000180025095e-35 0.10701500000000001 5.9348933207832921
decision_type=2 2 2 10 2 2 2 2 2 2 2 2 2 2
left_child=1 2 -1 -4 -2 7 -7 8 10 -10 11 -6 -8 -14
right_child=4 -3 3 -5 5 6 12 -9 9 -11 -12 -13 13 -15
leaf_value=-0.015333826267634099 0.0072733997509416117 0.0029777955347801977 0.026078406341599705 -6.6141200284647322e-05 -0.00081788708540522228 0.028764842252278756 -0.00026050362148128948 -0.012847291960184172 -0.00018908369672451244 -0.050206087359057544 -0.0018303022437852869 0.01964152280882079 -0.00077482298538248404 0.011175638097688047
leaf_weight=25 36 75.186790466308594 41 85 27 29 272 34 41 25 52 34 77 32
leaf_count=25 36 55 41 85 27 29 272 34 41 25 52 34 77 32
internal_value=0.00127475 0.0046423 0.000822368 0.00354331 0.000113636 -0.000440705 0.000851582 -0.00292056 -0.00125 -0.00671642 0.00197368 0.00685484 -6.5445e-05 0.00386364
internal_weight=885.187 226.187 151 126 659 623 410 213 179 66 113 61 381 109
internal_count=865 206 151 126 659 623 410 213 179 66 113 61 381 109
is_linear=0
shrinkage=0.05


Tree=137
num_leaves=15
num_cat=0
split_feature=1 1 13 14 13 15 13 14 14 16 14 15 1 1
split_gain=2.06389 2.30565 2.54429 1.40712 2.07973 1.01917 1.38499 1.11553 1.04511 1.00374 1.20109 1.33874 0.93368 1.2176
threshold=9.9532426738528574 11.608527579552712 3.2785555263786179 5.9594395523767583 2.4531326585235829 0.66927500000000018 3.9169617688349754 1.6799638773548569 2.9046294002141204 0.10701500000000001 6.8257957688673239 -0.94165999999999983 15.713707227497345 14.588160058733136
decision_type=2 2 8 2 8 2 8 2 2 2 2 2 2 2
left_child=-1 2 -2 4 -3 6 -6 -8 -9 10 11 -5 13 -10
right_child=1 3 -4 9 5 -7 7 8 12 -11 -12 -13 -14 -15
leaf_value=-0.0019287982704060504 -0.0012466479276404486 0.016487304823432681 0.0083472654349042285 -0.018579814319979217 0.00061495258030821499 -0.0032281858938200472 -0.0016607895008378328 0.0026892916823001989 -0.011969262602383247 0.016775275491179655 -0.00625945495043585 0.014655738490742776 -0.041701910406981617 0.0068781523154518801
leaf_weight=49.046697616577148 29 39 39 21 349.04669761657715 117.04669761657715 57.046697616577148 31 24 23 39 20 20 30
leaf_count=44 29 39 39 21 344 112 52 31 24 23 39 20 20 30
internal_value=-0.000650015 -6.0976e-05 0.00869565 -0.000844422 -0.00168553 -0.00238606 -0.00141576 -0.00522039 -0.00212264 0.00456731 0.00185185 0.0077381 -0.00533333 -0.00181818
internal_weight=887.187 838.14 68 770.14 667.14 628.14 511.093 162.047 105 103 80 41 74 54
internal_count=867 823 68 755 652 613 501 157 105 103 80 41 74 54
is_linear=0
shrinkage=0.05


Tree=138
num_leaves=15
num_cat=0
split_feature=13 3 9 2 0 5 5 5 0 15 2 15 9 0
split_gain=1.75031 2.58846 1.48409 1.36942 1.1085 1.63559 2.00375 1.06763 0.968175 0.951042 2.33558 1.88478 1.53843 1.50276
threshold=4.0015463738906556 8.9553736943315538 0.25881904510252091 11.210599421575576 16.678765912782456 9.8426782322207114 8.3166628455135054 2.2154083994216571 15.500730383620985 -0.75983499999999993 1.0000000180025095e-35 -0.79966499999999996 -0.054514371903161107 16.025027961080848
decision_type=10 2 2 2 2 2 2 2 2 2 2 2 2 2
left_child=4 3 -3 -2 5 6 9 -6 -4 11 -11 12 -1 -12
right_child=1 2 8 -5 7 -7 -8 -9 -10 10 13 -13 -14 -15
leaf_value=-0.00095998576154125996 -0.0031328573484419534 -0.011496380736180501 0.023081054290640602 -0.0030763872141623561 0.00079781457772701856 0.0056393557925957793 -0.019072244136799199 -0.033389354518430996 -0.00093966981982960282 0.0099991910538819659 -0.00016686472650356555 0.014659126683453129 0.0049224822080091773 0.0056112532294205764
leaf_weight=59 40 49 22 29.046697616577148 37 40 24 22 25 38.046697616577148 343.0933952331543 28 81.046697616577148 41
leaf_count=59 40 49 22 24 37 40 24 22 25 33 333 28 76 41
internal_value=0.000854344 -0.00377103 0.00154639 -0.0110807 0.00192854 0.00252193 0.00187315 -0.00458333 0.0078125 0.00245664 0.0011844 0.00562665 0.00319871 0
internal_weight=878.233 165.047 96 69.0467 713.187 654.187 614.187 59 47 590.187 422.14 168.047 140.047 384.093
internal_count=853 160 96 64 693 634 594 59 47 570 407 163 135 374
is_linear=0
shrinkage=0.05


Tree=139
num_leaves=15
num_cat=0
split_feature=14 9 13 5 7 2 3 14 16 9 3 14 14 13
split_gain=1.54296 1.56774 1.67961 1.11062 1.03496 2.59792 1.68809 2.27069 1.90447 2.05034 1.9374 1.20753 1.36795 1.19361
threshold=6.135404919216473 -0.67378604238638873 4.5860782025350835 8.4353839539398141 5.3500000000000005 8.369271549049996 11.431447469060666 2.8764012307647548 1.0000000180025095e-35 0.26092512978024796 1.3195286648076296 2.6270969435730076 1.5868812521727478 2.9600572249648573
decision_type=2 2 10 2 2 2 2 2 2 2 2 2 2 10
left_child=1 -1 3 4 5 -3 7 8 9 -6 -10 12 -12 -7
right_child=-2 2 -4 -5 6 13 -8 -9 10 -11 11 -13 -14 -15
leaf_value=-0.0023586051514047968 0.0016154329734512141 0.0015635093160174065 0.00020434847750187618 -0.031011697267754615 0.012369510059848099 -0.030395204976933182 -0.0020182982040537036 0.013551809350157673 0.0025406041213874944 -0.020262229892072395 -0.00049781641542705484 -0.0076320646239837146 0.014146879888236309 -0.00015785517954727547
leaf_weight=185 87 32.046697616577148 24.046697616577148 21 26 25 131 79 38.093395233154297 28 70 20 62 63.046697616577148
leaf_count=185 87 27 19 21 26 25 131 79 28 28 70 20 62 58
internal_value=0.000816493 0.000128537 0.00133579 0.000800647 0.00122106 -0.00289033 0.00231235 0.00424981 0.00184556 -0.00636364 0.00419865 0.00163399 0.00338346 -0.00731265
internal_weight=891.233 804.233 619.233 595.187 574.187 120.093 454.093 323.093 244.093 54 190.093 152 132 88.0467
internal_count=866 779 594 575 554 110 444 313 234 54 180 152 132 83
is_linear=0
shrinkage=0.05


Tree=140
num_leaves=15
num_cat=0
split_feature=1 8 2 15 13 2 7 13 0 15 13 0 8 10
split_gain=0.972758 0.839363 1.20895 1.24591 1.86509 2.25907 1.59257 1.27643 1.08758 1.50968 1.60704 1.4493 1.44633 1.29913
threshold=16.678821448768947 9.943500000000002 12.431898429844589 -0.023674999999999998 3.6685709561006159 11.083614526953589 5.7500000000000009 3.9294862086481843 13.967506422254475 -0.94026999999999983 3.6612753964181159 14.145111776135662 31.250000000000004 -0.62758608479379874
decision_type=2 10 2 2 8 2 2 8 2 2 10 2 10 2
left_child=1 2 3 6 5 -5 -1 -8 9 -3 12 -10 13 -11
right_child=-2 8 -4 4 -6 -7 7 -9 11 10 -12 -13 -14 -15
leaf_value=-0.0045698287918634452 0.0089944717141268171 0.0010454944536370525 -0.0019791622522077335 -0.0062675998179299924 0.0081094725372910306 0.02241030807369291 -0.0017185513024863932 0.0051312560103767228 0.0099504621659259225 3.4581589700655169e-05 -0.025080152267885115 0.00026793344159623537 0.0051764983606303223 -0.020410737717800744
leaf_weight=21 20 45 42 30 31.093395233154297 23 22 21 31 30 29 457.0933952331543 36 49
leaf_count=21 20 45 42 30 21 23 22 21 31 30 29 447 36 49
internal_value=0.00126925 0.00101054 0.003937 0.00605215 0.0100165 0.00416667 0.000769231 0.00625 0.00018434 -0.00302632 -0.00551724 0.00143122 -0.00280172 -0.0065625
internal_weight=887.187 867.187 190.093 148.093 84.0934 53 64 43 677.093 189 144 488.093 115 79
internal_count=867 847 180 138 74 53 64 43 667 189 144 478 115 79
is_linear=0
shrinkage=0.05


Tree=141
num_leaves=15
num_cat=0
split_feature=13 13 14 3 1 0 16 0 7 7 14 1 10 3
split_gain=1.57872 1.49655 1.22912 1.71104 1.44243 1.2968 1.22389 1.28051 1.06312 0.992176 2.12226 1.43347 1.4138 1.09286
threshold=2.3612734380892113 4.5604175150320758 6.135404919216473 13.969652893405295 14.22731065189209 15.228592231224935 0.37080500000000005 14.901640119333409 6.6500000000000012 6.2500000000000009 3.7999589334228783 15.399805717441067 0.61221145216718942 10.402791739036198
decision_type=8 10 2 2 2 2 2 2 2 2 2 2 2 2
left_child=-1 2 4 -4 6 8 -2 -8 -6 12 -11 -12 13 -7
right_child=1 -3 3 -5 5 9 7 -9 -10 10 11 -13 -14 -15
leaf_value=0.0070576410075008592 0.00090939906137472439 0.00063744889648074889 0.0070967834979429158 -0.00024293841778626481 -0.013693600211842894 -0.00013462220341345921 -0.0049463544412233244 0.0033379877413115102 -0.00017074720716530047 -0.015947605260532443 0.022792527004512841 -0.013331062826495921 -0.0098179072490336868 0.012777074526473187
leaf_weight=40 372.0933952331543 46.046697616577148 40 38 42 36 66.046697616577148 30 20 29 34 27 26 33
leaf_count=40 362 41 40 38 42 36 61 30 20 29 34 27 26 33
internal_value=0.0013944 0.000925193 0.000410718 0.00632911 -0.000242735 -0.00332661 0.001388 -0.00361854 -0.00952381 -0.00120968 -0.00494505 0.000403226 0.00234375 0.00607143
internal_weight=879.187 839.187 793.14 78 715.14 247 468.14 96.0467 62 185 90 61 95 69
internal_count=859 819 778 78 700 247 453 91 62 185 90 61 95 69
is_linear=0
shrinkage=0.05


Tree=142
num_leaves=15
num_cat=0
split_feature=1 1 1 15 14 15 0 7 14 13 1 3 13 13
split_gain=1.5022 1.7951 0.869005 1.32551 1.99071 1.17603 1.12443 1.6216 1.41529 1.69596 1.98444 1.08405 2.7462 1.53306
threshold=9.9532426738528574 11.11698721532847 12.116287536430383 0.011770000000000001 2.0264800997683281 -0.30803999999999992 15.335376456282681 5.4500000000000011 2.6270969435730076 3.4282904644093786 12.847149248795558 9.511888355722272 3.9294862086481843 3.2837557712968031
decision_type=2 2 2 2 2 2 2 2 2 8 2 2 10 10
left_child=-1 -2 3 4 -3 11 8 -8 9 -7 -11 12 -4 -13
right_child=1 2 5 -5 -6 6 7 -9 -10 10 -12 13 -14 -15
leaf_value=-0.0020071972455790294 0.0021554944222582696 -0.0022969248855439005 0.013098760133566098 0.0084885776221719448 -0.0017459701318163435 0.00096440000638079457 -0.015758207244845935 0.0035298084764513018 -0.014953668797262587 -0.0039609793642107812 0.00016979624526130001 -0.0027567276924921561 -0.0016061492431302948 0.001135963432371634
leaf_weight=51.046697616577148 37 27.046697616577148 80.046697616577148 34 23 63 24 135 74 26.046697616577148 34 112 37 129
leaf_count=46 37 22 75 34 23 63 24 135 74 21 34 112 37 129
internal_value=5.37261e-05 0.00056669 6.11064e-05 -0.00471703 -0.00981782 0.000629288 -0.00140365 0.00171875 -0.00391911 -0.000614022 -0.00657148 0.00264915 0.00657509 0.00072314
internal_weight=886.187 835.14 798.14 84.0467 50.0467 714.093 356.047 159 197.047 123.047 60.0467 358.047 117.047 241
internal_count=866 820 783 79 45 704 351 159 192 118 55 353 112 241
is_linear=0
shrinkage=0.05


Tree=143
num_leaves=15
num_cat=0
split_feature=15 11 9 0 0 7 0 9 13 16 1 2 0 5
split_gain=1.75357 0.802274 0.844033 0.781301 1.5551 0.715464 1.78108 1.5997 0.959517 0.872062 1.12678 2.00835 1.08431 1.06983
threshold=0.82512500000000011 1.0000000180025095e-35 0.3379038511701401 11.194996633038054 12.341179895169182 5.3500000000000005 14.464267589552852 0.25881904510252091 3.4282904644093786 0.10701500000000001 13.76304014984119 9.4674765584240426 15.4393774336926 6.3157355456728945
decision_type=2 2 2 2 2 2 2 2 10 2 2 2 2 2
left_child=3 2 -2 -1 -5 6 8 -8 -6 10 11 -7 -11 -14
right_child=1 -3 -4 4 5 9 7 -9 -10 12 -12 -13 13 -15
leaf_value=0.0048611662163145393 -0.001602001162373079 -0.00036234870353812898 -0.00027881005778053312 -0.020291008997736476 0.0017223153471629172 -0.0081352094055695996 -0.001123521264462113 -0.029356121788647816 -0.005736379452173368 0.00017365441301913089 -0.00019789521369763531 0.0037012936689170455 0.0083069105081677638 0.0092863185121581319
leaf_weight=54.046697616577148 39 39 33.093395233154297 35 31 26 39 20 23 72 277 111.04669761657715 50 21
leaf_count=49 39 39 23 35 31 26 39 20 23 72 277 106 50 21
internal_value=0.000688716 -0.00515048 -0.00824062 0.00154893 0.00109931 0.00164097 -0.00197368 -0.00791667 0.00454545 0.00237645 0.0012075 0.00489811 0.00572917 0.0100694
internal_weight=870.187 111.093 72.0934 759.093 705.047 670.047 113 59 54 557.047 414.047 137.047 143 71
internal_count=850 101 62 749 700 665 113 59 54 552 409 132 143 71
is_linear=0
shrinkage=0.05


Tree=144
num_leaves=15
num_cat=0
split_feature=15 9 8 8 14 14 14 10 13 10 15 10 9 8
split_gain=1.52956 1.97282 1.1398 2.06154 0.985764 0.968932 1.36421 0.94307 0.907642 0.840561 1.97668 1.2769 1.18511 1.82219
threshold=0.66927500000000018 0.85034413025525935 11.500000000000002 14.950000000000001 7.6128667238372563 6.074636498170892 5.4932001282308471 0.52435624418390925 4.6121095192036483 0.370557437509836 0.11731000000000001 0.25881904510252057 0.84103100687915511 6.9500000000000011
decision_type=2 2 8 10 2 2 2 2 8 2 2 2 2 10
left_child=4 2 -2 -4 5 6 8 -5 9 10 11 -1 13 -11
right_child=1 -3 3 7 -6 -7 -8 -9 -10 12 -12 -13 -14 -15
leaf_value=2.1601383262126461e-05 -0.010071662803009057 -0.0011996915035416959 0.022863077890452856 -0.0085702910828113991 -0.0093258043396083675 0.004834621070809942 -0.013256925093968764 0.0016909127538900838 0.0032156395099393388 -0.015450136904098945 0.0095674677073515086 0.0030688985053843273 -0.020041246751952568 0.0007749891821999755
leaf_weight=256 37 41.093395233154297 23 34 28 56 37 30 32 21 100.04669761657715 24.046697616577148 25 143
leaf_count=256 37 31 23 34 28 56 37 30 32 21 95 19 25 143
internal_value=0.00115404 -0.00317493 0 0.003125 0.0021468 0.00252101 0.00195955 -0.00153846 0.00253671 0.00206516 0.00341736 0.0012495 -0.000657895 0.000909091
internal_weight=887.187 165.093 124 87 722.093 694.093 638.093 64 601.093 569.093 380.093 280.047 189 164
internal_count=867 155 124 87 712 684 628 64 591 559 370 275 189 164
is_linear=0
shrinkage=0.05


Tree=145
num_leaves=15
num_cat=0
split_feature=14 15 2 1 1 9 10 15 1 2 14 1 10 13
split_gain=1.29727 2.26524 1.48725 2.53558 1.54585 1.13639 0.985479 0.97714 1.16955 0.860863 0.848039 1.25299 1.51505 2.18885
threshold=0.048652343132513279 0.63776500000000014 9.172039233726256 11.11698721532847 12.147605239729323 0.38469719700095528 0.23766552919915279 0.66927500000000018 14.070538460099918 1.0000000180025095e-35 6.8257957688673239 14.982908394901942 -0.50376918148035232 4.1608181327570675
decision_type=2 2 2 2 2 2 2 2 2 2 2 2 2 8
left_child=1 9 6 -4 5 -5 -2 8 -6 -1 11 -10 13 -13
right_child=2 -3 3 4 7 -7 -8 -9 10 -11 -12 12 -14 -15
leaf_value=-0.015818449082365984 -0.00085649774983014297 0.0070613800180415439 0.0083946474561001263 -0.0010641392102372748 0.0058448535287391138 -0.0040276258040313198 -0.021476316261130547 -0.0042759871188169816 -0.00081766323332930222 0.0011138181235230916 -0.0097670653705543634 0.022357192962744854 -0.00010716877295087192 -0.0028132147758084926
leaf_weight=27 37 39.093395233154297 31.046697616577148 31 210 26.046697616577148 22 118 150 20 43 31 85 26
leaf_count=27 37 29 26 31 210 21 22 118 150 20 43 31 85 26
internal_value=0.0011172 0.00691597 0.000493161 0.00109694 0.000483786 -0.0073418 -0.00708333 0.00116717 0.00206044 -0.000520833 0.000223214 0.00119454 0.00454545 0.0107759
internal_weight=896.187 86.0934 810.093 751.093 720.047 57.0467 59 663 545 47 335 292 142 57
internal_count=876 76 800 741 715 52 59 663 545 47 335 292 142 57
is_linear=0
shrinkage=0.05


Tree=146
num_leaves=15
num_cat=0
split_feature=14 5 8 0 16 0 16 2 14 0 10 15 9 7
split_gain=1.28699 1.97805 1.31671 1.29755 2.17308 1.98687 1.97078 1.41728 1.22509 1.1093 1.07209 2.49804 1.61865 1.57003
threshold=6.2020731521865429 8.4353839539398141 71.850000000000009 13.041378880533072 1.0000000180025095e-35 11.375040743560087 1.0000000180025095e-35 8.9585392840773732 4.7047332155314949 16.989647723649092 -0.061027619725079495 0.17533000000000001 0.3379038511701401 5.8500000000000005
decision_type=2 2 10 2 2 2 2 2 2 2 2 2 2 2
left_child=1 2 3 4 -1 -6 8 -7 -5 10 12 -12 -8 -13
right_child=-2 -3 -4 6 5 7 9 -9 -10 -11 11 13 -14 -15
leaf_value=0.0023695072966524846 0.0015231480353864236 -0.017086947674130281 -0.0021642546523328089 -0.00081790763054168103 0.00088863797702818314 -0.0031585374579699457 0.0051900110012028655 -0.010418244758983029 0.0054161616602334652 -0.0058861384293338315 0.0041926769381128185 -0.0042853632363985096 -0.0035054966070670046 0.016425022957140857
leaf_weight=29 92 33 24 126 42.046697616577148 27 112 37.046697616577148 26 38 119.0933952331543 77 69 48
leaf_count=29 92 33 24 126 37 27 112 32 26 38 109 77 69 48
internal_value=0.00141897 0.000776225 0.00129302 0.00166714 -0.00275546 -0.00606947 0.00264138 -0.0115481 -0.00228758 0.00426064 0.00499265 0.00714966 0.00206044 0.00218254
internal_weight=899.187 807.187 774.187 750.187 135.093 106.093 615.093 64.0467 152 463.093 425.093 244.093 181 125
internal_count=879 787 754 730 125 96 605 59 152 453 415 234 181 125
is_linear=0
shrinkage=0.05


Tree=147
num_leaves=15
num_cat=0
split_feature=5 0 14 15 2 14 2 2 3 10 14 14 16 9
split_gain=2.04122 0.782177 1.73689 2.28259 0.984617 0.876201 1.66819 0.811521 2.39449 1.33529 1.23481 1.49971 1.29078 1.06922
threshold=9.8426782322207114 13.041378880533072 0.013506875139370347 -1.1641199999999998 11.164513976957165 0.02092948555230718 7.3287099632352914 11.015872523953945 2.3410656135621104 -0.13917177613245105 5.9594395523767583 5.4932001282308471 1.0000000180025095e-35 1.0000000180025095e-35
decision_type=2 2 2 2 2 2 2 2 2 2 2 2 2 2
left_child=1 2 -1 -4 -5 -3 -7 8 -8 13 11 -9 -12 -10
right_child=-2 5 3 4 -6 6 7 10 9 -11 12 -13 -14 -15
leaf_value=0.0044402086873130825 0.002744967353717809 -0.0096536043851589322 0.00084015409747705276 -0.023358099395284427 -0.0042972828296390818 0.026904988429022517 -0.0019849335540318702 -5.057272714016348e-05 0.0049305104511427229 0.01436685993072322 0.011093474956851958 -0.017374651197826021 -0.011153340435446957 -0.0018295880790194286
leaf_weight=29.046697616577148 57 22 38 51 22 21 37 411 28 66 20 28 26 32
leaf_count=24 57 22 38 51 22 21 37 411 28 66 20 28 26 32
internal_value=0.000844913 0.000211728 -0.00318216 -0.00602679 -0.0111486 0.000903179 0.00123134 0.000770416 0.00381098 0.00708661 -0.000257202 -0.00107955 0.00744681 0.00163934
internal_weight=888.047 831.047 140.047 111 73 691 669 648 163 126 485 439 46 60
internal_count=883 826 135 111 73 691 669 648 163 126 485 439 46 60
is_linear=0
shrinkage=0.05


Tree=148
num_leaves=15
num_cat=0
split_feature=3 1 1 8 8 10 3 10 15 13 8 8 1 13
split_gain=0.85938 1.58151 1.1534 0.887165 1.85921 1.24084 1.75842 1.71416 1.37277 1.35384 1.18132 1.8566 1.159 1.07554
threshold=13.738557155961646 15.797906090047203 16.367954559408847 14.65 13.15 0.91523306216449185 1.3195286648076296 0.49240481012316867 0.82512500000000011 3.4968108626794572 5.0500000000000007 9.3855000000000022 15.399805717441067 2.6428040727087132
decision_type=2 2 2 10 8 2 2 2 2 10 10 10 2 8
left_child=2 -2 3 4 5 6 9 8 10 -1 -8 -12 13 -5
right_child=1 -3 -4 12 -6 -7 7 -9 -10 -11 11 -13 -14 -15
leaf_value=1.3212483770908002e-05 0.014386994997035864 -0.0043161766093456457 0.012125579810072652 0.0017358536665182944 0.0086557225864736485 -0.00056668281186476562 0.0017211597693165938 0.0051084773687708031 0.0029839700513585757 0.007469132799329186 -0.009654022108058536 -0.00064080487258306735 -0.0080528603107348218 -0.00027147273118890427
leaf_weight=29 31 33 26 36 35.046697616577148 37.046697616577148 25 64 24 41.093395233154297 45 59 48 350
leaf_count=29 31 33 26 36 30 32 25 64 24 31 45 59 48 350
internal_value=0.00138809 0.00692308 0.000947753 0.000601036 0.00243578 0.00123383 0.00235109 0.000114679 -0.00275974 0.00917575 -0.00480769 -0.00714286 -0.00091954 0
internal_weight=883.187 64 819.187 793.187 359.187 324.14 287.093 217 153 70.0934 129 104 434 386
internal_count=863 64 799 773 339 309 277 217 153 60 129 104 434 386
is_linear=0
shrinkage=0.05


Tree=149
num_leaves=15
num_cat=0
split_feature=5 5 13 13 2 2 2 3 15 5 4 14 13 7
split_gain=1.13468 1.94034 1.14685 0.903494 0.914502 0.913027 2.03553 1.75532 2.17934 1.5368 1.7419 1.58278 1.50342 2.72267
threshold=9.8426782322207114 8.4353839539398141 3.4886076254492751 2.4531326585235829 11.964177395435597 11.575179329836422 11.327456641317992 11.431447469060666 0.66927500000000018 5.8442286787023843 7.0246486346884831 0.75954717187007736 3.1062043792790042 4.8500000000000005
decision_type=2 2 8 8 2 2 2 2 2 2 2 2 8 2
left_child=1 3 -2 4 -1 6 9 -7 -9 10 11 12 -5 -14
right_child=2 -3 -4 5 -6 7 -8 8 -10 -11 -12 -13 13 -15
leaf_value=0.02873705790576906 0.0013407074785454665 -0.015702062258129958 0.0039138659961010184 0.023855735266089508 -0.0003080131385285068 0.0029200906109686509 -0.0024384864065247393 0.00022794913614363477 -0.058529232102047149 -0.012853547691988388 0.009669032187268313 -0.0043457152766171797 -0.013693390531561114 0.00087779811132165377
leaf_weight=21 37 34 20 46 20 184.04669761657715 50.046697616577148 159 20 24 39 72 29 123.0933952331543
leaf_count=21 37 34 20 46 20 179 45 159 20 24 39 72 29 113
internal_value=0.000568707 9.12201e-05 0.00732759 0.000602649 0.0077381 0.000200753 -0.00149989 0.00199471 -0.00152778 -7.48294e-05 0.00088683 -0.000553315 0.00175797 -0.000653196
internal_weight=878.187 821.187 57 787.187 41 746.187 383.14 363.047 179 333.093 309.093 270.093 198.093 152.093
internal_count=858 801 57 767 41 726 368 358 179 323 299 260 188 142
is_linear=0
shrinkage=0.05


Tree=150
num_leaves=15
num_cat=0
split_feature=1 13 2 0 2 10 10 14 15 1 16 1 12 4
split_gain=1.46485 2.4882 1.88031 1.56034 1.16504 1.2234 1.0278 1.37389 1.46717 1.38041 1.48477 0.961084 1.05332 0.88647
threshold=11.646432995679277 3.3112361679976097 8.7777284044710679 12.657179985727591 14.013624873329514 0.26512974748379775 0.96126169593831889 4.2009344006411995 -0.92700999999999989 14.551592428090471 0.10701500000000001 15.218533807460242 2.5000000000000004 9.3263113378754525
decision_type=2 8 2 2 2 2 2 2 2 2 2 2 10 2
left_child=1 3 -3 -1 6 11 7 13 -9 -10 -11 -6 -13 -2
right_child=4 2 -4 -5 5 -7 -8 8 9 10 -12 12 -14 -15
leaf_value=-0.015347026703795515 -7.8807416090265209e-05 0.00065199490114510323 0.0057436440755999612 0.0016514316256803219 0.01491760688348891 -0.00042107975904477347 0.0045251998594990853 0.0019349222089527496 -0.035603510078340443 -0.013600863654179807 0.0032530340483896136 0.0035560489456505362 -0.0024408756698379164 0.021957378169827124
leaf_weight=21 441.0933952331543 40.046697616577148 43.093395233154297 28 22 43 72 29 39 31 22 38 23 21
leaf_count=21 431 35 33 28 22 43 72 29 39 31 22 38 23 21
internal_value=0.00156251 0.00641056 0.0116294 -0.0025 0.000735206 0.00511811 -0.000114313 -0.000813226 -0.00553279 -0.00860215 -0.00324074 0.00863095 0.00524194 0.000431878
internal_weight=913.233 132.14 83.1401 49 781.093 126 655.093 583.093 121 92 53 83 61 462.093
internal_count=888 117 68 49 771 126 645 573 121 92 53 83 61 452
is_linear=0
shrinkage=0.05


Tree=151
num_leaves=15
num_cat=0
split_feature=10 0 8 8 2 15 16 0 3 3 8 5 2 0
split_gain=0.952276 1.04234 1.14568 1.55714 1.12863 1.76604 1.71496 1.78513 1.71904 2.09363 1.48372 1.44674 2.22419 1.51949
threshold=0.99826323448960796 11.375040743560087 41.20000000000001 48.800000000000004 11.518526451329047 -0.63385499999999995 0.10701500000000001 15.073977246777257 11.16144620573994 12.746372352841631 18.990000000000006 5.3844529770182641 11.327456641317992 14.951744793098303
decision_type=2 2 10 10 2 2 2 2 2 2 10 2 2 2
left_child=1 -1 4 -4 11 10 7 -7 -9 -10 -6 12 13 -3
right_child=-2 2 3 -5 5 6 -8 8 9 -11 -12 -13 -14 -15
leaf_value=0.0013031063052841168 0.0042548868507009232 -0.0001387312538370043 -0.013035507362813115 -0.00013031740456461715 0.0054458246169703751 -0.020795433851093018 0.0047463795140749721 0.01209785740050693 -0.026122060774441316 0.019589232169949525 0.0004755915442372638 -0.0034179541179199637 -0.0014618232345107248 0.0084759254764642522
leaf_weight=59.046697616577148 26 178.0933952331543 28 57 94.046697616577148 39 103 31 35 23 67 34 31.046697616577148 96
leaf_count=54 26 168 28 57 89 39 103 31 35 23 67 34 26 96
internal_value=0.0018578 0.00157055 0.00110134 -0.00436047 0.00174136 0.00356489 0.00075431 -0.00310078 0.000833333 -0.00423729 0.00756675 -0.000370928 0.000731144 0.00218108
internal_weight=901.233 875.233 816.187 85 731.187 392.047 231 128 89 58 161.047 339.14 305.14 274.093
internal_count=876 850 796 85 711 387 231 128 89 58 156 324 290 264
is_linear=0
shrinkage=0.05


Tree=152
num_leaves=15
num_cat=0
split_feature=0 10 1 3 13 16 13 1 2 0 13 13 8 16
split_gain=1.41559 1.43602 1.07733 1.40861 1.54636 1.3113 1.97176 1.5476 1.39596 1.25902 1.13169 1.1191 1.02959 1.34442
threshold=11.473377350654021 0.23766552919915279 16.367954559408847 13.588352058178069 3.8967886388235606 1.0000000180025095e-35 3.4968108626794572 14.22731065189209 11.500050041309214 12.712674849452986 3.4797947196669452 3.7266031251534857 7.7500000000000009 0.10701500000000001
decision_type=2 2 2 2 8 2 10 2 2 2 10 10 10 2
left_child=1 -1 3 4 5 7 9 10 11 -7 -2 -8 -6 -14
right_child=2 -3 -4 -5 12 6 8 -9 -10 -11 -12 -13 13 -15
leaf_value=0.007571158891871977 0.0051054147500126995 -0.0007980001521709746 0.0077085759231312334 0.0045791338482055188 0.0030973056011818659 -0.035927690592514806 -0.00036514313793388324 -0.012737085250363746 0.0030820410014118014 0.000492913515300919 -0.0039219766091944169 0.00055174814826245788 -0.00023242394595105934 -0.011917270817914515
leaf_weight=35.046697616577148 41 25 37 55 29 20 42.046697616577148 59 50.046697616577148 291 25 28.046697616577148 127.04669761657715 41
leaf_count=30 41 25 37 55 29 20 37 59 45 291 25 23 122 41
internal_value=0.000856476 0.00820957 0.000324987 -6.17904e-05 -0.000629817 0.000720048 0.00202751 -0.00376984 0.00743905 -8.01282e-05 0.00149254 0.0028132 -0.00442404 -0.00592243
internal_weight=905.233 60.0467 845.187 808.187 753.187 556.14 431.14 125 120.14 311 66 70.0934 197.047 168.047
internal_count=880 55 825 788 733 541 416 125 105 311 66 60 192 163
is_linear=0
shrinkage=0.05


Tree=153
num_leaves=15
num_cat=0
split_feature=2 4 14 7 9 14 14 9 15 15 15 8 7 0
split_gain=1.00598 1.08033 1.41018 2.00922 1.92191 1.96337 2.44326 2.43997 1.9955 1.71925 1.47572 1.33909 1.2483 1.2255
threshold=14.233988297575522 12.267548298816605 3.4915701269434289 6.3500000000000005 -0.015270128796310487 2.8066333838332231 0.10274084263876529 0.26092512978024796 0.63776500000000014 -0.92700999999999989 -1.1068949999999997 19.900000000000002 5.9500000000000011 15.748715777478411
decision_type=2 2 2 2 2 2 2 2 2 2 2 10 2 2
left_child=1 2 4 12 10 6 8 -8 -6 -9 -1 -5 -4 -11
right_child=-2 -3 3 11 5 -7 7 9 -10 13 -12 -13 -14 -15
leaf_value=-0.013391373075194037 0.0012374310941643653 0.0058355366033595148 -0.0036512424678099009 0.0030813095917544332 0.00011810142411201042 0.0087206703355897208 0.018216556906153342 0.00098438663060694022 0.0055762535786472393 -0.00040671402140771818 -0.00029455649630136808 -0.0066878914069757218 -0.030340803485920789 -0.024910511937846682
leaf_weight=37 91 22 44 54 29 50 59 26.046697616577148 34.093395233154297 94.046697616577148 210 78 43 28
leaf_count=37 91 22 44 54 29 50 59 21 24 89 210 78 43 28
internal_value=0.000752438 0.000188257 -0.000124069 -0.00352273 0.0011921 0.00374341 0.00203673 -0.000600692 0.0105679 -0.00402432 -0.00211694 0.00037594 -0.009375 -0.00651108
internal_weight=899.187 808.187 786.187 219 567.187 320.187 270.187 207.093 63.0934 148.093 247 132 87 122.047
internal_count=879 788 766 219 547 300 250 197 53 138 247 132 87 117
is_linear=0
shrinkage=0.05


Tree=154
num_leaves=15
num_cat=0
split_feature=0 13 0 2 2 13 9 9 4 2 2 13 16 10
split_gain=1.78204 0.835938 1.13254 1.72138 1.36159 1.20325 1.11146 1.1074 1.09664 1.26392 1.79256 1.01179 1.11023 1.73647
threshold=17.257980813679236 3.0173076496044242 12.792548993907984 8.6059762669598978 7.3287099632352914 3.3408376412471035 -0.96703673333358797 0.25881904510252091 12.433995885114134 8.6864535028957413 11.563466587819351 3.1062043792790042 0.10701500000000001 -0.26932402956675622
decision_type=2 10 2 2 2 10 2 2 2 2 2 10 2 2
left_child=1 8 5 4 -4 -3 -5 -7 9 -1 -11 -8 13 -13
right_child=-2 2 3 6 -6 7 11 -9 -10 10 -12 12 -14 -15
leaf_value=0.014372619485798255 0.0041065483212533891 -0.00046985677954445307 -0.0065066023771539194 0.0052756662743208005 -0.00066280151776245159 0.0011126038324701631 0.013226995907906082 0.0015397368216093061 0.0040871277267946482 -0.011647407204749861 -0.00064229217065394641 0.0013788864968456993 0.0011734302613808146 -0.0017019922584159163
leaf_weight=33 33 26 31 27 21.046697616577148 35 28 26.046697616577148 20 69 150 101 180 124.04669761657715
leaf_count=33 33 26 31 27 16 35 28 21 20 69 150 101 180 119
internal_value=0.00126923 0.00082995 0.00187262 0.000969931 -0.00756253 0.00711177 0.00194955 0.0108977 -0.0014652 -0.00237154 -0.00375 0.00132205 0.000674387 -0.00166411
internal_weight=904.14 871.14 599.14 512.093 52.0467 87.0467 460.047 61.0467 272 252 219 433.047 405.047 225.047
internal_count=889 856 584 502 47 82 455 56 272 252 219 428 400 220
is_linear=0
shrinkage=0.05


Tree=155
num_leaves=15
num_cat=0
split_feature=8 8 8 9 15 2 0 1 9 15 3 2 8 0
split_gain=0.980267 1.10841 1.4509 1.4364 1.7457 1.26999 1.04688 1.01175 1.02341 1.38317 1.60324 1.36077 1.21307 1.15325
threshold=40.760000000000005 32.050000000000004 29.975000000000005 0.97014794553715189 1.0381650000000002 10.352761963593805 14.477298238986755 16.631081622174246 -0.95134567273905335 -0.67852499999999993 9.3599645849984139 11.549255986512796 22.250000000000004 15.048160610447411
decision_type=10 8 10 2 2 2 2 2 2 2 2 2 10 2
left_child=1 2 3 4 7 -6 -2 8 -1 11 -11 -10 -12 -13
right_child=6 -3 -4 -5 5 -7 -8 -9 9 10 12 13 -14 -15
leaf_value=0.0033197338574974646 6.2610412021446568e-05 0.003836646572659841 -0.020325060650262385 0.00025725056684093096 -0.011390671705733733 -0.00085535791313291483 -0.0057430547614101936 0.016567571939185788 -0.0020387540976465114 0.00061935276058480411 -0.0044616099292255516 0.012967604269190093 0.00033925907245269116 0.001450423495449127
leaf_weight=63 30 88 26 40.046697616577148 36.046697616577148 46 65 20 70 137.04669761657715 121 40.046697616577148 28 70
leaf_count=63 30 88 26 35 31 46 65 20 70 132 121 35 28 70
internal_value=0.0003431 0.000925143 0.000253993 0.000710122 0.000120491 -0.00663684 -0.00442708 0.00114042 0.000711827 -0.000102046 -0.00226037 0.00332051 -0.00583333 0.00676443
internal_weight=880.187 785.187 697.187 671.187 631.14 82.0467 95 549.093 529.093 466.093 286.047 180.047 149 110.047
internal_count=860 765 677 651 616 77 95 539 519 456 281 175 149 105
is_linear=0
shrinkage=0.05


Tree=156
num_leaves=15
num_cat=0
split_feature=1 13 1 10 7 0 16 7 13 0 0 9 13 13
split_gain=1.90651 2.24824 2.11525 1.65839 1.36044 1.34249 1.08747 1.65548 1.57341 1.23172 3.61813 1.3719 1.11581 1.64894
threshold=11.885105159201204 3.2837557712968031 12.147605239729323 -0.97533303595258414 5.7500000000000009 12.367589927607527 0.10701500000000001 6.7500000000000009 3.5483580088285533 14.080199836281851 14.91411550242956 -0.70864607840491678 4.2571344728507414 3.599831998686374
decision_type=2 8 2 2 2 2 2 2 10 2 2 2 10 10
left_child=1 5 -2 -4 -3 -1 12 8 9 -8 -11 -12 13 -5
right_child=2 4 3 6 -6 -7 7 -9 -10 10 11 -13 -14 -15
leaf_value=-0.010566361237346812 -0.015947637282250127 0.00092622926288978978 -0.0026841663901535865 8.5471453436380967e-05 0.0025508352688046521 0.01111476697614191 0.0077646034598408244 0.022600100327630913 0.0010882137127884047 -0.023283615175840124 0.025347323360285681 -0.0029698063371658592 0.003583785956812502 -0.0078857608461667238
leaf_weight=26 29 40.140092849731445 38 282 53 36 32 28 88.046697616577148 24 21 51 64 84
leaf_count=26 29 25 38 282 53 36 32 28 83 24 21 51 64 84
internal_value=0.00156564 0.00658705 0.000506932 0.00105346 0.0114564 -0.000793651 0.00163125 0.00428966 0.00276976 -0.000775194 -0.00360825 0.00205479 0.000116009 -0.000953678
internal_weight=896.187 155.14 741.047 712.047 93.1401 62 674.047 244.047 216.047 128 96 72 430 366
internal_count=876 140 736 707 78 62 669 239 211 128 96 72 430 366
is_linear=0
shrinkage=0.05


Tree=157
num_leaves=15
num_cat=0
split_feature=6 15 13 8 14 14 3 13 12 3 15 8 8 3
split_gain=0.914865 0.933198 3.31793 0.834356 1.64317 0.972625 0.922673 0.803271 1.67807 1.67121 1.50666 1.49781 1.44399 1.38329
threshold=6.2299541685990638 0.66927500000000018 3.538081512587993 12.718000000000002 2.1119792477815627 3.209305792510762 6.037845287148639 3.9169617688349754 2.5000000000000004 8.9553736943315538 -0.92700999999999989 5.7500000000000009 15.050000000000002 8.7517856353754926
decision_type=2 2 10 10 2 2 2 10 10 2 2 10 8 2
left_child=1 7 3 4 -3 6 -5 11 -9 12 -11 -1 -10 -13
right_child=-2 2 -4 5 -6 -7 -8 8 9 10 -12 13 -14 -15
leaf_value=-0.00027307836214084948 -0.0025504221110548512 -0.024855342349757177 0.00017845207511464078 -0.0057842565323847411 -0.0020653265373294263 -0.032005368816100742 0.0049769728632568684 -0.017642495191560137 -0.0003844535296896875 0.010497213430946839 0.00089380379546373241 0.0058922303426985016 0.00064017334227934881 0.00056540298708233634
leaf_weight=43 35 23 35.093395233154297 20 23 22 37 34 44.046697616577148 29 54 177.0933952331543 22 283
leaf_count=43 35 23 25 20 23 22 37 34 39 29 54 167 22 283
internal_value=0.00156251 0.00189263 -0.0015374 -0.00535714 -0.0106383 -0.0021875 0.0012931 0.00269402 -0.000142178 0.00215821 0.00684524 0.00372418 -0.00374616 0.00455946
internal_weight=881.233 846.233 160.093 125 46 79 57 686.14 183.047 149.047 83 503.093 66.0467 460.093
internal_count=856 821 150 125 46 79 57 671 178 144 83 493 61 450
is_linear=0
shrinkage=0.05


Tree=158
num_leaves=15
num_cat=0
split_feature=14 4 9 14 13 15 14 13 3 5 3 3 13 14
split_gain=1.70299 2.20034 2.01061 1.29184 1.92388 1.58028 1.90872 2.59688 1.88849 1.09162 1.07351 0.930516 1.19193 1.07836
threshold=1.0079905521927708 1.0000000180025095e-35 0.38469719700095528 6.135404919216473 2.5007776600261349 -1.2619349999999996 2.9046294002141204 3.2192265350867006 13.063184178775765 8.4353839539398141 12.505166966207833 11.493478271866374 3.4886076254492751 3.7769804966397218
decision_type=2 2 2 2 8 2 2 10 2 2 2 2 10 2
left_child=1 2 -1 4 -2 6 -6 -8 9 10 11 13 -13 -7
right_child=3 -3 -4 -5 5 8 7 -9 -10 -11 -12 12 -14 -15
leaf_value=0.00073583023684504762 0.0026342948548694792 -0.002143699580232378 0.0012575775691633121 0.0020609814646385116 -0.0014633073809886877 -0.00083326365261515711 -0.0054106780226343635 0.016197384427063921 -0.052741286010527938 -0.020043109657397796 0.0097543821417969585 -0.02059806181140952 -0.0016892689945779749 0.014184243182860202
leaf_weight=132 38 39 100.23348808288574 83 29 214 25 37 27 21 32 38 41 21
leaf_count=132 38 39 75 83 29 214 25 37 27 21 32 38 41 21
internal_value=0.00197082 0.00525592 0.00709948 0.000494234 -0.000429389 -0.00128601 0.00461957 0.00952381 -0.00265823 -0.00169837 -0.00100865 -0.00190476 -0.0065625 -0.000317797
internal_weight=877.233 271.233 232.233 606 523 485 91 62 394 367 346 314 79 235
internal_count=852 246 207 606 523 485 91 62 394 367 346 314 79 235
is_linear=0
shrinkage=0.05


Tree=159
num_leaves=15
num_cat=0
split_feature=7 8 14 2 9 2 0 5 5 2 6 7 3 9
split_gain=0.646202 1.34746 1.18001 1.69382 1.82625 1.06609 1.68408 1.41731 2.56346 1.64858 1.39756 1.26492 1.03954 0.907164
threshold=4.9500000000000011 24.950000000000003 0.71211442113764023 5.3217531957214383 0.44032991850403941 9.5787655191099272 11.194996633038054 2.2154083994216571 6.5734145674983804 12.367707562706567 7.4741962708230512 6.8500000000000005 6.037845287148639 -0.86711210913679038
decision_type=2 10 2 2 2 2 2 2 2 2 2 2 2 2
left_child=1 -1 3 -2 12 -4 -7 13 -9 -10 11 -11 -5 -8
right_child=2 -3 5 4 -6 6 7 8 9 10 -12 -13 -14 -15
leaf_value=-0.0020486438550042342 -0.0081401818065529874 0.003797514732337315 -0.019644273315994987 -0.00027708868185201131 0.00167912088403588 0.0086010831223965085 0.010045693545034618 0.004010428559364532 -0.0022576502781566864 0.00084368524782569849 -0.0013933683010486143 0.0070246955382720303 0.0011237443187131159 -0.0003338171451427563
leaf_weight=50 33 21 20 44 52.093395233154297 22 53 47 37 36 21 27 32 390
leaf_count=50 33 21 20 44 42 22 53 47 37 36 21 27 32 390
internal_value=0.00211866 -0.00243056 0.00251791 0.00633792 0.00892637 0.00156728 0.00193218 0.00142974 0.00532544 0.00143443 0.00529412 0.00898438 0.0038961 -5.63063e-05
internal_weight=885.093 71 814.093 161.093 128.093 653 633 611 168 121 84 63 76 443
internal_count=875 71 804 151 118 653 633 611 168 121 84 63 76 443
is_linear=0
shrinkage=0.05


Tree=160
num_leaves=15
num_cat=0
split_feature=13 14 9 16 4 4 1 7 1 8 7 7 13 1
split_gain=1.04044 1.23981 1.77363 1.16086 1.32049 1.82265 1.73738 1.29587 2.07958 1.26303 1.06272 1.45371 0.988634 0.985281
threshold=3.9169617688349754 0.68403410330662517 0.88396761516098465 0.10701500000000001 10.828407860445482 9.1214069202205419 15.430374933573537 6.5500000000000007 14.968793885844095 23.900000000000002 6.1500000000000012 5.9500000000000011 4.0590974879120445 14.535202316284058
decision_type=8 2 2 2 2 2 2 2 2 10 2 2 8 2
left_child=1 2 -1 4 5 7 -6 8 -3 -7 11 -5 -2 -9
right_child=12 3 -4 10 6 9 -8 13 -10 -11 -12 -13 -14 -15
leaf_value=0.0011587641314655174 -0.014017411227601351 -0.0017509332331900219 0.0011873677144189354 0.0021695696272690857 0.0080025699054123052 -0.031838217867456775 -0.00055181522469585078 0.013335125999770847 0.0047577770023276237 -0.0017215736793326332 0.020385485212372156 -0.031568992326583369 -1.8537236736148848e-05 -0.00084835847284079344
leaf_weight=135 35 96 35.140092849731445 100 54 32 30 34 24 26 70 21 194.04669761657715 20
leaf_count=135 35 96 20 100 54 32 30 34 24 26 70 21 189 20
internal_value=0.00149069 0.00247516 0.00615579 0.00123031 -0.000630915 -0.00257511 0.00470588 0 -0.00289256 -0.0101695 0.00429688 0.00143443 -0.00141783 0.00636364
internal_weight=906.187 677.14 170.14 507 316 232 84 174 120 58 191 121 229.047 54
internal_count=886 662 155 507 316 232 84 174 120 58 191 121 224 54
is_linear=0
shrinkage=0.05


Tree=161
num_leaves=15
num_cat=0
split_feature=9 8 0 8 8 9 0 1 15 13 8 8 9 1
split_gain=0.785468 1.18597 0.824916 0.485673 2.05221 0.937179 1.10269 1.03053 0.738293 0.681427 1.09976 1.17945 1.28666 1.20737
threshold=-0.9263445426916056 23.900000000000002 15.313801470356928 14.950000000000001 13.950000000000001 -0.84920016057599435 12.792548993907984 12.068010918479471 1.0381650000000002 2.6535031187055078 48.800000000000004 40.760000000000005 -0.46754304155550125 15.831169183782242
decision_type=2 10 2 10 8 2 2 2 2 8 10 10 2 2
left_child=1 2 -1 4 5 -2 -7 -8 -9 -5 11 12 -11 -14
right_child=3 -3 -4 9 -6 6 7 8 -10 10 -12 -13 13 -15
leaf_value=-0.007018336915436141 0.012894977902295369 -0.0066584735419630281 0.013432379740689072 0.0014019108627688849 0.0024444972765947492 0.0041939355697635091 -0.0002095073330893726 0.0002913660483732983 -0.012071425273909898 -0.012496243135788966 0.0032679914387593991 -0.017547983588668239 -3.6399596385161546e-05 0.016236691089552214
leaf_weight=32 27 31 21 42 33.046697616577148 41.046697616577148 37.046697616577148 193 26 74 46 27 231 23
leaf_count=32 27 31 21 42 28 36 32 193 26 74 46 27 231 23
internal_value=0.000453225 -0.00411765 0.000462963 0.000937623 0.00230683 0.00107661 0.000251599 -0.000977128 0.000340909 -0.000168919 -0.000808458 -0.00175562 -0.000911854 0.000784314
internal_weight=884.14 84 53 800.14 357.14 324.093 297.093 256.047 219 443 401 355 328 254
internal_count=869 84 53 785 342 314 287 251 219 443 401 355 328 254
is_linear=0
shrinkage=0.05


Tree=162
num_leaves=15
num_cat=0
split_feature=1 1 14 7 13 9 9 9 1 7 1 4 1 13
split_gain=2.48141 1.7159 1.37549 2.84294 1.88957 1.62283 1.56867 1.38841 1.80306 1.31047 2.57808 1.75299 1.42004 1.39282
threshold=9.9532426738528574 11.005113196168786 0.6173310126210505 5.1500000000000012 3.0909836995657325 0.39873388578253716 -0.26092512978024823 0.86382728211298232 11.961893769833667 5.8500000000000005 15.495203629355403 11.692412136773205 15.919905683545876 2.4859113331897214
decision_type=2 2 2 2 8 2 2 2 2 2 2 2 2 10
left_child=-1 -2 3 4 -3 6 -5 8 -4 -10 13 12 -12 -11
right_child=1 2 7 5 -6 -7 -8 -9 9 10 11 -13 -14 -15
leaf_value=-0.0010193522869365187 0.0023227512393731663 0.011871975544657066 -0.018564037621881257 0.0050858379510877964 -0.0027641057374760527 0.0011143554218429415 -0.0031809456833818473 -0.00095710349126179042 -0.0016580891520335595 0.01811252548677349 -0.0089003373806921578 -0.012312314903256551 0.0038479567771877222 0.0013925124576057103
leaf_weight=49.046697616577148 32 24 22 25 42 39.093395233154297 21 133 152 25 20 32 36 247
leaf_count=44 32 24 22 25 42 29 21 133 152 25 20 32 36 247
internal_value=0.000306805 0.000942711 0.000491195 0.00478216 -0.00298507 0.0107713 0.00425532 -0.000486527 0.000654206 0.00126706 0.00290859 -0.00449438 0.000877193 0.00531136
internal_weight=899.14 850.093 818.093 151.093 66 85.0934 46 667 534 512 360 88 56 272
internal_count=884 840 808 141 66 75 46 667 534 512 360 88 56 272
is_linear=0
shrinkage=0.05


Tree=163
num_leaves=15
num_cat=0
split_feature=1 0 1 0 16 1 14 10 15 0 14 10 10 10
split_gain=1.84919 2.11452 1.33891 1.12216 1.28831 1.14255 1.37147 1.44312 1.85249 1.94619 1.46656 1.17305 1.33669 2.23395
threshold=9.9532426738528574 11.042364264762645 11.11698721532847 12.576561026050358 0.10701500000000001 14.070538460099918 4.1641877369068885 0.23766552919915279 0.17533000000000001 15.105725432327132 2.7323295530810872 -0.70710678118654757 -0.12186470299397914 0.026175951569891321
decision_type=2 2 2 2 2 2 2 2 2 2 2 2 2 2
left_child=1 -1 -2 4 -4 6 7 10 -9 -10 -5 -7 -13 -14
right_child=2 -3 3 5 -6 11 -8 8 9 -11 -12 12 13 -15
leaf_value=0.003674526286802897 0.0019354987403730206 -0.010457126732654531 0.00055129832528177936 1.4914014654321407e-05 -0.02747925391407563 0.0024448214872057287 -0.016691527827522014 0.0016608838759368722 -0.0023538576871524608 0.019010732191665405 0.0044544520173224415 -0.0038743460695065848 0.0095010965076116616 -0.00023813450203067355
leaf_weight=31.046697616577148 33 26.046697616577148 34 134 20 123 44 70.093395233154297 49 20 46 69 20 186
leaf_count=26 33 21 34 134 20 123 44 60 49 20 46 69 20 186
internal_value=0.00218204 -0.00645512 0.00277041 0.00236166 -0.00454545 0.00285704 0.00488154 0.00602116 0.00983155 0.00392857 0.00303867 0.00100251 -0.000815217 0.00120773
internal_weight=905.187 57.0934 848.093 815.093 54 761.093 363.093 319.093 139.093 69 180 398 275 206
internal_count=885 47 838 805 54 751 353 309 129 69 180 398 275 206
is_linear=0
shrinkage=0.05


Tree=164
num_leaves=15
num_cat=0
split_feature=5 10 10 7 1 2 15 11 1 12 13 2 2 1
split_gain=1.06554 1.09157 1.39457 1.32612 1.77271 2.50622 1.30626 1.7615 1.27825 1.78405 1.44947 1.17543 1.77933 1.04716
threshold=10.505546430446111 0.99944318060814019 -0.47715421805211583 6.5500000000000007 15.690946814713453 12.510880327016482 -0.92700999999999989 1.0000000180025095e-35 11.885105159201204 1.5000000000000002 3.7937825868612669 9.8198747697569519 11.345376250047215 9.9532426738528574
decision_type=2 2 2 2 2 2 2 2 2 10 8 2 2 2
left_child=1 2 13 6 5 -5 7 -4 10 -10 -8 -11 -13 -1
right_child=-2 -3 3 4 -6 -7 8 -9 9 11 -12 12 -14 -15
leaf_value=-0.0082786823392866533 0.0042559494561226433 0.0075526312444527122 -0.000331913645995785 -0.013328057093584356 -0.0066328222179659509 0.0090824243391363531 -0.0014128529285713399 0.0059383888696618262 0.00021940490346581966 -0.00047630558002307536 0.0021038432518481888 0.011041773520954479 -0.024208803478131782 0.0021544037172744226
leaf_weight=20 40 21 33 62 34 48 33 33.046697616577148 149 25.046697616577148 26.093395233154297 23 43 316
leaf_count=20 40 21 33 62 34 48 33 28 149 20 16 23 43 316
internal_value=0.0018765 0.00150179 0.00121408 -0.000436438 -0.00448276 -0.00135135 0.00116699 0.0074749 -0.000245994 -0.0018717 0.00627914 -0.00734592 -0.00373134 0.0037092
internal_weight=906.187 866.187 845.187 509.187 144 110 365.187 66.0467 299.14 240.047 59.0934 91.0467 66 336
internal_count=886 846 825 489 144 110 345 61 284 235 49 86 66 336
is_linear=0
shrinkage=0.05


Tree=165
num_leaves=15
num_cat=0
split_feature=8 10 8 0 10 8 3 13 15 10 0 5 15 13
split_gain=1.59937 2.15927 2.23712 1.26609 1.12894 1.78825 1.76333 1.08774 1.07446 1.00767 1.24227 1.22878 1.19482 2.30958
threshold=14.65 0.91523306216449185 13.750000000000002 13.902803250117413 0.9396121150393979 36.850000000000009 10.996477637885571 3.2192265350867006 1.0381650000000002 -0.47715421805211583 16.525590542458346 6.3157355456728945 -1.3495649999999999 4.0376906890827202
decision_type=10 2 10 2 2 10 2 10 2 2 2 2 2 8
left_child=1 2 3 7 9 6 -6 -1 -5 10 12 -11 -2 -14
right_child=4 -3 -4 8 5 -7 -8 -9 -10 11 -12 -13 13 -15
leaf_value=0.00013188183604720405 0.0071293313623494118 -0.00017116067945908674 0.0029711820684856908 0.0015624899524026238 0.018649897785129817 -0.000403221019569372 -9.1603938263640227e-05 0.0040128257565412908 -0.010788851853418813 -0.0016572228980864607 0.033609040481876518 0.0050781544635694516 0.00053273548911256794 -0.02218435845020272
leaf_weight=29 20 48.046697616577148 29.046697616577148 215 29 21 20 50.093395233154297 29 199.04669761657715 22 28 134 25
leaf_count=29 20 43 24 215 29 21 20 40 29 194 22 28 134 25
internal_value=0.00239222 0.00474177 0.00609815 0.00486691 0.000498616 0.00633803 0.0115 0.0103296 0.00306122 -0.000468871 0.00210396 -0.00274579 0.000694444 -0.00078125
internal_weight=898.233 400.187 352.14 323.093 498.047 70 49 79.0934 244 428.047 201 227.047 179 159
internal_count=873 380 337 313 493 70 49 69 244 423 201 222 179 159
is_linear=0
shrinkage=0.05


Tree=166
num_leaves=15
num_cat=0
split_feature=11 16 7 15 0 0 15 14 2 7 7 15 0 9
split_gain=0.994912 2.13392 1.00944 0.993844 1.63008 2.14336 1.09648 1.01665 1.9004 1.41803 2.31311 1.23595 1.22129 3.30237
threshold=1.0000000180025095e-35 0.10701500000000001 6.1500000000000012 -0.79966499999999996 13.342341679470378 16.352182391316678 -0.92700999999999989 0.54189347659399623 10.381818389358836 5.1500000000000012 5.4500000000000011 -0.52107999999999988 15.404527053468117 -0.21430864304727451
decision_type=2 2 2 2 2 2 2 2 2 2 2 2 2 2
left_child=3 -2 -3 4 -1 -6 -7 9 -9 -5 -11 -10 -13 -14
right_child=1 2 -4 7 5 6 -8 8 11 10 -12 12 13 -15
leaf_value=0.0011034221123416899 -0.00043049244474156349 0.00040520795734244608 0.020803843781712586 2.8696490876922722e-05 -0.0023534290469479635 0.017030734414657613 -0.00065022015747104875 -0.018912514272585959 0.0091364292679285922 0.0057700187079183455 0.00032637108787361149 -0.00020791767556811448 0.026093495949496882 -0.0020149570695472629
leaf_weight=38 192.04669761657715 78 40 40 103 26 20 29 22 31.093395233154297 30 131 57 49
leaf_count=38 187 78 40 40 103 26 20 29 22 21 30 131 57 49
internal_value=0.00163578 -0.000646744 0.00462185 0.0028632 -0.000132979 -0.0025 0.00638298 0.00429983 0.00276817 0.00859345 0.013324 0.00413462 0.00304622 0.00700935
internal_weight=886.14 310.047 118 576.093 187 149 46 389.093 288 101.093 61.0934 259 237 106
internal_count=871 305 118 566 187 149 46 379 288 91 51 259 237 106
is_linear=0
shrinkage=0.05


Tree=167
num_leaves=15
num_cat=0
split_feature=15 13 13 4 15 15 10 4 13 14 15 10 14 7
split_gain=0.920048 2.1652 1.81286 1.17634 1.12007 1.60018 1.2276 1.35753 1.77665 1.21386 1.5844 1.65216 1.26959 1.45472
threshold=0.82512500000000011 3.4956560387578528 3.1941859788175644 4.5485858369352732 0.70259000000000016 0.66927500000000018 0.45783468794784965 0.54930614433405489 3.9169617688349754 3.4180146894246044 0.41184500000000007 0.041439601562201771 1.2302211569316757 5.1500000000000012
decision_type=2 10 10 2 2 2 2 2 8 2 2 2 2 2
left_child=4 2 -2 -4 5 6 7 8 9 10 11 12 13 -1
right_child=1 -3 3 -5 -6 -7 -8 -9 -10 -11 -12 -13 -14 -15
leaf_value=-0.0011062927918562004 -0.021840139865605426 -0.0004594546441442601 0.007345247248449694 -0.004110984243771521 0.0080208644038086262 -0.01172949428299468 -0.0001779767368015198 1.6303634525449696e-05 -0.0012637053521696862 0.0077342247661949309 0.013098923762854301 0.00054845221325675411 -0.0085762660363237608 0.02475071480668678
leaf_weight=27 31 34.093395233154297 27 20 23 29 253.04669761657715 275 64 21 27.046697616577148 22.046697616577148 21 30
leaf_count=27 31 24 27 20 23 29 248 275 64 21 22 17 21 30
internal_value=0.000219648 -0.00399966 0.000632911 0.00677083 0.000820999 0.00048844 0.000946066 0.00241211 0.00540765 0.00839967 0.00645884 0.0034753 0 0.00387931
internal_weight=904.233 112.093 78 47 792.14 769.14 740.14 487.093 212.093 148.093 127.093 100.047 78 57
internal_count=879 102 78 47 777 754 725 477 202 138 117 95 78 57
is_linear=0
shrinkage=0.05


Tree=168
num_leaves=15
num_cat=0
split_feature=2 2 2 16 13 13 3 2 2 3 15 1 14 0
split_gain=1.02332 2.59414 2.05972 1.81713 1.67931 1.52201 1.35129 1.29096 1.49041 2.83626 1.46636 1.16161 1.1585 1.1342
threshold=11.518526451329047 11.695012151044331 11.210599421575576 0.10701500000000001 3.8967886388235606 3.2052931877758257 8.7517856353754926 11.083614526953589 7.5105154820682332 1.3195286648076296 0.11731000000000001 14.968793885844095 0.016972120384571798 13.041378880533072
decision_type=2 2 2 2 8 10 2 2 2 2 2 2 2 2
left_child=2 -2 7 11 5 -4 -5 8 10 -10 12 -3 -1 -11
right_child=1 3 4 6 -6 -7 -8 -9 9 13 -12 -13 -14 -15
leaf_value=-0.01383940633703592 0.0058624292810807235 -0.0024355814005952215 -0.020028266108479988 0.012051542361079061 -0.013243784868626374 0.0051252214330244072 0.0023142147941265013 0.010190626932400604 -0.00052287692527486164 -0.0044052164347303585 0.005442567397665298 0.0020325860847092872 0.0012356712847516273 0.00067077779790660765
leaf_weight=25 35.046697616577148 173 20 24 20.046697616577148 26 112 25 52.093395233154297 47 41.046697616577148 145 20 140
leaf_count=25 30 173 20 24 15 26 112 25 42 47 36 145 20 140
internal_value=0.000136645 0.0016859 -0.0016835 0.000659341 -0.00971215 -0.00425532 0.00547445 -0.000145718 -0.00100008 -0.00302938 0.00460865 -0.00141066 -0.00163043 -0.000132979
internal_weight=905.233 489.047 416.187 454 66.0467 46 136 350.14 325.14 239.093 86.0467 318 45 187
internal_count=880 484 396 454 61 46 136 335 310 229 81 318 45 187
is_linear=0
shrinkage=0.05


Tree=169
num_leaves=15
num_cat=0
split_feature=1 1 1 10 8 7 4 9 1 16 1 8 8 13
split_gain=1.34048 2.16272 1.75455 1.60265 1.88146 1.85272 2.15841 1.43473 1.35906 1.25354 1.12897 1.06585 1.01593 0.992693
threshold=11.646432995679277 10.35830946619498 12.147605239729323 -0.70710678118654757 16.050000000000004 5.7500000000000009 8.7100424666969705 0.61392768915927742 12.874225652599369 0.10701500000000001 14.789540403529749 19.499000000000006 21.750000000000004 3.3112361679976097
decision_type=2 2 2 2 10 2 2 2 2 2 2 10 10 10
left_child=1 7 -2 5 8 -4 -7 -1 -5 -10 -8 -6 -13 -3
right_child=2 13 3 4 11 6 10 -9 9 -11 -12 12 -14 -15
leaf_value=-0.011247886427396925 -0.0092032378781677256 0.00045696530248782178 -0.00068265487440266615 0.0017665083938290952 -0.00096747417332609497 0.017872125051752074 -0.014527972348881903 0.0040335431322643944 -0.00068227057902998662 0.0021985040544201698 0.0080619203980497375 0.0055705636437462852 -0.001545301827834189 0.0010786858360506291
leaf_weight=31 50 33 71 47.046697616577148 43.046697616577148 55 30 21.046697616577148 127 84 36 21 190 35.046697616577148
leaf_count=31 50 33 71 42 38 55 30 16 127 84 36 21 190 30
internal_value=0.000916758 0.00579994 0.000132434 0.000780039 -0.000682137 0.00466321 0.00840164 -0.00186312 0.00232069 0.000589623 0.00223881 -0.00372939 -0.00224057 0.0116033
internal_weight=874.187 120.093 754.093 704.093 512.093 192 121 52.0467 258.047 211 66 254.047 211 68.0467
internal_count=854 110 744 694 502 192 121 47 253 211 66 249 211 63
is_linear=0
shrinkage=0.05


Tree=170
num_leaves=15
num_cat=0
split_feature=15 1 2 0 1 2 0 2 2 13 1 5 8 1
split_gain=1.42918 2.81324 1.61434 1.37519 1.37443 1.35776 1.03863 1.39714 0.967422 0.963888 1.22863 1.28451 1.10591 0.996173
threshold=-0.30803999999999992 14.051999415810144 11.984396766813456 12.341179895169182 13.201816270962139 9.172039233726256 14.361263411723543 11.936077351529015 7.1829388544009367 2.7762937508167798 14.859544800026082 7.0341670346143408 34.45000000000001 14.628400124745362
decision_type=2 2 2 2 2 2 2 2 2 10 2 2 10 2
left_child=1 2 5 -2 -4 -1 7 8 -5 -3 13 12 -12 -11
right_child=3 9 4 6 -6 -7 -8 -9 -10 10 11 -13 -14 -15
leaf_value=0.00035411407561407597 -0.00052125581838498693 0.017238852758320246 -0.0059836881552571171 0.0073111819378709701 0.0050172505872561508 0.0039339923103862053 -0.00016207940643921771 0.0046201540089641389 -0.0017491982382566108 -0.00050419809740973596 0.016239752990606184 -0.00062897234362893075 -0.0013842120828568396 -0.012819389112580227
leaf_weight=46 34.046697616577148 47 25 21 33 133.0933952331543 283.04669761657715 28 67 48 50 27 28 23
leaf_count=46 29 47 25 21 33 123 278 28 67 48 50 27 28 23
internal_value=0.00153771 0.00347508 0.00725486 -0.0005237 0 0.00959133 0.000309545 0.0042735 0.0011236 -0.000558036 -0.00225989 0.00117925 0.00443038 -0.00729167
internal_weight=893.187 460.093 237.093 433.093 58 179.093 399.047 116 88 223 176 105 78 71
internal_count=873 450 227 423 58 169 394 116 88 223 176 105 78 71
is_linear=0
shrinkage=0.05


Tree=171
num_leaves=15
num_cat=0
split_feature=13 0 10 0 10 8 0 16 13 15 0 10 10 7
split_gain=1.24753 3.24415 1.28367 1.47178 1.19154 1.131 1.33885 1.10785 1.57024 1.03896 0.939511 0.977991 1.6882 0.933599
threshold=4.5201734135869565 15.450586597540411 -0.26932402956675622 11.602223360057605 -0.99598085043246998 4.8500000000000005 12.341179895169182 0.10701500000000001 3.1121921542889894 -0.67852499999999993 15.925804984510316 0.38268343236508956 0.91523306216449185 5.8500000000000005
decision_type=10 2 2 2 2 10 2 2 8 2 2 2 2 2
left_child=2 -2 3 -1 -5 -4 -7 8 -8 -9 11 -11 -13 -10
right_child=1 -3 5 4 -6 6 7 9 13 10 -12 12 -14 -15
leaf_value=0.0039564791709804205 0.008907713293586755 -0.0014368517505775613 0.0021535239283290044 -0.0017953109422667703 0.0012219140999883416 -0.0068911379163848849 0.00012165646674469067 0.018735601077534404 -0.0012066748266531591 -0.0073712708174448862 0.0034916348837009006 0.0027467639778443911 -0.0073582359403927102 -0.0010151144583065541
leaf_weight=32.046697616577148 32.046697616577148 37 29 28 300 43.046697616577148 94 20 31.046697616577148 35 34 43 32 100
leaf_count=27 27 37 29 28 300 38 94 20 26 35 34 43 32 100
internal_value=0.000392735 0.00679786 -0.000153462 0.00208053 0.00106383 -0.00189861 -0.00254526 -0.00160537 -0.00387605 0.00151515 0 -0.00225225 0.000986842 -0.00739259
internal_weight=890.187 69.0467 821.14 360.047 328 461.093 432.093 389.047 225.047 164 144 110 75 131.047
internal_count=870 64 806 355 328 451 422 384 220 164 144 110 75 126
is_linear=0
shrinkage=0.05


Tree=172
num_leaves=15
num_cat=0
split_feature=15 13 14 14 4 15 3 2 13 14 1 13 13 14
split_gain=1.98617 3.61594 1.64713 1.45254 1.55422 1.40333 1.37544 1.31363 1.04459 2.15232 1.16524 0.899029 0.867533 0.862294
threshold=0.66927500000000018 3.5602835930737258 6.8257957688673239 6.2020731521865429 10.55580602873262 -0.11977499999999999 14.188158212065703 13.702597442901075 4.0760256726792292 1.6799638773548569 13.998996466824426 2.5220356527401733 2.4559573733023732 0.54189347659399623
decision_type=2 10 2 2 2 2 2 2 10 2 2 10 8 2
left_child=2 11 3 4 8 7 -4 -6 12 10 -10 -2 -1 -13
right_child=1 -3 6 -5 5 -7 -8 -9 9 -11 -12 13 -14 -15
leaf_value=0.012696737833491968 0.0016659637201718149 -0.00028795963914519067 -0.022981582024446646 0.021710304911139101 0.0063540378128323916 -0.018459475533511328 0.00027906739506580183 -0.0096743059317996767 0.00043098571973391455 0.011505930325831215 -0.0042613203001438341 0.0011839584416018347 0.00019416914645834505 -0.011435805624124952
leaf_weight=30 21 24.093395233154297 26 27 28 25 20 20 29 55 20 31 423.0933952331543 81
leaf_count=30 21 14 26 27 28 25 20 20 29 55 20 31 413 81
internal_value=0.000464475 -0.00460067 0.00160112 0.00224487 0.00174671 -0.00506757 -0.00744681 0 0.00264711 0.00714286 -0.0005 -0.00130597 0.00160173 -0.00309735
internal_weight=860.187 157.093 703.093 657.093 630.093 73 46 48 557.093 104 49 133 453.093 112
internal_count=840 147 693 647 620 73 46 48 547 104 49 133 443 112
is_linear=0
shrinkage=0.05


Tree=173
num_leaves=15
num_cat=0
split_feature=5 5 9 9 0 9 4 14 9 10 13 3 0 8
split_gain=0.966952 1.2388 1.33508 1.32132 1.22016 2.04527 1.21357 1.16755 1.0738 1.15785 1.17138 1.07105 1.15659 1.05267
threshold=9.8426782322207114 8.4353839539398141 0.86382728211298232 0.72233645665352741 15.009232588052667 0.70088257582277269 9.7529929799790196 7.0407342028791646 0.13052619222005182 -0.934340029265598 2.7331080139937307 2.3410656135621104 12.894777939625641 40.760000000000005
decision_type=2 2 2 2 2 2 2 2 2 2 8 2 2 10
left_child=1 2 3 4 8 13 -4 -2 9 -1 -11 12 -12 -6
right_child=7 -3 6 -5 5 -7 -8 -9 -10 10 11 -13 -14 -15
leaf_value=-0.0027571857842214166 0.0041236636396601248 -0.01354349600906133 -5.5742640825253528e-05 0.0059885748916156173 0.00050807418339937627 -0.021735753577563868 -0.014306477396056512 0.00010005331998954593 0.0050289086068165071 -0.011441203546874347 0.0020134380201881075 0.0073246246226944204 -0.0044307996330457903 -0.0027722668960175113
leaf_weight=28 22 33 137.14009284973145 30 228 20 24 35 115 26 20 95 30 41
leaf_count=28 22 33 122 30 228 20 24 35 115 26 20 95 30 41
internal_value=0.000224634 -0.000212727 0.000187178 0.0012224 0.000703642 -0.00163793 -0.00386189 0.00646552 0.00285714 0.000625 0.00218023 0.00393836 -0.00196078 -0.000462963
internal_weight=884.14 827.14 794.14 633 603 289 161.14 57 314 199 171 145 50 269
internal_count=869 812 779 633 603 289 146 57 314 199 171 145 50 269
is_linear=0
shrinkage=0.05


Tree=174
num_leaves=15
num_cat=0
split_feature=2 14 9 2 1 15 2 15 16 8 0 0 7 3
split_gain=1.31367 1.77805 2.29005 1.84518 1.51465 2.09053 1.12772 1.07577 0.87933 1.01373 0.705416 2.15635 2.00924 1.59127
threshold=7.5105154820682332 0.83985702679617391 0.91613344851476464 9.6989490119116848 11.491322867937805 -0.79966499999999996 10.264910927332334 0.11731000000000001 0.10701500000000001 11.500000000000002 15.523471602466001 15.335376456282681 5.4500000000000011 8.7517856353754926
decision_type=2 2 2 2 2 2 2 2 2 10 2 2 2 2
left_child=7 2 4 -3 -2 -6 -5 -1 -7 -10 11 13 -12 -8
right_child=1 3 -4 6 5 8 10 -9 9 -11 12 -13 -14 -15
leaf_value=3.3888389714475946e-05 0.00066511373901282928 -0.030537744634790687 -7.7137078854919925e-05 0.011800669003395881 -0.0021952346165361298 0.0068316119277639364 0.0058310223497793356 0.011066746865505682 0.0005582553685598735 -0.0026193264950103547 -0.0088464009340192499 0.024936055610241339 0.00015821868735796941 -9.1919820639274619e-05
leaf_weight=45 25 22 29.093395233154297 21 23.046697616577148 25 44 45.046697616577148 21 26 30 25 238 256
leaf_count=45 25 22 19 21 18 25 44 40 21 26 30 25 238 256
internal_value=0.000368261 -0.000290664 -0.00518517 0.000863422 -0.00207496 -0.00495767 0.00138211 0.00605368 -0.000684932 -0.0046875 0.000968013 0.00253067 -0.000929368 0.0013289
internal_weight=875.187 785.14 149.14 636 120.047 95.0467 614 90.0467 72 47 593 325 268 300
internal_count=855 770 134 636 115 90 614 85 72 47 593 325 268 300
is_linear=0
shrinkage=0.05


Tree=175
num_leaves=15
num_cat=0
split_feature=8 16 7 2 14 16 13 2 1 13 4 5 1 1
split_gain=1.44162 1.57842 2.25324 1.29117 2.6055 2.22817 1.6012 2.80181 1.66412 1.49015 1.56891 1.40746 1.38534 1.75287
threshold=29.975000000000005 0.78996500000000014 7.0500000000000007 11.518526451329047 1.3093101507937874 0.37080500000000005 4.0140358132587517 11.034400581250797 12.674202605042156 3.7682742391313546 6.6028303913991815 5.0672599526352888 14.339005730166539 14.070538460099918
decision_type=10 2 2 2 2 2 8 2 2 10 2 2 2 2
left_child=3 2 -2 5 -5 6 9 8 -8 10 -1 -12 13 -6
right_child=1 -3 -4 4 12 -7 7 -9 -10 -11 11 -13 -14 -15
leaf_value=-0.00031002195221367938 -0.0072413163215828032 0.017157803910461369 0.0018320537279898242 0.012205596648027922 0.0019239028541965465 -0.00080036049279435758 0.0015777353487934854 -0.00061829224531169088 -0.0010813853455125533 0.0041296999646719809 0.020435900351781888 -0.00023102254041265093 0.0018120548124024418 -0.02129672740520544
leaf_weight=97 132 21 58 31.046697616577148 84 88.046697616577148 29 23.046697616577148 29 31.046697616577148 28 20 209 23
leaf_count=97 132 21 58 26 84 83 29 18 29 26 28 20 209 23
internal_value=0.00113362 -0.00247642 -0.0039267 0.00223605 0.00438495 6.88524e-05 0.0024216 -0.00336598 0.00254237 0.00509 0.00291096 0.0102041 0.00299685 -0.00162037
internal_weight=903.187 211 190 692.187 347.047 345.14 257.093 81.0467 58 176.047 145 48 316 107
internal_count=883 211 190 672 342 330 247 76 58 171 145 48 316 107
is_linear=0
shrinkage=0.05


Tree=176
num_leaves=15
num_cat=0
split_feature=3 9 0 0 15 1 8 16 0 3 9 9 3 3
split_gain=1.20327 2.3956 1.30802 1.31389 1.85658 1.17257 0.944585 0.598326 1.58601 2.40213 2.54184 1.53169 1.34953 1.2797
threshold=2.3410656135621104 0.91613344851476464 12.894777939625641 15.626660869082187 -0.79966499999999996 12.538991975982244 19.900000000000002 1.0000000180025095e-35 15.450586597540411 12.524672545909274 0.25881904510252091 -0.054514371903161107 10.273469583031011 12.050945517639123
decision_type=2 2 2 2 2 2 10 2 2 2 2 2 2 2
left_child=1 2 -1 4 -4 -6 -7 8 11 10 -10 -2 -13 -14
right_child=7 -3 3 -5 5 6 -8 -9 9 -11 -12 12 13 -15
leaf_value=0.013333552100076564 -0.0034370162501809356 -0.00033006203277176501 -0.0040723079147375382 0.0054155529090760051 -0.0098639101303486867 -0.00019494758869373908 0.013866679554778927 0.00037988556424706221 -0.0010283796604599437 0.032882132098734522 -0.037805816583916407 -0.00026042386995537295 0.035952684108476018 0.00033674421281242321
leaf_weight=37 47 33.140092849731445 24.046697616577148 33 25 24 21 537 26 20 25 21 23 23
leaf_count=37 47 18 19 33 25 24 21 537 26 20 25 21 23 23
internal_value=2.20936e-05 -0.00342944 -0.000915907 -0.00332822 -0.00632497 -0.00211268 0.00271739 0.000968188 -0.00147849 -0.00729167 -0.0129808 0.00217391 0.00698529 0.0117021
internal_weight=919.187 197.187 164.047 127.047 94.0467 70 45 722 185 71 51 114 67 46
internal_count=899 177 159 122 89 70 45 722 185 71 51 114 67 46
is_linear=0
shrinkage=0.05


Tree=177
num_leaves=15
num_cat=0
split_feature=5 2 14 12 0 13 13 9 5 5 16 12 3 0
split_gain=1.28511 0.867421 2.12991 2.0407 2.15553 1.65251 1.19552 0.902669 1.71276 0.981003 1.12536 1.52757 1.32512 0.878111
threshold=9.8426782322207114 8.7777284044710679 0.58347200222151763 1.5000000000000002 14.13270164491426 4.2571344728507414 3.185065009498079 0.74311652879956314 8.4353839539398141 5.6540564351703724 1.0000000180025095e-35 1.0000000180025095e-35 11.727136292273972 14.449487272817015
decision_type=2 2 2 10 2 10 10 2 2 2 2 10 2 2
left_child=1 3 6 4 -1 -5 -3 8 13 10 -9 -12 -13 -4
right_child=-2 2 7 5 -6 -7 -8 9 -10 -11 11 12 -14 -15
leaf_value=-0.00040396003012543868 0.004156524121153882 6.4492491538248328e-05 0.0023591453670267827 -0.0062909580026391521 0.020383073603526803 0.00020981400767762783 0.00023085841789970141 -0.0044451773320163483 -0.032480400377766665 0.0013152600684338879 -0.009297650104731282 0.01701800663020674 -0.00753113501922571 -0.00035381150355195956
leaf_weight=41 48 29 131 44.046697616577148 20 22 53.093395233154297 40 23 31 21 31 20 320
leaf_count=41 48 29 131 39 20 22 43 40 23 31 21 31 20 320
internal_value=0.00131541 0.000847701 0.00153884 -0.00293774 0.00362903 -0.0089664 0.00905409 0.00052589 -0.000526316 0.00399306 0.00176991 0.00547945 0.0100962 0.000165929
internal_weight=874.14 826.14 699.093 127.047 61 66.0467 82.0934 617 474 143 112 72 51 451
internal_count=859 811 689 122 61 61 72 617 474 143 112 72 51 451
is_linear=0
shrinkage=0.05


Tree=178
num_leaves=15
num_cat=0
split_feature=8 10 8 3 4 4 14 13 8 3 10 10 2 10
split_gain=1.29022 1.2579 1.71537 1.35196 1.29168 1.55925 1.2179 2.14001 1.29668 1.19103 1.10119 1.07521 1.07533 1.44806
threshold=36.600000000000009 -0.98868868691483869 12.718000000000002 7.1119319954218057 12.307591968606514 12.86079822862474 0.2563811664472056 3.2912581272669157 14.65 13.588352058178069 -0.47715421805211583 -0.68973679431060764 11.000877308669148 0.25881904510252057
decision_type=10 2 10 2 2 2 2 10 10 2 2 2 2 2
left_child=1 2 -1 6 9 -6 7 10 -8 -5 -3 -2 -13 -14
right_child=11 3 -4 4 5 -7 8 -9 -10 -11 -12 12 13 -15
leaf_value=-0.0034186419994573394 0.0011437463476742572 0.0067844720826450659 0.00174754816236522 -0.00012315963515581175 0.012581903868633094 -0.00070442517090425489 0.01227984613726028 0.00020052745743401879 0.0010828056343653136 0.010769241805332987 -0.010372410149901035 -0.007811842314303475 -0.00706134967694938 0.00040014711280104146
leaf_weight=20 41 21 21 463 20 22 49.046697616577148 66.093395233154297 42 20 30 20 30 33
leaf_count=20 41 21 21 463 20 22 44 56 42 20 30 20 30 33
internal_value=0.00111607 0.00187515 -0.00654762 0.00235446 0.000998099 0.00930233 0.00575453 0.00234844 0.0100619 0.000258264 -0.00528846 -0.0036 -0.00684524 -0.00351563
internal_weight=898.14 774.14 41 733.14 525 42 208.14 117.093 91.0467 483 51 124 83 63
internal_count=883 759 41 718 525 42 193 107 86 483 51 124 83 63
is_linear=0
shrinkage=0.05


Tree=179
num_leaves=15
num_cat=0
split_feature=10 7 14 2 1 2 3 8 2 1 0 1 0 5
split_gain=1.18194 1.28496 1.36999 1.10621 2.50922 1.36505 1.11686 1.05844 0.965584 2.43219 1.49596 1.26398 1.81859 1.17644
threshold=0.89783339391592787 6.5500000000000007 3.2953488082256555 13.962673132380607 15.238215457937164 13.512485616896816 12.881188419440607 5.2500000000000009 7.9277271140429937 12.235778900783295 12.99662366452964 11.005113196168786 12.99662366452964 2.2154083994216571
decision_type=2 2 2 2 2 2 2 10 2 2 2 2 2 2
left_child=3 2 -2 5 -5 7 -6 -1 9 10 -9 -10 -13 -14
right_child=1 -3 -4 4 6 -7 -8 8 11 -11 -12 12 13 -15
leaf_value=0.0019443698012548639 0.0012666113862880579 0.011084879701630725 -0.0080371607925161081 0.013240102550656198 0.0091430954280417257 -0.010265278049179916 -0.0022411874852034329 0.0013161569080067988 0.004240578243967597 0.0074057886781088364 -0.0098163710420654977 -0.012996465778474431 -0.0011331583387102849 0.00033624457979362091
leaf_weight=43 55 41 22 37 24 42 50 35.046697616577148 28 23.046697616577148 20 40 327.04669761657715 86
leaf_count=43 55 41 22 37 24 42 50 30 28 18 20 40 322 86
internal_value=0.000830722 0.00546218 0.00160256 0.000100732 0.0046875 -0.000695713 -0.000666667 -8.09639e-05 -0.000667391 0.00445467 -0.00131734 -0.00150643 -0.00214993 -0.00115003
internal_weight=873.14 118 77 755.14 111 644.14 74 602.14 559.14 78.0934 55.0467 481.047 453.047 413.047
internal_count=858 118 77 740 111 629 74 587 544 68 50 476 448 408
is_linear=0
shrinkage=0.05


Tree=180
num_leaves=15
num_cat=0
split_feature=1 1 9 2 1 13 1 1 5 8 13 9 9 4
split_gain=1.09462 1.57407 1.32351 1.56619 1.32136 1.19213 1.00122 1.25761 1.11554 0.982454 0.970901 0.804623 3.20935 1.11408
threshold=11.885105159201204 12.296305439178973 -0.79335334029123528 11.936077351529015 9.9532426738528574 3.3965472547192124 13.76304014984119 13.966589384727333 5.6540564351703724 23.550000000000004 3.7937825868612669 0.72233645665352741 0.61392768915927742 12.307591968606514
decision_type=2 2 2 2 2 8 2 2 2 10 8 2 2 2
left_child=4 -2 3 5 10 -3 8 -8 -4 -5 -1 12 13 -9
right_child=1 2 6 9 -6 -7 7 11 -10 -11 -12 -13 -14 -15
leaf_value=-0.0061649381266372988 -0.0024157637914252583 -0.00070303452285327419 0.00054810329982987185 0.0013103818149182711 0.0022467856385944007 -0.021706865934971425 -0.0038193511366533262 -0.00034623389235521884 0.0018701505935888485 -0.011450631586327677 0.00098777937096081615 0.00099657990540675807 -0.0171175700572892 0.0034957610200312852
leaf_weight=24 57.093395233154297 26 179 40 95 27 29 198 20 33 30.046697616577148 88 28 22
leaf_count=24 47 26 179 40 95 27 29 198 20 33 25 88 28 22
internal_value=-0.00039143 -0.00117276 -0.000506512 -0.00511811 0.00350669 -0.0115741 0.000530973 -0.00102459 0.003375 -0.000337838 -0.00270375 -0.000148368 -0.00160643 0.000452489
internal_weight=896.14 747.093 690 126 149.047 53 564 365 199 73 54.0467 336 248 220
internal_count=881 737 690 126 144 53 564 365 199 73 49 336 248 220
is_linear=0
shrinkage=0.05


Tree=181
num_leaves=15
num_cat=0
split_feature=0 13 0 7 5 1 2 2 1 1 4 4 9 10
split_gain=1.06226 1.98059 1.96339 1.05677 1.24068 2.21439 2.42989 2.26456 1.68222 1.30427 1.11816 1.14458 2.12732 1.31087
threshold=11.375040743560087 3.1728514828858168 12.341179895169182 4.7500000000000009 3.7187503938003199 15.879478331307986 11.164513976957165 11.630521409380931 15.399805717441067 13.981518305150031 11.43238566323439 8.0295956805110347 -1.0000000180025095e-35 -0.26932402956675622
decision_type=2 10 2 2 2 2 2 2 2 2 2 2 2 2
left_child=1 -1 -2 -4 5 6 -5 9 10 -8 11 13 -13 -9
right_child=2 -3 3 4 -6 -7 7 8 -10 -11 -12 12 -14 -15
leaf_value=-0.00043259223439463536 -0.0026647883154504951 0.0041421030632243288 0.0012448627241723464 0.0014431367778560966 0.00064890638049466267 0.0044453979905360042 -0.0022235115468691707 0.0060501446871029435 -0.026310690682873818 -0.0013609010378440979 0.020209097940501741 -0.060551628357248657 5.2906597727442328e-05 -0.0013092557597549461
leaf_weight=24 36.046697616577148 38.046697616577148 38 193 167 49 42.093395233154297 62 30 28 21 28 39 89
leaf_count=24 31 33 38 193 167 49 32 62 30 28 21 28 39 89
internal_value=0.000901126 0.00715608 0.000420946 0.000949906 0.000530862 -0.000562341 -0.00150506 -0.00404987 -0.00194444 -0.0119889 -0.000520833 -0.00159817 -0.00698529 0.000822368
internal_weight=884.187 62.0467 822.14 786.093 748.093 581.093 532.093 339.093 269 70.0934 239 218 67 151
internal_count=864 57 807 776 738 571 522 329 269 60 239 218 67 151
is_linear=0
shrinkage=0.05


Tree=182
num_leaves=15
num_cat=0
split_feature=1 1 13 7 7 4 13 10 4 8 4 4 0 10
split_gain=1.77904 1.93403 2.12645 1.93966 1.24175 1.51141 1.49978 1.18347 0.831679 0.954975 1.0096 0.940476 0.825245 1.34165
threshold=12.472406226667768 15.558906426316598 2.4559573733023732 6.3500000000000005 5.0500000000000007 9.0983465307298328 3.3231252918076066 -0.62758608479379874 7.251344731875748 28.050000000000004 10.754545178007346 11.728178971205006 15.122775238776072 0.23766552919915279
decision_type=2 2 8 2 2 2 10 2 2 10 2 2 2 2
left_child=12 2 -2 4 7 -6 -7 -4 -3 10 -10 -12 13 -1
right_child=1 8 3 -5 5 6 -8 -9 9 -11 11 -13 -14 -15
leaf_value=-0.00013189021054933994 0.0074507559028161646 0.00076303078254840177 -0.0021324786098791959 0.001667706569344618 -0.00083957182626842597 -0.014815472397471208 0.0066585385810494224 0.002280110343986719 -0.036899279380751375 0.00087006120197994372 0.00030534739714602747 -0.007871893262119279 0.0085151548675434282 -0.0017761901087474986
leaf_weight=127.14009284973145 35 37 22 192 221 21 25 30 20 20 20 21 21 76.046697616577148
leaf_count=112 35 37 22 192 221 21 25 30 20 20 20 21 21 71
internal_value=0.00027853 0.00157895 0.00283364 0.00200195 -0.000390625 -0.00177239 0.00638298 0.00660377 -0.00420168 -0.0070122 -0.0100806 -0.00535714 -0.00356297 -0.0045416
internal_weight=888.187 664 546 511 319 267 46 52 118 81 61 41 224.187 203.187
internal_count=868 664 546 511 319 267 46 52 118 81 61 41 204 183
is_linear=0
shrinkage=0.05


Tree=183
num_leaves=15
num_cat=0
split_feature=8 15 15 1 1 0 0 7 1 1 1 8 15 5
split_gain=1.4342 1.7149 1.62406 1.56381 1.4283 1.11328 1.70708 1.96544 1.56398 1.27721 1.22924 1.10166 1.50747 1.07342
threshold=14.65 0.66927500000000018 -1.7154999999999998 11.608527579552712 12.116287536430383 12.99662366452964 14.449487272817015 5.7500000000000009 16.017040107338925 11.736380176763509 12.918057574873414 18.350000000000005 1.0381650000000002 8.3166628455135054
decision_type=10 2 2 2 2 2 2 2 2 2 2 10 2 2
left_child=3 2 -2 -1 -5 9 10 -8 -9 -4 -7 -3 -13 -6
right_child=1 11 5 4 13 6 7 8 -10 -11 -12 12 -14 -15
leaf_value=0.0040002515265449472 0.0016608124164174455 -0.0011786835193890192 1.9366681182153568e-05 -0.0021174277826006838 0.0021829084505234353 -2.9048391523134321e-05 -0.0083771972150077263 0.0022990575951546965 -0.0030644036777573882 -0.022198533009735413 0.0031916894123982355 -0.024803285094576046 0.0067916960653892529 -0.0010363948584085404
leaf_weight=55.046697616577148 20 27.046697616577148 31 30.046697616577148 259 36 57 142 33 28 51 29 28 57
leaf_count=50 20 22 31 25 259 36 57 142 33 28 51 29 28 57
internal_value=0.00121455 -0.000623475 0.00075188 0.0034196 0.00215773 0 0.00117188 -0.00107296 0.0015625 -0.00625 0.00710227 -0.00706867 -0.00301724 0.00315457
internal_weight=883.14 482.047 398 401.093 346.047 378 319 232 175 59 87 84.0467 57 316
internal_count=868 477 398 391 341 378 319 232 175 59 87 79 57 316
is_linear=0
shrinkage=0.05


Tree=184
num_leaves=15
num_cat=0
split_feature=13 0 0 10 2 13 10 0 9 7 12 16 5 9
split_gain=1.24268 1.07372 1.04862 1.96905 1.44433 1.22646 1.24788 1.22083 1.49113 1.2579 1.95198 1.66933 1.61107 1.39239
threshold=4.5201734135869565 15.450586597540411 14.759568215742057 -0.97533303595258414 13.78942270295815 3.9835024085201316 0.26512974748379775 14.464267589552852 0.25881904510252091 5.4500000000000011 1.0000000180025095e-35 0.78996500000000014 1.4311004404647345 -0.5
decision_type=10 2 2 2 2 10 2 2 2 2 8 2 2 2
left_child=2 -2 4 -4 7 6 -5 9 -9 11 -11 -1 13 -12
right_child=1 -3 3 5 -6 -7 -8 8 -10 10 12 -13 -14 -15
leaf_value=0.0036760190101605833 0.024828222651202464 0.00041177978251273341 -0.0025937718937843247 0.0038476294883227069 0.0022883801537406435 -0.0010236752991885424 2.3785075282445334e-05 -0.00024526347371462976 -0.014389594771285841 -0.010656616598567981 -0.016082210055004875 -0.00061256820727860863 0.0011091956986956086 -1.8651399726477004e-05
leaf_weight=79.046697616577148 21 39 23 205 34 60 145 24 27.046697616577148 39 32 30.046697616577148 32 84
leaf_count=74 21 39 23 205 34 60 145 24 22 39 32 25 32 84
internal_value=0.00131274 0.00819672 0.000795977 0.00247696 -0.00111521 0.00328467 0.00441595 -0.00208585 -0.00914885 -0.000841486 -0.00332447 0.0034062 -0.000671141 -0.0034188
internal_weight=874.14 60 814.14 433 381.14 410 350 347.14 51.0467 296.093 187 109.093 148 116
internal_count=859 60 799 433 366 410 350 332 46 286 187 99 148 116
is_linear=0
shrinkage=0.05


Tree=185
num_leaves=15
num_cat=0
split_feature=14 13 15 10 2 16 10 9 13 3 2 5 4 14
split_gain=1.73865 2.46566 2.18069 1.7887 1.75284 1.63696 1.35909 1.32458 1.27089 1.69398 1.6841 1.4194 1.30953 1.06952
threshold=1.6154667750703615 3.9294862086481843 0.67486000000000013 -0.26932402956675622 8.9585392840773732 -1.4512249999999998 -0.16719855485485105 0.84103100687915511 3.776547213639899 9.9945534313027373 12.068245325634996 5.554646837653177 8.0295956805110347 0.75954717187007736
decision_type=2 10 2 2 2 2 2 2 8 2 2 2 2 2
left_child=1 2 3 4 -1 -2 -4 -5 -7 -10 -11 12 -12 -6
right_child=5 -3 6 7 13 8 -8 -9 9 10 11 -13 -14 -15
leaf_value=0.0038689374206593826 0.003002290802602925 -0.0017403237049185686 -0.00038475516955409589 0.00026145271387469917 -0.0029228550909680129 0.00080031789283352417 -0.00032702823432129158 -0.0017836936837682137 0.0036853738317745078 -0.028422314350767409 -0.00018128973162767625 0.0024587583579695816 -0.031268256793923581 0.01216780830985883
leaf_weight=39.046697616577148 28 70.046697616577148 43.093395233154297 92 22 390 36 31.046697616577148 32 22 35 24 31 27
leaf_count=34 28 65 33 92 22 390 36 26 32 22 35 24 31 27
internal_value=0.000483624 -0.00222433 -0.00017973 0.00247532 0.00787415 0.00222025 -0.00720827 -0.00142017 0.00158879 -0.00241379 -0.00530973 -0.0021978 -0.00597015 0.0015
internal_weight=922.233 360.233 290.187 211.093 88.0467 562 79.0934 123.047 534 144 112 90 66 49
internal_count=897 335 270 201 83 562 69 118 534 144 112 90 66 49
is_linear=0
shrinkage=0.05


Tree=186
num_leaves=15
num_cat=0
split_feature=0 3 0 10 1 10 15 15 14 3 0 8 3 0
split_gain=1.69527 1.54866 2.41586 1.51191 2.54814 1.78392 1.4437 2.28387 2.05881 1.75797 1.42229 1.39049 1.2698 1.52505
threshold=15.313801470356928 4.2406793692035114 14.464267589552852 -0.26932402956675622 12.538991975982244 -0.56459483303352465 -0.63385499999999995 -0.79966499999999996 2.9898899022367211 11.506272323559278 15.4393774336926 18.350000000000005 12.960635500643818 13.418659628045447
decision_type=2 2 2 2 2 2 2 2 2 2 2 10 2 2
left_child=1 2 3 5 -5 -1 7 8 -3 -8 -2 -11 13 -10
right_child=10 6 -4 4 -6 -7 9 -9 12 11 -12 -13 -14 -15
leaf_value=-0.0006641735219610756 0.0053169018754650301 -0.00080480653720433899 -0.0018036735311942925 -0.0017772072693167361 0.0022833372570194022 0.0032918942457593765 0.00020564677675261045 0.025626984486383054 -0.0031946432463725916 -0.00091677763926876219 0.00067627563781254014 -0.050783887177872522 -0.0038313610629013397 0.022778015870528547
leaf_weight=28 28 57 43.093395233154297 49.093395233154297 21 22.046697616577148 164 24 23 21 316 40 21 31
leaf_count=28 28 57 33 39 21 17 164 24 23 21 316 40 21 31
internal_value=0.000445887 -0.00129028 -0.00534911 -0.00166062 -0.00636254 0.00492035 0.000458115 0.00414013 0.00150376 -0.00210177 0.00318841 -0.00927419 0.00690789 0.0109091
internal_weight=888.233 544.233 163.233 120.14 70.0934 50.0467 381 156 132 225 344 61 75 54
internal_count=863 519 138 105 60 45 381 156 132 225 344 61 75 54
is_linear=0
shrinkage=0.05


Tree=187
num_leaves=15
num_cat=0
split_feature=7 2 1 7 9 9 0 13 0 2 2 16 1 2
split_gain=1.65476 1.33361 1.25824 1.03498 1.19117 2.37889 2.32722 1.9284 1.68586 1.51485 1.38228 1.14831 1.0858 1.06525
threshold=5.8500000000000005 5.6139948090932377 11.824838310940949 7.7500000000000009 0.054513334028100477 0.84103100687915511 15.909960693352009 3.9169617688349754 15.313801470356928 9.8198747697569519 12.006811667436006 0.10701500000000001 15.010374600304564 13.481092820945882
decision_type=2 2 2 2 2 2 2 10 2 2 2 2 2 2
left_child=1 -1 -3 4 7 6 9 8 10 -6 -2 -7 -9 -10
right_child=3 2 -4 -5 5 11 -8 12 13 -11 -12 -13 -14 -15
leaf_value=0.0027796020478949865 0.00056168484261780454 -0.0012790547872710612 -0.00080387537759760554 -0.0041537156705195866 -0.00024673901624876481 -0.0015805630927835934 -0.00014131219458614065 -0.014317975717167584 0.013775436527285823 0.017368775319843443 -0.0099357561325215393 0.0014022476043486611 -0.0014872340226663727 -0.00025791072405505487
leaf_weight=41.046697616577148 51 43.093395233154297 280.04669761657715 27 20 71 53 39 65 84 51 32 26 24
leaf_count=36 51 33 275 27 20 71 53 39 65 84 51 32 26 24
internal_value=-0.000415482 -0.00301855 -0.00409854 0.00133272 0.00183752 0.00421456 0.00806962 -0.000583658 0.00195312 0.012381 -0.00242718 -0.00168269 -0.00795455 0.00694444
internal_weight=907.187 364.187 323.14 543 516 260 157 256 191 104 102 103 65 89
internal_count=887 344 308 543 516 260 157 256 191 104 102 103 65 89
is_linear=0
shrinkage=0.05


Tree=188
num_leaves=15
num_cat=0
split_feature=3 2 15 11 15 10 0 10 7 7 2 1 1 0
split_gain=1.69279 2.46189 2.51703 2.20645 1.56872 0.886699 0.70013 0.576483 0.749916 0.976114 1.86802 1.51361 1.40996 1.34977
threshold=4.2406793692035114 7.5105154820682332 0.66927500000000018 1.0000000180025095e-35 -0.67852499999999993 -0.70710678118654757 13.870337082043978 -0.97533303595258414 7.7500000000000009 6.5500000000000007 11.242196422425282 12.983839453513383 11.608527579552712 13.175294908959181
decision_type=2 2 2 2 2 2 2 2 2 2 2 2 2 2
left_child=1 4 3 5 -1 -3 -6 -2 9 12 -11 -12 -9 -14
right_child=7 2 -4 -5 6 -7 -8 8 -10 10 11 -13 13 -15
leaf_value=-0.0073354808154375787 -0.0008225029808272222 -0.0026463348909800291 -0.00015485942897038729 -0.0015300543643533978 0.00045926242884957607 0.0014455408448350417 0.011476308345917764 0.010695272424175241 -0.01816766987074887 0.01852666583819116 -0.0071893254937208557 0.00090539795541948469 -0.035376304443182162 -1.0115219511330764e-06
leaf_weight=24 38 22 26.093395233154297 41.093395233154297 33.046697616577148 37 23 31 21 35 21 158 24 374
leaf_count=24 38 22 16 31 28 37 23 31 21 35 21 158 24 374
internal_value=-0.000388792 -0.00435983 -0.00868541 -0.00496902 0.00248212 0.00125 0.00703226 0.000782361 0.00112782 0.00143634 0.00418605 0.00208333 5.81395e-05 -0.00075188
internal_weight=908.233 206.233 126.187 100.093 80.0467 59 56.0467 702 664 643 214 179 429 398
internal_count=883 181 106 90 75 59 51 702 664 643 214 179 429 398
is_linear=0
shrinkage=0.05


Tree=189
num_leaves=15
num_cat=0
split_feature=13 4 15 10 10 13 14 8 13 13 2 15 13 8
split_gain=1.56952 2.03514 1.43909 1.9206 1.21127 0.998071 0.981818 0.960227 0.879567 0.994974 1.17276 1.67694 1.40881 0.898975
threshold=2.4559573733023732 12.396072387223953 0.66927500000000018 0.13052619222005152 -0.71476258798096814 2.5624635244952301 3.9291655750132652 20.050000000000004 4.6003327370364895 3.776547213639899 12.914805881113425 0.63776500000000014 4.3243355245049999 15.050000000000002
decision_type=8 2 2 2 2 10 2 10 10 10 2 2 10 10
left_child=6 2 5 4 -4 7 -1 -2 9 13 11 -11 -12 -7
right_child=1 -3 3 -5 -6 8 -8 -9 -10 10 12 -13 -14 -15
leaf_value=0.017560126897377026 -0.00082841245013864917 0.0028723123196674472 -0.00093431436446226874 0.00012730223894495964 -0.011776097095363532 0.0033490700876982697 -0.0002093432424704611 -0.0081597283830823104 0.00029049522176238243 -0.0010826290207867817 -0.00065294388683225792 0.001540995042560311 0.014247903512997141 -4.3694140134831194e-05
leaf_weight=32 22 46 33 71 43.046697616577148 141 22 21 21 132.04669761657715 40 25.046697616577148 22 223
leaf_count=32 22 46 33 71 38 141 22 21 21 127 40 20 22 223
internal_value=-1.3042e-06 -0.000536376 -0.00113334 -0.00558045 -0.0110474 -0.000115724 0.00818182 -0.00738636 0.000413159 4.28014e-05 -0.00261253 -0.00490217 0.0031746 0.00164384
internal_weight=894.14 840.14 794.14 147.047 76.0467 647.093 54 43 604.093 583.093 219.093 157.093 62 364
internal_count=879 825 779 142 71 637 54 43 594 573 209 147 62 364
is_linear=0
shrinkage=0.05


Tree=190
num_leaves=15
num_cat=0
split_feature=3 1 7 0 13 10 7 10 8 8 13 10 7 12
split_gain=1.68116 1.54598 1.21349 1.3945 3.72693 1.45387 1.13065 1.03423 0.988367 1.42365 1.23737 1.32001 1.76219 1.56498
threshold=13.588352058178069 15.797906090047203 4.8500000000000005 12.949469870750768 3.3965472547192124 -0.41865575219846923 7.3500000000000005 0.25881904510252057 33.814500000000002 48.800000000000004 2.4531326585235829 0.26512974748379775 5.8500000000000005 1.0000000180025095e-35
decision_type=2 2 2 2 8 2 2 2 10 10 8 2 2 10
left_child=2 -2 -1 4 7 -6 8 -4 10 -10 -5 13 -13 -12
right_child=1 -3 3 6 5 -7 -8 -9 9 -11 11 12 -14 -15
leaf_value=-0.0026814716508159367 0.012787532781954436 4.9509915827794518e-05 0.00021533193502919768 0.0060982719462984837 0.0044751656655895424 0.0026278029505646806 0.015947442058241501 -0.012457112295386309 -0.008437010037025728 0.0017663290209580019 -0.0043329229870897384 -0.0010561522643756317 0.00027808545657352911 0.00038901786829513845
leaf_weight=52 32 34 35 31 26 34.093395233154297 42 20 66 31 46 76.093395233154297 96 252
leaf_count=52 32 34 35 31 26 24 42 20 66 31 46 66 96 252
internal_value=0.00134411 0.00895522 0.000711469 0.00122324 0.00626508 0.0147698 0.000308325 -0.003125 -0.000254276 -0.00484694 0.00064264 -4.9563e-06 -0.00347983 0.00200669
internal_weight=873.187 66 807.187 755.187 115.093 60.0934 640.093 55 598.093 97 501.093 470.093 172.093 298
internal_count=853 66 787 735 105 50 630 55 588 97 491 460 162 298
is_linear=0
shrinkage=0.05


Tree=191
num_leaves=15
num_cat=0
split_feature=10 13 4 10 7 7 10 13 3 0 4 3 4 8
split_gain=1.62829 1.35469 1.61032 1.24503 1.38945 2.61653 1.21793 1.01026 1.5236 1.30441 1.20691 1.06172 1.46296 0.963684
threshold=0.26512974748379775 2.5921133604243618 3.5904155995222786 -0.76322520435950458 5.1500000000000012 5.4500000000000011 0.42260216973226722 3.6413638888637321 9.6705788083499247 15.658197427814342 8.6362158624393643 7.0237422035941366 10.55580602873262 37.800000000000004
decision_type=2 10 2 2 2 2 2 10 2 2 2 2 2 10
left_child=1 2 -1 13 -5 -6 -2 11 9 -9 -10 -8 -13 -3
right_child=6 3 -4 4 5 -7 7 8 10 -11 -12 12 -14 -15
leaf_value=0.0028359039829440658 -0.0059254653363719247 -0.000492385626167291 -0.010990973331536003 -0.00049375954588561923 0.0012357296632511357 0.00050094856963917023 0.0022597477934659382 -0.0015226087514598034 0.0039604070952577791 -0.0010283293820520401 -0.013969954405658137 -0.00080998141797055116 0.0023299547598315761 0.0042514073823100686
leaf_weight=30 25.046697616577148 158 44 34 39.140092849731445 237 46 39.046697616577148 21 20 26 114 35 30
leaf_count=30 20 158 44 34 24 237 46 34 21 20 26 114 35 30
internal_value=0.000668533 0.00227432 -0.004 0.00321253 0.00515363 0.00632713 -0.0021472 -0.00124539 -0.00514885 -0.010428 0.0015625 0.000892857 -0.00116667 0
internal_weight=898.233 572.14 74 498.14 310.14 276.14 326.093 301.047 106.047 59.0467 47 195 149 188
internal_count=873 557 74 483 295 261 316 296 101 54 47 195 149 188
is_linear=0
shrinkage=0.05


Tree=192
num_leaves=15
num_cat=0
split_feature=15 9 2 8 10 3 1 7 14 15 1 8 2 14
split_gain=0.993412 1.88504 1.63866 1.09256 0.906295 2.62113 1.56954 1.26083 1.534 1.17566 1.17753 1.00405 0.951973 0.824165
threshold=0.70259000000000016 0.86382728211298232 11.703499508145093 18.050000000000004 0.26512974748379775 5.0296683944994847 12.726727415236329 7.2500000000000009 1.034682545779831 -0.11977499999999999 15.345601561204473 52.715000000000011 11.518526451329047 6.596103750201924
decision_type=2 2 2 10 2 2 2 2 2 2 2 10 2 2
left_child=4 2 3 -2 11 6 -6 8 -7 10 12 13 -10 -1
right_child=1 -3 -4 -5 5 7 -8 -9 9 -11 -12 -13 -14 -15
leaf_value=0.00017725219205809336 -0.014770676140352613 0.00038565607891142542 0.0033006256703135731 0.0072842428414316767 -0.0017771756567424456 0.0062590323191420664 -0.00097691291294943472 0.0035053965808390822 -0.009697744907742202 -0.0032765931222970002 -0.025643520204326899 0.0080804615011479172 0.0050817930641398612 -0.00064282157134911702
leaf_weight=422.04669761657715 39 34.093395233154297 47 20 40.093395233154297 22 36 30 28 63 25 25 45 47
leaf_count=417 39 24 47 20 30 22 36 30 28 63 25 25 45 47
internal_value=0.000407005 0.00426905 0.000934579 -0.00458333 -0.000288427 -0.00250724 -0.0104073 0.000350467 -0.00122283 -0.0029321 0.000505051 0.00101236 0.00371622 0.00048116
internal_weight=923.233 140.093 106 59 783.14 289.093 76.0934 213 183 161 98 494.047 73 469.047
internal_count=898 130 106 59 768 279 66 213 183 161 98 489 73 464
is_linear=0
shrinkage=0.05


Tree=193
num_leaves=15
num_cat=0
split_feature=2 1 5 8 3 4 2 14 7 13 7 2 13 13
split_gain=1.17735 1.53586 0.956225 1.213 0.917565 0.810208 1.01346 2.05413 1.23005 2.06718 1.18301 2.07884 1.16303 1.21229
threshold=14.254755236354223 15.238215457937164 8.4353839539398141 10.950000000000001 13.37443548907458 11.854967923499585 11.327456641317992 0.95536100695339576 5.1500000000000012 3.094662338278956 5.4500000000000011 10.381818389358836 3.0173076496044242 3.4158349794804383
decision_type=2 2 2 8 2 2 2 2 2 10 2 2 10 10
left_child=2 -2 5 -4 -3 6 8 -8 9 -1 -10 -12 -13 -14
right_child=1 4 3 -5 -6 -7 7 -9 10 -11 11 12 13 -15
leaf_value=0.0076140371184684032 0.030261318796228488 0.0057202899802188956 -0.010991785655209019 0.00010105372249807898 -0.00051545598539683992 0.0085829547899566212 -0.0015048612409105091 -4.4884420031143792e-06 0.00036315417581554038 -0.0020969276197117526 -0.00028115416155422848 -0.00097525123134500902 0.028007163701227713 0.00073100581890823697
leaf_weight=31 22 27 27 33 49 21 34.093395233154297 324 50.093395233154297 51 133 27 20 50
leaf_count=31 22 27 27 33 49 21 24 324 40 51 133 27 20 50
internal_value=0.000916476 0.00606061 0.000280483 -0.0057377 0.0025974 0.000774738 0.000485311 -0.0013989 0.00234743 -0.00301205 0.0039216 0.00238095 0.00790816 0.0112676
internal_weight=899.187 98 801.187 60 76 741.187 720.187 358.093 362.093 82 280.093 230 97 70
internal_count=879 98 781 60 76 721 700 348 352 82 270 230 97 70
is_linear=0
shrinkage=0.05


Tree=194
num_leaves=15
num_cat=0
split_feature=1 10 9 13 9 14 1 1 8 8 2 8 14 12
split_gain=0.917745 0.780167 1.92079 1.3493 1.27306 2.17669 1.52285 2.25677 1.22256 1.27021 1.72758 1.34214 1.49732 1.06653
threshold=16.678821448768947 0.26512974748379775 0.86382728211298232 2.6428040727087132 -0.054514371903161107 0.10274084263876529 15.713707227497345 14.982908394901942 6.9500000000000011 24.250000000000004 12.316634059573948 11.750000000000002 2.2966142907457834 1.0000000180025095e-35
decision_type=2 2 2 8 2 2 2 2 10 10 2 10 2 10
left_child=1 4 3 -3 6 -6 7 8 -1 10 11 -10 -13 -7
right_child=-2 2 -4 -5 5 13 -8 -9 9 -11 -12 12 -14 -15
leaf_value=-0.0081156111406692766 0.011454203352479198 0.0013359110729757708 -0.0091557241049114203 -0.00047926232855257864 0.00034554252047475819 -0.0017617770835695714 -0.028902882785908891 0.020647935573941029 -0.0039883884225950126 -0.007074743957407959 0.0092176368738725589 0.0050329448819282589 -0.00085161527676131949 0.00054242569127866964
leaf_weight=22 21 34 40.046697616577148 228.04669761657715 44.140092849731445 44 23 29 34 67 24 39 20 202
leaf_count=22 21 34 35 223 29 44 23 29 34 67 24 39 20 202
internal_value=0.000144649 -0.000116105 -0.00215226 -0.000574679 0.00100794 0.00327506 -0.0015444 -0.000317797 -0.00217391 -0.000810811 0.00233051 -0.000797872 0.00375 0.001417
internal_weight=871.233 850.233 302.093 262.047 548.14 290.14 258 235 206 184 117 93 59 246
internal_count=846 825 292 257 533 275 258 235 206 184 117 93 59 246
is_linear=0
shrinkage=0.05


Tree=195
num_leaves=15
num_cat=0
split_feature=16 9 5 10 3 6 16 8 8 0 10 0 13 13
split_gain=0.939767 1.49411 1.04289 0.974636 3.02117 2.68561 1.72881 1.63301 1.55122 0.931342 1.18162 1.01858 0.984567 0.881597
threshold=0.10701500000000001 0.9562228270146037 8.8827706648422673 0.26512974748379775 5.2544752012255964 3.4299385993688372 -0.33242999999999995 6.4150000000000009 12.850000000000003 16.476907121999037 -0.70710678118654757 14.449487272817015 3.5602835930737258 3.1233910917821626
decision_type=2 2 2 2 2 2 2 10 10 2 2 2 10 10
left_child=3 2 -2 5 -5 7 -6 -1 -8 11 -11 12 -9 -10
right_child=1 -3 -4 4 6 -7 8 9 13 10 -12 -13 -14 -15
leaf_value=-0.0013025942306291506 9.250581184361284e-05 0.0017904486329017707 0.0056039301784664101 -0.0040386941547882376 0.0023434732175850351 -0.014522816030589048 0.005054878759449849 0.00066797810027754425 -0.0006722238225058242 0.020976020317146873 0.00037945040813727184 -0.00045579815469105612 0.0027032211003390483 -0.0058256107791884396
leaf_weight=34 282 38.046697616577148 20 43.046697616577148 21 23 41 73 44 22 31 145 38.046697616577148 47
leaf_count=34 282 33 20 38 21 23 41 73 44 22 31 145 33 47
internal_value=0.000278105 0.00234914 0.00115512 -0.000976747 -0.00381213 0.00054807 -0.000487013 0.00167468 -0.00263158 0.00282592 0.0087963 0.00156068 0.00514221 -0.00625
internal_weight=902.14 340.047 302 562.093 196.047 366.047 153 343.047 132 309.047 53 256.047 111.047 91
internal_count=887 335 302 552 191 361 153 338 132 304 53 251 106 91
is_linear=0
shrinkage=0.05


Tree=196
num_leaves=15
num_cat=0
split_feature=4 1 10 7 14 14 4 13 1 13 10 8 4 14
split_gain=1.08837 0.930808 1.7369 2.08782 1.18999 1.05491 1.0562 1.47937 0.945307 0.934294 1.49421 0.813761 0.702809 1.67188
threshold=12.307591968606514 14.070538460099918 -0.12186470299397914 5.4500000000000011 2.0502562784215468 3.7011708261928997 9.9511434072104361 3.0459160430837753 15.651820649340765 2.6751386027824413 0.39670114248928356 17.050000000000004 10.021797621935265 3.9717069209744973
decision_type=2 2 2 2 2 2 2 10 2 10 2 10 2 2
left_child=1 12 4 -4 -3 -6 -7 -8 9 -5 -11 -12 13 -1
right_child=-2 2 3 8 5 6 7 -9 -10 10 11 -13 -14 -15
leaf_value=0.00022597463357161012 0.0015832928575385985 0.00043451216118478575 -0.0040164227180151694 0.017585010792504806 -0.016265202068346408 0.0030798371670846428 -0.064049194578495644 -0.0017644030709434546 -0.00051138904385724662 0.011274483616926246 -0.00089972336857286901 0.0052884972299000578 0.0037445484799014106 -0.030129155369660921
leaf_weight=432.23348808288574 59 39 23 32 37 38 23 39 38 30 34 33 30 20
leaf_count=407 59 39 23 32 37 38 23 39 38 30 34 33 30 20
internal_value=0.00140768 0.00094615 -0.000953678 0.00235602 -0.00451977 -0.0067029 -0.0039604 -0.00793651 0.00431548 0.00634615 0.00382653 -0.000367647 0.00238705 0.00188314
internal_weight=907.233 848.233 366 190 176 137 100 62 167 129 97 67 482.233 452.233
internal_count=882 823 366 190 176 137 100 62 167 129 97 67 457 427
is_linear=0
shrinkage=0.05


Tree=197
num_leaves=15
num_cat=0
split_feature=14 14 9 15 0 1 0 15 10 9 10 10 13 4
split_gain=1.0342 1.28653 2.32222 2.23565 1.53899 1.30829 1.30291 1.23026 1.16441 1.06226 1.79696 1.04315 1.04256 1.33163
threshold=0.048652343132513279 2.8173402638296863 0.25881904510252091 -0.43265499999999996 15.523471602466001 14.751063175991256 15.450586597540411 0.011770000000000001 -0.60702770852580734 0.3379038511701401 -0.26932402956675622 0.25881904510252057 3.9699398397909711 10.779810090014157
decision_type=2 2 2 2 2 2 2 2 2 2 2 2 10 2
left_child=7 2 -2 4 12 -5 -4 -1 -7 10 -6 -10 13 -3
right_child=1 3 6 5 9 8 -8 -9 11 -11 -12 -13 -14 -15
leaf_value=-0.0043999327973821001 0.0003269303984286487 -4.648754227194463e-05 -0.00084548771395555702 -0.0047128549560640168 -0.022415093364055862 0.0082850316914175881 -0.0051390719298181732 0.0026876459945626321 -0.019463312355273123 0.0014329896211535686 0.0017065442052542901 0.0017591773993242744 0.015613566896838994 0.0038853481719643315
leaf_weight=34 223 47 111.04669761657715 123 31 26 56 41.046697616577148 30 36 20 45 32 32
leaf_count=34 223 47 106 123 31 26 56 36 30 36 20 45 32 32
internal_value=2.81502e-05 -0.000493413 -0.00256022 0.00141844 0.00527638 -0.002 -0.00699905 0.00560402 0.00220588 0.000284091 -0.00432692 -0.000986842 0.00915179 0.0059375
internal_weight=887.093 812.047 390.047 422 198 224 167.047 75.0467 101 87 51 75 111 79
internal_count=877 807 385 422 198 224 162 70 101 87 51 75 111 79
is_linear=0
shrinkage=0.05


Tree=198
num_leaves=15
num_cat=0
split_feature=1 1 1 1 1 10 8 4 1 3 5 0 2 7
split_gain=0.992146 1.18344 0.991476 1.4669 1.29807 1.07068 1.12485 1.06967 0.858057 1.48621 1.53685 1.35053 1.43817 1.63503
threshold=9.4244954428784684 10.703837262803583 11.608527579552712 12.147605239729323 12.495892286663802 0.93200786928279833 11.050000000000002 1.4978661367769956 14.751063175991256 12.853949410011262 6.6816561343229539 14.449487272817015 11.12876426794827 5.7500000000000009
decision_type=2 2 2 2 2 2 8 2 2 2 2 2 2 2
left_child=-1 -2 7 -4 -5 8 -7 -3 9 10 11 -6 13 -13
right_child=1 2 3 4 5 6 -8 -9 -10 -11 -12 12 -14 -15
leaf_value=0.00025551277931207261 -0.0065878494932607116 0.0096387672060634921 -0.0019923719338660129 0.0014339485302835029 0.0032855774589747979 -0.014507840368663944 0.0026760219948719689 -0.00036990955648678604 0.00032655721696888134 0.006938947443780874 -0.012716162823210243 -0.0019138253454549449 -0.0032463156046997456 0.0071010216257312749
leaf_weight=41.093395233154297 30 30 56.046697616577148 41.046697616577148 98 20 59 25 232 30 32 34 130 28
leaf_count=31 30 30 51 36 98 20 59 25 232 30 32 34 130 28
internal_value=0.000284421 -8.86427e-05 0.000275704 -0.000197085 0.00042716 -0.000112952 0.0053125 0.00669643 -0.000854701 -0.00240793 -0.00340557 -0.00223368 -0.00466321 0.0015873
internal_weight=886.187 845.093 815.093 760.093 704.047 663 79 55 584 352 322 290 192 62
internal_count=866 835 805 750 699 663 79 55 584 352 322 290 192 62
is_linear=0
shrinkage=0.05


Tree=199
num_leaves=15
num_cat=0
split_feature=14 5 0 1 15 2 0 14 13 2 0 13 15 8
split_gain=1.32821 1.11518 1.19166 2.17823 1.11502 1.42091 1.39334 1.24362 1.39027 1.03504 1.02398 1.01906 0.957001 1.30285
threshold=0.010715117459804567 10.401204088936487 11.918138070231437 11.309863577029148 -0.67852499999999993 8.3156701108558106 16.640661474636048 2.9898899022367211 3.0101386585394425 10.024261217580934 15.587342340134944 2.8972419837873922 -0.92700999999999989 12.450000000000001
decision_type=2 2 2 2 2 2 2 2 10 2 2 8 2 10
left_child=-1 2 9 -4 6 -6 7 10 11 -2 12 -9 13 -5
right_child=1 -3 3 4 5 -7 -8 8 -10 -11 -12 -13 -14 -15
leaf_value=-0.0078236984031587638 -0.0070898619509961016 0.0020867321585290809 0.0024335859226804375 -0.0056510484098310117 0.00066519420418137344 -0.00026106452454313092 -0.00049591090792018295 0.003506545536092376 0.019082480781978852 -2.4013722662630246e-05 0.0015224402327591148 -0.0090365441100297202 0.0048141643294889241 5.4129086362808557e-05
leaf_weight=33 20 38 31.046697616577148 21 41.046697616577148 452 39 23 77 32 24 23 22 24
leaf_count=33 20 38 26 21 36 452 39 23 77 32 24 23 22 24
internal_value=0.00161175 0.0019898 0.00159902 0.00209144 0.00154096 0.000154171 0.00423228 0.00581395 0.00907258 -0.00566038 0.0013587 0.00212766 -0.00183824 -0.00597826
internal_weight=900.093 867.093 829.093 777.093 746.047 493.047 253 214 123 52 91 46 67 45
internal_count=890 857 819 767 741 488 253 214 123 52 91 46 67 45
is_linear=0
shrinkage=0.05


Tree=200
num_leaves=15
num_cat=0
split_feature=8 8 9 1 16 1 7 15 13 1 10 14 13 15
split_gain=0.942242 1.5568 2.06223 2.06003 1.60941 1.41502 1.2064 1.18325 1.38215 1.89921 1.34596 1.26622 1.17181 1.3847
threshold=17.850000000000005 13.250000000000002 -0.26092512978024823 11.531882702559956 1.0000000180025095e-35 12.472406226667768 6.8500000000000005 -1.3495649999999999 3.6685709561006159 12.639941056452558 0.9396121150393979 3.0361675158333736 2.5563404911825818 0.63776500000000014
decision_type=10 8 2 2 2 2 2 2 8 2 2 2 10 2
left_child=1 3 -3 -1 -4 -5 -7 -2 10 -10 12 -12 -9 -14
right_child=7 2 4 5 -6 6 -8 8 9 -11 11 -13 13 -15
leaf_value=0.00073719617799978827 0.0053900410907142763 -0.00048632887757592004 -0.00046174152275850759 -0.0024989762778175198 0.0011567702623375576 -0.0002021448466377085 0.0057389344510045959 0.0026223524332406713 -0.013796359801641261 -0.0011127266982255302 0.018028508271743373 -0.0003828604775481415 -6.8781309305143703e-05 -0.01145763296749518
leaf_weight=54.093395233154297 23 37 29 43.046697616577148 62.093395233154297 239 27 20 22 88 23 21 139 58
leaf_count=44 23 37 29 38 52 239 27 20 22 88 23 21 139 58
internal_value=0.000427091 0.0018863 0.00660247 0.000209171 0.0106124 -0.00137453 0 -0.00139241 -0.00208333 -0.00675676 -9.54198e-05 0.00777778 -0.00172018 -0.00290404
internal_weight=885.233 491.233 128.093 363.14 91.0934 309.047 266 394 371 110 261 44 217 197
internal_count=860 466 118 348 81 304 266 394 371 110 261 44 217 197
is_linear=0
shrinkage=0.05


Tree=201
num_leaves=15
num_cat=0
split_feature=2 7 7 0 0 0 15 0 3 8 1 9 16 0
split_gain=1.21298 2.10651 1.26857 1.35308 2.42804 1.98896 1.55059 1.4709 1.47237 1.33333 1.2815 1.24839 1.11603 1.35588
threshold=8.3156701108558106 6.3500000000000005 5.3500000000000005 14.567778328442321 14.361263411723543 15.523471602466001 -0.56013499999999994 15.313801470356928 11.516247946048063 43.250000000000007 14.325199642858239 0.90444653569325539 0.37080500000000005 14.464267589552852
decision_type=2 2 2 2 2 2 2 2 2 8 2 2 2 2
left_child=1 11 12 4 9 6 10 8 -8 -4 -5 -1 13 -2
right_child=2 -3 3 5 -6 -7 7 -9 -10 -11 -12 -13 -14 -15
leaf_value=0.0025297946441305008 0.0031396890757454223 -0.0042163653643965352 -0.00053739916381760904 0.0074968720447024786 -0.0028256152802550987 -1.5676912518047816e-05 0.0046156826742697835 0.014097277762734828 -0.024100000452320771 0.0044422855832604745 0.0029249912442851468 0.0014001402269382401 -0.00081377255857785979 -0.0029409071641261888
leaf_weight=60 38 27 174 32.046697616577148 34.046697616577148 273 49 23 27 20 37 22.093395233154297 27.046697616577148 51
leaf_count=60 38 27 174 27 29 273 49 23 27 20 37 12 22 51
internal_value=0.000783223 0.00569821 9.39178e-05 0.000932706 -0.00218806 0.00254762 0.00680976 0.00275 -0.000649351 0 0.0125083 0.00965582 -0.00470895 -0.00194444
internal_weight=894.233 109.093 785.14 669.093 228.047 441.047 168.047 99 76 194 69.0467 82.0934 116.047 89
internal_count=869 99 770 659 223 436 163 99 76 194 64 72 111 89
is_linear=0
shrinkage=0.05


Tree=202
num_leaves=15
num_cat=0
split_feature=0 13 14 2 1 1 1 12 6 3 15 14 5 3
split_gain=1.63204 2.15965 1.08318 1.36645 2.01797 1.14294 1.37515 1.34648 1.1113 0.771442 2.26992 0.99118 1.48214 1.82379
threshold=12.754631328093431 3.2891799922809661 3.7011708261928997 7.3287099632352914 12.147605239729323 11.531882702559956 12.555101602764983 1.5000000000000002 3.974898608080927 11.835939577868638 1.0000000180025095e-35 4.1641877369068885 5.3844529770182641 13.738557155961646
decision_type=2 8 2 2 2 2 2 10 2 2 2 2 2 2
left_child=1 -1 3 4 -2 -5 7 -7 9 10 -4 -11 13 -13
right_child=2 -3 8 5 -6 6 -8 -9 -10 11 -12 12 -14 -15
leaf_value=-0.0026795636437924931 -0.0031639267314629797 0.0018791452670588128 0.026081134146065523 0.004064338750155605 0.017353594595002544 -0.0019355034023225582 -0.00035154365862989927 -0.0016318155727548204 -0.001033915218623016 0.0087333048736899076 -0.0099828190953794582 -0.0036080990188335216 0.0034814386281596388 0.0035743741426798262
leaf_weight=46 27 72.093395233154297 30 33 22 28 359 32.093395233154297 32 26 21 77 50 36
leaf_count=46 27 62 30 33 22 28 359 22 32 26 21 77 50 36
internal_value=0.000868652 0.00631718 2.92796e-05 -0.00134902 0.0065 -0.0022122 -0.00292158 -0.00985925 0.0025641 0.00373444 0.00913462 0.00223684 0.000762195 -0.00241228
internal_weight=891.187 118.093 773.093 501.093 49 452.093 419.093 60.0934 272 240 51 189 163 113
internal_count=871 108 763 491 49 442 409 50 272 240 51 189 163 113
is_linear=0
shrinkage=0.05


Tree=203
num_leaves=15
num_cat=0
split_feature=13 14 10 16 0 10 10 13 4 12 2 8 13 13
split_gain=1.27909 1.2997 0.843341 0.757767 1.80564 1.1054 2.31405 2.05246 1.30172 1.09163 2.06925 2.36442 1.90472 1.16444
threshold=2.4670511503686972 4.0436453518320183 -0.98868868691483869 0.10701500000000001 12.870146433785068 0.26512974748379775 0.96126169593831889 2.6751386027824413 9.7642649786223732 1.5000000000000002 11.364318137156067 16.250000000000004 3.803066821374367 3.2052931877758257
decision_type=8 2 2 2 2 2 2 10 2 10 2 10 10 10
left_child=1 -1 -2 5 -5 7 8 -4 -7 10 -9 -12 -11 -13
right_child=2 -3 3 4 -6 6 -8 9 -10 12 11 13 -14 -15
leaf_value=0.016288537581178375 -0.0017961075208608125 -0.00029737999153875986 -0.0078970925451191006 -0.00069904551041810614 0.00093086180481596079 -0.0049238270609175787 0.0010135673401289237 0.011183883116286509 -0.00022519294714375972 -0.0060379559922066452 0.012046587942248221 -0.029915596264616026 0.00023119397541180437 0.0011372486085978295
leaf_weight=39 41 20 27 46.046697616577148 265.04669761657715 90.046697616577148 51 47 37 28 35 37 102.04669761657715 30
leaf_count=39 41 20 27 41 260 85 51 47 37 28 35 37 97 30
internal_value=0.000864775 0.00791667 0.000358343 0.000722192 0.00264344 -0.000515365 -0.00363686 0.00130654 -0.00723304 0.00259302 0.0055 0.00145631 -0.000754178 -0.00404412
internal_weight=895.187 59 836.187 795.187 311.093 484.093 178.047 306.047 127.047 279.047 149 102 130.047 67
internal_count=875 59 816 775 301 474 173 301 122 274 149 102 125 67
is_linear=0
shrinkage=0.05


Tree=204
num_leaves=15
num_cat=0
split_feature=6 8 8 15 13 0 13 13 0 0 9 3 13 16
split_gain=1.22302 0.889837 2.09761 1.12321 1.2598 1.26059 1.01656 1.53169 1.4088 1.0605 1.01669 1.07996 1.0068 1.19907
threshold=4.4337841666032221 13.750000000000002 14.65 -1.3495649999999999 2.5688187898933337 16.908776214622375 3.1941859788175644 3.2886163120488097 12.894777939625641 15.587342340134944 0.44032991850403941 10.324608175214264 4.1138350622584694 0.10701500000000001
decision_type=2 8 10 2 8 2 8 8 2 2 2 2 10 2
left_child=1 6 -3 -4 -5 -6 10 -8 -9 12 11 -1 13 -10
right_child=-2 2 3 4 5 -7 7 8 9 -11 -12 -13 -14 -15
leaf_value=-0.0024674758865111503 -0.00200887747665357 0.011370446330514747 0.0029769787673369578 0.0033663800657256718 -3.3969617757369848e-05 0.0078446488380439668 0.021739954754648586 0.0097424086775003919 -0.0078603860773764026 0.0018440952270418977 -0.00627626612145622 0.0039762531016460656 0.00037960806851310982 -0.00068967823563039767
leaf_weight=37 42 35.046697616577148 30 35 389.04669761657715 26 23 23 32 69 54 20 33 32
leaf_count=37 42 30 30 35 384 26 23 23 32 69 54 20 33 32
internal_value=0.0012511 0.00167125 0.00295942 0.00208123 0.00144368 0.00066379 -0.000385802 0.00164319 0.000131579 -0.00149701 -0.00424107 0.000431034 -0.00484694 -0.00846154
internal_weight=880.093 838.093 515.093 480.047 450.047 415.047 323 212 189 166 111 57 97 64
internal_count=870 828 505 475 445 410 323 212 189 166 111 57 97 64
is_linear=0
shrinkage=0.05


Tree=205
num_leaves=15
num_cat=0
split_feature=15 15 3 0 10 3 0 7 16 9 7 10 5 15
split_gain=1.74146 1.46166 1.63825 1.27302 1.01278 0.968731 0.815343 0.928855 1.12728 1.34243 1.05161 1.96389 1.70455 0.961339
threshold=-1.2924149999999999 -1.2619349999999996 13.588352058178069 14.625529914404526 -0.70710678118654757 13.063184178775765 11.375040743560087 5.8500000000000005 1.0000000180025095e-35 0.14780800409054848 6.1500000000000012 0.1993508540825906 5.8442286787023843 -0.83455499999999994
decision_type=2 2 2 2 2 2 2 2 2 2 2 2 2 2
left_child=3 -2 5 4 -1 6 -3 13 -9 -10 11 -11 -12 -8
right_child=1 2 -4 -5 -6 -7 7 8 9 10 12 -13 -14 -15
leaf_value=0.0059570369521014912 -0.00058604376527693477 0.0020341999349358878 0.0032422054318364869 0.0045773804390075836 -0.0004862645473091343 -0.030029329138761975 -0.0021268434239565784 -0.0011313999474804604 -0.00035811345437160026 -0.019702616108743822 0.0247005432651351 0.0080077406358520127 0.00010052700153562188 -0.00054140405561270216
leaf_weight=25 35.046697616577148 36.046697616577148 54 45 32 22 43.046697616577148 92 134 25 43 20 29 266.04669761657715
leaf_count=25 30 31 54 45 32 22 38 92 134 25 43 20 29 261
internal_value=0.000191385 -0.000596529 -0.000132221 0.00631068 0.0012931 -0.000775048 -0.000437019 -0.000845721 0.000944767 0.00267857 0.0065678 0.000543478 0.010274 -0.00282926
internal_weight=901.187 799.187 764.14 102 57 710.14 688.14 652.093 343 251 117 45 72 309.093
internal_count=881 779 749 102 57 695 673 642 343 251 117 45 72 299
is_linear=0
shrinkage=0.05


Tree=206
num_leaves=15
num_cat=0
split_feature=14 15 2 0 13 10 10 13 13 8 8 0 0 0
split_gain=1.0611 2.69134 1.68994 1.83938 1.81625 1.20642 2.48229 1.28281 2.04961 1.19003 1.15048 0.762666 1.52149 0.615125
threshold=0.048652343132513279 0.63776500000000014 9.6989490119116848 12.657179985727591 3.3466840214647262 0.96126169593831889 0.85713466239780911 3.6664690194081797 3.0101386585394425 41.95000000000001 20.950000000000003 14.729040500317927 16.113741789942335 12.341179895169182
decision_type=2 2 2 2 10 2 2 10 8 10 10 2 2 2
left_child=1 10 3 -2 -5 6 9 8 -7 13 -1 -11 -13 -4
right_child=2 -3 5 4 -6 7 -8 -9 -10 11 -12 12 -14 -15
leaf_value=0.00033340810641855348 -0.0047481332762297187 0.0016956456087604951 -0.011405242783820952 0.0016624683450499724 -0.007587245117725361 -0.0014251955870821843 -0.0027015657136399062 -0.003512825435864331 0.021947145383057021 0.0040632487020935805 -0.013947089116018985 -0.0093265899944851693 0.0070411220142586389 -8.3446502536984642e-05
leaf_weight=24 29.046697616577148 36.093395233154297 27 30 37 28 44.046697616577148 24 28 20 20 20 20 486.04669761657715
leaf_count=24 24 26 27 30 37 28 39 24 28 20 20 20 20 481
internal_value=-0.000487476 0.00496138 -0.00104327 -0.00722505 -0.00257353 -0.000182404 -0.000934058 0.00555556 0.00964912 -4.55842e-05 -0.00333333 0.00655738 0.00243902 -0.000829044
internal_weight=873.233 80.0934 793.14 96.0467 67 697.093 617.093 80 56 573.047 44 60 40 513.047
internal_count=848 70 778 91 67 687 607 80 56 568 44 60 40 508
is_linear=0
shrinkage=0.05


Tree=207
num_leaves=15
num_cat=0
split_feature=9 3 0 14 7 13 13 8 12 13 9 0 13 2
split_gain=1.49684 2.56129 1.15318 1.01361 1.57837 1.20469 1.29254 1.2779 2.17523 1.45493 1.14266 0.824047 0.845256 0.805829
threshold=0.91613344851476464 6.5822274828246474 17.338963445597322 0.49302220331869934 4.5500000000000007 4.6019046630023537 3.776547213639899 39.95000000000001 2.5000000000000004 4.5531131166041785 -1.0000000180025095e-35 11.375040743560087 3.5815589191851385 11.862066468840895
decision_type=2 2 2 2 2 8 10 10 10 10 2 2 10 2
left_child=2 -2 3 4 -1 6 11 8 -8 10 -10 -5 -13 -3
right_child=1 13 -4 5 -6 -7 7 -9 9 -11 -12 12 -14 -15
leaf_value=-0.003306938106098212 -0.00038316485172669765 0.00028660956548128837 0.0081197417664149018 0.0038645759487637489 0.00097784676332820239 0.0056783199956604476 -0.018130724408378786 0.0010172401312087298 -0.0018466733574870721 -0.00037193097067393232 0.0028461661959029109 -0.00051612254192061617 0.0061679745413522951 -0.00053512773222044176
leaf_weight=28 37.140092849731445 33 25 20 117 33 43 23 30 20.046697616577148 38 335 51 52
leaf_count=28 22 33 25 20 117 33 43 23 30 15 38 335 51 52
internal_value=-0.000597695 -0.00571302 0.000227516 -0.000136889 0.00359589 -0.00105407 -0.00160623 -0.00548975 -0.00739259 -0.00282063 0.000724638 -0.00012285 -0.000645995 -0.000872093
internal_weight=885.187 122.14 763.047 738.047 145 593.047 560.047 154.047 131.047 88.0467 68 406 386 85
internal_count=865 107 758 733 145 588 555 149 126 83 68 406 386 85
is_linear=0
shrinkage=0.05


Tree=208
num_leaves=15
num_cat=0
split_feature=3 2 14 8 0 3 14 10 9 13 10 14 13 13
split_gain=1.32099 3.20409 1.70931 1.56577 1.56299 1.70921 1.17624 1.31623 1.07341 1.03438 0.853982 0.63929 0.899238 1.11466
threshold=2.3410656135621104 7.5105154820682332 0.02092948555230718 19.900000000000002 16.842075314933073 11.248128537727821 0.6981668640907871 1.0000000180025095e-35 0.25881904510252091 3.4104915591470446 -0.40273135449887215 1.034682545779831 2.3612734380892113 3.3277906598632643
decision_type=2 2 2 10 2 2 2 2 2 8 2 2 8 10
left_child=1 2 8 10 6 -6 7 -2 -1 -5 -3 -8 -13 -14
right_child=4 3 -4 9 5 -7 11 -9 -10 -11 -12 12 13 -15
leaf_value=-0.0044135724693495247 -0.00011116381313148183 -0.00070903064677372294 0.015829247453649265 -0.0064218094664443507 -0.02624839988177028 -7.8429474082197806e-05 -0.0028128443947273321 0.025232996919187567 0.0014263811733575583 0.00081240468281293951 -0.00027195980815726144 0.0047430629040122524 -0.00041710808112418454 0.00087618751198010887
leaf_weight=30 33 25 20 22 22 29 38 35 28.046697616577148 24 53.186790466308594 25 259 246
leaf_count=30 33 25 20 22 22 29 38 35 23 24 33 25 259 246
internal_value=8.03134e-05 -0.00346155 0.00444253 -0.00842477 0.00112645 -0.00721154 0.00180534 0.00797101 1.97715e-05 -0.00106383 -0.0126873 0.00105448 0.00150659 0.00103755
internal_weight=889.233 202.233 78.0467 124.187 687 51 636 68 58.0467 46 78.1868 568 530 505
internal_count=864 177 73 104 687 51 636 68 53 46 58 568 530 505
is_linear=0
shrinkage=0.05


Tree=209
num_leaves=15
num_cat=0
split_feature=1 1 1 1 1 2 2 9 0 2 0 1 9 9
split_gain=0.85908 1.58118 1.54576 1.01472 1.5902 1.44379 1.09902 0.900629 0.8877 1.06147 1.29774 0.962892 1.9704 1.81731
threshold=9.9532426738528574 10.941699801900848 8.5250588225616273 12.147605239729323 11.885105159201204 11.000877308669148 10.327260108516565 0.86382728211298232 17.338963445597322 10.668396338873968 13.087248067100068 13.76304014984119 0.86382728211298232 -0.10018710789393852
decision_type=2 2 2 2 2 2 2 2 2 2 2 2 2 2
left_child=2 -2 -1 4 5 -3 7 -5 9 -8 -11 12 13 -12
right_child=1 3 -4 6 -6 -7 8 -9 -10 10 11 -13 -14 -15
leaf_value=0.0006242618500110356 0.0035539389423877802 0.0011852863520522895 -0.0011499882772384028 0.00057599506831832457 -0.019123051207433503 -0.0029896644971453058 -0.0026722021749909564 0.0074941491818652506 0.00138521508595022 0.003836708531904709 -0.00024701594690024198 -0.00050649936423150519 -0.0081478197870741512 0.0086062771516038812
leaf_weight=27.046697616577148 28 45 28.046697616577148 71 29 24.046697616577148 22 21 28 33 56 394 30 51
leaf_count=22 28 45 23 71 29 19 22 21 28 33 56 394 30 51
internal_value=0.000195727 0.000598805 -0.00579391 0.000184874 -0.0045551 -0.000373571 0.000848656 0.00591398 8.13008e-05 -0.000340716 8.84956e-05 -0.000516917 0.00307971 0.00625
internal_weight=887.14 832.047 55.0934 804.047 98.0467 69.0467 706 92 614 586 564 531 137 107
internal_count=872 827 45 799 93 64 706 92 614 586 564 531 137 107
is_linear=0
shrinkage=0.05


Tree=210
num_leaves=15
num_cat=0
split_feature=1 0 1 0 15 14 5 14 0 9 9 0 12 10
split_gain=1.65331 2.29677 1.8126 2.80123 1.462 2.51621 1.83069 1.39652 1.37605 2.22533 1.23064 1.3946 0.971641 1.37945
threshold=9.9532426738528574 12.270442365115466 11.646432995679277 12.657179985727591 -1.1641199999999998 5.9594395523767583 7.3218127994673532 1.1537219472246001 16.352182391316678 0.087148275903737818 0.36040299391450087 12.82556272251483 1.5000000000000002 -0.47715421805211583
decision_type=2 2 2 2 2 2 2 2 2 2 2 2 10 2
left_child=1 -1 3 -2 5 7 10 -4 9 -8 11 -6 -12 -14
right_child=2 -3 4 -5 6 -7 8 -9 -10 -11 12 -13 13 -15
leaf_value=0.00016114623965762906 -0.00017976481908382747 -0.0059146894385160341 -1.8147190659367764e-05 0.0022118442358489616 -0.024605291387850437 -0.0071536723644937354 2.0984389409317574e-05 0.0069097657170114736 -0.00049788096670146944 0.013309837348630628 -0.00038823946913646434 0.00057356288287073736 0.00012020266099684874 -0.0094291921381877766
leaf_weight=35.046697616577148 30 22.046697616577148 21 47.046697616577148 20 22 32 63 29 28 122 322 31 66.046697616577148
leaf_count=30 30 17 21 42 20 22 32 63 29 28 122 322 31 61
internal_value=0.000841574 -0.00731581 0.00140872 0.00866363 0.000658919 0.00607477 -0.000232191 0.01 0.00638889 0.0106557 -0.00129201 0.00058309 -0.00420896 -0.0079163
internal_weight=890.187 57.0934 833.093 77.0467 756.047 106 650.047 84 89 60 561.047 342 219.047 97.0467
internal_count=870 47 823 72 751 106 645 84 89 60 556 342 214 92
is_linear=0
shrinkage=0.05


Tree=211
num_leaves=15
num_cat=0
split_feature=10 0 10 0 0 13 10 8 8 1 8 0 9 13
split_gain=1.27535 2.21578 2.1423 1.68054 1.36711 1.26523 1.25399 1.27617 1.96569 2.04587 1.51452 1.14206 1.14011 0.897164
threshold=0.370557437509836 13.342341679470378 0.1993508540825906 15.313801470356928 15.748715777478411 3.4104915591470446 0.54824625590878551 30.300000000000004 15.050000000000002 12.190510858438126 36.000000000000007 17.338963445597322 0.65275975246272278 4.2213565905370141
decision_type=2 2 2 2 2 10 2 8 10 2 10 2 2 8
left_child=1 5 11 6 -5 -1 -2 8 9 -8 -9 -3 -7 -6
right_child=3 2 -4 4 13 12 7 10 -10 -11 -12 -13 -14 -15
leaf_value=0.00026832135679709656 -0.0092085578109834254 -0.00025201659331102529 0.00068343144584459396 0.0061826241997986033 -0.001228948842154365 0.0039658083509998892 -6.9373311945241517e-05 0.015349920559876207 -0.00326541942965391 0.0041316759588815536 -0.0036113062577394664 0.0056754424744725369 0.0014040685256186017 0.0012424684374193974
leaf_weight=62 41 385.04669761657715 58.046697616577148 28 77 31 25.046697616577148 20 50 40 20 21 23.093395233154297 24
leaf_count=62 41 380 53 28 77 31 20 20 50 40 20 21 13 24
internal_value=0.000583186 0.00198674 0.000435041 -0.00192048 0.0025 0.00813312 -0.00482712 -0.00273103 -0.00539582 0.000360844 0.00487805 -0.000856984 0.0136556 -0.000245098
internal_weight=905.233 580.187 464.093 325.047 129 116.093 196.047 155.047 115.047 65.0467 40 406.047 54.0934 101
internal_count=880 560 454 320 129 106 191 150 110 60 40 401 44 101
is_linear=0
shrinkage=0.05


Tree=212
num_leaves=15
num_cat=0
split_feature=10 7 13 14 9 2 1 2 2 10 0 0 9 9
split_gain=1.60945 1.90781 1.33646 1.1186 2.36698 1.10628 1.68971 1.51657 1.00015 1.1028 1.57506 1.1634 1.7431 1.52327
threshold=0.26512974748379775 5.8500000000000005 4.590222163723535 0.10274084263876529 0.14780800409054848 11.252355811132036 12.703507605109477 11.964177395435597 15.011680278712262 0.1993508540825906 15.097653762633401 15.523471602466001 -0.96419053137135757 -0.21430864304727451
decision_type=2 2 8 2 2 2 2 2 2 2 2 2 2 2
left_child=3 5 -3 4 -1 6 -2 -7 9 11 -11 12 -5 -13
right_child=1 2 -4 8 -6 7 -8 -9 -10 10 -12 13 -14 -15
leaf_value=-0.0019967026246126228 -0.0033681148310227395 -0.00018235175184757593 0.020506473723136243 -0.0029309441862183762 0.00067383938613760754 -0.00021583854500633053 0.0008252629106052068 -0.0075259549467813214 0.005942724894803764 -1.3748892367626554e-05 0.021199280689224411 0.0012643192493487776 0.0010273356343217133 -0.0021248945897537562
leaf_weight=31 28 180 21 38 40.140092849731445 30.093395233154297 30 42 28 30 22 68 208 90
leaf_count=31 28 180 21 38 25 20 30 42 28 30 22 68 208 90
internal_value=0.000564865 -0.00219015 0.000866337 0.00220898 0.00801915 -0.00688315 -0.00169492 -0.0109768 0.00134021 0.000765864 0.00754717 -0.000123457 0.00202429 -0.00345912
internal_weight=886.233 331.093 201 555.14 71.1401 130.093 58 72.0934 484 456 52 404 246 158
internal_count=861 321 201 540 56 120 58 62 484 456 52 404 246 158
is_linear=0
shrinkage=0.05


Tree=213
num_leaves=15
num_cat=0
split_feature=15 14 2 13 2 6 10 2 8 2 8 2 8 14
split_gain=1.02704 1.65639 1.58006 1.84766 1.49783 2.18103 1.30235 1.29736 1.91832 1.95145 1.20176 0.888245 1.07178 1.11158
threshold=-0.79966499999999996 1.3502083319372586 13.621020949028514 4.2833654534579138 14.254755236354223 3.4299385993688372 -0.45397321317242106 12.808219673193578 34.550000000000004 13.768835423802477 14.235000000000001 12.890185940438831 10.950000000000001 2.8173402638296863
decision_type=2 2 2 8 2 2 2 2 8 2 10 2 10 2
left_child=1 10 11 6 5 7 -4 -2 9 -9 -1 12 -3 -14
right_child=4 2 3 -5 -6 -7 -8 8 -10 -11 -12 -13 13 -15
leaf_value=-5.5882733399489838e-05 0.00040427514199979159 0.0028462537388015408 -0.0043600436032513734 0.0013487299492345841 0.0014544636450810611 -0.0051136770910101166 -0.017687885174121121 -0.014844024256851586 0.011201308140602873 0.0033019590384030018 -0.012744691196477507 0.012896979528034858 -0.0016612518079378469 0.001339997332128562
leaf_weight=41.046697616577148 418.04669761657715 30 20 31 43 23 23 48 29 24 38.046697616577148 27 31 57
leaf_count=36 413 30 20 31 43 23 23 48 29 24 33 27 31 57
internal_value=0.000705581 -0.00167953 0.000568182 -0.00533333 0.00192163 0.0011991 -0.0119318 0.00187708 -0.00318627 -0.00753425 -0.00783254 0.00359589 0.00168067 -0.0011236
internal_weight=883.14 298.093 219 74 585.047 542.047 43 519.047 101 72 79.0934 145 118 88
internal_count=868 288 219 74 580 537 43 514 101 72 69 145 118 88
is_linear=0
shrinkage=0.05


Tree=214
num_leaves=15
num_cat=0
split_feature=6 4 3 3 3 4 1 7 0 8 8 1 8 7
split_gain=1.42023 0.76888 1.92245 1.02583 1.6262 1.49884 1.11368 0.979437 0.969387 1.79571 2.53757 1.39439 1.16964 0.965559
threshold=5.8218079755191914 12.307591968606514 13.969652893405295 11.493478271866374 11.727136292273972 7.6894446742678149 14.103646624509897 6.0100000000000007 14.599023630551345 12.450000000000001 8.9500000000000011 12.674202605042156 34.900000000000006 5.3500000000000005
decision_type=2 2 2 2 2 2 2 2 2 10 10 2 10 2
left_child=1 3 -3 8 -5 6 -6 -8 9 10 -1 -10 13 -13
right_child=-2 2 -4 4 5 -7 7 -9 11 -11 -12 12 -14 -15
leaf_value=0.0002292351209284909 -0.0022335238745525565 0.004803009281269888 -0.013529201348432452 -0.014132847806917438 0.0043092896857357399 -0.0037302683074813105 -0.012821055104424807 0.0034807681788870948 0.0036565571605307076 0.00050066998053954206 -0.0034252876753986397 -0.0017124129995580912 -0.0027400298001412082 0.0031321044361871443
leaf_weight=56.046697616577148 32 23 26 21 24 122 20 21 44.046697616577148 181 56.046697616577148 43 30 194
leaf_count=51 32 23 26 21 24 122 20 21 39 181 51 43 30 194
internal_value=0.00109174 0.00148023 0.0075 0.00110826 -0.00191388 -0.000398936 0.00568182 0.000595238 0.00215019 8.5007e-05 -0.00486324 0.00408967 0.00270522 0.00388655
internal_weight=893.14 861.14 49 812.14 208 187 65 41 604.14 293.093 112.093 311.047 267 237
internal_count=878 846 49 797 208 187 65 41 589 283 102 306 267 237
is_linear=0
shrinkage=0.05


Tree=215
num_leaves=15
num_cat=0
split_feature=2 15 0 9 9 2 0 15 13 13 2 7 9 10
split_gain=1.81939 2.4772 1.94247 1.67656 1.60841 1.81356 1.77779 1.55419 1.4524 1.35451 2.03903 1.96631 1.47119 1.77914
threshold=1.0000000180025095e-35 -0.56013499999999994 12.341179895169182 -0.70556075282125752 0.25881904510252091 13.945621774186813 15.048160610447411 0.63776500000000014 3.4463505833758972 3.4542313369358211 12.772286994570377 6.9500000000000011 0.87567323142345177 -0.70710678118654757
decision_type=2 2 2 2 2 2 2 2 8 10 2 2 2 2
left_child=7 4 -3 -4 5 8 -6 -1 -2 11 12 -5 13 -11
right_child=1 2 3 9 6 -7 -8 -9 -10 10 -12 -13 -14 -15
leaf_value=0.00056120604067831929 -0.00324495634559856 -0.0016673722598237264 0.0014366680770588336 -0.00059993757566501049 0.00061664750771554984 -0.0082542076653797213 0.000158353487081786 0.012841779501816052 0.00059616744401264641 -0.023522656471171556 -0.015648115266315977 0.016019095125594962 -0.0001977179692623334 0.00071767929378521169
leaf_weight=31 48 32.046697616577148 111 200 86.093395233154297 36 65 22.046697616577148 95 22 34 30 26.046697616577148 50
leaf_count=31 48 27 111 200 76 36 65 17 95 22 34 30 21 50
internal_value=0.000844736 0.000269079 -0.00193114 -0.00110995 0.00363141 0.000416667 0.00741212 0.00973542 0.00295139 -0.00275768 -0.00677332 -0.0004329 -0.00304066 0.000684932
internal_weight=888.233 835.187 505.093 473.047 330.093 179 151.093 53.0467 143 362.047 132.047 230 98.0467 72
internal_count=863 815 495 468 320 179 141 48 143 357 127 230 93 72
is_linear=0
shrinkage=0.05


Tree=216
num_leaves=15
num_cat=0
split_feature=2 1 8 0 3 1 14 7 7 7 3 0 14 14
split_gain=0.970884 1.54978 1.94589 1.38283 0.987731 1.49152 2.00481 0.854428 1.26263 1.72325 1.43587 1.16411 0.758411 1.40728
threshold=9.4674765584240426 11.780275221658769 24.100000000000005 17.370004161422141 14.188158212065703 16.017040107338925 5.5656363219412706 6.3500000000000005 5.1500000000000012 5.4500000000000011 1.0000000180025095e-35 13.703158544583582 0.40661190182880841 1.1537219472246001
decision_type=2 2 10 2 2 2 2 2 2 2 2 2 2 2
left_child=7 2 -2 4 5 12 -7 8 11 -10 -11 -1 -3 -14
right_child=1 3 -4 -5 -6 6 -8 -9 9 10 -12 -13 13 -15
leaf_value=-0.00094396549272560137 0.00010138246540287357 -0.0020638304771561033 -1.9015558156720848e-05 0.0048818272285396039 0.0022653419073565217 0.0019057585552252122 -0.0086775494674737001 -0.015578095180069897 0.0012290938713768367 0.0018787334401783485 -0.00748778069934063 -0.0042445790913611947 0.00057373483076618404 0.00018406777863927415
leaf_weight=25 38.093395233154297 25 20 23 28 25 26 32 25.046697616577148 21 26 21 102.04669761657715 457
leaf_count=25 28 25 20 23 28 25 26 32 20 21 26 21 97 457
internal_value=0.00168084 0.00242035 0.0101929 0.00174831 0.00131944 0.000905857 -0.00721154 -0.00197841 9.80658e-06 0.00412294 -0.0015625 -0.00638298 0.0016258 0.00201085
internal_weight=894.187 744.14 58.0934 686.047 663.047 635.047 51 150.047 118.047 72.0467 47 46 584.047 559.047
internal_count=874 729 48 681 658 630 51 145 113 67 47 46 579 554
is_linear=0
shrinkage=0.05


Tree=217
num_leaves=15
num_cat=0
split_feature=1 7 7 15 14 0 10 14 9 14 2 9 8 11
split_gain=1.77022 3.06066 1.70588 1.96043 1.55988 1.22768 1.88102 0.9928 0.97847 1.13518 1.13711 2.09109 0.926147 1.53766
threshold=12.281341017959948 6.3500000000000005 6.1500000000000012 0.17533000000000001 1.1850808632799603 14.376791297386331 0.23766552919915279 3.5519491752087817 0.91613344851476464 0.54189347659399623 11.936077351529015 0.25671049665402418 41.432000000000009 1.0000000180025095e-35
decision_type=2 2 2 2 2 2 2 2 2 2 2 2 10 2
left_child=1 5 3 -2 -4 6 -1 8 9 -5 11 -11 -6 -14
right_child=2 -3 4 7 12 -7 -8 -9 -10 10 -12 -13 13 -15
leaf_value=0.0011834366150710737 0.00031487981045373874 -0.0022908593203309182 0.020958697513554992 0.00074998579090048703 0.0010324645686981659 0.00034102504849526239 -0.0017835977459375485 -0.015083780330893727 -0.00035709529866371939 -0.031487100940262427 0.0028202325653506667 -1.8434797203448207e-05 0.0011262855214316137 -0.0047460082317608348
leaf_weight=65.093395233154297 187 65 26 28 263 30.093395233154297 31 31 22.046697616577148 33 38 33 34 20
leaf_count=55 187 65 26 28 263 20 31 31 17 33 38 33 34 20
internal_value=0.00187769 0.00613814 0.000731562 -0.00161151 0.00327035 0.010651 0.00774857 -0.00524689 -0.00355485 -0.0018797 -0.00428571 -0.00820896 0.00227987 -0.00363636
internal_weight=906.233 191.187 715.047 372.047 343 126.187 96.0934 185.047 154.047 132 104 66 317 54
internal_count=881 171 710 367 343 106 86 180 149 132 104 66 317 54
is_linear=0
shrinkage=0.05


Tree=218
num_leaves=15
num_cat=0
split_feature=1 1 2 10 2 15 1 7 1 13 13 15 13 5
split_gain=2.01936 2.42132 1.49365 1.82771 1.15051 1.04998 1.38331 1.05933 1.79187 1.15678 1.46195 1.4458 1.12568 1.04151
threshold=12.281341017959948 12.472406226667768 9.5129043380772824 -0.19722537325836093 8.6864535028957413 -1.2924149999999999 14.208289289035511 7.3500000000000005 14.872388405899644 3.3533214690922653 3.9749746138079063 -1.1068949999999997 4.0760256726792292 1.4311004404647345
decision_type=2 2 2 2 2 2 2 2 2 10 10 2 10 2
left_child=2 -2 4 -4 -1 6 -3 9 -9 11 13 -7 -12 -11
right_child=1 5 3 -5 -6 7 -8 8 -10 10 12 -13 -14 -15
leaf_value=0.00074585189927876675 -0.0060399419902628067 -0.00025144883549088615 9.6478185767662206e-05 0.00030419697782347834 -0.01075064774745595 -0.043262701698315267 0.028778153461213464 -0.0077525329241848184 0.019670579695452186 0.00069433968399109649 -0.012037201099483807 -0.00039850153706952888 5.5400170955988154e-05 0.0033845085455227355
leaf_weight=87.046697616577148 25.046697616577148 31 32 55.140092849731445 21 21 36 22 36 125 21 263 77 25
leaf_count=82 20 31 32 40 21 21 36 22 36 125 21 263 77 25
internal_value=0.00179736 0.000510701 0.00626785 0.0111017 0.0023033 0.00110182 0.00698529 0.000423012 0.00677966 -0.000281426 0.00220884 -0.00245614 -0.00252525 0.00529801
internal_weight=877.233 682.047 195.187 87.1401 108.047 657 67 590 58 532 248 284 98 150
internal_count=852 677 175 72 103 657 67 590 58 532 248 284 98 150
is_linear=0
shrinkage=0.05


Tree=219
num_leaves=15
num_cat=0
split_feature=14 15 0 13 4 0 0 13 4 1 1 1 15 13
split_gain=1.6219 1.26087 1.93008 1.82054 1.22768 1.2995 1.2249 1.39328 1.06528 2.23193 1.19008 1.73294 1.04758 0.995325
threshold=0.048652343132513279 -0.30803999999999992 13.041378880533072 2.6751386027824413 6.4948860570741216 13.703158544583582 15.166994508255074 3.9108723911402059 10.082647867376039 15.408170775064473 12.77408811581733 15.919905683545876 0.63776500000000014 3.3231252918076066
decision_type=2 2 2 8 2 2 2 8 2 2 2 2 2 10
left_child=12 3 -3 -2 5 -4 -6 13 10 -10 -5 -12 -1 -8
right_child=1 2 4 8 6 -7 7 -9 9 -11 11 -13 -14 -15
leaf_value=0.00011184716026629848 0.0087175147348855769 -0.0048273256239295716 0.010613055168571217 0.0003152275617391842 -0.016992657526474941 8.4676734379507401e-05 -0.00043722101990506523 -0.025133589756533126 0.0068723141211473942 -0.0014107940856865843 -0.0011966497071699833 0.0097854657094848425 0.00093920128420690071 0.0045008578481424257
leaf_weight=42 29 42.046697616577148 25 88.046697616577148 51 182 54 20 66 40 163 26 37.093395233154297 20
leaf_count=42 29 37 25 83 51 182 54 20 66 40 163 26 27 20
internal_value=0.00104643 0.000371704 -0.00164833 0.00230281 -0.000424929 0.00204327 -0.00393836 -0.000526316 0.00137006 0.00560748 -0.00026554 -0.0025 0.00783254 0.00266667
internal_weight=885.187 806.093 394.047 412.047 352 207 145 94 383.047 106 277.047 189 79.0934 74
internal_count=865 796 389 407 352 207 145 94 378 106 272 189 69 74
is_linear=0
shrinkage=0.05


Tree=220
num_leaves=15
num_cat=0
split_feature=1 7 15 8 4 15 15 2 9 13 8 9 15 8
split_gain=2.05733 2.6542 1.29101 1.50272 1.19814 1.98708 2.07887 1.58442 1.17344 1.16552 2.27094 1.18159 1.05785 0.973831
threshold=11.646432995679277 6.7500000000000009 -1.3899099999999998 41.432000000000009 3.2672576590843554 1.2809800000000002 -1.2619349999999996 12.61524432852063 -0.22069533414098394 3.0663800636569527 7.4500000000000011 -0.25881904510252113 0.66927500000000018 22.550000000000004
decision_type=2 2 2 10 2 2 2 2 2 8 10 2 2 10
left_child=1 13 -2 4 5 6 -4 9 -5 11 -11 -6 -8 -1
right_child=2 -3 3 8 7 -7 12 -9 -10 10 -12 -13 -14 -15
leaf_value=0.00026910456252925797 -0.0015221773599341183 -0.0066231793859514616 0.00036190173818586246 -0.00020082324526145002 -0.029863609869122423 0.00052232819419211212 0.00041727105473863272 0.00079857062466750508 -0.012280349243231226 0.0044975078829211645 -0.0065502987116794701 0.0010445212895244804 -0.0092214987852685566 0.00046602361927065573
leaf_weight=64.093395233154297 40 29 24.046697616577148 36 28 29.046697616577148 224 158 34 27 100 52 25 25
leaf_count=54 40 29 19 36 28 24 224 158 34 27 100 52 25 25
internal_value=0.00103736 0.00715686 9.93902e-05 0.000578971 0.00131319 0.00363695 0.00228489 -0.000614754 -0.00633803 -0.00348558 -0.00644531 0.00123457 0.0009 0.011403
internal_weight=895.187 118.093 777.093 737.093 667.093 302.093 273.047 365 70 207 127 80 249 89.0934
internal_count=875 108 767 727 657 292 268 365 70 207 127 80 249 79
is_linear=0
shrinkage=0.05


Tree=221
num_leaves=15
num_cat=0
split_feature=1 1 3 8 16 1 0 10 12 9 0 14 0 2
split_gain=1.1756 1.29911 1.16927 1.42277 1.07842 0.893243 1.73702 1.14838 1.32728 0.770124 0.768979 1.91093 1.71097 0.9625
threshold=11.608527579552712 12.147605239729323 1.0000000180025095e-35 32.550000000000004 -0.84618999999999989 9.9532426738528574 9.7611967763516159 -0.70710678118654757 1.5000000000000002 0.39873388578253716 13.792124555578615 3.3573234301341457 14.42345697094928 11.35266266907036
decision_type=2 2 2 10 2 2 2 2 10 2 2 2 2 2
left_child=5 -2 3 9 -4 6 -1 -7 -9 -3 11 -6 13 -12
right_child=1 2 4 -5 10 7 -8 8 -10 -11 12 -13 -14 -15
leaf_value=0.00097065022745011071 -0.0037666707961356962 0.00097194237367016496 -0.0012641455134055235 -0.0002495551434029353 -0.010998763533841617 0.0052749722722056358 -0.0054434481460477972 -0.0025350239666021459 0.004991668545072811 0.00029772341228512049 8.2112121163901994e-05 0.0030201728118631091 0.00026757447442768981 0.0068511343583079649
leaf_weight=27.046697616577148 51 34 50 41 41 22 22 26 21 32.093395233154297 21 34 413 43
leaf_count=22 51 34 50 41 41 22 22 26 21 22 21 34 413 43
internal_value=0.00210831 0.00138266 0.00193965 0.00672876 0.00107794 0.00672986 0.00152193 0.0103571 0.00572917 0.0112132 0.0017179 -0.00296053 0.00245816 0.01
internal_weight=878.14 760.093 709.093 107.093 602 118.047 49.0467 69 47 66.0934 552 75 477 64
internal_count=863 750 699 97 602 113 44 69 47 56 552 75 477 64
is_linear=0
shrinkage=0.05


Tree=222
num_leaves=15
num_cat=0
split_feature=16 0 2 10 3 4 0 1 3 3 10 1 2 16
split_gain=1.43005 1.78668 1.9469 1.56608 1.10491 1.0983 1.32446 1.54634 2.23129 1.84109 1.61697 1.54759 1.37611 1.05268
threshold=1.0000000180025095e-35 15.472996339817792 12.328484596312721 0.85713466239780911 12.43156782706953 9.5255768449228224 13.175294908959181 12.983839453513383 10.230763228598898 9.8221806039149495 -0.62758608479379874 15.263972090623797 12.022223384657641 0.10701500000000001
decision_type=2 2 2 2 2 2 2 2 2 2 2 2 2 2
left_child=1 3 -3 -1 -4 6 -2 10 9 11 -8 -9 -10 -7
right_child=5 2 4 -5 -6 13 7 8 12 -11 -12 -13 -14 -15
leaf_value=-0.00030469503172023685 -0.0012850146071929248 -0.017939268915606089 -0.0092902729152764107 0.005989501664881703 0.0031692604345841427 -0.0007439928082803249 -0.00081741325626434331 -0.00013252962670147196 0.018135646307023245 -0.018017534984093732 0.00084677668807945576 0.016528207861514856 0.0010456514771522763 0.0054719772483489137
leaf_weight=117 86 30 27 25 20 94 29 122 22 28 101.14009284973145 20 80 56
leaf_count=117 86 30 27 25 20 94 29 122 22 28 86 20 80 56
internal_value=0.00154812 -0.00193182 -0.00801282 0.0013986 -0.0015625 0.00274353 0.00389153 0.00509377 0.0029304 -0.000584795 0.0095585 0.00174825 0.00873786 -0.000993377
internal_weight=857.14 219 77 142 47 638.14 488.14 402.14 272 170 130.14 142 102 150
internal_count=842 219 77 142 47 623 473 387 272 170 115 142 102 150
is_linear=0
shrinkage=0.05


Tree=223
num_leaves=15
num_cat=0
split_feature=1 3 2 10 10 8 1 2 0 3 13 8 13 13
split_gain=1.40622 1.08784 1.39181 1.89028 1.08763 0.964289 2.12607 2.10216 1.17789 1.17653 2.12388 1.27194 1.19034 1.56694
threshold=11.646432995679277 10.591301781063764 7.738664946280057 -0.26932402956675622 -0.98868868691483869 14.65 14.588160058733136 11.518526451329047 16.128161472794346 11.886308993903119 3.6780493283881963 26.850000000000005 3.4463505833758972 3.0663800636569527
decision_type=2 2 2 2 2 10 2 2 2 2 10 10 8 10
left_child=1 2 3 -1 -2 6 7 -6 -8 10 11 12 13 -7
right_child=4 -3 -4 -5 5 9 8 -9 -10 -11 -12 -13 -14 -15
leaf_value=0.00086763621500487466 -0.0016044692911960645 -0.0027036034073266938 0.00053203227487174482 -0.00098335948426070408 0.00014682755966362039 0.00056926584130567726 -0.0012651879870688278 0.004038502106774468 0.00096485235618559706 0.00037269677800315652 -0.00069167708520910965 0.0048723831752023779 0.00034771126058750216 -0.0088242624386613462
leaf_weight=24.046697616577148 36 20 59.093395233154297 30 118 41 60 79.046697616577148 60 152 69.046697616577148 85 28 46
leaf_count=19 36 20 49 30 118 41 60 74 60 152 64 85 28 46
internal_value=0.00107737 0.00580365 0.0076967 0.00183785 0.000258033 0.000676504 0.00275484 0.00593884 -0.00247934 -0.000891293 -0.0028742 -0.000248756 -0.00366379 -0.00653409
internal_weight=907.233 133.14 113.14 54.0467 774.093 738.093 317.047 197.047 120 421.047 269.047 200 115 87
internal_count=882 118 98 49 764 728 312 192 120 416 264 200 115 87
is_linear=0
shrinkage=0.05


Tree=224
num_leaves=15
num_cat=0
split_feature=16 14 0 9 13 0 13 2 10 14 9 9 5 14
split_gain=1.65568 1.54531 1.5185 1.21607 2.56409 1.48911 1.27635 1.16531 1.161 1.11664 0.993126 1.95615 0.980406 1.15653
threshold=1.0000000180025095e-35 1.9901364150521601 15.678851993770641 0.55554907860749159 2.9679125553228172 16.352182391316678 2.4670511503686972 9.5129043380772824 -0.26932402956675622 3.2781148437406626 0.86382728211298232 0.25671049665402418 9.8426782322207114 4.5634753937914576
decision_type=2 2 2 2 8 2 8 2 2 2 2 2 2 2
left_child=1 8 10 6 9 7 -2 -6 -1 -5 11 -3 13 -8
right_child=3 2 -4 4 5 -7 12 -9 -10 -11 -12 -13 -14 -15
leaf_value=-0.0011564932902909941 0.012573845420555552 6.839270559459987e-05 -0.0019293745677489539 -0.0090480406501743712 -6.3459903216894767e-05 -0.00070479784123359543 0.00010537264981545503 0.0043966796472503849 -0.010546450941222125 0.00020198505568542747 -0.0011224440867958041 0.014914736773897786 0.0010346647940004284 -0.0020160143613613402
leaf_weight=32 38 46 52 27 36.046697616577148 22 325 90.093395233154297 48 33 22 29 27 59
leaf_count=32 38 46 52 27 31 22 325 80 48 33 22 29 27 59
internal_value=0.0018075 -0.00184783 0.00116667 0.00308217 0.00623268 0.00974589 0.00161111 0.0118256 -0.00740741 -0.00245902 0.00484694 0.00756579 0.000788835 0.00012987
internal_weight=886.14 229 149 657.14 208.14 148.14 449 126.14 80 60 97 75 411 384
internal_count=871 229 149 642 193 133 449 111 80 60 97 75 411 384
is_linear=0
shrinkage=0.05


Tree=225
num_leaves=15
num_cat=0
split_feature=7 7 10 2 9 2 1 8 14 8 5 7 7 3
split_gain=1.08947 1.40379 1.28288 1.17338 2.15552 1.05434 1.01094 0.884766 0.837167 0.960808 1.06795 1.18016 1.15591 1.45989
threshold=7.7500000000000009 7.5500000000000007 0.85713466239780911 10.75397776467535 0.86382728211298232 11.034400581250797 12.147605239729323 11.950000000000001 7.0676333560569509 45.70000000000001 5.9348933207832921 6.4500000000000011 5.6500000000000012 11.375350769429788
decision_type=2 2 2 2 2 2 2 10 2 10 2 2 2 2
left_child=1 2 3 4 7 -5 -6 -1 9 10 12 -12 13 -7
right_child=-2 -3 -4 5 6 8 -8 -9 -10 -11 11 -13 -14 -15
leaf_value=-0.0009310185148868167 -0.0042653259204896042 0.0042294821971590848 -0.0005565738464164971 -0.0063802361982284285 0.00019866263059471379 0.0001894202805308165 0.0013302204475401863 0.00096529510617725527 -0.012576592994797187 0.0016120630612234345 -0.00095014128833063047 0.0069407519320332737 -0.00016925701385088064 0.011372668699692801
leaf_weight=74 25 26 155 30 35.093395233154297 85 34.046697616577148 87 30 34 31 43 190.04669761657715 25
leaf_count=74 25 26 155 30 25 85 29 87 30 34 31 43 185 25
internal_value=0.00143875 0.00173524 0.00137831 0.00229171 0.00520681 0.000850305 0.012525 0.00200617 0.00147782 0.00207515 0.00133005 0.00666667 -3.87794e-06 0.00405405
internal_weight=904.187 879.187 853.187 698.187 230.14 468.047 69.1401 161 438.047 408.047 374.047 74 300.047 110
internal_count=884 859 833 678 215 463 54 161 433 403 369 74 295 110
is_linear=0
shrinkage=0.05


Tree=226
num_leaves=15
num_cat=0
split_feature=1 13 0 8 1 2 7 15 13 15 10 9 4 7
split_gain=2.02277 1.63144 1.69952 1.33442 1.21117 1.20722 0.996529 0.890506 0.91921 1.43226 0.868389 0.770452 1.18916 0.934551
threshold=11.885105159201204 3.7682742391313546 12.341179895169182 24.100000000000005 12.472406226667768 7.5105154820682332 6.0100000000000007 0.66927500000000018 2.8209803817511827 1.2809800000000002 -0.50376918148035232 0.88396761516098465 9.4775384262110389 5.5500000000000007
decision_type=2 8 2 10 2 2 2 2 10 2 2 2 2 2
left_child=1 2 3 -1 -2 -6 -3 11 -9 -10 -4 13 -13 -7
right_child=4 6 10 -5 5 7 -8 8 9 -11 -12 12 -14 -15
leaf_value=-0.014501714922832849 -0.0014338156149659893 0.00038769469914738382 -0.00061026838274547135 0.00029034352903487551 0.026313311844467571 -0.0006964789986088904 0.00040314322521751436 0.00063094168158999158 -0.034991870434954109 -4.1391496023879262e-05 0.032037121071773332 0.00092431126433617505 -0.00053305409444834859 0.00042532693818471136
leaf_weight=20 64.046697616577148 37.140092849731445 20 21 21 111 31 34 28 37 31 49 23 357
leaf_count=20 59 22 20 21 21 111 31 34 28 37 31 49 23 357
internal_value=0.00147125 0.0065378 0.00215054 -0.00535714 0.000343195 0.000983359 0.0123445 0.000585938 -0.00375 -0.00719697 0.00817308 0.00138632 0.00616438 0.000639659
internal_weight=884.187 160.14 92 41 724.047 660 68.1401 639 99 65 51 540 72 468
internal_count=864 145 92 41 719 660 53 639 99 65 51 540 72 468
is_linear=0
shrinkage=0.05


Tree=227
num_leaves=15
num_cat=0
split_feature=2 16 0 9 13 3 1 8 13 8 9 13 3 13
split_gain=1.48641 1.86093 1.80146 1.47897 1.36391 1.25262 1.43587 1.16514 1.05315 1.03584 1.41002 1.27227 1.5029 1.38549
threshold=11.345376250047215 0.10701500000000001 14.901640119333409 -0.81661045995358794 3.2785555263786179 9.304283979348968 12.831759144235951 7.9000000000000012 3.2052931877758257 12.718000000000002 0.79467767141292878 4.4876448421191251 12.243148930164491 3.8967886388235606
decision_type=2 2 2 2 8 2 2 8 10 10 2 8 2 10
left_child=1 3 4 -1 -3 -5 -7 -2 -4 10 -9 13 -13 -11
right_child=7 2 8 5 -6 6 -8 9 -10 11 -12 12 -14 -15
leaf_value=-0.0018510351254583668 -0.0013258930410248394 0.0013645920075872732 -0.00035873821172224818 0.0011202545580218965 -0.0020086987127878155 0.0040896988680494189 -0.0018115623387246428 0.0034746547969665368 0.00026192292127072864 -8.8628211014156173e-05 -0.0014733030539761272 -0.00064420501326801225 0.025195620447560962 -0.015748262875019115
leaf_weight=32 59 45 25 127.0933952331543 67 26 21 88 33.046697616577148 284.04669761657715 20 20 20 34
leaf_count=32 59 45 25 117 67 26 21 88 28 279 20 20 20 34
internal_value=0.00119414 0.00358886 -0.000285493 0.00677151 -0.0039823 0.00858019 0.0015625 -0.000524987 0.00679407 0.000318667 0.00458716 -0.000978055 0.00731707 -0.00204098
internal_weight=901.187 376.14 170.047 206.093 112 174.093 47 525.047 58.0467 466.047 108 358.047 40 318.047
internal_count=881 361 165 196 112 164 47 520 53 461 108 353 40 313
is_linear=0
shrinkage=0.05


Tree=228
num_leaves=15
num_cat=0
split_feature=6 0 7 1 15 15 14 13 4 1 1 15 14 1
split_gain=1.06673 1.03347 1.16796 1.36466 0.889159 0.749809 0.933095 0.67529 0.889142 0.548045 2.20691 1.66781 1.57042 0.987598
threshold=6.2299541685990638 11.194996633038054 7.1500000000000012 13.702561695955126 -0.79966499999999996 1.2809800000000002 2.777072968864172 2.3971430428195508 12.267548298816605 11.885105159201204 12.472406226667768 0.17533000000000001 1.3723225666633769 12.674202605042156
decision_type=2 2 2 2 2 2 2 8 2 2 2 2 2 2
left_child=1 -1 5 -4 -5 7 -7 -3 9 11 -11 12 -9 -12
right_child=-2 2 3 4 -6 6 -8 8 -10 10 13 -13 -14 -15
leaf_value=0.00086728544014222928 -0.0033711757807695533 0.013205387709075402 0.015203903674879405 0.0075494169509757294 -0.00092966987955658278 0.00037982284570824441 -0.013421738390835047 -0.0074036942516007235 0.0037402519789625725 -0.0036005199581494816 0.0010015758362955263 0.016111740542313568 0.00065720078457227611 -0.00026108326797438244
leaf_weight=48.046697616577148 28 37 24 26 40 63.046697616577148 20 26 22 50.046697616577148 25 28 20 434
leaf_count=43 28 37 24 26 40 58 20 26 22 45 25 28 20 434
internal_value=0.000813961 0.00112964 0.000704576 0.00604396 0.00223881 3.44308e-05 0.0044757 -0.000546099 -0.000950698 -0.00132895 -0.00191388 0.00266667 -0.00319149 -0.000815217
internal_weight=891.14 863.14 815.093 90 66 725.093 83.0467 642.047 605.047 583.047 509.047 74 46 459
internal_count=876 848 805 90 66 715 78 637 600 578 504 74 46 459
is_linear=0
shrinkage=0.05


Tree=229
num_leaves=15
num_cat=0
split_feature=1 9 13 0 13 9 5 13 3 9 0 0 14 15
split_gain=2.02358 1.7346 1.23257 1.30095 1.11928 0.963085 0.98692 1.18889 1.17496 2.30824 1.50337 1.0335 1.01383 0.904261
threshold=13.491883046227374 0.38469719700095528 3.4886076254492751 13.175294908959181 3.8372230591172323 -0.96703673333358797 2.2154083994216571 3.2625360962012806 7.7606801579367222 0.65275975246272278 15.626660869082187 16.025027961080848 3.7999589334228783 -0.086219999999999991
decision_type=2 2 8 2 10 2 2 10 2 2 2 2 2 2
left_child=1 -1 3 -3 -4 -2 8 11 9 10 -7 -8 -10 -9
right_child=5 2 4 -5 -6 6 7 13 12 -11 -12 -13 -14 -15
leaf_value=4.6360605410222805e-05 0.0048149347911674578 -0.011185386066928898 0.00020725740867113003 0.0055005420152897892 0.00026735470203907767 -0.00079679645037677993 0.00058853959046620838 0.00033987200195286784 -0.002471819509046869 -0.0089328820571461572 0.011206103180452698 -0.013045755469149789 -0.0004193007861744258 0.0029846313922409886
leaf_weight=220 29 25 55.140092849731445 43 45.046697616577148 34 40 46 130 21 35 30 113 24
leaf_count=220 29 25 40 43 40 34 40 46 130 21 35 30 113 24
internal_value=0.000902919 0.00360924 0.00741588 0.00217391 0.0109171 -0.00119284 -0.00174051 0.00177305 -0.00321856 0.00164835 0.00607143 -0.0028169 -0.00502049 0.00633803
internal_weight=890.187 388.187 168.187 68 100.187 502 473 140 333 90 69 70 243 70
internal_count=870 368 148 68 80 502 473 140 333 90 69 70 243 70
is_linear=0
shrinkage=0.05


Tree=230
num_leaves=15
num_cat=0
split_feature=1 7 2 13 10 8 2 7 5 0 3 7 0 5
split_gain=1.81921 1.60127 1.45202 1.24542 1.07573 0.969647 1.26197 0.893545 1.47031 1.34794 1.59013 2.11557 1.49987 1.41123
threshold=12.190510858438126 6.4500000000000011 9.8198747697569519 3.2192265350867006 -0.47715421805211583 17.850000000000005 8.7777284044710679 6.4500000000000011 6.8564750038156674 15.944351634122222 11.835939577868638 7.3500000000000005 15.023517212076225 6.1658424761504458
decision_type=2 2 2 8 2 10 2 2 2 2 2 2 2 2
left_child=1 3 -3 4 -1 6 -5 8 -2 10 -9 12 -12 -11
right_child=7 2 -4 5 -6 -7 -8 9 -10 13 11 -13 -14 -15
leaf_value=0.0083531550216577096 -8.1611163934071333e-06 -0.020838459946581081 0.00045972356016963647 0.00078277705468219943 -0.0061391937979625227 3.6270310333619273e-05 0.00040538627295851472 0.012189374246389285 -0.02945059457484045 -0.0018475508213299909 0.0015486441745111712 0.011305509011190207 -0.017701949153995422 0.0024501838719515946
leaf_weight=21 416.04669761657715 22 29 31.046697616577148 25 20 40.140092849731445 78 30 60 30 33 29 41
leaf_count=21 411 22 29 26 25 20 25 78 30 60 30 33 29 41
internal_value=0.00174183 0.00610333 -0.00144231 0.00889861 0.00212766 0.0122541 0.0149566 0.000590258 -0.000785527 0.00284926 0.00555556 0.00107527 -0.00458333 -0.00171569
internal_weight=905.233 188.187 51 137.187 46 91.1868 71.1868 717.047 446.047 271 170 92 59 101
internal_count=880 168 51 117 46 71 51 712 441 271 170 92 59 101
is_linear=0
shrinkage=0.05


Tree=231
num_leaves=15
num_cat=0
split_feature=1 13 13 2 4 10 0 0 16 8 8 8 12 0
split_gain=1.53948 1.65137 1.51788 1.21357 1.23944 1.34432 0.997712 0.997181 1.45728 0.969907 0.896537 1.16206 1.35753 1.2884
threshold=11.646432995679277 3.6664690194081797 4.3551327605653833 8.6059762669598978 6.9401845139563836 -0.95753489942155756 15.685951130719713 13.993768541603382 0.10701500000000001 10.370000000000003 17.850000000000005 14.235000000000001 1.5000000000000002 15.658197427814342
decision_type=2 8 8 2 2 2 2 2 2 10 10 8 10 2
left_child=2 10 -1 -3 7 -6 -7 -5 9 -9 11 12 -2 -13
right_child=1 3 -4 4 5 6 -8 8 -10 -11 -12 13 -14 -15
leaf_value=0.00058844174449242939 0.0010958263447043981 -0.00083801900330933822 0.00068773851789370808 -0.0085461610784434133 -0.018710915308412936 0.00019101448359954977 -0.012888896540485084 -0.0049787498453847112 0.0048912604110849522 0.0022814408291232826 -7.348796337081076e-05 0.00487579982653066 -0.0036594327951655517 2.8961119638959421e-05
leaf_weight=106.04669761657715 159 31.046697616577148 23.046697616577148 21 20 45 49 20 38 57 238 45.046697616577148 27 27
leaf_count=101 159 26 18 21 20 45 49 20 38 57 238 40 27 27
internal_value=0.00132534 0.000481947 0.00635955 -0.00257464 -0.00139442 -0.00521739 -0.00263158 0.00182482 0.00366379 -0.000320513 0.00221542 0.00425085 0.00213904 0.00959889
internal_weight=906.187 777.093 129.093 281.047 250 114 94 136 115 77 496.047 258.047 186 72.0467
internal_count=886 767 119 276 250 114 94 136 115 77 491 253 186 67
is_linear=0
shrinkage=0.05


Tree=232
num_leaves=15
num_cat=0
split_feature=0 8 9 8 3 10 0 3 1 1 2 9 1 7
split_gain=1.86627 1.66905 1.54869 1.01578 0.963489 0.959311 0.908048 1.03948 1.13544 1.23039 0.986116 0.877408 1.43478 1.46272
threshold=11.194996633038054 33.814500000000002 0.97014794553715189 48.800000000000004 10.483745948569611 0.23766552919915279 13.967506422254475 11.727136292273972 11.885105159201204 11.309863577029148 11.469521479540292 0.9263445426916056 14.070538460099918 5.5500000000000007
decision_type=2 10 2 10 2 2 2 2 2 2 2 2 2 2
left_child=5 2 6 -3 -5 -1 7 8 9 -2 -10 12 -8 -14
right_child=1 3 -4 4 -6 -7 11 -9 10 -11 -12 -13 13 -15
leaf_value=0.00076489059261647353 -0.013491698995264607 -0.0039839127766961415 0.00028060367237472169 -0.0012653281128828021 0.0013571399243294648 0.00057804806311090307 0.00066925543893966554 0.0031906062086895838 -0.0066542758532419201 0.0083162957984736392 -0.0011787116111567908 -0.00022498374919070722 -0.0032322501670040585 0.00041308674181632647
leaf_weight=31.046697616577148 25 102 41.046697616577148 22 26 26 209.0933952331543 20 50 25 27 35.046697616577148 51 206
leaf_count=26 25 102 36 22 26 26 199 20 50 25 27 30 51 206
internal_value=0.000393991 -0.000205508 0.000836491 -0.00496689 0.00102041 0.00906455 0.000232873 -0.00320946 -0.00488281 0.000980392 -0.00865385 0.001247 0.00182476 -0.000678295
internal_weight=896.233 839.187 689.187 150 48 57.0467 648.14 147 127 50 77 501.14 466.093 257
internal_count=871 819 669 150 48 52 633 147 127 50 77 486 456 257
is_linear=0
shrinkage=0.05


Tree=233
num_leaves=15
num_cat=0
split_feature=13 8 7 0 8 10 10 13 10 10 8 8 15 8
split_gain=1.50192 2.32824 1.54455 1.28049 2.04957 1.07981 0.990438 1.76555 0.816256 1.90051 0.954461 1.35651 1.66786 1.27321
threshold=3.5239220528833521 28.650000000000002 5.2500000000000009 15.048160610447411 39.95000000000001 0.026175951569891321 -0.9025766923884776 3.0186624058275657 0.93200786928279833 0.83025359242879293 10.050000000000002 21.750000000000004 0.17533000000000001 14.050000000000002
decision_type=10 10 2 2 10 2 2 8 2 2 10 10 2 10
left_child=6 2 -2 4 -3 -5 7 -1 9 10 -8 12 -12 -14
right_child=1 3 -4 5 -6 -7 8 -9 -10 -11 11 -13 13 -15
leaf_value=0.014907892100776809 0.00076626362868994526 -0.01653415703263229 0.00054428045983641044 -0.00030024543890909698 0.0029097406547882844 -0.012537783973966233 0.0026962412505812331 -0.00045911672481107615 0.0024946650450377917 -0.012565567083385566 -0.0013190455322446308 0.00019230969330731875 0.0041998669388582767 -0.016698056803917141
leaf_weight=32 48.093395233154297 25 209 21 20 21 78 43 58 29 70.046697616577148 138 35 34
leaf_count=32 38 25 209 21 20 21 78 43 58 29 65 138 35 34
internal_value=0.00136424 0.00391875 0.00630522 -0.003125 0.00271739 -0.00930233 -0.000340061 0.00493421 -0.00124404 -0.0020807 -0.00105651 -0.00243185 -0.00589923 -0.000357143
internal_weight=861.14 344.093 257.093 87 45 42 517.047 75 442.047 384.047 355.047 277.047 139.047 69
internal_count=846 334 247 87 45 42 512 75 437 379 350 272 134 69
is_linear=0
shrinkage=0.05


Tree=234
num_leaves=15
num_cat=0
split_feature=1 16 14 13 7 13 13 3 13 10 3 14 10 10
split_gain=1.84255 1.09053 1.41919 1.07692 0.999759 1.27791 1.88067 1.8166 1.36247 1.172 0.97729 0.989699 0.908066 2.19449
threshold=11.646432995679277 0.10701500000000001 3.6263617620426336 4.590222163723535 7.6500000000000012 3.0459160430837753 3.5239220528833521 8.4333111430852181 2.4559573733023732 -0.62758608479379874 8.4333111430852181 0.094904118778089908 -0.47715421805211583 0.50376918148035232
decision_type=2 2 2 10 2 10 10 2 10 2 2 2 2 2
left_child=10 3 -3 4 5 7 -7 -2 -9 -8 11 -1 -4 -14
right_child=1 2 12 -5 -6 6 9 8 -10 -11 -12 -13 13 -15
leaf_value=0.00072371017088453398 0.0053408044893032969 0.00011799445333531259 0.017260386042324473 0.004165014807844836 0.0047392136389791568 -0.00082043275466207519 0.00083760680350264405 -0.0026826523494122515 0.0010941420303491657 -0.00090665045194122669 -4.28922282128541e-05 0.00032730988430574638 -0.0068261896177760134 0.0088926511953848052
leaf_weight=60.046697616577148 29 214.04669761657715 28 23 31 96.046697616577148 61 38 90 106 36 32.093395233154297 30 29
leaf_count=55 29 209 28 23 31 91 61 38 90 106 36 22 30 29
internal_value=0.00146662 0.000544606 0.00289304 -0.000949733 -0.00149579 -0.0021403 -0.00426503 0.00142405 -0.00116279 -0.00104167 0.0069963 0.00970047 0.00823864 0.00458333
internal_weight=903.233 775.093 301.047 474.047 451.047 420.047 263.047 157 128 167 128.14 92.1401 87 59
internal_count=878 765 296 469 446 415 258 157 128 167 113 77 87 59
is_linear=0
shrinkage=0.05


Tree=235
num_leaves=15
num_cat=0
split_feature=13 11 0 13 14 14 0 13 14 14 14 7 4 13
split_gain=1.17442 1.84318 0.830492 0.892739 0.778935 1.2894 1.29583 1.11459 0.808351 0.843498 1.2557 0.991861 1.48983 1.38317
threshold=4.5201734135869565 1.0000000180025095e-35 11.042364264762645 2.4859113331897214 0.094904118778089908 0.54189347659399623 12.536646282756871 3.6685709561006159 0.75954717187007736 1.0079905521927708 1.404362585929035 5.4500000000000011 6.9401845139563836 3.8088337008098008
decision_type=10 2 2 8 2 2 2 8 2 2 2 2 2 8
left_child=2 -2 -1 -4 7 -6 -7 -5 -8 -10 -11 -12 -13 -14
right_child=1 -3 3 4 5 6 8 -9 9 10 11 12 13 -15
leaf_value=0.00060116074118003694 5.9444311488360274e-05 0.0043068987002821161 0.0013098522097728883 -0.00010871191727346297 0.00078871217890495683 -0.020159570773915038 -0.0015795363801054273 -0.00017527380856527229 0.0014044119166032765 -0.0066786783081639878 -0.0031763009336506446 0.0058780144829612361 0.00053801630510843525 -0.0037980446555769989
leaf_weight=46.046697616577148 35 25.046697616577148 55 43 63.046697616577148 28 38.046697616577148 31.046697616577148 29 41 40 132 198 67
leaf_count=41 35 20 55 43 58 28 33 26 29 41 40 132 198 67
internal_value=0.00152043 0.00820957 0.00101578 0.000618467 0.000138978 0.000706333 -4.55842e-05 -0.00467932 0.000501482 0.00103346 0.000521921 0.00131279 0.00207286 -9.3985e-05
internal_weight=871.233 60.0467 811.187 765.14 710.14 636.093 573.047 74.0467 545.047 507 478 437 397 265
internal_count=846 55 791 750 695 626 568 69 540 507 478 437 397 265
is_linear=0
shrinkage=0.05


Tree=236
num_leaves=15
num_cat=0
split_feature=12 2 2 1 2 16 2 2 1 0 2 1 3 2
split_gain=0.9192 0.890827 1.85667 1.2387 1.0725 0.941165 1.56039 1.38518 1.34166 0.967239 1.63211 1.77985 1.70918 1.61795
threshold=2.5000000000000004 1.0000000180025095e-35 7.9277271140429937 10.941699801900848 9.9804377701883418 0.10701500000000001 11.936077351529015 10.972019710234319 15.292885503081896 16.476907121999037 14.233988297575522 13.805106958983421 12.050945517639123 13.353552057902883
decision_type=8 2 2 2 2 2 2 2 2 2 2 2 2 2
left_child=1 -1 -3 -4 -5 7 -7 -6 -8 10 11 12 -9 -11
right_child=-2 2 3 4 5 6 8 9 -10 13 -12 -13 -14 -15
leaf_value=0.00067135462418137562 0.00092860065906088531 -0.00020169348382822702 0.00038256068211543309 -0.0022194704323657446 0.0078133581386297564 -6.3628603745713439e-05 0.011180481200865856 0.0038324580225757468 -0.00014203582333118802 0.0080026407877687115 0.0016507300792865109 -0.0039623836495323193 -0.024210025284965145 -0.0015700605517080747
leaf_weight=44.046697616577148 194 40.046697616577148 32.046697616577148 64 35 101 63 77 35 24 30 115 20 26
leaf_count=39 194 35 27 64 35 101 63 77 35 24 30 115 20 26
internal_value=0.00183231 0.000991554 0.000527829 0.00120564 0.000676819 0.00142315 0.004125 -0.000228659 0.00858586 -0.00136519 -0.0026749 -0.00422535 0.000765306 0.00490196
internal_weight=900.14 706.14 662.093 622.047 590 526 199 327 98 292 242 212 97 50
internal_count=885 691 652 617 590 526 199 327 98 292 242 212 97 50
is_linear=0
shrinkage=0.05


Tree=237
num_leaves=15
num_cat=0
split_feature=9 8 1 1 2 7 2 2 13 1 13 9 9 4
split_gain=1.24078 1.64262 1.08308 1.7917 1.40776 1.35896 1.13679 0.840966 0.831755 1.40575 1.20129 1.06891 0.812202 0.806169
threshold=-0.80246366112812384 21.950000000000003 11.005113196168786 12.147605239729323 9.172039233726256 7.3500000000000005 6.3276959731977724 15.071504710903435 4.0590974879120445 14.010698359882447 3.9749746138079063 0.25881904510252091 0.3379038511701401 3.1567740231385479
decision_type=2 10 2 2 2 2 2 2 10 2 10 2 2 2
left_child=1 13 4 12 6 7 -2 8 10 -10 -5 -11 -4 -1
right_child=2 -3 3 5 -6 -7 -8 -9 9 11 -12 -13 -14 -15
leaf_value=0.0041421669393345356 0.00057581942085018216 -0.016334260694725457 -0.00041840838738921863 0.00047166065583758025 0.0025996626475880778 0.0023505705669364498 -0.00074088664621629885 -0.0028793183425324556 0.0037995051643198775 -0.0012456752785712677 -0.0066542240383060062 0.0010604980816178223 -0.0071918440212046303 -0.001745098574987436
leaf_weight=36 32.046697616577148 51 41 426 23.046697616577148 51 23 21 31 26 21 25 39 50
leaf_count=36 27 51 41 426 18 51 23 21 31 26 21 25 39 50
internal_value=0.00128452 -0.00307971 0.00207519 0.00142962 0.00761549 0.00236711 0.00314323 0.00163339 0.0020283 0.00662651 0.00117188 0.00144231 -0.00555556 0.00114943
internal_weight=896.093 137 759.093 681 78.0934 601 55.0467 550 529 82 447 51 80 86
internal_count=886 137 749 681 68 601 50 550 529 82 447 51 80 86
is_linear=0
shrinkage=0.05


Tree=238
num_leaves=15
num_cat=0
split_feature=9 9 10 8 1 13 3 8 8 6 1 10 1 7
split_gain=1.12784 3.27101 1.74754 1.03226 0.993562 1.16532 0.952911 1.11707 0.889162 0.849347 1.42273 0.778586 0.662728 1.25462
threshold=0.91613344851476464 0.9562228270146037 1.0000000180025095e-35 20.950000000000003 11.780275221658769 4.5201734135869565 1.0000000180025095e-35 19.900000000000002 18.450000000000003 5.3311878280293756 16.198516813545215 0.98423681049918421 13.76304014984119 7.0500000000000007
decision_type=2 2 2 10 2 8 2 10 10 2 2 2 2 2
left_child=4 -2 -3 -4 5 6 8 -8 -1 10 11 12 13 -6
right_child=1 2 3 -5 9 -7 7 -9 -10 -11 -12 -13 -14 -15
leaf_value=-0.0051130914657569367 -0.00061764101967606377 -0.0070004032292213525 0.0046694786529610345 -0.00028435619171544028 0.00050877735367453884 0.00042330267305095998 0.0087774398407038049 -0.00015473969073594442 0.00055726423315545232 -0.0012798502070242137 0.0050194195957839142 -0.0027130858000302127 -9.2134078250227799e-05 0.013213583980528654
leaf_weight=22 23.093395233154297 27 43 27 201 20.046697616577148 30 29 25 33 39 35 335 24
leaf_count=22 13 27 43 27 201 15 30 29 25 33 39 35 335 24
internal_value=0.00117469 -0.00332252 0.000765306 0.00492958 0.00185904 0.00591253 0.00373832 0.00791667 -0.0015625 0.00108533 0.00149606 0.000880872 0.0013369 0.0034292
internal_weight=913.14 120.093 97 70 793.047 126.047 106 59 47 667 634 595 560 225
internal_count=898 110 97 70 788 121 106 59 47 667 634 595 560 225
is_linear=0
shrinkage=0.05


Tree=239
num_leaves=15
num_cat=0
split_feature=1 1 2 0 0 0 1 14 9 2 8 2 1 2
split_gain=0.904656 2.40267 1.36074 1.22505 1.4044 1.15144 0.997672 1.50202 1.26819 1.1481 1.24797 1.45482 1.2395 1.07956
threshold=12.583208469475984 11.885105159201204 11.535626438014353 11.918138070231437 14.316560600970554 9.7611967763516159 13.76304014984119 0.52044368876136793 -0.91527662686299338 11.283569860993516 7.9000000000000012 11.808748044302709 14.325199642858239 11.469521479540292
decision_type=2 2 2 2 2 2 2 2 2 2 8 2 2 2
left_child=1 3 -3 5 -5 -1 8 -8 -2 -9 -11 -12 -13 -10
right_child=6 2 -4 4 -6 -7 7 9 13 10 11 12 -14 -15
leaf_value=0.00048655568385186951 -0.00061790571907870411 -4.6512138013173533e-05 -0.0065688959475545539 0.00099575557635626336 -0.0027202662636258593 -0.0026859372115450642 0.0028971441200571603 -0.00057967674063552632 0.00024386356781980201 -0.0015669412876567756 0.0023428614121767887 -0.0031318115784958358 0.00042454706223598042 0.011831133619789536
leaf_weight=28.046697616577148 23 67.046697616577148 26.046697616577148 61.046697616577148 27 36 23 62 90 45 36 47 244 81
leaf_count=23 23 62 21 56 27 36 23 62 90 45 36 47 244 81
internal_value=0.00167189 -0.00091394 -0.00719854 0.00295463 0.00675115 -0.00228809 0.00264571 0.00136463 0.00564103 0.000689655 0.00174263 0.00282012 0.00162671 0.00712209
internal_weight=896.187 245.187 93.0934 152.093 88.0467 64.0467 651 457 194 434 372 327 291 171
internal_count=876 225 83 142 83 59 651 457 194 434 372 327 291 171
is_linear=0
shrinkage=0.05


Tree=240
num_leaves=15
num_cat=0
split_feature=14 2 8 2 9 9 8 3 8 2 6 5 14 3
split_gain=1.15573 1.5858 1.23974 0.866105 0.947262 1.00658 0.910828 0.906985 1.00323 0.847851 0.791798 1.22776 1.71685 1.34937
threshold=0.6981668640907871 10.944650175563529 61.800000000000004 3.0495986234554322 0.91613344851476464 0.70088257582277269 15.850000000000003 5.4889035743175976 11.750000000000002 9.6989490119116848 6.2299541685990638 9.8426782322207114 6.5608221065794572 13.588352058178069
decision_type=2 2 8 2 2 2 10 2 10 2 2 2 2 2
left_child=1 3 10 6 5 7 -1 8 -5 -9 11 12 13 -2
right_child=2 -3 -4 4 -6 -7 -8 9 -10 -11 -12 -13 -14 -15
leaf_value=0.00056680430747684961 -0.00020859950927227812 0.00049594873185618228 0.0011718693750395249 -0.0046487227313957158 -3.3689206127322332e-05 0.0017885433221358717 0.00043158844303230475 0.0022231135445789918 0.00037699380225808543 -0.00029289117047780476 -0.0023564780627877038 0.001168011959658255 -0.0126634946903037 0.012979170749065672
leaf_weight=27.046697616577148 542 35.093395233154297 27 27 23.046697616577148 22 36 20 28 20 31 34 21 20
leaf_count=22 542 25 27 27 18 22 36 20 28 20 31 34 21 20
internal_value=0.000576835 0.00356347 -0.000480769 0.00183739 -0.00036277 0.00148305 0.00665401 -0.00078125 -0.00491071 0.00487805 -0.000924499 -0.00052589 -0.00107021 -0.00053286
internal_weight=913.187 238.187 675 203.093 140.047 117 63.0467 95 55 40 648 617 583 562
internal_count=893 218 675 193 135 117 58 95 55 40 648 617 583 562
is_linear=0
shrinkage=0.05


Tree=241
num_leaves=15
num_cat=0
split_feature=1 1 13 0 15 1 16 5 7 1 7 0 3 13
split_gain=2.06307 1.18387 1.77008 1.46568 1.17582 1.08216 0.979171 0.704276 0.778024 0.681088 0.755835 0.973619 1.01247 0.670511
threshold=11.885105159201204 10.558600911197624 3.3112361679976097 9.7611967763516159 1.0381650000000002 12.116287536430383 0.10701500000000001 6.6153774474657583 4.8500000000000005 12.918057574873414 5.3500000000000005 14.818144054498761 11.92646390657651 2.2473999400211775
decision_type=2 2 8 2 2 2 2 2 2 2 2 2 2 10
left_child=1 3 -3 -1 5 -2 13 8 -8 -10 -11 -12 -13 -7
right_child=4 2 -4 -5 -6 6 7 -9 9 10 11 12 -14 -15
leaf_value=0.00050022032621947863 -0.0084301579629448686 0.00097058357598601714 0.0020602989373007786 -0.0047584578692900122 -0.00017119570875051904 -0.010509724294879112 0.00091713896544247668 0.0042199345062577725 0.00352381981518477 -0.0039345319021612205 -0.0017477675815282701 0.013628886365908865 -0.0015807952210155297 1.1283805529593849e-05
leaf_weight=26.046697616577148 21 38 42.046697616577148 28 85.046697616577148 29 25 32 20 24 25 54 24 408
leaf_count=21 21 38 37 28 80 29 25 32 20 24 25 54 24 408
internal_value=0.000993229 0.00667934 0.0105022 0.000929528 -3.4981e-05 0.000678733 0.0010514 0.00390244 0.00260116 0.00118243 -0.000195313 0.00168269 0.00443038 -0.000285388
internal_weight=881.14 134.093 80.0467 54.0467 747.047 662 641 204 172 147 127 103 78 437
internal_count=866 124 75 49 742 662 641 204 172 147 127 103 78 437
is_linear=0
shrinkage=0.05


Tree=242
num_leaves=15
num_cat=0
split_feature=14 7 14 9 13 8 2 5 8 5 0 13 0 0
split_gain=1.08778 1.84025 1.68137 1.49067 1.23233 1.05447 1.05213 1.1838 1.54388 1.67954 1.73615 1.05955 1.38154 1.83429
threshold=0.6981668640907871 5.1500000000000012 0.019220404642418244 0.38469719700095528 3.7774456692478693 12.550000000000002 9.5129043380772824 4.1742689126930488 22.550000000000004 7.0341670346143408 14.818144054498761 2.0664008372161047 15.523471602466001 15.335376456282681
decision_type=2 2 2 2 8 10 2 2 10 2 2 10 2 2
left_child=1 5 -3 4 -4 -1 -2 11 9 -9 -11 -8 13 -13
right_child=6 2 3 -5 -6 -7 7 8 -10 10 -12 12 -14 -15
leaf_value=-0.0024007426608500639 -0.018442591655955316 -0.0083198895956882353 -0.00022434325922279232 0.00041020946722865581 0.0037694464634081774 0.00078467192428119392 0.0019578079010576176 0.0028434654207304235 0.0031076121400579471 -0.0047085733722314511 0.00029523410905487604 -0.00010538783676878328 -0.0009825667003746652 0.012461902953379135
leaf_weight=42 21 26 41 64.186790466308594 20 41 26 45 24 32 63 251 175 27
leaf_count=42 21 26 41 44 20 41 26 45 24 32 63 251 175 27
internal_value=0.00156216 0.00448439 0.00775146 0.0101411 0.00443548 -0.0014881 0.000526316 0.000892857 0.00454545 0.00248227 -0.00130208 -0.000364583 -0.000936123 0.00125448
internal_weight=898.187 234.187 151.187 125.187 61 83 664 643 164 140 95 479 453 278
internal_count=878 214 131 105 61 83 664 643 164 140 95 479 453 278
is_linear=0
shrinkage=0.05


Tree=243
num_leaves=15
num_cat=0
split_feature=15 0 8 9 7 0 7 14 0 3 3 12 9 5
split_gain=1.3966 1.71752 1.38607 1.43625 1.33076 1.44805 2.2126 1.39023 1.09622 0.968395 1.83324 0.920118 2.18493 1.96574
threshold=-0.56013499999999994 15.034519706170739 14.350000000000003 0.25671049665402418 5.2500000000000009 14.504858781096404 5.0500000000000007 6.2020731521865429 15.273695023146233 11.467389538842914 9.511888355722272 1.5000000000000002 -0.28818529450328151 7.0715530962182145
decision_type=2 2 10 2 2 2 2 2 2 2 2 10 2 2
left_child=1 2 3 -1 5 6 -2 11 -3 10 -4 13 -13 -6
right_child=4 8 9 -5 7 -7 -8 -9 -10 -11 -12 12 -14 -15
leaf_value=0.00090277457006041897 7.36788307348052e-05 -0.0044619723276822397 0.0013211745073400478 0.00033109293865923851 0.00017321435919410711 -0.00070902951846148481 0.00092327027323145798 0.00095908298579829856 0.00065189469247681773 0.0068690163691361439 -0.0026215639382313419 0.0033130187256991354 -0.0011874368021897097 -0.017043711679564644
leaf_weight=27 45 21 41 34.093395233154297 226 39 29.093395233154297 40 140 41 35 41 103.04669761657715 21
leaf_count=27 45 21 41 24 226 39 19 40 140 41 35 41 98 21
internal_value=0.00138934 0.00390285 0.00727182 0.013324 -0.000181298 0.00462196 0.00868698 -0.00144931 0.000154321 0.00402542 0.000649351 -0.00236239 -0.00552351 -0.000504032
internal_weight=883.233 339.093 178.093 61.0934 544.14 113.093 74.0934 431.047 161 117 76 391.047 144.047 247
internal_count=858 329 168 51 529 103 64 426 161 117 76 386 139 247
is_linear=0
shrinkage=0.05


Tree=244
num_leaves=15
num_cat=0
split_feature=14 0 14 14 0 1 12 1 15 10 3 12 1 10
split_gain=1.88473 1.5653 1.49869 1.50918 1.31957 1.16005 1.44118 0.937214 1.21604 0.892181 0.833519 0.784387 1.28506 1.36775
threshold=0.54189347659399623 12.536646282756871 1.6154667750703615 1.7583073505145361 14.159144017181173 12.472406226667768 1.5000000000000002 14.551592428090471 0.11731000000000001 -0.0043632677491870896 14.363014127341549 2.5000000000000004 15.16503137307504 -0.50376918148035232
decision_type=2 2 2 2 2 2 10 2 2 2 2 10 2 2
left_child=1 -1 4 -4 9 -3 -7 8 -6 -2 11 -5 13 -13
right_child=2 5 3 10 7 6 -8 -9 -10 -11 -12 12 -14 -15
leaf_value=0.0006565635341431533 -0.026355031650209429 -0.001248960132972027 0.0088254843500477527 -7.1854978860308456e-07 -0.0075211327375300126 0.0099940278200326364 -9.573080038088877e-05 9.0407726123542537e-05 -0.0025477765992573511 0.012130055177376765 -0.014736103512187305 0.0099278790531592831 -0.00027874555616831388 0.00046944484423202539
leaf_weight=42.093395233154297 20 72 20 396 34 35 32 25 47 23 22 22 57 30
leaf_count=32 20 72 20 396 34 35 32 25 47 23 22 22 57 30
internal_value=0.00111302 0.0056418 -7.1736e-05 0.00114051 -0.0045 0.00303571 0.00772059 -0.00747664 -0.010061 0.00284091 0.00061553 0.00103755 0.00477273 0.0103774
internal_weight=877.093 181.093 696 547 149 139 67 106 81 43 527 505 109 52
internal_count=867 171 696 547 149 139 67 106 81 43 527 505 109 52
is_linear=0
shrinkage=0.05


Tree=245
num_leaves=15
num_cat=0
split_feature=1 13 2 7 0 15 0 7 8 2 7 0 4 15
split_gain=1.82017 1.51709 1.68604 1.32329 1.21879 1.20591 1.17562 1.90441 1.4498 2.50787 1.47177 1.21753 1.01206 1.08757
threshold=13.384113149363289 2.9544034639620675 8.6864535028957413 4.9500000000000011 17.465847943759659 -0.023674999999999998 12.870146433785068 6.1500000000000012 20.545000000000005 11.283569860993516 5.9500000000000011 14.490599584466304 12.396072387223953 -0.63385499999999995
decision_type=2 10 2 2 2 2 2 2 10 2 2 2 2 2
left_child=1 2 -1 -3 12 -4 7 -5 9 10 -8 -12 13 -2
right_child=4 3 5 6 -6 -7 8 -9 -10 -11 11 -13 -14 -15
leaf_value=0.0087715644231971205 0.00090824086520098219 -0.0011865121263234246 -1.1914790989520087e-05 0.001446542402491332 0.0038503735490896585 -0.030163148359285685 -0.00070465719291376019 0.0013232489640663703 -0.0015644650013137973 0.00052761827593713131 -2.0479832344832972e-05 0.013692012073979243 0.00059210838383880757 -0.00053055406324719061
leaf_weight=23 192 34 30 38.093395233154297 20 22 35 43 50 43.093395233154297 20 21 51 287
leaf_count=23 192 34 30 28 20 22 35 43 50 33 20 21 51 287
internal_value=0.00190035 0.00466333 -0.00164474 0.00632803 9.07441e-05 -0.00660377 0.00758268 0.0125142 0.00515796 0.00813812 0.0025974 0.00892857 -0.000376648 -0.00109375
internal_weight=909.187 359.187 75 284.187 550 52 250.187 81.0934 169.093 119.093 76 41 530 479
internal_count=889 339 75 264 550 52 230 71 159 109 76 41 530 479
is_linear=0
shrinkage=0.05


Tree=246
num_leaves=15
num_cat=0
split_feature=3 9 4 0 0 13 14 8 2 2 2 8 8 0
split_gain=1.89021 1.56132 0.784986 1.30828 1.08579 0.916811 0.867496 0.760696 0.833176 1.99156 1.46193 1.4054 1.6931 1.05443
threshold=1.0000000180025095e-35 0.88396761516098465 12.396072387223953 17.338963445597322 16.608240043835483 2.2711502604392559 4.5634753937914576 41.95000000000001 10.175308021635905 10.47896003373676 9.172039233726256 9.0500000000000025 10.65 16.203285297448026
decision_type=2 2 2 2 2 8 2 10 2 2 2 10 10 2
left_child=1 -1 3 4 5 -2 -6 8 10 -10 -7 -11 -13 -14
right_child=2 -3 -4 -5 6 7 -8 -9 9 11 -12 12 13 -15
leaf_value=0.00070126253871353745 0.01367386531068342 0.00037003174684338352 0.00021992828978896207 0.0037057970239361528 -0.0020044268899510609 -0.0010834152384728347 -0.026383567622718675 0.001123620322360297 -0.019803663547660368 -0.0011445396976118461 0.0069015485662874193 0.003476180005038354 2.1714436740616351e-05 -0.003499308962986114
leaf_weight=155 21 40.186790466308594 49 23 32 43 24 45 20 73 44 28 279 22
leaf_count=155 21 20 49 23 32 43 24 45 20 73 44 28 279 22
internal_value=0.00167337 0.00601299 0.000461648 0 -0.000435127 0.000217014 -0.00701754 -0.00018018 -0.000735294 -0.00165485 0.00369318 -0.000868486 0.000530303 -0.00057947
internal_weight=898.187 195.187 703 654 631 575 56 554 509 422 87 402 329 301
internal_count=878 175 703 654 631 575 56 554 509 422 87 402 329 301
is_linear=0
shrinkage=0.05


Tree=247
num_leaves=15
num_cat=0
split_feature=14 7 15 14 7 7 13 10 16 1 7 14 3 8
split_gain=1.1138 1.31412 1.62586 1.64512 1.30456 1.85009 1.47698 1.43817 1.09728 1.45873 1.12456 1.32234 1.1624 1.23413
threshold=0.71211442113764023 6.1500000000000012 -0.11977499999999999 2.7630734440170723 5.1500000000000012 5.8500000000000005 3.094662338278956 0.370557437509836 -1.4512249999999998 12.583208469475984 6.2500000000000009 2.8173402638296863 11.493478271866374 13.950000000000001
decision_type=2 2 2 2 2 2 10 2 2 2 2 2 2 10
left_child=4 2 -2 -4 6 -6 -1 -7 -3 -10 -11 -12 13 -13
right_child=1 8 3 -5 5 7 -8 -9 9 10 11 12 -14 -15
leaf_value=0.004170412171114901 0.0020564755474899834 0.001949154480323001 -0.00026494404742675174 -0.014111918306313066 0.00043803010688976392 -0.00032388295188844345 -0.0011622496469429256 0.00147016175372659 -0.0048805824244973683 0.0077204938822454279 -0.00067022181411061652 -0.00014093928218547047 0.00021931140670747862 0.016454513138499428
leaf_weight=29 127 20 98 64 78.140092849731445 35 52 25 53 24 51 23 177 39
leaf_count=29 127 20 98 64 63 35 52 25 53 24 51 23 177 39
internal_value=0.0022636 0.00125554 -0.0012931 -0.00460123 0.00535342 0.00829022 0.000304878 0.00163934 0.00315722 0.00251359 0.00380952 0.00292096 0.00447917 0.0103175
internal_weight=895.14 676 289 162 219.14 138.14 81 60 387 367 314 290 239 62
internal_count=880 676 289 162 204 123 81 60 387 367 314 290 239 62
is_linear=0
shrinkage=0.05


Tree=248
num_leaves=15
num_cat=0
split_feature=9 1 3 10 4 2 9 1 10 10 15 3 6 0
split_gain=1.78508 2.57137 2.09914 1.57993 1.1495 1.21398 1.099 1.3114 0.940348 1.41945 1.64056 0.861861 0.845199 1.21867
threshold=0.19291292491168835 13.307875549349886 10.012005304091106 0.68834802305431453 6.5514373504102341 11.274353281260124 0.65275975246272278 14.233651055557059 -0.51690566653528747 -0.16719855485485105 0.17533000000000001 11.969947749779928 4.4337841666032221 15.370692859332076
decision_type=2 2 2 2 2 2 2 2 2 2 2 2 2 2
left_child=12 4 6 -4 5 8 -3 -8 -2 -10 -11 -5 13 -1
right_child=1 2 3 11 -6 -7 7 -9 9 10 -12 -13 -14 -15
leaf_value=-0.00047838353026110616 -0.0037364226426009894 -9.3385287347547152e-05 0.0012294215210154613 0.00065486159957801611 9.6506286982744888e-05 0.00054933570881472878 -0.0006217863493663601 -0.0027406698471232893 0.00030829177673142265 0.0014043544417703391 -0.00098821336311902827 -0.025966537293664715 -0.0037913152958910512 0.0005087574505609594
leaf_weight=264 25 35 127 22 44 38.093395233154297 25 22 28.093395233154297 22 31 20 21 161
leaf_count=264 25 35 127 22 44 28 25 22 18 22 31 20 21 161
internal_value=0.00155686 0.00381581 0.000496032 0.00367647 0.00821764 0.0103637 -0.0060241 -0.0109375 0.00749192 0.010078 0.00509259 -0.00465116 -0.000671141 -0.000176056
internal_weight=885.187 439.187 251 169 188.187 144.187 82 47 106.093 81.0934 53 42 446 425
internal_count=865 419 251 169 168 124 82 47 96 71 53 42 446 425
is_linear=0
shrinkage=0.05


Tree=249
num_leaves=15
num_cat=0
split_feature=14 2 13 2 13 0 13 1 4 6 1 1 0 4
split_gain=1.6427 1.53602 1.393 2.52664 1.50216 1.74571 1.02224 1.68451 1.30802 1.01809 0.90461 0.823666 1.23224 1.19239
threshold=0.6173310126210505 11.034400581250797 3.6685709561006159 8.6864535028957413 3.8539569225446724 13.870337082043978 2.4670511503686972 16.576139553674182 9.6902330071587901 4.894879393603893 12.147605239729323 11.005113196168786 12.576561026050358 9.3263113378754525
decision_type=2 2 8 2 10 2 10 2 2 2 2 2 2 2
left_child=1 2 3 10 -4 -6 8 9 -2 11 -1 -8 -13 -14
right_child=6 -3 4 -5 5 -7 7 -9 -10 -11 -12 12 13 -15
leaf_value=0.0006054455136297876 0.003498954982645186 0.0003400956550384188 0.00032787345318845921 -0.0013871251339497405 0.00061492734509712864 -0.0045499308249504601 0.0022897014082587652 0.012255126732162381 -0.00050200147796815038 -0.0011324328332549261 0.0081064005062055355 -0.01622116213745944 -0.00029016916792691251 0.0024235901604007905
leaf_weight=49 46 27.093395233154297 34.093395233154297 39 25.046697616577148 24 23 20 30 24 21 35 345 154
leaf_count=49 46 17 24 39 20 24 23 20 30 24 21 35 345 154
internal_value=0.00229131 0.00604285 0.00441908 0.000681818 0.00925245 0.00352006 0.00106932 0.000373754 0.00649351 -0.000128866 0.00633803 0.00031362 -9.34579e-05 0.00055
internal_weight=896.233 219.233 192.14 109 83.1401 49.0467 677 601 76 581 70 557 534 499
internal_count=871 194 177 109 68 44 677 601 76 581 70 557 534 499
is_linear=0
shrinkage=0.05


Tree=250
num_leaves=15
num_cat=0
split_feature=16 4 13 2 1 8 15 7 7 0 14 15 10 1
split_gain=1.19656 1.43928 1.32299 1.26652 1.2267 1.2127 1.16989 1.1497 1.09045 1.04839 1.00472 1.47326 2.10596 1.6014
threshold=1.0000000180025095e-35 9.5255768449228224 3.1339001270843778 13.962673132380607 15.919905683545876 9.3855000000000022 -0.52107999999999988 6.4500000000000011 6.8500000000000005 16.025027961080848 0.040000831862220171 -0.17237999999999995 0.60876142900872032 14.551592428090471
decision_type=2 2 8 2 2 10 2 2 2 2 2 2 2 2
left_child=5 10 3 7 -4 -1 9 -3 -8 -7 -2 12 -12 -13
right_child=1 2 4 -5 -6 6 8 -9 -10 -11 11 13 -14 -15
leaf_value=-0.000703883014185347 0.00072870172571892311 -0.052299347987984392 0.0026376351532199529 0.00044580204882311848 -0.0046706884148389532 0.0014094292459590958 -0.018846362500810777 -0.0036399157994376988 5.6272234354037837e-05 -0.010502649736766262 0.00035387551822080521 -0.00020843758525108128 0.002613426395262713 0.007822910682045171
leaf_weight=34 58.093395233154297 20 56 20 20 101 41 39 27 20 137.04669761657715 215.04669761657715 58.046697616577148 45
leaf_count=34 48 20 56 20 20 101 41 39 27 20 132 210 53 45
internal_value=0.00171574 0.00277308 -0.00144231 -0.0059375 0.00324675 -0.00145089 0.000131579 -0.00958333 -0.00507246 0.00307377 0.00404648 0.00324133 0.00651391 0.000770619
internal_weight=891.233 668.233 155 79 76 223 189 59 68 121 513.233 455.14 195.093 260.047
internal_count=866 643 155 79 76 223 189 59 68 121 488 440 185 255
is_linear=0
shrinkage=0.05


Tree=251
num_leaves=15
num_cat=0
split_feature=8 8 1 13 8 2 0 14 1 7 8 10 10 7
split_gain=1.56758 1.55591 1.27742 2.58207 1.6016 1.2307 1.51986 1.18019 1.30953 1.35089 1.20115 0.989368 1.60867 1.11188
threshold=18.990000000000006 6.4150000000000009 13.187645436640045 3.4968108626794572 12.450000000000001 11.327456641317992 14.599023630551345 0.97976742930448901 15.191454966876789 7.3500000000000005 39.050000000000004 0.68834802305431453 0.1993508540825906 5.8500000000000005
decision_type=10 8 2 8 10 2 2 2 2 2 10 2 2 2
left_child=1 11 3 4 -3 6 -5 10 -9 -10 -2 12 13 -1
right_child=7 2 -4 5 -6 -7 -8 8 9 -11 -12 -13 -14 -15
leaf_value=0.00017428626198977561 0.0066546313663297446 -0.0063254795970896895 0.00060448110145419067 0.00025546757301056689 0.016161033934390012 0.00031838400377425641 0.0072572385153720602 -0.00082503045886546118 -0.0011938288438166356 0.007278084832577747 -0.0028319079559356863 -0.013021778694768985 0.010876215113115519 -0.0013109675835191849
leaf_weight=23 57 36 260 41.046697616577148 26 26.093395233154297 30.046697616577148 205 57 22 29 23 20 24
leaf_count=23 57 36 260 36 26 16 25 205 57 22 29 23 20 24
internal_value=0.00139706 0.00319426 0.00447341 0.00798861 0 0.013033 0.00939524 -0.00107817 -0.00263158 0.0028125 0.00402299 -0.00274725 0.000367647 -0.0046875
internal_weight=879.187 509.187 419.187 159.187 62 97.1868 71.0934 370 284 79 86 90 67 47
internal_count=859 489 399 139 62 77 61 370 284 79 86 90 67 47
is_linear=0
shrinkage=0.05


Tree=252
num_leaves=15
num_cat=0
split_feature=14 13 13 0 4 0 1 15 1 13 2 4 4 4
split_gain=1.94468 1.73041 1.76241 1.02208 0.998401 0.835227 1.11833 0.780572 1.21301 1.27209 1.15704 0.756196 1.15926 0.912146
threshold=0.58347200222151763 3.7774456692478693 3.2755723530519245 14.244061427783102 12.725781394430198 12.894777939625641 12.599490740942857 0.66927500000000018 14.902492572906766 3.3533214690922653 11.469521479540292 4.9052130462326602 6.3692055989493914 2.3410656135621104
decision_type=2 8 10 2 2 2 2 2 2 8 2 2 2 2
left_child=1 2 5 -4 7 -1 -7 11 9 10 -9 13 -13 -2
right_child=4 -3 3 -5 -6 6 -8 8 -10 -11 -12 12 -14 -15
leaf_value=-8.9493434989629256e-05 8.5796774879165488e-05 0.00066082804951113653 -0.021532250386804043 0.0002442755130890262 -0.0014680134479092112 0.014667666445211537 0.005048001421912602 -0.032581837619126808 -0.028831387254145469 0.0020564098883429252 0.0042996006327156392 0.0036054115694778011 0.00077574620800762166 -0.014734268301697107
leaf_weight=22 198 63.093395233154297 26 23 35 22 21 24 30 26 33 32 292 21
leaf_count=22 198 53 26 23 35 22 21 24 30 26 33 32 292 21
internal_value=0.00167109 0.00633002 0.0026087 -0.0045 0.000469653 0.00795455 0.0119318 0.000913242 -0.00285088 0.000297619 -0.00387931 0.00170037 0.00323077 -0.000568182
internal_weight=868.093 177.093 114 49 691 65 43 656 113 83 57 543 324 219
internal_count=858 167 114 49 691 65 43 656 113 83 57 543 324 219
is_linear=0
shrinkage=0.05


Tree=253
num_leaves=15
num_cat=0
split_feature=6 9 2 7 3 2 14 14 2 4 7 3 14 14
split_gain=1.27416 0.926872 1.46465 1.23048 2.20371 1.75688 2.54009 1.39154 1.63018 1.37238 1.18763 1.28083 1.95171 1.56235
threshold=4.4337841666032221 -0.70710678118654735 7.3287099632352914 5.4500000000000011 5.2544752012255964 12.293201685773296 0.19462885221396517 1.5868812521727478 10.529134985716434 4.4423743632255919 7.3500000000000005 12.050945517639123 4.9035513653134428 2.9898899022367211
decision_type=2 2 2 2 2 2 2 2 2 2 2 2 2 2
left_child=1 -1 -3 5 -5 6 -4 9 -9 -6 11 13 -13 -10
right_child=-2 2 3 4 7 -7 -8 8 10 -11 -12 12 -14 -15
leaf_value=-0.00010804525273910848 -0.00064295095032065321 0.00087459986058289791 -0.00039994774578223122 0.00027093335789966699 9.391283605735268e-05 -0.010546510270887455 0.0018687150221509798 0.0071028858570636455 -0.00011222432888349233 -0.012267890459181398 0.010581204584076477 -0.042803560808435837 0.00051491594962058682 0.0035023834108235843
leaf_weight=166 36 61.046697616577148 26.046697616577148 41.093395233154297 48 31 67 28 80 20 43 30 82 99
leaf_count=166 36 56 21 31 48 31 67 28 80 20 43 30 82 99
internal_value=0.0023305 0.00273612 0.0035794 0.0028117 0.00397662 -0.00160874 0.00184836 0.00290023 0.00413223 -0.00362319 0.00313433 0.00196918 -0.00221239 0.00458333
internal_weight=858.187 822.187 656.187 595.14 471.093 124.047 93.0467 430 362 68 334 291 112 179
internal_count=838 802 636 580 461 119 88 430 362 68 334 291 112 179
is_linear=0
shrinkage=0.05


Tree=254
num_leaves=15
num_cat=0
split_feature=2 8 1 4 0 14 8 3 3 9 1 3 0 8
split_gain=2.1885 1.04431 1.77958 1.44879 1.57514 1.49848 1.35337 1.31507 1.24301 2.20447 1.54605 1.17559 1.87218 1.21886
threshold=7.1829388544009367 12.050000000000002 11.780275221658769 6.9401845139563836 14.159144017181173 0.40661190182880841 14.950000000000001 10.411838268477036 10.324608175214264 0.85034413025525935 15.755070682384991 9.304283979348968 15.472996339817792 8.5050000000000008
decision_type=2 10 2 2 2 2 10 2 2 2 2 2 2 10
left_child=-1 2 -2 5 7 -3 -6 -5 11 10 -10 12 13 -4
right_child=1 3 8 4 6 -7 -8 -9 9 -11 -12 -13 -14 -15
leaf_value=0.0008022463990440213 0.00031268882884352657 -0.00035910542930385204 0.0014725736780331123 -0.00042535741570238762 -0.0046682687256544347 0.00044083481240321775 0.00061089246236687442 -0.023021198490598138 0.0062175648118257603 -0.0046307245498342642 -0.00054367177418763741 -0.0026939918458279257 0.012229911743307698 -0.0016046340910309542
leaf_weight=75.046697616577148 44.093395233154297 44.046697616577148 33 24 31 257.04669761657715 145 48 73 20 21 36 25 36
leaf_count=70 34 39 33 24 31 252 145 48 73 20 21 36 25 36
internal_value=0.00142735 0.00068879 0.00312126 -0.000590809 -0.00341365 0.00173787 -0.000847458 -0.00958904 0.00142857 0.00521739 0.00842105 -0.0019084 0.00105263 -0.00321429
internal_weight=912.233 837.187 288.093 549.093 248 301.093 176 72 244 114 94 130 94 69
internal_count=887 817 278 539 248 291 176 72 244 114 94 130 94 69
is_linear=0
shrinkage=0.05


Tree=255
num_leaves=15
num_cat=0
split_feature=6 9 13 3 9 13 10 9 15 7 8 8 8 16
split_gain=1.06221 0.902319 1.55864 1.48926 1.34505 0.955377 0.939515 0.938361 1.22422 1.58616 1.30837 1.16356 1.24038 1.10119
threshold=3.4299385993688372 -0.70710678118654735 3.2891799922809661 11.483035895636354 -0.55193173126975836 3.1941859788175644 -0.0043632677491870896 -0.054514371903161107 -1.1641199999999998 6.1500000000000012 38.110000000000007 43.45000000000001 33.500000000000007 1.0000000180025095e-35
decision_type=2 2 10 2 2 8 2 2 2 2 10 8 10 2
left_child=1 2 5 6 -3 -1 -4 11 9 -9 -10 12 -6 -12
right_child=-2 4 3 -5 7 -7 -8 8 10 -11 13 -13 -14 -15
leaf_value=-0.0005932678447247542 -0.00077999547486682925 0.019234441391201385 -0.0016717482486939606 0.00085219948245753854 -0.00014767068092829129 0.010648454794358986 -0.020084340463093077 0.022956067308626232 0.00056070875615281152 0.00036615605628115278 0.00049129144054166352 0.0061647365693604074 -0.013887147006413914 -0.015545052129354876
leaf_weight=63 47 44 25 28 104 21 34 30.046697616577148 349.04669761657715 43 21 20 20 30
leaf_count=63 47 44 25 28 104 21 34 25 344 43 21 20 20 30
internal_value=0.00150818 0.00192336 -0.00130814 -0.00596591 0.00275994 0.00352941 -0.0104167 0.00214747 0.00322159 0.00913164 0.00212236 -0.00137931 -0.0032 -0.00528846
internal_weight=879.093 832.093 171 87 661.093 84 59 617.093 473.093 73.0467 400.047 144 124 51
internal_count=869 822 171 87 651 84 59 607 463 68 395 144 124 51
is_linear=0
shrinkage=0.05


Tree=256
num_leaves=15
num_cat=0
split_feature=1 14 10 1 6 1 1 1 9 14 14 1 3 1
split_gain=3.57056 2.0107 1.65695 1.45842 1.83577 1.80234 0.960621 1.80802 1.55999 1.40611 1.00587 0.931875 0.92413 0.887797
threshold=11.646432995679277 2.603711913902647 -0.37459232954469374 14.751063175991256 1.0000000180025095e-35 14.994734515709192 12.472406226667768 13.436840398038727 0.70864607840491656 2.3948532083883172 1.0079905521927708 16.678821448768947 8.1054501654907281 13.569070804978013
decision_type=2 2 2 2 2 2 2 2 2 2 2 2 2 2
left_child=1 2 -1 4 6 -5 8 9 12 10 -8 -7 -2 -9
right_child=3 -3 -4 5 -6 11 7 13 -10 -11 -12 -13 -14 -15
leaf_value=0.00041540378920741362 -0.0087761285199242645 -0.00042544967638454283 0.00051376858380746825 0.012849667279768618 -0.0014051930063910146 0.00019575918434260321 0.00078304500140212734 -0.0079726300103236895 -0.0023174323783641138 0.0033789872359223597 -0.0008732996217920675 0.011954433517091002 0.0013418958299525885 -0.00013130288682773329
leaf_weight=39 25 25 68.140092849731445 49 21 188 53 22 34.093395233154297 54 37 20 34 225
leaf_count=39 25 25 53 49 21 188 53 22 24 54 37 20 34 225
internal_value=0.00223536 0.00979046 0.0127474 0.000914259 -0.000646787 0.00397287 -4.81326e-06 0.00108418 -0.0045416 0.00551724 0.00164835 0.00191388 0.000416667 -0.0015121
internal_weight=894.233 132.14 107.14 762.093 505.093 257 484.093 391 93.0934 144 90 208 59 247
internal_count=869 117 92 752 495 257 474 391 83 144 90 208 59 247
is_linear=0
shrinkage=0.05


Tree=257
num_leaves=15
num_cat=0
split_feature=0 9 9 1 3 2 1 7 4 1 10 0 4 2
split_gain=1.47149 1.67137 1.55293 2.34452 1.20973 1.87047 1.59043 1.2201 0.999196 0.839926 1.06949 2.72923 1.43334 1.99033
threshold=14.440450219725948 -0.87567323142345155 0.86819054986216926 14.243552407174795 13.275973227386141 13.66913883804069 15.713707227497345 5.2500000000000009 10.155977471300586 13.76304014984119 0.70090259214882411 16.100901953457257 6.827900017071074 11.549255986512796
decision_type=2 2 2 2 2 2 2 2 2 2 2 2 2 2
left_child=1 -1 4 -4 5 7 -6 -2 -7 -9 11 12 13 -11
right_child=2 -3 3 -5 6 8 -8 9 -10 10 -12 -13 -14 -15
leaf_value=-0.0045000844249287525 -0.00069075701319405442 0.00051386003439533433 -0.0013894187914246011 6.7745321617962428e-05 0.027730854616043077 -0.0025807625470027906 -0.00039841616466960165 0.003453917997433198 -0.010153988694742622 -0.014405139193033044 -0.0040901350726834321 0.0086706161425520231 -0.0017399546542740231 0.0050481260343823277
leaf_weight=42 58 294.0933952331543 42.093395233154297 37 36 32 34 85 25 21 59 60 45 25
leaf_count=42 58 284 32 37 36 32 34 85 25 21 59 60 45 25
internal_value=0.000808983 0.00341844 -0.000762971 -0.00720827 0.00031185 -0.000729927 0.00633803 0.000635593 -0.00905172 0.00194257 0.000236967 0.00246711 -0.00298913 0.00319149
internal_weight=895.187 336.093 559.093 79.0934 480 410 70 353 57 295 210 151 91 46
internal_count=875 326 549 69 480 410 70 353 57 295 210 151 91 46
is_linear=0
shrinkage=0.05


Tree=258
num_leaves=15
num_cat=0
split_feature=4 2 7 10 0 7 13 13 13 9 0 10 14 3
split_gain=1.20295 1.23109 1.42695 1.48876 1.30872 1.71388 1.34332 1.23129 1.65514 1.43662 1.00713 0.973436 1.67407 1.74345
threshold=12.725781394430198 14.254755236354223 6.9500000000000011 -0.2397582400620111 12.894777939625641 5.3500000000000005 3.3965472547192124 4.590222163723535 3.3965472547192124 0.90444653569325539 11.473377350654021 -0.9025766923884776 0.71211442113764023 2.3410656135621104
decision_type=2 2 2 2 2 2 8 10 8 2 2 2 2 2
left_child=1 4 3 -3 5 -1 10 8 11 -10 -7 -6 13 -13
right_child=-2 2 -4 -5 7 6 -8 -9 9 -11 -12 12 -14 -15
leaf_value=0.00047070408236913176 -0.00065763586446965228 -0.0031982253699965879 0.023426211859906766 0.0059571511261423465 0.0077545781204830027 0.00024943469032659427 0.0020420630200118197 -3.7692929035279023e-05 -0.00027040978442198217 -0.00071684014083793577 -0.026888060673642123 2.7867997725122829e-05 -7.1630296310187802e-05 0.042263976656829086
leaf_weight=45.093395233154297 37 22 27 20 45 21 44 23.046697616577148 273 46.046697616577148 23 37 214 22
leaf_count=35 37 22 27 20 45 21 44 18 273 41 23 37 214 22
internal_value=0.00147451 0.0018563 0.00821429 0.00232558 0.00129357 0.00579697 0.00168539 0.000378161 -4.10118e-05 -0.0025814 -0.00444444 0.00250784 0.00136861 0.00875
internal_weight=899.187 862.187 69 42 793.187 133.093 88 660.093 637.047 319.047 44 318 273 59
internal_count=879 842 69 42 773 123 88 650 632 314 44 318 273 59
is_linear=0
shrinkage=0.05


Tree=259
num_leaves=15
num_cat=0
split_feature=6 0 0 9 8 0 1 8 9 7 0 3 0 0
split_gain=1.61003 1.77929 1.35815 1.14412 1.59955 1.40399 1.98007 0.900958 0.804368 1.31284 1.17403 1.54386 1.04936 1.04586
threshold=4.4337841666032221 11.473377350654021 9.7611967763516159 0.61392768915927742 7.0500000000000007 14.376791297386331 12.631510329845616 16.050000000000004 -0.91527662686299338 6.7500000000000009 15.313801470356928 9.304283979348968 15.048160610447411 15.824941574926877
decision_type=2 2 2 2 10 2 2 10 2 2 2 2 2 2
left_child=1 2 -1 8 -5 7 -7 -6 10 -10 11 -3 -11 -14
right_child=-2 3 -4 4 5 6 -8 -9 9 12 -12 -13 13 -15
leaf_value=0.0015998254716122892 -0.00080768709024142682 -0.00027503492390302256 0.00023133287970696916 0.0099540922688496694 0.00094488534284340462 -0.0040847456506284364 -0.0013273039081243443 -0.0029356134962133075 7.2591105120317639e-05 0.014579001406354286 0.0018368892095069979 -0.029872134725620739 -0.00638782716267301 0.0085586513690126161
leaf_weight=27.046697616577148 42 35 30 34 30 31.093395233154297 124 31 361 37 34 22 21 36
leaf_count=22 42 35 30 34 30 21 124 31 361 37 34 22 21 36
internal_value=0.000138184 0.000613286 0.00906455 -2.92924e-06 -0.00279711 -0.00438675 -0.00690186 0.00201613 0.00127971 0.00213816 -0.00298913 -0.00732759 0.00736842 0.00301724
internal_weight=895.14 853.14 57.0467 796.093 250.093 216.093 155.093 61 546 455 91 57 94 57
internal_count=880 838 52 786 240 206 145 61 546 455 91 57 94 57
is_linear=0
shrinkage=0.05


Tree=260
num_leaves=15
num_cat=0
split_feature=14 7 9 7 10 14 1 1 12 13 2 7 10 5
split_gain=1.38457 2.41156 1.49164 2.44593 2.79925 1.43155 0.908601 1.21334 1.23039 1.41556 1.18254 0.941253 1.06386 2.06024
threshold=0.59862976654053734 5.1500000000000012 -0.67378604238638873 5.4500000000000011 -0.061027619725079495 0.73482557226223499 13.76304014984119 13.569070804978013 2.5000000000000004 3.8372230591172323 11.549255986512796 7.6500000000000012 0.68834802305431453 4.7852994436231349
decision_type=2 2 2 2 2 2 2 2 10 8 2 2 2 2
left_child=1 -1 -3 -4 -5 -2 7 8 9 -7 -8 12 -12 -14
right_child=5 2 3 4 -6 6 10 -9 -10 -11 11 -13 13 -15
leaf_value=-0.00034222213103601298 -0.00065708576101200294 -0.0011477932220576915 0.00029392794176547797 -0.007501718722144668 0.0011721583015194528 0.00034744512332283154 -0.0015130682429712829 0.0062892187934139978 0.0015333967099253167 -0.025312788944190714 0.0004846719682950779 -0.0034381918543015867 -0.0082272102819741632 0.0048245402235528095
leaf_weight=77 32.046697616577148 30 35.140092849731445 26 43.046697616577148 152 66 28 36 26 243 21 65 22
leaf_count=77 27 30 20 26 38 152 66 28 36 26 243 21 65 22
internal_value=0.000612801 0.00414573 0.00817143 0.0109773 0.00537024 -0.000471308 3.78788e-05 0.00246914 0.00116279 -0.000558659 -0.0013756 -0.000213068 0.000453172 -0.00426136
internal_weight=902.233 211.187 134.187 104.187 69.0467 691.047 659 242 214 178 417 351 330 87
internal_count=877 191 114 84 64 686 659 242 214 178 417 351 330 87
is_linear=0
shrinkage=0.05


Tree=261
num_leaves=15
num_cat=0
split_feature=14 13 14 14 1 1 0 15 9 2 2 14 7 7
split_gain=1.44872 1.27691 1.03218 2.53457 1.81 1.14912 1.19979 0.874856 1.08175 0.862795 3.17109 0.859147 0.777212 1.1511
threshold=7.0676333560569509 2.4670511503686972 1.6154667750703615 1.7583073505145361 11.608527579552712 10.35830946619498 11.375040743560087 -1.2924149999999999 -0.80246366112812384 11.210599421575576 11.630521409380931 3.7305608756602369 5.3500000000000005 5.8500000000000005
decision_type=2 8 2 2 2 2 2 2 2 2 2 2 2 2
left_child=1 -1 4 -4 5 6 -3 -5 11 12 -11 -9 -6 -14
right_child=-2 2 3 7 9 -7 -8 8 -10 10 -12 -13 13 -15
leaf_value=0.0016873098358030525 -0.0053878537006704537 0.00025711882703903678 0.015243620473566999 0.003280680556711291 -0.000761526281188818 0.0054927939695124219 -0.0102636571907687 -0.017628292020624017 0.00027889783460324227 -0.00060454470106915828 0.00041128706783765128 -0.00050989578286273483 0.0039085925831033206 -0.0010904035609548002
leaf_weight=62 40 27.046697616577148 20 70 69 37 20 28 308 45.093395233154297 47 30 32 54
leaf_count=62 40 22 20 70 69 37 20 28 308 35 47 30 32 54
internal_value=0.000644654 0.00108668 0.000537763 0.00207877 -0.00158417 0.00471703 -0.000496029 0.00125858 0.00027248 -0.00373785 -0.00754441 -0.0059322 -0.00144231 0.00172414
internal_weight=889.14 849.14 787.14 456 331.14 84.0467 47.0467 436 366 247.093 92.0934 58 155 86
internal_count=874 834 772 456 316 79 42 436 366 237 82 58 155 86
is_linear=0
shrinkage=0.05


Tree=262
num_leaves=15
num_cat=0
split_feature=8 10 13 1 16 14 10 10 13 13 10 4 10 2
split_gain=1.39352 1.6693 1.59003 1.61745 1.94139 1.18126 1.15378 1.05762 1.41909 1.34672 1.29743 1.01562 0.912087 0.87873
threshold=10.050000000000002 -0.47715421805211583 3.1941859788175644 14.902492572906766 0.78996500000000014 0.86515852990089293 1.0000000180025095e-35 0.9396121150393979 3.6664690194081797 3.7682742391313546 0.026175951569891321 8.6514397330618404 -0.26932402956675622 10.352761963593805
decision_type=10 2 10 2 2 2 2 2 10 10 2 2 2 2
left_child=2 -2 6 4 5 12 -1 9 -9 13 -11 -8 -4 -3
right_child=1 7 3 -5 -6 -7 11 8 -10 10 -12 -13 -14 -15
leaf_value=-0.0012881784969443701 0.0014855369756213432 -0.0018887821387778407 0.00026128392476290065 -0.0012817505551743213 0.0021128819271326511 0.003586057457734593 -0.0011069335080869825 0.0091072835152219873 -0.0021146825437454164 0.0023543134338357419 -8.6592340894076084e-05 0.0052802172959440343 -0.0043858479363183545 -0.0013293567419384589
leaf_weight=36 247 49.046697616577148 26.046697616577148 32 24.046697616577148 56 27 52 25 28 56.046697616577148 20 26 176
leaf_count=36 247 44 21 32 19 56 27 52 25 28 51 20 26 176
internal_value=0.000964608 -0.000279667 0.00414092 0.0069799 0.00940944 0.00642997 -0.0014881 -0.00233105 0.00288462 -0.00363547 0.00175001 0.00364583 0.000964574 -0.00564559
internal_weight=880.187 633.093 247.093 164.093 132.093 108.047 83 386.093 77 309.093 84.0467 47 52.0467 225.047
internal_count=860 623 237 154 122 103 83 376 77 299 79 47 47 220
is_linear=0
shrinkage=0.05


Tree=263
num_leaves=15
num_cat=0
split_feature=13 13 10 13 14 1 15 1 13 14 10 0 0 2
split_gain=1.13544 2.0672 2.12497 2.09451 1.40221 1.37991 1.37829 2.28298 1.11987 1.14018 1.02795 1.62408 2.25338 1.9162
threshold=3.9169617688349754 3.7682742391313546 -0.16719855485485105 3.6780493283881963 1.3502083319372586 12.631510329845616 -0.11977499999999999 14.789540403529749 3.5854431883692963 1.0497485384633547 -0.47715421805211583 14.91411550242956 14.504858781096404 11.015872523953945
decision_type=8 10 2 8 2 2 2 2 8 2 2 2 2 2
left_child=1 3 -3 8 5 -2 7 -6 10 -10 -1 12 -12 -13
right_child=4 2 -4 -5 6 -7 -8 -9 9 -11 11 13 -14 -15
leaf_value=0.0013809317123836707 -0.0028862640534568712 0.00050243081677841855 5.4881069074186331e-05 -0.0004105256131040839 0.0034067545848478712 -0.00036096457699292265 -0.016415584818519947 -0.0012176630274156166 -5.9172712757016299e-05 0.0053643735725156022 -0.00072715046788057736 0.011597033695475045 -0.0087382822741879917 -8.2638669396817305e-05
leaf_weight=202 33.046697616577148 37.093395233154297 35 31.046697616577148 48 41 36 70 24 30 135 23 31.046697616577148 125
leaf_count=202 28 27 35 26 48 41 36 70 24 30 135 23 26 125
internal_value=0.000636013 0.00166868 0.00960873 0.000701993 -0.00240635 -0.00801058 0.000322581 0.00294118 0.00139889 0.00818182 0.000674664 -0.00111465 -0.00449675 0.00268456
internal_weight=901.233 673.187 72.0934 601.093 228.047 74.0467 154 118 570.047 54 516.047 314.047 166.047 148
internal_count=876 653 62 591 223 69 154 118 565 54 511 309 161 148
is_linear=0
shrinkage=0.05


Tree=264
num_leaves=15
num_cat=0
split_feature=1 2 2 1 9 14 10 4 15 9 1 1 13 0
split_gain=1.39367 1.13612 1.40457 1.00235 1.42435 0.820923 0.901045 0.774994 0.662153 1.67637 1.97999 1.0647 1.0806 0.826801
threshold=11.005113196168786 3.0495986234554322 9.3903459918807766 9.9532426738528574 0.70088257582277269 7.0676333560569509 0.96126169593831889 6.9401845139563836 -1.1641199999999998 0.25881904510252091 14.373089347844777 12.583208469475984 3.599831998686374 13.74655040117784
decision_type=2 2 2 2 2 2 2 2 2 2 2 2 10 2
left_child=3 -2 -3 4 -1 6 8 -8 9 10 -4 12 -10 -13
right_child=1 2 5 -5 -6 -7 7 -9 11 -11 -12 13 -14 -15
leaf_value=-0.0035660250465174405 0.0097563321776624537 -0.00043054778177744615 0.00060267704942976175 0.0059794052792580821 0.00032601926409725479 -0.00046528542760415625 0.014518841894453783 -0.00045111412449592162 -0.020055015672196766 0.0014575589254802288 -0.010166749736461278 0.0033965660763937812 3.1772146323216788e-05 9.7761356520731375e-06
leaf_weight=33 28 59 21 33 24.093395233154297 42 48 30 35 52.046697616577148 22 38 22 397
leaf_count=33 28 59 21 33 14 42 48 30 35 47 22 38 22 397
internal_value=0.00130319 0.000630362 0.000262262 0.00716117 0.00305258 0.000884359 0.00131547 0.00632911 0.00063969 0.00443709 -0.00284091 -0.00010142 -0.00646552 0.000745413
internal_weight=884.14 794.047 766.047 90.0934 57.0934 707.047 665.047 78 587.047 95.0467 43 492 57 435
internal_count=869 789 761 80 47 702 660 78 582 90 43 492 57 435
is_linear=0
shrinkage=0.05


Tree=265
num_leaves=15
num_cat=0
split_feature=14 16 10 2 0 14 7 2 2 14 8 3 1 10
split_gain=1.15854 1.17153 1.30148 1.10726 1.73647 1.21933 1.07711 1.28619 2.11637 1.07656 1.68584 1.42559 1.42637 1.25308
threshold=4.2009344006411995 0.10701500000000001 -0.95753489942155756 11.894851609888947 14.527239206334718 5.1857993104958844 5.1500000000000012 11.469521479540292 1.0000000180025095e-35 0.57747096615578541 14.65 8.4730319460816848 14.84498738849017 0.86926070542861789
decision_type=2 2 2 2 2 2 2 2 2 2 10 2 2 2
left_child=6 2 -2 -4 -5 -6 7 8 -1 10 -8 12 -11 -13
right_child=1 -3 3 4 5 -7 9 -9 -10 11 -12 13 -14 -15
leaf_value=0.0052616521506096137 -0.031197753670751883 0.001473405222786295 0.0028518218661963027 -0.02668676446406917 -0.016120037068439962 0.00067604609569036364 0.00044733826375642575 0.0051215787452236318 -0.0012465228875516877 -0.00078560847324409271 -7.0123995005142901e-05 0.0016064501815091338 0.013877662508674816 -0.0029704225448024093
leaf_weight=25 27 59 24 26 36 75 72.140092849731445 26 56 80 51.046697616577148 277 30 45
leaf_count=25 27 59 24 26 36 75 57 26 56 80 46 277 30 45
internal_value=0.00140594 -0.0015121 -0.00343915 -0.00169753 -0.00344203 -0.000669643 0.00249503 -0.00208333 -0.00518293 0.00337957 0.00748606 0.002194 -0.0027027 0.00386997
internal_weight=909.187 247 188 161 137 111 662.187 107 81 555.187 123.187 432 110 322
internal_count=889 247 188 161 137 111 642 107 81 535 103 432 110 322
is_linear=0
shrinkage=0.05


Tree=266
num_leaves=15
num_cat=0
split_feature=1 13 9 7 4 9 15 13 15 4 9 8 3 14
split_gain=1.52781 1.56355 1.2687 1.24489 2.12657 1.28262 1.23253 1.55416 1.20072 1.18273 0.98732 1.80589 0.917898 1.13373
threshold=12.661806857947289 2.9040801778212955 -0.045798757943341352 5.7500000000000009 5.0021526326360242 -0.058870663549117574 -1.1068949999999997 2.8683980920537744 -0.75983499999999993 4.9052130462326602 0.90444653569325539 8.0500000000000025 10.324608175214264 4.0101003471855128
decision_type=2 10 2 2 2 2 2 8 2 2 2 10 2 2
left_child=1 2 -1 9 -5 6 -6 -8 -9 -2 11 -3 -7 -14
right_child=3 10 -4 4 5 12 7 8 -10 -11 -12 -13 13 -15
leaf_value=-0.0067840631342029169 -0.0011742669920370764 -0.001578118557496855 0.0015904018193428683 0.0044244962286108967 -0.0017676714271181117 -0.001222511749342581 0.0069501414566782499 0.0016551823078719164 -0.017009735661791314 0.001152031230757411 0.00019257165993940008 0.0014349512703966619 0.016706629665504825 0.000918173220582319
leaf_weight=21 148 32 24 128 30 45 32 26 60 43 49.186790466308594 139.04669761657715 24 105
leaf_count=21 148 32 24 128 30 45 32 26 60 43 29 134 24 105
internal_value=0.00143936 0.00462315 -0.00380435 0.000116822 0.00155211 -0.000619195 -0.00402685 -0.00168067 -0.00517241 -0.00325521 0.00635454 0.00451138 0.00228571 0.00442308
internal_weight=906.233 265.233 45 641 450 322 148 118 86 191 220.233 171.047 174 129
internal_count=881 240 45 641 450 322 148 118 86 191 195 166 174 129
is_linear=0
shrinkage=0.05


Tree=267
num_leaves=15
num_cat=0
split_feature=1 5 4 7 8 7 0 4 2 0 4 2 7 2
split_gain=2.38461 1.36009 1.33623 1.73663 1.46957 1.75036 1.50784 1.34369 1.00161 1.72152 0.984626 1.20054 1.14231 1.69673
threshold=14.070538460099918 10.257654921792545 0.54930614433405489 5.1500000000000012 34.900000000000006 5.2500000000000009 13.933523308119085 3.9006956601457436 10.566113605825981 13.556564215335296 10.183511179599234 13.422861373318293 6.5500000000000007 13.78942270295815
decision_type=2 2 2 2 10 2 2 2 2 2 2 2 2 2
left_child=2 10 3 8 5 -5 -6 -4 9 -1 11 -2 -12 -14
right_child=1 -3 7 4 6 -7 -8 -9 -10 -11 12 -13 13 -15
leaf_value=0.00074582692511411259 -0.00068761469998002145 0.0025981190850512762 -0.0052481450499893391 0.00046263281918144732 0.0066889678868459652 8.8683972568695695e-05 -0.0031125349891220292 0.00032860446449718418 0.0067605447557919978 -0.0025967140137395013 -0.0099146450018923644 0.0044350235052670111 0.0099685914205697845 -0.011311311989484141
leaf_weight=30 188 33 22 31.093395233154297 21 129.14009284973145 26 176 29 31 39 78 22 42
leaf_count=30 188 33 22 21 21 114 26 176 29 31 39 78 22 42
internal_value=0.00137029 -0.00148883 0.00368947 0.00580363 0.008312 0.0105799 0.000520833 0.000502513 0 -0.00362903 -0.00236486 -0.000749064 -0.00649038 -0.00230769
internal_weight=897.233 402 495.233 297.233 207.233 160.233 47 198 90 61 369 266 103 64
internal_count=872 402 470 272 182 135 47 198 90 61 369 266 103 64
is_linear=0
shrinkage=0.05


Tree=268
num_leaves=15
num_cat=0
split_feature=1 14 8 7 3 3 1 13 14 0 0 13 0 0
split_gain=1.08187 1.66137 0.947739 1.19967 1.07578 1.5455 1.14819 1.19603 1.302 1.32576 1.0064 0.915467 0.894247 3.17949
threshold=11.005113196168786 0.088561716292821516 41.20000000000001 6.7500000000000009 7.0237422035941366 8.4730319460816848 14.491408681122889 3.4968108626794572 0.2563811664472056 13.61782393874296 14.345768791527194 3.1339001270843778 15.596935039212026 15.313801470356928
decision_type=2 2 10 2 2 2 2 10 2 2 2 10 2 2
left_child=1 -1 4 -4 6 11 7 8 9 -2 -9 -6 13 -7
right_child=2 -3 3 -5 5 12 -8 10 -10 -11 -12 -13 -14 -15
leaf_value=0.00020932993247225475 0.0061661742277658999 0.0010941937655667652 -0.0061712728408985567 0.00011430001966985515 0.00052270114372010568 0.0004291328169379494 -0.0010911026585732509 0.0010130960500980225 0.013197428642373655 -0.0013712009980805463 8.822334180945914e-05 -0.00071283070966874371 -0.00024961724246730377 0.0093771171360440778
leaf_weight=45 21 43.046697616577148 35 53 20 254 30 33 26 20 40.093395233154297 42 199 42
leaf_count=45 21 38 35 53 20 254 30 33 26 20 30 42 199 42
internal_value=0.00207767 0.00731265 0.00150391 -0.00337079 0.00209772 0.00103047 0.00556617 0.00745843 0.00257353 -0.00297619 0.0118409 -0.00634921 0.00196573 0.0037037
internal_weight=903.14 88.0467 815.093 88 727.093 557 170.093 140.093 67 41 73.0934 62 495 296
internal_count=888 83 805 88 717 557 160 130 67 41 63 62 495 296
is_linear=0
shrinkage=0.05


Tree=269
num_leaves=15
num_cat=0
split_feature=0 10 1 0 4 13 2 9 2 13 0 9 0 0
split_gain=1.42157 1.00255 0.800821 1.92895 1.11347 1.55697 1.09011 1.08911 1.71685 0.872908 0.921335 0.881159 0.983725 1.11665
threshold=11.375040743560087 0.23766552919915279 13.11862387723953 13.945988374896972 6.2235599818109852 3.7682742391313546 10.352761963593805 0.77711637012006718 10.231845870667506 2.6535031187055078 15.105725432327132 -0.96419053137135757 15.023517212076225 14.015221205518571
decision_type=2 2 2 2 2 8 2 2 2 8 2 2 2 2
left_child=1 -1 3 4 5 6 -2 8 -5 10 -4 -11 13 -13
right_child=2 -3 9 7 -6 -7 -8 -9 -10 11 -12 12 -14 -15
leaf_value=0.00041354809662958895 -0.0084572110688990627 0.00019032752735271831 -0.00068679356578307262 -0.00093744680908025568 -0.0041497231399576506 0.00039750835578959882 0.017515203098370735 0.00013304476663331583 0.0012221492141129512 0.0020204590511393229 0.0021814586853437404 -0.0013236550236606082 -0.00077574097884602899 0.0011651198490969462
leaf_weight=32.046697616577148 44 21 25 53 36 30.046697616577148 20 43.093395233154297 43.046697616577148 52 58 50 304 101
leaf_count=27 44 21 25 53 36 25 20 33 38 52 58 50 304 101
internal_value=0.00186791 0.00973542 0.00137141 0.0036259 -0.000754178 0.00211651 -0.00230769 0.00769589 0.00464897 0.000338409 0.00505952 -0.000442913 -0.00115132 0.00213816
internal_weight=912.233 53.0467 859.187 269.187 130.047 94.0467 64 139.14 96.0467 590 83 507 455 151
internal_count=887 48 839 249 125 89 64 124 91 590 83 507 455 151
is_linear=0
shrinkage=0.05


Tree=270
num_leaves=15
num_cat=0
split_feature=1 3 2 2 10 1 0 0 10 8 0 13 0 8
split_gain=1.62239 1.60044 1.65043 1.80851 1.34478 1.06494 0.958251 0.922722 1.15666 1.14224 1.61953 1.40406 1.27719 1.11585
threshold=11.005113196168786 13.738557155961646 7.3287099632352914 9.0965767664003732 0.23766552919915279 16.386875964300703 13.945988374896972 16.608240043835483 0.026175951569891321 18.350000000000005 14.195602729866586 3.8224521632363921 14.656840512634762 26.850000000000005
decision_type=2 2 2 2 2 2 2 2 2 10 2 8 2 10
left_child=4 2 6 -4 -1 7 -2 9 -9 10 11 -5 -12 -11
right_child=1 -3 3 5 -6 -7 -8 8 -10 13 12 -13 -14 -15
leaf_value=0.00037243785788505942 2.3697343370415736e-05 0.0044763689655184626 -0.0008565800882453557 0.019257307327525609 -5.9851821710837916e-05 0.011454310017353642 0.028651039705188966 -0.00057572421058793566 -0.014094000927821204 -0.0015616833218428496 -0.00042322107246695783 -0.0013000622762643133 0.00035665174058952534 0.00017987902993422679
leaf_weight=57.093395233154297 22 59 39.046697616577148 55 34 22 21 38 27 105 47.046697616577148 20 211 143
leaf_count=47 22 59 34 55 34 22 21 38 27 105 42 20 211 143
internal_value=0.00160899 0.000892076 0.00026317 -0.000321052 0.0078978 0.000297188 0.00965909 -7.90784e-05 -0.00568182 0.000556369 0.00246622 0.00888158 0.000574539 -0.00200803
internal_weight=900.187 809.093 750.093 707.093 91.0934 668.047 43 646.047 65 581.047 333.047 75 258.047 248
internal_count=880 799 740 697 81 663 43 641 65 576 328 75 253 248
is_linear=0
shrinkage=0.05


Tree=271
num_leaves=15
num_cat=0
split_feature=9 13 13 15 13 13 10 1 1 1 13 7 9 15
split_gain=0.786943 0.69298 1.09678 0.985295 1.02039 0.922785 0.992905 2.19586 0.905457 0.878087 0.777825 0.883137 0.740878 1.30223
threshold=-0.99362489447423596 3.9169617688349754 3.7682742391313546 -1.2924149999999999 3.0663800636569527 4.0760256726792292 0.68834802305431453 14.789540403529749 15.807939224393884 13.512443201419904 3.6025798466659689 5.9500000000000011 0.9263445426916056 0.17533000000000001
decision_type=2 8 10 2 10 8 2 2 2 2 10 2 2 2
left_child=-1 2 3 4 -2 -3 7 -7 -9 -4 12 -12 -5 -14
right_child=1 5 9 10 -6 6 -8 8 -10 -11 11 -13 13 -15
leaf_value=0.002600526736676512 0.021250737140335808 -0.0032205908959216157 0.00045587646577403796 0.00015204685353981118 0.00015295536301571656 0.001948222309111758 -2.5723830189552084e-05 -0.0055362877083409839 0.0067467608564390881 -0.00037063686926182006 0.00016401633688557516 -0.0012711149143929791 0.00045887633181319366 -0.0011098728164048667
leaf_weight=35 20 43 36.046697616577148 417 36 74 55.046697616577148 33 25 23 24 26 26.046697616577148 25
leaf_count=35 20 43 31 417 36 74 50 33 25 23 24 26 21 25
internal_value=0.00178078 0.00147681 0.00232984 0.00165407 0.00789474 -0.000870679 0.00065852 0.00300752 -0.00423729 0.00876264 0.000965554 -0.00490196 0.00160148 0.0072275
internal_weight=898.14 863.14 633.093 574.047 56 230.047 187.047 132 58 59.0467 518.047 50 468.047 51.0467
internal_count=883 848 623 569 56 225 182 132 58 54 513 50 463 46
is_linear=0
shrinkage=0.05


Tree=272
num_leaves=15
num_cat=0
split_feature=8 12 2 3 9 2 6 14 4 15 0 10 3 0
split_gain=1.15826 1.2169 1.01072 0.971065 1.49874 1.10929 1.07983 1.07583 2.04105 1.4829 1.27777 1.34505 0.914936 1.01903
threshold=20.250000000000004 1.0000000180025095e-35 12.398946732015828 3.7494348669884658 0.90444653569325539 9.172039233726256 4.4337841666032221 2.7323295530810872 6.0099799556481051 0.29282500000000006 15.472996339817792 -0.45397321317242106 12.658616858378648 15.048160610447411
decision_type=10 8 2 2 2 2 2 2 2 2 2 2 2 2
left_child=1 2 -1 4 -3 -5 7 8 9 -7 11 -9 13 -2
right_child=12 3 -4 5 -6 6 -8 10 -10 -11 -12 -13 -14 -15
leaf_value=0.00024843418378750481 2.1296094189837689e-05 0.00065116744183205686 -0.01043734420883804 -0.0084024577340671824 0.00013714287921736911 8.1959384218599501e-05 -0.0010185180806054905 0.011262119674894922 -0.0074211889411263561 0.018960812754653712 0.00097562170165403921 0.0018009210491783058 0.0014229457596802054 -0.0031433616155157607
leaf_weight=68 178 60 27 25 23.093395233154297 79 24 33 30 35 81 40 86 86
leaf_count=68 178 60 27 25 13 79 24 33 30 35 81 40 86 86
internal_value=0.00180042 0.00328332 -0.00182292 0.00441281 0.00924371 0.00323276 0.00402477 0.0048495 0.00172414 0.00478261 0.00774194 0.0125 -0.00042735 -0.00188679
internal_weight=875.093 525.093 95 430.093 83.0934 347 322 298 144 114 154 73 350 264
internal_count=865 515 95 420 73 347 322 298 144 114 154 73 350 264
is_linear=0
shrinkage=0.05


Tree=273
num_leaves=15
num_cat=0
split_feature=1 10 6 5 5 1 15 8 8 15 1 1 14 14
split_gain=1.17876 1.53297 0.824016 0.773203 1.50417 1.71469 1.04335 0.847844 1.70245 0.845233 0.887191 1.62911 0.800189 0.693274
threshold=11.005113196168786 0.23766552919915279 6.5481426402368159 4.1742689126930488 6.6153774474657583 14.859544800026082 -0.44686499999999996 40.760000000000005 52.900000000000006 -1.3899099999999998 15.919905683545876 15.558906426316598 4.8878438764386241 0.088561716292821516
decision_type=2 2 2 2 2 2 2 10 10 2 2 2 2 2
left_child=1 13 3 7 -5 12 -7 9 -9 -2 11 -11 -6 -1
right_child=2 -3 -4 4 5 6 -8 8 -10 10 -12 -13 -14 -15
leaf_value=-0.0024877162985115862 -0.0014501951836082272 -0.0011930049005689947 -0.0010212784160098076 0.0022728655911573472 -0.0036177316237868602 -0.00093533811368842203 0.0014350077777224746 -0.024427856191349191 0.00045250428193464035 2.5364842717513281e-05 0.0083491838100526738 -0.022364896120073176 -0.00094599771754269037 0.001579616109809777
leaf_weight=30.046697616577148 30 32 23 41 23 24 31 33 40 473.04669761657715 26 22 20 29.046697616577148
leaf_count=25 30 32 23 41 23 24 31 33 40 468 26 22 20 24
internal_value=0.000374089 0.00572609 -0.000252631 3.42485e-05 0.00339286 0 0.00580357 -0.000718078 -0.00574324 -4.31713e-05 0.000433232 -4.8045e-05 -0.00738636 0.0104393
internal_weight=877.14 91.0934 786.047 763.047 139 98 55 624.047 73 551.047 521.047 495.047 43 59.0934
internal_count=862 81 781 758 139 98 55 619 73 546 516 490 43 49
is_linear=0
shrinkage=0.05


Tree=274
num_leaves=15
num_cat=0
split_feature=8 6 8 8 2 14 14 10 14 4 5 15 8 1
split_gain=1.01362 0.923191 0.900644 1.71115 1.6897 1.25585 1.69776 1.67892 1.14271 0.929502 1.62246 1.11063 2.4388 1.25272
threshold=58.460000000000008 6.2299541685990638 11.950000000000001 10.050000000000002 11.65824633693274 0.08405478436813274 0.58347200222151763 0.49240481012316867 3.3267100604603139 8.1261483846332627 7.8203740605834495 -0.11977499999999999 18.750000000000004 15.779972156653008
decision_type=10 2 8 10 2 2 2 2 2 2 2 2 10 2
left_child=1 2 3 5 -5 -1 -7 8 -8 -4 11 13 -13 -11
right_child=-2 -3 9 4 -6 6 7 -9 -10 10 -12 12 -14 -15
leaf_value=-0.0046986742360752348 -0.0011333546555405416 -0.00096838919759436595 0.00090087851016095214 -0.0006749060702297315 7.0346800404763607e-05 0.0029528082858892701 -0.0026288580846981161 0.004016528403531461 0.00011460757350351125 0.00096996003441764957 0.0013177253225203024 0.0023230253147222602 -0.051537500155104637 -0.036288164854069604
leaf_weight=27 44 32 360.0933952331543 26.046697616577148 20 51.046697616577148 56 55 45 75 37 20 25 20
leaf_count=27 44 32 350 21 20 46 56 55 45 75 37 20 25 20
internal_value=0.00176399 0.00214933 0.00247784 0.000177877 -0.00852701 0.00191948 0.00325008 0.000636943 -0.00318627 0.00367471 0.000702247 -0.00177305 -0.00815217 0.00130208
internal_weight=893.187 849.187 817.187 280.093 46.0467 234.047 207.047 156 101 537.093 177 140 45 95
internal_count=873 829 797 270 41 229 202 156 101 527 177 140 45 95
is_linear=0
shrinkage=0.05


Tree=275
num_leaves=15
num_cat=0
split_feature=9 7 13 14 4 13 14 5 4 10 4 10 7 8
split_gain=1.09743 2.64724 1.66015 1.45527 1.30387 1.55291 1.09566 0.884481 1.03993 0.945543 1.40149 1.20309 1.06396 1.30612
threshold=0.9263445426916056 5.8500000000000005 2.4670511503686972 4.0741149540238695 10.828407860445482 3.8088337008098008 7.2243390345951317 6.8564750038156674 5.3607518575709721 0.85713466239780911 1.0000000180025095e-35 0.92471001826442667 5.7500000000000009 14.950000000000001
decision_type=2 2 8 2 2 8 2 2 2 2 2 2 2 10
left_child=2 -2 3 -1 7 6 -6 8 9 10 12 -11 13 -4
right_child=1 -3 4 -5 5 -7 -8 -9 -10 11 -12 -13 -14 -15
leaf_value=0.0050647334699549518 0.00013018668031493705 -0.00061943713054221086 0.0002180281392074046 -0.0014615239562205673 0.0067570993894057298 -0.014450217158468705 -0.00015294139647055173 -0.023168330392681936 0.0010008748258681255 -0.0010908831164686277 -0.0071243858358724932 -0.00049395159733794936 0.0020301991251304718 -0.00024268947899028757
leaf_weight=38 51.140092849731445 65 73 20 61 38 23 37 188 30.046697616577148 44 67 101 87.046697616577148
leaf_count=38 36 65 73 20 61 38 23 37 188 25 44 67 101 82
internal_value=0.00105619 0.00557881 0.000399292 0.00847458 -0.000236417 0.00447154 0.00823529 -0.001158 -0.000680662 -0.00211448 -0.000738997 -0.00638642 0.000663365 -0.00187006
internal_weight=923.233 116.14 807.093 58 749.093 122 84 627.093 590.093 402.093 305.047 97.0467 261.047 160.047
internal_count=898 101 797 58 739 122 84 617 580 392 300 92 256 155
is_linear=0
shrinkage=0.05


Tree=276
num_leaves=15
num_cat=0
split_feature=1 13 8 0 7 0 15 2 3 4 15 8 8 8
split_gain=1.48704 1.42946 1.35429 2.43285 1.81311 1.47291 1.27007 2.94052 1.58589 1.20473 0.962722 2.45204 1.60951 1.84453
threshold=11.005113196168786 3.2192265350867006 29.975000000000005 13.574106775453194 6.9500000000000011 15.163217787822541 0.67486000000000013 9.9804377701883418 3.7494348669884658 9.5387262101552732 -1.1770999999999998 16.050000000000004 15.850000000000003 18.350000000000005
decision_type=2 10 10 2 2 2 2 2 2 2 2 10 10 10
left_child=1 -1 6 -4 5 -5 8 -8 -2 -6 11 -10 -12 -14
right_child=2 -3 3 4 9 -7 7 -9 10 -11 12 -13 13 -15
leaf_value=-0.00010208444330020994 0.00021426682240271628 0.00065682268635133963 -0.0099710837046922407 0.00028031677095865517 0.0050599770985529481 -0.0082294023194497534 -0.001009548515621544 0.00052118843809934035 0.00044121940500484462 0.00020568652659798127 0.00011914809526947234 -0.014135553747011632 0.017284328621757283 0.00085469532360451519
leaf_weight=28 85.093395233154297 68.093395233154297 37 50 21 56 29.046697616577148 92 50 25 210 21 31 106
leaf_count=28 75 58 37 50 21 56 24 92 50 25 210 21 31 106
internal_value=0.00189897 0.00774857 0.00119902 -0.0025 0.000326797 -0.00327103 0.00232135 -0.0022628 0.00342662 0.00851064 0.00214797 -0.003125 0.00323276 0.00742754
internal_weight=909.233 96.0934 813.14 189 152 106 624.14 121.047 503.093 46 418 71 347 137
internal_count=884 86 798 189 152 106 609 116 493 46 418 71 347 137
is_linear=0
shrinkage=0.05


Tree=277
num_leaves=15
num_cat=0
split_feature=1 12 15 8 14 8 1 13 13 3 13 8 10 15
split_gain=1.51337 0.842695 1.54761 1.5133 1.07988 0.998324 1.05858 1.09955 1.17496 1.58386 1.31031 1.26368 1.25237 1.13627
threshold=16.631081622174246 1.0000000180025095e-35 -0.43265499999999996 25.100000000000005 4.4904492360372918 5.2500000000000009 14.687464756417432 4.5579882802345537 3.9169617688349754 8.9553736943315538 3.5854431883692963 23.250000000000004 -0.26932402956675622 -0.92700999999999989
decision_type=2 10 2 10 2 10 2 10 8 2 10 10 2 2
left_child=1 2 -1 4 -4 -3 7 8 10 -10 -7 12 -12 -11
right_child=-2 5 3 -5 -6 6 -8 -9 9 13 11 -13 -14 -15
leaf_value=0.010219346438236888 0.014795670019082731 0.0017377785984328043 -0.0017744862553380259 0.0039706861947684134 -0.023668832248616403 0.00070890811966464187 -0.00023835854869382891 0.00066144851878136544 -0.0010427025657508916 0.0017378437839111361 0.00049502716377242476 4.017144711212506e-05 0.00084634100072493727 -0.003271790826522525
leaf_weight=22 22 39 73 40 20 232 208 30.046697616577148 39 21 33.093395233154297 36 38 29
leaf_count=22 22 39 73 40 20 232 208 25 39 21 23 36 38 29
internal_value=0.00255169 0.00221044 -0.00112179 -0.00317164 -0.00664894 0.00294347 0.00247849 0.0038191 0.00315161 -0.00194444 0.00449093 0.00904158 0.012863 0.00392157
internal_weight=882.14 860.14 155 133 93 705.14 666.14 458.14 428.093 89 339.093 107.093 71.0934 50
internal_count=867 845 155 133 93 690 651 443 418 89 329 97 61 50
is_linear=0
shrinkage=0.05


Tree=278
num_leaves=15
num_cat=0
split_feature=4 5 5 13 13 3 10 1 16 1 9 8 9 7
split_gain=1.06819 1.03992 1.45602 1.40746 1.34919 1.28165 1.36162 0.995779 1.7458 1.17701 1.30636 0.945221 0.942153 1.79598
threshold=6.9401845139563836 4.0145535273098689 6.8564750038156674 3.0459160430837753 3.8088337008098008 11.248128537727821 -0.47715421805211583 15.879478331307986 -0.33242999999999995 11.690786364590535 -0.96419053137135757 12.050000000000002 -0.80246366112812384 7.3500000000000005
decision_type=2 2 2 10 10 2 2 2 2 2 2 8 2 2
left_child=7 4 3 -3 12 -4 -7 8 -1 -10 -11 -8 -2 -14
right_child=1 2 5 -5 -6 6 11 -9 9 10 -12 -13 13 -15
leaf_value=-0.0038741425383291509 -0.025655368871100526 -0.0009217897641089712 -0.0018806387834305939 0.0016973857414975925 -0.012575566233761638 -0.00038893178821495237 -0.00042965015304894386 0.0064684550453106395 0.0004772418992739615 0.0053348225118212689 0.00010029115612436622 0.0076754740139721948 -0.00046926400752198564 0.013474677052135632
leaf_weight=37 25 20 42 28 49 26 25 26 91.093395233154297 32 328.04669761657715 29 102 21
leaf_count=37 25 20 42 28 49 26 25 26 81 32 323 29 102 21
internal_value=0.00212948 6.79348e-05 0.00292398 0.0102041 -0.00239899 0 0.0037037 0.00359805 0.00307377 0.00393352 0.00263447 0.00818182 0 0.00181452
internal_weight=881.14 367 170 48 197 122 80 514.14 488.14 451.14 360.047 54 148 123
internal_count=866 367 170 48 197 122 80 499 473 436 355 54 148 123
is_linear=0
shrinkage=0.05


Tree=279
num_leaves=15
num_cat=0
split_feature=7 1 1 2 0 4 7 1 4 0 8 8 15 4
split_gain=1.24824 1.47072 1.3943 2.3363 1.10303 1.38178 1.0806 2.15839 1.46448 1.23958 1.18414 1.02407 1.33515 1.39582
threshold=4.5500000000000007 10.941699801900848 12.472406226667768 11.283569860993516 12.712674849452986 3.5904155995222786 6.3500000000000005 13.037661843202228 12.671598481215558 14.316560600970554 69.000000000000014 24.250000000000004 -0.17237999999999995 10.877505316597103
decision_type=2 2 2 2 2 2 2 2 2 2 8 10 2 2
left_child=-1 -2 3 4 -3 -6 9 -8 10 -4 11 12 13 -9
right_child=1 2 6 -5 5 -7 7 8 -10 -11 -12 -13 -14 -15
leaf_value=-0.001172897388614902 0.00037739237154445736 -0.017855197513272515 -0.00097269169797598032 -0.00020005750497730215 -0.00093447943395138513 0.0042020713152097324 0.013974230975542002 -0.0032811700077070905 -0.0010208689667540849 0.00031248998452744204 -0.0014584507360209554 0.0037956150854061123 0.0062620612744605179 0.0017024254415098474
leaf_weight=24 74.093395233154297 20 78 41.093395233154297 50 20 24 53 40 294 20 74 50 22
leaf_count=24 64 20 78 31 50 20 24 53 40 294 20 74 50 22
internal_value=0.00101673 0.00133537 0.000695807 -0.00399214 0.000549451 0.00352113 0.00163872 0.00396127 0.00259615 -0.000134048 0.00420455 0.005375 0.00257937 -0.00164474
internal_weight=884.187 860.187 786.093 131.093 90 70 655 283 259 372 219 199 125 75
internal_count=864 840 776 121 90 70 655 283 259 372 219 199 125 75
is_linear=0
shrinkage=0.05


Tree=280
num_leaves=15
num_cat=0
split_feature=2 2 0 10 14 5 2 0 15 2 0 14 7 1
split_gain=0.939527 0.970321 1.43766 1.74113 1.42023 1.09278 1.22616 1.60642 1.25468 2.01162 1.10908 1.47323 2.01298 1.48791
threshold=15.466584000163522 13.962673132380607 15.163217787822541 -0.26932402956675622 6.6195261692864023 1.4311004404647345 8.6864535028957413 13.574106775453194 0.011770000000000001 6.3276959731977724 14.13270164491426 1.034682545779831 5.8500000000000005 13.675779385788521
decision_type=2 2 2 2 2 2 2 2 2 2 2 2 2 2
left_child=1 4 -3 -4 5 6 8 -8 9 -1 -9 12 13 -12
right_child=-2 2 3 -5 -6 -7 7 10 -10 -11 11 -13 -14 -15
leaf_value=-0.0066168646388526488 -0.0098280306305400522 0.0085715104619570326 -0.0011170782772024213 0.0012750935253889929 -0.00099104413899606678 0.0014892969422466873 -0.0010499905417568128 0.0057669836340568555 0.00038847691468325677 0.00091777950653703093 -0.00010986346623819696 0.00041287887219054742 0.014410603767696484 -0.00061277359374071756
leaf_weight=34 22 37 31 40 20 126 95.046697616577148 54 75.093395233154297 24 46.093395233154297 253 23 31
leaf_count=34 22 37 31 40 20 126 90 54 65 24 36 253 23 31
internal_value=0.00128677 0.00154323 0.0059633 0.00173611 0.000925341 0.0012776 0.000430396 -0.000702592 0.00467834 -0.000847458 0.000668144 -0.000359608 -0.00546361 -0.00931365
internal_weight=911.233 889.233 108 71 781.233 761.233 635.233 502.14 133.093 58 407.093 353.093 100.093 77.0934
internal_count=886 864 108 71 756 736 610 487 123 58 397 343 90 67
is_linear=0
shrinkage=0.05


Tree=281
num_leaves=15
num_cat=0
split_feature=13 15 13 8 8 13 13 13 13 13 9 15 4 9
split_gain=0.99617 0.955146 0.803787 0.84602 0.945076 1.25362 1.11716 1.70611 1.50219 1.27743 0.955491 0.937056 1.20635 1.32351
threshold=4.6097001477375299 -0.92700999999999989 4.5806755450179688 27.600000000000005 8.0500000000000025 2.4670511503686972 3.5854431883692963 3.4797947196669452 3.9169617688349754 4.3711168165112104 -0.87567323142345155 -1.2619349999999996 9.5387262101552732 -0.25881904510252113
decision_type=8 2 10 10 8 10 10 10 10 10 2 2 2 2
left_child=2 -2 3 4 -1 -6 7 10 -8 -10 -7 -5 13 -13
right_child=1 -3 -4 11 5 6 8 -9 9 -11 -12 12 -14 -15
leaf_value=-0.00027090605537440917 0.00019162325170165586 0.0038446946230167311 -3.855309330985236e-05 0.0029935881123532627 0.0024275297856676927 -0.0040985187619450025 0.0023703797917359938 -0.00017957478355311321 -0.00026274946984452543 0.0082324854794371127 0.00095981758454447572 0.0032189872496946716 -0.02635642152990695 -0.00098951988326927425
leaf_weight=147 30 22 22.046697616577148 44 32 30 81.046697616577148 44.046697616577148 70 32 200 46 35 88
leaf_count=147 30 22 17 44 32 30 76 39 70 32 200 46 35 88
internal_value=0.000891459 0.00754717 0.000485968 0.000735213 0.00164811 0.00270357 0.00201924 -4.24452e-06 0.00503224 0.000970874 0.0017316 -0.00198598 -0.00367647 -0.00148148
internal_weight=923.14 52 871.14 849.093 636.093 489.093 457.093 274.047 183.047 102 230 213 169 134
internal_count=908 52 856 839 626 479 447 269 178 102 230 213 169 134
is_linear=0
shrinkage=0.05


Tree=282
num_leaves=15
num_cat=0
split_feature=0 9 9 9 2 7 0 10 4 10 7 0 0 12
split_gain=0.976384 1.21443 1.03555 2.34221 1.72904 1.13553 1.23297 1.52294 1.20746 1.01963 1.019 1.62884 1.57966 1.13625
threshold=11.473377350654021 0.70088257582277269 0.90444653569325539 0.9562228270146037 10.352761963593805 7.1500000000000012 12.341179895169182 0.85713466239780911 9.6902330071587901 0.1993508540825906 5.5500000000000007 14.477298238986755 14.951744793098303 2.5000000000000004
decision_type=2 2 2 2 2 2 2 2 2 2 2 2 2 10
left_child=1 -1 5 -4 -5 6 -2 10 -7 -6 11 -8 -13 -12
right_child=2 -3 3 4 9 8 7 -9 -10 -11 13 12 -14 -15
leaf_value=0.00017043682105640781 -0.017831308589217866 0.00042117560452055718 -0.00018771648928490512 4.9355036168070889e-05 -0.0011045412158799063 0.010057405838959 0.0015701259722239347 -0.00061991434524570903 0.00014792880836967949 0.0024406546764701 0.0018797429463975448 -0.0041015622879726826 -0.00019885992070172166 -0.00011639104255026789
leaf_weight=46 22 20.046697616577148 29.093395233154297 28.046697616577148 46 33 72 128 47 28 235 25 48 82
leaf_count=46 22 15 19 23 46 33 72 128 47 28 235 25 48 82
internal_value=0.000926772 0.00672915 0.000453603 -0.0036035 1.13292e-05 0.00122655 0.000489396 0.000930626 0.00679012 -0.004 0.00226782 -0.00119863 -0.00641892 0.0038522
internal_weight=889.187 66.0467 823.14 131.14 102.047 692 612 590 80 74 462 145 73 317
internal_count=869 61 808 116 97 692 612 590 80 74 462 145 73 317
is_linear=0
shrinkage=0.05


Tree=283
num_leaves=15
num_cat=0
split_feature=1 8 1 1 7 1 10 3 7 3 13 1 15 4
split_gain=1.90496 1.41181 1.55644 1.17583 1.74495 1.43148 1.07301 0.982967 1.69295 1.06402 1.29839 0.915036 1.09782 1.36062
threshold=11.309863577029148 9.943500000000002 9.9532426738528574 12.583208469475984 5.7500000000000009 11.885105159201204 0.70090259214882411 1.0000000180025095e-35 5.3500000000000005 8.4730319460816848 3.4956560387578528 15.651820649340765 -1.1068949999999997 12.396072387223953
decision_type=2 10 2 2 2 2 2 2 2 2 10 2 2 2
left_child=1 -1 -3 4 5 -2 -6 -5 -9 10 -10 -11 -13 -14
right_child=3 2 -4 7 6 -7 -8 8 9 11 -12 12 13 -15
leaf_value=0.00033459920476966898 0.000284420916047501 -0.0045554117080544914 0.0028181108838761515 0.0037833854592179139 -0.0042448001598267334 -0.00070293757581576524 0.00091921680819290197 -0.0040456155139931395 0.001827516091352166 0.001292881202780194 -0.0017707550999982058 -0.0023434038001450387 -0.00087076588176957523 0.0054220222891864902
leaf_weight=35.093395233154297 31.046697616577148 28 35 87 55.046697616577148 28 21 50 26 370 33 20 61 20
leaf_count=25 26 28 35 87 50 28 21 50 26 370 33 20 61 20
internal_value=0.0015561 0.00809675 0.00351563 0.000747111 -0.00349025 0.00293384 -0.00845159 0.00160928 0.000860585 0.00169492 -0.00458333 0.00248941 -0.00171569 0.000914634
internal_weight=900.187 98.0934 63 802.093 135.093 59.0467 76.0467 667 580 530 59 471 101 81
internal_count=880 88 63 792 125 54 71 667 580 530 59 471 101 81
is_linear=0
shrinkage=0.05


Tree=284
num_leaves=15
num_cat=0
split_feature=10 13 8 9 13 0 8 0 8 13 1 1 2 8
split_gain=1.05605 1.68104 1.20012 2.0723 1.35025 1.03114 0.975045 0.953057 0.855802 0.850551 1.37728 1.34068 1.28051 0.836307
threshold=-0.2397582400620111 4.5860782025350835 20.050000000000004 -0.058870663549117574 3.2141397756857724 14.449487272817015 7.9000000000000012 15.034519706170739 8.7500000000000018 3.3277906598632643 14.573125865372893 12.847149248795558 12.598350357459102 8.8500000000000032
decision_type=2 8 10 2 10 2 8 2 10 10 2 2 2 10
left_child=13 2 6 -4 -5 -6 7 -2 -8 10 -10 -11 -13 -1
right_child=1 -3 3 4 5 -7 8 -9 9 11 -12 12 -14 -15
leaf_value=-0.00052072085046894756 0.0010330618942582471 0.0005114434728408756 0.0037033863481080957 -0.00034392719348490535 -0.00021568055566756339 -0.036001205745857037 0.00048680808419657607 -0.0013656967782998187 -0.0018978369669341523 0.0018695193474682768 0.00068022635098444759 -0.00070093809843796429 0.0052589881323109383 0.00022630387850175357
leaf_weight=64 30 36.046697616577148 68 49 30 21 29.046697616577148 45 48 31.046697616577148 27 32 24 339.04669761657715
leaf_count=64 30 31 68 49 30 21 24 45 48 26 27 32 24 334
internal_value=0.00168995 0.00329733 0.00241864 -0.000887574 -0.00544554 -0.0110577 0.00450155 -0.000328947 0.00638926 0.00491373 0.000986842 0.00824753 0.00350877 -0.000188511
internal_weight=873.187 470.14 434.093 168 100 51 266.093 75 191.093 162.047 75 87.0467 56 403.047
internal_count=853 455 424 168 100 51 256 75 181 157 75 82 56 398
is_linear=0
shrinkage=0.05


Tree=285
num_leaves=15
num_cat=0
split_feature=15 9 3 1 14 4 2 2 8 14 2 8 1 15
split_gain=1.28329 1.1098 1.43587 1.04445 1.01677 1.45201 1.17863 0.959802 0.959153 0.937026 1.09757 0.930965 1.32556 1.31269
threshold=0.82512500000000011 0.26092512978024796 9.9189311036890846 15.097361503438515 4.5634753937914576 10.594108706768905 13.248656899503709 14.157160347758618 29.975000000000005 0.031305049393377991 12.688268652789768 25.450000000000003 11.377132815743465 -1.2619349999999996
decision_type=2 2 2 2 2 2 2 2 10 2 2 8 2 2
left_child=3 2 -2 8 6 -6 -5 -7 11 -10 -11 12 -1 -14
right_child=1 -3 -4 4 5 7 -8 -9 9 10 -12 -13 13 -15
leaf_value=0.00049729409770038696 0.0078878292894153379 -0.0011554832935423472 -0.011434361287686691 0.00066179594946166322 -0.0014143118749774142 0.0081966376766879467 0.026266074451315836 0.00020504528744438313 0.00081787883547183035 -0.0029408610546213022 0.00090982189089421355 0.001340022603159119 0.0001171109793088905 -5.2717420814890106e-05
leaf_weight=55.046697616577148 26 56.046697616577148 21 43 31 32 32 48 20 86 42 31 52.046697616577148 330.04669761657715
leaf_count=50 26 51 21 43 31 32 32 48 20 86 42 31 47 325
internal_value=0.00113111 -0.00409592 0.0015625 0.00180687 0.00508021 0.00200893 0.00953947 0.00555556 0.000812081 -0.00268456 -0.00426357 0.00192089 0.00131503 0.000261033
internal_weight=905.187 103.047 47 802.14 186 111 75 80 616.14 148 128 468.14 437.14 382.093
internal_count=885 98 47 787 186 111 75 80 601 148 128 453 422 372
is_linear=0
shrinkage=0.05


Tree=286
num_leaves=15
num_cat=0
split_feature=1 13 10 7 1 1 13 3 9 13 3 13 13 10
split_gain=1.23972 1.52262 1.46408 1.33388 1.46905 2.57355 1.36078 0.983408 0.874626 1.13304 1.52733 1.80518 1.65031 1.68959
threshold=11.377132815743465 3.2837557712968031 0.23766552919915279 5.3500000000000005 12.147605239729323 12.495892286663802 3.9561014979758524 7.7606801579367222 0.97014794553715189 2.4670511503686972 13.738557155961646 3.1990111400154944 3.4956560387578528 0.49240481012316867
decision_type=2 8 2 2 2 2 10 2 2 8 2 8 8 2
left_child=1 -1 -3 7 6 -6 -5 -2 9 -7 11 -11 13 -13
right_child=3 2 -4 4 5 8 -8 -9 -10 10 -12 12 -14 -15
leaf_value=-0.00063959856224925509 -8.363155274727086e-05 0.0004828057895097139 0.00036805885804443443 1.1268003390635384e-05 0.00010251070863047829 0.0016932809269098572 -0.0004245162670614082 -0.0010516058905884085 -0.00035097794523293314 -0.0018559033548548433 0.0075546384329062471 0.0037081954455288283 9.7542726861776791e-05 -0.0038355278631991285
leaf_weight=38 103 40.093395233154297 26 31 37.093395233154297 33 22.046697616577148 43 30 141 55 52 225 29
leaf_count=38 103 30 26 31 27 33 17 43 30 141 55 52 225 29
internal_value=0.00157631 0.00668296 0.0112132 0.000905288 0.00186876 0.00257395 -0.00603492 -0.00340136 0.00172261 0.00219216 0.00159046 0.000613839 0.00276873 0.00884146
internal_weight=905.233 104.093 66.0934 801.14 655.14 602.093 53.0467 146 565 535 502 447 306 81
internal_count=880 94 56 786 640 592 48 146 565 535 502 447 306 81
is_linear=0
shrinkage=0.05


Tree=287
num_leaves=15
num_cat=0
split_feature=6 13 5 2 4 10 13 13 8 0 14 15 8 10
split_gain=1.66802 1.45376 0.888273 1.47725 2.02957 1.26813 1.03174 1.12554 1.88687 1.06751 0.890243 1.45277 1.29301 0.884874
threshold=6.2299541685990638 4.590222163723535 4.1742689126930488 11.000877308669148 9.9887960114006713 -0.40273135449887215 3.8967886388235606 3.7682742391313546 28.650000000000002 13.191239033605482 1.6154667750703615 1.0000000180025095e-35 20.545000000000005 -0.0043632677491870896
decision_type=2 10 2 2 2 2 10 10 10 2 2 2 10 2
left_child=1 2 6 -4 -5 -6 7 13 -9 -8 -11 12 -12 -1
right_child=-2 -3 3 4 5 -7 9 8 -10 10 11 -13 -14 -15
leaf_value=-0.00025102414979769056 -0.00065797995144734056 0.00022126010105045634 -0.0026558089484088666 0.0022781304317760708 0.0016798565968490831 -0.00063080984215004856 0.00065624008720663882 0.0010971367222097296 -0.00074938201744740869 -0.003270302383847859 0.006925880022240683 -0.012787443581197834 -0.022130418396771281 0.00053861400086654488
leaf_weight=246.04669761657715 31 34.046697616577148 32 38 23 43 20 41.046697616577148 20 51 32 21 24 265.04669761657715
leaf_count=241 31 29 32 38 23 43 20 36 20 51 32 21 24 260
internal_value=0.00106233 0.00146397 0.00105409 0.00474453 0.00761905 0.00223881 0.00035153 0.00131469 0.00767434 -0.0033557 -0.00503876 -0.00160256 0.00263158 0.000541571
internal_weight=921.187 890.187 856.14 136 104 66 720.14 572.14 61.0467 148 128 77 56 511.093
internal_count=901 870 841 136 104 66 705 557 56 148 128 77 56 501
is_linear=0
shrinkage=0.05


Tree=288
num_leaves=15
num_cat=0
split_feature=13 2 7 11 0 12 1 8 13 2 14 8 0 1
split_gain=1.59697 1.82233 1.60017 1.55006 1.36447 1.47214 1.42868 1.53536 1.72559 1.80758 1.30743 1.28417 1.14491 1.64951
threshold=4.5201734135869565 5.3217531957214383 5.4500000000000011 1.0000000180025095e-35 14.477298238986755 1.0000000180025095e-35 13.037661843202228 42.150000000000006 2.4670511503686972 12.457253329604793 3.3573234301341457 6.6500000000000012 14.586376657530122 13.037661843202228
decision_type=10 2 2 2 2 10 2 10 8 2 2 10 2 2
left_child=1 -1 12 -2 5 -4 -6 8 -8 11 -11 -10 13 -3
right_child=3 2 4 -5 6 -7 7 -9 9 10 -12 -13 -14 -15
leaf_value=0.0013426875318098405 2.0460674906574994e-07 -0.00013942850686230886 -0.007371199401297668 0.0025502656171998987 0.0030930904030265112 -0.00011655172035314189 0.0014310945806847554 -0.015574106153144973 0.015155526980809597 0.024960444799896831 0.0010913160315187077 -0.0031231157396322652 -0.002877703522076891 0.0045218609582845298
leaf_weight=53.046697616577148 40 61.046697616577148 38 30.046697616577148 48.046697616577148 167 31 39 23 26 116 108 70 30
leaf_count=48 40 56 38 25 43 167 31 39 23 26 116 108 70 30
internal_value=0.000570066 -6.02024e-05 -0.000692527 0.00775782 0.000504429 -0.00279126 0.00223485 0.00109012 0.00229508 0.00100365 0.0048951 -0.0032197 -0.00509833 -0.00137069
internal_weight=880.187 810.14 757.093 70.0467 596.047 205 391.047 343 304 273 142 131 161.047 91.0467
internal_count=860 795 747 65 591 205 386 343 304 273 142 131 156 86
is_linear=0
shrinkage=0.05


Tree=289
num_leaves=15
num_cat=0
split_feature=10 15 8 3 14 14 13 14 14 8 2 2 14 0
split_gain=1.58328 1.28176 1.90539 3.30227 2.47941 1.41834 1.30999 1.19779 1.3753 1.14536 1.24807 1.54969 1.87237 1.37504
threshold=-0.84221522938863902 0.11731000000000001 11.950000000000001 2.3410656135621104 2.4766550482426868 0.058937518786439401 4.5989696972821692 1.7410078007070513 5.8477426530917844 35.70000000000001 9.3903459918807766 10.798838630635503 1.7756211502018824 14.504858781096404
decision_type=2 2 8 2 2 2 10 2 2 10 2 2 2 2
left_child=9 6 3 -3 -5 -4 7 -2 -9 10 -1 -12 -13 -14
right_child=1 2 5 4 -6 -7 -8 8 -10 -11 11 12 13 -15
leaf_value=0.0052147923739763076 -0.00016688259177408235 -0.0015629499667288516 0.0066761531916508677 0.032449976930360357 -0.0021192902367800359 0.00076470241144207531 0.0026018699971714077 0.00057006451120780179 -0.0013050373938023442 0.0017662631670238849 -0.0048173196349475369 0.014618276771338024 -0.0030436421310780061 0.0011546416930832582
leaf_weight=24 142.0933952331543 30.046697616577148 26.046697616577148 44 46 139 21 190 56 26 30 25 25 65
leaf_count=24 132 25 21 44 46 139 21 190 56 26 30 25 25 65
internal_value=0.00126116 0.000140488 0.00270891 -0.00207496 0.00274725 0.00617999 -0.00165166 -0.00231907 -0.000202429 0.00522959 0.00367647 0.00188356 0.00452586 0.0010989
internal_weight=889.187 694.187 285.093 120.047 90 165.047 409.093 388.093 246 195 169 145 115 90
internal_count=869 674 275 115 90 160 399 378 246 195 169 145 115 90
is_linear=0
shrinkage=0.05


Tree=290
num_leaves=15
num_cat=0
split_feature=14 14 7 8 13 13 1 1 13 3 8 3 16 8
split_gain=1.49958 1.70527 1.5975 1.53713 1.57685 1.53939 1.75008 1.64444 1.25369 1.21796 1.99911 1.02636 1.21624 0.89974
threshold=1.6154667750703615 0.040000831862220171 4.8500000000000005 17.250000000000004 3.4178660996048289 4.3404211635989887 13.667301604469792 11.690786364590535 3.2052931877758257 9.5902192356746792 13.950000000000001 9.9371023547085002 0.10701500000000001 13.15
decision_type=2 2 2 10 10 10 2 2 8 2 10 2 2 10
left_child=1 2 -1 5 -5 6 7 -3 -8 10 -2 -11 -13 -14
right_child=9 3 -4 4 -6 -7 8 -9 -10 11 -12 12 13 -15
leaf_value=-0.0039093177608592322 -4.0049280799220324e-05 0.00012404718703098449 0.00048330473736241434 -0.0010908023654345178 0.0027628358619402604 -0.001402399166750631 -0.0056784179786850244 -0.0020832860551198854 0.0015202704216126684 -0.001450075507058174 0.011277052877474736 -2.9508349604850938e-05 0.00031992695114743122 0.0038233040428384824
leaf_weight=24 27 26 49.046697616577148 46 44 21.046697616577148 20 74.046697616577148 31 25 44 331 63 71
leaf_count=24 27 26 44 46 44 16 20 69 31 25 44 331 63 71
internal_value=0.000333095 -0.00230906 0.00440489 -0.0041899 0.0010989 -0.00694616 -0.0051048 -0.00891833 0.00240385 0.00191281 0.00798611 0.00101833 0.00155579 0.00555556
internal_weight=896.14 335.14 73.0467 262.093 90 172.093 151.047 100.047 51 561 71 490 465 134
internal_count=881 320 68 252 90 162 146 95 51 561 71 490 465 134
is_linear=0
shrinkage=0.05


Tree=291
num_leaves=15
num_cat=0
split_feature=13 14 12 6 1 9 8 2 0 7 13 0 2 14
split_gain=1.42116 1.46963 1.05981 1.56785 1.37693 1.40917 1.26333 1.85835 1.65635 1.32619 1.49628 1.31549 1.30305 1.11834
threshold=2.4670511503686972 4.0436453518320183 1.0000000180025095e-35 1.5455212266791583 16.367954559408847 -0.99362489447423596 14.65 10.86988736148618 13.418659628045447 6.5500000000000007 3.2690750720136168 14.056190221390397 13.912616122695383 4.231473317266282
decision_type=8 2 8 2 2 2 10 2 2 2 10 2 2 2
left_child=1 -1 13 4 5 -4 8 9 -7 10 -8 -10 -13 -2
right_child=2 -3 3 -5 -6 6 7 -9 11 -11 -12 12 -14 -15
leaf_value=0.0057486320536178533 -0.0043808636838268298 -0.00067011136784858041 0.0047534110512364785 -0.0013488049471247711 0.0083791116628156633 0.00029722929568323884 -0.00085501302055932546 0.00048037356752466125 -0.0008922754411891721 0.0010301400971866549 -0.0020019301807252753 0.00051619818576831029 -0.0019408219495881342 0.008636931214262367
leaf_weight=41 79 22 28 35 20 57.093395233154297 26 252 28 29 54.046697616577148 185.04669761657715 24 29
leaf_count=41 79 22 28 35 20 47 26 252 28 29 49 180 24 29
internal_value=0.00101884 0.00820313 0.000474907 0.00115307 0.00167191 0.0012823 0.000803635 -0.00117711 0.00323068 -0.00659872 -0.00988526 0.00137018 0.00274304 -0.00412844
internal_weight=909.187 63 846.187 738.187 703.187 683.187 655.187 361.047 294.14 109.047 80.0467 237.047 209.047 108
internal_count=889 63 826 718 683 663 635 356 279 104 75 232 204 108
is_linear=0
shrinkage=0.05


Tree=292
num_leaves=15
num_cat=0
split_feature=13 14 1 14 13 13 2 3 3 2 2 4 9 4
split_gain=0.971297 1.3733 0.740013 1.76217 1.63923 1.28316 1.30212 1.10427 1.22851 1.22945 2.0407 2.25923 2.11582 1.45736
threshold=2.4670511503686972 3.9291655750132652 11.608527579552712 0.19462885221396517 3.2837557712968031 3.9169617688349754 8.7777284044710679 7.0237422035941366 7.9688900603734725 11.015872523953945 11.518526451329047 8.5788440147855436 0.97813828947363146 7.5478401808103603
decision_type=8 2 2 2 8 10 2 2 2 2 2 2 2 2
left_child=1 -1 4 -4 -2 6 -6 -5 -9 -10 11 -11 13 -12
right_child=2 -3 3 7 5 -7 -8 8 9 10 12 -13 -14 -15
leaf_value=0.004660418793245036 -0.0042618539213457041 -0.0006366057994561914 -0.00051436413403760362 0.0011260694833891049 0.00029867564127746736 -4.4196630790416247e-05 0.0080150456268385222 -0.012460964047705714 0.0013458846816111426 -0.013047015489524347 0.0027860529695630022 0.00074921427856190499 -0.002305398325621111 -7.0702608836459291e-05
leaf_weight=36 38 22 61.046697616577148 100.04669761657715 29.046697616577148 28 23.046697616577148 32 79 39 140 20 20 228
leaf_count=36 38 22 56 95 24 28 18 32 79 39 140 20 20 228
internal_value=0.0014253 0.00762712 0.000987053 0.000381895 0.00463783 0.00866081 0.0132283 0.00113978 0.000268336 0.00085389 -0.000167411 -0.00875 0.00115681 0.00203252
internal_weight=895.187 58 837.187 719.093 118.093 80.0934 52.0934 658.047 558 526 447 59 388 368
internal_count=875 58 817 709 108 70 42 653 558 526 447 59 388 368
is_linear=0
shrinkage=0.05


Tree=293
num_leaves=15
num_cat=0
split_feature=0 7 13 15 9 9 8 14 9 3 4 15 4 14
split_gain=1.19616 1.65808 2.77622 1.62784 2.09445 1.48584 1.30393 1.195 1.03528 0.900524 2.06976 2.45283 2.78555 1.28742
threshold=11.473377350654021 6.1500000000000012 4.4342790675222163 0.66927500000000018 0.88396761516098465 -0.73129104477329354 12.450000000000001 3.7999589334228783 0.44032991850403941 11.431447469060666 7.6894446742678149 -0.92700999999999989 5.6076234636338862 4.0436453518320183
decision_type=2 2 10 2 2 2 10 2 2 2 2 2 2 2
left_child=8 2 3 -2 6 7 -5 -3 -1 10 11 -7 -13 -12
right_child=1 5 -4 4 -6 9 -8 -9 -10 -11 13 12 -14 -15
leaf_value=0.00050330029250319488 0.00015020910826944912 -0.0026790099248945377 -0.0035943631681584608 -0.01404216098100658 -0.00054595191200531212 -0.0014849929372404925 0.00028322897580357331 0.00020301199983505658 0.00029995101661349976 0.00023134872406350705 0.011861818804865322 0.016022417424792223 -0.010676097339729613 0.00090031699433517633
leaf_weight=40 315.04669761657715 30 33.046697616577148 28 25.093395233154297 28 50 37 23.046697616577148 161 42 49 23 27
leaf_count=40 310 30 28 28 15 28 50 37 18 161 42 49 23 27
internal_value=0.000845724 0.00034778 -0.00172422 -0.000604815 -0.00602665 0.00270101 -0.00189873 -0.00404412 0.00743469 0.00407855 0.00661765 0.0019802 0.00684932 0.0132143
internal_weight=911.233 848.187 451.187 418.14 103.093 397 78 67 63.0467 330 169 100 72 69
internal_count=886 828 431 403 93 397 78 67 58 330 169 100 72 69
is_linear=0
shrinkage=0.05


Tree=294
num_leaves=15
num_cat=0
split_feature=5 6 13 10 1 10 13 13 10 15 13 15 13 7
split_gain=0.936233 1.56462 1.35586 1.34287 1.37127 1.09186 2.18278 1.74999 1.66781 1.2335 1.61816 2.13456 1.28542 1.60681
threshold=1.4311004404647345 4.894879393603893 4.2517113222717953 -0.56459483303352465 14.103646624509897 0.71473537162315115 4.516393471399744 3.999297778463514 0.26512974748379775 0.66927500000000018 3.4956560387578528 1.2809800000000002 4.334430235496562 5.2500000000000009
decision_type=2 2 10 2 2 2 8 10 2 2 10 2 8 2
left_child=5 2 3 -2 -5 8 7 -7 9 12 11 -11 13 -1
right_child=1 -3 -4 4 -6 6 -8 -9 -10 10 -12 -13 -14 -15
leaf_value=0.00047622353488912562 0.0022770568094011567 -0.00016612351099962731 0.0035694285932925786 -0.023903191638430646 0.00091999058372740363 0.00039348819032356544 0.0030141493805770827 -0.0040231207013991192 -0.0015205319902207803 -0.0068927840550196077 -0.0032399689231925469 0.0089767473819317607 -0.0019578565291386908 0.00031748718176476402
leaf_weight=70.046697616577148 45 41 23 23 55 118 20.046697616577148 22 109.04669761657715 40 23.046697616577148 23 53 234
leaf_count=65 45 41 23 23 55 118 15 22 104 40 18 23 53 234
internal_value=0.00124974 0.0043883 0.00680272 0.0046371 0.000632911 0.000420647 0.00404335 0.00177305 -0.000634862 0.000731828 -0.00460865 -0.000390625 0.00202814 0.00328201
internal_weight=899.187 187 146 123 78 712.187 160.047 140 552.14 443.093 86.0467 63 357.047 304.047
internal_count=879 187 146 123 78 692 155 140 537 433 81 63 352 299
is_linear=0
shrinkage=0.05


Tree=295
num_leaves=15
num_cat=0
split_feature=6 10 13 9 10 8 0 15 8 0 7 8 3 0
split_gain=1.03395 1.47508 0.920837 1.02467 0.941377 1.74449 1.66101 1.47445 1.25297 1.41176 1.16605 1.7538 1.134 1.02971
threshold=3.4299385993688372 0.23766552919915279 2.4670511503686972 0.44032991850403941 0.370557437509836 10.250000000000002 14.004921479957348 0.66927500000000018 13.250000000000002 14.527239206334718 6.1500000000000012 14.450000000000001 11.137110451044594 16.773669124110143
decision_type=2 2 8 2 2 10 2 2 10 2 2 10 2 2
left_child=2 -2 3 -1 7 -6 12 13 -8 -10 11 -9 -7 -4
right_child=1 -3 4 -5 5 6 8 10 9 -11 -12 -13 -14 -15
leaf_value=0.0059951253106602653 -0.017553949563178507 0.0010116303456476905 0.00028612592293474933 -0.00051898140948019038 0.00078796899180896829 -0.00068625409982972507 -0.00030195879056705725 -0.015502561908206303 0.010826921092785559 -4.5834235151687166e-05 0.0016025950409949809 -0.00027988685964381574 -0.04840416453976442 0.0037194955987256864
leaf_weight=30 21 25 404.0933952331543 20 70 42 31.046697616577148 28.046697616577148 20 98 22 30.046697616577148 20 42
leaf_count=30 21 25 394 20 70 42 26 23 20 98 22 25 20 42
internal_value=0.00190898 -0.00531915 0.0023026 0.00882353 0.00188828 -0.000447328 -0.00271717 0.00313425 0.000158834 0.00252101 -0.00308287 -0.00676895 -0.00952381 0.00425489
internal_weight=903.233 46 857.233 50 807.233 281.047 211.047 526.187 149.047 118 80.0934 58.0934 62 446.093
internal_count=878 46 832 50 782 276 206 506 144 118 70 48 62 436
is_linear=0
shrinkage=0.05


Tree=296
num_leaves=15
num_cat=0
split_feature=10 10 8 9 9 0 8 8 7 16 3 3 3 14
split_gain=0.977001 1.5678 1.34565 1.2103 1.01562 0.749584 1.13978 0.708003 0.657373 1.1361 0.946146 1.10116 1.17311 1.52569
threshold=0.83025359242879293 0.96126169593831889 21.350000000000005 0.44032991850403941 -0.13701201561689438 13.662210811510691 9.943500000000002 11.950000000000001 5.3500000000000005 0.37080500000000005 11.285711104550765 10.402791739036198 9.5902192356746792 2.4651692518560528
decision_type=2 2 10 2 2 2 10 8 2 2 2 2 2 2
left_child=5 3 7 -2 -4 6 -1 -3 9 -7 11 12 -10 -14
right_child=1 2 4 -5 -6 8 -8 -9 10 -11 -12 -13 13 -15
leaf_value=0.00051900761097929281 -0.0009642426412039359 0.0003344153312169418 0.0013912678121640821 -0.00014243958715653982 -0.0054831848146911838 0.00010311084825654905 0.00055537243237444576 0.0083044208105446781 0.0013091916635947624 -0.0015162934569980413 -0.00012838454656833865 0.018485678280924314 -0.025612510711833417 0.00022086298728587475
leaf_weight=47.093395233154297 44.046697616577148 26 20 29 27 70 127 27 149.04669761657715 28 197 59 20 28
leaf_count=37 39 26 20 29 27 70 127 27 144 28 197 59 20 28
internal_value=0.00178198 -0.00158674 0.00247525 -0.00710589 -0.00364583 0.00258697 0.00543901 0.00787037 0.0016777 -0.0020202 0.00248029 0.00447844 0.00265678 -0.00408163
internal_weight=898.187 173.047 100 73.0467 47 725.14 174.093 53 551.047 98 453.047 256.047 197.047 48
internal_count=878 168 100 68 47 710 164 53 546 98 448 251 192 48
is_linear=0
shrinkage=0.05


Tree=297
num_leaves=15
num_cat=0
split_feature=2 2 3 9 16 13 5 12 9 15 0 9 15 1
split_gain=1.34381 1.79414 1.8018 1.51955 1.22412 1.14903 1.12343 1.23161 1.03644 1.06159 2.08986 1.75792 1.53709 1.2025
threshold=10.75397776467535 11.908551369505817 2.3410656135621104 0.84103100687915511 1.0000000180025095e-35 2.4859113331897214 5.3844529770182641 1.5000000000000002 -0.86711210913679038 -0.43265499999999996 15.009232588052667 -0.25881904510252113 -1.0523449999999996 13.215141717622041
decision_type=2 2 2 2 2 10 2 10 2 2 2 2 2 2
left_child=3 2 -2 5 -4 -1 8 -8 -3 10 12 -12 -10 -11
right_child=1 6 4 -5 -6 -7 7 -9 9 13 11 -13 -14 -15
leaf_value=0.019130466683962833 -0.00052214392370208322 0.004531600500260336 -0.0013579003696000292 0.00035090043462428455 9.795530584372214e-05 0.00010796952101305157 0.00045204199902426634 0.0027233865291593773 0.0008360458755104494 0.00090569184212571652 -0.026429520394828113 0.00073374967098533978 0.01438575017101993 -0.0015074890591727065
leaf_weight=22 35.093395233154297 35 47 75.140092849731445 132 174 65 41 27 21 20 54 24 126
leaf_count=22 25 35 47 60 132 174 65 41 27 21 20 54 24 126
internal_value=0.0019474 0.000672934 -0.0030328 0.00488169 -0.000972222 0.00253807 0.00259662 0.00700935 0.00105519 0 0.00337302 -0.002 0.0110577 -0.00287162
internal_weight=898.233 627.093 214.093 271.14 179 196 413 106 307 272 125 74 51 147
internal_count=873 617 204 256 179 196 413 106 307 272 125 74 51 147
is_linear=0
shrinkage=0.05


Tree=298
num_leaves=15
num_cat=0
split_feature=13 7 5 8 15 2 3 8 8 7 0 0 0 0
split_gain=1.42953 2.19494 2.08311 1.72939 1.26109 1.16222 2.97378 1.13506 2.21869 2.15331 1.02785 1.6348 1.05411 0.967198
threshold=3.5239220528833521 5.6500000000000012 2.787026683990709 18.350000000000005 -0.75983499999999993 1.0000000180025095e-35 2.955398322020264 15.050000000000002 19.900000000000002 6.7500000000000009 11.042364264762645 12.99662366452964 13.418659628045447 15.982836266505744
decision_type=10 2 2 10 2 2 2 10 10 2 2 2 2 2
left_child=5 3 7 4 -2 -1 -7 -3 -9 -10 -8 -12 -13 -11
right_child=1 2 -4 -5 -6 6 10 8 9 13 11 12 -14 -15
leaf_value=0.021952176128581427 0.00026628459333244984 -0.0004087245680411353 0.0013009582460236481 -0.00014901695734566013 0.00036692644905286651 -0.0012846381985613586 0.0013033185204070375 0.01143867327048631 -0.010990224839373631 0.0036864851532369403 -0.011638264946097732 0.012595301223166145 0.00018311459428664857 -0.001305506074746532
leaf_weight=29 27 90.046697616577148 63 34 52.140092849731445 67.046697616577148 22 20 38 27 37 20 343 24
leaf_count=29 27 85 63 34 37 62 22 20 38 27 37 20 343 24
internal_value=0.00131528 0.00366131 0.00113604 0.00944894 0.0134577 -0.000387571 -0.000971678 -0.00138051 0.00204545 -0.00138889 0.000591017 0 0.00103022 0.00528846
internal_weight=893.233 375.187 262.047 113.14 79.1401 518.047 489.047 199.047 109 89 422 400 363 51
internal_count=868 355 257 98 64 513 484 194 109 89 422 400 363 51
is_linear=0
shrinkage=0.05


Tree=299
num_leaves=15
num_cat=0
split_feature=3 2 7 13 1 13 13 7 0 10 0 3 0 3
split_gain=1.23575 1.8957 1.43414 1.65959 1.19607 1.03057 1.0228 2.38352 1.72168 1.8609 1.33044 1.63309 1.06567 1.01357
threshold=5.0296683944994847 8.7777284044710679 4.5500000000000007 3.4968108626794572 13.252721673455397 3.9169617688349754 3.2052931877758257 7.3500000000000005 15.798925266415003 -0.49810825183760388 13.175294908959181 9.5902192356746792 15.166994508255074 12.101237045535745
decision_type=2 2 2 10 2 10 8 2 2 2 2 2 2 2
left_child=2 -2 -1 -4 5 -5 8 -8 10 -10 -3 -12 13 -13
right_child=1 6 3 4 -6 -7 7 -9 9 -11 11 12 -14 -15
leaf_value=-0.00095311614412061383 -0.0080844003349296867 -0.0010680532675607201 3.6908748090325187e-05 0.0001350430392098845 0.00010148530411051849 -0.0013736856015060456 0.00020819937825848901 0.0055177818174947831 -0.031480064416551955 -0.0008852710369812389 0.020609047775266776 0.001262563527698113 0.0086974831455490127 -0.011969760312725475
leaf_weight=28 25 36 76 41.140092849731445 29 28.046697616577148 342 45 28 58 32 43 31 34
leaf_count=28 25 36 76 26 29 23 342 45 28 58 32 43 31 34
internal_value=0.00177234 0.000740741 0.00519064 0.00687649 0.0111373 0.0146704 0.00126923 0.00289948 -0.00114068 -0.00689655 0.00169492 0.00390071 0.000917431 -0.00224359
internal_weight=876.187 674 202.187 174.187 98.1868 69.1868 649 387 262 86 176 140 108 77
internal_count=856 674 182 154 78 49 649 387 262 86 176 140 108 77
is_linear=0
shrinkage=0.05


Tree=300
num_leaves=15
num_cat=0
split_feature=1 1 1 9 1 5 9 7 0 2 1 5 9 14
split_gain=1.0891 1.72092 0.872342 1.19334 1.21686 1.10526 1.66512 1.80439 1.02377 1.20678 0.774396 0.948328 0.44626 1.58211
threshold=16.631081622174246 16.039964072433438 10.941699801900848 0.70088257582277269 9.9532426738528574 1.4311004404647345 1.0000000180025095e-35 6.6500000000000012 12.367589927607527 1.0000000180025095e-35 14.797105289752659 6.8564750038156674 0.26092512978024796 0.68403410330662517
decision_type=2 2 2 2 2 2 2 2 2 2 2 2 2 2
left_child=1 2 3 4 -1 8 7 -7 -4 -10 11 -8 -11 -14
right_child=-2 -3 5 -5 -6 6 10 -9 9 12 -12 -13 13 -15
leaf_value=-0.00042270390574042919 0.0096826433410262432 -0.0035005612980901104 -0.011669535037560481 0.00034025213839864452 0.001965726076403346 -0.0030112521475349485 0.0033376060982571068 0.0064329124403468274 0.020852721884747849 0.00035066344829844944 0.0014242762271976074 -0.0005294933392538504 2.7334844212671614e-05 -0.00060498835613987951
leaf_weight=27 22 39 32 28.093395233154297 25 37 20 29 27 313 32 26 50.046697616577148 163
leaf_count=27 22 39 32 18 25 37 20 29 27 313 32 26 45 163
internal_value=0.00229986 0.00200615 0.00250389 0.00742767 0.00283019 0.00195353 0.00586207 0 0.000983143 0.00149115 0.0107595 0.00638298 0.000950898 -0.000812124
internal_weight=870.14 848.14 809.14 80.0934 52 729.047 144 66 585.047 553.047 78 46 526.047 213.047
internal_count=855 833 794 70 52 724 144 66 580 548 78 46 521 208
is_linear=0
shrinkage=0.05


Tree=301
num_leaves=15
num_cat=0
split_feature=1 7 12 3 0 2 12 8 2 8 9 7 10 1
split_gain=1.315 1.60844 0.995534 1.25472 1.1261 1.2299 1.00206 1.10472 0.982171 0.903926 0.892078 0.8629 0.989917 0.857143
threshold=14.22731065189209 5.3500000000000005 2.5000000000000004 8.6706560514254818 13.041378880533072 8.6864535028957413 1.0000000180025095e-35 34.050000000000004 11.025572197356253 14.65 0.70088257582277269 5.0500000000000007 0.93200786928279833 11.309863577029148
decision_type=2 2 8 2 2 2 10 10 2 10 2 2 2 2
left_child=2 -2 4 9 6 -6 -1 10 -3 -4 13 -7 -13 -8
right_child=1 8 3 -5 5 11 7 -9 -10 -11 -12 12 -14 -15
leaf_value=-0.011331812665850439 -0.012075351827914128 -0.0025927487511910653 7.1239831874341642e-05 0.007452643429770079 0.00031206018876033442 -0.00096858890791143857 -0.00056272588642531935 -0.0036793247409518726 0.00044356066273998351 -0.0018383937066968059 0.00046193414541064837 0.00015916283391681054 0.012363142009578554 0.0056733285884875695
leaf_weight=22 32 20 31.046697616577148 38 49.046697616577148 26 20 24 319 20 21.046697616577148 221.04669761657715 23 20
leaf_count=22 32 20 26 38 44 26 20 24 319 20 16 216 23 20
internal_value=0.00220322 -6.72043e-05 0.00383518 0.00861961 0.00281758 0.00430292 -0.00160887 0.000885187 0.000955882 0.0033848 0.00445096 0.00295583 0.00388158 0
internal_weight=886.187 371 515.187 89.0467 426.14 319.093 107.047 85.0467 339 51.0467 61.0467 270.047 244.047 40
internal_count=866 371 495 84 411 309 102 80 339 46 56 265 239 40
is_linear=0
shrinkage=0.05


Tree=302
num_leaves=15
num_cat=0
split_feature=5 3 13 13 0 1 1 9 14 13 0 14 9 7
split_gain=1.04316 1.49733 1.04286 1.44643 2.40037 1.12379 1.20559 1.48369 1.46159 0.976816 0.93866 0.909298 0.941839 1.42759
threshold=8.2347986884245987 13.340376322379635 2.4670511503686972 2.5921133604243618 15.241845638203143 16.198516813545215 11.005113196168786 0.70088257582277269 0.094904118778089908 3.1313711311317358 15.814719147144968 1.0079905521927708 0.39873388578253716 5.0500000000000007
decision_type=2 2 8 10 2 2 2 2 2 10 2 2 2 2
left_child=2 9 10 4 -4 6 7 8 -5 -2 -1 12 13 -8
right_child=1 -3 3 5 -6 -7 11 -9 -10 -11 -12 -13 -14 -15
leaf_value=0.0083413167597585994 -0.0087286306059851659 0.0016032402060948137 -0.0084226407839081315 -0.010677390588401815 0.0017328854587635445 0.012541112505039909 0.0013356755446447212 0.00032536924930084239 0.0039778680186341791 -6.7003811498667074e-05 0.00020031344250609484 -7.5642463995340148e-05 0.0001376235878147015 -0.00098703146344638628
leaf_weight=27 35 29 29 24 31 25 40 27.093395233154297 20 29 21 420 73.046697616577148 69
leaf_count=27 35 29 29 24 31 25 40 17 20 29 21 420 68 69
internal_value=0.00153143 -0.00345745 0.00211054 0.00165121 -0.0057377 0.00229354 0.00189649 0.00800815 0.00222222 -0.00769231 0.00918367 0.00116271 0.00410369 0.00113636
internal_weight=899.14 93 806.14 758.14 60 698.14 673.14 71.0934 44 64 48 602.047 182.047 109
internal_count=884 93 791 743 60 683 658 61 44 64 48 597 177 109
is_linear=0
shrinkage=0.05


Tree=303
num_leaves=15
num_cat=0
split_feature=3 13 2 7 15 8 0 8 2 10 0 15 1 2
split_gain=2.20808 2.33761 4.3487 2.02768 2.14064 1.84568 0.73574 0.9353 1.38634 1.34283 1.24628 0.902322 0.842795 0.705306
threshold=4.4686749241336967 2.9600572249648573 5.3217531957214383 4.8500000000000005 0.41184500000000007 14.65 12.163456112193478 23.350000000000005 13.009490627159357 -0.70710678118654757 14.93293370137493 -0.56013499999999994 15.430374933573537 10.798838630635503
decision_type=2 10 2 2 2 10 2 10 2 2 2 2 2 2
left_child=1 2 -1 -3 5 -5 13 -8 9 -9 -10 -12 -13 -2
right_child=6 3 -4 4 -6 -7 7 8 10 -11 11 12 -14 -15
leaf_value=0.025399968439400102 -0.00049825026159087125 -0.0018132577985942033 -0.0056958645295662746 0.00011760314944726215 0.00035314817047734894 -0.00021992575223424017 0.000156018040669359 0.00080352390380151746 0.011885609173252522 -0.0064482152379014557 -0.0096577579596077937 0.037619117222026557 -0.0010878785649975687 0.001186415156726678
leaf_weight=21 24 36 24 38.093395233154297 38.140092849731445 45 430 22 29 56 39 20 22 24
leaf_count=21 24 36 24 28 23 45 430 22 29 56 39 20 22 24
internal_value=0.00161733 0.00617928 -0.00380435 0.00904257 0.0121148 0.00745998 0.000224888 -0.000242326 -0.0031746 -0.00822785 0.00045045 -0.0027439 0.00232558 0.00612245
internal_weight=868.233 202.233 45 157.233 121.233 83.0934 666 618 188 78 110 81 42 48
internal_count=843 177 45 132 96 73 666 618 188 78 110 81 42 48
is_linear=0
shrinkage=0.05


Tree=304
num_leaves=15
num_cat=0
split_feature=1 1 15 14 9 1 5 2 1 2 7 3 3 15
split_gain=1.12908 1.73398 1.05581 2.29682 1.72343 1.51529 1.15633 1.46361 1.5473 1.62559 1.38512 0.986417 0.795265 1.6004
threshold=11.885105159201204 9.9532426738528574 -1.2619349999999996 5.9803423157872375 -0.25881904510252113 12.583208469475984 9.8426782322207114 14.421204720979633 15.858763149343476 9.5787655191099272 5.3500000000000005 7.1119319954218057 11.493478271866374 -0.43265499999999996
decision_type=2 2 2 2 2 2 2 2 2 2 2 2 2 2
left_child=1 -1 3 4 -2 -4 7 8 9 -7 11 -11 -12 -14
right_child=2 -3 5 -5 -6 6 -8 -9 -10 10 12 -13 13 -15
leaf_value=-0.00034844704394434571 -0.00092072873378720168 0.0011246783854076731 -0.00049360996411748062 -0.013142399282489992 0.002813007845135493 0.0013161793261722288 0.0014383131359456238 -0.0092468714665445272 0.0097299357392337527 -0.0041271588632677773 0.00063458746150786842 -0.00021503882865698821 0.001591373026551446 -0.0020373001328106931
leaf_weight=46.046697616577148 29 98.046697616577148 82.046697616577148 24 60.046697616577148 38 44 40 34 34 229 26 33 83
leaf_count=41 29 93 77 24 55 38 44 40 34 34 229 26 33 83
internal_value=0.00183351 0.00587439 0.00105667 0.00549045 0.00917488 0.000269907 0.00120107 0.000530888 0.00130753 0.000506757 -0.000431034 -0.00737705 0.000794798 -0.0025641
internal_weight=900.187 144.093 756.093 113.047 89.0467 643.047 561 517 477 443 405 60 345 116
internal_count=880 134 746 108 84 638 561 517 477 443 405 60 345 116
is_linear=0
shrinkage=0.05


Tree=305
num_leaves=15
num_cat=0
split_feature=13 13 10 9 13 13 10 16 0 10 1 0 9 2
split_gain=0.982368 1.53317 1.3986 1.66501 1.81644 1.78101 1.50819 1.88903 1.28475 1.14322 1.13887 1.60093 0.903088 1.76599
threshold=3.1990111400154944 3.0790922744843354 0.0043632677491866351 0.88396761516098465 3.8088337008098008 4.3551327605653833 0.52435624418390925 0.10701500000000001 15.824941574926877 0.26512974748379775 13.805106958983421 13.82085599507495 -0.12403179483894465 11.894851609888947
decision_type=10 8 2 2 10 10 2 2 2 2 2 2 2 2
left_child=1 -1 3 4 8 -6 7 9 -2 -4 11 -8 -3 -14
right_child=2 12 6 -5 5 -7 10 -9 -10 -11 -12 -13 13 -15
leaf_value=0.00042238577693447525 0.00038243573616969506 -0.031974836300447021 -0.00070381146230881215 0.00016099199530537312 -0.00075624917367704829 0.0019255612101881871 -0.00039556477649147496 0.0021517955251040056 0.011572050125656319 -0.0098958358466336559 -0.00047691406696496189 0.00063987770428111527 -0.0040591802685801207 0.0031270194997393475
leaf_weight=280 95 33 31 55.140092849731445 83 36 36 30 34 25.046697616577148 69 52.046697616577148 37 20
leaf_count=280 95 33 31 40 83 36 36 30 34 20 69 47 37 20
internal_value=0.00158466 -0.000404313 0.0029302 0.00519005 0.00341365 -0.00104167 0.00010242 -0.00518305 0.0075 -0.0105382 0.00301283 0.00675115 -0.00604396 -0.00215517
internal_weight=916.233 370 546.233 303.14 248 119 243.093 86.0467 129 56.0467 157.047 88.0467 90 57
internal_count=891 370 521 288 248 119 233 81 129 51 152 83 90 57
is_linear=0
shrinkage=0.05


Tree=306
num_leaves=15
num_cat=0
split_feature=0 0 13 9 14 7 12 13 13 13 0 9 8 10
split_gain=0.924755 1.27108 1.53812 2.52597 1.15688 0.996529 1.23233 0.719568 1.71345 1.12042 1.45747 0.975496 0.932891 0.908233
threshold=13.342341679470378 13.175294908959181 3.3965472547192124 0.65275975246272278 1.3502083319372586 5.3500000000000005 1.0000000180025095e-35 3.8088337008098008 4.3017043013746052 3.5815589191851385 16.231735168163237 -0.24400971801246749 11.950000000000001 -0.0043632677491870896
decision_type=2 2 8 2 2 2 8 10 10 10 2 2 10 2
left_child=1 2 5 4 -4 -1 -7 9 -9 13 -11 -10 -13 -2
right_child=7 -3 3 -5 -6 6 -8 8 11 10 -12 12 -14 -15
leaf_value=0.0063263843873035304 -0.00054009046334568822 0.0090355385517679743 -0.013822222047648269 0.00040622105894761151 0.0042144181174806955 -0.021274733066449426 -0.00015650122711682868 -0.00095900473248845548 -0.0013677960450355188 0.00040607781811838036 -0.0012283660392845787 6.2472419246228927e-05 0.0060643702818309001 0.00033926248689582293
leaf_weight=21 210 20 24 27.093395233154297 23 20 41 111 39 72.046697616577148 20 21 23 233.04669761657715
leaf_count=21 210 20 24 17 23 20 41 111 39 67 20 21 23 228
internal_value=0.00185356 0.00509525 0.00351597 0.00868698 0.0015625 -0.00120482 -0.00443548 0.00106471 -0.00153846 0.0020096 0.00699829 0.00386905 0.00888889 0.000959736
internal_weight=905.187 176.093 156.093 74.0934 47 82 61 729.093 194 535.093 92.0467 83 44 443.047
internal_count=885 166 146 64 47 82 61 719 194 525 87 83 44 438
is_linear=0
shrinkage=0.05


Tree=307
num_leaves=15
num_cat=0
split_feature=8 14 7 14 11 9 7 8 10 0 0 14 8 2
split_gain=1.22492 1.65286 1.76628 1.64201 1.78881 1.11404 0.982353 1.94438 1.22151 0.932845 1.49451 1.30691 1.34195 1.17201
threshold=11.160000000000002 0.57747096615578541 5.1500000000000012 3.2781148437406626 1.0000000180025095e-35 0.79467767141292878 6.9500000000000011 37.800000000000004 0.85713466239780911 17.031060026997668 16.640661474636048 3.2953488082256555 15.750000000000002 8.1729710232723694
decision_type=10 2 2 2 2 2 2 10 2 2 2 2 10 2
left_child=1 2 -1 4 -3 -5 9 8 -8 10 11 12 -2 -14
right_child=6 3 -4 5 -6 -7 7 -9 -10 -11 -12 -13 13 -15
leaf_value=-0.0008342727773829467 0.00034243783382657524 -0.0010195299493563127 0.00040512370096577898 0.0027687208239004502 0.01798782642022655 -0.00064182416565445883 -0.0023959604194284836 0.0015682551687349778 0.0024559937164005952 -0.023335010724851113 0.0016745318311093271 -0.00067514300307136565 -0.00026800946607827275 0.00010623038287809195
leaf_weight=29 82.046697616577148 83 57.140092849731445 65 29 20 77 47 22 28 22 134 41.046697616577148 144
leaf_count=29 77 83 42 65 29 20 77 47 22 28 22 134 36 144
internal_value=0.00250048 0.00520343 0.0109422 0.00265152 -0.00132743 0.00784884 0.00121219 0.0047619 0.00075 5.52983e-05 0.000648442 -6.21746e-05 0.00195827 -0.0004094
internal_weight=880.233 283.14 86.1401 197 112 85 597.093 146 99 451.093 423.093 401.093 267.093 185.047
internal_count=855 268 71 197 112 85 587 146 99 441 413 391 257 180
is_linear=0
shrinkage=0.05


Tree=308
num_leaves=15
num_cat=0
split_feature=0 4 3 8 8 13 13 13 8 10 1 0 7 13
split_gain=1.89869 1.07553 1.19045 1.15507 2.56532 1.92993 2.28438 1.75262 1.16136 1.70842 1.28514 1.23378 1.73952 1.48455
threshold=11.723960037456015 12.671598481215558 13.588352058178069 16.050000000000004 14.235000000000001 3.1941859788175644 3.2891799922809661 3.8456835505022191 31.350000000000005 0.71473537162315115 12.538991975982244 15.542220311701046 6.4500000000000011 3.094662338278956
decision_type=2 2 2 8 10 10 10 10 10 2 2 2 2 8
left_child=-1 2 3 4 5 -2 -7 8 11 10 -10 13 -13 -5
right_child=1 -3 -4 7 -6 6 -8 -9 9 -11 -12 12 -14 -15
leaf_value=0.00072867942722901614 -0.001518249041840747 -0.00113485652903762 0.0050104703578782942 0.00058850668208698664 0.0026294115618860098 0.030971460185014267 0.00028737824535345345 -0.001286607268405149 -0.018730103123833396 0.008127345779427508 0.00075443223888984614 0.0098558065336931122 -0.0064655036219498641 -0.0012720754144864245
leaf_weight=66.046697616577148 126 38 44 60 62.046697616577148 22 178 60 20 31 62 22 20 64.046697616577148
leaf_count=61 126 38 44 60 57 22 178 60 20 31 62 22 20 59
internal_value=0.00236968 0.00169734 0.00210467 0.0016138 0.00347302 0.00168196 0.00472637 -0.000518068 0.00115635 0.00504386 0.00120482 -0.00150358 0.00581395 -0.00400784
internal_weight=875.14 809.093 771.093 727.093 388.047 326 200 339.047 279.047 113 82 166.047 42 124.047
internal_count=860 799 761 717 383 326 200 334 274 113 82 161 42 119
is_linear=0
shrinkage=0.05


Tree=309
num_leaves=15
num_cat=0
split_feature=0 1 10 10 13 4 16 1 16 0 10 4 4 1
split_gain=1.37525 1.88811 1.43248 3.00397 1.66021 1.42833 1.28543 1.23003 2.0846 1.30938 1.25519 1.19586 1.14726 0.79101
threshold=11.473377350654021 9.9532426738528574 0.85713466239780911 0.96126169593831889 3.6664690194081797 3.2672576590843554 -1.4512249999999998 13.401114231057921 0.10701500000000001 12.99662366452964 -0.0043632677491870896 7.7699547862938187 7.0246486346884831 15.807939224393884
decision_type=2 2 2 2 10 2 2 2 2 2 2 2 2 2
left_child=1 -1 5 11 -5 13 -7 9 -9 -8 -10 -4 -11 -2
right_child=2 -3 3 4 -6 6 7 8 10 12 -12 -13 -14 -15
leaf_value=-0.00044774409967705527 0.00037752598365082082 0.0028950698789516395 -0.0015609331608385487 0.0087567205070501648 -0.0039943239580504828 0.002080722196897583 -0.017793597967641728 -0.0001715651148074926 0.00012969367534728659 -0.0029358633884559284 0.013397084148275186 -0.00030225204978937551 0.00057690725759788626 0.0078687985532617244
leaf_weight=31.046697616577148 298.0933952331543 27 41.046697616577148 59 32 23 20 174 45 22 41 24 37 20
leaf_count=26 288 27 36 59 32 23 20 174 45 22 41 24 37 20
internal_value=0.00195751 0.00933443 0.00143485 -0.00287282 0.00298913 0.002426 0.000275482 -0.000514706 0.00114943 -0.0059375 0.00747126 -0.0109948 -0.00208333 0.00486483
internal_weight=894.187 58.0467 836.14 156.047 91 680.093 362 339 260 79 86 65.0467 59 318.093
internal_count=874 53 821 151 91 670 362 339 260 79 86 60 59 308
is_linear=0
shrinkage=0.05


Tree=310
num_leaves=15
num_cat=0
split_feature=3 13 8 15 7 3 8 1 2 1 10 9 15 8
split_gain=2.1992 2.20358 1.98211 1.4391 1.55084 1.55102 1.21538 1.07571 1.35524 0.92116 1.04109 0.810383 1.66464 1.16895
threshold=6.5822274828246474 3.4463505833758972 18.350000000000005 -1.2924149999999999 6.4500000000000011 11.317034821916362 10.250000000000002 13.724504567118538 9.0377571240273458 15.713707227497345 0.70090259214882411 0.26092512978024796 -0.94026999999999983 21.350000000000005
decision_type=2 10 10 2 2 2 10 2 2 2 2 2 2 10
left_child=1 7 6 4 -2 -6 -3 8 -1 11 -11 13 -13 -5
right_child=3 2 -4 9 5 -7 -8 -9 -10 10 -12 12 -14 -15
leaf_value=0.00055956390498882456 -0.00025115360506325904 0.00028352755372261539 0.00017843017823859775 0.0015596627398792196 0.0030177934143652664 0.00111926889512195 0.00013099993822376723 0.0065263476996609785 -0.0015539424200520903 -4.8765701052788661e-05 -0.0040952009536238563 0.005388175040073051 -0.00044068492480071056 -0.00025106262607715868
leaf_weight=43 33 54.093395233154297 36 187 24 24 39.140092849731445 27 30 68 25 23 187 99
leaf_count=43 33 44 36 187 24 24 24 27 30 68 25 23 187 99
internal_value=0.00286685 0.00708341 0.0113706 0.0014158 0.00762195 0.0132653 0.015184 0.00148515 -0.00168919 0.000550847 -0.00398936 0.00140845 -0.000947867 0.00313589
internal_weight=899.233 229.233 129.233 670 81 48 93.2335 100 73 589 93 496 210 286
internal_count=874 204 104 670 81 48 68 100 73 589 93 496 210 286
is_linear=0
shrinkage=0.05


Tree=311
num_leaves=15
num_cat=0
split_feature=0 13 10 7 7 8 10 13 7 9 3 13 13 0
split_gain=1.03419 0.882369 0.812113 1.17854 1.88218 1.39631 1.38071 1.22119 1.13944 1.1391 1.20751 1.05855 1.97353 1.15473
threshold=11.375040743560087 4.590222163723535 0.370557437509836 5.8500000000000005 7.1500000000000012 7.6100000000000003 -0.70710678118654757 3.2052931877758257 4.8500000000000005 0.91613344851476464 9.3599645849984139 3.8967886388235606 4.0760256726792292 15.166994508255074
decision_type=2 10 2 2 2 10 2 10 2 2 2 8 10 2
left_child=-1 2 3 5 11 -2 -6 -8 -7 10 -10 13 -13 -5
right_child=1 -3 -4 4 6 8 7 -9 9 -11 -12 12 -14 -15
leaf_value=0.00045822638137918046 -0.0011713245113890382 2.5063411688979952e-05 -0.00013430729781934713 -0.0031791716270494932 0.019910490439667996 -0.0017992760513150742 -0.0080319112186379559 0.0012702189316962653 0.002351773550998654 0.00037401774270733425 -0.00047157254355965076 -0.0068013857182431473 -4.9655893063638162e-05 0.00071038745906668596
leaf_weight=59.046697616577148 34 27.046697616577148 287 83 25 27 20 23 69 39.093395233154297 40 34 39 74
leaf_count=54 34 22 287 83 25 27 20 23 69 29 40 34 39 74
internal_value=0.00159407 0.00112937 0.000820451 0.00202194 0 0.0048899 0.00724638 0.00170455 0.00668585 0.00839967 0.00568182 -0.0021645 -0.00709459 0.000158228
internal_weight=880.187 821.14 794.093 507.093 298 209.093 68 43 175.093 148.093 109 230 73 157
internal_count=860 806 784 497 298 199 68 43 165 138 109 230 73 157
is_linear=0
shrinkage=0.05


Tree=312
num_leaves=15
num_cat=0
split_feature=0 7 3 7 0 1 13 0 7 10 14 13 13 8
split_gain=1.25318 0.98024 1.62986 1.28747 1.28949 1.60437 1.14285 1.21168 1.32995 1.15882 0.99427 0.986478 1.97166 1.13351
threshold=11.473377350654021 5.3500000000000005 7.0237422035941366 5.2500000000000009 14.504858781096404 14.026465292881861 2.8972419837873922 14.901640119333409 6.3500000000000005 0.23766552919915279 0.19462885221396517 3.9013430581749602 3.4178660996048289 19.200000000000006
decision_type=2 2 2 2 2 2 10 2 2 2 2 10 8 10
left_child=-1 3 11 4 10 -6 7 8 -4 -9 -2 12 -3 -14
right_child=1 2 6 -5 5 -7 -8 9 -10 -11 -12 -13 13 -15
leaf_value=0.00043531506231022239 -0.00068457590430268675 -0.00022117299308864748 -0.0056377437505713557 -0.0046855780291876646 -0.013735055282391141 -0.00049099701140508105 -0.0001053828882898622 0.0003006461398355198 0.00026204589371010557 0.0047698201519328354 0.0029405088728052032 -0.0002659022343836415 0.00014079419289751965 0.0038861503239426332
leaf_weight=63.046697616577148 42 29 33 20 21 29 403 55 23 50 26 29 32.093395233154297 25
leaf_count=58 42 29 33 20 21 29 403 55 23 50 26 29 22 25
internal_value=0.00147934 0.000950179 0.00173114 -0.0028777 -0.000840336 -0.00686275 0.000619469 0.00416667 -0.00175439 0.00731132 0.00362319 0.00712646 0.00978645 0.0151021
internal_weight=880.14 817.093 679.093 138 118 50 564 161 56 105 68 115.093 86.0934 57.0934
internal_count=865 807 669 138 118 50 564 161 56 105 68 105 76 47
is_linear=0
shrinkage=0.05


Tree=313
num_leaves=15
num_cat=0
split_feature=3 9 3 15 14 1 3 2 8 4 4 3 9 3
split_gain=1.31309 1.06604 1.28174 0.962849 2.37773 2.01038 0.949714 0.867532 1.09591 1.51776 1.43427 1.39522 1.39343 1.58524
threshold=9.9626505199994142 0.88396761516098465 5.9387842892790692 -0.94026999999999983 3.1357621525351522 15.17899057694868 9.7268762021038793 13.593151323725015 18.550000000000004 7.2251172404944937 10.183511179599234 10.324608175214264 1.0000000180025095e-35 11.16144620573994
decision_type=2 2 2 2 2 2 2 2 10 2 2 2 2 2
left_child=1 6 -3 4 -2 -6 -1 8 11 -10 -11 -5 -13 -14
right_child=3 2 -4 7 5 -7 -8 -9 9 10 -12 12 13 -15
leaf_value=0.0002059644239377741 -0.0044849883277780838 0.00030866104802306459 6.1967989432853979e-05 -0.014532634451169825 0.010208938217502418 -0.0035322099956919041 0.0018931709604880665 0.00051540369512310675 -0.00021371501492231106 -0.048682509403845123 -0.00071515940025252973 0.0039321109303128935 0.0021981715101301092 -0.0022833745886492009
leaf_weight=351.04669761657715 22 31.093395233154297 28 23 50 40 21 112 38 28 27 50 22 32
leaf_count=346 22 21 28 23 50 40 21 112 38 28 27 50 22 32
internal_value=0.00145924 0.00342135 0.00960729 -0.000449438 0.00353982 0.00714286 0.0024157 -0.0018018 -0.00361991 -0.00771277 -0.0129464 -0.000585938 0.00190476 -0.00363636
internal_weight=875.14 431.14 59.0934 444 112 90 372.047 332 220 93 55 127 104 54
internal_count=860 416 49 444 112 90 367 332 220 93 55 127 104 54
is_linear=0
shrinkage=0.05


Tree=314
num_leaves=15
num_cat=0
split_feature=13 9 1 2 14 12 1 1 14 14 2 1 14 14
split_gain=1.63586 1.67489 1.49702 1.43461 1.34885 2.67446 2.59984 1.53328 1.2145 1.88731 1.24332 1.68551 1.048 0.971185
threshold=4.5201734135869565 0.99998096153208571 12.77408811581733 13.39007257913504 0.040000831862220171 1.5000000000000002 11.005113196168786 12.116287536430383 4.2009344006411995 3.7011708261928997 13.962673132380607 15.430374933573537 5.5963175703358798 1.7410078007070513
decision_type=8 2 2 2 2 10 2 2 2 2 2 2 2 2
left_child=1 4 -2 13 5 -1 -6 -8 9 -9 -10 -12 -13 -4
right_child=2 -3 3 -5 6 -7 7 8 10 -11 11 12 -14 -15
leaf_value=0.00077107799082886124 0.00079487138222339025 0.0010122754440090754 0.00025203681730570637 0.0032698800267906059 0.0010277341910080744 -0.00075526808357710814 -0.0026288266825115428 0.00024943702477037702 -0.00099157427334324306 0.0041314332366225951 0.014718503205867473 0.00066631799956131668 -0.0027779767346946651 -0.033980703599225691
leaf_weight=35 25.046697616577148 21 23 32 46.046697616577148 31.093395233154297 52 365 110 42 26 20 41 20
leaf_count=35 20 21 23 32 41 21 52 365 110 42 26 20 41 20
internal_value=0.0019378 0.0011692 0.00792869 0.00427632 0.000778574 -0.00599664 0.00142404 0.000608828 0.00132231 0.0028799 -0.00189394 0.00255682 -0.00201613 -0.00170455
internal_weight=889.187 789.14 100.047 75 768.14 66.0934 702.047 656 604 407 197 87 61 43
internal_count=869 774 95 75 753 56 697 656 604 407 197 87 61 43
is_linear=0
shrinkage=0.05


Tree=315
num_leaves=15
num_cat=0
split_feature=1 13 7 8 9 8 13 8 4 16 1 6 10 8
split_gain=1.5117 1.59406 1.45779 1.3948 1.36388 2.29893 1.5865 1.3649 1.13212 1.10732 1.00161 0.822486 0.840528 0.729762
threshold=11.885105159201204 3.7682742391313546 7.1500000000000012 14.950000000000001 0.91613344851476464 13.050000000000002 2.2711502604392559 20.950000000000003 12.17031135714206 1.0000000180025095e-35 12.147605239729323 4.4337841666032221 0.70090259214882411 31.100000000000005
decision_type=2 8 2 10 2 10 8 10 2 2 2 2 2 10
left_child=1 -1 4 -3 6 -6 -2 -7 9 -4 -8 12 -12 -14
right_child=2 3 8 -5 5 7 10 -9 -10 -11 11 -13 13 -15
leaf_value=0.00050144609930411475 0.013786765814457626 0.00023312942410035466 0.00053399975845769276 9.1066550489701808e-05 -0.00017613959277649194 0.00016508758351687277 -0.0067340890867876096 6.2727132248724393e-05 -9.1704394682068374e-05 0.0044578446930877095 0.00016786719032917398 -0.00070855498763253708 -0.00066663484001510125 0.00063511722014992784
leaf_weight=84 21 46.140092849731445 32 27 36 33.093395233154297 20 25 28 39 350 21 115 36
leaf_count=84 21 31 32 27 36 23 20 25 28 39 350 21 115 36
internal_value=0.00205728 0.00650374 0.0011258 0.0118492 0.000269468 0.00580834 -0.000664894 0.0118852 0.00675 0.0100694 -0.00119705 -0.000764818 -0.000348606 -0.00345395
internal_weight=913.233 157.14 756.093 73.1401 657.093 94.0934 563 58.0934 99 71 542 522 501 151
internal_count=888 142 746 58 647 84 563 48 99 71 542 522 501 151
is_linear=0
shrinkage=0.05


Tree=316
num_leaves=15
num_cat=0
split_feature=15 5 9 14 14 14 3 4 3 14 10 2 2 2
split_gain=0.760473 1.17632 0.955182 1.25215 1.89519 1.47728 1.40747 0.967279 1.18591 0.885401 0.783941 1.04549 1.44279 1.44166
threshold=-0.63385499999999995 8.4353839539398141 -0.70710678118654735 0.6173310126210505 0.32777594397473042 2.9046294002141204 11.21076892936272 8.4733862303563114 12.691469342671947 1.7969789656545367 0.26512974748379775 12.985123067727056 13.593151323725015 12.228182653119807
decision_type=2 2 2 2 2 2 2 2 2 2 2 2 2 2
left_child=1 2 -1 4 -4 9 -7 -8 -9 -5 11 13 -13 -2
right_child=10 -3 3 5 -6 6 7 8 -10 -11 -12 12 -14 -15
leaf_value=-0.00043326873184468262 0.00027346896575286751 -0.0004550742570933242 8.8252661073895408e-05 0.0012389614112896187 9.4555916876953476e-05 0.016686066353299635 0.0028096641948096358 -0.0069690252298853844 0.0010798466830658439 -0.00057201504981468367 -6.9914960372274851e-05 -0.016603293703608048 0.0006992502427216607 0.003707770738171412
leaf_weight=57 230.14009284973145 36 27 44 23.093395233154297 26 38 23 34 37 218 29 44 39
leaf_count=57 215 36 27 44 13 26 38 23 34 37 218 29 44 39
internal_value=0.00256943 0.00441307 0.00540913 0.00672611 0.0137461 0.00492611 0.00840164 0.00546875 0.0012931 -0.000304878 0.00142775 0.00291766 -0.00236486 0.00435392
internal_weight=905.233 345.093 309.093 252.093 50.0934 202 121 95 57 81 560.14 342.14 73 269.14
internal_count=880 335 299 242 40 202 121 95 57 81 545 327 73 254
is_linear=0
shrinkage=0.05


Tree=317
num_leaves=15
num_cat=0
split_feature=4 4 10 0 13 0 10 10 13 0 14 8 1 0
split_gain=0.861748 1.0625 0.86383 1.50245 1.23091 1.44346 2.05404 1.73536 1.17851 1.55316 1.15037 1.18755 1.11118 1.1078
threshold=12.725781394430198 12.267548298816605 -0.51690566653528747 11.473377350654021 4.590222163723535 11.918138070231437 0.85713466239780911 0.93200786928279833 3.9169617688349754 15.034519706170739 1.0079905521927708 16.950000000000003 15.919905683545876 16.025027961080848
decision_type=2 2 2 2 8 2 2 2 10 2 2 10 2 2
left_child=1 2 3 -1 5 -4 8 -8 10 -10 11 -7 -5 -12
right_child=-2 -3 4 12 -6 6 7 -9 9 -11 13 -13 -14 -15
leaf_value=0.0036270113640970436 -0.0013194711465932764 0.0051636099368396419 -3.3568126105712313e-05 -0.00050526291463437456 0.0016337622048284706 0.00024908938195061797 -0.00089569017223998246 0.00035040113649417173 0.00036208473626511142 -0.0048736019703422458 0.00011212733191965363 0.0080351706735352219 0.0010210716811328568 0.0030992415547601571
leaf_weight=25 35 21 44.046697616577148 233 37.046697616577148 58.046697616577148 43 81 22 38 138 36.046697616577148 24 48
leaf_count=25 35 21 39 233 32 53 43 81 22 38 138 31 24 48
internal_value=0.00133155 0.00165139 0.00136121 -0.000883392 0.00252173 0.00186818 0.00269265 -0.0028 0.00469764 -0.00163934 0.00605612 0.0105405 -0.00203488 0.00374332
internal_weight=883.187 848.187 827.187 282 545.187 508.14 464.093 124 340.093 60 280.093 94.0934 257 186
internal_count=863 828 807 282 525 493 454 124 330 60 270 84 257 186
is_linear=0
shrinkage=0.05


Tree=318
num_leaves=15
num_cat=0
split_feature=15 16 4 14 6 1 13 13 13 2 8 0 1 16
split_gain=1.03943 1.09358 0.931641 0.876901 0.789099 1.30957 1.95626 0.85403 1.00162 1.74 0.965151 0.805669 1.06234 1.31443
threshold=0.66927500000000018 0.37080500000000005 8.4733862303563114 2.839219007844096 6.5481426402368159 15.191454966876789 2.5563404911825818 3.1517080845114083 3.8088337008098008 13.912616122695383 30.850000000000005 14.232945488820407 12.296305439178973 1.0000000180025095e-35
decision_type=2 2 2 2 2 2 10 10 10 2 10 2 2 2
left_child=1 4 3 -2 5 6 -1 10 -9 -10 -7 -8 -13 -14
right_child=2 -3 -4 -5 -6 7 11 8 9 -11 -12 12 13 -15
leaf_value=0.00082026322247568122 -0.0004124556182488577 0.013237677552999649 0.00076618679766071729 -0.0197959615662061 -0.00083407091470149024 -0.0065400520163343863 0.00022385321634292856 0.0033856752592530182 0.00294467262719898 -0.016709176792292758 0.0023884619096542384 -0.00045113643141394817 -0.0019846675108997182 8.7557568413387803e-07
leaf_weight=48 101.04669761657715 28 35 21 29 29 199 35 25 24 21 28.046697616577148 70 182
leaf_count=48 96 28 35 21 29 29 199 35 25 24 21 23 70 182
internal_value=2.58707e-05 0.000832815 -0.00364555 -0.00569838 0.000432435 0.000791232 -0.000333621 0.00518519 0.00823529 0.0035 0 -0.00130439 -0.00302856 -0.00197628
internal_weight=875.093 718.047 157.047 122.047 690.047 661.047 527.047 134 84 49 50 479.047 280.047 252
internal_count=865 713 152 117 685 656 522 134 84 49 50 474 275 252
is_linear=0
shrinkage=0.05


Tree=319
num_leaves=15
num_cat=0
split_feature=13 4 14 9 2 4 4 4 9 2 9 13 9 8
split_gain=1.18011 1.46173 2.29627 1.44242 0.95385 0.9909 0.945534 0.864478 0.922085 2.91039 2.32353 0.829082 0.873423 0.657708
threshold=2.7492478955155986 9.5255768449228224 2.7037143114728965 0.44032991850403941 14.877540540956074 11.728178971205006 11.069763655070963 12.671598481215558 0.9562228270146037 10.906634112744191 0.91613344851476464 4.5806755450179688 -0.96703673333358797 16.650000000000002
decision_type=8 2 2 2 2 2 2 2 2 2 2 10 2 10
left_child=1 2 3 -1 7 -6 -3 8 10 -10 11 12 -2 -14
right_child=4 6 -4 -5 5 -7 -8 -9 9 -11 -12 -13 13 -15
leaf_value=-0.00059011530792396627 0.0063031376116145406 -0.01921911161715141 0.0030398859568075091 -0.0059332117699722464 -0.00010640870947231651 0.0037992627286663528 -0.0014220638252619546 -0.0014293817374784635 0.0029299059401384085 -0.00025210047873748255 -0.00026625819614625181 -0.00012029066358823166 0.00044395038356630505 -0.00014871001340361901
leaf_weight=34 27 24 29 20 20 22 21 20 27.046697616577148 47 25.093395233154297 31.046697616577148 290 263
leaf_count=34 27 24 29 20 20 22 21 20 22 47 15 26 290 263
internal_value=0.000163856 -0.00426357 -0.000297619 -0.00636364 0.000902324 0.00813953 -0.011413 0.000475481 0.000770072 0.00601182 0.000151454 0.000774177 0.00120482 0.000767148
internal_weight=900.187 128 83 54 772.187 42 45 730.187 710.187 74.0467 636.14 611.047 580 553
internal_count=880 128 83 54 752 42 45 710 690 69 621 606 580 553
is_linear=0
shrinkage=0.05


Tree=320
num_leaves=15
num_cat=0
split_feature=10 2 9 2 16 13 4 16 9 0 3 9 5 2
split_gain=0.927099 0.783822 1.64953 1.47549 1.35355 1.59843 1.36728 1.38119 2.26529 1.30673 1.2413 1.22668 1.19897 1.35844
threshold=0.96648588260150581 11.575179329836422 0.97014794553715189 11.703499508145093 0.10701500000000001 4.2656043041208509 9.1214069202205419 1.0000000180025095e-35 0.26092512978024796 16.203285297448026 11.546553775371409 0.91613344851476464 6.6816561343229539 11.252355811132036
decision_type=2 2 2 2 2 8 2 2 2 2 2 2 2 2
left_child=1 2 11 -3 5 6 7 8 -5 -6 -8 12 13 -1
right_child=-2 3 -4 4 9 -7 10 -9 -10 -11 -12 -13 -14 -15
leaf_value=0.00016561071544520802 0.0017402056422094693 0.00012496316476411646 0.00015795221986024172 0.00090995554053282526 0.0022525279180765079 0.0021957691530197555 -0.020077035402465682 0.0017003766569702707 -0.027397762425927175 -0.013306530709924736 -0.0003620276971465497 -0.00056363064352343481 -0.030905721501331841 -0.00096245988231197861
leaf_weight=255 46 26.046697616577148 30.046697616577148 25 102 55 21 68 21 27 107 44.093395233154297 21 50.046697616577148
leaf_count=255 46 21 25 25 102 55 21 68 21 27 107 34 21 45
internal_value=0.000610334 0.000233034 -0.00137675 0.00165804 0.000936768 -0.000922819 -0.0026749 0.00130435 -0.00531915 0.00519231 -0.00620155 -0.00229968 -0.00122664 -0.000412249
internal_weight=898.233 852.233 400.187 452.047 426 297 242 114 46 129 128 370.14 326.047 305.047
internal_count=873 827 380 447 426 297 242 114 46 129 128 355 321 300
is_linear=0
shrinkage=0.05


Tree=321
num_leaves=15
num_cat=0
split_feature=1 13 8 1 7 14 8 10 8 9 9 14 2 13
split_gain=1.18689 1.62863 2.01714 1.48203 1.11355 1.87381 1.58471 1.43792 1.22038 0.95473 1.45494 1.27641 1.44571 1.18833
threshold=11.885105159201204 3.7937825868612669 12.450000000000001 12.116287536430383 6.8500000000000005 7.0676333560569509 14.050000000000002 0.85713466239780911 43.100000000000009 0.61392768915927742 0.70864607840491656 2.3447760871238286 12.822365808406436 2.4559573733023732
decision_type=2 8 10 2 2 2 10 2 10 2 2 2 2 8
left_child=1 -1 -3 -2 7 6 -6 8 9 13 -11 -12 -13 -5
right_child=3 2 -4 4 5 -7 -8 -9 -10 10 11 12 -14 -15
leaf_value=0.00052981150231936616 -0.0056448317172459019 8.2585387609530745e-05 -0.00055394145954372205 0.014445426374032866 0.0072712150452472262 -0.0013398112657471819 0.0011618343115999796 -0.00085804937789141222 -0.012345789040431814 -0.005894108723332226 -0.00022268424555376144 0.0046695522482786637 -0.00024990134843463354 0.00082776209786721293
leaf_weight=88 28 43.140092849731445 21 21 25 28 115 95 21 32 52 39 33 255
leaf_count=88 28 28 21 21 25 28 115 95 21 32 52 39 33 255
internal_value=0.00156442 0.00557334 0.0115674 0.000738255 0.0011855 0.00473373 0.0070922 9.10747e-05 0.00126652 0.00184758 -0.00127389 0.0012 0.00547945 0.00361011
internal_weight=896.14 152.14 64.1401 744 716 168 140 548 453 432 156 124 72 276
internal_count=881 137 49 744 716 168 140 548 453 432 156 124 72 276
is_linear=0
shrinkage=0.05


Tree=322
num_leaves=15
num_cat=0
split_feature=1 13 10 0 9 1 7 2 7 9 13 0 10 14
split_gain=1.69018 1.93545 1.89974 1.91056 1.32881 1.22415 1.14867 1.65848 1.09248 1.14778 0.953623 1.55324 1.86078 1.52378
threshold=13.436840398038727 3.4178660996048289 0.70090259214882411 16.525590542458346 0.90444653569325539 12.599490740942857 6.7500000000000009 12.61524432852063 6.8500000000000005 -0.25881904510252113 3.2141397756857724 12.657179985727591 -0.79731875629095728 0.86515852990089293
decision_type=2 10 2 2 2 2 2 2 2 2 10 2 2 2
left_child=1 10 -2 6 5 8 7 -4 9 -3 11 -1 -13 -14
right_child=2 4 3 -5 -6 -7 -8 -9 -10 -11 -12 12 13 -15
leaf_value=-0.013028012701192346 0.0003225223155905899 0.0027286354723680354 9.7688452270960907e-05 -0.004634644621817896 0.00012029567451457017 0.0034731428719060988 0.00082328081900204806 -0.012795084738067609 0.0026230973192288066 -0.00138330541177637 -0.0012502988919930514 -0.0015542425702021246 0.014318734584055172 0.00029671734420276823
leaf_weight=39 377 34 59 27 39.140092849731445 58 21 35 20 41 45 25 29 27
leaf_count=39 377 34 59 27 24 58 21 35 20 41 45 25 29 27
internal_value=0.00148608 0.00412828 -0.000336538 -0.00524476 0.00752564 0.00535714 -0.00237069 -0.00473684 0.00182292 -0.000986842 0.000150602 0.00247934 0.00640244 0.0114035
internal_weight=876.14 357.14 519 142 192.14 153 115 94 95 75 165 120 81 56
internal_count=861 342 519 142 177 153 115 94 95 75 165 120 81 56
is_linear=0
shrinkage=0.05


Tree=323
num_leaves=15
num_cat=0
split_feature=4 1 2 8 3 8 8 1 10 3 8 2 8 8
split_gain=1.75074 2.14788 2.22546 1.38433 1.25665 1.18373 1.44491 1.35078 1.31214 1.08043 1.06189 1.16533 1.48876 1.15944
threshold=8.5788440147855436 11.377132815743465 11.518526451329047 9.0500000000000025 11.577764942470461 21.750000000000004 43.250000000000007 14.087104320148036 0.370557437509836 10.980493402982425 7.7500000000000009 7.3287099632352914 16.450000000000003 17.050000000000004
decision_type=2 2 2 10 2 10 10 2 2 2 10 2 10 10
left_child=1 -1 10 -4 9 7 8 -5 -7 -2 -3 12 -12 -13
right_child=4 2 3 5 -6 6 -8 -9 -10 -11 11 13 -14 -15
leaf_value=0.0002871639304164436 0.0011727202075305643 0.002251714325849319 -0.00079175185271195274 0.0031014840563004784 0.00069586581526936975 0.00017276743351335444 0.0015081302462422786 0.0020763690434439375 -0.0049596490502622275 0.0053721426442828518 0.013339039311941293 -0.0018077814630152193 -0.00094975353150383857 -0.00022389071353127177
leaf_weight=93.093395233154297 76 44 35 32.046697616577148 184 54 31 65 36 30 20 108.04669761657715 22 69
leaf_count=83 76 44 35 27 184 54 31 65 36 30 20 103 22 69
internal_value=0.00230767 0.000782277 -0.000483472 0.0028584 0.00549828 0.0043423 0.00102459 0.00842626 -0.0021978 0.00981308 -0.00369695 -0.00511786 0.00232558 -0.00688677
internal_weight=899.187 609.187 516.093 253.047 290 218.047 121 97.0467 90 106 263.047 219.047 42 177.047
internal_count=879 589 506 248 290 213 121 92 90 106 258 214 42 172
is_linear=0
shrinkage=0.05


Tree=324
num_leaves=15
num_cat=0
split_feature=2 12 1 14 8 9 8 13 9 0 9 0 0 13
split_gain=1.93391 1.8542 1.78739 1.95284 1.85246 1.66655 1.64149 1.16756 0.981274 1.37881 2.14321 2.03017 2.47781 1.69464
threshold=6.6483263812505102 1.5000000000000002 11.690786364590535 2.4455719572485068 13.950000000000001 0.25881904510252091 17.250000000000004 3.7033898829532119 0.14780800409054848 15.542220311701046 0.5037691814803521 14.784937982753648 14.345768791527194 3.4886076254492751
decision_type=2 10 2 2 10 2 10 10 2 2 2 2 2 8
left_child=1 -1 4 6 -2 -6 -4 -8 -5 10 -10 12 -12 -11
right_child=2 -3 3 8 5 -7 7 -9 9 13 11 -13 -14 -15
leaf_value=0.00075991143282935769 0.00049604695670953222 -0.0018930900252915361 -0.00081532346308543942 7.9917268522256013e-05 0.0024333064428908369 -0.0012817645261143707 -0.00021258377884905146 0.0029105407977352174 0.014264381077903954 0.00096226400973353776 0.00099491526277355473 0.0038928482900780661 -0.011238226513846851 -0.0035896045432285864
leaf_weight=29 47.093395233154297 38.046697616577148 192.04669761657715 227 26 20 76 32 40 44 32 27 23 47
leaf_count=29 37 33 187 227 26 20 76 32 40 44 32 27 23 47
internal_value=0.00110965 -0.00699766 0.00176969 0.000943034 0.00826131 0.00106383 -0.00216301 0.00275229 0.00306122 0.00549065 0.00894309 0.00421687 -0.00133929 0.000815217
internal_weight=900.187 67.0467 833.14 740.047 93.0934 46 300.047 108 440 213 122 82 55 91
internal_count=880 62 818 735 83 46 295 108 440 213 122 82 55 91
is_linear=0
shrinkage=0.05


Tree=325
num_leaves=15
num_cat=0
split_feature=9 7 1 13 11 7 0 13 13 14 3 7 8 0
split_gain=1.47605 2.72938 1.8123 1.19955 1.35444 1.30295 1.26321 1.23167 1.73176 1.21122 1.73078 1.70156 1.19972 1.19873
threshold=0.9263445426916056 5.8500000000000005 14.61234632325489 4.5201734135869565 1.0000000180025095e-35 5.8500000000000005 12.792548993907984 3.9169617688349754 3.4886076254492751 4.0741149540238695 8.7992838436023835 6.4500000000000011 15.050000000000002 14.464267589552852
decision_type=2 2 2 10 2 2 2 10 10 2 2 2 10 2
left_child=3 -2 13 5 -5 6 -1 8 9 10 -7 -11 -10 -3
right_child=1 2 -4 4 -6 7 -8 -9 12 11 -12 -13 -14 -15
leaf_value=0.0013907252564240248 9.1469080599394903e-05 0.00018598955673024831 0.0021563557414566504 0.00038452102534903833 0.0006833000520066779 -0.0029686946817744312 -0.00056501575439514844 -0.00058463202609131408 0.0064979061398504848 -0.022331397246708441 0.0030621485063990761 0.00030819116500717674 0.00053571083018062466 -0.0091379691468528312
leaf_weight=29 50.140092849731445 24 23 36 25.046697616577148 40 252 73 42 32 76 96 68 20
leaf_count=29 35 24 23 36 20 40 252 73 42 32 76 96 68 20
internal_value=0.00180872 0.00701288 0.000367647 0.00100795 0.00767434 0.000423131 -0.00221631 0.00216121 0.00338028 0.00102041 0.00470085 -0.00232558 0.00855856 -0.00555556
internal_weight=886.187 117.14 67 769.047 61.0467 708 281 427 354 244 116 128 110 44
internal_count=866 102 67 764 56 708 281 427 354 244 116 128 110 44
is_linear=0
shrinkage=0.05


Tree=326
num_leaves=15
num_cat=0
split_feature=1 8 0 15 9 8 7 15 14 8 8 13 1 0
split_gain=1.6333 1.24695 1.2104 1.12456 1.17974 1.08767 1.06223 2.10862 0.937755 0.922784 1.93817 1.47891 1.21421 1.16995
threshold=11.885105159201204 13.950000000000001 11.473377350654021 -1.3051699999999997 1.0000000180025095e-35 59.563000000000009 7.3500000000000005 -0.43006499999999998 0.26788952530819021 15.050000000000002 13.750000000000002 3.1121921542889894 12.472406226667768 15.523471602466001
decision_type=2 10 2 2 2 10 2 2 2 10 10 8 2 2
left_child=1 8 -3 4 -2 6 9 -8 -1 10 12 -11 -5 -12
right_child=3 2 -4 5 -6 -7 7 -9 -10 11 13 -13 -14 -15
leaf_value=-0.00013070793576336649 -0.00092514365318769893 0.0023408727220508574 -0.00077293903236954351 -0.0059418043367678369 0.01305649287959545 -0.0038864905209353875 0.0079147891926303338 -0.0003837925621323457 0.0050583140860476182 0.0010133325441242182 0.00035945705888301092 -0.00059128070832130961 0.00033162927517385035 0.00054186283082613418
leaf_weight=38.046697616577148 32 28 47 27 35 24 24 30 27.046697616577148 95 28.046697616577148 174.04669761657715 225 27
leaf_count=33 32 28 47 27 35 24 24 30 22 95 23 169 225 27
internal_value=0.00182946 0.00674968 0.00230263 0.000865539 0.00698529 0.000228975 0.000633821 0.00727273 0.0117612 0 0.00187039 -0.00213358 0 0.0102801
internal_weight=861.187 140.093 75 721.093 67 654.093 630.093 54 65.0934 576.093 307.047 269.047 252 55.0467
internal_count=841 130 75 711 67 644 620 54 55 566 302 264 252 50
is_linear=0
shrinkage=0.05


Tree=327
num_leaves=15
num_cat=0
split_feature=4 1 14 10 16 1 16 13 14 10 8 8 14 14
split_gain=0.982407 0.771474 1.32783 1.78181 1.27749 1.27615 1.20063 1.3545 1.17358 1.06191 1.39518 2.17973 1.01927 1.08877
threshold=12.671598481215558 11.608527579552712 1.6154667750703615 0.26512974748379775 1.0000000180025095e-35 10.35830946619498 0.78996500000000014 3.1062043792790042 1.0497485384633547 0.64445579466475189 10.250000000000002 24.950000000000003 1.7583073505145361 2.1119792477815627
decision_type=2 2 2 2 2 2 2 8 2 2 10 10 2 2
left_child=1 4 3 6 -1 -6 7 -3 -9 -5 -11 -12 -4 -14
right_child=-2 2 12 9 5 -7 -8 8 -10 10 11 -13 13 -15
leaf_value=-0.0018529100501119 -0.00054540670339708885 0.020989629263031773 0.0089277333151172363 -0.0017034599276544396 -0.00013780180980024252 0.0083955600036637497 -0.00052567499948991613 -0.00035666594408071962 0.0035665015960655634 0.0035939910083659602 -0.0035881068769593101 3.2828510971216752e-05 -0.0057195220456882859 0.00059144481952659871
leaf_weight=29 37 34 21 25.046697616577148 43.046697616577148 42 39.046697616577148 79 21 27 27.046697616577148 22 36 421
leaf_count=29 37 34 21 20 38 42 34 79 21 27 22 22 36 421
internal_value=0.000633348 0.000977489 0.000393682 -0.00237516 0.00479081 0.00785815 0.00071149 0.00296296 0 -0.00761396 -0.00455785 -0.00951446 0.0019833 0.0014738
internal_weight=903.187 866.187 752.14 274.14 114.047 85.0467 173.047 134 100 101.093 76.0467 49.0467 478 457
internal_count=883 846 737 259 109 80 168 134 100 91 71 44 478 457
is_linear=0
shrinkage=0.05


Tree=328
num_leaves=15
num_cat=0
split_feature=2 12 13 0 3 14 13 3 10 3 8 10 13 0
split_gain=1.74239 1.68497 3.08381 1.13208 1.12344 1.70282 1.60995 1.58865 1.60054 1.42022 1.59401 1.31209 0.999575 0.894552
threshold=8.1729710232723694 1.5000000000000002 4.1966559783960333 13.087248067100068 6.5822274828246474 1.3502083319372586 3.3604095357856996 8.6706560514254818 -0.65768990033922992 9.5902192356746792 14.235000000000001 -0.95753489942155756 3.8224521632363921 13.945988374896972
decision_type=2 10 8 2 2 2 8 2 2 2 10 2 8 2
left_child=1 3 -3 -1 6 7 13 8 -6 10 -7 12 -11 -2
right_child=4 2 -4 -5 5 9 -8 -9 -10 11 -12 -13 -14 -15
leaf_value=-0.00025145622714533021 0.001814688009402432 -0.0013383904213606916 0.0015085752982734902 0.0040651086506461103 -0.0011766484500093544 0.0001733238197578313 0.00053496545377432246 -0.027146829438894349 0.00058889284230824186 -8.1231458519570587e-05 0.0082220272520016069 0.00036110801609828824 -0.017806520399284664 -0.0016595926709918052
leaf_weight=26 20 31.046697616577148 21 23 24 33 82.093395233154297 21 49 48 35 415 23 32
leaf_count=26 20 26 21 23 24 33 72 21 49 48 35 415 23 32
internal_value=0.000990983 -0.00515614 -0.0113328 0.0015 0.00179076 0.000924499 0.00593911 -0.00526316 -0.00168919 0.00198198 0.00869565 0.00102669 -0.00520833 -0.000943396
internal_weight=883.14 101.047 52.0467 49 782.093 648 134.093 94 73 554 68 486 71 52
internal_count=868 96 47 49 772 648 124 94 73 554 68 486 71 52
is_linear=0
shrinkage=0.05


Tree=329
num_leaves=15
num_cat=0
split_feature=13 1 13 1 4 9 1 13 3 2 1 1 16 10
split_gain=1.06181 1.93045 1.20003 0.993991 0.892491 1.2844 0.884132 0.872589 1.55089 1.34261 1.33023 1.51563 2.56453 1.25714
threshold=2.5921133604243618 16.017040107338925 2.4559573733023732 9.9532426738528574 8.9596277427398867 0.39873388578253716 11.005113196168786 3.0790922744843354 8.9251218736798812 12.145832516171296 14.087104320148036 15.191454966876789 0.10701500000000001 -0.70710678118654757
decision_type=10 2 10 2 2 2 2 10 2 2 2 2 2 2
left_child=1 2 4 -2 5 -1 -5 8 -8 -9 -11 12 13 -12
right_child=3 -3 -4 6 -6 -7 7 9 -10 10 11 -13 -14 -15
leaf_value=0.0059505429178802922 -0.0048594425344305808 -0.015847210482293185 -0.006302900519050459 0.0012037149402400805 0.0025036814014982589 -0.0021162242828943302 0.0089327990097351814 -0.00012851996277760328 0.00043288710052280521 0.0037252168860568702 -0.0010334852039825205 0.00088919844997303876 0.0019984123230155416 -0.0097606510373506213
leaf_weight=31 38 21 29 28 22 21 42 305.04669761657715 118 62 20 96 21 34
leaf_count=31 38 21 29 28 22 21 42 300 118 62 20 96 21 34
internal_value=0.000673567 -0.0036 -0.000721154 0.00137094 0.00266667 -0.000943396 0.00178645 0.00142885 0.00465839 0.000461616 0.00331197 0.00101744 -0.00427632 -0.01
internal_weight=888.047 124 103 764.047 74 52 726.047 698.047 160 538.047 233 171 75 54
internal_count=883 124 103 759 74 52 721 693 160 533 233 171 75 54
is_linear=0
shrinkage=0.05


Tree=330
num_leaves=15
num_cat=0
split_feature=0 0 14 12 8 13 9 10 3 10 13 3 3 14
split_gain=1.42444 1.1384 1.33894 1.9711 1.32543 1.63517 0.975536 0.745686 0.879964 1.2587 1.50239 0.986649 1.17237 1.14452
threshold=11.042364264762645 13.175294908959181 0.11421325523412328 1.5000000000000002 17.250000000000004 3.3112361679976097 0.25881904510252091 -0.98868868691483869 6.5822274828246474 -0.098016907066150058 3.6664690194081797 8.4730319460816848 8.7517856353754926 1.5868812521727478
decision_type=2 2 2 10 10 8 2 2 2 2 10 2 2 2
left_child=6 4 3 -3 5 -2 -1 -4 9 -9 -11 -10 -13 -14
right_child=1 2 7 -5 -6 -7 -8 8 11 10 -12 12 13 -15
leaf_value=0.00038136622082495246 -0.0022354390262986135 0.00074729510697422736 -0.00022680056751749335 -0.0011722825879250279 -0.0042558860949529096 0.0028164786161876177 0.00045243684335848728 3.9705811288526241e-05 -0.00098408963090159686 0.0036888606690363953 0.00015549537810490845 0.0052079896325798909 -0.0032702609656156015 0.00052172847881584163
leaf_weight=27 21 25 41 32.046697616577148 52 25 25.046697616577148 41 64 30.046697616577148 22 20 22 434
leaf_count=27 21 25 41 27 52 25 20 41 64 25 22 20 22 434
internal_value=0.00150335 0.000993864 0.00167328 -0.00561905 -0.0040404 0.00212766 0.00944767 0.00229787 0.00272246 0.0071897 0.0122754 0.00194085 0.00272537 0.00218818
internal_weight=881.14 829.093 731.093 57.0467 98 46 52.0467 674.047 633.047 93.0467 52.0467 540 476 456
internal_count=866 819 721 52 98 46 47 669 628 88 47 540 476 456
is_linear=0
shrinkage=0.05


Tree=331
num_leaves=15
num_cat=0
split_feature=1 13 13 15 9 9 15 9 15 8 8 2 15 1
split_gain=1.22086 1.11278 1.79149 1.33371 1.29333 1.89476 2.29636 1.17418 1.53547 1.14865 1.21927 2.03184 1.10609 1.7667
threshold=16.631081622174246 3.5239220528833521 3.4956560387578528 -1.3051699999999997 0.9562228270146037 0.61392768915927742 -0.79966499999999996 0.98436799963137067 0.70259000000000016 52.715000000000011 18.750000000000004 11.143027558049267 -1.1770999999999998 11.780275221658769
decision_type=2 8 10 2 2 2 2 2 2 10 10 2 2 2
left_child=1 2 3 -1 5 6 -5 8 9 10 12 -12 -3 -14
right_child=-2 7 -4 4 -6 -7 -8 -9 -10 -11 11 -13 13 -15
leaf_value=0.0024117140934770825 0.0066559328749451032 -0.00022945262628407126 -0.00047352118071120834 -0.014134105697656364 0.0016458559136149687 -0.004974912311394031 0.00072500300258897536 -0.00079042728874273438 9.6894752316019822e-05 0.0020529870596079471 -0.0013464453696376722 0.00026221003771593755 0.00034629703486552125 0.00059957250018787271
leaf_weight=41 22 39 23.046697616577148 29 39 85 260 21 27.093395233154297 26 35 78 35.093395233154297 140
leaf_count=41 22 39 18 29 39 85 260 21 17 26 35 78 25 140
internal_value=0.00166827 0.00136881 -0.000263923 0.00043956 -0.000422705 -0.00133333 0.000603448 0.0033061 0.00394733 0.00304252 0.00221685 -0.00197368 0.00442754 0.00611797
internal_weight=900.233 878.233 477.047 454 413 374 289 401.187 380.187 353.093 327.093 113 214.093 175.093
internal_count=875 853 472 454 413 374 289 381 360 343 317 113 204 165
is_linear=0
shrinkage=0.05


Tree=332
num_leaves=15
num_cat=0
split_feature=0 16 1 13 13 9 1 7 0 16 7 15 9 9
split_gain=1.53149 1.28464 1.31467 1.64963 1.54773 1.71895 2.51974 2.28201 1.75215 1.29732 1.24777 1.23244 1.68338 1.45706
threshold=11.473377350654021 0.10701500000000001 15.097361503438515 3.0790922744843354 4.5579882802345537 0.9263445426916056 14.184441033876071 7.0500000000000007 14.527239206334718 1.0000000180025095e-35 6.0100000000000007 -0.79966499999999996 -0.25881904510252113 1.0000000180025095e-35
decision_type=2 2 2 8 10 2 2 2 2 2 2 2 2 2
left_child=-1 2 3 -2 5 6 7 8 10 -8 -5 13 -13 -4
right_child=1 -3 11 4 -6 -7 9 -9 -10 -11 -12 12 -14 -15
leaf_value=0.0010870332285551501 0.00086893714233129418 0.00024890364454748258 -0.0038279715702782104 -0.0012387967143338452 0.0071582558082078475 -0.00087593279688547596 -0.013828492701936135 0.0067668879529560579 0.00089163761638670906 -0.0026881298127054312 -0.0080138881987615648 0.033020353598956075 9.9698794731151175e-05 0.00065259640680991331
leaf_weight=58.046697616577148 126 340.04669761657715 40 27 21 35.046697616577148 34 21 51 23 20 22 35 51
leaf_count=53 126 335 40 27 21 30 34 21 51 23 20 22 35 51
internal_value=0.00154801 0.00100343 -0.000593964 -0.00223137 -0.00472509 -0.00601833 -0.0039548 0.000208333 -0.0030303 -0.0125 -0.00989583 0.0033557 0.00905172 -0.000271739
internal_weight=904.14 846.093 506.047 358.047 232.047 211.047 176 119 98 57 47 148 57 91
internal_count=889 836 501 353 227 206 176 119 98 57 47 148 57 91
is_linear=0
shrinkage=0.05


Tree=333
num_leaves=15
num_cat=0
split_feature=15 9 10 8 14 4 13 1 4 15 13 13 8 9
split_gain=1.92295 1.47064 0.944585 0.799503 0.88312 0.902585 1.73899 1.16576 1.24126 1.10219 1.22672 1.5532 1.02614 1.32705
threshold=1.2809800000000002 0.5037691814803521 -0.19722537325836093 63.250000000000007 6.9904518845358927 5.5461492472694909 4.5860782025350835 15.831169183782242 3.2672576590843554 -1.7810499999999998 3.6230815368975491 3.4797947196669452 28.050000000000004 -0.95134567273905335
decision_type=2 2 2 8 2 2 10 2 2 2 8 10 10 2
left_child=3 2 -2 4 5 6 7 8 12 -7 11 -11 13 -1
right_child=1 -3 -4 -5 -6 9 -8 -9 -10 10 -12 -13 -14 -15
leaf_value=0.0082778199823228208 0.0024533987546402573 0.00018052366705765107 -0.0010691536793304257 0.00070709984375461055 -0.0015193422647576506 0.0017150928552559952 -0.00048449421927540418 0.0063061194258745568 -0.0019624112291234731 0.00085336328070722005 -0.00048852667213176158 0.0018914780839975665 -0.0015683504595186194 6.3527666723050362e-05
leaf_weight=26 21 40.093395233154297 24 34 47 20 20.046697616577148 20 35 205 91 21 98 210.04669761657715
leaf_count=26 21 30 24 34 47 20 15 20 35 205 91 21 98 205
internal_value=0.00191637 0.00902897 0.00271739 0.00117458 0.000847086 0.00126847 -0.000310502 0.000445671 -0.000205832 0.00318047 0.00243711 0.00440529 0.00074268 0.00252622
internal_weight=912.187 85.0934 45 827.093 793.093 746.093 409.093 389.047 369.047 337 317 226 334.047 236.047
internal_count=892 75 45 817 783 736 399 384 364 337 317 226 329 231
is_linear=0
shrinkage=0.05


Tree=334
num_leaves=15
num_cat=0
split_feature=9 9 1 6 7 13 14 14 9 14 3 3 14 14
split_gain=1.08433 1.85196 1.17079 1.09754 1.15265 1.61515 1.47359 2.50612 1.79373 1.33397 1.7052 1.155 2.48377 1.06387
threshold=0.91613344851476464 0.9562228270146037 14.61234632325489 6.2299541685990638 5.8500000000000005 2.4531326585235829 4.0741149540238695 3.6365870976901049 -0.70710678118654735 5.0462937460415311 11.896804857769181 8.7992838436023835 3.8185078831563648 2.6884554368297269
decision_type=2 2 2 2 2 8 2 2 2 2 2 2 2 2
left_child=3 -2 -3 4 11 -6 7 8 -7 10 -8 -1 13 -13
right_child=1 2 -4 -5 5 6 9 -9 -10 -11 -12 12 -14 -15
leaf_value=9.4995805210085221e-05 -8.1713576006165191e-05 -0.00031436765330662421 0.0011227200318003727 -0.0038639431995020736 0.0050787420988588575 -0.00083996402186666821 0.00071317571947794036 0.0102302611935305 0.00095589434993970102 0.00017285594435860753 -0.028846956913281808 -0.00046069455326130937 0.004458865581820382 -0.012579386370073354
leaf_weight=177 27.093395233154297 65 27 23 20 54 23 20 170 109 34 50 23 37
leaf_count=177 17 65 27 23 20 54 23 20 170 109 34 50 23 37
internal_value=0.000433284 -0.0039747 -0.000537634 0.0011471 0.00149721 0.00313225 0.00243309 0.00489796 0.00333333 -0.0011976 -0.00732759 -0.000954861 -0.00495495 -0.00880682
internal_weight=859.093 119.093 92 740 717 430 410 244 224 166 57 287 110 87
internal_count=849 109 92 740 717 430 410 244 224 166 57 287 110 87
is_linear=0
shrinkage=0.05


Tree=335
num_leaves=15
num_cat=0
split_feature=15 7 2 1 1 10 12 10 15 16 3 16 8 2
split_gain=1.99707 1.94096 1.55081 2.16584 1.7466 1.36154 1.41699 1.23953 1.17299 1.0189 0.919945 0.91525 1.5549 0.995445
threshold=-1.3495649999999999 6.1500000000000012 11.894851609888947 13.998996466824426 10.941699801900848 0.70090259214882411 1.0000000180025095e-35 -0.26932402956675622 1.2809800000000002 1.0000000180025095e-35 11.123224298317892 0.78996500000000014 18.050000000000004 11.181811835497586
decision_type=2 2 2 2 2 2 10 2 2 2 2 2 10 2
left_child=-1 2 4 10 -2 6 -5 -8 -3 -6 -4 13 -13 -11
right_child=1 8 3 5 9 -7 7 -9 -10 11 -12 12 -14 -15
leaf_value=0.0017921231751296897 0.00012177236486546453 0.00047564564053746429 0.012420674721521908 -0.019993562461506631 -0.0042028148628302535 -0.0089795903984118304 -0.00041362847697739018 0.002052824066221337 0.003901140695875438 3.420684390931794e-05 0.00085787269164960822 -0.0048891581967849436 0.00018951872889816368 -0.00015325363445372055
leaf_weight=72 40.046697616577148 366 24 24 25 26 32 22 21 99 27 46.046697616577148 22 56.046697616577148
leaf_count=72 35 366 24 24 25 26 32 22 21 99 27 41 22 51
internal_value=0.00165958 0.000961129 -0.00129727 0.00272436 -0.00346257 -0.00142857 0.00189873 0.00636364 0.00354381 -0.00502757 0.0110577 -0.00391504 -0.00870668 -0.00176977
internal_weight=902.14 830.14 443.14 155 288.14 104 78 54 387 248.093 51 223.093 68.0467 155.047
internal_count=887 815 428 155 273 104 78 54 387 238 51 213 63 150
is_linear=0
shrinkage=0.05


Tree=336
num_leaves=15
num_cat=0
split_feature=5 1 0 4 2 7 0 1 15 7 1 13 8 0
split_gain=1.20744 1.17625 1.13548 1.4865 1.76179 1.01931 1.18748 1.78034 1.53854 2.23256 1.44973 1.36695 1.82072 1.3515
threshold=1.4311004404647345 16.198516813545215 16.608240043835483 11.377821463323057 13.999780548126536 7.6500000000000012 14.625529914404526 14.84498738849017 1.0000000180025095e-35 6.7500000000000009 14.35078936820576 3.3277906598632643 10.050000000000002 14.464267589552852
decision_type=2 2 2 2 2 2 2 2 2 2 2 8 10 2
left_child=1 5 3 -2 -5 6 13 8 9 -8 11 -10 -13 -1
right_child=2 -3 -4 4 -6 -7 7 -9 10 -11 -12 12 -14 -15
leaf_value=-0.00025084659766641163 0.0014529155168985231 0.0068242171454592441 -0.0010763643001652889 -0.0033855727882762033 0.001985520591957357 0.0031264946279203733 -0.00069525001601752348 -0.0031020384940633862 -0.0011699351974347461 0.0031289781674189946 0.012308719357725062 -0.0004514823070121077 0.0016309120974566796 -0.0001366471126961222
leaf_weight=255.04669761657715 108 25 33 20 26 26 96 110 49 30 28 24 27.046697616577148 30.046697616577148
leaf_count=250 108 25 33 20 26 26 96 110 49 30 28 24 22 25
internal_value=0.00109649 0.00014096 0.00465426 0.00645161 -0.00106383 -0.000260549 -0.000655501 0.00123592 0.00353334 -0.000393701 0.00737072 0.00446494 0.0101095 -0.0030666
internal_weight=887.14 700.14 187 154 46 675.14 649.14 364.047 254.047 126 128.047 100.047 51.0467 285.093
internal_count=872 685 187 154 46 660 634 359 249 126 123 95 46 275
is_linear=0
shrinkage=0.05


Tree=337
num_leaves=15
num_cat=0
split_feature=0 13 0 14 15 7 13 14 10 10 7 4 15 8
split_gain=1.82193 1.23469 1.29018 1.00024 1.57817 1.33037 1.2196 1.69597 1.17959 1.05332 0.950085 0.944161 0.984445 0.836237
threshold=11.473377350654021 2.4670511503686972 15.814719147144968 1.6154667750703615 -0.79966499999999996 5.4500000000000011 3.512756907847097 0.97976742930448901 -0.50376918148035232 0.32762316226846638 6.8500000000000005 6.9401845139563836 -1.3495649999999999 16.950000000000003
decision_type=2 8 2 2 2 2 10 2 2 2 2 2 2 10
left_child=10 2 -2 4 9 13 7 8 -6 -3 -1 -7 -13 -5
right_child=1 3 -4 5 6 11 -8 -9 -10 -11 -12 12 -14 -15
leaf_value=0.0015059095152572064 0.0061610434088707816 -0.0006251192793828215 -1.193010873126177e-05 -4.4582003462956268e-05 -0.0040072874021588106 0.00072177878080192936 0.0008209539913485997 -0.0107525816309888 0.0013717478925147964 -0.00035584482446941951 0.00047267687886790591 0.0014931906210785329 -5.7152018111761295e-05 -0.008734940556596139
leaf_weight=32.046697616577148 27 43 28 20 30 141 91 34 66 26.093395233154297 24 24 274 20
leaf_count=27 27 43 28 20 30 141 91 34 66 16 24 24 274 20
internal_value=0.00102008 0.000421365 0.00758929 -0.000100423 -0.00241275 0.00130208 -0.000337838 -0.00343511 0 -0.00894999 0.00966169 0.00210227 0.000501672 -0.00731707
internal_weight=880.14 824.093 55 769.093 290.093 479 221 130 96 69.0934 56.0467 439 298 40
internal_count=865 814 55 759 280 479 221 130 96 59 51 439 298 40
is_linear=0
shrinkage=0.05


Tree=338
num_leaves=15
num_cat=0
split_feature=9 9 7 7 2 14 7 15 14 0 15 2 1 2
split_gain=0.903574 1.63078 1.57108 1.2011 1.16748 1.92568 1.57838 1.39835 1.63429 1.38244 1.34799 1.13179 1.50388 1.05951
threshold=-0.73129104477329354 -0.55193173126975836 4.9500000000000011 5.3500000000000005 10.75397776467535 0.95536100695339576 5.4500000000000011 -0.63385499999999995 6.6659335356803622 14.729040500317927 0.63776500000000014 12.57572110673229 14.360009529583502 11.469521479540292
decision_type=2 2 2 2 2 2 2 2 2 2 2 2 2 2
left_child=-1 3 -3 -2 6 -6 -4 8 13 10 -8 -9 -13 -7
right_child=1 2 4 -5 5 7 9 11 -10 -11 -12 12 -14 -15
leaf_value=-0.00024713217877916915 -0.00079036594546833547 -0.0012859762166756716 0.00017240596968025372 0.014787027718933532 -0.00032463466786617179 -0.0020742831222129803 0.00066767508302676424 0.0006607364662327476 -0.010344725778880171 0.0028858290239107687 -0.015241482680751074 -0.0080316959451923516 -7.6454852525920108e-05 0.0015156318185208352
leaf_weight=161 21 49 41.093395233154297 51 45.093395233154297 23 52 101 21 40 23 29 86 130
leaf_count=161 21 49 31 51 35 23 52 101 21 40 23 29 86 130
internal_value=0.00105813 0.0018228 0.00101375 0.00890411 0.00173087 0.000395936 0.00542566 0.00153453 0.00485714 0.00237069 -0.00164474 -0.00115207 -0.00452586 0.00665584
internal_weight=873.187 712.187 640.187 72 591.187 435.093 156.093 390 174 115 75 216 115 153
internal_count=853 692 620 72 571 425 146 390 174 115 75 216 115 153
is_linear=0
shrinkage=0.05


Tree=339
num_leaves=15
num_cat=0
split_feature=13 8 1 8 0 8 7 1 0 1 3 3 16 13
split_gain=0.879027 2.01512 1.40785 1.10065 1.00725 1.94176 1.33592 0.938124 1.66072 1.61608 0.933518 1.41354 1.06061 1.1392
threshold=2.7046638279755322 6.2500000000000009 16.039964072433438 13.050000000000002 13.662210811510691 10.850000000000003 5.2500000000000009 12.631510329845616 14.599023630551345 13.027969886460342 10.059817133207742 9.5902192356746792 0.10701500000000001 4.2656043041208509
decision_type=10 8 2 8 2 10 2 2 2 2 2 2 2 10
left_child=1 -1 3 -3 5 6 -2 8 -6 -9 11 -11 13 -12
right_child=4 2 -4 -5 7 -7 -8 9 -10 10 12 -13 -14 -15
leaf_value=-0.0026333092678097803 0.00020456912095243637 0.0012656935381649692 -0.0067839547595794697 0.0023577222912340434 -0.00038993747839621178 1.3453786422534808e-05 0.0016314124404442022 0.0051772603908363142 0.0019959354879227841 -0.00016545517645428777 -0.00021457931021012788 -0.027778763041290167 0.0012005142437437001 0.001765026024697647
leaf_weight=20 28.093395233154297 38 20 69 48.046697616577148 117 31 33 40 151 165 27 67 33
leaf_count=20 18 38 20 69 43 117 31 33 40 151 165 27 67 33
internal_value=0.0013806 0.00489865 0.00722656 0.00949074 0.000676211 0.0039659 0.0112714 -0.000356019 -0.00506664 0.000524109 -0.000281532 -0.00307263 0.00159774 -0.000251256
internal_weight=887.14 147 127 107 740.14 176.093 59.0934 564.047 88.0467 476 443 178 265 198
internal_count=872 147 127 107 725 166 49 559 83 476 443 178 265 198
is_linear=0
shrinkage=0.05


Tree=340
num_leaves=15
num_cat=0
split_feature=9 15 14 3 2 2 7 10 15 1 14 14 1 0
split_gain=1.17181 1.10861 1.30857 1.73696 1.5016 0.988717 0.885449 1.11959 1.3641 1.76597 0.935901 2.51539 1.07503 1.00322
threshold=0.72233645665352741 1.2809800000000002 2.3447760871238286 11.317034821916362 10.886539249200158 13.303708650551073 6.5500000000000007 0.92471001826442667 -1.3242799999999997 12.661806857947289 0.49302220331869934 0.63090527065408697 13.569070804978013 17.048322904156191
decision_type=2 2 2 2 2 2 2 2 2 2 2 2 2 2
left_child=6 2 4 -4 -2 -5 10 8 -8 -10 12 -12 -1 -13
right_child=1 -3 3 5 -6 -7 7 -9 9 -11 11 13 -14 -15
leaf_value=1.0185664699369214e-05 8.9003515794372099e-05 0.00013842855273669041 0.0014706695306394347 -0.0041040504897212563 -0.00027331357875907649 0.00049604716577349444 0.0079056904543801775 0.0018440862969806627 -0.027566065638130188 0.00029669323333846313 -0.00088100042325819005 -7.6297695242644181e-05 0.0022563752977460883 -0.0196242169310612
leaf_weight=97 46.046697616577148 21.046697616577148 34 22 38.046697616577148 55 21 38 20 131 27.046697616577148 295 21 20
leaf_count=97 41 16 34 22 33 55 21 38 20 131 22 295 21 20
internal_value=0.000958085 0.00415017 0.00293228 0.00647321 -0.00176277 0.00224359 -7.62502e-05 0.00260664 0.000867052 -0.000822368 -0.00130392 -0.00262695 0.00252101 -0.00134494
internal_weight=886.187 216.14 195.093 111 84.0934 77 670.047 210 172 151 460.047 342.047 118 315
internal_count=866 201 185 111 74 77 665 210 172 151 455 337 118 315
is_linear=0
shrinkage=0.05


Tree=341
num_leaves=15
num_cat=0
split_feature=9 2 14 13 13 3 14 8 3 10 8 13 1 3
split_gain=1.72451 1.22893 1.98325 1.22058 2.13873 1.94291 1.73061 1.79817 1.57021 1.21318 1.17555 1.18999 1.06078 0.940389
threshold=0.72233645665352741 10.886539249200158 2.3447760871238286 3.0790922744843354 3.185065009498079 12.101237045535745 1.0497485384633547 9.2500000000000018 13.511894145416049 0.25881904510252057 6.4150000000000009 2.4559573733023732 13.528879162832235 12.853949410011262
decision_type=2 2 2 8 8 2 2 10 2 2 8 10 2 2
left_child=3 9 -3 5 12 10 7 -6 -7 -2 -1 -12 -5 -8
right_child=1 2 -4 4 6 8 13 -9 -10 -11 11 -13 -14 -15
leaf_value=-0.00081991972057156033 0.00017468962372908803 -0.00013801208905662622 0.00057812849606349033 -0.00071926117573404289 0.00043397032508755431 -0.027161782032250149 0.00018934867991495798 -0.00047739023597777276 0.00038740815339572966 0.00011672876041270986 0.0096012885859618983 0.0010524757045681343 -0.035998050476674544 0.0024394453066216128
leaf_weight=20 54.140092849731445 39.046697616577148 104 21 35 31 254 96.046697616577148 21 28 20 116 21 56
leaf_count=20 39 34 104 21 35 31 254 91 21 28 20 116 21 56
internal_value=0.00163663 0.0054262 0.00259522 0.000395685 -0.000983722 0.00358852 5.39141e-05 -0.00474202 -0.00471698 0.0102658 0.00636943 0.0080292 -0.0116279 0.00209003
internal_weight=916.233 225.187 143.047 691.047 483.047 208 441.047 131.047 52 82.1401 156 136 42 310
internal_count=891 205 138 686 478 208 436 126 52 67 156 136 42 310
is_linear=0
shrinkage=0.05


Tree=342
num_leaves=15
num_cat=0
split_feature=14 9 0 9 8 3 2 2 13 10 5 7 9 14
split_gain=1.43763 1.58905 1.49806 1.55226 1.5149 1.44528 1.40773 1.87643 1.29718 1.27531 1.31988 1.26676 1.18055 1.06362
threshold=1.5868812521727478 0.19291292491168835 12.754631328093431 0.3379038511701401 35.250000000000007 9.1862526603954802 11.295877263346137 9.3903459918807766 2.6535031187055078 -0.5 5.554646837653177 5.3500000000000005 -0.25881904510252113 2.6270969435730076
decision_type=2 2 2 2 10 2 2 2 8 2 2 2 2 2
left_child=2 13 11 4 12 -3 7 -5 -7 -10 -11 -1 -4 -2
right_child=1 5 3 6 -6 8 -8 -9 9 10 -12 -13 -14 -15
leaf_value=0.00017220608045510576 0.0024633254978923881 0.0017304130997317425 -6.5823676835141681e-05 -0.00080766400724501019 -0.010419070269621189 0.0012520675885566046 -0.0030216348022527417 0.0005197760052197798 0.0043175963449592295 -0.0026162227508300219 0.00090717496369800981 -0.00012011926895511005 0.0037884199175073244 -5.4751954381043749e-05
leaf_weight=34.093395233154297 61 24 90 46.046697616577148 22 37 29.046697616577148 34 65 95 47 33 53 213
leaf_count=24 61 24 90 41 22 37 24 34 65 95 47 33 53 213
internal_value=0.00217714 0.00377532 -0.000365298 -0.00200781 0.00105422 0.00650558 -0.00660653 -0.00309905 0.00530612 0.00372596 0.00104895 0.00627572 0.00295139 0.00109091
internal_weight=883.187 542 341.187 274.093 165 268 109.093 80.0467 244 207 142 67.0934 143 274
internal_count=863 542 321 264 165 268 99 75 244 207 142 57 143 274
is_linear=0
shrinkage=0.05


Tree=343
num_leaves=15
num_cat=0
split_feature=1 13 8 8 14 8 3 3 1 13 14 4 0 16
split_gain=1.04871 0.996918 1.2513 1.12573 1.72865 1.03024 1.47875 1.32938 0.954607 0.858838 0.97071 2.13769 1.04182 1.29307
threshold=9.4244954428784684 3.8088337008098008 7.7500000000000009 10.370000000000003 1.7410078007070513 32.550000000000004 7.2301797797801095 12.243148930164491 14.27989329915639 3.6918790522500609 1.6154667750703615 5.1104703916605407 12.657179985727591 1.0000000180025095e-35
decision_type=2 8 10 10 2 10 2 2 2 10 2 2 2 2
left_child=-1 9 -3 4 -4 6 -5 8 -8 10 11 12 -2 -14
right_child=1 2 3 5 -6 -7 7 -9 -10 -11 -12 -13 13 -15
leaf_value=0.00014363592532810521 -0.0098530457790680717 0.0010424014789208735 -0.0045107803670986725 0.0017160307542332109 -0.00035550166247777515 -0.0015731423612099561 0.00016662439767409776 0.0074736992800690238 -0.0087931517379294614 0.00019090469203415119 0.00063967354094663926 -0.0096870141434047159 -0.0029451513414353817 0.0012793889179820552
leaf_weight=42.093395233154297 20 39 25.046697616577148 30 31 47 30 20 35 47.046697616577148 351 22 22 139
leaf_count=32 20 39 20 30 31 47 30 20 35 42 351 22 22 139
internal_value=0.00172255 0.00133862 -0.00126399 -0.00274447 -0.00878521 -0.000613497 0.00193966 -0.00145349 -0.00492424 0.00245192 0.00189189 -0.000857843 0.000961538 0.00231481
internal_weight=900.187 858.093 257.047 218.047 56.0467 162 115 85 65 601.047 554 203 181 161
internal_count=880 848 252 213 51 162 115 85 65 596 554 203 181 161
is_linear=0
shrinkage=0.05


Tree=344
num_leaves=15
num_cat=0
split_feature=10 7 3 4 1 14 9 13 13 14 7 14 7 15
split_gain=0.773254 0.893851 2.05783 1.35778 1.94776 1.06819 0.963335 0.927305 0.966685 0.87233 2.24393 1.13918 1.13064 1.03468
threshold=-0.98868868691483869 6.2500000000000009 10.567141524696126 6.6929615404479659 13.037661843202228 2.8173402638296863 -0.80246366112812384 2.5921133604243618 2.4559573733023732 0.52044368876136793 5.1500000000000012 0.68403410330662517 5.4500000000000011 0.17533000000000001
decision_type=2 2 2 2 2 2 2 10 8 2 2 2 2 2
left_child=-1 7 5 -4 -5 -3 -6 8 -2 10 -9 -11 -12 -13
right_child=1 2 3 4 6 -7 -8 9 -10 11 12 13 -14 -15
leaf_value=-0.00076923273059318904 0.00030710510718836572 0.0010964956778252821 0.0028190225802703361 -0.018338360263311371 -0.0030683968539024333 0.0012087251609405937 0.00047468489707742646 -0.00030381797918539179 -0.0011722605473282633 -1.123145483982511e-05 0.00010110340285180348 0.00063140743508891548 0.00014926025575694621 -0.00056763136429516248
leaf_weight=45 35 96 46 20 36 38 143 63 36 28.046697616577148 29.093395233154297 138 40.046697616577148 108
leaf_count=45 35 96 46 20 36 38 143 63 36 23 19 138 35 108
internal_value=0.00252424 0.00286091 0.00467105 0.00193089 0.000125 0.00962963 0.00180556 0.00141647 -0.00381944 0.00233882 0.00565947 0.000722905 0.0118121 0.00182186
internal_weight=901.187 856.187 379 245 199 134 179 477.187 71 406.187 132.14 274.047 69.1401 246
internal_count=881 836 379 245 199 134 179 457 71 386 117 269 54 246
is_linear=0
shrinkage=0.05


Tree=345
num_leaves=15
num_cat=0
split_feature=9 2 14 16 14 1 14 14 0 14 10 14 10 11
split_gain=1.47355 2.2418 1.71795 1.46055 1.62837 1.43339 1.2581 0.938356 1.33595 0.983615 0.886769 0.840503 0.766521 0.710891
threshold=0.72233645665352741 10.906634112744191 0.11421325523412328 0.10701500000000001 2.2066795709598694 12.116287536430383 3.6263617620426336 0.52044368876136793 14.376791297386331 0.75954717187007736 0.25881904510252057 0.058937518786439401 0.96126169593831889 1.0000000180025095e-35
decision_type=2 2 2 2 2 2 2 2 2 2 2 2 2 2
left_child=2 5 11 4 -3 -2 -6 8 -4 -9 -8 -1 13 -11
right_child=1 3 7 -5 6 -7 10 9 -10 12 -12 -13 -14 -15
leaf_value=-0.00054605205505366963 -0.00012734769996534546 -0.00057904090570859673 -0.000261285861086652 0.00093278345276572863 0.0003919919560261054 0.003011909615301019 -0.00024575339261699857 -0.0018601131527461569 0.00015510278982627711 0.00030444312090796013 0.0011277025451128964 -0.0065789870690935283 0.0011410859547257735 -0.0010208802871538804
leaf_weight=55 42.093395233154297 25.046697616577148 25 47 23 33.046697616577148 34 41 30.046697616577148 358 21 21 65 67
leaf_count=55 32 20 25 47 23 28 34 41 25 358 21 21 65 67
internal_value=0.00172083 0.00520514 0.000529627 0.00164739 -0.00169316 0.0121947 0.00189873 0.00144991 0.00760379 0.000798872 -0.00223214 -0.00649351 0.00142566 0.00064554
internal_weight=887.233 225.187 662.047 150.047 103.047 75.1401 78 586.047 55.0467 531 55 76 490 425
internal_count=862 205 657 145 98 60 78 581 50 531 55 76 490 425
is_linear=0
shrinkage=0.05


Tree=346
num_leaves=15
num_cat=0
split_feature=10 10 13 0 9 7 14 5 13 13 9 13 15 10
split_gain=1.33346 1.86348 1.62383 1.11616 1.24198 1.06877 1.07764 1.01484 1.03072 2.8066 1.00005 0.921783 1.41295 1.18487
threshold=-0.19722537325836093 -0.47715421805211583 4.590222163723535 15.421218784397645 -0.13268856124688772 5.2500000000000009 3.4005108782020406 3.4710783528497351 3.3231252918076066 3.6087657616108557 0.94478581029364217 3.8839624827357651 -0.56013499999999994 0.32762316226846638
decision_type=2 2 8 2 2 2 2 2 8 10 2 10 2 2
left_child=1 3 11 4 5 -1 -7 8 -6 -10 -3 12 -2 -13
right_child=2 10 -4 -5 7 6 -8 -9 9 -11 -12 13 -14 -15
leaf_value=0.00068053302286021913 0.00058130890043984747 -0.0028525810356984614 0.002301313305831046 -0.00016017663113268024 0.0038446423673806243 -0.0098895065780162938 0.00081953663002083405 0.0014114169733176031 -0.026086443995681319 0.0062787497561495494 -5.9093618538134094e-05 0.001274444922891338 0.0001092353491545309 -0.00098709814196387149
leaf_weight=22 89.046697616577148 48.046697616577148 31.046697616577148 144 48 36 28 21 22 28 25.046697616577148 28 271.04669761657715 59
leaf_count=22 84 43 26 144 48 36 28 21 22 28 20 28 266 59
internal_value=0.00216759 0.000118177 0.00397275 0.00164286 0.00400485 -0.000574713 -0.00384615 0.00729167 0.00505051 0 -0.00708565 0.00318535 0.00429898 -0.00142045
internal_weight=900.233 422.093 478.14 349 205 86 64 119 98 50 73.0934 447.093 360.093 87
internal_count=875 412 463 349 205 86 64 119 98 50 63 437 350 87
is_linear=0
shrinkage=0.05


Tree=347
num_leaves=15
num_cat=0
split_feature=8 13 5 8 7 13 15 7 13 1 13 10 10 5
split_gain=0.865486 1.58541 1.66699 1.04891 1.67768 1.64554 1.50395 1.41482 1.99332 1.24119 1.18261 1.08697 1.08136 1.3648
threshold=7.9000000000000012 4.1608181327570675 3.7187503938003199 28.050000000000004 5.7500000000000009 3.5483580088285533 0.73686500000000021 6.4500000000000011 3.6664690194081797 12.433408396918468 3.0909836995657325 0.93200786928279833 0.26512974748379775 5.3844529770182641
decision_type=8 8 2 10 2 10 2 2 8 2 10 2 2 2
left_child=1 2 -1 4 5 6 -2 8 10 -7 -5 12 -6 -14
right_child=3 -3 -4 7 11 9 -8 -9 -10 -11 -12 -13 13 -15
leaf_value=-0.0011388435967022215 0.00062389540690412917 0.0059648122683420681 5.2781076119701181e-05 -0.0040413535702071178 0.00094126580552704735 7.9989754950527978e-05 -0.0018497369121071472 0.0010782988207687862 -0.0094563563143190491 0.00061933722668320321 0.0021959126288199739 0.0019152647638829624 -0.00011411466566689773 0.0004142183941666655
leaf_weight=69 83 24 27 40 210 40.186790466308594 42 113 30 49 30 35 54.046697616577148 26
leaf_count=69 83 24 27 40 210 20 42 113 30 49 30 35 49 26
internal_value=0.00269516 -0.00123967 -0.00412371 0.00332367 0.00449528 0.00792181 0.00416667 0.000350467 -0.0039604 0.0130803 0.000704225 0.00222003 0.00119854 -0.00371597
internal_weight=872.233 120 96 752.233 539.233 214.187 125 213 100 89.1868 70 325.047 290.047 80.0467
internal_count=847 120 96 727 514 194 125 213 100 69 70 320 285 75
is_linear=0
shrinkage=0.05


Tree=348
num_leaves=15
num_cat=0
split_feature=1 1 13 8 8 5 5 1 4 15 9 1 10 13
split_gain=1.07593 1.48552 2.15055 1.31529 1.78791 0.89967 1.77749 1.26817 1.36697 0.986843 0.689392 0.687382 0.619915 0.612707
threshold=11.005113196168786 12.472406226667768 4.418491763870585 14.950000000000001 31.900000000000002 5.3844529770182641 8.3166628455135054 15.879478331307986 7.251344731875748 -0.086219999999999991 0.36040299391450087 9.9532426738528574 -0.38469719700095517 2.4009249020927004
decision_type=2 2 8 10 10 2 2 2 2 2 2 2 2 8
left_child=11 2 3 -2 -5 7 12 13 -9 10 -8 -1 -7 -3
right_child=1 5 -4 4 -6 6 9 8 -10 -11 -12 -13 -14 -15
leaf_value=0.00017670814244655008 -0.00081607516622211873 0.011370330543392005 6.2658076485438367e-07 -1.9372429693494978e-05 -0.0032863535285825476 0.001128055630309599 -0.013087498895697115 0.0079111651619567566 -0.0043045892966572241 0.00087320863122175574 0.00020909771833603765 0.0015323752246966305 0.0082029665452624471 1.8486052657618048e-05
leaf_weight=47.046697616577148 53.046697616577148 22 22.046697616577148 41.046697616577148 26 25 25 23 25 33 27 31 30 454
leaf_count=42 48 22 17 36 26 25 25 23 25 33 27 31 30 454
internal_value=0.00203611 0.00148818 -0.00313562 -0.00578066 -0.00108503 0.0024812 0.00602837 0.00152381 0.00918367 0.00145349 -0.00283019 0.00760522 0.0129464 0.000733753
internal_weight=884.187 806.14 142.14 120.093 67.0467 664 140 524 48 85 52 78.0467 55 476
internal_count=864 791 127 110 62 664 140 524 48 85 52 73 55 476
is_linear=0
shrinkage=0.05


Tree=349
num_leaves=15
num_cat=0
split_feature=0 0 7 1 7 1 1 0 0 14 7 9 16 9
split_gain=1.73123 1.16408 1.16508 1.34792 1.12176 1.10215 2.07401 1.24731 1.0933 1.16852 1.00972 1.69009 1.41148 1.7857
threshold=11.473377350654021 12.341179895169182 5.3500000000000005 11.646432995679277 5.2500000000000009 13.099807726716778 11.885105159201204 14.527239206334718 16.989647723649092 3.4005108782020406 6.8500000000000005 -0.54646613226747032 1.0000000180025095e-35 0.55554907860749159
decision_type=2 2 2 2 2 2 2 2 2 2 2 2 2 2
left_child=-1 -2 4 -4 5 6 -3 -7 10 -10 11 -5 -13 -14
right_child=1 2 3 8 -6 7 -8 -9 9 -11 -12 12 13 -15
leaf_value=0.00031369744280455207 -0.01448906505176404 0.005426079350880908 0.0016644051076358782 0.0018171731227634158 -0.0068311661112813232 0.0090839961538230485 -0.00259524867997909 -1.2135344178765273e-05 -0.0034924582865399458 7.4550310610144169e-05 0.0011630102551711487 -0.00069152507730034789 -0.00026289685267228969 0.00062106162951505207
leaf_weight=59.046697616577148 32 22 47.046697616577148 102 21 20 34 43 22 36 139 83 140 100.04669761657715
leaf_count=54 32 22 42 102 21 20 34 43 22 36 139 83 140 95
internal_value=0.0022233 0.00163561 0.00200882 0.00287622 -0.00212766 -0.000208333 -0.00526316 0.00429688 0.0022489 -0.00423729 0.00292218 0.00170443 -7.35467e-05 0.0018717
internal_weight=900.14 841.093 809.093 669.093 140 119 56 63 622.047 58 564.047 425.047 323.047 240.047
internal_count=885 831 799 659 140 119 56 63 617 58 559 420 318 235
is_linear=0
shrinkage=0.05


Tree=350
num_leaves=15
num_cat=0
split_feature=0 13 8 8 3 2 2 9 1 1 0 0 13 9
split_gain=1.44641 2.05099 1.26257 1.94673 1.46184 1.71923 1.29319 1.39219 1.61109 1.68858 1.58632 2.54914 1.16901 1.00002
threshold=12.949469870750768 3.4104915591470446 10.370000000000003 14.65 6.7071473295827539 11.549255986512796 6.6483263812505102 -0.27773318492399607 13.482790283390907 14.373089347844777 14.004921479957348 14.901640119333409 4.1608181327570675 -0.28818529450328151
decision_type=2 10 10 10 2 2 2 2 2 2 2 2 10 2
left_child=1 -1 13 4 -4 -6 -5 8 -8 -10 -9 -12 -3 -2
right_child=2 12 3 6 5 -7 7 10 9 -11 11 -13 -14 -15
leaf_value=4.739305748613365e-05 0.00042478509319617832 0.00079718678113899991 0.001182946963369486 -0.0039655798040991981 -0.0030142024390338307 0.0047538300583158336 0.0009708652278114738 -0.00087935311052914078 -0.040115004603404718 -0.00025896708741983686 0.0021534031173177093 0.00014388553736260912 0.00012798093676855694 -0.00017547624066866654
leaf_weight=76 77 46.093395233154297 25.046697616577148 27 32 65 31 43 32 70 60 144 23 139.04669761657715
leaf_count=76 77 36 20 27 32 65 31 43 32 70 60 144 23 134
internal_value=0.00179798 0.00634755 0.000904712 0.00221899 0.00773013 0.00484694 0.000551471 0.00131234 -0.00279851 -0.00582524 0.00352823 0.00536585 0.0125167 -0.00230903
internal_weight=890.187 145.093 745.093 529.047 122.047 97 407 380 133 102 247 204 69.0934 216.047
internal_count=870 135 735 524 117 97 407 380 133 102 247 204 59 211
is_linear=0
shrinkage=0.05


Tree=351
num_leaves=15
num_cat=0
split_feature=0 9 12 9 15 14 14 2 9 14 14 1 5 15
split_gain=1.41505 0.927628 1.80996 0.879406 0.809781 1.49963 2.32541 0.836876 2.04739 1.31329 1.23745 2.20904 1.28704 1.31209
threshold=11.473377350654021 0.86382728211298232 1.5000000000000002 0.74311652879956314 -1.1068949999999997 3.3573234301341457 5.0734674838097407 11.862066468840895 0.3379038511701401 1.5868812521727478 3.181825292473111 14.661584835516418 5.3844529770182641 -0.67852499999999993
decision_type=2 2 10 2 2 2 2 2 2 2 2 2 2 2
left_child=-1 3 -3 4 5 -2 -7 8 -6 -10 11 -9 13 -12
right_child=1 2 -4 -5 7 6 -8 10 9 -11 12 -13 -14 -15
leaf_value=0.00045322284251515647 -0.0025887455727974743 0.00031117938238670598 -0.00028007563479930217 0.0075128932413894515 0.00011109996925184884 0.0033256200114329393 -0.0057047254528044163 0.0078147368726663845 -0.00055242067574003345 -1.951009549761018e-05 0.0016871650635206237 -0.00074813237103512622 0.0012827848076165883 -0.0025682266519233554
leaf_weight=60.046697616577148 37 92 72.046697616577148 27 230 25 25 54 43.046697616577148 27 30 36 63 78
leaf_count=55 37 92 67 27 230 25 25 54 38 27 30 36 63 78
internal_value=0.00085968 0.000324565 -0.00303652 0.00114464 0.000768562 -0.00369318 0.00196078 0.00146577 -0.000336052 -0.00775782 0.00353053 0.00824176 0.00101744 -0.00229358
internal_weight=899.14 839.093 164.047 675.047 648.047 87 50 561.047 300.047 70.0467 261 90 171 108
internal_count=884 829 159 670 643 87 50 556 295 65 261 90 171 108
is_linear=0
shrinkage=0.05


Tree=352
num_leaves=15
num_cat=0
split_feature=0 1 0 14 8 4 9 1 3 15 8 1 9 9
split_gain=1.65221 1.57719 2.1027 1.18797 1.51612 1.32576 1.01506 1.66761 2.17348 0.958418 1.47969 1.03995 0.895213 1.19449
threshold=14.232945488820407 12.296305439178973 15.105725432327132 4.2009344006411995 42.550000000000004 10.958305702476432 -0.70710678118654735 11.608527579552712 10.799053961497696 0.66927500000000018 12.65 14.716209395592537 0.77711637012006718 0.087148275903737818
decision_type=2 2 2 2 10 2 2 2 2 2 10 2 2 2
left_child=3 2 -2 4 6 -5 -1 -8 12 -3 -11 -12 13 -9
right_child=1 9 -4 5 -6 -7 7 8 -10 10 11 -13 -14 -15
leaf_value=-0.0018584792681049624 -0.00013789298638691635 0.00020220328804250177 0.0017490967806595981 -0.018091176376871142 0.0035117546125679189 0.00078828310850223018 0.00078769368977690845 -0.008284703748556544 0.0029531742637341376 -0.0049074994804640506 0.0062035151577842012 -0.016050965227231064 -0.00157127301662352 0.0024194008236271269
leaf_weight=36 33.093395233154297 464 20 20 20 21 72.046697616577148 30 32 32 27 24 28 29
leaf_count=36 23 464 20 20 20 21 67 30 32 32 27 24 28 29
internal_value=0.00174194 0.000245661 -0.00789995 0.00484755 0.00615274 -0.00297619 0.00493832 0.00638474 0.00270833 0.00104927 -0.00386905 0.00144231 -0.00142045 0.00208333
internal_weight=888.14 600.093 53.0934 288.047 247.047 41 227.047 191.047 119 547 83 51 87 59
internal_count=873 590 43 283 242 41 222 186 119 547 83 51 87 59
is_linear=0
shrinkage=0.05


Tree=353
num_leaves=15
num_cat=0
split_feature=1 14 1 9 15 12 14 10 14 9 1 14 16 14
split_gain=1.73135 1.77121 1.15137 1.12904 1.35593 0.863372 0.837964 1.61962 1.4356 1.89862 1.28571 0.895684 0.801461 1.54873
threshold=11.608527579552712 0.17402358215675648 12.029123607027712 -0.70556075282125752 -0.94026999999999983 1.5000000000000002 1.0838075382501009 -0.061027619725079495 1.6154667750703615 0.087148275903737818 13.652850163074616 1.7969789656545367 0.10701500000000001 3.6263617620426336
decision_type=2 2 2 2 2 10 2 2 2 2 2 2 2 2
left_child=3 5 -3 -1 -5 -2 7 10 9 -8 -4 -10 -13 -14
right_child=1 2 6 4 -6 -7 8 -9 11 -11 -12 12 13 -15
leaf_value=-0.0047203885059569628 -0.00018305961393294545 -1.1453288307706612e-05 -0.0017392712175981651 2.1589148479317369e-05 0.00074600862279440312 -9.5293691612999114e-05 0.00047936910026320502 0.0095555446255978452 0.0091175163165459934 -0.03098836874326821 0.0016901745258152579 6.1256720015445694e-06 -0.00010290468527589525 0.0033038109703779519
leaf_weight=26 28 32.046697616577148 35 29 64.093395233154297 25.046697616577148 36 60 23 25 27 307 72 75
leaf_count=26 28 27 35 29 54 20 36 60 23 25 27 307 72 75
internal_value=0.00173373 0.000834567 0.00151336 0.00730544 0.00985547 -0.00788517 0.00196672 0.00569106 0.00111317 -0.00604839 0 0.00203975 0.00153846 0.00456081
internal_weight=864.187 745.093 692.047 119.093 93.0934 53.0467 660 122 538 61 62 477 454 147
internal_count=844 735 687 109 83 48 660 122 538 61 62 477 454 147
is_linear=0
shrinkage=0.05


Tree=354
num_leaves=15
num_cat=0
split_feature=4 0 14 15 13 10 7 1 1 0 4 9 9 12
split_gain=1.29281 1.13087 1.81387 2.65025 1.64346 1.35986 1.06264 0.862257 0.842778 2.03511 1.15575 1.25163 1.12795 1.0493
threshold=12.725781394430198 12.754631328093431 0.83985702679617391 -0.79966499999999996 3.7937825868612669 -0.38469719700095517 5.1500000000000012 13.051718662833805 15.568314165558796 16.731671075892866 10.877505316597103 0.44032991850403941 -0.26092512978024823 2.5000000000000004
decision_type=2 2 2 2 10 2 2 2 2 2 2 2 2 10
left_child=1 4 3 -3 5 -1 7 -5 10 12 13 -12 -10 -4
right_child=-2 2 8 6 -6 -7 -8 -9 9 -11 11 -13 -14 -15
leaf_value=0.0040914348168226145 -0.00094398037173515359 -0.00055344648953161921 0.00021371771993156097 -0.0016260235696167191 0.000610733772521698 -0.0092626087398797602 0.001478317054526457 0.0005658637536947287 -0.00047979990924118532 0.0040462035778243586 0.011294724238784682 -0.00034212824206178997 -0.0056557569196454167 0.0019802681730712647
leaf_weight=35 35 47.093395233154297 329 38 43.093395233154297 39 82 23 21 37 38 20 32 74
leaf_count=35 35 37 329 38 33 39 82 23 21 37 38 20 32 74
internal_value=0.00164954 0.00203681 0.0013107 -0.00289039 0.00658237 0.002 0.000520833 -0.00443548 0.00276268 -0.00164835 0.00362554 0.0101695 -0.00787037 0.00266089
internal_weight=893.187 858.187 741.093 190.093 117.093 74 143 61 551 90 461 58 53 403
internal_count=873 838 731 180 107 74 143 61 551 90 461 58 53 403
is_linear=0
shrinkage=0.05


Tree=355
num_leaves=15
num_cat=0
split_feature=0 1 2 8 3 2 8 0 1 8 13 9 15 9
split_gain=1.08338 1.28097 1.69273 1.13568 1.05469 1.84449 1.36955 1.30579 2.25817 1.2402 1.00641 0.761954 0.743066 0.653622
threshold=14.440450219725948 13.512443201419904 11.35266266907036 16.650000000000002 12.881188419440607 11.06362216610218 11.950000000000001 10.075518657417684 11.885105159201204 36.850000000000009 3.3466840214647262 -0.96703673333358797 -0.43006499999999998 0.9562228270146037
decision_type=2 2 2 10 2 2 10 2 2 10 10 2 2 2
left_child=4 2 3 -2 5 7 -7 -1 -9 12 -10 -3 -8 -13
right_child=1 11 -4 -5 -6 6 9 8 10 -11 -12 13 -14 -15
leaf_value=-9.3852971994885955e-05 0.0016226880148988211 0.0068054398088207794 -0.00074388168264314324 -0.0002269816578086283 -0.0011980541158402415 0.00069313095749467982 0.001266079699684397 0.00082060635271161662 0.00049915468306060973 0.0044918702157787371 -0.0057780601915398359 1.8054304578668524e-05 -0.00075425251113124818 0.00083531241240780707
leaf_weight=30.046697616577148 54 24 46.046697616577148 36.046697616577148 20 35.046697616577148 28 79.046697616577148 37 23 44 363 43 37
leaf_count=25 54 24 41 31 20 30 28 74 37 23 44 363 43 37
internal_value=0.00152608 0.000174062 -0.00402889 -1.28224e-05 0.00375189 0.00445482 0.00904419 0.00130826 0.00311194 0.00578947 -0.0027439 0.00152941 0.00243056 0.000997506
internal_weight=899.233 560.093 136.093 90.0467 339.14 319.14 129.047 190.093 160.047 94 81 424 71 400
internal_count=874 550 126 85 324 304 124 180 155 94 81 424 71 400
is_linear=0
shrinkage=0.05


Tree=356
num_leaves=15
num_cat=0
split_feature=0 9 10 10 0 14 2 12 1 9 0 12 0 9
split_gain=0.966196 2.21584 1.37078 1.60868 2.07666 1.5052 1.96327 1.3904 1.31259 1.16195 1.1601 1.1165 1.00417 0.995776
threshold=12.894777939625641 0.65275975246272278 0.13700940710561552 0.26512974748379775 14.860309023567794 0.07547596405735861 9.5129043380772824 1.0000000180025095e-35 13.366280323164689 0.76463845645075346 15.097653762633401 2.5000000000000004 14.004921479957348 0.65275975246272278
decision_type=2 2 2 2 2 2 2 10 2 2 2 10 2 2
left_child=1 -1 5 10 12 -2 -7 -6 -8 11 -4 -9 -5 -14
right_child=2 -3 3 4 7 6 8 9 -10 -11 -12 -13 13 -15
leaf_value=0.00013820031270894706 -0.00031194835318224402 0.00048303931502928336 0.00095816177801981157 0.00021984605392691425 0.0020063056447693463 0.0021152125035619031 -0.0010701811132460826 -0.0013405048957450428 7.5097394947043483e-05 9.9127242147434294e-05 0.025214151853108043 0.00022720244655457524 0.0014776672178541173 0.00042083133878940694
leaf_weight=98 30.046697616577148 42.093395233154297 27 43 39 34 86 81 270 22 23 29 41 20
leaf_count=98 25 32 27 43 39 34 86 81 270 22 23 29 41 20
internal_value=0.00189154 0.00568655 0.00117128 0.00360429 0.00208333 -0.000715283 0.000127877 -0.00130814 -0.000980392 -0.0037594 0.0117647 -0.00585586 0.00761905 0.0116935
internal_weight=885.14 140.093 745.047 325 275 420.047 390 171 356 132 50 110 104 61
internal_count=870 130 740 325 275 415 390 171 356 132 50 110 104 61
is_linear=0
shrinkage=0.05


Tree=357
num_leaves=15
num_cat=0
split_feature=9 7 13 1 2 10 13 15 14 8 2 7 3 15
split_gain=0.880067 1.41327 1.68554 1.33973 2.26376 2.87737 1.86 1.52842 1.98126 1.47835 1.21635 1.08565 1.2392 1.05765
threshold=0.26092512978024796 7.2500000000000009 3.1941859788175644 12.631510329845616 11.327456641317992 -0.19722537325836093 4.1138350622584694 -0.94165999999999983 0.6981668640907871 25.205000000000002 9.5129043380772824 7.1500000000000012 9.4078131508830243 -1.1770999999999998
decision_type=2 2 8 2 2 2 10 2 2 10 2 2 2 2
left_child=1 13 -3 4 5 -2 7 9 -9 -5 -7 12 -10 -1
right_child=3 2 -4 6 -6 10 -8 8 11 -11 -12 -13 -14 -15
leaf_value=-0.00060513240267155992 -8.4402941937457689e-05 -0.00013343445756763828 0.0061367087045443806 -0.00041320576254458844 -0.00058038677888711887 -0.00092158159970563431 0.0021830237269024554 0.0033391523000117166 -0.0031426512982586255 0.00073717504615414828 0.0010090926272707166 -0.0040741687217428655 6.6638977517952116e-05 0.00055873884186499192
leaf_weight=72 45.093395233154297 26 33 23 28.093395233154297 25 35 20 43 21 25.046697616577148 21 92 399
leaf_count=72 35 26 33 23 18 25 35 20 43 21 20 21 92 399
internal_value=0.00104098 0.00235405 0.00958333 -0.000800305 -0.00505904 -0.00131233 0.00126953 -0.000452489 -0.00254237 0.00777778 0.00687934 -0.0044586 -0.00275735 0.00143008
internal_weight=908.233 530 59 378.233 123.233 95.1401 255 220 176 44 50.0467 156 135 471
internal_count=883 530 59 353 98 80 255 220 176 44 45 156 135 471
is_linear=0
shrinkage=0.05


Tree=358
num_leaves=15
num_cat=0
split_feature=8 13 13 16 0 14 13 0 10 2 8 1 1 0
split_gain=1.20828 1.38835 1.2813 1.19905 1.17169 1.74211 1.69956 1.41386 1.38971 1.69069 1.26387 1.36518 1.66134 1.23503
threshold=8.0500000000000025 2.6828860749957557 3.3112361679976097 0.10701500000000001 14.455119669859839 1.1537219472246001 4.2656043041208509 16.429227772376176 -0.934340029265598 13.248656899503709 17.850000000000005 13.932903965974827 12.068010918479471 14.967081316659101
decision_type=8 8 10 2 2 2 8 2 2 2 10 2 2 2
left_child=1 -1 -3 -4 10 -6 8 -8 9 -7 11 12 -2 -10
right_child=4 2 3 -5 5 6 7 -9 13 -11 -12 -13 -14 -15
leaf_value=-0.003121406361574053 0.00031552927917863908 0.0087051679004412474 -0.00018865900321368012 0.00071413426565352105 -0.00031661109757417097 0.010697393499775831 0.0058928174964075104 -0.00010280024827662438 -0.003241817579050954 -0.0017641380204124425 0.00015219728689025436 -0.0005746385967399626 0.0054007603136816858 -7.4176367908229682e-05
leaf_weight=30 40 36 51.046697616577148 34 113.0933952331543 22 37 26 32 20 175 26 44 191
leaf_count=30 40 36 46 34 103 22 37 26 32 20 175 26 44 191
internal_value=0.000593866 -0.00346056 -0.00103376 -0.00437167 0.00144089 -0.000174929 0.00167173 0.00898438 -9.3985e-05 0.00813953 0.00393357 0.00810811 0.0111765 -0.00167411
internal_weight=877.14 151.047 121.047 85.0467 726.093 441.093 328 63 265 42 285 110 84 223
internal_count=862 146 116 80 716 431 328 63 265 42 285 110 84 223
is_linear=0
shrinkage=0.05


Tree=359
num_leaves=15
num_cat=0
split_feature=7 10 0 1 8 8 14 14 13 13 2 3 14 4
split_gain=1.07529 0.959029 0.985921 2.31487 1.42196 1.18666 2.50575 1.58248 1.40188 1.0648 1.04451 0.985598 1.25666 1.00263
threshold=7.6500000000000012 0.96648588260150581 14.269691498359245 12.190510858438126 6.4150000000000009 15.050000000000002 4.5634753937914576 3.4359771831031263 3.8929717452605272 2.3971430428195508 9.5129043380772824 6.5822274828246474 1.2302211569316757 12.307591968606514
decision_type=2 2 2 2 10 10 2 2 8 8 2 2 2 2
left_child=1 2 5 -4 -5 8 7 -7 10 -6 -1 -11 -13 -14
right_child=-2 -3 3 4 9 6 -8 -9 -10 11 -12 12 13 -15
leaf_value=6.9569366213340086e-05 0.0008112550060775936 0.0033697624532603499 -0.0026135245297258308 -0.00069243176661445418 0.0073020565670863574 -6.7512366597194401e-05 -0.021848997625664748 0.0029970031694687596 -1.1890853331842568e-05 0.001475891556833986 0.003865966967480271 -0.0027764570480111939 -0.000204012200146797 0.0020497589946374185
leaf_weight=37 40 36 33.046697616577148 49 22 101 20 23 37.046697616577148 73 45.046697616577148 37 285 28
leaf_count=37 40 36 28 49 22 101 20 23 32 73 40 37 285 28
internal_value=0.000632923 0.000240386 -0.000127876 -0.0013752 -0.000505051 0.00236659 -0.000689655 0.002 0.00603697 0.000392377 0.00964719 -0.000176887 -0.00128205 -0.000238854
internal_weight=866.14 826.14 790.14 527.047 494 263.093 144 124 119.093 445 82.0467 423 350 313
internal_count=851 811 775 522 494 253 144 124 109 445 77 423 350 313
is_linear=0
shrinkage=0.05


Tree=360
num_leaves=15
num_cat=0
split_feature=7 1 0 1 10 7 10 10 13 13 13 13 13 3
split_gain=1.0755 1.00088 2.63127 1.62822 1.38252 1.01925 1.25933 1.32876 0.961893 0.952322 0.918093 0.869121 0.780854 0.77504
threshold=4.8500000000000005 11.885105159201204 11.81295623839134 12.339994544195413 -0.38469719700095517 6.7500000000000009 0.85713466239780911 -0.47715421805211583 3.3679762682953696 3.7837355977586644 3.856502663628596 3.7109553227416177 3.3604095357856996 8.5222745089400949
decision_type=2 2 2 2 2 2 2 2 8 10 10 10 8 2
left_child=-1 2 11 13 -4 -5 7 12 -9 -10 -6 -2 -7 -3
right_child=1 3 4 5 10 6 -8 8 9 -11 -12 -13 -14 -15
leaf_value=-0.0019801124209060275 0.00046992455769639398 -0.00039758485661922155 0.0004570273487410015 -3.3278847636752931e-05 0.0052507149605156671 0.0088836342733537802 0.0016611695875263567 -0.0032410387974898258 0.00055896331246561013 -0.0010559688958676095 -0.00017824953488551067 -0.00020405849920496536 0.00062721500834956874 -0.00067925778313391314
leaf_weight=51 25 30.093395233154297 30 478 34.046697616577148 39 31 36 21 22 22.046697616577148 27.046697616577148 39 30
leaf_count=51 25 20 30 478 29 39 31 36 21 22 17 22 39 30
internal_value=0.000735438 0.00115441 0.00503929 0.00040939 0.0103605 0.00112444 0.0042328 0.00237342 -0.0021875 0.00284091 0.0149288 -0.00379227 0.00696203 -0.00740399
internal_weight=915.233 864.233 138.14 726.093 86.0934 666 188 157 79 43 56.0934 52.0467 78 60.0934
internal_count=890 839 123 716 76 666 188 157 79 43 46 47 78 50
is_linear=0
shrinkage=0.05


Tree=361
num_leaves=15
num_cat=0
split_feature=16 7 9 9 14 13 5 10 3 15 13 8 5 2
split_gain=1.31405 1.30519 1.17539 2.62544 1.77201 1.72698 1.22236 1.04482 0.910393 0.906166 1.57136 0.851881 0.831344 1.02345
threshold=1.0000000180025095e-35 6.8500000000000005 0.9562228270146037 0.91613344851476464 2.5775460472523744 3.0186624058275657 7.3218127994673532 0.71473537162315115 10.16906799463011 -0.11977499999999999 3.3112361679976097 13.950000000000001 5.7062624254307925 11.230515598693252
decision_type=2 2 2 2 2 8 2 2 2 2 8 10 2 2
left_child=1 7 3 4 8 -4 12 9 -2 10 -1 -12 13 -6
right_child=2 -3 5 -5 6 -7 -8 -9 -10 -11 11 -13 -14 -15
leaf_value=0.0011402584905820135 0.00027659903383214703 0.00052523898893719334 -0.00035830089841772941 -0.0013393463950166773 0.0080162825845494726 0.00012878943737608915 0.00085873738642048289 0.00032556202408241531 0.022752260142750832 -0.01942238453933659 -0.0007064439222895819 -0.0024453739363566652 -0.011880410072271981 -0.00057354709255882377
leaf_weight=26 282.04669761657715 72 30 28.093395233154297 21 42.046697616577148 66 26 23 27 33 46 21 161
leaf_count=26 277 72 30 18 21 37 66 26 23 27 33 46 21 161
internal_value=0.000441898 -0.00281385 0.00155513 0.000827059 0.00156712 0.00754541 -0.00138889 -0.00534591 0.00416985 -0.00714286 -0.00495283 -0.0084375 -0.00330882 -0.00218579
internal_weight=904.187 230 674.187 602.14 574.047 72.0467 269 158 305.047 132 105 79 203 182
internal_count=884 230 654 587 569 67 269 158 300 132 105 79 203 182
is_linear=0
shrinkage=0.05


Tree=362
num_leaves=15
num_cat=0
split_feature=0 8 16 7 0 3 13 1 13 8 1 3 9 5
split_gain=0.950507 2.27826 1.34239 1.28335 1.44977 1.45886 1.47175 1.27752 1.5228 1.18525 1.16991 1.10719 1.19808 1.08666
threshold=13.844281654504199 14.950000000000001 -0.33242999999999995 5.8500000000000005 16.608240043835483 9.7725930922188802 4.2571344728507414 12.847149248795558 3.1339001270843778 6.6500000000000012 13.932903965974827 5.2544752012255964 0.087148275903737818 6.1658424761504458
decision_type=2 10 2 2 2 2 8 2 10 8 2 2 2 2
left_child=1 9 -2 7 5 10 13 -4 -9 -1 -5 -10 -13 -7
right_child=2 -3 3 4 -6 6 -8 8 11 -11 -12 12 -14 -15
leaf_value=0.00082952253114112475 -0.0014396740833320433 0.000123621696282461 -0.00016359183071930762 0.0018051158124892553 -0.00063569428361840439 -0.00017677958477969603 0.0017435322974789893 -0.0010640195518518691 0.0010444480407144853 0.0017852391182246318 0.0090010105861876074 0.0015724053261430449 -0.0011694030354736152 0.00033440782686107174
leaf_weight=32 53 136 47.046697616577148 49 81 133 21 82 26 53.046697616577148 31 42 38 51
leaf_count=32 53 136 42 49 81 133 21 82 26 48 31 42 38 51
internal_value=0.00156947 0.00439623 0.000608861 0.00128534 0.00313351 0.00480769 0.00254854 -0.00159361 0.00026455 0.0107635 0.0104938 0.00420561 0.00123457 0.00108108
internal_weight=875.093 221.047 654.047 601.047 366 285 205 235.047 188 85.0467 80 106 80 184
internal_count=865 216 649 596 366 285 205 230 188 80 80 106 80 184
is_linear=0
shrinkage=0.05


Tree=363
num_leaves=15
num_cat=0
split_feature=15 13 14 5 15 1 8 15 1 2 10 8 10 1
split_gain=1.06598 1.61866 0.817686 1.38376 1.45374 1.41052 1.13501 1.98056 1.52019 0.974208 2.11161 1.1753 1.13976 1.26955
threshold=0.66927500000000018 3.6918790522500609 7.0676333560569509 1.4311004404647345 -1.2924149999999999 16.198516813545215 20.950000000000003 -0.72587999999999997 14.797105289752659 11.345376250047215 0.32762316226846638 27.050000000000004 0.13700940710561552 13.341274780779612
decision_type=2 8 2 2 2 2 10 2 2 2 2 10 2 2
left_child=2 -2 3 5 -5 9 7 -6 -9 -1 12 -12 13 -11
right_child=1 -3 -4 4 6 -7 -8 8 -10 10 11 -13 -14 -15
leaf_value=5.3523284745865845e-05 -0.00051749561037200964 -0.00038717421045970994 -0.0013020638310909938 0.0016125629948482657 -0.011304608919108318 0.0051082869810131441 0.011381927105236 -0.00030529768710159112 0.0051864897207484443 -0.00057659319080911604 -0.0011689179447517426 -0.00011854891962924663 0.0026305604243967995 0.00029913959591834074
leaf_weight=245.0933952331543 139 23.093395233154297 40 25 30 21 22 35 23 46 74.046697616577148 39 20 125
leaf_count=235 139 13 40 25 30 21 22 35 23 46 69 39 20 125
internal_value=-3.13822e-05 -0.00369319 0.000769068 0.00116667 0.00569853 8.55001e-05 0.00315315 0.000561798 0.0059322 -0.000411109 -0.00229856 -0.00768253 0.000911458 -0.000436047
internal_weight=907.233 162.093 745.14 705.14 135 570.14 110 88 58 549.14 304.047 113.047 191 171
internal_count=882 152 730 690 135 555 110 88 58 534 299 108 191 171
is_linear=0
shrinkage=0.05


Tree=364
num_leaves=15
num_cat=0
split_feature=1 1 10 1 15 0 8 8 8 7 4 1 16 3
split_gain=2.55305 1.08446 1.9481 1.06528 1.73092 1.5028 1.19138 0.819945 0.677314 0.927859 1.18812 1.84992 1.13298 1.21694
threshold=9.5393843264687472 11.646432995679277 0.70090259214882411 12.631510329845616 0.67486000000000013 13.723958303648894 22.470000000000002 13.950000000000001 71.850000000000009 6.1500000000000012 12.085566971509072 15.858763149343476 -0.33242999999999995 6.5822274828246474
decision_type=2 2 2 2 2 2 10 10 10 2 2 2 2 2
left_child=-1 2 7 4 5 6 -3 -2 9 12 -11 -12 -5 -14
right_child=1 3 -4 8 -6 -7 -8 -9 -10 10 11 -13 13 -15
leaf_value=-3.7404207318709796e-05 0.0012106787728358714 0.012609843587043991 0.0020615399329965227 -0.0035485378072248443 -0.00016498849221113722 -0.00048268806931669626 -0.0034533005886199009 -0.00031140443175936561 -0.0011466857347930404 0.0007504376260348667 0.00051706140919267625 -0.0080112215728316959 0.00072634009445171621 -0.00012308262584566078
leaf_weight=48.093395233154297 24 21 25.046697616577148 29 24.046697616577148 41.046697616577148 24 27 20 255 31 25 78 208
leaf_count=38 24 21 20 29 19 36 24 27 20 255 31 25 78 208
internal_value=0.000849755 0.00150175 0.00715368 0.000924589 -0.00360057 -0.00690626 -0.000543478 0.00144231 0.00170015 0.00199362 0.00392628 -0.00263158 7.91139e-05 0.0010453
internal_weight=880.233 832.14 76.0467 756.093 110.093 86.0467 45 51 646 626 311 56 315 286
internal_count=855 817 71 746 100 81 45 51 646 626 311 56 315 286
is_linear=0
shrinkage=0.05


Tree=365
num_leaves=15
num_cat=0
split_feature=5 1 0 2 2 16 2 0 9 8 7 0 0 7
split_gain=1.11851 1.63603 1.13172 1.67825 2.76419 1.5222 1.40824 1.32104 1.44151 1.73462 1.30536 1.18292 1.16442 1.14818
threshold=5.9875059491338041 16.017040107338925 12.163456112193478 11.12876426794827 11.469521479540292 1.0000000180025095e-35 11.327456641317992 14.845684720853265 0.77711637012006718 20.950000000000003 5.1500000000000012 14.361263411723543 16.100901953457257 5.3500000000000005
decision_type=2 2 2 2 2 2 2 2 2 10 2 2 2 2
left_child=2 -2 -1 5 6 11 -5 8 9 -6 -7 -4 13 -9
right_child=1 -3 3 4 7 10 -8 12 -10 -11 -12 -13 -14 -15
leaf_value=-0.00013314426980652713 0.00067496705056208084 -0.00055133936815621176 0.00054081629720626465 -0.00031941261075554286 0.011249870235878024 -0.00021262240218471453 -0.0012891103824148452 -0.025435461854957472 -0.0065589424948123923 0.00034951385705599418 0.0017611341449728071 -0.00189004955322043 0.0011242158558195132 -0.00041234018067148881
leaf_weight=74.046697616577148 113 34 25 31 39 55 24.046697616577148 21 26 64 155.0933952331543 30 97 126
leaf_count=69 113 34 25 31 39 55 19 21 26 64 145 30 97 126
internal_value=0.00125657 0.00523649 0.000488163 0.00111817 -0.000818483 0.00423661 -0.0111722 0.000735294 0.00480769 0.00745192 0.00616947 -0.003125 -0.00142857 -0.00422297
internal_weight=914.187 147 767.187 693.14 428.047 265.093 55.0467 373 129 103 210.093 55 244 147
internal_count=894 147 747 678 423 255 50 373 129 103 200 55 244 147
is_linear=0
shrinkage=0.05


Tree=366
num_leaves=15
num_cat=0
split_feature=8 7 3 8 8 9 15 10 8 16 10 9 13 10
split_gain=0.921661 2.70148 1.42042 1.12154 1.19061 1.16278 1.50093 2.05114 1.55572 1.13906 1.09012 0.987778 0.972392 1.37443
threshold=8.0500000000000025 5.4500000000000011 11.546553775371409 16.050000000000004 17.050000000000004 -0.70710678118654735 -0.79966499999999996 -0.12186470299397914 13.15 0.10701500000000001 -0.52991926423320479 -0.96703673333358797 3.6685709561006159 0.25881904510252057
decision_type=8 2 2 10 10 2 2 2 8 2 2 2 8 2
left_child=1 -1 10 5 -5 -2 7 -7 -8 -10 -3 -6 13 -13
right_child=3 2 -4 4 11 6 8 -9 9 -11 -12 12 -14 -15
leaf_value=-0.00010726536343796014 -0.00037321651542354672 -0.00027876987646662242 -0.0018374010856564205 -0.00019496871467072601 0.0011872880298063216 0.00061663496480424129 -0.00040276214060230853 0.0002100943372706977 -1.8685037881327471e-05 0.0097457399361501121 0.001268169146741327 -0.00012667301545195021 -0.0005234105349316454 0.0012368838773112014
leaf_weight=40.093395233154297 65 26 25 27.046697616577148 22 52 99 42.093395233154297 25 32 58 140 121 118
leaf_count=30 65 26 25 22 22 52 99 32 25 32 58 140 121 118
internal_value=0.00106224 -0.002514 0.00159091 0.00178215 0.000113816 0.004041 0.00558491 0.0105405 0.00254777 0.00905172 0.00470588 0.000808458 0.000197368 0.0019305
internal_weight=892.233 149.093 109 743.14 428.047 315.093 250.093 94.0934 156 57 84 401 379 258
internal_count=867 139 109 728 423 305 240 84 156 57 84 401 379 258
is_linear=0
shrinkage=0.05


Tree=367
num_leaves=15
num_cat=0
split_feature=15 9 0 12 1 1 2 11 0 2 14 2 5 0
split_gain=1.03077 1.42864 1.6833 2.24795 1.37756 1.57897 1.4954 1.92603 1.32105 1.20576 1.1986 1.36205 1.22361 1.09023
threshold=-0.75983499999999993 0.91613344851476464 15.166994508255074 1.5000000000000002 14.61234632325489 14.930080727828301 12.709101526205261 1.0000000180025095e-35 14.098171134448835 11.535626438014353 0.97976742930448901 10.731831893469641 9.8426782322207114 14.674604319630582
decision_type=2 2 2 10 2 2 2 2 2 2 2 2 2 2
left_child=4 10 3 -3 6 -6 7 9 -9 -1 11 -2 -12 -13
right_child=1 2 -4 -5 5 -7 -8 8 -10 -11 12 13 -14 -15
leaf_value=0.00024174933100886976 1.5580375143575689e-05 -0.0022428487631685813 0.00015632836009509267 -8.3482090216312026e-05 -0.010081797650492209 2.0965338086564868e-05 0.0047966900802265183 5.4877227940447472e-05 0.00012357216610840989 -0.00051811782912050686 -0.00038830584568816384 0.022832759269623026 0.001052851486416384 0.00031413615215749593
leaf_weight=65 114 26 27 27.093395233154297 20 109 40 31 28.093395233154297 28 301 20 27 23
leaf_count=65 114 26 27 17 20 109 40 31 18 28 301 20 27 23
internal_value=0 -0.00128483 -0.00742767 -0.0125216 0.00225815 -0.00173077 0.00493199 0.00262804 0.00960729 -0.0018617 -0.000257202 0.00332278 -0.00197568 0.0107955
internal_weight=886.187 565.093 80.0934 53.0934 321.093 129 192.093 152.093 59.0934 93 485 157 328 43
internal_count=866 555 70 43 311 129 182 142 49 93 485 157 328 43
is_linear=0
shrinkage=0.05


Tree=368
num_leaves=15
num_cat=0
split_feature=5 15 9 0 0 5 4 5 9 0 1 12 2 9
split_gain=1.40003 1.15046 1.36786 1.2139 1.55235 1.18004 1.83402 1.12861 1.74067 1.16068 1.90786 1.01264 1.28247 0.876538
threshold=10.505546430446111 -0.52107999999999988 0.26092512978024796 16.058027009586571 16.455849476188735 6.8564750038156674 7.5478401808103603 2.787026683990709 -1.0000000180025095e-35 11.194996633038054 12.116287536430383 1.5000000000000002 11.164513976957165 0.14780800409054848
decision_type=2 2 2 2 2 2 2 2 2 2 2 10 2 2
left_child=1 7 3 13 -5 6 11 9 -9 -1 -11 12 -4 -3
right_child=-2 2 5 4 -6 -7 -8 8 -10 10 -12 -13 -14 -15
leaf_value=0.0024855655800873431 0.00079206256737194289 -0.00019713122419081632 0.00026076426349962433 0.0092341517008619478 -7.7187265999389973e-05 -0.0013663416761785286 0.00058121462432394468 -0.0079069115144378543 0.0009978372933937107 -0.00030843543018430563 0.00017418640187299994 -0.00027045924739589941 -0.0029593094293243641 0.0090550210542369898
leaf_weight=27 38 200 47 21 34 23 49 23 38 42.046697616577148 201 63.093395233154297 42 32
leaf_count=27 38 200 47 21 34 23 49 23 38 37 201 53 42 32
internal_value=-0.000287698 -0.000715779 -0.00220142 8.68056e-05 0.00669643 -0.00511936 -0.00384641 0.00157759 0.00766129 0.000180163 -0.000926738 -0.00654721 -0.00305556 -0.00150215
internal_weight=880.14 842.14 511.093 287 55 224.093 201.093 331.047 61 270.047 243.047 152.093 89 232
internal_count=865 827 501 287 55 214 191 326 61 265 238 142 89 232
is_linear=0
shrinkage=0.05


Tree=369
num_leaves=15
num_cat=0
split_feature=7 8 13 3 14 9 13 10 0 9 1 7 9 8
split_gain=1.08236 1.29352 1.30628 1.15092 2.2695 1.42557 1.26535 1.27157 1.87088 0.980295 0.834879 1.09205 0.816399 1.65546
threshold=7.2500000000000009 40.760000000000005 3.0909836995657325 10.089722168731663 2.8173402638296863 0.97813828947363146 4.2656043041208509 -0.8627159076429457 14.345768791527194 0.9263445426916056 13.401114231057921 6.3500000000000005 0.44032991850403941 15.750000000000002
decision_type=2 10 10 2 2 2 10 2 2 2 2 2 2 10
left_child=3 2 -2 4 5 9 7 10 -9 12 -5 -12 -1 -14
right_child=1 -3 -4 6 -6 -7 -8 8 -10 -11 11 -13 13 -15
leaf_value=0.00019420494622899721 -0.0006630423684849785 -0.0010111824839668328 0.0031405118811174805 -0.00063897537604592494 0.0041179751483552797 -0.0003584950835963736 0.00099428171627076174 0.002303578072946233 -0.00016844681713930055 2.3389850497130509e-05 1.3765742133298176e-05 -0.0134104872919939 0.00028712150650844759 -0.00048031202980468096
leaf_weight=254.04669761657715 24 22 44 21 28 27.046697616577148 47 53 185 31.093395233154297 26 22 58 39.046697616577148
leaf_count=249 24 22 44 21 28 22 47 53 185 21 26 22 58 34
internal_value=0.000879776 0.00604396 0.00942029 0.000285481 0.00199932 0.00103884 -0.00183099 -0.00300325 -0.00125523 0.00183288 -0.00892857 -0.00510204 0.00106506 -0.00281669
internal_weight=881.233 90 68 791.233 437.233 409.233 354 307 238 382.187 69 48 351.093 97.0467
internal_count=856 90 68 766 412 384 354 307 238 362 69 48 341 92
is_linear=0
shrinkage=0.05


Tree=370
num_leaves=15
num_cat=0
split_feature=15 9 1 1 10 13 9 1 15 14 15 9 9 0
split_gain=1.30574 1.46142 1.35084 1.74773 1.49524 1.28131 0.869984 0.871421 0.897255 0.972565 1.6631 1.15957 1.1256 1.05649
threshold=1.0381650000000002 0.3379038511701401 11.646432995679277 12.116287536430383 0.52435624418390925 3.0588254485455386 -0.96703673333358797 16.678821448768947 -1.3051699999999997 1.0079905521927708 -1.1068949999999997 -0.5 0.61392768915927742 14.345768791527194
decision_type=2 2 2 2 2 10 2 2 2 2 2 2 2 2
left_child=2 -2 4 -4 5 -1 -5 8 -8 11 -11 -10 -12 -13
right_child=1 -3 3 6 -6 -7 7 -9 9 10 12 13 -14 -15
leaf_value=-0.0020917941324763434 0.00030005420002811594 -0.00033932488148202204 -0.0058811571035334523 0.0017635808637641139 0.00093000810320622402 0.0001360963625044548 0.00087860694888917132 0.0068938549043009115 -0.00050683148025978399 -0.0012524127293886745 0.00024476355762284021 -0.00012879102079510485 -0.002371482249690038 0.00066034692304623311
leaf_weight=25 49 55.093395233154297 35 34 32.046697616577148 55.046697616577148 58 21 30 38 254 26 114 58.046697616577148
leaf_count=25 49 45 35 34 27 50 58 21 30 38 254 26 114 53
internal_value=0.000453177 -0.00477989 0.00115665 0.000300678 0.00621022 0.00248212 0.000908715 0.000460243 8.8365e-05 -0.000573524 -0.0017199 0.003487 -0.000677507 0.00648076
internal_weight=884.233 104.093 780.14 668.047 112.093 80.0467 633.047 599.047 578.047 520.047 406 114.047 368 84.0467
internal_count=859 94 765 663 102 75 628 594 573 515 406 109 368 79
is_linear=0
shrinkage=0.05


Tree=371
num_leaves=15
num_cat=0
split_feature=5 0 13 15 2 2 13 0 16 9 13 14 14 11
split_gain=0.999025 1.35958 2.02471 1.45813 1.33861 2.39841 1.64165 1.56911 1.90614 1.47488 1.45686 1.44982 0.989005 0.970578
threshold=5.3844529770182641 16.608240043835483 2.9544034639620675 0.011770000000000001 11.210599421575576 11.518526451329047 3.788317152097517 14.729040500317927 0.37080500000000005 -0.67378604238638873 3.2912581272669157 1.1100770881171587 6.2020731521865429 1.0000000180025095e-35
decision_type=2 2 8 2 2 2 8 2 2 2 8 2 2 2
left_child=4 2 -2 12 7 6 -6 8 -1 -9 -10 -7 -4 -11
right_child=1 -3 3 -5 5 11 -8 9 10 13 -12 -13 -14 -15
leaf_value=0.00016583505040920448 -0.00013911759853881822 -0.010444685833311373 0.0020021828687522779 8.5811307717786889e-05 -0.0021666166843612336 0.012748811237778136 -0.010317925284585645 -2.5336383322005498e-05 -0.00020367847078767154 0.002845038213926069 -0.00052199286868772851 -8.7834328411862117e-05 0.00079069462733926126 0.0018512578214395338
leaf_weight=159.04669761657715 47 30 33 28 39 21 21.046697616577148 32 31 42.046697616577148 22.046697616577148 330 27 38
leaf_count=154 47 30 33 28 39 21 16 32 31 37 17 330 27 38
internal_value=0.00116513 0.00466867 0.00680147 0.011236 0.000373547 -0.00151965 -0.0106667 0.00277163 0.000234639 0.00752934 -0.00788517 7.10227e-05 0.0155738 0.0111191
internal_weight=900.187 165 135 88 735.187 411.047 60.0467 324.14 212.093 112.047 53.0467 351 60 80.0467
internal_count=880 165 135 88 715 406 55 309 202 107 48 351 60 75
is_linear=0
shrinkage=0.05


Tree=372
num_leaves=15
num_cat=0
split_feature=7 9 1 15 0 9 3 3 8 1 3 8 8 8
split_gain=1.60756 2.43078 2.59063 1.55284 1.14097 1.10507 0.985448 1.42746 1.47144 1.39252 1.33413 1.2539 0.99182 0.9206
threshold=6.0100000000000007 0.37662760538417256 12.847149248795558 0.63776500000000014 15.034519706170739 0.85828685610178279 10.567141524696126 8.2067151091196138 24.250000000000004 13.578962822258948 11.178132250829304 44.45000000000001 14.950000000000001 7.160000000000001
decision_type=2 2 2 2 2 2 2 2 10 2 2 10 10 10
left_child=1 13 5 4 -4 -3 7 8 12 10 -8 -11 -2 -1
right_child=6 2 3 -5 -6 -7 9 -9 -10 11 -12 -13 -14 -15
leaf_value=-0.00082024841952174079 4.1728039122340693e-05 -0.00033721218731678219 0.0084962023426800037 -0.0028171277187441393 -9.5809758952736253e-06 -0.00038456568142793742 0.00019804668452970132 0.0010059020605845293 0.0015971360748503862 0.00063229484954280268 -0.00053903435851432313 -0.0092417219151621054 -0.0091124168209916478 0.00050144543939456554
leaf_weight=44 29 31 22 42 32 50.186790466308594 23 105 33 181 39 31 22 216
leaf_count=44 29 31 22 42 32 30 23 105 33 181 39 31 22 216
internal_value=5.03006e-05 -0.00212163 -0.00662041 -0.00103093 0.00454545 -0.0131368 0.00210129 0.00486842 0 0.000181818 -0.00634921 0.00211268 -0.00528846 0.000957854
internal_weight=900.187 437.187 177.187 96 54 81.1868 463 189 84 274 62 212 51 260
internal_count=880 417 157 96 54 61 463 189 84 274 62 212 51 260
is_linear=0
shrinkage=0.05


Tree=373
num_leaves=15
num_cat=0
split_feature=5 13 0 0 10 1 1 9 7 7 0 1 1 7
split_gain=1.38893 1.9275 1.61571 1.60653 1.44584 0.952316 1.71738 1.6203 1.62426 1.13621 1.65457 1.18953 0.83047 0.769495
threshold=1.4311004404647345 2.7492478955155986 16.608240043835483 16.562849029410028 -0.71476258798096814 11.608527579552712 12.472406226667768 0.5037691814803521 5.9500000000000011 5.7500000000000009 12.754631328093431 9.9532426738528574 14.968793885844095 5.7500000000000009
decision_type=2 10 2 2 2 2 2 2 2 2 2 2 2 2
left_child=3 -2 -3 5 -5 9 7 8 -7 10 -1 -11 -6 -8
right_child=1 2 -4 4 12 6 13 -9 -10 11 -12 -13 -14 -15
leaf_value=0.00046238013132661704 -0.0019727945435962014 0.00072897081845990641 -0.010942653581910645 0.022354820512364527 0.0055065699206025449 0.0026940591576173792 -0.0004392106661045947 -0.00064882629705359019 -0.0047292338067526311 -0.0080048332378667413 -0.0022477402471866581 0.0016751361227006325 -0.0016129042175640153 2.3117171294750884e-05
leaf_weight=25.046697616577148 50 116 27 20 22 22 196 39.093395233154297 21 25 22 35 35 224
leaf_count=20 50 116 27 20 22 22 196 29 21 25 22 35 35 224
internal_value=-0.000256968 0.00347938 0.00642361 -0.00131148 0.00544872 -0.00217355 -0.00308558 -0.00965582 -0.00284091 0.00209324 0.0078292 -0.00245902 0.0012931 -0.00178147
internal_weight=879.14 193 143 686.14 77 609.14 502.093 82.0934 43 107.047 47.0467 60 57 420
internal_count=864 193 143 671 77 594 492 72 43 102 42 60 57 420
is_linear=0
shrinkage=0.05


Tree=374
num_leaves=15
num_cat=0
split_feature=1 8 1 9 15 7 9 8 0 0 9 0 10 0
split_gain=2.26193 1.88981 1.48853 1.35814 0.930826 1.86347 1.7764 1.4915 1.33338 1.1237 1.86544 1.00044 1.27567 1.19231
threshold=10.35830946619498 23.900000000000002 11.646432995679277 0.44032991850403941 -0.30803999999999992 6.1500000000000012 1.0000000180025095e-35 23.550000000000004 13.303345755345559 15.023517212076225 0.86382728211298232 15.097653762633401 -0.45397321317242106 15.709559553781904
decision_type=2 10 2 2 2 2 2 10 2 2 2 2 2 2
left_child=1 -1 3 -2 6 11 8 -7 -4 10 -8 -6 -13 -14
right_child=2 -3 4 -5 5 7 9 -9 -10 -11 -12 12 13 -15
leaf_value=-4.1456899082555114e-05 0.0010276536073913279 0.0002274180750686611 -0.00076348689378920591 -0.00015704460084760009 -0.00044230841628863527 0.0022787689391541746 0.018841122321719441 -0.0055268967330937002 9.1804701214304182e-05 0.00029848512434605957 1.6564606755353761e-05 -0.0024885024737801745 0.025643204124973007 -0.0002429375433989023
leaf_weight=40.093395233154297 42.046697616577148 23 21 23 141.04669761657715 98 52 37 164 113 41 39 28 40
leaf_count=30 37 23 21 23 136 98 52 37 164 113 41 39 28 40
internal_value=0.000827808 -0.0082276 0.00151769 0.00872364 0.000901665 -0.000849291 0.0026148 0.00386029 -0.00094086 0.0057971 0.00984043 -0.0034177 0.000231481 0.00434783
internal_weight=902.187 63.0934 839.093 65.0467 774.047 383.047 391 135 185 206 93 248.047 107 68
internal_count=882 53 829 60 769 378 391 135 185 206 93 243 107 68
is_linear=0
shrinkage=0.05


Tree=375
num_leaves=15
num_cat=0
split_feature=13 14 3 1 0 1 10 1 3 10 0 8 0 13
split_gain=1.22449 1.38158 1.24914 1.51271 1.41518 1.21351 1.19047 1.13893 1.56881 1.07266 1.92505 1.51083 1.30152 1.25036
threshold=4.3551327605653833 0.058937518786439401 11.123224298317892 13.569070804978013 14.232945488820407 11.608527579552712 0.39670114248928356 14.465425104264854 11.896804857769181 0.26512974748379775 14.455119669859839 8.9500000000000011 14.80190508185021 3.7266031251534857
decision_type=8 2 2 2 2 2 2 2 2 2 2 10 2 10
left_child=1 6 5 4 -4 -3 -1 -5 -9 12 -11 -12 13 -7
right_child=-2 2 3 7 -6 9 -8 8 -10 10 11 -13 -14 -15
leaf_value=-7.0877833334819274e-05 0.00037317410253109103 0.0011203498286635361 -0.00045310206526685273 0.0012901383433397307 -0.0054557352007155837 2.6885552380018219e-05 0.00026363609096203834 -0.0055475217095413811 -5.5184115776052427e-05 0.0008017074817627146 0.0006082435258843111 -0.00067872512547690559 0.00075052854528513408 -0.0018817832090066268
leaf_weight=52.093395233154297 129.04669761657715 50 35 56 22 87 24 33 126 46 27 63.046697616577148 127 23
leaf_count=42 124 50 35 56 22 87 24 33 126 46 27 58 127 23
internal_value=-5.80733e-05 -0.000813974 -0.000109429 -0.00274725 -0.00991379 0.00158905 -0.00716449 -0.000810185 -0.00296875 0.000598408 -0.00292723 -0.00715202 0.00262605 -0.00135135
internal_weight=900.187 771.14 695.047 272 57 423.047 76.0934 215 159 373.047 136.047 90.0467 237 110
internal_count=880 756 690 272 57 418 66 215 159 368 131 85 237 110
is_linear=0
shrinkage=0.05


Tree=376
num_leaves=15
num_cat=0
split_feature=9 7 3 13 4 4 9 3 8 9 8 8 13 13
split_gain=1.11214 1.5093 1.67551 1.33377 2.36957 1.26188 1.02981 1.19654 0.867156 1.77037 1.03271 1.15091 1.00839 1.93494
threshold=0.61392768915927742 5.9500000000000011 11.21076892936272 3.7774456692478693 8.3098413955239074 10.55580602873262 0.9562228270146037 10.567141524696126 41.95000000000001 -0.52435624418390947 33.814500000000002 31.100000000000005 3.5815589191851385 3.6664690194081797
decision_type=2 2 2 10 2 2 2 2 8 2 10 10 10 10
left_child=8 6 3 4 -3 -4 7 -2 10 -10 11 12 -1 -14
right_child=1 2 5 -5 -6 -7 -8 -9 9 -11 -12 -13 13 -15
leaf_value=-6.4043044234773921e-05 -0.00042544283834809542 -0.0060384292468968594 -0.023670735495000397 0.0019758671414631195 0.0046489469978529766 0.00013095632575050865 -3.8865868847487441e-05 -0.00058997652993063592 -0.0015297904508424277 0.0015382371083270119 -0.00074280978952512289 0.0094172996464363737 0.010449755655242133 0.00019837062157013142
leaf_weight=290 72.140092849731445 24 29 29 21 36 35 21 20 36 64 21 25 156.04669761657715
leaf_count=290 57 24 29 29 21 36 35 21 20 36 64 21 25 151
internal_value=-3.10558e-05 -0.00271687 0.000892857 0.006 0.000543478 -0.00492424 -0.00660912 -0.00933186 0.00114374 0.00701754 0.00054065 0.0013207 0.000796886 0.00371425
internal_weight=879.187 267.14 139 74 45 65 128.14 93.1401 612.047 56 556.047 492.047 471.047 181.047
internal_count=859 252 139 74 45 65 113 78 607 56 551 487 466 176
is_linear=0
shrinkage=0.05


Tree=377
num_leaves=15
num_cat=0
split_feature=0 0 7 15 2 1 1 15 9 0 14 14 2 14
split_gain=2.00551 2.35417 1.59076 1.80839 1.30404 1.3927 1.29938 0.994753 1.28762 1.16808 1.19593 1.21814 0.993684 0.972977
threshold=11.194996633038054 12.341179895169182 6.1500000000000012 -0.30803999999999992 11.181811835497586 13.830254140816937 12.281341017959948 0.67486000000000013 0.19291292491168835 13.482969395611937 7.0407342028791646 6.0545893303563183 11.518526451329047 2.6728005134358335
decision_type=2 2 2 2 2 2 2 2 2 2 2 2 2 2
left_child=-1 -2 3 -3 5 6 -5 9 -9 -4 11 -11 -6 -14
right_child=1 2 7 4 12 -7 -8 8 -10 10 -12 -13 13 -15
leaf_value=0.00061877253334947403 -0.00045492829749035191 0.00026532973167251925 -0.00069959025817002425 0.00045056166867344651 -0.019740685136959403 0.0010570541879665329 -0.001252874698065465 2.1733673019452838e-05 0.036019170516849289 0.00028362125286407469 -0.0012182675481825279 0.0011045330890727234 -3.3954679668202206e-05 -0.003349028620076955
leaf_weight=51.046697616577148 44.046697616577148 162.04669761657715 31 49 28 22 65 24 20 223 36 37 52 61
leaf_count=46 39 157 31 49 28 22 65 24 20 223 36 37 52 61
internal_value=0.000580669 0 0.000617927 -0.00141765 -0.00386691 -0.000364964 -0.0026087 0.00302419 0.01 0.00205793 0.0030303 0.00421456 -0.00721831 -0.00504386
internal_weight=905.14 854.093 810.047 439.047 277 136 114 371 44 327 296 260 141 113
internal_count=890 844 805 434 277 136 114 371 44 327 296 260 141 113
is_linear=0
shrinkage=0.05


Tree=378
num_leaves=15
num_cat=0
split_feature=16 8 1 9 9 3 2 1 3 3 7 3 0 0
split_gain=0.863867 1.67035 1.3689 1.16569 1.0472 1.31611 1.46638 1.45779 1.61264 1.28175 1.06121 1.0372 0.899146 1.47754
threshold=0.78996500000000014 13.15 14.243552407174795 0.26092512978024796 1.0000000180025095e-35 11.16144620573994 12.57572110673229 14.382147574061419 10.504746430664499 8.8673564252635142 4.9500000000000011 9.7959997757652673 14.464267589552852 14.116041381314
decision_type=2 8 2 2 2 2 2 2 2 2 2 2 2 2
left_child=4 3 -3 -2 10 7 -7 8 9 12 -1 -11 13 -6
right_child=1 2 -4 -5 5 6 -8 -9 -10 11 -12 -13 -14 -15
leaf_value=0.0015662060868427087 -5.8221656129320293e-05 -0.0010330176426905978 0.01194630890790831 -0.0029359103103808468 0.00076117954816513629 -0.0043682278775795226 0.00047639858776735714 0.0024226887378957064 0.019386098799965314 -0.0063432647802551534 -0.00015642592913240884 6.4791483880766168e-05 -0.00035372523817859636 0.00026147662305928013
leaf_weight=25 35 49.046697616577148 21 36.046697616577148 60 41 107 55 22 20 324 23 38.046697616577148 22.046697616577148
leaf_count=25 35 44 21 31 60 41 107 55 22 20 324 23 33 17
internal_value=0.000227483 -0.00334287 0.00212772 -0.00869113 0.000914518 0.00269858 -0.00100671 0.00497732 0.00282116 0.00106647 -0.00107143 -0.00625 0.00371614 0.00663684
internal_weight=878.187 141.093 70.0467 71.0467 737.093 388.093 148 240.093 185.093 163.093 349 43 120.093 82.0467
internal_count=858 131 65 66 727 378 148 230 175 153 349 43 110 77
is_linear=0
shrinkage=0.05


Tree=379
num_leaves=15
num_cat=0
split_feature=7 10 3 13 9 2 2 14 14 13 10 13 15 13
split_gain=1.01625 1.98957 1.6719 1.69129 1.66445 1.16878 1.13542 1.193 1.26417 1.73811 1.33484 1.69593 1.0859 1.51452
threshold=5.8500000000000005 0.26512974748379775 7.9912530136715754 3.8088337008098008 1.0000000180025095e-35 11.441712495341635 7.0341528613734576 0.58347200222151763 1.6154667750703615 4.2517113222717953 0.96126169593831889 2.42247150652855 -0.79966499999999996 3.0459160430837753
decision_type=2 2 2 8 2 2 2 2 2 10 2 8 2 10
left_child=1 2 3 4 -1 -4 -2 -8 -9 10 11 -10 -7 -14
right_child=6 -3 5 -5 -6 12 7 8 9 -11 -12 -13 13 -15
leaf_value=2.2233762856060936e-05 -0.01002110320072438 -0.00062718807856916017 -0.0033489871904388794 -0.00029884291218715216 0.0013991761040619095 0.0033166744012685934 0.0063614520960346395 -0.0011182181095371392 0.0036331664493370443 0.0022904043312500289 0.007127268923069874 -3.890727812672079e-05 -0.0079661617881387602 0.0004191161624352402
leaf_weight=48 25 125.04669761657715 34 33.046697616577148 51.046697616577148 22 25 48 25 48 40 322 20 20
leaf_count=48 25 120 34 28 46 22 25 48 25 48 40 322 20 20
internal_value=0.000167767 -0.00190932 0.000873006 0.00450811 0.00775805 -0.00412371 0.00154494 0.00206287 0.00149793 0.00235092 0.00122423 0.000215517 0 -0.00487805
internal_weight=886.14 353.14 228.093 132.093 99.0467 96 533 508 483 435 387 347 62 40
internal_count=871 338 218 122 94 96 533 508 483 435 387 347 62 40
is_linear=0
shrinkage=0.05


Tree=380
num_leaves=15
num_cat=0
split_feature=13 13 8 13 7 3 1 0 8 0 15 13 7 14
split_gain=1.27218 1.53401 2.19214 1.84036 1.32429 1.12728 1.06441 1.03577 0.98901 0.942103 1.65039 0.86352 1.86131 1.77772
threshold=4.5201734135869565 3.8967886388235606 7.160000000000001 3.7837355977586644 6.8500000000000005 14.00870195325262 13.512443201419904 15.450586597540411 61.800000000000004 12.870146433785068 -0.014779999999999998 3.298820917852527 5.6500000000000012 0.89908615286572158
decision_type=10 8 10 10 2 2 2 2 8 2 2 10 2 2
left_child=1 3 -3 5 -4 8 -5 -2 9 10 -1 -11 13 -13
right_child=7 2 4 6 -6 -7 -8 -9 -10 11 -12 12 -14 -15
leaf_value=0.00055026366736903314 0.0011858412893969907 0.0012883795646395858 -0.00088415602846973708 0.0003702353209722026 0.00039487618245456215 -0.0014016139058572908 0.00018363760185629021 5.5355295146963802e-05 0.0016737325048143516 0.00034140829747799641 -0.01298669497338999 -0.00016479198442933041 -0.0011475875104104639 0.012424811789666191
leaf_weight=40 32.046697616577148 26 115.04669761657715 27.046697616577148 37 31 22 36 25 322 36 36.046697616577148 120 24
leaf_count=40 27 26 110 22 37 31 22 36 25 322 36 31 120 24
internal_value=0.000728171 0.000204337 -0.00391611 0.00128248 -0.00621488 0.000552979 0.0105135 0.00725838 0.00103662 0.000606458 -0.00454545 0.00139384 -0.00137441 0.00575244
internal_weight=929.187 861.14 178.047 683.093 152.047 634.047 49.0467 68.0467 603.047 578.047 76 502.047 180.047 60.0467
internal_count=909 846 173 673 147 629 44 63 598 573 76 497 175 55
is_linear=0
shrinkage=0.05


Tree=381
num_leaves=15
num_cat=0
split_feature=1 2 3 1 10 7 6 12 2 3 1 10 9 16
split_gain=2.10547 2.10272 1.49353 1.10356 1.26013 2.30879 1.71512 1.25428 1.12054 0.867201 1.64774 1.96967 1.17311 1.388
threshold=11.646432995679277 9.0965767664003732 13.858877152598263 12.116287536430383 0.26512974748379775 5.8500000000000005 3.4299385993688372 1.0000000180025095e-35 10.231845870667506 5.0296683944994847 14.299359300181179 -0.12186470299397914 -0.25881904510252113 0.10701500000000001
decision_type=2 2 2 2 2 2 2 10 2 2 2 2 2 2
left_child=1 -1 3 8 6 7 9 -6 -2 -5 -11 12 -12 -14
right_child=2 -3 -4 4 5 -7 -8 -9 -10 10 11 -13 13 -15
leaf_value=0.00031924845246484039 -0.0064090426854942206 0.00069669048869278266 -0.0044827190637396269 0.0007683996460477251 0.00038547240661492845 0.0011306515662855121 -0.0040220405376014678 -0.00082072603020110976 0.00011144495207062733 -0.00015884786273561159 -0.0067170741684055464 0.011496033633257042 0.0008289706452923707 -0.001365473874712997
leaf_weight=67 23 56.093395233154297 49 79.046697616577148 22 158 23 90.046697616577148 20 162 39 31 62 23
leaf_count=67 23 46 49 74 22 158 23 85 20 162 39 31 62 23
internal_value=0.00182541 0.0078758 0.000863068 0.00143229 0.00192003 -0.000742187 0.00363333 -0.00620246 -0.00625 0.00441048 0.00322327 0.00689103 0.004 0.00726744
internal_weight=904.187 123.093 781.093 732.093 689.093 270.047 419.047 112.047 43 396.047 317 155 124 85
internal_count=884 113 771 722 679 265 414 107 43 391 317 155 124 85
is_linear=0
shrinkage=0.05


Tree=382
num_leaves=15
num_cat=0
split_feature=0 7 0 1 13 13 13 13 3 3 2 12 13 13
split_gain=1.50282 1.57847 2.03429 1.97673 1.81562 1.63366 1.76964 1.50116 1.50694 1.80704 1.63089 1.53672 1.43882 1.36155
threshold=16.025027961080848 5.8500000000000005 14.455119669859839 15.399805717441067 3.1164077735376892 3.9835024085201316 3.776547213639899 2.7331080139937307 8.4333111430852181 10.028834147990368 10.208616888283409 2.5000000000000004 3.6087657616108557 3.1339001270843778
decision_type=2 2 2 2 8 10 8 8 2 2 2 10 10 10
left_child=1 2 4 7 -1 6 -6 -3 10 -10 -9 12 -11 -2
right_child=13 3 -4 -5 5 -7 -8 8 9 11 -12 -13 -14 -15
leaf_value=0.0021369226204021596 -0.00024376463165348694 -0.00066324542247409024 -0.00075877871206588921 -0.002869578611139323 -0.00032261494676067982 0.0097549354795466725 -9.0371748656791067e-05 0.0012769645920419626 0.0069490304027561515 0.00043545135242468725 -0.0010985523861807513 0.0039705132738328984 -0.0020618831576177054 0.0010894291976233706
leaf_weight=51 97 46 137.0933952331543 54 66 20 26.093395233154297 44 59 99 22 31 26 119
leaf_count=51 97 46 127 54 66 20 16 44 59 99 22 31 26 119
internal_value=0.000523644 -0.000629842 -0.0033357 0.00150524 0.000442828 -0.00311543 -0.00593313 0.00297256 0.00434397 0.00636574 -0.00223881 0.00350318 0.000992063 0.00414747
internal_weight=897.187 681.187 300.187 381 163.093 112.093 92.0934 327 281 215 66 156 125 216
internal_count=877 661 280 381 153 102 82 327 281 215 66 156 125 216
is_linear=0
shrinkage=0.05


Tree=383
num_leaves=15
num_cat=0
split_feature=0 10 0 7 1 0 8 14 1 10 8 10 13 8
split_gain=1.58546 1.37378 1.33262 1.31024 1.22779 1.27837 1.11274 2.37451 2.24984 2.67692 1.84096 1.5131 1.19519 1.00929
threshold=14.567778328442321 0.61221145216718942 14.361263411723543 6.7500000000000009 14.233651055557059 15.404527053468117 41.20000000000001 0.45637113642078203 13.848560597141519 -0.0043632677491870896 52.900000000000006 -0.098016907066150058 4.3711168165112104 8.0500000000000025
decision_type=2 2 2 2 2 2 10 2 2 2 10 2 8 8
left_child=2 6 13 4 5 -3 7 -2 9 -9 -8 12 -10 -1
right_child=1 3 -4 -5 -6 -7 10 8 11 -11 -12 -13 -14 -15
leaf_value=-3.2762561522717229e-05 0.001448710922315649 -0.00078738828914147745 -0.00038536408923806818 0.00086425545583530556 -0.0027260996805823726 0.010499881476304474 -0.027577235739284868 0.0011132206978867966 0.00051031883995023009 -0.015194035615868762 0.0011921212672379557 0.0082038868387284466 -0.012076003597593799 0.00010912064590695159
leaf_weight=62.093395233154297 31.046697616577148 24 54.046697616577148 38 72 24 20 38 128 26 28 73 25 265
leaf_count=52 26 24 49 38 72 24 20 38 128 26 28 73 25 265
internal_value=0.000547374 0.00232208 -0.00190638 -0.00157233 -0.00413223 0.00204082 0.00398914 0.00504948 0.00360825 -0.00461538 -0.00306122 0.00594714 0.00308442 -0.000692897
internal_weight=908.187 527.047 381.14 158 120 48 369.047 321.047 290 64 48 226 153 327.093
internal_count=888 522 366 158 120 48 364 316 290 64 48 226 153 317
is_linear=0
shrinkage=0.05


Tree=384
num_leaves=15
num_cat=0
split_feature=8 9 1 1 13 13 13 0 2 10 13 2 7 8
split_gain=1.49067 1.9378 1.0937 1.92757 1.86918 1.67514 2.93576 1.71821 1.59814 1.36594 1.21261 1.16411 0.989268 1.41314
threshold=8.0500000000000025 0.90444653569325539 11.430017867568118 13.652850163074616 3.6780493283881963 3.4968108626794572 3.3466840214647262 14.609368405666592 11.345376250047215 -0.47715421805211583 3.0508391527108922 12.006811667436006 5.5500000000000007 5.0500000000000007
decision_type=8 2 2 2 8 10 10 2 2 2 8 2 2 10
left_child=1 12 10 4 5 6 8 -7 -4 -6 -2 -10 -1 -14
right_child=2 -3 3 -5 9 7 -8 -9 11 -11 -12 -13 13 -15
leaf_value=-0.0039476324724145142 -0.0022661295420693395 -4.4042131385416323e-05 0.0015484880328788698 0.00057946425687325218 -0.00016862756888988973 -0.0004803990176687978 -0.0237956843909326 0.00058347354205961349 -0.0011929942694831831 -0.00048492565539847397 0.0022842933129364113 -0.00031072585133135603 0.0010522984074783138 -0.00039143881970485909
leaf_weight=31 21 37.093395233154297 65 374 30 25 21 23.046697616577148 21 56.093395233154297 59 25 31 65
leaf_count=31 21 27 65 374 30 25 21 18 21 46 59 25 31 65
internal_value=0.000334937 -0.00395131 0.00131574 0.000622068 -0.00262472 0.00028262 -0.00263158 0.0081793 0.000669643 -0.00863825 0.00679012 -0.00638298 -0.000976562 0.00154639
internal_weight=884.233 164.093 720.14 640.14 266.14 180.047 132 48.0467 111 86.0934 80 46 127 96
internal_count=859 154 705 625 251 175 132 43 111 76 80 46 127 96
is_linear=0
shrinkage=0.05


Tree=385
num_leaves=15
num_cat=0
split_feature=10 13 0 0 2 8 1 9 16 1 16 10 3 1
split_gain=1.51585 1.79875 1.38305 1.31975 1.36882 1.61079 1.24736 1.19531 1.1227 1.11724 2.00902 2.00642 1.88699 1.42039
threshold=-0.26932402956675622 4.6152540238276938 16.025027961080848 14.361263411723543 11.210599421575576 10.950000000000001 14.789540403529749 0.5037691814803521 0.10701500000000001 13.569070804978013 0.10701500000000001 -0.68973679431060764 9.304283979348968 13.91049219669029
decision_type=2 8 2 2 2 10 2 2 2 2 2 2 2 2
left_child=9 2 3 -2 7 -6 -7 -5 -4 10 11 -1 -12 -11
right_child=1 -3 8 4 5 6 -8 -9 -10 13 12 -13 -14 -15
leaf_value=2.9623773549580792e-05 -7.8984456726061147e-05 0.020565178131437413 -1.2466989059278789e-05 0.0052957632100688714 -0.0027410105475212743 -0.00075099035345684852 8.8964213929587651e-05 -0.00094358791720762232 0.014327604063572252 0.0029325105282183243 -0.0020589727833438798 0.001073958324670426 0.0015780376934266815 0.00046847874251110255
leaf_weight=64 176 24 76 35 40.046697616577148 66 30 31 30 22 56.046697616577148 23.046697616577148 26 175
leaf_count=64 176 24 76 35 35 66 30 31 30 22 51 18 26 175
internal_value=0.000684271 -0.00108274 -0.00175482 -0.00316892 -0.00591572 -0.00876466 -0.00515464 0 0.00327103 0.00313272 0.000146978 0.00540812 -0.0054327 0.00568182
internal_weight=874.14 508.047 484.047 378.047 202.047 136.047 96 66 106 366.093 169.093 87.0467 82.0467 197
internal_count=859 503 479 373 197 131 96 66 106 356 159 82 77 197
is_linear=0
shrinkage=0.05


Tree=386
num_leaves=15
num_cat=0
split_feature=1 15 10 7 2 13 13 1 8 13 5 15 14 2
split_gain=1.71079 2.19374 1.11406 1.37615 2.23092 1.79301 1.33548 1.2921 2.38992 1.59729 0.952736 1.39339 1.68604 2.22362
threshold=9.9532426738528574 -0.065509999999999985 -0.37459232954469374 5.7500000000000009 12.083269116529681 4.1112378963155978 2.5792618030442798 12.797903478544152 20.950000000000003 2.2010250482912359 9.9877063377013187 -0.79966499999999996 2.9560257801180323 13.621020949028514
decision_type=2 2 2 2 2 8 10 2 10 10 2 2 2 2
left_child=1 -1 6 4 5 -4 -2 8 -5 -9 11 12 -11 -14
right_child=2 -3 3 7 -6 -7 -8 9 -10 10 -12 -13 13 -15
leaf_value=0.00015222155955347817 -0.0031833825587559207 -0.0010118901838053157 -0.00078489876482577001 0.00081119274031385554 0.00096006558183332486 -0.00067432445692190571 0.0005261093707923381 0.0079332186728830034 -0.00064248951567973393 -0.0011317323332769359 0.00099130435740408802 -0.00095974997669525666 0.0023598489410955326 -0.00079678423685161095
leaf_weight=26 38 30.093395233154297 96 44.046697616577148 40 21.046697616577148 306 25 24 23 29 125 26 26
leaf_count=26 38 20 96 39 40 16 306 25 24 23 29 125 26 26
internal_value=-0.000428699 -0.00879848 0.000151682 -0.00140598 -0.00522736 -0.00869289 0.00231884 0.000467943 0.00653424 -0.00117647 -0.0025 -0.00373134 0.00164474 0.00660377
internal_weight=879.187 56.0934 823.093 479.093 157.047 117.047 344 322.047 68.0467 254 229 200 75 52
internal_count=859 46 813 469 152 112 344 317 63 254 229 200 75 52
is_linear=0
shrinkage=0.05


Tree=387
num_leaves=15
num_cat=0
split_feature=8 5 9 7 3 13 13 0 13 1 14 13 13 0
split_gain=0.994361 1.23606 1.36373 1.6858 1.68845 1.35696 3.2103 2.39571 1.51947 1.79696 1.26014 1.21601 1.18325 1.18199
threshold=6.4150000000000009 7.3218127994673532 -0.70710678118654735 7.6500000000000012 13.359141511091963 3.8539569225446724 3.788317152097517 14.656840512634762 4.1138350622584694 14.930080727828301 7.0407342028791646 4.0246259411129488 2.9450127606983019 14.567778328442321
decision_type=8 2 2 2 2 8 10 2 10 2 2 8 10 2
left_child=11 2 13 4 5 6 12 -7 9 -9 -3 -1 -4 -2
right_child=1 10 3 -5 -6 7 -8 8 -10 -11 -12 -13 -14 -15
leaf_value=-0.0012347619820673339 -0.0053748864203954083 0.00042486048690144608 -0.00043507688425902251 0.0019733808322552394 -0.0043756743187105323 -0.00018846845557663968 0.00064497571378366726 -0.012591261368467721 0.00088745852308201871 0.0013272885050930384 -0.00043170864502424245 0.0035935574896044822 0.00040629750906542308 -0.00036767801903772048
leaf_weight=58 48 55 109 23 40 53.093395233154297 20.046697616577148 31 45 20 29 20 220 85
leaf_count=58 48 55 109 23 40 43 15 31 45 20 29 20 220 85
internal_value=-0.000351363 0.000191022 -0.000505175 0.000576071 -2.16537e-06 0.000799039 0.002503 -0.00318025 0.00154639 -0.00432692 0.00588235 -0.0056962 0.00128788 -0.00503731
internal_weight=856.14 778.14 694.14 561.14 538.14 498.14 349.047 149.093 96 51 84 78 329 133
internal_count=841 763 679 546 523 483 344 139 96 51 84 78 329 133
is_linear=0
shrinkage=0.05


Tree=388
num_leaves=15
num_cat=0
split_feature=9 13 15 2 13 15 1 7 3 4 5 11 14 7
split_gain=2.25514 2.57644 1.58403 1.55842 1.38 1.37209 1.28669 1.15773 1.15199 1.04938 1.90162 1.35652 1.21285 1.41988
threshold=0.72233645665352741 3.4968108626794572 0.63776500000000014 7.5105154820682332 4.5806755450179688 -0.49454499999999996 10.35830946619498 6.0100000000000007 11.248128537727821 12.702521255820509 9.8426782322207114 1.0000000180025095e-35 0.71211442113764023 6.6500000000000012
decision_type=2 8 2 2 8 2 2 2 2 2 2 2 2 2
left_child=3 -2 5 6 9 7 -1 -3 -6 10 11 -5 -13 -14
right_child=1 2 -4 4 8 -7 -8 -9 -10 -11 -12 12 13 -15
leaf_value=-0.0011822294847437132 -0.00019318647156727487 0.00015279328636742161 1.8116818117688755e-05 0.00017750613455058684 -0.00053671900407994955 -0.00041992728001372104 0.017354279020414677 0.0023815410319765196 -0.00022083651826927398 -0.0010566077843277455 0.001531516745410544 0.00084792683097022485 -0.0036707098150110754 0.00041382814542638148
leaf_weight=28 109 25.046697616577148 32.140092849731445 344 31.046697616577148 32 43 34 22 22 26 29 83 27
leaf_count=28 109 20 17 344 26 32 43 34 22 22 26 29 83 27
internal_value=0.00115792 0.00538054 0.0103044 -0.000344743 -0.00119848 0.00680271 0.00659722 0.0112607 -0.0088103 -0.000422932 4.90196e-05 -0.000671488 -0.00482143 -0.00720721
internal_weight=887.233 232.187 123.187 655.047 584.047 91.0467 71 59.0467 53.0467 531 509 483 139 110
internal_count=862 212 103 650 579 86 71 54 48 531 509 483 139 110
is_linear=0
shrinkage=0.05


Tree=389
num_leaves=15
num_cat=0
split_feature=10 13 10 14 14 13 10 3 13 13 5 9 13 10
split_gain=1.20682 1.14418 1.14319 1.13303 2.24365 2.1004 1.59887 1.56858 2.29766 3.0745 1.48248 1.4725 1.51108 1.46848
threshold=0.85713466239780911 4.81622272524094 0.71473537162315115 3.237719231425281 4.0101003471855128 4.2656043041208509 0.49240481012316867 7.2301797797801095 3.9013430581749602 3.4968108626794572 2.2154083994216571 0.37662760538417256 3.4104915591470446 -0.061027619725079495
decision_type=2 8 2 2 2 10 2 2 10 10 2 2 10 2
left_child=1 2 3 6 -5 -6 7 8 9 -1 11 12 -9 -13
right_child=-2 -3 -4 4 5 -7 -8 10 -10 -11 -12 13 -14 -15
leaf_value=0.00037710732688462923 -5.4008362490888653e-05 -0.00087193498344536051 0.04164942325209129 0.0029986330059802893 3.5676568486242566e-05 0.0016991229036875666 -0.00084920616316752628 0.0099855372279496375 -0.0043953802283491997 0.00043307620953560394 0.0007014254001461496 -0.0065763983691532026 -0.00062337207648170971 0.0001005973562256235
leaf_weight=72 180.04669761657715 33 20 58 179 30 56 53 34 52.140092849731445 22 42 46 27
leaf_count=72 175 33 20 58 179 30 56 53 34 37 22 42 46 27
internal_value=0.00143875 0.0023492 0.00278629 0.00242286 0.00494403 0.0025 0.000749129 0.00201496 0.0056774 0.00881814 -0.00104712 -0.00266272 0.00125 -0.00821429
internal_weight=904.187 724.14 691.14 671.14 267 209 404.14 348.14 158.14 124.14 190 168 99 69
internal_count=884 709 676 656 267 209 389 333 143 109 190 168 99 69
is_linear=0
shrinkage=0.05


Tree=390
num_leaves=15
num_cat=0
split_feature=15 9 13 0 0 2 1 9 9 7 7 13 0 14
split_gain=1.93001 1.20349 1.59877 1.33928 1.29769 1.26375 1.12071 1.07001 1.0344 0.795996 1.25597 0.789621 1.21601 1.33983
threshold=1.0381650000000002 0.72233645665352741 3.1164077735376892 14.784937982753648 13.933523308119085 15.071504710903435 16.198516813545215 0.3379038511701401 0.94478581029364217 7.6500000000000012 7.3500000000000005 3.2555640719596006 15.820032688096461 2.3447760871238286
decision_type=2 2 10 2 2 2 2 2 2 2 2 10 2 2
left_child=1 5 3 -3 -4 6 9 -2 -6 10 11 12 -1 -14
right_child=7 2 4 -5 8 -7 -8 -9 -10 -11 -12 -13 13 -15
leaf_value=0.00038496545331494496 -0.00012401155324486823 -0.0069643155943948098 0.0011133081274013338 0.0030052692894919188 0.00038218509974751185 0.0018366609284669489 0.0041203650128383007 -0.00017979950323100246 -0.00038699764711181973 0.00025778736457566788 -0.0024501686118994837 -0.00017492458947382893 0.00083015447859807745 -0.035913852378793319
leaf_weight=168 48 32 31.046697616577148 35 56.046697616577148 25 26 52.093395233154297 35 28 22 278.04669761657715 29 29
leaf_count=168 48 32 26 35 51 25 26 42 35 28 22 273 29 29
internal_value=5.45473e-05 0.000881816 0.00435225 -0.00183824 0.00773669 -0.000208181 -0.000690422 -0.00645279 0.0046299 -0.00117318 -0.00161498 -0.00109132 0.00110132 -0.00508475
internal_weight=894.233 794.14 189.093 67 122.093 605.047 580.047 100.093 91.0467 554.047 526.047 504.047 226 58
internal_count=869 779 179 67 112 600 575 90 86 549 521 499 226 58
is_linear=0
shrinkage=0.05


Tree=391
num_leaves=15
num_cat=0
split_feature=8 7 3 9 16 9 0 15 7 2 2 9 9 7
split_gain=1.3407 2.63952 1.44984 2.33632 1.80577 1.37602 1.16076 1.52305 1.33095 1.13994 1.13232 1.09754 1.26743 2.16354
threshold=23.350000000000005 4.7500000000000009 1.0000000180025095e-35 0.90444653569325539 0.78996500000000014 0.087148275903737818 13.574106775453194 -1.2924149999999999 5.4500000000000011 8.6864535028957413 14.013624873329514 -0.70864607840491678 0.39873388578253716 6.9500000000000011
decision_type=10 2 2 2 2 2 2 2 2 2 2 2 2 2
left_child=1 -1 3 9 10 -6 7 -2 -9 -3 -4 -8 -13 -14
right_child=6 2 4 -5 5 -7 11 8 -10 -11 -12 12 13 -15
leaf_value=-0.0016209382750876885 0.00065593466489541905 0.014095622758499982 0.00023260452993805193 0.00015537631476592614 0.0002028680050636722 -0.0039938515144444025 -0.0026668790187826088 -0.00061739272861860428 -0.012011593700904905 -0.00044935031402052464 0.0020719327275521503 0.00098404764641850666 -0.0034603098605845099 0.0019482703573753147
leaf_weight=29 21 27 344 27.140092849731445 43 46 43 20 29 27 56 90 49 29
leaf_count=29 21 27 344 12 43 46 43 20 29 27 56 90 49 29
internal_value=0.000628166 0.00196371 0.00272 0.00886902 0.00168367 -0.00472222 -0.00221631 -0.00774648 -0.0125 0.00272727 0.00311721 -0.000353774 0.00147929 -0.00316456
internal_weight=880.14 599.14 570.14 81.1401 489 89 281 70 49 54 400 211 168 78
internal_count=865 584 555 66 489 89 281 70 49 54 400 211 168 78
is_linear=0
shrinkage=0.05


Tree=392
num_leaves=15
num_cat=0
split_feature=7 16 10 14 1 13 9 9 13 0 9 13 3 10
split_gain=1.89449 1.61974 1.5166 1.71427 1.11981 1.04279 0.99585 1.79208 1.10833 1.37419 1.40508 2.08266 1.10807 1.43108
threshold=5.6500000000000012 0.37080500000000005 -0.26932402956675622 1.7969789656545367 16.509784215219138 2.4559573733023732 0.74311652879956314 0.37662760538417256 3.298820917852527 12.99662366452964 -0.5 3.0186624058275657 12.216771807975368 -0.0043632677491870896
decision_type=2 2 2 2 2 8 2 2 8 2 2 10 2 2
left_child=1 2 3 -1 5 -2 7 8 9 -7 11 -11 13 -10
right_child=4 -3 -4 -5 -6 6 -8 -9 12 10 -12 -13 -14 -15
leaf_value=0.00037360550870952389 0.0025003580809871643 -0.00059435391312324948 -0.00073721099592820587 -0.0038278622958975439 -3.9288450781160833e-05 -0.00053295309841532306 0.00041441922524526072 -0.00058558932663423937 0.00056258166770189468 -0.036314706534594197 0.021069139741164533 0.0046984544421420082 0.00095535061243472445 -0.00089673717154574732
leaf_weight=69.046697616577148 28 70.046697616577148 107 23 24 20 137.04669761657715 99 70 23 48 20 48 73
leaf_count=64 28 65 107 23 24 20 132 99 70 23 48 20 48 73
internal_value=0.000786113 -0.00268426 -0.000369077 0.00431146 0.00237065 0.0028237 0.00232107 0.00105721 0.0029703 0.00691964 0.00951087 0.00284091 0.000651042 -0.0015625
internal_weight=859.14 269.093 199.047 92.0467 590.047 566.047 538.047 401 302 111 91 43 191 143
internal_count=844 259 194 87 585 561 533 401 302 111 91 43 191 143
is_linear=0
shrinkage=0.05


Tree=393
num_leaves=15
num_cat=0
split_feature=9 2 13 2 13 14 6 2 9 10 1 7 7 7
split_gain=1.29234 3.62106 1.91212 1.75697 2.59742 1.72539 1.21202 1.16527 1.03449 0.918904 0.856969 0.803396 0.948513 0.771895
threshold=0.74311652879956314 11.808748044302709 3.624277951196841 9.8198747697569519 3.3231252918076066 0.54189347659399623 5.8218079755191914 10.566113605825981 0.87567323142345177 -0.83143795248747376 15.191454966876789 5.0500000000000007 5.3500000000000005 5.6500000000000012
decision_type=2 2 10 2 8 2 2 2 2 2 2 2 2 2
left_child=3 2 7 4 -1 -5 11 -2 -3 -6 -10 -7 -13 -11
right_child=1 8 -4 5 9 6 -8 -9 10 13 -12 12 -14 -15
leaf_value=0.00023862767535252072 -0.00082709843912925907 0.00050901813344439439 0.00013828763419175406 0.00057285855146068548 -0.00016441417863930497 0.00066546141258557736 -0.0011356533404931924 0.0026732428820862245 -0.0059317982207371502 -0.006761504817630032 -7.3857169181890117e-05 -0.00079567040004258072 0.00014991162468213083 -0.0091975242770216768
leaf_weight=56 33 43 53.140092849731445 32.046697616577148 20 26 22 27 30 23 22 30 427 29
leaf_count=56 33 43 38 27 20 26 22 27 30 23 22 30 427 29
internal_value=0.00089188 0.00432008 0.0103251 -0.000185922 -0.00542636 0.00107085 0.00034585 0.00409836 -0.00286458 -0.0116438 -0.00754717 0.000878099 0.000382096 -0.0150943
internal_weight=873.187 208.14 113.14 665.047 128 537.047 505 60 95 72 52 483 457 52
internal_count=853 193 98 660 128 532 505 60 95 72 52 483 457 52
is_linear=0
shrinkage=0.05


Tree=394
num_leaves=15
num_cat=0
split_feature=15 14 8 1 0 1 2 1 13 0 14 8 0 13
split_gain=0.718866 1.85243 2.47789 1.77065 0.906496 0.868532 1.98107 1.11584 1.65688 1.44017 1.20056 1.82407 1.38805 1.65339
threshold=-1.1641199999999998 5.028368217426352 9.943500000000002 11.824838310940949 14.729040500317927 11.608527579552712 9.0965767664003732 14.751063175991256 4.5059246727066791 14.729040500317927 0.97976742930448901 17.450000000000003 14.13270164491426 3.2785555263786179
decision_type=2 2 10 2 2 2 2 2 10 2 2 10 2 10
left_child=1 2 -1 -4 -5 6 -2 8 10 -9 12 -12 13 -7
right_child=5 -3 3 4 -6 7 -8 9 -10 -11 11 -13 -14 -15
leaf_value=-0.00098622055609729484 -0.00031845307438457262 -0.0019579376231449118 -2.5209841461493188e-05 0.0033382971591259638 0.001089495962896464 0.00055316660857588349 0.00062475060640195283 0.013905520720283305 -0.00045835614573029403 3.2803841025730311e-05 4.9302158438013777e-05 -0.0011961804139814848 0.00022571007037147517 -0.010582245310202571
leaf_weight=25 55 39 26 27.046697616577148 33 28 33.046697616577148 26 25.046697616577148 195 150 123 94.046697616577148 21
leaf_count=25 55 39 26 22 33 28 28 26 20 195 150 123 89 21
internal_value=0.000501932 0.00364899 0.00692718 0.0109271 0.015581 -0.000131577 0.00450514 -0.000754042 -0.00220542 0.00213964 -0.00143589 -0.00337591 0.00226432 -0.0045
internal_weight=900.187 150.047 111.047 86.0467 60.0467 750.14 88.0467 662.093 441.093 221 416.047 273 143.047 49
internal_count=880 145 106 81 55 735 83 652 431 221 411 273 138 49
is_linear=0
shrinkage=0.05


Tree=395
num_leaves=15
num_cat=0
split_feature=7 13 15 7 3 13 15 3 3 2 1 1 15 7
split_gain=1.41538 1.46805 1.03055 1.56911 1.60348 1.19745 1.28393 0.952088 1.06514 1.03278 1.45001 1.38937 1.34666 1.16871
threshold=4.8500000000000005 4.5860782025350835 0.66927500000000018 5.3500000000000005 6.7071473295827539 2.6535031187055078 1.2809800000000002 9.1862526603954802 10.980493402982425 8.3156701108558106 14.48640905071443 15.123414094757225 -0.44686499999999996 6.5500000000000007
decision_type=2 10 2 2 2 10 2 2 2 2 2 2 2 2
left_child=-1 2 7 -4 -5 -6 -7 9 -9 12 13 -12 -2 -11
right_child=1 -3 3 4 5 6 -8 8 -10 10 11 -13 -14 -15
leaf_value=-0.00077287950561159564 -0.0065956902160586974 0.00039899852363989107 -0.000723494622982983 -1.7000357710929325e-05 0.0023662044036524056 -0.022353252424778172 -0.00072924407077423758 -0.00029345444716528669 0.00011735551993972138 0.00036229894281645332 -0.011921413070119541 0.0039725153631893217 0.00047303981527365704 0.0040461770655342731
leaf_weight=52 27 33.046697616577148 36.046697616577148 25.046697616577148 28 24 43 128 276 113.04669761657715 22 22 22 24
leaf_count=52 27 28 31 20 28 24 43 128 276 108 22 22 22 24
internal_value=0.00037359 0.000882488 0.000443875 -0.00318282 -0.000403419 -0.00338542 -0.00698529 0.00134032 -0.000123457 0.00390037 0.00563684 -0.00222222 -0.0025 0.00815787
internal_weight=875.187 823.187 790.14 156.093 120.047 95 67 634.047 404 230.047 181.047 44 49 137.047
internal_count=855 803 775 146 115 95 67 629 404 225 176 44 49 132
is_linear=0
shrinkage=0.05


Tree=396
num_leaves=15
num_cat=0
split_feature=9 13 13 0 13 9 13 8 12 8 1 1 8 4
split_gain=1.95984 1.89239 1.07455 1.33054 1.23979 1.00494 0.775135 1.64294 0.835868 0.760849 0.71211 2.40748 0.922016 1.53642
threshold=0.72233645665352741 3.3112361679976097 4.5806755450179688 15.798925266415003 4.5201734135869565 0.98436799963137067 3.8967886388235606 19.900000000000002 2.5000000000000004 61.800000000000004 16.039964072433438 15.558906426316598 15.050000000000002 8.1787088705370987
decision_type=2 8 8 2 10 2 10 10 10 8 2 2 10 2
left_child=2 -2 4 -4 6 -3 9 8 -8 10 11 12 -1 -14
right_child=1 5 3 -5 -6 -7 7 -9 -10 -11 -12 -13 13 -15
leaf_value=0.00059051810381831609 -0.00015109838000428868 0.00012385332286437328 -0.00022284349326193661 0.00041509525295249097 0.0037738895950298447 -1.8023944329270681e-05 -0.0086934219308456018 -0.0088940461154055402 0.00026767023266109359 0.00095583897502944388 0.00065278741217051912 -0.0048423869831851546 0.00014086797273099027 -0.0011006447149799925
leaf_weight=188 90 117.18679046630859 33.046697616577148 34 24 29 23 30 59 24 28 22 143 76
leaf_count=188 90 97 28 34 24 29 23 30 59 24 28 22 143 76
internal_value=0.00179488 0.0057114 0.000436222 -0.00552808 0.00109223 0.00920375 0.000631313 -0.00309735 0.00060241 0.00150415 0.00103712 0.000523256 0.00140931 -0.000795455
internal_weight=920.233 236.187 684.047 67.0467 617 146.187 593 112 82 481 457 429 407 219
internal_count=895 216 679 62 617 126 593 112 82 481 457 429 407 219
is_linear=0
shrinkage=0.05


Tree=397
num_leaves=15
num_cat=0
split_feature=9 13 3 5 8 13 14 8 0 14 15 13 9 14
split_gain=2.56399 2.2033 1.39368 1.3406 1.57667 1.05585 1.48406 1.81435 1.43554 1.21276 1.24947 1.14729 1.25753 2.52129
threshold=0.72233645665352741 3.0863718259945103 5.9387842892790692 5.554646837653177 29.500000000000004 4.418491763870585 5.028368217426352 25.800000000000001 14.951744793098303 3.6365870976901049 -0.43006499999999998 2.4559573733023732 -0.015270128796310487 3.1143248453633996
decision_type=2 8 2 2 10 8 2 10 2 2 2 10 2 2
left_child=5 -2 -3 4 -4 6 9 -8 -7 11 -11 -1 13 -13
right_child=1 2 3 -5 -6 8 7 -9 -10 10 -12 12 -14 -15
leaf_value=0.0093634704491477715 -0.00055711831936058334 7.7874792810726337e-05 -0.00043141137932891651 0.00046439300392273622 0.011301970057697687 -0.00030423742178953787 4.213121659522035e-05 -0.0053262247588885319 -0.00017615616426134296 0.012164102296769719 0.00055224959775932445 5.4084764710804485e-06 0.00020634985984835374 -0.024294002557693969
leaf_weight=21 65 57.186790466308594 56 31 20 33.046697616577148 69 40 70 33 50 188 156 25
leaf_count=21 65 37 56 31 20 28 69 40 70 33 50 188 156 25
internal_value=0.0020798 0.00664534 0.00971427 0.00625 0.0025974 0.000544908 0.00137221 -0.00386364 -0.00409592 0.00258439 0.00803571 0.00140665 0.000743243 -0.00175234
internal_weight=914.233 229.187 164.187 107 76 685.047 582 109 103.047 473 83 390 369 213
internal_count=889 209 144 107 76 680 582 109 98 473 83 390 369 213
is_linear=0
shrinkage=0.05


Tree=398
num_leaves=15
num_cat=0
split_feature=8 3 7 14 4 7 9 4 1 14 14 1 8 9
split_gain=1.31626 1.8212 2.49992 2.19048 1.58377 1.564 1.66682 1.24942 1.27105 1.247 2.17044 1.92631 1.33889 1.22903
threshold=14.65 5.9387842892790692 5.1500000000000012 0.19462885221396517 11.237010184135896 6.2500000000000009 -0.70864607840491678 9.1790302868013747 13.578962822258948 4.7209182037664617 3.237719231425281 14.883834556093577 5.8550000000000013 -0.79068204694897848
decision_type=10 2 2 2 2 2 2 2 2 2 2 2 10 2
left_child=1 2 3 -1 9 -2 -7 -8 -9 10 11 12 -3 -14
right_child=5 4 -4 -5 -6 6 7 8 -10 -11 -12 -13 13 -15
leaf_value=-0.0019438277579062913 -0.00020030814260515659 -0.0013681234356778039 7.0050725833074724e-05 0.01547798664158977 0.0010985852059121725 -0.0017486055067943652 0.0015112907352688332 -0.01175584906994619 0.00081485558316616311 -0.00065851170718298499 0.0016046776983866364 -0.018195629375935531 -0.0011249986025500204 0.0023298148291371781
leaf_weight=24 233.04669761657715 30 68.186790466308594 20 40 45 118 21 83 36 60 24 26 80
leaf_count=24 228 30 48 20 40 45 118 21 83 36 60 24 26 80
internal_value=0.00181857 0.00392161 0.00931796 0 0.00185185 9.74611e-05 0.00270522 0.0044843 0.00047619 0.000389105 0.00180995 -0.00124224 0.00109489 0.00373832
internal_weight=908.233 408.187 112.187 44 296 500.047 267 222 104 256 220 160 136 106
internal_count=883 388 92 44 296 495 267 222 104 256 220 160 136 106
is_linear=0
shrinkage=0.05


Tree=399
num_leaves=15
num_cat=0
split_feature=3 7 2 14 3 15 1 1 2 2 7 3 8 1
split_gain=1.47485 2.43902 1.96661 1.74114 1.64835 1.23426 3.04227 1.33704 1.31483 1.18987 1.06288 1.06155 0.986372 1.63517
threshold=8.5852193002530317 5.1500000000000012 10.566113605825981 1.3723225666633769 9.5902192356746792 -0.63385499999999995 15.568314165558796 14.751063175991256 11.252355811132036 11.283569860993516 5.2500000000000009 12.243148930164491 13.950000000000001 14.25664067995997
decision_type=2 2 2 2 2 2 2 2 2 2 2 2 10 2
left_child=1 2 -1 -2 -5 6 9 8 -7 -6 -3 -8 13 -10
right_child=3 10 -4 4 5 7 11 -9 12 -11 -12 -13 -14 -15
leaf_value=-0.00063521578297928152 -0.0083621839581191019 7.5951938836086867e-05 0.00094831056132498319 0.0044022464494540394 -0.0003192415894706091 0.0017006952100961259 -0.026378253708309065 0.0001055243194685751 -0.0081214275991022596 0.001115867544772664 6.6749546147653693e-05 -5.7043006676993359e-05 -0.0070626306639220982 0.0017227885119137643
leaf_weight=64 28 32.093395233154297 36 53 28 38 20 115 25 134 202.14009284973145 33 78 21
leaf_count=64 28 22 36 53 28 38 20 115 25 134 187 33 78 21
internal_value=0.00141025 0.00404446 -0.00247525 -0.000130662 0.000503663 -0.00040568 0.00243056 -0.00260791 -0.00552147 0.00582822 0.00682657 -0.00787037 -0.008 -0.00212766
internal_weight=907.233 334.233 100 573 545 492 215 277 162 162 234.233 53 124 46
internal_count=882 309 100 573 545 492 215 277 162 162 209 53 124 46
is_linear=0
shrinkage=0.05


Tree=400
num_leaves=15
num_cat=0
split_feature=13 13 1 14 9 1 2 7 5 5 15 7 15 1
split_gain=1.28585 1.6326 1.56964 1.45083 1.83521 1.15834 1.34609 1.4759 1.25554 1.24252 1.2171 1.10755 1.30493 1.8099
threshold=2.8589191732011554 3.0508391527108922 13.307875549349886 0.058937518786439401 0.39873388578253716 11.005113196168786 10.925384884878442 5.2500000000000009 4.8671718930039409 9.2975836057207832 -0.11977499999999999 6.7500000000000009 0.67486000000000013 12.639941056452558
decision_type=10 10 2 2 2 2 2 2 2 2 2 2 2 2
left_child=2 -2 -1 4 -3 -5 11 -8 -9 10 -10 12 13 -7
right_child=1 3 -4 5 -6 6 7 8 9 -11 -12 -13 -14 -15
leaf_value=-0.0040959090523653378 0.0027810206128968899 -0.00018898800734225009 5.8638451409986915e-05 0.0021564474277751488 0.00010437390153598849 -0.013313993990763363 0.0030172283001072223 -1.3414940406919485e-05 0.014331167310472815 -3.7207856198762101e-05 0.00036929335090727381 0.00085024973796222765 0.0004785934100668188 -0.00042512898536677395
leaf_weight=57 83 28 151 32 34.093395233154297 24 30 271 20 34 22 20 32 54
leaf_count=57 83 28 151 32 24 24 30 271 20 34 22 20 32 54
internal_value=0.00224202 0.00328763 -0.00119617 0.00237062 0.00954672 0.00152778 0.000935039 0.00244709 0.00150862 0.00714286 0.0127907 -0.00343511 -0.00540541 -0.00886076
internal_weight=892.093 684.093 208 601.093 62.0934 539 507 377 347 76 42 130 110 78
internal_count=882 674 208 591 52 539 507 377 347 76 42 130 110 78
is_linear=0
shrinkage=0.05


Tree=401
num_leaves=15
num_cat=0
split_feature=1 7 1 4 10 15 9 1 3 0 15 1 6 7
split_gain=0.986328 1.39713 1.38266 1.64598 1.64741 1.91078 1.27348 1.2448 1.22374 1.16122 1.09805 0.994822 1.16529 1.27229
threshold=14.070538460099918 5.1500000000000012 9.5393843264687472 6.2235599818109852 -0.70710678118654757 -0.11977499999999999 -0.70710678118654735 13.667301604469792 5.2544752012255964 13.303345755345559 -0.83455499999999994 16.678821448768947 4.4337841666032221 5.6500000000000012
decision_type=2 2 2 2 2 2 2 2 2 2 2 2 2 2
left_child=1 -1 -3 6 -5 10 -4 8 -8 -10 -6 12 13 -2
right_child=11 2 3 4 5 -7 7 -9 9 -11 -12 -13 -14 -15
leaf_value=-0.00024682103326881813 -0.001032696914583653 -0.00021434463007209041 -0.00010330325223985027 -0.0037102130756023533 0.0005820520589263523 -0.005443560252150848 5.0062593826428659e-05 0.020126691112625796 0.0015619505613527985 1.2895333722218184e-05 0.022230405444349722 0.0045692273021296975 -0.001202095234751166 0.00017173913980159661
leaf_weight=83 84 43.093395233154297 40 40 35 40 63.140092849731445 20 27 72 21 21 28 281
leaf_count=83 84 33 40 40 35 40 48 20 27 72 21 21 28 281
internal_value=0.00167198 0.00320156 0.00442157 0.00543939 0.00109489 0.00463918 0.00808238 0.00984767 0.00829656 0.00475 0.0105263 -0.000120482 -0.00069797 6.8306e-05
internal_weight=898.233 484.233 401.233 358.14 136 96 222.14 182.14 162.14 99 56 414 393 365
internal_count=873 459 376 343 136 96 207 167 147 99 56 414 393 365
is_linear=0
shrinkage=0.05


Tree=402
num_leaves=15
num_cat=0
split_feature=15 14 12 13 10 5 13 10 8 3 15 14 0 16
split_gain=1.67315 1.72711 2.72628 1.76144 1.71444 1.51452 1.50089 1.38373 1.2942 1.62821 1.13372 2.39672 1.22375 0.941192
threshold=0.66927500000000018 5.9803423157872375 1.5000000000000002 3.1164077735376892 0.39670114248928356 9.9877063377013187 3.5602835930737258 0.83025359242879293 20.250000000000004 12.505166966207833 -1.3378349999999999 1.9901364150521601 14.784937982753648 0.10701500000000001
decision_type=2 2 10 8 2 2 10 2 10 2 2 2 2 2
left_child=1 3 -3 13 6 -4 -2 -6 -5 10 -10 -12 -13 -1
right_child=4 2 5 8 7 -7 -8 -9 9 -11 11 12 -14 -15
leaf_value=0.0010381608481563776 -0.0017724358807397868 -0.0014853602659165245 -0.0098029298206629544 0.00012339262314455823 0.0057159210732774081 0.0019078254206176483 -0.00036026168985355965 -0.00018768612124735464 0.0016451404049507125 0.00072727630393929496 -8.8947800181971018e-05 -0.0020474579608062873 -0.00072640940852044535 0.011763466464051487
leaf_weight=163 94 43 20 274.0933952331543 25 20 23.093395233154297 26 21 30 58 21 26 28
leaf_count=163 94 43 20 264 25 20 13 26 21 30 58 21 26 28
internal_value=0.00120249 0.00227251 -0.00446429 0.00317852 -0.00326645 0.00487805 -0.00658237 0.00432692 0.00139723 -0.0022293 -0.00472441 -0.00683962 -0.0151042 0.00716146
internal_weight=872.187 704.093 83 621.093 168.093 40 117.093 51 430.093 156 126 105 47 191
internal_count=852 694 83 611 158 40 107 51 420 156 126 105 47 191
is_linear=0
shrinkage=0.05


Tree=403
num_leaves=15
num_cat=0
split_feature=0 7 10 14 14 10 9 0 7 15 16 15 1 1
split_gain=1.8611 1.31772 1.7257 1.88822 1.60203 2.42396 1.43879 1.87258 1.16749 0.965061 0.999864 0.960888 0.750983 0.662431
threshold=11.194996633038054 5.7500000000000009 -0.26932402956675622 1.7969789656545367 0.6981668640907871 -0.098016907066150058 0.087148275903737818 14.015221205518571 4.8500000000000005 0.67486000000000013 0.10701500000000001 0.63776500000000014 12.583208469475984 12.116287536430383
decision_type=2 2 2 2 2 2 2 2 2 2 2 2 2 2
left_child=-1 2 3 8 5 -3 7 -4 -2 10 -8 -9 -10 -6
right_child=1 4 6 -5 13 -7 9 11 12 -11 -12 -13 -14 -15
leaf_value=0.00045401110958744116 -0.0010362888716144269 -0.0016838140867027952 0.011140162314435688 -0.0041021775752890675 -0.0020069516379550125 0.0020900199783757032 -0.00097956234032588467 -0.0006250051338379637 8.4504053547987268e-05 -0.00060398565735380726 -0.00025518294360886705 7.8884824888603156e-05 0.0004393030145474708 0.00011755146427181452
leaf_weight=54.046697616577148 27 24 24 37 42 40.046697616577148 38.046697616577148 29 25.046697616577148 22.046697616577148 31 23 55 432
leaf_count=49 27 24 24 37 42 35 33 29 20 17 31 23 55 432
internal_value=0.000194825 -0.000382269 -0.00296715 0.0010422 0.00111524 0.00847341 -0.00640914 -0.0012987 0.00440705 -0.0106124 -0.00751167 -0.00660377 0.00741754 0.000105263
internal_weight=903.233 849.187 311.14 144.047 538.047 64.0467 167.093 76 107.047 91.0934 69.0467 52 80.0467 474
internal_count=878 829 296 139 533 59 157 76 102 81 64 52 75 474
is_linear=0
shrinkage=0.05


Tree=404
num_leaves=15
num_cat=0
split_feature=0 1 14 8 10 7 15 13 5 5 14 4 15 15
split_gain=2.04814 1.01387 2.11416 1.83104 1.44468 1.35186 3.48247 1.20678 1.3988 1.16276 1.25135 1.67769 1.55524 1.30365
threshold=11.194996633038054 10.751037653203291 0.97976742930448901 5.0500000000000007 -0.74599345851644794 5.8500000000000005 -0.11977499999999999 4.5690183866124068 10.914057369557446 9.726850458323371 4.0741149540238695 7.7699547862938187 -0.49454499999999996 -0.94026999999999983
decision_type=2 2 2 10 2 2 2 8 2 2 2 2 2 2
left_child=-1 -2 4 -4 -3 6 -5 8 9 10 11 12 -7 -12
right_child=1 2 3 5 -6 7 -8 -9 -10 -11 13 -13 -14 -15
leaf_value=0.00051820926533767322 -0.0001146467993876286 -0.00016779953384171709 0.0012912698180860384 0.00094643566485114183 0.00040213966805375216 -0.00050768450686256017 -0.001457417896904678 0.0015949649294122459 -0.006297962075141994 0.00095207875910943154 0.00046894205671927925 0.0014760316358011672 0.00059672738870526494 -0.00086997483943878078
leaf_weight=59.046697616577148 39.046697616577148 48 33 77 163.0933952331543 34 84 38 21 20 47 73 64 117
leaf_count=54 34 48 33 77 153 34 84 38 21 20 47 73 64 117
internal_value=0.00150006 0.000874325 0.0012527 -0.000246305 0.00555102 -0.000911458 -0.00478395 0.00060241 -0.000265252 0.000491573 -0.000223214 0.00276163 -0.00151515 -0.00333333
internal_weight=917.187 858.14 819.093 608 211.093 575 161 414 376 355 335 171 98 164
internal_count=897 843 809 608 201 575 161 414 376 355 335 171 98 164
is_linear=0
shrinkage=0.05


Tree=405
num_leaves=15
num_cat=0
split_feature=0 9 1 9 1 9 3 7 16 5 9 2 1 0
split_gain=1.78806 1.64409 1.84315 1.23147 1.16903 1.1517 1.08181 1.48384 1.08909 1.03189 1.02871 1.25833 1.60247 0.992424
threshold=11.473377350654021 0.86382728211298232 12.555101602764983 0.70088257582277269 13.215141717622041 0.72233645665352741 9.3599645849984139 5.6500000000000012 0.10701500000000001 8.6963666640987309 0.25881904510252091 11.936077351529015 14.982908394901942 15.909960693352009
decision_type=2 2 2 2 2 2 2 2 2 2 2 2 2 2
left_child=3 5 -3 -1 -4 6 -2 -8 9 10 11 -9 -13 -14
right_child=1 2 4 -5 -6 -7 7 8 -10 -11 -12 12 13 -15
leaf_value=0.00040545561487381754 0.0005099723521079458 -7.3716585681881516e-05 0.001132305442013032 6.1736009123546909e-05 -0.000164379411062221 0.0098802801861550341 -0.00075499033765260572 0.00077376532680180083 0.00061244230932027137 -0.00060274571350205086 0.00061249230682386413 -0.018712217501770569 0.0014379979532692213 -0.0021455296359380593
leaf_weight=38 258 53.140092849731445 23 20.046697616577148 104 32 52 32 93 40 53 46 20 21
leaf_count=38 258 38 23 15 104 32 52 32 93 40 53 46 20 21
internal_value=0.00092832 0.00032784 -0.00388375 0.00933443 -0.000585938 0.00150463 0.00101461 -0.000768156 0.000571895 -0.00140845 0.000289017 -0.00229167 -0.00539773 0.00178571
internal_weight=885.187 827.14 180.14 58.0467 127 647 615 357 305 212 172 119 87 41
internal_count=865 812 165 53 127 647 615 357 305 212 172 119 87 41
is_linear=0
shrinkage=0.05


Tree=406
num_leaves=15
num_cat=0
split_feature=7 13 0 14 2 13 0 0 13 8 4 13 0 3
split_gain=1.46884 1.15536 1.07333 1.31367 1.44481 1.20107 1.68366 2.83251 1.3385 1.24719 0.874865 1.66622 1.74821 1.48217
threshold=5.6500000000000012 4.5579882802345537 12.754631328093431 0.19462885221396517 10.886539249200158 2.9864873567517889 15.960627720816442 15.241845638203143 2.7199987749177632 14.950000000000001 6.0099799556481051 3.4104915591470446 15.218706338511653 8.8336059308142882
decision_type=2 10 2 2 2 10 2 2 8 10 2 10 2 2
left_child=2 10 -1 -4 -5 8 7 9 -6 -7 11 -2 -13 -12
right_child=1 -3 3 4 5 6 -8 -9 -10 -11 13 12 -14 -15
leaf_value=9.7150982196386577e-06 0.0096388234110249341 0.0005460332460401915 -0.00012829036345601949 0.0012025249927618332 -0.00068300239744121258 0.013895877859183959 0.0052129740640356696 -0.017237733591626725 -0.026687990717472944 -0.00017330681590999598 -0.00050381060258084529 -0.00015937190237609513 0.0019122848155406658 9.4276286741101786e-05
leaf_weight=41.046697616577148 80 36.046697616577148 49.046697616577148 52 23 20 20 24 28 37 26 77.046697616577148 64 322
leaf_count=36 80 31 44 52 23 20 20 24 28 37 26 72 64 322
internal_value=0.000860932 0.00226863 -0.00203325 -0.00325203 -0.00146341 -0.00392157 -0.000735294 -0.00396341 -0.0100962 0.00215517 0.00170834 0.00416053 0.000871774 0.000143266
internal_weight=899.187 605.093 294.093 253.047 204 152 101 81 51 57 569.047 221.047 141.047 348
internal_count=879 595 284 248 204 152 101 81 51 57 564 216 136 348
is_linear=0
shrinkage=0.05


Tree=407
num_leaves=15
num_cat=0
split_feature=0 7 13 1 3 3 1 11 3 8 7 14 0 4
split_gain=1.82824 1.51744 2.66554 1.7305 1.22407 2.03597 1.0219 0.966155 1.229 1.01284 1.74076 0.931717 0.80531 0.725298
threshold=10.819375916553813 5.8500000000000005 4.5690183866124068 11.531882702559956 8.7517856353754926 10.402791739036198 15.601071007879225 1.0000000180025095e-35 1.3195286648076296 32.550000000000004 5.0500000000000007 6.7562731167471535 12.536646282756871 5.3607518575709721
decision_type=2 2 8 2 2 2 2 2 2 10 2 2 2 2
left_child=-1 2 3 -2 7 -6 11 9 -9 10 -5 12 -3 -7
right_child=1 6 -4 4 5 13 -8 8 -10 -11 -12 -13 -14 -15
leaf_value=0.00052873049256567817 -0.0004638293863419488 -0.0060849025590814596 -0.00016443440219429971 0.011091631072511765 -0.013499246791813841 -0.00044931482958785466 -0.00047809297065641858 -0.00098328329298298374 0.0027618923243416639 -0.00017193826880835817 -2.1517461568496522e-05 -0.00078847268281601046 0.00053626027535884639 0.001079832911811529
leaf_weight=43.046697616577148 34.046697616577148 35 24.046697616577148 27 43 44 104 22 21 23 53.046697616577148 20 357 27
leaf_count=38 29 35 19 27 43 44 104 22 21 23 48 20 357 27
internal_value=0.0008825 0.000357823 -0.00235372 -0.00101663 0.000387545 -0.00347826 0.00203095 0.00340822 -0.00284091 0.00601814 0.0086514 0.0031477 0.00368957 0.00173611
internal_weight=877.187 834.14 318.14 294.093 260.047 114 516 146.047 43 103.047 80.0467 412 392 71
internal_count=857 819 303 284 255 114 516 141 43 98 75 412 392 71
is_linear=0
shrinkage=0.05


Tree=408
num_leaves=15
num_cat=0
split_feature=2 9 7 10 16 1 2 12 10 7 13 2 2 9
split_gain=1.46449 1.71651 1.80357 2.08157 1.61499 1.5855 2.39834 1.57082 1.96292 1.23086 1.156 1.08471 1.14092 1.12298
threshold=1.0000000180025095e-35 0.26092512978024796 6.1500000000000012 0.32762316226846638 1.0000000180025095e-35 15.430374933573537 12.985123067727056 1.0000000180025095e-35 -0.061027619725079495 5.4500000000000011 2.8808251908896749 8.1729710232723694 9.4106893536301772 -0.015270128796310487
decision_type=2 2 2 2 2 2 2 10 2 2 8 2 2 2
left_child=-1 5 3 7 -4 6 11 -3 9 -9 -6 -2 -13 -14
right_child=1 2 4 -5 10 -7 -8 8 -10 -11 -12 12 13 -15
leaf_value=0.00031103378434110048 -0.00044887601317789017 -0.014972701046046023 -0.00043756870901172644 -0.00028722982604028415 -0.00056721196021700668 -0.00076681405563859832 0.0035105973179682562 -5.496857580130486e-06 0.0023463874975833245 -0.0037559493270729939 0.0017690675874164619 0.00089201711482727046 -0.00014082039018322169 0.0018068180157187143
leaf_weight=52.046697616577148 25 23 61 65.093395233154297 28 85 84 36.093395233154297 25 32 70 27 205 68
leaf_count=47 25 23 61 55 28 85 84 26 25 32 70 27 205 68
internal_value=0.000449524 -6.26625e-05 -0.00279124 -0.0061878 0.00109375 0.00181818 0.00310976 -0.00213505 0.00079708 -0.00361829 0.00505051 0.00115031 0.00199336 0.00100365
internal_weight=886.233 834.187 340.187 181.187 159 494 409 116.093 93.0934 68.0934 98 325 300 273
internal_count=861 814 320 161 159 494 409 106 83 58 98 325 300 273
is_linear=0
shrinkage=0.05


Tree=409
num_leaves=15
num_cat=0
split_feature=7 16 3 0 0 13 14 1 14 10 3 3 11 0
split_gain=1.21318 0.722184 0.676407 0.669357 1.31735 1.64062 0.667596 0.793676 0.739969 1.39626 0.840351 1.06396 0.995052 0.954993
threshold=5.1500000000000012 -1.4512249999999998 10.16906799463011 15.228592231224935 13.703158544583582 3.4956560387578528 0.040000831862220171 10.751037653203291 0.6981668640907871 -0.061027619725079495 8.3954203837979247 7.2301797797801095 1.0000000180025095e-35 16.650208473852814
decision_type=2 2 2 2 2 10 2 2 2 2 2 2 2 2
left_child=3 2 -2 4 -1 -6 -3 -8 9 -9 11 -10 -12 -14
right_child=1 6 -4 -5 5 -7 7 8 10 -11 12 -13 13 -15
leaf_value=0.00068369351794963509 -0.0010322152748338698 6.4295387214126535e-06 0.00041568603580870449 3.205605041476378e-05 -0.0023631644583539005 -7.4334196833969476e-05 -3.4704018161522923e-05 -3.5262297952276535e-05 0.00026570794498559369 0.00073159776142518013 0.00050142573908811276 -0.0012439243436850101 8.1094416174809505e-05 -0.00035952775570111676
leaf_weight=42 21 43.093395233154297 20 24 27 20 31.046697616577148 38 38 43.046697616577148 340 33 162 28
leaf_count=42 21 33 20 24 27 20 26 38 38 38 340 33 162 28
internal_value=0.00153902 0.00222672 -0.00416667 -0.00328947 -0.00527778 -0.0109375 0.00257841 0.00220559 0.00256376 0.00702243 0.00195183 -0.003125 0.00263653 -0.00026178
internal_weight=910.187 797.187 41 113 89 47 756.187 713.093 682.047 81.0467 601 71 530 190
internal_count=890 777 41 113 89 47 736 703 677 76 601 71 530 190
is_linear=0
shrinkage=0.05


Tree=410
num_leaves=15
num_cat=0
split_feature=10 13 4 15 10 9 0 15 10 9 0 15 0 0
split_gain=0.859265 1.2423 1.4623 1.27349 1.17704 1.3571 1.07084 1.01346 1.04995 1.26817 0.991411 1.83422 1.39628 1.72024
threshold=0.0043632677491866351 3.2912581272669157 9.9162585601163702 -0.79966499999999996 0.75756498438404929 0.087148275903737818 11.194996633038054 -0.43265499999999996 0.93200786928279833 -0.80246366112812384 14.91411550242956 -0.43006499999999998 14.395140689944201 14.599023630551345
decision_type=2 10 2 2 2 2 2 2 2 2 2 2 2 2
left_child=6 7 4 -4 -3 -6 -1 -2 9 -9 12 -12 -8 -14
right_child=1 2 3 -5 5 -7 10 8 -10 -11 11 -13 13 -15
leaf_value=0.0002811214903326168 0.00088137775728425183 -0.00045115162074653767 0.0073887714121880334 -0.00015090109649187335 9.3249515579119099e-05 -7.9650034133762235e-05 0.00013655051633409965 0.0015021540540045453 0.0028039998205715566 -0.0010015783724723005 -0.00023398528172591249 0.00031088975262179275 -0.0040987211330125398 -6.5417075608920077e-06
leaf_weight=30.046697616577148 60 78.046697616577148 24 22 42 39.046697616577148 150 23 34 81 108 129.04669761657715 23 32
leaf_count=25 60 73 24 22 42 34 150 23 34 81 108 124 23 32
internal_value=0.000884515 -0.000810048 -0.00352915 0.00425532 -0.00579246 -0.00153775 0.00233006 0.00201005 -0.000359712 -0.00285714 0.00169546 0.0038907 -0.000849515 -0.00758929
internal_weight=875.187 403.093 205.093 46 159.093 81.0467 472.093 198 138 104 442.047 237.047 205 55
internal_count=855 393 195 46 149 76 462 198 138 104 437 232 205 55
is_linear=0
shrinkage=0.05


Tree=411
num_leaves=15
num_cat=0
split_feature=14 8 13 13 0 8 10 9 16 15 14 0 8 8
split_gain=2.43254 1.54398 1.42348 1.70662 1.44306 1.26192 1.53961 1.2107 0.808107 0.782583 0.891002 1.17375 1.16251 1.05734
threshold=1.3093101507937874 18.750000000000004 3.2785555263786179 3.5534561859539893 14.290272304432003 34.050000000000004 0.041439601562201771 0.97014794553715189 0.37080500000000005 0.82512500000000011 4.2890227835308243 14.527239206334718 10.850000000000003 16.050000000000004
decision_type=2 10 10 10 2 10 2 2 2 2 2 2 10 10
left_child=1 2 8 -4 -5 -3 -7 9 -1 10 -2 -12 -13 -14
right_child=7 5 3 4 -6 6 -8 -9 -10 -11 11 12 13 -15
leaf_value=0.0001328097948348317 0.00059282543890445407 0.0011038735133856003 -0.0026436543539894147 -1.1739834904346161e-05 -6.044506670056494e-05 -0.011840087861024681 0.00017845934915735053 -0.00048698229283967721 -0.0029418672112787037 -0.0004104625180478827 -0.006265687075874782 -0.00029016993494466184 0.021045992608320699 0.00033164548888042766
leaf_weight=46 281 56 36.046697616577148 52.093395233154297 56.093395233154297 25 31 31 25 46 45 39 25 98
leaf_count=46 281 56 31 42 46 25 31 31 25 46 45 39 25 98
internal_value=0.00044389 -0.00298112 -0.00545014 -0.00828667 -0.00505862 0.00176991 -0.00350877 0.00242933 0.000347222 0.00299065 0.00357873 0.00108173 0.00306748 0.00544355
internal_weight=892.233 327.233 215.233 144.233 108.187 112 56 565 71 534 488 207 162 123
internal_count=867 302 190 119 88 112 56 565 71 534 488 207 162 123
is_linear=0
shrinkage=0.05


Tree=412
num_leaves=15
num_cat=0
split_feature=9 0 7 0 10 3 2 0 7 4 10 0 7 16
split_gain=1.14704 0.956386 0.963749 1.89241 1.32991 1.35421 1.18207 1.05947 1.34611 1.09088 1.72471 2.15256 1.616 1.20013
threshold=-0.99998096153208549 11.723960037456015 5.7500000000000009 15.798925266415003 -0.40273135449887215 2.3410656135621104 11.12876426794827 15.904872601523701 7.3500000000000005 8.1261483846332627 0.32762316226846638 14.995108575913395 5.9500000000000011 0.10701500000000001
decision_type=2 2 2 2 2 2 2 2 2 2 2 2 2 2
left_child=-1 -2 3 4 -3 -6 -7 8 9 10 11 -4 -12 -11
right_child=1 2 7 -5 5 6 -8 -9 -10 13 12 -13 -14 -15
leaf_value=0.00044486414258688712 4.466648375775147e-05 5.9225342282198674e-06 -0.0005718288554435847 0.00047675650452858043 -7.8370290488893055e-05 0.0011527961872117131 -0.0019847218400820209 -0.00010796450047706463 0.0065185151690533077 -0.00069946605801922694 0.0091197225089742154 0.00033090093320098379 0.00080766759747481493 0.0041703798671366421
leaf_weight=29 68.046697616577148 104 61 63 58.140092849731445 34 47 189 31 87 23.046697616577148 28 38 40
leaf_count=29 63 104 61 63 43 34 47 189 31 87 18 28 38 40
internal_value=0.00121925 0.000887185 0.000401232 -0.00180212 -0.00380315 -0.00698232 -0.0027439 0.00175921 0.00356311 0.00243185 0.0053041 0.000833333 0.0117036 -0.000976562
internal_weight=900.233 871.233 803.187 306.14 243.14 139.14 81 497.047 308.047 277.047 150.047 89 61.0467 127
internal_count=875 846 783 291 228 124 81 492 303 272 145 89 56 127
is_linear=0
shrinkage=0.05


Tree=413
num_leaves=15
num_cat=0
split_feature=3 15 15 2 0 9 4 15 3 4 10 12 3 14
split_gain=1.43116 2.44854 1.72069 0.862143 1.32654 0.846471 1.31569 1.13533 1.59177 1.07652 1.05933 1.00601 0.79925 1.50249
threshold=2.3410656135621104 0.67486000000000013 -0.79966499999999996 7.3287099632352914 14.244061427783102 0.3379038511701401 12.671598481215558 -0.79966499999999996 12.012557628632541 11.342709712776253 -0.74599345851644794 1.0000000180025095e-35 11.343944559587163 2.5775460472523744
decision_type=2 2 2 2 2 2 2 2 2 2 2 10 2 2
left_child=1 2 -1 -4 -5 6 11 -7 10 -10 -9 -2 13 -13
right_child=5 -3 3 4 -6 7 -8 8 9 -11 -12 12 -14 -15
leaf_value=-0.00034688804294357741 0.001274489677352042 -0.00011086196316792605 5.4053687390250723e-05 -0.00039355694224230689 0.00012960371083478028 0.0005397072595474423 -0.0021223812797630083 -0.0029619074269312319 -0.01317750867442118 -0.00019137908347655053 0.00016856379989638182 0.00042560270928196923 0.00092763559950581609 -0.0014327355191877779
leaf_weight=64.093395233154297 59 39.093395233154297 41.046697616577148 21 38 99 22 23 36 23 114 132 115 71
leaf_count=54 59 29 36 21 38 99 22 23 36 23 114 132 115 71
internal_value=0.000357922 -0.00332219 -0.000612616 0.0034753 -0.000416667 0.00143885 0.0029375 -0.000591216 -0.00279188 -0.00958333 0.000181159 0.00363757 0.00250784 0.000612745
internal_weight=897.233 203.233 164.14 100.047 59 694 399 295 196 59 137 377 318 203
internal_count=872 178 149 95 59 694 399 295 196 59 137 377 318 203
is_linear=0
shrinkage=0.05


Tree=414
num_leaves=15
num_cat=0
split_feature=9 13 0 13 10 13 3 9 13 0 9 0 2 0
split_gain=1.14672 1.14123 1.58781 1.54311 1.24195 1.14273 1.09254 2.53984 1.25345 1.33039 1.08237 1.0217 1.75062 1.85407
threshold=-0.96703673333358797 3.0244984119021363 11.602223360057605 2.9450127606983019 0.23766552919915279 3.1847201767061821 8.4730319460816848 0.91613344851476464 3.9169617688349754 14.759568215742057 0.087148275903737818 15.4393774336926 13.326059037936469 15.084980169461302
decision_type=2 10 2 10 2 10 2 2 10 2 2 2 2 2
left_child=-1 3 -3 4 -2 -4 7 8 9 10 -7 12 13 -8
right_child=1 2 5 -5 -6 6 11 -9 -10 -11 -12 -13 -14 -15
leaf_value=0.0010316926634233782 -0.00027515794311898655 0.0017213092018144695 -0.00088579415271363706 0.0084071408099187124 0.00094129907238240664 -0.00028172930817281229 -0.00047613838644786636 -0.00033312833864811625 -8.6646074095299473e-05 0.0011146377571899847 0.00043720554207820066 -9.2655202229741118e-05 0.011334424604094085 0.0020382231907317473
leaf_weight=41 123 38 64 37 108 33 90 34.093395233154297 53.046697616577148 37 30 146 39 20
leaf_count=41 123 38 64 37 108 33 90 24 48 37 30 146 39 20
internal_value=0.000862838 0.000464751 -0.000775032 0.00315985 0.00161638 -0.00146855 -0.000628187 -0.00360637 -0.000819021 0.00247525 -0.00195312 0.00126689 0.00416667 0.000900901
internal_weight=893.14 852.14 584.14 268 231 546.14 482.14 187.14 153.047 100 63 295 149 110
internal_count=878 837 569 268 231 531 467 172 148 100 63 295 149 110
is_linear=0
shrinkage=0.05


Tree=415
num_leaves=15
num_cat=0
split_feature=7 2 5 14 15 14 13 7 8 13 13 4 5 8
split_gain=1.06273 1.21699 1.46716 1.8816 1.08434 1.25149 1.20705 1.06874 1.46086 1.19449 0.991713 1.74171 1.29155 1.00786
threshold=4.5500000000000007 11.103337916028458 5.2297699279692296 0.011789636016720442 1.0381650000000002 0.75954717187007736 4.5059246727066791 6.5500000000000007 14.950000000000001 3.3466840214647262 3.6025798466659689 2.8156058909106831 6.1658424761504458 10.370000000000003
decision_type=2 2 2 2 2 2 8 2 10 8 10 2 2 10
left_child=-1 2 3 -2 5 -3 10 8 -5 -10 13 -12 -13 -7
right_child=1 4 -4 7 -6 6 -8 -9 9 -11 11 12 -14 -15
leaf_value=-0.00089261870937532581 -8.9803021849925834e-05 -9.7007201291188228e-05 -0.0070547507228506945 0.00049941490350895298 -0.0016680607313476427 0.00059781130902534238 0.00078663858987764184 0.0067575277075081269 0.00098481702831971769 -0.00052411831580662094 0.00059996091052270115 -0.0096686392917212927 0.00017484631665025676 -5.5590750865497364e-05
leaf_weight=29 35.046697616577148 33.093395233154297 31 115.04669761657715 38 58 70 43 30 29 61 53 21 233
leaf_count=29 30 23 31 110 38 58 70 43 30 29 61 53 21 233
internal_value=8.25565e-05 0.000408448 0.00307997 0.00434622 -0.000928254 -0.000334535 0.000301811 0.00608203 0.00429124 -0.00208333 -0.000702576 -0.00422794 -0.00933333 0.000941781
internal_weight=879.187 850.187 283.093 252.093 567.093 529.093 496 217.047 174.047 59 426 135 74 291
internal_count=859 830 273 242 557 519 496 212 169 59 426 135 74 291
is_linear=0
shrinkage=0.05


Tree=416
num_leaves=15
num_cat=0
split_feature=1 8 10 15 15 1 8 8 7 2 8 1 3 2
split_gain=1.92249 1.95477 1.68079 1.25483 1.7622 1.47667 1.49891 1.21562 1.0507 1.49994 2.27259 1.40698 2.08743 1.29566
threshold=9.9532426738528574 17.955000000000002 0.85713466239780911 0.63776500000000014 -1.3242799999999997 12.555101602764983 12.718000000000002 10.950000000000001 5.8500000000000005 11.922742440033366 30.050000000000004 14.789540403529749 11.644363344401578 12.115537314248444
decision_type=2 10 2 2 2 2 10 10 2 2 10 2 2 2
left_child=1 -1 3 4 7 6 -5 -2 13 10 -10 12 -11 -6
right_child=2 -3 -4 5 8 -7 -8 -9 9 11 -12 -13 -14 -15
leaf_value=-0.00023387496561979269 -0.00064680223933732961 0.0008133371737462675 -7.0369346527265667e-05 0.0010370891078207102 -0.00033533092002220323 0.00052064536263571879 0.0060453495776751744 0.0022667785463569125 0.0048619759724797046 -0.020381999478581082 -0.0036702751935791702 0.00034925914491392709 -8.7004022317094264e-06 0.00056879636564415026
leaf_weight=34.093395233154297 20 21 163.04669761657715 26 94.046697616577148 149 27.046697616577148 51 76 28 23 111 37 55
leaf_count=24 20 21 158 26 89 149 22 51 76 28 23 111 37 55
internal_value=0.000460033 -0.00850965 0.00104377 0.0021129 0.000753624 0.00542322 0.0125108 0.00798611 -0.000473283 0.0013587 0.00625 -0.00141243 -0.00719697 -0.00383992
internal_weight=915.233 55.0934 860.14 697.093 495.047 202.047 53.0467 71 424.047 275 99 176 65 149.047
internal_count=890 45 845 687 490 197 48 71 419 275 99 176 65 144
is_linear=0
shrinkage=0.05


Tree=417
num_leaves=15
num_cat=0
split_feature=0 1 15 1 13 1 5 7 13 1 1 4 15 14
split_gain=1.88103 1.58696 1.49081 1.16736 1.53441 1.3525 1.78423 1.06344 1.66761 1.29625 1.15807 1.61656 2.10672 1.43746
threshold=17.338963445597322 9.9532426738528574 -0.065509999999999985 15.568314165558796 2.4559573733023732 15.858763149343476 3.7187503938003199 5.8500000000000005 4.5579882802345537 11.491322867937805 12.147605239729323 8.7100424666969705 -0.92700999999999989 2.6884554368297269
decision_type=2 2 2 2 8 2 2 2 8 2 2 2 2 2
left_child=1 2 -1 4 -3 -5 -7 -6 9 -9 -11 13 -13 -12
right_child=-2 3 -4 5 7 6 -8 8 -10 10 11 12 -14 -15
leaf_value=-0.00026082214605386292 0.0012169211078067567 0.0015156864091117718 -0.00074701309919280787 -0.024405365865661246 -8.136651707672766e-05 0.0014640611038440278 -0.0018876377378588939 0.0033422705679861386 0.02354122466476688 -0.0031790488867854631 0.00033282956858224913 0.00059286709696730893 -0.0011316717652606334 0.0014847103566293818
leaf_weight=25 29 44 32.093395233154297 28 283.04669761657715 38 35 27 25 38 86 50 91 56
leaf_count=25 29 44 22 28 278 38 35 27 25 38 86 50 91 56
internal_value=0.000193098 -0.000236867 -0.00821668 0.000341417 0.00106816 -0.00465686 -0.00101351 0.000454812 0.00220588 0.0012894 0.000388199 0.00149648 -0.00228873 0.00524476
internal_weight=887.14 858.14 57.0934 801.047 700.047 101 73 656.047 373 348 321 283 141 142
internal_count=872 843 47 796 695 101 73 651 373 348 321 283 141 142
is_linear=0
shrinkage=0.05


Tree=418
num_leaves=15
num_cat=0
split_feature=14 0 3 16 8 8 14 7 8 13 9 0 0 14
split_gain=1.38294 1.17649 0.901631 1.01676 1.33466 1.2513 1.66695 1.54557 1.06412 1.05245 0.979343 1.90948 1.28765 1.43123
threshold=0.009739110096681906 17.257980813679236 13.588352058178069 1.0000000180025095e-35 38.350000000000001 9.3855000000000022 3.9291655750132652 5.8500000000000005 6.2500000000000009 4.5696327016751104 -1.0000000180025095e-35 15.685951130719713 15.500730383620985 2.0264800997683281
decision_type=2 2 2 2 10 10 2 2 10 8 2 2 2 2
left_child=-1 2 3 4 10 6 7 8 -5 -7 11 -2 13 -12
right_child=1 -3 -4 5 -6 9 -8 -9 -10 -11 12 -13 -14 -15
leaf_value=-0.00025719232024622835 -0.0028479832121257377 0.00084246895433615077 0.00067559601502082962 0.0014421347040131983 0.00087631235945194734 -3.6186301455487514e-05 -0.0013295647435515702 0.022046556337015601 -4.5423986930896452e-05 -0.013498908271636724 -0.00031459659162108301 0.00052653528920263424 -0.005908051535496184 0.00066891130311579343
leaf_weight=34.046697616577148 46 30 64 24 37 374 25 44 35.046697616577148 20 23 20 34 34
leaf_count=29 46 30 64 24 37 374 25 44 30 20 23 20 34 34
internal_value=-0.000295825 0.000124737 -0.000254572 -0.000765407 -0.00384615 0.000384607 0.00465853 0.0074598 0.00210116 -0.00101266 -0.00585443 -0.0104478 -0.00244565 0.00215517
internal_weight=844.093 810.047 780.047 716.047 194 522.047 128.047 103.047 59.0467 394 157 66 91 57
internal_count=834 805 775 711 194 517 123 98 54 394 157 66 91 57
is_linear=0
shrinkage=0.05


Tree=419
num_leaves=15
num_cat=0
split_feature=13 14 13 15 10 0 1 10 1 13 0 3 0 0
split_gain=1.37672 1.43812 1.67835 1.62835 1.15509 0.82894 1.23723 0.872032 1.91238 1.89229 1.88452 1.31342 1.28439 1.18157
threshold=4.590222163723535 0.088561716292821516 3.1164077735376892 0.63776500000000014 0.26512974748379775 17.257980813679236 16.266958089139994 -0.19722537325836093 11.885105159201204 2.6535031187055078 14.995108575913395 12.774398345729944 13.418659628045447 15.313801470356928
decision_type=10 2 8 2 2 2 2 2 2 10 2 2 2 2
left_child=1 2 -1 4 -4 6 7 -3 -9 10 -10 12 -11 -13
right_child=-2 5 3 -5 -6 -7 -8 8 9 11 -12 13 -14 -15
leaf_value=4.2966794226900753e-05 0.00063678037045855672 -5.8369946393654894e-05 8.5758429951066084e-05 -0.00026121874702784385 -0.010381872582014685 0.0012644306728028633 -0.0013570493072790236 0.00050651794001230069 -0.001563094863125958 0.002530366100680559 0.018757557320311393 -0.00028164693356855789 -0.00034360244383735417 0.013014921910784238
leaf_weight=33 29.046697616577148 332 22 28.093395233154297 20 31 32 41.046697616577148 22 27 36 21 206 22
leaf_count=33 24 332 22 18 20 31 32 36 22 27 36 21 206 22
internal_value=0.000332157 -2.99351e-05 -0.00554632 -0.00987905 -0.00348837 0.00071483 0.000373176 0.000813742 0.00246291 0.00119403 0.00932203 -0.000541516 -0.00202991 0.00738636
internal_weight=902.187 873.14 103.093 70.0934 42 770.047 739.047 707.047 375.047 334 58 276 233 43
internal_count=882 858 93 60 42 765 734 702 370 334 58 276 233 43
is_linear=0
shrinkage=0.05


Tree=420
num_leaves=15
num_cat=0
split_feature=0 15 7 15 4 10 8 10 9 8 7 13 1 10
split_gain=1.12402 1.1209 1.29431 1.18741 1.73012 1.82367 1.41676 1.38195 1.23756 1.45814 0.973486 0.964117 1.87083 1.73386
threshold=16.885386075422804 0.66927500000000018 7.6500000000000012 0.11731000000000001 10.183511179599234 1.0000000180025095e-35 52.900000000000006 -0.74599345851644794 -0.96419053137135757 37.350000000000001 5.4500000000000011 4.0760256726792292 14.48640905071443 -0.5
decision_type=2 2 2 2 2 2 10 2 2 10 2 10 2 2
left_child=1 2 3 6 5 7 8 -5 -1 11 -7 -10 13 -13
right_child=-2 -3 -4 4 -6 10 -8 -9 9 -11 -12 12 -14 -15
leaf_value=0.00038472899098950799 0.0017025796303618891 -0.00041268393139552999 0.0012484632877294733 0.0013707138507752072 -0.0019285746130185189 -0.00067347005188724831 0.0015386503463217017 0.02293397708862055 -0.00016394168192541793 -0.0065496354336173823 0.00075315957593300462 0.013486395873236657 -0.00064368585978158421 5.2990549657261356e-05
leaf_weight=37 60 141 35 26 24 35 30 36 264.04669761657715 43 50 22 34 32
leaf_count=37 60 141 35 26 24 35 30 36 259 43 50 22 34 32
internal_value=0.000831947 0.000338045 0.00119399 0.000668456 0.00421512 0.00625 -0.000650404 0.0126984 -0.00138823 -0.00221228 0.00145349 -0.0011363 0.00337079 0.00909091
internal_weight=869.047 809.047 668.047 633.047 171 147 462.047 62 432.047 395.047 85 352.047 88 54
internal_count=864 804 663 628 171 147 457 62 427 390 85 347 88 54
is_linear=0
shrinkage=0.05


Tree=421
num_leaves=15
num_cat=0
split_feature=2 12 1 15 0 3 1 0 3 2 4 8 2 4
split_gain=1.78811 2.43831 2.2749 2.07705 1.86707 1.34798 1.0309 1.02194 1.43813 1.40241 1.23266 1.79824 1.72135 1.42302
threshold=9.0965767664003732 1.5000000000000002 11.780275221658769 -0.72587999999999997 13.967506422254475 9.2393042073080913 12.116287536430383 14.408861106226384 12.469044565639642 12.068245325634996 5.5461492472694909 5.0500000000000007 13.39007257913504 8.4153206297449241
decision_type=2 10 2 2 2 2 2 2 2 2 2 10 2 2
left_child=1 4 5 -3 -1 -2 -4 8 9 -8 12 -12 -9 -13
right_child=2 3 6 -5 -6 -7 7 10 -10 -11 11 13 -14 -15
leaf_value=-0.00052446420661331759 0.00060018522985736539 -0.00012575356789510384 -0.0044325805051482542 -0.0012106056715554883 0.0020638018416878515 0.00024681944056419435 0.00058057235382200643 -0.00054713853116032944 -0.01726997360740834 0.006924302001957372 0.0013497322962912506 0.00090536837234582728 0.0004018517428283186 -0.00021400572510792417
leaf_weight=48 30.093395233154297 32 21 41.093395233154297 25 32 93 166 25 50 22 69 56 200
leaf_count=48 20 32 21 31 25 32 93 166 25 50 22 69 56 200
internal_value=0.000274367 -0.00477475 0.00124473 -0.0111661 0.00168919 0.0103392 0.000426743 0.000769795 0.00414201 0.00607639 -0.000340467 0.00179795 -0.00313901 0.000648148
internal_weight=910.187 146.093 764.093 73.0934 73 62.0934 702 681 168 143 513 291 222 269
internal_count=890 136 754 63 73 52 702 681 168 143 513 291 222 269
is_linear=0
shrinkage=0.05


Tree=422
num_leaves=15
num_cat=0
split_feature=8 8 13 14 8 8 13 16 2 8 2 14 10 10
split_gain=0.889838 1.50521 1.147 0.986417 1.83592 1.5826 1.96475 0.920296 0.786918 1.58842 1.22207 1.16803 0.771476 1.67923
threshold=6.4150000000000009 5.0500000000000007 4.5604175150320758 0.088561716292821516 10.65 9.943500000000002 4.132807638542527 0.10701500000000001 12.457253329604793 42.550000000000004 12.168801241272194 7.0676333560569509 0.32762316226846638 0.9396121150393979
decision_type=8 10 10 2 10 10 8 2 2 10 2 2 2 2
left_child=1 -1 3 4 -2 6 -5 -6 9 10 12 -10 -7 -14
right_child=2 -3 -4 5 7 8 -8 -9 11 -11 -12 -13 13 -15
leaf_value=-1.9897438419680391e-05 -0.0015414972967116264 -0.0026113615100652465 0.00057578253182849481 0.00068067349532244812 0.00075265206405303049 -8.157628846803267e-05 -0.00081636710792547533 -0.00049824099628266178 0.00071088718606463494 0.00039986708589947464 -0.0013425466176120839 -0.00055990517065658281 -0.00069186292586761273 0.00027724530758086455
leaf_weight=50 25.046697616577148 29 42.046697616577148 72.046697616577148 29 158 20 30 235 26 21 34 61.046697616577148 34
leaf_count=50 20 29 37 67 29 158 20 30 235 26 21 34 56 34
internal_value=-0.000288289 -0.0053125 0.000222029 -0.000236105 -0.00530494 0.000415349 0.00646092 -0.000416667 -0.000572177 -0.0023291 -0.0034582 0.00138889 -0.00246477 -0.00599883
internal_weight=866.187 79 787.187 745.14 84.0467 661.093 92.0467 59 569.047 300.047 274.047 269 253.047 95.0467
internal_count=846 79 767 730 79 651 87 59 564 295 269 269 248 90
is_linear=0
shrinkage=0.05


Tree=423
num_leaves=15
num_cat=0
split_feature=1 1 0 9 1 9 6 2 10 10 10 0 1 0
split_gain=2.01756 1.60624 1.45646 1.24977 2.02303 1.75328 1.3271 1.31453 1.28089 0.944977 0.891111 0.883761 0.760682 1.47368
threshold=9.9532426738528574 11.910017769753924 17.257980813679236 0.58411063003844077 12.472406226667768 0.72233645665352741 4.4337841666032221 15.071504710903435 -0.061027619725079495 -0.0043632677491870896 0.70090259214882411 15.960627720816442 12.703507605109477 14.376791297386331
decision_type=2 2 2 2 2 2 2 2 2 2 2 2 2 2
left_child=9 10 3 6 -5 -6 7 12 -7 -1 -2 -10 13 -3
right_child=1 2 -4 4 5 8 -8 -9 11 -11 -12 -13 -14 -15
leaf_value=-0.0012897919673942062 8.5910456815874173e-05 -7.9626543516542197e-05 0.0020271471300151501 -0.00018762944034007059 -0.00046079092548652057 -0.00051282466469232402 -0.0010529189298072339 0.0015618137023991176 0.00033291294183754875 -0.00053188835478349403 0.00056651898960671451 0.021191138635810014 -7.3634016790613543e-06 0.0069943207860762692
leaf_weight=25.046697616577148 68 36 36 38.093395233154297 42 55 27 22 64 22 37.046697616577148 25 367 20
leaf_count=20 68 36 36 28 42 55 27 22 64 22 32 25 367 20
internal_value=5.38475e-05 0.000624994 -0.000207797 -0.000720613 -0.00378658 -0.00160428 0.000739958 0.00140135 0.00103448 -0.00991051 0.00637613 0.00472222 0.000766509 0.00614035
internal_weight=884.187 837.14 732.093 696.093 224.093 186 472 445 144 47.0467 105.047 89 423 56
internal_count=864 822 722 686 214 186 472 445 144 42 100 89 423 56
is_linear=0
shrinkage=0.05


Tree=424
num_leaves=15
num_cat=0
split_feature=5 1 1 7 7 14 3 10 10 0 0 14 13 5
split_gain=1.21212 1.04267 1.63009 1.51528 1.50986 1.22396 1.14473 1.03103 0.996745 0.866734 1.50392 1.15135 0.996725 1.03187
threshold=9.8426782322207114 11.910017769753924 12.472406226667768 6.3500000000000005 5.1500000000000012 0.38354780347258094 7.8979472974398321 -0.62758608479379874 0.59827334065059656 16.908776214622375 16.608240043835483 2.777072968864172 2.3971430428195508 5.9875059491338041
decision_type=2 2 2 2 2 2 2 2 2 2 2 2 8 2
left_child=1 3 -3 8 7 -6 -5 -4 -1 10 12 -11 -7 -14
right_child=-2 2 4 6 5 9 -8 -9 -10 11 -12 -13 13 -15
leaf_value=3.0830980650396067e-05 0.00040448983119709684 -0.00018594172174385607 -0.0010412909853106278 -0.0092767514005555052 0.0010583548792765241 0.0060458159020998275 0.00021018959140021166 -0.0002659619958939985 0.00051866745575672728 -0.00087690610902997352 -0.011047006819303774 0.010150481175386306 -6.1161588148850307e-05 0.00032650973950809625
leaf_weight=68.046697616577148 51 65.093395233154297 22 20 24 22 28 51 28.046697616577148 20 29 30 360 59
leaf_count=63 51 55 22 20 24 22 28 51 23 20 29 30 360 59
internal_value=0.000768629 0.000302229 -0.000515793 0.00415136 0.000283172 0.00119266 -0.00306122 -0.00641892 0.00774857 0.000671785 0 0.00686275 0.000735294 0.000178571
internal_weight=877.187 826.187 682.093 144.093 617 544 48 73 96.0934 520 470 50 441 419
internal_count=857 806 672 134 617 544 48 73 86 520 470 50 441 419
is_linear=0
shrinkage=0.05


Tree=425
num_leaves=15
num_cat=0
split_feature=7 0 1 15 3 14 8 4 15 14 13 3 0 8
split_gain=0.947535 1.06225 3.48756 1.52043 1.41716 0.930233 1.27837 0.821469 0.788199 0.632366 0.620553 0.609956 1.11106 1.87099
threshold=5.8500000000000005 14.455119669859839 13.037661843202228 -0.43006499999999998 8.7992838436023835 0.094904118778089908 14.350000000000003 5.6076234636338862 -0.30803999999999992 0.6981668640907871 4.5579882802345537 11.285711104550765 14.408861106226384 15.750000000000002
decision_type=2 2 2 2 2 2 10 2 2 2 10 2 2 10
left_child=1 3 -3 -1 5 6 -5 8 -4 -10 11 -2 13 -13
right_child=10 2 7 4 -6 -7 -8 -9 9 -11 -12 12 -14 -15
leaf_value=0.0020099277833114104 0.00029183622821711276 -0.00024881032547031679 3.2851740035627634e-05 -0.0013570820256842643 -0.0029598598498131513 2.7901016481586484e-05 0.0034840773219923186 0.00053948063599125191 -5.129293162022819e-05 -0.0067113520667712034 0.0038445784279530163 0.0035260142812673758 -0.00044891787765886096 -0.00012351022566113869
leaf_weight=39 288 38.093395233154297 56 24.046697616577148 22 49.046697616577148 22 48 22 48 25 20 166 37
leaf_count=39 288 28 56 19 22 44 22 48 22 48 25 20 166 37
internal_value=-0.000223528 -0.00217325 -0.0044691 0.000954846 -0.00190527 0.000780491 -0.00427591 -0.00142857 -0.00354331 -0.00704225 0.00111732 0.000732422 -0.00122768 0.00474138
internal_weight=904.187 368.187 212.093 156.093 117.093 95.0934 46.0467 174 126 70 536 511 223 57
internal_count=884 348 202 146 107 85 41 174 126 70 536 511 223 57
is_linear=0
shrinkage=0.05


Tree=426
num_leaves=15
num_cat=0
split_feature=7 13 9 9 2 9 0 8 13 8 15 14 2 14
split_gain=1.52529 1.54703 1.58861 1.19072 1.95648 1.61025 1.30572 1.52485 1.17149 1.19816 1.4109 1.16195 1.12281 1.09767
threshold=6.3500000000000005 4.516393471399744 -0.50188698852276381 0.14780800409054848 13.248656899503709 -0.54646613226747032 15.587342340134944 40.250000000000007 3.2912581272669157 11.500000000000002 -0.11977499999999999 0.54189347659399623 11.575179329836422 3.2953488082256555
decision_type=2 10 2 2 2 2 2 8 8 10 2 2 2 2
left_child=1 2 13 4 6 -6 7 -2 11 -10 12 -4 -11 -1
right_child=3 -3 8 -5 5 -7 -8 -9 9 10 -12 -13 -14 -15
leaf_value=-9.7016940987182387e-05 -0.0010182965120466014 0.00040525475004975084 0.00066890303136372682 0.00074018707814187405 8.5386166437051433e-06 -0.001303254258459674 0.0062097083336369431 0.00045214847678405335 -0.00016603997381312575 0.00086035764702541151 -0.00068447381336585037 -0.00050970926825613108 -0.00052678525559411975 0.0017490223417701235
leaf_weight=106 59 34.046697616577148 45 166 37 34 35 20 97.093395233154297 24 58.046697616577148 129 31.046697616577148 29
leaf_count=106 59 29 45 166 37 34 35 20 87 24 53 129 26 29
internal_value=5.39447e-05 -0.00158086 -0.00226329 0.00262784 -0.000134409 -0.00659722 0.00391304 0.0003125 -0.00390028 -0.0064035 -0.00988081 -0.000857143 -0.00403534 0.00238971
internal_weight=904.233 553.233 519.187 351 185 71 114 79 384.187 210.187 113.093 174 55.0467 135
internal_count=879 528 499 351 185 71 114 79 364 190 103 174 50 135
is_linear=0
shrinkage=0.05


Tree=427
num_leaves=15
num_cat=0
split_feature=1 1 1 4 1 9 7 15 7 13 9 8 4 2
split_gain=1.32758 1.88313 1.74791 1.61673 1.28578 1.06877 0.803922 0.79267 1.34743 1.76999 2.27759 1.40009 1.30918 0.925306
threshold=11.608527579552712 10.35830946619498 12.472406226667768 2.3410656135621104 11.910017769753924 0.5037691814803521 6.2500000000000009 -0.014779999999999998 6.1500000000000012 3.4542313369358211 -0.70710678118654735 17.850000000000005 3.2672576590843554 10.668396338873968
decision_type=2 2 2 2 2 2 2 2 2 8 2 10 2 2
left_child=1 6 4 -3 -2 -6 -1 13 9 10 -9 -10 -11 -4
right_child=2 3 7 -5 5 -7 -8 8 11 12 -12 -13 -14 -15
leaf_value=-5.5484620914138708e-05 4.9221474816296688e-05 0.0057363873239972274 -0.000225757747630162 -0.00077806064814200937 -0.0035915054586197481 -0.00015566465806530821 -0.0084295070732004988 0.010903448873669987 0.0030717390506790122 -0.00025016653461895633 -0.0008994964781946724 -0.0021913356891542835 -0.016300183624075305 0.0002750780021412602
leaf_weight=36.046697616577148 28 39 54 22 28 37.093395233154297 20 34 60 37 88 29 28 348
leaf_count=31 28 39 54 22 28 27 20 34 60 37 88 29 28 348
internal_value=-5.75471e-05 0.00488084 -0.000812512 0.0108871 -0.00719854 -0.0110047 -0.00173249 7.36377e-05 -0.00198556 -0.0043883 -0.000813008 0.00305556 -0.0109848 0.00148883
internal_weight=888.14 117.047 771.093 61 93.0934 65.0934 56.0467 678 276 187 122 89 65 402
internal_count=873 112 761 61 83 55 51 678 276 187 122 89 65 402
is_linear=0
shrinkage=0.05


Tree=428
num_leaves=15
num_cat=0
split_feature=8 2 2 13 2 0 5 5 8 10 3 3 2 12
split_gain=1.46273 1.74763 1.8378 1.60469 1.28708 1.53686 1.70884 2.76408 1.26553 1.5518 1.46421 2.3073 1.86506 1.46649
threshold=11.500000000000002 15.011680278712262 14.421204720979633 4.5860782025350835 9.0965767664003732 14.290272304432003 8.4353839539398141 4.6509353449108879 24.100000000000005 0.25881904510252057 8.6283553873636034 11.2311094700197 11.922742440033366 1.5000000000000002
decision_type=10 2 2 8 2 2 2 2 10 2 2 2 2 10
left_child=3 2 8 4 -1 -6 7 -7 9 10 -2 12 -12 -13
right_child=1 -3 -4 -5 5 6 -8 -9 -10 -11 11 13 -14 -15
leaf_value=-0.0010122577317843576 -0.00016094381031751616 0.00068748421575088876 -0.010531624716152699 0.0067196547796531132 0.00014559714693984733 1.0101020109620773e-05 -0.00066621659059287188 0.00089748330979584352 0.00022147033230195403 -0.00045603260094653178 0.018622200781077569 -0.0011013268786061348 -0.00047175376029668926 0.0011085042325073458
leaf_weight=44.046697616577148 79.046697616577148 36 34 23.046697616577148 46.046697616577148 119 27 22 242 116.04669761657715 29 27 22 21
leaf_count=39 74 36 34 18 41 119 27 22 242 111 29 27 22 21
internal_value=0.000308289 -0.00107452 -0.00175512 0.00328265 0.00212279 0.00372555 0.00147929 0.00369718 -0.00102838 -0.00322723 -0.000285777 0.00375 0.0110577 -0.00408163
internal_weight=887.233 606.093 570.093 281.14 258.093 214.047 168 141 536.093 294.093 178.047 99 51 48
internal_count=862 596 560 266 248 209 168 141 526 284 173 99 51 48
is_linear=0
shrinkage=0.05


Tree=429
num_leaves=15
num_cat=0
split_feature=13 14 10 0 2 2 13 12 9 2 13 13 0 14
split_gain=1.69214 1.86733 1.53305 1.51475 1.39897 1.38615 1.28205 0.973598 1.16609 0.936787 1.16174 0.75368 1.37078 1.36379
threshold=4.2517113222717953 0.088561716292821516 -0.13917177613245105 16.908776214622375 15.071504710903435 7.5105154820682332 4.5645479846104093 1.5000000000000002 -0.26092512978024823 13.326059037936469 4.590222163723535 3.4282904644093786 16.264630261239954 4.7940001260978891
decision_type=8 2 2 2 2 2 8 10 2 2 8 10 2 2
left_child=1 5 6 4 11 7 -2 8 -1 10 -4 -3 13 -13
right_child=2 3 9 -5 -6 -7 -8 -9 -10 -11 -12 12 -14 -15
leaf_value=-0.0015437087073460144 0.0002443262326381035 6.2988723273216249e-05 -0.00033390956940499431 0.002246191045531054 0.00078814524598118667 -0.00064293502055321784 -0.00097223867195137545 -0.0010707318993411308 0.011736671752369587 0.010008707567328745 8.7863945410873295e-05 -0.00015366056886256688 -0.0016026407059427151 0.001861005501217994
leaf_weight=20 38 360 29 47 23 23.046697616577148 38 23.046697616577148 20 24 27.046697616577148 162.04669761657715 30 30
leaf_count=20 38 360 29 47 23 18 38 18 20 24 22 157 30 30
internal_value=0.000388372 -0.000613554 0.00510146 0.000304469 -0.000373185 -0.00749006 0 -0.00353129 0.00121951 0.00988526 0.00615579 -0.000859567 -0.00314359 -0.00156008
internal_weight=894.187 738.14 156.047 652.047 605.047 86.0934 76 63.0467 40 80.0467 56.0467 582.047 222.047 192.047
internal_count=874 723 151 647 600 76 76 58 40 75 51 577 217 187
is_linear=0
shrinkage=0.05


Tree=430
num_leaves=15
num_cat=0
split_feature=9 1 15 0 1 2 0 15 15 1 16 10 15 2
split_gain=2.14961 1.73617 1.46458 1.36126 1.34458 2.11642 1.69179 1.66022 1.79199 1.68032 1.65317 1.62009 1.51319 1.28411
threshold=0.90444653569325539 12.555101602764983 -0.79966499999999996 12.341179895169182 11.885105159201204 11.87216792847968 15.009232588052667 -0.79966499999999996 0.011770000000000001 13.231590220524028 1.0000000180025095e-35 -0.098016907066150058 -1.1641199999999998 10.944650175563529
decision_type=2 2 2 2 2 2 2 2 2 2 2 2 2 2
left_child=3 -2 -3 -1 11 7 -7 13 10 -10 -9 -5 -8 -6
right_child=1 2 -4 4 5 6 12 8 9 -11 -12 -13 -14 -15
leaf_value=-0.00033341985219328409 -0.00013529309566057991 0.00056966495854574581 -0.0010701783226743089 -8.6174526738169729e-05 -0.012224274890487347 0.0031409851048847417 -0.0025351478622990032 -0.00040283875585007679 -0.0037631081120520493 2.1338190850817007e-05 0.0088627250615214825 0.0011026476068799324 0.00025710530079388062 -0.0004120635478535917
leaf_weight=79 37.093395233154297 32 54 39 25 102 34 21 53 71 50 37.046697616577148 191 35
leaf_count=79 27 32 54 39 25 102 34 21 53 71 50 32 191 35
internal_value=-0.000175543 -0.00626411 -0.00229885 0.000848412 0.00159498 0.00077187 0.00342988 -0.00263672 -0.000382653 -0.004 0.00590278 0.00780264 0.000995575 -0.00983607
internal_weight=860.14 123.093 86 737.047 658.047 582 327 255 195 124 71 76.0467 225 60
internal_count=845 113 86 732 653 582 327 255 195 124 71 71 225 60
is_linear=0
shrinkage=0.05


Tree=431
num_leaves=15
num_cat=0
split_feature=4 4 4 15 16 2 8 8 2 13 13 13 13 10
split_gain=1.088 1.21343 1.01033 1.45299 1.60756 1.17638 1.07436 1.01917 1.57674 1.1287 0.897191 0.793754 1.09142 1.26561
threshold=11.069763655070963 11.692412136773205 9.1790302868013747 -1.1641199999999998 0.10701500000000001 11.922742440033366 43.250000000000007 36.600000000000009 14.125268535463212 2.2711502604392559 2.5921133604243618 3.803066821374367 3.9699398397909711 -0.74599345851644794
decision_type=2 2 2 2 2 2 10 10 2 10 10 10 10 2
left_child=2 -2 6 -4 5 -5 7 8 9 -1 -11 -12 -13 -14
right_child=1 -3 3 4 -6 -7 -8 -9 -10 10 11 12 13 -15
leaf_value=0.004267864693149148 0.0012894806724309538 0.00029574906986944431 0.00035878675510074847 -0.00028253840245626719 -1.2784197635906658e-05 -0.030817215757939012 0.00078538147611038618 -0.00080861074564433368 0.0024498526763381268 -0.0012522320837935587 4.4877893747589409e-05 -0.00079321533948582585 0.0028679242638941283 -0.00047517262347896718
leaf_weight=36 36 98 26 21 35 34 58 34 22 39 314.04669761657715 41.046697616577148 32 79
leaf_count=36 36 98 26 21 35 34 58 34 22 39 309 36 32 79
internal_value=0.000303501 0.00444444 -0.000420934 -0.00470085 -0.00769231 -0.0129464 0.000342939 -0.000292596 0.000221595 -0.000322823 -0.000938562 -0.000321135 -0.0032746 -0.000669643
internal_weight=905.093 134 771.093 116 90 55 655.093 597.093 563.093 541.093 505.093 466.093 152.047 111
internal_count=895 134 761 116 90 55 645 587 553 531 495 456 147 111
is_linear=0
shrinkage=0.05


Tree=432
num_leaves=15
num_cat=0
split_feature=1 8 8 3 4 2 2 1 0 0 2 13 3 8
split_gain=1.8594 1.75242 1.73812 2.52383 1.74521 1.51078 1.23327 1.19072 1.57061 2.12776 2.78606 1.41813 1.34451 1.21967
threshold=14.751063175991256 40.250000000000007 13.950000000000001 11.835939577868638 7.5478401808103603 12.390866074590162 14.082274743444421 10.35830946619498 14.395140689944201 15.097653762633401 11.181811835497586 2.5921133604243618 8.5222745089400949 30.050000000000004
decision_type=2 10 10 2 2 2 2 2 2 2 2 10 2 10
left_child=7 2 3 4 -2 -4 -7 13 11 -10 12 -9 -11 -1
right_child=1 -3 5 -5 -6 6 -8 8 9 10 -12 -13 -14 -15
leaf_value=-0.0016902527142761575 -0.00093970301044975506 -0.0019779641856534805 -0.0070720218205528656 -0.00089005747629209439 0.002417067350225155 0.010055832201412519 0.0021412799080081867 -0.0010510941057317979 -0.00045026554780673979 8.8722860349133023e-05 -0.00036042978607493952 0.00026051359579303506 0.002470171227029683 0.0002398179501501785
leaf_weight=41.046697616577148 23 43 20 46 24 39 55 25 123.04669761657715 30 133 239.04669761657715 31 20
leaf_count=36 23 43 20 46 24 39 55 25 118 30 133 234 31 20
internal_value=0.000334586 0.00398406 0.00588942 0.000797872 0.00885417 0.01 0.0126316 -0.00109023 -0.000386536 -0.00275484 0.000512821 0.0024568 0.00927419 -0.00767434
internal_weight=892.14 250 207 93 47 114 94 642.14 581.093 317.047 194 264.047 61 61.0467
internal_count=877 250 207 93 47 114 94 627 571 312 194 259 61 56
is_linear=0
shrinkage=0.05


Tree=433
num_leaves=15
num_cat=0
split_feature=5 5 15 2 2 2 3 7 9 9 0 13 13 0
split_gain=0.906171 1.58508 1.81006 1.24773 0.990194 1.8397 2.87347 1.83464 1.83177 1.13996 1.43095 2.74949 1.11574 1.48754
threshold=4.6509353449108879 11.707232685832698 -1.2924149999999999 14.157160347758618 11.252355811132036 11.65824633693274 9.8221806039149495 4.8500000000000005 -0.96419053137135757 0.97813828947363146 12.99662366452964 3.3965472547192124 3.803066821374367 14.269691498359245
decision_type=2 2 2 2 2 2 2 2 2 2 2 8 8 2
left_child=4 2 -2 -4 7 6 -6 -1 -7 10 11 -9 13 -12
right_child=1 -3 3 -5 5 8 -8 9 -10 -11 12 -13 -14 -15
leaf_value=-0.0008494929253835882 0.00043134789368246554 -0.00058186202132715081 3.5490238276159051e-05 0.001725419096167702 -0.0014684134496449612 0.0018879475952563341 0.00020359965722078767 -0.0073440085410840187 -0.00028298536297004516 0.00013128944672550482 0.0074583603569290391 0.00051802315713161962 -0.0008587891181268348 2.7990700741198274e-05
leaf_weight=44 20 22 106 20 42.046697616577148 27 24 23 316 20.046697616577148 40 36 54 99.046697616577148
leaf_count=44 20 22 106 20 37 27 24 23 316 15 40 36 54 94
internal_value=0.000252944 0.0035503 0.00544218 0.00314961 -0.000514822 -0.00213675 -0.00971215 0.00158419 -0.00065407 0.00312104 0.00217813 -0.00458333 0.00425757 0.00661328
internal_weight=893.14 168 146 126 725.14 409.047 66.0467 316.093 343 272.093 252.047 59 193.047 139.047
internal_count=878 168 146 126 710 404 61 306 343 262 247 59 188 134
is_linear=0
shrinkage=0.05


Tree=434
num_leaves=15
num_cat=0
split_feature=15 9 1 1 2 1 10 13 0 16 0 15 13 10
split_gain=1.13866 1.88399 1.51225 1.3421 3.90912 1.85412 0.866341 1.25801 1.36109 0.972417 0.914424 0.85008 1.4018 0.779976
threshold=-1.1641199999999998 -0.10018710789393852 14.412485773512589 11.885105159201204 9.0965767664003732 9.9532426738528574 0.68834802305431453 3.0663800636569527 15.889238929726735 0.10701500000000001 15.289107917368604 -1.3899099999999998 3.4542313369358211 0.95172615796921589
decision_type=2 2 2 2 2 2 2 8 2 2 2 2 10 2
left_child=1 2 -1 4 5 -2 -5 8 -8 13 -11 -3 -13 -9
right_child=3 11 -4 6 -6 -7 7 9 -10 10 -12 12 -14 -15
leaf_value=0.0003063853321952914 -0.0012769762439461541 5.8696720513945479e-05 -0.0084178866440909172 -3.9219914266850193e-05 0.00012514545996065451 0.00016232756559804163 0.0012990849352677359 -0.021870853174667873 -0.0012404402737236087 -0.00057689047843965111 0.00016997687493303104 0.00032770012929106418 0.000787665107390358 -0.00010534779781974369
leaf_weight=37 31.046697616577148 39 31 466.04669761657715 42.093395233154297 37 39 30 24 34 26 28 23.046697616577148 20
leaf_count=37 26 39 31 461 32 37 39 30 24 34 26 28 18 20
internal_value=0.00025159 0.00409419 -0.00217391 -0.000563413 0.00450933 -0.0029135 -0.00144338 -0.00445402 0.00117188 -0.00765766 -0.00327869 0.00879952 0.0129916 -0.0127451
internal_weight=907.233 158.047 68 749.187 110.14 68.0467 639.047 173 63 110 60 90.0467 51.0467 50
internal_count=882 153 68 729 95 63 634 173 63 110 60 85 46 50
is_linear=0
shrinkage=0.05


Tree=435
num_leaves=15
num_cat=0
split_feature=15 2 14 13 9 9 1 1 14 1 4 1 13 3
split_gain=0.716818 1.12679 1.79135 0.884943 0.832862 1.58755 1.06165 1.00952 1.64872 1.04014 1.03441 1.10915 0.982873 1.18143
threshold=-1.2924149999999999 13.621020949028514 2.9560257801180323 3.7578708723813965 0.9562228270146037 0.87567323142345177 13.099807726716778 11.646432995679277 0.088561716292821516 14.751063175991256 3.778344652432879 13.161978831478747 3.9561014979758524 11.493478271866374
decision_type=2 2 2 10 2 2 2 2 2 2 2 2 8 2
left_child=1 2 3 -1 5 7 -6 8 -2 10 -9 -12 -11 -14
right_child=4 -3 -4 -5 6 -7 -8 9 -10 12 11 -13 13 -15
leaf_value=0.0035754726624686265 -0.00011459091732866634 -0.00019061687357101455 0.0037329482600867883 -0.00091276434644929074 0.0002591522586796309 -0.00060094309617379923 -0.00014804101675027772 3.7947275739746988e-06 9.4263505359692734e-05 0.00052995694539912372 -0.0058334046016004677 -0.00025282014515739528 0.00070764776907061844 -0.0052863082891781103
leaf_weight=21 45 21 37 26 34.046697616577148 38.140092849731445 48 205 43.046697616577148 127 46 116 38 37
leaf_count=21 45 21 37 26 29 23 48 205 38 127 46 116 38 37
internal_value=0.000624034 0.00448113 0.00705882 0.000520833 9.78722e-05 -0.000466829 0.00483062 0.000115748 0.00506664 -0.000657895 -0.00224185 -0.00521472 0.00221675 -0.00230263
internal_weight=882.233 105 84 47 777.233 695.187 82.0467 657.047 88.0467 569 367 162 202 75
internal_count=857 105 84 47 752 675 77 652 83 569 367 162 202 75
is_linear=0
shrinkage=0.05


Tree=436
num_leaves=15
num_cat=0
split_feature=1 4 1 14 3 3 1 1 7 1 0 14 0 2
split_gain=1.21554 1.14131 1.58091 1.43675 1.07981 1.06534 0.9735 1.36892 1.55791 1.73036 1.46933 1.12039 1.11594 1.7325
threshold=16.367954559408847 12.307591968606514 15.651820649340765 5.1857993104958844 12.774398345729944 13.858877152598263 9.9532426738528574 12.190510858438126 5.7500000000000009 12.77408811581733 14.449487272817015 0.71211442113764023 14.098171134448835 11.103337916028458
decision_type=2 2 2 2 2 2 2 2 2 2 2 2 2 2
left_child=1 2 6 -4 -2 -3 -1 11 9 -9 -11 -8 -10 -14
right_child=4 5 3 -5 -6 -7 7 8 12 10 -12 -13 13 -15
leaf_value=-0.0005942294168089471 0.0055223481702419974 0.0049074468294771027 -0.00036674963986251809 -0.044130414587451663 -0.00075553967801400557 -0.00010555179289921668 0.00043691338276178275 -0.0020978630584589822 -0.00018819601513930806 0.0014692267999812049 -0.00043205365866912375 6.5741914734052115e-05 0.0016244029567458629 0.00014719329014112326
leaf_weight=52.093395233154297 21 20 36 22 21 23 61.046697616577148 40 71 49 133 59 54 223
leaf_count=42 21 20 36 22 21 23 56 40 71 49 133 59 54 223
internal_value=0.00110159 0.00068255 0.000251101 -0.00762712 0.00930233 0.00852273 0.000876238 0.00137642 0.000350263 -0.0029148 -0.000819672 0.0062056 0.00243553 0.00386691
internal_weight=885.14 843.14 800.14 58 42 43 742.14 690.047 570 222 182 120.047 348 277
internal_count=870 828 785 58 42 43 727 685 570 222 182 115 348 277
is_linear=0
shrinkage=0.05


Tree=437
num_leaves=15
num_cat=0
split_feature=2 4 5 6 9 13 12 9 9 15 2 10 13 13
split_gain=0.928084 1.23645 1.51117 1.27704 1.69889 1.16809 1.36447 1.11553 2.23131 1.09806 1.06024 2.2743 1.30753 2.6522
threshold=11.894851609888947 8.0295956805110347 6.1658424761504458 4.894879393603893 -0.26092512978024823 4.2213565905370141 1.5000000000000002 0.97014794553715189 0.9263445426916056 0.11731000000000001 11.210599421575576 -0.71476258798096814 3.6918790522500609 3.0909836995657325
decision_type=2 2 2 2 2 8 10 2 2 2 2 2 10 8
left_child=7 -2 5 4 -4 6 9 8 10 -3 12 -12 13 -1
right_child=1 2 3 -5 -6 -7 -8 -9 -10 -11 11 -13 -14 -15
leaf_value=0.00058420185970389229 0.00099024830506811985 2.9893264344238447e-05 -0.00023874283273723763 -0.0002184368317940555 0.0012092165480132922 0.00021214730901188974 -0.014757202429690031 0.00012627869617856387 -0.00045536935401063738 -0.023268948353622768 0.0001405058671535564 -0.0011173255400659277 0.00013616893587786638 -0.00060574967468386427
leaf_weight=78 195 55 26 25 43 20 24 33.046697616577148 43.093395233154297 23 29 80 96.046697616577148 125
leaf_count=78 195 55 26 25 43 20 24 28 33 23 29 80 91 125
internal_value=0.000864775 0.00260922 0 0.00473684 0.00821429 -0.00365854 -0.00582524 -0.000618319 -0.00127431 -0.00253165 -0.000119381 -0.00431818 0.00142034 -0.000857843
internal_weight=895.187 411 216 94 69 122 102 484.187 451.14 78 408.047 109 299.047 203
internal_count=875 411 216 94 69 122 102 464 436 78 403 109 294 203
is_linear=0
shrinkage=0.05


Tree=438
num_leaves=15
num_cat=0
split_feature=15 4 14 16 13 0 13 13 14 0 1 4 8 13
split_gain=0.98023 1.51398 1.42134 1.3097 1.01764 2.12642 1.26414 1.29649 1.50805 1.26059 1.76263 1.14463 1.24984 0.714434
threshold=-1.1770999999999998 11.306048689421344 2.9560257801180323 1.0000000180025095e-35 4.5059246727066791 15.450586597540411 3.8967886388235606 3.7578708723813965 1.0079905521927708 15.097653762633401 14.184441033876071 12.17031135714206 6.0500000000000007 2.4559573733023732
decision_type=2 2 2 2 10 2 10 10 2 2 2 2 10 8
left_child=1 2 3 -1 6 -6 7 11 -9 -8 -11 12 -2 -14
right_child=4 -3 -4 -5 5 -7 9 8 -10 10 -12 -13 13 -15
leaf_value=-0.00062583078929184528 0.00072779897514481113 -0.011521470148175839 0.0044414483509504386 3.7334780604946113e-06 0.0014492486436095253 -5.6214638518836682e-05 -0.00058382883127102521 0.00050268068689634713 -0.00032393691524734702 0.00096826713614155406 -0.0054681882554352473 0.0020087529629280623 0.0030048796749840181 -0.00030637946185415048
leaf_weight=39 48 20 47 26.046697616577148 27.046697616577148 36 47.046697616577148 29.046697616577148 30 22 36 37 36 419
leaf_count=39 48 20 47 21 22 36 42 24 30 22 36 37 36 419
internal_value=0.00130788 0.00527009 0.00752934 0.00266732 0.000619897 0.00665401 7.09126e-05 0.000960204 0.00792995 -0.00496166 0 0.000184843 -0.000446429 -0.00126096
internal_weight=899.187 132.047 112.047 65.0467 767.14 63.0467 704.093 599.047 59.0467 105.047 58 540 503 455
internal_count=879 127 107 60 752 58 694 594 54 100 58 540 503 455
is_linear=0
shrinkage=0.05


Tree=439
num_leaves=15
num_cat=0
split_feature=7 6 0 3 1 0 8 8 3 0 9 8 0 7
split_gain=1.77444 1.1915 1.01522 1.80553 1.25169 1.48233 1.46802 1.23684 1.26367 1.16222 1.63 1.00858 1.00746 0.996715
threshold=5.3500000000000005 4.894879393603893 14.567778328442321 6.321518210348855 14.502058961199557 14.244061427783102 43.100000000000009 5.2500000000000009 12.83847194549884 12.576561026050358 -0.26092512978024823 19.020000000000003 16.608240043835483 6.0100000000000007
decision_type=2 2 2 2 2 2 10 10 2 2 2 10 2 2
left_child=-1 2 4 -4 5 6 9 -5 12 -2 -11 -10 -9 -12
right_child=1 -3 3 7 -6 -7 -8 8 11 10 13 -13 -14 -15
leaf_value=-0.00038214414575070692 -0.00079663560220605278 -7.5421469733150118e-05 0.00032870742167532749 0.001139505049989742 0.00069434738107789775 -0.0055226384724874622 0.0003884585586653611 0.00010262392225088846 0.012606001437429981 0.0078052264757302765 -0.00099538411003381451 0.00050493441909336132 -0.0010274696280665185 0.00012281472173344409
leaf_weight=180.0933952331543 54 39 70.093395233154297 27 23 34 22 219 21 34 35 61 45 36
leaf_count=170 54 39 60 27 23 34 22 219 21 34 35 61 45 36
internal_value=0.00166706 0.0027768 0.00326544 0.0046777 0.000627615 -0.000578704 0.00123626 0.0032754 0.00244957 -0.00046875 0.00259434 0.00783133 0.000754717 -0.00173611
internal_weight=900.187 720.093 681.093 443.093 238 215 181 373 346 159 105 82 264 71
internal_count=880 710 671 433 238 215 181 373 346 159 105 82 264 71
is_linear=0
shrinkage=0.05


Tree=440
num_leaves=15
num_cat=0
split_feature=1 8 14 14 9 7 13 8 4 14 8 15 1 3
split_gain=1.30559 2.9864 1.58617 1.53748 1.23761 1.16926 1.10097 0.985558 1.13821 0.83369 0.913501 0.773379 1.17094 1.94096
threshold=9.9532426738528574 17.955000000000002 0.54189347659399623 0.63090527065408697 -0.67378604238638873 4.9500000000000011 3.2755723530519245 5.0500000000000007 8.0818285661730069 0.32777594397473042 14.350000000000003 -0.92700999999999989 14.661584835516418 10.727269074138226
decision_type=2 10 2 2 2 2 10 10 2 2 10 2 2 2
left_child=1 -1 4 -4 6 -6 -2 8 -5 10 -7 12 13 -9
right_child=2 -3 3 7 5 9 -8 11 -10 -11 -12 -13 -14 -15
leaf_value=-0.0019208512509674349 0.00080522616044047539 0.00029539085553353939 -0.00028335510575873218 -2.8208564126552815e-05 -0.00047392831493909827 5.8760297280824326e-05 -0.00089749312597610105 -6.1768871819556376e-05 0.0012524824075566877 0.0020196455248087234 0.0001576443165740547 -1.0406537861751275e-05 -0.00078934543411351976 0.0065514942755221075
leaf_weight=25.046697616577148 20 20 26.046697616577148 20 28 28 22 53 20 23.046697616577148 33.046697616577148 466 69 58
leaf_count=20 20 20 21 20 28 28 22 53 20 18 28 466 69 58
internal_value=0.00112367 -0.00708341 0.00155819 0.000559336 0.0061404 0.00886289 -0.00116279 0.00101892 0.00853659 0.0117792 0.00848018 0.000540958 0.00331492 0.00647321
internal_weight=911.187 45.0467 866.14 712.047 154.093 112.093 42 686 40 84.0934 61.0467 646 180 111
internal_count=891 40 851 707 144 102 42 686 40 74 56 646 180 111
is_linear=0
shrinkage=0.05


Tree=441
num_leaves=15
num_cat=0
split_feature=13 14 9 7 14 10 14 1 1 2 9 10 1 9
split_gain=0.925987 1.62141 1.69558 1.18905 1.56206 2.608 1.3648 1.50385 1.74918 1.3001 1.03547 1.01015 1.11703 0.924537
threshold=2.7492478955155986 4.2009344006411995 0.44032991850403941 5.3500000000000005 1.2302211569316757 0.041439601562201771 1.5477713663764969 13.652850163074616 12.399207883348884 14.254755236354223 -0.26092512978024823 0.49240481012316867 14.299359300181179 0.25671049665402418
decision_type=8 2 2 2 2 2 2 2 2 2 2 2 2 2
left_child=1 2 10 6 5 -5 7 8 -2 11 -1 -6 -13 -7
right_child=3 -3 -4 4 9 13 -8 -9 -10 -11 -12 12 -14 -15
leaf_value=-0.00024638515172999977 8.6007686053264035e-05 -0.002671092492376648 -0.00066603911633588146 -4.0201412428234986e-05 0.00012007489114091997 0.00033397619625735731 -0.016526377275212712 0.000628729453182686 -0.0012544957627833254 0.0012541727272318505 0.0021288656640614523 -5.7652172979927309e-06 -0.005899674255922205 0.00094295286870443775
leaf_weight=28 49.093395233154297 46 37 64.046697616577148 274 35 23 38 44 82 24 69 57 47.093395233154297
leaf_count=28 39 46 37 59 274 35 23 38 44 82 24 69 57 37
internal_value=0.000684469 -0.003125 0.000833333 0.00134507 0.0023103 0.00682005 -0.00257909 -0.00056778 -0.0039854 0.000931677 0.00660377 -0.000249377 -0.00393701 0.0126645
internal_weight=917.233 135 89 782.233 628.14 146.14 154.093 131.093 93.0934 482 52 400 126 82.0934
internal_count=892 135 89 757 613 131 144 121 83 482 52 400 126 72
is_linear=0
shrinkage=0.05


Tree=442
num_leaves=15
num_cat=0
split_feature=1 8 0 10 8 13 3 2 9 8 13 0 8 15
split_gain=0.971538 1.35747 1.22298 1.0679 1.54142 1.38371 1.09429 1.40077 1.5936 1.24045 0.795626 0.763675 1.10565 0.574351
threshold=13.652850163074616 42.550000000000004 13.902803250117413 0.61221145216718942 10.950000000000001 3.6612753964181159 8.4730319460816848 11.12876426794827 0.70088257582277269 21.350000000000005 3.2755723530519245 13.246551078836207 22.050000000000004 -1.3051699999999997
decision_type=2 10 2 2 10 10 2 2 2 10 10 2 10 2
left_child=1 3 -2 6 -5 -6 9 8 -8 10 -1 -9 -13 -4
right_child=2 -3 13 4 5 -7 7 11 -10 -11 -12 12 -14 -15
leaf_value=-0.00098887632491373445 0.0012624818628683477 0.0003776595541935768 0.00074598894758811653 0.00064733146438753918 0.0055864675951704697 -0.00048508450303488273 -0.00032397115338747009 0.0010361907375688541 0.0051711188307844939 0.00064062472213762271 -0.00038631207674804806 -0.00021220432323348914 -0.034629870850943871 6.8135562801718841e-05
leaf_weight=33 31 36 47 38.046697616577148 39 21 30 23 23 31 82.093395233154297 35 20 406
leaf_count=33 31 36 47 33 39 21 30 23 23 31 72 35 20 406
internal_value=0.000751928 -0.00103404 0.00226804 -0.00193058 0.00253585 -0.00245902 -0.00351441 -0.000189394 0.00601852 -0.00647436 -0.00884921 -0.00443038 -0.00758929 0.00159692
internal_weight=895.14 411.14 484 375.14 98.0467 60 277.093 131 53 146.093 115.093 78 55 453
internal_count=880 396 484 360 93 60 267 131 53 136 105 78 55 453
is_linear=0
shrinkage=0.05


Tree=443
num_leaves=15
num_cat=0
split_feature=13 1 13 13 4 7 10 3 15 3 2 7 7 15
split_gain=1.10002 1.92047 1.68655 1.52368 1.22477 0.932234 0.914404 1.06164 1.51155 1.10756 1.06875 1.02104 1.2014 0.923152
threshold=3.8967886388235606 14.982908394901942 4.0460452466982737 3.7682742391313546 10.958305702476432 6.6500000000000012 -0.37459232954469374 2.3410656135621104 -0.56013499999999994 11.577764942470461 13.864543851055311 7.2500000000000009 6.9500000000000011 1.2809800000000002
decision_type=10 2 10 10 2 2 2 2 2 2 2 2 2 2
left_child=3 2 -2 6 -3 -4 11 -8 -9 -10 -11 12 13 -1
right_child=1 4 5 -5 -6 -7 7 8 9 10 -12 -13 -14 -15
leaf_value=0.0002199506565547793 -0.0021566811833033735 0.001697560209710658 0.0001330742885181091 0.00039056166339602815 -0.0066517071926136323 -0.00041850265963208069 -0.00028992232569998778 0.00055968758152847859 0.00019056588509962504 -0.012962997459605875 -7.6001625470301101e-05 0.0097658679126736217 -0.0011380598476193437 0.00014646716998484722
leaf_weight=169 39.046697616577148 38 72 61.046697616577148 22 22 69.046697616577148 77 139 39 36 31 22 30.046697616577148
leaf_count=169 34 38 72 56 22 22 64 77 139 39 36 31 22 25
internal_value=0.000864866 -0.00245388 -0.00579028 0.00181886 0.00491803 -0.00210526 0.0010602 -0.000557178 0.000770548 -0.00139535 -0.00625 0.00336368 0.00214445 0.00338005
internal_weight=866.187 193.047 133.047 673.14 60 94 612.093 360.047 291 214 75 252.047 221.047 199.047
internal_count=846 188 128 658 60 94 602 355 291 214 75 247 216 194
is_linear=0
shrinkage=0.05


Tree=444
num_leaves=15
num_cat=0
split_feature=2 8 0 9 1 8 8 5 9 14 14 0 0 8
split_gain=1.39687 1.25851 1.19232 0.989534 1.23924 1.13123 1.46374 0.746886 1.07641 0.813296 1.20307 2.29591 1.50345 1.35539
threshold=11.908551369505817 45.70000000000001 13.041378880533072 0.97014794553715189 9.9532426738528574 29.150000000000002 24.100000000000005 11.707232685832698 -0.96703673333358797 5.7717584552583672 4.2009344006411995 15.241845638203143 14.376791297386331 15.050000000000002
decision_type=2 10 2 2 2 8 10 2 2 2 2 2 2 10
left_child=1 3 -2 4 -1 6 -6 8 -4 10 12 -12 -10 -14
right_child=2 -3 7 -5 5 -7 -8 -9 9 -11 11 -13 13 -15
leaf_value=-0.00046810869452185632 0.00097586807160283679 0.00042061016386898411 0.0014425637411100034 0.00017073330381410791 -4.8686514847527872e-05 -0.00077351275955328536 0.0018162878033403885 -0.0059250656074173241 0.0035025031032625332 0.00096542276083604332 -0.01418008887836998 7.5676141743485925e-05 0.00082820822569590336 -0.0011724597264792802
leaf_weight=42.046697616577148 23 26 22 26.046697616577148 313.0933952331543 54 23 20 41 71 31 64 59 82
leaf_count=37 23 26 22 21 303 54 23 20 41 71 31 64 59 82
internal_value=0.000584511 -0.00123664 0.00271739 -0.0018511 -0.00242685 -0.00153416 -0.000444981 0.00204604 0.00256065 0.00186246 0.000629496 -0.00390625 0.00300546 0.000528169
internal_weight=897.187 484.187 413 458.187 432.14 390.093 336.093 390 370 348 277 95 182 141
internal_count=877 464 413 438 417 380 326 390 370 348 277 95 182 141
is_linear=0
shrinkage=0.05


Tree=445
num_leaves=15
num_cat=0
split_feature=1 1 4 4 13 15 9 14 9 7 13 13 9 15
split_gain=1.054 1.86197 1.35542 2.01738 1.30578 1.19472 2.28555 1.81355 0.967036 0.979022 0.955265 1.34378 2.22617 0.995335
threshold=14.751063175991256 14.48640905071443 11.125226048454413 0.54930614433405489 3.3318620175275444 0.82512500000000011 0.90444653569325539 1.9010537306712183 0.087148275903737818 5.6500000000000012 3.599831998686374 3.2755723530519245 1.0000000180025095e-35 -0.92700999999999989
decision_type=2 2 2 2 10 2 2 2 2 2 10 8 2 2
left_child=1 2 3 5 -3 6 7 8 -1 -10 11 -5 -13 -12
right_child=-2 4 -4 10 -6 -7 -8 -9 9 -11 13 12 -14 -15
leaf_value=-0.00025857875450616688 0.00033121170140417713 -0.00020480564342020282 0.0018512560574431181 -0.00055899132645697018 -0.0057197065536963359 0.00020375798368779208 -0.00023605844397049894 0.0027368652473168222 -1.3475189597356163e-05 0.00067363229988505057 -6.325349014362214e-05 0.011211657931406816 -0.00095394703423548057 -0.0084806982591146673
leaf_weight=115 260 33 26 108 27 51.093395233154297 38.093395233154297 32 40 34.046697616577148 34 26 28 32
leaf_count=115 260 33 26 108 27 41 28 32 40 29 34 26 28 32
internal_value=0.000396695 -0.000717864 0.000178983 -0.000368732 -0.00901639 0.00225287 0.000860431 0.00281998 0.000926969 0.00534557 -0.00393013 -0.00184049 0.00454545 -0.00895522
internal_weight=884.233 624.233 564.233 538.233 60 310.233 259.14 221.047 189.047 74.0467 228 162 54 66
internal_count=859 599 539 513 60 285 244 216 184 69 228 162 54 66
is_linear=0
shrinkage=0.05


Tree=446
num_leaves=15
num_cat=0
split_feature=14 15 10 13 3 7 0 0 13 9 0 9 13 4
split_gain=1.43187 1.4244 1.10188 1.0994 1.31934 1.19812 1.08527 1.68874 1.13087 0.967613 0.895019 1.15361 1.07524 1.02797
threshold=0.094904118778089908 0.73686500000000021 -0.38469719700095517 3.1847201767061821 1.0000000180025095e-35 5.3500000000000005 13.175294908959181 14.449487272817015 2.9450127606983019 -0.55738156824517537 14.784937982753648 0.86819054986216926 2.8972419837873922 9.9511434072104361
decision_type=2 2 2 10 2 2 2 2 8 2 2 2 10 2
left_child=1 2 -1 6 -5 -6 8 9 -2 -8 -9 12 13 -12
right_child=3 -3 -4 4 5 -7 7 10 -10 -11 11 -13 -14 -15
leaf_value=-0.00010793786680741714 -0.017051209972275289 0.00010019117772159812 -0.00033923184839461607 0.00014506054018428836 -0.00041919430586973006 0.00034637805579440517 -0.00011086117092218295 -0.0042187972295627324 3.6761187698686193e-05 0.014334432288249556 0.0012059479926135319 0.014015579928319123 -0.0018458133665313348 -0.0027912935388592964
leaf_weight=31 21 23.046697616577148 48.046697616577148 73.140092849731445 38 371 20 28 23 40 69 25 43 31
leaf_count=31 21 18 43 58 38 371 20 28 23 40 69 25 43 31
internal_value=0.00215028 -0.00339498 -0.00657326 0.00287752 0.00435381 0.00323171 0.000498339 0.00175097 -0.00666667 0.00901639 -0.000507614 0.000887574 -0.000868056 0.0019802
internal_weight=884.233 102.093 79.0467 782.14 482.14 409 300 256 44 60 196 168 143 100
internal_count=859 92 74 767 467 409 300 256 44 60 196 168 143 100
is_linear=0
shrinkage=0.05


Tree=447
num_leaves=15
num_cat=0
split_feature=13 9 15 9 8 9 3 0 13 10 10 0 13 10
split_gain=1.4285 2.02955 1.59848 1.48079 1.27655 1.42223 1.11364 1.09127 1.22573 1.39406 1.09883 1.00115 0.953088 0.889749
threshold=3.5815589191851385 0.25881904510252091 -0.92700999999999989 0.70088257582277269 23.250000000000004 0.9562228270146037 10.141444836219636 13.74655040117784 3.9013430581749602 0.61221145216718942 -0.30063423966707692 14.504858781096404 2.2998893542373202 0.38268343236508956
decision_type=10 2 2 2 10 2 2 2 10 2 2 2 8 2
left_child=3 7 6 12 5 11 -3 -2 10 -10 -9 -5 -1 -13
right_child=1 2 -4 4 -6 -7 -8 8 9 -11 -12 13 -14 -15
leaf_value=0.0056246993129090098 -0.007832242804851109 -0.00081796123702435053 0.00021260826780199554 -0.00019487229468635183 0.0005768481905206569 -0.00027926501441793983 0.0053979988380759465 0.0021476463040985827 -0.0055544819197366731 0.00048828592805868489 4.5053667137073819e-05 -0.00078962891493137189 0.00013342091008037294 -0.00066935815513198278
leaf_weight=20 39 21 108.0933952331543 25 51 39 21 21 63 25 31 24.046697616577148 368 24
leaf_count=20 39 21 98 25 51 39 21 21 63 25 31 19 368 24
internal_value=0.00141994 0.00402109 0.00828848 -0.000137973 -0.0041218 -0.00708705 0 0.000416667 0.00248227 -0.0011236 0.00849057 -0.0111574 0.00154242 -0.0153154
internal_weight=880.14 329.093 150.093 551.047 163.047 112.047 42 179 140 88 52 73.0467 388 48.0467
internal_count=865 319 140 546 158 107 42 179 140 88 52 68 388 43
is_linear=0
shrinkage=0.05


Tree=448
num_leaves=15
num_cat=0
split_feature=13 14 8 14 8 2 11 2 15 13 14 15 7 13
split_gain=1.7244 1.52966 1.14555 1.24526 1.11191 1.23322 1.10155 1.1526 0.998719 1.07222 0.972271 3.20146 1.04989 0.999012
threshold=4.3017043013746052 0.094904118778089908 9.2500000000000018 7.0676333560569509 10.65 1.0000000180025095e-35 1.0000000180025095e-35 10.944650175563529 0.66927500000000018 3.1121921542889894 0.63090527065408697 -0.11977499999999999 6.8500000000000005 3.8967886388235606
decision_type=10 2 10 2 10 2 2 2 2 8 2 2 2 8
left_child=1 4 -3 8 -1 -6 7 -2 10 -10 11 -4 13 -12
right_child=6 2 3 -5 5 -7 -8 -9 9 -11 12 -13 -14 -15
leaf_value=-0.0032604207395408955 -0.0064465354779903589 0.00024188077227759922 0.00033074316021947103 -0.0010703646652269418 0.0006479874226696825 -0.00035540836125514953 0.0041222146905918059 0.00029012964139614185 -0.004014528413588625 0.00012081211446723916 0.00033490037661776384 -0.00073310775051456118 0.00076952528950393619 -0.0015749945517768982
leaf_weight=30.046697616577148 21 136.04669761657715 23.046697616577148 29 29 23 39.046697616577148 40 44 65 208 22 118 58
leaf_count=25 21 131 18 29 29 23 34 40 44 65 208 22 118 58
internal_value=0.00177991 0.000987314 0.00174314 0.000750233 -0.0054327 -0.000943396 0.00792869 0.00362903 0.00130075 -0.00295455 0.00238618 0.00925511 0.00155844 -0.000187266
internal_weight=885.187 785.14 703.093 567.047 82.0467 52 100.047 61 538.047 109 429.047 45.0467 384 266
internal_count=865 770 693 562 77 52 95 61 533 109 424 40 384 266
is_linear=0
shrinkage=0.05


Tree=449
num_leaves=15
num_cat=0
split_feature=7 10 2 15 8 0 1 2 8 1 15 8 8 8
split_gain=1.72148 1.45881 0.809768 1.28254 0.809525 0.809263 1.06529 1.00018 0.959104 0.945626 0.791743 0.957287 0.956567 1.14585
threshold=5.8500000000000005 0.26512974748379775 11.518526451329047 1.0000000180025095e-35 15.050000000000002 14.440450219725948 14.16893082916947 9.0965767664003732 11.950000000000001 14.729631210050036 -1.2924149999999999 23.900000000000002 9.3855000000000022 6.4150000000000009
decision_type=2 2 2 2 10 2 2 2 10 2 2 10 10 8
left_child=1 5 3 -3 -4 7 -7 8 -1 -8 11 -2 13 -12
right_child=10 2 4 -5 -6 6 9 -9 -10 -11 12 -13 -14 -15
leaf_value=-0.0021229013103464325 -0.00057966503673201331 -0.00043710409023708696 0.00054621754204005064 -0.00026448136107352086 -0.0060804638719315299 -0.00081374015730975027 0.01062104448081942 0.00026066730981128661 0.0010998186904062513 -0.00060946567064421595 1.8868003952321468e-05 0.00071307404884192189 0.00031916486028997216 0.0012871715260431849
leaf_weight=24.046697616577148 39 24.046697616577148 28 53 30 55 22 61.046697616577148 26 39 36 30 383 58
leaf_count=19 39 19 28 53 30 55 22 56 26 39 36 30 383 58
internal_value=0.00142864 -0.00124241 -0.00533763 -0.00866363 -0.000847458 0.00120565 -0.0017094 0.00423754 -0.00100237 0.00282258 0.00319927 -0.00178571 0.00392259 0.00842105
internal_weight=908.14 362.14 135.047 77.0467 58 227.093 116 111.093 50.0467 61 546 69 477 94
internal_count=893 347 130 72 58 217 116 101 45 61 546 69 477 94
is_linear=0
shrinkage=0.05


Tree=450
num_leaves=15
num_cat=0
split_feature=1 6 0 7 0 8 1 14 0 9 14 7 3 0
split_gain=0.971565 0.860213 0.903402 1.19301 0.849779 1.38366 0.912377 1.41512 0.840089 1.10135 0.843779 0.860382 0.732064 2.22016
threshold=16.631081622174246 5.3311878280293756 11.473377350654021 5.3500000000000005 13.191239033605482 17.955000000000002 12.147605239729323 0.28689666846815737 14.464267589552852 0.37662760538417256 0.19462885221396517 4.8500000000000005 8.4730319460816848 15.889238929726735
decision_type=2 2 2 2 2 10 2 2 2 2 2 2 2 2
left_child=1 2 -1 8 5 -5 -6 -8 10 -10 11 -4 13 -9
right_child=-2 -3 3 4 6 -7 7 12 9 -11 -12 -13 -14 -15
leaf_value=0.00034965844906781053 0.0010983424577570844 -0.00066423530573825893 -0.0018973973143401879 0.00082588339214255684 -0.00012789847924335817 -0.012169872738685972 0.00017128550517856827 -0.0014991581122978271 -0.00059662646143119344 -0.013260430572137728 0.0014299800471782365 0.00032322230737635296 0.00048888686721051402 0.0062272773858182418
leaf_weight=57.046697616577148 20 31 27 23 50.046697616577148 32 25.046697616577148 57 50 20 37 23 402 27
leaf_count=52 20 31 27 23 45 32 20 57 50 20 37 23 402 27
internal_value=0.00127663 0.00101627 0.00132489 0.000871988 0.00186358 -0.00401786 0.00244621 0.00307817 -0.00300633 -0.00704225 0.000284091 -0.00392157 0.00246407 -0.00176471
internal_weight=881.14 861.14 830.14 773.093 616.093 55 561.093 511.047 157 70 87 50 486 84
internal_count=866 846 815 763 606 55 551 506 157 70 87 50 486 84
is_linear=0
shrinkage=0.05


Tree=451
num_leaves=15
num_cat=0
split_feature=9 3 9 1 0 14 7 8 3 10 9 9 1 9
split_gain=1.32958 3.68748 1.45243 1.41401 1.39365 1.5778 1.40417 1.32223 1.57304 1.1805 1.15875 1.09497 0.755891 2.2242
threshold=0.88396761516098465 1.3195286648076296 0.37662760538417256 12.147605239729323 15.523471602466001 1.5868812521727478 6.1500000000000012 13.050000000000002 11.317034821916362 0.68834802305431453 0.70088257582277269 0.70088257582277269 11.690786364590535 -0.70710678118654735
decision_type=2 2 2 2 2 2 2 10 2 2 2 2 2 2
left_child=2 -2 12 11 5 -5 -6 -3 -9 -8 -7 -4 13 -1
right_child=1 7 3 4 6 10 9 8 -10 -11 -12 -13 -14 -15
leaf_value=-0.0044540370857239888 9.580029077063825e-05 -0.00092463732599156194 -0.0002170263836944621 -0.00087723014445147411 -0.0084795094272912316 0.0020276324580042362 0.00044373913761979193 0.0019190375246503468 -0.0022743773071329243 -0.0054015685718833417 0.00052162753352922306 -0.00022676696901147153 0.00016999949536860017 0.00076107223276067337
leaf_weight=24 41.186790466308594 38 23.046697616577148 33 34 25 32 28 31 22 38 22 467 58
leaf_count=24 21 38 18 33 34 25 32 28 31 22 38 22 467 58
internal_value=0.00163917 0.00614045 0.000832855 -0.00250457 -0.000540541 0.00360825 -0.00505618 0.000765306 0.00541667 0 0.00820313 -0.010341 0.00222727 0.00662651
internal_weight=916.233 138.187 778.047 229.047 184 96 88 97 59 54 63 45.0467 549 82
internal_count=891 118 773 224 184 96 88 97 59 54 63 40 549 82
is_linear=0
shrinkage=0.05


Tree=452
num_leaves=15
num_cat=0
split_feature=9 10 14 13 13 12 14 15 14 2 2 1 8 7
split_gain=0.845838 1.35094 1.07252 2.37181 2.18855 2.14104 1.15398 0.98269 1.76371 1.35751 1.3698 0.979986 0.959138 1.04679
threshold=-0.49431062074847748 0.70090259214882411 3.2953488082256555 4.5806755450179688 4.2656043041208509 1.5000000000000002 5.6933572280725686 -0.56013499999999994 0.10274084263876529 9.8198747697569519 10.627732331783834 14.902492572906766 22.050000000000004 5.6500000000000012
decision_type=2 2 2 8 10 10 2 2 2 2 2 2 10 2
left_child=1 -1 3 7 5 -4 -7 -2 -9 -10 -11 12 13 -12
right_child=2 -3 4 -5 -6 6 -8 8 9 10 11 -13 -14 -15
leaf_value=0.00025827173098389448 0.00066184051270129702 -0.001866524752947596 0.00024999162547334475 -0.00015749925696584692 0.003449841579686197 -0.0010109408839416912 0.00052838928707097386 0.00015140266743707452 -0.0037422046965604697 0.003605313394086096 0.0020102545751768952 -0.015894143607343703 -0.0008857026964033788 3.4782276947409321e-05
leaf_weight=240 103.04669761657715 44 129 28.046697616577148 25 53 20 50.093395233154297 29 34 34 21 27 49
leaf_count=240 98 44 129 23 25 53 20 40 29 34 34 21 27 49
internal_value=0.00242602 0.000175439 0.00348538 0.00512335 0.000767544 -0.000985222 -0.00777027 0.00625755 0.00449761 0.00230769 0.00406627 0.00170455 0.0036036 0.00625
internal_weight=886.187 284 602.187 375.187 227 202 73 347.14 244.093 194 165 131 110 83
internal_count=866 284 582 355 227 202 73 332 234 194 165 131 110 83
is_linear=0
shrinkage=0.05


Tree=453
num_leaves=15
num_cat=0
split_feature=7 0 13 6 2 13 13 10 1 10 15 2 4 1
split_gain=1.4339 1.63996 2.52769 1.30435 1.12505 0.921278 1.4669 1.86418 1.58158 2.26689 1.51312 1.08912 1.24477 1.07863
threshold=4.7500000000000009 12.754631328093431 3.3965472547192124 5.3311878280293756 10.024261217580934 4.5989696972821692 4.1892910396700271 0.49240481012316867 12.538991975982244 -0.40273135449887215 1.0381650000000002 11.862066468840895 12.725781394430198 14.716209395592537
decision_type=2 2 10 2 2 10 10 2 2 2 2 2 2 2
left_child=-1 2 4 5 -2 6 8 -8 9 -3 11 13 -13 -10
right_child=1 3 -4 -5 -6 -7 7 -9 10 -11 -12 12 -14 -15
leaf_value=-0.00096629343953530964 -0.010387770529156718 -0.000652497305919686 0.00055771710758113345 -0.00043772695730108784 0.00062344527387385722 0.00061949930317581337 0.00025309696458293286 -0.00019243921563032016 -0.00024874960378644672 0.00028515075830516206 -0.0057341146035297056 0.00082407202182983592 -0.0015746182800412179 0.0010424084539198298
leaf_weight=39 23 33 53.093395233154297 30 31 21 57 39.046697616577148 144 71.093395233154297 51 265 20 23
leaf_count=39 23 33 43 30 31 21 57 34 144 61 51 265 20 23
internal_value=0.00238951 0.00281653 0.00857902 0.00198793 0.000909091 0.00241494 0.00209641 -0.00361854 0.00300502 0.00858603 0.00183532 0.00275938 0.00463287 -0.000446429
internal_weight=900.233 861.233 107.093 754.14 54 724.14 703.14 96.0467 607.093 104.093 503 452 285 167
internal_count=875 836 97 739 54 709 688 91 597 94 503 452 285 167
is_linear=0
shrinkage=0.05


Tree=454
num_leaves=15
num_cat=0
split_feature=13 9 14 4 8 13 8 8 8 13 10 10 7 0
split_gain=1.69015 2.25537 1.6983 2.1396 2.29068 1.4534 1.84483 1.06282 0.950208 0.842276 1.86131 1.92175 1.23135 1.34762
threshold=3.8967886388235606 0.9562228270146037 1.5868812521727478 10.939687849693472 12.050000000000002 3.6918790522500609 26.850000000000005 12.550000000000002 63.250000000000007 2.8808251908896749 -0.79731875629095728 0.23766552919915279 4.7500000000000009 13.844281654504199
decision_type=10 2 2 2 10 10 10 10 8 8 2 2 2 2
left_child=5 2 7 4 -4 8 -7 -2 9 10 -1 -12 -11 -14
right_child=1 -3 3 -5 -6 6 -8 -9 -10 12 11 -13 13 -15
leaf_value=0.00087415600429088249 -0.00017907846893133533 0.00054026009749348354 0.0037309605814597859 -0.011588247898106686 -6.6368988051246355e-05 0.00025556310309378193 -0.00020079910506185517 -0.00014278854606077364 0.00038993765197035127 -0.0041106036533789915 -0.0066691148443417175 0.00053808498336493926 0.0014902030488276902 0.00017789101673724246
leaf_weight=34 39.093395233154297 20 37 24 49 60.093395233154297 27 33 22 27 52 84 101 275.04669761657715
leaf_count=34 29 20 37 24 49 50 27 33 22 27 52 84 101 270
internal_value=0.00276895 -0.00124246 -0.00301668 0.000900901 0.0045977 0.00395746 0.00995914 -0.00892468 0.0030638 0.00265861 -0.000292398 -0.00291971 0.00390095 0.00464443
internal_weight=884.233 202.093 182.093 110 86 682.14 87.0934 72.0934 595.047 573.047 170 136 403.047 376.047
internal_count=859 192 172 110 86 667 77 62 590 568 170 136 398 371
is_linear=0
shrinkage=0.05


Tree=455
num_leaves=15
num_cat=0
split_feature=1 1 1 13 14 2 2 15 5 14 2 1 15 16
split_gain=1.17607 1.26829 2.28855 0.762036 0.813934 0.728399 1.7404 1.3988 0.702563 1.66651 1.65331 0.558487 0.509649 1.77742
threshold=11.608527579552712 12.116287536430383 12.296305439178973 4.5579882802345537 7.5112273310175341 8.9030879424144285 10.731831893469641 -0.11977499999999999 4.1742689126930488 3.8185078831563648 12.791721870760126 15.455483485761714 0.011770000000000001 0.10701500000000001
decision_type=2 2 2 10 2 2 2 2 2 2 2 2 2 2
left_child=5 -2 -3 4 8 7 -7 -1 12 -10 -11 -12 13 -4
right_child=1 2 3 -5 -6 6 -8 -9 9 10 11 -13 -14 -15
leaf_value=0.00084974047506972692 -6.5916623597585622e-05 0.00010200359190908012 -5.5015588797280303e-06 0.00061146012473487507 -0.0037915158010934039 0.00092156800349415299 -0.0004558573696844759 -0.0023667792775774912 0.00080258445769860749 -0.0008523418182579956 0.00071815297432547003 0.00013186022108220287 -0.00026099582213110487 0.00095968169734701465
leaf_weight=22 52.046697616577148 35.093395233154297 217 32 28 26.046697616577148 21 34 34 38 22 29 197 72
leaf_count=22 47 25 217 32 28 21 21 34 34 38 22 29 197 72
internal_value=0.00247311 0.00178457 0.00234343 0.0016791 0.0012931 0.0074598 0.0119918 0.00350877 0.00168033 0.00504032 0.00138889 0.00721154 0.000821355 0.00215517
internal_weight=859.187 756.14 704.093 669 637 103.047 47.0467 56 609 123 89 51 486 289
internal_count=839 741 694 669 637 98 42 56 609 123 89 51 486 289
is_linear=0
shrinkage=0.05


Tree=456
num_leaves=15
num_cat=0
split_feature=2 9 2 2 15 2 15 2 10 2 4 3 0 2
split_gain=1.19693 2.11636 0.851272 0.683241 1.27536 1.16302 1.53553 1.48058 2.58281 1.65738 0.946873 1.22299 1.14861 0.985303
threshold=8.4078804299200822 -0.5 5.6139948090932377 10.381818389358836 0.011770000000000001 11.242196422425282 -0.79966499999999996 11.469521479540292 0.49240481012316867 11.695012151044331 10.754545178007346 13.063184178775765 15.909960693352009 14.254755236354223
decision_type=2 2 2 2 2 2 2 2 2 2 2 2 2 2
left_child=1 -1 -3 4 -2 6 -5 8 -7 -9 13 12 -12 -11
right_child=3 2 -4 5 -6 7 -8 9 -10 10 11 -13 -14 -15
leaf_value=-0.0048656199973326599 0.00036028714947671241 0.00012638038634719267 0.00033651794328183447 -4.3151815267727935e-05 -0.0014528416298065451 0.00014591597166742077 0.0014310113884588916 0.00036810660652847359 -0.00097512013380354984 -0.0001344579142496083 0.0059605707348052046 3.6276756496456118e-05 5.3127047577561372e-05 0.0015288962115363792
leaf_weight=34 50 49.046697616577148 32.046697616577148 38 51 28 85 48.046697616577148 21.046697616577148 279 35 67 29 40
leaf_count=34 50 44 27 38 51 28 85 43 16 279 35 67 29 40
internal_value=0.00282053 0.00755715 0.0119052 0.00210467 -0.00171569 0.00268219 0.00705645 0.00168767 -0.00651726 0.00250711 0.00155211 0.00511364 0.01 7.8125e-05
internal_weight=886.187 115.093 81.0934 771.093 101 670.093 123 547.093 49.0467 498.047 450 131 64 319
internal_count=866 105 71 761 101 660 123 537 44 493 450 131 64 319
is_linear=0
shrinkage=0.05


Tree=457
num_leaves=15
num_cat=0
split_feature=0 10 8 14 3 14 2 8 3 7 0 5 5 5
split_gain=1.2133 0.934629 0.766113 0.730132 0.802581 2.10463 1.28202 0.900576 0.968125 0.861871 0.84959 0.812715 1.13721 1.15952
threshold=11.473377350654021 0.23766552919915279 52.715000000000011 7.6927445154082976 8.4730319460816848 0.49302220331869934 12.134351203881257 4.995000000000001 8.7517856353754926 5.1500000000000012 16.697895498328833 9.8426782322207114 6.6153774474657583 4.7852994436231349
decision_type=2 2 10 2 2 2 2 10 2 2 2 2 2 2
left_child=1 -1 3 4 5 9 -7 -6 -9 -2 11 12 13 -10
right_child=2 -3 -4 -5 7 6 -8 8 10 -11 -12 -13 -14 -15
leaf_value=0.0004789382252256903 -0.00012687960963422284 0.00013048423949728606 0.00034714431669887749 -0.014636576912693135 0.0010238842892729139 -0.00012165943660921111 0.00097651495908017698 0.0018393822567317865 0.00011924290582709386 0.00060020369090170445 0.00031676107797111723 0.0004991396979016294 -0.00027822306071141335 0.0025463925483965146
leaf_weight=37.046697616577148 63 28 47 23 24 93.093395233154297 38 21 293 67 62 26 54 21
leaf_count=32 63 28 47 23 24 83 38 21 293 67 62 26 54 21
internal_value=0.00219769 0.00872364 0.00167768 0.00130095 0.00156949 -0.000676609 -0.0051277 0.00273904 0.00224895 0.00381679 0.00175055 0.000886076 0.000271003 0.00142857
internal_weight=897.14 65.0467 832.093 785.093 762.093 261.093 131.093 501 477 130 456 394 368 314
internal_count=882 60 822 775 752 251 121 501 477 130 456 394 368 314
is_linear=0
shrinkage=0.05


Tree=458
num_leaves=15
num_cat=0
split_feature=1 3 7 1 2 2 7 2 0 2 0 15 13 10
split_gain=2.37406 1.67501 1.14692 1.07074 1.09762 1.08044 1.33653 2.06605 2.45701 0.845631 0.764232 0.7343 0.628301 0.523783
threshold=11.646432995679277 10.187518517572251 6.4500000000000011 12.631510329845616 10.86988736148618 11.518526451329047 7.0500000000000007 14.774840377592506 15.009232588052667 14.562065503475532 16.315189649203063 -0.30803999999999992 3.0588254485455386 0.26512974748379775
decision_type=2 2 2 2 2 2 2 2 2 2 2 2 10 2
left_child=1 12 13 -4 -5 -6 9 8 -8 10 -7 -10 -1 -2
right_child=2 -3 3 4 5 6 7 -9 11 -11 -12 -13 -14 -15
leaf_value=0.00025755752374043709 0.00011770648470682267 -0.0009789405509061488 -0.0012420340809157439 0.0050645277183251737 -0.0094824627280459817 0.0039032325679944305 0.000368902236609997 0.00067105116598167316 -0.01835261071086065 -1.6093796648242176e-06 0.015799409525713893 -0.00079074853964726803 0.00012320001825380744 -4.6919784915049843e-05
leaf_weight=32 297 20 22 22 20 54 31 28 22 22 29 22 84.140092849731445 185.04669761657715
leaf_count=32 297 20 22 22 20 54 31 28 22 22 29 22 69 180
internal_value=0.00235903 0.00841112 0.00125665 0.00384615 0.00478088 0.00371179 0.00478469 0.000721154 -0.00361842 0.00872642 0.0110119 -0.0111111 0.0107009 -0.000209436
internal_weight=890.187 136.14 754.047 272 250 228 208 103 75 105 83 44 116.14 482.047
internal_count=870 121 749 272 250 228 208 103 75 105 83 44 101 477
is_linear=0
shrinkage=0.05


Tree=459
num_leaves=15
num_cat=0
split_feature=0 14 0 1 7 9 0 10 0 9 7 16 10 1
split_gain=1.55767 1.47888 1.52728 2.31262 2.11398 1.6525 2.6708 1.59922 1.59492 1.38976 1.2888 0.942332 1.30196 1.31735
threshold=13.870337082043978 0.45637113642078203 15.097653762633401 12.918057574873414 6.7500000000000009 0.87567323142345177 14.832976994793107 0.78933513558599011 14.549665969794015 -0.95134567273905335 5.1500000000000012 1.0000000180025095e-35 0.89783339391592787 15.16503137307504
decision_type=2 2 2 2 2 2 2 2 2 2 2 2 2 2
left_child=-1 10 4 -4 5 6 7 -3 -6 -5 -2 -11 13 -13
right_child=1 2 3 9 8 -7 -8 -9 -10 11 -12 12 -14 -15
leaf_value=0.00050082810513903402 -0.00010252265301484709 0.00035810143503800518 0.0062476314083339986 0.003674126106354514 -0.0011799323768699522 -0.00042653259173786631 -0.010910888128563868 -4.1421233250428367e-05 0.00074267280161142155 -0.00073002215471742462 0.00011567655386429302 0.00018021818246114485 0.0018222745612102909 -0.0014704748116286638
leaf_weight=213 39 84 24 36 20 25.046697616577148 26 24.046697616577148 24 84 52.046697616577148 117 36 89
leaf_count=213 39 84 24 36 20 20 26 19 24 84 47 117 36 89
internal_value=0.00153648 0.000365318 -0.000554717 0.00129199 -0.00405371 -0.00672941 -0.00445155 -0.000927744 0.00555556 0.000275482 0.00625951 -0.000764526 0.000823045 -0.000724638
internal_weight=893.14 680.14 589.093 386 203.093 159.093 134.047 108.047 44 362 91.0467 326 242 206
internal_count=878 665 579 386 193 149 129 103 44 362 86 326 242 206
is_linear=0
shrinkage=0.05


Tree=460
num_leaves=15
num_cat=0
split_feature=1 3 1 13 15 7 9 15 0 1 13 0 0 9
split_gain=2.21343 2.34055 1.32952 1.21842 1.21875 1.09461 0.914614 0.768924 1.44218 1.31373 2.44277 1.31791 1.20427 0.887842
threshold=11.646432995679277 10.591301781063764 12.116287536430383 3.7682742391313546 -0.43265499999999996 6.0100000000000007 -0.99930993162990933 -0.30803999999999992 15.587342340134944 14.127721202895573 3.6230815368975491 14.729040500317927 13.703158544583582 1.0000000180025095e-35
decision_type=2 2 2 8 2 2 2 2 2 2 8 2 2 2
left_child=1 3 5 4 -1 -2 -4 8 13 10 12 -12 -9 -8
right_child=2 -3 6 -5 -6 -7 7 9 -10 -11 11 -13 -14 -15
leaf_value=0.00054402528812652617 0.00017294820048943118 -0.0015773868286800053 0.00069780030995489914 6.1227481556511737e-05 4.4828169619204328e-05 -0.010128153154463663 0.00020292608004779389 0.00025902365353782655 -6.3653003437413869e-05 0.00036904062628561056 -6.5167227576079517e-05 0.00034020824319648909 -0.0011142080072785944 0.0015172157567290125
leaf_weight=23 21 20 26 51.140092849731445 45 21 94 30 148 166 26 39.046697616577148 90 103
leaf_count=23 21 20 26 36 45 21 94 30 148 166 26 34 90 103
internal_value=0.00263183 0.00840946 0.00157006 0.0110579 0.00652174 -0.00697674 0.00207617 0.00172322 0.00339595 7.43295e-05 -0.0028156 0.00493844 -0.00702479 0.00618687
internal_weight=903.187 139.14 764.047 119.14 68 42 722.047 696.047 345 351.047 185.047 65.0467 120 197
internal_count=883 124 759 104 68 42 717 691 345 346 180 60 120 197
is_linear=0
shrinkage=0.05


Tree=461
num_leaves=15
num_cat=0
split_feature=2 2 3 9 8 14 7 2 10 10 8 1 0 2
split_gain=1.39648 1.20732 1.19697 1.0699 1.47357 1.39623 1.00247 1.10749 0.856581 0.957979 1.00181 0.981925 1.60425 1.02206
threshold=8.6864535028957413 5.3217531957214383 1.3195286648076296 -0.55738156824517537 39.500000000000007 1.1537219472246001 6.9500000000000011 11.252355811132036 0.93200786928279833 0.68834802305431453 45.70000000000001 12.797903478544152 14.232945488820407 12.541698293772731
decision_type=2 2 2 2 10 2 2 2 2 2 10 2 2 2
left_child=1 -1 -3 4 5 -2 7 -7 9 10 11 12 -5 -13
right_child=3 2 -4 8 -6 6 -8 -9 -10 -11 -12 13 -14 -15
leaf_value=2.3416412084314948e-05 -0.00037134881124529785 0.00036496933266031692 0.00031249575656512319 -0.00042390725476770255 -0.0018850648611993483 0.0055074849211497745 -0.00035211274083884472 0.00115720645019054 0.00044420686753038341 -0.00069335130955708877 0.0084572568167617934 0.00029659104857095999 -0.00082274766179375432 -0.00023954102692802515
leaf_weight=66.046697616577148 43 29.046697616577148 30 51 25 20 31 78 95 85 24 145 32.046697616577148 119
leaf_count=61 43 24 30 51 25 20 31 78 95 85 24 145 27 119
internal_value=0.0020891 0.00695782 0.0120934 0.00126672 0.00441919 0.00606936 0.00865385 0.0111111 0.000133743 -0.00076834 0.000332841 -0.000362501 -0.0050706 0.00113208
internal_weight=873.14 125.093 59.0467 748.047 197 172 129 98 551.047 456.047 371.047 347.047 83.0467 264
internal_count=858 115 54 743 197 172 129 98 546 451 366 342 78 264
is_linear=0
shrinkage=0.05


Tree=462
num_leaves=15
num_cat=0
split_feature=0 7 13 9 13 8 15 13 13 15 0 15 14 9
split_gain=1.20515 1.57854 0.949329 0.936777 1.2137 1.06534 1.04004 1.07854 1.6176 1.45161 1.30912 1.32264 1.52929 1.82082
threshold=12.754631328093431 5.3500000000000005 3.1062043792790042 -0.96703673333358797 4.5860782025350835 16.250000000000004 1.2809800000000002 3.094662338278956 3.1339001270843778 0.70259000000000016 15.904872601523701 -0.43265499999999996 4.1641877369068885 0.77711637012006718
decision_type=2 2 8 2 10 10 2 8 8 2 2 2 2 2
left_child=1 -1 -3 5 6 -2 7 9 -9 10 11 -5 13 -13
right_child=3 2 -4 4 -6 -7 -8 8 -10 -11 -12 12 -14 -15
leaf_value=6.6487098879985785e-05 -0.00033450710379689388 -0.009360127999338606 0.00038956665582856598 0.0046214305085481525 4.7749586815914701e-05 0.0010128748424457212 0.00025179069061578299 -0.0034914240144389153 -7.5834973764282729e-05 -0.0020223356939392703 -0.0003342619928246693 0.0046024458436261465 -0.01412855881763443 -0.0023566456725791387
leaf_weight=34.093395233154297 23 29 58 36 29.046697616577148 20 70 21 389 27 61 56 29 24
leaf_count=24 23 29 58 36 24 20 70 21 389 27 61 56 29 24
internal_value=0.00215347 0.00677625 0.003125 0.0014327 0.00101093 0.00852273 0.000595238 -3.88199e-05 -0.00158151 0.00267094 0.00410628 0.00667808 0.00386364 0.00740741
internal_weight=906.14 121.093 87 785.047 742.047 43 713 643 410 233 206 145 109 80
internal_count=891 111 87 780 737 43 713 643 410 233 206 145 109 80
is_linear=0
shrinkage=0.05


Tree=463
num_leaves=15
num_cat=0
split_feature=2 7 1 13 0 0 14 9 14 10 2 7 0 13
split_gain=2.25715 1.19296 1.21625 1.00545 1.17623 0.983446 0.964477 0.961269 0.912019 0.851599 0.74561 1.12774 0.889162 0.668782
threshold=8.6864535028957413 4.8500000000000005 12.674202605042156 4.5201734135869565 13.844281654504199 17.257980813679236 3.1058110998530073 -0.99961926108774335 0.019220404642418244 -0.934340029265598 12.145832516171296 6.0100000000000007 13.191239033605482 2.4559573733023732
decision_type=2 2 2 10 2 2 2 2 2 2 2 2 2 8
left_child=1 -1 8 4 9 7 -5 -6 -3 -2 11 12 -11 -9
right_child=3 2 -4 6 5 -7 -8 13 -10 10 -12 -13 -14 -15
leaf_value=-0.00026013061971266185 -0.0034436754098111314 0.0012682900237513896 -0.0035025605252381633 -0.00021543195090311046 0.00096223110032342971 0.0017593014555224663 0.006124617101975427 0.00025768498226135249 0.00069097163877532492 -0.016971780626680876 0.0022988486920732186 0.00089730971681298852 0.0041406898207988927 -0.00016750233028373641
leaf_weight=30 22 31 21 29.046697616577148 20 23 28 44 31.046697616577148 22 33 40 25 477
leaf_count=30 22 31 21 24 20 23 28 44 26 22 33 40 25 477
internal_value=0.00199789 0.00855937 0.0116146 0.00101586 0.00049505 -0.000530973 0.0073418 -0.000968635 0.0150867 0.00454545 0.00619835 0.00369318 -0.0015625 -0.00138889
internal_weight=876.093 113.047 83.0467 763.047 706 564 57.0467 541 62.0467 142 120 87 47 521
internal_count=866 108 78 758 706 564 52 541 57 142 120 87 47 521
is_linear=0
shrinkage=0.05


Tree=464
num_leaves=15
num_cat=0
split_feature=1 14 1 14 2 8 8 2 8 9 9 1 0 9
split_gain=1.15188 2.31278 2.21649 1.64236 1.14415 1.27116 1.61966 1.18833 1.22454 1.56925 0.648053 0.979234 1.26339 0.961669
threshold=11.646432995679277 2.603711913902647 10.35830946619498 0.094904118778089908 10.381818389358836 40.760000000000005 34.20000000000001 7.3287099632352914 16.950000000000003 0.37662760538417256 0.61392768915927742 13.76304014984119 13.482969395611937 1.0000000180025095e-35
decision_type=2 2 2 2 2 10 8 2 10 2 2 2 2 2
left_child=1 2 3 -1 7 6 10 -2 9 -9 11 12 -6 -14
right_child=4 -3 -4 -5 5 -7 -8 8 -10 -11 -12 -13 13 -15
leaf_value=-0.00056008479256131375 0.00024097690491347025 -0.00085020475695223312 0.00075466703750987128 0.00074407445749714309 -0.00035288941367753179 -0.00040172221237382293 0.0036232172125627684 -0.0030440030404476296 -0.00065825507182884285 0.0010512170898908158 -0.00012022066271948351 0.00016523410246025439 0.00034142634459508606 0.011487988130027715
leaf_weight=37.046697616577148 38 22 59.046697616577148 21.046697616577148 25 77 51 38 24.046697616577148 23 146 250 55 28
leaf_count=32 38 22 54 16 25 77 51 38 19 23 146 250 55 28
internal_value=0.00173148 0.0058953 0.00868602 0.00169224 0.000957391 0.00181675 0.00265288 -0.00343554 -0.00669599 -0.00282258 0.00178218 0.00292479 0.00688073 0.00982143
internal_weight=894.187 139.14 117.14 58.0934 755.047 632 555 123.047 85.0467 61 504 358 108 83
internal_count=874 124 102 48 750 632 555 118 80 61 504 358 108 83
is_linear=0
shrinkage=0.05


Tree=465
num_leaves=15
num_cat=0
split_feature=2 0 2 9 13 2 8 8 8 2 9 13 4 4
split_gain=2.60223 1.54411 1.39286 1.36866 2.5315 0.954705 1.79143 0.953259 1.25915 0.908314 1.02877 0.889566 0.763771 2.35
threshold=11.364318137156067 12.754631328093431 11.65824633693274 0.38469719700095528 2.9799202416531383 15.071504710903435 40.760000000000005 18.450000000000003 14.65 8.6864535028957413 -0.26092512978024823 3.3466840214647262 10.828407860445482 8.046468581807579
decision_type=2 2 2 2 10 2 10 10 10 2 2 8 2 2
left_child=3 -2 -3 7 -5 6 12 8 9 -1 -11 -9 13 -4
right_child=1 2 5 4 -6 -7 -8 11 -10 10 -12 -13 -14 -15
leaf_value=0.00066209637171131823 0.00098314060876329994 -0.00013850991475520633 0.00026482784139303384 -0.00087280249197615458 0.00027584521103871427 0.0009740430897499764 -0.0028694111877403342 0.00084590829853681835 -0.0087829133498329437 0.00014087520406849129 -0.0031192914872981928 3.8773359401556018e-05 0.00037482317071214634 -0.0077841343840558963
leaf_weight=27 30 47.046697616577148 149 35 111.14009284973145 36 54 41 32 48 34 37 83 89
leaf_count=27 30 42 149 35 96 36 54 41 32 48 34 37 83 89
internal_value=0.00126124 -0.00112702 -0.00185421 0.00444776 0.0081793 -0.000910194 -0.00166223 0.00193182 -0.000528169 0.00204545 -0.00060241 0.00632911 -0.000232919 -0.00167364
internal_weight=853.187 488.047 458.047 365.14 146.14 411 375 219 141 109 82 78 321 238
internal_count=833 483 453 350 131 411 375 219 141 109 82 78 321 238
is_linear=0
shrinkage=0.05


Tree=466
num_leaves=15
num_cat=0
split_feature=1 9 8 9 7 10 8 1 9 2 0 8 3 14
split_gain=2.44274 2.27717 1.41361 1.18593 0.941695 1.0351 1.05169 1.21297 1.56943 1.43618 1.07871 1.21877 1.51388 2.41681
threshold=11.608527579552712 -0.70556075282125752 13.950000000000001 0.25671049665402418 7.6500000000000012 0.61221145216718942 41.20000000000001 12.847149248795558 0.9263445426916056 10.175308021635905 13.418659628045447 21.350000000000005 10.632482925778287 4.4904492360372918
decision_type=2 2 10 2 2 2 8 2 2 2 2 10 2 2
left_child=1 -1 -3 -4 5 6 7 8 -2 -9 -11 -12 -13 -14
right_child=4 2 3 -5 -6 -7 -8 9 -10 10 11 12 13 -15
leaf_value=-0.0014604189859810214 -0.00041716718914091422 0.00076373831262991168 0.00065915597609708112 -8.4406982722373683e-05 0.0039291570757251093 -7.9348647098725922e-05 -0.0015209905529585234 0.00064903471010401839 -0.00060199241643886243 0.0010017307533808696 -2.0571343175679327e-06 0.010428681648928196 -0.003557215926309218 0.020410286463809692
leaf_weight=27 97.046697616577148 46.093395233154297 24 29 27 207.04669761657715 55 35 23.046697616577148 25 243 23 29 32
leaf_count=27 92 36 24 29 27 202 55 35 18 25 243 23 29 32
internal_value=0.00184262 0.00828001 0.0117624 0.00601852 0.00081395 0.000485409 0.00159831 0.00231257 -0.00206452 0.00367268 0.00269122 0.00190549 0.00705882 0.00282258
internal_weight=922.233 126.093 99.0934 53 796.14 769.14 562.093 507.093 120.093 387 352 327 84 61
internal_count=897 116 89 53 781 754 552 497 110 387 352 327 84 61
is_linear=0
shrinkage=0.05


Tree=467
num_leaves=15
num_cat=0
split_feature=2 2 13 3 9 9 13 15 8 1 9 13 2 2
split_gain=1.48184 1.6271 2.10631 1.6929 1.37514 1.24124 1.18398 1.21691 1.99717 1.40062 1.14449 1.33936 1.12143 1.2844
threshold=10.746341140496785 11.549255986512796 4.1608181327570675 10.910499800829337 0.97813828947363146 0.9562228270146037 2.5531890999248597 0.011770000000000001 8.0500000000000025 13.099807726716778 0.72233645665352741 3.3408376412471035 11.242196422425282 11.06362216610218
decision_type=2 2 8 2 2 2 10 2 10 2 2 8 2 2
left_child=5 2 3 12 10 6 -1 9 -9 -8 -3 -12 13 -2
right_child=1 4 -4 -5 -6 -7 7 8 -10 -11 11 -13 -14 -15
leaf_value=0.0017890519654368831 -0.0084780959680280221 0.00014769843762254544 -0.0021753553777518518 0.0061297228168374802 -0.00063520296431470726 0.00072943216522503452 0.00066836882870490171 -0.0010313429064025988 1.1092611013869805e-05 -0.00019554130730015107 0.00032913294509031579 0.00090911175131182579 -0.00089447316638235908 0.0020842415518171897
leaf_weight=30 31 374 29.046697616577148 20 21 33.046697616577148 69 26.046697616577148 89.046697616577148 31 47 45.046697616577148 38 21
leaf_count=30 31 374 24 20 21 28 69 21 84 31 47 40 38 21
internal_value=0.00198973 0.000637864 -0.00411411 -0.000900901 0.00200015 0.00501959 0.00375874 0.00242951 -0.00107672 0.00643564 0.00257184 0.00753565 -0.00384615 0.000943396
internal_weight=904.233 626.093 139.047 110 487.047 278.14 245.093 215.093 115.093 100 466.047 92.0467 90 52
internal_count=879 616 134 110 482 263 235 205 105 100 461 87 90 52
is_linear=0
shrinkage=0.05


Tree=468
num_leaves=15
num_cat=0
split_feature=1 3 2 2 7 1 3 2 9 0 8 7 3 5
split_gain=1.77501 0.960849 1.10791 0.882904 1.25291 1.07925 1.87134 0.890611 0.757381 0.643907 0.628572 0.840815 1.6793 2.00963
threshold=11.646432995679277 10.187518517572251 9.7805604105801525 8.6864535028957413 5.8500000000000005 12.631510329845616 8.1054501654907281 11.210599421575576 -0.5 12.97344749778412 69.000000000000014 6.0100000000000007 12.355968025144357 8.2347986884245987
decision_type=2 2 2 2 2 2 2 2 2 2 10 2 2 2
left_child=1 2 8 4 -2 6 -5 -8 -1 -10 11 -7 13 -13
right_child=3 -3 -4 5 -6 10 7 -9 9 -11 -12 12 -14 -15
leaf_value=-0.0014324016510932403 0.00036413577752663533 -0.00017689949203374413 0.00065165432643706834 -0.00066278383215784362 -0.0043590561484488921 -2.1832238066687993e-05 0.0010757292602640912 -0.00054071448750858675 0.00027213566881431188 2.3692190681923189e-05 -0.0018229168394832129 0.0015570944302598423 -0.00013683734442725416 -0.00020762536548128986
leaf_weight=25 37.046697616577148 22 25.046697616577148 27.046697616577148 24 282 34 27 42.046697616577148 22 20 158 137 40
leaf_count=25 32 22 20 22 24 282 34 27 37 22 20 158 137 40
internal_value=0.00206062 0.00731133 0.00914331 0.00114345 0.0068685 0.00065262 -0.00450514 0.000403226 0.00639854 0.00924209 0.00137147 0.00165858 0.00334821 0.00628141
internal_weight=922.187 136.093 114.093 786.093 61.0467 725.047 88.0467 61 89.0467 64.0467 637 617 335 198
internal_count=902 126 104 776 56 720 83 61 84 59 637 617 335 198
is_linear=0
shrinkage=0.05


Tree=469
num_leaves=15
num_cat=0
split_feature=1 3 1 1 0 9 16 15 1 3 3 0 3 0
split_gain=1.61589 2.5991 1.79254 1.71593 1.02597 1.00412 0.689241 1.59079 1.03566 0.932569 1.10157 0.911199 2.34422 1.19974
threshold=12.296305439178973 10.411838268477036 12.147605239729323 11.646432995679277 12.82556272251483 -0.5 0.10701500000000001 0.011770000000000001 12.847149248795558 10.727269074138226 12.505166966207833 14.159144017181173 10.874919341877797 15.009232588052667
decision_type=2 2 2 2 2 2 2 2 2 2 2 2 2 2
left_child=1 2 3 5 -2 -1 11 -8 -9 -10 -11 12 -6 -13
right_child=4 -3 -4 -5 6 -7 7 8 9 10 -12 13 -14 -15
leaf_value=8.0262506271555628e-05 0.0023515730934569935 -0.0045417241993388705 1.6869313450929926e-05 -0.0024662046396827786 -0.0029847276281944725 0.00047498268713214251 0.0019261012294905734 -0.0011076392213339393 0.00040841182735509298 -0.0011005151786543266 0.0022450787156721441 0.00063080683798204533 0.00030315200250476961 -9.9193049242973791e-05
leaf_weight=32 28 31 26.093395233154297 33 29 85.140092849731445 87 21 86 28 22 94 23 286
leaf_count=32 28 31 16 33 29 70 87 21 86 28 22 94 23 286
internal_value=0.00228104 0.00615097 0.00849635 0.00630873 0.00113475 0.00912901 0.000738552 0.00285714 -0.000158228 0.00145985 -0.00392157 -0.000461894 -0.00660377 0.000393701
internal_weight=911.233 207.233 176.233 150.14 704 117.14 676 244 157 136 50 432 52 380
internal_count=886 182 151 135 704 102 676 244 157 136 50 432 52 380
is_linear=0
shrinkage=0.05


Tree=470
num_leaves=15
num_cat=0
split_feature=1 8 8 8 14 10 1 10 1 13 0 14 8 8
split_gain=3.63103 2.54954 1.73756 1.65383 1.59657 1.83085 1.35138 1.27175 1.361 0.96831 1.4019 1.21104 0.82455 1.12886
threshold=13.092214898089891 20.050000000000004 11.050000000000002 23.900000000000002 0.52044368876136793 0.68834802305431453 12.116287536430383 0.370557437509836 11.531882702559956 2.8209803817511827 15.798925266415003 1.6154667750703615 33.95000000000001 25.100000000000005
decision_type=2 10 10 10 2 2 2 2 2 10 2 2 10 10
left_child=1 2 7 -3 -2 12 -4 8 -1 10 -7 -11 13 -6
right_child=4 3 6 -5 5 9 -8 -9 -10 11 -12 -13 -14 -15
leaf_value=0.00059256180684729158 0.00052387485201337296 -0.01009370913923336 0.00027716306068226171 0.00049986909830833652 1.8152548223648869e-05 0.0035700888335400195 0.00021207411602941858 0.0019232204794133454 -0.0005218265856735127 -0.020667177820249585 -0.0035020735324071683 -0.00055443162054655824 -0.00021471146181691882 0.0036037507360934806
leaf_weight=30.046697616577148 36 23 40 90 295 24 39.093395233154297 35.046697616577148 43 21 20 76 75 39
leaf_count=25 36 23 40 90 295 24 29 30 43 21 20 76 75 39
internal_value=0.001696 0.00615787 0.00972263 0.000219298 -0.000596252 -0.00127042 0.0153238 0.00552128 0.00170389 -0.00616197 0 -0.00892857 0.000426829 0.00149254
internal_weight=886.187 300.187 187.187 113 586 550 79.0934 108.093 73.0467 141 44 97 409 334
internal_count=866 280 167 113 586 550 69 98 68 141 44 97 409 334
is_linear=0
shrinkage=0.05


Tree=471
num_leaves=15
num_cat=0
split_feature=2 2 7 10 15 0 14 1 12 1 1 3 3 8
split_gain=1.42709 2.634 2.2649 1.85366 1.66665 1.50636 1.0588 2.04007 1.28012 1.16464 1.11923 1.08425 0.952607 1.51164
threshold=11.252355811132036 11.469521479540292 5.9500000000000011 0.49240481012316867 0.17533000000000001 14.891758960504887 0.094904118778089908 11.531882702559956 1.5000000000000002 14.729631210050036 10.703837262803583 10.483745948569611 9.9189311036890846 10.950000000000001
decision_type=2 2 2 2 2 2 2 2 10 2 2 2 2 10
left_child=6 3 4 -2 5 -3 8 -8 10 11 -1 12 13 -9
right_child=1 2 -4 -5 -6 -7 7 9 -10 -11 -12 -13 -14 -15
leaf_value=-0.00085639038017137903 -0.00023647790433181106 0.0027402089441218871 -0.0001793639519366952 -0.0024377281262623705 -4.8866582002737863e-05 0.00034876887595496899 0.00071979796874680369 0.00046006293330596031 -3.0787865573094362e-05 0.0010775449165605245 0.00054796670379231305 0.0012240355523024161 -0.0026997187353511201 -0.00023284826678930949
leaf_weight=22 27 44.046697616577148 320 23.046697616577148 66 63 50.046697616577148 60 50.046697616577148 25 31 20 23 84
leaf_count=22 27 39 320 18 66 63 45 60 45 25 31 20 23 84
internal_value=0.00065993 -0.000964908 0.000154171 -0.0117768 0.00474681 0.00857192 0.00307299 0.00475645 -0.0012126 0.00258216 0.00416667 0.00119681 -0.00014881 0.00137931
internal_weight=908.187 543.093 493.047 50.0467 173.047 107.047 365.093 262.047 103.047 212 53 187 167 144
internal_count=888 533 488 45 168 102 355 257 98 212 53 187 167 144
is_linear=0
shrinkage=0.05


Tree=472
num_leaves=15
num_cat=0
split_feature=1 14 13 13 4 13 13 2 2 8 1 9 8 1
split_gain=1.47817 1.75687 1.43812 2.49944 1.0324 1.90945 1.39661 1.27722 1.01715 1.00881 1.25646 1.41348 1.48325 1.31809
threshold=11.961893769833667 0.010715117459804567 3.5791391915893898 3.4282904644093786 9.5255768449228224 2.7492478955155986 2.8209803817511827 12.772286994570377 13.258165646661659 7.3500000000000005 14.628400124745362 0.91613344851476464 23.350000000000005 15.097361503438515
decision_type=2 2 10 10 2 8 10 2 2 10 2 2 10 2
left_child=1 -1 3 4 7 -6 -7 -2 -9 -4 11 12 -11 -12
right_child=2 -3 9 -5 5 6 -8 8 -10 10 13 -13 -14 -15
leaf_value=-0.00023748580526098781 8.5564205527355337e-06 0.00045326842677630987 -0.00025608110699808505 -0.00091085317051641716 -0.0028588767625010504 0.0092634543280252345 -0.00021540216152808879 0.0075744959505191336 0.0030222482425126709 0.0023472459623614886 -0.0066754577357420299 -0.00010384357001153354 -2.3057566831130583e-05 0.0010255108314004781
leaf_weight=39.046697616577148 223 122.0933952331543 36 59.046697616577148 45 23 67 21 45 79 30 30.046697616577148 29 68
leaf_count=34 223 112 36 54 45 23 67 21 45 79 30 25 29 68
internal_value=0.00168859 0.00602052 0.0007574 -0.000880426 0.000470588 -0.003125 0.0010989 0.00215517 0.00820896 0.0036581 0.00484644 0.00790262 0.0105505 0.000505051
internal_weight=916.233 161.14 755.093 483.047 424 135 90 289 66 272.047 236.047 138.047 108 98
internal_count=891 146 745 478 424 135 90 289 66 267 231 133 108 98
is_linear=0
shrinkage=0.05


Tree=473
num_leaves=15
num_cat=0
split_feature=0 15 15 8 2 2 14 0 8 4 15 2 9 14
split_gain=1.47284 1.67634 1.89801 1.34096 1.31518 1.68716 1.769 1.29824 1.4832 1.33454 1.21523 1.13632 1.30708 1.20246
threshold=14.455119669859839 1.0381650000000002 -1.0523449999999996 41.95000000000001 11.252355811132036 10.381818389358836 0.28689666846815737 12.270442365115466 9.943500000000002 6.9736146856795687 -1.2924149999999999 11.518526451329047 0.90444653569325539 1.404362585929035
decision_type=2 2 2 8 2 2 2 2 10 2 2 2 2 2
left_child=3 2 10 7 5 6 -4 -1 -9 -10 -2 -6 13 -13
right_child=1 -3 4 -5 11 -7 -8 8 9 -11 -12 12 -14 -15
leaf_value=-6.6427527074408579e-05 0.00015122202143549315 -0.0010895082800802224 0.00023420238246949499 0.0012516404703444507 -0.0035992790858358549 0.002212432261753894 -0.015979002515918803 0.00062421906992018257 0.00013647721658298476 -0.001155843865195827 -0.00066482735627179288 0.0038182627731921273 -0.00084107231691517021 0.00025755808776815051
leaf_weight=68.046697616577148 43 52.046697616577148 29 26 21 53 25 52.046697616577148 137.04669761657715 64 69.046697616577148 20 30 215
leaf_count=63 43 47 29 26 21 53 25 47 132 64 64 20 30 215
internal_value=0.00154527 -4.8979e-05 0.000837536 0.00409653 0.00247462 0.00717593 0.000909091 0.00318547 0.00483025 0.00285165 -0.00487557 0.000696864 0.00159774 0.00286017
internal_weight=904.233 557.093 505.047 347.14 393 107 54 321.14 253.093 201.047 112.047 286 265 235
internal_count=879 547 500 332 393 107 54 306 243 196 107 286 265 235
is_linear=0
shrinkage=0.05


Tree=474
num_leaves=15
num_cat=0
split_feature=1 1 1 2 0 7 13 13 1 2 8 15 0 10
split_gain=1.29527 1.14349 1.0946 0.993391 1.60618 1.62507 1.50329 1.86287 1.83218 1.17308 1.78207 1.55826 1.21727 1.40521
threshold=15.399805717441067 15.191454966876789 15.807939224393884 11.242196422425282 11.042364264762645 5.0500000000000007 2.7762937508167798 2.4670511503686972 13.54982795163504 11.65824633693274 15.050000000000002 -0.086219999999999991 14.455119669859839 0.70090259214882411
decision_type=2 2 2 2 2 2 10 10 2 2 10 2 2 2
left_child=1 3 -2 4 -1 -6 7 -7 -8 11 12 -5 -11 -14
right_child=2 -3 -4 9 5 6 8 -9 -10 10 -12 -13 13 -15
leaf_value=-6.3106150720687601e-05 -0.00099256104598042247 0.0021720733176970488 0.000143843482942696 2.8795228142100099e-05 -7.6286187602725436e-05 0.0016943892048522315 0.00065482233359339195 -0.022035046156061555 6.7835271314353745e-05 0.011846583221722308 -0.00011021612008921267 -0.00067690936842499392 -5.3021115648910214e-05 0.0013148548148531058
leaf_weight=38.046697616577148 53 29 94 45.046697616577148 62 22 151.0933952331543 20 55 29 184 36 60 21
leaf_count=33 53 29 94 40 62 22 141 20 55 29 184 36 60 21
internal_value=0.00208549 0.00292402 -0.00219595 0.00252329 0.00444282 0.00563283 0.00743631 -0.00116279 0.00918588 0.000734397 0.00220339 -0.00455634 0.00720721 0.00396341
internal_weight=899.187 752.187 147 723.187 348.14 310.093 248.093 42 206.093 375.047 294 81.0467 110 81
internal_count=879 732 147 703 333 300 238 42 196 370 294 76 110 81
is_linear=0
shrinkage=0.05


Tree=475
num_leaves=15
num_cat=0
split_feature=8 14 14 15 7 7 7 13 8 8 0 13 16 13
split_gain=0.972884 2.03956 2.02832 1.19929 0.942661 0.90097 1.48041 0.998731 0.902245 0.880443 1.14952 0.646872 0.634812 0.911214
threshold=8.0500000000000025 0.59862976654053734 0.13609292634879869 -1.3051699999999997 6.5500000000000007 5.1500000000000012 6.7500000000000009 3.094662338278956 14.65 4.8500000000000005 14.860309023567794 3.4542313369358211 0.10701500000000001 4.4876448421191251
decision_type=8 2 2 2 2 2 2 10 10 10 2 10 2 10
left_child=2 5 -1 4 -3 7 8 -2 -7 -4 -11 -12 13 -5
right_child=1 3 9 12 -6 6 -8 -9 -10 10 11 -13 -14 -15
leaf_value=-0.00013636237081218094 0.00092072806763729984 0.00010951528505553366 0.0012939379371470052 -0.00016416667323689357 0.015914445485854922 0.0021927896738164051 -9.4777646949995031e-05 -0.00025112299293910122 6.2429299615599171e-05 0.00034779535038583778 -2.5670493334428725e-05 -0.014255344288530137 0.00018273691386510029 0.00024452804562419272
leaf_weight=26.046697616577148 26 35 36 298.04669761657715 36 39.046697616577148 20 35 43.046697616577148 35 29 33 171 41
leaf_count=21 26 35 36 293 36 34 20 35 38 35 29 33 171 41
internal_value=0.00118891 0.00194751 -0.00235036 0.000556369 0.00659722 0.00687008 0.00972259 0.00201613 0.0126645 0.000186567 -0.00229592 -0.00634921 -0.0002958 -0.00154734
internal_weight=903.187 744.14 159.047 581.047 71 163.093 102.093 61 82.0934 133 97 62 510.047 339.047
internal_count=883 729 154 576 71 153 92 61 72 133 97 62 505 334
is_linear=0
shrinkage=0.05


Tree=476
num_leaves=15
num_cat=0
split_feature=16 7 0 13 9 14 0 13 9 2 1 4 9 13
split_gain=1.30071 1.93508 1.79807 1.38375 1.35513 1.33326 1.63317 1.37168 1.3611 2.00501 1.80738 1.24601 1.11028 1.14714
threshold=0.10701500000000001 5.3500000000000005 14.784937982753648 3.1941859788175644 -0.70710678118654735 6.9904518845358927 16.950752354844628 4.5806755450179688 0.86382728211298232 9.0965767664003732 12.631510329845616 6.2235599818109852 -0.26092512978024823 3.2755723530519245
decision_type=2 2 2 10 2 2 2 8 2 2 2 2 2 10
left_child=4 12 3 -3 -1 6 7 8 9 -6 -10 -5 13 -2
right_child=1 2 -4 11 5 -7 -8 -9 10 -11 -12 -13 -14 -15
leaf_value=-0.00092080188758302819 0.0016732059404424683 -0.0075572940604315521 0.00061813837352898938 0.0007336307291957334 0.00096985318571174992 -0.0039758455930810847 0.0018380846186157207 -0.0006311867469096042 -0.00019953690064835529 0.00019104968553556036 3.0545920692259811e-05 -0.0022219266280429141 -0.0024257304254668103 -0.0008481991853064863
leaf_weight=103 20 26 137.04669761657715 47 31 30 26 35.046697616577148 34.093395233154297 223 67 29 59 26
leaf_count=103 20 26 132 47 31 30 26 30 24 223 67 29 59 26
internal_value=0.000640431 0.00304645 0.00552462 0.000485437 -0.000869783 0.000327633 0.00107038 0.000246709 0.00118695 0.00313725 -0.00369598 0.0038961 -0.00259434 0.00319149
internal_weight=893.187 344.047 239.047 102 549.14 446.14 416.14 390.14 355.093 254 101.093 76 105 46
internal_count=873 339 234 102 534 431 401 375 345 254 91 76 105 46
is_linear=0
shrinkage=0.05


Tree=477
num_leaves=15
num_cat=0
split_feature=14 2 2 14 2 2 13 5 8 10 0 13 1 8
split_gain=1.00044 1.48566 3.25589 1.23782 1.13244 1.71196 1.08027 0.963763 1.2926 0.921087 1.23097 1.35122 1.14812 1.49342
threshold=2.5482486921942873 11.575179329836422 11.210599421575576 1.2536714541507969 12.457253329604793 11.242196422425282 2.5921133604243618 6.8564750038156674 20.050000000000004 0.70090259214882411 15.798925266415003 3.8539569225446724 13.11862387723953 12.850000000000003
decision_type=2 2 2 2 2 2 8 2 10 2 2 10 2 10
left_child=1 2 9 -3 5 7 -6 8 -2 10 11 12 13 -1
right_child=4 3 -4 -5 6 -7 -8 -9 -10 -11 -12 -13 -14 -15
leaf_value=0.00055179493907416834 0.0056390486686121906 0.0062006914739254132 -0.00022613627565828574 0.0012627072686160036 -0.00034151375935755903 -0.00070297724097952987 0.00032718927606594232 -0.0020783238007284878 -0.00050508928798382875 0.00077095135372181602 0.00071872109074453414 -0.00029779915798236375 -0.0015127876553334254 -5.0773957696771546e-07
leaf_weight=37.046697616577148 25 32 50.046697616577148 75 39 97 246 21 20 74 30 51.046697616577148 32 47.046697616577148
leaf_count=32 25 32 45 75 39 97 246 21 20 74 30 46 32 42
internal_value=0.00176435 0.00348954 0.00177743 0.00856481 0.000111359 -0.00320122 0.00201049 0.00298507 0.00706522 0.00394588 0.00213906 0.000439113 0.00341608 0.00646349
internal_weight=876.187 428.187 321.187 107 448 163 285 66 45 271.14 197.14 167.14 116.093 84.0934
internal_count=856 408 301 107 448 163 285 66 45 256 182 152 106 74
is_linear=0
shrinkage=0.05


Tree=478
num_leaves=15
num_cat=0
split_feature=1 15 9 9 15 1 13 16 8 9 12 9 4 4
split_gain=2.56287 1.69148 1.66659 1.58968 1.15927 1.12881 1.10827 1.06666 1.00123 0.977225 0.964471 0.843013 1.51602 1.10625
threshold=11.608527579552712 -0.94026999999999983 0.87567323142345177 0.9562228270146037 -1.3051699999999997 11.11698721532847 3.8929717452605272 0.10701500000000001 21.100000000000005 0.25671049665402418 1.5000000000000002 -0.015270128796310487 10.155977471300586 8.9596277427398867
decision_type=2 2 2 2 2 2 10 2 10 2 8 2 2 2
left_child=1 -1 4 -4 9 10 8 11 -5 -2 -3 12 13 -6
right_child=2 5 3 6 7 -7 -8 -9 -10 -11 -12 -13 -14 -15
leaf_value=-0.00059792025352778388 8.936877681979816e-05 -0.0021341838302257501 -0.00093171991575191529 3.2462691697177083e-05 -0.00030464413418567209 0.0038062038932146105 0.00081200564641762958 0.00028104776977911917 -0.0075724656439169567 0.012445253581153937 0.00044825627635665253 3.7937541253691863e-05 0.00025373274856801411 -0.040691983526636701
leaf_weight=34 35 27 31.093395233154297 31 98 21 21 237 25 26 39.093395233154297 176.04669761657715 51 21
leaf_count=34 35 27 21 31 98 21 21 237 25 26 29 171 51 21
internal_value=0.00128551 0.00800481 0.000194516 -0.00552128 0.0011609 0.0116619 -0.00160256 0.000468854 -0.00526316 0.00766129 0.00823233 -0.00130002 -0.00380117 -0.006875
internal_weight=873.233 121.093 752.14 108.093 644.047 87.0934 77 583.047 56 61 66.0934 346.047 170 119
internal_count=848 111 737 98 639 77 77 578 56 61 56 341 170 119
is_linear=0
shrinkage=0.05


Tree=479
num_leaves=15
num_cat=0
split_feature=16 9 13 10 13 10 14 1 13 7 14 2 5 14
split_gain=1.24488 1.3123 1.4643 2.50152 1.99186 1.61562 1.36888 1.35629 1.26421 1.8238 1.18974 1.1276 1.127 1.45186
threshold=0.10701500000000001 -0.98139358276037814 3.0790922744843354 -0.47715421805211583 3.1517080845114083 0.92471001826442667 4.2009344006411995 12.147605239729323 3.7682742391313546 5.7500000000000009 5.296558063911097 12.688268652789768 7.3218127994673532 2.6270969435730076
decision_type=2 2 8 2 10 2 2 2 10 2 2 2 2 2
left_child=1 -1 6 4 -4 8 -3 -6 11 -10 -8 -5 13 -2
right_child=12 2 3 5 7 -7 10 -9 9 -11 -12 -13 -14 -15
leaf_value=0.001618881222426949 0.00025069714177596849 0.0010560620023498223 -0.0024674415920412532 -0.0051491307098696787 -0.00066307845928748055 0.00034340203845646401 -0.020964143658098913 0.0014070454218391593 -5.3402076986339295e-05 -1.8904163354049875e-05 0.00014906362163986665 -0.00053497286247248252 0.0018738426271846409 -0.00043112072835029827
leaf_weight=25 199.0933952331543 116 25 46.046697616577148 22 44 26 108 27.093395233154297 66 38 28 35 100
leaf_count=25 189 116 25 41 22 44 26 108 17 66 38 28 35 100
internal_value=0.00101942 -0.000399382 -0.000920244 -0.0027333 0.00208333 -0.00626238 0.00276243 0.00458015 -0.00849591 -0.0045416 -0.00307692 -0.0133406 0.00343885 0.0024237
internal_weight=905.233 571.14 546.14 366.14 155 211.14 180 130 167.14 93.0934 64 74.0467 334.093 299.093
internal_count=880 556 531 351 155 196 180 130 152 83 64 69 324 289
is_linear=0
shrinkage=0.05


Tree=480
num_leaves=15
num_cat=0
split_feature=2 14 9 0 0 0 9 10 0 2 3 8 3 3
split_gain=1.59795 1.69326 1.59339 1.59555 1.85991 1.79516 1.32218 1.40649 1.11702 1.35789 1.2784 1.49614 1.17632 1.00232
threshold=11.242196422425282 0.71211442113764023 -0.98139358276037814 15.009232588052667 15.122775238776072 14.784937982753648 0.97014794553715189 0.70090259214882411 14.440450219725948 9.8198747697569519 9.9945534313027373 12.450000000000001 8.9995562212978921 12.590727538654626
decision_type=2 2 2 2 2 2 2 2 2 2 2 10 2 2
left_child=6 -2 -3 5 -5 13 7 8 10 -10 11 -1 -11 -4
right_child=1 2 3 4 -6 -7 -8 -9 9 12 -12 -13 -14 -15
leaf_value=-1.6459695456188249e-05 -6.0867244098980136e-05 0.0012286714478614515 0.00077391823575858611 -0.00037500087505906168 -6.911865615748525e-05 0.019277057631391561 0.00058734843970701398 0.0011416357935315259 0.00034532843751371552 -0.0027874414832802286 -0.013889406984658327 0.0011554406322177412 0.0010720901809848193 -0.0091359803480269841
leaf_weight=50.046697616577148 30.093395233154297 28 130 23 272 21 23.046697616577148 90 46.046697616577148 34 21 69 27 34
leaf_count=45 20 28 130 23 272 21 18 90 41 34 21 69 27 34
internal_value=0.00172239 -4.33112e-06 0.000687623 0 -0.00228041 0.00362903 0.0042952 0.00347537 0.00151153 0.00533258 -0.00142625 0.000615032 0.000403226 0.00181818
internal_weight=898.233 538.093 508 480 295 185 360.14 337.093 247.093 107.047 140.047 119.047 61 164
internal_count=873 528 508 480 295 185 345 327 237 102 135 114 61 164
is_linear=0
shrinkage=0.05


Tree=481
num_leaves=15
num_cat=0
split_feature=2 2 8 10 0 2 8 4 4 8 4 0 13 0
split_gain=1.41196 3.07446 1.63349 1.49013 1.25335 2.00764 1.76895 0.940703 1.69157 1.61196 2.1121 1.13463 1.84807 1.19873
threshold=11.252355811132036 11.469521479540292 17.955000000000002 0.49240481012316867 12.657179985727591 8.3156701108558106 9.3855000000000022 8.0295956805110347 5.5461492472694909 12.050000000000002 10.877505316597103 16.203285297448026 3.9749746138079063 16.792665430421291
decision_type=2 2 10 2 2 2 10 2 2 10 2 2 8 2
left_child=2 3 4 -2 -1 -6 -7 8 11 -9 -11 12 -3 -13
right_child=1 7 -4 -5 5 6 -8 9 -10 10 -12 13 -14 -15
leaf_value=-0.00016669927723060639 -0.00028084629270283545 0.0013496693269042126 0.00059983239380225763 -0.0007078451558518358 0.00031335205865549553 0.0013489310874048146 -0.00092285827931013484 0.00032780967941912212 0.0082630467550481642 -0.01214380349147199 0.00019241668864631301 -0.0026446035171295182 -0.00033872227125805179 0.00049760302709112025
leaf_weight=45.046697616577148 29 104 130 21.046697616577148 39.046697616577148 57 90 84 41 79 97 20 45 24
leaf_count=40 29 104 130 16 34 57 90 84 41 79 97 20 45 24
internal_value=0.00151614 -9.38772e-05 0.00393545 -0.0117768 0.0014003 0.003214 0.000506757 0.00111111 0.00340426 -0.000957854 -0.00367232 0.00141753 0.0035 -0.00555556
internal_weight=905.14 544.047 361.093 50.0467 231.093 186.047 147 494 234 260 176 193 149 44
internal_count=890 539 351 45 221 181 147 494 234 260 176 193 149 44
is_linear=0
shrinkage=0.05


Tree=482
num_leaves=15
num_cat=0
split_feature=1 10 13 13 1 9 10 9 9 16 9 8 8 0
split_gain=1.28258 2.15459 2.31487 1.63527 1.25305 1.63088 1.07396 0.987604 0.705303 0.846777 1.20679 1.44892 1.53833 1.06589
threshold=11.646432995679277 0.52435624418390925 3.9013430581749602 3.3965472547192124 12.472406226667768 0.70088257582277269 -0.79731875629095728 0.087148275903737818 -0.99930993162990933 1.0000000180025095e-35 0.72233645665352741 36.000000000000007 31.250000000000004 15.472996339817792
decision_type=2 2 10 10 2 2 2 2 2 2 2 10 8 2
left_child=1 2 3 6 5 7 -1 -2 -6 13 11 12 -11 -10
right_child=4 -3 -4 -5 8 -7 -8 -9 9 10 -12 -13 -14 -15
leaf_value=0.00056984077411214033 -0.00052805330635459231 0.0002625136706699037 -0.00060465123144209931 0.00060394767300933161 0.0011133138337609595 -0.00015671159212208823 -0.0033594657732051616 0.00055551168874716787 0.00042417215658896446 0.00014700543387694554 0.00080829126781315494 -0.0024210802761909012 0.0078688045916231793 -0.0021386923871034025
leaf_weight=20 36 36.046697616577148 23.046697616577148 22.046697616577148 21 40.093395233154297 26 20 100 299 103 48 24 73
leaf_count=20 36 31 18 17 21 30 26 20 100 299 103 48 24 73
internal_value=0.00142769 0.00605718 0.00190024 0.00653424 0.000650463 -0.00465876 0.00106383 0.000877193 0.00142003 0.00111883 0.00221053 0.000873656 0.00208333 -0.00186782
internal_weight=891.233 127.14 91.0934 68.0467 764.093 96.0934 46 56 668 647 474 371 323 173
internal_count=866 112 81 63 754 86 46 56 668 647 474 371 323 173
is_linear=0
shrinkage=0.05


Tree=483
num_leaves=15
num_cat=0
split_feature=1 3 2 2 2 13 10 15 14 5 3 13 2 10
split_gain=1.51011 1.47169 1.82675 1.12227 1.20699 1.12096 0.81805 0.584897 1.45634 1.47174 2.20078 1.08764 0.745337 2.04875
threshold=11.646432995679277 10.591301781063764 9.3903459918807766 7.3287099632352914 9.3903459918807766 3.1847201767061821 -0.98868868691483869 -1.0778199999999998 3.3039584531802562 8.7942120640441086 11.849070775856747 3.6025798466659689 11.210599421575576 -0.79731875629095728
decision_type=2 2 2 2 2 10 2 2 2 2 2 8 2 2
left_child=1 2 5 -2 -5 -1 -6 8 11 10 -10 -8 13 -9
right_child=3 -3 -4 4 6 -7 7 12 9 -11 -12 -13 -14 -15
leaf_value=0.00069039173897759163 0.0030044130267645078 -0.0028115528068755171 0.00055069348370243747 -6.1824027171201117e-05 -0.00037011730756928433 -0.00020009665484855001 -0.00029283930324278812 -0.0044788977279580427 0.0088919793388421153 -0.0095629291793613465 -0.00015276810619864191 -3.6938344525583312e-05 0.00016451104801848971 0.0007808861809714962
leaf_weight=32 30 21 36.093395233154297 42.046697616577148 36 39 30.046697616577148 20 20 20 45 22 376 112
leaf_count=32 30 21 26 37 36 39 25 20 20 20 45 22 376 112
internal_value=0.00121856 0.00621515 0.00857902 0.00036158 -3.77505e-05 0.00381944 0.000474795 0.000888221 -0.00200054 0.00203488 0.00568182 -0.0085051 0.00166994 0.00488722
internal_weight=881.187 128.093 107.093 753.093 723.093 71 681.047 645.047 137.047 85 65 52.0467 508 132
internal_count=861 118 97 743 713 71 676 640 132 85 65 47 508 132
is_linear=0
shrinkage=0.05


Tree=484
num_leaves=15
num_cat=0
split_feature=1 15 1 3 3 14 8 1 1 0 8 1 2 0
split_gain=1.44832 2.11515 1.40832 1.28845 1.19912 1.93647 1.07615 0.985069 0.915022 1.55408 1.26614 1.09143 1.00496 0.872905
threshold=11.608527579552712 0.82512500000000011 12.583208469475984 10.230763228598898 10.591301781063764 0.094904118778089908 11.750000000000002 16.631081622174246 15.601071007879225 16.389731277258996 9.943500000000002 15.807939224393884 12.510880327016482 14.860309023567794
decision_type=2 2 2 2 2 2 10 2 2 2 10 2 2 2
left_child=4 2 -2 13 5 6 -1 8 9 -4 -11 -10 -12 -3
right_child=1 3 7 -5 -6 -7 -8 -9 11 10 12 -13 -14 -15
leaf_value=-0.00074326166363324346 -0.00028485288643394891 -0.0011129457559739819 0.00023519994325478245 8.0532861466975358e-05 -0.0045063048940169109 0.00077690526500082233 0.00065587215202871367 0.0048303245796809339 -0.013191923018159957 0.0012399049205565893 0.0014714195073654681 8.9145682047742097e-05 -0.00019451974878628155 -0.00063032861455030679
leaf_weight=22 90.046697616577148 32 390 23 20 49.046697616577148 32 24 21 21 30 65 28 31.046697616577148
leaf_count=22 85 32 390 23 20 44 32 24 21 21 30 65 28 26
internal_value=0.00124989 0.000426753 0.00137876 -0.00690626 0.00625706 0.00842091 0.00181818 0.00228448 0.00184353 0.00271277 0.0090625 -0.00287356 0.00508475 -0.0105574
internal_weight=878.14 755.093 669.047 86.0467 123.047 103.047 54 579 555 469 79 86 58 63.0467
internal_count=863 745 664 81 118 98 54 579 555 469 79 86 58 58
is_linear=0
shrinkage=0.05


Tree=485
num_leaves=15
num_cat=0
split_feature=2 1 9 5 4 5 0 0 1 13 0 0 1 1
split_gain=1.64948 2.77535 1.47771 1.4366 1.37902 1.24211 2.23274 2.02365 1.32459 1.42921 1.20085 1.18027 2.09142 1.16731
threshold=11.164513976957165 12.639941056452558 0.97014794553715189 6.6153774474657583 8.4733862303563114 5.3844529770182641 16.608240043835483 16.100901953457257 13.027969886460342 2.8209803817511827 14.159144017181173 14.891758960504887 14.325199642858239 14.103646624509897
decision_type=2 2 2 2 2 2 2 2 2 10 2 2 2 2
left_child=2 10 3 4 13 7 -7 8 -3 -10 -2 -11 -13 -1
right_child=1 5 -4 -5 -6 6 -8 -9 9 11 -12 12 -14 -15
leaf_value=4.7415266182492598e-05 -0.00046890213133670149 0.01286436113239553 0.00044612403133620945 -0.0031231556327142584 0.0062419922844784148 0.00090304489960157941 -0.0024365802935326199 0.00099270377371906142 0.00067385856017279091 -0.00010972677742147608 -0.00019175950984722128 -0.014466427785046322 -0.00061990953334372105 0.00060954154634085267
leaf_weight=231.04669761657715 36 20 24.046697616577148 22 20 99 24 99 52 83 25.093395233154297 35 82 32
leaf_count=226 36 20 19 22 20 99 24 99 52 83 15 35 82 32
internal_value=0.0015251 -0.000139068 0.00432403 0.00335298 0.00431678 0.00111111 0.00544355 -0.000336022 -0.0025641 -0.00355731 -0.0101031 -0.00547264 -0.00868644 0.00331823
internal_weight=884.187 555.093 329.093 305.047 283.047 494 123 371 272 252 61.0934 200 117 263.047
internal_count=864 545 319 300 278 494 123 371 272 252 51 200 117 258
is_linear=0
shrinkage=0.05


Tree=486
num_leaves=15
num_cat=0
split_feature=1 1 15 2 0 2 16 14 8 8 14 1 1 0
split_gain=1.35817 1.1856 1.97825 1.1249 0.981971 0.886065 0.733301 1.00996 1.53715 1.17334 1.45218 1.42059 1.34882 1.15093
threshold=10.899713039261618 12.116287536430383 -0.75983499999999993 9.9146615386188923 12.792548993907984 7.9277271140429937 0.10701500000000001 1.6154667750703615 19.900000000000002 18.990000000000006 5.4932001282308471 14.087104320148036 14.762025559384943 15.472996339817792
decision_type=2 2 2 2 2 2 2 2 10 10 2 2 2 2
left_child=4 2 -2 -4 -1 -3 7 8 -7 10 11 -9 -13 -12
right_child=1 5 3 -5 -6 6 -8 9 -10 -11 13 12 -14 -15
leaf_value=0.00041189071005602823 -0.00021104501279638668 2.4919152247844221e-05 -0.00018755254596325432 0.018029491017298751 -0.0016075016611972249 -0.00025153135405824869 0.0002317159801320079 0.0035915537089148742 0.0011833971958877809 -0.00015220720959571168 0.00071530989868808794 -0.00051303182986002234 0.0012488598609855961 -0.00074422804548368582
leaf_weight=55.093395233154297 36.046697616577148 30.046697616577148 36 21 23 73.046697616577148 259 37 36 164 25 32 49 27
leaf_count=45 31 25 36 21 23 68 259 37 36 164 25 32 49 27
internal_value=0.00135603 0.000755117 -0.00453145 0.0012931 0.00761549 0.00143229 0.00106512 -0.00017153 -0.00432696 0.00119403 0.00409357 0.00714286 0.00335366 -0.00283019
internal_weight=903.233 825.14 93.0467 57 78.0934 732.093 702.047 443.047 109.047 334 170 118 81 52
internal_count=878 810 88 57 68 722 697 438 104 334 170 118 81 52
is_linear=0
shrinkage=0.05


Tree=487
num_leaves=15
num_cat=0
split_feature=1 0 0 10 1 7 9 9 13 13 1 13 0 10
split_gain=1.79655 1.54112 2.79985 1.43872 1.19159 1.25452 1.21858 0.865834 0.652354 1.88091 1.76365 1.58202 1.30169 1.29118
threshold=11.646432995679277 13.74655040117784 12.754631328093431 0.23766552919915279 12.116287536430383 5.9500000000000011 0.9987628127204814 -0.99362489447423596 3.5888809838923401 3.8088337008098008 13.460938013056444 3.2348076882374595 13.844281654504199 0.83985479045490785
decision_type=2 2 2 2 2 2 2 2 10 10 2 8 2 2
left_child=1 2 3 -1 5 -2 7 -6 10 -10 11 -9 -12 -11
right_child=4 -3 -4 -5 6 -7 -8 8 9 13 12 -13 -14 -15
leaf_value=0.0004855595556594336 0.000208650379483033 0.00044389720552163059 -0.00077500263067474822 -2.0513277652445264e-05 0.00079731695960190147 -0.0068239111802090528 0.00066610810244367442 -0.00043253801294340644 0.00053690070749461821 -0.00024536287153873463 0.005362761528259475 -0.0018173625838697771 -2.0312883513140535e-05 0.0015004458982256664
leaf_weight=45.093395233154297 20 34.046697616577148 23 27 31 28 21 62 77.046697616577148 130 29 53.046697616577148 305 35
leaf_count=35 20 29 23 27 31 28 21 62 72 130 29 48 305 35
internal_value=0.0013064 0.00675044 0.00340642 0.00824062 0.000410305 -0.00714286 0.000907144 0.000553179 0.000180611 0.00226774 -0.00094694 -0.00625755 0.000895522 -0.000753012
internal_weight=920.233 129.14 95.0934 72.0934 791.093 48 743.093 722.093 691.093 242.047 449.047 115.047 334 165
internal_count=895 114 85 62 781 48 733 712 681 237 444 110 334 165
is_linear=0
shrinkage=0.05


Tree=488
num_leaves=15
num_cat=0
split_feature=1 1 0 0 0 9 7 9 9 15 13 1 3 7
split_gain=1.53496 1.56222 1.16569 1.59337 1.02329 1.01529 0.884109 0.826691 0.77299 0.710504 0.88674 0.987443 1.01138 1.28327
threshold=9.0110665152041367 14.751063175991256 14.729040500317927 15.301189627716239 15.648777180913992 0.74311652879956314 5.9500000000000011 -0.28818529450328151 -0.73129104477329354 0.82512500000000011 2.2711502604392559 14.051999415810144 12.83847194549884 5.5500000000000007
decision_type=2 2 2 2 2 2 2 2 2 2 10 2 2 2
left_child=-1 9 -3 -4 -5 6 -6 8 -8 10 -2 -12 13 -13
right_child=1 2 3 4 5 -7 7 -9 -10 -11 11 12 -14 -15
leaf_value=0.0002166972374080034 0.0016680499027385222 0.0047198649249873721 -0.01184460734698254 0.0034509401313418397 0.0010064260523224178 0.008465115576265881 -0.00055908463319991335 -0.00052821586519584689 0.011761431619582919 -7.8489132028554918e-05 0.0001794359663143736 9.0586157468264261e-05 0.0059950572034116363 -0.0073038424159108887
leaf_weight=40.093395233154297 26 34 25 24 33 38 21 56 26 92.046697616577148 360.04669761657715 34 23 60
leaf_count=30 26 34 25 24 33 38 21 56 26 87 355 34 23 60
internal_value=0.00156742 0.00111086 0.00436047 0.00301339 0.00452261 0.00314286 0.00109489 -0.00120192 0.00364583 -0.000297495 0.000444071 -5.47383e-05 -0.00402542 -0.00631579
internal_weight=892.187 852.093 257 223 198 174 136 103 47 595.093 503.047 477.047 117 94
internal_count=872 842 257 223 198 174 136 103 47 585 498 472 117 94
is_linear=0
shrinkage=0.05


Tree=489
num_leaves=15
num_cat=0
split_feature=9 3 1 2 15 9 8 7 9 8 8 2 14 0
split_gain=1.13125 3.6845 2.11237 1.388 1.06155 0.727672 0.76378 1.33842 1.32139 1.08438 0.81812 1.26744 1.0131 0.742637
threshold=0.86819054986216926 1.3195286648076296 13.91049219669029 11.283569860993516 -0.43265499999999996 -0.99362489447423596 28.050000000000004 4.7500000000000009 -0.81661045995358794 25.450000000000003 43.45000000000001 12.27273003409123 5.0734674838097407 16.58158733868569
decision_type=2 2 2 2 2 2 10 2 2 10 10 2 2 2
left_child=5 -2 3 -3 -4 -1 7 -7 -8 13 12 -12 -10 -9
right_child=1 2 4 -5 -6 6 8 9 10 -11 11 -13 -14 -15
leaf_value=0.00047888028693223177 3.13580276069716e-05 0.00011482769223503109 0.0014138071227705496 -0.012381681014605662 0.00035047333097668054 -0.0016885831163958587 -0.009694291929973925 0.00028769400521908294 -0.00039283561258859347 0.00073135764784029169 0.0025155717122646139 -0.0004569156757464832 0.00415231714063351 -0.00044887305861824879
leaf_weight=31 41.186790466308594 26 20 25 33 28 30 420.04669761657715 81 22 23 34 20 72
leaf_count=31 21 26 20 25 33 28 30 415 81 22 23 34 20 72
internal_value=0.00198791 0.00601744 0.000952381 -0.00625 0.00787037 0.0012123 0.000887539 0.00183931 -0.00185185 0.0024247 0 0.00474138 -0.00269608 0.00192443
internal_weight=906.233 145.187 104 51 53 761.047 730.047 542.047 188 514.047 158 57 101 492.047
internal_count=881 125 104 51 53 756 725 537 188 509 158 57 101 487
is_linear=0
shrinkage=0.05


Tree=490
num_leaves=15
num_cat=0
split_feature=9 14 15 13 14 13 2 15 4 8 0 14 13 4
split_gain=2.97723 1.99437 1.37634 1.12998 1.20406 2.16202 1.37926 1.42666 1.30205 0.794613 0.777778 0.608966 0.59789 1.11688
threshold=0.88396761516098465 0.6981668640907871 -0.79966499999999996 3.8967886388235606 1.6154667750703615 4.2517113222717953 11.210599421575576 -0.67852499999999993 1.0000000180025095e-35 11.850000000000003 14.901640119333409 4.2890227835308243 2.4670511503686972 10.828407860445482
decision_type=2 2 2 8 2 10 2 2 2 10 2 2 10 2
left_child=3 -2 -3 12 6 8 7 -5 -6 -10 -4 -7 -1 -14
right_child=1 2 10 4 5 11 -8 -9 9 -11 -12 -13 13 -15
leaf_value=0.0010744810891092805 3.4087003294290758e-05 0.00089214164875641713 -0.0039024981614735445 -0.0077295686749341954 0.0058595905858239046 0.0029110103619963581 -0.0002693518462498061 0.00035426044222613973 -0.00047616708140634238 -0.017722747853626108 0.00042058055887078671 0.00010025990060349433 7.2186284668998568e-05 0.0014499795972614305
leaf_weight=49 54.186790466308594 30 27 31 21 33 28.046697616577148 21 21 32 35 24 431 79
leaf_count=49 34 30 27 31 21 33 23 21 21 32 35 24 431 79
internal_value=0.00234782 0.00886404 0.00430108 0.00110088 -0.00200978 0.00094697 -0.00680062 -0.00188679 -0.00466667 -0.0087963 0 0.00818966 0.00227679 0.00176125
internal_weight=916.233 146.187 92 770.047 211.047 131 80.0467 52 74 53 62 57 559 510
internal_count=891 126 92 765 206 131 75 52 74 53 62 57 559 510
is_linear=0
shrinkage=0.05


Tree=491
num_leaves=15
num_cat=0
split_feature=2 13 9 5 5 8 14 2 13 7 5 16 2 15
split_gain=1.04661 2.53274 1.24404 1.6764 1.91611 1.24821 1.15919 1.94682 1.33053 1.91442 1.26062 1.13969 1.12579 1.06498
threshold=11.695012151044331 4.418491763870585 -0.96419053137135757 4.6509353449108879 8.4353839539398141 11.950000000000001 2.1119792477815627 10.944650175563529 3.6343809878543185 5.3500000000000005 5.3844529770182641 1.0000000180025095e-35 10.566113605825981 -0.21015999999999999
decision_type=2 8 2 2 2 10 2 2 10 2 2 2 2 2
left_child=1 6 -2 -4 -5 -6 8 10 11 -10 -8 -1 -3 -13
right_child=2 12 3 4 5 -7 7 -9 9 -11 -12 13 -14 -15
leaf_value=-0.00036239696666515723 0.00059938933264629959 -2.6622796371278401e-05 -0.00043767920619259827 0.0018948918394981363 -0.00033825530068538613 0.0019156391485935843 0.0046485662774007125 0.0015040535395880019 0.00034457144242167363 -0.00024435884202002892 -0.0029445369107309106 0.00097400003294616081 -0.0020104431042387598 0.00024032775906620565
leaf_weight=34 39 28 300 36 30 34 21 48 24.046697616577148 69.046697616577148 22 45.046697616577148 25.046697616577148 115
leaf_count=34 39 28 300 36 30 34 21 48 19 64 22 40 20 115
internal_value=0.00143482 0.00318149 -0.000284091 -0.00112219 0.00445545 -0.000769231 0.00461879 0.00951087 0.00304077 -0.00185985 0.00170455 0.00538931 -0.00696004 0.00714804
internal_weight=870.187 431.187 439 400 100 64 378.14 91 287.14 93.0934 43 194.047 53.0467 160.047
internal_count=850 411 439 400 100 64 363 91 272 83 43 189 48 155
is_linear=0
shrinkage=0.05


Tree=492
num_leaves=15
num_cat=0
split_feature=9 0 1 8 9 4 3 3 8 1 2 8 0 7
split_gain=1.09906 1.1078 2.15685 1.1588 1.00992 0.764163 1.57617 1.4444 1.57977 1.36197 1.30729 1.17103 1.36229 1.2223
threshold=0.9987628127204814 11.81295623839134 11.646432995679277 10.850000000000003 1.0000000180025095e-35 8.5788440147855436 10.539482179169886 9.9189311036890846 9.943500000000002 14.902492572906766 11.908551369505817 6.9500000000000011 16.650208473852814 7.3500000000000005
decision_type=2 2 2 10 2 2 2 2 10 2 2 10 2 2
left_child=1 4 3 -3 -1 7 -7 10 -9 -10 -4 -8 13 -13
right_child=-2 2 5 -5 -6 6 11 8 9 -11 -12 12 -14 -15
leaf_value=-0.0065583814356560306 0.00074907489006623704 0.00043372463894705268 -1.7821771266837879e-05 0.00017946501544524596 3.4656054543195367e-05 0.00062876942764610315 0.00061897488436077905 -0.013790122015841177 4.0381899199637415e-06 -0.0042630645783319652 0.0026870361485689556 -5.4741447679207415e-05 -0.00061591415298527523 0.0036924765019905161
leaf_weight=36 26 38.093395233154297 233.04669761657715 39 41.046697616577148 39 23 24 106 33 64 126 35 29
leaf_count=36 26 28 228 39 36 39 23 24 106 33 64 126 35 29
internal_value=0.00117557 0.000864866 0.00142528 0.00931365 -0.00481977 0.000559336 0.0027668 -0.000653225 -0.00442073 -0.00232143 0.00142203 0.0010514 -0.00026178 0.00176282
internal_weight=892.187 866.187 789.14 77.0934 77.0467 712.047 252 460.047 163 139 297.047 213 190 155
internal_count=872 846 774 67 72 707 252 455 163 139 292 213 190 155
is_linear=0
shrinkage=0.05


Tree=493
num_leaves=15
num_cat=0
split_feature=13 2 0 2 12 9 1 1 14 3 15 13 1 1
split_gain=1.68704 0.87361 1.54434 1.47688 2.11244 1.32316 1.04881 0.958362 0.941057 1.40499 0.866264 0.830523 0.732604 1.89933
threshold=4.590222163723535 11.242196422425282 14.845684720853265 5.3217531957214383 2.5000000000000004 -0.98139358276037814 14.994734515709192 12.235778900783295 1.4607905488732682 5.7517253605038432 -0.30803999999999992 3.2690750720136168 13.76304014984119 13.569070804978013
decision_type=10 2 2 2 8 2 2 2 2 2 2 10 2 2
left_child=1 2 3 -1 10 -3 8 -7 9 -4 11 -5 13 -9
right_child=-2 5 6 4 -6 7 -8 12 -10 -11 -12 -13 -14 -15
leaf_value=-9.5975943216827331e-05 0.0002749659931417616 0.00082108121262156617 0.00016818360563714962 0.00047594356423312782 0.00070024165869718717 -3.0048580973428079e-05 -0.00038496753936070329 1.1777554036873639e-05 0.0023808522310266866 -0.00012101287457566556 -8.0749374016875219e-05 -1.1879282257409863e-05 -6.5869068341350986e-05 0.0062403342739375646
leaf_weight=49.046697616577148 31.046697616577148 26 33.046697616577148 22 31 31.046697616577148 20 86 33 38 100 26 365 21
leaf_count=44 26 26 28 22 31 26 20 86 33 38 100 26 365 21
internal_value=0.00202587 0.00161407 0.00354014 0.00108638 0.00319444 0.000327957 0.00800635 -0.000250309 0.0100067 0.00660915 0.000671141 0.00612245 0.000317125 0.00393519
internal_weight=912.187 881.14 352.093 228.047 179 529.047 124.047 503.047 104.047 71.0467 148 48 472 107
internal_count=892 866 342 223 179 524 119 498 99 66 148 48 472 107
is_linear=0
shrinkage=0.05


Tree=494
num_leaves=15
num_cat=0
split_feature=3 8 9 14 9 9 8 8 3 8 9 14 7 15
split_gain=1.02669 1.03626 1.5563 1.06266 1.58885 0.98652 1.38882 1.32224 1.07441 1.08811 0.995368 0.978229 0.863824 0.855922
threshold=13.063184178775765 5.6150000000000011 0.25881904510252091 0.54189347659399623 -0.99362489447423596 -0.70864607840491678 7.4500000000000011 43.250000000000007 12.598603321205756 36.600000000000009 -0.50188698852276381 0.38354780347258094 6.7500000000000009 1.2809800000000002
decision_type=2 10 2 2 2 2 10 10 2 8 2 2 2 2
left_child=1 2 -1 11 -5 12 -7 8 9 10 -8 13 -6 -3
right_child=-2 3 -4 4 5 6 7 -9 -10 -11 -12 -13 -14 -15
leaf_value=-0.011740667729103031 -0.00054800279601583399 0.00013993999136996057 0.00020237052921857624 0.00072250452950410886 -5.8567027795541907e-05 0.00064415866313392032 0.004151592352602318 0.0048252113100888732 0.0086365893778189932 -0.010572045250242957 -2.6772048637935253e-05 0.00032280879846864879 -0.014011205405820237 2.1847235717598058e-05
leaf_weight=31 107 125.04669761657715 31 21 58 26 36 35 27 22 297 26.046697616577148 21 31.093395233154297
leaf_count=31 107 120 31 21 58 26 36 35 27 22 297 21 21 21
internal_value=0.00156653 0.00219153 -0.00396825 0.0027229 0.00160846 0.00105163 0.00197072 0.00125598 0.000391645 -0.000351124 0.000374251 0.00601755 -0.0040625 0.00446205
internal_weight=894.187 787.187 62 725.187 543 522 443 417 382 355 333 182.187 79 156.14
internal_count=874 767 62 705 543 522 443 417 382 355 333 162 79 141
is_linear=0
shrinkage=0.05


Tree=495
num_leaves=15
num_cat=0
split_feature=13 10 10 14 15 7 0 13 13 15 15 0 0 1
split_gain=0.826952 1.16332 1.5365 1.47535 1.26202 1.19779 1.11074 1.08256 1.98796 1.21466 0.981726 1.34584 1.1311 0.958251
threshold=4.590222163723535 0.26512974748379775 0.39670114248928356 4.2890227835308243 0.82512500000000011 5.4500000000000011 16.650208473852814 3.9108723911402059 4.0460452466982737 -0.94026999999999983 1.0000000180025095e-35 16.315189649203063 15.273695023146233 13.805106958983421
decision_type=10 2 2 2 2 2 2 8 8 2 2 2 2 2
left_child=1 3 -3 7 5 -4 -5 -1 -9 -10 11 12 -7 -11
right_child=-2 2 4 6 -6 10 -8 8 9 13 -12 -13 -14 -15
leaf_value=0.00044047833586697329 2.3984680260036844e-05 -0.00010468731925378866 -0.00054225634837656855 0.0001666084007346136 -0.0024011591259947007 -1.8332952799959834e-05 -0.0017525553433514142 -0.00065852703195919072 -0.00069587100289746355 0.0018439236744005134 0.0015382046046730437 -0.0012113282803115411 0.0039440127349722022 9.7122658270176754e-05
leaf_weight=301.0933952331543 28.046697616577148 22.046697616577148 53 114 34 78 25 24.046697616577148 34 21 71 26 30 22
leaf_count=291 23 17 53 114 34 78 25 19 34 21 71 26 30 22
internal_value=0.00206525 0.00178115 -0.000638532 0.00318399 0.000341297 0.0015444 -0.00125 0.0047159 0.000233546 0.00416667 0.0032767 0.000740741 0.00321101 0.00965909
internal_weight=883.233 855.187 314.047 541.14 292 258 139 402.14 101.047 77 205 134 108 43
internal_count=858 835 309 526 292 258 139 387 96 77 205 134 108 43
is_linear=0
shrinkage=0.05


Tree=496
num_leaves=15
num_cat=0
split_feature=15 3 13 8 7 2 13 1 10 7 1 0 2 10
split_gain=1.31305 1.41836 1.30624 0.998657 0.884191 0.824584 0.819205 0.793442 2.31366 1.14834 1.60212 1.37796 1.05988 1.65476
threshold=-1.3495649999999999 11.493478271866374 4.2517113222717953 9.943500000000002 6.3500000000000005 12.316634059573948 3.9561014979758524 11.646432995679277 0.54824625590878551 5.8500000000000005 12.147605239729323 16.025027961080848 9.0965767664003732 -0.5
decision_type=2 2 10 10 2 2 10 2 2 2 2 2 2 2
left_child=3 7 5 -1 -5 -3 -7 8 12 11 -11 -9 13 -2
right_child=1 2 -4 4 -6 6 -8 9 -10 10 -12 -13 -14 -15
leaf_value=-8.9568851593213597e-05 0.00046057171425790689 -0.0047460525113051993 0.0012517838880146571 0.011856452670119633 0.00038424055105055479 -3.0167823952265138e-05 -0.019938664132862428 -0.00014184003419277503 0.000518147051076991 -0.006300387862074922 0.00051446139579742762 0.0014725856349762979 0.00028237456326122532 -0.014754888331373806
leaf_weight=22 20 33 26 23 27 178 21 193 32.046697616577148 21 206 30 24.046697616577148 21
leaf_count=22 20 33 26 23 27 178 21 193 27 21 206 30 19 21
internal_value=0.00247962 0.00189474 -0.0011583 0.00890411 0.0127451 -0.00236052 -0.001125 0.00333398 0.00741472 0.00243902 0.00493421 -0.000111607 0.00191028 -0.00297619
internal_weight=877.093 805.093 258 72 50 232 199 547.093 97.0934 450 227 223 65.0467 41
internal_count=867 795 258 72 50 232 199 537 87 450 227 223 60 41
is_linear=0
shrinkage=0.05


Tree=497
num_leaves=15
num_cat=0
split_feature=1 1 13 15 7 13 15 14 1 10 0 2 7 4
split_gain=1.53423 1.16145 1.55547 0.867861 1.04742 1.84653 1.50813 1.43296 2.17531 1.22264 1.21551 1.44015 1.09768 1.02911
threshold=11.608527579552712 10.35830946619498 3.7682742391313546 -0.94026999999999983 6.1500000000000012 4.5690183866124068 0.67486000000000013 4.0101003471855128 14.751063175991256 0.074102141141256975 13.041378880533072 8.6864535028957413 6.6500000000000012 2.8156058909106831
decision_type=2 2 10 2 2 8 2 2 2 2 2 2 2 2
left_child=1 2 -1 -2 5 10 7 9 -9 13 -5 -12 -10 -6
right_child=3 -3 -4 4 6 -7 -8 8 12 -11 11 -13 -14 -15
leaf_value=-0.000166900804209702 0.00044762395596335895 0.00090887863568394072 0.00046653099684800252 -0.010376632231207739 0.013569003783287559 -7.6426553613237138e-05 0.00041742652951413109 -0.0010187048520095777 0.0096463069331876213 -4.3139374949840993e-05 0.00047302608501194056 4.1544459145770321e-05 -2.8659432754629679e-05 0.0001540636595549927
leaf_weight=30 159.04669761657715 60 35.093395233154297 24 26 26.046697616577148 38 49 22 40 28 278 54 30
leaf_count=30 154 60 25 24 26 21 38 49 22 40 28 278 54 30
internal_value=0.00302974 0.00814741 0.0034396 0.00219328 0.00133729 -0.000423383 0.00375 0.00213964 -0.00138889 0.00670103 0.00060423 0.0014658 0.0038961 0.0114035
internal_weight=899.187 125.093 65.0934 774.093 615.047 356.047 259 221 125 96 330 306 76 56
internal_count=879 115 55 764 610 351 259 221 125 96 330 306 76 56
is_linear=0
shrinkage=0.05


Tree=498
num_leaves=15
num_cat=0
split_feature=1 14 7 13 2 13 3 0 13 13 0 15 0 1
split_gain=1.32545 1.55515 1.42098 1.04941 0.963695 0.702451 0.670585 1.21667 0.937206 0.910717 0.983753 1.17927 1.08386 1.07828
threshold=11.885105159201204 0.17402358215675648 6.5500000000000007 3.9108723911402059 7.3287099632352914 3.1233910917821626 13.858877152598263 17.370004161422141 2.4009249020927004 2.5624635244952301 16.231735168163237 0.17533000000000001 16.025027961080848 15.879478331307986
decision_type=2 2 2 8 2 10 2 2 8 8 2 2 2 2
left_child=2 4 3 5 -2 -1 7 8 -3 -10 12 13 -11 -12
right_child=1 6 -4 -5 -6 -7 -8 -9 9 10 11 -13 -14 -15
leaf_value=0.0034679794566658596 -3.2018276467726815e-05 0.0013405303832697336 -3.5563180255826499e-05 0.00049196861472163781 -7.2592106472373126e-05 2.9203709855757377e-05 -0.00079552098865747216 0.0017831854785354151 -0.0010355074274435161 0.00021374858766585181 0.00085854234779636496 -0.0083513965076815518 0.0051912032953630449 -0.0085380358650192396
leaf_weight=33 24 34 44 40.093395233154297 24.046697616577148 40 47 23 26 420 44 29 34 21
leaf_count=33 24 34 44 30 19 40 47 23 26 420 44 29 34 21
internal_value=0.00234823 0.00144259 0.00649828 0.00944257 -0.00715986 0.00574324 0.00206186 0.00249209 0.00205255 0.00156522 0.00200364 -0.00263158 0.00296703 0.00113636
internal_weight=883.14 726.047 157.093 113.093 48.0467 73 678 631 608 574 548 94 454 65
internal_count=868 721 147 103 43 73 678 631 608 574 548 94 454 65
is_linear=0
shrinkage=0.05


Tree=499
num_leaves=15
num_cat=0
split_feature=2 1 2 2 14 7 9 3 3 9 10 9 2 13
split_gain=0.822235 2.70314 1.53515 1.32044 1.02275 1.53881 1.2982 1.25061 1.21702 1.1521 1.13262 0.971312 1.03846 1.38365
threshold=11.252355811132036 12.235778900783295 11.518526451329047 11.06362216610218 2.5775460472523744 6.3500000000000005 -0.058870663549117574 11.2311094700197 11.29253431041527 0.26092512978024796 -0.62758608479379874 0.087148275903737818 13.248656899503709 3.5239220528833521
decision_type=2 2 2 2 2 2 2 2 2 2 2 2 2 8
left_child=3 -2 -3 -1 9 6 8 -8 -6 10 -4 12 -7 -14
right_child=1 2 4 -5 5 11 7 -9 -10 -11 -12 -13 13 -15
leaf_value=0.00014257123801600418 -3.246144172892604e-05 -0.00070977591244211216 0.00058395878337295091 0.0029181941602309694 -0.021550535379239257 0.00079821083549737608 0.00097630099656017546 -0.0024125349312414503 -0.00037941460397394877 -0.00048285000946311497 0.0029304027959485947 0.00086948896441256811 -0.00066201779824233149 0.00011039141609796577
leaf_weight=322.04669761657715 33.093395233154297 45 35 35 21 39 23 60 28 33 43 106 29 35
leaf_count=317 23 45 35 35 21 39 23 60 28 33 43 106 29 35
internal_value=0.000868667 -0.000380978 0.000552209 0.00271985 0.00143488 7.30994e-05 -0.00413534 -0.000297619 -0.0105 0.00558036 0.00886076 0.0027381 -0.000721154 -0.00461538
internal_weight=887.14 530.093 497 357.047 452 341 132 83 49 111 78 209 103 64
internal_count=872 520 497 352 452 341 132 83 49 111 78 209 103 64
is_linear=0
shrinkage=0.05


Tree=500
num_leaves=15
num_cat=0
split_feature=1 1 7 2 10 2 12 16 0 8 8 5 6 8
split_gain=1.13229 1.1463 1.12486 1.26691 1.94198 0.9909 1.52918 1.30923 1.25717 1.03036 0.863965 1.74299 1.09797 1.03569
threshold=16.678821448768947 11.608527579552712 6.7500000000000009 9.0965767664003732 -0.16719855485485105 9.6989490119116848 1.5000000000000002 0.10701500000000001 13.418659628045447 15.750000000000002 10.050000000000002 8.3166628455135054 1.0000000180025095e-35 14.950000000000001
decision_type=2 2 2 2 2 2 10 2 2 10 10 2 2 10
left_child=1 2 3 4 -1 6 -3 -8 9 -7 11 -10 13 -12
right_child=-2 5 -4 -5 -6 8 7 -9 10 -11 12 -13 -14 -15
leaf_value=0.00070560088008672921 0.0037132432338085166 0.00014207557537170292 -0.00014066866747757811 0.00035952363709375692 -0.0038931928808398409 0.01643150807775895 -0.00046866487090595492 -0.00031998498809219698 0.00051406481902676053 9.5762505419072502e-05 -0.00018867431356996045 -0.00088663390810850284 0.0021594061399990761 -4.8130005880775428e-06
leaf_weight=36.046697616577148 21 44 35 31.046697616577148 21 23 24 25.046697616577148 130 50 98.046697616577148 27 23 298
leaf_count=31 21 44 35 26 21 23 24 20 130 50 93 27 23 298
internal_value=0.00129623 0.00101017 0.00545827 0.00844434 0.0038963 0.000266003 -0.00453145 -0.0105135 0.000959673 0.00709459 0.000171273 0.00332278 -0.00101457 -0.00164003
internal_weight=886.187 865.187 123.093 88.0934 57.0467 742.093 93.0467 49.0467 649.047 73 576.047 157 419.047 396.047
internal_count=866 845 113 78 52 732 88 44 644 73 571 157 414 391
is_linear=0
shrinkage=0.05


Tree=501
num_leaves=15
num_cat=0
split_feature=1 2 14 9 5 14 5 5 8 8 4 1 15 9
split_gain=2.24469 0.996362 1.92821 1.95956 0.716045 1.74929 1.20255 1.12526 0.895951 0.876537 1.4294 1.22499 1.42964 0.948137
threshold=11.608527579552712 10.731831893469641 0.088561716292821516 0.70088257582277269 8.2347986884245987 6.3741291491599057 10.914057369557446 7.0715530962182145 10.850000000000003 8.7500000000000018 8.6514397330618404 14.491408681122889 0.011770000000000001 0.36040299391450087
decision_type=2 2 2 2 2 2 2 2 10 10 2 2 2 2
left_child=1 2 3 -1 7 8 -7 9 -6 10 11 12 -2 -11
right_child=4 -3 -4 -5 5 6 -8 -9 -10 13 -12 -13 -14 -15
leaf_value=-0.00031641644086646272 0.00054504338836760537 -1.3194530667381966e-05 0.00069622916989340493 0.00058400765915708004 -0.002637161704073865 0.0012779250177368251 -0.00066469706692506847 0.0017323207077108106 -3.8896941200672333e-05 8.4485758138683209e-05 0.001343270065608071 -0.0088695338118291445 -0.0039491759400168136 -4.9435381926414591e-05
leaf_weight=36 34 24 45.046697616577148 21.046697616577148 20 24 32 20 22 333 25 20 36 212.0933952331543
leaf_count=36 34 24 40 16 20 24 32 20 22 333 25 20 36 202
internal_value=0.000939033 0.00709978 0.00923759 0.00303493 -6.71741e-05 -0.0040404 0.00175439 0.000510451 -0.0116279 0.000147733 0.00409483 0.0010989 0.00422535 -0.000690971
internal_weight=904.187 126.093 102.093 57.0467 778.093 98 56 680.093 42 660.093 115 90 70 545.093
internal_count=884 116 92 52 768 98 56 670 42 650 115 90 70 535
is_linear=0
shrinkage=0.05


Tree=502
num_leaves=15
num_cat=0
split_feature=8 3 7 13 8 9 4 5 7 8 14 9 9 10
split_gain=1.86501 1.30578 1.58854 1.08303 1.75399 1.64814 1.09601 1.4837 1.30012 1.67174 1.08405 0.94872 0.801538 0.780104
threshold=11.500000000000002 7.6554457920086589 4.8500000000000005 3.3466840214647262 12.450000000000001 0.91613344851476464 9.2926426512565161 9.5338403103606275 5.8500000000000005 15.050000000000002 2.6728005134358335 -0.3986883375106644 -0.26723583216152458 0.49240481012316867
decision_type=8 2 2 10 10 2 2 2 2 10 2 2 2 2
left_child=1 2 -1 4 -2 -5 8 -8 9 -6 11 -11 -10 -3
right_child=3 13 -4 5 6 -7 7 -9 12 10 -12 -13 -14 -15
leaf_value=-0.002636646940436427 -0.018708922885326041 -5.6685194902550422e-05 0.00063699826753262079 -6.999359077681788e-05 0.0025876374072554167 -8.7266964637757125e-05 -0.00084232942412310052 0.0036866854651856243 4.4141620987470101e-05 0.002368453019485062 -0.0072582822424175578 -0.001309737417626633 0.0042235195646331382 0.00055807483386378649
leaf_weight=24 21 125 67.093395233154297 242 31 43.093395233154297 71 22 35 26 24 33 64 64
leaf_count=24 21 125 57 242 31 33 71 22 35 26 24 33 64 64
internal_value=0.000727731 0.00409947 0.00898365 -0.000819345 0.00114329 -0.0030666 0.00211726 -0.00239362 0.00408879 0.000434783 -0.00327381 0.000416667 0.00825 0.00171053
internal_weight=892.187 280.093 91.0934 612.093 327 285.093 306 93 213 114 83 59 99 189
internal_count=872 270 81 602 327 275 306 93 213 114 83 59 99 189
is_linear=0
shrinkage=0.05


Tree=503
num_leaves=15
num_cat=0
split_feature=8 0 0 3 13 0 9 1 8 9 1 8 10 1
split_gain=1.75655 1.49335 1.49375 1.37141 0.995734 1.26318 1.08116 2.21585 2.10551 1.24994 1.13678 1.43374 1.05383 1.01066
threshold=9.7500000000000018 14.440450219725948 16.401856143909331 10.632482925778287 2.9151314714814558 13.041378880533072 0.37662760538417256 15.755070682384991 17.050000000000004 0.79467767141292878 13.482790283390907 12.050000000000002 -0.934340029265598 15.831169183782242
decision_type=10 2 2 2 8 2 2 2 10 2 2 10 2 2
left_child=1 -1 3 -3 5 -2 10 8 -8 -10 12 -12 -6 -7
right_child=4 2 -4 -5 6 13 7 -9 9 -11 11 -13 -14 -15
leaf_value=0.0005992522923991459 -0.0010431473545563508 0.00018839319341097395 0.0014064485870016298 -0.0036141144211107035 -0.00020166530779789361 0.0032603869237338048 -4.7458935297355215e-05 0.0098560365097542634 -0.00040858524743673245 0.00038616941349705063 0.0011960128095742874 -0.00036260431482073587 0.00071848090094432388 -0.0015057170934482667
leaf_weight=71.093395233154297 22 68 31 25 32 92 88.140092849731445 25 55 59 42 157 102 21
leaf_count=61 22 68 31 25 32 92 73 25 55 59 42 157 102 21
internal_value=0.00156955 0.00574897 0.0024 -0.000797872 0.000390004 0.00422794 -0.000540867 -0.00319322 -0.00493995 -0.000434783 0.00127246 -0.001125 0.00481481 0.00635965
internal_weight=890.233 195.093 124 93 695.14 135 560.14 227.14 202.14 114 333 199 134 113
internal_count=865 185 124 93 680 135 545 212 187 114 333 199 134 113
is_linear=0
shrinkage=0.05


Tree=504
num_leaves=15
num_cat=0
split_feature=2 14 4 0 0 0 2 13 1 0 0 15 0 9
split_gain=1.11034 0.957715 1.36294 0.999002 1.16063 0.896853 0.881796 1.44738 1.28948 1.11996 1.10637 0.866477 0.825319 0.836982
threshold=13.258165646661659 5.6257287902157778 10.649631107724094 16.476907121999037 16.731671075892866 11.473377350654021 14.254755236354223 4.0246259411129488 16.34641728054773 15.587342340134944 15.748715777478411 -0.72587999999999997 12.367589927607527 0.26092512978024796
decision_type=2 2 2 2 2 2 2 8 2 2 2 2 2 2
left_child=1 2 3 5 -5 11 7 9 10 -2 -8 -1 -7 -14
right_child=6 -3 -4 4 -6 12 8 -9 -10 -11 -12 -13 13 -15
leaf_value=0.00011505616954025078 -0.00034288670118923784 0.0019310197712086642 -0.00052088460114561028 0.0011470142460294098 0.0001732476551110973 -0.0098598023716667989 -0.00054156489751773236 0.00038582985374049363 -0.00064966324198909584 -0.0050140142117253818 0.0067083889040927772 0.00057940649497686958 0.00034680587214800388 -2.7223358386606833e-05
leaf_weight=31 49 24 21 22 39 26 30 28 26 41 37 22.046697616577148 273 199.04669761657715
leaf_count=31 49 24 21 22 39 26 30 28 26 41 37 17 273 194
internal_value=0.00138075 0.00239328 0.00201074 0.00244661 0.00846774 0.00176601 -0.00176887 -0.00462185 0.0018617 -0.00769231 0.00551471 0.00788517 0.00109976 0.001583
internal_weight=868.093 657.093 633.093 612.093 61 551.093 211 118 93 90 67 53.0467 498.047 472.047
internal_count=858 647 623 602 61 541 211 118 93 90 67 48 493 467
is_linear=0
shrinkage=0.05


Tree=505
num_leaves=15
num_cat=0
split_feature=1 14 15 2 5 3 0 13 9 0 7 13 3 15
split_gain=1.25445 1.01091 1.11757 1.04136 0.921502 1.23718 1.12761 1.38712 1.27508 1.05984 0.93171 0.903819 0.857679 0.768085
threshold=11.608527579552712 0.088561716292821516 -0.014779999999999998 10.731831893469641 4.8671718930039409 13.215188447173068 16.58158733868569 2.8589191732011554 0.087148275903737818 16.401856143909331 6.1500000000000012 3.6780493283881963 12.306661339495072 0.17533000000000001
decision_type=2 2 2 2 2 2 2 8 2 2 2 10 2 2
left_child=1 2 -1 -3 5 9 7 -6 -9 10 -2 -11 13 -12
right_child=4 3 -4 -5 6 -7 -8 8 -10 11 12 -13 -14 -15
leaf_value=0.00085996777804500104 -4.7311694246498514e-05 0.00072965304821230581 -0.00026845400199481116 -7.6784398464535556e-06 -0.00035982725465750766 -0.0008957639102902704 -0.00065476042224048574 0.00053762785975268739 0.0051527682941024501 0.0086361946897103303 0.00012348675722336777 -0.00027711128710556087 -0.0018786018655584159 0.011350817848657303
leaf_weight=20 323.0933952331543 43.046697616577148 33 23 37 58 36 39 40 44 94 35 24 24
leaf_count=20 313 38 33 23 37 58 36 39 40 44 94 35 24 24
internal_value=0.00088525 0.00563254 0.000462963 0.00971215 0.000129342 -0.000750025 0.00359477 0.00598291 0.0096875 -4.28345e-06 -0.000916844 0.0053125 0.00244755 0.00420168
internal_weight=873.14 119.047 53 66.0467 754.093 602.093 152 116 79 544.093 465.093 79 142 118
internal_count=858 114 53 61 744 592 152 116 79 534 455 79 142 118
is_linear=0
shrinkage=0.05


Tree=506
num_leaves=15
num_cat=0
split_feature=1 3 2 15 8 8 4 8 1 2 10 1 10 8
split_gain=0.846849 1.67902 0.919762 0.645155 1.056 1.39186 1.04814 1.52907 1.96724 2.28134 2.00188 2.02277 1.38332 1.30797
threshold=11.608527579552712 10.089722168731663 9.3903459918807766 0.66927500000000018 12.050000000000002 16.450000000000003 12.725781394430198 12.050000000000002 15.713707227497345 13.121882429087195 0.49240481012316867 13.899572803121371 -0.26932402956675622 14.350000000000003
decision_type=2 2 2 2 8 10 2 10 2 2 2 2 2 10
left_child=1 2 -1 6 -5 -6 7 8 9 10 11 12 -2 -9
right_child=3 -3 -4 4 5 -7 -8 13 -10 -11 -12 -13 -14 -15
leaf_value=0.00037534803675861315 -9.0286464268840572e-05 -0.00058671110189555955 0.00067267491633649231 -0.00032774705034821494 0.0011385988941931657 -0.0031817882279058466 -0.00093201175366974809 -0.00021296035244861488 -0.0022893530567768216 0.026773193811218433 0.0017879142389210624 0.00073368420221450183 -0.010972726482934771 0.00014884421988956565
leaf_weight=81.046697616577148 33 23 27.046697616577148 56 25 62 32 61.046697616577148 24 22 53 43 22 342
leaf_count=76 33 23 22 56 25 62 32 56 24 22 53 43 22 342
internal_value=0.00104853 0.00474918 0.00735457 0.000417285 -0.00260417 0.000852273 0.00110392 0.00157863 0.00517677 0.00704023 0.00476974 0.000505051 -0.00580357 -0.000188511
internal_weight=906.14 131.093 108.093 775.047 143 87 632.047 600.047 197 173 151 98 55 403.047
internal_count=891 121 98 770 143 87 627 595 197 173 151 98 55 398
is_linear=0
shrinkage=0.05


Tree=507
num_leaves=15
num_cat=0
split_feature=14 13 14 9 14 13 14 5 8 15 15 15 9 8
split_gain=1.09459 2.02143 1.67938 1.28482 0.899747 0.670115 1.83049 1.47304 1.29585 0.965393 0.9233 0.877766 0.9909 0.771987
threshold=0.49302220331869934 3.6918790522500609 0.2563811664472056 0.70088257582277269 0.016972120384571798 3.8967886388235606 1.6799638773548569 8.2347986884245987 16.950000000000003 -0.17237999999999995 -0.11977499999999999 -1.3051699999999997 -0.2079097116483111 41.432000000000009
decision_type=2 10 2 2 2 10 2 2 8 2 2 2 2 10
left_child=1 2 4 -3 -1 7 -7 11 9 -9 -8 12 -2 -13
right_child=5 3 -4 -5 -6 6 10 8 -10 -11 -12 13 -14 -15
leaf_value=0.000197991902638911 -0.00011419225041231496 0.00020431118279888306 0.00083750411361936401 0.00049957800677643595 -0.00036348194934203719 -0.00050160469246910745 0.00039287020844883672 -0.012717568599355423 0.0003247854730545896 -0.00043544121518006578 -0.0025699479703080955 0.00027089166764223684 0.019199099161703037 -0.00053071698015352278
leaf_weight=29 20 37 27 37.140092849731445 49 46.046697616577148 95 20 27 30 34 383 22 44
leaf_count=29 20 37 27 22 49 41 95 20 27 30 34 383 22 44
internal_value=0.000280003 0.00376653 -0.000707547 0.010028 -0.00443038 -0.000590221 -0.00327281 0.000274223 -0.00608974 -0.0107843 -0.000192308 0.00132979 0.00813953 0.000642523
internal_weight=900.187 179.14 105 74.1401 78 721.047 175.047 546 77 50 129 469 42 427
internal_count=880 164 105 59 78 716 170 546 77 50 129 469 42 427
is_linear=0
shrinkage=0.05


Tree=508
num_leaves=15
num_cat=0
split_feature=2 1 8 1 10 2 2 10 10 7 7 12 3 4
split_gain=1.63912 1.72983 1.45219 1.69069 1.49981 1.27685 1.0493 1.04834 1.00439 1.09591 1.25957 0.982296 1.01562 0.938762
threshold=11.103337916028458 16.631081622174246 8.3000000000000025 12.661806857947289 0.370557437509836 11.469521479540292 9.3903459918807766 -0.97813828947363135 0.70090259214882411 5.4500000000000011 4.9500000000000011 2.5000000000000004 8.0417118840855224 8.046468581807579
decision_type=2 2 10 2 2 2 2 2 2 2 2 10 2 2
left_child=2 5 6 8 -5 11 -1 -7 9 10 -4 12 -2 -9
right_child=1 -3 3 4 -6 7 -8 13 -10 -11 -12 -13 -14 -15
leaf_value=0.00022814421266636244 0.000293859366599869 0.0044688701339232976 -0.0014071215754137669 8.3389971997416271e-06 -0.0012800172218070394 -0.0016933154322023693 0.00093164461569665612 0.0002329958387082199 0.0017701915200299513 -0.00022939121063949577 0.00068012867006860813 -0.00027719022767799611 -0.00061384195294614816 -0.00036462157367989079
leaf_weight=38.046697616577148 20 21 23 72 35 25 46.046697616577148 224.04669761657715 41 56 26.046697616577148 24.046697616577148 27 204
leaf_count=33 20 21 23 72 35 25 41 219 41 56 21 19 27 204
internal_value=0.000454203 -0.00124033 0.00318951 0.00128389 -0.00347222 -0.00181365 0.00884128 -0.000828477 0.00476833 0.00213272 0.00751633 -0.00799714 -0.00364583 -0.000235796
internal_weight=882.233 545.093 337.14 253.047 107 524.093 84.0934 453.047 146.047 105.047 49.0467 71.0467 47 428.047
internal_count=857 535 322 248 107 514 74 448 141 100 44 66 47 423
is_linear=0
shrinkage=0.05


Tree=509
num_leaves=15
num_cat=0
split_feature=14 9 16 13 9 8 2 1 8 8 1 2 2 10
split_gain=2.40223 1.92181 1.2446 1.28755 2.43994 1.49676 1.27257 1.23041 1.20065 1.46272 1.13541 1.59245 1.26664 1.0624
threshold=0.59862976654053734 0.88396761516098465 1.0000000180025095e-35 3.5815589191851385 0.70864607840491656 18.350000000000005 11.984396766813456 12.538991975982244 11.850000000000003 25.100000000000005 14.573125865372893 11.65824633693274 13.552403731067981 -0.94325749556434169
decision_type=2 2 2 8 2 10 2 2 10 8 2 2 2 2
left_child=1 13 6 -4 5 10 7 -2 -8 -10 11 -5 -12 -1
right_child=2 -3 3 4 -6 -7 8 -9 9 -11 12 -13 -14 -15
leaf_value=0.00056786664875083657 1.4295763919791593e-05 0.00048002082564798065 -3.5927678991671282e-05 2.2592837278345715e-06 0.0026541216420786998 -0.00067840247180529507 0.001012710954398699 -0.00067543745792184593 -0.0079229926991624799 0.00018512867795341672 -0.011753998632704078 0.0071806543005861201 0.00079830778193228373 0.00017864408391553567
leaf_weight=20 20 40.140092849731445 327.04669761657715 26 42 53 26 58 40 50 20 23 23 145
leaf_count=20 20 25 322 26 42 53 26 58 40 50 20 23 23 145
internal_value=0.00145193 0.0062021 6.88707e-05 0.00135683 0.00465426 0.0015411 -0.00333333 -0.00822785 0 -0.00274725 0.00537634 0.0105 -0.000568182 0.00376506
internal_weight=913.187 205.14 708.047 514.047 187 145 194 78 116 90 92 49 43 165
internal_count=893 190 703 509 187 145 194 78 116 90 92 49 43 165
is_linear=0
shrinkage=0.05


Tree=510
num_leaves=15
num_cat=0
split_feature=1 0 13 9 4 3 3 13 4 1 0 2 2 0
split_gain=1.95435 2.05314 1.0095 0.888565 0.656213 1.31625 1.60604 1.36563 0.723927 0.862944 0.572207 0.714274 1.84176 1.8596
threshold=11.608527579552712 11.918138070231437 3.803066821374367 -0.25881904510252113 12.702521255820509 13.738557155961646 13.032633351528629 4.5860782025350835 11.854967923499585 16.123334206731318 17.048322904156191 11.252355811132036 11.964177395435597 14.13270164491426
decision_type=2 2 8 2 2 2 2 8 2 2 2 2 2 2
left_child=1 3 -3 -1 5 6 7 8 9 10 11 -2 -13 -14
right_child=4 2 -4 -5 -6 -7 -8 -9 -10 -11 -12 12 13 -15
leaf_value=0.00043996326362171216 0.00016473574083317519 0.00088319457551369173 2.4770619218089654e-05 -0.00042378005134894318 -0.0008287253099464654 0.0019694925553322084 -0.0021273115543586352 -0.00025822923270553188 0.0037885290900185001 0.0031521265810452118 -0.0015629683148225217 -0.00023360925958494468 0.0020986483615557995 -5.7956923228008608e-05
leaf_weight=22 224.04669761657715 40.046697616577148 21 30 39 35 31 53.046697616577148 20 23 26 123.04669761657715 40 174
leaf_count=22 219 35 21 30 39 35 31 48 20 23 26 118 40 174
internal_value=0.000249394 0.00636728 0.0125094 -0.000943396 -0.00063508 -0.0003015 -0.000770713 -0.000257502 0.000396138 8.18206e-05 -0.000297572 4.44766e-05 -0.00140858 0.00139535
internal_weight=901.187 113.047 61.0467 52 788.14 749.14 714.14 683.14 630.093 610.093 587.093 561.093 337.047 214
internal_count=881 108 56 52 773 734 699 668 620 600 577 551 332 214
is_linear=0
shrinkage=0.05


Tree=511
num_leaves=15
num_cat=0
split_feature=14 0 2 15 2 15 15 0 13 1 15 8 3 1
split_gain=1.19774 1.3498 1.46881 1.24977 1.22985 1.37784 1.72916 1.48254 1.21817 1.13773 1.00368 1.00089 0.893137 0.819876
threshold=0.040000831862220171 14.638646701886138 10.86988736148618 1.0381650000000002 13.203387387181726 -0.79966499999999996 -0.43006499999999998 14.316560600970554 3.5569021725796435 11.885105159201204 -1.1641199999999998 11.950000000000001 12.469044565639642 11.736380176763509
decision_type=2 2 2 2 2 2 2 2 10 2 2 10 2 2
left_child=8 4 11 -4 5 7 -7 10 -1 -8 13 -3 -6 -2
right_child=1 2 3 -5 12 6 9 -9 -10 -11 -12 -13 -14 -15
leaf_value=-0.00015296340287381807 -0.00025396772280366075 0.004167557116335297 0.00023090129774026025 -0.0025461367773061739 0.002091041336926325 0.0048904219019768715 0.00050929942272891541 -0.0001480984358644305 0.00043776233584624297 -0.00049846852717470023 -0.0005663870347595801 7.4493126970964782e-05 -0.00042134944027810706 0.00016491158188521873
leaf_weight=36 22 46 377 36 21 23 41.046697616577148 22.093395233154297 41.093395233154297 120 25 39 29 20
leaf_count=36 22 46 377 36 21 23 36 12 31 120 25 39 29 20
internal_value=0.000835342 0.000272256 0.00190381 0.000664251 -0.00224029 -0.00356083 -0.0010745 -0.0086281 0.00675262 -0.00292405 -0.00477941 0.00784884 0.00490196 0
internal_weight=898.233 821.14 498 413 323.14 273.14 184.047 89.0934 77.0934 161.047 67 85 50 42
internal_count=873 806 498 413 308 258 179 79 67 156 67 85 50 42
is_linear=0
shrinkage=0.05


Tree=512
num_leaves=15
num_cat=0
split_feature=15 8 10 9 0 1 2 3 14 14 0 14 14 3
split_gain=1.3322 0.925834 0.836237 0.829086 1.38013 2.63132 2.47774 1.55436 1.35085 0.908575 0.849822 0.834796 0.981756 0.903856
threshold=1.2809800000000002 4.8500000000000005 0.23766552919915279 0.38469719700095528 16.158263219713977 12.472406226667768 11.274353281260124 9.7959997757652673 1.0079905521927708 3.6365870976901049 16.773669124110143 7.2243390345951317 6.0545893303563183 9.9626505199994142
decision_type=2 8 2 2 2 2 2 2 2 2 2 2 2 2
left_child=1 2 -1 11 5 6 -5 8 -7 -9 -6 12 13 -3
right_child=-2 3 -4 4 10 7 -8 9 -10 -11 -12 -13 -14 -15
leaf_value=-0.00045096077706161534 0.00017235314988289785 0.0002207617335874157 0.015137287910615416 -0.00020979936334737382 -0.00054654003127044823 0.00015702543566453731 -0.00013411536045957926 0.0043041765204562049 -0.0014515906287833947 0.00080434265353378502 -0.0002232852921819184 -0.0038584856237409595 0.0012912946369270095 -7.3032770233316677e-05
leaf_weight=20 82.093395233154297 232 20 54 31 27 26.093395233154297 38 29 59 27 24 33 184
leaf_count=20 72 232 20 54 31 27 16 38 29 59 27 24 33 184
internal_value=0.000619937 -2.90014e-06 0.00731707 -0.000395161 -0.00249008 -0.000757539 -0.00804424 0.00308442 -0.00350877 0.00688776 -0.00932203 0.000896624 0.00138889 0.000719424
internal_weight=886.187 804.093 40 764.093 291.093 233.093 80.0934 153 56 97 58 473 449 416
internal_count=866 794 40 754 281 223 70 153 56 97 58 473 449 416
is_linear=0
shrinkage=0.05


Tree=513
num_leaves=15
num_cat=0
split_feature=14 9 13 13 0 7 6 4 14 0 13 3 9 1
split_gain=1.94438 2.39758 1.67891 1.31322 1.34655 1.14993 1.20457 1.38776 1.7303 1.54549 1.84481 1.45336 1.3624 1.68234
threshold=0.6981668640907871 0.88396761516098465 3.1517080845114083 3.0909836995657325 12.97344749778412 7.6500000000000012 0.54930614433405489 9.4775384262110389 3.1143248453633996 15.097653762633401 3.6685709561006159 13.511894145416049 -0.10018710789393852 14.087104320148036
decision_type=2 2 10 8 2 2 2 2 2 2 10 2 2 2
left_child=1 3 -2 -1 -5 6 7 8 9 10 -4 -9 -11 -14
right_child=2 -3 5 4 -6 -7 -8 11 -10 12 -12 -13 13 -15
leaf_value=0.0022769359282537537 -0.00025128671117382597 0.00020342206500440367 0.00013294358088181691 0.0010300939685658206 -8.0202868663803082e-05 0.003687601235423488 -0.00035713579529774722 0.0027584181967773127 -0.00056524194242761898 0.0022178311256939366 -0.00066599922294490192 -0.010155526495342971 0.00086203678282226193 -0.0063761859121557246
leaf_weight=48 274 49.186790466308594 54 31 103.04669761657715 24 26 77 74 35 36 24 21 31
leaf_count=48 274 29 54 31 98 24 26 77 74 35 36 24 21 31
internal_value=0.000912213 0.00485934 -0.000443131 0.00217886 -0.000378887 0.0016129 0.000923483 0.00169972 -0.000297619 0.00238764 -0.0021978 0.00661765 0.00710227 0.00188679
internal_weight=907.233 231.233 676 182.047 134.047 402 378 352 251 177 90 101 87 52
internal_count=882 206 676 177 129 402 378 352 251 177 90 101 87 52
is_linear=0
shrinkage=0.05


Tree=514
num_leaves=15
num_cat=0
split_feature=6 8 8 13 14 1 2 2 1 2 0 15 9 12
split_gain=0.896494 0.963802 1.21956 1.55347 1.76116 1.39263 2.26289 1.57298 1.31088 1.10962 1.38731 1.08423 1.70535 1.50768
threshold=4.4337841666032221 29.975000000000005 27.050000000000004 4.5806755450179688 0.57747096615578541 10.35830946619498 8.6864535028957413 10.031649736380759 15.807939224393884 12.145832516171296 14.490599584466304 -1.1770999999999998 0.70088257582277269 1.0000000180025095e-35
decision_type=2 10 8 10 2 2 2 2 2 2 2 2 2 10
left_child=1 2 3 4 5 -1 -7 -8 11 10 -3 12 -6 -13
right_child=-2 9 -4 -5 8 6 7 -9 -10 -11 -12 13 -14 -15
leaf_value=-0.00044934136171823427 -0.00023319062522211278 -0.00031336050564717555 0.00096787933805266577 -9.778980330036936e-05 -0.00021744990644715357 0.0008520198370398493 -0.00059468858472546684 0.019610265103810188 0.005071692118387228 1.1510309866791246e-05 -0.0094104736524706859 -0.00095540464729502181 -0.00014383616069466756 0.00014825652980959283
leaf_weight=34.046697616577148 38 59 29 21.046697616577148 38 55.046697616577148 26 24 46 117 26 74 20.046697616577148 293
leaf_count=29 38 59 29 16 38 50 26 24 46 117 26 74 15 293
internal_value=-0.000277412 5.79249e-05 0.000983081 0.000514089 0.000983682 0.0059056 0.00873358 0.000980392 -0.000479121 -0.00295567 -0.00726744 -0.00135236 -0.00764086 -0.000339674
internal_weight=900.187 862.187 660.187 631.187 610.14 139.093 105.047 50 471.047 202 85 425.047 58.0467 367
internal_count=880 842 640 611 595 129 100 50 466 202 85 420 53 367
is_linear=0
shrinkage=0.05


Tree=515
num_leaves=15
num_cat=0
split_feature=3 9 3 8 15 2 9 13 1 4 1 4 15 2
split_gain=1.11985 1.88619 1.7602 1.75945 1.62083 1.6093 0.930847 0.876141 0.98056 1.48318 1.36671 1.01048 1.69412 1.30209
threshold=7.0237422035941366 0.9263445426916056 6.037845287148639 19.900000000000002 0.67486000000000013 10.47896003373676 -0.26092512978024823 4.2517113222717953 15.408170775064473 10.939687849693472 15.807939224393884 7.4487527704044743 -0.83455499999999994 11.374111380597908
decision_type=2 2 2 10 2 2 2 10 2 2 2 2 2 2
left_child=1 2 3 4 5 -1 -5 8 9 11 -10 12 -2 -13
right_child=7 -3 -4 6 -6 -7 -8 -9 10 -11 -12 13 -14 -15
leaf_value=0.00025037169495971124 -0.00033991158193682482 0.00028079039148299348 0.00099004938366806803 0.0024739088357186249 -0.00036042621434757615 -0.00012551184063864859 -1.4190431530869408e-05 0.00043125718125707206 -0.014649423427772269 0.0011692448381619648 -0.00025211946952481413 0.00011420792045568895 0.00030136429582896531 -0.00092035483097854256
leaf_weight=54 52 36.140092849731445 21 37 26.046697616577148 35.046697616577148 45 75 36 63 73 62 198 89
leaf_count=54 52 21 21 37 21 30 45 75 36 63 73 62 198 89
internal_value=0.000333433 0.00313896 0.00135862 -0.00013799 -0.00411165 -0.000845866 0.00542169 -0.000770416 -0.00143728 -0.000430108 -0.00568182 -0.00155473 0.000398406 -0.00476974
internal_weight=902.233 254.233 218.093 197.093 115.093 89.0467 82 648 573 464 109 401 250 151
internal_count=877 229 208 187 105 84 82 648 573 464 109 401 250 151
is_linear=0
shrinkage=0.05


Tree=516
num_leaves=15
num_cat=0
split_feature=8 13 7 16 2 2 3 8 16 13 3 3 0 3
split_gain=1.67435 1.26832 2.59084 1.23236 1.00953 0.969477 1.25032 2.07533 1.70175 1.20157 1.04065 0.969697 1.6515 1.10459
threshold=9.7500000000000018 3.8967886388235606 6.2500000000000009 -0.33242999999999995 12.510880327016482 7.1829388544009367 2.955398322020264 19.499000000000006 0.10701500000000001 3.6189481685919693 11.760196225864386 10.37656432233632 15.228592231224935 8.4730319460816848
decision_type=10 8 2 2 2 2 2 10 2 10 2 2 2 2
left_child=4 5 3 -3 -1 -2 7 -7 -8 10 11 12 13 -10
right_child=1 2 -4 -5 -6 6 8 -9 9 -11 -12 -13 -14 -15
leaf_value=0.00042420342870771273 0.00076017221696872417 -0.00024542568052907668 5.9987797537330861e-05 -0.0012872158426596469 -0.00047437948573676448 -0.00016161837519264736 -0.00012072353927361501 0.00012586509979640726 -8.9731755757560549e-05 0.0023081609818192961 0.0019609570900666284 -0.00094165374372838788 -0.021470242510488326 0.006817178543537983
leaf_weight=154.04669761657715 47 24 100 55.046697616577148 39 39.093395233154297 253 37 23 28 26 20 22 31
leaf_count=149 47 24 100 50 39 29 253 37 23 28 26 20 22 31
internal_value=-0.000113808 -0.00124409 -0.00486633 -0.0115703 0.0039999 -4.42973e-06 -0.000681815 -0.00651593 0.000433168 0.00463576 0.00243902 0 0.0025974 0.00727273
internal_weight=898.187 705.14 179.047 79.0467 193.047 526.093 479.093 76.0934 403 150 122 96 76 54
internal_count=878 690 174 74 188 516 469 66 403 150 122 96 76 54
is_linear=0
shrinkage=0.05


Tree=517
num_leaves=15
num_cat=0
split_feature=1 1 10 2 16 2 13 8 10 13 3 8 13 16
split_gain=1.84553 1.20514 1.59536 1.23658 1.87134 1.00108 0.892947 0.800828 0.741534 1.45485 0.966531 1.87959 0.889098 0.723235
threshold=10.941699801900848 12.599490740942857 0.70090259214882411 11.210599421575576 0.10701500000000001 10.381818389358836 3.3729849076154497 14.950000000000001 -0.95753489942155756 4.132807638542527 11.431447469060666 13.950000000000001 4.6019046630023537 0.10701500000000001
decision_type=2 2 2 2 2 2 10 10 2 8 2 10 8 2
left_child=7 2 3 4 -2 -4 -6 -1 9 10 11 -3 13 -10
right_child=1 8 5 -5 6 -7 -8 -9 12 -11 -12 -13 -14 -15
leaf_value=0.00047192403512665926 0.00040549023848671654 -0.00072227622372054165 -4.167710126711799e-05 -0.00062172135597885825 -0.00043335828848107828 0.016751539012020845 -0.0055370748598376424 6.1642510043879992e-05 -3.9538723702464695e-05 -0.0088583310335446971 -0.00050460138883421377 0.0048596681781196693 0.0043819541392561062 0.00038358717413020663
leaf_weight=43.093395233154297 39 22 21 39.046697616577148 26 20 22.046697616577148 32 317 24 24 26 32 202
leaf_count=33 39 22 21 34 26 20 17 32 317 24 24 26 32 202
internal_value=0.00014042 -0.000554949 -0.00432697 -0.00709978 -0.00370448 0.00416667 -0.0102182 0.00758719 0.000424383 -0.00360825 0 0.00408163 0.00113225 0.000625
internal_weight=889.187 814.093 167.093 126.093 87.0467 41 48.0467 75.0934 647 96 72 48 551 519
internal_count=869 804 157 116 82 41 43 65 647 96 72 48 551 519
is_linear=0
shrinkage=0.05


Tree=518
num_leaves=15
num_cat=0
split_feature=6 10 1 3 7 0 12 0 10 1 14 0 10 1
split_gain=0.537951 0.714047 0.657348 1.03901 1.02826 1.68196 0.812838 1.31032 2.79733 1.22259 1.5346 1.2989 1.0322 1.15679
threshold=5.3311878280293756 0.98423681049918421 15.191454966876789 7.3140645629450898 7.3500000000000005 15.4393774336926 1.5000000000000002 12.894777939625641 -0.38469719700095517 14.491408681122889 3.7011708261928997 15.798925266415003 -0.9025766923884776 12.399207883348884
decision_type=2 2 2 2 2 2 10 2 2 2 2 2 2 2
left_child=1 2 6 -4 5 -5 7 8 -1 11 -11 12 -8 -14
right_child=-2 -3 3 4 -6 -7 9 -9 -10 10 -12 -13 13 -15
leaf_value=0.003366411516733947 -0.00020716379812906195 -0.00060559710271255182 0.003217552142103064 -0.010902821576363176 0.0057702337154329044 0.00027857501179342494 -0.00091657401265723417 0.00044558359182043201 -0.0070297928908774595 -0.0099113648724717621 0.0031846094527493208 0.00037947839180400015 0.00036764476925841357 -0.00022922406559341415
leaf_weight=29 37 38 21 20 27 92 32 300.04669761657715 35 28 20 33 67.046697616577148 85
leaf_count=29 37 38 21 20 27 92 32 295 35 28 20 33 62 85
internal_value=0.00121644 0.00148212 0.00180654 0.00465839 0.00303571 0.000884956 0.00107498 0.0026056 -0.00384615 -0.00102927 -0.00816327 0.000578626 -0.0010745 0.000661023
internal_weight=864.093 827.093 789.093 160 139 112 629.093 364.047 64 265.047 48 217.047 184.047 152.047
internal_count=854 817 779 160 139 112 619 359 64 260 48 212 179 147
is_linear=0
shrinkage=0.05


Tree=519
num_leaves=15
num_cat=0
split_feature=8 16 9 7 1 2 9 10 0 1 2 8 0 14
split_gain=1.06018 0.971246 0.827994 2.92579 1.34097 1.67834 1.20407 1.05689 0.849489 1.28384 1.19688 0.982487 0.973659 1.03653
threshold=44.050000000000004 1.0000000180025095e-35 0.91613344851476464 5.8500000000000005 14.628400124745362 11.12876426794827 0.37662760538417256 -0.12186470299397914 13.967506422254475 12.538991975982244 12.481459742825974 20.950000000000003 13.211290060426384 2.6884554368297269
decision_type=10 2 2 2 2 2 2 2 2 2 2 10 2 2
left_child=2 -2 6 7 5 -5 8 -4 10 -10 12 -11 13 -1
right_child=1 -3 3 4 -6 -7 -8 -9 9 11 -12 -13 -14 -15
leaf_value=0.00020034455537677466 0.00055453358746917483 -0.0036406950526730766 0.00041241072280924778 0.00019010556561860348 0.0054817220296612627 -0.0040433534302907973 -0.00022454750001259395 0.00049926238656774482 0.0040532114241283333 2.3840832204546915e-05 0.0018868277547248514 0.00073390551072731187 -0.00022866854077698842 -0.0088148212475168304
leaf_weight=62 30 41 26.140092849731445 24 21 21 221.04669761657715 30 30 217 29 97 30 21
leaf_count=62 30 41 11 24 21 21 216 30 30 217 29 97 30 21
internal_value=0.000612897 -0.00520833 0.00111702 0.00490094 -0.00223881 -0.00706522 0.00045736 0.0131869 0.00184805 0.00318841 -0.0013986 0.00222222 -0.00372807 -0.000892857
internal_weight=900.187 71 829.187 122.14 66 45 707.047 56.1401 486 344 142 314 113 83
internal_count=880 71 809 107 66 45 702 41 486 344 142 314 113 83
is_linear=0
shrinkage=0.05


Tree=520
num_leaves=15
num_cat=0
split_feature=8 7 7 9 15 13 13 14 15 1 1 1 16 14
split_gain=1.03655 1.04406 0.894596 0.904673 1.01398 1.81075 2.05848 1.79839 1.12555 1.13951 1.05018 1.76588 1.0455 1.01602
threshold=11.500000000000002 7.6500000000000012 4.8500000000000005 0.9879684941784509 -0.83455499999999994 3.999297778463514 3.5854431883692963 1.0497485384633547 -0.56013499999999994 11.780275221658769 14.762025559384943 15.399805717441067 1.0000000180025095e-35 2.9208133094535964
decision_type=10 2 2 2 2 8 10 2 2 2 2 2 2 2
left_child=-1 2 -2 4 7 6 8 -4 -6 -10 13 -12 -8 -11
right_child=1 -3 3 -5 5 -7 12 -9 9 10 11 -13 -14 -15
leaf_value=0.00024610776893426394 -0.00049372291582719938 0.0030512450073021391 -0.00057280642080721744 0.0017684679092467626 0.0012777584975996793 -0.0084305352740673637 5.8545779988428139e-07 -0.00015706126267404086 0.017430104835234061 -0.00018252551397984762 0.0030883248617394445 -0.0018170568312069646 0.00027393662181377345 -0.0086056397195964588
leaf_weight=276.04669761657715 27 28 28.046697616577148 20 21 22 28 145 20 97 30 31 39.046697616577148 55
leaf_count=271 27 28 23 20 21 22 28 145 20 97 30 31 34 55
internal_value=0.000548491 -0.000633346 -0.00110797 -0.000651656 -0.00106364 0.000512045 0.00147857 -0.00417226 -0.000588235 -0.00160256 -0.00268692 0.00282258 0.00920203 -0.00490196
internal_weight=867.14 591.093 563.093 536.093 516.093 343.047 321.047 173.047 254 233 213 61 67.0467 152
internal_count=852 581 553 526 506 338 316 168 254 233 213 61 62 152
is_linear=0
shrinkage=0.05


Tree=521
num_leaves=15
num_cat=0
split_feature=1 9 3 1 2 1 7 2 7 4 0 2 0 0
split_gain=1.01776 1.78659 1.58946 1.03672 2.14094 1.71921 1.35902 0.948085 1.26778 2.15534 1.1548 0.883772 0.697479 0.883081
threshold=10.941699801900848 0.70088257582277269 6.037845287148639 12.116287536430383 11.274353281260124 12.296305439178973 6.3500000000000005 10.668396338873968 5.1500000000000012 6.3692055989493914 13.041378880533072 10.86988736148618 13.574106775453194 13.902803250117413
decision_type=2 2 2 2 2 2 2 2 2 2 2 2 2 2
left_child=1 2 -1 4 6 -5 -2 8 -7 -10 -9 -12 -13 -14
right_child=3 -3 -4 5 -6 7 -8 10 9 -11 11 12 13 -15
leaf_value=-0.0065323571275635595 0.00045751343394001553 0.00039715223320812166 0.00092890918143670453 0.0001156090973462114 -0.001027211645037237 -0.00034526293654779661 -0.00089061892826411979 0.00094791025257494614 0.00095258032364154983 -0.0088865347213789025 0.0039694288161871817 -0.0035034187898962512 0.0038906423378194835 0.00011017024946090581
leaf_weight=33 47 28.093395233154297 26 34.093395233154297 24.046697616577148 35 20 28 52 23 20 27 20 505
leaf_count=33 47 18 26 24 19 35 20 28 52 23 20 27 20 505
internal_value=0.00200762 0.00712125 0.00208333 0.00146646 -0.0035435 0.00208341 0.00110294 0.00154712 -0.0027027 0.000986842 0.00232945 0.00183246 0.00144665 0.00185361
internal_weight=922.233 87.0934 59 835.14 91.0467 744.093 67 710 110 75 600 572 552 525
internal_count=897 77 59 820 86 734 67 710 110 75 600 572 552 525
is_linear=0
shrinkage=0.05


Tree=522
num_leaves=15
num_cat=0
split_feature=1 5 7 7 4 0 0 8 8 14 1 15 12 16
split_gain=1.92725 1.27471 1.28819 1.25991 1.19827 1.10417 1.10947 1.04074 1.00867 0.882512 1.35164 1.88202 1.41279 1.15484
threshold=9.0110665152041367 4.7852994436231349 7.6500000000000012 7.0500000000000007 6.9401845139563836 16.608240043835483 15.500730383620985 13.050000000000002 17.850000000000005 0.6173310126210505 14.84498738849017 -1.3378349999999999 1.0000000180025095e-35 0.78996500000000014
decision_type=2 2 2 2 2 2 2 8 10 2 2 2 10 2
left_child=-1 2 3 9 -5 6 7 -3 -9 13 11 -11 -13 -2
right_child=1 5 -4 4 -6 -7 -8 8 -10 10 -12 12 -14 -15
leaf_value=0.00035778485272477213 -1.9301861346769453e-05 -4.2739006049874467e-05 0.0088375570019483714 3.3682165400505948e-05 -0.014451376815136731 -0.00048947135310464243 0.0016755183890972527 0.005769763147901852 0.00023466517410111189 -0.00085084108557187399 -0.00041167061303809538 -0.0029330387125135805 0.00054886970208363201 -0.00056031003709365872
leaf_weight=35.093395233154297 121.04669761657715 38 26 20 34 32 54 20 26 26 99 54 242 35
leaf_count=25 116 38 26 20 34 32 54 20 26 26 99 54 242 35
internal_value=0.00191298 0.00141759 0.000416129 -4.14011e-05 -0.00727273 0.00526316 0.00719424 0.00352941 0.00851064 0.000646717 0.00183649 0.00340557 0.00454545 -0.00255445
internal_weight=862.14 827.047 657.047 631.047 54 170 138 84 46 577.047 421 322 296 156.047
internal_count=847 822 652 626 54 170 138 84 46 572 421 322 296 151
is_linear=0
shrinkage=0.05


Tree=523
num_leaves=15
num_cat=0
split_feature=9 13 13 0 10 13 15 14 13 0 11 14 10 9
split_gain=1.96859 1.28498 1.13695 1.61788 1.01961 2.37183 0.965223 1.1229 2.13759 1.47397 2.16263 1.81924 1.45752 1.6003
threshold=0.74311652879956314 4.5806755450179688 3.4968108626794572 14.784937982753648 -0.13917177613245105 4.0376906890827202 1.0381650000000002 3.9291655750132652 2.4670511503686972 15.837749150289197 1.0000000180025095e-35 2.9560257801180323 -0.95753489942155756 0.63605400036818838
decision_type=2 10 8 2 2 8 2 2 8 2 2 2 2 2
left_child=1 6 3 -2 -4 -6 7 8 -1 11 -11 -10 -9 -14
right_child=2 -3 4 -5 5 -7 -8 12 9 10 -12 -13 13 -15
leaf_value=0.0017566569431290537 -0.00098905314981681536 -0.00079437893499808773 0.00032916348886803838 0.0012761804659623623 -0.00011356562630575093 0.010659955142655698 -0.00034563540788388195 -0.0049937205617508699 -8.6902022966267589e-05 0.0061270194619138189 -0.0013259866471468928 0.00060089604194361055 0.00055808685998015584 -0.001270132674516944
leaf_weight=27 55 29.046697616577148 45.093395233154297 51 37.046697616577148 20 78 32 217 53 29 56 136 20
leaf_count=27 55 24 35 51 32 20 78 32 217 53 29 56 136 20
internal_value=0.00223128 0.000920044 0.00647175 0.00280374 0.0102143 0.00561905 0.00138675 0.00210158 0.00365535 0.00259831 0.00843373 0.000821168 -0.0010582 0.000955414
internal_weight=885.187 677.047 208.14 106 102.14 57.0467 648 570 382 355 82 273 188 156
internal_count=865 672 193 106 87 52 648 570 382 355 82 273 188 156
is_linear=0
shrinkage=0.05


Tree=524
num_leaves=15
num_cat=0
split_feature=1 3 10 13 1 1 1 2 9 3 10 1 1 7
split_gain=1.35055 1.68829 1.19028 1.23893 1.07534 1.18405 1.0864 0.991156 1.15818 1.84166 1.03124 0.995671 1.29968 1.11361
threshold=11.608527579552712 10.591301781063764 -0.41865575219846923 3.7266031251534857 12.116287536430383 12.296305439178973 13.569070804978013 13.702597442901075 0.70088257582277269 8.3954203837979247 -0.95753489942155756 16.308809911538841 15.807939224393884 6.8500000000000005
decision_type=2 2 2 8 2 2 2 2 2 2 2 2 2 2
left_child=1 2 -1 -4 -2 -6 -7 8 -8 -10 -9 12 13 -12
right_child=4 -3 3 -5 5 6 7 10 9 -11 11 -13 -14 -15
leaf_value=4.6799709225719965e-06 -0.00079152213349331429 -0.0047440345336633221 0.00077206618680680794 0.00034299139209735638 6.4814646082210147e-06 -0.00025140773248234495 0.00053018251698113696 -0.00047815833540880708 -0.0047404565045938265 6.7012746418670946e-05 -0.009236400949296647 -0.0012066260407911145 0.0050639339763793208 0.0028887625044753396
leaf_weight=38 54.046697616577148 20 33 35.093395233154297 26.046697616577148 193 252 20 23 67 45 32 27 32
leaf_count=38 49 20 33 25 21 193 252 20 23 67 45 32 27 32
internal_value=0.00114379 0.00591954 0.00842568 0.012336 0.000356175 0.000872043 0.000469653 0.00170341 0.003207 -0.00164835 -0.00159236 0 0.00238095 -0.000961538
internal_weight=897.187 126.093 106.093 68.0934 771.093 717.047 691 498 342 90 156 136 104 77
internal_count=877 116 96 58 761 712 691 498 342 90 156 136 104 77
is_linear=0
shrinkage=0.05


Tree=525
num_leaves=15
num_cat=0
split_feature=10 7 2 2 3 2 0 15 9 12 4 5 3 3
split_gain=1.46012 0.935488 1.68538 1.25599 1.26688 1.33969 1.2775 0.775026 2.74446 0.973676 0.773519 0.773225 0.877619 0.637682
threshold=-0.97533303595258414 6.8500000000000005 7.9277271140429937 10.421213369454444 10.799053961497696 12.709101526205261 16.389731277258996 -1.1770999999999998 -0.51689582539650059 1.5000000000000002 8.3098413955239074 7.3218127994673532 12.853949410011262 12.923004250525771
decision_type=2 2 2 2 2 2 2 2 2 10 2 2 2 2
left_child=-1 2 -2 -3 10 -6 11 8 -4 -10 -5 12 -7 -9
right_child=1 3 7 4 5 6 -8 13 9 -11 -12 -13 -14 -15
leaf_value=-0.00027043240179148721 0.00022781341316493835 -0.00035765607335093988 -0.0018042672171073139 0.00018590270166370939 -0.00097293725419427273 0.036522136882077706 -0.00032387880305750905 1.7710894666805865e-05 0.008023884420764028 -0.00016241163417628492 0.0052066594334103655 0.0053243959833519268 -0.00020963885409289729 0.0031666152498937674
leaf_weight=47 87.093395233154297 29 27 20 24 20 23 422 28 27 20 23 29 37
leaf_count=47 77 29 27 20 24 20 23 422 28 27 20 23 29 37
internal_value=0.00170969 0.00220579 0.00127538 0.00529101 0.00703125 0.004375 0.00703125 0.000230627 -0.00421687 0.00223214 0.0146341 0.010274 0.0065 0.00103261
internal_weight=863.093 816.093 628.093 188 159 119 95 541 82 55 40 72 49 459
internal_count=853 806 618 188 159 119 95 541 82 55 40 72 49 459
is_linear=0
shrinkage=0.05


Tree=526
num_leaves=15
num_cat=0
split_feature=10 1 2 2 2 1 1 8 1 15 7 16 10 1
split_gain=1.21029 1.18833 1.09981 1.07941 1.03747 1.32503 0.990476 0.906738 1.05812 0.997179 1.37881 1.27926 1.48845 0.994149
threshold=0.83025359242879293 12.235778900783295 8.1729710232723694 11.374111380597908 13.062410028312842 14.465425104264854 15.430374933573537 41.20000000000001 15.36386560437135 0.70259000000000016 6.1500000000000012 0.10701500000000001 -0.70710678118654757 14.266843277870551
decision_type=2 2 2 2 2 2 2 10 2 2 2 2 2 2
left_child=1 3 -3 -1 5 -2 -6 9 -9 11 13 -4 -13 -11
right_child=4 2 7 -5 6 -7 -8 8 -10 10 -12 12 -14 -15
leaf_value=-9.2036328296540856e-05 -0.0002053860214305875 0.00020459862960458161 0.00017662914206691973 -0.00046562706694954327 0.00079480989283489125 -0.0023326490471405003 -0.00047513754639902931 -0.0025964959253522938 0.00083633886592844326 -0.0037982025361299023 0.0010098784277126961 2.1764373969679341e-05 0.0029168305119887886 -0.00058371107283787809
leaf_weight=121 96.046697616577148 25.046697616577148 295 24.046697616577148 24 30 20 33 20 30 23 50 78 21
leaf_count=121 91 20 295 19 24 30 20 33 20 30 23 50 78 21
internal_value=0.000559769 0.00145612 0.00247578 -0.00257567 -0.00322232 -0.00551897 0.00333333 0.00199637 -0.00416667 0.00266064 -0.00266667 0.0035967 0.00775194 -0.00721154
internal_weight=890.14 720.093 575.047 145.047 170.047 126.047 44 550 53 497 74 423 128 51
internal_count=875 710 570 140 165 121 44 550 53 497 74 423 128 51
is_linear=0
shrinkage=0.05


Tree=527
num_leaves=15
num_cat=0
split_feature=2 15 15 4 7 2 2 2 3 8 0 0 0 13
split_gain=1.80714 0.928765 2.34621 2.09903 2.01179 1.59033 1.32103 1.27186 1.25762 1.47852 1.24777 0.869846 1.55846 1.41033
threshold=8.4078804299200822 -0.83455499999999994 -0.63385499999999995 4.2403942547612195 5.6500000000000012 9.3903459918807766 14.176428127062414 12.457253329604793 9.8221806039149495 16.250000000000004 15.009232588052667 11.375040743560087 13.087248067100068 3.7109553227416177
decision_type=2 2 2 2 2 2 2 2 2 10 2 2 2 8
left_child=11 3 -3 4 -2 -4 7 8 -5 -10 -9 -1 -13 -14
right_child=1 2 5 6 -6 -7 -8 10 9 -11 -12 12 13 -15
leaf_value=0.00026982245690024249 -2.0455688222120738e-05 0.011136515384870361 -0.0040866114634359411 0.0003505150384885192 -0.00075223702980196277 9.0418550221522926e-05 -0.0013436002952061711 0.01772582715716018 5.4989290597151633e-05 -0.0014265876777298737 0.00030960334468226329 -0.0017578557584685683 0.00020346051314765404 -0.0041620711207772223
leaf_weight=31.046697616577148 41 35 27 20 66.093395233154297 442.04669761657715 39 20 22 26 27 27 40.046697616577148 22
leaf_count=26 41 35 27 20 56 437 39 20 22 26 27 27 35 22
internal_value=0.000537293 -0.000360466 0.000893318 -0.0027751 -0.00811645 -5.07025e-05 0.000967742 0.00366379 -0.000724638 -0.00510204 0.00989583 0.00621285 0.0036222 0.00794915
internal_weight=885.233 765.14 504.047 261.093 107.093 469.047 154 115 68 48 47 120.093 89.0467 62.0467
internal_count=860 750 499 251 97 464 154 115 68 48 47 110 84 57
is_linear=0
shrinkage=0.05


Tree=528
num_leaves=15
num_cat=0
split_feature=14 13 13 10 10 10 7 3 3 8 13 15 2 7
split_gain=1.91647 1.18033 2.12002 1.41508 0.793105 0.752876 0.724125 0.582287 1.07059 0.756135 1.01321 1.27365 1.08024 1.8234
threshold=0.54189347659399623 3.512756907847097 3.2555640719596006 -0.16719855485485105 0.70090259214882411 -0.98868868691483869 5.4500000000000011 7.0237422035941366 7.8083249491672957 23.250000000000004 3.0186624058275657 -1.1641199999999998 12.457253329604793 6.9500000000000011
decision_type=2 8 10 2 2 2 2 2 2 10 8 2 2 2
left_child=1 2 6 -3 -5 -2 -1 -7 -9 -10 -11 -12 -13 -14
right_child=5 3 -4 4 -6 7 -8 8 9 10 11 12 13 -15
leaf_value=0.0090955692083218975 -0.00030375404935865106 0.00025163622615627103 -0.001197332229824144 -0.00028197522259395538 0.00027997446045269214 0.00049390009580541072 -0.00026408603422307112 -0.0094596635378265681 0.00010932457314720701 0.0002003496386364212 0.0029076557715003839 -0.019520101752194235 0.0039782069302015449 -0.0022086975009822929
leaf_weight=43 39 54.140092849731445 23 20 22 62 25 22 380 73 29 35 34 32
leaf_count=43 39 39 23 20 22 62 25 22 380 73 29 35 34 32
internal_value=0.000982511 0.00546668 0.0013587 0.00930102 0.00232558 -0.000212164 0.0057971 0.000187126 -0.000288779 0.000128425 -0.00232843 -0.00496183 -0.00759804 -0.00373134
internal_weight=893.14 187.14 91 96.1401 42 706 68 667 605 583 203 130 101 66
internal_count=878 172 91 81 42 706 68 667 605 583 203 130 101 66
is_linear=0
shrinkage=0.05


Tree=529
num_leaves=15
num_cat=0
split_feature=1 1 10 7 13 15 2 10 8 8 1 2 1 13
split_gain=1.17533 1.13404 1.61299 1.25381 1.69727 1.31113 1.14604 0.919721 1.11779 0.895833 0.887241 1.06649 0.844063 1.14756
threshold=11.608527579552712 12.281341017959948 0.23766552919915279 5.3500000000000005 3.5008875692454517 -0.21015999999999999 10.327260108516565 0.52435624418390925 14.950000000000001 18.050000000000004 16.308809911538841 15.011680278712262 13.11862387723953 2.42247150652855
decision_type=2 2 2 2 10 2 2 2 10 10 2 2 2 8
left_child=7 2 -2 4 5 -3 -5 8 -1 -7 11 12 -8 -14
right_child=1 3 -4 6 -6 9 10 -9 -10 -11 -12 -13 13 -15
leaf_value=0.00029791637776918796 2.6004242620580877e-05 1.2424328960713994e-05 -0.00042023770086334068 0.00034656343025815791 0.00019922573910636788 -0.0027006245144697849 0.0020173037509671312 0.00097002131527815227 -0.00017580138737825768 -0.00043565764553203938 -0.0014053733657264811 0.005313495224796694 0.00089939892187591581 -3.2970667333576119e-05
leaf_weight=35.046697616577148 42 20 35.093395233154297 48.046697616577148 47 27 51 36 43 26 33 21 30 369
leaf_count=30 42 20 25 43 47 27 51 36 43 26 33 21 30 369
internal_value=0.000954655 0.000231733 -0.0054721 0.000893203 -0.00371901 -0.00844595 0.00190068 0.00566003 0.00254492 -0.0125 0.00118812 0.00174788 0.00121951 0.0004375
internal_weight=863.187 749.14 77.0934 672.047 120 73 552.047 114.047 78.0467 53 504 471 450 399
internal_count=843 734 67 667 120 73 547 109 73 53 504 471 450 399
is_linear=0
shrinkage=0.05


Tree=530
num_leaves=15
num_cat=0
split_feature=0 13 2 10 0 13 1 4 0 0 13 9 4 12
split_gain=0.857969 2.15209 1.14475 1.0846 1.07547 1.18147 2.00966 1.58179 0.98162 1.11152 0.919599 0.946663 1.46002 1.1578
threshold=12.754631328093431 3.788317152097517 14.110151325033904 -0.38469719700095517 15.313801470356928 3.8929717452605272 12.339994544195413 5.8943942965237666 14.056190221390397 13.175294908959181 4.4876448421191251 0.26092512978024796 10.118160260165144 2.5000000000000004
decision_type=2 8 2 2 2 8 2 2 2 2 10 2 2 10
left_child=1 3 4 -1 5 6 8 -7 9 -2 11 13 -13 -6
right_child=2 -3 -4 -5 10 7 -8 -9 -10 -11 -12 12 -14 -15
leaf_value=0.00059046405657689482 -0.00078727753067315838 0.00028614039073311697 0.00064507942475664501 -0.0057192886350552032 0.00069456170499986318 -0.0018001149154897569 -0.0002023589253576208 5.7060589213209228e-05 0.0001670238727778926 0.0023453007676524809 -0.00036719819435904189 -0.00037039606391511273 0.00052417543438891827 0.0023148522540795027
leaf_weight=39 21 47.093395233154297 99 42 120 50.046697616577148 245 21 22.046697616577148 21 32 87 24 26
leaf_count=39 21 37 99 42 120 45 245 21 17 21 32 87 24 26
internal_value=0.000894279 0.00466588 0.000260046 -0.000304878 -0.000485007 -0.00223042 -0.000883198 -0.00799714 0.00693605 0.00232558 0.00181034 0.00281008 -0.000669643 0.00544218
internal_weight=896.187 128.093 768.093 81 669.093 380.093 309.047 71.0467 64.0467 42 289 257 111 146
internal_count=876 118 758 81 659 370 304 66 59 42 289 257 111 146
is_linear=0
shrinkage=0.05


Tree=531
num_leaves=15
num_cat=0
split_feature=0 10 1 3 15 1 5 5 8 10 9 7 15 15
split_gain=1.22809 0.933426 1.55682 1.75115 1.96323 1.55568 1.37869 2.75727 1.45953 0.964509 1.23251 1.46257 1.47104 0.845861
threshold=11.473377350654021 -0.061027619725079495 16.308809911538841 13.588352058178069 -1.2619349999999996 16.233938958201318 4.7852994436231349 7.0341670346143408 44.050000000000004 -0.47715421805211583 -0.55193173126975836 6.2500000000000009 -0.63385499999999995 -0.30803999999999992
decision_type=2 2 2 2 2 2 2 2 10 2 2 2 2 2
left_child=-1 5 3 4 -3 6 8 -8 9 10 -2 -12 -13 -11
right_child=1 2 -4 -5 -6 -7 7 -9 -10 13 11 12 -14 -15
leaf_value=0.00026036786391132969 0.0052173860493145378 -0.00035074409456687641 -0.0027007608769312966 0.0040341278146248443 0.00021507624389142263 0.001858695295145918 0.0011408615744735507 -0.00060493051127097353 -0.0158231444593116 -0.0032478472233323122 -0.00071168521685580641 -0.0029489356774553333 0.0060806272392140764 -0.0012886248496497444
leaf_weight=58.046697616577148 45 47.046697616577148 22 26 334.04669761657715 27 23 40 23 20 130 26 34 33
leaf_count=53 45 42 22 26 329 27 23 40 23 20 130 26 34 33
internal_value=0.000673496 0.000177676 0.00179651 0.00250596 0.00162961 -0.00155473 -0.0024 0.00429688 -0.00376603 -0.00276817 -0.00137712 -0.00314136 0.00327869 -0.0087963
internal_weight=888.14 830.093 429.093 407.093 381.093 401 374 63 311 288 235 190 60 53
internal_count=873 820 419 397 371 401 374 63 311 288 235 190 60 53
is_linear=0
shrinkage=0.05


Tree=532
num_leaves=15
num_cat=0
split_feature=14 7 16 8 8 9 3 13 3 10 9 9 7 13
split_gain=1.41289 3.58887 1.04825 1.40072 1.80648 0.951207 1.40333 0.915273 0.880465 0.859103 1.88678 1.0372 0.840356 1.36588
threshold=0.49302220331869934 5.1500000000000012 0.10701500000000001 12.350000000000003 20.950000000000003 0.65275975246272278 5.9387842892790692 3.0790922744843354 10.411838268477036 -0.061027619725079495 0.25671049665402418 0.25881904510252091 6.5500000000000007 2.7602839994478576
decision_type=2 2 2 8 10 2 2 8 2 2 2 2 2 10
left_child=1 7 12 9 -5 6 -3 -1 -6 11 -11 -4 -2 -14
right_child=2 5 3 4 8 -7 -8 -9 -10 10 -12 -13 13 -15
leaf_value=0.0010981082803438514 -0.00012119576168722314 5.6470477571501923e-05 -7.7049982944887851e-05 0.0032411236856788594 0.0019605901388083159 0.00034663003797499235 0.00089645941778301874 -0.00072801853670692585 -0.0012630234360203607 -0.0063551893214158555 0.0098500958119663203 -0.0045619661670013301 -0.00099396647239859983 0.00051878379902987046
leaf_weight=23 253.04669761657715 49 23 66 34 34.093395233154297 20 47 40 29 28 20 34 167
leaf_count=23 248 49 23 66 34 24 20 47 40 29 28 20 34 167
internal_value=0.00187316 0.00590106 0.000861572 0.00352697 0.00673759 0.0117907 0.00821429 -0.0028169 0.00133333 -0.000990099 0.00301724 -0.00625 -0.00055196 0.00185644
internal_weight=867.14 173.093 694.047 240 140 103.093 69 70 74 100 57 43 454.047 201
internal_count=852 163 689 240 140 93 69 70 74 100 57 43 449 201
is_linear=0
shrinkage=0.05


Tree=533
num_leaves=15
num_cat=0
split_feature=1 10 14 1 10 2 0 13 13 1 3 9 4 7
split_gain=1.56929 1.0533 1.08637 0.748314 1.03954 0.706567 0.792208 1.24784 1.17568 1.21405 1.04167 0.910435 0.890195 1.35772
threshold=11.608527579552712 -0.76322520435950458 0.010715117459804567 12.068010918479471 0.23766552919915279 8.1729710232723694 12.99662366452964 3.2192265350867006 2.8209803817511827 13.667301604469792 12.151386016694602 -0.98139358276037814 11.002206928624593 6.6500000000000012
decision_type=2 2 2 2 2 2 2 10 8 2 2 2 2 2
left_child=1 -1 -3 4 -2 -5 7 -7 9 -8 -11 -10 -13 -14
right_child=3 2 -4 5 -6 6 8 -9 11 10 -12 12 13 -15
leaf_value=-0.00014231101439519112 -0.0001111153585436675 -0.0038194542614820139 0.00050341709882808323 0.00016613222514354176 -0.0019562722962246748 -0.00014316564436143154 -0.0004051439616346686 0.0028284823998495968 0.00067335969536594939 0.0018575501008053275 -3.7166167645974471e-05 -0.0001655417474203853 0.0023349576797665251 -0.00066224779880212918
leaf_weight=25 25 26 63.046697616577148 34.046697616577148 23.046697616577148 20 22 21 26 59 40 418.04669761657715 39 50
leaf_count=25 25 26 58 29 18 20 22 21 26 59 40 413 39 50
internal_value=0.000644484 0.00609463 0.00861961 -0.00016214 -0.00614042 0.000239695 -0.000109429 0.00654762 -0.000536095 0.00389344 0.00625 -0.00154699 -0.00201983 0.0025
internal_weight=891.187 114.047 89.0467 777.14 48.0467 729.093 695.047 41 654.047 121 99 533.047 507.047 89
internal_count=871 109 84 762 43 719 690 41 649 121 99 528 502 89
is_linear=0
shrinkage=0.05


Tree=534
num_leaves=15
num_cat=0
split_feature=0 3 2 13 3 16 1 8 13 3 9 1 1 13
split_gain=1.7273 2.08942 1.11961 1.4263 0.997906 1.72322 1.48641 1.45023 1.21979 1.11914 0.839619 0.745302 1.3645 1.30716
threshold=12.754631328093431 11.178132250829304 10.798838630635503 3.7266031251534857 13.704337059135613 1.0000000180025095e-35 16.198516813545215 8.9500000000000011 4.5696327016751104 12.469044565639642 0.87567323142345177 14.243552407174795 12.797903478544152 3.6918790522500609
decision_type=2 2 2 8 2 2 2 10 8 2 2 2 2 8
left_child=1 2 3 -1 5 7 -6 -2 -7 10 11 12 -9 -13
right_child=4 -3 -4 -5 6 8 -8 9 -10 -11 -12 13 -14 -15
leaf_value=-6.3245364715347477e-05 -0.00038627416855235852 -0.00024390817040480519 0.01232335573502066 0.00037441725059343613 0.0047029936737351457 0.00019690922153069526 -0.0025370012203895123 -0.00016018845633652967 -0.00055672557151827367 -0.012247523887136503 -0.0036379589611467093 -0.036675897729901298 0.0069943780558388239 6.7584129604336685e-05
leaf_weight=39 23 20 23 31.093395233154297 35 505.0933952331543 21 20 30.046697616577148 24 20 23 34 27
leaf_count=39 23 20 23 21 35 495 21 20 25 24 20 23 34 27
internal_value=0.00151349 0.00725138 0.0103869 0.00706584 0.000653658 0.000139764 0.00701754 -0.00421512 0.0015366 -0.00234899 -0.0004 0.00142857 0.00545455 -0.00294118
internal_weight=875.233 113.093 93.0934 70.0934 762.14 706.14 56 171 535.14 148 124 104 54 50
internal_count=850 103 83 60 747 691 56 171 520 148 124 104 54 50
is_linear=0
shrinkage=0.05


Tree=535
num_leaves=15
num_cat=0
split_feature=2 9 13 10 13 14 2 13 10 10 13 0 13 13
split_gain=1.95179 2.77952 1.41842 1.59582 1.45349 1.42904 1.12369 1.51328 1.41518 1.00919 1.0051 0.947981 2.05488 1.91741
threshold=10.746341140496785 0.70088257582277269 3.776547213639899 0.95172615796921589 3.6087657616108557 4.1126032545407769 11.469521479540292 4.3017043013746052 0.23766552919915279 0.85713466239780911 2.4559573733023732 15.313801470356928 3.4104915591470446 3.1448215088556646
decision_type=2 2 10 2 10 2 2 10 2 2 10 2 8 8
left_child=1 10 3 4 9 -5 -4 -8 -9 11 -1 12 -2 -13
right_child=2 -3 6 5 -6 -7 7 8 -10 -11 -12 13 -14 -15
leaf_value=0.001667723385928155 -4.035764450958102e-05 0.00035327721893999969 -0.00053579928696520409 0.00085592189190966119 0.0029914144863689707 0.0025770044149360685 -0.00045441076312511267 -0.00022461135821445489 0.0030419656099156533 -0.00075299986412313835 -0.00011857258764809143 -0.00095913927794668565 -0.0011928265361144858 0.0024274146938429554
leaf_weight=24 146 89.140092849731445 42.046697616577148 28 40 20 82 35 20 28 159 81 36.046697616577148 65
leaf_count=24 146 74 37 28 40 20 82 35 20 28 159 81 31 65
internal_value=0.000698666 0.00422312 -0.000844961 0.000671463 -0.00038073 0.00918367 -0.00458863 -0.00235507 0.00401786 -0.00140365 0.000679348 -0.000611364 -0.00301108 0.00238095
internal_weight=895.233 272.14 623.093 444.047 396.047 48 179.047 137 55 356.047 183 328.047 182.047 146
internal_count=870 257 613 439 391 48 174 137 55 351 183 323 177 146
is_linear=0
shrinkage=0.05


Tree=536
num_leaves=15
num_cat=0
split_feature=15 8 8 10 10 2 10 2 2 7 2 13 2 2
split_gain=1.15333 1.01147 1.65447 1.30142 1.28337 1.27409 1.01143 1.52661 2.73514 1.82705 1.405 2.45418 2.15434 1.37533
threshold=-0.83455499999999994 53.500000000000007 36.850000000000009 0.93200786928279833 0.32762316226846638 11.808748044302709 -0.76322520435950458 11.327456641317992 13.422861373318293 4.7500000000000009 9.3903459918807766 3.6780493283881963 7.3287099632352914 11.518526451329047
decision_type=2 10 10 2 2 2 2 2 2 2 2 8 2 2
left_child=1 2 3 4 -1 -6 -2 9 13 -8 12 -12 -11 -9
right_child=6 -3 -4 -5 5 -7 7 8 -10 10 11 -13 -14 -15
leaf_value=-7.3708142996048453e-05 -9.6565771256296182e-05 0.00171436915180323 -0.0077135131659735378 0.00038110375425620679 -0.00041843813584094839 -0.00013574819276749306 -0.00036794397729421894 -0.01713897863463577 0.001406254564203846 0.00037987109053268399 0.0027744670119702834 0.00094240537676994304 -0.0014151827799761209 -0.00021751148215827244
leaf_weight=155 141 21 35 23 33.093395233154297 27 33 22 89 37.046697616577148 86 31.046697616577148 32 146
leaf_count=155 141 21 35 23 23 27 33 22 89 32 86 26 32 146
internal_value=0.000191847 -0.00238004 -0.00320086 -0.00168275 -0.00290307 -0.00904083 0.00141942 0.00252012 -9.68992e-05 0.00557643 0.00749537 0.0108107 0.00180119 -0.00384615
internal_weight=911.187 294.093 273.093 238.093 215.093 60.0934 617.093 476.093 257 219.093 186.093 117.047 69.0467 168
internal_count=891 284 263 228 205 50 607 466 257 209 176 112 64 168
is_linear=0
shrinkage=0.05


Tree=537
num_leaves=15
num_cat=0
split_feature=2 1 9 8 5 7 13 3 7 2 8 9 1 1
split_gain=1.89842 3.92638 1.59669 1.04057 1.01093 1.42154 1.13141 2.053 1.42161 1.38895 0.994009 0.946669 0.934904 0.825716
threshold=11.12876426794827 12.555101602764983 0.97014794553715189 8.0500000000000025 5.3844529770182641 5.9500000000000011 3.0909836995657325 11.577764942470461 6.4500000000000011 12.328484596312721 21.950000000000003 0.054513334028100477 15.919905683545876 12.399207883348884
decision_type=2 2 2 8 2 2 10 2 2 2 10 2 2 2
left_child=2 -2 13 -3 5 -5 7 -7 -8 -10 -11 -12 -6 -1
right_child=1 3 -4 4 12 6 8 -9 9 10 11 -13 -14 -15
leaf_value=0.00022420718102090251 -0.00043780007935216776 -0.00036435950297785129 0.00055826170108717519 0.00020762590747422927 0.00093926938249140341 0.024808027274493539 -0.0054514623673052936 -0.010573338264644195 -0.029942593615656345 0.0028708121417070579 -0.0012789729545079843 0.00056578883793663166 -6.628078095973767e-05 -5.7613473689599459e-06
leaf_weight=147.04669761657715 53.093395233154297 75 23.046697616577148 142 74 23 32 40 20 20 29 22 29 154
leaf_count=142 43 75 18 142 74 23 32 40 20 20 29 22 29 154
internal_value=0.000197922 -0.00156641 0.00323702 -0.000197239 0.000752315 -0.000607903 -0.00347594 0.00195312 -0.00625 -0.00298913 0.000347222 -0.00336538 0.00504808 0.00223862
internal_weight=883.187 559.093 324.093 506 431 328 186 63 123 91 71 51 103 301.047
internal_count=863 549 314 506 431 328 186 63 123 91 71 51 103 296
is_linear=0
shrinkage=0.05


Tree=538
num_leaves=15
num_cat=0
split_feature=14 14 8 13 10 15 15 14 7 13 2 9 8 13
split_gain=1.35668 1.12337 0.793138 1.09228 0.879792 0.872011 1.05649 1.24257 0.792934 0.975711 1.61038 0.70555 0.617817 0.589384
threshold=0.058937518786439401 0.011789636016720442 7.9000000000000012 3.8967886388235606 0.75756498438404929 1.2809800000000002 0.82512500000000011 0.73482557226223499 6.8500000000000005 3.512756907847097 11.383653532053909 -0.99362489447423596 14.235000000000001 3.4542313369358211
decision_type=2 2 10 8 2 2 2 2 2 10 2 2 10 10
left_child=1 -1 3 13 5 6 7 12 9 -6 -11 -9 -4 -2
right_child=2 -3 4 -5 8 -7 -8 11 -10 10 -12 -13 -14 -15
leaf_value=-0.0016921608947666478 -0.00013964929166428996 0.00037062080755631625 -0.00017543258852117385 0.00017712593082902517 -0.00029139764504775288 0.00017649520160503584 -0.010027373036726428 0.00072025733740783699 0.000879186784643049 0.013188811625151587 -0.00016628439906163361 2.7342559355325594e-06 -0.0024840638387244682 -0.0033582864565013804
leaf_weight=37 61 38.046697616577148 34 33 62 41.046697616577148 20 20 35 27 28 404 39.046697616577148 20
leaf_count=37 61 33 34 33 62 36 20 20 35 27 28 404 34 20
internal_value=0.000528993 0.006919 -6.05992e-05 -0.00391304 0.000562514 -0.000357722 -0.000919159 -0.000454109 0.00392157 0.00190678 0.00669643 0.000588235 -0.00643064 -0.0070122
internal_weight=899.14 75.0467 824.093 114 710.093 558.093 517.047 497.047 152 117 55 424 73.0467 81
internal_count=884 70 814 114 700 548 512 492 152 117 55 424 68 81
is_linear=0
shrinkage=0.05


Tree=539
num_leaves=15
num_cat=0
split_feature=2 9 1 13 2 1 1 13 1 9 10 15 13 2
split_gain=1.17182 2.63379 2.42845 1.71945 1.18008 1.09806 1.49486 1.91278 1.19713 1.09528 1.15182 1.11244 1.17637 0.931726
threshold=10.746341140496785 0.86382728211298232 12.296305439178973 2.4559573733023732 9.3903459918807766 13.724504567118538 11.608527579552712 3.5239220528833521 10.35830946619498 0.86382728211298232 0.39670114248928356 1.0381650000000002 3.2891799922809661 9.3497612623335176
decision_type=2 2 2 10 2 2 2 10 2 2 2 2 10 2
left_child=1 3 -2 -1 -3 6 8 13 -5 11 -11 -4 -13 -8
right_child=2 4 9 5 -6 -7 7 -9 -10 10 -12 12 -14 -15
leaf_value=0.001638741347792383 -0.00026820771363274542 0.00011321463597264417 0.00022894134931548127 -0.00062485181585850711 0.0016828719315144507 0.0015323947147228068 -0.00091246174122856522 9.5617104640011174e-06 0.00087208146675111793 -0.00065066575751908666 -0.0051790259617368051 -0.0095433026995756631 0.0002093853888493591 -0.011262365984425328
leaf_weight=20 57.093395233154297 40.093395233154297 416 28 30.046697616577148 25 22 41 29 84 20 20 22 31
leaf_count=20 47 30 416 28 25 25 22 41 29 84 20 20 22 31
internal_value=0.000988642 0.00375646 -0.000205348 0.000761421 0.0119975 -0.000847458 -0.00246711 -0.00631579 0.00387931 0.00079929 -0.00380952 0.00185185 -0.00581395 -0.0125
internal_weight=885.233 266.14 619.093 196 70.1401 176 151 94 57 562 104 458 42 53
internal_count=860 251 609 196 55 176 151 94 57 562 104 458 42 53
is_linear=0
shrinkage=0.05


Tree=540
num_leaves=15
num_cat=0
split_feature=14 14 7 7 0 3 3 13 1 4 9 13 0 13
split_gain=2.23441 1.73497 1.3392 1.45809 1.27384 1.26954 1.25591 1.4907 1.31876 1.68656 1.29744 2.36477 0.985501 0.979947
threshold=0.49302220331869934 0.6173310126210505 5.1500000000000012 5.3500000000000005 12.576561026050358 10.910499800829337 7.0237422035941366 3.8088337008098008 14.687464756417432 10.779810090014157 -0.3986883375106644 3.2555640719596006 14.290272304432003 3.4542313369358211
decision_type=2 2 2 2 2 2 2 8 2 2 2 10 2 10
left_child=2 -2 -1 -4 5 -3 -6 8 9 10 11 -8 -5 -12
right_child=1 4 3 12 6 -7 7 -9 -10 -11 13 -13 -14 -15
leaf_value=-1.8107151226320896e-05 -0.00021931521364535467 -0.0049027024038839802 0.00041496958429337329 2.6127372059964183e-05 0.0026517021160184398 0.00038539979187612872 -0.013329263167316842 -0.00015798221131166912 -0.00021990868928563058 0.0026199257429090129 0.0011635942930327658 0.001566138912606252 0.00044782462500967714 -0.00037709132187542239
leaf_weight=67 36.093395233154297 34 28.093395233154297 43 61 24 42 180 149 34 111 25 38.046697616577148 37
leaf_count=67 26 34 18 43 61 24 42 180 149 34 111 25 33 37
internal_value=0.000907643 -0.000309681 0.00594728 0.00933813 0.000250716 -0.00677966 0.000898437 0.000172712 0.0018797 0.0041 0.00243056 -0.00330882 0.00580361 0.00503356
internal_weight=909.233 733.093 176.14 109.14 697 58 639 578 398 249 215 67 81.0467 148
internal_count=884 723 161 94 697 58 639 578 398 249 215 67 76 148
is_linear=0
shrinkage=0.05


Tree=541
num_leaves=15
num_cat=0
split_feature=1 1 2 15 15 13 9 15 0 2 2 3 0 8
split_gain=1.42642 1.4439 3.31357 1.10511 0.902857 1.00808 0.992424 0.868028 0.851737 1.10436 1.10328 1.76059 1.06131 1.11188
threshold=10.899713039261618 12.235778900783295 11.274353281260124 -0.43006499999999998 -1.2924149999999999 3.3965472547192124 0.25881904510252091 -1.0778199999999998 16.264630261239954 13.983930640687825 13.593151323725015 12.071802164236932 13.574106775453194 22.470000000000002
decision_type=2 2 2 2 2 10 2 2 2 2 2 2 2 10
left_child=-1 2 3 -2 5 -3 -7 -6 10 -10 11 12 13 -9
right_child=1 4 -4 -5 7 6 -8 8 9 -11 -12 -13 -14 -15
leaf_value=0.00031637424722149313 -0.00019930286174846824 0.012180547280640764 -0.0020182122913567401 0.00040619526543189124 -0.00044764920864550641 -0.0012650451990769973 0.00028208412365291483 0.00065861275992766814 5.3075726037055132e-05 -0.00073545148092795114 0.00068492180645107759 -0.0058528461784072899 0.00018478164595843541 -0.0071280650642147952
leaf_weight=77.093395233154297 27 25 32.093395233154297 64 69 21 20 23 82 34 78 38 300.04669761657715 24
leaf_count=67 27 25 22 64 69 21 20 23 82 34 78 38 295 24
internal_value=0.00093 0.000326715 -0.00465242 0.000271739 0.00119037 0.00671642 0.00178571 0.000618087 0.00125191 -0.0025641 0.00221135 0.00110393 0.00223007 -0.0046875
internal_weight=914.233 837.14 123.093 91 714.047 66 41 648.047 579.047 116 463.047 385.047 347.047 47
internal_count=889 822 113 91 709 66 41 643 574 116 458 380 342 47
is_linear=0
shrinkage=0.05


Tree=542
num_leaves=15
num_cat=0
split_feature=15 4 1 1 9 1 9 7 13 13 1 9 10 9
split_gain=2.06845 1.57237 1.51467 1.79108 1.33303 1.30142 1.92434 1.46199 1.07327 1.31363 0.9143 1.12591 0.904418 0.894077
threshold=1.2809800000000002 6.2235599818109852 10.899713039261618 12.538991975982244 0.55554907860749159 15.713707227497345 0.3379038511701401 5.7500000000000009 3.1728514828858168 2.7838073517271105 14.184441033876071 0.44032991850403941 -0.70710678118654757 0.70088257582277269
decision_type=2 2 2 2 2 2 2 2 10 10 2 2 2 2
left_child=2 4 -1 8 -2 7 -7 10 9 -4 13 -12 -9 -5
right_child=1 -3 3 5 -6 6 -8 12 -10 -11 11 -13 -14 -15
leaf_value=0.00040038951482473527 0.00079179932098234491 -0.00080294884500275998 -0.0038372884210687522 -0.00014683992681958636 0.00015513883734982016 -0.0072660717736200645 0.00024163331529720723 0.0026738738013705968 -0.0010521272765307767 0.0035882042312744169 -4.274991595658584e-05 -0.0013312493772728918 0.00022721376975365359 0.00054111709425905816
leaf_weight=66.046697616577148 28 24 20 84 28.093395233154297 56 44 79 75.046697616577148 28 52 22 240 35
leaf_count=61 28 24 20 84 18 56 44 79 70 28 52 22 240 35
internal_value=0.00105118 0.00866081 0.000280516 -0.000375204 0.0131773 0.000734095 -0.00445545 0.00175439 -0.00585398 0 -0.00167526 -0.006 0.00382813 0.00104167
internal_weight=881.187 80.0934 801.093 735.047 56.0934 612 100 512 123.047 48 193 74 319 119
internal_count=861 70 791 730 46 612 100 512 118 48 193 74 319 119
is_linear=0
shrinkage=0.05


Tree=543
num_leaves=15
num_cat=0
split_feature=1 10 1 1 15 5 5 3 7 13 6 14 1 1
split_gain=1.68894 1.53972 1.07023 1.91531 0.90446 0.729194 1.90738 1.8847 1.15623 1.62879 1.05282 0.974892 0.9909 0.940902
threshold=11.608527579552712 -0.76322520435950458 12.116287536430383 12.296305439178973 0.17533000000000001 5.3844529770182641 8.3166628455135054 13.37443548907458 6.7500000000000009 3.3533214690922653 0.54930614433405489 6.5608221065794572 15.858763149343476 14.84498738849017
decision_type=2 2 2 2 2 2 2 2 2 10 2 2 2 2
left_child=1 -1 4 -4 -2 11 8 10 9 -7 -8 12 13 -5
right_child=2 -3 3 5 -6 6 7 -9 -10 -11 -12 -13 -14 -15
leaf_value=-0.00018631187285873542 -0.0027369215206460591 0.00037505708296921986 0.00012483592901086398 5.7990207350530624e-05 -5.4226874481722033e-05 -0.0083855929247320226 4.1601305377936273e-05 0.00056736956683502984 0.002613285170762758 0.0022513793268759907 -0.0023198633679828219 -0.016097007964290012 0.0024836560736116288 -0.00063789905369149302
leaf_weight=29 25.046697616577148 88.093395233154297 34.093395233154297 391 23 20 29 27 22 21 29 21 46 100
leaf_count=29 20 78 24 391 23 20 29 27 22 21 29 21 46 100
internal_value=0.00185217 0.00742916 0.00101524 0.00148744 -0.00614042 0.000919378 0.00402685 -0.000872093 0.0105469 0.00535714 -0.0059322 8.94454e-05 0.000511152 -0.000152439
internal_weight=905.233 117.093 788.14 740.093 48.0467 706 148 85 63 41 58 558 537 491
internal_count=880 107 773 730 43 706 148 85 63 41 58 558 537 491
is_linear=0
shrinkage=0.05


Tree=544
num_leaves=15
num_cat=0
split_feature=8 8 13 8 10 0 1 1 0 8 7 14 0 0
split_gain=1.40511 1.48426 1.29323 1.76812 1.62638 1.4287 1.45624 1.15614 1.29373 2.17529 1.1161 1.39636 1.11769 1.05659
threshold=5.8550000000000013 3.7500000000000004 3.9169617688349754 23.550000000000004 -0.51690566653528747 13.945988374896972 13.366280323164689 15.399805717441067 15.023517212076225 14.950000000000001 7.1500000000000012 2.4906201028165484 13.087248067100068 14.93293370137493
decision_type=10 10 8 10 2 2 2 2 2 10 2 2 2 2
left_child=1 -1 3 4 7 -4 -7 8 9 -2 11 12 -5 -8
right_child=2 -3 5 10 -6 6 13 -9 -10 -11 -12 -13 -14 -15
leaf_value=0.00012757621855450375 0.0047074677623282213 -0.00086133685891092164 0.00027198555011253011 -0.0031466183235934198 0.00034141696010294537 -0.0010938186226589692 0.0051345088972625024 0.0017093076570430467 -0.0043695424722274391 -0.0089740875037658038 0.00033509936283944165 -0.00053582363246772462 0.00042594899193556802 -3.1299258897521388e-05
leaf_weight=20 39 55 43 22 268.18679046630859 32.046697616577148 25 20 41 22 55 91 67 105
leaf_count=20 39 55 43 22 248 27 25 20 41 22 55 91 67 105
internal_value=0.00223839 -0.00427632 0.00283134 0.00395995 0.0060193 -0.000612324 -0.00276711 0.00121951 -0.000970874 0.00362903 0.000529661 -0.00138122 0.00305556 -0.000381679
internal_weight=905.233 75 830.233 625.187 390.187 205.047 162.047 122 102 61 235 180 89 130
internal_count=880 75 805 605 370 200 157 122 102 61 235 180 89 130
is_linear=0
shrinkage=0.05


Tree=545
num_leaves=15
num_cat=0
split_feature=0 13 0 13 0 1 13 9 1 8 13 13 14 1
split_gain=0.985041 1.02231 1.09825 0.964191 1.58909 1.5193 1.48534 1.42927 1.36697 1.22172 1.2775 1.50929 1.21342 1.67805
threshold=12.754631328093431 3.788317152097517 11.473377350654021 3.8967886388235606 13.175294908959181 12.296305439178973 4.0760256726792292 0.84103100687915511 13.805106958983421 28.050000000000004 3.5854431883692963 3.4282904644093786 0.52044368876136793 15.17899057694868
decision_type=2 8 2 8 2 2 8 2 2 10 10 10 2 2
left_child=1 2 -1 4 -2 7 8 -6 -5 10 11 -7 -8 -14
right_child=3 -3 -4 6 5 9 12 -9 -10 -11 -12 -13 13 -15
leaf_value=0.0003137245603791472 -0.0017322777148625847 0.0002770285296747083 -0.0028189204145351089 -0.0060350622240219814 0.00024048575537394536 0.00041789658141659918 -0.001159791408347495 0.00010835724073931667 -2.2157696426805542e-05 -0.00041856839445665318 0.0010141161464646443 -0.00094779667345576976 0.00031583575438110526 -0.00025591630088599436
leaf_weight=40 33 41.046697616577148 39 23 47 241 30.046697616577148 23.093395233154297 25 127 61 39 71 56
leaf_count=40 33 36 39 23 47 241 25 13 25 127 61 39 71 56
internal_value=0.00200887 0.0062056 0.0028125 0.00135261 0.00240754 0.00306503 -0.00158298 0.00987905 -0.00918367 0.00202559 0.00358187 0.00213523 0.000783519 0.00292969
internal_weight=896.187 120.047 79 776.14 571.093 538.093 205.047 70.0934 48 468 341 280 157.047 127
internal_count=876 115 79 761 561 528 200 60 48 468 341 280 152 127
is_linear=0
shrinkage=0.05


Tree=546
num_leaves=15
num_cat=0
split_feature=2 5 0 13 13 8 15 10 0 13 10 4 0 7
split_gain=1.62675 1.14232 1.4185 1.01232 1.0089 1.20599 1.35614 1.95041 1.28126 1.08068 1.37915 1.05382 2.47074 0.99044
threshold=8.3156701108558106 4.7852994436231349 16.608240043835483 2.7602839994478576 4.1892910396700271 67.450000000000003 -0.52107999999999988 0.77018921561974973 15.542220311701046 3.5854431883692963 0.77018921561974973 3.9006956601457436 15.798925266415003 6.1500000000000012
decision_type=2 2 2 10 8 10 2 2 2 10 2 2 2 2
left_child=-1 4 3 -3 5 6 7 8 13 -8 -11 12 -6 -2
right_child=1 2 -4 -5 11 -7 9 -9 -10 10 -12 -13 -14 -15
leaf_value=0.00050110956197393995 0.00058625111374832877 -0.00023249453138145528 -0.0053620025971426793 0.00098575829161879898 -0.00098766113479275479 -0.00051500002662409068 -0.00022642213546529845 0.00075489033440963586 -0.0026679923410654338 0.0002976900804440416 -0.010545897794754351 1.7397054392909173e-05 4.2970781175710737e-05 -2.4126063554286148e-05
leaf_weight=103.04669761657715 42.046697616577148 38 32 104 34.046697616577148 21 247 25 33 82.046697616577148 20 49 29 39
leaf_count=98 37 38 32 104 29 21 247 25 33 77 20 49 29 39
internal_value=0.00206001 0.00128893 0.00485714 0.00699301 0.000283164 0.00122984 0.00174268 0.00589923 0.00305239 7.47541e-05 0.00437828 -0.00399098 -0.00821537 0.00641302
internal_weight=898.187 795.14 174 142 621.14 509.093 488.093 139.047 114.047 349.047 102.047 112.047 63.0467 81.0467
internal_count=878 780 174 142 606 499 478 134 109 344 97 107 58 76
is_linear=0
shrinkage=0.05


Tree=547
num_leaves=15
num_cat=0
split_feature=8 13 16 3 9 8 8 13 0 0 13 8 0 15
split_gain=1.08029 1.38961 1.18435 1.217 1.15832 1.12118 1.7504 1.05883 1.09186 1.28314 1.35527 0.912431 1.06165 0.934458
threshold=14.235000000000001 3.6343809878543185 0.37080500000000005 10.324608175214264 -0.50188698852276381 5.7500000000000009 11.950000000000001 3.803066821374367 13.945988374896972 15.335376456282681 4.4876448421191251 15.050000000000002 15.658197427814342 -1.3495649999999999
decision_type=10 10 2 2 2 10 10 10 2 2 10 10 2 2
left_child=1 2 4 -4 -1 -6 -7 -3 -9 -10 -11 12 -2 -13
right_child=11 7 3 -5 5 6 -8 8 9 10 -12 13 -14 -15
leaf_value=0.011701761488183561 0.0033813062452795147 -0.00031512124393920051 -0.0035982250966519638 0.0016213525395648799 -0.0011294435343763953 0.00094902786143655779 -0.00039710069969314257 0.0003744532963282199 -0.0007704840906496591 0.00010515950627449923 -0.0099325863410632664 0.0010175040758410249 -0.0001375425252178597 0.00011538351034607352
leaf_weight=40 29.046697616577148 31.046697616577148 44 24 23 57 28 26 42.046697616577148 40 20 27 21 427.04669761657715
leaf_count=40 24 26 44 24 23 57 28 26 37 40 20 27 21 422
internal_value=0.00195981 -7.26811e-05 0.00253456 -0.00289855 0.00503356 0.00229358 0.00494186 -0.00360624 -0.00155887 -0.00389306 0.000819672 0.00346933 0.00981782 0.00274954
internal_weight=879.187 375.093 216 68 148 108 85 159.093 128.047 102.047 60 504.093 50.0467 454.047
internal_count=859 365 216 68 148 108 85 149 123 97 60 494 45 449
is_linear=0
shrinkage=0.05


Tree=548
num_leaves=15
num_cat=0
split_feature=14 0 0 14 13 10 14 14 1 7 16 1 1 13
split_gain=1.28102 1.49604 2.57069 1.39238 1.32818 0.99509 1.02008 1.19606 0.87845 0.70265 1.1029 1.66538 2.36267 1.19514
threshold=0.54189347659399623 12.536646282756871 14.845684720853265 0.63090527065408697 3.0377499595791826 0.89783339391592787 4.13007281465487 2.5775460472523744 16.678821448768947 6.8500000000000005 1.0000000180025095e-35 15.123414094757225 15.474394740006153 3.3277906598632643
decision_type=2 2 2 2 8 2 2 2 2 2 2 2 2 8
left_child=1 -1 4 -2 -3 8 7 -7 9 10 13 -12 -13 -5
right_child=3 2 -4 5 -6 6 -8 -9 -10 -11 11 12 -14 -15
leaf_value=0.00025092232676281764 -0.0001714816278077992 0.00035433200922878609 0.00059796236814285296 0.00063596571437248841 -0.00042526621232954201 0.0012740676556054044 0.0008237484213734714 -0.0017151632077801572 0.0021610928352428838 0.00025136029215269142 0.00031645728106243225 -0.017573714447249512 -0.0011699285741812559 -0.00050416407642890355
leaf_weight=41.093395233154297 25.046697616577148 22 48.046697616577148 35 73 34 28 28 21 152 249 22 39 70
leaf_count=31 20 22 43 35 73 34 28 28 21 152 249 22 39 70
internal_value=0.00171961 0.00542023 0.00295854 0.000744031 -0.00182292 0.0011782 0.00604396 0.00238095 0.000424448 4.40141e-05 -0.00102163 0.000482315 -0.00685484 -0.00542453
internal_weight=887.187 184.14 143.047 703.047 95 678 90 62 588 567 415 310 61 105
internal_count=867 169 138 698 95 678 90 62 588 567 415 310 61 105
is_linear=0
shrinkage=0.05


Tree=549
num_leaves=15
num_cat=0
split_feature=0 0 16 9 4 0 4 14 1 3 1 15 4 14
split_gain=1.12035 1.2619 1.7765 0.871757 0.887088 0.692708 1.26794 0.635528 1.45514 1.27262 1.57859 1.7352 3.26511 1.17546
threshold=11.473377350654021 13.175294908959181 0.37080500000000005 0.70088257582277269 5.0021526326360242 12.792548993907984 2.3410656135621104 5.1054913979806527 15.408170775064473 11.493478271866374 15.332881265184389 -0.92700999999999989 5.4997983554930601 0.040000831862220171
decision_type=2 2 2 2 2 2 2 2 2 2 2 2 2 2
left_child=3 2 5 4 -1 6 -2 9 -9 10 11 12 -3 -13
right_child=1 7 -4 -5 -6 -7 -8 8 -10 -11 -12 13 -14 -15
leaf_value=-0.0050442165879306389 0.0019192514312760701 -0.0034722837733082504 -0.0049711592838251606 0.00026877801726356526 0.00027332101969124167 -0.004045012132476866 -0.0013246267151977521 0.0014265673928040012 -2.1649988128791266e-05 -0.0005348389119311681 0.0019565691293799148 0.00010750093019827473 0.0016860186300339253 0.00023874216304023977
leaf_weight=26 21 52.046697616577148 23.046697616577148 20.046697616577148 20 27 26 69 75 115 45 32.046697616577148 28 334
leaf_count=26 21 47 18 15 20 27 26 69 75 115 45 27 28 334
internal_value=0.00199631 0.00150191 -0.00383662 0.00822065 0.00425532 0 0.00364583 0.0021968 0.00517241 0.00148247 0.00259097 0.0016775 -0.00494983 0.0031363
internal_weight=913.187 847.14 97.0467 66.0467 46 74 47 750.093 144 606.093 491.093 446.093 80.0467 366.047
internal_count=893 832 92 61 46 74 47 740 144 596 481 436 75 361
is_linear=0
shrinkage=0.05


Tree=550
num_leaves=15
num_cat=0
split_feature=1 1 9 13 14 0 0 0 3 13 13 2 3 2
split_gain=1.71706 1.08048 1.07492 0.933638 0.688578 0.86964 1.24553 2.0595 1.43016 1.46892 1.7005 1.20255 1.892 1.5572
threshold=11.005113196168786 11.690786364590535 0.70088257582277269 3.4797947196669452 0.058937518786439401 17.257980813679236 14.891758960504887 15.084980169461302 10.945865477765604 3.7033898829532119 4.0590974879120445 13.702597442901075 13.588352058178069 13.39007257913504
decision_type=2 2 2 8 2 2 2 2 2 8 10 2 2 2
left_child=2 -2 3 -1 -3 6 8 -8 9 -6 -11 13 -13 -9
right_child=1 4 -4 -5 5 -7 7 11 -10 10 -12 12 -14 -15
leaf_value=0.00046719205424772259 -0.00041476032966321103 7.1136898165290302e-05 0.00025209638038292898 -5.5249858898420714e-05 8.895985497058867e-05 0.0013873394225092373 -0.00055028424224765613 0.00011521038609336732 0.00053014081071728336 -0.0010737162647877386 0.00026808835629833495 -0.0069552926603582369 0.00042238045346238985 0.002650358729585545
leaf_weight=22 44.046697616577148 30.046697616577148 28.093395233154297 34 144.04669761657715 31 42 248 113 28 26 51 37 22
leaf_count=22 39 25 18 34 139 31 42 248 113 28 26 51 37 22
internal_value=0.0026669 0.00195948 0.00942887 0.00526316 0.002396 0.00208758 0.00172203 -0.000124688 0.00408967 0.00151305 -0.00545455 0.00111421 -0.00393258 0.00276753
internal_weight=900.233 816.14 84.0934 56 772.093 742.047 711.047 400 311.047 198.047 54 358 88 270
internal_count=875 801 74 56 762 737 706 400 306 193 54 358 88 270
is_linear=0
shrinkage=0.05


Tree=551
num_leaves=15
num_cat=0
split_feature=1 4 9 9 15 14 15 0 0 15 14 8 9 0
split_gain=1.8895 1.0649 0.873332 0.885869 1.42813 0.869739 0.77343 1.21961 1.12117 2.10062 1.07725 1.07102 0.877189 2.34991
threshold=11.491322867937805 13.31857304037017 -0.70556075282125752 0.25671049665402418 0.63776500000000014 0.058937518786439401 -0.43006499999999998 15.404527053468117 15.009232588052667 -1.3051699999999997 4.2009344006411995 42.550000000000004 0.25881904510252091 16.231735168163237
decision_type=2 2 2 2 2 2 2 2 2 2 2 10 2 2
left_child=2 5 -1 -4 -5 -2 8 10 9 -7 -8 -10 13 -9
right_child=1 -3 3 4 -6 6 7 12 11 -11 -12 -13 -14 -15
leaf_value=-2.1470072367157923e-05 8.5654293933439427e-05 0.0017043179462237212 0.00054434690251570217 -2.9599554473458413e-06 0.00023949156136377164 -0.00010077785851888566 -3.7949460626940384e-05 0.0078154438797132363 0.00023439563338354397 0.00051537115580583073 -0.0069015370151511712 -0.01449948486098156 -3.0734138566990145e-05 -5.9973927794887416e-05
leaf_weight=25 31.046697616577148 22 32 30 28.093395233154297 38 192 51 160 89.046697616577148 49 20 83 45
leaf_count=25 26 22 32 30 18 38 192 51 160 84 49 20 83 45
internal_value=0.00332483 0.00243548 0.0092799 0.0115523 0.00765458 0.00211085 0.00175286 0.000356295 0.00365583 0.00723304 -0.00196281 0.00110497 0.00347222 0.00670103
internal_weight=895.187 780.093 115.093 90.0934 58.0934 758.093 727.047 420 307.047 127.047 241 180 179 96
internal_count=875 770 105 80 48 748 722 420 302 122 241 180 179 96
is_linear=0
shrinkage=0.05


Tree=552
num_leaves=15
num_cat=0
split_feature=9 1 7 2 14 9 13 7 7 10 1 4 3 13
split_gain=1.20813 1.15203 1.22272 1.22874 1.24569 2.79971 1.22497 1.02346 1.01133 0.96388 1.32933 1.159 1.02874 0.921174
threshold=-0.81661045995358794 11.005113196168786 5.3500000000000005 10.86988736148618 2.7037143114728965 0.26092512978024796 3.4463505833758972 6.6500000000000012 5.8500000000000005 -0.2397582400620111 14.48640905071443 7.0670946773313714 8.7517856353754926 2.6535031187055078
decision_type=2 2 2 2 2 2 8 2 2 2 2 2 2 8
left_child=9 -2 6 7 5 -5 -3 8 -4 11 12 -1 -11 -6
right_child=1 2 3 4 13 -7 -8 -9 -10 10 -12 -13 -14 -15
leaf_value=-0.00015443845763516429 0.00023624139766824853 -0.00070818452344971754 0.00011023740052969763 0.0028569624545621065 0.00089078067996186674 -0.00058663622264186986 0.00022425453517104234 0.0017181997235601321 0.00022144334923552834 0.00030178384450736396 0.00097390334942324417 -0.0089423908305716459 -0.0064327366211809796 0.00031349998647766113
leaf_weight=30 79.093395233154297 65 30.046697616577148 71 49 61.046697616577148 52 23 51 26 42 25 30 267
leaf_count=30 69 65 25 71 49 56 52 23 51 26 42 25 30 267
internal_value=0.00257966 0.00340681 0.0027235 0.00370643 0.00255838 -0.00151201 -0.00190678 0.00857873 0.00580361 -0.00146104 0.00151515 -0.00669643 -0.00350877 0.00425868
internal_weight=901.187 748.187 669.093 552.093 448.047 132.047 117 104.047 81.0467 153 98 55 56 316
internal_count=881 728 659 542 443 127 117 99 76 153 98 55 56 316
is_linear=0
shrinkage=0.05


Tree=553
num_leaves=15
num_cat=0
split_feature=8 9 13 14 3 13 13 0 14 2 8 15 1 10
split_gain=2.16954 1.1919 1.07306 1.03972 0.924453 1.62979 1.42083 1.33651 1.48014 2.05776 1.25962 1.16412 1.15381 2.05229
threshold=5.7500000000000009 0.74311652879956314 2.4559573733023732 4.0741149540238695 13.588352058178069 3.1121921542889894 3.8372230591172323 16.158263219713977 2.4651692518560528 10.707146935600546 12.450000000000001 -0.92700999999999989 12.703507605109477 0.61221145216718942
decision_type=8 2 8 2 2 10 10 2 2 2 10 2 2 2
left_child=1 -1 3 -2 5 -4 12 8 9 -8 -9 -10 -7 -14
right_child=2 -3 4 -5 -6 6 7 10 11 -11 -12 -13 13 -15
leaf_value=-0.0043543424416674636 0.0024031609651783748 0.00017550651289606202 -3.4409924903788806e-05 1.7241343364338135e-05 0.0012759206338711416 0.00019350445272670923 0.00015439827089054338 0.0011123872528034818 0.0052165102085438512 -0.00057629416971133167 -0.0033526235108815696 -0.00045208596845900398 0.00044326566596155639 -0.00014047855670172861
leaf_weight=49 31 20 217 22 66 103.14009284973145 43 21 25 38.046697616577148 27 36 139 49
leaf_count=49 31 20 217 22 66 88 43 21 25 33 27 36 139 49
internal_value=0.00310232 -0.00535714 0.00382227 0.0106481 0.00333557 0.00279229 0.00441185 0.00104075 -0.00140631 -0.00580361 0.00816327 0.00443548 0.00660129 0.0042328
internal_weight=886.187 69 817.187 53 764.187 698.187 481.187 190.047 142.047 81.0467 48 61 291.14 188
internal_count=866 69 797 53 744 678 461 185 137 76 48 61 276 188
is_linear=0
shrinkage=0.05


Tree=554
num_leaves=15
num_cat=0
split_feature=0 8 15 14 5 7 9 9 15 2 2 3 15 4
split_gain=0.724494 0.981156 1.21941 1.07353 1.39817 1.07788 0.940498 2.03633 1.7628 1.43495 2.91114 1.49535 1.10584 1.28675
threshold=16.025027961080848 5.6150000000000011 0.17533000000000001 0.10274084263876529 5.9875059491338041 5.1500000000000012 -0.70710678118654735 0.26092512978024796 -0.92700999999999989 11.808748044302709 11.469521479540292 9.7268762021038793 -0.43006499999999998 6.9401845139563836
decision_type=2 8 2 2 2 2 2 2 2 2 2 2 2 2
left_child=1 2 -1 5 6 -3 -5 8 -8 10 11 -9 -10 -14
right_child=-2 3 -4 4 -6 -7 7 9 12 -11 -12 -13 13 -15
leaf_value=0.0001667311872512567 0.00037923033071560755 3.0661019998035058e-05 -0.020680514660515903 -0.00031946037224904749 0.0010811916372057695 0.00019453607907968538 -5.0390876140937738e-05 -0.00084703087998719707 0.0027181888646509835 -0.00078558524638134848 0.00018502611634359651 0.0017389175328807794 0.0021576141193238477 -0.00074302729977266952
leaf_weight=26 208 39 20 98 80 56.093395233154297 59 61.046697616577148 38 84 22.046697616577148 28 57 37
leaf_count=26 208 39 20 98 80 46 59 56 38 84 17 28 57 37
internal_value=0.00243641 0.00166717 -0.00531915 0.00216202 0.00132721 0.00704871 0.000309219 0.00142085 0.00507813 -0.00216733 0.0015612 -0.00251167 0.00827068 0.00526316
internal_weight=913.187 705.187 46 659.187 564.093 95.0934 484.093 386.093 191 195.093 111.093 89.0467 132 94
internal_count=893 685 46 639 554 85 474 376 191 185 101 84 132 94
is_linear=0
shrinkage=0.05


Tree=555
num_leaves=15
num_cat=0
split_feature=9 3 5 7 2 2 4 10 3 10 0 8 9 10
split_gain=0.494756 1.84234 1.4564 0.701039 0.963753 1.06793 1.59003 1.01367 1.48379 1.4496 1.13973 0.786365 0.76949 2.36476
threshold=0.91613344851476464 7.2301797797801095 6.1658424761504458 6.5500000000000007 13.353552057902883 13.983930640687825 11.654387987026499 -0.40273135449887215 11.416728335612353 0.95172615796921589 14.951744793098303 4.8500000000000005 0.25671049665402418 0.91523306216449185
decision_type=2 2 2 2 2 2 2 2 2 2 2 10 2 2
left_child=3 -2 -3 11 7 -6 -7 10 9 -9 -5 -1 -13 -14
right_child=1 2 -4 4 5 6 -8 8 -10 -11 -12 12 13 -15
leaf_value=0.00059151325726038986 3.3909093784115453e-05 -0.00037403154756869843 0.00067884715148271992 0.00032332056806959612 -0.01321265479292948 0.0053403885710184952 -0.00019601758083340748 -0.00039499607853683562 0.0020029468079097337 0.00087666827228589656 0.020305325986072698 0.00018934547411451064 3.8791284042444257e-05 -0.0018669515993994064
leaf_weight=32 37.140092849731445 54 21 41 24 37 39 40 24 23 25 286 177 29.046697616577148
leaf_count=32 22 54 21 41 24 37 39 40 24 23 25 286 177 24
internal_value=0.00311995 0.00621798 0.00164474 0.00266543 0.00482283 0.000990099 0.0038961 0.00730519 0.00369318 -0.000390625 0.0119403 0.00161668 0.00111315 -0.0012131
internal_weight=889.187 112.14 75 777.047 253 100 76 153 87 63 66 524.047 492.047 206.047
internal_count=869 97 75 772 253 100 76 153 87 63 66 519 487 201
is_linear=0
shrinkage=0.05


Tree=556
num_leaves=15
num_cat=0
split_feature=1 8 0 8 8 12 1 1 7 0 3 9 8 2
split_gain=0.882706 0.82868 0.985476 0.947374 1.20585 0.634426 1.30702 1.70752 0.95098 1.50618 1.08917 1.36254 1.03794 0.99639
threshold=16.678821448768947 5.7500000000000009 15.472996339817792 7.0500000000000007 8.0500000000000025 2.5000000000000004 12.177186965892833 14.48640905071443 5.3500000000000005 13.556564215335296 1.0000000180025095e-35 0.77711637012006718 57.045500000000011 9.172039233726256
decision_type=2 8 2 10 10 10 2 2 2 2 2 2 10 2
left_child=1 2 -1 -3 -5 8 -7 -8 9 -6 11 -10 13 -12
right_child=-2 3 -4 4 5 6 7 -9 10 -11 12 -13 -14 -15
leaf_value=-0.0047035541928458881 0.0029261659638520235 0.00062427488540041105 0.00014522589231172889 -0.00025014700574585994 0.00070127034300492279 -0.0012056521212650319 0.00052565230400380969 -0.00022537837851906441 0.00020789802434827977 -0.00049798218099068598 -0.00032638877879703765 2.7226589079604561e-05 -0.00022563298004010248 0.00029561413064356224
leaf_weight=31 20 34 29 39 32 28.046697616577148 40 81 44 76 20 22.093395233154297 23 340
leaf_count=31 20 34 29 39 32 23 40 81 44 76 20 12 23 340
internal_value=0.00177432 0.00151899 -0.00409836 0.00195627 0.00157634 0.00205216 -0.000840854 0.00143443 0.00282629 -0.00137615 0.00383773 0.00972279 0.00279948 0.0034626
internal_weight=859.14 839.14 60 779.14 745.14 706.14 149.047 121 557.093 108 449.093 66.0934 383 360
internal_count=844 824 60 764 730 691 144 121 547 108 439 56 383 360
is_linear=0
shrinkage=0.05


Tree=557
num_leaves=15
num_cat=0
split_feature=2 0 15 8 0 1 0 2 3 1 1 2 9 1
split_gain=1.0707 0.995774 0.89319 0.977469 2.53114 1.60974 1.48244 1.37205 1.23259 1.48877 1.26637 1.20661 1.17709 1.14699
threshold=8.5339892966668902 17.257980813679236 -1.3495649999999999 13.950000000000001 14.195602729866586 16.233938958201318 15.084980169461302 11.083614526953589 10.324608175214264 13.702561695955126 12.918057574873414 10.86988736148618 -0.55738156824517537 14.674013539411467
decision_type=2 2 2 8 2 2 2 2 2 2 2 2 2 2
left_child=-1 2 -2 4 7 8 11 -4 9 -5 -10 -6 -8 -11
right_child=1 -3 3 5 6 -7 12 -9 10 13 -12 -13 -14 -15
leaf_value=0.00010469148725165134 0.00019792512182639224 0.00092875666810936512 -0.0002035011712848256 0.00036887711768919556 -5.3353093350261287e-05 0.0025294076805102541 0.00044963479679274168 0.0050122453082685151 -0.006850834954960517 -0.0056347574356671263 0.00014667744554317519 -0.00028567655823782609 -0.00013245669101418224 0.0031747675594875346
leaf_weight=126.0933952331543 57 34 28 94.046697616577148 28 25 38 28 38 40 197 42.046697616577148 106 28
leaf_count=116 57 34 28 89 28 25 38 28 38 40 197 37 106 28
internal_value=0.00244712 0.00175362 0.0013665 0.000865684 -0.00148007 0.00236656 -0.00395806 0.00789474 0.0015731 0.00491373 -0.000741525 -0.00986911 -0.00103448 -0.000724638
internal_weight=909.187 783.093 749.093 692.093 270.047 422.047 214.047 56 397.047 162.047 235 70.0467 144 68
internal_count=889 773 739 682 265 417 209 56 392 157 235 65 144 68
is_linear=0
shrinkage=0.05


Tree=558
num_leaves=15
num_cat=0
split_feature=1 1 13 1 9 3 13 2 13 7 7 14 8 9
split_gain=1.77415 1.47596 1.6808 2.52336 1.45982 1.35135 1.23263 1.13492 1.12162 1.10847 1.02202 1.01353 0.968927 0.922674
threshold=11.608527579552712 12.116287536430383 3.5791391915893898 14.637936286036775 0.44032991850403941 10.591301781063764 3.4282904644093786 9.3903459918807766 3.5008875692454517 5.3500000000000005 5.3500000000000005 0.52044368876136793 7.9000000000000012 0.087148275903737818
decision_type=2 2 10 2 2 2 10 2 10 2 2 2 10 2
left_child=5 4 6 12 -2 7 9 10 -8 11 -1 -3 -4 -5
right_child=1 2 3 13 -6 -7 8 -9 -10 -11 -12 -13 -14 -15
leaf_value=0.00019667213365878386 -0.0021069687166683257 6.1399692890651287e-06 -0.00013022647232716067 -0.0042642126167496295 5.2409251022478288e-05 -0.0036779550271613505 -0.00092737276316036627 0.00031225371605863092 -6.5957103346825366e-05 0.00017743061249664294 4.2319389931044785e-06 -0.0046761885360870449 0.00043666163027942747 0.000270251980769487
leaf_weight=33.046697616577148 27.046697616577148 28 25 60 20 20 29.046697616577148 29.046697616577148 26 336 46 39 144.04669761657715 53
leaf_count=28 22 28 25 60 20 20 24 24 26 336 46 39 139 53
internal_value=0.00155655 0.000664644 0.00121442 0.00424371 -0.0078292 0.00698978 -0.000656071 0.00918786 -0.00760379 0.000309406 0.00594862 -0.00551471 0.00809288 -0.00153509
internal_weight=915.233 787.14 740.093 282.047 47.0467 128.093 458.047 108.093 55.0467 403 79.0467 67 169.047 113
internal_count=890 772 730 277 42 118 453 98 50 403 74 67 164 113
is_linear=0
shrinkage=0.05


Tree=559
num_leaves=15
num_cat=0
split_feature=8 13 2 0 2 10 8 1 2 1 12 13 8 13
split_gain=1.37087 0.879048 1.33882 0.930902 1.2632 1.14169 1.10028 0.998037 0.855945 0.906757 0.974987 1.4286 1.19148 1.1462
threshold=66.500000000000014 2.5525203586970213 12.553593453303575 17.233064635302792 8.6864535028957413 -0.26932402956675622 16.450000000000003 16.367954559408847 9.3903459918807766 16.123334206731318 1.0000000180025095e-35 3.9169617688349754 24.950000000000003 4.0460452466982737
decision_type=8 8 2 2 2 2 10 2 2 2 10 10 8 10
left_child=1 2 -1 4 5 6 -3 8 -6 10 12 -12 -10 -13
right_child=-2 3 -4 -5 7 -7 -8 -9 9 -11 11 13 -14 -15
leaf_value=0.0020019275985167172 0.00073986146491003546 0.00063095123325597913 -0.00074069127066620508 0.0035436474678850918 -0.0026774426550241204 4.4793253577424252e-05 4.4315780039796376e-06 0.0026398746825954337 -0.0018586436919865613 -0.0091686548328508092 0.00025016127929566867 -0.0061735468972333174 0.0011603709172255062 -1.9579801509311273e-05
leaf_weight=40 33 30.046697616577148 27 31 32 55 23.046697616577148 22 54 20 384.04669761657715 27 23 107.04669761657715
leaf_count=40 33 25 27 31 32 55 18 22 54 20 379 27 23 102
internal_value=0.00264229 0.00225675 0.00772059 0.00179481 0.00144867 0.00643792 0.0115973 0.00063424 0.000270023 0.00068983 0.00104849 0.00183011 -0.00416667 -0.00260034
internal_weight=908.187 875.187 67 808.187 777.187 108.093 53.0934 669.093 647.093 615.093 595.093 518.093 77 134.047
internal_count=888 855 67 788 757 98 43 659 637 605 585 508 77 129
is_linear=0
shrinkage=0.05


Tree=560
num_leaves=15
num_cat=0
split_feature=1 1 9 5 4 0 2 9 2 13 13 0 15 13
split_gain=2.08586 1.211 1.23491 0.651066 0.822618 1.12949 0.823611 1.3285 1.33787 1.25185 1.4433 1.669 1.22883 1.47305
threshold=11.005113196168786 10.35830946619498 0.70088257582277269 10.209335960008348 12.702521255820509 16.525590542458346 11.327456641317992 -0.95134567273905335 11.518526451329047 2.6600494875419574 3.094662338278956 14.625529914404526 -0.67852499999999993 3.0508391527108922
decision_type=2 2 2 2 2 2 2 2 2 10 10 2 2 10
left_child=1 2 -1 4 5 6 9 -8 -9 -2 -11 -12 -10 -14
right_child=3 -3 -4 -5 -6 -7 7 8 12 10 11 -13 13 -15
leaf_value=-2.168893889538115e-05 -0.001694424208347467 0.0055800471411550619 0.00017207137248114761 0.0005257642664868279 -0.00121139694649397 0.00061506291277519949 0.0025857264747264131 -0.00022816215440452754 0.00034320199719033444 0.0061790818901692026 -0.00010101414281004918 0.00022446618144450725 0.00011374466230991144 -0.00097198529234121533
leaf_weight=34 36 23 25.093395233154297 44 21 104 32 30.046697616577148 125 42 103 87.046697616577148 73 105
leaf_count=34 36 23 15 44 21 104 32 25 125 42 103 82 73 105
internal_value=0.00271393 0.0102576 0.00627914 0.00193004 0.00158083 0.00186291 0.00106451 -0.00048127 -0.00142545 0.00316364 0.00451054 0.00262327 -0.000411184 -0.00307263
internal_weight=884.187 82.0934 59.0934 802.093 758.093 737.093 633.093 365.047 333.047 268.047 232.047 190.047 303 178
internal_count=864 72 49 792 748 727 623 360 328 263 227 185 303 178
is_linear=0
shrinkage=0.05


Tree=561
num_leaves=15
num_cat=0
split_feature=15 0 6 0 15 5 0 0 16 13 15 2 1 1
split_gain=1.00983 1.07748 0.803554 1.0529 0.981225 0.820539 1.68555 1.10273 1.14189 2.00667 1.9663 1.87963 1.83421 1.66824
threshold=1.0381650000000002 14.784937982753648 6.2299541685990638 16.128161472794346 0.67486000000000013 4.6509353449108879 14.269691498359245 11.194996633038054 0.10701500000000001 3.0244984119021363 -0.52107999999999988 12.228182653119807 11.780275221658769 13.099807726716778
decision_type=2 2 2 2 2 2 2 2 2 10 2 2 2 2
left_child=2 -2 3 4 5 7 -7 -1 9 -9 12 -10 -11 -14
right_child=1 -3 -4 -5 -6 6 -8 8 11 10 -12 -13 13 -15
leaf_value=0.00015506609232689009 8.6368861036822961e-05 -0.00038264972148023514 -0.00088812357347138886 0.000426859494679821 -0.0017800204877336358 -2.0604491950604322e-05 0.0024780696809621585 0.00035293027097320633 0.00048971761364811071 -0.00022136775095862955 -0.0013457428665079041 -0.00036064330332952199 0.00029346994918656098 -5.7733212576810414e-05
leaf_weight=39.046697616577148 52 46.046697616577148 31 172 33 30 38 108 110 31.046697616577148 85 38 25.046697616577148 71
leaf_count=34 52 41 31 172 33 30 38 108 110 26 85 38 20 71
internal_value=0.00173041 -0.00304066 0.00231015 0.00262586 0.00164358 0.00212825 0.00724638 0.00142907 0.00074612 -0.000934308 -0.00375422 0.00436242 0.00019517 0.00361854
internal_weight=909.187 98.0467 811.14 780.14 608.14 575.14 68 507.14 468.093 320.093 212.093 148 127.093 96.0467
internal_count=889 93 796 765 593 560 68 492 458 310 202 148 117 91
is_linear=0
shrinkage=0.05


Tree=562
num_leaves=15
num_cat=0
split_feature=7 8 10 9 14 3 10 5 5 4 15 9 3 14
split_gain=1.05763 1.41333 1.23608 0.995883 0.973647 1.21247 0.889291 1.32173 1.16659 1.16376 1.33183 1.51186 1.21031 1.12199
threshold=5.2500000000000009 34.050000000000004 1.0000000180025095e-35 -0.5391370398574088 0.040000831862220171 2.3410656135621104 -0.38469719700095517 7.4850506990208254 5.9348933207832921 7.4487527704044743 -0.11977499999999999 0.61392768915927742 12.469044565639642 2.1119792477815627
decision_type=2 10 2 2 2 2 2 2 2 2 2 2 2 2
left_child=1 2 3 -1 -2 -6 7 13 9 12 11 -11 -8 -7
right_child=4 -3 -4 -5 5 6 8 -9 -10 10 -12 -13 -14 -15
leaf_value=0.0010482024879840957 4.6412082387700661e-05 -0.0016998701558036179 4.0987001009706871e-05 0.00020428666180918528 -0.00011046455842646389 -0.00026413520636657252 0.0003509478917796183 -0.00036699421632873101 0.00047813079794387651 0.0014369978524771732 -0.010577704899695561 -0.00063308195733378101 -0.00053111442660180863 0.00026355128405859408
leaf_weight=23 41.046697616577148 23 55 55.093395233154297 64.046697616577148 68 159 38 90 46 44 26 22 159
leaf_count=23 36 23 55 45 59 68 159 38 90 46 44 26 22 159
internal_value=0.00232702 0.00606222 0.00803421 0.0120406 0.00154994 0.00111406 0.0017611 -0.000469925 0.00328608 0.00176174 -0.00213675 0.00205479 0.00425824 0.000986842
internal_weight=913.187 156.093 133.093 78.0934 757.093 716.047 652 265 387 297 116 72 181 227
internal_count=893 146 123 68 747 711 652 265 387 297 116 72 181 227
is_linear=0
shrinkage=0.05


Tree=563
num_leaves=15
num_cat=0
split_feature=13 7 2 2 7 2 16 9 2 1 4 10 10 1
split_gain=0.996221 0.904154 1.24275 1.41393 1.19744 1.03003 0.851003 2.15018 1.30374 1.1751 1.15059 1.43179 1.11342 1.04443
threshold=4.5645479846104093 7.0500000000000007 15.011680278712262 13.702597442901075 6.8500000000000005 12.598350357459102 1.0000000180025095e-35 0.55554907860749159 11.242196422425282 12.831759144235951 6.0099799556481051 0.83025359242879293 0.23766552919915279 12.797903478544152
decision_type=10 2 2 2 2 2 2 2 2 2 2 2 2 2
left_child=1 4 3 5 6 -3 7 8 9 -1 11 -8 -12 -13
right_child=-2 2 -4 -5 -6 -7 10 -9 -10 -11 12 13 -14 -15
leaf_value=9.789708756088312e-05 -0.00014511503331943645 -9.8444918016074584e-05 0.0024536358839607588 -0.001805744037800916 0.0013524747987333275 0.0011311086849093322 0.00022590258837252176 -0.0030531708490656954 0.0011889724127368774 -0.0060131538245793877 -0.00026948247137141833 0.00039090612701493389 0.0004230033530726374 -0.0011251404008737254
leaf_weight=29 43.046697616577148 65 23 29 47 27 266.0933952331543 48 58 22 104 27 89 38
leaf_count=29 38 65 23 29 47 27 256 48 58 22 104 27 89 38
internal_value=0.00221163 0.00257972 -0.00103448 -0.00307377 0.00329496 0 0.00275231 -0.000474684 0.00340909 -0.00240385 0.00371807 0.00550247 0.00064433 -0.00113636
internal_weight=915.14 872.093 144 121 728.093 92 681.093 157 109 51 524.093 331.093 193 65
internal_count=900 862 144 121 718 92 671 157 109 51 514 321 193 65
is_linear=0
shrinkage=0.05


Tree=564
num_leaves=15
num_cat=0
split_feature=13 13 9 2 13 2 16 9 0 14 2 0 3 3
split_gain=0.850147 1.73463 1.6276 1.55654 2.44683 1.54295 1.59272 1.32285 1.22869 0.832443 0.917376 1.08339 1.63272 0.87859
threshold=3.5791391915893898 3.4282904644093786 -0.058870663549117574 10.47896003373676 3.6413638888637321 10.944650175563529 -1.4512249999999998 0.44032991850403941 12.341179895169182 1.6154667750703615 6.3276959731977724 15.228592231224935 2.3410656135621104 12.101237045535745
decision_type=8 10 2 2 8 2 2 2 2 2 2 2 2 2
left_child=1 8 -3 7 -5 -6 -7 -2 -1 10 -10 12 -12 -11
right_child=3 2 -4 4 5 6 -8 -9 9 13 11 -13 -14 -15
leaf_value=-0.00025995025462695055 0.00021743310711833387 6.7873903798165722e-05 -0.0010980641646746133 0.0081017569289182131 -0.0096486440197867795 0.0004008860491942268 -1.9610769438771494e-05 0.00013651782977379637 0.00039190078640782833 0.00079244461375724837 -0.00023007530964225809 -0.0037134316891167976 0.00058473781561424465 9.2539284193815524e-05
leaf_weight=38 61 25 36.046697616577148 34 21 23 189 57.140092849731445 22 167 31 38 39 99
leaf_count=38 61 25 31 34 21 23 189 42 22 167 31 38 39 99
internal_value=0.00232906 0.000955218 -0.0068685 0.0040879 0.00195896 0.000106838 0.00140845 0.00884255 0.00206897 0.00289673 -0.000381679 -0.00229358 0.00140845 0.00449438
internal_weight=880.187 495.047 61.0467 385.14 267 233 212 118.14 434 396 130 108 70 266
internal_count=860 490 56 370 267 233 212 103 434 396 130 108 70 266
is_linear=0
shrinkage=0.05


Tree=565
num_leaves=15
num_cat=0
split_feature=7 7 2 13 3 2 8 7 14 2 13 15 13 0
split_gain=1.35848 1.51743 1.93031 1.27651 1.27491 1.21643 1.06472 1.32684 1.49803 1.26563 1.41318 1.2971 2.09158 1.70526
threshold=5.2500000000000009 5.1500000000000012 10.264910927332334 2.42247150652855 14.228531559047306 7.1829388544009367 5.0500000000000007 5.7500000000000009 0.75954717187007736 11.792021886871163 4.2571344728507414 -0.11977499999999999 3.4542313369358211 14.056190221390397
decision_type=2 2 2 8 2 2 10 2 2 2 8 2 10 2
left_child=1 2 5 -2 6 -1 -5 8 -8 10 11 12 -9 -13
right_child=3 -3 -4 4 -6 -7 7 9 -10 -11 -12 13 -14 -15
leaf_value=0.0002295466020791892 0.0006609239458720273 0.00013804950741031183 0.0019888691601087859 0.0011094794896403081 0.006482145856749711 -0.0069401271894574514 -0.00012050896059279317 8.2066488235921225e-05 -7.2606425625454385e-05 -3.760628593547644e-05 -0.00133452853621025 -0.01240704261009319 0.00051098264936368239 0.00048130346354671174
leaf_weight=38 41 41.093395233154297 48 40 27 27 45.093395233154297 54 98 268 47 30 51.046697616577148 57
leaf_count=38 41 31 48 40 27 27 35 54 98 268 47 30 46 57
internal_value=0.0025198 0.00678517 0.00372807 0.00164506 0.00114718 -0.00189394 0.000721753 0.000228572 -0.00400667 0.00142933 0.00406657 0.00596316 0.00967656 0.00142045
internal_weight=912.233 154.093 113 758.14 717.14 65 690.14 650.14 143.093 507.047 239.047 192.047 105.047 87
internal_count=887 144 113 743 702 65 675 635 133 502 234 187 100 87
is_linear=0
shrinkage=0.05


Tree=566
num_leaves=15
num_cat=0
split_feature=2 13 13 2 2 2 3 4 1 5 8 8 13 1
split_gain=1.61227 1.28242 1.10081 1.09429 1.14933 0.87284 0.840518 1.73115 1.10214 0.903255 0.793924 0.744283 0.773355 1.20807
threshold=11.295877263346137 4.334430235496562 3.7682742391313546 11.469521479540292 11.695012151044331 9.5129043380772824 13.858877152598263 12.433995885114134 16.068761662498513 9.1041863875524118 6.9500000000000011 9.3855000000000022 3.3231252918076066 11.961893769833667
decision_type=2 10 10 2 2 2 2 2 2 2 10 10 8 2
left_child=1 2 10 -2 -5 -4 7 9 -8 -6 -1 -12 -13 -14
right_child=3 -3 5 4 6 -7 8 -9 -10 -11 11 12 13 -15
leaf_value=-0.00032198684872430938 -0.00024867067887448673 -0.00066416793229839843 -6.2049922422191542e-05 0.00025737416160457433 9.8547435806439768e-05 0.00031348745984664832 -0.0018575548449075497 0.00098616591825564383 0.00045799637024521725 -0.0028169678167736969 0.0010351953746781106 0.00055109696174731053 0.0003038363826933677 -0.0028328053413299581
leaf_weight=34 40.046697616577148 34 32.046697616577148 51.046697616577148 346 44.046697616577148 33 21 21 25 20 116 21 54
leaf_count=34 35 34 27 46 346 39 33 21 21 25 20 116 21 54
internal_value=0.00224179 0.00485079 0.00582854 0.000511064 0.00115685 0.0110559 0.00033557 0.00114504 -0.00545455 0.000336022 0.00416667 0.0053066 0.00429688 0.000328947
internal_weight=892.187 355.093 321.093 537.093 497.047 76.0934 446 392 54 371 245 211 191 75
internal_count=872 345 311 527 492 66 446 392 54 371 245 211 191 75
is_linear=0
shrinkage=0.05


Tree=567
num_leaves=15
num_cat=0
split_feature=10 10 13 0 9 2 1 13 0 8 8 2 1 1
split_gain=1.55928 1.69415 1.25133 1.70546 1.19664 1.53298 1.36125 1.30659 1.29264 1.10736 1.29061 1.09699 1.69263 1.05917
threshold=0.92471001826442667 0.85713466239780911 3.2052931877758257 12.341179895169182 0.55554907860749159 12.157098482911444 15.056528738142783 3.298820917852527 15.658197427814342 14.050000000000002 21.750000000000004 10.746341140496785 13.252721673455397 13.922990248680849
decision_type=2 2 10 2 2 2 2 10 2 8 10 2 2 2
left_child=1 2 3 -1 7 -6 -7 -4 13 -2 -11 12 -5 -9
right_child=9 -3 4 11 5 6 -8 8 -10 10 -12 -13 -14 -15
leaf_value=-0.019210164646185642 1.9850191711401346e-05 -0.00013486429653030154 0.0026132873621627197 3.4233922096671423e-06 0.00025606282889791796 -0.00045644333871703858 0.00084693669695083966 8.1131652038046734e-06 0.00030792178149230409 0.0087938707578079766 0.00013563688359555793 -8.8854681641459274e-05 0.002249904161852201 -0.0070520223006840244
leaf_weight=25 42 62.046697616577148 33 50 101.0933952331543 30 28 109 76 21 53 212 22 48
leaf_count=25 42 57 33 50 91 30 28 109 76 21 53 212 22 48
internal_value=0.00230104 0.00150685 0.00217977 -0.000241935 0.00393654 0.00735405 0.000847458 0.00187266 0.000534188 0.00769231 0.0113333 0.000877193 0.00616438 -0.00205696
internal_weight=912.14 796.14 734.093 309 425.093 159.093 58 266 233 116 74 284 72 157
internal_count=897 781 724 309 415 149 58 266 233 116 74 284 72 157
is_linear=0
shrinkage=0.05


Tree=568
num_leaves=15
num_cat=0
split_feature=10 2 8 1 9 1 13 13 13 13 13 13 0 0
split_gain=0.744024 1.50546 1.40417 1.84453 1.29114 1.13412 0.795124 1.53821 0.754594 1.36312 1.88326 1.51474 2.00388 1.94281
threshold=0.68834802305431453 11.242196422425282 10.050000000000002 12.674202605042156 0.38469719700095528 15.085851522352518 2.7046638279755322 3.2690750720136168 3.2052931877758257 3.9013430581749602 4.0460452466982737 3.5854431883692963 15.837749150289197 14.056190221390397
decision_type=2 2 10 2 2 2 10 10 10 10 10 10 2 2
left_child=8 2 -2 -4 6 -6 -3 -8 -1 11 -11 12 13 -10
right_child=1 4 3 -5 5 -7 7 -9 9 10 -12 -13 -14 -15
leaf_value=0.00018757639554937145 0.0021374089537596007 0.00045919410934778252 0.00011979975568587321 -0.008280164398244888 -0.00013084343515056151 -0.0022286375658535197 -0.020608901108796842 0.00021224949761151636 0.0025263423460091918 -0.0048971540695608613 0.00018502111540930622 0.00037831352601713336 0.00085873052000557954 -0.0015179074465536458
leaf_weight=277 34 26 32 22 26.046697616577148 21 25 53 42 33 107 101.0933952331543 30 60
leaf_count=277 34 26 32 22 21 21 25 53 42 33 107 91 30 60
internal_value=0.00227623 -0.00010901 0.00505618 0 -0.00313172 -0.00991051 0 -0.00253165 0.00315214 0.00461739 0.00070922 0.00695165 0.00338346 0
internal_weight=889.14 239.047 88 54 151.047 47.0467 104 78 650.093 373.093 140 233.093 132 102
internal_count=874 234 88 54 146 42 104 78 640 363 140 223 132 102
is_linear=0
shrinkage=0.05


Tree=569
num_leaves=15
num_cat=0
split_feature=0 1 1 1 10 10 1 6 3 8 9 4 5 5
split_gain=1.38652 0.905483 1.86788 1.5159 2.40333 0.74273 0.659015 1.60082 1.59469 1.35831 0.988176 0.821763 1.05943 1.33655
threshold=11.473377350654021 12.116287536430383 12.399207883348884 11.608527579552712 0.52435624418390925 0.23766552919915279 15.651820649340765 0.54930614433405489 9.9945534313027373 11.950000000000001 0.44032991850403941 12.085566971509072 4.7852994436231349 6.8564750038156674
decision_type=2 2 2 2 2 2 2 2 2 10 2 2 2 2
left_child=5 3 -3 4 -2 -1 7 11 -8 -10 -11 12 -4 -14
right_child=1 2 6 -5 -6 -7 8 -9 9 10 -12 -13 13 -15
leaf_value=0.00065379579436117405 -0.00018393185670190771 9.2549926929716804e-05 0.00018037942698627686 -0.00038265905465646434 0.0029823198533120432 6.1665429383622747e-05 0.0046163131700414526 0.00077164782327121539 -0.0031761648574719194 -0.00040968834662284963 0.0016308587646790718 -0.0012426616942185387 0.0010589253200116832 0.00049411166123140002
leaf_weight=37.046697616577148 49 44.093395233154297 452 50.046697616577148 20 22 21 31 25 37 25 23 26 37
leaf_count=32 49 34 452 45 20 22 21 31 25 37 25 23 26 37
internal_value=0.00225213 0.00172524 0.00239212 -0.0023005 0.0025 0.00959532 0.00173304 0.00241228 -0.00183486 -0.00482955 -0.000793651 0.00176252 0.00218023 0.00820313
internal_weight=899.187 840.14 721.093 119.047 69 59.0467 677 569 108 87 62 538 515 63
internal_count=879 825 711 114 69 54 677 569 108 87 62 538 515 63
is_linear=0
shrinkage=0.05


Tree=570
num_leaves=15
num_cat=0
split_feature=0 9 5 5 7 14 9 14 9 15 10 8 2 10
split_gain=1.36415 1.09961 1.00421 1.90467 1.79111 1.08184 1.9718 1.74133 1.39989 1.52656 2.3179 1.29057 1.41195 1.24697
threshold=11.473377350654021 0.25881904510252091 4.7852994436231349 6.8564750038156674 6.3500000000000005 1.0079905521927708 0.37662760538417256 0.86515852990089293 0.88396761516098465 -0.79966499999999996 0.52435624418390925 13.250000000000002 11.792021886871163 0.96126169593831889
decision_type=2 2 2 2 2 2 2 2 2 2 2 10 2 2
left_child=1 -1 5 -4 -5 7 -7 8 9 -2 -11 -8 -13 -12
right_child=2 -3 3 4 -6 6 11 -9 -10 10 13 12 -14 -15
leaf_value=6.8023567282521355e-05 -0.00010317645116094746 0.00084242104847626759 0.0008941063969720276 -0.002920472976032107 0.00062008788518168605 0.00015509687216119783 -0.0036649246949164607 0.009247495337612344 7.8196057683307561e-05 -0.00013863621403238381 0.024569259690017244 0.00036904938088980769 -0.0013019914709813619 5.2247713267666863e-05
leaf_weight=29 37.046697616577148 30.046697616577148 40 26 92 262 52 21 39.093395233154297 84 26 29 81 25
leaf_count=29 32 25 40 26 92 262 52 21 29 84 26 29 81 25
internal_value=0.00231911 0.00959532 0.00178027 0.00534591 0.00210084 0.000914824 -0.000588235 0.00365088 0.00224459 0.000282193 0.00275735 -0.00490798 -0.0018018 0.0110577
internal_weight=873.187 59.0467 814.14 158 118 656.14 424 232.14 211.14 172.047 135 162 110 51
internal_count=853 54 799 158 118 641 424 217 196 167 135 162 110 51
is_linear=0
shrinkage=0.05


Tree=571
num_leaves=15
num_cat=0
split_feature=15 2 4 1 10 10 7 10 4 16 3 13 1 13
split_gain=1.11411 1.02124 0.706175 0.66939 1.29499 0.582704 1.33554 1.01291 1.05872 1.00221 1.16926 1.1999 1.18025 0.842155
threshold=-1.3495649999999999 13.945621774186813 5.6076234636338862 15.399805717441067 0.0043632677491866351 0.95172615796921589 6.1500000000000012 0.85713466239780911 5.7015566945688514 -0.33242999999999995 5.0296683944994847 3.4886076254492751 12.538991975982244 3.9169617688349754
decision_type=2 2 2 2 2 2 2 2 2 2 2 8 2 10
left_child=2 5 -1 4 -3 7 -7 9 -9 -2 11 12 -11 -13
right_child=1 3 -4 -5 -6 6 -8 8 -10 10 -12 13 -14 -15
leaf_value=6.2240913368366576e-05 -0.0038328971247745926 -0.00012297727421646255 0.00074016442820887826 -0.00067554527400232045 0.0062284108532391531 0.00023919404586275617 0.0023679393024266361 -0.0001915114304901817 0.00014053599507426461 -0.0013975178866976635 0.0001696479490895797 9.7846326531655472e-05 0.00087440630305983817 0.0009782256384395227
leaf_weight=35 27 25 36 75 20 47 31 33.046697616577148 22 32 422 55.186790466308594 29 26
leaf_count=35 27 25 36 75 20 47 31 28 22 32 422 35 29 26
internal_value=0.0027051 0.00219289 0.00868056 -0.00206612 0.00271739 0.00290045 0.00696203 0.00240022 -0.00403534 0.00300525 0.00345845 0.00736569 0.00201613 0.0113117
internal_weight=915.233 844.233 71 120 45 724.233 78 646.233 55.0467 591.187 564.187 142.187 61 81.1868
internal_count=890 819 71 120 45 699 78 621 50 571 544 122 61 61
is_linear=0
shrinkage=0.05


Tree=572
num_leaves=15
num_cat=0
split_feature=0 10 1 2 1 1 2 1 14 7 1 10 2 3
split_gain=1.02979 1.16288 0.747532 2.42412 1.58114 1.19916 2.31388 0.705711 1.77721 1.03613 2.42585 1.12667 1.13089 1.38927
threshold=11.473377350654021 -0.50376918148035232 12.116287536430383 11.295877263346137 12.296305439178973 11.608527579552712 9.3903459918807766 13.613529124121005 0.52044368876136793 6.3500000000000005 13.092214898089891 -0.79731875629095728 9.9804377701883418 8.1054501654907281
decision_type=2 2 2 2 2 2 2 2 2 2 2 2 2 2
left_child=1 -1 3 5 -4 6 -2 9 -9 11 -11 -6 -13 -14
right_child=2 -3 4 -5 7 -7 -8 8 -10 10 -12 12 13 -15
leaf_value=0.01460609109825428 -0.00014854436732730238 5.206893388189915e-05 7.2747953587595172e-05 -0.0025399010715606036 -0.0030690389543438614 -0.0015851798423544283 0.0001186311455084421 0.00085277133581538331 0.00021980816799529459 0.0032613993046373027 -0.00020242187767962607 -0.0013276419923627714 0.013560842444639643 -0.00020893013646007265
leaf_weight=23 42 32 32.093395233154297 20.046697616577148 29 40 24.046697616577148 28 456 31 24 28 25 67
leaf_count=23 42 32 22 15 29 40 19 28 456 31 24 28 25 67
internal_value=0.00280134 0.009375 0.00236351 -0.00118023 0.00298482 0.00187925 0.0059834 0.00246734 0.00350515 0 0.00580357 -0.00216667 0 0.00268817
internal_weight=901.187 55 846.187 126.093 720.093 106.047 66.0467 688 484 204 55 149 120 92
internal_count=881 55 826 116 710 101 61 688 484 204 55 149 120 92
is_linear=0
shrinkage=0.05


Tree=573
num_leaves=15
num_cat=0
split_feature=9 0 0 2 13 13 2 8 9 0 13 13 0 15
split_gain=2.20003 1.80085 1.45323 1.57254 1.54152 1.42884 1.74657 1.37019 1.32774 1.26735 1.35072 2.0277 1.36004 1.21407
threshold=0.14780800409054848 12.792548993907984 13.967506422254475 13.702597442901075 4.1966559783960333 2.9040801778212955 10.86988736148618 12.350000000000003 0.9987628127204814 15.709559553781904 3.2912581272669157 2.9864873567517889 14.975421378040194 -0.56013499999999994
decision_type=2 2 2 2 10 10 2 10 2 2 8 10 2 2
left_child=2 7 5 4 9 -1 -7 -2 13 10 11 -4 -12 -3
right_child=1 8 3 -5 -6 6 -8 -9 -10 -11 12 -13 -14 -15
leaf_value=-0.0081007181269227239 0.00027108031120584434 0.00013722081891125119 -0.00032645878844359547 -0.0003814139243431214 -0.0031752504422868284 -0.00050938330067208388 0.0016251473082593338 0.00051489947023344309 0.00023880647271614654 0.0015948042691385834 6.1499040761991982e-05 0.0010432896504762423 -0.0062256579479102129 9.7463047100559284e-06
leaf_weight=26 32.093395233154297 131.0933952331543 42 68 33 55 42 36 22 93 37 36 32 234.04669761657715
leaf_count=26 22 121 42 68 33 55 42 36 22 93 37 36 32 229
internal_value=0.00242421 0.00488968 0 0.00168129 0.00337591 -0.0046371 -0.00178571 0.012336 0.00355156 0.00477178 0.00185811 0.00632911 -0.00321429 0.00280904
internal_weight=919.233 455.233 464 341 273 123 97 68.0934 387.14 240 147 78 69 365.14
internal_count=894 430 464 341 273 123 97 58 372 240 147 78 69 350
is_linear=0
shrinkage=0.05


Tree=574
num_leaves=15
num_cat=0
split_feature=9 14 9 15 13 2 1 1 9 13 4 2 10 10
split_gain=1.28543 2.54559 1.14673 1.41094 1.03045 2.14065 0.932105 1.14599 1.82053 1.09347 1.53396 1.61138 2.28289 1.15632
threshold=0.91613344851476464 0.6981668640907871 0.9987628127204814 -0.49454499999999996 2.4859113331897214 11.774489385975263 16.386875964300703 15.651820649340765 0.36040299391450087 4.4525584794271582 10.939687849693472 13.258165646661659 -0.26932402956675622 -0.65768990033922992
decision_type=2 2 2 2 8 2 2 2 2 10 2 2 2 2
left_child=4 -2 3 -3 5 -1 7 9 -9 10 11 12 13 -6
right_child=1 2 -4 -5 6 -7 -8 8 -10 -11 -12 -13 -14 -15
leaf_value=0.0006547650006825112 7.68762180316727e-05 0.00068699874454405398 0.00021065767571759597 -0.0025296654121205633 0.0001385024775263588 -1.870894208586549e-05 0.0013352913598438266 -0.0089173868443179326 0.00034251406698388999 0.00014683218040862419 0.0013766312519840175 -0.0054114955787329059 -0.00019834618431323616 0.0039517570458249334
leaf_weight=22 43.186790466308594 26 20 40 173 29 27 40 23 58.046697616577148 57 50 241 42
leaf_count=22 23 26 20 40 173 29 27 40 23 53 57 50 241 42
internal_value=0.00216405 0.00675698 0.00172414 -0.00149254 0.00137759 0.00817308 0.000879391 0.000512618 -0.00585938 0.00116738 0.000487589 -0.000394477 0.000547046 0.00428241
internal_weight=891.233 129.187 86 66 762.047 51 711.047 684.047 63 621.047 563 506 456 215
internal_count=866 109 86 66 757 51 706 679 63 616 563 506 456 215
is_linear=0
shrinkage=0.05


Tree=575
num_leaves=15
num_cat=0
split_feature=9 15 8 0 5 0 1 7 14 14 9 2 9 9
split_gain=1.30772 1.90953 1.87117 1.78984 1.58593 1.19346 1.06273 1.54478 2.18828 1.28532 0.986214 0.962482 1.11179 0.923713
threshold=-0.81661045995358794 -0.30803999999999992 6.2500000000000009 15.048160610447411 4.7852994436231349 15.2679050273697 14.325199642858239 6.1500000000000012 2.0264800997683281 4.2009344006411995 0.61392768915927742 11.922742440033366 -0.95134567273905335 0.97813828947363146
decision_type=2 2 10 2 2 2 2 2 2 2 2 2 2 2
left_child=2 3 -1 6 13 -5 7 -2 -9 -10 -7 -4 -13 -3
right_child=1 4 11 5 -6 10 -8 8 9 -11 -12 12 -14 -15
leaf_value=0.0018707676640321109 0.0011061367744958563 -2.9319353472678778e-05 -0.0019427820155419552 -0.00024000172189073688 0.00081235126653425029 0.00097172044912113842 0.00045541658895298376 -0.00013855663680312214 0.0025344600422384958 7.2354359981674507e-05 -0.00048103348314083584 0.001136582038343459 -0.0029039667082365163 4.9526644083390158e-05
leaf_weight=21 75.093395233154297 277 59 21 62 105 32 22 43 24 56 38 32 23.046697616577148
leaf_count=21 65 277 59 21 62 105 32 22 43 24 56 38 32 18
internal_value=0.00325819 0.00412001 -0.000993377 0.00660084 0.00151817 0.00300546 0.00990563 0.0115228 0.00694444 0.0113971 0.00447531 -0.00326923 0.000704225 3.87794e-06
internal_weight=890.14 740.14 150 378.093 362.047 182 196.093 164.093 89 67 161 129 70 300.047
internal_count=875 725 150 368 357 182 186 154 89 67 161 129 70 295
is_linear=0
shrinkage=0.05


Tree=576
num_leaves=15
num_cat=0
split_feature=14 9 14 14 3 1 3 15 4 3 8 2 14 14
split_gain=1.02255 2.24822 1.25009 1.12306 1.18953 1.46373 1.30954 1.18448 1.09814 1.55127 1.54456 2.25104 1.01427 0.927795
threshold=0.54189347659399623 0.38469719700095528 0.32777594397473042 1.5868812521727478 12.050945517639123 13.613529124121005 11.886308993903119 -0.94026999999999983 9.3263113378754525 11.493478271866374 11.850000000000003 11.792021886871163 0.048652343132513279 5.0734674838097407
decision_type=2 2 2 2 2 2 2 2 2 2 10 2 2 2
left_child=1 2 12 7 6 -6 8 -2 9 -5 -10 -12 -1 -7
right_child=3 -3 -4 4 5 13 -8 -9 10 -11 11 -13 -14 -15
leaf_value=0.00038947983842110292 -1.7397096137192333e-05 9.1852316347457603e-05 0.0015640987891137271 0.0002606616891812852 -0.0025706728626037735 -0.0021626601348110372 0.00038315493165739237 -4.6576172006984606e-06 0.00095768650065508609 -0.0055015312927933603 0.002993599339308517 -0.0070339231263527148 -0.00016145554946880305 0.00032477628389993018
leaf_weight=49 24.046697616577148 76.186790466308594 23 216 26 51 20 135 33 26 25 20 42 133
leaf_count=49 19 56 23 216 26 51 20 135 33 26 25 20 42 133
internal_value=0.00253101 0.00577796 0.00130435 0.00165318 0.00272232 -0.000236967 0.00454545 -0.00203795 0.00373832 0.00205761 0.00886076 0.00271739 -0.0013587 0.00135135
internal_weight=899.233 190.187 114 709.047 550 210 340 159.047 320 242 78 45 91 184
internal_count=874 170 114 704 550 210 340 154 320 242 78 45 91 184
is_linear=0
shrinkage=0.05


Tree=577
num_leaves=15
num_cat=0
split_feature=8 9 2 14 1 14 2 8 1 15 14 4 13 4
split_gain=1.52284 1.59012 1.44104 1.09252 2.06345 2.42269 1.45817 1.07774 1.40546 1.03369 1.13422 0.906432 1.81401 1.78113
threshold=9.7500000000000018 0.94478581029364217 9.3497612623335176 1.6154667750703615 13.667301604469792 0.08405478436813274 10.75397776467535 16.250000000000004 13.092214898089891 -0.11977499999999999 1.6799638773548569 7.3975298084385548 4.5059246727066791 5.0021526326360242
decision_type=8 2 2 2 2 2 2 10 2 2 2 2 10 2
left_child=1 2 -1 4 5 -2 -6 -7 -9 10 -4 13 -13 -5
right_child=3 -3 9 11 6 7 -8 8 -10 -11 -12 12 -14 -15
leaf_value=-0.00054473698903346752 7.5780449246287695e-05 0.00022192270677521392 -0.00031572366508094698 0.00019716902127999705 0.00057928010481751453 -0.00072718928387088952 0.00016482657738617901 0.00012737269265774564 -0.0010482839930331389 0.0017080439953436333 6.3690882981859431e-05 -7.0469880828483158e-07 0.0050073128957873747 0.0016308573119610871
leaf_weight=25 66.046697616577148 38.093395233154297 21 144 23 49.046697616577148 56 33 20 74 33 252 21 34
leaf_count=25 61 28 21 144 23 44 56 33 20 74 33 252 21 34
internal_value=0.00244593 0.00638926 0.00405844 0.0013589 -0.00130999 -0.00443542 0.0053125 -0.00923045 -0.00416667 0.00620155 0.000909091 0.0028208 0.00100365 0.00558659
internal_weight=889.187 191.093 153 698.093 247.093 168.093 79 102.047 53 128 54 451 273 178
internal_count=869 181 153 688 237 158 79 97 53 128 54 451 273 178
is_linear=0
shrinkage=0.05


Tree=578
num_leaves=15
num_cat=0
split_feature=3 14 9 0 0 0 0 0 9 9 7 10 3 8
split_gain=1.2526 2.33481 1.0646 0.99368 0.819094 0.850097 0.758137 1.55689 1.06553 0.992375 0.906089 1.64317 1.11986 0.755622
threshold=4.4686749241336967 0.019220404642418244 0.88396761516098465 13.993768541603382 13.82085599507495 13.211290060426384 15.472996339817792 15.241845638203143 -0.13268856124688772 -0.96419053137135757 6.7500000000000009 1.0000000180025095e-35 12.071802164236932 17.955000000000002
decision_type=2 2 2 2 2 2 2 2 2 2 2 2 2 10
left_child=1 13 -3 4 5 -2 7 9 -9 -5 12 -12 -11 -1
right_child=3 2 -4 6 -6 -7 -8 8 -10 10 11 -13 -14 -15
leaf_value=-0.0044405313445788856 -7.8798984038735981e-05 0.00050123496737815027 4.2386834882598124e-05 -0.017539047455827905 -0.0048062716172946997 0.00071186530134861317 7.2284233602082368e-05 0.00056130346730967064 0.0021039439653217531 0.0002881234409348399 -4.2610903206097289e-05 0.0018095461756139854 -0.0012922041320772128 0.00099338425201432319
leaf_weight=27 95 121.04669761657715 31.140092849731445 24 21 38 285 24 21 113 23 23 23 26
leaf_count=27 95 116 16 24 21 38 285 24 21 113 23 23 23 26
internal_value=0.00326904 0.00669136 0.00982245 0.00224313 -0.00129032 0.000186567 0.00325885 0.00525794 0.013587 0.00338164 0.00464481 0.0106383 0.00255474 -0.00231481
internal_weight=895.187 205.187 152.187 690 154 133 536 251 45 206 182 46 136 53
internal_count=875 185 132 690 154 133 536 251 45 206 182 46 136 53
is_linear=0
shrinkage=0.05


Tree=579
num_leaves=15
num_cat=0
split_feature=13 14 3 6 15 0 8 13 13 7 16 3 14 15
split_gain=1.38833 2.07792 0.903885 0.877575 0.85704 1.00529 0.932481 0.948488 1.61752 1.44533 0.86132 0.841429 1.41458 1.58472
threshold=2.4670511503686972 3.6625774401023232 14.062721239916847 3.974898608080927 0.66927500000000018 13.246551078836207 27.450000000000003 4.5487730697576163 3.9169617688349754 5.8500000000000005 0.10701500000000001 12.590727538654626 3.8850625897218958 -0.83455499999999994
decision_type=8 2 2 2 2 2 10 10 10 2 2 2 2 2
left_child=1 -1 3 4 6 -6 7 8 -2 -10 -11 12 13 -8
right_child=2 -3 -4 -5 5 -7 11 -9 9 10 -12 -13 -14 -15
leaf_value=0.0018133955590246221 0.00038319527481767607 -9.7949525385088171e-05 0.00075947007315484432 -0.0012308130592225464 -0.010889859065983011 -7.7011679105343244e-06 -0.00070468734902635617 0.00017452103449682048 0.00072594094886651033 -0.0025030813486722537 -9.1233767128828802e-06 0.00079728474833347114 -0.018166686287528776 0.00031871996299711605
leaf_weight=32 312.0933952331543 30 36 26 20 114 48 40.046697616577148 44 36 24 35 20 71
leaf_count=32 302 30 36 26 20 114 48 35 44 36 24 35 20 71
internal_value=0.00236577 0.00952381 0.00181771 0.00145803 0.00176896 -0.00185185 0.00254064 0.00372643 0.00300253 -0.00238095 -0.00737705 -0.000571429 -0.00232143 -0.000208333
internal_weight=888.14 62 826.14 790.14 764.14 134 630.14 456.14 416.093 104 60 174 139 119
internal_count=873 62 811 775 749 134 615 441 406 104 60 174 139 119
is_linear=0
shrinkage=0.05


Tree=580
num_leaves=15
num_cat=0
split_feature=15 9 1 10 10 1 1 13 9 3 2 4 14 9
split_gain=1.20741 0.946826 0.884562 1.05271 1.28065 1.5459 1.04247 1.31277 0.910846 1.16384 0.884289 0.811993 2.1541 1.40766
threshold=-0.56013499999999994 0.97813828947363146 14.465425104264854 0.83985479045490785 0.49240481012316867 14.982908394901942 11.248608894151623 3.6413638888637321 -0.5317567659993464 8.2258375322708215 14.110151325033904 2.3410656135621104 1.2969278570195122 0.58411063003844077
decision_type=2 2 2 2 2 2 2 10 2 2 2 2 2 2
left_child=2 11 6 4 5 -4 7 -1 -8 -10 -7 13 -13 -2
right_child=1 -3 3 -5 -6 10 8 -9 9 -11 -12 12 -14 -15
leaf_value=0.00079288964552042267 4.5162602234372078e-05 0.00034033647983662887 -0.0014239618463973815 0.0016838634287095644 -0.016906088622384862 0.0061489983339870109 0.0017212784409523674 -0.00025497629069307358 2.4356818910499323e-05 0.00014424498511192985 1.6510966773897184e-05 -0.018614500429278525 6.1653695398511399e-05 0.00043539919753737919
leaf_weight=20 184 36.046697616577148 26 24 21 44 29 21 43.093395233154297 84 37 25 237 75.093395233154297
leaf_count=20 184 31 26 24 21 44 29 21 33 84 37 25 237 65
internal_value=0.00320297 0.00175315 0.0055052 0.00261438 0.000775194 0.00300926 0.00771018 0.000595238 0.00956332 0.00762986 0.00640244 0.00120158 -0.000760456 0.00318091
internal_weight=906.233 557.14 349.093 152 128 107 197.093 41 156.093 127.093 81 521.093 262 259.093
internal_count=881 542 339 152 128 107 187 41 146 117 81 511 262 249
is_linear=0
shrinkage=0.05


Tree=581
num_leaves=15
num_cat=0
split_feature=13 10 0 8 3 9 9 15 7 3 10 4 8 3
split_gain=1.72926 1.55656 2.25402 1.53091 1.26423 3.46071 1.55312 2.24792 1.66278 1.35691 1.19421 1.09508 1.07962 1.07757
threshold=3.2192265350867006 -0.13917177613245105 14.784937982753648 29.500000000000004 7.2301797797801095 0.88396761516098465 -0.31108447771655195 -0.63385499999999995 7.0500000000000007 1.0000000180025095e-35 -0.83143795248747376 3.9006956601457436 20.950000000000003 10.187518517572251
decision_type=10 2 2 10 2 2 2 2 2 2 2 2 10 2
left_child=1 2 3 -1 5 9 13 8 11 -2 -4 -8 -9 -6
right_child=4 -3 10 -5 6 -7 7 12 -10 -11 -12 -13 -14 -15
leaf_value=0.00085649184931406723 -0.00036135619792821984 0.00028124951858684579 -0.00047781060403870871 -8.0779146715936892e-05 0.0016080104891253112 0.00041362923766051306 -0.001246914583079728 -1.0764804782426031e-05 0.0040784623910975482 0.00064781499671848208 -0.0064326480346761144 0.00032866600196559406 -0.012875008095506636 0.00015938166101152619
leaf_weight=52 86 199 46 30 44 43.186790466308594 35 85 25 43 45 54 35 77
leaf_count=52 86 199 46 30 44 23 35 85 25 43 45 54 35 77
internal_value=0.0024769 -0.000134048 -0.00359195 0.00240964 0.00431603 0.00782202 0.00259831 0.000212766 0.00521739 0.00365385 -0.00896739 0.00194444 -0.00454545 0.00717213
internal_weight=899.187 372 173 82 527.187 172.187 355 234 114 129 91 89 120 121
internal_count=879 372 173 82 507 152 355 234 114 129 91 89 120 121
is_linear=0
shrinkage=0.05


Tree=582
num_leaves=15
num_cat=0
split_feature=8 13 11 8 1 1 7 8 4 4 14 14 1 1
split_gain=1.2104 1.02418 1.53165 1.04022 1.53072 0.801204 1.37488 0.643232 0.813761 0.601454 0.565616 1.49775 1.42925 1.70377
threshold=81.800000000000011 4.5201734135869565 1.0000000180025095e-35 27.600000000000005 12.538991975982244 13.092214898089891 5.8500000000000005 33.814500000000002 9.5387262101552732 3.5904155995222786 3.3267100604603139 3.1058110998530073 15.651820649340765 14.789540403529749
decision_type=10 10 2 8 2 2 2 8 2 2 2 2 2 2
left_child=1 3 -3 10 9 -6 -7 -8 -9 -5 11 -1 13 -12
right_child=-2 2 -4 4 5 6 7 8 -10 -11 12 -13 -14 -15
leaf_value=0.00018350355606325513 0.00059153056206784349 0.00010037976753087819 0.00036818383414748211 -0.0024324722388185506 0.0068303614467345236 -0.0057245332150252853 0.0022909535612240183 0.00063132957343563505 -0.0038358896666584544 -0.00011601649666043712 0.00018374007448747066 -0.026623945780209948 -0.00059553887467727056 0.0014053275698668877
leaf_weight=372.14009284973145 20 36 27.046697616577148 28 23 37 21 34 33 20 106 22 55 56
leaf_count=357 20 36 22 28 23 37 21 34 33 20 106 22 55 56
internal_value=0.00241513 0.00212622 0.00821537 0.00164101 -0.00152284 0.00100671 -0.000595238 0.00280899 0.000367647 -0.00918367 0.00265653 0.0015214 0.00470183 0.00705521
internal_weight=890.187 870.187 63.0467 807.14 196 148 125 88 67 48 611.14 394.14 217 162
internal_count=870 850 58 792 196 148 125 88 67 48 596 379 217 162
is_linear=0
shrinkage=0.05


Tree=583
num_leaves=15
num_cat=0
split_feature=8 15 15 10 15 1 14 4 13 9 8 10 3 4
split_gain=2.0488 1.28127 1.86509 1.48989 1.11015 0.926104 1.55473 1.29097 1.9833 1.23986 1.59197 1.14432 1.03384 1.08149
threshold=85.15000000000002 -0.56013499999999994 -0.87675499999999984 -0.061027619725079495 -1.3495649999999999 16.34641728054773 5.2624309282318071 1.0000000180025095e-35 3.4542313369358211 0.87567323142345177 8.0500000000000025 0.38268343236508956 9.1175663081864471 8.1261483846332627
decision_type=8 2 2 2 2 2 2 2 8 2 10 2 2 2
left_child=1 2 3 4 -1 6 7 9 12 10 -3 -8 -9 -14
right_child=-2 5 -4 -5 -6 -7 11 8 -10 -11 -12 -13 13 -15
leaf_value=0.00084721787675733908 0.00064285739874359038 -0.00044232210996433265 0.0024884551242130961 0.00055526106078629899 -0.00010804786868265915 -0.0017184590473587004 0.00075664238954848979 -0.00055455255845355828 -0.0088225067371765619 0.00026263551981415406 0.00042445432449678133 0.01333413530539862 0.0050764241252848844 9.7119339377726998e-06
leaf_weight=37 21 30 48 139.04669761657715 110 23 43 36 57 48.140092849731445 169 21 42 69
leaf_count=37 21 30 48 134 110 23 43 36 57 33 169 21 42 69
internal_value=0.00422694 0.00384187 0.00627127 0.00470713 0.00118243 0.002325 0.00276766 0.00172182 -0.00121951 0.00414485 0.002375 0.01 0.00185811 0.00424107
internal_weight=893.187 872.187 334.047 286.047 147 538.14 515.14 451.14 204 247.14 199 64 147 111
internal_count=873 852 329 281 147 523 500 436 204 232 199 64 147 111
is_linear=0
shrinkage=0.05


Tree=584
num_leaves=15
num_cat=0
split_feature=9 13 13 10 3 2 9 13 13 3 13 15 15 13
split_gain=0.776594 0.72936 2.08506 1.48671 1.52317 1.34024 1.2559 1.87211 1.18446 1.47936 1.11664 1.09009 1.45025 1.04461
threshold=0.99998096153208571 3.5815589191851385 3.9169617688349754 0.0043632677491866351 6.5822274828246474 13.422861373318293 0.9263445426916056 2.4559573733023732 2.9864873567517889 11.178132250829304 3.6780493283881963 -1.1068949999999997 -0.30803999999999992 3.0790922744843354
decision_type=2 10 10 2 2 2 2 8 10 2 10 2 2 10
left_child=1 5 3 4 -3 6 7 -1 -9 13 -5 -7 -13 -10
right_child=-2 2 -4 10 -6 11 -8 8 9 -11 -12 12 -14 -15
leaf_value=0.0011245761560562228 0.00054005142612221222 0.00051362069373153305 1.2360876459936561e-05 0.00081365826095225469 0.00050008744072517215 -0.0038934456249601792 -0.00018866341257434805 -0.00097570175737604625 0.0023417902201221977 -0.00025570966131528429 -0.00031131493150229341 0.004913268892609058 0.00040123303200036988 9.1676953326758079e-05
leaf_weight=37 20 32.093395233154297 177.04669761657715 27 51 29 40.046697616577148 143 26 41 33 39 47 145
leaf_count=37 20 22 172 27 51 29 35 143 26 41 33 39 47 145
internal_value=0.00239251 0.00215967 0.00405171 0.00851763 0.0128112 0.00104705 -0.000233618 0.000636132 -0.000491573 0.00187793 0.00245902 0.00581897 0.00862069 0.00392442
internal_weight=887.187 867.187 320.14 143.093 83.0934 547.047 432.047 392 355 212 60 115 86 171
internal_count=867 847 305 133 73 542 427 392 355 212 60 115 86 171
is_linear=0
shrinkage=0.05


Tree=585
num_leaves=15
num_cat=0
split_feature=8 1 0 9 0 9 7 10 7 1 16 14 7 4
split_gain=1.3484 1.16806 1.78266 2.78448 1.03192 1.01626 1.85237 0.90109 0.826046 1.46589 1.25969 1.02672 1.00321 0.939276
threshold=66.500000000000014 12.472406226667768 13.703158544583582 0.37662760538417256 12.657179985727591 0.19291292491168835 5.8500000000000005 1.0000000180025095e-35 6.1500000000000012 13.201816270962139 0.10701500000000001 3.7305608756602369 5.9500000000000011 10.958305702476432
decision_type=8 2 2 2 2 2 2 2 2 2 2 2 2 2
left_child=1 2 5 -4 -3 6 -1 -7 11 -10 -11 -6 -13 -12
right_child=-2 4 3 -5 8 7 -8 -9 9 10 13 12 -14 -15
leaf_value=0.00096198796655549978 0.00074401572511825775 0.0016574292968929427 0.0011137866739991177 -0.00036215876826143218 -4.3469433901988097e-05 0.000494208240455841 -0.010862799724456607 -1.9377901983730352e-05 0.00058265783034170402 6.0155581625220834e-05 0.0031565923500415762 0.0014007714670873474 -0.002394420477551451 -0.00050473094259739781
leaf_weight=33 29 25 29 44.093395233154297 272 37.046697616577148 28 34 39 208 43 40 22 20
leaf_count=33 29 25 29 34 272 32 28 34 39 208 43 40 22 20
internal_value=0.0020725 0.00171268 -0.00158226 -0.00779199 0.00272388 0.00188781 -0.00282258 0.00591516 0.00232558 0.00418006 0.00284926 0.000597015 0.00634921 0.00898438
internal_weight=903.14 874.14 205.14 73.0934 669 132.047 61 71.0467 644 310 271 334 62 63
internal_count=888 859 190 63 669 127 61 66 644 310 271 334 62 63
is_linear=0
shrinkage=0.05


Tree=586
num_leaves=15
num_cat=0
split_feature=1 1 16 13 15 13 7 2 9 1 8 7 4 7
split_gain=1.25339 1.19029 1.16973 1.07326 0.958238 1.01348 0.904929 1.80653 1.63494 1.57456 1.54582 1.3482 1.388 1.10784
threshold=11.531882702559956 12.116287536430383 1.0000000180025095e-35 4.3551327605653833 -1.2924149999999999 3.9641478046157332 6.3500000000000005 11.295877263346137 -0.25881904510252113 12.831759144235951 10.950000000000001 5.7500000000000009 7.5478401808103603 5.0500000000000007
decision_type=2 2 2 10 2 10 2 2 2 2 10 2 2 2
left_child=2 -2 -1 4 5 -3 8 -8 11 -10 -9 13 -13 -6
right_child=1 3 -4 -5 6 -7 7 10 9 -11 -12 12 -14 -15
leaf_value=-0.00017038423168660446 -0.00020669805959465661 0.0022980565268033715 0.00043927359331046408 0.00077590202697481743 0.0017646159345749979 -0.00017277623760378891 0.0033523462809627261 0.00093839363752092899 -0.0010561131578711771 -0.00010065290803411564 -3.1833591809460329e-05 0.010364003690935354 7.5360141235991662e-05 -0.00025905799629156182
leaf_weight=28 54 37 90.093395233154297 66 20 21 36 28 45.046697616577148 184 163 25 26 57
leaf_count=28 54 37 80 66 20 21 36 28 40 184 163 25 26 57
internal_value=0.0023846 0.00163664 0.00715686 0.00218439 0.00155328 0.00762712 0.0009381 0.00339912 -0.00063167 -0.00315661 0.00143229 0.00387597 0.0100962 -0.000320513
internal_weight=880.14 762.047 118.093 708.047 642.047 58 584.047 227 357.047 229.047 191 128 51 77
internal_count=865 757 108 703 637 58 579 227 352 224 191 128 51 77
is_linear=0
shrinkage=0.05


Tree=587
num_leaves=15
num_cat=0
split_feature=3 7 1 9 3 0 7 3 14 9 15 3 10 3
split_gain=1.3485 1.35526 2.29719 1.54272 1.54375 1.30282 1.94767 1.14566 1.89496 1.11716 1.49407 1.10733 1.04018 1.13904
threshold=7.2301797797801095 4.7500000000000009 12.639941056452558 0.38469719700095528 6.037845287148639 14.269691498359245 6.5500000000000007 13.738557155961646 6.596103750201924 -0.14349125604483759 0.011770000000000001 10.910499800829337 -0.49810825183760388 10.874919341877797
decision_type=2 2 2 2 2 2 2 2 2 2 2 2 2 2
left_child=1 2 -1 4 9 6 11 12 -9 10 -3 -2 -7 -14
right_child=5 3 -4 -5 -6 7 -8 8 -10 -11 -12 -13 13 -15
leaf_value=-0.0080956796878255133 -0.00048661742435756607 -0.002666667812534915 0.00060109782309967228 0.00016020629173994473 0.0011021541766377708 -0.00017280448609149348 0.0013288619137507231 0.0069987598165232486 -0.00017021200028008999 -0.00017895328551129631 0.0005389610154039326 0.00051877616363863452 0.00052563532261129531 -9.1287558755437381e-05
leaf_weight=22 55 37 25 81.186790466308594 23 166 80 23 33 30 33 39 118 129
leaf_count=22 55 37 25 61 23 166 80 23 33 30 33 39 118 129
internal_value=0.00296549 0.00606562 -0.0015625 0.00782053 0.00423387 0.00174689 0.00542857 0.00037234 0.00701754 0.00148515 0.00492958 0.000526316 -0.000543478 0.0015121
internal_weight=894.187 251.187 47 204.187 123 643 174 469 56 100 70 94 413 247
internal_count=874 231 47 184 123 643 174 469 56 100 70 94 413 247
is_linear=0
shrinkage=0.05


Tree=588
num_leaves=15
num_cat=0
split_feature=1 16 9 0 8 0 2 7 3 1 0 8 8 10
split_gain=1.144 1.89883 0.801627 0.831477 0.946669 0.586024 1.57509 0.971309 1.34676 1.96909 2.37863 1.2106 2.03428 1.50159
threshold=11.690786364590535 1.0000000180025095e-35 0.65275975246272278 13.967506422254475 16.950000000000003 16.100901953457257 11.025572197356253 7.6500000000000012 12.543348324901309 14.994734515709192 14.769969710718321 38.110000000000007 32.550000000000004 1.0000000180025095e-35
decision_type=2 2 2 2 10 2 2 2 2 2 2 10 8 2
left_child=1 -1 3 4 -3 7 -7 8 11 10 -10 12 -2 -13
right_child=5 2 -4 -5 -6 6 -8 -9 9 -11 -12 13 -14 -15
leaf_value=-0.00016700151521385488 0.00013765597787275568 -0.0005428981679161726 0.00043058323954156151 0.00011125780518830131 0.00074594185128503689 -0.0012876628763766414 0.00081142981400330607 0.0028831613154327584 -0.01384782309717263 -0.018271325755433398 0.034412792322361566 -0.00080179514258836571 -0.0011495352304972562 0.00055762600157422966
leaf_weight=29 398.04669761657715 22 32.093395233154297 25.046697616577148 29 21 156 20 20 36 20 21 30 30
leaf_count=29 393 22 22 20 29 21 156 20 20 36 20 21 30 30
internal_value=0.0028979 0.00708341 0.0101109 0.00715368 0.00336538 0.00212625 0.00463483 0.0013474 0.000946265 -0.00519481 0.00243902 0.00192933 0.00105156 0.00913462
internal_weight=889.187 137.14 108.14 76.0467 51 752.047 177 575.047 555.047 76 40 479.047 428.047 51
internal_count=869 122 93 71 51 747 177 570 550 76 40 474 423 51
is_linear=0
shrinkage=0.05


Tree=589
num_leaves=15
num_cat=0
split_feature=3 10 13 14 0 14 13 14 11 4 10 13 13 5
split_gain=1.64378 1.68737 1.95538 1.21752 0.978724 1.63002 2.00361 1.43426 1.87611 1.68371 1.07981 0.761218 0.72734 0.717372
threshold=7.2301797797801095 0.85713466239780911 3.6664690194081797 0.027208435929644881 14.449487272817015 2.9560257801180323 3.4282904644093786 4.2009344006411995 1.0000000180025095e-35 10.958305702476432 -0.52991926423320479 3.0588254485455386 3.4104915591470446 7.3218127994673532
decision_type=2 2 10 2 2 2 8 2 2 2 2 10 10 2
left_child=1 3 -3 -1 5 6 11 8 -7 -9 -8 -2 -5 -6
right_child=4 2 -4 12 13 7 10 9 -10 -11 -12 -13 -14 -15
leaf_value=0.0001353680920199718 -0.00015826498883835807 0.00094639043681262749 -3.0702607453723443e-05 0.00056416013305105039 -8.9849891523674519e-05 0.0020289702764068884 -0.0056833678312252561 -0.010445363606151094 0.00045046393793934936 0.00071467081981904104 -2.8421902507674847e-05 0.0069931976966684187 0.00039978095954912334 0.00039205999200189192
leaf_weight=52 25 28 27.046697616577148 65 354 35 21 26 24 30 21 26 87.140092849731445 82
leaf_count=52 25 28 22 65 354 35 21 26 24 30 21 26 72 82
internal_value=0.00213157 0.00548581 -0.00225111 0.00757288 0.000775194 0.00358852 -0.00132979 0.0075431 0.0129167 0.00175439 -0.00930233 0.00528846 0.00981782 -0.000572082
internal_weight=903.187 259.187 55.0467 204.14 644 208 93 115 59 56 42 51 152.14 436
internal_count=883 239 50 189 644 208 93 115 59 56 42 51 137 436
is_linear=0
shrinkage=0.05


Tree=590
num_leaves=15
num_cat=0
split_feature=1 8 13 13 0 8 1 8 13 11 4 14 8 13
split_gain=1.70419 1.38301 0.994964 1.26375 2.12243 1.76485 1.15267 1.01461 2.12121 0.990741 1.28401 1.00728 0.908375 2.27299
threshold=11.455569160370196 25.100000000000005 3.5815589191851385 3.9169617688349754 16.773669124110143 7.9000000000000012 15.755070682384991 10.950000000000001 4.334430235496562 1.0000000180025095e-35 6.1259351205958383 1.1537219472246001 17.450000000000003 3.1164077735376892
decision_type=2 10 8 10 2 10 2 10 10 2 2 2 10 10
left_child=-1 2 9 6 5 -5 -4 -7 -9 12 11 -11 -2 -14
right_child=1 -3 3 4 -6 7 -8 8 -10 10 -12 -13 13 -15
leaf_value=0.00033681881253687645 0.00012506040636008908 0.00044462157582051412 0.0012886863679788863 0.00067339903808449897 0.00062143867811657047 -0.0072506027030543796 -0.0040838412793101301 -0.0027085757837375548 0.0051753612285145301 -7.0541471455396438e-05 -4.3587211660700564e-05 -0.033339498731217686 0.00088745643924585953 -0.0027922841033146909
leaf_weight=116.0933952331543 163 221 79 23 26 25 29 32 21 31.046697616577148 65 22 29 28
leaf_count=106 163 221 79 23 26 25 29 32 21 26 65 22 29 28
internal_value=0.00164757 0.000816094 -0.000481089 0.00201271 -0.00136719 -0.00465686 0.0059633 -0.00822785 -0.00416667 -0.00221553 -0.00588985 -0.0115857 -0.000226244 -0.00560345
internal_weight=910.14 794.047 573.047 235 127 101 108 78 53 338.047 118.047 53.0467 220 57
internal_count=895 789 568 235 127 101 108 78 53 333 113 48 220 57
is_linear=0
shrinkage=0.05


Tree=591
num_leaves=15
num_cat=0
split_feature=13 8 8 13 0 14 0 0 14 14 0 1 1 0
split_gain=1.35831 2.20903 2.03439 1.27728 1.11668 1.57507 1.12668 1.02102 1.65339 1.26591 1.79575 1.10985 1.93682 1.00965
threshold=3.5888809838923401 29.975000000000005 39.500000000000007 3.4158349794804383 12.894777939625641 0.43960625398361319 14.656840512634762 12.341179895169182 2.6270969435730076 3.237719231425281 14.832976994793107 13.652850163074616 12.296305439178973 17.031060026997668
decision_type=10 10 10 10 2 2 2 2 2 2 2 2 2 2
left_child=3 4 -3 7 -2 -6 -7 8 -1 10 11 12 -9 -8
right_child=1 2 -4 -5 5 6 13 9 -10 -11 -12 -13 -14 -15
leaf_value=0.00040008965070816862 0.0003753291092079131 -0.030700708132424804 0.0004111997246649235 -8.4642721522983444e-05 -0.0003325619037058442 0.00048818552848679223 0.00029813739460413661 0.0024690988134739248 -0.016812572059628154 0.00094667315410081889 -0.00030644199438158994 0.0030833111867603737 -0.00058277982041676779 0.0007280169883939092
leaf_weight=28 41.093395233154297 24 51 87.046697616577148 39 45.046697616577148 120 50 21 193 112 30 48 22
leaf_count=28 31 24 51 82 39 40 120 50 21 193 112 30 48 22
internal_value=0.00277063 0.00525588 -0.00230263 0.00126978 0.00737861 0.00595106 0.00785 0.00227743 -0.0045 0.003053 0.000622407 0.00465116 0.0020202 0.00559441
internal_weight=911.187 342.14 75 569.047 267.14 226.047 187.047 482 49 433 240 128 98 142
internal_count=891 327 75 564 252 221 182 482 49 433 240 128 98 142
is_linear=0
shrinkage=0.05


Tree=592
num_leaves=15
num_cat=0
split_feature=0 13 1 1 8 8 2 13 13 0 0 8 15 2
split_gain=2.85556 2.62019 1.58382 1.22957 1.19726 1.01747 1.01377 1.84535 0.858423 0.813516 0.798462 0.744166 0.686884 1.24162
threshold=14.690149592381074 3.5569021725796435 13.652850163074616 11.885105159201204 34.900000000000006 25.450000000000003 10.944650175563529 3.9169617688349754 4.418491763870585 13.191239033605482 14.116041381314 29.500000000000004 1.0381650000000002 9.0965767664003732
decision_type=2 10 2 2 10 8 2 10 8 2 2 10 2 2
left_child=1 2 3 -1 9 10 7 -3 12 -5 -4 -10 13 -2
right_child=8 6 5 4 -6 -7 -8 -9 11 -11 -12 -13 -14 -15
leaf_value=0.00058207291786102069 0.00076674897002343423 0.00032989064035447995 0.010580997187201025 -0.017062708570045274 0.00039173767410254361 0.0012972488081891777 0.0012381548037949082 -0.00055654775841289532 -0.0030468945055187381 -0.00064541137291868056 -0.0030487913206970643 0.00068106075064213183 -2.9095784851384545e-05 7.6669339268820036e-05
leaf_weight=70 22 50.093395233154297 25 21 24 22 79.046697616577148 35 60 58 24 21 51.046697616577148 338
leaf_count=70 22 40 25 21 24 22 74 35 60 58 24 21 46 338
internal_value=0.00266575 0.00575231 0.00244898 -0.000143678 -0.00360577 0.00868056 0.0106183 0.00670591 9.90425e-05 -0.0065625 0.0045 -0.00457317 0.0010286 0.00180055
internal_weight=900.187 408.14 244 173 103 71 164.14 85.0934 492.047 79 49 81 411.047 360
internal_count=880 393 244 173 103 71 149 75 487 79 49 81 406 360
is_linear=0
shrinkage=0.05


Tree=593
num_leaves=15
num_cat=0
split_feature=0 13 2 2 7 7 0 0 0 16 3 3 8 0
split_gain=1.34441 2.26104 1.39306 2.07408 1.34687 1.20376 1.75219 1.12708 1.09959 1.01902 0.975423 1.22661 0.878916 1.87754
threshold=14.625529914404526 3.4968108626794572 11.000877308669148 9.9804377701883418 6.0100000000000007 5.5500000000000007 15.837749150289197 12.894777939625641 14.116041381314 0.37080500000000005 10.727269074138226 10.273469583031011 29.500000000000004 15.218706338511653
decision_type=2 10 2 2 2 2 2 2 2 2 2 2 10 2
left_child=1 4 3 7 9 6 -2 -3 -4 -1 11 -7 13 -12
right_child=5 2 8 -5 -6 10 -8 -9 -10 -11 12 -13 -14 -15
leaf_value=6.9724102412105365e-05 -0.00032318633022088063 0.00032899787427021285 0.0011696745583654744 -0.0073190614208892835 0.00089121152214838859 0.00017180011316701995 0.00072841152152226536 2.5459897521851183e-05 0.00023022662103731702 -0.0017007347081685277 -0.0047307300500539114 0.017581083366552064 0.0013386412096935809 5.3948830648664631e-05
leaf_weight=76 63.046697616577148 38.093395233154297 45 21 107 158 34 34 34.093395233154297 41 24 27 62 131
leaf_count=76 58 28 45 21 107 158 34 34 24 41 24 27 62 131
internal_value=0.00337914 0.00555071 0.00984295 0.00560438 0.00222222 0.00164751 -0.00332665 0.00960873 0.0146995 -0.00148305 0.0028536 0.00551075 0.000573394 -0.00144231
internal_weight=895.233 396.187 172.187 93.0934 224 499.047 97.0467 72.0934 79.0934 117 402 185 217 155
internal_count=870 376 152 83 224 494 92 62 69 117 402 185 217 155
is_linear=0
shrinkage=0.05


Tree=594
num_leaves=15
num_cat=0
split_feature=0 13 13 2 13 0 0 15 14 3 7 3 15 5
split_gain=2.30241 1.86276 1.44472 2.03708 1.97166 1.61874 2.13791 1.22243 1.63122 1.76832 1.09641 1.05883 1.52187 1.34123
threshold=13.418659628045447 2.8209803817511827 3.4968108626794572 8.5339892966668902 3.3318620175275444 14.638646701886138 14.13270164491426 -0.30803999999999992 1.7583073505145361 11.403916910002591 5.6500000000000012 10.187518517572251 -1.1641199999999998 7.391412193863097
decision_type=2 10 8 2 10 2 2 2 2 2 2 2 2 2
left_child=1 -1 4 -4 7 6 -5 8 -2 -10 -9 -7 -13 -14
right_child=2 -3 3 5 -6 11 -8 10 9 -11 -12 12 13 -15
leaf_value=-0.0025613230194872607 0.010886094615306152 0.00083207661878222723 -0.00011327369698021578 0.00018703539471955912 -0.0013557119805135632 0.0006759506135553706 0.00024530498238575847 -0.00072517234244644517 -0.00076066770305784905 0.0012696755942113393 0.00016637802827385029 0.003335732288758342 -0.00093175199869226515 0.00028544790129101386
leaf_weight=32 21 149.0933952331543 37.046697616577148 31 50 105 49.093395233154297 82 38 62 111 21 104 27
leaf_count=32 21 139 32 31 50 105 39 82 38 62 111 21 104 27
internal_value=0.00280201 0.00783848 0.00155744 0.00373505 -0.000684932 0.00496116 0.0111271 0.000793651 0.00471311 0.0019802 -0.00167526 0.00300388 0.000326797 -0.00170455
internal_weight=919.233 181.093 738.14 374.14 364 337.093 80.0934 314 121 100 193 257 152 131
internal_count=894 171 723 359 364 327 70 314 121 100 193 257 152 131
is_linear=0
shrinkage=0.05


Tree=595
num_leaves=15
num_cat=0
split_feature=13 8 1 2 8 7 2 14 0 7 8 9 13 7
split_gain=1.94721 1.62084 1.22088 1.32228 1.10059 1.23429 1.34771 1.26733 1.18614 1.0726 1.02414 1.50385 0.869187 0.851352
threshold=3.5888809838923401 34.050000000000004 12.190510858438126 10.352761963593805 15.850000000000003 6.3500000000000005 10.327260108516565 1.7259426525888399 16.429227772376176 6.7500000000000009 33.150000000000006 -0.35836453814071001 4.2213565905370141 6.6500000000000012
decision_type=10 10 2 2 10 2 2 2 2 2 8 2 10 2
left_child=2 4 3 -1 5 6 -2 -8 -7 -3 -4 -12 -9 -13
right_child=1 9 10 -5 -6 8 7 12 -10 -11 11 13 -14 -15
leaf_value=9.6387350200177746e-05 0.00031668154765952019 -0.0062872893369540833 -5.0633839273217521e-05 0.0017608536617735348 0.00085024315548156912 -0.013487396579707035 -0.0041608278322971424 0.00025561419304374059 7.4710087693086186e-05 0.00072986875449803095 -0.0004986666197879686 0.00014783108642089094 0.0017829347033438748 0.0012796280886457235
leaf_weight=69 52.093395233154297 36 364 36.046697616577148 78.046697616577148 23 33 38 22 38 33 31 20 25
leaf_count=69 42 36 364 31 73 23 33 38 22 38 33 31 20 25
internal_value=0.00289669 0.00587296 0.00107534 0.00590464 0.00768699 0.00556516 0.00782364 0.00407609 -0.00163043 -0.000666667 -5.50661e-05 0.00472222 0.00847458 0.00964912
internal_weight=898.187 340.14 558.047 105.047 266.14 188.093 143.093 91 45 74 453 89 58 56
internal_count=878 325 553 100 251 178 133 91 45 74 453 89 58 56
is_linear=0
shrinkage=0.05


Tree=596
num_leaves=15
num_cat=0
split_feature=0 1 13 13 14 1 0 10 10 0 0 2 2 10
split_gain=1.89799 1.35794 1.77551 1.66503 1.19674 1.03753 1.01123 0.975588 2.04368 1.50034 1.05956 1.0862 1.03773 1.30586
threshold=14.609368405666592 9.9532426738528574 3.5569021725796435 3.4463505833758972 0.40661190182880841 16.631081622174246 14.116041381314 -0.38469719700095517 -0.50376918148035232 15.370692859332076 15.748715777478411 10.86988736148618 11.252355811132036 0.47907376458949807
decision_type=2 2 10 8 2 2 2 2 2 2 2 2 2 2
left_child=1 -1 3 -3 -4 7 -6 8 -2 12 -11 -12 -9 -14
right_child=5 2 4 -5 6 -7 -8 9 -10 10 11 -13 13 -15
leaf_value=-0.00061434577997400159 5.4481247657278693e-06 0.00074995096101462269 0.00014370585522411884 -0.013038261307680899 0.00091026317141721389 0.0010261845228176636 0.00062549411411118251 0.00078890675585299166 -0.00028626301212195538 0.002975593934073695 0.00081875499210490874 0.00023404819245267385 -0.0021624020032612913 -0.000140548296714893
leaf_weight=39 172 213 36 22 55 20 23.046697616577148 36 37.046697616577148 40 22 124 23.046697616577148 37
leaf_count=39 172 213 36 22 55 20 18 36 32 40 22 124 18 37
internal_value=0.00302601 0.00565785 0.00664531 0.00413136 0.0117445 0.00102064 0.0151957 0.000554092 -0.00202892 0.00246897 0.00508021 0.00306122 -0.00258811 -0.00657148
internal_weight=899.14 388.047 349.047 235 114.047 511.093 78.0467 491.093 209.047 282.047 186 146 96.0467 60.0467
internal_count=884 383 344 235 109 501 73 481 204 277 186 146 91 55
is_linear=0
shrinkage=0.05


Tree=597
num_leaves=15
num_cat=0
split_feature=13 13 13 0 8 7 9 1 9 8 4 4 13 10
split_gain=2.67464 1.42051 1.69451 1.32398 1.12203 0.915846 1.10892 1.56337 1.44148 1.37427 1.23854 1.60193 1.53939 1.75582
threshold=3.7109553227416177 3.6413638888637321 3.5791391915893898 12.870146433785068 18.850000000000005 7.6500000000000012 0.9263445426916056 11.885105159201204 0.70088257582277269 22.050000000000004 7.0670946773313714 11.002206928624593 3.4282904644093786 0.370557437509836
decision_type=10 10 10 2 10 2 2 2 2 10 2 2 10 2
left_child=1 2 5 -2 -4 6 7 -1 10 -10 12 -12 13 -9
right_child=3 -3 4 -5 -6 -7 -8 8 9 -11 11 -13 -14 -15
leaf_value=0.00063516005978491721 0.00031872504807442721 -0.0001119120030911185 0.0032056105765281063 0.00058712613045583417 0.00065693592777145155 0.00108208444725314 0.00027543869662280266 0.0026027788830527143 -0.0024744888221043984 0.00068509926023379024 -0.00059199866299997073 0.0010347109051598526 -0.00446209851657946 -3.9006694313425966e-05
leaf_weight=63 47.093395233154297 31.046697616577148 25 231.04669761657715 20 25 55.046697616577148 82 63 29 95 47 24 64
leaf_count=63 37 26 25 226 20 25 50 82 63 29 95 47 24 64
internal_value=0.00346751 0.00164238 0.00219404 0.00753565 0.011413 0.00141624 0.00095817 0.000160256 -0.000987654 -0.00645161 0.000638978 -0.0027972 0.00350877 0.00544218
internal_weight=901.233 623.093 592.047 278.14 45 547.047 522.047 467 404 92 312 142 170 146
internal_count=876 613 587 263 45 542 517 467 404 92 312 142 170 146
is_linear=0
shrinkage=0.05


Tree=598
num_leaves=15
num_cat=0
split_feature=0 2 2 0 8 0 13 14 9 9 0 9 8 7
split_gain=1.75759 1.3396 2.58122 1.56884 1.8706 1.11666 1.16926 1.71794 1.17021 1.02051 1.20114 1.82124 1.35551 1.4534
threshold=14.729040500317927 11.06362216610218 11.703499508145093 14.159144017181173 18.550000000000004 15.241845638203143 3.1517080845114083 1.1100770881171587 0.087148275903737818 0.74311652879956314 15.523471602466001 0.61392768915927742 12.230000000000002 5.7500000000000009
decision_type=2 2 2 2 10 2 10 2 2 2 2 2 10 2
left_child=1 -1 -3 4 -4 6 -2 -8 -9 10 -7 12 13 -12
right_child=5 2 3 -5 -6 9 7 8 -10 -11 11 -13 -14 -15
leaf_value=0.00015642660342682222 -0.00064968222540320311 0.0011342896133063225 0.001688775868316661 0.001457575943333278 -0.0073015814764445745 0.00071020853480399106 -0.00099526029417373852 -0.0020292846366112729 0.0085466040735761913 0.00086575971387516939 -0.00044496857284650473 -0.0059781562408932681 -0.00018403041136005882 0.0010769046049803111
leaf_weight=211.0933952331543 39 64.093395233154297 34 53 49 56 27.046697616577148 24 23 78 24 21 134 47
leaf_count=201 39 54 34 53 49 56 22 24 23 78 24 21 134 47
internal_value=0.00265862 0.00504545 0.00796811 0.0040146 -0.000297619 0.000577649 -0.00373678 -1.55562e-05 0.00572917 0.00193906 0.000530035 -0.00110132 0.000364078 0.00590278
internal_weight=884.233 411.187 200.093 136 83 473.047 113.047 74.0467 47 360 282 226 205 71
internal_count=859 391 190 136 83 468 108 69 47 360 282 226 205 71
is_linear=0
shrinkage=0.05


Tree=599
num_leaves=15
num_cat=0
split_feature=0 2 7 6 15 7 7 1 0 0 10 7 16 2
split_gain=1.45997 1.61716 1.93866 1.52415 1.30017 1.54356 3.06029 1.30668 1.24624 1.24422 1.2399 0.884759 1.10262 1.29358
threshold=14.609368405666592 14.684341796189964 6.8500000000000005 3.974898608080927 0.41184500000000007 6.1500000000000012 5.4500000000000011 9.9532426738528574 14.845684720853265 11.473377350654021 0.23766552919915279 5.3500000000000005 0.10701500000000001 13.702597442901075
decision_type=2 2 2 2 2 2 2 2 2 2 2 2 2 2
left_child=4 3 -3 8 7 6 10 -1 -2 -9 -6 -10 13 -13
right_child=1 2 -4 -5 5 -7 -8 9 11 -11 -12 12 -14 -15
leaf_value=-0.00076424855340858917 -0.00026307125030096 -0.00054980709303236179 0.0012348465240457742 -0.0021810567394871861 0.00026894633934560549 0.0013587483388272316 -0.0071190785882775725 0.0015395368576347742 -0.0010410049351925134 0.00059529917149851459 -0.00091221466979108658 0.00017430295884739435 0.00092264208080682368 -0.0059619123425650013
leaf_weight=27 50.046697616577148 21 30 20 33.046697616577148 22 33 27 54 207 21 183 117 45
leaf_count=27 45 21 30 20 28 22 33 27 54 207 21 183 117 45
internal_value=0.00151499 -0.000194162 0.00817308 -0.00111939 0.00391101 -0.00067092 -0.00367796 0.00582061 -0.000502542 0.00702128 0.00365449 0.0004375 0.00137283 -0.000655022
internal_weight=890.093 520.047 51 469.047 370.047 109.047 87.0467 261 449.047 234 54.0467 399 345 228
internal_count=880 515 51 464 365 104 82 261 444 234 49 399 345 228
is_linear=0
shrinkage=0.05


end of trees

feature_importances:
log_gdp_per_capita=958
log_pop_mmi5=935
log_pop_mmi4=869
depth_km=724
log_pop_mmi6=708
hour_sin=641
log_global_expected=610
magnitude=544
country_factor=536
hour_cos=534
log_pop_mmi7=499
log_pop_mmi8=283
log_pop_mmi9=203
region_factor=188
income_class=79
log_pop_mmi10=61
is_night=28

parameters:
[boosting: gbdt]
[objective: quantile]
[metric: quantile]
[tree_learner: serial]
[device_type: cpu]
[data_sample_strategy: bagging]
[data: ]
[valid: ]
[num_iterations: 600]
[learning_rate: 0.05]
[num_leaves: 15]
[num_threads: 2]
[seed: 11]
[deterministic: 0]
[force_col_wise: 0]
[force_row_wise: 0]
[histogram_pool_size: -1]
[max_depth: -1]
[min_data_in_leaf: 20]
[min_sum_hessian_in_leaf: 0.001]
[bagging_fraction: 0.8]
[pos_bagging_fraction: 1]
[neg_bagging_fraction: 1]
[bagging_freq: 1]
[bagging_seed: 27648]
[bagging_by_query: 0]
[feature_fraction: 0.8]
[feature_fraction_bynode: 1]
[feature_fraction_seed: 4989]
[extra_trees: 0]
[extra_seed: 22223]
[early_stopping_round: 0]
[early_stopping_min_delta: 0]
[first_metric_only: 0]
[max_delta_step: 0]
[lambda_l1: 0]
[lambda_l2: 1]
[linear_lambda: 0]
[min_gain_to_split: 0]
[drop_rate: 0.1]
[max_drop: 50]
[skip_drop: 0.5]
[xgboost_dart_mode: 0]
[uniform_drop: 0]
[drop_seed: 21136]
[top_rate: 0.2]
[other_rate: 0.1]
[min_data_per_group: 100]
[max_cat_threshold: 32]
[cat_l2: 10]
[cat_smooth: 10]
[max_cat_to_onehot: 4]
[top_k: 20]
[monotone_constraints: ]
[monotone_constraints_method: basic]
[monotone_penalty: 0]
[feature_contri: ]
[forcedsplits_filename: ]
[refit_decay_rate: 0.9]
[cegb_tradeoff: 1]
[cegb_penalty_split: 0]
[cegb_penalty_feature_lazy: ]
[cegb_penalty_feature_coupled: ]
[path_smooth: 0]
[interaction_constraints: ]
[verbosity: -1]
[saved_feature_importance_type: 0]
[use_quantized_grad: 0]
[num_grad_quant_bins: 4]
[quant_train_renew_leaf: 0]
[stochastic_rounding: 1]
[linear_tree: 0]
[max_bin: 255]
[max_bin_by_feature: ]
[min_data_in_bin: 3]
[bin_construct_sample_cnt: 200000]
[data_random_seed: 74]
[is_enable_sparse: 1]
[enable_bundle: 1]
[use_missing: 1]
[zero_as_missing: 0]
[feature_pre_filter: 1]
[pre_partition: 0]
[two_round: 0]
[header: 0]
[label_column: ]
[weight_column: ]
[group_column: ]
[ignore_column: ]
[categorical_feature: ]
[forcedbins_filename: ]
[precise_float_parser: 0]
[parser_config_file: ]
[objective_seed: 24011]
[num_class: 1]
[is_unbalance: 0]
[scale_pos_weight: 1]
[sigmoid: 1]
[boost_from_average: 1]
[reg_sqrt: 0]
[alpha: 0.5]
[fair_c: 1]
[poisson_max_delta_step: 0.7]
[tweedie_variance_power: 1.5]
[lambdarank_truncation_level: 30]
[lambdarank_norm: 1]
[label_gain: ]
[lambdarank_position_bias_regularization: 0]
[eval_at: ]
[multi_error_top_k: 1]
[auc_mu_weights: ]
[num_machines: 1]
[local_listen_port: 12400]
[time_out: 120]
[machine_list_filename: ]
[machines: ]
[gpu_platform_id: -1]
[gpu_device_id: -1]
[gpu_device_id_list: ]
[gpu_use_dp: 0]
[num_gpu: 1]

end of parameters

pandas_categorical:[]
