tree
version=v4
num_class=1
num_tree_per_iteration=1
label_index=0
max_feature_idx=13
objective=quantile
feature_names=log_pop_mmi4 log_pop_mmi5 log_pop_mmi6 log_pop_mmi7 log_pop_mmi8 log_pop_mmi9 log_pop_mmi10 magnitude depth_km hour_sin hour_cos is_night income_class log_gdp_per_capita
feature_infos=[0:18.068053141323848] [0:18.344690609333927] [0:16.833574244034352] [0:16.416339513323674] [0:15.645620570190685] [0:14.588431948617044] [0:12.597190319681063] [3.7999999999999998:9] [0.5:231] [-1:1] [-1:1] [0:1] [0:3] [1.6143467651012597:4.7267059116983585]
tree_sizes=1311 1419 1416 1425 1422 1432 1417 1421 1422 1422 1426 1439 1440 1425 1410 1431 1429 1426 1415 1423 1434 1411 1422 1445 1427 1426 1437 1409 1429 1421 1399 1436 1417 1424 1422 1440 1452 1424 1428 1411 1432 1432 1421 1429 1433 1412 1439 1432 1420 1427 1429 1430 1432 1424 1424 1429 1441 1445 1435 1427 1434 1432 1434 1439 1445 1440 1438 1440 1429 1428 1432 1423 1438 1454 1417 1450 1445 1440 1441 1447 1433 1430 1432 1444 1447 1440 1450 1433 1426 1436 1444 1448 1439 1443 1431 1429 1447 1429 1442 1446 1422 1456 1440 1434 1426 1453 1457 1443 1454 1443 1437 1448 1436 1436 1450 1423 1438 1445 1429 1428 1450 1454 1419 1422 1446 1451 1426 1443 1436 1439 1452 1455 1441 1444 1453 1444 1448 1447 1449 1462 1459 1446 1447 1434 1444 1454 1449 1446 1461 1447 1447 1437 1441 1425 1452 1446 1419 1436 1452 1437 1445 1444 1438 1465 1466 1448 1446 1446 1454 1440 1452 1448 1441 1460 1461 1458 1460 1457 1444 1453 1448 1448 1451 1439 1455 1448 1446 1435 1446 1450 1452 1448 1451 1441 1465 1448 1451 1448 1451 1448 1430 1430 1448 1441 1433 1440 1443 1449 1450 1446 1436 1448 1448 1445 1446 1438 1454 1450 1447 1447 1460 1426 1450 1453 1440 1454 1434 1454 1454 1446 1432 1462 1453 1451 1445 1446 1441 1423 1456 1446 1457 1452 1456 1453 1451 1446 1454 1445 1430 1456 1429 1466 1445 1443 1436 1462 1453 1427 1452 1463 1439 1471 1458 1449 1441 1447 1434 1457 1452 1452 1440 1436 1457 1449 1432 1458 1450 1453 1439 1457 1457 1434 1446 1452 1446 1458 1456 1444 1439 1451 1436 1438 1456 1460 1435 1443 1460 1460 1457 1451 1452 1454 1447 1443 1457 1433 1457 1452 1451 1455 1442 1446 1452 1455 1450 1433 1463 1454 1443 1462 1456 1447 1432 1446 1460 1457 1457 1452 1447 1454 1455 1461 1461 1474 1462 1443 1465 1464 1443 1466 1444 1465 1463 1449 1456 1450 1455 1463 1458 1456 1467 1450 1446 1448 1464 1462 1455 1459 1459 1448 1443 1454 1460 1449 1466 1462 1439 1444 1439 1464 1462 1435 1470 1462 1449 1445 1463 1439 1451 1453 1456 1431 1456 1437 1453 1450 1464 1466 1459 1451 1450 1452 1465 1446 1438 1452 1438 1457 1474 1458 1450 1449 1460 1465 1457 1457 1439 1451 1466 1447 1446 1468 1434 1458 1464 1455 1455 1460 1458 1449 1438 1465 1451 1445 1451 1448 1469 1447 1462 1463 1455 1452 1454 1437 1456 1470 1466 1466 1461 1468 1457 1445 1442 1441 1450 1449 1460 1454 1460 1452 1468 1464 1451 1447 1474 1453 1473 1464 1447 1446 1446 1471 1458 1465 1460 1462 1465 1456 1473 1465 1466 1468 1451 1460 1467 1468 1461 1471 1469 1464 1452 1452 1433 1460 1430 1432 1464 1451 1458 1440 1441 1421 1432 1471 1433 1428 1438 1416 1453 1457 1442 1457 1463 1456 1464 1453 1440 1458 1456 1460 1456 1456 1456 1442 1447 1442 1446 1463 1455 1431 1447 1446 1459 1455 1462 1464 1449 1472 1450 1458 1450 1448 1463 1458 1454 1433 1460 1452 1457 1440 1451 1453 1457 1438 1453 1449 1454 1435 1451 1453 1459 1452 1456 1446 1445 1449 1443 1448 1429 1452 1462 1468 1448 1462 1442 1457 1453 1440 1451 1457 1452 1450 1443 1466 1455 1471 1451 1458 1460 1455 1462 1452 1457 1448 1451 1446 1456 1449 1453 1450 1456 1456 1438 1464 1458 1457 1469 1446 1468 1460

Tree=0
num_leaves=15
num_cat=0
split_feature=5 3 1 13 3 3 0 8 3 2 8 3 2 9
split_gain=10.2668 3.12386 1.78182 2.20984 1.03893 1.60102 0.495084 0.426038 0.37863 0.222669 0.140544 0.407923 0.126151 0.0753018
threshold=10.505546430446111 13.846883708988537 14.301187463605904 3.1354785104979772 9.5140107174952622 11.297381487818138 16.366283092436344 19.900000000000002 9.9880899196860078 13.066590298738898 16.550000000000004 10.16906799463011 11.490285976524159 -0.5
decision_type=2 2 2 8 2 2 2 10 2 2 10 2 2 2
left_child=1 2 9 4 -4 -6 13 -7 -8 10 11 12 -1 -5
right_child=-2 -3 3 6 5 7 8 -9 -10 -11 -12 -13 -14 -15
leaf_value=6.8399457931518555 7.0335149943227986 6.9760078888133021 6.8705358560908936 6.8952203178391116 6.9503211832046512 6.990831344509858 6.8032419159683091 6.8996097999644466 6.959222303410467 6.9259429453009265 6.8399457931518555 6.9245278577399931 6.8559170098853039 6.8724821138282826
leaf_weight=162 34 26 21 34 31 20 20 29 20 25 221 36 21 73
leaf_count=162 34 26 21 34 31 20 20 29 20 25 221 36 21 73
internal_value=6.90882 6.90807 6.90769 6.90974 6.91314 6.91468 6.9074 6.91121 6.91022 6.9066 6.90644 6.907 6.90642 6.90634
internal_weight=773 739 713 248 101 80 147 49 40 465 440 219 183 107
internal_count=773 739 713 248 101 80 147 49 40 465 440 219 183 107
is_linear=0
shrinkage=1


Tree=1
num_leaves=15
num_cat=0
split_feature=4 5 5 4 1 3 8 13 7 0 3 7 13 9
split_gain=11.0586 3.2953 1.37173 0.897474 0.69788 0.630544 0.900631 1.16648 1.54126 0.572649 0.265319 0.175036 0.41052 0.0358549
threshold=11.029703962483154 10.505546430446111 7.3663478448717816 12.292368375529856 14.577626253153641 10.16906799463011 17.150000000000002 3.856502663628596 6.0100000000000007 15.414201147005278 12.646531047360506 6.4500000000000011 3.2891799922809661 -0.74458692413791694
decision_type=2 2 2 2 2 2 10 8 2 2 2 2 10 2
left_child=2 3 5 9 -4 11 7 8 -7 -2 -8 13 -13 -1
right_child=1 -3 4 -5 -6 6 10 -9 -10 -11 -12 12 -14 -15
leaf_value=-0.037876522647888662 -0.022874484140216741 0.1260052891817289 -0.0011871979411814477 0.068496537997830328 0.046201913713485226 -0.016551790618238933 -0.039138819455344212 -0.032018570656753065 0.031243127406804821 0.034979500713016684 0.0068146611363720426 0.014718049890380058 -0.035669131366841321 -0.067128073958552012
leaf_weight=63 22 28 22 21 23 31 108 29 25 29 37 23 36 289
leaf_count=63 22 28 22 21 23 31 108 29 25 29 37 23 36 289
internal_value=-6.09918e-05 0.00920792 -0.00142358 0.00567123 0.00358696 -0.00178037 -0.000519481 0.0019186 0.00442105 0.00340385 -0.00195206 -0.00248301 -0.000950001 -0.00273654
internal_weight=786 100 686 72 45 641 230 85 56 51 145 411 59 352
internal_count=786 100 686 72 45 641 230 85 56 51 145 411 59 352
is_linear=0
shrinkage=0.03


Tree=2
num_leaves=15
num_cat=0
split_feature=4 4 2 5 3 8 13 1 2 2 8 2 13 13
split_gain=11.8328 2.70226 1.2672 1.01326 0.801243 0.687907 0.887236 0.617158 0.585801 0.569497 0.459624 0.10261 0.0710022 0.231186
threshold=12.292368375529856 10.828407860445482 12.553593453303575 7.3663478448717816 9.7758808454862294 14.050000000000002 2.9864873567517889 14.069330158397308 14.817012870963723 13.457194727518674 18.550000000000004 14.022891220075584 3.2837557712968031 3.0588254485455386
decision_type=2 2 2 2 2 10 8 2 2 2 10 2 8 10
left_child=1 3 -3 4 12 6 -6 -8 -2 -7 -4 -11 13 -1
right_child=8 2 10 -5 5 9 7 -9 -10 11 -12 -13 -14 -15
leaf_value=-0.05605254351325021 0.079934447553823618 -0.0037579913095945627 0.077545619665046417 0.030802153970090403 0.022882292988859187 -0.045649703280417009 0.014769769651220654 -0.032473747411102205 0.10594135648317611 0.0033801213669568553 0.029530879777994429 0.0005469045563248181 -0.079858324575396725 -0.044475828746074475
leaf_weight=104 23 20 21 37 20 129 27 41 21 20 27 29 191 65
leaf_count=104 23 20 21 37 20 129 27 41 21 20 27 29 191 65
internal_value=0.000135309 -0.000782788 0.00486956 -0.00136898 -0.0016555 -0.000404495 0.00175281 8.69558e-05 0.0150667 -0.00147486 0.00746939 0.00126 -0.00257618 -0.0021
internal_weight=775 731 68 663 626 266 88 68 44 178 48 49 360 169
internal_count=775 731 68 663 626 266 88 68 44 178 48 49 360 169
is_linear=0
shrinkage=0.03


Tree=3
num_leaves=15
num_cat=0
split_feature=5 4 13 3 0 7 13 0 3 0 0 7 3 13
split_gain=11.9301 3.24136 1.53766 0.660565 0.451546 0.380969 0.438921 0.540182 0.653073 0.742091 0.112133 0.0432509 0.0980547 0.0619169
threshold=10.505546430446111 10.925685818930324 2.2711502604392559 12.360533806562113 15.33135117600545 6.0100000000000007 3.624277951196841 13.319403878396569 11.287165286345504 15.023877298199141 15.518871597745168 5.3500000000000005 1.0000000180025095e-35 3.1703446347558448
decision_type=2 2 8 2 2 2 10 2 2 2 2 2 2 8
left_child=1 2 -1 -3 -5 11 7 -7 9 -9 -10 -4 -13 -14
right_child=-2 3 5 4 -6 6 -8 8 10 -11 -12 12 13 -15
leaf_value=0.02520645912367404 0.10158686506935262 0.00035883124388024417 -0.084127492324330991 0.041210906990404465 0.057923134504719295 -0.040306270034575896 -0.045950383559385279 0.03352815368234862 -0.038607166727281012 0.00070351317789722756 -0.027555036897186476 -0.057087809217692527 -0.023927096136447633 -0.054698042473924714
leaf_weight=24 34 25 187 30 23 46 77 28 29 39 20 24 79 119
leaf_count=24 34 25 187 30 23 46 77 28 29 39 20 24 79 119
internal_value=-0.00032102 -0.00111851 -0.00179198 0.00463291 0.0065 -0.00207088 -0.0011125 -0.00022086 0.000871794 0.00277941 -0.00174 -0.00262683 -0.0023139 -0.00253266
internal_weight=784 750 672 78 53 648 239 162 116 67 49 409 222 198
internal_count=784 750 672 78 53 648 239 162 116 67 49 409 222 198
is_linear=0
shrinkage=0.03


Tree=4
num_leaves=15
num_cat=0
split_feature=5 3 13 7 8 13 2 2 13 2 4 9 2 10
split_gain=11.1159 2.66791 2.06182 0.889125 0.787209 1.1564 1.12767 0.878139 0.617238 0.292826 0.415976 0.27293 0.570129 0.11454
threshold=10.349419392983219 13.846883708988537 2.2711502604392559 6.0100000000000007 16.550000000000004 3.856502663628596 11.732151351909677 12.873474209352844 3.2104665914503525 13.066590298738898 11.216549419137861 0.86382728211298232 11.518526451329047 -0.96047288537312736
decision_type=2 2 8 2 10 10 2 2 8 2 2 2 2 2
left_child=1 2 -1 11 5 6 8 -8 -5 13 -11 -4 -13 -6
right_child=-2 -3 3 4 9 -7 7 -9 -10 10 -12 12 -14 -15
leaf_value=0.031835880662326198 0.11049875257731132 0.060979028152518079 -0.053057103157463405 -0.046939130742507301 -0.013796090124525305 -0.028944562134186551 0.075904110861182358 0.033817364033504875 0.018468370337114785 0.026930041026309096 -0.029742321976103062 -0.07253522365973876 0.012895191396080259 -0.033372451987285716
leaf_weight=26 40 29 329 25 22 35 20 21 27 32 20 42 34 98
leaf_count=26 40 29 329 25 22 35 20 21 27 32 20 42 34 98
internal_value=0.000149812 -0.000670172 -0.00102869 -0.00133853 -9.96685e-05 0.00167442 0.00341489 0.00707143 0.000452829 -0.00142197 0.000452829 -0.0022537 -0.000623377 -0.00223141
internal_weight=800 760 731 705 300 128 93 41 52 172 52 405 76 120
internal_count=800 760 731 705 300 128 93 41 52 172 52 405 76 120
is_linear=0
shrinkage=0.03


Tree=5
num_leaves=15
num_cat=0
split_feature=5 3 7 13 0 13 0 0 13 1 1 7 3 9
split_gain=8.85354 3.03878 1.08505 1.67829 0.706804 0.639973 0.549891 0.370746 0.454461 0.136729 0.224565 0.124117 0.232653 0.166159
threshold=10.881566037219619 13.846883708988537 6.0100000000000007 2.5792618030442798 14.477298238986755 3.9765686453385891 16.535719569946661 15.869687497168393 3.298820917852527 13.076813198341064 13.893771504436009 5.3500000000000005 1.3195286648076296 0.88144907265856365
decision_type=2 2 2 8 2 10 2 2 10 2 2 2 2 2
left_child=1 2 11 -4 9 6 7 8 -6 -5 -11 -1 -13 -14
right_child=-2 -3 3 4 5 -7 -8 -9 -10 10 -12 12 13 -15
leaf_value=-0.081961510449355041 0.096334493762782747 0.067428067858405327 0.04005636678400927 -0.055306994864835028 0.028789727894510453 -0.037432417371356767 0.069299745990178213 -0.018849875365037162 -0.028305810292054898 0.0082135024905559077 -0.005380544187078078 0.0096984204254784087 -0.041677482876011147 -0.005680776610057673
leaf_weight=179 27 27 30 82 37 32 23 30 28 20 22 21 162 30
leaf_count=179 27 27 30 82 37 32 23 30 28 20 22 21 162 30
internal_value=-0.000159788 -0.000799724 -0.00118795 0.000157376 -0.000589092 0.000794701 0.00181513 0.000781249 0.00204545 -0.002256 -0.00083721 -0.00222901 -0.0017243 -0.00205181
internal_weight=750 723 696 304 274 150 118 95 65 124 42 392 213 192
internal_count=750 723 696 304 274 150 118 95 65 124 42 392 213 192
is_linear=0
shrinkage=0.03


Tree=6
num_leaves=15
num_cat=0
split_feature=5 7 1 13 1 13 4 7 4 13 4 0 4 7
split_gain=8.21434 1.86186 1.74566 1.63383 1.67296 0.778997 0.416461 0.48431 0.448378 0.25001 0.326766 0.749131 0.202423 0.216326
threshold=10.881566037219619 6.0100000000000007 12.59263845812521 3.9132263560644254 16.174349518957104 2.6224930702738773 8.344892515149466 6.5500000000000007 11.716090968666473 3.185065009498079 5.3143452077681035 15.165964624442799 9.4649603676337026 6.6500000000000012
decision_type=2 2 2 8 2 10 2 2 2 8 2 2 2 2
left_child=1 9 -3 4 5 -4 7 -7 12 10 -1 -12 -8 -14
right_child=-2 2 3 -5 -6 6 8 -9 -10 -11 11 -13 13 -15
leaf_value=-0.038969272519714236 0.099618557475377081 -0.060698470854767587 0.02759261312335267 -0.026566244886537943 0.068660242656882045 0.029884015947773328 -0.025519285242799054 0.017169823190448342 0.041214667704873746 -0.059551956003600817 -0.060113386350166262 0.026319888377854327 -0.024096191544309403 0.014961621385517248
leaf_weight=127 26 80 26 55 20 24 24 24 20 252 23 23 24 29
leaf_count=127 26 80 26 55 20 24 24 24 20 252 23 23 24 29
internal_value=-0.000258355 -0.000841756 0.000862385 0.00211336 0.00342187 0.00242442 0.0015411 0.00379592 0.000397958 -0.00214789 -0.00125862 0.000893616 -0.000653847 0.000388888
internal_weight=777 751 326 246 191 171 145 48 97 425 173 46 77 53
internal_count=777 751 326 246 191 171 145 48 97 425 173 46 77 53
is_linear=0
shrinkage=0.03


Tree=7
num_leaves=15
num_cat=0
split_feature=5 3 13 4 0 7 8 3 13 0 3 8 13 13
split_gain=9.00162 2.45706 1.29859 1.22192 0.896046 0.693677 0.7945 1.19104 0.763889 0.311259 0.193177 0.156761 0.0781503 0.163302
threshold=11.267245234223749 12.360533806562113 3.624277951196841 10.925685818930324 15.33135117600545 6.0100000000000007 19.020000000000003 10.318518667578642 3.066571616749731 14.784937982753648 9.8801376747377905 5.0500000000000007 3.185065009498079 3.0588254485455386
decision_type=2 2 10 2 2 2 10 2 8 2 2 10 8 10
left_child=1 5 3 -3 -5 11 7 9 -9 -7 -8 -1 13 -13
right_child=-2 2 -4 4 -6 6 10 8 -10 -11 -12 12 -14 -15
leaf_value=-0.008503738923199583 0.10754764852996218 0.0093154440441284639 -0.0111718127329807 0.019103162589714302 0.068354010379277672 0.004825256894995209 -0.036025625744489212 0.033587726242154115 0.0096700184578183499 -0.026059829505888862 -0.032966419661418618 -0.045243484887986733 -0.059866735581960984 -0.0037547460454960251
leaf_weight=34 24 37 31 22 25 39 32 22 32 39 76 109 217 29
leaf_count=34 24 37 31 22 25 39 32 22 32 39 76 109 217 29
internal_value=-0.000187257 -0.000781209 0.00323276 0.00515294 0.0083125 -0.00151905 -0.000248963 0.00130827 0.00469091 -0.00106329 -0.00214679 -0.0023 -0.00248596 -0.00189928
internal_weight=768 744 115 84 47 629 240 132 54 78 108 389 355 138
internal_count=768 744 115 84 47 629 240 132 54 78 108 389 355 138
is_linear=0
shrinkage=0.03


Tree=8
num_leaves=15
num_cat=0
split_feature=5 10 3 0 4 2 12 0 13 13 1 13 13 10
split_gain=9.17435 2.1544 1.05615 0.851483 0.418193 0.400216 0.37747 0.492188 0.526405 0.589126 0.362423 0.519091 0.888422 0.0778333
threshold=9.6651824461670319 0.24188504972319264 13.846883708988537 16.661119519435658 3.0557336697513398 12.276427878909496 2.5000000000000004 15.414201147005278 3.3679762682953696 2.9595010195883922 14.637936286036775 3.2794349174880142 3.4282904644093786 -0.5
decision_type=2 2 2 2 2 2 10 2 8 10 2 10 10 2
left_child=2 -2 3 4 13 -5 7 10 9 -9 11 -6 -13 -1
right_child=1 -3 -4 5 6 -7 -8 8 -10 -11 -12 12 -14 -15
leaf_value=-0.062095390721772094 0.065349975124705542 0.089927547892909146 0.05315596461549419 -0.0099661957913195782 -0.043499848633971258 0.063704013163198472 -0.046319686114130634 0.024357875500589203 0.026850561955306041 -0.033679618151691154 0.021487111869635606 0.019252095171187006 -0.027672423434523273 -0.053166050366749061
leaf_weight=124 23 29 21 21 102 20 61 29 20 28 22 28 31 211
leaf_count=124 23 29 21 21 102 20 61 29 20 28 22 28 31 211
internal_value=-0.000272374 0.0117736 -0.00115995 -0.00136246 -0.00162557 0.00278571 -0.000847827 -0.000344828 0.00165385 0.000155172 -0.00119022 -0.00168519 0.000549999 -0.00236607
internal_weight=770 52 718 697 656 41 321 260 77 57 183 161 59 335
internal_count=770 52 718 697 656 41 321 260 77 57 183 161 59 335
is_linear=0
shrinkage=0.03


Tree=9
num_leaves=15
num_cat=0
split_feature=5 3 4 13 4 3 13 9 13 4 13 13 10 9
split_gain=7.57072 1.89248 0.794552 0.934191 0.566255 0.271571 0.198038 0.216162 0.395295 0.185443 0.234997 0.414851 0.27629 0.129729
threshold=10.505546430446111 13.846883708988537 7.3312075990967118 2.6777619612815573 8.344892515149466 11.094983732226657 3.7650858210772653 0.86382728211298232 3.1517080845114083 9.6251735214367411 2.9450127606983019 3.2877271959001342 -0.5 1.0000000180025095e-35
decision_type=2 2 2 8 2 2 10 2 10 2 10 10 2 2
left_child=1 2 6 5 -5 -4 7 13 -9 -6 -11 -12 -13 -1
right_child=-2 -3 3 4 9 -7 -8 8 -10 10 11 12 -14 -15
leaf_value=-0.029617475475580746 0.093809791243352425 0.050463070377531248 0.011063398125653887 0.027559583515691155 -0.043156060058457672 0.05155087853699758 -0.053481259050289352 -0.062079537717295706 0.018802309229714709 -0.043173481316034601 0.018081472859065979 0.011523223819410401 -0.013330068423620126 -0.057272067165000572
leaf_weight=166 34 27 27 38 56 27 124 33 25 33 23 20 35 111
leaf_count=166 34 27 27 38 56 27 124 33 25 33 23 20 35 111
internal_value=-0.000265385 -0.000904826 -0.00120167 0.000126922 -0.000800972 0.0036 -0.00195 -0.0015625 0.000101694 -0.00155357 -0.000830358 7.59487e-05 -0.00133929 -0.00191007
internal_weight=779 745 718 259 205 54 459 335 58 167 111 78 55 277
internal_count=779 745 718 259 205 54 459 335 58 167 111 78 55 277
is_linear=0
shrinkage=0.03


Tree=10
num_leaves=15
num_cat=0
split_feature=5 3 13 7 1 13 8 10 0 0 9 0 10 8
split_gain=7.21863 2.99455 1.63283 0.693758 0.805998 0.747117 0.950229 1.65587 0.795707 0.440825 0.180468 0.265913 0.238201 0.133399
threshold=11.267245234223749 13.846883708988537 2.2711502604392559 6.0100000000000007 12.634404307685591 3.897711265566699 17.050000000000004 0.14778689904036479 16.043764618701466 15.414201147005278 0.86382728211298232 14.355232715256561 0.13052619222005152 34.050000000000004
decision_type=2 2 8 2 2 10 10 2 2 2 2 2 2 10
left_child=1 2 -1 10 -5 6 7 8 -6 13 -4 -12 -13 -8
right_child=-2 -3 3 4 5 -7 9 -9 -10 -11 11 12 -14 -15
leaf_value=0.030398299096237053 0.081761389471384824 0.050941961747641006 -0.044464039576059176 -0.058973882029643723 0.032209567439167551 -0.024922854489441197 -0.035896569188958297 -0.0051235060223110028 0.033903534179703189 0.019989204543354875 -0.079825007125487402 0.021447069387620896 -0.018118931108039023 -0.0014667740848695653
leaf_weight=26 23 32 307 83 22 45 45 34 23 35 36 20 22 20
leaf_count=26 23 32 307 83 22 45 45 34 23 35 36 20 22 20
internal_value=-0.000321706 -0.000838882 -0.00124339 -0.00152381 -0.000457793 0.000479999 0.00135 0.0037875 0.0075 -0.00059406 -0.00237047 -0.00106329 0.000558139 -0.00204546
internal_weight=773 750 718 692 307 224 179 79 45 100 385 78 42 65
internal_count=773 750 718 692 307 224 179 79 45 100 385 78 42 65
is_linear=0
shrinkage=0.03


Tree=11
num_leaves=15
num_cat=0
split_feature=5 3 0 3 13 8 13 8 3 9 13 4 3 1
split_gain=7.1816 1.88243 1.18128 0.816831 0.852392 1.59603 0.700922 0.229268 0.228524 0.161103 0.130474 0.134401 0.334714 0.0483885
threshold=10.571892151298904 13.846883708988537 16.796863756150177 9.1222403889648795 3.066571616749731 9.943500000000002 2.9436621464645709 34.050000000000004 9.8387089424762042 -0.97063407339879026 3.6332379010440925 5.0699315863095284 12.199382889614247 14.157251711253874
decision_type=2 2 2 2 8 10 10 10 2 2 10 2 2 2
left_child=1 2 3 9 5 -5 7 -7 -6 -1 11 -10 -13 -11
right_child=-2 -3 -4 4 8 6 -8 -9 10 13 -12 12 -14 -15
leaf_value=-0.034893046352805088 0.09631129807123491 0.050421070859867342 0.043007424109410095 0.029900538736709587 0.0071254606012725475 -0.037021557712202849 0.025375083723874162 -0.0016060337243502833 0.0047091928400118162 -0.054398055947203407 -0.026024556305206736 -0.024532687398503023 0.0093362985809106701 -0.049743350058612676
leaf_weight=20 29 27 39 23 21 62 31 22 25 231 78 64 20 59
leaf_count=20 29 27 39 23 21 62 31 22 25 231 78 64 20 59
internal_value=-0.000283245 -0.000879669 -0.00118535 -0.00148859 -0.000484151 0.00133813 -0.000129311 -0.00155294 -0.00169378 -0.0026045 -0.0020266 -0.00133636 -0.00190588 -0.00278351
internal_weight=751 722 695 656 346 138 115 84 208 310 187 109 84 290
internal_count=751 722 695 656 346 138 115 84 208 310 187 109 84 290
is_linear=0
shrinkage=0.03


Tree=12
num_leaves=15
num_cat=0
split_feature=5 7 13 2 9 10 8 2 7 13 0 10 13 12
split_gain=10.9921 2.56801 2.97719 0.794992 0.716472 0.373574 0.634857 0.376178 0.230649 0.300159 0.264587 0.471124 0.488927 0.300099
threshold=11.267245234223749 6.1500000000000012 2.5792618030442798 14.100145837923092 0.88144907265856365 0.017449748351250231 16.800000000000001 11.06362216610218 5.3500000000000005 3.8088337008098008 14.564943715348885 0.55438071450436011 2.7908015742059882 1.5000000000000002
decision_type=2 2 8 2 2 2 10 2 2 8 2 2 10 10
left_child=1 8 -3 4 5 6 7 -4 -1 10 -10 12 -12 -14
right_child=-2 2 3 -5 -6 -7 -8 -9 9 -11 11 -13 13 -15
leaf_value=-0.070017138492417544 0.096067940524453874 0.03922241404868676 -0.00050954460753914292 0.045685560307880818 0.0073546179109179226 -0.026376318457841195 -0.030085394280105288 0.029114979944110414 -0.035154006842482953 -0.050132394563314364 -0.0056261856767217521 -0.052533803862821984 0.026276867523015866 -0.01088703032213682
leaf_weight=184 20 31 20 40 35 88 64 24 74 80 28 32 35 20
leaf_count=184 20 31 20 40 35 88 64 24 74 80 28 32 35 20
internal_value=1.93292e-05 -0.000575398 0.00156436 0.00054044 -0.000142242 -0.000852793 0.000330275 0.00306667 -0.0020022 -0.00143333 -0.000773685 0.00012931 0.00132143 0.00294643
internal_weight=775 755 302 271 231 196 108 44 453 269 189 115 83 55
internal_count=775 755 302 271 231 196 108 44 453 269 189 115 83 55
is_linear=0
shrinkage=0.03


Tree=13
num_leaves=15
num_cat=0
split_feature=3 3 8 7 13 7 13 7 12 13 3 10 9 8
split_gain=4.45906 1.76608 1.59696 1.61995 1.90184 1.01144 0.407757 0.387051 0.599989 0.365272 0.354951 0.22469 0.283009 0.1534
threshold=13.655012266749884 10.16906799463011 17.450000000000003 6.1500000000000012 3.066571616749731 7.1500000000000012 2.4531326585235829 6.4500000000000011 1.5000000000000002 3.4207254293787517 10.91263968574051 0.94490267940017758 0.86382728211298232 4.7500000000000009
decision_type=2 2 10 2 8 2 10 2 10 10 2 2 2 10
left_child=1 7 3 10 -5 -2 -4 13 -9 -6 -3 12 -8 -1
right_child=5 2 6 4 9 -7 11 8 -10 -11 -12 -13 -14 -15
leaf_value=-0.048569681902692952 0.044661077482714355 0.019829215650555995 0.022280827636339855 0.06574026950230015 -0.00066418154742589163 0.090965773286533824 -0.033690133297444982 0.015434364064687869 -0.071427367827758256 0.023856483287899542 -0.031103250898538548 0.0033699875799043117 -0.0059462639691272275 -0.051464858726578161
leaf_weight=20 24 28 20 29 23 21 92 29 29 22 37 21 39 318
leaf_count=20 24 28 20 29 23 21 92 29 29 22 37 21 39 318
internal_value=-0.000247013 -0.000834746 0.000855769 0.00323571 0.00624 0.00880435 -0.00107515 -0.00216121 0.000101694 0.00228261 -0.000227273 -0.00160784 -0.00206818 -0.00254867
internal_weight=752 707 311 139 74 45 172 396 58 45 65 152 131 338
internal_count=752 707 311 139 74 45 172 396 58 45 65 152 131 338
is_linear=0
shrinkage=0.03


Tree=14
num_leaves=15
num_cat=0
split_feature=4 2 13 8 9 3 13 8 8 3 12 8 2 2
split_gain=6.8114 1.66368 0.701102 0.630809 0.557681 0.963448 0.589141 0.215316 0.17716 0.303983 0.436675 0.478499 0.418371 0.136594
threshold=11.660866177866538 14.817012870963723 2.2711502604392559 19.200000000000006 0.76883451325334917 10.663646974151144 3.178511918715444 11.050000000000002 14.65 9.1222403889648795 2.5000000000000004 8.0500000000000025 11.957490212494866 14.21344193183524
decision_type=2 2 8 10 2 2 10 10 10 2 10 10 2 2
left_child=2 3 -1 -2 8 7 -7 -6 9 -4 11 -11 -13 -10
right_child=1 -3 4 -5 5 6 -8 -9 13 10 -12 12 -14 -15
leaf_value=0.017343543933456863 0.056502594735635236 0.10134469440919699 -0.046070990288622757 0.0033432676004384685 -0.010506068042846522 0.024792427457795235 -0.0015211389505221772 -0.076180031388731334 -0.042006894837163883 -0.021945871264739673 -0.03418603527875598 0.023279294018879557 -0.016847373940562928 -0.0031762893527737643
leaf_weight=28 23 25 125 26 41 29 29 54 282 27 32 23 20 20
leaf_count=28 23 25 125 26 41 29 29 54 282 27 32 23 20 20
internal_value=-0.000359236 0.00824 -0.00126582 0.00486 -0.00145827 0.000136363 0.00315254 -0.00171875 -0.00191887 -0.00127632 -5.82531e-05 0.0012676 0.00320454 -0.00239604
internal_weight=784 74 710 49 682 153 58 95 529 227 102 70 43 302
internal_count=784 74 710 49 682 153 58 95 529 227 102 70 43 302
is_linear=0
shrinkage=0.03


Tree=15
num_leaves=15
num_cat=0
split_feature=4 13 13 3 12 1 3 10 9 13 4 3 13 10
split_gain=9.56943 1.41718 1.2213 1.11521 0.586593 0.721494 0.531065 0.568495 0.700019 0.415726 0.221857 0.37387 0.0993104 0.154687
threshold=12.292368375529856 2.2711502604392559 2.8972419837873922 9.5055066888118862 2.5000000000000004 15.780071566437771 11.004235868268987 0.41248606129204551 1.0000000180025095e-35 2.6878392983502475 8.6362158624393643 12.114854433247173 3.37528983221975 0.38268343236508956
decision_type=2 8 10 2 10 2 2 2 2 10 2 2 10 2
left_child=1 -1 -2 12 5 6 7 8 -5 -8 11 -11 13 -3
right_child=2 3 -4 4 -6 -7 9 -9 -10 10 -12 -13 -14 -15
leaf_value=0.036332551806991048 0.10751240432344908 -0.02969013368688558 0.061879055180856152 -0.0059398569957436823 -0.032765342080640879 0.073459594360563499 0.0038064763499162258 -0.014376643274141851 0.022368059936509067 -0.038677767363842395 -0.026262631919553303 0.0091003382176805727 -0.060446469282591044 -0.048916580465470712
leaf_weight=27 20 120 26 36 81 24 20 36 35 37 62 20 153 79
leaf_count=27 20 120 26 36 81 24 20 36 35 37 62 20 153 79
internal_value=-0.000100387 -0.000943913 0.0130213 -0.00120597 -8.52344e-06 0.000664206 0.00017004 0.00175 0.00329167 -0.00105 -0.001725 -0.00036207 -0.0023966 -0.001935
internal_weight=776 730 46 703 351 270 246 107 71 139 119 57 352 199
internal_count=776 730 46 703 351 270 246 107 71 139 119 57 352 199
is_linear=0
shrinkage=0.03


Tree=16
num_leaves=15
num_cat=0
split_feature=5 7 1 12 1 10 9 7 7 5 1 1 0 9
split_gain=4.29316 1.82318 1.38774 1.35938 1.48469 0.767187 0.608991 0.506243 0.458531 0.366741 0.282193 0.248276 0.228963 0.354514
threshold=11.267245234223749 6.1500000000000012 12.59263845812521 2.5000000000000004 15.898232344294664 -0.9141673389828272 -0.70710678118654735 5.3500000000000005 5.4500000000000011 1.4311004404647345 15.065276086972649 14.422245486766991 15.450265067030431 1.0000000180025095e-35
decision_type=2 2 2 10 2 2 2 2 2 2 2 2 2 2
left_child=1 7 -3 4 5 -4 -7 -1 -9 11 -5 -8 -10 -14
right_child=-2 2 3 10 -6 6 9 8 12 -11 -12 -13 13 -15
leaf_value=-0.063868714738573015 0.079888237426977649 -0.065811025165162018 0.037885230298948136 0.013966442633812482 0.069642666918771912 0.025206223502601707 0.0015707970567634527 0.0057150609454840557 -0.02817050931583389 -0.010443874887323229 -0.014189441314987696 0.016116225960288465 0.021823061501995759 -0.020259787080197281
leaf_weight=182 22 73 21 20 20 31 20 24 154 48 37 28 32 43
leaf_count=182 22 73 21 20 20 31 20 24 154 48 37 28 32 43
internal_value=1.98406e-05 -0.00038011 0.00142475 0.00258849 0.00394083 0.00285906 0.00194531 -0.00161697 -0.000744095 0.000742267 -0.00139655 0.00257143 -0.00116087 0.000197368
internal_weight=755 733 298 225 168 148 127 435 253 96 57 48 229 75
internal_count=755 733 298 225 168 148 127 435 253 96 57 48 229 75
is_linear=0
shrinkage=0.03


Tree=17
num_leaves=15
num_cat=0
split_feature=4 2 13 0 0 2 13 8 12 10 13 8 4 0
split_gain=7.83878 1.66387 1.00251 0.543742 0.540793 0.443895 0.551334 0.709242 0.738737 0.744845 0.634166 0.325062 0.758378 0.153394
threshold=11.572710855912922 14.270792376256933 2.3558523928899047 15.313801470356928 16.985354158226851 9.8666612667674283 3.4282904644093786 14.65 1.0000000180025095e-35 0.55438071450436011 3.1164077735376892 34.050000000000004 7.3742712354905029 13.630294751404479
decision_type=2 2 8 2 2 2 10 10 10 2 8 10 2 2
left_child=2 3 -1 -2 5 -4 7 8 -7 10 -10 13 -13 -9
right_child=1 -3 4 -5 -6 6 -8 11 9 -11 -12 12 -14 -15
leaf_value=0.016924731757036432 0.012746787751896856 0.078415147240930558 -0.053047239270729775 0.041796990557142227 0.0080850694750196697 -0.042815988482997128 -0.029461543363713278 -0.0078964348751552754 0.028976016112154661 -0.0028904540337735397 0.012414930781504536 -0.045679524749314561 0.026286963965249797 -0.032836659727601164
leaf_weight=36 21 33 172 21 26 23 184 35 22 21 29 38 23 111
leaf_count=36 21 33 172 21 26 23 184 35 22 21 29 38 23 111
internal_value=-0.000282664 0.00888158 -0.00124827 0.00474419 -0.00150657 -0.00167527 -0.00120739 -0.000415842 0.00171875 0.00320548 0.00513461 -0.00139904 0.000435483 -0.00216327
internal_weight=795 75 720 42 684 658 486 302 95 72 51 207 61 146
internal_count=795 75 720 42 684 658 486 302 95 72 51 207 61 146
is_linear=0
shrinkage=0.03


Tree=18
num_leaves=15
num_cat=0
split_feature=4 2 13 13 2 1 13 7 1 2 8 8 13 1
split_gain=5.47551 2.43886 1.37171 1.20025 0.672588 0.66994 1.02248 1.60042 0.298513 0.200886 0.155749 0.323693 0.229135 0.115973
threshold=10.925685818930324 14.870255123913966 2.8189988322557995 2.3558523928899047 13.563664812346934 14.609780642136871 3.1354785104979772 6.1500000000000012 14.998602754694193 13.066590298738898 14.65 12.950000000000001 2.9864873567517889 12.205696820552394
decision_type=2 2 8 8 2 2 8 2 2 2 10 10 8 2
left_child=3 2 -2 -1 -4 9 7 -7 -8 10 11 12 -5 -12
right_child=1 -3 4 5 -6 6 8 -9 -10 -11 13 -13 -14 -15
leaf_value=0.017745916051099861 0.067733240465582961 0.083509767079363501 0.026863774160269249 -0.0092557559473422542 -0.0043766389212338821 -0.0095734764120899186 0.0022751417698209388 0.047654494026840452 -0.035253304751242401 0.0051501149239016972 -0.050393926526453074 0.018904063885631855 -0.042663027840099663 -0.045582463857541437
leaf_weight=31 20 28 28 38 31 33 30 28 73 24 88 25 125 178
leaf_count=31 20 28 28 38 31 33 30 28 73 24 88 25 125 178
internal_value=-7.68253e-05 0.00619444 0.0034125 -0.0010816 0.00105 -0.00136236 0.000290908 0.00333871 -0.00152885 -0.00192902 -0.00207033 -0.00139683 -0.00188415 -0.00253933
internal_weight=780 107 79 673 59 642 164 61 103 478 454 188 163 266
internal_count=780 107 79 673 59 642 164 61 103 478 454 188 163 266
is_linear=0
shrinkage=0.03


Tree=19
num_leaves=15
num_cat=0
split_feature=5 7 1 13 5 8 13 1 7 13 8 2 3 12
split_gain=5.34695 1.68124 1.57003 1.4723 0.755728 0.705976 0.443582 0.505432 0.302088 0.255029 0.27058 0.381619 0.300677 0.239695
threshold=11.267245234223749 6.1500000000000012 14.243552407174795 3.1313711311317358 4.8121099893426829 12.250000000000002 3.897711265566699 14.975208757280489 5.3500000000000005 3.8088337008098008 13.750000000000002 12.23410031404722 11.510496205564568 1.0000000180025095e-35
decision_type=2 2 2 10 2 10 10 2 2 8 10 2 2 10
left_child=1 8 5 4 -4 -3 7 -5 -1 10 11 13 -12 -10
right_child=-2 2 3 6 -6 -7 -8 -9 9 -11 12 -13 -14 -15
leaf_value=-0.053589618597230805 0.072761748386055217 0.016954605368890541 0.04472186696941656 -0.01516019480522841 0.023357919665387781 -0.028355934073332655 -0.011580582150345815 0.032292281716546904 -0.0094838445924692212 -0.045526409895753711 -0.045127158461339197 -0.016378276027065881 0.0016561965747126774 0.01576296448936737
leaf_weight=188 22 30 39 20 35 115 35 31 25 75 74 20 30 44
leaf_count=188 22 30 39 20 35 115 35 31 25 75 74 20 30 44
internal_value=-0.000164542 -0.000594489 0.00112745 0.0031677 0.00624 -0.00113014 0.000482758 0.00225 -0.00174617 -0.00109294 -0.00051031 0.000699999 -0.00154286 0.00175714
internal_weight=783 761 305 160 74 145 86 51 456 268 193 89 104 69
internal_count=783 761 305 160 74 145 86 51 456 268 193 89 104 69
is_linear=0
shrinkage=0.03


Tree=20
num_leaves=15
num_cat=0
split_feature=3 5 13 8 3 3 7 13 8 7 7 13 8 10
split_gain=5.05609 2.19116 0.852877 0.70421 1.24499 0.634825 0.308272 0.420106 0.333927 0.291677 0.352439 0.319065 0.399163 0.229858
threshold=14.333357631143084 10.505546430446111 3.2912581272669157 14.450000000000001 10.204576942698482 10.91263968574051 6.0100000000000007 3.9132263560644254 14.850000000000003 6.4500000000000011 7.0500000000000007 3.0588254485455386 23.250000000000004 -0.11535712691606388
decision_type=2 2 8 10 2 2 2 10 10 2 2 10 10 2
left_child=1 2 3 4 13 -6 -4 8 -8 11 -11 -5 -13 -1
right_child=-2 -3 6 9 5 -7 7 -9 -10 10 -12 12 -14 -15
leaf_value=-0.037969006816225226 0.061471280789139611 0.04896200961055841 -0.050395500795560703 -0.043098551173187491 0.023008168223459736 0.034200636788572568 0.024672315991923047 -0.033641374283798237 -0.017045449793780372 0.0063499642657726743 -0.0037977065733800618 -0.054564929987766492 0.015155211430830552 0.0012630493866406457
leaf_weight=51 20 28 216 86 25 29 38 55 51 38 41 22 27 43
leaf_count=51 20 28 216 86 25 29 38 55 51 38 41 22 27 43
internal_value=-0.000233464 -0.000639149 -0.000962656 6.6115e-05 0.00165101 0.00523636 -0.00199446 -0.000910346 0.000366666 -0.00103256 0.000412499 -0.001875 5.99993e-05 -0.000442106
internal_weight=770 750 722 362 148 54 360 144 89 214 79 135 49 94
internal_count=770 750 722 362 148 54 360 144 89 214 79 135 49 94
is_linear=0
shrinkage=0.03


Tree=21
num_leaves=15
num_cat=0
split_feature=4 2 7 13 0 8 8 9 2 8 13 9 13 13
split_gain=5.19245 1.8776 1.05232 0.946757 1.03432 0.738244 1.08208 0.864784 0.61199 0.395985 0.358657 0.311675 0.233499 0.333936
threshold=12.292368375529856 14.817012870963723 5.8500000000000005 3.9132263560644254 12.766868107645456 14.65 9.0500000000000025 0.62577451934763018 13.040398288554799 5.4500000000000011 2.9450127606983019 -0.97063407339879026 2.9436621464645709 3.4956560387578528
decision_type=2 2 2 10 2 10 10 2 2 10 10 2 10 10
left_child=2 -2 9 4 -4 6 -6 -8 12 -1 -10 -11 -7 -14
right_child=1 -3 3 -5 5 8 7 -9 10 11 -12 -13 13 -15
leaf_value=0.0027637993458443301 0.040080290681486511 0.086183550608544962 -0.036410195912596852 -0.028165956371195709 0.00057841477607000445 -0.034551376867955085 0.03493354771678351 0.043697609280471186 0.0044071696724417809 0.0032160984236797316 0.024255135043575786 -0.04097372929111643 0.010599186278844052 -0.022994111286230468
leaf_weight=25 27 24 46 75 44 32 32 23 33 20 33 296 45 21
leaf_count=25 27 24 46 75 44 32 32 23 33 20 33 296 45 21
internal_value=1.54433e-05 0.00917308 -0.000640497 0.000436363 0.00117097 0.00189773 0.00393 0.00669643 0.000654545 -0.00185088 0.00286567 -0.0021388 -0.000848486 0.000179104
internal_weight=776 51 725 384 309 263 99 55 164 341 66 316 98 66
internal_count=776 51 725 384 309 263 99 55 164 341 66 316 98 66
is_linear=0
shrinkage=0.03


Tree=22
num_leaves=15
num_cat=0
split_feature=4 8 1 0 13 1 0 0 3 1 1 13 13 7
split_gain=5.49868 1.34593 1.32086 1.81932 0.575687 0.490519 0.447942 0.35104 0.722076 0.29887 0.279455 0.24329 0.471867 0.499075
threshold=12.292368375529856 21.450000000000003 14.577626253153641 14.540136288111599 3.8088337008098008 15.332881265184389 16.366283092436344 15.414201147005278 9.8221806039149495 15.10423437151004 14.777261849400398 3.4282904644093786 3.1517080845114083 5.4500000000000011
decision_type=2 10 2 2 8 2 2 2 2 2 2 8 10 2
left_child=2 -2 7 -4 5 10 -7 11 -9 -6 -5 12 -1 -14
right_child=1 -3 3 4 9 6 -8 8 -10 -11 -12 -13 13 -15
leaf_value=-0.030764239717911968 0.065284332727527636 0.027186810383473845 0.037837181980398586 0.0015412407554860679 0.0060690042924200459 0.0010276871657482587 0.061867040929639863 -0.035474540744915871 0.021148022591399123 -0.055974761938627569 -0.012500396827153247 -0.040373961365043197 -0.046253322599319205 0.014373624157090349
leaf_weight=172 25 21 21 28 21 23 24 54 30 53 42 167 41 59
leaf_count=172 25 21 21 28 21 23 24 54 30 53 42 167 41 59
internal_value=-0.000118927 0.00982979 -0.000754077 0.00123944 0.000296874 0.00160169 0.0039375 -0.00156298 0.000211764 -0.00176 -7.05182e-10 -0.00190227 -0.00134066 0.000297029
internal_weight=781 46 735 212 191 117 47 523 84 74 70 439 272 100
internal_count=781 46 735 212 191 117 47 523 84 74 70 439 272 100
is_linear=0
shrinkage=0.03


Tree=23
num_leaves=15
num_cat=0
split_feature=4 2 7 4 10 9 13 12 13 7 4 13 7 13
split_gain=4.4892 1.18203 1.03183 0.847615 0.715704 0.620049 0.340658 0.575326 0.866528 0.290458 0.442457 0.269313 0.347138 0.231511
threshold=12.292368375529856 14.677105237144618 7.6500000000000012 11.166363000766468 -0.51128821893537901 0.98886523145552097 3.6230815368975491 1.0000000180025095e-35 2.9495956306875488 5.1500000000000012 4.6548439227384408 3.1978157638248339 5.8500000000000005 3.2794349174880142
decision_type=2 2 2 2 2 2 10 10 8 2 2 8 2 10
left_child=2 -2 3 5 -5 6 7 -1 -9 -10 11 -11 -13 -12
right_child=1 -3 -4 4 -6 -7 -8 8 9 10 13 12 -14 -15
leaf_value=-0.018685938869397831 0.03604155570153942 0.068224460718391652 0.017675925752767871 -0.010062323113603666 0.038924068611274183 0.0055415932118525147 -0.038878400503887592 0.017214478473835653 -0.064120991674851482 0.0079491013868065279 -0.04407734442090766 -0.040711108354802281 0.011877670125180963 -0.0022062129501790469
leaf_weight=134 21 20 26 20 26 31 183 40 55 34 64 36 28 56
leaf_count=134 21 20 26 20 26 31 183 40 55 34 64 36 28 56
internal_value=-0.000325162 0.00921429 -0.000870573 -0.00108898 0.00280851 -0.00136405 -0.00156894 -0.0011183 -0.000410829 -0.00101825 -0.000520549 0.000969696 -0.000184616 -0.00173554
internal_weight=774 41 733 707 46 661 630 447 313 273 218 98 64 120
internal_count=774 41 733 707 46 661 630 447 313 273 218 98 64 120
is_linear=0
shrinkage=0.03


Tree=24
num_leaves=15
num_cat=0
split_feature=5 3 4 2 4 0 7 0 7 4 9 0 9 3
split_gain=4.28281 1.35522 0.735816 0.559588 1.15436 0.42382 0.264649 0.415831 0.205218 0.186574 0.196737 0.652733 0.21739 0.37753
threshold=10.505546430446111 13.846883708988537 7.3312075990967118 12.767573365598931 9.7631256153071941 15.414201147005278 6.8500000000000005 13.246551078836207 5.2500000000000009 5.7899554948754268 -0.33961250367033008 15.450265067030431 0.86382728211298232 7.9882021567484687
decision_type=2 2 2 2 2 2 2 2 2 2 2 2 2 2
left_child=1 2 8 6 -5 -6 -4 -8 -1 10 11 -10 -12 -14
right_child=-2 -3 3 4 5 -7 7 -9 9 -11 12 -13 13 -15
leaf_value=-0.057176321806284958 0.063620031577978783 0.024898108620938646 -0.012770390509502893 0.023911029711952404 -0.030702637346570354 0.016279957319261209 -0.011996305770723362 0.015037391751748076 -0.014042600298487556 -0.038761502748464682 -0.039941558472292318 0.016625975846584942 -0.042233124802163145 0.012714164576232215
leaf_weight=163 34 27 120 25 26 35 22 20 59 50 118 24 20 27
leaf_count=163 34 27 120 25 26 35 22 20 59 50 118 24 20 27
internal_value=-0.000311285 -0.00079783 -0.00105211 0.00026506 0.0022069 -4.83878e-05 -0.000773007 0.00125581 -0.00175974 -0.00128428 -0.00093976 0.000249999 -0.00153615 0.000187499
internal_weight=770 736 709 248 86 61 162 42 461 298 248 83 165 47
internal_count=770 736 709 248 86 61 162 42 461 298 248 83 165 47
is_linear=0
shrinkage=0.03


Tree=25
num_leaves=15
num_cat=0
split_feature=4 8 1 1 2 3 3 8 0 3 0 5 2 2
split_gain=4.05587 1.22256 0.731793 0.560161 0.426794 0.627249 0.845864 0.720004 0.352513 0.563163 0.344851 0.181667 0.134774 0.127949
threshold=11.366606029116047 21.450000000000003 14.301187463605904 15.332881265184389 10.60968207857446 10.318518667578642 11.467389538842914 14.050000000000002 15.509268706681548 9.4499482964573769 15.177001665629254 2.2154083994216571 10.729029416456493 14.121380580982594
decision_type=2 10 2 2 2 2 2 10 2 2 2 2 2 2
left_child=2 -2 8 -3 -4 -6 7 -7 11 -10 -8 -1 -13 -12
right_child=1 3 4 -5 5 6 10 -9 9 -11 13 12 -14 -15
leaf_value=-0.038026313204818148 0.058973421325656514 -0.0053875271046573466 0.013488775415433129 0.029035812062906143 -0.029848443281194747 0.022641956165961704 0.0017397580933196596 -0.00052120158380623935 -0.035922104147477985 0.020738589720807325 -0.020254999934048386 0.0066960369639543242 -0.012575644229992015 -0.016784936328908363
leaf_weight=352 40 20 20 25 82 29 22 21 32 20 40 20 26 20
leaf_count=352 40 20 20 25 82 29 22 21 32 20 40 20 26 20
internal_value=-0.000385715 0.00575581 -0.00115621 0.00228261 0.000204255 -0.00019535 0.00108271 0.00411765 -0.00186253 0.000452829 -0.000795181 -0.00216541 -0.000382979 -0.00196721
internal_weight=769 85 684 45 234 214 132 50 450 52 82 398 46 60
internal_count=769 85 684 45 234 214 132 50 450 52 82 398 46 60
is_linear=0
shrinkage=0.03


Tree=26
num_leaves=15
num_cat=0
split_feature=4 8 7 13 8 8 5 10 13 7 3 12 8 13
split_gain=4.44683 1.35561 0.859298 1.04045 0.662043 0.88996 0.49632 0.250649 0.252079 0.506004 0.247768 0.243198 0.434829 0.129791
threshold=12.292368375529856 17.050000000000004 6.1500000000000012 2.5624635244952301 14.050000000000002 10.850000000000003 5.7062624254307925 -0.62241982464324219 3.3916870091212465 5.8500000000000005 10.539482179169886 1.5000000000000002 31.900000000000002 2.9450127606983019
decision_type=2 10 2 8 10 10 2 2 8 2 2 10 10 10
left_child=2 -2 7 -4 5 10 -7 -1 9 13 -5 12 -6 -9
right_child=1 -3 3 4 11 6 -8 8 -10 -11 -12 -13 -14 -15
leaf_value=-0.044822276894744911 0.054623901807970138 0.023710312888955441 0.03703528479494389 -0.030468673929116601 -0.012890726603849212 0.022074992211746618 0.0056642719705280809 -0.037370650445307678 -0.028456690440105733 0.0048171451116399266 0.007159540120879871 -0.021548205512454253 0.0043290509142152253 -0.010347185355051023
leaf_weight=145 23 24 22 27 72 21 20 62 121 31 20 82 33 76
leaf_count=145 23 24 22 27 72 21 20 62 121 31 20 82 33 76
internal_value=-0.000534616 0.0083125 -0.00111323 0.000130872 -0.000380435 0.00175281 0.00492857 -0.00196101 -0.0014433 -0.000688236 -0.0010625 -0.0013883 -0.000424529 -0.00146763
internal_weight=779 47 732 297 275 88 41 435 290 169 47 187 105 138
internal_count=779 47 732 297 275 88 41 435 290 169 47 187 105 138
is_linear=0
shrinkage=0.03


Tree=27
num_leaves=15
num_cat=0
split_feature=4 2 7 1 0 4 0 10 5 0 0 10 1 0
split_gain=5.29093 1.92023 0.825673 0.905777 0.905568 0.876674 0.689796 0.59213 0.478691 0.371661 0.251163 0.331319 0.299571 0.351992
threshold=11.572710855912922 14.817012870963723 6.0100000000000007 12.634404307685591 15.142157092473232 9.821308713644493 16.921441281927073 -0.11535712691606388 4.4956255454950078 14.07585962682275 14.514269476252506 -0.5 14.870193699725702 15.362640924604099
decision_type=2 2 2 2 2 2 2 2 2 2 2 2 2 2
left_child=2 7 10 -4 5 8 -6 -2 9 -5 -1 -12 13 -13
right_child=1 -3 3 4 6 -7 -8 -9 -10 -11 11 12 -14 -15
leaf_value=-0.046230627385299004 0.0030797888459664648 0.054894101235657404 -0.037937487269594179 -0.0003367621490520049 -0.017168908133987523 -0.01219268884659004 0.025403823274873918 0.058415220153462066 0.028955544519027796 0.022383898816669138 -0.043971741325169268 -0.018263219047256921 -0.04230031173930425 0.0069386648636919649
leaf_weight=196 26 24 82 20 95 23 20 27 26 20 74 65 34 45
leaf_count=196 26 24 82 20 95 23 20 27 26 20 74 65 34 45
internal_value=-0.000374037 0.00703846 -0.00119829 4.18111e-05 0.00111219 0.00336667 -0.000646552 0.00372222 0.00510448 0.00292683 -0.00205301 -0.00134247 -0.000496552 0.00027027
internal_weight=777 77 700 286 204 89 115 53 66 40 414 218 144 110
internal_count=777 77 700 286 204 89 115 53 66 40 414 218 144 110
is_linear=0
shrinkage=0.03


Tree=28
num_leaves=15
num_cat=0
split_feature=5 3 1 8 7 12 4 9 9 10 9 1 8 2
split_gain=5.13524 1.11931 1.01423 0.589055 0.607465 0.531465 0.416754 0.467464 0.393798 0.249467 0.257855 0.367006 0.482394 0.454518
threshold=10.505546430446111 10.452481302112522 14.334655952313058 36.600000000000009 5.8500000000000005 2.5000000000000004 9.821308713644493 0.44134171618254497 0.86382728211298232 0.96965254237475851 -0.33961250367033008 12.59263845812521 13.050000000000002 10.844696955967633
decision_type=2 2 2 10 2 10 2 2 2 2 2 2 10 2
left_child=1 9 8 4 -4 6 -6 -8 -3 10 11 -1 13 -13
right_child=-2 2 3 -5 5 -7 7 -9 -10 -11 -12 12 -14 -15
leaf_value=-0.042912825303167958 0.063448440370053663 -0.013790042555992588 -0.003481603041007612 -0.021668074959563841 0.02530848168979135 -0.0024334322603966328 0.024588677460404933 0.025293705745771826 0.0032945275730902187 0.0057854158283013775 -0.036978705078377645 -0.05141468682998919 -0.012371276739575551 0.027038917853646618
leaf_weight=50 30 96 35 27 22 26 28 24 34 20 285 23 50 20
leaf_count=50 30 96 35 27 22 26 28 24 34 20 285 23 50 20
internal_value=-0.000350195 -0.000850203 0.000593856 0.00217178 0.00297794 0.00415842 0.00544 0.00384906 -0.00137405 -0.00179065 -0.00194406 -0.000895834 0.000223404 0.00252273
internal_weight=770 740 292 162 135 100 74 52 130 448 428 143 93 43
internal_count=770 740 292 162 135 100 74 52 130 448 428 143 93 43
is_linear=0
shrinkage=0.03


Tree=29
num_leaves=15
num_cat=0
split_feature=4 2 7 13 10 8 2 3 2 8 8 3 13 7
split_gain=5.17568 1.22879 1.06579 0.836272 0.929877 1.39617 0.707408 0.587603 0.457005 0.37863 0.285939 0.285078 0.249757 0.198531
threshold=12.292368375529856 14.870255123913966 6.1500000000000012 3.4282904644093786 0.41248606129204551 14.850000000000003 13.328279922316556 12.022605214278418 13.134189672207137 24.950000000000003 5.4500000000000011 10.751432343955155 3.0816014178042028 5.8500000000000005
decision_type=2 2 2 8 2 10 2 2 2 10 10 2 10 2
left_child=2 -2 10 4 5 -4 11 -5 -6 -9 12 -7 -1 -12
right_child=1 -3 3 7 8 6 -8 9 -10 -11 13 -13 -14 -15
leaf_value=0.0074647580579556647 0.028445877104979856 0.077433513199981541 0.042913669528969779 -0.032754142412406831 -0.0041304662363286391 0.012837811508698282 0.0032510913255628122 0.01044642158007097 0.01517171232397033 -0.01740937240676994 -0.032725673593556139 -0.018017912633715272 -0.040412307572754172 -0.0088641280461210659
leaf_weight=20 20 21 37 79 52 27 20 20 20 20 317 27 23 80
leaf_count=20 20 21 37 79 52 27 20 20 20 20 317 27 23 80
internal_value=-0.000317603 0.00992857 -0.000896367 0.000475247 0.00174456 0.00345536 0.00104 -0.001475 -0.00090411 0.00146341 -0.00183674 -0.000763637 0.000477272 -0.00208794
internal_weight=783 41 742 302 183 111 74 119 72 40 440 54 43 397
internal_count=783 41 742 302 183 111 74 119 72 40 440 54 43 397
is_linear=0
shrinkage=0.03


Tree=30
num_leaves=15
num_cat=0
split_feature=4 8 2 13 4 7 0 1 13 8 1 2 7 13
split_gain=3.37979 1.8194 1.27953 0.552857 0.574126 0.507438 0.499984 0.476994 0.441896 0.460611 0.570477 0.405294 0.67261 0.356111
threshold=12.030886569225439 19.020000000000003 12.767573365598931 3.856502663628596 7.3312075990967118 7.0500000000000007 15.10255548989384 15.389640584837599 3.4282904644093786 14.15 12.634404307685591 11.984396766813456 6.3500000000000005 2.9864873567517889
decision_type=2 10 2 8 2 2 2 2 10 10 2 2 2 8
left_child=2 -2 8 4 6 7 -4 -6 9 10 -1 12 13 -12
right_child=1 -3 3 -5 5 -7 -8 -9 -10 -11 11 -13 -14 -15
leaf_value=-0.036179526631118356 0.058307674117158176 0.014851277596455095 -0.022509852583567323 -0.018854460818211082 0.020095958338247222 -0.0011496743537698023 0.00071300739257778938 0.052043928932356112 -0.036494070080947183 -0.032957433976148233 0.021077243076776213 -0.0014768825505632785 0.017323884652669298 -0.030212258749456902
leaf_weight=33 23 25 24 48 28 24 24 21 215 185 40 26 20 34
leaf_count=33 23 25 24 48 28 24 24 21 215 185 40 26 20 34
internal_value=-0.000155643 0.00746939 -0.0006722 0.00160588 0.00268033 0.00433784 0.000122448 0.00606 -0.00137004 -0.000690266 0.000525973 0.0014876 0.0024 0.00104
internal_weight=770 48 722 169 121 73 48 49 553 338 153 120 94 74
internal_count=770 48 722 169 121 73 48 49 553 338 153 120 94 74
is_linear=0
shrinkage=0.03


Tree=31
num_leaves=15
num_cat=0
split_feature=2 7 13 8 8 3 2 8 3 10 13 9 12 13
split_gain=3.19247 1.19242 1.07977 1.13524 1.13193 0.728692 0.558482 0.529281 0.489621 0.507076 0.453585 0.476626 0.317356 0.593059
threshold=14.932842352671233 6.0100000000000007 3.9132263560644254 19.020000000000003 10.850000000000003 10.677411995830598 13.066590298738898 34.050000000000004 8.6562588609406976 -0.47114434510950037 3.1978157638248339 -0.9629878403374984 1.0000000180025095e-35 2.9919088666731111
decision_type=2 2 10 10 8 2 2 10 2 2 8 2 10 10
left_child=1 10 3 4 5 -3 -5 -8 -6 -10 11 -1 -13 -14
right_child=-2 2 -4 6 8 -7 7 -9 9 -11 -12 12 13 -15
leaf_value=0.017037591476823353 0.059272146427847297 -0.012565482171488389 -0.019840113672006266 -0.020686274841077001 0.0090921665458507713 0.022425992089185231 -0.0096179177563884988 0.020179977747885183 0.021440754835302524 0.058570609209355237 -0.039932290796386986 -0.018736142789799178 0.020461293322280749 -0.042130228850507948
leaf_weight=23 28 31 58 84 20 20 26 20 30 33 229 74 26 49
leaf_count=23 28 31 58 84 20 20 26 20 30 33 229 74 26 49
internal_value=-0.000243352 -0.000633979 0.000724457 0.00153962 0.00346667 -5.7693e-05 -0.000458016 0.00217021 0.00560714 0.00689062 -0.00172388 -0.000554914 -0.00118 0.000197368
internal_weight=751 723 322 264 134 51 130 46 83 63 401 172 149 75
internal_count=751 723 322 264 134 51 130 46 83 63 401 172 149 75
is_linear=0
shrinkage=0.03


Tree=32
num_leaves=15
num_cat=0
split_feature=3 13 9 13 1 13 2 13 9 3 13 3 3 1
split_gain=3.95911 1.13948 0.845603 0.693382 0.951104 0.519478 0.39192 0.664435 0.399155 0.298143 0.375341 0.430755 0.297329 0.219264
threshold=13.738557155961646 2.4034681011121268 -0.25881904510252113 3.8088337008098008 14.373979695429968 2.7862603324970561 12.767573365598931 3.1703446347558448 -0.5 9.3454748916012402 3.2794349174880142 11.023758828488646 14.226128815371187 14.72900333438176
decision_type=2 8 2 10 2 10 2 10 2 2 8 2 2 2
left_child=1 2 -1 4 9 -6 8 -8 -7 -3 -11 -12 -2 -10
right_child=12 3 -4 -5 5 6 7 -9 13 10 11 -13 -14 -15
leaf_value=0.031226451623004338 0.057403457751115723 -0.031479446966818855 -0.0072206668090476038 -0.034160516497758288 -0.014280262144025269 0.018127583198206215 0.019912028380349469 0.0041865246359762652 -0.052255299320632005 -0.014180462531384306 0.019398174326576239 -0.012454399727428012 0.038319175141962307 0.019533264329028504
leaf_weight=21 20 213 22 163 59 20 20 27 21 99 23 28 20 20
leaf_count=21 20 213 22 163 59 20 20 27 21 99 23 28 20 20
internal_value=-0.000293437 -0.00079783 0.00388636 -0.00109366 -0.000564972 0.00130357 0.00253211 0.0045625 0.000919354 -0.00142582 -0.000397352 0.00167308 0.00878049 -0.000785715
internal_weight=776 736 43 693 530 167 108 47 61 363 150 51 40 41
internal_count=776 736 43 693 530 167 108 47 61 363 150 51 40 41
is_linear=0
shrinkage=0.03


Tree=33
num_leaves=15
num_cat=0
split_feature=5 3 2 9 0 11 0 11 8 2 1 8 0 1
split_gain=3.26085 0.995855 0.969063 0.984401 0.924666 0.485237 0.469619 0.430578 0.477414 0.578118 0.768831 0.414532 0.150238 0.0954545
threshold=10.073769324186348 12.75754965023509 13.43817905186007 0.98886523145552097 15.527841125465665 1.0000000180025095e-35 14.42345697094928 1.0000000180025095e-35 14.450000000000001 11.031410673351454 14.577626253153641 24.250000000000004 16.178679313213994 13.903812810212388
decision_type=2 2 2 2 2 2 2 2 10 2 2 10 2 2
left_child=2 -2 3 6 5 -4 -1 8 9 13 -11 -10 -6 -8
right_child=1 -3 4 -5 12 -7 7 -9 11 10 -12 -13 -14 -15
leaf_value=-0.030816848248893962 0.026625958522417299 0.054685636792450566 0.0070000118119299308 0.010738740467430558 -0.046582138838861233 0.010176886814825517 -0.046795593396895221 -0.028736685142299299 -0.037133751430725274 0.025590636685330376 0.00024014029522781782 0.015151780189381708 0.0066858142470082949 -0.025437526194472204
leaf_weight=261 24 21 34 29 22 21 21 96 62 36 40 37 26 20
leaf_count=261 24 21 34 29 22 21 21 96 62 36 40 37 26 20
internal_value=-0.000239681 0.0075 -0.000743627 -0.00120398 0.00193269 0.00455357 -0.00147909 -0.000690097 5.52988e-05 0.00134746 0.00288312 -0.00147 -0.00110204 -0.0015
internal_weight=750 45 705 602 103 55 573 312 216 117 76 99 48 41
internal_count=750 45 705 602 103 55 573 312 216 117 76 99 48 41
is_linear=0
shrinkage=0.03


Tree=34
num_leaves=15
num_cat=0
split_feature=4 4 13 2 4 1 3 7 3 3 9 13 2 9
split_gain=4.37388 1.34743 1.18203 0.550949 0.635952 0.687297 0.628264 0.563668 0.392204 0.803456 0.379052 0.559995 0.354329 0.315577
threshold=12.292368375529856 7.1221004305343207 3.0173076496044242 12.126071142632371 9.7631256153071941 16.174349518957104 12.841402511942185 6.1500000000000012 11.004235868268987 10.204576942698482 -0.9629878403374984 3.3608817317346471 10.992646913314999 0.86382728211298232
decision_type=2 2 10 2 2 2 2 2 2 2 2 8 2 2
left_child=1 10 -2 7 -5 6 -6 -3 9 12 11 -1 -9 -12
right_child=2 3 -4 4 5 -7 -8 8 -10 -11 13 -13 -14 -15
leaf_value=0.011938310856769852 0.068907535184536101 -0.0323608652459135 0.030253405344730373 0.01896288309195162 -0.012769349887263703 0.019399002457554188 0.0069473715511349822 -0.024008890719242209 -0.017175986856262145 0.010328842585881626 -0.029014400438037942 -0.036377862615318661 0.033503198627130554 -0.020986036398665232
leaf_weight=27 20 49 21 38 49 20 22 20 28 20 311 21 21 81
leaf_count=27 20 49 21 38 49 20 22 20 28 20 311 21 21 81
internal_value=-0.000192257 -0.000750001 0.00921429 0.000929104 0.00233077 0.000945651 -0.000458334 -0.00038849 0.00103333 0.00237097 -0.00176871 0.000734693 -7.14293e-05 -0.00207634
internal_weight=748 707 41 267 129 91 71 138 89 61 440 48 41 392
internal_count=748 707 41 267 129 91 71 138 89 61 440 48 41 392
is_linear=0
shrinkage=0.03


Tree=35
num_leaves=15
num_cat=0
split_feature=4 8 5 0 13 9 1 13 10 13 3 9 13 3
split_gain=3.71187 2.1963 0.851532 0.507646 0.74733 0.700875 0.48309 0.409964 0.354926 0.53688 0.663494 0.187037 0.44776 0.171382
threshold=11.366606029116047 21.450000000000003 10.505546430446111 14.355232715256561 3.856502663628596 -0.88784492709732687 15.238215457937164 3.616104401834237 0.14778689904036479 2.8888307077117577 8.4730319460816848 0.034878236872063054 2.9595010195883922 8.6562588609406976
decision_type=2 10 2 2 8 2 2 10 2 10 2 2 10 2
left_child=3 2 -2 13 5 -5 -3 8 9 -7 -11 12 -10 -1
right_child=1 6 -4 4 -6 7 -8 -9 11 10 -12 -13 -14 -15
leaf_value=-0.047932825428849857 0.011115374586763049 -0.012792077653714607 0.061276043027843799 0.016944930135113015 -0.028520379174639468 -0.015005053853361082 0.027264905835580836 0.0030682203667775341 0.0076250225981568049 -0.036862371795378983 0.025640099357499974 -0.031582206658285462 -0.041211663010983501 -0.0069240661827799201
leaf_weight=142 21 20 22 38 126 40 23 30 20 24 39 66 28 139
leaf_count=142 21 20 22 38 126 40 23 30 20 24 39 66 28 139
internal_value=-0.000531451 0.00531034 0.0100227 -0.00126407 -0.000589807 0.000262237 0.000477272 -0.000326614 -0.000784404 0.000490384 0.00220312 -0.00193044 -0.000489797 -0.00224468
internal_weight=778 86 43 692 411 285 43 247 217 103 63 114 48 281
internal_count=778 86 43 692 411 285 43 247 217 103 63 114 48 281
is_linear=0
shrinkage=0.03


Tree=36
num_leaves=15
num_cat=0
split_feature=4 13 13 9 0 13 12 13 9 3 1 9 13 1
split_gain=4.17895 1.57179 0.459724 0.991292 0.504473 0.710553 0.536018 0.640189 0.504668 0.403187 0.341497 0.330612 0.132338 0.1283
threshold=11.366606029116047 2.8972419837873922 3.856502663628596 0.97014794553715189 14.355232715256561 2.3558523928899047 1.0000000180025095e-35 2.9595010195883922 0.86382728211298232 14.016413975980525 14.373979695429968 -0.33961250367033008 3.5593784658908576 13.231590220524028
decision_type=2 8 8 2 2 10 10 10 2 2 2 2 10 2
left_child=2 -2 3 4 13 -6 -7 -8 10 -3 12 -12 -9 -1
right_child=1 9 -4 -5 5 6 7 8 -10 -11 11 -13 -14 -15
leaf_value=-0.030239481876795045 0.06157283007227133 0.0026058550707749447 -0.036795013887675081 0.0097069681348258621 0.0080803921355742641 -0.024851844358179005 0.019344630363435669 -0.036046606396939587 0.018671137984896887 0.028115813832179933 0.0071693313978188023 -0.0071524475226222382 -0.0066666468560863208 -0.012870700062520323
leaf_weight=164 25 36 172 20 22 62 28 66 22 22 23 34 22 53
leaf_count=164 25 36 172 20 22 62 28 66 22 22 23 34 22 53
internal_value=-0.000353628 0.00596429 -0.00112337 -0.000673115 -0.000941651 -9.64293e-05 -0.000546512 0.000229591 -0.000482144 0.00315254 -0.00113014 0.000672413 -0.00229214 -0.00202294
internal_weight=771 83 688 516 496 279 257 195 167 58 145 57 88 217
internal_count=771 83 688 516 496 279 257 195 167 58 145 57 88 217
is_linear=0
shrinkage=0.03


Tree=37
num_leaves=15
num_cat=0
split_feature=4 2 8 8 13 1 2 2 8 9 1 1 4 4
split_gain=2.56654 1.10185 1.01894 0.884765 0.924562 0.788164 0.746244 0.767629 0.551486 0.486566 0.260876 0.245007 0.301839 0.227693
threshold=12.292368375529856 10.229331241794652 21.450000000000003 14.450000000000001 3.856502663628596 13.555324574969749 13.040398288554799 14.426126893774681 31.900000000000002 -0.86046863722869238 14.989038693386599 14.301187463605904 9.3282462567369606 9.66165092639657
decision_type=2 2 10 10 8 2 2 2 10 2 2 2 2 2
left_child=1 -1 -2 4 5 -3 13 8 10 -7 -8 -11 -13 -5
right_child=2 3 -4 6 -6 9 7 -9 -10 11 -12 12 -14 -15
leaf_value=-0.03527022269246214 0.037373163923175773 0.015655832625790171 0.013129711172808521 -0.034540860224639029 -0.020486558961429899 0.01749307532939133 -0.013191609514196829 -0.016494896492386717 0.01315719391752314 -0.024596681380957428 0.0044517711565395949 0.017029632132492971 -0.0022978446863833489 -8.1535505005539134e-05
leaf_weight=177 26 37 20 184 62 25 24 30 35 27 20 38 28 37
leaf_count=177 26 37 20 184 62 25 24 30 35 27 20 38 28 37
internal_value=-0.000155643 -0.000595863 0.0066383 7.11672e-05 0.00155505 0.00278846 -0.000906345 0.00111818 0.0026625 0.00156302 0.000399999 0.000542552 0.00152239 -0.00190541
internal_weight=770 724 46 547 217 155 330 109 79 118 44 93 66 221
internal_count=770 724 46 547 217 155 330 109 79 118 44 93 66 221
is_linear=0
shrinkage=0.03


Tree=38
num_leaves=15
num_cat=0
split_feature=4 2 13 13 8 13 1 3 12 2 1 9 8 8
split_gain=2.98732 1.07573 0.936745 1.0952 0.770869 0.650936 0.394145 0.352834 0.292999 0.279465 0.638655 0.247495 0.175505 0.16398
threshold=12.292368375529856 14.870255123913966 3.4282904644093786 3.3679762682953696 5.4500000000000011 2.3558523928899047 14.792663134631711 11.773891633983878 1.0000000180025095e-35 13.159244021519656 15.174802359262115 0.86382728211298232 33.050000000000004 13.15
decision_type=2 2 8 10 10 10 2 2 10 2 2 2 10 10
left_child=2 -2 3 4 -1 -6 8 -8 -7 13 -11 12 -10 -4
right_child=1 -3 9 -5 5 6 7 -9 11 10 -12 -13 -14 -15
leaf_value=0.013737197134774358 0.013147895972463606 0.041219231054468654 -0.019772659222054036 0.027224010028367638 0.012582125785016007 -0.027038427982604158 0.013999758795024971 -0.0082341826226911986 -0.025094123808678037 0.018139156465028047 -0.015753556663008574 0.01022930602436567 0.0025193807185533964 -0.032071483730890991
leaf_weight=26 25 21 113 25 24 87 38 31 126 20 39 39 30 130
leaf_count=26 25 21 113 25 24 87 38 31 126 20 39 39 30 130
internal_value=-5.41943e-05 0.0072766 -0.00052675 0.00037939 -7.4634e-06 -0.000359043 -0.000690342 0.00132857 -0.00118728 -0.00180198 4.99993e-05 -0.000535715 -0.00107006 -0.00225
internal_weight=774 46 728 426 401 375 351 69 282 302 59 195 156 243
internal_count=774 46 728 426 401 375 351 69 282 302 59 195 156 243
is_linear=0
shrinkage=0.03


Tree=39
num_leaves=15
num_cat=0
split_feature=4 0 7 13 1 8 0 8 10 1 10 2 13 4
split_gain=2.18319 1.88153 1.12858 1.21545 0.951388 0.77667 1.29779 0.906013 0.705667 0.302065 0.582703 0.656899 0.272928 0.528982
threshold=12.292368375529856 15.047954689769517 5.3500000000000005 3.9132263560644254 14.577626253153641 13.750000000000002 14.477298238986755 9.0500000000000025 -0.70710678118654757 13.076813198341064 -0.5 10.370668320987154 2.5122293040797166 9.821308713644493
decision_type=2 2 2 8 2 10 2 10 2 2 2 2 10 2
left_child=2 -2 -1 4 5 6 -4 -8 -6 10 -7 -12 -10 -14
right_child=1 -3 3 -5 8 9 7 -9 12 -11 11 -13 13 -15
leaf_value=-0.036403822784050056 0.0038860109507172246 0.029157492474322047 -0.0053677782706440247 -0.032431155025989949 0.0215654937537853 -0.033190206624676893 0.0055127698636719116 0.028036025940100424 0.012413355549858457 -0.021616611905425489 -0.02622036223434749 0.017473425065651537 0.020794362211847817 -0.013502422824334366
leaf_weight=190 20 20 47 134 37 29 33 27 24 110 20 23 33 33
leaf_count=190 20 20 47 134 37 29 33 27 24 110 20 23 33 33
internal_value=-0.00015365 0.00658537 -0.000526317 0.000163339 0.000964028 1.03441e-05 0.00202778 0.00491803 0.00311719 -0.00118033 0.000328766 0.00252273 0.00164835 0.000626865
internal_weight=780 40 740 550 416 289 107 60 127 182 72 43 90 66
internal_count=780 40 740 550 416 289 107 60 127 182 72 43 90 66
is_linear=0
shrinkage=0.03


Tree=40
num_leaves=15
num_cat=0
split_feature=5 7 0 7 12 3 3 1 1 13 2 10 7 0
split_gain=1.89701 0.784643 0.653646 0.554829 0.487872 0.604602 0.675248 0.899781 1.04405 0.416607 0.381066 0.295793 0.260748 0.215523
threshold=10.881566037219619 5.8500000000000005 12.766868107645456 7.6500000000000012 2.5000000000000004 11.773891633983878 9.1222403889648795 13.137315168022965 14.764333593697641 3.3187814788102741 13.497100125858635 1.0000000180025095e-35 6.6500000000000012 15.047954689769517
decision_type=2 2 2 2 10 2 2 2 2 8 2 2 2 2
left_child=1 10 -3 4 5 6 13 -8 11 -7 -1 -9 -6 -4
right_child=-2 2 3 -5 12 9 7 8 -10 -11 -12 -13 -14 -15
leaf_value=-0.025803181358407475 0.053845474068938817 -0.043488661781978785 0.0048349881001610922 0.017726845242464092 -0.05484752642423428 -0.014447257523407675 0.020834074689610588 0.013230509201633659 0.014134999753224737 0.02303344760642085 0.0054950041419685692 -0.0068266128861812596 0.0031331804781819196 -0.030284454328797145
leaf_weight=322 25 67 30 21 50 57 26 26 28 22 25 26 23 22
leaf_count=322 25 67 30 21 50 57 26 26 28 22 25 26 23 22
internal_value=-0.000466927 -0.000743969 0.000165413 0.000713855 0.000385851 0.00104622 0.00211321 0.00347663 0.00185185 -0.0010875 -0.00178448 -0.000679246 -0.00174324 -0.000679246
internal_weight=770 745 398 331 310 237 158 106 80 79 347 52 73 52
internal_count=770 745 398 331 310 237 158 106 80 79 347 52 73 52
is_linear=0
shrinkage=0.03


Tree=41
num_leaves=15
num_cat=0
split_feature=4 3 1 13 11 1 0 3 3 3 9 13 1 7
split_gain=2.89255 1.31773 0.8618 0.652507 0.469692 0.482398 0.499104 1.02945 0.507391 0.387162 0.388547 0.326245 0.388354 0.153841
threshold=11.572710855912922 13.655012266749884 12.841858717750755 3.856502663628596 1.0000000180025095e-35 13.154072050558062 16.128161472794346 10.402791739036198 6.9462364939941645 12.23257817002929 0.034878236872063054 3.3916870091212465 14.577626253153641 6.1500000000000012
decision_type=2 2 2 10 2 2 2 2 2 2 2 8 2 2
left_child=2 -2 -1 4 5 -4 8 -8 -7 10 -6 12 13 -10
right_child=1 -3 3 -5 9 6 7 -9 11 -11 -12 -13 -14 -15
leaf_value=-0.03047008608465436 0.0087080931261452037 0.052230106293058375 0.02690708793117514 -0.019981624191833424 0.004705884355673335 0.0079424635477070901 -0.020910851982048784 0.039484709493724172 -0.023022439155025637 0.017279137201995063 -0.021691113597125371 -0.014172731711730949 0.01567641954210278 0.00035377240218675555
leaf_weight=220 39 35 20 104 26 32 21 29 39 20 82 40 29 23
leaf_count=220 39 35 20 104 26 32 21 29 39 20 82 40 29 23
internal_value=-0.000153948 0.00544 -0.000765307 -3.21896e-05 0.000571822 0.00137179 0.000939252 0.00352941 0.000128048 -0.000883722 -0.00159633 -0.000704546 0.000293478 -0.00104762
internal_weight=759 74 685 465 361 233 213 50 163 128 108 131 91 62
internal_count=759 74 685 465 361 233 213 50 163 128 108 131 91 62
is_linear=0
shrinkage=0.03


Tree=42
num_leaves=15
num_cat=0
split_feature=7 1 7 8 8 3 13 8 8 0 0 10 8 8
split_gain=1.42466 1.40982 1.27798 1.17963 0.804605 0.500366 0.517554 0.509331 1.01554 0.5731 0.480305 0.478661 0.445379 0.404103
threshold=6.5500000000000007 14.883423390723346 7.4500000000000011 14.850000000000003 23.450000000000003 9.194173718038618 2.4859113331897214 14.450000000000001 11.950000000000001 15.68343996385469 15.05349909658046 0.84683958865924192 5.4500000000000011 34.900000000000006
decision_type=2 2 2 10 10 2 8 10 10 2 2 2 10 10
left_child=5 3 4 -2 -3 6 -1 8 9 10 -7 -5 -8 -9
right_child=1 2 -4 11 -6 7 12 13 -10 -11 -12 -13 -14 -15
leaf_value=0.0012245203737782635 0.0150385869336394 0.022587069108491224 0.059942962243523558 -0.012853926167868067 -0.021753059036194337 -0.0063447385556651302 0.0046118217773055345 -0.013514392734969237 0.021622982281072931 -0.017780645619036778 0.017686193301987459 0.0023450244995155984 -0.02822806398068527 0.018013736458873511
leaf_weight=20 28 31 26 78 24 24 25 114 28 47 20 22 258 30
leaf_count=20 28 31 26 78 24 24 25 114 28 47 20 22 258 30
internal_value=-9.66502e-05 0.00201429 0.00508537 4.65109e-05 0.00241071 -0.000878308 -0.00170724 7.95447e-05 0.001525 -3.26094e-05 0.0024 -0.00148515 -0.00203873 -0.00111724
internal_weight=775 209 81 128 55 566 303 263 119 91 44 100 283 144
internal_count=775 209 81 128 55 566 303 263 119 91 44 100 283 144
is_linear=0
shrinkage=0.03


Tree=43
num_leaves=15
num_cat=0
split_feature=4 8 13 13 1 13 3 1 3 8 2 10 9 3
split_gain=2.75221 1.21852 1.08266 0.795214 0.480645 0.492049 0.717983 0.928733 0.450374 0.690476 0.388331 0.425426 0.361215 0.219264
threshold=11.766369234735842 25.450000000000003 3.094662338278956 3.4282904644093786 14.754425286048152 3.2690750720136168 8.4730319460816848 13.489926929101598 11.773891633983878 13.050000000000002 13.159244021519656 -0.51128821893537901 -0.9629878403374984 12.61951912582485
decision_type=2 10 8 10 2 8 2 2 2 10 2 2 2 2
left_child=3 2 -2 4 5 12 -7 -8 9 -6 -5 -12 -1 -10
right_child=1 -3 -4 10 8 6 7 -9 13 -11 11 -13 -14 -15
leaf_value=0.0041100723013301026 0.044701805411986206 -0.0064141591014299807 0.016742306097943853 -0.032984463358183932 0.0037578567113505375 -0.03179079865490262 0.01880918691284313 -0.015980141338942083 -0.032808081536611529 0.039041123475870278 -0.014814982823521528 0.013604789216395954 -0.018943790830607012 0.018812601145036523
leaf_weight=33 22 28 23 224 35 34 25 25 21 27 20 25 209 20
leaf_count=33 22 28 23 224 35 34 25 25 21 27 20 25 209 20
internal_value=-0.000353628 0.00514865 0.00815217 -0.000935623 -0.000132559 -0.000697248 0.00127059 0.00352941 0.00164423 0.00323809 -0.00221111 0.000326086 -0.00138272 -0.000785715
internal_weight=771 73 45 698 429 326 84 50 103 62 269 45 242 41
internal_count=771 73 45 698 429 326 84 50 103 62 269 45 242 41
is_linear=0
shrinkage=0.03


Tree=44
num_leaves=15
num_cat=0
split_feature=3 8 7 8 8 9 8 8 0 3 8 4 1 3
split_gain=2.79508 1.97853 0.756808 0.605438 0.913208 0.928162 0.681431 2.31129 0.356845 0.300942 0.230019 0.511664 1.29004 0.259706
threshold=13.655012266749884 24.850000000000005 6.1500000000000012 39.20000000000001 32.050000000000004 -0.33961250367033008 10.850000000000003 16.550000000000004 16.646187988349606 9.194173718038618 9.943500000000002 5.7899554948754268 12.794313964215119 10.204576942698482
decision_type=2 10 2 10 8 2 10 10 2 2 10 2 2 2
left_child=2 -2 10 4 5 6 -4 -8 9 -7 11 12 -1 -12
right_child=1 -3 3 -5 -6 8 7 -9 -10 -11 13 -13 -14 -15
leaf_value=-0.03002320154458003 0.038580408388461176 0.00038872809053549086 -0.042179844230107878 -0.031319787468313202 0.021865502129969468 0.0077393578635156059 0.024568808641732047 -0.00064708201210392983 0.044460347046702459 -0.0087927297213996926 -0.026683604149669478 -0.012979527814780591 0.0073669703044363134 -0.0073453532430793117
leaf_weight=33 21 23 20 52 20 39 20 36 20 90 235 39 36 96
leaf_count=33 21 23 20 52 20 39 20 36 20 90 235 39 36 96
internal_value=-0.000192062 0.00706667 -0.000635007 0.000533556 0.00115854 0.000597344 0.00327273 0.00494737 -0.000780001 -0.00136154 -0.001425 -0.000220184 0.00132857 -0.00181627
internal_weight=780 44 736 297 245 225 76 56 149 129 439 108 69 331
internal_count=780 44 736 297 245 225 76 56 149 129 439 108 69 331
is_linear=0
shrinkage=0.03


Tree=45
num_leaves=15
num_cat=0
split_feature=5 7 8 13 13 0 7 5 8 4 7 13 8 8
split_gain=2.45288 0.862429 1.32022 0.651117 0.605903 0.845366 0.684211 1.34095 0.516442 0.635096 0.381966 0.301166 0.493327 0.264695
threshold=10.968262574188968 6.8500000000000005 24.350000000000005 3.094662338278956 3.856502663628596 14.355232715256561 5.7500000000000009 1.4311004404647345 14.15 7.7699547862938187 7.2500000000000009 2.9864873567517889 13.750000000000002 13.050000000000002
decision_type=2 2 10 8 10 2 2 2 10 2 2 8 10 10
left_child=1 4 3 -3 5 -1 11 8 -8 -10 -5 12 -7 -9
right_child=-2 2 -4 10 -6 6 7 13 9 -11 -12 -13 -14 -15
leaf_value=-0.021887278956839586 0.04785702862677068 0.018986045943290827 -0.011460080886833165 0.0079671915580745382 -0.038306504709904224 0.011275251178008235 0.028126379036814125 -0.022050319981100255 -0.030668329729812992 0.021885726950483842 -0.0012330949725253373 -0.024951796334936521 -0.011331393848548917 0.0097204733805304009
leaf_weight=198 24 22 67 21 127 26 38 35 21 24 22 88 28 31
leaf_count=198 24 22 67 21 127 26 38 35 21 24 22 88 28 31
internal_value=-0.000124192 -0.000432577 0.0017594 0.00477273 -0.000904377 -0.00042245 0.000606164 0.00202 0.00453571 0.00228261 0.00252273 -0.00088112 0.000872727 -0.00116418
internal_weight=772 748 132 65 616 489 291 149 83 45 43 142 54 66
internal_count=772 748 132 65 616 489 291 149 83 45 43 142 54 66
is_linear=0
shrinkage=0.03


Tree=46
num_leaves=15
num_cat=0
split_feature=3 13 4 9 13 1 3 3 10 4 2 10 1 4
split_gain=2.58306 1.05349 1.15804 0.864048 0.972352 1.15307 0.421235 0.494728 0.253762 0.290273 0.337249 0.216985 0.332785 0.177947
threshold=14.091761313902497 3.066571616749731 11.422772732134169 -0.88784492709732687 2.9436621464645709 14.271881174750559 9.0859865040759136 9.8387089424762042 -0.51128821893537901 7.7699547862938187 12.993048020977662 -0.9141673389828272 15.345601561204473 11.029703962483154
decision_type=2 8 2 2 10 2 2 2 2 2 2 2 2 2
left_child=1 2 3 -1 11 -6 -3 -8 -9 10 -10 -5 -13 -11
right_child=-2 6 -4 4 5 -7 7 8 9 13 -12 12 -14 -15
leaf_value=0.03388957260455587 0.036933846550588866 -0.025226227336811718 0.041846968625943289 0.00075746729463987885 -0.021043857400302745 0.02243838774381561 0.013731331458129501 -0.018685021583818132 -0.003360129223705289 -0.010571042148300734 0.013501342850222722 -0.032781984719068298 0.0050684330982750598 0.00024403558977329737
leaf_weight=24 28 223 23 33 41 20 30 74 36 57 20 113 20 25
leaf_count=24 28 223 23 33 41 20 30 74 36 57 20 113 20 25
internal_value=-0.000300782 -0.000644595 0.00082909 0.00022619 -0.000355264 0.00285484 -0.00151288 -0.000641976 -0.00115493 -0.00038849 0.00126316 -0.00154491 -0.00208209 -0.00151807
internal_weight=767 739 274 251 227 61 465 242 212 138 56 166 133 82
internal_count=767 739 274 251 227 61 465 242 212 138 56 166 133 82
is_linear=0
shrinkage=0.03


Tree=47
num_leaves=15
num_cat=0
split_feature=5 7 12 8 2 8 4 2 2 2 8 10 0 8
split_gain=1.87471 0.813409 0.770331 0.687014 0.827791 1.17785 0.820391 0.774942 0.449908 0.684482 0.776587 0.272417 0.180174 0.455625
threshold=10.505546430446111 5.3500000000000005 2.5000000000000004 14.850000000000003 11.797096747488046 9.0500000000000025 5.7899554948754268 9.8666612667674283 12.941359901574108 14.022891220075584 31.650000000000002 0.84683958865924192 13.703158544583582 23.450000000000003
decision_type=2 2 8 10 2 10 2 2 2 2 10 2 2 10
left_child=1 -1 3 4 6 -6 7 -3 12 10 -10 -4 13 -5
right_child=-2 2 11 8 5 -7 -8 -9 9 -11 -12 -13 -14 -15
leaf_value=-0.031577133487490167 0.045269080602992853 -0.010092147938149309 -0.035486619678183541 0.017598942081228173 -0.0016194266704492419 0.035845392765244073 -0.017603471332201057 0.016522508180187079 -0.014524568423911106 -0.0021425677833592934 0.015491344758471094 -0.0013089979486900583 -0.013578538042938687 -0.05401465035579097
leaf_weight=182 34 24 106 23 29 37 59 23 23 31 26 23 114 47
leaf_count=182 34 24 106 23 29 37 59 23 23 31 26 23 114 47
internal_value=-0.000272379 -0.000589573 -2.65025e-05 0.000576658 0.00204624 0.00465672 0.000392523 0.0033125 -0.000384906 0.00148148 0.00366 -0.00205385 -0.0012 -7.05182e-10
internal_weight=781 747 565 436 172 66 106 47 264 80 49 129 184 70
internal_count=781 747 565 436 172 66 106 47 264 80 49 129 184 70
is_linear=0
shrinkage=0.03


Tree=48
num_leaves=15
num_cat=0
split_feature=4 12 8 7 8 7 10 0 1 10 4 3 2 8
split_gain=2.07384 1.36948 1.90788 0.739102 0.612203 0.741954 0.764064 0.58363 0.712826 0.549261 0.30693 0.300598 0.258409 0.279401
threshold=11.366606029116047 2.5000000000000004 23.450000000000003 7.5500000000000007 14.65 6.3500000000000005 0.24188504972319264 15.10255548989384 15.134434725680999 -0.47114434510950037 5.9753062463697111 10.124819010932896 12.418738284306258 37.800000000000004
decision_type=2 10 10 2 10 2 2 2 2 2 2 2 2 10
left_child=3 2 -2 4 5 7 -7 11 9 -9 -11 -1 -6 -14
right_child=1 -3 -4 -5 12 6 -8 8 -10 10 -12 -13 13 -15
leaf_value=-0.023212974158741947 0.048571172474829401 -0.015985490831279148 -0.0025492876672314974 0.0032922207935388434 -0.029479198410055411 0.015090774265099274 -0.0014693033097391733 -0.019412156443818274 -0.025824404297005239 0.010965181410824906 0.011144290797395989 0.010913535503394953 0.00019173635869727354 -0.022746747310863881
leaf_weight=121 29 23 24 24 255 38 21 21 29 33 21 20 79 31
leaf_count=121 29 23 24 24 255 38 21 21 29 33 21 20 79 31
internal_value=-0.000229871 0.00444156 0.00705555 -0.000747839 -0.000935822 5.90157e-05 0.00305 -0.000670732 0.00102857 0.00256579 0.00414545 -0.00192254 -0.0017623 -0.000540541
internal_weight=769 76 53 693 669 304 59 245 104 75 54 141 365 110
internal_count=769 76 53 693 669 304 59 245 104 75 54 141 365 110
is_linear=0
shrinkage=0.03


Tree=49
num_leaves=15
num_cat=0
split_feature=4 8 13 1 8 7 2 13 12 7 1 2 1 10
split_gain=2.6562 1.30612 0.915801 0.63799 0.574537 0.708797 0.848722 0.545697 1.15599 0.540643 0.487885 0.370984 0.381283 0.290445
threshold=12.030886569225439 19.200000000000006 2.4559573733023732 12.59263845812521 14.65 6.3500000000000005 11.79060985757101 3.1164077735376892 1.0000000180025095e-35 7.4500000000000011 13.974207446901717 12.418738284306258 15.217441182833447 0.94490267940017758
decision_type=2 10 8 2 10 2 2 8 10 2 2 2 2 2
left_child=2 -2 10 13 5 7 -7 8 -5 11 -1 -6 -13 -4
right_child=1 -3 3 4 9 6 -8 -9 -10 -11 -12 12 -14 -15
leaf_value=-0.008273603370559825 0.031916668697174057 0.001580970989399302 -0.029788487241034094 -0.020049048521629524 -0.033699394388410901 0.017897560799084371 0.00096044342132522781 -0.0089299268823965269 0.011308062304151803 0.0086365351672520602 0.0058906005494645834 0.001331024979422333 -0.053391930615242646 -0.0082781134352161393
leaf_weight=22 21 24 146 20 152 20 26 117 28 25 31 66 31 26
leaf_count=22 21 24 146 20 152 20 26 117 28 25 31 66 31 26
internal_value=-0.00013889 0.00684783 -0.000590718 -0.000898177 -0.000339507 0.000834905 0.00408511 -9.03622e-05 0.00257143 -0.00124364 0.00316667 -0.001668 -0.000214286 -0.00246243
internal_weight=755 45 710 657 485 211 46 165 48 274 53 249 97 172
internal_count=755 45 710 657 485 211 46 165 48 274 53 249 97 172
is_linear=0
shrinkage=0.03


Tree=50
num_leaves=15
num_cat=0
split_feature=3 8 13 3 8 1 7 2 8 13 0 13 3 1
split_gain=2.40852 2.20658 0.885269 0.636705 0.893675 1.01153 0.733553 0.753099 0.537656 0.553912 0.516768 0.407979 0.356213 0.239819
threshold=13.655012266749884 24.850000000000005 3.856502663628596 9.0859865040759136 16.800000000000001 13.593022859930125 6.1500000000000012 12.993048020977662 30.050000000000004 2.8090939435683073 14.026200017681296 2.4559573733023732 12.804060254038557 13.72490307704015
decision_type=2 10 10 2 10 2 2 2 10 8 2 8 2 2
left_child=2 -2 3 11 5 -5 -7 -8 12 -10 -11 -1 -6 -13
right_child=1 -3 -4 4 8 6 7 -9 9 10 -12 13 -14 -15
leaf_value=0.0046908467199077075 0.029003749077498919 -0.0045314084201245703 -0.029457166407107545 0.019225356787989558 -0.019522355424406036 -0.012731334291888307 0.042819722229649013 -0.0091263002310121352 -0.03433778884294364 -0.0027306751890123185 0.022269018664958378 -0.019690762053518131 0.0030824471044650715 -0.01647026238809185
leaf_weight=21 25 24 151 28 84 62 30 23 20 23 27 169 20 62
leaf_count=21 25 24 151 28 84 62 30 23 20 23 27 169 20 62
internal_value=-0.000307793 0.00606 -0.00074896 -0.000205264 0.000688679 0.0024375 0.00116379 0.00372222 -0.000754286 0.0012676 0.00294118 -0.00132806 -0.00211429 -0.00169397
internal_weight=769 49 720 569 317 143 115 53 174 70 50 252 104 231
internal_count=769 49 720 569 317 143 115 53 174 70 50 252 104 231
is_linear=0
shrinkage=0.03


Tree=51
num_leaves=15
num_cat=0
split_feature=4 8 13 7 7 13 9 8 7 4 13 13 8 8
split_gain=3.22726 1.3226 1.59398 0.989504 0.612765 0.660287 0.506523 0.774596 0.545975 1.13393 0.379898 0.592679 0.470773 0.464173
threshold=11.422772732134169 23.450000000000003 3.094662338278956 7.6500000000000012 5.3500000000000005 3.9132263560644254 -0.33961250367033008 17.150000000000002 6.1500000000000012 5.8748113740367325 2.8780245840889473 3.298820917852527 14.050000000000002 22.900000000000002
decision_type=2 10 8 2 2 10 2 10 2 2 10 10 10 10
left_child=3 2 -2 4 -1 6 7 8 9 -6 -8 12 -12 -14
right_child=1 -3 -4 -5 5 -7 10 -9 -10 -11 11 -13 13 -15
leaf_value=-0.03100121475900219 0.045142217891375562 0.0031743454634655392 0.0025964662214827297 0.0047261165313841995 0.019692863361748754 -0.022820706959029879 -0.011455302924789284 -0.017301149781776499 0.018287801111815084 -0.027129264398346304 0.014785408501647239 -0.017725909137314332 -0.027286170824533419 0.011391408029114846
leaf_weight=188 21 35 23 20 26 90 97 58 26 24 29 81 22 31
leaf_count=188 21 35 23 20 26 90 97 58 26 24 29 81 22 31
internal_value=-4.27468e-05 0.0056625 0.00906667 -0.000701299 -0.000900446 -0.000334021 0.000197468 0.00168889 0.00366234 0.00176471 -0.000574713 0.000310975 0.00209638 0.000388888
internal_weight=771 79 44 692 672 484 394 134 76 50 260 163 82 53
internal_count=771 79 44 692 672 484 394 134 76 50 260 163 82 53
is_linear=0
shrinkage=0.03


Tree=52
num_leaves=15
num_cat=0
split_feature=4 8 13 7 8 7 8 2 2 1 13 13 4 4
split_gain=2.15198 1.88271 0.891178 0.815479 0.445044 1.32264 1.48354 1.38586 0.574253 0.757479 0.427122 0.176601 0.249757 0.142873
threshold=11.572710855912922 19.200000000000006 3.8088337008098008 7.5500000000000007 16.800000000000001 6.1500000000000012 9.0500000000000025 11.732151351909677 10.229331241794652 13.555324574969749 2.5563404911825818 3.115735218115562 5.7899554948754268 7.6912884191548976
decision_type=2 10 8 2 10 2 10 2 2 2 10 10 2 2
left_child=2 -2 3 4 5 8 -7 -8 -1 -10 -6 -11 -13 -4
right_child=1 -3 13 -5 10 6 7 -9 9 11 -12 12 -14 -15
leaf_value=-0.028835499514707187 0.038398843984282498 -0.00035501287452555861 -0.03837931658321752 0.016970953097828641 0.0018448070648172893 -0.001980417165874966 0.025627590673887073 0.032482850005209694 0.013128534441567672 -0.033999756525851556 -0.015131209033988353 0.0095579521711148269 -0.014081697354885727 -0.0093040490121783625
leaf_weight=69 39 41 139 20 20 26 27 20 26 42 220 20 23 46
leaf_count=69 39 41 139 20 20 26 27 20 26 42 220 20 23 46
internal_value=-0.000184853 0.00444444 -0.000721031 -7.58762e-05 -0.000321863 0.000555117 0.00393243 0.0070625 -0.00082873 0.000508928 -0.00124481 -0.000872094 0.000477272 -0.0025
internal_weight=778 80 698 513 493 253 73 47 180 111 240 85 43 185
internal_count=778 80 698 513 493 253 73 47 180 111 240 85 43 185
is_linear=0
shrinkage=0.03


Tree=53
num_leaves=15
num_cat=0
split_feature=5 13 8 3 3 1 3 10 8 7 10 13 4 13
split_gain=2.19059 0.853206 0.715951 0.971888 0.932064 0.492115 0.937654 0.77037 0.440613 0.397209 0.273984 0.244113 0.440388 0.215983
threshold=11.267245234223749 3.4282904644093786 14.65 10.204576942698482 11.287165286345504 12.634404307685591 9.2393042073080913 0.13052619222005152 22.900000000000002 7.4500000000000011 -0.96047288537312736 2.9450127606983019 7.7699547862938187 3.1703446347558448
decision_type=2 10 10 2 2 2 2 2 10 2 2 8 2 8
left_child=1 2 3 5 -5 -1 7 -7 -4 10 -10 -12 13 -13
right_child=-2 -3 8 4 -6 6 -8 -9 9 -11 11 12 -14 -15
leaf_value=-0.023264308393179532 0.02709396941797413 -0.0093701392661444428 -0.016659323464509518 0.015843202130709232 0.002103303067527925 0.011763523800576636 -0.031733315997875121 0.0083633062567136651 0.0081072665832287553 0.0036853448700052047 -0.01535550097471875 -0.0035851678257178277 0.020542547105422786 -0.037233367781850255
leaf_weight=33 22 283 109 35 26 32 29 21 20 27 68 22 21 27
leaf_count=33 22 283 109 35 26 32 29 21 20 27 68 22 21 27
internal_value=-0.000251289 -0.000529178 0.000254776 0.00176271 0.00479032 0.00012931 0.00137349 0.00372222 -0.000650848 0.000241935 -0.000339623 -0.000820145 0.000422535 -0.00114
internal_weight=775 753 470 176 61 115 82 53 294 185 158 138 70 49
internal_count=775 753 470 176 61 115 82 53 294 185 158 138 70 49
is_linear=0
shrinkage=0.03


Tree=54
num_leaves=15
num_cat=0
split_feature=4 10 7 13 13 9 3 3 4 7 8 1 3 3
split_gain=1.60974 1.49268 0.743583 0.651644 0.51795 0.837925 0.577305 0.675447 0.682319 0.588877 0.273316 0.508156 0.5074 0.25951
threshold=11.572710855912922 0.60876142900872032 7.6500000000000012 3.6413638888637321 2.4559573733023732 0.44134171618254497 9.5055066888118862 10.91263968574051 8.344892515149466 5.8500000000000005 10.950000000000001 12.794313964215119 5.6758969040294156 10.372926583345267
decision_type=2 2 2 8 8 2 2 2 2 2 10 2 2 2
left_child=2 3 4 -2 5 -1 10 8 9 -8 11 -6 -13 -10
right_child=1 -3 -4 -5 6 -7 7 -9 13 -11 -12 12 -14 -15
leaf_value=0.0061534382240615989 0.0079256921311180867 0.041224501106452795 0.009053307057912718 -0.015730932672626163 -0.030542272451649973 -0.023780865224855782 0.00039036469192914726 -0.0080673038176875839 -0.052636353632516723 0.01414970467819557 -0.028251663996148917 0.012967527529104841 -0.0086146233908986746 0.0012396724936673481
leaf_weight=35 36 22 24 22 54 21 34 173 30 36 212 24 35 20
leaf_count=35 36 22 24 22 54 21 34 173 30 36 212 24 35 20
internal_value=-0.000300386 0.0037037 -0.000763949 0.00111864 -0.000951112 0.00178947 -0.00120194 -0.000234695 0.0014876 0.00338028 -0.00207055 -0.000868422 0.00105 -0.00117647
internal_weight=778 80 698 58 674 56 618 293 120 70 325 113 59 50
internal_count=778 80 698 58 674 56 618 293 120 70 325 113 59 50
is_linear=0
shrinkage=0.03


Tree=55
num_leaves=15
num_cat=0
split_feature=4 8 3 12 9 8 11 8 8 4 8 0 0 0
split_gain=1.83472 1.58666 0.605284 0.589149 0.731024 0.400153 0.790388 1.16039 0.670638 0.668195 1.05823 0.399163 0.358536 0.190617
threshold=11.366606029116047 19.200000000000006 9.0859865040759136 2.5000000000000004 0.88144907265856365 17.150000000000002 1.0000000180025095e-35 11.950000000000001 30.050000000000004 9.1790302868013747 39.20000000000001 15.450265067030431 14.951744793098303 15.798925266415003
decision_type=2 10 2 10 2 10 2 10 10 2 8 2 2 2
left_child=2 -2 13 4 5 6 7 11 -7 10 -10 -4 -6 -1
right_child=1 -3 3 -5 12 8 -8 -9 9 -11 -12 -13 -14 -15
leaf_value=-0.02166980443057847 0.023531504448241956 -0.00027748131496106851 -0.0022427695918542934 -0.018586508670184968 0.0016343741044973408 -0.024938536545417275 -0.018067564425692597 0.012477525631462292 0.027761752492155668 -0.0074987569682811025 -0.018649137528807994 0.012766247283553425 0.020215912441985489 -0.0071245933739818622
leaf_weight=266 39 41 22 76 25 71 27 31 21 22 20 27 20 63
leaf_count=266 39 41 22 76 25 71 27 31 21 22 20 27 20 63
internal_value=-0.000198187 0.00407407 -0.000697978 0.00014876 0.000773518 0.00011157 0.00147222 0.00296296 -0.000977778 0.00126562 0.0035 5.99993e-05 0.00423913 -0.00162727
internal_weight=771 80 691 362 286 241 107 80 134 63 41 49 45 329
internal_count=771 80 691 362 286 241 107 80 134 63 41 49 45 329
is_linear=0
shrinkage=0.03


Tree=56
num_leaves=15
num_cat=0
split_feature=4 7 8 1 1 10 0 13 0 13 1 8 13 8
split_gain=1.70322 0.370853 0.706497 0.725617 0.918331 0.377949 0.329652 0.459661 0.302022 0.505166 0.437657 0.208705 0.187838 0.366863
threshold=12.292368375529856 6.3500000000000005 16.550000000000004 15.134434725680999 13.076813198341064 0.87448649832168279 14.449487272817015 3.856502663628596 15.509268706681548 3.3231252918076066 13.137315168022965 13.750000000000002 3.0186624058275657 34.550000000000004
decision_type=2 2 10 2 2 2 2 8 2 10 2 10 10 10
left_child=1 6 3 4 -3 12 -1 8 10 11 -8 -10 13 -4
right_child=-2 2 5 -5 -6 -7 7 -9 9 -11 -12 -13 -14 -15
leaf_value=-0.020042477047996853 0.022104615534850727 -0.0019838007179743019 -0.013662300864882179 -0.0037595965798948869 0.020932414058137928 0.0059182827067080761 0.013103992567483574 -0.043763467758437216 0.0076513610227350133 0.012103202150590835 -0.0049302177141587536 -0.021491389612571476 -0.014472149197786992 0.0040568309632492859
leaf_weight=208 38 22 36 25 30 21 28 81 40 21 89 28 79 20
leaf_count=208 38 22 36 25 30 21 28 81 40 21 89 28 79 20
internal_value=-0.000571057 -0.00089712 8.97429e-05 0.00242308 0.00441509 -0.00107006 -0.00136089 -0.000697917 5.79703e-05 0.00136667 -0.000940679 8.69558e-05 -0.00165441 -0.00031579
internal_weight=766 728 233 77 52 156 495 287 206 89 117 68 135 56
internal_count=766 728 233 77 52 156 495 287 206 89 117 68 135 56
is_linear=0
shrinkage=0.03


Tree=57
num_leaves=15
num_cat=0
split_feature=7 1 13 9 9 13 8 1 13 7 4 2 1 1
split_gain=2.44063 2.17918 0.784121 0.907903 0.33747 0.68993 0.321611 0.274505 0.410202 0.600622 0.179005 0.146282 0.134403 0.365044
threshold=7.4500000000000011 14.900169752913497 2.4559573733023732 -0.33961250367033008 0.88144907265856365 3.2891799922809661 12.250000000000002 12.205696820552394 3.0359868077848118 6.3500000000000005 1.0000000180025095e-35 10.758670884155155 14.792663134631711 15.345601561204473
decision_type=2 2 8 2 2 10 10 2 8 2 2 2 2 2
left_child=2 -2 3 -1 6 -6 7 -4 -9 10 11 -10 -8 -14
right_child=1 -3 4 -5 5 -7 12 8 9 -11 -12 -13 13 -15
leaf_value=0.026186019534412786 -0.00038220339818374993 0.04317671833064745 -0.023394975315621593 -0.0038625226725723227 0.012484422261020253 -0.014610130932972219 -0.016694799824162318 0.0047715051823520116 -0.034442925203350336 0.0061869857243360016 -0.026813163946887361 0.0013369038500950379 0.00030216759497924984 -0.019462219173354913
leaf_weight=20 34 30 41 38 38 43 286 30 28 23 60 20 37 46
leaf_count=20 34 30 41 38 38 43 286 30 28 23 60 20 37 46
internal_value=-0.000673549 0.00489231 -0.00118144 0.00213559 -0.00147933 0.000329268 -0.00173601 -0.000768474 -0.000203704 -0.000931819 -0.00187156 -0.000489797 -0.00226216 -0.00117857
internal_weight=774 64 710 58 652 81 571 202 161 131 108 48 369 83
internal_count=774 64 710 58 652 81 571 202 161 131 108 48 369 83
is_linear=0
shrinkage=0.03


Tree=58
num_leaves=15
num_cat=0
split_feature=5 13 0 9 13 3 8 13 3 3 7 0 10 13
split_gain=1.68348 1.03989 0.705712 0.684269 0.77759 0.64368 0.805424 0.376774 0.348143 0.980663 0.480554 0.311631 0.302591 0.564038
threshold=10.968262574188968 3.9132263560644254 15.414201147005278 -0.88784492709732687 2.9369689060001494 12.464365168603846 14.450000000000001 2.5688187898933337 11.023758828488646 10.16906799463011 6.2500000000000009 14.477298238986755 0.28184167206526584 3.3608817317346471
decision_type=2 10 2 2 8 2 10 8 2 2 2 2 2 8
left_child=1 2 7 -4 -5 6 -6 -1 9 11 -11 -9 13 -13
right_child=-2 -3 3 4 5 -7 -8 8 -10 10 -12 12 -14 -15
leaf_value=0.0047440471866485763 0.03641672618445907 -0.035692793649104639 0.0026252759814497967 -0.00644889198056273 0.014971620523433803 0.033344876297088342 -0.014899824778017424 -0.019089939464672686 -0.0070164368122847985 0.0098014333145159654 0.006174057631747349 0.025994160253631556 -0.016101218008898112 -0.0296630104551306
leaf_weight=43 22 142 22 69 37 20 35 159 116 25 21 21 30 21
leaf_count=43 22 142 22 69 37 20 35 159 116 25 21 21 30 21
internal_value=-0.000432399 -0.000673229 -0.000140323 0.00141848 0.000722222 0.00251613 0.00115068 -0.000796339 -0.00108883 -0.000507195 0.00344681 -0.00130604 0.000328766 0.00195349
internal_weight=783 761 619 183 161 92 72 436 393 277 46 231 72 42
internal_count=783 761 619 183 161 92 72 436 393 277 46 231 72 42
is_linear=0
shrinkage=0.03


Tree=59
num_leaves=15
num_cat=0
split_feature=3 8 8 2 13 13 13 8 10 8 3 8 3 2
split_gain=1.24438 0.781368 1.49579 1.4447 0.5002 0.449234 0.709441 0.535594 0.410695 0.374169 0.314185 0.271418 0.26658 0.213705
threshold=9.0859865040759136 17.250000000000004 11.050000000000002 12.767573365598931 2.4559573733023732 3.856502663628596 2.8888307077117577 8.5050000000000008 0.87448649832168279 14.15 14.016413975980525 6.6500000000000012 10.751432343955155 11.364318137156067
decision_type=2 10 8 2 8 8 10 10 2 10 2 10 2 2
left_child=4 2 5 9 -1 6 -2 -8 10 -4 12 -6 13 -3
right_child=1 8 3 -5 11 -7 7 -9 -10 -11 -12 -13 -14 -15
leaf_value=0.0063228441449386706 -0.0039331607889691138 -0.02609505462993502 0.020699286622584964 0.011723856196488703 0.0028244560839031947 -0.040661234638171749 -0.00033945446168257183 0.0045885341464915359 0.0016607806259222584 -0.00093646843877201122 0.0001647200094261023 -0.024468527489356368 -0.013379421853679003 0.00041336397454136566
leaf_weight=20 26 20 24 38 33 35 33 21 31 27 22 280 129 20
leaf_count=20 26 20 24 38 33 35 33 21 31 27 22 280 129 20
internal_value=-0.000272369 0.000800936 0.00213658 0.00503333 -0.00164371 -0.000129311 0.00111111 0.00305454 -0.000430494 0.00167308 -0.000953126 -0.00193949 -0.00139412 0.000731707
internal_weight=759 426 204 89 333 115 80 54 222 51 191 313 169 40
internal_count=759 426 204 89 333 115 80 54 222 51 191 313 169 40
is_linear=0
shrinkage=0.03


Tree=60
num_leaves=15
num_cat=0
split_feature=3 4 12 12 3 1 9 4 4 8 7 8 13 7
split_gain=1.26166 0.943821 0.847995 0.762798 1.243 0.998585 0.553917 0.581888 0.624439 0.602903 0.443276 0.380389 0.203719 0.188203
threshold=9.0859865040759136 13.31857304037017 2.5000000000000004 1.5000000000000002 10.318518667578642 13.848560597141519 0.88144907265856365 11.422772732134169 9.1214069202205419 30.050000000000004 6.0100000000000007 6.6500000000000012 4.3822757879749981 6.4500000000000011
decision_type=2 2 10 10 2 2 2 2 2 10 2 10 10 2
left_child=11 2 3 6 -5 -6 7 8 9 10 -2 -1 -4 -13
right_child=1 -3 12 4 5 -7 -8 -9 -10 -11 -12 13 -14 -15
leaf_value=0.0060097159289198097 -0.025024098522345162 0.022929979343975726 -0.032405127442560216 0.0083927008655282891 -0.0077922498736150347 0.016475276816088732 0.018857940993232607 0.016031249214644168 -0.015207112505062003 0.02039564699796205 0.0076812860193827782 -0.019240425986314758 -0.0037860362084031168 -0.0059856236043774368
leaf_weight=33 54 20 60 23 25 24 39 37 68 34 37 253 29 39
leaf_count=33 54 20 60 23 25 24 39 37 68 34 37 253 29 39
internal_value=-9.66502e-05 0.000931263 0.000626449 0.00130702 0.0040274 0.00126 0.000566666 -7.12159e-10 -0.000664949 0.000595237 -0.000684783 -0.00151841 -0.00196667 -0.00186348
internal_weight=775 450 430 341 72 49 269 230 193 125 91 325 89 292
internal_count=775 450 430 341 72 49 269 230 193 125 91 325 89 292
is_linear=0
shrinkage=0.03


Tree=61
num_leaves=15
num_cat=0
split_feature=2 8 8 8 0 2 3 3 3 3 5 1 7 11
split_gain=1.38334 1.59224 1.88609 0.66231 1.15209 1.09932 0.256613 0.255053 0.236081 0.45628 0.661534 0.656401 0.210824 0.208448
threshold=11.680579127014374 18.050000000000004 15.850000000000003 9.0500000000000025 14.42345697094928 12.767573365598931 10.033034417429617 12.533588597600813 9.6705788083499247 10.717540093957641 4.8121099893426829 12.831759144235951 6.4500000000000011 1.0000000180025095e-35
decision_type=2 10 8 10 2 2 2 2 2 2 2 2 2 2
left_child=8 2 3 -2 -5 -6 -3 -8 12 10 11 -10 -1 -9
right_child=1 6 -4 4 5 -7 7 13 9 -11 -12 -13 -14 -15
leaf_value=-0.025105561107123076 -0.00026861437329104399 0.00098124599659619809 0.022198749835445897 -0.013878985165207894 0.0065340287829200542 0.0234492500361012 -0.021708452725049072 -0.00070860842130234967 0.016413317239670221 -0.0058319542069537721 -0.019287858242212824 -0.0033524526979505222 -0.0068137980478108744 0.011508678719660215
leaf_weight=251 62 34 20 20 35 38 83 52 20 39 23 22 41 23
leaf_count=251 62 34 20 20 35 38 83 52 20 39 23 22 41 23
internal_value=-0.000404451 0.000921195 0.00298295 0.00182692 0.00341489 0.00514865 -0.000963731 -0.0014717 -0.00163224 -0.000400001 0.00113636 0.00334884 -0.00206826 -0.000197369
internal_weight=763 367 175 155 93 73 192 158 396 104 65 42 292 75
internal_count=763 367 175 155 93 73 192 158 396 104 65 42 292 75
is_linear=0
shrinkage=0.03


Tree=62
num_leaves=15
num_cat=0
split_feature=2 8 7 13 7 13 4 0 8 0 1 10 4 3
split_gain=1.22867 1.65738 1.42629 0.955259 0.492061 0.47954 0.496352 0.85384 0.387725 0.387548 0.380952 0.372906 0.352661 0.33806
threshold=12.767573365598931 20.950000000000003 6.1500000000000012 3.094662338278956 5.3500000000000005 3.4282904644093786 5.7899554948754268 14.477298238986755 14.450000000000001 13.897368025316764 15.357379633675501 -0.9141673389828272 2.9830733695618465 11.375350769429788
decision_type=2 10 2 8 2 8 2 2 10 2 2 2 2 2
left_child=4 2 10 -4 -1 6 7 -6 12 -8 -2 -11 -7 -3
right_child=1 13 3 -5 5 8 9 -9 -10 11 -12 -13 -14 -15
leaf_value=-0.026355001445239185 0.00055039733645971783 0.0013090649600802069 0.037221863855759117 0.010038855781122485 -0.012370981503569895 0.0074521131737076826 0.00086677696816765096 0.015401896812582624 -0.041186255769430524 0.013534709075540894 -0.015319061230702376 -0.0043753342785583516 -0.0045671587344809075 -0.0010378386939835231
leaf_weight=169 20 20 26 38 36 34 41 32 84 24 20 84 48 107
leaf_count=169 20 20 26 38 36 34 41 32 84 24 20 84 48 107
internal_value=-0.000164542 0.0016681 0.00445714 0.0072 -0.000933093 -0.000335938 0.000591742 0.00269565 -0.00154491 -0.000380001 -6.9781e-10 -0.0013211 -7.22899e-05 -0.000632813
internal_weight=783 231 104 64 552 383 217 68 166 149 40 108 82 127
internal_count=783 231 104 64 552 383 217 68 166 149 40 108 82 127
is_linear=0
shrinkage=0.03


Tree=63
num_leaves=15
num_cat=0
split_feature=5 7 1 2 3 3 3 9 1 1 8 2 3 8
split_gain=1.79628 0.374756 1.36029 0.237246 0.354152 0.537351 0.645532 0.567643 0.301996 0.716015 0.257909 0.223987 0.387336 0.220319
threshold=10.968262574188968 7.2500000000000009 15.10423437151004 1.0000000180025095e-35 9.1222403889648795 10.91263968574051 10.677411995830598 0.44134171618254497 12.59263845812521 13.78715392218786 6.6500000000000012 12.418738284306258 11.773891633983878 24.950000000000003
decision_type=2 2 2 2 2 2 2 2 2 2 10 2 2 10
left_child=1 3 -3 -1 10 6 7 8 -6 -10 -5 -7 -13 -14
right_child=-2 2 -4 4 5 11 -8 -9 9 -11 -12 12 13 -15
leaf_value=0.0048802141510788152 0.026461966917600412 -0.0070299272534875834 0.05711354645815802 0.0037259366163373167 -0.0012971818038297624 -0.00159186899138608 0.010765534491334723 -0.015727777025613204 0.021018186978053969 0.00021898134669624328 -0.014627648406417346 0.0013734725811233861 -0.00030288462595716079 -0.010762244578956647
leaf_weight=43 26 46 23 34 21 65 20 52 20 44 246 28 55 55
leaf_count=43 26 46 23 34 21 65 20 52 20 44 246 28 55 55
internal_value=-0.00049294 -0.000764941 0.00132857 -0.000978071 -0.00112325 -0.000498616 0.000816455 6.52167e-05 0.00156977 0.00258461 -0.00192171 -0.00151471 -0.000820145 -0.00162162
internal_weight=778 752 69 683 640 360 157 137 85 64 280 203 138 110
internal_count=778 752 69 683 640 360 157 137 85 64 280 203 138 110
is_linear=0
shrinkage=0.03


Tree=64
num_leaves=15
num_cat=0
split_feature=4 9 0 1 12 1 12 10 7 2 10 7 8 4
split_gain=1.29714 0.783272 0.812906 0.676661 0.436957 0.42648 0.375779 0.619573 0.934459 0.24897 0.291932 0.477114 0.19335 0.380952
threshold=13.31857304037017 -0.88784492709732687 14.355232715256561 14.684605070709532 2.5000000000000004 14.382147574061419 1.0000000180025095e-35 0.41248606129204551 6.8500000000000005 12.961120873823601 -0.9141673389828272 6.1500000000000012 8.4500000000000011 4.0766389064824349
decision_type=2 2 2 2 8 2 10 2 2 2 2 2 10 2
left_child=1 2 -1 -4 5 9 -7 8 -8 10 11 -3 13 -12
right_child=-2 4 3 -5 -6 6 7 -9 -10 -11 12 -13 -14 -15
leaf_value=-0.0010552312463126018 0.018122776753766633 -0.01651554736224798 0.011364691805020708 -0.0085815006487816228 -0.027247688604337385 -0.00072865174227675468 0.027896447767025885 -0.0007889230604571127 -0.0049498538646581798 0.0010348508538675243 0.0078005907976367627 0.019763242600723815 -0.016763952527052532 -0.0034837196467515305
leaf_weight=41 21 41 38 22 163 53 32 35 25 26 20 21 210 20
leaf_count=41 21 41 38 22 163 53 32 35 25 26 20 21 210 20
internal_value=-0.000499351 -0.000709894 0.00173529 0.00393443 -0.00109428 -0.00063843 0.000719177 0.00187097 0.00377586 -0.00122124 -0.00145687 0.000380952 -0.00191235 -6.9781e-10
internal_weight=768 747 101 60 646 483 145 92 57 338 312 62 250 40
internal_count=768 747 101 60 646 483 145 92 57 338 312 62 250 40
is_linear=0
shrinkage=0.03


Tree=65
num_leaves=15
num_cat=0
split_feature=5 7 0 8 4 13 8 8 13 9 7 8 13 13
split_gain=0.901432 0.576154 0.498635 0.504933 1.03762 1.09933 0.902871 0.370771 0.423011 0.337156 0.386797 0.289477 0.282682 0.424792
threshold=10.968262574188968 5.8500000000000005 12.484909304156707 16.550000000000004 4.6548439227384408 3.066571616749731 9.0500000000000025 5.7500000000000009 2.4559573733023732 -0.79335334029123528 7.3500000000000005 11.950000000000001 3.4639521236214903 2.8780245840889473
decision_type=2 2 2 10 2 8 10 10 8 2 2 10 10 8
left_child=1 7 -3 4 -4 6 -6 -1 -9 -5 12 -7 13 -11
right_child=-2 2 3 9 5 11 -8 8 -10 10 -12 -13 -14 -15
leaf_value=0.0065549690649961039 0.016451863733287109 -0.037508062246808596 0.016453616570298205 -0.033269046447187645 -2.9825772084301478e-05 -0.0031259641017329183 0.04021027762746187 0.0079039632614462899 -0.015081520589135823 -0.0059814594165385516 0.010714264547124451 4.7607542597032179e-05 -0.012200404282032375 0.011264746747871684
leaf_weight=32 25 53 34 36 21 47 23 23 283 36 21 32 29 60
leaf_count=32 25 53 34 36 21 47 23 23 283 36 21 32 29 60
internal_value=-0.00029762 -0.000492477 0.000290076 0.000714705 0.0019557 0.000653225 0.0044 -0.00139823 -0.00171987 -0.000360656 0.000285714 -0.0014625 -0.000357144 0.000432989
internal_weight=755 730 392 339 157 123 44 338 306 182 146 79 125 96
internal_count=755 730 392 339 157 123 44 338 306 182 146 79 125 96
is_linear=0
shrinkage=0.03


Tree=66
num_leaves=15
num_cat=0
split_feature=13 4 8 8 1 1 1 1 8 0 0 1 7 4
split_gain=0.792351 0.812968 0.637159 0.665897 0.683007 0.750055 0.59618 0.410653 0.373351 0.308641 0.304096 0.330303 0.162566 0.223242
threshold=3.4428658756942112 12.084671357788567 14.850000000000003 12.950000000000001 12.634404307685591 13.593022859930125 15.332881265184389 13.076813198341064 9.0500000000000025 16.661119519435658 13.669839518961831 11.662412202700294 5.3500000000000005 2.9830733695618465
decision_type=8 2 10 10 2 2 2 2 10 2 2 2 2 2
left_child=1 2 3 4 -1 -6 7 10 -7 12 11 -4 -2 -14
right_child=9 -3 6 -5 5 8 -8 -9 -10 -11 -12 -13 13 -15
leaf_value=-0.018638040141431354 -0.033479766129738034 0.016521922008340632 0.006031049181519847 0.016197626309211392 0.010379031977414443 -0.0011995808633946912 0.013095809060536485 -0.007633678669153759 0.02019922348168407 0.0061999404105734131 0.018205442820829896 -0.024188902331895148 -0.0002761590646325633 -0.0099727359530765065
leaf_weight=34 69 33 35 31 25 41 28 134 37 25 24 32 81 128
leaf_count=34 69 33 35 31 25 41 28 134 37 25 24 32 81 128
internal_value=-0.000225594 0.000567032 0.00020616 0.00163314 0.000717391 0.00193269 -0.000744095 -0.00126106 0.000455695 -0.00141118 0.000293478 -0.000750001 -0.00169893 -0.00127143
internal_weight=757 454 421 168 137 103 253 225 78 303 91 67 278 209
internal_count=757 454 421 168 137 103 253 225 78 303 91 67 278 209
is_linear=0
shrinkage=0.03


Tree=67
num_leaves=15
num_cat=0
split_feature=3 13 0 10 10 3 1 9 3 3 3 13 13 13
split_gain=1.56095 0.509527 0.621746 0.518078 0.750123 0.466463 0.678795 0.519416 0.466298 0.462974 0.26664 0.24839 0.284672 0.435298
threshold=14.091761313902497 3.9132263560644254 14.355232715256561 0.25881904510252057 1.0000000180025095e-35 9.8221806039149495 15.505743709361562 -0.4847357813929456 10.91263968574051 12.23257817002929 12.151386016694602 3.0173076496044242 3.37528983221975 3.2755723530519245
decision_type=2 10 2 2 2 2 2 2 2 2 2 10 10 10
left_child=1 2 11 4 5 7 8 -4 -7 -5 -10 -1 13 -13
right_child=-2 -3 3 9 -6 6 -8 -9 10 -11 -12 12 -14 -15
leaf_value=-0.017792284052824004 0.011059566436550653 -0.022055868840098698 0.015799740745832951 -0.0089627345815051392 0.013738831584556646 0.008999335454205894 -0.020314859674404769 -0.020499374649750945 -0.00040671072749384594 0.017464832883038996 0.0050105393779079554 -0.0096959162110096895 -0.011813893781505399 0.016989318197212302
leaf_weight=94 28 137 29 117 30 23 27 47 23 34 20 60 70 27
leaf_count=94 28 137 29 117 30 23 27 47 23 34 20 60 70 27
internal_value=-0.000414603 -0.000682003 -0.000303987 0.00051282 0.001515 0.000723529 0.0021383 -0.00101299 0.00376119 -0.000809211 0.00184091 -0.00144048 -0.000702532 0.000443181
internal_weight=766 738 601 350 199 169 93 76 66 151 43 251 157 87
internal_count=766 738 601 350 199 169 93 76 66 151 43 251 157 87
is_linear=0
shrinkage=0.03


Tree=68
num_leaves=15
num_cat=0
split_feature=3 8 8 8 1 1 3 13 5 1 0 13 13 13
split_gain=0.970449 1.61362 0.549475 0.722337 0.622659 1.09772 0.519815 0.463651 0.820457 0.340841 0.535973 0.421145 0.293138 0.220996
threshold=13.738557155961646 30.850000000000005 14.65 12.950000000000001 12.634404307685591 13.593022859930125 9.9271053089724948 2.9595010195883922 1.0000000180025095e-35 14.243552407174795 15.518871597745168 2.9495956306875488 4.2706639677473115 3.2755723530519245
decision_type=2 10 10 10 2 2 2 10 2 2 2 8 10 10
left_child=2 -2 3 4 -1 13 -5 8 -7 -4 11 -11 -9 -6
right_child=1 -3 9 6 5 7 -8 12 -10 10 -12 -13 -14 -15
leaf_value=-0.017832183600940611 0.01780866498415087 -0.00083935730094482288 -0.022044159446814419 -0.0019547042276298458 0.012116423249819886 0.015352150231836868 0.025855924990789286 -0.013362769730167794 -0.0048436962091219643 0.0044348472611476491 -0.012213069940739379 -0.0016819952858093405 0.0015836110005093844 0.00095394412369414117
leaf_weight=75 20 22 262 25 20 30 24 78 20 27 79 42 20 21
leaf_count=75 20 22 262 25 20 30 24 78 20 27 79 42 20 21
internal_value=-0.000332899 0.00404651 -0.000592542 0.000353502 -0.000271699 0.000647368 0.00366 -0.000563759 0.00176471 -0.00131387 -0.000161075 0.00175714 -0.00175758 0.00492857
internal_weight=765 42 723 313 264 189 49 148 50 410 148 69 98 41
internal_count=765 42 723 313 264 189 49 148 50 410 148 69 98 41
is_linear=0
shrinkage=0.03


Tree=69
num_leaves=15
num_cat=0
split_feature=5 3 9 1 2 8 3 3 12 9 12 13 4 8
split_gain=0.96661 0.848722 0.585836 0.59531 1.41253 0.43882 0.321679 0.486229 0.362454 0.344513 0.424293 0.61864 0.607504 0.223784
threshold=10.073769324186348 13.039029518713475 -0.70710678118654735 14.069330158397308 10.705594722311679 17.450000000000003 9.5055066888118862 9.8615430179376435 2.5000000000000004 -0.5 1.0000000180025095e-35 2.9595010195883922 3.2672576590843554 8.0500000000000025
decision_type=2 2 2 2 2 10 2 2 10 2 10 8 2 10
left_child=2 -2 3 4 -1 -6 13 -8 9 -9 -11 -12 -13 -4
right_child=1 -3 6 -5 5 -7 7 8 -10 10 11 12 -14 -15
leaf_value=-0.023294666171712951 0.0011766388199857232 0.031028964004853322 0.00098931923999032558 -0.00011761418802993684 0.010682847533828846 0.00070885596391608745 0.010073009852843422 -0.009250149591186441 -0.030063009067451255 -0.0073357223030988761 0.0084610365617347333 0.026368650865668419 -0.0005791892111268645 -0.017944192317742285
leaf_weight=40 26 20 44 61 28 25 20 28 61 49 28 23 82 226
leaf_count=40 26 20 44 61 28 25 20 28 61 49 28 23 82 226
internal_value=-8.26779e-05 0.00408511 -0.000356146 0.00127742 0.0027766 0.00594444 -0.000806051 -0.000113014 -0.000452207 0.000142179 0.00062295 0.0015 0.000424528 -0.00154982
internal_weight=761 46 715 154 93 53 561 291 271 210 182 133 105 270
internal_count=761 46 715 154 93 53 561 291 271 210 182 133 105 270
is_linear=0
shrinkage=0.03


Tree=70
num_leaves=15
num_cat=0
split_feature=7 1 8 8 13 7 8 1 3 3 10 1 0 0
split_gain=0.781515 1.24745 0.719364 0.449199 0.892605 0.546344 0.494243 0.463169 0.566325 0.472114 0.377036 0.318913 0.31723 0.978402
threshold=6.8500000000000005 16.051459540920209 12.950000000000001 14.65 2.5688187898933337 5.0500000000000007 12.950000000000001 12.205696820552394 8.0138653193164711 12.199382889614247 -0.68973679431060764 13.893771504436009 15.755407991068799 15.121092313322491
decision_type=2 2 10 10 8 2 10 2 2 2 2 2 2 2
left_child=3 2 -2 5 -5 -1 7 -7 -9 12 -4 -12 13 -10
right_child=1 -3 10 4 -6 6 -8 8 9 -11 11 -13 -14 -15
leaf_value=-0.017551464361679644 0.015174080396929374 0.03323481442467216 -0.0088948379987809356 0.00069401240551962356 -0.014431079109066557 -0.016986091952635677 0.028763568468817682 0.012900722232153331 -0.0022913610163032847 0.0048746816265541702 0.0017730898190465492 -0.0016577373096269582 -0.019353058876624259 0.0084427497488370699
leaf_weight=58 20 20 34 26 284 35 39 32 41 27 28 41 56 25
leaf_count=58 20 20 34 26 284 35 39 32 41 27 28 41 56 25
internal_value=-0.000179922 0.0018125 0.000653225 -0.000639424 -0.00144695 0.00016242 0.000761718 0.000193548 0.000807692 1.99993e-05 -0.000375001 0.000899999 -0.000780489 0.000626865
internal_weight=766 143 123 623 310 313 255 216 181 149 103 69 122 66
internal_count=766 143 123 623 310 313 255 216 181 149 103 69 122 66
is_linear=0
shrinkage=0.03


Tree=71
num_leaves=15
num_cat=0
split_feature=5 13 9 8 2 8 1 9 2 8 1 13 9 8
split_gain=0.883602 0.615122 0.85184 0.793006 0.497936 0.612232 1.41561 1.09846 0.858922 0.822633 0.34876 0.302317 0.296329 0.375524
threshold=10.968262574188968 2.5563404911825818 0.44134171618254497 11.750000000000002 9.8666612667674283 17.750000000000004 13.555324574969749 -0.5 12.815878007750067 11.050000000000002 13.830254140816937 3.4956560387578528 0.86382728211298232 33.050000000000004
decision_type=2 8 2 10 2 10 2 2 2 10 2 10 2 10
left_child=1 2 3 -1 10 6 7 -6 -8 -10 -3 -9 13 -7
right_child=-2 4 -4 -5 5 12 8 11 9 -11 -12 -13 -14 -15
leaf_value=0.00025709587393743321 0.022990184672005635 -0.020387160360048198 -0.013643327236727886 0.013829451325067625 0.0034803009380277171 -0.015083781039297131 -0.023193813320388019 0.013413948660456499 -0.011024818261164342 0.010948650390193495 0.014136206431749659 -0.0029517120048762075 0.013764165170800625 -0.00035466951051681659
leaf_weight=20 25 135 29 27 23 112 134 20 23 30 20 25 47 92
leaf_count=20 25 135 29 27 23 112 134 20 23 30 20 25 47 92
internal_value=-0.000243775 -0.00043496 0.0021039 0.0045625 -0.000729608 -0.00027219 0.000761718 0.00443478 -0.000590426 0.00261111 -0.00221154 0.00163043 -0.00132143 -0.00181463
internal_weight=762 737 76 47 661 506 255 68 187 53 155 45 251 204
internal_count=762 737 76 47 661 506 255 68 187 53 155 45 251 204
is_linear=0
shrinkage=0.03


Tree=72
num_leaves=15
num_cat=0
split_feature=5 2 2 9 4 3 4 2 7 2 7 12 7 3
split_gain=1.22542 0.700808 0.588685 0.657316 0.34811 0.481627 0.279511 0.752416 0.267478 0.350597 0.349136 0.430813 0.302012 0.273326
threshold=11.267245234223749 11.79060985757101 12.025803037913066 0.19066188855616564 7.3312075990967118 11.467389538842914 10.642706498769316 13.381872115175176 5.6500000000000012 7.0878068469659921 5.9500000000000011 1.5000000000000002 6.4500000000000011 10.825619736327232
decision_type=2 2 2 2 2 2 2 2 2 2 2 10 2 2
left_child=1 8 3 -3 -4 -6 -7 -8 9 -1 11 -10 -12 -14
right_child=-2 2 4 -5 5 6 7 -9 10 -11 12 -13 13 -15
leaf_value=-0.0015917598175957625 0.013455878403084558 0.0067250877811575686 -0.0017897481772759574 -0.024179788121247096 0.0018186624111737693 -0.0062392755314123133 0.012811985775954809 -0.00060311111905266782 -0.01840138017158079 -0.026229917008036247 -0.014972694574299629 0.0034319744276528775 0.0055249929439792397 -0.036821467930343917
leaf_weight=45 21 23 128 21 33 47 24 54 22 173 77 30 69 22
leaf_count=45 21 23 128 21 33 47 24 54 22 173 77 30 69 22
internal_value=-0.000300001 -0.000499351 0.000543806 0.00373333 4.18111e-05 0.000981131 0.000119047 0.00121519 -0.00128474 -0.0020274 -0.000542987 0.0015849 -0.0012071 -3.26094e-05
internal_weight=789 768 330 44 286 158 125 78 438 218 220 52 168 91
internal_count=789 768 330 44 286 158 125 78 438 218 220 52 168 91
is_linear=0
shrinkage=0.03


Tree=73
num_leaves=15
num_cat=0
split_feature=4 8 8 9 13 13 13 8 13 13 5 9 8 8
split_gain=0.843534 0.988416 1.72514 0.371574 0.753788 0.532634 2.83745 0.292429 0.230419 0.341317 0.656124 0.381308 0.240203 0.221427
threshold=11.366606029116047 19.200000000000006 11.500000000000002 -0.33961250367033008 2.5688187898933337 3.6230815368975491 3.9132263560644254 9.4500000000000011 3.6413638888637321 3.2690750720136168 2.2154083994216571 0.44134171618254497 9.943500000000002 24.550000000000001
decision_type=2 10 8 2 8 10 10 10 8 10 2 2 10 10
left_child=3 2 -2 4 -1 7 -7 -6 9 13 11 -11 -10 -5
right_child=1 -3 -4 8 5 6 -8 -9 12 10 -12 -13 -14 -15
leaf_value=0.0037152692212034009 -0.00064496742415912371 -0.00095224204716318759 0.029723293310999759 -0.014981637157190315 0.0035308651936986181 0.0055779027838135853 -0.04346602428582063 -0.0070429690340085387 0.00056627083767993812 -0.021709689667779287 0.028681074255422975 0.012822113387350976 -0.030059858450092829 2.8008762421744607e-05
leaf_weight=30 22 40 22 134 24 21 35 132 37 29 20 39 126 76
leaf_count=30 22 40 22 134 24 21 35 132 37 29 20 39 126 76
internal_value=-0.000140864 0.00268235 0.00573333 -0.000481535 0.000469135 -0.000169015 0.00231579 -0.00107006 -0.00098052 -0.000481606 0.00107865 -0.000347827 -0.00188415 -0.00113744
internal_weight=787 84 44 703 242 212 56 156 461 298 88 68 163 210
internal_count=787 84 44 703 242 212 56 156 461 298 88 68 163 210
is_linear=0
shrinkage=0.03


Tree=74
num_leaves=15
num_cat=0
split_feature=3 7 8 6 1 0 0 13 10 10 1 4 0 3
split_gain=1.26942 0.631571 1.11368 1.34892 1.22613 0.566783 0.44353 0.689429 0.705359 1.5208 1.61887 0.735035 0.330829 0.248104
threshold=13.738557155961646 6.5500000000000007 20.250000000000004 0.54930614433405489 14.533899100685655 15.313801470356928 14.477298238986755 3.9132263560644254 0.25881904510252057 -0.5 14.41030407053031 7.7699547862938187 15.377853308363838 10.825619736327232
decision_type=2 2 10 2 2 2 2 8 2 2 2 2 2 2
left_child=1 6 3 4 -3 -2 -1 8 9 11 -11 -8 -10 -4
right_child=5 2 13 -5 -6 -7 7 -9 12 10 -12 -13 -14 -15
leaf_value=-0.013540712697363519 0.0037495725590801408 0.013024454099636784 0.00047079488686803622 -0.0010426941436925215 0.0097446932119157077 0.027115969960384883 -0.020471313587002531 -0.035285701093152037 -0.029921834538614502 0.022886299335252706 -0.0012340415171624827 0.014859303017529687 0.00019321010708305588 -0.011724936762299167
leaf_weight=244 20 28 37 32 24 20 51 100 44 30 21 20 39 64
leaf_count=244 20 28 37 32 24 20 51 100 44 30 21 20 39 64
internal_value=-1.54846e-05 -0.000302042 0.00120968 0.00374118 0.00667924 0.00512195 -0.000812728 -4.90203e-05 0.000946601 0.00239024 0.00628846 -0.000458334 -0.00117857 -0.000911765
internal_weight=774 734 185 84 52 40 549 305 205 122 51 71 83 101
internal_count=774 734 185 84 52 40 549 305 205 122 51 71 83 101
is_linear=0
shrinkage=0.03


Tree=75
num_leaves=15
num_cat=0
split_feature=10 1 1 7 7 9 1 1 13 4 10 2 10 9
split_gain=0.498989 0.487791 0.617118 1.04085 0.477665 0.676606 0.579473 0.505432 0.399662 0.414267 0.537226 0.256708 0.450367 0.441083
threshold=0.96965254237475851 12.495892286663802 12.969813580365047 5.3500000000000005 6.6500000000000012 -0.92304025209086915 16.241861164505618 13.974207446901717 2.7762937508167798 11.092674299691366 1.0000000180025095e-35 11.518526451329047 0.62577451934763018 1.0000000180025095e-35
decision_type=2 2 2 2 2 2 2 2 8 2 2 2 2 2
left_child=1 -1 3 -3 5 7 8 -4 -6 10 -10 -7 13 -13
right_child=-2 2 4 -5 6 11 -8 -9 9 -11 -12 12 -14 -15
leaf_value=-0.017465254415375848 0.025134000988037468 -0.0078022870350589659 -0.0006640894368875669 0.0064830272396076694 0.00059380929135715492 -0.020770451977071218 0.0097866918147400898 0.0088844764441763681 0.010517034197186264 -0.0029462082031546564 -0.014326513086966983 -0.0033517043176745751 -0.023164819113747077 0.0087623069763584967
leaf_weight=164 33 26 20 36 21 125 20 31 39 38 20 45 59 98
leaf_count=164 33 26 20 36 21 125 20 31 39 38 20 45 59 98
internal_value=-0.000289949 -0.000452221 -4.14515e-05 0.0027619 -0.000382979 -0.000934038 0.0011223 0.00225 0.00030252 -0.000520409 0.00105 -0.00143598 -0.000768474 0.000145833
internal_weight=775 742 578 62 516 378 138 51 118 97 59 327 202 143
internal_count=775 742 578 62 516 378 138 51 118 97 59 327 202 143
is_linear=0
shrinkage=0.03


Tree=76
num_leaves=15
num_cat=0
split_feature=7 10 1 1 2 3 3 9 2 10 2 2 7 9
split_gain=0.750167 0.453013 0.302877 1.69033 0.362474 0.407405 0.622766 0.456729 0.511222 0.288799 0.27427 0.66681 0.27158 0.26637
threshold=5.3500000000000005 0.96965254237475851 12.634404307685591 13.137315168022965 10.263669863226122 10.452481302112522 10.91263968574051 0.69134849440110402 13.944435999841732 -0.96047288537312736 13.212727505015764 12.48655091054963 6.4500000000000011 -0.9629878403374984
decision_type=2 2 2 2 2 2 2 2 2 2 2 2 2 2
left_child=13 2 -2 -4 -5 9 -7 10 12 -6 11 -8 -9 -1
right_child=1 -3 3 4 5 6 7 8 -10 -11 -12 -13 -14 -15
leaf_value=-0.00080000115222202725 -0.016231800021347179 0.027117781981620102 0.0096017701644939418 0.015211974375624821 0.0041486595819653846 0.0095129401388874043 -0.0054509042661551217 0.012445715302260199 0.021228368850956813 -0.019755285620326336 -0.0019753373776066141 0.00083908337899924834 -0.013676264906611517 -0.019934121938947419
leaf_weight=22 113 25 38 30 20 34 31 25 26 110 91 34 20 163
leaf_count=22 113 25 38 30 20 34 31 25 26 110 91 34 20 163
internal_value=-0.000352491 0.000165551 -1.04719e-05 0.000332608 -0.00022038 -0.000466837 0.000217557 -0.000355264 0.001625 -0.00183206 -0.00126115 0.000227272 -0.000326088 -0.00201613
internal_weight=782 597 572 459 421 391 261 227 71 130 156 65 45 185
internal_count=782 597 572 459 421 391 261 227 71 130 156 65 45 185
is_linear=0
shrinkage=0.03


Tree=77
num_leaves=15
num_cat=0
split_feature=13 7 12 8 8 7 13 9 2 4 8 9 3 3
split_gain=0.627343 1.02668 0.730058 0.809904 0.349897 0.495762 0.425092 0.501336 0.440721 0.693594 0.992833 0.275677 0.233221 0.217056
threshold=2.9864873567517889 7.4500000000000011 1.0000000180025095e-35 11.850000000000003 14.65 5.3500000000000005 4.5303322203840546 0.86382728211298232 9.8666612667674283 6.1259351205958383 11.050000000000002 -0.86046863722869238 10.705130003249758 12.23257817002929
decision_type=8 2 10 10 10 2 8 2 2 2 10 2 2 2
left_child=1 2 11 -4 5 -2 7 8 -7 -10 -11 -1 -5 -6
right_child=4 -3 3 12 13 6 -8 -9 9 10 -12 -13 -14 -15
leaf_value=0.00054242277700012676 -0.022905345657442615 0.012353328088628631 0.009891574120219444 -0.023001530452813185 -0.018936053582646779 -0.0058254185533266403 -0.040059068844925966 -0.014286219013423201 0.0055439415383642977 -0.00067956699664718507 0.0079592077213817003 -0.0074570322001834572 0.00066491193943756682 -0.00015915018337539819
leaf_weight=25 61 20 23 24 241 22 25 32 30 41 22 116 28 63
leaf_count=25 61 20 23 24 241 22 25 32 30 41 22 116 28 63
internal_value=-0.000476745 0.000810126 0.000193548 0.00256579 -0.00104275 -0.000166667 0.000658959 0.00127703 0.00219828 0.00309574 0.00126562 -0.00107747 0.000452829 -0.00171148
internal_weight=773 236 216 75 537 233 172 147 115 93 63 141 52 304
internal_count=773 236 216 75 537 233 172 147 115 93 63 141 52 304
is_linear=0
shrinkage=0.03


Tree=78
num_leaves=15
num_cat=0
split_feature=7 1 6 9 3 3 9 7 1 3 4 2 3 1
split_gain=0.60596 0.286701 0.297627 0.364784 0.718872 0.480654 0.640568 0.490877 0.617532 0.466145 0.36011 0.319352 0.288167 0.275243
threshold=5.3500000000000005 9.9532426738528574 1.0000000180025095e-35 0.71170436230560108 10.705130003249758 10.553335643304402 0.44134171618254497 6.3500000000000005 13.108220557541628 10.062256188412357 11.422772732134169 13.822783437918668 6.1627771189110705 13.030851436507916
decision_type=2 2 2 2 2 2 2 2 2 2 2 2 2 2
left_child=-1 -2 3 5 13 6 7 9 -9 12 -7 -12 -3 -5
right_child=1 2 -4 4 -6 10 -8 8 -10 -11 11 -13 -14 -15
leaf_value=-0.016529742768602328 -0.040982175148094005 0.022843260438366122 -0.0018452271112754358 0.0016170247434004594 0.018075932685415765 -0.00042334116712436007 -0.010801957173284941 0.00013670138995383778 0.03130639177482919 0.018261476041585782 0.0035974544423453278 -0.00082245243512975199 -0.0092133481796522736 -0.0078265018521165037
leaf_weight=193 23 25 49 21 60 157 38 21 20 22 20 26 69 42
leaf_count=193 23 25 49 21 60 157 38 21 20 22 20 26 69 42
internal_value=-0.000137231 0.000338383 0.000472854 0.000683907 0.00210484 0.000240601 0.00130102 0.00214557 0.00492857 0.0011282 -0.000779412 0.00153191 0.000189473 -0.000140626
internal_weight=786 593 570 521 123 398 195 157 41 116 203 46 94 63
internal_count=786 593 570 521 123 398 195 157 41 116 203 46 94 63
is_linear=0
shrinkage=0.03


Tree=79
num_leaves=15
num_cat=0
split_feature=5 7 13 13 0 0 1 0 1 3 10 13 13 13
split_gain=0.753005 0.401655 0.564079 0.425477 0.833824 0.334161 0.301088 0.408333 0.347197 0.714875 0.411826 0.391579 0.271886 0.244668
threshold=10.968262574188968 5.3500000000000005 2.8888307077117577 3.066571616749731 15.10255548989384 16.661119519435658 11.629158682860179 13.487823519582937 14.021312416470399 9.5055066888118862 0.75023006073889131 3.607759254555984 2.3558523928899047 2.5792618030442798
decision_type=2 2 10 10 2 2 2 2 2 2 2 10 8 10
left_child=1 13 12 4 -4 6 -5 -8 9 -9 -10 -11 -3 -1
right_child=-2 2 3 5 -6 -7 7 8 10 11 -12 -13 -14 -15
leaf_value=0.001789169368755728 0.01614478870517266 0.0032948005127028013 -7.672754324348219e-06 0.0020449834641713465 0.011852046105799067 0.022051079895905087 -0.012245893839116888 -0.0085829263455108693 -0.0015676059414422938 0.010896640023204547 0.022353354291933296 0.0029251179772075268 -0.0059684620141845258 -0.01799518713715053
leaf_weight=20 27 28 40 39 27 22 48 48 99 26 20 20 145 158
leaf_count=20 27 28 40 39 27 22 48 48 99 26 20 20 145 158
internal_value=-0.000222657 -0.000404859 -1.06579e-05 0.000623076 0.00277941 0.000167182 -9.96685e-05 -0.000469466 9.81301e-05 0.00145263 -0.000975001 0.00408511 -0.00143104 -0.00164246
internal_weight=767 740 562 389 67 322 300 261 213 94 119 46 173 178
internal_count=767 740 562 389 67 322 300 261 213 94 119 46 173 178
is_linear=0
shrinkage=0.03


Tree=80
num_leaves=15
num_cat=0
split_feature=8 7 7 1 3 1 5 9 3 12 13 9 13 3
split_gain=0.623476 0.992442 0.829414 0.874519 1.23634 0.692181 0.514001 0.455721 0.774942 0.435046 0.581368 0.266115 0.380553 0.230777
threshold=14.65 7.5500000000000007 5.1500000000000012 14.069330158397308 9.8221806039149495 14.900169752913497 1.4311004404647345 -1.0000000180025095e-35 10.539482179169886 1.0000000180025095e-35 3.6413638888637321 -0.25881904510252113 2.7046638279755322 12.923004250525771
decision_type=8 2 2 2 2 2 2 2 2 10 8 2 8 2
left_child=2 11 -1 4 9 -3 7 -5 -9 -4 -11 12 -2 -13
right_child=1 5 3 6 -6 -7 -8 8 -10 10 -12 13 -14 -15
leaf_value=-0.024608705663246511 0.00066465000293266369 -0.00020845542486827321 -0.00931934439595959 -0.016365319780726029 0.0086731355818279073 0.028744117511095863 -0.00069718449241169518 -0.014952252610191076 0.02226453560414083 0.0066826382259397342 -0.022307830298559889 -0.02517546276293698 -0.0050178910964973813 0.00019236168434460599
leaf_weight=61 26 23 27 34 35 20 68 24 23 31 32 202 122 26
leaf_count=61 26 23 27 34 35 20 68 24 23 31 32 202 122 26
internal_value=-0.00029404 -0.00106429 0.000669642 0.00137454 0.00321429 0.00320454 -0.000180001 0.00142683 0.0033125 0.00131868 0.00267187 -0.00155968 -0.000563759 -0.00220087
internal_weight=754 419 335 274 125 43 149 81 47 90 63 376 148 228
internal_count=754 419 335 274 125 43 149 81 47 90 63 376 148 228
is_linear=0
shrinkage=0.03


Tree=81
num_leaves=15
num_cat=0
split_feature=7 8 1 8 1 1 3 13 9 9 3 8 13 13
split_gain=0.796377 1.05458 0.983499 0.843653 0.643375 1.45825 0.652909 0.44624 0.438939 0.352176 0.272253 0.313519 0.1659 0.303351
threshold=7.3500000000000005 14.65 14.900169752913497 12.950000000000001 12.634404307685591 13.396841310278422 6.2412381778426349 2.5563404911825818 0.31062854169311122 0.93540483100319627 11.416728335612353 8.0500000000000025 3.0588254485455386 3.2891799922809661
decision_type=2 8 2 10 2 2 2 8 2 2 2 10 10 10
left_child=1 3 -2 4 -1 -6 -7 -3 -5 12 -8 -12 -9 -14
right_child=2 7 -4 8 5 6 10 9 -10 -11 11 -13 13 -15
leaf_value=-0.01116243660164618 -0.0047509597436930081 0.001008392131508956 0.042430354037451747 0.00046617225926624058 0.0071771324232738788 0.030123890535128199 -0.0068852979137664118 -0.01916349287008361 0.030902636859978332 0.00083815222898021293 -0.0029575284149877235 0.0031263994579080177 -0.0034324280883513748 -0.014085994288804101
leaf_weight=73 34 29 29 25 33 23 105 112 22 37 22 29 67 137
leaf_count=73 34 29 29 25 33 23 105 112 22 37 22 29 67 137
internal_value=-6.55534e-05 -0.000352448 0.00314062 0.000882882 0.000262237 0.00109859 1.6666e-05 -0.00142559 0.0045625 -0.00172034 -0.000687899 0.00109615 -0.00204416 -0.00152195
internal_weight=777 714 63 332 285 212 179 382 47 353 156 51 316 204
internal_count=777 714 63 332 285 212 179 382 47 353 156 51 316 204
is_linear=0
shrinkage=0.03


Tree=82
num_leaves=15
num_cat=0
split_feature=8 4 8 13 1 0 8 13 9 8 9 4 1 8
split_gain=0.917911 1.03392 1.2315 0.550536 0.47927 1.07233 1.39653 0.718366 0.396816 0.371186 0.534517 0.388017 0.360046 0.284507
threshold=18.050000000000004 8.8920093558755671 15.750000000000002 3.2837557712968031 14.989038693386599 15.10255548989384 13.750000000000002 3.3608817317346471 0.69134849440110402 31.650000000000002 -0.74458692413791694 6.2050625581693675 14.989038693386599 39.20000000000001
decision_type=8 2 10 8 2 2 10 8 2 10 2 2 2 8
left_child=1 4 3 12 5 -1 7 -7 -5 -2 -11 -12 -3 -13
right_child=9 2 -4 8 -6 6 -8 -9 -10 10 11 13 -14 -15
leaf_value=-0.0052456131545529612 -0.0085364721456795412 0.0010106809691841478 0.022377454996005866 -0.012434266525537405 -0.016500810632029423 0.0069087204688583316 -0.027413704008422562 0.0098174325014133822 0.00095498852216661847 0.0037913443993185707 -0.016634965333080003 0.0047017683079545276 0.037229776512519096 -0.003600313306881341
leaf_weight=171 190 20 20 25 41 38 25 30 21 26 77 22 20 28
leaf_count=171 190 20 20 25 41 38 25 30 21 26 77 22 20 28
internal_value=-1.58948e-05 0.00093932 0.00347663 0.00186207 4.90189e-05 0.000520754 0.00309574 0.00530435 -0.000382979 -0.00115988 -5.84423e-05 -0.000867188 0.00439024 0.00117647
internal_weight=754 411 106 86 305 264 93 68 46 343 153 127 40 50
internal_count=754 411 106 86 305 264 93 68 46 343 153 127 40 50
is_linear=0
shrinkage=0.03


Tree=83
num_leaves=15
num_cat=0
split_feature=2 13 0 9 2 4 7 5 2 7 1 2 4 9
split_gain=0.476954 0.5629 0.382168 0.945194 0.708389 0.543097 0.708646 0.526611 0.36406 0.342139 0.388913 1.12348 1.10925 0.30223
threshold=11.732151351909677 2.2426843821962854 14.784937982753648 -0.74458692413791694 14.178598277222433 5.5402783383311487 6.2500000000000009 8.3166628455135054 1.0000000180025095e-35 5.4500000000000011 12.901688725277895 10.370668320987154 7.2251172404944937 0.69134849440110402
decision_type=2 10 2 2 2 2 2 2 2 2 2 2 2 2
left_child=8 -2 4 -4 -3 -5 -7 -8 -1 -10 11 13 -13 -11
right_child=1 2 3 5 -6 6 7 -9 9 10 -12 12 -14 -15
leaf_value=0.0089922844579729145 -0.011410371337956464 -0.0027664542319608861 0.0013356719990455365 -0.012500492813493247 0.0012429476346886258 0.017823328283434376 -0.0027473969438826101 0.017333959102664505 -0.019244491463248307 -0.032905305902159607 -0.0065652118417157124 0.015844308562449699 -0.0013850324254892324 0.0010426454258857382
leaf_weight=42 32 109 34 55 23 38 35 34 123 45 133 25 23 20
leaf_count=42 32 109 34 55 23 38 35 34 123 45 133 25 23 20
internal_value=3.49734e-05 0.000831024 0.00120365 0.00204061 -4.51135e-05 0.00106748 0.00230555 0.000471428 -0.000662622 -0.000964866 -0.00031579 0.000973684 0.00440816 -0.00159091
internal_weight=771 360 328 196 132 162 107 69 411 369 246 113 48 65
internal_count=771 360 328 196 132 162 107 69 411 369 246 113 48 65
is_linear=0
shrinkage=0.03


Tree=84
num_leaves=15
num_cat=0
split_feature=13 9 4 8 12 9 0 7 4 8 11 4 4 1
split_gain=0.980323 0.849192 0.827705 1.92775 0.716814 0.719521 1.09281 0.354488 0.560023 0.413538 0.220655 0.324198 0.218197 0.365184
threshold=3.856502663628596 0.97014794553715189 11.366606029116047 19.200000000000006 1.5000000000000002 -0.9629878403374984 14.735977770574722 6.5500000000000007 7.3742712354905029 14.450000000000001 1.0000000180025095e-35 7.2251172404944937 9.7631256153071941 14.637936286036775
decision_type=8 2 2 10 10 2 2 2 2 10 2 2 2 2
left_child=1 2 4 -4 5 6 -1 8 9 -6 -2 -12 13 -7
right_child=10 -3 3 -5 7 12 -8 -9 -10 -11 11 -13 -14 -15
leaf_value=-0.0025000609692699986 -0.018723579567577087 0.011701278330438134 0.021368799905200742 -0.00098122910422440376 0.0068213220059893057 -0.0064702920855630609 0.0084119094541552364 0.0030761152530032355 -0.01804632783986939 -0.0042185351727244908 -0.034125503674160167 0.0026373610078844604 -0.0087350740899336202 0.0018082710684917873
leaf_weight=23 133 22 21 36 34 245 22 25 22 30 34 21 47 63
leaf_count=23 133 22 21 36 34 245 22 25 22 30 34 21 47 63
internal_value=7.70147e-06 0.000609136 0.000379613 0.00377586 -5.86009e-06 -0.000598504 0.00293478 0.00211607 0.00117241 0.00258461 -0.00187302 -0.000267858 -0.00105337 -0.000757282
internal_weight=778 590 568 57 511 400 45 111 86 64 188 55 355 308
internal_count=778 590 568 57 511 400 45 111 86 64 188 55 355 308
is_linear=0
shrinkage=0.03


Tree=85
num_leaves=15
num_cat=0
split_feature=0 1 3 7 0 9 4 0 8 1 1 7 3 2
split_gain=0.837517 1.18392 1.31484 1.09031 0.611059 0.437135 0.609697 0.868699 0.365719 0.316007 1.03397 0.262202 0.308149 0.35183
threshold=14.449487272817015 13.154072050558062 7.9882021567484687 7.2500000000000009 9.8019906859244177 -0.92304025209086915 10.55580602873262 15.655246763051963 7.2500000000000009 14.624153459243436 14.989038693386599 5.0500000000000007 11.287165286345504 9.5129410555364498
decision_type=2 2 2 2 2 2 2 2 10 2 2 2 2 2
left_child=4 2 -2 5 -1 -3 8 -8 -7 -10 -11 -6 13 -13
right_child=1 3 -4 -5 11 6 7 -9 9 10 -12 12 -14 -15
leaf_value=0.004083311421905521 -0.0055965625549917099 0.0072499851884847378 0.016002895901040374 0.032182901162715001 -0.024827247784726395 0.0089431078351136176 0.0048829192837964936 -0.0016648995335901272 -0.022471700168917523 0.0098699797443068411 -0.028898492939891718 -0.012912343639464547 -0.0092221292925862997 0.0011768840715350205
leaf_weight=21 20 39 24 34 62 37 29 39 115 33 74 60 66 117
leaf_count=21 20 39 24 34 62 37 29 39 115 33 74 60 66 117
internal_value=0.000272373 0.0011191 0.00573333 0.000598503 -0.000880735 0.000114441 -0.000246952 0.00226087 -0.000911539 -0.0013722 -0.000194445 -0.00122549 -0.000774591 -0.000117978
internal_weight=770 444 44 400 326 366 327 68 259 222 107 305 243 177
internal_count=770 444 44 400 326 366 327 68 259 222 107 305 243 177
is_linear=0
shrinkage=0.03


Tree=86
num_leaves=15
num_cat=0
split_feature=3 0 0 10 10 10 13 3 2 3 10 3 9 4
split_gain=0.926799 0.263173 0.326727 0.278283 0.274637 0.320049 0.284601 0.910562 0.647329 0.612591 0.440965 0.505394 0.42783 0.374139
threshold=14.091761313902497 9.8019906859244177 12.766868107645456 0.96965254237475851 0.41248606129204551 -0.99023036236786355 3.2837557712968031 11.520813438825313 12.418738284306258 12.022605214278418 1.0000000180025095e-35 4.0196593338949675 0.44134171618254497 7.91168390765485
decision_type=2 2 2 2 2 2 8 2 2 2 2 2 2 2
left_child=1 -1 -3 4 5 -4 7 8 10 -8 11 -7 -11 -13
right_child=-2 2 3 -5 -6 6 9 -9 -10 12 -12 13 -14 -15
leaf_value=0.0039312328942463139 0.0067137176387325158 -0.015342743213857443 -0.030497883341872659 0.013045133906405736 -0.0038517555155091754 0.035696753125272852 -0.0036754484098420826 -0.013308851782937134 0.027263410871183023 -0.0040189301966078571 0.01037765377376988 -0.027188754876223381 0.018937024649252704 0.0064968279121398612
leaf_weight=20 30 86 31 26 188 20 166 50 24 22 27 38 20 25
leaf_count=20 30 86 31 26 188 20 166 50 24 22 27 38 20 25
internal_value=-0.000244187 -0.000455646 -0.000551106 -0.000315048 -0.000446079 -2.12271e-05 0.00021374 0.00107027 0.00235555 -0.000545455 0.00135135 0.000249999 0.00265116 -0.00107813
internal_weight=773 743 723 637 611 423 392 184 134 208 110 83 42 63
internal_count=773 743 723 637 611 423 392 184 134 208 110 83 42 63
is_linear=0
shrinkage=0.03


Tree=87
num_leaves=15
num_cat=0
split_feature=13 12 2 9 3 9 13 13 13 4 3 11 10 1
split_gain=0.721108 0.77372 1.11618 0.935329 0.489881 0.388157 0.462799 0.659849 0.616129 0.373315 0.334885 0.307659 0.516335 0.37387
threshold=3.9132263560644254 1.5000000000000002 9.6989490119116848 -0.33961250367033008 12.464365168603846 -0.9629878403374984 2.8888307077117577 3.2912581272669157 3.2625360962012806 7.2251172404944937 12.94274609994301 1.0000000180025095e-35 -0.5 13.98922316130106
decision_type=8 10 2 2 2 2 10 10 10 2 2 2 2 2
left_child=1 4 -3 -4 5 -1 -7 8 11 -5 -6 12 13 -8
right_child=-2 2 3 9 10 6 7 -9 -10 -11 -12 -13 -14 -15
leaf_value=0.0084733171976260971 -0.011708770097402678 -0.02232135585476815 0.0042459747633431244 0.0053668326388374276 0.028793148102962185 -0.0084990538921826866 -0.017310145213879299 -0.015339601050603906 0.019649353891538993 -0.0072714108875389389 -8.272543498042095e-05 -0.018343679801036766 0.010675761477865428 0.011656422935378843
leaf_weight=41 193 28 36 41 27 120 37 71 20 29 44 48 27 20
leaf_count=41 193 28 36 41 27 120 37 71 20 29 44 48 27 20
internal_value=-0.00016092 0.000361016 0.00235555 0.00375701 -0.000230264 -0.000654546 -0.000985466 -0.000174108 0.000941176 0.00169014 0.00204167 0.00018045 0.00127059 -0.00036207
internal_weight=782 589 134 106 455 384 343 223 152 70 71 132 84 57
internal_count=782 589 134 106 455 384 343 223 152 70 71 132 84 57
is_linear=0
shrinkage=0.03


Tree=88
num_leaves=15
num_cat=0
split_feature=2 7 8 10 7 8 8 0 8 2 12 8 2 1
split_gain=0.745427 1.67325 0.418236 0.416663 0.337122 0.438293 0.563529 0.692914 0.63359 0.419123 0.553226 0.553154 0.768477 0.440272
threshold=14.178598277222433 7.3500000000000005 19.020000000000003 0.99572243068690536 4.9500000000000011 14.65 11.950000000000001 14.1147164764156 13.050000000000002 12.276427878909496 1.0000000180025095e-35 8.7500000000000018 10.044975896648321 13.830254140816937
decision_type=2 2 10 2 2 8 10 2 10 2 10 10 2 2
left_child=3 2 -2 4 -1 6 9 -8 -9 10 -6 12 -12 -14
right_child=1 -3 -4 -5 5 -7 7 8 -10 -11 11 -13 13 -15
leaf_value=-0.024546979743946151 0.0011616867068938641 0.035625145208096502 -0.010870045850418284 0.023525367403927629 -0.0047883222201342756 -0.003683930093395087 0.0080466411177774061 0.016833880593980118 -0.0030358840338277201 -0.010500705786842304 -0.017292979126572884 -0.00081949357542753475 0.0067528421834413986 0.00883917320404967
leaf_weight=83 21 21 28 24 36 336 20 32 24 48 21 48 20 22
leaf_count=83 21 21 28 24 36 336 20 32 24 48 21 48 20 22
internal_value=-0.000397453 0.00253521 -0.000540001 -0.000688113 -0.000824892 -0.000577303 0.000319852 0.00249351 0.000736841 -0.000535715 0.000263513 0.0013125 0.00314062 0.00544186
internal_weight=784 70 49 714 690 607 271 76 56 195 147 111 63 42
internal_count=784 70 49 714 690 607 271 76 56 195 147 111 63 42
is_linear=0
shrinkage=0.03


Tree=89
num_leaves=15
num_cat=0
split_feature=1 1 7 1 2 8 8 1 7 5 0 0 0 13
split_gain=0.730174 0.81303 0.849536 1.06629 0.513422 1.18732 0.367841 0.799167 0.50137 1.6429 0.365553 0.901901 0.324719 0.178917
threshold=12.495892286663802 13.096308965802882 7.3500000000000005 15.345601561204473 10.555682468768937 22.200000000000006 13.750000000000002 13.593022859930125 6.1500000000000012 5.554646837653177 14.931557350823493 14.477298238986755 10.075518657417684 3.2794349174880142
decision_type=2 2 2 2 2 10 10 2 2 2 2 2 2 10
left_child=12 4 6 -4 -2 -6 7 -3 -9 -10 11 13 -1 -8
right_child=1 2 3 -5 5 -7 10 8 9 -11 -12 -13 -14 -15
leaf_value=0.0037956479022201459 6.7141329520752454e-05 0.0092716255389668507 -0.00058534729307713836 0.051833229722057603 0.0051034174946812732 -0.00039353129538588093 -0.017229954031220063 -0.010182861973516772 0.027001245978789605 -0.00097999542551407731 -0.0089307526492840659 0.0035785432898218033 -0.015208273518706244 0.00052335828629959116
leaf_weight=20 30 25 25 20 23 21 43 112 20 44 167 27 150 29
leaf_count=20 30 25 25 20 23 21 43 112 20 44 167 27 150 29
internal_value=-0.00038045 0.000122657 -0.000304094 0.00358696 0.00304 0.00506667 -0.000685898 0.000282178 -0.000440679 0.00166154 -0.00141573 2.99993e-05 -0.00210526 -0.00172603
internal_weight=756 586 512 45 74 44 467 201 176 64 266 99 170 72
internal_count=756 586 512 45 74 44 467 201 176 64 266 99 170 72
is_linear=0
shrinkage=0.03


Tree=90
num_leaves=15
num_cat=0
split_feature=0 0 2 10 7 7 2 4 8 0 4 2 8 0
split_gain=0.588644 0.528973 0.754452 1.32349 0.612922 0.450383 0.950795 0.55377 0.37275 0.705402 0.317508 0.22508 0.431333 0.439814
threshold=14.449487272817015 14.931557350823493 11.298323257794562 1.0000000180025095e-35 7.3500000000000005 6.4500000000000011 12.815878007750067 7.3312075990967118 9.7500000000000018 15.927494873154755 8.5788440147855436 9.5129410555364498 23.050000000000004 14.130455959438626
decision_type=2 2 2 2 2 2 2 2 10 2 2 2 8 2
left_child=11 2 -2 -4 5 6 8 -8 9 -3 -10 -1 13 -13
right_child=1 4 3 -5 -6 -7 7 -9 10 -11 -12 12 -14 -15
leaf_value=-0.025677824008443817 -0.0090793618675972226 0.0058299376799857772 0.031074458809894998 -0.00035753203933648853 0.028545698879709907 -0.0070969065127270631 -8.7447025380593763e-05 0.018630545389981004 -0.021103473008147411 -0.017219018500282263 0.0030169528989889092 0.0028577149616186427 -0.014479584259679379 -0.013408126063875463
leaf_weight=111 41 36 26 29 24 92 28 33 97 25 20 85 106 25
leaf_count=111 41 36 26 29 24 92 28 33 97 25 20 85 106 25
internal_value=-0.000377408 0.000325221 0.00228866 0.00455357 -0.000210675 -0.000551206 0.000137499 0.00333871 -0.000972068 0.000919354 -0.00195763 -0.00134451 -0.000774194 0.00054054
internal_weight=778 451 96 55 355 331 239 61 178 61 117 327 216 110
internal_count=778 451 96 55 355 331 239 61 178 61 117 327 216 110
is_linear=0
shrinkage=0.03


Tree=91
num_leaves=15
num_cat=0
split_feature=5 10 13 13 10 0 0 0 2 3 2 2 11 0
split_gain=0.948236 0.529575 0.371558 1.08602 0.68173 0.624701 1.04438 0.573599 0.506464 0.300278 0.565925 0.199977 0.182281 0.27158
threshold=10.968262574188968 0.96965254237475851 3.8891639584876008 3.616104401834237 0.25881904510252057 14.449487272817015 15.009232588052667 13.991588878044549 11.929231587987511 10.452481302112522 12.873474209352844 13.457194727518674 1.0000000180025095e-35 15.518871597745168
decision_type=2 2 8 10 2 2 2 2 2 2 2 2 2 2
left_child=1 2 3 4 5 -1 -7 -5 -9 -8 -11 -6 -4 -14
right_child=-2 -3 12 7 11 6 9 8 -10 10 -12 -13 13 -15
leaf_value=-0.0071669826602341995 0.01103369476703433 0.022126435121488767 -0.01181817137165965 -0.0011752140784140755 -0.0083718983477743154 0.024391433763339122 -0.014528476578800128 0.0020654607088849953 0.013690630059168258 0.029479595234200039 -0.0022545037539158327 -0.001603168687092194 0.0029380618594869977 -0.029753275617661262
leaf_weight=125 25 35 135 32 156 38 52 20 24 22 33 32 25 20
leaf_count=125 25 35 135 32 156 38 52 20 24 22 33 32 25 20
internal_value=-0.000441291 -0.000636001 -0.000813987 -0.000414954 -0.000967321 -7.12616e-10 0.00133562 0.00288312 0.00506667 -0.000194445 0.00133929 -0.00234921 -0.00198895 -0.000326088
internal_weight=774 749 714 534 458 270 145 76 44 107 55 188 180 45
internal_count=774 749 714 534 458 270 145 76 44 107 55 188 180 45
is_linear=0
shrinkage=0.03


Tree=92
num_leaves=15
num_cat=0
split_feature=2 13 13 2 5 2 10 9 1 1 1 2 2 4
split_gain=0.655163 0.585773 0.713364 0.592475 0.585737 0.364864 0.754151 0.359623 0.342428 1.17346 0.34712 0.348456 0.477543 0.430609
threshold=10.370668320987154 3.9132263560644254 3.616104401834237 10.748244266282402 10.073769324186348 7.2056963496132722 -0.51128821893537901 -0.33961250367033008 13.137315168022965 12.675288307114183 14.637936286036775 14.625735812080796 12.48655091054963 9.7631256153071941
decision_type=2 8 10 2 2 2 2 2 2 2 2 2 2 2
left_child=5 2 3 -2 8 6 -1 -4 9 -5 -10 12 -12 -14
right_child=1 -3 7 4 -6 -7 -8 -9 10 -11 11 -13 13 -15
leaf_value=0.0074414138411370585 0.012202042520222545 -0.0080081241959833512 0.0019300225488840393 -0.018564837092665185 0.019865602382866939 -0.01926592361990315 -0.017113558840907726 0.0050827384957699007 -0.0049242150825013885 0.010812876518993715 -0.0094492334131985878 -0.010100613426786094 0.0028820798942286526 -0.00092269276505671093
leaf_weight=24 27 133 20 31 29 135 42 35 168 24 37 21 32 28
leaf_count=24 27 133 20 31 29 135 42 35 168 24 37 21 32 28
internal_value=-0.00017535 0.000332764 0.000847681 0.000399497 8.08618e-05 -0.00164852 0.000179104 0.00401786 -0.000271931 0.001875 -0.000689896 0.000554621 0.00131633 0.00295082
internal_weight=786 585 452 397 370 201 66 55 341 55 286 118 97 60
internal_count=786 585 452 397 370 201 66 55 341 55 286 118 97 60
is_linear=0
shrinkage=0.03


Tree=93
num_leaves=15
num_cat=0
split_feature=3 8 8 0 9 9 2 2 2 2 3 8 7 4
split_gain=0.741946 0.97273 0.792573 1.26895 0.489423 0.355567 0.412576 0.559142 0.583141 0.533317 0.533629 0.316319 0.196032 0.239225
threshold=12.199382889614247 25.450000000000003 11.950000000000001 15.165964624442799 0.97014794553715189 -0.33961250367033008 1.0000000180025095e-35 10.705594722311679 11.182712177033025 11.929231587987511 9.9387219654845449 35.250000000000007 4.9500000000000011 8.3023270880450184
decision_type=2 10 10 2 2 2 2 2 2 2 2 10 2 2
left_child=4 2 -2 -4 5 6 -1 -8 -9 -10 -11 -3 -7 -14
right_child=1 11 3 -5 -6 12 7 8 9 10 -12 -13 13 -15
leaf_value=0.012690010289117794 -0.00054401143854090894 -0.0039139793496351079 -0.0010949380332268431 0.02746504422502816 0.0097026897606604968 -0.0248792433696551 -0.031272032432628383 0.004681671836617286 -0.00065109300258994209 0.019245241410453355 -0.00097474174484567656 0.0005188727305459991 -0.0017426788325029285 -0.01021351127773105
leaf_weight=20 24 32 24 32 28 51 62 26 49 20 42 36 250 88
leaf_count=20 24 32 24 32 28 51 62 26 49 20 42 36 250 88
internal_value=-5.35039e-05 0.00185235 0.00407407 0.006 -0.000499216 -0.000679804 0.000286363 -0.000135001 0.000934782 -2.67864e-05 0.00180952 -0.000782609 -0.00122308 -0.000955753
internal_weight=784 148 80 56 636 608 219 199 137 111 62 68 389 338
internal_count=784 148 80 56 636 608 219 199 137 111 62 68 389 338
is_linear=0
shrinkage=0.03


Tree=94
num_leaves=15
num_cat=0
split_feature=4 8 8 9 12 13 13 9 0 0 3 13 13 3
split_gain=0.501172 0.408243 0.639874 0.751109 0.538769 0.775317 0.468611 0.465036 0.410631 0.40027 1.11934 0.286651 0.62674 0.224565
threshold=13.31857304037017 14.65 11.950000000000001 -0.52048723568399791 1.0000000180025095e-35 3.0508391527108922 2.5688187898933337 -0.58216583101416164 14.3894539813072 14.1147164764156 9.7758808454862294 3.4428658756942112 3.3561661032022831 9.6705788083499247
decision_type=2 8 10 2 10 8 8 2 2 2 2 10 10 2
left_child=1 2 4 -4 -1 -6 -3 -7 -5 -9 -11 12 -8 -10
right_child=-2 6 3 8 5 7 11 9 13 10 -12 -13 -14 -15
leaf_value=-0.0062712003996889748 0.004163736900132978 0.00057375044330929827 0.013264682183845439 0.014528673204674152 0.0097566261490288093 -0.013167130890273684 -0.0013755431665803623 -0.018855248449274144 -0.024146302508529026 0.01205686625184425 -0.001195006153657792 -0.011043330146054015 0.024918971815011595 0.017735410314508499
leaf_weight=56 20 33 23 20 25 45 240 33 22 33 40 144 20 20
leaf_count=56 20 33 23 20 25 45 240 33 22 33 40 144 20 20
internal_value=-0.000286452 -0.000413246 0.00040566 0.00261628 -0.000412018 0.000406779 -0.00100685 -0.000414474 0.000857142 0.000672896 0.0019054 -0.00128889 -0.000689656 -0.00083721
internal_weight=774 754 317 85 232 176 437 151 62 106 73 404 260 42
internal_count=774 754 317 85 232 176 437 151 62 106 73 404 260 42
is_linear=0
shrinkage=0.03


Tree=95
num_leaves=15
num_cat=0
split_feature=8 7 1 1 2 3 2 8 2 1 3 3 9 8
split_gain=0.630735 0.621917 0.539977 1.35733 0.842333 0.653514 0.439181 1.04738 0.510616 0.299063 0.641979 0.507987 0.222434 0.400648
threshold=14.65 4.8500000000000005 12.59263845812521 13.578962822258948 11.08522138836333 7.8520953259790032 13.43817905186007 20.950000000000003 14.010818656887727 14.754425286048152 11.732991946422862 10.593959194842636 1.0000000180025095e-35 33.050000000000004
decision_type=8 2 2 2 2 2 2 10 2 2 2 2 2 10
left_child=1 -1 -3 4 -4 -5 12 -8 -9 -7 11 -11 13 -2
right_child=6 2 3 5 -6 9 7 8 -10 10 -12 -13 -14 -15
leaf_value=-0.03026351742642417 -0.0063293592368632891 -0.007432401577832249 0.00050498548224035583 0.035848941691276226 0.0096210370063553041 -0.0016466381994158102 0.013869973102051803 0.00023556047703903897 -0.0029788456367256023 -0.0045717958830205846 -0.00078707189716294406 0.017203348005073241 -0.016751105675744702 0.0029544511133550739
leaf_weight=34 108 73 30 25 21 73 21 26 53 24 40 20 172 52
leaf_count=34 108 73 30 25 21 73 21 26 53 24 40 20 172 52
internal_value=-8.53823e-05 0.000879765 0.00130945 0.00201282 0.00628846 0.000786885 -0.000845266 0.000891088 -0.000712501 5.69613e-05 0.00127059 0.00373333 -0.00136937 -0.000559007
internal_weight=772 340 306 233 51 182 432 100 79 157 84 44 332 160
internal_count=772 340 306 233 51 182 432 100 79 157 84 44 332 160
is_linear=0
shrinkage=0.03


Tree=96
num_leaves=15
num_cat=0
split_feature=10 8 13 8 12 13 9 13 13 2 2 2 9 7
split_gain=0.490711 0.386955 0.617295 0.481692 0.460218 0.926795 0.413115 0.497339 0.34221 0.306083 0.245056 0.378547 0.263879 0.214474
threshold=0.99572243068690536 14.65 2.5688187898933337 12.950000000000001 1.0000000180025095e-35 3.0508391527108922 0.13052619222005182 4.3711168165112104 3.6332379010440925 11.592417546571879 13.040398288554799 13.512485616896816 -0.9629878403374984 7.3500000000000005
decision_type=2 10 8 10 10 8 2 8 10 2 2 2 2 2
left_child=1 3 -3 4 -1 -6 -7 8 -8 -5 12 -12 -4 -13
right_child=-2 2 10 9 5 6 7 -9 -10 -11 11 13 -14 -15
leaf_value=-0.0073688550654110755 0.024032904681271082 0.00080864478435301675 0.00012696528543544054 0.039035719122699673 0.0088982343318932192 -0.0074178729464437912 -0.00016488329330532138 -0.0012525653962211201 0.0046600730845510726 -0.00064263303942192231 0.0021765519188308665 -0.0012058850612245322 -0.015723670271510493 0.0024987387573494539
leaf_weight=64 21 30 34 20 28 97 38 22 37 24 25 66 255 20
leaf_count=64 21 30 34 20 28 97 38 22 37 24 25 66 255 20
internal_value=-0.000464195 -0.000591328 -0.0011833 0.000181268 -0.000271778 0.000376681 -0.000369231 0.0010102 0.00217105 0.00306667 -0.00149626 -0.000294644 -0.00195517 -0.00124138
internal_weight=781 760 430 330 286 222 194 97 75 44 400 111 289 86
internal_count=781 760 430 330 286 222 194 97 75 44 400 111 289 86
is_linear=0
shrinkage=0.03


Tree=97
num_leaves=15
num_cat=0
split_feature=7 8 5 0 2 8 8 0 2 4 10 0 3 13
split_gain=0.610587 0.721712 0.647472 1.05071 0.514675 0.507924 0.541891 0.817136 0.481176 1.01646 0.435977 0.373486 0.351865 0.239091
threshold=5.3500000000000005 14.65 1.0000000180025095e-35 16.128161472794346 12.126071142632371 20.250000000000004 34.050000000000004 15.527841125465665 10.044975896648321 3.1567740231385479 0.24188504972319264 15.693539531904586 10.989704399411503 3.5545219456527701
decision_type=2 8 2 2 2 8 10 2 2 2 2 2 2 10
left_child=-1 2 3 8 -3 -6 -7 10 13 -10 -8 12 -4 -2
right_child=1 4 11 -5 5 6 7 -9 9 -11 -12 -13 -14 -15
leaf_value=-0.012972646409770984 -0.011411095870368199 -0.013163983927765938 -0.00023945059399040612 0.018189897125070607 0.0023912865244327224 -0.0053860754943352261 0.00017109096322454566 -0.0083914180447760296 0.011247760297202564 0.0015379290326070095 0.0045461446187057327 -0.014622451763452364 0.00048719706694459633 0.00051814960100181274
leaf_weight=190 25 164 28 23 36 73 22 23 28 65 20 49 20 20
leaf_count=190 25 164 28 23 36 73 22 23 28 65 20 49 20 20
internal_value=-0.000251589 0.000221105 0.00141313 0.00257407 -0.000690266 0.000445714 -0.00038849 0.00159091 0.00155396 0.0027766 0.00404651 -0.000520409 0.00134694 -0.000978262
internal_weight=786 596 258 161 338 174 138 65 138 93 42 97 48 45
internal_count=786 596 258 161 338 174 138 65 138 93 42 97 48 45
is_linear=0
shrinkage=0.03


Tree=98
num_leaves=15
num_cat=0
split_feature=0 13 9 1 0 7 4 5 1 10 13 13 7 1
split_gain=0.705359 0.82702 0.861561 0.759064 0.58471 0.483585 0.379077 0.842442 0.376081 0.323665 0.321483 0.299852 0.367929 0.665543
threshold=14.413020877429942 4.5604175150320758 -0.92304025209086915 13.108220557541628 15.287786894843455 7.3500000000000005 10.411195917600601 8.4353839539398141 14.738065387131146 -0.96047288537312736 3.6413638888637321 2.8780245840889473 5.2500000000000009 11.662412202700294
decision_type=2 8 2 2 2 2 2 2 2 2 8 10 2 2
left_child=8 2 4 -4 -2 6 9 -8 10 -5 11 -1 -13 -14
right_child=1 -3 3 5 -6 -7 7 -9 -10 -11 -12 12 13 -15
leaf_value=-0.0049297178700108898 0.0033070554305731541 -0.031205821418744204 0.011637363870575412 0.0041052415521150819 0.0024538367637807093 0.016322635186916706 0.018032139538935531 -0.0060602543901073901 0.00049688107213462077 -0.0043048374652389053 -0.031192637433250878 -0.01918660867805045 0.011948215280219688 -0.00013728973306874581
leaf_weight=62 25 60 33 36 23 30 32 27 20 192 77 58 25 79
leaf_count=62 25 60 33 36 23 30 32 27 20 192 77 58 25 79
internal_value=4.2307e-05 0.000797385 0.00129323 0.00076923 0.00502041 0.00031132 -7.29174e-05 0.00205 -0.00103416 -0.000628822 -0.00130133 -0.000720001 -3.68105e-05 0.00102857
internal_weight=779 458 398 350 48 317 287 59 321 228 301 224 162 104
internal_count=779 458 398 350 48 317 287 59 321 228 301 224 162 104
is_linear=0
shrinkage=0.03


Tree=99
num_leaves=15
num_cat=0
split_feature=13 0 13 0 8 2 11 2 10 1 4 8 2 13
split_gain=0.386806 0.417402 0.528974 0.719366 0.438772 0.922713 0.412345 0.646751 0.394625 0.691437 0.402562 0.390785 0.383638 0.378419
threshold=4.5696327016751104 14.449487272817015 2.5563404911825818 15.815056001003537 17.750000000000004 11.79060985757101 1.0000000180025095e-35 11.08522138836333 -0.62241982464324219 14.803856719114034 2.7244451125137057 12.950000000000001 10.758670884155155 3.1978157638248339
decision_type=8 2 10 2 8 2 2 2 2 2 2 10 2 10
left_child=1 4 3 -3 5 11 7 -4 10 13 -9 -1 -8 -10
right_child=-2 2 6 -5 -6 -7 12 8 9 -11 -12 -13 -14 -15
leaf_value=-0.0070921819314200473 -0.028713179449539748 0.012327498286942934 -0.010392119389476259 0.00097553720763826623 -0.013006674162074199 0.0019706647527921017 0.005338821668423999 -0.014052784262398274 0.01647028714950657 -0.00092790540186802706 0.0041943310708460468 0.0010495607294082707 -0.0018258818256256229 0.0025792617001775585
leaf_weight=83 67 23 57 29 175 24 23 24 20 32 65 29 102 29
leaf_count=83 67 23 57 29 175 24 23 24 20 32 65 29 102 29
internal_value=-0.000352491 -0.000146649 0.000488888 0.00328302 -0.000971155 0.000306569 6.7988e-05 0.000828947 0.00175439 0.0032561 0.000366666 -0.000849558 -0.00130952 0.00546
internal_weight=782 715 404 52 311 136 352 227 170 81 89 112 125 49
internal_count=782 715 404 52 311 136 352 227 170 81 89 112 125 49
is_linear=0
shrinkage=0.03


Tree=100
num_leaves=15
num_cat=0
split_feature=8 8 0 1 1 10 7 10 1 1 3 4 2 8
split_gain=0.484733 1.01952 1.06418 0.597657 0.955133 0.566783 0.418141 0.390485 0.308976 0.613524 0.357356 0.262447 0.230358 0.212075
threshold=14.65 12.950000000000001 14.704305009937988 12.634404307685591 13.578962822258948 0.017449748351250231 7.3500000000000005 -0.68973679431060764 15.134434725680999 13.974207446901717 9.1473664956363194 10.828407860445482 11.797096747488046 32.550000000000004
decision_type=10 8 2 2 2 2 2 2 2 2 2 2 2 10
left_child=1 3 -3 -1 5 -5 13 -8 9 -6 -11 -10 -12 -2
right_child=6 2 -4 4 8 -7 7 -9 11 10 12 -13 -14 -15
leaf_value=-0.011140380510534764 -0.0084622727462931469 0.015161716379267295 0.0042807958079639757 0.0033982587195539177 -0.027798654671958103 0.006012259710263472 -0.004049713834126137 0.0029457500450016088 -0.0088055935479164401 0.033486047092290271 -0.015190801518842912 0.00041074812710871803 0.0032805630845803295 -7.8616098260702656e-05
leaf_weight=72 247 20 24 20 26 20 21 36 43 20 28 22 30 120
leaf_count=72 247 20 24 20 26 20 21 36 43 20 28 22 30 120
internal_value=3.99929e-06 0.000874232 0.00506667 0.000202127 0.00101429 0.00512195 -0.00066353 0.0017069 1.76463e-05 0.00102857 0.00235443 -0.00159091 0.00111864 -0.00103533
internal_weight=749 325 44 281 209 40 424 57 169 104 78 65 58 367
internal_count=749 325 44 281 209 40 424 57 169 104 78 65 58 367
is_linear=0
shrinkage=0.03


Tree=101
num_leaves=15
num_cat=0
split_feature=13 13 3 10 10 1 1 13 8 1 8 10 10 4
split_gain=0.438654 0.868346 0.680519 0.326601 0.441888 0.43821 0.439932 0.61316 0.308472 0.288631 0.365433 0.238395 0.44362 0.375014
threshold=3.9132263560644254 3.8539569225446724 12.243148930164491 0.96965254237475851 0.81241147629689003 12.531445841868406 13.196700377191563 3.1703446347558448 6.9500000000000011 11.629158682860179 23.900000000000002 0.25881904510252057 -0.62241982464324219 9.962578046323193
decision_type=8 10 2 2 2 2 2 10 10 2 10 2 2 2
left_child=1 3 8 4 5 9 7 -7 -2 10 -1 12 -8 -14
right_child=2 -3 -4 -5 -6 6 11 -9 -10 -11 -12 -13 13 -15
leaf_value=0.0028585731774857428 0.0028798350137272432 0.0016169735697811173 0.00043131570343023744 0.023124622950657047 -0.011913022702980197 0.0077406657183883947 -0.0010348139055675958 -2.4189052070930479e-05 -0.032437343573553684 -0.019104645490086013 -0.042223745739997841 -0.0023956893494721859 0.018804963048853009 4.8968334507682095e-05
leaf_weight=36 22 23 32 29 92 24 116 34 132 53 22 79 56 39
leaf_count=36 22 23 32 29 92 24 116 34 132 53 22 79 56 39
internal_value=-0.000110127 0.000283112 -0.00137968 5.16344e-05 -0.000114131 0.000267391 0.00079083 0.00315254 -0.00220645 -0.00136607 0.000101694 0.000309278 0.000834905 0.00234375
internal_weight=789 603 186 580 551 459 348 58 154 111 58 290 211 95
internal_count=789 603 186 580 551 459 348 58 154 111 58 290 211 95
is_linear=0
shrinkage=0.03


Tree=102
num_leaves=15
num_cat=0
split_feature=0 13 9 2 8 13 0 9 9 8 8 2 8 8
split_gain=0.695517 0.569114 0.484756 0.775545 0.515898 0.438051 0.730816 0.381882 0.286582 0.408926 0.503351 0.820187 0.280987 0.463828
threshold=14.355232715256561 2.3558523928899047 0.71170436230560108 11.518526451329047 20.550000000000004 3.6685709561006159 15.142157092473232 -0.5 0.31062854169311122 9.4500000000000011 21.750000000000004 13.134189672207137 23.450000000000003 14.350000000000003
decision_type=2 8 2 2 10 10 2 2 2 10 10 2 10 10
left_child=12 -2 5 -4 -5 8 -7 -8 9 -3 -11 -12 13 -1
right_child=1 2 3 4 -6 6 7 -9 -10 10 11 -13 -14 -15
leaf_value=-0.0027051259281420993 0.0084130221364572665 0.0057210962152927178 -0.010943261479955063 0.024943433982836612 0.015863807635459623 0.0017716105110486895 0.00086967989977215462 -0.02342230643703995 -0.0062510040954774993 -0.0069033413278091942 0.021947269461595996 -0.00055239352130005042 -0.014314382433590017 0.00073494843765085102
leaf_weight=108 26 37 35 33 28 27 24 55 64 90 31 34 125 65
leaf_count=108 26 37 35 33 28 27 24 55 64 90 31 34 125 65
internal_value=-4.59777e-05 0.000655669 0.000405228 0.00228866 0.00430645 -9.91743e-05 0.00151402 3.74993e-05 -0.000770429 -0.000186529 -0.000865385 0.00113636 -0.00118395 -0.000396552
internal_weight=782 484 458 96 61 362 106 79 256 192 155 65 298 173
internal_count=782 484 458 96 61 362 106 79 256 192 155 65 298 173
is_linear=0
shrinkage=0.03


Tree=103
num_leaves=15
num_cat=0
split_feature=7 1 13 3 5 2 0 0 0 7 2 2 1 0
split_gain=0.620006 0.4595 0.954799 0.442726 0.726285 1.45175 0.491667 0.445909 0.324901 0.255521 0.520575 0.384481 0.499167 0.448179
threshold=6.0100000000000007 15.449927355022185 2.2473999400211775 10.751432343955155 1.4311004404647345 11.298323257794562 13.82085599507495 14.20607583823587 16.366283092436344 4.9500000000000011 7.3287099632352914 10.370668320987154 13.252721673455397 13.970985978147768
decision_type=2 2 10 2 2 2 2 2 2 2 2 2 2 2
left_child=9 3 -3 4 5 7 -6 -2 -4 -1 -11 -12 13 -13
right_child=1 2 8 -5 6 -7 -8 -9 -10 10 11 12 -14 -15
leaf_value=-0.018554447829198659 -0.010732980890127922 -0.0067742913588889871 0.014166015176314729 -0.00081650752447701917 0.00041792052292446405 0.019080162178774854 -0.0044616555826357844 0.0095391787784096932 0.017364121291378546 0.0026276128219996421 -0.017190521669910232 0.00053351733236391033 -0.00097624460925008422 0.0052207473537677759
leaf_weight=90 36 20 30 126 21 20 42 26 33 21 60 30 181 20
leaf_count=90 36 20 30 126 21 20 42 26 33 21 60 30 181 20
internal_value=-0.000103039 0.000811267 0.00275 0.000209558 0.00133562 0.00318072 -0.00107813 0.000857142 0.00454687 -0.000908189 -0.000498403 -0.000832192 -0.000271552 0.00235294
internal_weight=756 354 83 271 145 82 63 62 63 402 312 291 231 50
internal_count=756 354 83 271 145 82 63 62 63 402 312 291 231 50
is_linear=0
shrinkage=0.03


Tree=104
num_leaves=15
num_cat=0
split_feature=8 2 7 7 6 7 1 2 1 9 13 9 1 7
split_gain=0.597348 0.932579 0.791895 0.486803 0.557262 0.823932 0.50606 0.521911 0.695927 0.441616 0.598591 0.290002 0.238201 0.213705
threshold=14.65 14.405924206288242 7.2500000000000009 5.3500000000000005 1.0000000180025095e-35 6.5500000000000007 15.134434725680999 9.4106893536301772 13.047994616353003 0.31062854169311122 2.9617510625060315 -0.9629878403374984 14.271881174750559 5.8500000000000005
decision_type=10 2 2 2 2 2 2 2 2 2 8 2 2 2
left_child=3 11 -3 -1 5 6 7 -5 -9 10 -10 13 -12 -2
right_child=1 2 -4 4 -6 -7 -8 8 9 -11 12 -13 -14 -15
leaf_value=-0.0070354372940161745 0.0068987931504684045 -0.0029380150725690545 0.031176096174268586 -0.0071976403261166241 -0.0046026511670699353 0.012488068921885375 -0.0090330274461613951 0.007088994881669009 0.022172201784259674 -0.001809335412689399 -0.020733015591796616 -0.0091276338636758683 0.0070790434207928339 -0.005095692982442091
leaf_weight=82 20 26 20 30 27 33 39 32 21 38 22 345 20 20
leaf_count=82 20 26 20 30 27 33 39 32 21 38 22 345 20 20
internal_value=-0.000444588 -0.0011875 0.00280851 0.000486956 0.00111787 0.00158898 0.000857142 0.00159146 0.00239552 0.00114706 0.00267187 -0.00167099 0.000558139 0.000731707
internal_weight=775 431 46 344 262 235 202 163 133 101 63 385 42 40
internal_count=775 431 46 344 262 235 202 163 133 101 63 385 42 40
is_linear=0
shrinkage=0.03


Tree=105
num_leaves=15
num_cat=0
split_feature=7 13 1 7 7 1 1 8 8 9 10 13 10 9
split_gain=0.368189 0.928773 0.535064 0.315991 0.341496 0.439997 1.56459 0.407957 0.529605 0.31605 0.296309 0.240625 0.225845 0.294811
threshold=7.3500000000000005 2.9679125553228172 14.998602754694193 5.3500000000000005 5.5500000000000007 12.675288307114183 13.154072050558062 34.900000000000006 7.0500000000000007 0.44134171618254497 0.41248606129204551 3.4851930043529169 -0.38469719700095517 1.0000000180025095e-35
decision_type=2 10 2 2 2 2 2 10 8 2 2 10 2 2
left_child=2 -2 3 12 9 10 -7 8 -8 -5 -6 -3 13 -1
right_child=1 11 -4 4 5 6 7 -9 -10 -11 -12 -13 -14 -15
leaf_value=-0.011661107045302294 0.011298589900113388 0.014109315715189278 -0.0050095401780491282 0.016409055910105136 -0.015148366771335242 0.010031081868286379 0.0059312830930818676 0.0014340563321607826 -0.0025351893751055649 -0.00047002114928231301 0.00026155438734408161 -0.014789018175296532 -0.010492147218113434 0.002246835384994266
leaf_weight=32 20 27 151 31 72 33 30 29 151 21 30 20 95 44
leaf_count=32 20 27 151 31 72 33 30 29 151 21 30 20 95 44
internal_value=-0.00021347 0.00189706 -0.000412501 1.05441e-05 0.000474874 0.000130057 0.00082377 -0.000142181 -0.000675825 0.00271698 -0.00151456 -0.000437501 -0.00106395 0.000155843
internal_weight=786 67 719 568 397 345 243 210 181 52 102 47 171 76
internal_count=786 67 719 568 397 345 243 210 181 52 102 47 171 76
is_linear=0
shrinkage=0.03


Tree=106
num_leaves=15
num_cat=0
split_feature=1 13 13 13 9 0 0 0 10 8 12 3 3 0
split_gain=0.434903 0.881276 0.460954 0.800645 0.450245 0.261175 0.258124 1.18354 0.868143 0.361702 0.252415 0.210558 0.325576 0.244699
threshold=16.174349518957104 3.0909836995657325 3.9132263560644254 3.8539569225446724 0.98886523145552097 9.8019906859244177 15.287786894843455 15.73001811542135 0.074102141141256975 43.850000000000001 1.0000000180025095e-35 10.338511456470949 9.0859865040759136 14.24234630107054
decision_type=2 10 8 10 2 2 2 2 2 10 10 2 2 2
left_child=2 -2 3 4 5 -1 9 8 -8 10 -7 12 13 -12
right_child=1 -3 -4 -5 -6 6 7 -9 -10 -11 11 -13 -14 -15
leaf_value=0.0032356775922281803 -0.0015833702480680116 0.018488847812303835 -0.019384643430206207 0.00094468811802413143 0.011849097084809071 -0.0039985000666879367 -0.0011348991457484617 -0.0066484038007413879 0.0027059669432203783 0.002737474299400593 0.0001683538864737558 -0.0074394425155557345 0.01841404689839159 -0.0087022141839472305
leaf_weight=20 29 20 159 20 21 85 26 96 23 20 80 87 32 67
leaf_count=20 29 20 159 20 21 85 26 96 23 20 80 87 32 67
internal_value=-0.000248092 0.00246 -0.00043148 -3.63329e-05 -0.000252689 -0.000424582 -0.000557061 0.000513698 0.00426 -0.000975807 -0.00120171 -0.000741574 -0.000150001 -0.000750001
internal_weight=785 49 736 577 557 536 516 145 49 371 351 266 179 147
internal_count=785 49 736 577 557 536 516 145 49 371 351 266 179 147
is_linear=0
shrinkage=0.03


Tree=107
num_leaves=15
num_cat=0
split_feature=13 2 10 13 7 13 3 1 1 0 10 8 7 13
split_gain=0.547864 1.05663 0.905541 0.467625 0.407782 0.458689 0.68795 0.355851 0.285521 1.10455 0.288837 0.236988 0.216002 0.199505
threshold=2.7085604330299726 11.969946083874465 0.25881904510252057 2.8866416164235793 5.2500000000000009 3.1164077735376892 10.751432343955155 14.446425279696719 12.831759144235951 14.477298238986755 0.41248606129204551 41.95000000000001 5.5500000000000007 3.6332379010440925
decision_type=8 2 2 10 2 10 2 2 2 2 2 10 2 10
left_child=1 12 -3 -2 13 6 -6 -8 9 10 -7 -10 -1 -5
right_child=3 2 -4 4 5 8 7 -9 11 -11 -12 -13 -14 -15
leaf_value=0.0011533768269055679 -0.0042864823972037181 0.019848347839464372 0.0011823913351375298 -0.018485978393629209 0.010158496488841925 -0.026225860766169881 -0.029234041298075674 0.0011850493572131563 -0.00050174633192114852 0.004555604790087279 0.0060830712238315338 0.00050636778662966372 -0.019963084282015441 -0.010046151300109904
leaf_weight=23 89 25 30 85 36 53 23 22 229 20 23 24 31 41
leaf_count=23 89 25 30 85 36 53 23 22 229 20 23 24 31 41
internal_value=-0.00029404 0.00166364 0.00455357 -0.000626936 -0.000301617 0.00013921 0.00215854 -0.000326088 -0.000334286 0.00105155 -0.000623377 -0.000862205 -0.00130909 -0.00179528
internal_weight=754 109 55 645 556 430 81 45 349 96 76 253 54 126
internal_count=754 109 55 645 556 430 81 45 349 96 76 253 54 126
is_linear=0
shrinkage=0.03


Tree=108
num_leaves=15
num_cat=0
split_feature=3 13 13 0 9 1 1 0 13 9 13 0 3 13
split_gain=0.469794 0.39156 0.507885 0.810169 0.371661 0.307815 0.996793 0.516323 0.323373 0.265637 0.349217 0.402413 0.439057 0.29688
threshold=13.791355235326103 3.9132263560644254 3.6685709561006159 14.848686254442249 0.034878236872063054 12.495892286663802 13.096308965802882 13.991588878044549 3.416460622098374 0.44134171618254497 2.5563404911825818 15.377853308363838 10.452481302112522 2.9450127606983019
decision_type=2 8 10 2 2 2 2 2 10 2 10 2 2 10
left_child=1 2 5 -4 -2 -1 7 -7 9 10 -8 -12 -13 -11
right_child=4 -3 3 -5 -6 6 8 -9 -10 13 11 12 -14 -15
leaf_value=-0.0099975630076122052 -0.00015386625248813119 -0.021915505286428331 -0.004482081278247515 0.0028873416448428951 0.010915663954652701 -0.0001363486486230597 0.011241456239324083 0.010934741200518789 -0.0088383921588618946 -0.02133528215203636 -0.0040894098509284028 -0.00065443969016448376 0.0070898304558457076 -0.00018556248840860223
leaf_weight=113 20 160 27 24 20 24 32 27 60 48 86 32 21 55
leaf_count=113 20 160 27 24 20 24 32 27 60 48 86 32 21 55
internal_value=-0.000196001 -0.000376057 5.45383e-06 0.00282692 0.00292683 -0.000288578 0.00011658 0.00398077 -0.000483583 -4.36371e-05 0.000680232 2.14279e-05 0.00205555 -0.00124039
internal_weight=749 709 549 51 40 498 385 51 334 274 171 139 53 103
internal_count=749 709 549 51 40 498 385 51 334 274 171 139 53 103
is_linear=0
shrinkage=0.03


Tree=109
num_leaves=15
num_cat=0
split_feature=2 8 1 13 10 10 8 0 0 4 1 4 1 10
split_gain=0.531481 0.629744 1.10966 0.652227 0.640019 0.544066 0.44154 0.713517 1.09547 0.400598 0.209059 0.200402 0.162243 0.541779
threshold=10.370668320987154 20.250000000000004 13.569070804978013 2.7085604330299726 0.13052619222005152 0.24188504972319264 34.050000000000004 14.026200017681296 15.527841125465665 10.828407860445482 12.785039405650375 12.00055143441937 12.59263845812521 -0.70710678118654757
decision_type=2 8 2 8 2 2 10 2 2 2 2 2 2 2
left_child=12 2 5 4 -4 10 -3 -8 -9 -5 -2 -11 -1 -14
right_child=1 6 3 9 -6 -7 7 8 -10 11 -12 -13 13 -15
leaf_value=-0.020346883694325267 0.00025307958629760928 -0.0043220218313739667 0.024567497112291985 -0.0027917856838640177 -0.00010943302021601859 0.0072157092722609801 -0.017837126894353475 0.018412361508916234 -0.0058272789470003123 0.016945113543272348 0.0031887983208281705 -0.00020444318290357166 0.0091554275257344046 -0.0026049940411965568
leaf_weight=116 20 144 20 175 28 24 37 38 31 21 20 21 25 53
leaf_count=116 20 144 20 175 28 24 37 38 31 21 20 21 25 53
internal_value=-0.000399226 5.68958e-05 0.000918181 5.63903e-05 0.00318367 0.00443077 -0.0010757 0.000392523 0.00218571 -0.00064679 0.00219512 0.00195349 -0.00175385 -0.000683545
internal_weight=773 579 329 265 48 64 250 106 69 217 40 42 194 78
internal_count=773 579 329 265 48 64 250 106 69 217 40 42 194 78
is_linear=0
shrinkage=0.03


Tree=110
num_leaves=15
num_cat=0
split_feature=13 13 9 7 4 7 13 0 5 3 2 3 2 2
split_gain=0.372631 0.537973 1.03826 0.486286 0.412399 0.268506 0.530188 0.267336 0.35385 0.49619 1.27542 0.273841 0.225676 0.268289
threshold=3.897711265566699 3.616104401834237 -0.33961250367033008 5.5500000000000007 12.451519889480794 6.7500000000000009 4.3167983667369354 15.377853308363838 6.8322144569127135 10.452481302112522 13.066590298738898 9.2393042073080913 7.5170110799556467 10.044975896648321
decision_type=8 10 2 2 2 2 10 2 2 2 2 2 2 2
left_child=1 4 -3 -4 7 -2 -7 12 9 11 -11 -9 -1 -14
right_child=5 2 3 -5 -6 6 -8 8 -10 10 -12 -13 13 -15
leaf_value=0.00222741277815717 -0.03002790720921009 0.0028620690666559911 0.0081593983722078461 -0.018810581313400822 0.010476227630025901 -0.0054325095975250974 0.002709733808704502 0.0019687808129046857 -0.0021911744066439283 0.02100594960253065 -0.0074369192879713579 -0.011370515917320686 -0.024926840170523476 -0.00043490265288501426
leaf_weight=36 152 22 23 36 23 21 22 36 22 23 22 25 71 239
leaf_count=36 152 22 23 36 23 21 22 36 22 23 22 25 71 239
internal_value=-0.000476745 -9.3265e-05 0.00215854 4.99993e-05 -0.000463856 -0.00160714 0.000477272 -0.000656843 0.000511627 0.00123364 0.00358696 -0.000532259 -0.00108934 -0.00135048
internal_weight=773 578 81 59 497 195 43 474 128 106 45 61 346 310
internal_count=773 578 81 59 497 195 43 474 128 106 45 61 346 310
is_linear=0
shrinkage=0.03


Tree=111
num_leaves=15
num_cat=0
split_feature=13 13 1 3 3 0 1 13 3 0 10 1 2 13
split_gain=0.380357 0.445081 0.559103 0.38174 0.316643 0.462988 0.874494 0.622549 0.851288 0.392424 0.314664 0.709093 0.264417 0.71604
threshold=2.8888307077117577 2.7085604330299726 15.449927355022185 9.0859865040759136 12.984536492375389 12.766868107645456 13.076813198341064 2.9799202416531383 12.199382889614247 13.970985978147768 -0.11535712691606388 14.533899100685655 7.5170110799556467 3.4140316494952994
decision_type=10 8 2 2 2 2 2 10 2 2 2 2 2 10
left_child=1 2 -1 12 5 -5 9 -8 10 -7 -9 -12 13 -2
right_child=3 -3 -4 4 -6 6 7 8 -10 -11 11 -13 -14 -15
leaf_value=-0.00080085046178336619 0.02290293368846371 -0.010219043529149192 0.024473151449391203 -0.010933062673601531 -0.00080959980169859763 0.0082260030505055121 0.0071749915367450056 -0.0091700105963894839 0.0036347828960448607 0.011046416765006757 -0.01647181968175028 0.0016005629494806376 -0.0065902301193985794 -0.023750602657988978
leaf_weight=96 21 89 20 33 53 21 20 61 37 20 39 30 193 39
leaf_count=96 21 89 20 33 53 21 20 61 37 20 39 30 193 39
internal_value=-0.000279432 -0.0013835 -0.000153847 0.000121478 0.000819047 0.00124809 0.00172926 0.000845744 0.000232142 0.00564286 -0.000916031 0.000471428 -0.000744095 0.000983606
internal_weight=772 205 116 567 314 261 228 187 167 41 130 69 253 60
internal_count=772 205 116 567 314 261 228 187 167 41 130 69 253 60
is_linear=0
shrinkage=0.03


Tree=112
num_leaves=15
num_cat=0
split_feature=8 2 3 1 13 13 8 8 2 3 13 3 8 0
split_gain=0.657698 0.839282 0.734866 1.05885 0.670709 0.634079 0.374112 0.738308 0.405435 0.344238 0.37054 0.41157 0.310893 0.229249
threshold=18.750000000000004 7.5170110799556467 8.4730319460816848 13.578962822258948 3.2690750720136168 2.7085604330299726 14.65 12.550000000000002 11.031410673351454 10.402791739036198 3.6332379010440925 11.145848305944513 33.050000000000004 14.355232715256561
decision_type=8 2 2 2 10 8 10 10 2 2 10 2 10 2
left_child=2 -2 6 4 -4 -5 7 8 -1 -7 11 -11 -3 -14
right_child=1 12 3 5 -6 9 -8 -9 -10 10 -12 -13 13 -15
leaf_value=-0.014115315051960137 0.01837917218416649 -0.0058518062392136578 0.00045889536690230326 0.012924896580662147 0.0097692004213104696 -0.021255280670074952 -0.022883047429798228 0.0044116956245135635 0.008782705393534285 0.00015771148437637145 0.00092768366099372547 -0.0031389844771010068 -0.013303544494612374 0.00088195388728518249
leaf_weight=87 32 167 28 38 40 62 51 22 29 20 39 43 57 75
leaf_count=87 32 167 28 38 40 62 51 22 29 20 39 43 57 75
internal_value=-7.58541e-05 -0.00109337 0.000658695 0.00166052 0.00486956 0.000561576 -0.000773685 4.31648e-05 -0.000923078 -0.000254546 0.000815533 -0.000609376 -0.00159 -0.000496241
internal_weight=790 331 459 270 68 202 189 138 116 164 102 63 299 132
internal_count=790 331 459 270 68 202 189 138 116 164 102 63 299 132
is_linear=0
shrinkage=0.03


Tree=113
num_leaves=15
num_cat=0
split_feature=0 1 1 13 7 0 7 4 0 13 1 9 9 3
split_gain=0.278365 1.16419 1.52759 0.422219 0.583605 1.0202 0.555465 0.629472 0.318783 0.386127 0.349812 0.35659 0.450649 0.251841
threshold=14.477298238986755 13.196700377191563 12.59263845812521 2.9495956306875488 6.5500000000000007 16.327743301182625 6.2500000000000009 3.8899425575352615 10.075518657417684 3.3712371147893339 12.058197428092933 0.25881904510252091 0.86382728211298232 12.314560768181952
decision_type=2 2 2 8 2 2 2 2 2 10 2 2 2 2
left_child=8 2 -2 6 -5 13 7 -3 -1 -10 -11 -12 -13 -6
right_child=1 3 -4 4 5 -7 -8 -9 9 10 11 12 -14 -15
leaf_value=0.0026642002723530058 -0.0055148656746194617 -0.0007775866589510653 0.011763784792973688 -0.016742602034733524 6.0591852457170245e-05 0.013501448441454279 -0.00072991228477926353 0.015888040426042381 -0.0033047166814534133 -0.019583394453711996 -0.0034518760022342848 0.0081649521640176151 -0.00074213672419548809 -0.0035947147482907529
leaf_weight=21 22 33 30 189 20 21 52 39 185 39 41 23 21 28
leaf_count=21 22 33 30 189 20 21 52 39 185 39 41 23 21 28
internal_value=-0.000250981 0.000248275 0.00441509 -0.000328982 -0.00101931 0.00132857 0.001104 0.00279452 -0.000906345 -0.00115161 0.000143999 0.00122093 0.00306667 -0.00110204
internal_weight=764 434 52 382 258 69 124 72 330 309 124 85 44 48
internal_count=764 434 52 382 258 69 124 72 330 309 124 85 44 48
is_linear=0
shrinkage=0.03


Tree=114
num_leaves=15
num_cat=0
split_feature=6 7 2 9 2 10 9 4 1 1 4 13 0 0
split_gain=0.467471 0.320394 0.368336 0.404672 0.540304 0.298117 0.242616 0.314949 0.204895 0.798702 0.366831 0.196373 0.542202 0.530766
threshold=8.0679323707155444 4.9500000000000011 7.2056963496132722 0.76883451325334917 13.368459416465091 0.99572243068690536 0.98886523145552097 7.3742712354905029 14.069330158397308 13.948856228378641 10.126159467279209 3.2794349174880142 14.026200017681296 13.057968606677434
decision_type=2 2 2 2 2 2 2 2 2 2 2 10 2 2
left_child=1 -1 -3 5 6 8 7 -5 9 10 11 -4 13 -13
right_child=-2 2 3 4 -6 -7 -8 -9 -10 -11 -12 12 -14 -15
leaf_value=-0.01544568162992575 0.0091443297904366585 0.0061537432309980737 -0.0096581855747554894 0.0029677503139534235 0.015500075857940859 0.018581863789105809 0.0037431762242080189 -0.020259668827235219 -0.0019325357154276381 0.0074533646800508096 0.00027579660502859767 -0.0050577191193209399 -0.0085735762802016131 0.0082440736710817364
leaf_weight=82 21 37 92 38 38 21 21 37 238 22 20 22 56 27
leaf_count=82 21 37 92 38 38 21 21 37 238 22 20 22 56 27
internal_value=-0.000357051 -0.000482713 -0.00026418 -0.00043602 0.00102222 -0.00082966 -0.000185568 -0.000986843 -0.000985356 -0.000362501 -0.000922019 -0.00131818 -0.000424529 0.00186
internal_weight=772 751 669 632 134 498 96 75 477 239 217 197 105 49
internal_count=772 751 669 632 134 498 96 75 477 239 217 197 105 49
is_linear=0
shrinkage=0.03


Tree=115
num_leaves=15
num_cat=0
split_feature=8 7 5 3 8 1 3 1 3 1 10 7 8 9
split_gain=0.58109 0.603839 0.527007 0.75977 0.916699 0.914449 0.747531 0.758106 0.309185 0.345127 0.7824 0.506592 0.301116 0.317994
threshold=14.65 4.8500000000000005 8.7226611825236144 10.16906799463011 11.950000000000001 14.517991898257174 5.6758969040294156 12.59263845812521 8.567573992841675 13.154072050558062 -0.62241982464324219 7.3500000000000005 9.4500000000000011 -1.0000000180025095e-35
decision_type=8 2 2 2 10 2 2 2 2 2 2 2 10 2
left_child=1 -1 3 6 5 -5 7 -3 -2 10 -10 -11 13 -8
right_child=8 2 -4 4 -6 -7 12 -9 9 11 -12 -13 -14 -15
leaf_value=-0.025810268649162939 -0.0099037681296096601 -0.0010873596136372304 -0.0027453044708877494 0.0014474560794453465 0.018854763997755663 -0.00062806533327482031 -0.04118815629349154 0.016409174544650743 -0.021371759868375723 -0.0046931613555711311 0.013101985668901637 0.0086891463236946145 -0.00070754915500565254 0.0056560304471613759
leaf_weight=38 147 28 39 23 29 30 26 22 35 187 43 34 69 38
leaf_count=38 147 28 39 23 29 30 26 22 35 187 43 34 69 38
internal_value=-0.000334601 0.000594751 0.00104262 0.00152256 0.00390361 0.0015 0.000440217 0.00352941 -0.00104698 -0.000490001 0.00121519 -0.0010946 -0.000738807 0.000738461
internal_weight=788 342 304 265 82 53 183 50 446 299 78 221 133 64
internal_count=788 342 304 265 82 53 183 50 446 299 78 221 133 64
is_linear=0
shrinkage=0.03


Tree=116
num_leaves=15
num_cat=0
split_feature=0 1 2 3 9 1 8 3 8 8 13 11 3 2
split_gain=0.537136 1.01639 0.988547 0.580713 0.584006 0.565272 0.391625 0.332655 0.836994 0.448473 0.273196 0.493012 0.789114 0.304468
threshold=14.413020877429942 13.196700377191563 10.044975896648321 13.538442422109991 -0.92304025209086915 14.41030407053031 14.15 10.539482179169886 9.0500000000000025 7.2500000000000009 3.1942787607691452 1.0000000180025095e-35 8.9643438591664211 5.5032222779571116
decision_type=2 2 2 2 2 2 10 2 10 10 10 2 2 2
left_child=10 2 -2 4 5 -3 7 9 -9 -6 13 -12 -13 -1
right_child=1 3 -4 -5 6 -7 -8 8 -10 -11 11 12 -14 -15
leaf_value=0.0055185337897831416 -0.0013323189424093282 0.021198616937268332 0.0063147200414133227 0.0052836678600333047 0.0080299495486804828 -0.00014721441989823882 -0.0070221475029836168 -0.0021631797399300407 0.017458772031190971 -0.012703909876273374 -0.0037561911655439161 -0.031722712643628151 0.013097969696782646 -0.0043705657260955577
leaf_weight=20 22 22 29 35 27 23 177 34 31 66 107 24 27 125
leaf_count=20 22 22 29 35 27 23 177 34 31 66 107 24 27 125
internal_value=-3.50656e-05 0.000603854 0.00455769 0.000108172 -0.000236221 0.00293478 -0.000669644 0.000415094 0.00204545 -0.000734043 -0.00101645 -0.000150944 0.00225 -0.00195206
internal_weight=769 466 51 415 380 45 335 158 65 93 303 158 51 145
internal_count=769 466 51 415 380 45 335 158 65 93 303 158 51 145
is_linear=0
shrinkage=0.03


Tree=117
num_leaves=15
num_cat=0
split_feature=8 7 9 0 3 5 3 3 0 8 0 1 10 0
split_gain=0.369027 0.58787 0.480902 1.14493 0.356675 0.655656 0.772382 0.562244 0.704976 0.518561 0.90482 0.779263 0.257031 0.247375
threshold=24.950000000000003 4.8500000000000005 -0.67494719543654291 14.647590489948511 10.16906799463011 6.8322144569127135 13.370510532784614 1.0000000180025095e-35 13.897368025316764 9.0500000000000025 15.957393077758846 13.096308965802882 -0.11535712691606388 15.927494873154755
decision_type=8 2 2 2 2 2 2 2 2 10 2 2 2 2
left_child=1 -1 3 -2 7 9 -7 8 -3 -6 11 -11 -13 -9
right_child=2 4 -4 -5 5 6 -8 13 -10 10 -12 12 -14 -15
leaf_value=-0.031241183030593343 -0.0071318115527763213 -0.0069262287495147441 -0.0082500891068664605 0.0095838938909836927 3.3542011207391797e-05 -0.0033295139605729082 0.0079082474383873769 -0.00024336481082529185 0.022330377042510927 0.0079945770770673413 0.021086760487202892 0.00013775281010698658 -0.0026539612482394648 -0.015493307571532552
leaf_weight=46 40 29 175 27 40 57 20 191 31 20 21 21 26 39
leaf_count=46 40 29 175 27 40 57 20 191 31 20 21 21 26 39
internal_value=-0.000164542 0.000271217 -0.0011358 0.00101471 0.000574596 0.00152913 -0.000653847 -0.000103093 0.00245902 0.00283721 0.00411236 0.00233823 0.000187499 -0.000779221
internal_weight=783 541 242 67 495 205 77 290 60 128 88 67 47 230
internal_count=783 541 242 67 495 205 77 290 60 128 88 67 47 230
is_linear=0
shrinkage=0.03


Tree=118
num_leaves=15
num_cat=0
split_feature=0 0 2 1 2 1 9 0 9 8 8 8 8 8
split_gain=0.452548 0.344781 0.400173 1.24357 0.42742 0.523137 0.44828 0.598906 0.835595 0.50875 0.438214 0.379911 0.328828 0.675914
threshold=9.8019906859244177 14.477298238986755 10.510372353341756 13.211786439165705 14.270792376256933 15.505743709361562 0.31062854169311122 15.362640924604099 -0.33961250367033008 13.15 31.100000000000005 23.450000000000003 23.350000000000005 12.950000000000001
decision_type=2 2 2 2 2 2 2 2 2 10 10 10 10 10
left_child=-1 12 -3 -4 5 6 7 10 9 -9 -5 -6 13 -2
right_child=1 2 3 4 11 -7 -8 8 -10 -11 -12 -13 -14 -15
leaf_value=0.0027711861149922377 -0.0026345068195851246 -0.015225120195504734 0.0044481878072607159 -0.022846021300458732 0.0098654239386262391 -0.016474270084658686 -0.0078293455252760619 0.0091639170151480067 0.0069778996662575032 -0.0010176104020125866 0.00061537283994461678 -0.0015066575798859557 -0.014287319167034263 0.001752829141970033
leaf_weight=21 96 64 23 48 20 56 93 23 34 22 20 27 132 84
leaf_count=21 96 64 23 48 20 56 93 23 34 22 20 27 132 84
internal_value=-0.00028665 -0.000411845 0.00013921 0.00052316 6.10458e-05 -0.000363637 0.000248962 0.00127703 0.0030375 0.000326086 -0.000782609 0.0026875 -0.00116933 -0.000331492
internal_weight=763 742 430 366 343 296 240 147 79 45 68 47 312 180
internal_count=763 742 430 366 343 296 240 147 79 45 68 47 312 180
is_linear=0
shrinkage=0.03


Tree=119
num_leaves=15
num_cat=0
split_feature=8 8 2 0 1 2 3 10 10 0 0 8 1 1
split_gain=0.438228 0.735908 1.00545 0.878249 0.715802 1.3219 0.508061 0.532882 0.332465 0.323133 0.555293 0.309308 0.305767 0.464315
threshold=14.65 12.950000000000001 11.364318137156067 13.897368025316764 13.593022859930125 11.08522138836333 12.533588597600813 -0.15427011392592829 -0.11535712691606388 15.023877298199141 14.722880896086263 11.950000000000001 14.777261849400398 14.344230009667747
decision_type=10 10 2 2 2 2 2 2 2 2 2 10 2 2
left_child=1 3 -3 -1 5 8 9 -8 -5 10 -2 12 13 -6
right_child=6 2 -4 4 11 -7 7 -9 -10 -11 -12 -13 -14 -15
leaf_value=-0.007323121414836614 -0.0041453527352618745 0.031509010605616214 0.00063225105841775752 -0.0096326745240774905 -0.0011369418776438478 0.0040144514383641146 0.010138608578502574 -0.00068163307999921793 0.0043000407732788548 -0.006671308463044201 0.00095841115904642517 0.012087272005008266 -0.0058320538447038479 0.0047761139119977146
leaf_weight=58 208 22 27 23 38 20 37 49 23 125 20 24 63 32
leaf_count=58 208 22 27 23 38 20 37 49 23 125 20 24 63 32
internal_value=8.18175e-05 0.000906344 0.00426 0.00030851 0.00116518 0.00376119 -0.000538637 0.00151724 0.000893616 -0.00104237 -0.000366813 5.69613e-05 -0.000514926 0.00084507
internal_weight=769 330 49 281 223 66 439 86 46 353 228 157 133 70
internal_count=769 330 49 281 223 66 439 86 46 353 228 157 133 70
is_linear=0
shrinkage=0.03


Tree=120
num_leaves=15
num_cat=0
split_feature=8 2 4 13 10 8 13 2 3 10 8 3 13 5
split_gain=0.392018 0.76907 1.36167 0.457725 0.58912 0.615341 0.506103 0.507165 0.471659 0.455965 0.434025 0.477185 0.42783 0.271585
threshold=8.7500000000000018 9.5129410555364498 0.54930614433405489 2.7046638279755322 0.25881904510252057 25.100000000000005 3.0173076496044242 7.5170110799556467 9.0859865040759136 0.38268343236508956 4.7500000000000009 10.677411995830598 3.5569021725796435 5.6540564351703724
decision_type=10 2 2 8 2 10 8 2 2 2 8 2 10 2
left_child=1 -1 -3 4 5 -2 -5 12 -9 13 -4 -12 -8 -10
right_child=3 2 10 6 -6 -7 7 8 9 -11 11 -13 -14 -15
leaf_value=-0.038931141190308015 0.018800926286621018 0.0085040612468595261 -0.0095652774382960857 -0.0062420590281036777 -0.003671113495435327 0.0019493311167304227 0.024814717163066137 -0.012601246251099742 -6.0077953885008546e-05 0.0051168529094889762 -0.00024643602776709992 0.00035874641849777128 -0.0024236955610765555 -0.004600410332569603
leaf_weight=31 23 26 24 111 45 20 20 159 126 79 34 21 22 41
leaf_count=31 23 26 24 111 45 20 20 159 126 79 34 21 22 41
internal_value=-0.000275863 0.00118248 0.00240566 -0.000584236 0.00141573 0.00388636 -0.000901611 -0.000448661 -0.000775863 4.85823e-05 0.000412499 0.001875 0.00265116 -0.000839286
internal_weight=782 136 105 646 88 43 558 447 405 246 79 55 42 167
internal_count=782 136 105 646 88 43 558 447 405 246 79 55 42 167
is_linear=0
shrinkage=0.03


Tree=121
num_leaves=15
num_cat=0
split_feature=7 0 8 8 3 12 13 7 2 3 0 7 0 3
split_gain=0.456172 0.77684 0.432688 0.789081 0.398485 0.38766 0.740799 0.401609 0.34195 0.340666 0.366742 0.404965 0.788899 0.322453
threshold=7.5500000000000007 14.230691963174676 14.450000000000001 12.950000000000001 10.094312283918837 1.0000000180025095e-35 2.9544034639620675 5.0500000000000007 1.0000000180025095e-35 12.533588597600813 14.896942678768225 6.4500000000000011 12.875642251787513 13.039029518713475
decision_type=2 2 10 8 2 10 10 2 2 2 2 2 2 2
left_child=2 -2 3 5 -5 -1 -7 -8 -4 10 11 -10 -13 -11
right_child=1 -3 8 4 -6 6 7 -9 9 13 -12 12 -14 -15
leaf_value=-0.0021823180351457712 -0.0022336095324451016 0.008048191195248253 0.0085274249727901874 0.00099833920628976001 0.015630629452827623 0.010230086425208637 -0.021225538511890865 0.00023895554218337025 -0.015316681890555945 0.011480332845440937 -0.017999969345559742 -0.032997371383886975 0.0022827180326409286 -0.00045360819068676009
leaf_weight=70 20 21 30 21 20 25 38 155 111 23 130 24 33 44
leaf_count=70 20 21 30 21 20 25 38 155 111 23 130 24 33 44
internal_value=-0.00025457 0.00278571 -0.000430346 0.000372727 0.00421429 -0.000186852 0.000438355 -0.000201032 -0.00109849 -0.00135246 -0.00178595 -0.000852072 0.00118965 0.000573529
internal_weight=765 41 724 329 41 288 218 193 395 365 298 168 57 67
internal_count=765 41 724 329 41 288 218 193 395 365 298 168 57 67
is_linear=0
shrinkage=0.03


Tree=122
num_leaves=15
num_cat=0
split_feature=8 13 12 8 0 9 1 2 8 2 2 9 2 7
split_gain=0.341722 0.408354 0.40689 0.555291 0.375984 0.459703 0.426678 0.35354 0.556318 0.282579 0.27354 0.470602 0.620898 0.753965
threshold=38.350000000000001 3.8891639584876008 1.5000000000000002 8.3000000000000025 14.449487272817015 -0.9629878403374984 13.177124222617669 9.8410498703530127 14.850000000000003 7.738664946280057 11.732151351909677 -0.5 13.066590298738898 5.8500000000000005
decision_type=8 8 10 10 2 2 2 2 10 2 2 2 2 2
left_child=1 2 4 -4 9 -6 -7 -5 -9 -1 -8 -12 13 -13
right_child=-2 -3 3 7 5 6 10 8 -10 -11 11 12 -14 -15
leaf_value=0.00072250813098301628 -0.010539304947859953 -0.0078121232011487849 -0.018329100631141838 -0.0007903514613791119 0.01723567948243504 0.0075689110124070374 -0.016562464680307393 0.01466444261641066 0.003034166285066529 -0.0031626472560836181 -0.015620068541766514 -0.026698780721347064 -0.00040251406541602191 0.019684239063581167
leaf_weight=35 76 166 27 22 23 20 70 21 46 143 25 21 43 25
leaf_count=35 76 166 27 22 23 20 70 21 46 143 25 21 43 25
internal_value=-0.00028665 -7.41286e-05 0.00033908 0.00189744 -0.000110838 0.000697368 0.000234146 0.00303333 0.00410294 -0.00113967 -0.000227028 0.00067826 0.0017 0.00408511
internal_weight=763 687 521 116 405 227 204 89 67 178 184 114 89 46
internal_count=763 687 521 116 405 227 204 89 67 178 184 114 89 46
is_linear=0
shrinkage=0.03


Tree=123
num_leaves=15
num_cat=0
split_feature=7 1 0 3 4 8 3 3 5 1 0 7 3 3
split_gain=0.576667 0.748378 2.3008 0.600934 0.565272 0.374586 0.365236 0.423156 0.542245 0.339215 0.307924 0.515682 0.286765 0.262533
threshold=5.1500000000000012 13.154072050558062 14.449487272817015 13.538442422109991 12.698931279552667 14.65 7.2301797797801095 10.677411995830598 1.0000000180025095e-35 14.754425286048152 12.347128233037898 6.7500000000000009 12.151386016694602 10.141444836219636
decision_type=2 2 2 2 2 10 2 2 2 2 2 2 2 2
left_child=-1 2 10 5 -5 6 -3 9 -9 -8 -2 13 -10 -12
right_child=1 3 -4 4 -6 -7 7 8 12 -11 11 -13 -14 -15
leaf_value=-0.0069740537988691115 -0.018633794564809028 0.035973710671256903 0.0068113544942273504 0.00081486593880708655 -0.0017250313638814 -0.0036924313496224611 -0.013100724479052981 0.004851377877924638 0.00027913157250559692 0.00092326572305646956 -0.0026600427186479741 0.0027918927568017669 -0.01731248914185549 0.0046459848264001624
leaf_weight=130 59 21 39 22 23 222 56 26 25 30 49 21 22 20
leaf_count=130 59 21 39 22 23 222 56 26 25 30 49 21 22 20
internal_value=-1.9583e-05 0.000353773 0.00193651 -0.000314733 0.00293478 -0.000684864 0.000331491 -0.000168751 0.0015 -0.00158621 0.000219999 0.00131868 -0.000437501 4.28564e-05
internal_weight=765 635 188 447 45 402 180 159 73 86 149 90 47 69
internal_count=765 635 188 447 45 402 180 159 73 86 149 90 47 69
is_linear=0
shrinkage=0.03


Tree=124
num_leaves=15
num_cat=0
split_feature=0 0 13 13 1 1 3 3 10 8 0 5 13 9
split_gain=0.438849 0.533073 0.448949 0.668028 0.315905 0.483406 1.09834 0.570177 0.670709 0.383112 0.32288 0.271983 0.444513 0.246904
threshold=9.5670545103286742 12.347128233037898 3.9132263560644254 3.778065330117284 15.449927355022185 13.555324574969749 7.9882021567484687 11.094983732226657 -0.62241982464324219 21.450000000000003 14.056190221390397 1.0000000180025095e-35 2.5563404911825818 -0.67494719543654291
decision_type=2 2 8 10 2 2 2 2 2 10 2 2 10 2
left_child=-1 -2 3 4 5 6 13 8 -8 -6 -10 12 -7 -3
right_child=1 2 -4 -5 9 11 7 -9 10 -11 -12 -13 -14 -15
leaf_value=0.0019376929732738434 -0.01627914299281789 0.001341225807362841 -0.013180978706029621 0.00073089408822278146 0.021103443521264767 0.017131871427580134 0.0026703802421213399 -0.0050307999115071335 0.015692229750101754 -0.0013312763066136918 0.0057386888844715113 -0.0029862816498486128 -0.00038879800233798553 -0.013325495718037653
leaf_weight=20 72 28 156 30 37 22 28 24 20 25 20 65 164 67
leaf_count=20 72 28 156 30 37 22 28 24 20 25 20 65 164 67
internal_value=7.70147e-06 -0.000110673 0.000148471 0.000564971 0.0002994 1.36667e-05 0.00116489 0.00348387 0.00486956 0.00228571 0.00731707 -0.000845239 -0.000256685 -0.00109375
internal_weight=778 758 686 530 500 438 187 92 68 62 40 251 186 95
internal_count=778 758 686 530 500 438 187 92 68 62 40 251 186 95
is_linear=0
shrinkage=0.03


Tree=125
num_leaves=15
num_cat=0
split_feature=1 1 8 8 0 0 10 0 13 0 1 1 13 2
split_gain=0.390117 1.85272 1.11289 0.44701 0.316785 0.352509 0.443665 0.339278 0.354215 0.269911 0.319346 0.796255 0.303863 0.407968
threshold=12.675288307114183 13.137315168022965 14.050000000000002 53.500000000000007 15.851161579887231 15.939706875668529 0.074102141141256975 16.327743301182625 3.3916870091212465 15.518871597745168 14.637936286036775 14.998602754694193 3.1517080845114083 11.518526451329047
decision_type=2 2 10 8 2 2 2 2 10 2 2 2 8 2
left_child=-1 2 -2 4 9 -6 7 -7 -9 10 12 -12 -3 -14
right_child=1 3 -4 -5 5 6 -8 8 -10 -11 11 -13 13 -15
leaf_value=-0.0050855148409578955 0.0051424217376341988 -0.0020714738184230406 0.00061987395135358592 0.00063893798135321745 0.011171115983812529 -0.00097388484027577209 -0.0075073937812036784 0.0045662951367664018 0.012263570677555362 -0.0098360595988117531 0.0082854386602714634 -0.00061735647813825295 -0.013510350410633375 0.0066051378783505239
leaf_weight=200 21 83 35 21 20 31 57 32 24 51 37 46 57 50
leaf_count=200 21 83 35 21 20 31 57 32 24 51 37 46 57 50
internal_value=-5.87475e-05 0.000344522 0.00547368 -0.000229412 -0.000417179 0.000654545 0.000124137 0.00146591 0.0028421 -0.000960001 -0.000580293 0.000964285 -0.00125655 -0.000194445
internal_weight=765 565 56 509 488 164 144 87 56 324 273 83 190 107
internal_count=765 565 56 509 488 164 144 87 56 324 273 83 190 107
is_linear=0
shrinkage=0.03


Tree=126
num_leaves=15
num_cat=0
split_feature=7 0 1 1 9 13 7 1 8 8 1 8 8 1
split_gain=0.495931 0.455671 1.09576 0.815247 0.462205 0.656401 0.442648 0.665625 0.44056 0.476911 0.450968 0.439821 0.323385 0.314965
threshold=5.3500000000000005 12.347128233037898 13.076813198341064 12.634404307685591 0.62577451934763018 3.2891799922809661 7.2500000000000009 15.10423437151004 13.15 11.750000000000002 14.998602754694193 7.2500000000000009 34.900000000000006 14.900169752913497
decision_type=2 2 2 2 2 10 2 2 10 10 2 10 10 2
left_child=-1 -2 3 4 5 -3 8 -8 9 10 11 -4 -10 -14
right_child=1 2 6 -5 -6 -7 7 -9 12 -11 -12 -13 13 -15
leaf_value=-0.0066514942596903465 -0.022828120347985825 -0.0087538593052325243 0.0057676930674415601 0.0048959566488004621 -0.0054929118573073549 0.0038871331067290029 -0.00037332336517097685 0.032254247674481366 -0.004540014399662686 0.018618666739510216 -0.0038809332062594271 -0.00088060973955843128 0.002223243264953924 -0.016308639336295335
leaf_weight=188 63 22 34 35 25 20 20 27 164 28 45 39 31 25
leaf_count=188 63 22 34 35 25 20 20 27 164 28 45 39 31 25
internal_value=-6.25822e-05 0.000373056 0.000668604 0.00343689 0.00145588 0.00334884 -2.17398e-05 0.0026875 -0.000376023 0.000897958 5.04195e-05 0.0015 -0.00122172 0.000736841
internal_weight=766 578 515 102 67 42 413 47 366 146 118 73 220 56
internal_count=766 578 515 102 67 42 413 47 366 146 118 73 220 56
is_linear=0
shrinkage=0.03


Tree=127
num_leaves=15
num_cat=0
split_feature=3 7 5 4 7 8 2 8 3 2 4 3 10 2
split_gain=0.49384 0.450136 0.491499 0.498022 1.01556 0.449046 0.363636 0.727934 0.654301 1.10282 0.731215 0.415831 0.283631 0.442747
threshold=13.538442422109991 5.3500000000000005 7.4850506990208254 10.67707452979373 6.6500000000000012 28.050000000000004 11.06362216610218 25.250000000000004 1.0000000180025095e-35 9.8666612667674283 5.4669997142501545 9.4145383805403764 -0.9141673389828272 12.815878007750067
decision_type=2 2 2 2 2 10 2 10 2 2 2 2 2 2
left_child=1 -1 3 6 -5 -2 7 8 -3 -10 -11 -12 -8 -14
right_child=5 2 -4 4 -6 -7 12 -9 9 10 11 -13 13 -15
leaf_value=-0.0076299924860109211 0.0029552305058264216 0.044818443337866429 -0.0029608110499709547 0.022756655395189635 -0.0024181552596328456 -0.0025694151670731251 0.00094740223444849357 -0.037345992278988827 -0.0092513804930856192 0.0048412703860411539 -0.0089027064258603295 0.0042881291040159936 -0.003048858079642208 0.00010500735764087462
leaf_weight=189 25 21 69 22 21 24 40 34 49 21 22 20 150 74
leaf_count=189 25 21 69 22 21 24 40 34 49 21 22 20 150 74
internal_value=-0.000425832 -0.000622102 -0.000181986 0.00016421 0.00320454 0.00246 -0.000145834 0.000946428 0.00194776 0.00100885 0.00360937 0.00125581 -0.000837737 -0.00125333
internal_weight=781 732 543 474 43 49 431 167 133 112 63 42 264 224
internal_count=781 732 543 474 43 49 431 167 133 112 63 42 264 224
is_linear=0
shrinkage=0.03


Tree=128
num_leaves=15
num_cat=0
split_feature=0 1 1 13 0 1 8 1 1 8 13 13 8 1
split_gain=0.626706 0.880195 1.65452 0.544565 0.499924 0.463838 0.315194 0.291317 0.291484 0.272108 0.535171 0.708534 0.338055 0.67597
threshold=14.477298238986755 13.252721673455397 12.785039405650375 3.616104401834237 14.67681377493034 12.058197428092933 22.420000000000005 16.275252067795659 15.944933076232223 9.943500000000002 2.5122293040797166 3.2837557712968031 31.900000000000002 14.85635085292243
decision_type=2 2 2 10 2 2 10 2 2 10 10 10 8 2
left_child=3 2 -2 -1 -3 -5 -7 8 9 10 -6 -12 -11 -14
right_child=1 4 -4 5 7 6 -8 -9 -10 12 11 -13 13 -15
leaf_value=-0.0026594197859459569 -0.0035508134719458586 0.024443487821324921 0.0086641359811276599 -0.020247023445152872 -0.016885366714198019 0.0029276266247648783 -0.0086063006312990797 -0.016360345322284416 0.0096184886651824331 -0.0019404522522927573 0.010665484527723427 -0.0010050858997883033 0.0058344951289986853 -0.0017616397401236687
leaf_weight=238 27 25 22 44 20 32 22 33 24 171 20 37 21 26
leaf_count=238 27 25 22 44 20 32 22 33 24 171 20 37 21 26
internal_value=-0.000243775 0.000519906 0.00426 -0.00121068 2.38088e-05 0.000666666 0.00250909 -0.000271955 9.37429e-06 -0.000253379 0.00126923 0.00274138 -0.000794521 0.0014375
internal_weight=762 426 49 336 377 98 54 352 319 295 77 57 218 47
internal_count=762 426 49 336 377 98 54 352 319 295 77 57 218 47
is_linear=0
shrinkage=0.03


Tree=129
num_leaves=15
num_cat=0
split_feature=5 7 7 1 1 0 3 9 10 2 0 8 8 8
split_gain=0.52959 0.770863 0.421754 0.510777 1.24085 1.21651 0.564029 0.381966 0.298735 0.45464 0.285604 0.298828 0.286071 0.630225
threshold=10.073769324186348 6.7500000000000009 4.8500000000000005 13.137315168022965 12.59263845812521 14.477298238986755 4.0196593338949675 -0.25881904510252113 0.75023006073889131 7.2056963496132722 16.796863756150177 34.900000000000006 7.0500000000000007 4.8500000000000005
decision_type=2 2 2 2 2 2 2 2 2 2 2 10 10 10
left_child=2 -2 -1 4 8 -6 7 -5 9 -4 11 12 13 -8
right_child=1 -3 3 6 5 -7 10 -9 -10 -11 -12 -13 -14 -15
leaf_value=-0.012775392011564662 -0.0055650635539514033 0.0061116812326759669 0.0025624057028672104 0.018236175666918718 0.00052540324217855013 0.01154734624954849 -0.014235168853156109 -0.0075845778145340282 0.0055214243841024916 -0.0088775240048902578 0.011617687180539956 0.0008919992615665129 -0.0018023071846936843 0.0064016518854643732
leaf_weight=72 20 25 28 21 35 22 26 22 35 94 32 56 275 27
leaf_count=72 20 25 28 21 35 22 26 22 35 94 32 56 275 27
internal_value=-0.000189634 0.00293478 -0.000382038 -0.000146885 0.00106046 0.00481034 -0.00071087 0.00252273 -0.000322786 -0.00102439 -0.00105036 -0.00127792 -0.0016231 0.000388888
internal_weight=790 45 745 673 214 57 459 43 157 122 416 384 328 53
internal_count=790 45 745 673 214 57 459 43 157 122 416 384 328 53
is_linear=0
shrinkage=0.03


Tree=130
num_leaves=15
num_cat=0
split_feature=0 0 10 10 7 3 0 8 0 7 3 4 3 2
split_gain=0.809407 0.35187 0.367613 0.510272 0.401078 1.09299 0.347105 0.271297 1.35246 0.217878 0.564394 0.17971 0.265404 0.172653
threshold=9.5670545103286742 12.766868107645456 0.41248606129204551 0.96965254237475851 6.5500000000000007 10.751432343955155 16.140873461356744 23.350000000000005 14.449487272817015 4.9500000000000011 1.0000000180025095e-35 3.2672576590843554 5.3301948721224219 12.873474209352844
decision_type=2 2 2 2 2 2 2 10 2 2 2 2 2 2
left_child=-1 -2 4 11 7 -6 -7 9 -9 -3 -11 12 -4 -12
right_child=1 2 3 -5 5 6 -8 8 -10 10 13 -13 -14 -15
leaf_value=0.0020315174147325127 -0.01019422719896923 -0.015831020859502963 -0.0086834615369894026 0.016614140883272895 0.021087947412699995 -0.0012180155705005678 0.0014471661062876397 -0.019822997215040578 0.020236760871635142 0.016154182127352399 -0.00021892596840051104 -0.002006663819526387 0.0027128209139503706 -0.012110309293741113
leaf_weight=21 88 35 46 26 36 49 20 43 34 20 168 120 46 31
leaf_count=21 88 35 46 26 36 49 20 43 34 20 168 120 46 31
internal_value=-0.000355868 -0.000519005 -0.000284445 -0.00123013 0.000233409 0.00183962 -0.000385715 -0.000280121 0.00126923 -0.000752942 -0.000395455 -0.00171831 -0.000709678 -0.000885001
internal_weight=783 762 674 238 436 105 69 331 77 254 219 212 92 199
internal_count=783 762 674 238 436 105 69 331 77 254 219 212 92 199
is_linear=0
shrinkage=0.03


Tree=131
num_leaves=15
num_cat=0
split_feature=13 7 7 8 0 0 0 13 13 8 2 8 8 5
split_gain=0.466637 0.266299 0.723305 1.09048 0.386834 0.557153 0.37045 0.336303 0.589234 0.303408 0.316368 0.472521 0.956219 0.381068
threshold=4.5645479846104093 5.3500000000000005 5.5500000000000007 13.950000000000001 14.609368405666592 15.009232588052667 15.313801470356928 3.2277691964073436 3.37528983221975 37.150000000000006 12.126071142632371 11.950000000000001 18.850000000000005 1.0000000180025095e-35
decision_type=8 2 2 10 2 2 2 10 10 10 2 10 10 2
left_child=1 -1 3 -3 7 -6 -7 -4 -9 10 13 -12 -13 -8
right_child=-2 2 4 -5 5 6 9 8 -10 -11 11 12 -14 -15
leaf_value=-0.0043655338421637272 -0.026305704940295764 0.0037924816345596361 -0.0020783900163317691 -0.011348034751668129 0.0085896187071954899 -0.016499316695174134 7.7487824609123143e-05 0.012717830676866786 -0.0086510426333370836 -0.0095238371140637604 -0.0022942145146926446 0.01643056377653284 0.00046518137355420802 -0.0096130437594091813
leaf_weight=177 64 24 109 27 40 51 40 26 75 20 28 23 28 31
leaf_count=177 64 24 109 27 40 51 40 26 75 20 28 23 28 31
internal_value=-0.000522252 -0.000295715 4.58884e-05 0.00340385 -0.000324153 0.000446564 -0.000148649 -0.00127962 -2.94125e-05 0.000526315 0.000993377 0.0022875 0.00398077 -0.000458334
internal_weight=763 699 522 51 471 261 221 210 101 170 150 79 51 71
internal_count=763 699 522 51 471 261 221 210 101 170 150 79 51 71
is_linear=0
shrinkage=0.03


Tree=132
num_leaves=15
num_cat=0
split_feature=0 8 3 1 8 0 7 7 3 8 0 0 3 3
split_gain=0.837479 0.333918 0.579695 1.23764 0.573417 0.756971 0.359845 0.222865 0.397998 0.231445 0.26166 0.323395 0.233598 0.219226
threshold=9.5670545103286742 16.550000000000004 10.16906799463011 13.578962822258948 11.950000000000001 15.957393077758846 6.4500000000000011 6.9500000000000011 10.751432343955155 22.050000000000004 14.449487272817015 15.518871597745168 11.863652546789583 13.418952489256737
decision_type=2 10 2 2 10 2 2 2 2 10 2 2 2 2
left_child=-1 2 6 -4 -5 -6 -2 9 -9 -3 -11 12 -12 -10
right_child=1 7 3 4 5 -7 -8 8 13 10 11 -13 -14 -15
leaf_value=0.0021015378748375688 -0.0032381277169518494 -0.0067212369176397266 0.0004924300077646371 -0.0005533451485735583 -0.0010196428028859624 0.017578510815349193 0.013339783625137219 0.011981536836939068 -0.0035326184369449975 -0.011029827991149092 0.017586898318714135 -0.0049074822779152077 -0.00030647917449793527 0.0021017136886795594
leaf_weight=21 227 85 21 74 32 20 28 23 45 121 27 34 24 20
leaf_count=21 227 85 21 74 32 20 28 23 45 121 27 34 24 20
internal_value=-0.000455791 -0.000617648 -1.48891e-05 0.00147973 0.000330708 0.00271698 -0.000878907 -0.00125526 6.7415e-05 -0.00165411 -0.00110145 0.000174418 0.00167308 -0.00113636
internal_weight=802 781 402 147 126 52 255 379 88 291 206 85 51 65
internal_count=802 781 402 147 126 52 255 379 88 291 206 85 51 65
is_linear=0
shrinkage=0.03


Tree=133
num_leaves=15
num_cat=0
split_feature=0 7 3 13 9 13 3 7 1 0 4 6 13 4
split_gain=0.762628 0.335835 0.443357 0.806547 0.33966 0.452311 0.540077 0.414471 0.327693 0.656609 0.794317 0.366328 0.495419 0.294677
threshold=9.8019906859244177 5.3500000000000005 3.700615632206508 3.793269586835287 0.71170436230560108 2.6224930702738773 10.705130003249758 6.6500000000000012 13.747592277435531 13.221258216867211 8.6982552639351081 6.1237248429919662 4.309189973592054 5.5402783383311487
decision_type=2 2 2 10 2 8 2 2 2 2 2 2 10 2
left_child=-1 -2 3 -3 8 -6 -7 -8 9 -4 13 12 -10 -11
right_child=1 2 4 -5 5 6 7 -9 11 10 -12 -13 -14 -15
leaf_value=0.002038491738592438 -0.0045007964993925556 0.032329054896647377 -0.024832400474069746 -0.022092156770270373 -0.0074822923222256348 -0.00027374052119856615 0.017021606306729838 0.0017343613354842756 -0.0042367242737038702 0.00035201088472451591 0.0025604268958237791 0.0056430952506307305 0.0030431871138841445 -0.0019502162237276398
leaf_weight=21 192 25 47 21 21 55 28 28 211 41 20 22 30 28
leaf_count=21 192 25 47 21 21 55 28 28 211 41 20 22 30 28
internal_value=-0.000189634 -0.000346754 1.55702e-05 0.00280851 -0.000231204 0.00108271 0.00184821 0.00389474 -0.000667501 0.000525547 0.00203333 -0.00128409 -0.00162397 0.000471428
internal_weight=790 769 577 46 531 132 111 56 399 136 89 263 241 69
internal_count=790 769 577 46 531 132 111 56 399 136 89 263 241 69
is_linear=0
shrinkage=0.03


Tree=134
num_leaves=15
num_cat=0
split_feature=2 8 8 0 0 13 13 2 2 4 8 13 8 8
split_gain=0.664942 0.480478 0.977417 0.995852 0.667692 0.497535 0.838227 0.231746 0.211045 0.238201 0.185221 0.158088 0.121813 0.162822
threshold=14.870255123913966 14.050000000000002 12.950000000000001 14.413020877429942 15.939706875668529 3.0508391527108922 3.745246580984563 7.2056963496132722 13.944435999841732 9.3964046358964648 9.2500000000000018 2.9151314714814558 16.950000000000003 18.750000000000004
decision_type=2 10 8 2 2 8 10 2 2 2 10 10 10 10
left_child=1 2 3 -1 5 -5 10 -3 12 -10 -7 -6 -9 -14
right_child=-2 7 -4 4 11 6 -8 8 9 -11 -12 -13 13 -15
leaf_value=-0.0029607301877324277 0.00057228642146353972 0.0067026483221666166 0.0073618945948042578 0.0083940372698696839 -0.0028436983612158129 -0.010628725396097967 0.003668760417242544 -0.0048675790983920475 0.0041370355985614208 -0.0016908866428737633 0.00072898902377315714 -0.015756393865308096 -0.00049341420187571478 -0.0042942530542346702
leaf_weight=101 36 37 38 36 29 29 35 57 20 22 25 33 34 252
leaf_count=101 36 37 38 36 29 29 35 57 20 22 25 33 34 252
internal_value=-0.000359236 -0.000552738 0.000311926 -0.000290658 0.00100532 0.0022619 0.00103333 -0.00121986 -0.00143782 0.000558139 -0.00130909 -0.00152381 -0.00168314 -0.0014216
internal_weight=784 748 326 288 187 125 89 422 385 42 54 62 343 286
internal_count=784 748 326 288 187 125 89 422 385 42 54 62 343 286
is_linear=0
shrinkage=0.03


Tree=135
num_leaves=15
num_cat=0
split_feature=2 8 7 9 13 13 8 2 2 2 8 8 8 8
split_gain=0.658719 0.43932 0.583053 0.372027 0.357634 1.71028 0.355063 0.318109 0.241808 0.299708 0.31114 0.269333 0.724685 0.253738
threshold=15.177045225538324 38.350000000000001 7.1500000000000012 0.98886523145552097 3.616104401834237 3.897711265566699 20.250000000000004 10.758670884155155 1.0000000180025095e-35 10.044975896648321 34.900000000000006 14.15 12.550000000000002 6.9500000000000011
decision_type=2 10 2 2 10 10 10 2 2 2 10 10 10 10
left_child=1 2 3 4 8 7 -4 -6 -1 -10 11 12 13 -11
right_child=-2 -3 6 -5 5 -7 -8 -9 9 10 -12 -13 -14 -15
leaf_value=0.0040068977567748448 0.0016574792940560192 -0.01270162640622478 0.0029177161890285058 0.0079526392590432357 0.00077011978284433394 -0.012941543800431519 -0.00044474720243472507 0.0071270320078348189 -0.014874266985549896 0.0007663936210853009 0.0015845834739914471 -0.0038919240029875925 0.013895179595648588 -0.0042074153930969881
leaf_weight=25 23 76 30 24 24 111 35 34 75 39 21 167 23 73
leaf_count=25 23 76 30 24 24 111 35 34 75 39 21 167 23 73
internal_value=-0.000268887 -0.000423484 -0.000180353 -0.000466775 -0.000617201 0.000547058 0.0025 0.00467797 -0.00108255 -0.00126316 -0.000861112 -0.00110891 -0.000110295 -0.00111504
internal_weight=780 757 681 616 592 169 65 58 423 398 323 302 135 112
internal_count=780 757 681 616 592 169 65 58 423 398 323 302 135 112
is_linear=0
shrinkage=0.03


Tree=136
num_leaves=15
num_cat=0
split_feature=8 3 2 10 2 1 0 8 4 8 10 0 2 2
split_gain=0.396164 0.468744 0.428048 1.71111 0.584605 0.673293 0.81898 0.647499 0.454668 0.495896 0.376837 0.279278 0.295069 0.460474
threshold=39.20000000000001 14.091761313902497 7.2056963496132722 -0.51128821893537901 9.4106893536301772 13.137315168022965 14.477298238986755 34.050000000000004 5.8748113740367325 9.4500000000000011 0.70244862051411394 15.165964624442799 12.553593453303575 13.78942270295815
decision_type=10 2 2 2 2 2 2 8 2 10 2 2 2 2
left_child=1 2 3 -1 -4 6 10 8 9 -7 -6 -10 -13 -14
right_child=-2 -3 4 -5 5 7 -8 -9 11 -11 -12 12 13 -15
leaf_value=0.0070634179817419375 -0.01058701463227822 0.00013004305868537317 -0.0085444411290140874 -0.016248214526900884 -0.0019540626478732077 0.0069652238036052106 0.0044391101297121503 0.0038965089057529587 -0.0061609709910192866 -0.0013865112941137524 0.0079029469849298487 -0.0039760663031122006 0.018734507581034402 -0.0079793431819598828
leaf_weight=27 76 25 66 35 68 31 38 32 99 122 22 70 27 28
leaf_count=27 76 25 66 35 68 31 38 32 99 122 22 70 27 28
internal_value=-0.000140809 8.683e-05 -6.75683e-05 0.00228571 -0.000312915 1.67279e-05 0.00190698 -0.000578049 -0.000928572 0.000331168 0.00032967 -0.00178667 -0.000833334 0.000803571
internal_weight=766 690 665 62 603 537 128 409 377 153 90 224 125 55
internal_count=766 690 665 62 603 537 128 409 377 153 90 224 125 55
is_linear=0
shrinkage=0.03


Tree=137
num_leaves=15
num_cat=0
split_feature=7 8 8 1 3 3 5 4 13 8 8 2 2 13
split_gain=0.512615 0.482283 1.02316 0.527252 0.387231 0.382641 0.36297 0.822245 0.391377 0.360541 0.69072 0.362095 0.517432 0.443731
threshold=6.5500000000000007 20.250000000000004 13.250000000000002 14.65583779845973 10.825619736327232 13.738557155961646 6.1866260054034683 10.411195917600601 4.3711168165112104 14.450000000000001 12.950000000000001 11.172134920831553 12.276427878909496 3.8539569225446724
decision_type=2 10 8 2 2 2 2 2 8 10 10 2 2 10
left_child=6 2 -2 -4 -3 -6 7 8 9 10 11 13 -13 -1
right_child=1 4 3 -5 5 -7 -8 -9 -10 -11 -12 12 -14 -15
leaf_value=-0.0012643979695280108 -8.8218982905119317e-05 0.0014648055197654961 0.0023658968938468335 0.010735924688747775 -0.005210942104498348 0.00022945951851458023 -0.0092183037207895346 0.022006266437787435 -0.024813611007480203 -0.0026763290627124345 0.0021033572631073997 0.0074125824077837382 -0.0030930696032266296 0.0020290317291125574
leaf_weight=80 52 39 21 21 62 24 53 21 56 224 25 46 26 21
leaf_count=80 52 39 21 21 62 24 53 21 56 224 25 46 26 21
internal_value=-0.000120467 0.00110454 0.00271579 0.00613953 -0.000119048 -0.00124138 -0.000607596 -0.000354001 -0.000613779 -0.000297873 0.000633165 -5.17248e-05 0.00156164 -0.00120588
internal_weight=771 219 94 42 125 86 552 499 478 422 198 173 72 101
internal_count=771 219 94 42 125 86 552 499 478 422 198 173 72 101
is_linear=0
shrinkage=0.03


Tree=138
num_leaves=15
num_cat=0
split_feature=7 0 10 10 3 8 3 8 0 10 3 4 3 8
split_gain=0.46083 0.309318 0.353761 0.35151 0.588886 0.747138 0.556416 0.582466 0.436104 0.642957 0.399981 0.390299 0.446966 0.360046
threshold=4.9500000000000011 12.347128233037898 -0.99023036236786355 0.017449748351250231 12.347352502657541 18.350000000000005 4.0196593338949675 39.050000000000004 15.815056001003537 -0.47114434510950037 13.215188447173068 8.2348271054993472 10.204576942698482 16.550000000000004
decision_type=2 2 2 2 2 10 2 10 2 2 2 2 2 10
left_child=-1 -2 -3 6 11 -6 13 8 -8 -10 -7 12 -5 -4
right_child=1 2 3 4 5 10 7 -9 9 -11 -12 -13 -14 -15
leaf_value=-0.010220726506857217 -0.013296599377759934 -0.018478301419953533 0.015312090768048668 -0.0011451981180090032 0.01579743513433671 0.0018602418484698589 -0.00049712369160289478 0.015282732250455733 0.0026558197828023345 0.013757464112396997 -0.0048516436968044016 -0.00062198040254992076 0.0017194199381200578 0.0043359852586091364
leaf_weight=85 74 29 20 114 21 20 167 21 62 22 22 67 37 20
leaf_count=85 74 29 20 114 21 20 167 21 62 22 22 67 37 20
internal_value=-0.000195653 6.02575e-05 0.000279293 0.000439393 -0.000329788 0.00220312 0.00113099 0.000637362 0.00022619 0.00197647 -0.000139536 -0.00106849 -0.000217106 0.00439024
internal_weight=781 696 622 593 281 63 312 272 251 84 42 218 151 40
internal_count=781 696 622 593 281 63 312 272 251 84 42 218 151 40
is_linear=0
shrinkage=0.03


Tree=139
num_leaves=15
num_cat=0
split_feature=7 1 2 1 2 1 13 8 12 13 8 9 4 9
split_gain=0.403761 0.687417 0.342249 0.597027 0.438403 0.495069 0.268175 0.269026 0.227271 0.461128 0.567022 0.450076 0.391565 0.688496
threshold=7.5500000000000007 14.334655952313058 7.2056963496132722 11.961307360333359 9.4106893536301772 11.629158682860179 3.8891639584876008 8.5050000000000008 1.0000000180025095e-35 2.9595010195883922 17.750000000000004 -0.70710678118654735 6.3764521026006751 0.31062854169311122
decision_type=2 2 2 2 2 2 8 10 10 10 10 2 2 2
left_child=2 -2 3 -1 -4 -6 8 -8 11 10 -10 -7 13 -11
right_child=1 -3 4 -5 5 6 7 -9 9 12 -12 -13 -14 -15
leaf_value=-0.00034580215111414977 -0.00025354304765873813 0.0044727224146777168 -0.010188937275578057 0.0066338973257574355 0.013781219963575829 0.00023922825703557646 0.0042280469095487046 -0.00477363286398851 0.0065715045101971837 -0.0014737986668137547 0.0013171467530245756 -0.003907266105141056 -0.0028654025504190176 0.0088963725548386243
leaf_weight=46 21 23 70 20 21 21 20 125 22 88 30 106 126 57
leaf_count=46 21 23 70 20 21 21 20 125 22 88 30 106 126 57
internal_value=-0.000361356 0.0024 -0.000525897 0.00152239 -0.000724892 -0.000466775 -0.000629195 -0.00174658 -0.000266076 0.000157407 0.00271698 -0.00133594 -0.000341912 0.000719177
internal_weight=796 44 752 66 686 616 595 145 450 323 52 127 271 145
internal_count=796 44 752 66 686 616 595 145 450 323 52 127 271 145
is_linear=0
shrinkage=0.03


Tree=140
num_leaves=15
num_cat=0
split_feature=0 8 7 4 13 9 9 8 8 7 2 2 1 1
split_gain=0.571581 0.377031 0.369992 0.842229 0.359184 0.327681 0.502634 0.31119 0.260061 0.509184 0.231356 0.327333 0.351118 0.690083
threshold=9.5670545103286742 24.850000000000005 6.0100000000000007 4.6548439227384408 2.5688187898933337 -0.67494719543654291 -0.79335334029123528 9.0500000000000025 18.550000000000004 6.8500000000000005 7.0878068469659921 10.044975896648321 13.252721673455397 12.785039405650375
decision_type=2 10 2 2 8 2 2 10 10 2 2 2 2 2
left_child=-1 2 10 -4 -5 6 -3 -6 9 -9 -2 -12 13 -13
right_child=1 5 3 4 7 -7 -8 8 -10 -11 11 12 -14 -15
leaf_value=0.0027344018752505856 0.00062386283009492963 -0.0061058345712869857 0.011824364194953828 0.012532230596234682 -0.004422253293979086 -0.0098165100642547531 0.0058957594719172956 -0.00056678093381549771 -0.0072451128900456628 0.0059085080276179104 -0.01030455741941615 -0.0014142087630071554 -0.0006058227980804522 0.0033121751249938357
leaf_weight=20 25 34 39 24 42 165 22 54 35 29 72 24 157 20
leaf_count=20 25 34 39 24 42 165 22 54 35 29 72 24 157 20
internal_value=-0.000597642 -0.000734859 -0.000293104 0.000629464 -0.000227028 -0.00177027 0.000210526 -0.000745342 5.04195e-05 0.000964285 -0.000983278 -0.00123723 -0.000608912 0.00173333
internal_weight=762 742 521 223 184 221 56 160 118 83 298 273 201 44
internal_count=762 742 521 223 184 221 56 160 118 83 298 273 201 44
is_linear=0
shrinkage=0.03


Tree=141
num_leaves=15
num_cat=0
split_feature=0 8 9 0 0 8 10 5 8 2 1 0 10 1
split_gain=0.45674 0.524549 0.556169 0.519783 0.4213 0.298761 0.424385 0.412903 0.391359 0.383494 0.382005 0.338629 0.311097 0.275149
threshold=14.413020877429942 24.250000000000004 -0.52048723568399791 15.518871597745168 9.8019906859244177 13.050000000000002 -0.76037701167087501 2.7244451125137057 10.950000000000001 14.100145837923092 13.708331943677573 15.569003438611555 0.25881904510252057 14.243552407174795
decision_type=2 10 2 2 2 10 2 2 10 2 2 2 2 2
left_child=4 5 -3 13 -1 6 11 8 12 10 -7 -2 -8 -4
right_child=1 2 3 -5 -6 9 7 -9 -10 -11 -12 -13 -14 -15
leaf_value=0.002652369818993066 -0.0031026397956232686 0.013681941250349142 -0.00077126362371475791 -0.0099272451038085394 -0.0022133389447362805 6.1281011988199074e-05 -0.00064103164309278076 -0.0030007928494773543 0.016506247193168202 0.008919775119775198 -0.005983363092143556 0.006587199965514344 0.0033276265170468435 0.0064583503395531251
leaf_weight=20 20 32 20 35 291 31 40 40 20 23 94 25 48 27
leaf_count=20 20 32 20 35 291 31 40 40 20 23 94 25 48 27
internal_value=-0.00037549 0.000230262 0.00198261 0.000650602 -0.00125962 -0.00035965 0.000417525 -0.000362417 0.000605504 -0.00136913 -0.00202381 0.00293478 -0.000269664 0.0026875
internal_weight=766 455 114 82 311 341 193 148 108 148 125 45 88 47
internal_count=766 455 114 82 311 341 193 148 108 148 125 45 88 47
is_linear=0
shrinkage=0.03


Tree=142
num_leaves=15
num_cat=0
split_feature=10 10 2 7 3 13 2 1 0 13 10 7 7 8
split_gain=0.261657 0.274749 0.35802 0.395767 0.470396 0.657546 0.414057 0.874048 0.393409 0.466222 0.388732 0.337749 0.209059 0.160032
threshold=0.96965254237475851 0.41248606129204551 7.2056963496132722 6.1500000000000012 9.7474993486452615 3.37528983221975 11.870043351158801 13.683052778955789 15.509268706681548 3.0790922744843354 0.24188504972319264 5.5500000000000007 4.9500000000000011 34.900000000000006
decision_type=2 2 2 2 2 8 2 2 2 10 2 2 2 8
left_child=1 2 12 6 5 -5 10 -8 -6 -10 -4 -9 -1 -3
right_child=-2 13 3 4 8 -7 7 11 9 -11 -12 -13 -14 -15
leaf_value=0.00048418979469662724 0.015852028298005038 -0.0033593112867781141 -0.0096941534457995939 0.026313755842132271 -0.00027652495263987687 -0.018903376268482167 0.014322882410005832 0.00017202124817157274 0.020236949416334162 -0.00058315958175349898 7.6447395384159869e-05 -0.0037397345424276408 0.002622762193062198 -0.0050860875227818521
leaf_weight=20 30 179 142 21 95 24 21 29 23 39 20 49 20 41
leaf_count=20 30 179 142 21 95 24 21 29 23 39 20 49 20 41
internal_value=-0.000767905 -0.000882597 -0.000494048 -0.000730604 0.000266009 0.00293478 -0.0015 2.99993e-05 -0.000512659 0.00133333 -0.00242945 -0.00144304 0.00219512 -0.00176471
internal_weight=753 723 503 463 202 45 261 99 157 62 162 78 40 220
internal_count=753 723 503 463 202 45 261 99 157 62 162 78 40 220
is_linear=0
shrinkage=0.03


Tree=143
num_leaves=15
num_cat=0
split_feature=10 0 1 3 3 10 1 3 8 5 3 2 3 8
split_gain=0.30012 0.27811 0.275354 0.610709 0.675326 0.762687 0.419904 0.266254 0.512657 0.478321 0.822289 0.44776 0.353611 0.370271
threshold=-0.99023036236786355 12.347128233037898 13.154072050558062 8.4730319460816848 11.297381487818138 1.0000000180025095e-35 12.785039405650375 12.23257817002929 14.65 5.7062624254307925 12.94274609994301 14.523905437771555 5.6758969040294156 12.950000000000001
decision_type=2 2 2 2 2 2 2 2 10 2 2 2 2 10
left_child=-1 -2 3 6 5 -5 -3 8 12 10 -9 -12 -4 -14
right_child=1 2 7 4 -6 -7 -8 9 -10 -11 11 -13 13 -15
leaf_value=-0.020694638055997257 -0.0070562357664395569 -0.0037341128183512296 0.014238068568199959 0.0034448910419848109 -0.00034614112943785952 0.011598568255455102 0.0023463970154663861 0.01489441407409943 -0.0034343875763093146 -0.001482226798696942 -0.003167502364449533 0.00026690813054768833 -0.0003852627270203288 0.01444071812573317
leaf_weight=35 77 88 27 27 20 25 24 39 181 45 28 20 116 31
leaf_count=35 77 88 27 27 20 25 24 39 181 45 28 20 116 31
internal_value=-0.000241072 -0.00011215 8.48207e-05 0.00107027 0.00320548 0.00498113 -0.000318585 -0.000288935 -0.000716293 0.000857142 0.00214773 -0.000489797 0.000445714 -0.000141893
internal_weight=783 748 671 184 72 52 112 487 355 132 87 48 174 147
internal_count=783 748 671 184 72 52 112 487 355 132 87 48 174 147
is_linear=0
shrinkage=0.03


Tree=144
num_leaves=15
num_cat=0
split_feature=7 8 8 0 3 3 10 11 0 1 2 10 9 0
split_gain=0.373536 0.485802 0.965159 1.22634 0.605769 0.424172 0.452354 0.306259 0.478062 0.227423 0.414661 0.259828 0.280095 0.247985
threshold=4.9500000000000011 14.65 12.950000000000001 14.698368788521629 2.1383330595080281 13.538442422109991 0.074102141141256975 1.0000000180025095e-35 15.569003438611555 14.25664067995997 12.418738284306258 0.75023006073889131 -0.9629878403374984 14.316560600970554
decision_type=2 10 8 2 2 2 2 2 2 2 2 2 2 2
left_child=-1 2 4 -4 -2 9 -7 -6 -9 10 11 12 -3 -12
right_child=1 5 3 -5 7 6 -8 8 -10 -11 13 -13 -14 -15
leaf_value=-0.0088112741970490707 0.011425872230417029 3.9677183714523208e-05 0.0077737531489244756 -0.0019908760136390416 -0.00061553767293539782 0.00016505414377170671 -0.0031983921865051 0.0050096418670429093 -0.0056904057958286564 -0.0038911917532299654 -0.0039599065374163805 0.0013590184130397331 -0.0099682594013644366 0.01769488737686966
leaf_weight=90 24 21 20 27 148 23 20 38 28 129 22 39 120 20
leaf_count=90 24 21 20 27 148 23 20 38 28 129 22 39 120 20
internal_value=-0.000502598 -0.000260295 0.000681817 0.0045625 -0.000100419 -0.000941773 0.00184091 -0.000613954 0.00107463 -0.00128693 -0.000699552 -0.00132597 -0.00192254 0.00195349
internal_weight=769 679 285 47 238 394 43 214 66 351 222 180 141 42
internal_count=769 679 285 47 238 394 43 214 66 351 222 180 141 42
is_linear=0
shrinkage=0.03


Tree=145
num_leaves=15
num_cat=0
split_feature=0 0 0 8 7 1 8 8 8 7 12 8 2 1
split_gain=0.545727 0.326184 0.841945 1.53379 0.412068 0.844898 0.584647 0.387553 1.03319 0.586729 0.308501 0.452854 0.420949 0.388269
threshold=9.5670545103286742 15.009232588052667 14.026200017681296 33.050000000000004 5.0500000000000007 13.348046987012014 10.850000000000003 23.350000000000005 12.950000000000001 6.5500000000000007 1.0000000180025095e-35 6.6500000000000012 12.126071142632371 15.558906426316598
decision_type=2 2 2 10 2 2 10 10 10 2 10 10 2 2
left_child=-1 2 7 4 -4 -6 -7 8 -2 -10 12 -12 -3 -14
right_child=1 10 3 -5 5 6 -8 -9 9 -11 11 -13 13 -15
leaf_value=0.00035483448773285367 -0.0017802331688066776 -0.009174946344273566 -0.023095713403618875 0.016794344218548102 0.0055114471744077392 0.0021106842080622231 -0.00055400328648272433 -0.012697916159812686 0.00079588283957705028 0.022272752400546155 0.0054678008234802346 -0.0032239378420634598 0.0027362342015298316 -0.0014959993576386279
leaf_weight=20 72 36 30 31 39 23 67 100 35 21 34 222 22 24
leaf_count=20 72 36 30 31 39 23 67 100 35 21 34 222 22 24
internal_value=-0.000486487 -0.000618231 -5.72799e-05 0.00141361 0.000206249 0.000946153 -0.000659341 -0.00128384 -0.000186047 0.0028421 -0.00130974 -0.00182101 0.000289156 0.00217021
internal_weight=776 756 418 190 159 129 90 228 128 56 338 256 82 46
internal_count=776 756 418 190 159 129 90 228 128 56 338 256 82 46
is_linear=0
shrinkage=0.03


Tree=146
num_leaves=15
num_cat=0
split_feature=0 1 1 9 1 13 4 10 13 1 0 2 9 13
split_gain=0.558699 0.189559 0.283469 0.231417 0.30934 0.409028 0.279507 0.217588 0.415684 0.210261 0.209059 0.196119 0.214913 0.540088
threshold=9.8019906859244177 15.983023042084346 14.754425286048152 0.31062854169311122 15.371508827799708 3.3608817317346471 9.008921551762926 0.41248606129204551 2.5921133604243618 11.515983281687092 14.896942678768225 7.0878068469659921 0.86382728211298232 3.2891799922809661
decision_type=2 2 2 2 2 8 2 2 10 2 2 2 2 10
left_child=-1 2 7 4 5 -4 -5 8 10 -9 -2 -10 -13 -14
right_child=1 -3 3 6 -6 -7 -8 9 11 -11 -12 12 13 -15
leaf_value=0.0020645200921328433 0.00058096165656361994 -0.0054696505173864448 -7.2691274236821564e-05 -0.015307914885943519 -0.00061177493050674678 0.006406731335094379 0.0028157311292894205 0.00066331328417691736 0.0013605850908042247 -0.0056487356046190608 0.006681968046032368 -0.0017284007428431578 0.01039290939944126 -0.00028156563900341079
leaf_weight=21 20 62 29 32 31 29 29 25 27 148 20 214 36 41
leaf_count=21 20 62 29 32 31 29 29 25 27 148 20 214 36 41
internal_value=-0.000760785 -0.000899194 -0.0007522 0.00039735 0.00136667 0.00264407 -0.00101613 -0.00107707 -0.000651811 -0.00194828 0.00219512 -0.00101567 -0.00124315 0.000115384
internal_weight=764 743 681 150 89 58 61 531 358 173 40 318 291 77
internal_count=764 743 681 150 89 58 61 531 358 173 40 318 291 77
is_linear=0
shrinkage=0.03


Tree=147
num_leaves=15
num_cat=0
split_feature=2 10 2 13 5 4 8 10 10 1 1 13 8 8
split_gain=0.402999 0.55253 0.263718 0.333977 0.338856 0.57709 0.393004 0.42959 0.339567 0.226344 0.359402 0.396127 0.338504 0.935416
threshold=1.0000000180025095e-35 -0.5 14.989778137625924 4.3957595904073594 5.6540564351703724 11.366606029116047 6.9500000000000011 0.25881904510252057 -0.78387299218671014 11.455569160370196 13.252721673455397 3.1517080845114083 34.900000000000006 39.95000000000001
decision_type=2 2 2 8 2 2 10 2 2 2 2 8 10 10
left_child=1 -1 3 4 5 6 7 -2 -6 -8 11 -11 -12 -14
right_child=2 -3 -4 -5 8 -7 9 -9 -10 10 12 -13 13 -15
leaf_value=0.0058952079483094904 -0.0052785764825192252 -0.0045480952133136743 0.00021626582082102087 -0.022042443567611085 0.0049562632312647927 0.012240161279920005 -0.002068600865088574 0.0082652914114913593 -0.0012538072785721096 -0.0071037905677720252 -0.0018020679701178531 0.0025634592766383903 0.0047542514897430284 -0.0040697891789471313
leaf_weight=20 34 27 30 87 21 25 42 22 88 45 204 87 20 24
leaf_count=20 34 27 30 87 21 25 42 22 88 45 204 87 20 24
internal_value=-0.000602317 0.0020625 -0.000776713 -0.000895715 -0.000646004 -0.000315477 -0.000551149 0.00178947 -0.00215455 -0.000865249 -0.000629922 0.000631578 -0.00130121 0.00106667
internal_weight=776 47 729 699 612 503 478 56 109 422 380 132 248 44
internal_count=776 47 729 699 612 503 478 56 109 422 380 132 248 44
is_linear=0
shrinkage=0.03


Tree=148
num_leaves=15
num_cat=0
split_feature=2 10 2 9 1 13 0 4 10 13 1 13 12 1
split_gain=0.60365 1.05702 0.323216 0.32288 0.351533 0.421979 0.529281 0.335323 0.51535 0.219264 0.215523 0.18158 0.295602 0.313745
threshold=7.2056963496132722 -0.51128821893537901 9.4106893536301772 -0.70710678118654735 11.629158682860179 4.3615325484691922 15.693539531904586 10.828407860445482 0.38268343236508956 3.5545219456527701 15.505743709361562 3.7650858210772653 1.0000000180025095e-35 13.318512482953652
decision_type=2 2 2 2 2 10 2 2 2 10 2 8 10 2
left_child=1 -1 -2 -4 -5 7 -7 11 10 -3 -9 12 -6 -14
right_child=2 9 3 4 5 6 -8 8 -10 -11 -12 -13 13 -15
leaf_value=0.0056633713689902164 -0.013663411966320153 0.0022157045101957006 -0.00028219348504935428 0.010914090091596173 -0.0062907724362011603 0.0020113518951514263 -0.011754893353186397 0.0025392937575841445 0.018062447917663486 -0.031591128115174283 -0.021505861004687168 -0.011912855345647962 0.0046339594540808883 -0.00059140388503585103
leaf_weight=23 62 20 127 24 88 20 26 30 23 21 22 72 58 135
leaf_count=23 62 20 127 24 88 20 26 30 23 21 22 72 58 135
internal_value=-0.000642288 0.00212308 -0.000902617 -0.000694889 -0.000348698 -0.000530527 0.00217021 -0.000825176 0.000986841 -0.000785715 -0.000679246 -0.00121187 -0.000861703 -0.000201032
internal_weight=751 64 687 625 498 474 46 428 75 41 52 353 281 193
internal_count=751 64 687 625 498 474 46 428 75 41 52 353 281 193
is_linear=0
shrinkage=0.03


Tree=149
num_leaves=15
num_cat=0
split_feature=2 8 9 2 2 2 13 2 1 8 9 4 1 8
split_gain=0.40397 0.455604 0.482049 0.399041 0.689064 0.606886 0.953079 0.699029 0.527252 0.375998 0.450083 0.317208 0.65627 0.57927
threshold=14.989778137625924 39.20000000000001 -1.0000000180025095e-35 13.541616460089786 14.082274743444421 11.134038766038875 3.1942787607691452 9.4106893536301772 12.969813580365047 9.943500000000002 0.69134849440110402 5.8748113740367325 13.076813198341064 16.050000000000004
decision_type=2 8 2 2 2 2 10 2 2 10 2 2 2 10
left_child=1 2 11 5 -5 6 -4 -8 -9 10 -7 12 -1 -14
right_child=-2 -3 3 4 -6 9 7 8 -10 -11 -12 -13 13 -15
leaf_value=-0.0073558924919497649 0.0016888628772905765 -0.0093552266538806522 -0.005181782626509996 0.015361681411021955 -0.0012828101687764918 0.00083614981367878115 -0.0019243838594191387 0.013913464770208486 0.0070007359685961357 -0.0042685278864612484 -0.010907841782627626 -0.0015322941100263617 -0.00054350655654020587 0.0039817891380535715
leaf_weight=73 31 73 79 21 25 20 35 21 21 136 24 128 45 38
leaf_count=73 31 73 79 21 25 20 35 21 21 136 24 128 45 38
internal_value=-0.000583658 -0.000725676 -0.000476762 0.00021932 0.00280851 -0.000142434 0.00122293 0.00357692 0.00613953 -0.00132597 0.00106667 -0.00141053 -0.000496816 0.00132143
internal_weight=770 739 666 382 46 336 156 77 42 180 44 284 156 83
internal_count=770 739 666 382 46 336 156 77 42 180 44 284 156 83
is_linear=0
shrinkage=0.03


Tree=150
num_leaves=15
num_cat=0
split_feature=0 5 8 2 8 7 9 3 10 13 2 7 8 0
split_gain=0.314288 0.279158 0.35786 0.677716 0.592865 0.567228 0.593914 0.693891 0.391035 0.343345 0.258325 0.234384 0.22685 0.184305
threshold=17.183787271371653 7.962029914646962 13.750000000000002 10.044975896648321 10.250000000000002 6.2500000000000009 -1.0000000180025095e-35 7.5909278755257086 -0.47114434510950037 3.7650858210772653 3.0495986234554322 7.6500000000000012 18.450000000000003 12.766868107645456
decision_type=2 2 10 2 10 2 2 2 2 8 2 2 10 2
left_child=1 2 3 4 -1 6 9 -8 -9 -5 -4 12 -12 -14
right_child=-2 -3 10 5 -6 -7 7 8 -10 -11 11 -13 13 -15
leaf_value=-0.010613828120029411 0.00171347289674263 -0.00047584213831733065 0.0054077737147456882 0.0066699058657777354 0.0011209297289003074 -0.0014369057850767476 -0.0034986899833059524 0.0032836177772757871 0.0026256363835532892 -0.0079615784517625549 -0.0059673955394313029 0.0007752912090573359 -0.026185553650159329 -0.0011594199791713981
leaf_weight=64 25 76 31 36 20 30 22 21 35 20 104 25 30 222
leaf_count=64 25 76 31 36 20 30 22 21 35 20 104 25 30 222
internal_value=-0.000358268 -0.000472185 -0.000272315 0.000626505 -0.00155294 0.00174545 0.00257778 0.00425316 0.006 0.000210526 -0.00081356 -0.0010288 -0.00122689 -0.000735179
internal_weight=761 736 660 248 84 164 134 78 56 56 412 381 356 252
internal_count=761 736 660 248 84 164 134 78 56 56 412 381 356 252
is_linear=0
shrinkage=0.03


Tree=151
num_leaves=15
num_cat=0
split_feature=7 8 8 7 0 1 0 1 3 8 8 0 0 0
split_gain=0.503483 0.46513 0.683587 0.443273 0.488432 0.466636 1.09653 0.575232 0.554219 0.608275 0.389893 0.29071 0.683498 0.446041
threshold=5.3500000000000005 24.950000000000003 6.0500000000000007 5.5500000000000007 16.985354158226851 13.137315168022965 14.459524167368096 11.629158682860179 12.243148930164491 14.850000000000003 10.050000000000002 13.669839518961831 15.009232588052667 14.477298238986755
decision_type=2 8 10 2 2 2 2 2 2 10 10 2 2 2
left_child=-1 2 -2 -4 5 6 7 -5 10 -10 -7 -3 13 -13
right_child=1 11 3 4 -6 8 -8 -9 9 -11 -12 12 -14 -15
leaf_value=-0.0041093612793308056 -0.0011569745005825141 -0.017007767830071914 0.002029107183695234 0.0053357764389053179 0.0050830682609313612 8.7727065123836346e-05 0.0028804562511258115 -0.0055555276337977853 -0.0039163884155913918 0.0059124524184409055 -0.010697305558968398 -6.2090002819943548e-05 -0.0024122465712623953 0.0208552573043807
leaf_weight=173 56 57 37 27 22 43 21 37 21 29 112 40 65 21
leaf_count=173 56 57 37 27 22 43 21 37 21 29 112 40 65 21
internal_value=-0.000358268 6.11198e-05 0.000628078 0.00112286 0.000747603 0.00041237 0.00226744 0.000276922 -0.000364078 0.00235294 -0.00125 -0.00119022 -0.000377953 0.0018871
internal_weight=761 588 405 349 312 290 85 64 205 50 155 183 126 61
internal_count=761 588 405 349 312 290 85 64 205 50 155 183 126 61
is_linear=0
shrinkage=0.03


Tree=152
num_leaves=15
num_cat=0
split_feature=7 0 3 13 13 3 3 9 7 3 3 3 3 7
split_gain=0.606081 0.61735 0.799258 0.537706 0.489997 0.485715 0.428374 0.643483 0.58471 0.294709 0.302567 0.698922 0.505011 0.839592
threshold=5.3500000000000005 12.347128233037898 1.3195286648076296 2.6008125810117249 2.2473999400211775 7.5909278755257086 9.7216802642793514 0.44134171618254497 5.8500000000000005 10.16906799463011 11.535534343685503 11.355234852484111 12.243148930164491 6.2500000000000009
decision_type=2 2 2 8 10 2 2 2 2 2 2 2 2 2
left_child=3 -2 -3 -1 -4 -6 7 8 -7 -8 11 -11 -12 -14
right_child=1 2 4 -5 5 6 9 -9 -10 10 12 -13 13 -15
leaf_value=0.0008827787541963283 -0.015613616626372631 0.0076721032707770774 -0.0060259922045257227 -0.008010066701653773 -0.0055918777285674627 0.0018621116587327516 -0.014285243264393375 -0.00096808263032528935 0.017015435669784224 0.00012698143435622457 -0.0054561562293304697 0.014761182910896002 0.015286427671082792 -0.0001654948406585988
leaf_weight=20 63 38 38 164 32 25 37 41 23 89 42 21 23 93
leaf_count=20 63 38 38 164 32 25 37 41 23 89 42 21 23 93
internal_value=-0.000196001 0.000291519 0.000644134 -0.00168649 0.000296773 0.000590163 0.000881012 0.0027 0.00502041 0.000343137 0.000691449 0.00189189 -0.000150944 0.000871794
internal_weight=749 565 502 184 464 426 394 89 48 305 268 110 158 116
internal_count=749 565 502 184 464 426 394 89 48 305 268 110 158 116
is_linear=0
shrinkage=0.03


Tree=153
num_leaves=15
num_cat=0
split_feature=2 0 8 7 9 2 5 7 9 2 1 4 0 7
split_gain=0.524918 1.03494 0.670716 1.07242 0.882835 0.527252 0.511216 0.710409 0.500868 0.485068 0.604156 0.47005 0.299101 0.14946
threshold=7.5170110799556467 13.897368025316764 19.200000000000006 6.7500000000000009 -0.5 12.23410031404722 1.0000000180025095e-35 5.6500000000000012 -0.67494719543654291 11.571192012573325 13.096308965802882 4.9052130462326602 12.546949199320199 6.4500000000000011
decision_type=2 2 10 2 2 2 2 2 2 2 2 2 2 2
left_child=1 12 3 6 -5 -6 7 11 -9 10 -10 -2 -1 -4
right_child=2 -3 13 4 5 -7 -8 8 9 -11 -12 -13 -14 -15
leaf_value=0.0012062396557788247 -0.008860214618571326 0.0057853859838969436 -0.0020802955028761316 -0.00037010299649509534 0.0041607581723524601 0.0040972744374245251 -0.002230671896143246 -0.00025870889975122661 0.0041896175690301941 0.010944418981027871 -0.016790795969959353 0.0010122951429080967 -0.018582565176048265 -0.0036597198826536529
leaf_weight=33 120 23 144 20 21 21 98 32 22 28 25 28 23 132
leaf_count=33 120 23 144 20 21 21 98 32 22 28 25 28 23 132
internal_value=-0.000389106 0.0019125 -0.000654625 0.000108172 0.00371429 0.00613953 -0.000533899 0.000175781 0.00202778 0.00335526 0.0014375 -0.00116779 -0.00031579 -0.00179783
internal_weight=770 79 691 415 62 42 353 255 107 75 47 148 56 276
internal_count=770 79 691 415 62 42 353 255 107 75 47 148 56 276
is_linear=0
shrinkage=0.03


Tree=154
num_leaves=15
num_cat=0
split_feature=13 3 8 7 7 8 0 2 3 13 13 8 3 13
split_gain=0.32262 0.592014 0.480769 0.248661 0.585017 0.631627 0.270407 0.267593 0.426985 0.388315 0.552554 0.489822 0.519585 0.357062
threshold=2.5563404911825818 8.079538992311786 14.050000000000002 5.3500000000000005 5.5500000000000007 14.450000000000001 16.985354158226851 9.4106893536301772 10.907399829638976 3.2690750720136168 3.4282904644093786 9.0500000000000025 9.9271053089724948 4.5690183866124068
decision_type=8 2 10 2 2 10 2 2 2 10 10 10 2 8
left_child=1 -1 -3 -2 5 -5 7 -6 9 -9 -11 -12 -13 -10
right_child=3 2 -4 4 6 -7 -8 8 13 10 11 12 -14 -15
leaf_value=0.0064405545725179821 -0.0038549355782247696 0.0063603667636742767 -0.0025490467572146284 0.0012863416145911617 -0.013823443536299027 -0.012790311532920472 0.0047848895788590419 -0.00061454782451135525 -0.00049260881655336752 0.013048933501910975 0.0064057713438697549 -0.015526411295767715 0.00044900118685671297 0.00086117447379260512
leaf_weight=20 174 26 28 32 47 28 21 80 193 29 20 41 20 24
leaf_count=20 174 26 28 32 47 28 21 80 193 29 20 41 20 24
internal_value=-0.000432399 0.00144 -0.000218183 -0.000629578 -0.000307837 0.00245902 -0.000661765 -0.000817583 -0.000566177 0.000471203 0.00162162 0.000329268 -0.00101613 -0.00147248
internal_weight=783 74 54 709 535 60 475 454 407 190 110 81 61 217
internal_count=783 74 54 709 535 60 475 454 407 190 110 81 61 217
is_linear=0
shrinkage=0.03


Tree=155
num_leaves=15
num_cat=0
split_feature=5 5 8 8 1 0 13 1 13 3 3 10 3 7
split_gain=0.553587 0.53693 0.676714 0.844144 0.93583 0.492366 0.485755 0.468058 0.304888 0.274227 0.40718 0.529281 0.286694 0.574388
threshold=10.505546430446111 4.9249642677207834 14.850000000000003 10.050000000000002 13.030851436507916 15.362640924604099 3.6332379010440925 12.785039405650375 2.8972419837873922 12.646531047360506 13.947011673630854 -0.11535712691606388 10.452481302112522 6.0100000000000007
decision_type=2 2 10 10 2 2 10 2 8 2 2 2 2 2
left_child=1 2 3 6 -5 -6 8 -8 -1 12 11 -11 13 -4
right_child=-2 -3 9 4 5 -7 7 -9 -10 10 -12 -13 -14 -15
leaf_value=0.00033053237863255567 0.0019830413682781112 -0.001131581120738727 -0.0038781450562627054 0.0017653282449654323 -0.0024290722035395971 0.012938190341600497 -0.0017497858823669009 0.0053223208023544756 -0.0075511244447310976 0.015946085011021571 -0.0040018271916796586 -0.0012898459399590275 -0.013017222944327776 0.0056960748352334039
leaf_weight=30 33 120 143 27 34 24 30 33 76 20 20 26 111 47
leaf_count=30 33 120 143 27 34 24 30 33 76 20 20 26 111 47
internal_value=-0.000480001 -0.000650944 -0.000294213 0.000894117 0.00331395 0.00111864 -0.000335295 0.00173437 -0.00157009 -0.00111685 0.000626865 0.00217021 -0.0015 -0.000785341
internal_weight=774 741 621 254 85 58 169 63 106 367 66 46 301 190
internal_count=774 741 621 254 85 58 169 63 106 367 66 46 301 190
is_linear=0
shrinkage=0.03


Tree=156
num_leaves=15
num_cat=0
split_feature=7 1 7 1 0 1 2 1 4 4 4 9 7 10
split_gain=0.395649 0.42783 0.300701 0.354573 1.22458 1.38106 0.471325 0.508 0.484639 0.418465 0.595674 0.443805 0.516031 0.335398
threshold=7.5500000000000007 14.472314917958391 4.8500000000000005 13.252721673455397 13.991588878044549 12.531445841868406 10.992646913314999 11.327415855954472 0.54930614433405489 9.008921551762926 11.854837425371402 0.69134849440110402 6.7500000000000009 -0.5
decision_type=2 2 2 2 2 2 2 2 2 2 2 2 2 2
left_child=2 -2 -1 4 6 -6 7 -4 -9 -5 11 12 -11 -7
right_child=1 -3 3 9 5 13 -8 8 -10 10 -12 -13 -14 -15
leaf_value=-0.013989972064611183 -0.00018626567651168011 0.0075146739840342607 -0.0054928000700200808 -0.0042967319625779633 -0.0031106865903474247 0.0055790165005946959 -0.01124778553413 0.0013539420133073135 -0.0061611705311342265 -0.00037457927437157168 -0.0019936619688587548 0.011446390330630031 0.00073599021760576214 0.002412317078180023
leaf_weight=72 22 20 39 271 31 21 54 36 28 45 45 41 27 26
leaf_count=72 22 20 39 271 31 21 54 36 28 45 45 41 27 26
internal_value=-0.000146342 0.00265116 -0.000309363 -0.000108271 0.00082627 0.00387342 -0.000702532 0.000490384 0.00212308 -0.000620931 0.000603773 0.00176316 0.000328766 0.0070625
internal_weight=778 42 736 664 235 78 157 103 64 429 158 113 72 47
internal_count=778 42 736 664 235 78 157 103 64 429 158 113 72 47
is_linear=0
shrinkage=0.03


Tree=157
num_leaves=15
num_cat=0
split_feature=1 1 7 0 7 9 9 8 1 2 0 4 9 9
split_gain=0.379759 0.9505 0.761645 0.8181 0.373399 0.382963 0.823031 0.35799 0.699614 0.869736 1.13821 0.336736 0.268718 0.485813
threshold=12.495892286663802 13.137315168022965 5.1500000000000012 13.991588878044549 7.5500000000000007 -0.9629878403374984 -0.97063407339879026 10.950000000000001 15.134434725680999 11.518526451329047 15.693539531904586 9.008921551762926 0.76883451325334917 -0.33961250367033008
decision_type=2 2 2 2 2 2 2 10 2 2 2 2 2 2
left_child=-1 2 -2 -4 5 6 -3 8 9 -7 -11 -9 13 -13
right_child=1 4 3 -5 -6 7 -8 11 -10 10 -12 12 -14 -15
leaf_value=-0.0037456929483514643 -0.025605586636746183 -0.0013943827357184842 0.00016306591501133393 0.0044174733421917202 0.0020618047740226303 -0.0023101073573898751 0.00054050207989793353 -0.012294628505659978 -0.017549337513775187 0.012026222151475426 -0.008357411631489493 0.00023187315709902482 0.012368457522902707 -0.0038743201017549579
leaf_weight=168 22 26 28 28 31 44 23 194 37 20 20 31 36 50
leaf_count=168 22 26 28 28 31 44 23 194 37 20 20 31 36 50
internal_value=-0.000308301 5.07607e-05 0.00311392 0.00494737 -0.000421053 -0.000628631 0.00186 -0.00091455 0.000467212 0.00197647 0.00512195 -0.00145192 -0.000177967 -0.00113415
internal_weight=758 590 78 56 512 481 49 432 121 84 40 311 117 81
internal_count=758 590 78 56 512 481 49 432 121 84 40 311 117 81
is_linear=0
shrinkage=0.03


Tree=158
num_leaves=15
num_cat=0
split_feature=2 13 3 8 13 4 13 13 10 5 5 13 13 13
split_gain=0.751241 1.10146 0.404552 0.677565 0.760607 0.55255 0.516178 0.321937 0.299087 0.345153 0.199967 0.181878 0.18524 0.322453
threshold=1.0000000180025095e-35 3.3916870091212465 10.705130003249758 27.350000000000005 3.0508391527108922 11.029703962483154 3.2877271959001342 3.4525171866393332 -0.70710678118654757 2.7244451125137057 4.9249642677207834 4.3957595904073594 3.745246580984563 3.8891639584876008
decision_type=2 10 2 10 8 2 10 10 2 2 2 8 10 10
left_child=1 -1 10 4 5 -4 -6 -8 -9 -10 11 12 -2 -14
right_child=2 -3 3 -5 6 -7 7 8 9 -11 -12 -13 13 -15
leaf_value=0.020813758713782205 -0.001973602702978831 -0.022004559581166573 0.0058043289366254977 -0.002213570054072279 -0.018728646816438533 0.00010841426670420174 0.019111312981352373 -0.002998380939966099 0.0041889145422072159 -0.00024487866872028121 -0.0036781557627350806 -0.022684065569001165 0.0013012236920741478 -0.001076104493861105
leaf_weight=21 250 21 40 106 43 33 20 21 27 21 59 41 23 44
leaf_count=21 250 21 40 106 43 33 20 21 27 21 59 41 23 44
internal_value=-0.000505837 0.00334884 -0.000732511 8.65377e-05 0.00109223 0.00352703 -0.000270677 0.00103333 4.28564e-05 0.00134694 -0.00134211 -0.00106964 -0.000820755 0.000573529
internal_weight=770 42 728 311 205 73 132 89 69 48 417 358 317 67
internal_count=770 42 728 311 205 73 132 89 69 48 417 358 317 67
is_linear=0
shrinkage=0.03


Tree=159
num_leaves=15
num_cat=0
split_feature=2 10 7 9 8 9 8 8 8 7 9 8 1 4
split_gain=0.575334 1.70232 0.365427 0.390133 0.255752 0.226053 0.20789 1.25048 0.45587 0.676465 0.596303 0.443716 0.407525 0.580712
threshold=7.5170110799556467 -0.51128821893537901 5.3500000000000005 0.97014794553715189 18.450000000000003 -0.9905481240967402 39.20000000000001 34.900000000000006 18.750000000000004 6.5500000000000007 -0.5 13.950000000000001 13.512916560472076 3.7726948748059121
decision_type=2 2 2 2 10 2 10 10 10 2 2 10 2 2
left_child=1 -1 -2 5 -3 -4 7 8 9 12 -11 -12 13 -7
right_child=2 4 3 -5 -6 6 -8 -9 -10 10 11 -13 -14 -15
leaf_value=0.0054428595035892107 -0.0045798562961254768 -0.016911908656986545 -0.0014052862531542456 0.0014281121210940634 0.002453256940865337 0.00060657368961556464 -0.0081139865118190404 0.018844053454809141 -0.004078532137173972 -0.00074101166444673979 0.00044983001096709216 0.019740653857605713 -0.0011023321073758562 -0.00015486817903739364
leaf_weight=26 142 29 30 29 20 27 58 25 134 21 30 22 142 34
leaf_count=26 142 29 30 29 20 27 58 25 134 21 30 22 142 34
internal_value=-0.000307793 0.00217105 -0.000578418 -0.000227849 -0.00114 -0.00041794 -0.000261134 -3.44044e-05 -0.000437957 0.000259927 0.00271622 0.00441509 -0.000632354 0.00140323
internal_weight=769 75 694 552 49 523 493 435 410 276 73 52 203 61
internal_count=769 75 694 552 49 523 493 435 410 276 73 52 203 61
is_linear=0
shrinkage=0.03


Tree=160
num_leaves=15
num_cat=0
split_feature=9 9 8 7 8 8 2 5 7 2 8 3 3 10
split_gain=0.380763 0.532828 0.395084 0.631379 0.616639 0.546273 0.507987 0.321946 0.687991 0.429572 0.534604 0.515328 0.310882 0.297142
threshold=-0.97063407339879026 -0.88784492709732687 14.65 6.9500000000000011 12.950000000000001 20.450000000000003 11.670793800833328 1.0000000180025095e-35 6.0100000000000007 10.044975896648321 10.850000000000003 8.5068357773037562 12.533588597600813 -0.76037701167087501
decision_type=2 2 10 2 8 10 2 2 2 2 10 2 2 2
left_child=-1 -2 4 12 7 -5 -6 8 9 -3 11 -11 -4 -9
right_child=1 2 3 5 6 -7 -8 13 -10 10 -12 -13 -14 -15
leaf_value=-0.0013661905606899036 0.00044474082828925462 -0.015338471024508299 -0.0043696666102334821 0.017348285708902813 0.0067190531168529518 -0.00019546216266807517 -0.00021096116336382235 7.6370687949718435e-05 0.0060610566538674302 0.0083719300285722588 -0.011174689928676507 0.0001147974250078433 0.0034453683695657511 -0.0040894476057117971
leaf_weight=44 58 53 251 21 20 72 24 21 31 23 23 44 39 52
leaf_count=44 58 53 251 21 20 72 24 21 31 23 23 44 39 52
internal_value=-0.000254827 -9.00416e-05 -0.00032889 -0.000960938 0.000503424 0.00118085 0.00373333 -8.46781e-05 0.000617142 -0.000270834 0.00098901 0.00233823 -0.00164949 -0.00174324
internal_weight=776 732 674 383 291 93 44 247 174 143 90 67 290 73
internal_count=776 732 674 383 291 93 44 247 174 143 90 67 290 73
is_linear=0
shrinkage=0.03


Tree=161
num_leaves=15
num_cat=0
split_feature=7 5 8 8 1 1 7 9 4 10 0 8 12 10
split_gain=0.300957 0.345461 0.435185 0.854467 1.09356 0.389331 0.368771 0.546017 0.354997 0.516768 0.351865 0.340365 0.407949 0.307679
threshold=4.8500000000000005 2.7244451125137057 14.450000000000001 10.450000000000001 13.231590220524028 15.476465408796249 6.9500000000000011 -0.9629878403374984 10.925685818930324 -0.5 15.362640924604099 9.943500000000002 1.0000000180025095e-35 -0.76037701167087501
decision_type=2 2 10 10 2 2 2 2 2 2 2 10 10 2
left_child=-1 2 3 11 -5 13 7 -4 9 -8 -6 12 -2 -3
right_child=1 5 6 4 10 -7 8 -9 -10 -11 -12 -13 -14 -15
leaf_value=-0.0080943429710779967 -0.00020615586034673504 0.00047222509874793019 0.00051465937463975779 0.0022287909077065705 -0.00075540426480567261 0.00010403692232059067 -0.00069228689285385082 -0.0017522769456485936 -0.009266456821250612 0.0094216734222714212 0.008718274178186108 -0.0069499880252318303 0.0033201948270658358 -0.004599801252938962
leaf_weight=69 21 23 30 24 28 54 23 235 22 27 20 28 82 92
leaf_count=69 21 23 30 24 28 54 23 235 22 27 20 28 82 92
internal_value=-0.000223364 -3.80289e-05 0.000332716 0.00142647 0.0040274 -0.00121765 -0.000328403 -0.000845865 0.00156164 0.00294118 0.00134694 -2.2728e-05 0.000778845 -0.00219828
internal_weight=778 709 540 203 72 169 337 265 72 50 48 131 103 115
internal_count=778 709 540 203 72 169 337 265 72 50 48 131 103 115
is_linear=0
shrinkage=0.03


Tree=162
num_leaves=15
num_cat=0
split_feature=0 7 3 13 8 10 1 1 0 7 0 0 0 3
split_gain=0.41835 0.384037 0.493386 1.09014 1.72375 0.463667 0.39084 1.41642 1.51184 0.788621 0.48899 0.721623 0.690967 0.399729
threshold=9.8019906859244177 4.9500000000000011 1.0000000180025095e-35 3.897711265566699 30.650000000000002 0.96965254237475851 12.495892286663802 13.154072050558062 13.991588878044549 6.5500000000000007 14.722880896086263 14.07585962682275 16.178679313213994 12.243148930164491
decision_type=2 2 2 10 10 2 2 2 2 2 2 2 2 2
left_child=-1 -2 3 4 -3 6 -4 8 -8 13 11 -11 -12 -9
right_child=1 2 5 -5 -6 -7 7 9 -10 10 12 -13 -14 -15
leaf_value=0.0027456537293599273 -0.0084634084353965057 0.038860108205731513 -0.0033970719063696861 -0.027438392921546734 -0.012967932216975325 0.015582403007387034 -0.00021518964906913079 -0.0042021460066110463 0.0036539465567751853 -0.00016056055802317424 -0.0013207709526270636 0.00027279774333171581 0.0024850886256397261 0.0088109330418203874
leaf_weight=20 84 31 78 23 22 26 28 234 33 27 59 22 32 43
leaf_count=20 84 31 78 23 22 26 28 234 33 27 59 22 32 43
internal_value=0.000110091 -8.07608e-06 0.000236722 0.00249351 0.00483333 -6.17503e-05 -0.000247757 7.51559e-05 0.00430645 -0.000552632 0.0012766 0.00366 -3.26094e-05 -0.00147842
internal_weight=762 742 658 76 53 582 556 478 61 417 140 49 91 277
internal_count=762 742 658 76 53 582 556 478 61 417 140 49 91 277
is_linear=0
shrinkage=0.03


Tree=163
num_leaves=15
num_cat=0
split_feature=13 3 4 13 13 8 2 9 13 13 10 1 1 4
split_gain=0.762343 1.5257 0.863115 0.311564 0.608499 0.351954 0.331534 0.330493 0.319585 0.437165 0.355724 0.614831 1.02036 0.253407
threshold=2.7085604330299726 6.1627771189110705 11.029703962483154 3.616104401834237 3.8088337008098008 12.050000000000002 11.148183004284968 -1.0000000180025095e-35 3.416460622098374 3.3581807369931798 0.41248606129204551 12.634404307685591 13.096308965802882 10.982334452345073
decision_type=8 2 2 10 10 10 2 2 8 10 2 2 2 2
left_child=1 -1 -3 8 6 7 -5 -6 9 10 11 -2 -13 -14
right_child=3 2 -4 4 5 -7 -8 -9 -10 -11 -12 12 13 -15
leaf_value=0.0032676814819636879 -0.010839048653348471 -0.00034836622597139992 0.011359936870321599 0.00056848594252552494 -0.00070215902095756126 -0.0093618625454274292 0.00036635422698123746 0.001575799145550313 -0.0072129804411169918 0.01712165266204305 -0.0013711235215355928 0.006695547441067414 3.7106986596943966e-05 -0.0032083318482722619
leaf_weight=22 56 80 20 24 35 101 31 42 96 24 106 21 107 26
leaf_count=22 56 80 20 24 35 101 31 42 96 24 106 21 107 26
internal_value=-0.00026894 0.00190244 0.000297029 -0.000667165 0.000217948 -0.000636872 0.00294643 0.000884615 -0.00113959 -0.000703813 -0.00100316 -0.000284361 0.000696773 -0.000291045
internal_weight=791 122 100 669 233 178 55 77 436 340 316 210 154 133
internal_count=791 122 100 669 233 178 55 77 436 340 316 210 154 133
is_linear=0
shrinkage=0.03


Tree=164
num_leaves=15
num_cat=0
split_feature=13 3 1 1 1 13 2 2 13 7 3 10 2 8
split_gain=0.512306 1.00867 0.391751 0.331542 0.781414 0.266672 0.497915 0.334041 0.348307 0.360118 0.775672 0.300148 0.273822 0.459287
threshold=2.7908015742059882 6.1627771189110705 15.449927355022185 14.472314917958391 13.458023127149827 3.0588254485455386 14.320374843602869 13.115985252667707 4.3822757879749981 4.9500000000000011 1.0000000180025095e-35 -0.33125622319804088 12.418738284306258 14.850000000000003
decision_type=8 2 2 2 2 10 2 2 10 2 2 2 2 10
left_child=1 -1 3 4 -3 -2 7 8 9 -7 11 -11 13 -12
right_child=5 2 -4 -5 -6 6 -8 -9 -10 10 12 -13 -14 -15
leaf_value=0.0043155341897878003 -0.00041863444372799822 -0.0074655923204127259 0.010982416203043056 -0.00077989138355446966 0.0036406348712006184 -0.011939258959898018 0.00038964067615991665 -0.0073235726634531236 -0.024238123064497314 0.010896750442000325 0.00025153551136187542 0.0047449281514729148 0.0071014048226430513 -0.011052642995378014
leaf_weight=20 155 25 23 40 23 55 36 59 47 22 99 21 36 111
leaf_count=20 155 25 23 40 23 55 36 59 47 22 99 21 36 111
internal_value=-0.00058991 0.00111364 -2.67864e-05 -0.000943821 0.000734693 -0.000939253 -0.000591376 -0.000864746 -0.000543368 -0.000208696 0.000217241 0.00388636 -0.000437248 -0.000853081
internal_weight=772 131 111 88 48 641 486 450 391 344 289 43 246 210
internal_count=772 131 111 88 48 641 486 450 391 344 289 43 246 210
is_linear=0
shrinkage=0.03


Tree=165
num_leaves=15
num_cat=0
split_feature=3 2 13 10 5 4 2 13 10 3 4 7 2 4
split_gain=0.650774 0.370122 1.00989 0.310034 0.232827 0.289479 0.754911 0.222095 0.394186 0.479379 0.470087 0.15178 0.175005 0.1979
threshold=13.738557155961646 1.0000000180025095e-35 3.3916870091212465 0.99572243068690536 6.1866260054034683 10.085388685227356 12.893942324776562 2.9864873567517889 0.75023006073889131 6.1627771189110705 7.91168390765485 7.1500000000000012 9.4106893536301772 7.8087292861222499
decision_type=2 2 10 2 2 2 2 8 2 2 2 2 2 2
left_child=1 2 -1 4 5 7 -7 8 9 -3 -11 12 -9 -14
right_child=-2 3 -4 -5 -6 6 -8 11 -10 10 -12 -13 13 -15
leaf_value=0.018731826178069975 0.00069371535362717683 0.00057236173252440633 -0.022450541259947752 0.014045044688376194 -0.0020713809427360605 0.0024267162696455513 -0.011610771813347055 -0.012091886422151371 -0.011053396530368551 -0.004693743870069639 0.005150218484990479 0.00049220532286792381 -0.00072803197871633342 -0.009728911530465123
leaf_weight=22 38 23 20 21 99 20 27 66 31 54 31 34 223 49
leaf_count=22 38 23 20 21 99 20 27 66 31 54 31 34 223 49
internal_value=-0.000545455 -0.00074896 0.00195349 -0.000918999 -0.00103496 -0.000794276 0.0014375 -0.00100195 2.14279e-05 0.000880733 -0.000174419 -0.00138338 -0.00157522 -0.00123077
internal_weight=758 720 42 678 657 558 47 511 139 108 85 372 338 272
internal_count=758 720 42 678 657 558 47 511 139 108 85 372 338 272
is_linear=0
shrinkage=0.03


Tree=166
num_leaves=15
num_cat=0
split_feature=3 3 3 2 13 10 10 2 2 1 4 4 13 4
split_gain=0.428543 0.459721 0.443709 0.377728 0.358637 0.761001 0.766926 0.642427 0.648381 1.22109 0.505864 0.35482 0.344398 0.25474
threshold=12.23257817002929 10.907399829638976 12.581055854367952 13.368459416465091 3.8891639584876008 0.25881904510252057 0.13052619222005152 7.2056963496132722 11.732151351909677 14.069330158397308 7.1221004305343207 11.092674299691366 2.8189988322557995 7.91168390765485
decision_type=2 2 2 2 8 2 2 2 2 2 2 2 10 2
left_child=1 4 -2 -4 5 6 7 -1 13 -10 -6 -5 -13 -9
right_child=2 -3 3 11 10 -7 -8 8 9 -11 -12 12 -14 -15
leaf_value=0.014095006271835374 0.0046509410627539058 -0.00047025955835036675 -0.0044498008021475032 0.0026059118433657269 -0.020066570770264511 -0.00066998713096983516 0.00060876289454847425 -0.0054342631827497042 0.011597540693213872 -0.00061351073431661603 0.0015966605914281887 0.0032623816271925591 -0.0017251108450718285 0.0079531998442851932
leaf_weight=25 27 140 24 30 91 150 21 107 20 29 22 20 33 25
leaf_count=25 27 140 24 30 91 150 21 107 20 29 22 20 33 25
internal_value=-0.000290197 -0.000618067 0.00124444 0.00036111 -0.0001833 0.000261904 0.00135526 0.000782608 0.000148351 0.00306 -0.0016579 0.00132143 -0.000166667 -0.000947369
internal_weight=764 630 134 107 490 377 227 206 181 49 113 83 53 132
internal_count=764 630 134 107 490 377 227 206 181 49 113 83 53 132
is_linear=0
shrinkage=0.03


Tree=167
num_leaves=15
num_cat=0
split_feature=2 7 8 8 3 7 13 8 8 13 13 12 8 8
split_gain=0.66498 1.20867 0.490704 1.01654 1.01992 0.586621 0.408847 0.285067 0.217354 0.301389 0.527994 0.333408 0.208936 0.490141
threshold=14.21344193183524 7.2500000000000009 14.450000000000001 10.050000000000002 5.7962332541848722 6.0100000000000007 3.3112361679976097 12.050000000000002 9.943500000000002 2.5122293040797166 3.0816014178042028 2.5000000000000004 39.20000000000001 33.050000000000004
decision_type=2 2 8 10 2 2 10 10 10 10 10 10 8 10
left_child=2 6 3 8 -5 -6 -2 -7 9 -1 -11 -12 13 -4
right_child=1 -3 12 4 5 7 -8 -9 -10 10 11 -13 -14 -15
leaf_value=-0.005686753901144921 -0.005631265987274597 0.019718405698086878 -0.00083306565482958077 0.0020098045811944415 -0.0048469247598961528 0.0025966380619020261 0.00017188167075390693 0.0092261692208550246 -0.0049874952656203207 0.0078676317205125558 -0.0022982912532479682 0.0019439230949190459 -0.014037354731895305 0.0028863171242432175
leaf_weight=34 23 20 263 24 42 24 20 29 40 25 52 43 55 60
leaf_count=34 23 20 263 24 42 24 20 29 40 25 52 43 55 60
internal_value=-0.000254305 0.00267187 -0.000524567 0.000353502 0.002525 0.00109375 -0.000204546 0.00316667 -0.000984616 -0.000464517 0.000247933 -0.000781251 -0.00125066 -0.000953704
internal_weight=754 63 691 313 119 95 43 53 194 154 120 95 378 323
internal_count=754 63 691 313 119 95 43 53 194 154 120 95 378 323
is_linear=0
shrinkage=0.03


Tree=168
num_leaves=15
num_cat=0
split_feature=9 13 0 13 7 2 3 7 8 13 5 3 0 2
split_gain=0.717264 0.300915 0.399995 0.395481 0.616131 0.421816 0.543885 0.39246 0.347283 0.49312 0.338629 0.235428 0.204852 0.353621
threshold=0.97014794553715189 2.5563404911825818 14.449487272817015 3.2755723530519245 5.6500000000000012 8.5339892966668902 9.6705788083499247 7.1500000000000012 10.950000000000001 3.8088337008098008 1.0000000180025095e-35 12.259003222751021 13.991588878044549 9.8410498703530127
decision_type=2 8 2 10 2 2 2 2 10 10 2 2 2 2
left_child=1 2 -1 12 -5 -6 8 11 -7 -10 -4 -8 -3 -14
right_child=-2 3 10 4 5 6 7 -9 9 -11 -12 -13 13 -15
leaf_value=-0.0041896476421304516 0.00044154222165361881 -0.0043406714130030917 0.010953151007997076 -0.005724392978278532 -0.023155554147943701 0.0082715205089657837 -0.0016154113905207791 0.0030765750640459311 0.018134058095912876 -0.030783020187392696 1.2004664651762282e-05 0.00018141447557406038 0.00018697552504713612 -0.00058010402475494713
leaf_weight=25 35 100 25 123 23 21 68 28 22 20 20 34 21 192
leaf_count=25 35 100 25 123 23 21 68 28 22 20 20 34 21 192
internal_value=-0.000383906 -0.000589212 0.0012676 -0.0007902 -7.94125e-05 0.000884792 0.00134536 0.000229007 0.00360937 0.00195349 0.00293478 -0.000640777 -0.00155733 -0.00102337
internal_weight=757 722 70 652 339 216 193 130 63 42 45 102 313 213
internal_count=757 722 70 652 339 216 193 130 63 42 45 102 313 213
is_linear=0
shrinkage=0.03


Tree=169
num_leaves=15
num_cat=0
split_feature=8 8 3 4 10 5 7 8 2 3 8 7 13 10
split_gain=0.401491 0.852099 0.630749 0.426324 0.275265 0.353922 0.337276 0.233981 0.268646 0.271218 0.366739 0.432425 0.250528 0.205789
threshold=14.65 10.450000000000001 5.7962332541848722 10.411195917600601 -0.47114434510950037 5.2914833751653276 6.0100000000000007 53.500000000000007 7.3287099632352914 8.4152656841796283 18.750000000000004 6.2500000000000009 2.8090939435683073 -0.9141673389828272
decision_type=10 8 2 2 2 2 2 10 2 2 10 2 8 2
left_child=1 3 -3 13 6 -6 -4 8 -2 -10 11 -11 -12 -1
right_child=7 2 4 -5 5 -7 -8 -9 9 10 12 -13 -14 -15
leaf_value=0.0024102596893518283 0.00819537638689752 0.002083938629324857 -0.015986212083230412 0.00094496003786003011 0.0044524341990989135 -0.00055358727907508219 0.0034737056425819808 0.00028645501138611332 -0.0030140972902385939 -0.011703401384677249 -0.00091939320251604518 0.0044258386921429468 -0.00080671935209521758 -0.0015253530551396434
leaf_weight=26 39 23 20 23 33 20 29 30 98 30 50 29 171 158
leaf_count=26 39 23 20 23 33 20 29 30 98 30 50 29 171 158
internal_value=3.84544e-06 0.000792792 0.00273809 -0.000389424 0.00168932 0.00316667 5.99993e-05 -0.00058259 -0.000767943 -0.00101319 -0.000533809 0.00155 -0.0010946 -0.000875676
internal_weight=779 332 125 207 102 53 49 447 417 378 280 59 221 184
internal_count=779 332 125 207 102 53 49 447 417 378 280 59 221 184
is_linear=0
shrinkage=0.03


Tree=170
num_leaves=15
num_cat=0
split_feature=7 9 1 7 0 1 7 3 13 7 0 9 9 2
split_gain=0.303835 0.456468 0.762599 0.302624 0.939295 0.307504 0.326124 0.616057 0.435254 0.338763 0.655349 0.293371 0.362901 0.428962
threshold=5.2500000000000009 -0.67494719543654291 13.076813198341064 5.4500000000000011 14.647590489948511 10.94741949638073 6.5500000000000007 9.7758808454862294 3.7266031251534857 7.3500000000000005 14.647590489948511 0.97014794553715189 0.31062854169311122 13.115985252667707
decision_type=2 2 2 2 2 2 2 2 10 2 2 2 2 2
left_child=1 2 -1 4 -2 -5 11 -8 9 -9 -11 12 13 -7
right_child=3 -3 -4 5 -6 6 7 8 -10 10 -12 -13 -14 -15
leaf_value=-0.035330410443375142 0.0077747030774472032 -0.0088324500767499505 0.005111143851920753 -0.011188091572981404 -0.009872651876141109 0.00045344573549071116 0.024554036401394131 -0.000414257101025842 0.00035677442209484277 -0.00058918915708469134 0.015601006344995812 0.0010290411864600016 -0.0037887046968598454 -0.0082192785608258771
leaf_weight=21 25 113 22 34 34 153 30 88 33 25 21 20 127 35
leaf_count=21 25 113 22 34 34 153 30 88 33 25 21 20 127 35
internal_value=-0.000272379 -0.00145223 0.00115909 2.39609e-05 0.00205 -0.000190477 -1.12577e-05 0.000954545 0.000232142 -0.000533334 0.00153191 -0.000580358 -0.000806963 3.17453e-05
internal_weight=781 156 43 625 59 566 532 197 167 134 46 335 315 188
internal_count=781 156 43 625 59 566 532 197 167 134 46 335 315 188
is_linear=0
shrinkage=0.03


Tree=171
num_leaves=15
num_cat=0
split_feature=13 9 13 2 1 9 0 13 13 7 4 5 0 4
split_gain=0.335385 0.446291 1.19771 0.738826 1.35504 0.533923 0.281719 0.288103 0.478644 0.401098 0.466976 0.41176 0.313177 0.240464
threshold=3.9132263560644254 -0.58216583101416164 3.616104401834237 11.35266266907036 12.675288307114183 0.97014794553715189 11.467260230224211 3.1517080845114083 3.4428658756942112 5.4500000000000011 4.6548439227384408 2.2154083994216571 14.397309121333249 8.7659924970412835
decision_type=8 2 10 2 2 2 2 10 10 2 2 2 2 2
left_child=1 2 3 4 -1 6 -3 -8 9 -9 -11 -12 -10 -2
right_child=13 5 -4 -5 -6 -7 7 8 12 10 11 -13 -14 -15
leaf_value=-0.010059851438141828 -0.014020837797511712 0.00097259091440822325 0.00088190676398674595 -0.00026688519632492124 0.013936251448379278 0.0028787971037534769 -0.00081133725328046548 -0.0055496843468555218 -7.968830928562868e-06 0.027785203164956137 -0.007662795290632911 0.016836170287549402 -0.0071500570876310045 8.4846372129507809e-06
leaf_weight=25 124 28 21 85 27 26 194 24 43 22 24 21 53 53
leaf_count=25 124 28 21 85 27 26 194 24 43 22 24 21 53 53
internal_value=-0.000155643 0.000186868 0.00154717 0.000499999 0.00328302 -0.000309634 -0.000578049 -0.000793194 4.78716e-05 0.00159783 0.00277941 0.00097826 -0.00142268 -0.00129775
internal_weight=770 593 158 137 52 435 409 381 187 91 67 45 96 177
internal_count=770 593 158 137 52 435 409 381 187 91 67 45 96 177
is_linear=0
shrinkage=0.03


Tree=172
num_leaves=15
num_cat=0
split_feature=8 8 12 1 2 1 2 8 1 2 5 9 4 9
split_gain=0.503114 0.535381 0.483356 0.469111 1.189 0.290634 0.267263 0.282539 0.407346 0.211697 0.332738 0.18879 0.185474 0.364087
threshold=14.65 12.950000000000001 1.5000000000000002 14.998602754694193 11.571192012573325 14.472314917958391 1.0000000180025095e-35 55.20000000000001 16.174349518957104 11.969946083874465 1.4311004404647345 -0.52048723568399791 3.1567740231385479 0.44134171618254497
decision_type=10 8 10 2 2 2 2 10 2 2 2 2 2 2
left_child=1 2 9 4 11 -3 -2 8 -8 12 -11 -4 13 -1
right_child=6 5 3 -5 -6 -7 7 -9 -10 10 -12 -13 -14 -15
leaf_value=-0.0027608225507770273 0.0043553390923786973 0.0029034735608255971 -0.0034859988000147395 -0.0029565065311124151 0.0028330394527624836 0.00036157776543108041 -0.0013765521027569378 0.0003382927625056809 0.00055311705920414798 0.0078515936673615883 -0.0029271202064931044 0.00076149948392180986 -0.0016082948752956692 0.00049329493954882516
leaf_weight=40 32 23 26 29 32 22 351 24 21 24 25 48 54 21
leaf_count=40 32 23 26 29 32 22 351 24 21 24 25 48 54 21
internal_value=-0.000279432 0.000573912 0.000109999 0.00143382 0.00235514 0.00358696 -0.000965036 -0.00117884 -0.00138338 -0.000981819 0.000659999 0.000239999 -0.00168104 -0.000532259
internal_weight=772 344 299 135 106 45 428 396 372 164 49 74 115 61
internal_count=772 344 299 135 106 45 428 396 372 164 49 74 115 61
is_linear=0
shrinkage=0.03


Tree=173
num_leaves=15
num_cat=0
split_feature=13 13 9 8 3 8 9 9 0 0 13 2 2 9
split_gain=0.373231 0.511238 0.671392 0.516462 0.394958 0.402707 0.651214 0.277687 0.277215 0.680694 0.348099 0.345974 0.303783 0.273951
threshold=3.6685709561006159 3.9132263560644254 -0.33961250367033008 15.050000000000002 6.9462364939941645 12.050000000000002 0.13052619222005182 -0.70710678118654735 14.449487272817015 14.662194837682497 3.3679762682953696 10.202701406912777 11.908551369505817 0.19066188855616564
decision_type=10 10 2 10 2 10 2 2 2 2 10 2 2 2
left_child=7 2 -2 -4 -3 6 -6 -1 10 -10 -9 -11 -13 -14
right_child=1 4 3 -5 5 -7 -8 8 9 11 -12 12 13 -15
leaf_value=-0.00024873223850535651 0.001370646818299182 -0.036101130797330502 0.00042301607228459136 -0.019062094426153309 -0.0072884465493645327 -0.0071200234584068494 0.0032783055293582465 -0.0037850906312819322 0.010541219291339233 0.00116737234713022 0.0029346645476004823 -0.0062338824230305286 0.002694891258741605 -0.00067535652472033403
leaf_weight=122 20 41 22 20 21 53 28 150 28 26 48 70 43 92
leaf_count=122 20 41 22 20 21 53 28 150 28 26 48 70 43 92
internal_value=-0.000588536 0.000509708 0.0027619 0.000558139 -0.000479167 0.000524271 0.00246 -0.000977587 -0.000635372 1.15377e-05 -0.00147739 -0.000530173 -0.000946603 -0.000110295
internal_weight=784 205 62 42 143 102 49 579 457 259 198 231 205 135
internal_count=784 205 62 42 143 102 49 579 457 259 198 231 205 135
is_linear=0
shrinkage=0.03


Tree=174
num_leaves=15
num_cat=0
split_feature=13 2 2 13 9 13 13 1 7 7 1 7 0 13
split_gain=0.381986 0.846976 0.677883 0.427174 0.392753 0.350262 0.467576 0.345799 0.461182 0.365424 0.434346 0.357086 0.307747 0.327501
threshold=3.2625360962012806 14.100145837923092 7.3287099632352914 3.2877271959001342 0.88144907265856365 3.3581807369931798 3.4282904644093786 14.841932812060366 4.9500000000000011 6.1500000000000012 12.831759144235951 6.8500000000000005 14.477298238986755 3.185065009498079
decision_type=10 2 2 10 2 10 10 2 2 2 2 2 2 8
left_child=2 3 -1 -2 5 -5 -7 8 -8 10 -10 -11 -4 -14
right_child=1 -3 12 4 -6 6 7 -9 9 11 -12 -13 13 -15
leaf_value=0.0018681519494443159 0.010699207181745036 0.00042674031658383082 -0.001003392953443935 -0.003127550854616655 -0.0085483674408165476 0.018921477915397378 -0.009074538223739749 -0.010654039228682619 0.0016528463865406859 -0.024228109826184386 0.00088480316917991799 0.00040595912825904212 -1.1631017618844669e-05 -0.012870558181669401
leaf_weight=27 21 34 147 31 45 24 28 46 38 30 64 24 183 43
leaf_count=27 21 34 147 31 45 24 28 46 38 30 64 24 183 43
internal_value=-0.000324428 0.00034974 -0.000972569 -9.37507e-05 -0.000362538 5.24468e-05 0.000423529 -7.12159e-10 0.000583783 0.00122293 0.00227184 -0.000763637 -0.00130749 -0.00060793
internal_weight=785 385 400 351 330 285 254 230 184 156 102 54 373 226
internal_count=785 385 400 351 330 285 254 230 184 156 102 54 373 226
is_linear=0
shrinkage=0.03


Tree=175
num_leaves=15
num_cat=0
split_feature=9 0 8 9 1 0 10 8 8 9 3 3 3 13
split_gain=0.780259 0.419214 0.578309 0.50618 0.448974 0.587062 0.305053 0.327112 0.293435 0.430378 0.211998 0.384401 0.489166 0.372056
threshold=0.97014794553715189 16.366283092436344 53.500000000000007 -0.88784492709732687 14.41030407053031 14.564943715348885 0.96965254237475851 16.950000000000003 33.050000000000004 -0.25881904510252113 12.243148930164491 9.8387089424762042 8.9643438591664211 3.897711265566699
decision_type=2 2 8 2 2 2 2 10 10 2 2 2 2 8
left_child=1 2 3 4 5 -1 7 10 -9 -10 11 12 13 -5
right_child=-2 -3 -4 6 -6 -7 -8 8 9 -11 -12 -13 -14 -15
leaf_value=2.155936661872124e-05 0.00032034844722033192 -0.0033405093134952464 0.00043759120634696505 0.00033535964479425437 -0.00050978622221286977 0.0096933409151914087 0.014581473809200302 -0.0051836015984767598 0.0028465440160554251 -0.0036325321856004881 0.0003371522657971965 -0.00038377633737678288 0.0035803136255095295 -0.029273644314737987
leaf_weight=31 37 97 23 104 21 23 26 168 30 59 26 66 29 32
leaf_count=31 37 97 23 104 21 23 26 168 30 59 26 66 29 32
internal_value=-7.76268e-06 -0.000224185 5.63373e-05 -0.000121754 0.00217105 0.0036 -0.000443624 -0.000605826 -0.00136047 3.33326e-05 0.000151162 -0.000142242 0.000632529 -0.000131388
internal_weight=772 735 638 615 75 54 540 514 257 89 257 231 165 136
internal_count=772 735 638 615 75 54 540 514 257 89 257 231 165 136
is_linear=0
shrinkage=0.03


Tree=176
num_leaves=15
num_cat=0
split_feature=9 2 13 13 7 2 2 0 3 0 9 13 12 0
split_gain=0.481485 0.552003 1.23153 0.389437 0.57391 0.362651 0.778208 0.614947 0.312694 0.392063 0.261675 0.213174 0.247458 0.226237
threshold=0.97014794553715189 7.5170110799556467 3.1233910917821626 3.3679762682953696 5.6500000000000012 14.100145837923092 11.750621713715503 15.287786894843455 12.841402511942185 15.165964624442799 0.44134171618254497 3.2837557712968031 1.0000000180025095e-35 13.991588878044549
decision_type=2 2 10 10 2 2 2 2 2 2 2 8 10 2
left_child=1 2 -1 8 10 6 7 -6 11 -10 -5 12 -3 -14
right_child=-2 3 -4 4 5 -7 -8 -9 9 -11 -12 -13 13 -15
leaf_value=0.0059417832780870395 0.00031975372364793925 -0.000543851083076743 -0.0017924572218437412 -0.0096370303347313689 0.0014709051632501619 0.00042477060910650844 -0.0024039650611119997 0.0024499459525454594 -0.00134463704206062 0.0065582951322468832 -0.00034053173565391038 -0.0048790149585550306 -0.0047069909984525675 6.2065670716294715e-05
leaf_weight=30 32 111 45 50 64 22 55 20 27 35 35 67 56 114
leaf_count=30 32 111 45 50 64 22 55 20 27 35 35 67 56 114
internal_value=-9.03149e-05 -0.000250001 0.00217105 -0.000529681 0.000412955 0.00146296 0.000878571 0.00268235 -0.00109489 0.000857142 -0.00156977 -0.00144413 -0.00107447 -0.000350878
internal_weight=763 731 75 656 246 161 139 84 410 62 85 348 281 170
internal_count=763 731 75 656 246 161 139 84 410 62 85 348 281 170
is_linear=0
shrinkage=0.03


Tree=177
num_leaves=15
num_cat=0
split_feature=9 4 13 13 9 9 13 13 2 10 7 0 13 5
split_gain=0.611911 0.512077 0.781306 0.418208 0.657369 0.415734 0.363192 0.422164 0.31383 1.2092 0.268903 0.400187 0.713544 0.266601
threshold=0.99904836074301928 7.1221004305343207 3.616104401834237 3.9132263560644254 -1.0000000180025095e-35 0.88144907265856365 3.9132263560644254 3.793269586835287 7.2056963496132722 -0.51128821893537901 6.6500000000000012 14.951744793098303 2.9449096154878842 8.8705082789630385
decision_type=2 2 10 10 2 2 10 10 2 2 2 2 10 2
left_child=1 6 5 -4 -5 10 7 8 9 -1 -3 12 -12 -13
right_child=-2 2 3 4 -6 -7 -8 -9 -10 -11 11 13 -14 -15
leaf_value=0.0042761505647122807 0.00028217201487584971 -0.0046388286236225366 0.00032691816907972368 -0.01032359097007964 0.0018092286654486749 0.0024102699595039607 -0.017376599069617294 0.00042631551648703562 -0.00045167410209001304 -0.01057280275744641 0.0021741067929732911 -0.012106977080860249 -0.00047341414002326172 0.0017035830961694542
leaf_weight=21 23 113 25 26 31 29 87 23 287 25 22 32 20 20
leaf_count=21 23 113 25 26 31 29 87 23 287 25 22 32 20 20
internal_value=-9.17205e-05 -0.000240158 0.000677115 0.00318072 0.0017069 -0.000202532 -0.000898649 -0.000470589 -0.00074551 0.00153191 -0.000677885 0.000505262 0.00265116 -0.00124528
internal_weight=784 761 318 82 57 236 443 356 333 46 207 94 42 52
internal_count=784 761 318 82 57 236 443 356 333 46 207 94 42 52
is_linear=0
shrinkage=0.03


Tree=178
num_leaves=15
num_cat=0
split_feature=7 9 2 7 0 1 8 8 0 13 13 9 5 7
split_gain=0.44593 0.531997 0.452634 0.359763 0.365728 0.982109 0.400802 1.04418 0.336763 0.343994 0.623146 0.617532 0.402645 0.4104
threshold=5.3500000000000005 0.97014794553715189 7.0878068469659921 5.4500000000000011 14.722880896086263 13.154072050558062 17.850000000000005 14.450000000000001 15.414201147005278 3.2877271959001342 3.897711265566699 0.25881904510252091 1.4311004404647345 6.1500000000000012
decision_type=2 2 2 2 2 2 10 8 2 10 10 2 2 2
left_child=2 3 -1 -2 6 -6 7 -5 -7 12 11 -11 13 -10
right_child=1 -3 -4 4 5 8 -8 -9 9 10 -12 -13 -14 -15
leaf_value=0.0014377670955509772 0.0090378364959206488 0.00031750509553414417 -0.0042437037865989619 -0.00055176262906382319 0.0030111777457616402 -0.0015181573525938237 -0.0089983692123494895 0.0052380901338001376 -0.00072788457667673939 0.014643715072892666 -0.0033059714130234587 0.00011138493120149146 -0.0052137123411971752 0.01877542816141246
leaf_weight=38 33 33 145 73 25 77 121 28 29 20 43 21 46 24
leaf_count=38 33 33 145 73 25 77 121 28 29 20 43 21 46 24
internal_value=9.51116e-05 0.000506968 -0.00119022 0.000277264 7.67709e-05 0.000786713 -0.000834081 0.000558823 0.000229884 0.000929347 0.00232941 0.00492857 -0.000270001 0.0015
internal_weight=756 573 183 540 507 285 222 101 260 183 84 41 99 53
internal_count=756 573 183 540 507 285 222 101 260 183 84 41 99 53
is_linear=0
shrinkage=0.03


Tree=179
num_leaves=15
num_cat=0
split_feature=2 13 2 2 1 8 13 2 1 1 10 2 2 1
split_gain=0.38655 0.335903 0.715446 0.531719 0.54252 0.602253 0.442724 0.447184 0.454895 0.735848 0.419098 0.414471 0.409397 0.24699
threshold=15.177045225538324 3.3679762682953696 3.0495986234554322 9.5129410555364498 13.017904528566254 20.950000000000003 3.2891799922809661 10.044975896648321 13.72490307704015 12.675288307114183 0.94490267940017758 11.841710678176403 14.100145837923092 14.382147574061419
decision_type=2 10 2 2 2 10 8 2 2 2 2 2 2 2
left_child=1 2 -1 -3 5 -5 7 -4 9 -9 -10 -11 13 -6
right_child=-2 3 6 4 12 -7 -8 8 10 11 -12 -13 -14 -15
leaf_value=0.0032752293791443675 0.00045557368642956566 -0.010821788073189861 -0.015092438649741616 0.0024274911943016975 0.00025465974603159231 -0.0034985372726040139 -0.0056676405470955657 -0.0035364345773062447 -0.00052238332448600747 0.00034552130393984454 0.00045397940541582095 0.0063832506117966143 0.00042457534061067959 -0.0014036990545870009
leaf_weight=24 21 68 53 35 89 21 76 39 166 28 26 28 25 72
leaf_count=24 21 68 53 35 89 21 76 39 166 28 26 28 25 72
internal_value=3.49734e-05 -7.98942e-05 -0.000612246 0.00067524 0.00133333 0.00389474 -0.000906476 -0.000439883 3.12493e-05 0.00171875 -0.000808291 0.00389474 0.000545454 -1.85192e-05
internal_weight=771 750 440 310 242 56 416 340 287 95 192 56 186 161
internal_count=771 750 440 310 242 56 416 340 287 95 192 56 186 161
is_linear=0
shrinkage=0.03


Tree=180
num_leaves=15
num_cat=0
split_feature=8 8 1 9 7 12 2 1 2 9 0 0 0 10
split_gain=0.400749 1.39691 1.39777 0.815056 0.441034 0.296964 0.467228 0.775284 0.350411 0.187322 0.163167 0.14254 0.504647 0.142536
threshold=14.050000000000002 10.450000000000001 13.030851436507916 0.76883451325334917 7.6500000000000012 1.5000000000000002 9.5129410555364498 15.065276086972649 11.031410673351454 1.0000000180025095e-35 16.55394079135576 14.704305009937988 15.614426231612116 -0.9141673389828272
decision_type=10 10 2 2 2 10 2 2 2 2 2 2 2 2
left_child=1 5 -3 9 10 11 -7 8 -8 -4 13 -1 -13 -2
right_child=4 2 3 -5 -6 6 7 -9 -10 -11 -12 12 -14 -15
leaf_value=-0.0012901998224137895 0.00062809349890696785 0.00091401991192607065 0.001331211628403496 0.014779771082986304 0.0012876530646188918 -0.014041464468565091 0.0025645120119071152 -0.017977076316833901 0.0020924445652396122 -0.0037623695469454588 -0.0030726844458091123 0.0008683554132903103 -0.0074078821568146517 -0.00031345052758405262
leaf_weight=45 66 29 27 22 30 25 23 22 30 31 30 28 39 328
leaf_count=45 66 29 27 22 30 25 23 22 30 31 30 28 39 328
internal_value=1.93292e-05 0.000829192 0.00357273 0.00148148 -0.000553847 -0.00059155 0.000594059 0.00177632 0.00372222 -0.00040678 -0.000804707 -0.00164602 -0.000750001 -0.000637975
internal_weight=775 321 109 80 454 212 100 75 53 58 424 112 67 394
internal_count=775 321 109 80 454 212 100 75 53 58 424 112 67 394
is_linear=0
shrinkage=0.03


Tree=181
num_leaves=15
num_cat=0
split_feature=8 7 1 1 8 1 2 7 13 8 10 13 7 10
split_gain=0.513534 0.708845 0.582331 1.12319 0.836976 0.331316 0.384266 0.295042 0.29222 0.27237 0.289213 0.649357 0.539443 0.330793
threshold=14.050000000000002 4.8500000000000005 13.578962822258948 12.675288307114183 10.450000000000001 13.959753339057587 11.134038766038875 7.6500000000000012 3.897711265566699 24.950000000000003 -0.33125622319804088 2.9450127606983019 5.8500000000000005 -0.9141673389828272
decision_type=10 2 2 2 10 2 2 2 8 10 2 10 2 2
left_child=1 -1 3 4 -3 -4 -7 8 9 10 13 -12 -13 -2
right_child=7 2 5 -5 -6 6 -8 -9 -10 -11 11 12 -14 -15
leaf_value=-0.014102746248688116 0.0035008597397157342 -0.0025380158892038588 -0.0065703747687370622 0.0017995830983848714 0.00055001068784418263 0.0044731265958087461 0.0001262278146095722 0.0022683933945446509 -0.015841515041688813 -0.00098782120890174253 -0.0070029918059546729 -0.0013651022228080149 0.01122278197722301 -0.0024801984237638338
leaf_weight=37 24 43 23 37 20 24 129 28 93 172 29 26 28 48
leaf_count=37 24 43 23 37 20 24 129 28 93 172 29 26 28 48
internal_value=-3.93772e-06 0.000926751 0.00145126 0.00326733 0.000796874 0.000406779 0.000915584 -0.000654789 -0.000855108 -0.000429879 0.000480769 0.00167857 0.0036 -0.00090411
internal_weight=761 313 276 100 63 176 153 448 420 327 155 83 54 72
internal_count=761 313 276 100 63 176 153 448 420 327 155 83 54 72
is_linear=0
shrinkage=0.03


Tree=182
num_leaves=15
num_cat=0
split_feature=13 10 3 13 1 3 13 13 7 1 2 7 13 1
split_gain=0.355937 0.654724 0.681831 0.249983 0.467413 0.554789 0.619264 0.451883 0.328741 0.394667 0.532855 0.472484 0.314306 0.27934
threshold=2.5563404911825818 0.60876142900872032 9.304283979348968 3.3581807369931798 14.816145456422202 11.773891633983878 2.8189988322557995 3.416460622098374 4.9500000000000011 14.841932812060366 11.870043351158801 5.7500000000000009 4.3957595904073594 12.831759144235951
decision_type=8 2 2 10 2 2 10 10 2 2 2 2 10 2
left_child=1 2 -1 4 -2 6 -6 -5 -9 10 12 -12 13 -10
right_child=3 -3 -4 7 5 -7 -8 8 9 -11 11 -13 -14 -15
leaf_value=0.0011175971568606843 -0.00068718479641361222 0.00064478847685050644 -0.0051480727743607813 0.020720486436144488 -0.00049347122347053536 -0.00094561065293322696 0.034096845151402926 -0.010089553321581714 0.0006150495911215264 -0.00065914292340888119 0.011802473746637884 -3.1197837338554559e-05 -0.022112092320520253 -0.00015165506190058221
leaf_weight=21 284 23 31 25 21 60 20 32 57 68 20 23 25 54
leaf_count=21 284 23 31 25 21 60 20 32 57 68 20 23 25 54
internal_value=-0.00017255 0.00177632 -0.000113208 -0.000386957 -0.000893783 0.00085294 0.0035 0.000255737 -9.64293e-05 0.000278225 0.00101667 0.00388636 8.75905e-05 0.000776785
internal_weight=764 75 52 689 385 101 41 304 279 247 179 43 136 111
internal_count=764 75 52 689 385 101 41 304 279 247 179 43 136 111
is_linear=0
shrinkage=0.03


Tree=183
num_leaves=15
num_cat=0
split_feature=8 8 3 8 13 12 10 13 13 13 1 2 8 8
split_gain=0.503304 1.63675 0.380766 0.526978 0.363232 0.496488 0.643099 0.755801 0.266601 0.236305 0.30602 0.64284 0.218103 0.183912
threshold=10.450000000000001 11.160000000000002 8.567573992841675 13.15 3.2755723530519245 2.5000000000000004 -0.68973679431060764 3.616104401834237 4.334430235496562 3.4983744031465629 12.785039405650375 10.729029416456493 18.550000000000004 4.1500000000000012
decision_type=8 10 2 10 8 10 2 8 10 8 2 2 10 10
left_child=13 -2 9 -4 12 6 -6 -8 -7 10 -3 -12 -5 -1
right_child=1 2 3 4 5 8 7 -9 -10 -11 11 -13 -14 -15
leaf_value=-0.0028902254038180473 0.0007313291324977856 -0.0031048552525430361 0.0025231988036324491 -0.00091796750055203027 -0.00062209227814308352 -0.035664668980128711 0.0086895260954780746 0.0089606324437534173 0.00071893943473467343 -0.014126585354787566 0.017362811457945868 -0.0017288412097261922 -0.0001039420098905896 -0.00061677375279179303
leaf_weight=23 25 41 41 39 31 32 34 23 20 78 22 27 139 173
leaf_count=23 25 41 41 39 31 32 34 23 20 78 22 27 139 173
internal_value=-0.000312417 0.000151898 -0.000210228 0.000341666 -7.52358e-05 0.00106383 0.00242697 0.0042931 -0.00124528 -0.00138462 -0.000329671 0.00126 -0.000972068 -0.00161421
internal_weight=748 552 527 359 318 140 88 57 52 168 90 49 178 196
internal_count=748 552 527 359 318 140 88 57 52 168 90 49 178 196
is_linear=0
shrinkage=0.03


Tree=184
num_leaves=15
num_cat=0
split_feature=2 10 7 8 13 4 0 8 10 2 13 2 10 8
split_gain=0.5381 1.1282 0.371479 0.353373 0.454576 0.647004 0.567141 0.521358 0.418006 0.349949 0.295793 0.231108 0.202318 0.225381
threshold=7.5170110799556467 -0.51128821893537901 5.7500000000000009 28.050000000000004 2.5563404911825818 4.2403942547612195 13.353275297248212 23.350000000000005 0.14778689904036479 13.040398288554799 3.3608817317346471 13.74017179067836 -0.38469719700095517 34.550000000000004
decision_type=2 2 2 10 8 2 2 10 2 2 8 2 2 10
left_child=1 -1 12 4 -4 8 -7 -8 -6 -5 -3 -11 -2 -14
right_child=2 10 3 9 5 6 7 -9 -10 11 -12 -13 13 -15
leaf_value=0.0020453732316305603 -0.0039289596848648741 0.00040612148584236288 0.0013351593896162319 -0.019645797662137188 0.0034219241957939689 0.0079620572724336206 -0.00074845890595235916 0.00026748438116560252 -0.00024278793065194779 0.002467010426627462 -0.024496280253803408 -0.0018118896055785878 -0.00041977461403783722 0.0031833754926416662
leaf_weight=31 105 26 35 59 27 35 158 26 20 20 26 33 133 24
leaf_count=31 105 26 35 59 27 35 158 26 20 20 26 33 133 24
internal_value=-0.00022925 0.00203571 -0.000510356 5.07239e-05 0.000586092 0.000157303 -0.000531819 -0.0012 0.0033125 -0.00138053 -0.000679246 0.000388888 -0.00139164 -0.000702532
internal_weight=758 83 675 413 301 266 219 184 47 112 52 53 262 157
internal_count=758 83 675 413 301 266 219 184 47 112 52 53 262 157
is_linear=0
shrinkage=0.03


Tree=185
num_leaves=15
num_cat=0
split_feature=13 0 0 1 7 10 7 8 8 7 9 7 13 13
split_gain=0.48487 0.542127 0.259322 0.776436 1.6646 0.696649 0.836778 0.679845 0.762542 0.589872 0.380975 0.557837 0.395702 0.349919
threshold=2.5563404911825818 14.951744793098303 12.347128233037898 13.076813198341064 5.3500000000000005 -0.70710678118654757 6.4500000000000011 10.050000000000002 15.750000000000002 7.0500000000000007 0.19066188855616564 5.2500000000000009 3.7266031251534857 3.0406927510862691
decision_type=8 2 2 2 2 2 2 10 10 2 2 2 10 8
left_child=1 -1 -2 4 -4 6 13 -6 -9 -8 11 -7 -13 -5
right_child=2 -3 3 5 7 10 9 8 -10 -11 -12 12 -14 -15
leaf_value=0.0013027419721044118 -0.006645746476729459 -6.4364739206130032e-05 -0.0031187518668278772 0.00076635519190976123 0.00012945338761811243 0.0048788725037792417 0.014915659549679029 0.00063799790281547967 0.012817546006293415 -0.00036611095276273226 -0.0044398476311539427 -0.0012421333590907754 0.0006829012100767935 -0.0020690546714859774
leaf_weight=38 79 42 69 20 26 20 21 21 40 22 179 91 30 65
leaf_count=38 79 42 69 20 26 20 21 21 40 22 179 91 30 65
internal_value=2.74862e-05 0.00222222 -0.000232457 -1.98354e-05 0.00179618 -0.000654789 0.0012093 0.00453409 0.00624193 0.00456818 -0.00140187 -0.000232395 -0.0010082 -0.000523257
internal_weight=763 80 683 604 156 448 128 87 61 43 320 141 121 85
internal_count=763 80 683 604 156 448 128 87 61 43 320 141 121 85
is_linear=0
shrinkage=0.03


Tree=186
num_leaves=15
num_cat=0
split_feature=8 13 4 0 9 2 10 8 2 7 10 7 2 8
split_gain=0.477789 0.298309 0.671406 0.305367 0.221706 0.213705 0.174706 0.307528 0.596022 0.53864 0.543491 0.457071 0.408474 0.534855
threshold=53.500000000000007 2.5563404911825818 8.9596277427398867 16.985354158226851 -0.79335334029123528 11.031410673351454 0.70244862051411394 14.65 12.418738284306258 6.9500000000000011 -0.76037701167087501 6.6500000000000012 12.276427878909496 10.050000000000002
decision_type=8 8 2 2 2 2 2 10 2 2 2 2 2 10
left_child=1 2 5 4 -3 -1 7 12 11 10 -10 -9 13 -6
right_child=-2 3 -4 -5 6 -7 -8 8 9 -11 -12 -13 -14 -15
leaf_value=0.00030905542783039674 0.00063582948366401376 -0.00033007093307772063 0.0013792541234690864 0.0039686146879424136 4.9023226967702338e-05 -0.0073032154263948735 -0.00061890200572124591 -0.0099051299628630917 -0.00012101654573256024 -0.0068478008135409345 0.013176556587373463 9.571774526414035e-05 -0.0024683540893546286 0.0010359370143246391
leaf_weight=20 26 121 24 26 74 20 163 114 21 27 25 36 42 49
leaf_count=20 26 121 24 26 74 20 163 114 21 27 25 36 42 49
internal_value=-0.000144487 -0.000283094 0.00166154 -0.00046352 -0.000588411 -0.000731708 -0.000331522 1.54235e-05 -0.000709822 0.0015 0.00344681 -0.00178808 0.000993975 0.0018629
internal_weight=788 762 64 698 672 40 551 388 223 73 46 150 165 123
internal_count=788 762 64 698 672 40 551 388 223 73 46 150 165 123
is_linear=0
shrinkage=0.03


Tree=187
num_leaves=15
num_cat=0
split_feature=10 3 1 1 8 6 7 3 3 10 8 8 8 4
split_gain=0.423798 0.493004 0.710358 0.380104 0.426038 0.333961 0.57254 0.465115 0.509224 0.406644 0.405314 1.00732 0.304154 0.27202
threshold=0.25881904510252057 1.3195286648076296 13.974207446901717 12.611143689029712 14.850000000000003 0.54930614433405489 6.5500000000000007 10.751432343955155 12.818920483073411 -0.82968937203783677 9.4500000000000011 13.15 21.600000000000005 11.868493959139403
decision_type=2 2 2 2 10 2 2 2 2 2 10 10 10 2
left_child=1 2 3 4 -1 6 9 -8 -9 -3 -11 -12 -13 -2
right_child=13 5 -4 -5 -6 -7 7 8 -10 10 11 12 -14 -15
leaf_value=0.00063342132426333873 -0.00078067976873638471 -0.0032779557542989449 0.015931291917079819 -0.014113895597799237 -0.0072503156623912497 -0.005242270712893576 0.0074358346675647714 -0.00039833412549398318 0.00053605738861690303 -0.0017286501557355937 0.0016834743898324282 -0.0008197769940343862 0.000132980653238063 0.00036503600619950766
leaf_weight=20 285 109 24 28 29 32 28 39 31 37 34 41 32 23
leaf_count=20 285 109 24 28 29 32 28 39 31 37 34 41 32 23
internal_value=-8.3229e-05 0.000470102 0.00232353 0.000884615 0.00246 -2.34382e-05 0.000247158 0.00218182 0.00084507 -0.000507875 0.00053793 0.00147222 -0.000527028 -0.000951457
internal_weight=792 484 101 77 49 383 351 98 70 253 144 107 73 308
internal_count=792 484 101 77 49 383 351 98 70 253 144 107 73 308
is_linear=0
shrinkage=0.03


Tree=188
num_leaves=15
num_cat=0
split_feature=0 8 8 9 7 8 8 0 2 10 4 7 3 3
split_gain=0.574005 0.386251 0.347388 0.672942 0.332964 0.415361 0.448262 0.814791 0.545078 0.439403 0.559747 0.308495 0.217921 0.664523
threshold=14.911873573921131 39.20000000000001 33.050000000000004 1.0000000180025095e-35 4.6500000000000012 19.600000000000005 10.450000000000001 12.97344749778412 10.580777936291986 -0.62241982464324219 1.0000000180025095e-35 7.4500000000000011 12.549982251443915 13.039029518713475
decision_type=2 10 8 2 2 10 10 2 2 2 2 2 2 2
left_child=1 2 4 -4 -1 6 8 -8 -6 -9 -11 12 -2 -14
right_child=11 -3 3 -5 5 -7 7 9 -10 10 -12 -13 13 -15
leaf_value=-0.024505830780775943 -0.00083093150138101399 -0.018817476855464293 0.0052560393592626662 -0.010442569929151154 -0.01731732327319634 -0.00090858679011110899 0.0012468141643188007 0.0015249549140556389 0.00038168841874919253 0.0012123691876855408 -0.00088576938317094724 0.00043184993737063537 0.012570996600231735 -0.0026415597004240052
leaf_weight=36 264 39 24 23 44 93 29 33 30 22 40 22 25 38
leaf_count=36 264 39 24 23 44 93 29 33 30 22 40 22 25 38
internal_value=-0.00012582 0.000630434 0.000927999 0.0033125 0.000576219 0.000914383 0.00168844 0.002784 -0.000160001 0.00140625 -9.52388e-05 -0.00102 -0.00125305 0.000328124
internal_weight=762 413 374 47 327 291 198 124 74 95 62 349 327 63
internal_count=762 413 374 47 327 291 198 124 74 95 62 349 327 63
is_linear=0
shrinkage=0.03


Tree=189
num_leaves=15
num_cat=0
split_feature=0 13 9 1 0 8 8 9 13 2 8 9 7 0
split_gain=0.305276 0.62126 0.485593 0.214866 0.263543 0.45738 0.619026 0.575977 0.344282 0.581122 0.57567 0.84951 0.415926 0.323866
threshold=16.440195405134329 2.2711502604392559 0.76883451325334917 15.505743709361562 14.413020877429942 33.050000000000004 6.9500000000000011 -0.25881904510252113 3.2755723530519245 7.3287099632352914 18.550000000000004 -0.70710678118654735 6.0100000000000007 14.735977770574722
decision_type=2 8 2 2 2 10 10 2 10 2 10 2 2 2
left_child=1 -1 -2 4 8 6 -6 -7 9 -3 11 -10 -13 -8
right_child=2 3 -4 -5 5 7 13 -9 10 -11 -12 12 -14 -15
leaf_value=0.00071040967658945824 -0.012036108686006399 0.0028670525179561278 0.010695050233177909 -0.00057409201509990733 0.0073673272103578318 0.0099564463337681996 0.0012410340865834423 0.00027965872676106508 -0.0076242090610884787 -0.0040889928427634802 -0.0044086647187852332 0.00041214065802265472 0.01433874740075813 -0.00046795127488475876
leaf_weight=22 70 27 24 54 34 20 50 26 21 132 64 36 23 176
leaf_count=22 70 27 24 54 34 20 50 26 21 132 64 36 23 176
internal_value=-0.000111539 0.000109329 -0.00170526 -5.87357e-05 0.000103278 0.000723126 0.000229884 0.00344681 -0.000523027 -0.00148125 0.00053793 0.00222222 0.00405 -0.000343613
internal_weight=779 685 94 663 609 306 260 46 303 159 144 80 59 226
internal_count=779 685 94 663 609 306 260 46 303 159 144 80 59 226
is_linear=0
shrinkage=0.03


Tree=190
num_leaves=15
num_cat=0
split_feature=8 8 7 2 4 3 2 3 2 2 2 8 2 8
split_gain=0.31737 0.560718 0.54946 0.506413 0.460521 0.43028 1.28672 0.440079 0.68708 0.32168 0.489532 0.31758 0.76907 0.268259
threshold=13.050000000000002 12.450000000000001 7.2500000000000009 1.0000000180025095e-35 7.3742712354905029 10.855150160750037 12.276427878909496 9.5902192356746792 11.498504052663749 10.555682468768937 11.0208712808176 8.3000000000000025 9.2491426686118263 24.850000000000005
decision_type=10 8 2 2 2 2 2 2 2 2 2 10 2 10
left_child=1 5 3 -2 -4 7 -7 8 11 -5 -11 12 -1 -12
right_child=2 -3 4 9 -6 6 -8 -9 -10 10 13 -13 -14 -15
leaf_value=-0.023894414170150698 0.0039377709902191829 0.002085515960541007 0.0084393547304329377 -0.016650836222945747 1.3528130679061151e-05 0.00017530805655888222 -0.00037448451426032087 -0.00089782326779496856 0.0080915169065447941 0.00098349668231476626 -0.00078083501154175433 -0.00054221033173718178 0.0045961303825108411 -0.00062142198561300054
leaf_weight=23 31 26 20 75 45 20 46 45 21 39 123 72 33 134
leaf_count=23 31 26 20 75 45 20 46 45 21 39 123 72 33 134
internal_value=-1.19371e-05 0.000773518 -0.00049359 -0.000908189 0.00204545 0.000344827 0.00241791 -0.000369231 0.000419999 -0.00121774 -0.000767677 -0.000418605 0.00126316 -0.00124419
internal_weight=753 286 467 402 65 260 66 194 149 371 296 128 56 257
internal_count=753 286 467 402 65 260 66 194 149 371 296 128 56 257
is_linear=0
shrinkage=0.03


Tree=191
num_leaves=15
num_cat=0
split_feature=6 1 13 0 0 4 1 1 13 13 9 0 0 10
split_gain=0.340943 0.477976 0.466781 0.405231 0.31338 0.311842 0.384913 0.419884 0.292857 0.356543 0.550196 0.554745 0.333418 0.548477
threshold=8.0679323707155444 14.998602754694193 2.4859113331897214 12.766868107645456 16.828813635049467 9.4649603676337026 13.747592277435531 14.422245486766991 4.5460005040321692 3.2794349174880142 0.62577451934763018 13.555618910192093 14.609368405666592 -0.78387299218671014
decision_type=2 2 8 2 2 2 2 2 10 10 2 2 2 2
left_child=1 2 -1 -4 -3 8 -7 -8 9 -5 11 -11 -13 -14
right_child=-2 4 3 5 -6 6 7 -9 -10 10 -12 12 13 -15
leaf_value=0.00070416679981981139 0.00050487014532466076 -0.0039805599128298922 -0.0065243130074091093 -0.00012162990669819788 0.0015685694429921919 0.00013689330272813959 -0.0065573872262854049 0.0074814692027065791 -0.024585009730719695 0.0092679439883754516 -0.0048675661383843442 -0.0011577570716078611 -0.0039059901176099437 0.0031493144767006367
leaf_weight=42 22 122 93 176 39 25 27 22 26 21 53 40 20 48
leaf_count=42 22 122 93 176 39 25 27 22 26 21 53 40 20 48
internal_value=5.40533e-05 -5.56299e-05 0.000338383 0.00010326 -0.0015 0.000470588 0.00224 0.000659999 0.000124675 0.000350974 0.00127869 0.00233077 0.00143119 0.00269565
internal_weight=776 754 593 551 161 458 74 49 384 358 182 129 108 68
internal_count=776 754 593 551 161 458 74 49 384 358 182 129 108 68
is_linear=0
shrinkage=0.03


Tree=192
num_leaves=15
num_cat=0
split_feature=2 0 2 0 13 13 0 0 3 0 2 2 13 10
split_gain=0.47823 0.956478 0.461076 0.428558 0.365248 0.675538 0.283139 0.507756 0.458139 0.449003 0.593639 0.955665 0.494082 0.423196
threshold=7.5170110799556467 13.897368025316764 14.178598277222433 12.546949199320199 3.3256126436234568 2.8888307077117577 15.614426231612116 14.477298238986755 8.6562588609406976 15.009232588052667 11.298323257794562 12.461283157435284 3.0790922744843354 1.0000000180025095e-35
decision_type=2 2 2 2 10 8 2 2 2 2 2 2 10 2
left_child=1 3 6 -1 5 -4 7 8 -2 10 -9 -12 -11 -10
right_child=2 -3 4 -5 -6 -7 -8 9 13 12 11 -13 -14 -15
leaf_value=0.0015223729361569182 -0.011283244047926529 0.0032857851387547671 0.00032338407421137583 -0.0095088994473332984 0.0013766737299813708 -0.012602643114361555 -0.0025927400578236491 -0.00082981095414604857 -0.0006798719741723955 0.00059606920595528686 0.018688801004443679 0.00027245517178929612 -0.0029669548265929828 0.00074478732534568682
leaf_weight=27 99 23 20 25 27 26 175 41 82 48 21 24 64 71
leaf_count=27 99 23 20 25 27 26 175 41 82 48 21 24 64 71
internal_value=-8.9148e-05 0.00217105 -0.000334765 -0.000113208 0.0019054 0.000255318 -0.000599042 -0.000199557 -0.00109091 0.000934673 0.00255172 0.0048913 -0.000318585 -5.84423e-05
internal_weight=773 75 698 52 73 46 625 450 252 198 86 45 112 153
internal_count=773 75 698 52 73 46 625 450 252 198 86 45 112 153
is_linear=0
shrinkage=0.03


Tree=193
num_leaves=15
num_cat=0
split_feature=6 0 10 0 0 1 1 3 1 2 2 0 10 1
split_gain=0.433519 0.412207 0.397394 0.455135 0.484043 0.51789 0.93795 1.49106 0.405065 1.04018 0.380327 0.374919 0.411681 0.252056
threshold=7.380480006029317 15.518871597745168 -0.96047288537312736 12.746658598067368 13.4165489542986 12.634404307685591 13.154072050558062 7.5909278755257086 14.841932812060366 13.368459416465091 10.370668320987154 17.183787271371653 -0.96047288537312736 14.402360757206123
decision_type=2 2 2 2 2 2 2 2 2 2 2 2 2 2
left_child=1 2 -1 -4 10 -6 7 -7 9 13 -5 12 -3 -8
right_child=-2 11 3 4 5 6 8 -9 -10 -11 -12 -13 -14 -15
leaf_value=-0.0058987052597762671 0.0017821334098339153 0.0048374479519248522 -0.0075209431034931468 -0.00083899895971765884 -0.0041827009662102361 -0.0089994173357221194 -0.0012537911524355013 0.0046513856986685354 -0.0004510776381494393 0.012431354161231241 0.0065750277389706804 0.00017245856133348895 -0.0023148003732632529 0.0011173264189993969
leaf_weight=70 20 33 75 24 56 22 111 21 41 24 34 21 173 26
leaf_count=70 20 33 75 24 56 22 111 21 41 24 34 21 173 26
internal_value=3.59035e-05 -8.60663e-05 0.000392078 0.000731034 0.001175 0.00068543 0.00128049 0.00525 0.000413792 0.00109259 0.00366102 -0.00114474 -0.00153623 6.52167e-05
internal_weight=751 731 504 434 359 301 245 43 202 161 58 227 206 137
internal_count=751 731 504 434 359 301 245 43 202 161 58 227 206 137
is_linear=0
shrinkage=0.03


Tree=194
num_leaves=15
num_cat=0
split_feature=13 13 2 7 2 3 13 13 13 0 3 0 13 13
split_gain=0.353629 0.93906 0.486104 0.547884 0.49361 0.388435 0.260219 0.301903 0.394663 0.312876 0.307484 0.28563 0.263233 0.46286
threshold=3.897711265566699 3.778065330117284 7.5170110799556467 4.8500000000000005 14.989778137625924 12.960635500643818 2.2473999400211775 3.2528179349535749 3.2837557712968031 14.496816363078841 12.23257817002929 14.951744793098303 3.3679762682953696 3.4428658756942112
decision_type=8 10 2 2 2 2 10 10 10 2 2 2 10 10
left_child=1 2 3 -1 6 -2 -4 9 -9 -8 12 -11 -10 -14
right_child=5 -3 4 -5 -6 -7 7 8 10 11 -12 -13 13 -15
leaf_value=-0.00022999007731341705 -0.0034329917095811111 0.00062844638873713835 0.0015424766553074375 0.0016731297298219088 0.00047118459388215096 0.00045606808696584892 -0.0032017955801888552 0.0091226841127241953 -0.024252334922278483 0.00037969083278404595 0.014247075515147357 -0.00032217844877757305 0.0058369819456761257 -0.00029877874640464738
leaf_weight=24 159 32 20 27 20 21 126 20 34 35 25 131 21 75
leaf_count=24 159 32 20 27 20 21 126 20 34 35 25 131 21 75
internal_value=-7.14328e-10 0.000355329 6.44e-05 0.00282692 -0.000218505 -0.00116022 -0.000411886 -0.000557693 0.000426136 -0.00114676 -9.61546e-05 -0.000287426 -0.000687024 0.000123711
internal_weight=770 590 558 51 507 180 487 467 175 292 155 166 130 96
internal_count=770 590 558 51 507 180 487 467 175 292 155 166 130 96
is_linear=0
shrinkage=0.03


Tree=195
num_leaves=15
num_cat=0
split_feature=13 13 4 1 9 5 0 13 0 2 1 1 2 13
split_gain=0.24451 0.890489 0.522427 0.616312 0.34102 0.296508 0.30217 0.514828 0.66634 0.36486 1.10599 0.440272 0.269527 0.216199
threshold=3.9132263560644254 3.793269586835287 7.1221004305343207 14.940873048181988 0.98886523145552097 10.073769324186348 15.518871597745168 2.4859113331897214 12.99662366452964 10.044975896648321 13.017904528566254 12.59263845812521 8.4272348340432597 3.616104401834237
decision_type=8 10 2 2 2 2 2 10 2 2 2 2 2 10
left_child=1 4 -2 -4 5 6 7 -1 -9 12 11 -11 -10 -12
right_child=2 -3 3 -5 -6 -7 -8 8 9 10 13 -13 -14 -15
leaf_value=0.00062115762989404112 -0.0094526717878838269 0.00033690995171811164 0.010220573278461821 -0.00048808392327055121 0.0038402321230010619 0.0005022932832500429 -0.0011100132751962436 -0.006999596007480474 6.3520159627259139e-05 0.00075686971879957007 -0.0003418686048402076 0.0013191453814652393 -0.013942868490466795 0.0014539228087236172
leaf_weight=30 110 38 27 46 22 31 124 78 21 22 139 20 39 20
leaf_count=30 110 38 27 46 22 31 124 78 21 22 139 20 39 20
internal_value=8.9843e-05 0.000389743 -0.000864131 0.00109459 7.67817e-05 -8.00007e-05 -0.000261134 0.00017027 -0.000167648 0.000561068 0.00117327 0.00544186 -0.00147541 1.87493e-05
internal_weight=767 584 183 73 546 524 493 369 339 261 201 42 60 159
internal_count=767 584 183 73 546 524 493 369 339 261 201 42 60 159
is_linear=0
shrinkage=0.03


Tree=196
num_leaves=15
num_cat=0
split_feature=13 13 3 10 1 3 4 1 8 3 7 8 1 10
split_gain=0.496878 0.748683 0.468603 0.304133 0.451744 0.994747 1.81165 0.492698 0.563732 0.520584 0.44997 0.408157 0.407008 0.340729
threshold=3.9132263560644254 3.778065330117284 12.243148930164491 -0.82968937203783677 13.096308965802882 7.9882021567484687 8.2348271054993472 15.449927355022185 15.500000000000002 6.519686498136763 6.4500000000000011 11.160000000000002 16.426200317360877 1.0000000180025095e-35
decision_type=8 10 2 2 2 2 2 2 10 2 2 10 2 2
left_child=1 3 -2 -1 5 11 -7 8 9 -6 -11 -5 -9 -13
right_child=2 -3 -4 4 7 6 -8 12 -10 10 -12 13 -14 -15
leaf_value=-0.00034306613732433658 -0.012948112145625992 0.00024529424798814213 0.000283661112971007 -0.0043337637494790032 0.0094987559909097199 0.0085177259379712444 -0.00049799723702962154 0.017793923533194422 -0.0022706106517528068 -0.00031401766266600127 0.00014365466139222425 0.001795520044974846 -0.0013179962011893877 -0.006107156148473702
leaf_weight=126 148 33 27 27 21 36 22 29 137 73 21 25 22 27
leaf_count=126 148 33 27 27 21 36 22 29 137 73 21 25 22 27
internal_value=0.000294193 0.000704999 -0.00110796 0.000444444 0.000816326 0.00223913 0.00518644 0.000167762 -0.000379447 0.00116379 0.000189473 3.74993e-05 0.00282692 0.0015849
internal_weight=774 599 175 566 440 137 58 303 252 115 94 79 51 52
internal_count=774 599 175 566 440 137 58 303 252 115 94 79 51 52
is_linear=0
shrinkage=0.03


Tree=197
num_leaves=15
num_cat=0
split_feature=3 8 8 0 1 9 10 3 1 1 1 13 13 10
split_gain=0.458177 0.471462 1.02 1.5986 0.521671 0.378669 0.246508 0.27323 0.425714 0.269733 0.252095 0.244413 0.331748 0.590012
threshold=13.738557155961646 14.65 10.050000000000002 14.003662910928325 15.476465408796249 -0.25881904510252113 -0.62241982464324219 8.4152656841796283 13.076813198341064 13.708331943677573 14.65583779845973 2.5122293040797166 3.094662338278956 1.0000000180025095e-35
decision_type=2 10 8 2 2 2 2 2 2 2 2 10 10 2
left_child=1 2 11 -4 5 -5 -3 -8 -9 -10 -11 -1 13 -13
right_child=-2 6 3 4 -6 -7 7 8 9 10 -12 12 -14 -15
leaf_value=-0.0028481076801895764 0.00029872751961355502 -0.00099732653744439301 0.000931450262490135 0.00091547331988875913 0.0065974525356214979 -0.0075484187608188024 -0.0055460037168935782 0.0095354040428417015 -0.029972079197566229 0.00025859190651461578 -0.00018824936133784087 -0.00051923347780258571 -0.0028535319850705992 0.00133284526493962
leaf_weight=34 38 148 30 25 22 59 86 38 28 40 57 20 129 20
leaf_count=34 38 148 30 25 22 59 86 38 28 40 57 20 129 20
internal_value=6.19348e-05 -0.000105835 0.000714705 0.00271533 0.00095327 -0.000141177 -0.000806533 -0.000228001 0.000493902 -0.000357144 0.000397958 -0.000632354 -0.000158824 0.00219512
internal_weight=774 736 339 136 106 84 397 249 163 125 97 203 169 40
internal_count=774 736 339 136 106 84 397 249 163 125 97 203 169 40
is_linear=0
shrinkage=0.03


Tree=198
num_leaves=15
num_cat=0
split_feature=13 13 10 2 2 2 10 1 1 2 3 8 7 7
split_gain=0.780834 0.612804 0.909848 0.580936 0.378081 0.436966 0.575779 0.603095 0.348075 0.574798 0.432686 0.37863 0.308963 0.258906
threshold=3.897711265566699 3.6332379010440925 1.0000000180025095e-35 7.5170110799556467 9.2491426686118263 10.950053922370072 -0.38469719700095517 13.489926929101598 14.764333593697641 13.066590298738898 12.818920483073411 24.250000000000004 4.8500000000000005 7.1500000000000012
decision_type=8 10 2 2 2 2 2 2 2 2 2 10 2 2
left_child=1 3 -3 12 -5 6 -6 -8 -7 -10 -11 -12 -1 -2
right_child=13 2 -4 4 5 8 7 -9 9 10 11 -13 -14 -15
leaf_value=0.002755023172633968 -0.010738936955567267 0.0007370338056918829 -0.00014462264951983005 -0.01043747500989385 -0.0042415278991692236 -0.00097581163002859433 0.0028898194353809501 -0.0011301753815382096 0.011979870942368966 -0.0031953094149642842 0.012227722471752463 -0.0042505228851404276 0.0019357967849406028 7.5869605889243577e-05
leaf_weight=24 173 39 36 42 43 207 36 22 40 39 20 20 24 20
leaf_count=24 173 39 36 42 43 207 36 22 40 39 20 20 24 20
internal_value=-9.54206e-05 0.000445193 0.00296053 7.52889e-05 -0.000248937 2.10273e-05 0.00173529 0.00366102 -0.000513762 0.000774999 -0.000712501 0.00146341 0.00318367 -0.00174742
internal_weight=785 592 75 517 469 427 101 58 326 119 79 40 48 193
internal_count=785 592 75 517 469 427 101 58 326 119 79 40 48 193
is_linear=0
shrinkage=0.03


Tree=199
num_leaves=15
num_cat=0
split_feature=9 13 2 13 13 8 8 9 0 7 13 8 7 10
split_gain=0.524021 1.31993 0.446349 0.75875 1.20468 0.440315 0.582719 0.426989 0.339062 0.378709 0.398139 0.80504 0.426243 0.381142
threshold=-0.33961250367033008 2.5563404911825818 12.025803037913066 3.9132263560644254 3.6230815368975491 23.250000000000004 13.050000000000002 -0.74458692413791694 10.920792088380225 5.0500000000000007 3.778065330117284 12.050000000000002 6.5500000000000007 1.0000000180025095e-35
decision_type=2 8 2 10 8 10 10 2 2 2 10 10 2 2
left_child=1 -1 3 4 5 6 -3 -4 -2 -10 -11 13 -13 -12
right_child=8 2 7 -5 -6 -7 -8 -9 9 10 11 12 -14 -15
leaf_value=0.00059964587621865525 0.0044545546765602743 3.6900306256783391e-05 -0.0021282005980446423 -0.020025290756990471 0.000828278270973412 0.0078397139391556351 -0.008525296115618473 0.00049325132601761015 -0.0078113712556351746 -0.00064397494991980434 0.00053327807979157578 -0.018786314212432331 0.00075072498366758524 0.00023503959968288626
leaf_weight=24 24 38 47 26 22 28 33 43 68 318 23 34 22 20
leaf_count=24 24 38 47 26 22 28 33 43 68 318 23 34 22 20
internal_value=0.000272373 0.00136259 0.000668067 0.00168243 0.00268033 0.00123 -4.16674e-05 -0.000989012 -0.000288236 -0.000462964 -0.00012201 0.00153 -0.000842106 0.00456818
internal_weight=770 261 237 147 121 99 71 90 509 485 417 99 56 43
internal_count=770 261 237 147 121 99 71 90 509 485 417 99 56 43
is_linear=0
shrinkage=0.03


Tree=200
num_leaves=15
num_cat=0
split_feature=1 0 3 9 3 7 13 9 9 2 8 4 11 2
split_gain=0.67355 1.6724 1.61042 0.622128 1.2772 1.02632 0.805423 0.493973 0.575874 0.415996 0.418477 0.417596 0.445181 0.485485
threshold=13.154072050558062 14.449487272817015 7.9882021567484687 -0.5 6.2412381778426349 6.6500000000000012 3.2104665914503525 0.51124928235797451 0.86382728211298232 11.518526451329047 18.850000000000005 11.310441050382765 1.0000000180025095e-35 12.252935499546455
decision_type=2 2 2 2 2 2 10 2 2 2 10 2 2 2
left_child=1 7 -3 4 -2 -6 -7 -1 -9 -5 11 12 13 -11
right_child=3 2 -4 9 5 6 -8 8 -10 10 -12 -13 -14 -15
leaf_value=-0.00012625217152353519 0.018327515297335759 0.0011467921085206092 0.0037256964451392208 -0.005208854594942294 -0.0012417789035513425 -0.00023271550178622106 0.00031971590899085273 0.00083486334957978963 0.00022895702470095765 0.005362636600566793 -0.0026193704144880439 0.00718973796716137 -0.0031796690020287018 -0.00030427881588183605
leaf_weight=145 20 21 22 122 88 25 20 20 38 30 116 22 47 34
leaf_count=145 20 21 22 122 88 25 20 20 38 30 116 22 47 34
internal_value=0.000700388 0.0019919 0.00729545 9.14279e-05 0.0016948 0.000604477 0.00423913 0.000838235 0.00315254 -0.000572581 0.000131999 0.00127612 0.000508928 0.00212308
internal_weight=770 246 43 524 153 133 45 203 58 371 249 133 111 64
internal_count=770 246 43 524 153 133 45 203 58 371 249 133 111 64
is_linear=0
shrinkage=0.03


Tree=201
num_leaves=15
num_cat=0
split_feature=9 13 2 2 13 9 13 8 8 5 8 9 8 1
split_gain=0.411154 0.315101 0.76954 0.717705 0.618914 0.910143 1.78932 0.4702 0.933081 0.287065 0.391807 0.206437 0.354941 0.198925
threshold=0.97014794553715189 3.2755723530519245 7.5170110799556467 14.100145837923092 3.9132263560644254 -0.5 3.6001849006244639 10.65 17.950000000000003 10.073769324186348 5.6500000000000012 -1.0000000180025095e-35 12.050000000000002 14.841932812060366
decision_type=2 10 2 2 10 2 10 10 10 2 10 2 10 2
left_child=1 2 -1 4 5 6 -3 -7 -9 10 -4 -6 -13 -12
right_child=-2 3 9 -5 11 7 -8 8 -10 -11 13 12 -14 -15
leaf_value=0.0016828799018161358 0.00033701708215332624 0.00043629730702391843 0.00043517248280136529 0.0018608999865528208 -0.024619745801291421 -0.0046176666609664997 0.00088373744480295011 0.010555530291426252 -0.0014669000186094663 0.00013757669474543033 -0.00042661947854558135 0.0044445265606702948 -0.013920184247041898 -0.010254059003596782
leaf_weight=29 38 41 20 34 48 37 20 33 64 22 231 29 40 85
leaf_count=29 38 41 20 34 48 37 20 33 64 22 231 29 40 85
internal_value=0.000229274 6.94816e-05 -0.000518042 0.000726224 0.00026837 0.00130102 0.00430645 -8.88896e-05 0.0010102 -0.000902508 -0.00112166 -0.00144915 -0.000385715 -0.0013817
internal_weight=771 733 387 346 312 195 61 134 97 358 336 117 69 316
internal_count=771 733 387 346 312 195 61 134 97 358 336 117 69 316
is_linear=0
shrinkage=0.03


Tree=202
num_leaves=15
num_cat=0
split_feature=9 13 13 9 9 3 5 4 0 13 4 0 0 1
split_gain=0.420747 0.336836 1.3085 1.57717 0.445264 0.337035 0.208842 0.387404 0.196535 0.328147 0.35898 0.352165 0.279106 0.807143
threshold=0.99320668981236115 3.6230815368975491 3.9132263560644254 -0.33961250367033008 0.44134171618254497 7.5909278755257086 3.6158243666982455 7.1221004305343207 15.939706875668529 2.8972419837873922 5.0070950122522957 15.509268706681548 13.246551078836207 13.154072050558062
decision_type=2 10 10 2 2 2 2 2 2 8 2 2 2 2
left_child=1 8 3 -3 -5 -4 7 -7 9 12 -11 -12 -1 -14
right_child=-2 2 5 4 -6 6 -8 -9 -10 10 11 -13 13 -15
leaf_value=-0.00055509410754152756 0.0016994840277439016 0.00035746189893316011 -0.022912590569560597 -0.0016168140371953092 0.0040915483022755557 -0.0042419897126656347 -0.00055115020244972726 0.0058645135291387979 -0.003086578421128154 0.00044285406856199393 -0.0025361837987871701 0.0037423515896667847 0.00074927262878372305 0.00011940064878505804
leaf_weight=34 20 24 43 25 26 39 28 25 106 153 117 28 20 77
leaf_count=34 20 24 43 25 26 39 28 25 106 153 117 28 20 77
internal_value=9.79105e-05 -2.0108e-05 0.00099526 0.00414474 0.00109615 -0.00077206 0.000258064 0.0012 -0.000419777 -0.000132559 -0.000682275 -0.00174658 0.00111364 0.00192857
internal_weight=765 745 210 75 51 135 92 64 535 429 298 145 131 97
internal_count=765 745 210 75 51 135 92 64 535 429 298 145 131 97
is_linear=0
shrinkage=0.03


Tree=203
num_leaves=15
num_cat=0
split_feature=13 13 7 2 1 2 1 13 13 5 4 2 0 0
split_gain=0.618631 0.840623 0.617097 0.510624 0.466625 0.428982 0.538578 1.0185 0.439214 0.632046 1.16122 0.697728 0.410338 0.391694
threshold=3.9132263560644254 3.616104401834237 6.6500000000000012 7.5170110799556467 14.402360757206123 9.2491426686118263 13.137315168022965 3.2528179349535749 2.9495956306875488 1.4311004404647345 2.1686453704162454 12.252935499546455 12.766868107645456 13.703158544583582
decision_type=8 10 2 2 2 2 2 10 10 2 2 2 2 2
left_child=1 3 -2 -1 13 -5 7 12 9 10 -8 -12 -7 -3
right_child=2 4 -4 5 -6 6 8 -9 -10 -11 11 -13 -14 -15
leaf_value=0.0021204647004412257 -0.011588320874147053 0.00022581706537203505 0.00030057850321233115 -0.012356199638235258 -2.1730433894315697e-05 -0.020514764779059762 -0.00020431884474823224 0.0040371799170648868 -0.0018245012478042353 -0.0011432129446164784 0.0043982612000693349 0.00481867172218782 0.00065106473855087012 0.001397401637384604
leaf_weight=41 128 25 43 39 22 24 42 30 175 51 25 35 42 40
leaf_count=41 128 25 43 39 22 24 42 30 175 51 25 35 42 40
internal_value=0.000346002 0.000805743 -0.00123837 0.000332673 0.00351136 4.52579e-05 0.000324705 0.00228866 -0.00025532 0.000915584 0.00227184 0.00491803 0.000179104 0.00477273
internal_weight=762 591 171 504 87 463 424 96 328 153 102 60 66 65
internal_count=762 591 171 504 87 463 424 96 328 153 102 60 66 65
is_linear=0
shrinkage=0.03


Tree=204
num_leaves=15
num_cat=0
split_feature=7 2 4 1 0 13 2 0 10 0 0 2 5 4
split_gain=0.443846 0.684798 0.875783 0.664947 1.02742 0.5482 0.512655 0.811932 1.03534 0.398508 0.570554 0.610409 0.189651 0.443973
threshold=6.5500000000000007 13.684600971275158 11.922958727237182 13.017904528566254 14.449487272817015 3.2455565837304303 12.276427878909496 12.766868107645456 0.41248606129204551 13.922524766558208 13.246551078836207 7.5170110799556467 6.8322144569127135 10.411195917600601
decision_type=2 2 2 2 2 10 2 2 2 2 2 2 2 2
left_child=3 6 5 4 9 -3 7 -2 -9 10 11 -1 13 -5
right_child=1 2 -4 12 -6 -7 -8 8 -10 -11 -12 -13 -14 -15
leaf_value=0.00094269478942108026 -0.014750462650901363 0.00027099916608527299 -0.00074510626990453388 -0.0004407267018223381 0.00108745017977176 0.0071090550090567367 -0.0013476788902834155 0.015772775431217606 -0.020759260968926697 -0.013743927917139988 0.0004032618716637185 -0.0080555199402453075 -0.012460808089496208 0.011387762827080055
leaf_weight=37 36 20 31 335 38 20 49 37 22 31 27 52 39 24
leaf_count=37 36 20 31 335 38 20 49 37 22 31 27 52 39 24
internal_value=0.000157696 0.00131944 0.00370833 -0.000272261 0.00120968 0.00658537 0.000124137 0.00140625 0.00355 6.08101e-05 0.000871794 -0.000300001 -0.000962407 -0.000741667
internal_weight=798 215 71 583 185 40 144 95 59 147 116 89 398 359
internal_count=798 215 71 583 185 40 144 95 59 147 116 89 398 359
is_linear=0
shrinkage=0.03


Tree=205
num_leaves=15
num_cat=0
split_feature=0 7 9 2 8 8 9 2 13 0 8 8 7 2
split_gain=0.68117 0.329288 0.299467 0.291788 0.577356 0.712559 0.481333 0.475371 0.48175 0.449511 0.573465 0.445597 0.322364 0.378724
threshold=9.8019906859244177 4.9500000000000011 -1.0000000180025095e-35 11.172134920831553 25.100000000000005 20.450000000000003 -1.0000000180025095e-35 12.126071142632371 3.37528983221975 13.802578286668629 11.850000000000003 13.750000000000002 7.6500000000000012 12.308120150701903
decision_type=2 2 2 2 10 10 2 2 10 2 10 10 2 2
left_child=-1 2 -2 4 5 6 -3 8 -5 -8 -11 -10 13 -9
right_child=1 3 -4 7 -6 -7 9 12 11 10 -12 -13 -14 -15
leaf_value=0.0023928307145683878 7.9306537401189063e-05 -4.8374376916818213e-05 -0.012012697706492149 -0.0027947976010897924 -0.012331002520385074 0.013022398170102817 0.0083515165625495796 0.0036959428584603066 0.00030903757099683853 0.0014984827990654178 -0.012126364258083814 -0.024592472518157514 0.00030508786178505657 4.7904872697125305e-06
leaf_weight=20 32 89 51 95 37 20 35 20 27 28 36 27 20 243
leaf_count=20 32 89 51 95 37 20 35 20 27 28 36 27 20 243
internal_value=0.000384122 0.00023653 -0.00153571 0.000455751 0.00128049 0.00189474 0.00130159 -1.38575e-05 -0.00138 0.00273 0.0012 0.000872727 0.000707746 0.000420454
internal_weight=780 760 83 677 245 208 188 432 149 99 64 54 283 263
internal_count=780 760 83 677 245 208 188 432 149 99 64 54 283 263
is_linear=0
shrinkage=0.03


Tree=206
num_leaves=15
num_cat=0
split_feature=6 5 0 1 1 9 2 13 3 9 2 2 9 1
split_gain=0.439494 0.39269 0.322345 0.623754 0.75395 0.600351 0.701925 0.728168 0.49095 0.474756 0.465925 0.376178 0.354885 0.47533
threshold=7.1315409777663907 5.2914833751653276 12.746658598067368 13.096308965802882 12.675288307114183 -0.9629878403374984 13.541616460089786 3.3916870091212465 8.4730319460816848 0.25881904510252091 11.06362216610218 11.984396766813456 -0.22909348975985949 13.78715392218786
decision_type=2 2 2 2 2 2 2 10 2 2 2 2 2 2
left_child=1 2 -1 4 8 11 12 -8 9 -4 -10 -5 13 -7
right_child=-2 -3 3 5 -6 6 7 -9 10 -11 -12 -13 -14 -15
leaf_value=-0.0072727352200041605 0.00028084606425433575 -0.0011527704586165039 -0.012373357678235485 0.0070020791249044978 0.0013687264134419992 0.0046355294142164331 -0.0028480986323307523 0.0059731733842755793 0.01038051546075708 0.00022151710982511982 -0.01705694009922672 -0.00012835466106838193 -0.0085053688018257717 -0.00056678954134091388
leaf_weight=83 26 117 38 24 37 21 40 32 22 29 20 20 159 77
leaf_count=83 26 117 38 24 37 21 40 32 22 29 20 20 159 77
internal_value=2.01065e-05 -0.000120834 0.000189054 0.000467307 0.00212245 -0.000184493 -0.000627273 0.0019726 0.000845454 -0.000750001 0.00334884 0.00306667 -0.00136047 6.06054e-05
internal_weight=745 719 602 519 146 373 329 72 109 67 42 44 257 98
internal_count=745 719 602 519 146 373 329 72 109 67 42 44 257 98
is_linear=0
shrinkage=0.03


Tree=207
num_leaves=15
num_cat=0
split_feature=8 8 1 1 5 3 2 3 13 4 1 8 13 3
split_gain=0.821319 1.36242 1.25224 0.566744 0.541746 0.756062 0.437 0.562546 0.467498 0.546092 0.417864 0.711563 0.29742 0.279052
threshold=14.050000000000002 10.450000000000001 13.030851436507916 14.65583779845973 1.0000000180025095e-35 10.677411995830598 11.0208712808176 12.347352502657541 3.793269586835287 1.0000000180025095e-35 14.334655952313058 25.450000000000003 3.185065009498079 9.6705788083499247
decision_type=10 8 2 2 2 2 2 2 8 2 2 10 8 2
left_child=1 4 -3 12 5 13 8 -8 9 -2 -9 -12 -4 -1
right_child=6 2 3 -5 -6 -7 7 10 -10 -11 11 -13 -14 -15
leaf_value=0.00010225602723052361 0.0013849082815145558 0.0007053254342998253 0.0060630195573267128 0.0071267712772331128 -0.0022357906063443555 0.00071945568075548218 -0.002254745351483367 -0.037323936312811175 -0.015791163808820424 -0.014352367564014198 0.0097119355036522897 -9.8554406516050401e-05 -0.0086496588107705889 -0.00065425788236701311
leaf_weight=111 79 32 24 39 46 24 210 23 38 37 28 49 21 26
leaf_count=111 79 32 24 39 46 24 210 23 38 37 28 49 21 26
internal_value=0.000201776 0.00136111 0.00394872 0.00197647 -0.000100962 0.000722222 -0.000606452 -0.00125402 0.000696773 0.00164102 0.000594059 0.00165385 -0.000326088 -0.000152175
internal_weight=787 323 116 84 207 161 464 310 154 116 100 77 45 137
internal_count=787 323 116 84 207 161 464 310 154 116 100 77 45 137
is_linear=0
shrinkage=0.03


Tree=208
num_leaves=15
num_cat=0
split_feature=2 13 8 0 5 4 8 8 1 1 1 0 2 2
split_gain=0.620429 0.961299 0.495345 0.54727 0.493021 0.874401 0.398819 0.472658 0.360338 0.325417 0.253801 0.247044 0.241664 0.235644
threshold=7.5170110799556467 3.2690750720136168 16.550000000000004 13.4165489542986 1.4311004404647345 8.5788440147855436 33.050000000000004 39.500000000000007 13.848560597141519 11.595054187926216 12.177186965892833 15.927494873154755 13.066590298738898 10.143739957950142
decision_type=2 10 8 2 2 2 10 10 2 2 2 2 2 2
left_child=1 -1 3 10 5 13 11 8 -8 -3 -2 -4 -9 -5
right_child=2 9 6 4 -6 -7 7 12 -10 -11 -12 -13 -14 -15
leaf_value=0.0021538076945080125 3.9522696965873394e-05 -0.026325089619966276 -0.003732718560492689 -0.010734421800212338 -0.00036171944307684739 0.0034207698124585411 -0.0061667827924908577 -0.017929350396451795 0.0024703886218294404 0.00027311347522370209 0.00023000201951594733 -0.00065650493539242858 6.9432122036292701e-05 0.00038355945453524934
leaf_weight=31 22 22 171 50 99 32 25 42 33 23 24 37 35 141
leaf_count=31 22 22 171 50 99 32 25 42 33 23 24 37 35 141
internal_value=-6.47215e-05 0.00249351 -0.000341293 0.000422764 -1.85766e-05 0.000763392 -0.00115988 0.000110293 0.00213559 -0.000326088 0.00344681 -0.00198086 -0.00142308 -1.56257e-05
internal_weight=787 76 711 368 322 223 343 135 58 45 46 208 77 191
internal_count=787 76 711 368 322 223 343 135 58 45 46 208 77 191
is_linear=0
shrinkage=0.03


Tree=209
num_leaves=15
num_cat=0
split_feature=2 8 8 0 0 3 3 12 8 3 0 8 2 9
split_gain=0.490907 0.404028 1.6677 1.56039 0.810212 1.41061 0.544416 0.289478 0.448347 0.23157 0.565174 0.545222 0.307173 0.261841
threshold=11.06362216610218 10.450000000000001 14.850000000000003 14.056190221390397 14.688961644750499 8.2612035135534931 10.224583129681685 1.5000000000000002 24.950000000000003 9.5902192356746792 15.034266700300767 17.250000000000004 12.126071142632371 0.76883451325334917
decision_type=2 10 10 2 2 2 2 10 10 2 2 10 2 2
left_child=1 4 3 -3 -1 -6 7 8 -4 10 11 -2 -11 -14
right_child=9 2 6 -5 5 -7 -8 -9 -10 12 -12 -13 13 -15
leaf_value=-0.01209039565696118 0.012519820509647426 0.00065074073834486238 0.0012014059709940738 0.0004881264234031536 0.0042200605869276283 -0.0028205616249336687 0.005673175878651935 -0.018302764285183411 -0.0032838587987030834 -0.0015078881514974363 -0.012172726671109293 -3.3951845609967838e-05 -0.00047687584473092586 0.0042375499470436971
leaf_weight=67 27 20 42 21 21 20 24 48 32 100 60 31 202 54
leaf_count=67 27 20 42 21 21 20 24 48 32 100 60 31 202 54
internal_value=3.89539e-06 0.000962837 0.00180319 0.00707143 -0.000495414 0.00278571 0.000285714 -0.000536586 0.000639999 -0.000593685 0.000554621 0.00264407 -0.000974791 -0.000420234
internal_weight=769 295 187 41 108 41 146 122 74 474 118 58 356 256
internal_count=769 295 187 41 108 41 146 122 74 474 118 58 356 256
is_linear=0
shrinkage=0.03


Tree=210
num_leaves=15
num_cat=0
split_feature=13 13 9 2 7 7 8 8 10 13 9 2 13 13
split_gain=0.57569 1.49006 1.48934 0.76991 0.657316 0.367371 0.327515 0.258154 0.251693 0.421092 0.715064 0.361022 0.287194 0.73259
threshold=3.9132263560644254 3.616104401834237 -0.33961250367033008 7.5170110799556467 4.8500000000000005 5.5500000000000007 8.4500000000000011 39.20000000000001 -0.5 2.5792618030442798 0.19066188855616564 10.60968207857446 2.9449096154878842 2.9864873567517889
decision_type=10 10 2 2 2 2 10 10 2 8 2 2 8 8
left_child=1 3 -3 4 -1 -4 -2 8 11 10 -10 -5 -11 -14
right_child=6 2 5 7 -6 -7 -8 -9 9 12 -12 -13 13 -15
leaf_value=-8.8474766141090301e-05 0.004758708012488835 0.0010942514202944501 0.0079959319895766094 6.8771493089388422e-05 0.0018917917010926029 -0.0012083374497524196 -0.0051267765479349461 -0.019557034791066914 0.0047056323829501112 -0.00026816106642665638 -0.00399058188770509 -0.0021765802845824826 0.0017901163863951633 -0.00024211301902466703
leaf_weight=21 27 27 20 32 23 29 119 51 25 59 26 114 20 163
leaf_count=21 27 27 20 32 23 29 119 51 25 59 26 114 20 163
internal_value=0.000134742 0.000540097 0.00444156 -2.24306e-05 0.00373333 0.00126 -0.00155102 -0.000366599 -0.000129546 0.00037755 0.00282692 -0.00114286 -0.000148149 0.000440217
internal_weight=756 610 76 534 44 49 146 490 439 293 51 146 242 183
internal_count=756 610 76 534 44 49 146 490 439 293 51 146 242 183
is_linear=0
shrinkage=0.03


Tree=211
num_leaves=15
num_cat=0
split_feature=5 7 8 4 7 2 13 8 13 0 0 7 4 4
split_gain=0.474285 0.415765 0.480582 1.35047 0.596325 0.434076 1.05203 0.625673 0.372094 0.301469 0.455316 0.857344 0.327997 0.264359
threshold=6.1866260054034683 7.6500000000000012 14.450000000000001 9.0983465307298328 4.8500000000000005 10.263669863226122 3.8224521632363921 10.050000000000002 4.309189973592054 12.347128233037898 15.009232588052667 6.6500000000000012 3.7726948748059121 5.8748113740367325
decision_type=2 2 10 2 2 2 10 10 10 2 2 2 2 2
left_child=1 2 3 4 -1 6 7 -6 13 -4 11 12 -11 -7
right_child=-2 -3 9 -5 5 8 -8 -9 -10 10 -12 -13 -14 -15
leaf_value=-0.01146398319617409 -0.00068408911469165291 0.0010705196000461465 -0.010582514732715473 0.0028168179851655976 0.000677725329990576 0.00016361743377287473 -0.0079201961573185219 0.00057377507361111796 0.0054475078643353523 0.00056178861208864921 -0.002342401796000784 0.0098189830198218662 -0.0097035975636333011 -0.0013919931815866309
leaf_weight=36 124 30 37 24 27 65 26 21 22 110 146 32 43 45
leaf_count=36 124 30 37 24 27 65 26 21 22 110 146 32 43 45
internal_value=0.000159695 0.000478195 0.00031181 0.0012809 0.000592592 0.00121739 0.00304 0.00563265 0.00018045 -0.000390245 -9.93983e-05 0.000887096 -5.84423e-05 -0.000540541
internal_weight=788 664 634 266 242 206 74 48 132 368 331 185 153 110
internal_count=788 664 634 266 242 206 74 48 132 368 331 185 153 110
is_linear=0
shrinkage=0.03


Tree=212
num_leaves=15
num_cat=0
split_feature=1 13 8 7 8 1 9 8 10 1 8 9 9 9
split_gain=0.650962 1.04934 0.430315 0.442138 0.422206 0.803153 0.889861 0.400254 0.454866 0.371665 0.237188 0.758892 0.331715 0.220601
threshold=11.717996047682638 4.0661731637975382 14.050000000000002 7.6500000000000012 10.450000000000001 13.030851436507916 0.76883451325334917 6.9500000000000011 0.24188504972319264 10.904040177671332 30.050000000000004 -0.67494719543654291 0.86382728211298232 -0.25881904510252113
decision_type=2 8 8 2 10 2 2 10 2 2 10 2 2 2
left_child=1 9 4 10 7 -6 -7 8 -2 -1 -4 -12 -13 -9
right_child=2 -3 3 -5 5 6 -8 13 -10 -11 11 12 -14 -15
leaf_value=0.00045956799173432007 -0.00111337399527602 -0.028366977409560155 -0.00093249574897185782 0.00043761497247335192 0.00069536022999794984 -0.00048686001520608041 0.011761278311393506 -0.0033875387739436833 0.00064589479984605727 0.0045723148210275932 0.0029044277175114628 -0.0042164275749105957 0.0062914546289112253 -0.00011432570006125132
leaf_weight=40 38 24 248 24 23 54 24 42 33 34 35 66 27 63
leaf_count=40 38 24 248 24 23 54 24 42 33 34 35 66 27 63
internal_value=0.000212628 0.00248485 -0.00011947 -0.00074813 0.000787769 0.00232353 0.000835442 -0.000101696 0.001625 0.00424 -0.00100265 4.65109e-05 -0.00137234 -0.00127359
internal_weight=775 98 677 400 277 101 78 176 71 74 376 128 93 105
internal_count=775 98 677 400 277 101 78 176 71 74 376 128 93 105
is_linear=0
shrinkage=0.03


Tree=213
num_leaves=15
num_cat=0
split_feature=5 13 13 0 4 2 8 0 1 3 4 3 3 13
split_gain=0.598337 0.599768 0.804888 0.588416 0.515078 0.504054 0.507987 0.272276 0.502564 0.988416 0.792178 0.418606 0.758659 0.304986
threshold=6.1866260054034683 3.9132263560644254 3.6685709561006159 14.848686254442249 8.7659924970412835 7.5170110799556467 19.600000000000005 12.875642251787513 13.076813198341064 7.7331621557586425 3.0557336697513398 12.464365168603846 12.94274609994301 2.4009249020927004
decision_type=2 8 10 2 2 2 10 2 2 2 2 2 2 10
left_child=1 2 5 -4 -3 6 -1 -7 9 -9 -11 13 -13 -10
right_child=-2 4 3 -5 -6 7 -8 8 11 10 -12 12 -14 -15
leaf_value=2.4406815990135517e-05 -0.0012128541135899996 -0.008868236103264324 0.00056232577877858624 0.0013139203554732957 0.0004218003154218333 -0.010463294290530918 0.020880875980270167 -0.0023826084845926486 0.0012480961920083343 0.0083500547927839765 0.00010917467225529468 0.015029762490308927 -0.00063409786887166377 -0.0012007294149597439
leaf_weight=24 116 115 30 20 26 48 20 40 20 20 24 21 35 191
leaf_count=24 116 115 30 20 26 48 20 40 20 20 24 21 35 191
internal_value=0.000279626 0.000642519 0.00113563 0.00470588 -0.00107747 0.000722972 0.00373333 0.000382499 0.000673295 0.00268235 0.00573333 3.35814e-05 0.00231579 -0.000580189
internal_weight=750 634 493 50 141 443 44 399 351 84 44 267 56 211
internal_count=750 634 493 50 141 443 44 399 351 84 44 267 56 211
is_linear=0
shrinkage=0.03


Tree=214
num_leaves=15
num_cat=0
split_feature=8 8 0 9 8 13 13 13 8 9 3 4 4 2
split_gain=0.879338 0.757094 1.46387 0.747658 0.504854 0.38539 0.611711 0.493684 0.333735 0.304994 0.29629 0.173616 0.308543 0.161281
threshold=14.65 10.050000000000002 14.003662910928325 0.71170436230560108 52.900000000000006 3.0508391527108922 2.5122293040797166 3.6332379010440925 8.4500000000000011 1.0000000180025095e-35 9.7758808454862294 11.854837425371402 11.029703962483154 12.975796795740116
decision_type=10 10 2 2 10 8 10 10 10 2 2 2 2 2
left_child=1 5 -3 9 11 6 -1 -7 10 -4 -9 12 13 -2
right_child=4 2 3 -5 -6 7 -8 8 -10 -11 -12 -13 -14 -15
leaf_value=-0.0024651242972044433 -0.0014158346490451314 0.0010250022589519182 0.00067185901264499737 0.0067677284131737979 0.00017572462652025802 -0.0095059816131560001 0.00071016502197399111 0.0096840152146983553 -0.0029442239976413885 -0.0087411938947053597 -0.00019779588595675272 -0.00029024365170808608 0.011042450325231334 7.1170147245001681e-06
leaf_weight=23 280 30 39 28 30 70 35 28 26 38 22 40 21 64
leaf_count=23 280 30 39 28 30 70 35 28 26 38 22 40 21 64
internal_value=0.000100644 0.00124412 0.00297794 0.00127358 -0.000791285 8.78042e-05 0.00213559 -0.000734695 0.000935064 -0.000269231 0.00235294 -0.00107143 -0.000860656 -0.00107826
internal_weight=774 339 135 105 435 204 58 146 76 77 50 405 365 344
internal_count=774 339 135 105 435 204 58 146 76 77 50 405 365 344
is_linear=0
shrinkage=0.03


Tree=215
num_leaves=15
num_cat=0
split_feature=8 8 7 7 7 13 8 8 10 5 13 13 10 9
split_gain=0.530942 0.510219 0.438344 0.619359 0.486211 0.978947 0.903461 0.412694 0.410631 0.21816 0.227311 0.242412 0.203933 0.141302
threshold=14.65 55.20000000000001 5.2500000000000009 5.4500000000000011 6.0100000000000007 3.0186624058275657 10.65 9.4500000000000011 0.41248606129204551 2.7244451125137057 3.897711265566699 3.6685709561006159 -0.76037701167087501 0.13052619222005182
decision_type=10 10 2 2 2 8 10 10 2 2 10 10 2 2
left_child=2 9 12 -4 7 -6 13 8 -5 10 11 -2 -1 -7
right_child=1 -3 3 4 5 6 -8 -9 -10 -11 -12 -13 -14 -15
leaf_value=0.00018622392384207487 -0.00022111952382927302 0.00036394922253352559 0.00041799983305149184 -0.0016059868171509166 -0.00066822849885956085 -0.0012182582864658229 0.0016692505866536325 -0.0016215062922972879 0.00066862140764271211 -0.001096318223028645 -0.0074922791173875391 0.0011799160743992581 -0.0041365233846500397 0.00029450678507887587
leaf_weight=22 260 23 23 42 44 24 37 43 20 76 60 21 51 26
leaf_count=22 260 23 23 42 44 24 37 43 20 76 60 21 51 26
internal_value=-0.000201812 -0.000884354 0.000702702 0.00128077 0.000810126 0.00202273 0.00385227 -0.000707548 0.000857142 -0.00112679 -0.000798246 -0.000436171 -0.00133784 0.00117647
internal_weight=772 440 332 259 236 131 87 105 62 417 341 281 73 50
internal_count=772 440 332 259 236 131 87 105 62 417 341 281 73 50
is_linear=0
shrinkage=0.03


Tree=216
num_leaves=15
num_cat=0
split_feature=8 8 8 10 2 7 12 2 0 13 13 13 2 3
split_gain=0.471903 0.520646 0.663735 1.35055 0.434655 0.734114 0.84144 0.375189 0.641145 0.346037 0.228821 0.456524 0.39573 0.548103
threshold=52.900000000000006 14.450000000000001 12.950000000000001 -0.15427011392592829 10.263669863226122 5.1500000000000012 1.0000000180025095e-35 11.870043351158801 15.05349909658046 3.2891799922809661 3.897711265566699 3.2794349174880142 10.370668320987154 11.191659143469879
decision_type=10 8 10 2 2 2 10 2 2 8 8 10 2 2
left_child=1 2 4 -4 5 -1 -7 -6 -9 -10 11 -3 -13 -14
right_child=-2 10 3 -5 7 6 -8 8 9 -11 -12 12 13 -15
leaf_value=-0.014340626400646921 0.00028273271377600244 -0.00026907454191571251 0.0019378950523326649 -0.00042924719607717474 -0.0014606594007810219 -0.0095874063439793482 0.00056469799289391354 0.0021082598181830065 0.00038234707085524821 -0.010554039393081147 -0.0060359779681799881 -0.013534631841152809 0.0047959220302619884 -0.00092279223251947706
leaf_weight=31 32 206 21 26 95 20 43 28 26 36 87 30 45 38
leaf_count=31 32 206 21 26 95 20 43 28 26 36 87 30 45 38
internal_value=-5.49027e-05 -0.000212825 0.000678898 0.0039375 0.000117856 0.00176842 0.00360937 -0.000725807 0.00065934 -0.00104762 -0.000928748 -0.000553126 0.000973684 0.00203571
internal_weight=764 732 326 47 279 94 63 185 90 62 406 319 113 83
internal_count=764 732 326 47 279 94 63 185 90 62 406 319 113 83
is_linear=0
shrinkage=0.03


Tree=217
num_leaves=15
num_cat=0
split_feature=10 7 1 1 3 3 13 1 13 3 3 0 9 1
split_gain=0.415884 0.483288 0.425833 0.896164 0.675969 0.840504 0.736161 1.00545 0.758085 0.575387 0.888936 0.63121 0.507987 0.429339
threshold=-0.9141673389828272 4.9500000000000011 13.076813198341064 12.785039405650375 6.2412381778426349 10.907399829638976 3.616104401834237 15.188726967109087 2.7046638279755322 11.051603775676968 8.2900783323641853 12.766868107645456 -0.33961250367033008 11.717996047682638
decision_type=2 2 2 2 2 2 10 2 10 2 2 2 2 2
left_child=-1 -2 3 9 12 -6 8 -8 -7 10 13 -12 -4 -3
right_child=1 2 4 -5 5 6 7 -9 -10 -11 11 -13 -14 -15
leaf_value=-0.0013372417257200005 -0.0027132228753263955 0.0003653356180277196 0.0099170138178711134 0.0017605333407198006 -0.0048461608680513855 0.00058939249588216226 0.00055086294888468941 -0.00011284788711202988 -0.00033852361126508122 -0.028995731560038318 0.00049319595833084413 0.0073855959910108905 0.00056634444680502612 -0.0097265529240188747
leaf_weight=116 74 44 20 22 155 56 22 27 100 25 22 30 24 29
leaf_count=116 74 44 20 22 155 56 22 27 100 25 22 30 24 29
internal_value=0.000211212 0.000506912 0.000800693 0.00204624 0.000266666 -0.000166206 0.00109223 0.00426 7.64324e-05 0.00119205 0.00202381 0.00498113 0.00373333 -0.000121622
internal_weight=766 650 576 172 404 360 205 49 156 150 125 52 44 73
internal_count=766 650 576 172 404 360 205 49 156 150 125 52 44 73
is_linear=0
shrinkage=0.03


Tree=218
num_leaves=15
num_cat=0
split_feature=8 9 0 3 13 0 8 8 8 8 8 4 3 3
split_gain=0.483367 0.466487 0.533919 0.748864 0.433895 0.398082 0.502299 0.386415 0.715182 0.914829 0.959979 0.77955 0.429852 0.28539
threshold=16.950000000000003 0.13052619222005182 14.130455959438626 8.6458923996998873 2.4559573733023732 15.509268706681548 13.050000000000002 5.6500000000000012 8.4500000000000011 10.450000000000001 11.500000000000002 9.008921551762926 6.9462364939941645 12.533588597600813
decision_type=8 2 2 2 8 2 10 10 10 10 10 2 2 2
left_child=1 2 3 -1 -2 -4 -7 -3 -9 -10 -11 12 -12 -6
right_child=4 7 5 -5 13 6 -8 8 9 10 11 -13 -14 -15
leaf_value=-0.00012580092988449937 0.00034554071140594211 -0.006380287491691246 -0.0014445973908965306 0.00056320965491520731 -0.0015896855327714907 0.0011496097785480635 -0.0018678870915118746 0.0048155238887733756 -0.0063070806140303453 0.00068833924947892845 0.0014810015308963846 0.0046073376226418161 -0.0092269401088144604 8.85492647504665e-05
leaf_weight=27 23 32 74 21 275 43 23 35 32 20 24 22 48 79
leaf_count=27 23 32 74 21 275 43 23 35 32 20 24 22 48 79
internal_value=0.000238767 0.000962686 -0.000126985 0.00257143 -0.000531747 -0.00106383 0.000626865 0.00192056 0.00245604 0.0015102 0.00276522 0.00145263 -8.21925e-05 -0.000794367
internal_weight=778 401 188 48 377 140 66 213 181 146 114 94 72 354
internal_count=778 401 188 48 377 140 66 213 181 146 114 94 72 354
is_linear=0
shrinkage=0.03


Tree=219
num_leaves=15
num_cat=0
split_feature=10 3 7 8 3 13 5 7 1 8 9 9 1 13
split_gain=0.422268 0.482659 0.831494 1.12998 0.572555 0.617924 0.706991 0.75127 0.912698 0.455971 0.450893 0.415991 0.181894 0.443733
threshold=0.25881904510252057 2.1383330595080281 4.8500000000000005 14.350000000000003 8.2143955549079326 3.2104665914503525 5.7062624254307925 6.0100000000000007 14.609780642136871 6.9500000000000011 -0.12403179483894465 0.86382728211298232 14.637936286036775 2.5792618030442798
decision_type=2 2 2 10 2 10 2 2 2 8 2 2 2 10
left_child=1 2 -1 -4 -3 11 7 10 -9 -2 -7 12 -6 -14
right_child=9 4 3 -5 5 6 -8 8 -10 -11 -12 -13 13 -15
leaf_value=-0.00040404691489699429 0.00061608000011619749 -0.0015486093936189185 0.0068983380799760791 0.0010618319799322396 -0.00073862702186118295 0.000745329444589525 -0.012314421974985017 0.00057310973736551189 0.0011063261136325074 -0.00075725876031543368 -0.0029631649378823316 0.0050295205231913904 -0.011694852083940782 0.0021662551502569113
leaf_weight=39 38 68 22 38 59 20 37 35 27 258 35 25 24 26
leaf_count=39 38 68 22 38 59 20 37 35 27 258 35 25 24 26
internal_value=0.000315159 0.000888157 0.00273 0.00491803 0.000369747 0.000955017 0.00224516 0.00338136 0.00561905 -0.000565657 0.000803571 -0.000533334 -0.00133636 -7.01231e-10
internal_weight=751 455 99 60 356 288 154 117 62 296 55 134 109 50
internal_count=751 455 99 60 356 288 154 117 62 296 55 134 109 50
is_linear=0
shrinkage=0.03


Tree=220
num_leaves=15
num_cat=0
split_feature=9 3 1 0 1 10 9 9 3 1 7 5 7 1
split_gain=0.332449 0.389103 0.745596 0.28472 0.309746 0.252577 0.241644 0.485314 0.470666 0.598717 0.362473 0.529786 0.362367 0.380363
threshold=0.97014794553715189 1.0000000180025095e-35 13.959753339057587 12.546949199320199 12.969813580365047 0.99572243068690536 -0.58216583101416164 0.034878236872063054 8.5068357773037562 13.365217715248329 5.8500000000000005 1.4311004404647345 5.7500000000000009 13.72490307704015
decision_type=2 2 2 2 2 2 2 2 2 2 2 2 2 2
left_child=1 2 3 -1 -5 6 8 -8 -3 -10 -11 -12 -9 -14
right_child=-2 5 -4 4 -6 -7 7 12 9 10 11 -13 13 -15
leaf_value=0.0011393226435929325 0.00023380193706385065 -0.0018660738732429558 0.010709758609683401 -0.0030374511591142435 0.0017630011638471626 0.012547535261435032 -0.0028197069155750181 0.00046612415770965187 0.0005345743682399031 -0.00059950459109786602 0.0011313064367721537 -0.0013695584756759538 -0.0056249549738684708 0.00016680055963736064
leaf_weight=26 35 42 37 48 25 20 120 89 29 24 34 35 76 114
leaf_count=26 35 42 37 48 25 20 120 89 29 24 34 35 76 114
internal_value=0.000103311 -3.75007e-05 0.00140146 2.99993e-05 -0.000932433 -0.000375001 -0.000494682 -0.000892501 0.000472727 0.00141463 0.000223404 0.00132857 -0.000203572 -0.000942409
internal_weight=754 719 136 99 73 583 563 399 164 122 93 69 279 190
internal_count=754 719 136 99 73 583 563 399 164 122 93 69 279 190
is_linear=0
shrinkage=0.03


Tree=221
num_leaves=15
num_cat=0
split_feature=8 8 0 3 1 1 0 0 0 3 13 0 7 1
split_gain=0.628817 0.645566 2.00386 0.537807 1.10524 0.473519 0.363405 0.755444 0.342627 0.420583 0.313035 0.285939 0.745715 0.76841
threshold=14.65 10.050000000000002 13.4165489542986 10.885448512911251 15.408170775064473 13.030851436507916 15.10255548989384 15.957393077758846 14.769969710718321 10.490280626219425 3.6332379010440925 13.057968606677434 7.6500000000000012 13.154072050558062
decision_type=10 8 2 2 2 2 2 2 2 2 10 2 2 2
left_child=1 3 -3 6 -5 -4 10 -8 -7 -10 -1 -2 13 -13
right_child=11 2 5 4 -6 8 7 -9 9 -11 -12 12 -14 -15
leaf_value=-0.0037591402117467393 -0.006881684054084616 0.00072266691414367586 0.00016104945719966555 0.0010032024907625345 -0.00065550618763310278 0.0016681857562624047 0.00093045993922090777 -0.012821557795942906 -0.0090000111917845332 0.0095864110393423293 -0.0024752113664280135 0.0011981376837549543 0.00065362229613069437 -0.0011138261182398464
leaf_weight=64 87 20 21 26 24 29 40 25 36 31 33 65 21 257
leaf_count=64 87 20 21 26 24 29 40 25 36 31 33 65 21 257
internal_value=0.000349999 0.00129429 0.0028913 0.00025352 0.00294118 0.00134746 -0.000588958 0.00113636 0.000432989 -0.000750001 -0.0017449 -0.000417634 -2.61635e-05 -0.000390094
internal_weight=779 349 137 212 50 117 162 65 96 67 97 430 343 322
internal_count=779 349 137 212 50 117 162 65 96 67 97 430 343 322
is_linear=0
shrinkage=0.03


Tree=222
num_leaves=15
num_cat=0
split_feature=13 13 9 3 0 0 8 8 0 8 2 4 2 7
split_gain=0.342089 0.937263 0.961408 0.591984 0.338856 0.337743 0.314511 0.316015 0.309592 0.4942 0.252491 0.547676 0.475815 0.355135
threshold=3.9132263560644254 3.6685709561006159 -0.25881904510252113 12.347352502657541 10.715720293546948 12.347128233037898 12.950000000000001 10.250000000000002 13.4165489542986 28.050000000000004 12.126071142632371 5.7899554948754268 12.590083225196294 5.3500000000000005
decision_type=8 10 2 2 2 2 10 10 2 10 2 2 2 2
left_child=1 4 -3 6 -1 -6 7 -2 9 -7 11 13 -12 -10
right_child=3 2 -4 -5 5 8 -8 -9 10 -11 12 -13 -14 -15
leaf_value=0.0014516236952646698 -0.003878072967661168 0.0011967948105737847 7.9945395587553188e-05 0.00061175862487757775 -0.0077958990573490225 0.0002822704837109722 -0.014753329318948891 1.6659105878169856e-05 -0.00054240278809352381 -0.012544195880396337 0.0059511051952332392 -0.0009860901168951366 -4.3939501530786486e-05 0.00090254604689719701
leaf_weight=22 44 22 37 31 34 43 85 20 83 22 35 90 145 50
leaf_count=22 44 22 37 31 34 43 85 20 83 22 35 90 145 50
internal_value=0.000145287 0.000498287 0.00405 -0.000994476 9.14279e-05 -7.15713e-05 -0.00178 -0.000184616 0.000140724 0.00204545 -0.000170793 -0.000843751 0.000662983 0.000380596
internal_weight=763 583 59 180 524 502 149 64 468 65 403 223 180 133
internal_count=763 583 59 180 524 502 149 64 468 65 403 223 180 133
is_linear=0
shrinkage=0.03


Tree=223
num_leaves=15
num_cat=0
split_feature=8 7 13 13 3 10 3 3 8 13 3 7 8 0
split_gain=0.483288 0.808622 0.599212 1.34886 0.573998 0.4058 0.312821 0.86584 0.563045 0.349767 0.43823 0.198972 1.14419 0.385025
threshold=14.450000000000001 7.6500000000000012 3.6230815368975491 3.8224521632363921 6.9462364939941645 -0.47114434510950037 10.677411995830598 11.594444580199074 12.950000000000001 2.9919088666731111 8.4730319460816848 6.8500000000000005 19.200000000000006 14.130455959438626
decision_type=8 2 10 10 2 2 2 2 10 10 2 2 10 2
left_child=2 11 6 -4 -5 -6 8 -8 9 10 -1 13 -13 -2
right_child=1 -3 3 4 5 -7 7 -9 -10 -11 -12 12 -14 -15
leaf_value=0.0004147430542832003 -0.0045636049961067958 0.0006055117383846492 0.0051701116763729687 -0.0088240966913832094 -2.081190405891882e-05 0.0012466559636328978 0.0009862254949708992 -0.0036016347074863792 0.00052859891868317502 -0.0049459739123216464 -0.00056781689476589122 0.0011016218515383319 -0.0042533517581816588 -6.8450879362447006e-05
leaf_weight=36 118 32 20 29 32 31 30 33 20 67 32 21 67 205
leaf_count=36 118 32 20 29 32 31 30 33 20 67 32 21 67 205
internal_value=0.000492247 -0.000155406 0.00135952 0.00313274 0.00154839 0.00314062 0.000438355 0.00220312 -0.000288462 -0.000992648 0.000521738 -0.000516991 0.000741572 -0.000861112
internal_weight=773 443 330 112 92 63 218 63 155 135 68 411 88 323
internal_count=773 443 330 112 92 63 218 63 155 135 68 411 88 323
is_linear=0
shrinkage=0.03


Tree=224
num_leaves=15
num_cat=0
split_feature=0 5 7 7 7 4 5 4 10 0 10 0 8 8
split_gain=0.513412 0.967046 1.00494 0.847702 0.594564 1.18452 0.400064 0.447247 0.26492 0.317477 0.314339 0.289338 0.356887 0.407451
threshold=13.4165489542986 2.2154083994216571 5.5500000000000007 4.7500000000000009 7.2500000000000009 11.092674299691366 1.0000000180025095e-35 10.183511179599234 -0.99023036236786355 14.1147164764156 -0.76037701167087501 16.440195405134329 13.15 30.050000000000004
decision_type=2 2 2 2 2 2 2 2 2 2 2 2 10 10
left_child=1 2 3 -1 6 -6 7 8 -2 10 -10 12 -11 -14
right_child=4 -3 -4 -5 5 -7 -8 -9 9 11 -12 -13 13 -15
leaf_value=-0.0019624198128697047 -0.012664917706699405 0.0004831431833738292 -0.016256244999571384 0.00058421480938609916 0.0034433158242069403 -0.0015006643019998165 -0.00080715005676734307 0.0017380082065766437 0.00014086473411326398 0.0012602521579405436 -0.012195406816412893 -0.0076228919673918998 -0.0010242461762456796 0.0055598249170283722
leaf_weight=20 28 35 71 39 20 28 123 38 20 118 51 34 101 46
leaf_count=20 28 35 71 39 20 28 123 38 20 118 51 34 101 46
internal_value=0.000419145 0.00189759 0.000687022 0.00355 1.48019e-05 0.00318367 -0.000262501 0.000164759 -0.000135339 8.08618e-05 -0.00170833 0.000509999 0.000845864 -0.000141893
internal_weight=772 165 130 59 607 48 559 436 398 370 71 299 265 147
internal_count=772 165 130 59 607 48 559 436 398 370 71 299 265 147
is_linear=0
shrinkage=0.03


Tree=225
num_leaves=15
num_cat=0
split_feature=4 4 8 10 13 13 4 3 7 10 10 7 10 10
split_gain=0.405825 0.484775 0.63058 0.335574 0.490611 0.643922 0.734406 0.440634 0.869238 0.483626 0.444263 0.341991 0.340666 0.30649
threshold=12.698931279552667 11.310441050382765 16.550000000000004 0.75023006073889131 4.0661731637975382 3.6332379010440925 3.2672576590843554 9.5902192356746792 6.4500000000000011 0.41248606129204551 -0.33125622319804088 6.3500000000000005 -0.47114434510950037 0.074102141141256975
decision_type=2 2 10 2 8 10 2 2 2 2 2 2 2 2
left_child=1 3 -3 4 5 7 12 8 9 -1 -9 -6 -7 -12
right_child=-2 2 -4 -5 11 6 -8 10 -10 -11 13 -13 -14 -15
leaf_value=-0.00012808121936672151 -0.0022912903082172066 0.0045449304800179412 7.7541000340211334e-05 -0.0013356740970876166 -0.013565495427797187 0.00083967362233943886 -3.909324644183556e-05 -0.0023999089072159153 0.02759763273142218 0.00055474547869059361 0.0098462923374476232 0.00010514185513727765 0.0011800674544204573 -0.0010633166151437199
leaf_weight=135 35 20 34 146 70 23 31 84 20 29 28 27 20 59
leaf_count=135 35 20 34 146 70 23 31 84 20 29 28 27 20 59
internal_value=0.000192913 0.000346629 0.00305454 0.000124814 0.000478178 0.000913953 0.00344 0.000379213 0.00139459 0.000654545 -0.000715117 -0.00143878 0.00593182 0.00078409
internal_weight=761 726 54 672 526 429 74 355 184 164 171 97 43 87
internal_count=761 726 54 672 526 429 74 355 184 164 171 97 43 87
is_linear=0
shrinkage=0.03


Tree=226
num_leaves=15
num_cat=0
split_feature=13 13 9 8 9 4 8 2 13 3 8 8 10 3
split_gain=0.679868 0.961262 1.71318 0.406949 0.504595 0.490664 0.373214 0.202686 0.600485 0.482144 0.898975 0.418793 0.331842 0.306575
threshold=3.9132263560644254 3.6685709561006159 -0.33961250367033008 12.950000000000001 -0.5 7.1221004305343207 35.250000000000007 12.843178517469434 2.5921133604243618 10.677411995830598 11.500000000000002 31.250000000000004 0.25881904510252057 9.2393042073080913
decision_type=8 10 2 10 2 2 8 2 10 2 10 10 2 2
left_child=1 6 -3 4 -2 -6 7 9 -9 11 -11 13 -12 -1
right_child=3 2 -4 -5 5 -7 -8 8 -10 10 12 -13 -14 -15
leaf_value=0.00018503800491990772 -0.013890856178422733 0.0011790085638158834 8.7550344841599598e-05 -0.0074241128286312557 -0.00653486258540992 0.0096507320812188515 -0.0041950150311926499 0.00028234751951275759 -0.00064972875170034501 0.0038625333118652021 0.0064104608002193281 0.0078326538909926375 -0.00241679680225105 -0.00062926887313294094
leaf_weight=170 26 20 34 104 32 20 65 20 91 20 34 30 22 76
leaf_count=170 26 20 34 104 32 20 65 20 91 20 34 30 22 76
internal_value=0.000415686 0.000915951 0.00469091 -0.00118033 0.000455695 0.00215094 0.000521738 0.00082112 -0.000294644 0.0011728 0.00327273 0.000584837 0.00126316 0.00017004
internal_weight=764 582 54 182 78 52 528 463 111 352 76 276 56 246
internal_count=764 582 54 182 78 52 528 463 111 352 76 276 56 246
is_linear=0
shrinkage=0.03


Tree=227
num_leaves=15
num_cat=0
split_feature=7 10 2 13 1 0 7 8 10 13 7 13 13 2
split_gain=0.520614 0.44456 0.354766 0.411358 0.338226 0.350941 0.661902 0.328453 0.387371 0.582662 0.563057 0.381732 0.372968 0.407524
threshold=7.6500000000000012 0.14778689904036479 13.040398288554799 2.5122293040797166 12.87360895897301 12.746658598067368 5.1500000000000012 38.20000000000001 -0.51128821893537901 3.9765686453385891 6.1500000000000012 3.2555640719596006 4.1473741872167667 7.0878068469659921
decision_type=2 2 2 10 2 2 2 10 2 10 2 8 10 2
left_child=1 7 4 -4 5 -3 -7 8 12 10 11 -10 13 -1
right_child=-2 2 3 -5 -6 6 -8 -9 9 -11 -12 -13 -14 -15
leaf_value=0.001583568631246426 0.00075698959403964821 -0.012209257303447997 0.0015951096801433617 -0.0002821962574056573 -0.0065222565936375633 -0.0098558049754132807 0.0027499821312459796 0.0016133451632924251 0.00034506678981969163 -0.014330676231847866 0.003377049068252834 -0.0032204266899266715 0.00053084227686739393 -0.0016564673368505459
leaf_weight=20 31 26 20 52 163 21 35 40 47 35 35 37 34 188
leaf_count=20 31 26 20 52 163 21 35 40 47 35 35 37 34 188
internal_value=-9.17205e-05 -0.000250664 -0.00110377 0.000739725 -0.00164634 -7.22899e-05 0.00126316 0.000370709 0.000105793 0.00127742 0.002275 0.000917646 -0.000641976 -0.00111962
internal_weight=784 753 317 72 245 82 56 436 396 154 119 84 242 208
internal_count=784 753 317 72 245 82 56 436 396 154 119 84 242 208
is_linear=0
shrinkage=0.03


Tree=228
num_leaves=15
num_cat=0
split_feature=8 8 7 0 8 8 8 10 7 7 2 1 0 9
split_gain=0.539263 0.584028 0.743445 0.777314 1.28855 0.660992 0.920488 0.586508 0.385668 0.364446 0.298684 0.274113 0.202883 0.236623
threshold=52.900000000000006 14.050000000000002 5.1500000000000012 15.034266700300767 5.7500000000000009 8.3000000000000025 10.450000000000001 1.0000000180025095e-35 6.5500000000000007 7.6500000000000012 10.802889381157863 11.484408999165113 13.057968606677434 -0.9629878403374984
decision_type=8 10 2 2 10 10 10 2 2 2 2 2 2 2
left_child=1 2 -1 4 -4 -6 -7 -8 10 11 -5 -3 -13 -14
right_child=-2 9 3 8 5 6 7 -9 -10 -11 -12 12 13 -15
leaf_value=-0.0077014092908186099 0.00030327351502349478 0.00063063411965549106 -0.0010381049184745635 0.0032438353544295816 0.0040889389818720753 -0.0025921153814720183 0.00082572668394239723 0.00099112705890058955 0.0019117602039821077 0.0043302573479509715 -0.00059896838730449822 -0.006502441361211489 0.00063626376103288935 -0.00065753356907306078
leaf_weight=57 28 39 21 20 20 26 23 21 27 25 95 44 32 278
leaf_count=57 28 39 21 20 20 26 23 21 27 25 95 44 32 278
internal_value=0.000332892 0.000172839 0.00115756 0.00185433 0.00372321 0.00527472 0.00380282 0.0064 0.000377622 -0.000558473 -0.000387932 -0.000784265 -0.00104789 -0.000771705
internal_weight=756 728 310 253 111 90 70 44 142 418 115 393 354 310
internal_count=756 728 310 253 111 90 70 44 142 418 115 393 354 310
is_linear=0
shrinkage=0.03


Tree=229
num_leaves=15
num_cat=0
split_feature=4 7 8 8 3 3 3 4 4 0 13 9 1 3
split_gain=0.41158 0.404548 0.56268 1.06118 1.12601 0.526065 0.510916 0.498126 0.422568 0.363615 0.343364 0.416823 0.332361 0.641067
threshold=12.698931279552667 7.6500000000000012 14.050000000000002 10.450000000000001 5.7962332541848722 13.538442422109991 11.287165286345504 7.6912884191548976 10.025826724152607 14.798939390552855 4.0661731637975382 -0.9629878403374984 12.785039405650375 8.0615500538745923
decision_type=2 2 10 10 2 2 2 2 2 2 10 2 2 2
left_child=1 2 3 6 -5 10 12 9 -9 -6 11 -4 -1 -14
right_child=-2 -3 5 4 7 -7 -8 8 -10 -11 -12 -13 13 -15
leaf_value=-0.0042168320755333203 -0.0027518079451797801 0.0012036982776884853 0.00097097092446755962 0.0014515075618364986 0.00056236007680266994 0.0031878451921344051 0.00071411165943395809 0.012601402555752043 0.00011909677534038495 -0.00093467062927115891 -0.010623584822068668 -0.00049169181820887266 0.0048813064041484146 -0.00058200415110086685
leaf_weight=58 32 30 36 20 21 20 32 23 21 21 48 314 36 71
leaf_count=58 32 30 36 20 21 20 32 23 21 21 48 314 36 71
internal_value=0.000371173 0.000514627 0.000369805 0.00135197 0.00375701 -0.000343676 4.54538e-05 0.0022069 0.0044 -0.000139536 -0.000586467 -0.000256411 -0.000632531 0.00036111
internal_weight=783 751 721 303 106 418 197 86 44 42 398 350 165 107
internal_count=783 751 721 303 106 418 197 86 44 42 398 350 165 107
is_linear=0
shrinkage=0.03


Tree=230
num_leaves=15
num_cat=0
split_feature=13 13 9 10 2 1 1 13 9 3 1 2 9 2
split_gain=0.676526 0.811675 1.4613 0.432907 0.411387 0.318466 1.33446 0.489239 0.753348 0.421605 0.451929 0.378867 0.475675 0.511033
threshold=3.9132263560644254 3.6332379010440925 -0.33961250367033008 0.25881904510252057 7.5170110799556467 13.076813198341064 12.675288307114183 2.9595010195883922 -0.70710678118654735 6.7690354264633781 11.869487696749635 12.507560469223685 -0.5 13.230264227340195
decision_type=8 10 2 2 2 2 2 10 2 2 2 2 2 2
left_child=1 4 -3 -4 -1 6 9 8 -7 -6 -11 -9 -13 -14
right_child=-2 2 3 -5 5 7 -8 11 -10 10 -12 12 13 -15
leaf_value=0.0023654755506905653 -0.0020395068837346609 0.0012170486014522763 0.00081185884046597572 -0.016171018415442318 -0.024054184028285172 0.00056625790814511664 0.00098240308189214321 -0.0071569317875400471 -6.5082764835963536e-05 0.00080855916311184297 -0.0010205662589603105 -0.0011188270096618336 0.01306153432601663 -0.004108475591441371
leaf_weight=42 166 22 32 25 32 33 29 119 121 30 33 25 20 33
leaf_count=42 166 22 32 25 32 33 29 119 121 30 33 25 20 33
internal_value=0.000503276 0.000974874 0.0037875 0.00118965 0.000538609 0.000283613 0.001584 -0.000178978 0.00108387 -0.000156251 0.00126562 -0.00116667 0.000455695 0.00205555
internal_weight=762 596 79 57 517 475 124 351 154 95 63 197 78 53
internal_count=762 596 79 57 517 475 124 351 154 95 63 197 78 53
is_linear=0
shrinkage=0.03


Tree=231
num_leaves=15
num_cat=0
split_feature=13 13 9 3 2 2 9 13 4 9 3 13 13 13
split_gain=0.328875 0.77208 2.07686 0.735591 0.51927 0.380696 0.400228 0.356922 1.06629 0.328671 0.500811 0.294802 0.486739 0.534063
threshold=3.9132263560644254 3.6332379010440925 -0.33961250367033008 12.243148930164491 7.5170110799556467 12.126071142632371 -0.79335334029123528 2.7176322085086961 10.07803682522475 0.86382728211298232 11.829887175919358 2.7356350297676566 3.0186624058275657 2.9436621464645709
decision_type=8 10 2 2 2 2 2 10 2 2 2 10 10 10
left_child=1 4 -3 -2 -1 11 -7 8 -8 10 -9 -6 13 -13
right_child=3 2 -4 -5 5 6 7 9 -10 -11 -12 12 -14 -15
leaf_value=0.0010635450477889895 -0.0094006241673146723 0.0011441259471364391 -0.00031093837788421228 0.00057351123422026207 -0.0052377733665582606 -0.00039318055338410582 -0.00081279793602157175 0.0012629451983542338 0.0064026029415892608 0.014121000687154075 -0.0039265108759055775 -0.00073031984949247148 -0.0020316448496362598 0.0053334531700093436
leaf_weight=44 148 24 53 36 56 36 25 41 20 22 50 38 154 26
leaf_count=44 148 24 53 36 56 36 25 41 20 22 50 38 154 26
internal_value=6.58908e-05 0.000411864 0.00319231 -0.00103784 -1.16966e-05 -0.000307037 0.000707692 0.00135849 0.00358696 0.000447368 -0.000358696 -0.00102546 -0.000520549 0.00166154
internal_weight=773 589 77 184 512 468 194 158 45 113 91 274 218 64
internal_count=773 589 77 184 512 468 194 158 45 113 91 274 218 64
is_linear=0
shrinkage=0.03


Tree=232
num_leaves=15
num_cat=0
split_feature=4 5 5 1 2 0 10 2 2 10 0 1 2 2
split_gain=0.423147 0.354284 0.539103 0.262075 0.566124 0.472484 0.343445 0.40075 0.531259 0.503836 0.406269 0.743727 0.382329 0.370143
threshold=12.205786173823556 10.019055831018376 1.4311004404647345 10.408416927647821 7.5170110799556467 13.474126419618292 -0.99023036236786355 10.425052460378035 11.004575060827891 1.0000000180025095e-35 13.991588878044549 13.72490307704015 11.870043351158801 13.541616460089786
decision_type=2 2 2 2 2 2 2 2 2 2 2 2 2 2
left_child=1 2 3 -1 5 -5 -6 -8 9 -9 -10 12 -12 -13
right_child=-2 -3 -4 4 6 -7 7 8 10 -11 11 13 -14 -15
leaf_value=-0.011253436764248725 -0.0039267087162230532 0.00068822456580652596 -0.00076029048387626593 0.00017979453099562095 -0.011748077504002261 0.0036630542136855235 -0.0092994026604907524 4.1490571136655227e-05 -0.0010488035777425626 0.0050086423049960039 0.00012950805010122853 -0.00037116367426842157 0.0065911941671381981 0.0020819493256259629
leaf_weight=34 40 21 120 23 27 20 99 25 76 28 25 146 23 63
leaf_count=34 40 21 120 23 27 20 99 25 76 28 25 146 23 63
internal_value=3.89098e-05 0.000205198 8.87317e-05 0.000462711 0.000620503 0.00388636 0.000339181 0.000524691 0.00096124 0.00372222 0.000511975 0.00108139 0.00440816 0.000299999
internal_weight=770 730 709 589 555 43 512 485 386 53 333 257 48 209
internal_count=770 730 709 589 555 43 512 485 386 53 333 257 48 209
is_linear=0
shrinkage=0.03


Tree=233
num_leaves=15
num_cat=0
split_feature=8 8 0 8 4 2 0 0 2 0 1 11 2 4
split_gain=0.950872 0.5629 0.445785 0.972789 1.46574 0.855151 0.544154 0.799027 0.568064 0.30125 0.34948 0.335474 0.295738 0.483612
threshold=13.250000000000002 5.2500000000000009 14.798939390552855 10.450000000000001 1.0000000180025095e-35 9.2491426686118263 15.244436878798481 15.655246763051963 12.047655553122494 11.892367698847016 11.484408999165113 1.0000000180025095e-35 14.132354166641116 10.085388685227356
decision_type=10 10 2 10 2 2 2 2 2 2 2 2 2 2
left_child=1 -1 3 5 -5 -3 -4 -8 -9 -2 -11 12 13 -12
right_child=9 2 6 4 -6 -7 7 8 -10 10 11 -13 -14 -15
leaf_value=-0.0010542172905563607 -0.01228182004935742 -0.020202730390642912 -0.0010337855109556534 0.0027734739380072251 7.2977741835668052e-05 0.0019634201969410013 0.0013786756550832494 0.0050774412731169859 -0.0043566431185527877 0.00086581594413474676 -5.5877859383335531e-05 -0.0010173734378717504 -0.0009144711282533934 0.00041572429401774718
leaf_weight=51 43 25 35 20 20 37 28 33 36 24 191 127 42 42
leaf_count=51 43 25 35 20 20 37 28 33 36 24 191 127 42 42
internal_value=0.000262251 0.00162587 0.00224681 0.00372815 0.00731707 0.00133333 0.00108271 0.00223469 0.000471428 -0.000568086 -0.000323186 -0.000535981 5.43471e-05 0.000474358
internal_weight=754 285 234 102 40 62 132 97 69 469 426 402 275 233
internal_count=754 285 234 102 40 62 132 97 69 469 426 402 275 233
is_linear=0
shrinkage=0.03


Tree=234
num_leaves=15
num_cat=0
split_feature=0 8 5 1 0 2 7 9 0 7 3 8 8 8
split_gain=1.11185 0.466259 0.475856 0.561737 0.904076 0.942895 0.553259 0.462832 0.25151 0.358472 0.740553 0.543741 0.391476 0.345417
threshold=9.5670545103286742 14.050000000000002 1.4311004404647345 12.675288307114183 14.814395343687407 10.263669863226122 5.8500000000000005 0.69134849440110402 12.179884021855313 6.8500000000000005 10.825619736327232 20.250000000000004 30.050000000000004 39.20000000000001
decision_type=2 10 2 2 2 2 2 2 2 2 2 10 10 10
left_child=-1 2 3 7 -5 -6 -7 -2 -3 12 -11 -12 -10 -14
right_child=1 8 -4 4 5 6 -8 -9 9 10 11 -13 13 -15
leaf_value=0.0020665739106527068 -0.0016000898805109698 -0.026438835805155693 -0.0007518066201051783 0.0014013938430769851 0.0004236596423226135 -0.00068243031285446752 0.0028877114818828776 0.00085116550345583548 -0.0011784888060521878 0.0087206951727196499 0.0005803038615329021 -0.00089237050263205997 0.0019094520080503476 -0.010953202829611042
leaf_weight=20 45 34 85 40 20 70 26 26 206 23 21 62 65 40
leaf_count=20 45 34 85 40 20 70 26 26 206 23 21 62 65 40
internal_value=0.000332907 0.000145287 0.00103514 0.00175 0.00275159 0.00138461 0.000123711 -0.000458334 -0.00047124 -0.000265551 0.00123364 -0.000107144 -0.000778847 0.000707546
internal_weight=783 763 312 227 156 116 96 71 451 417 106 83 311 105
internal_count=783 763 312 227 156 116 96 71 451 417 106 83 311 105
is_linear=0
shrinkage=0.03


Tree=235
num_leaves=15
num_cat=0
split_feature=8 8 5 8 8 8 5 8 1 1 13 13 8 7
split_gain=0.280245 0.510381 0.508189 0.719888 0.781636 0.480305 0.425906 0.370287 0.498467 0.386889 0.309248 1.23024 0.470234 0.225687
threshold=5.2500000000000009 13.250000000000002 6.8322144569127135 10.450000000000001 11.500000000000002 12.550000000000002 10.505546430446111 8.4500000000000011 13.656732767575111 14.301187463605904 3.897711265566699 3.6685709561006159 36.350000000000009 7.6500000000000012
decision_type=8 10 2 10 10 10 2 10 2 2 8 10 10 2
left_child=-1 2 3 7 -5 -6 10 8 -2 -9 11 13 -12 -3
right_child=1 6 -4 4 5 -7 -8 9 -10 -11 12 -13 -14 -15
leaf_value=-0.0010317657775707756 0.0031802987498772248 -0.00028810623390637403 -0.00098092695672941208 0.0011000221477820411 -0.00093264208961193269 0.0019861748586865462 0.0002266572332869688 -0.0036114852028735133 -0.00012317996169017921 0.00027425961091044756 -0.012436822183957136 0.0013698623192150716 0.00032735276850617004 0.0069361734973877511
leaf_weight=52 33 307 40 21 24 20 21 44 32 21 75 20 25 21
leaf_count=52 33 307 40 21 24 20 21 44 32 21 75 20 25 21
internal_value=0.000293262 0.000451063 0.00158898 0.00221939 0.00477273 0.0024 -0.000121277 0.00091603 0.0025 -0.000681819 -0.000320713 0.000103151 -0.00178218 -0.000346505
internal_weight=756 704 235 195 65 44 469 130 65 65 448 348 100 328
internal_count=756 704 235 195 65 44 469 130 65 65 448 348 100 328
is_linear=0
shrinkage=0.03


Tree=236
num_leaves=15
num_cat=0
split_feature=3 4 5 3 7 5 0 7 7 0 4 4 0 9
split_gain=0.312941 0.631876 0.528911 0.768905 0.532275 0.466199 0.347004 0.458912 0.91285 0.555419 0.49124 0.567303 0.405538 0.675298
threshold=14.15943447766834 10.411195917600601 8.7226611825236144 12.670642377823539 6.7500000000000009 5.7062624254307925 13.221258216867211 6.6500000000000012 6.9500000000000011 15.655246763051963 7.6912884191548976 4.2403942547612195 14.477298238986755 0.69134849440110402
decision_type=2 2 2 2 2 2 2 2 2 2 2 2 2 2
left_child=1 5 3 -3 -4 6 -1 9 -9 10 11 12 -8 -14
right_child=-2 2 4 -5 -6 -7 7 8 -10 -11 -12 -13 13 -15
leaf_value=-0.0023623314385881576 -0.00028630868232679531 0.0007533811737700692 -0.0045964355601123517 0.0013909673518396064 0.00018439564157667418 -0.004813278914313119 -0.00017868525653866801 0.0025642569120886433 2.1683997157812344e-06 -0.00076359676524786254 0.0005310830062582139 -0.0044921981394379197 0.00048414989918652799 0.0019539990939596318
leaf_weight=123 25 30 24 30 23 58 91 21 30 122 36 46 70 23
leaf_count=123 25 30 24 30 23 58 91 21 30 122 36 46 70 23
internal_value=0.000350597 0.000465659 0.00258333 0.00442623 0.000187499 9.66176e-05 0.000362344 0.000756817 0.00340385 0.000401028 0.00116854 0.00064935 0.00139459 0.0027766
internal_weight=752 727 107 60 47 620 562 439 51 388 266 230 184 93
internal_count=752 727 107 60 47 620 562 439 51 388 266 230 184 93
is_linear=0
shrinkage=0.03


Tree=237
num_leaves=15
num_cat=0
split_feature=8 0 8 3 3 5 10 0 9 7 0 0 0 3
split_gain=0.653997 1.08869 0.684263 0.431939 0.580076 0.57177 0.518317 0.539753 0.267033 0.217928 0.615528 0.579956 0.86982 0.360046
threshold=14.65 13.4165489542986 9.943500000000002 8.5329415801775905 11.094983732226657 8.7226611825236144 -0.38469719700095517 14.477298238986755 0.25881904510252091 6.6500000000000012 16.140873461356744 14.769969710718321 12.766868107645456 11.431447469060666
decision_type=10 2 8 2 2 2 2 2 2 2 2 2 2 2
left_child=1 2 -1 6 -5 8 -3 -8 -6 -2 11 12 -11 -14
right_child=9 3 -4 4 5 -7 7 -9 -10 10 -12 -13 13 -15
leaf_value=6.3583925968280111e-05 -0.00052582860137445207 0.00065109149793256282 0.00065176519969964159 -0.00062287898563925359 0.00057225945530881657 -0.0041746750127242714 -0.020993789400325241 0.0015627619782822022 0.003478718618440616 -0.012227177427986491 0.00027528659185962286 -0.0010819388153476331 0.0028902232554130448 0.00037400002806410647
leaf_weight=30 303 42 28 107 20 24 25 36 22 34 21 42 20 20
leaf_count=30 303 42 28 107 20 24 25 36 22 34 21 42 20 20
internal_value=0.000487741 0.00148657 0.00518644 0.00069314 -0.000224139 0.00197015 0.00222115 0.000435483 0.00404651 -0.00027211 0.000717391 -0.000153847 0.00144 0.00439024
internal_weight=774 334 58 276 173 66 103 61 42 440 137 116 74 40
internal_count=774 334 58 276 173 66 103 61 42 440 137 116 74 40
is_linear=0
shrinkage=0.03


Tree=238
num_leaves=15
num_cat=0
split_feature=1 8 4 13 13 7 13 9 13 13 10 8 8 4
split_gain=0.639281 0.491622 0.681201 0.575386 0.793754 0.542827 0.419788 0.356101 0.38814 0.647863 0.326903 0.785759 0.589238 0.288163
threshold=15.505743709361562 9.943500000000002 9.0983465307298328 2.7802406240100033 3.2690750720136168 4.5500000000000007 3.745246580984563 0.98886523145552097 3.3679762682953696 3.897711265566699 -0.38469719700095517 17.250000000000004 15.850000000000003 5.0070950122522957
decision_type=2 10 2 10 10 2 10 2 8 10 2 10 10 2
left_child=1 2 3 -1 -5 -3 -6 8 13 10 11 -10 -12 -7
right_child=-2 5 -4 4 6 7 -8 -9 9 -11 12 -13 -14 -15
leaf_value=-0.0025157808286624703 -0.0016133069908402396 0.0018347318836923045 0.0001866496783024206 0.00051452731282888766 -0.031576546795576463 6.8238572877138989e-05 0.003771974499728283 0.0018899191405713821 0.00052981874616545043 -0.00078057726217016846 -0.0002344158953699957 0.0002750709521239452 0.0028589008424609193 -0.0011276806033665905
leaf_weight=25 106 23 33 24 22 134 40 22 20 82 23 30 39 149
leaf_count=25 106 23 33 24 22 134 40 22 20 82 23 30 39 149
internal_value=0.000302716 0.000647675 0.0021931 0.00104464 0.0022069 0.000217973 0.000380952 5.99929e-06 -0.000169457 0.000861538 0.00233628 0.00411765 0.000857142 -0.000876761
internal_weight=772 666 144 111 86 522 62 499 477 194 112 50 62 283
internal_count=772 666 144 111 86 522 62 499 477 194 112 50 62 283
is_linear=0
shrinkage=0.03


Tree=239
num_leaves=15
num_cat=0
split_feature=0 0 7 13 8 2 10 10 10 2 13 0 3 13
split_gain=1.07035 0.281331 0.540751 0.522088 0.446239 0.459607 0.674803 0.959418 0.334343 0.269661 0.625655 0.884199 0.447875 0.31061
threshold=9.5670545103286742 15.614426231612116 6.5500000000000007 3.3187814788102741 16.550000000000004 8.3961944030784874 -0.96047288537312736 -0.76037701167087501 -0.9141673389828272 11.984396766813456 3.2837557712968031 14.477298238986755 8.9643438591664211 3.7106704414636473
decision_type=2 2 2 8 10 2 2 2 2 2 8 2 2 10
left_child=-1 4 8 -4 5 -2 -7 -8 -3 10 11 -9 -12 -11
right_child=1 2 3 -5 -6 6 7 9 -10 13 12 -13 -14 -15
leaf_value=0.002009676052882583 -3.2283275897872205e-05 0.004532429137173573 -0.0034819386999572237 0.0023014523772377361 -4.273705658615151e-05 -0.0092551161159231069 0.011798511196450544 0.00014964426781468644 -0.0022674733818018301 -0.002775438661330132 -0.00089653921900753695 0.002475099104870075 0.00027948042989201757 0.00095431034251740798
leaf_weight=20 39 26 31 32 268 31 23 21 137 29 50 20 24 20
leaf_count=20 39 26 31 32 268 31 23 21 137 29 50 20 24 20
internal_value=0.000462435 0.000275265 -0.00060793 0.00173437 0.000655893 0.00154651 0.00208219 0.00276064 -0.00151829 0.00192727 0.00271552 0.00564286 0.00104 5.99993e-05
internal_weight=771 751 226 63 525 257 218 187 163 164 115 41 74 49
internal_count=771 751 226 63 525 257 218 187 163 164 115 41 74 49
is_linear=0
shrinkage=0.03


Tree=240
num_leaves=15
num_cat=0
split_feature=12 9 1 4 4 9 7 1 9 1 2 1 1 10
split_gain=0.421458 0.480423 0.426533 0.735014 0.900952 0.412865 0.900572 0.482586 0.388134 0.371642 0.926569 0.242898 0.238553 0.261981
threshold=2.5000000000000004 0.98886523145552097 15.332881265184389 10.642706498769316 11.922958727237182 -0.70710678118654735 6.5500000000000007 10.712809871372734 -0.25881904510252113 14.004763451491831 10.705594722311679 11.869487696749635 13.668232248848563 0.41248606129204551
decision_type=8 2 2 2 2 2 2 2 2 2 2 2 2 2
left_child=1 2 5 -4 -5 6 9 -7 -9 10 -1 -10 -13 -14
right_child=-2 -3 3 4 -6 7 -8 8 11 -11 -12 12 13 -15
leaf_value=-0.0015679430000554392 -0.0033379025980918506 0.0017594895359992952 -0.00042814672362438759 0.011026391607947741 -0.00031085916564663305 0.00045983300935844342 -0.00018340595644701109 -0.00096397187221973837 0.00049042534140024885 2.4235207639345751e-05 0.0070754161264606564 -0.0034725780827698305 0.0040599821312191121 -0.00068406712376968342
leaf_weight=25 177 22 30 21 23 27 27 87 33 32 28 121 68 47
leaf_count=25 177 22 30 21 23 27 27 87 33 32 28 121 68 47
internal_value=0.000319895 0.000704391 0.000531578 0.00264 0.00506667 0.000211693 0.00180531 -0.000257813 -0.000554623 0.00331395 0.00483333 1.11104e-05 -0.000329115 0.000646551
internal_weight=768 591 569 74 44 495 112 383 356 85 53 269 236 115
internal_count=768 591 569 74 44 495 112 383 356 85 53 269 236 115
is_linear=0
shrinkage=0.03


Tree=241
num_leaves=15
num_cat=0
split_feature=13 3 1 3 13 2 3 13 10 2 3 2 0 0
split_gain=0.268669 0.514831 0.633881 0.938695 0.830294 0.477659 0.449721 0.598419 0.538174 0.501234 0.325479 0.59834 0.403862 0.408508
threshold=4.3822757879749981 9.5902192356746792 13.959753339057587 6.2412381778426349 3.2690750720136168 13.368459416465091 7.5909278755257086 3.2877271959001342 -0.38469719700095517 8.6059762669598978 10.224583129681685 11.004575060827891 14.355232715256561 15.009232588052667
decision_type=8 2 2 2 10 2 2 10 2 2 2 2 2 2
left_child=1 2 6 -4 -5 -2 8 -8 9 -1 -3 -12 -13 -14
right_child=5 10 3 4 -6 -7 7 -9 -10 -11 11 12 13 -15
leaf_value=0.00055118842561699779 -0.015294142579652448 -0.0024119810644191815 0.016293485351251812 -0.0087245989017197857 0.0061315213861316198 0.0010780377484158239 0.0014141034018038746 -4.9212417105983632e-05 -0.0047075149740581001 -3.2013047633356257e-05 0.0062888041113642159 -0.0010427915856759226 0.00050287918160432578 -0.00010365848433790397
leaf_weight=32 70 55 30 31 20 30 36 41 97 30 23 89 45 145
leaf_count=32 70 55 30 31 20 30 36 41 97 30 23 89 45 145
internal_value=0.000255483 0.00047111 0.00134906 0.00362195 0.00109615 -0.00118812 0.000556961 0.00242308 -0.000356251 0.00180952 -0.000310057 7.92072e-05 -0.000310715 0.000471203
internal_weight=774 674 317 81 51 100 236 77 159 62 357 302 279 190
internal_count=774 674 317 81 51 100 236 77 159 62 357 302 279 190
is_linear=0
shrinkage=0.03


Tree=242
num_leaves=15
num_cat=0
split_feature=0 6 7 6 7 8 8 3 0 0 13 1 7 10
split_gain=0.73303 0.490577 0.315503 0.326009 0.285463 0.380821 0.741285 1.47927 0.395725 0.70163 0.848583 0.288982 0.321765 0.564233
threshold=9.5670545103286742 8.4016088455231426 4.7500000000000009 1.0000000180025095e-35 7.6500000000000012 13.15 10.450000000000001 7.4543038329721378 14.609368405666592 15.587342340134944 3.2837557712968031 11.484408999165113 6.5500000000000007 0.24188504972319264
decision_type=2 2 2 2 2 10 10 2 2 2 10 2 2 2
left_child=-1 2 -2 4 5 6 8 -8 -4 10 -10 -7 -13 -14
right_child=1 -3 3 -5 -6 11 7 -9 9 -11 -12 12 13 -15
leaf_value=0.00046416531639710854 -0.014328854829588913 0.00030167967414796657 -0.00070217905528883464 -0.0058799798290327812 0.00079900770932519517 0.00066927077926103474 0.0014586865818991535 0.00016892825758727252 0.00065932129440397726 -0.00019985835761863305 -9.8047847597066621e-05 -0.0010056177976582373 0.0018493104379229165 -0.00063648061968717227
leaf_weight=21 59 20 55 36 24 29 20 57 22 59 24 262 54 39
leaf_count=21 59 20 55 36 24 29 20 57 22 59 24 262 54 39
internal_value=-8.05634e-05 -0.000236532 -0.000364373 -0.000180353 -2.32205e-05 -0.000149518 0.000794117 0.00319231 -0.000372672 0.000707546 0.00344681 -0.000732468 -0.000969102 0.000542552
internal_weight=781 760 740 681 645 621 237 77 160 105 46 384 355 93
internal_count=781 760 740 681 645 621 237 77 160 105 46 384 355 93
is_linear=0
shrinkage=0.03


Tree=243
num_leaves=15
num_cat=0
split_feature=0 7 2 1 1 8 1 1 0 0 13 7 13 3
split_gain=0.309825 0.344325 0.53062 0.362376 0.953858 0.414547 0.398289 0.385849 0.249317 0.248322 0.571577 0.368663 0.376674 0.463518
threshold=10.920792088380225 4.9500000000000011 7.5170110799556467 13.076813198341064 12.675288307114183 24.950000000000003 12.205696820552394 13.458023127149827 14.625897820877883 15.527841125465665 4.3711168165112104 5.5500000000000007 3.3996264723206955 10.017433070363941
decision_type=2 2 2 2 2 10 2 2 2 2 8 2 10 2
left_child=-1 8 -3 4 5 6 -4 -5 -2 10 11 -9 13 -13
right_child=1 2 3 7 -6 -7 -8 9 -10 -11 -12 12 -14 -15
leaf_value=0.00053939212276846258 -0.012310871516564712 0.0005161890331240968 0.00059699727040204661 -0.0051435660645207278 0.0011974178823669593 -0.027979970708088372 -0.0024401108790499601 0.00085312201822250857 0.0014307479647876864 -0.00087432674704637835 0.0014913824666043041 0.021546660046222754 -0.0039679812512245409 -0.00026534937065227792
leaf_weight=30 61 36 47 52 35 34 27 37 25 207 22 20 46 90
leaf_count=30 61 36 47 52 35 34 27 37 25 207 22 20 46 90
internal_value=-3.50656e-05 -0.000158109 7.79809e-05 -0.000131069 0.0011875 -0.000220184 0.00104 -0.000530527 -0.00193104 -0.000226951 0.00048611 -4.63925e-05 -0.000687899 0.00027027
internal_weight=769 739 653 617 143 108 74 474 86 422 215 193 156 110
internal_count=769 739 653 617 143 108 74 474 86 422 215 193 156 110
is_linear=0
shrinkage=0.03


Tree=244
num_leaves=15
num_cat=0
split_feature=6 6 13 9 8 9 8 7 4 4 2 8 2 4
split_gain=0.263805 0.289413 0.170335 0.716679 0.334191 0.518237 0.665523 0.322978 0.469717 0.28252 0.513335 0.368175 0.545698 0.219131
threshold=7.1315409777663907 1.0000000180025095e-35 2.6600494875419574 -0.88784492709732687 8.3000000000000025 0.034878236872063054 5.6500000000000012 7.2500000000000009 8.1246688531494318 10.085388685227356 12.640407297558921 34.550000000000004 12.82566740907339 10.55580602873262
decision_type=2 2 10 2 10 2 10 2 2 2 2 10 2 2
left_child=1 2 3 -1 5 -4 -7 9 -9 11 -11 -6 -13 -5
right_child=-2 -3 4 13 7 6 -8 8 -10 10 -12 12 -14 -15
leaf_value=0.0012458240249114856 0.00014343308572445677 -0.0061819092050143321 -0.00058173511174504182 -0.0046608809049909468 -0.00083696423400425656 -0.015937338744332979 0.0037327289907449286 0.0090326895467584163 -1.8035027351410822e-05 0.00051456734550343896 -0.00048371300860965859 -0.0027376640665293678 0.0012887159832317614 0.00029576331579545971
leaf_weight=20 24 29 46 96 314 21 30 20 31 21 36 55 21 23
leaf_count=20 24 29 46 96 314 21 30 20 31 21 36 55 21 23
internal_value=8.75627e-05 -1.17808e-05 0.000106122 -0.000835715 0.00032718 0.00192857 0.00398077 1.20233e-05 0.00225 -0.000247769 0.0017069 -0.000537085 0.00132467 -0.001725
internal_weight=787 763 734 139 595 97 51 498 51 447 57 390 76 119
internal_count=787 763 734 139 595 97 51 498 51 447 57 390 76 119
is_linear=0
shrinkage=0.03


Tree=245
num_leaves=15
num_cat=0
split_feature=6 0 0 1 1 9 9 8 0 0 2 2 8 12
split_gain=0.646447 0.509959 0.230307 0.389711 0.469379 0.317565 0.296948 0.36099 1.06029 0.490531 0.276616 0.235847 0.28461 0.642052
threshold=8.4016088455231426 10.920792088380225 12.347128233037898 12.205696820552394 11.222449956545624 0.98886523145552097 -0.33961250367033008 21.600000000000005 14.735977770574722 14.1147164764156 9.8066973689082246 9.8410498703530127 14.65 1.0000000180025095e-35
decision_type=2 2 2 2 2 2 2 10 2 2 2 2 10 10
left_child=1 -1 -3 4 -4 6 7 9 -9 -5 -6 -8 13 -13
right_child=-2 2 3 5 10 -7 11 8 -10 -11 -12 12 -14 -15
leaf_value=0.00052620818053933317 0.0015131892426938649 -0.0048552622742670283 -0.00093943643657809961 0.000623444476074515 8.6940129028453006e-05 0.00059914335831338309 -0.0087647303610374674 -0.000246522982417558 0.0016974004501537192 -0.00055823264985856527 0.0021606050440636116 -0.0041822329940796581 -0.00094984035641361333 0.00067723181830886569
leaf_weight=30 21 41 23 22 38 24 42 37 37 114 23 36 195 102
leaf_count=30 21 41 23 22 38 24 42 37 37 114 23 36 195 102
internal_value=0.000248091 0.00010196 -5.71436e-05 7.34863e-05 0.00197647 -0.000191804 -0.000332765 0.00056872 0.00224 -0.000350366 0.00333871 -0.000837767 -0.000565869 0.000474819
internal_weight=785 764 734 693 84 609 585 210 74 136 61 375 333 138
internal_count=785 764 734 693 84 609 585 210 74 136 61 375 333 138
is_linear=0
shrinkage=0.03


Tree=246
num_leaves=15
num_cat=0
split_feature=6 6 2 2 10 10 13 10 8 0 0 5 8 10
split_gain=0.644959 0.429105 0.406006 0.579441 0.673772 0.5156 0.538608 0.510089 0.385676 0.48899 0.615476 0.302487 0.343464 0.45489
threshold=8.4016088455231426 1.0000000180025095e-35 11.06362216610218 10.370668320987154 -0.33125622319804088 -0.15427011392592829 3.3408376412471035 -0.76037701167087501 13.250000000000002 15.034266700300767 14.413020877429942 8.1623706689135798 24.850000000000005 0.25881904510252057
decision_type=2 2 2 2 2 2 10 2 8 2 2 2 10 2
left_child=1 2 3 4 7 6 -5 -1 9 10 -4 12 -10 -14
right_child=-2 -3 8 5 -6 -7 -8 -9 11 -11 -12 -13 13 -15
leaf_value=-0.00052225764958728851 0.0023876296362235691 -0.00735432209012924 2.0855541240201504e-05 -0.0078655892708740602 -0.0027544637142696278 0.0054579698074217779 0.0015235919042735544 0.0011330382034065987 -0.0039928855243056239 -4.8981626651697442e-05 0.0047584129007024745 0.00038582627374996169 9.2268981631550396e-05 -0.00088389023574461276
leaf_weight=44 20 33 26 24 107 35 23 36 111 91 23 20 97 75
leaf_count=44 20 33 26 24 107 35 23 36 111 91 23 20 97 75
internal_value=0.00052872 0.000382037 0.000538569 0.00145555 0.000526595 0.00354217 0.0014375 0.00259259 -2.0271e-05 0.0012766 0.00366 -0.000621711 -0.000876761 -3.46828e-05
internal_weight=765 745 712 269 187 82 47 80 443 140 49 303 283 172
internal_count=765 745 712 269 187 82 47 80 443 140 49 303 283 172
is_linear=0
shrinkage=0.03


Tree=247
num_leaves=15
num_cat=0
split_feature=4 13 10 9 8 8 1 1 6 8 1 0 1 9
split_gain=0.415302 0.468834 0.608195 0.747128 0.632101 1.01228 0.394321 0.739677 0.401784 0.369596 0.357961 0.948703 0.199768 0.199606
threshold=2.7244451125137057 4.3711168165112104 1.0000000180025095e-35 -0.79335334029123528 24.100000000000005 13.15 13.569070804978013 13.78715392218786 7.1315409777663907 36.350000000000009 14.083845679720261 14.355232715256561 12.841858717750755 0.81601195411832983
decision_type=2 8 2 2 10 10 2 2 2 10 2 2 2 2
left_child=1 2 3 -1 5 12 -2 -8 9 13 11 -4 -5 -9
right_child=6 -3 10 4 -6 -7 7 8 -10 -11 -12 -13 -14 -15
leaf_value=0.00092250479424683994 -0.0002669915778186992 -0.011112085948791263 -0.0021318836066228052 3.0553638773991767e-05 0.0022393665179695336 -0.0041804479857426814 0.00068990547564801326 -0.00033062655772041845 0.00016767043141129658 0.012941298155124471 -0.0010370490487862213 0.0020750491722645223 0.0060176865348285586 0.0001757315486036492
leaf_weight=29 136 47 65 20 37 42 20 168 22 25 41 38 20 47
leaf_count=29 136 47 65 20 37 42 20 168 22 25 41 38 20 47
internal_value=0.000288917 0.00106765 0.00151536 0.00285906 0.001775 0.000289156 -0.000343676 0.000296819 -0.000136883 -0.000497926 0.000124137 0.00106731 0.00365854 -0.000902778
internal_weight=757 339 292 148 119 82 418 282 262 240 144 103 40 215
internal_count=757 339 292 148 119 82 418 282 262 240 144 103 40 215
is_linear=0
shrinkage=0.03


Tree=248
num_leaves=15
num_cat=0
split_feature=8 4 7 3 8 2 8 13 4 4 4 8 8 8
split_gain=0.471532 0.573664 1.17916 0.707492 0.696122 1.41354 0.304015 0.258196 0.39151 0.378477 0.292906 0.325665 0.351578 0.685393
threshold=14.65 2.7244451125137057 4.8500000000000005 8.6786346073120235 10.450000000000001 9.2491426686118263 4.8500000000000005 3.897711265566699 7.9913319125412521 11.841853239948509 6.8194368065520736 38.350000000000001 20.050000000000004 24.950000000000003
decision_type=8 2 2 2 10 2 10 8 2 2 2 10 10 10
left_child=1 2 -1 4 5 -4 -3 8 10 -10 11 12 -2 -14
right_child=7 6 3 -5 -6 -7 -8 -9 9 -11 -12 -13 13 -15
leaf_value=-0.0085800182285736219 -0.0041107128900364828 -0.0010204703664433482 -0.016303153849616697 -0.013399989289751002 0.0011533590324232239 0.0072145275435801029 4.3709549388955991e-05 -0.0028598079493281684 -0.00063614144858171909 0.00017916880066027997 0.0079452577389391883 -0.0098509604309521027 0.026455560835218765 0.00066760812125526113
leaf_weight=37 58 28 21 24 36 25 166 87 97 35 21 38 21 74
leaf_count=37 58 28 21 24 36 25 166 87 97 35 21 38 21 74
internal_value=0.000163848 0.00100296 0.0024375 0.00403738 0.0053494 0.00280851 -6.15392e-05 -0.000493056 -0.00012174 -0.0013985 0.000676056 0.000296874 0.000915584 0.00203125
internal_weight=768 337 143 106 82 46 194 431 344 132 212 191 153 95
internal_count=768 337 143 106 82 46 194 431 344 132 212 191 153 95
is_linear=0
shrinkage=0.03


Tree=249
num_leaves=15
num_cat=0
split_feature=2 13 7 13 5 4 7 13 4 4 13 0 9 2
split_gain=0.403805 0.749792 0.278272 0.567324 0.360344 0.871445 0.345512 0.33523 0.284424 1.08011 0.268392 0.232845 0.31369 0.627119
threshold=1.0000000180025095e-35 3.4140316494952994 6.5500000000000007 3.7696136411282697 6.1866260054034683 10.566627936056681 6.9500000000000011 4.5303322203840546 10.847329566569107 9.962578046323193 3.0909836995657325 15.927494873154755 0.51124928235797451 10.580777936291986
decision_type=2 10 2 8 2 2 2 8 2 2 10 2 2 2
left_child=1 -1 4 8 5 7 -5 11 9 10 -4 12 -2 -14
right_child=2 -3 3 6 -6 -7 -8 -9 -10 -11 -12 -13 13 -15
leaf_value=0.0089943283516543213 -8.7806722912573424e-05 -0.011526927625450064 -0.0049101197224703666 0.0013583847018648577 -0.0076821440363512078 0.011259049216486525 0.00038436622215890344 -0.011917955862891004 -0.00045341963752473715 0.00039958918178874969 0.00068760142740573844 -0.0039498410990243555 0.0004729566315209201 -8.4284750079745218e-05
leaf_weight=26 244 21 32 22 49 20 28 46 54 21 40 60 47 54
leaf_count=26 244 21 32 22 49 20 28 46 54 21 40 60 47 54
internal_value=2.35287e-05 0.0026875 -0.000154597 0.00080303 -0.000518235 -0.000260594 0.00352941 -0.000537611 -0.000141893 0.000861701 -0.00090411 -0.000258621 4.33519e-05 0.00144118
internal_weight=764 47 717 197 520 471 50 451 147 93 72 405 345 101
internal_count=764 47 717 197 520 471 50 451 147 93 72 405 345 101
is_linear=0
shrinkage=0.03


Tree=250
num_leaves=15
num_cat=0
split_feature=8 8 2 5 2 5 4 0 2 10 0 2 7 4
split_gain=0.342048 0.652884 1.85422 0.475961 0.32659 0.492294 0.481162 0.454129 0.53982 0.296636 0.396318 0.650971 0.224537 0.20875
threshold=14.65 10.450000000000001 9.5129410555364498 10.349419392983219 8.3961944030784874 1.0000000180025095e-35 7.1221004305343207 14.688961644750499 10.758670884155155 0.41248606129204551 14.884718308724077 12.767573365598931 7.4500000000000011 9.1790302868013747
decision_type=8 10 2 2 2 2 2 2 2 2 2 2 2 2
left_child=1 4 -3 12 -1 6 7 -6 -9 10 -4 -12 -2 -14
right_child=3 2 9 -5 5 -7 -8 8 -10 -11 11 -13 13 -15
leaf_value=-0.01533172384470302 -0.00015640314721469288 0.00084747632585263828 0.0076004694846905458 0.00051279224946068755 -0.00321773183198216 -0.0001521833900880911 0.0041768752961575499 0.00055004251457711805 -0.00010568779731130126 -0.00031020149698756397 -0.0032447360668791622 0.00090204285716836475 0.0060003592363038491 -0.0010673551657220935
leaf_weight=27 362 21 30 20 36 53 30 24 41 33 24 20 22 23
leaf_count=27 362 21 30 20 36 53 30 24 41 33 24 20 22 23
internal_value=0.000445892 0.00115588 0.00283721 -0.00011916 0.000127358 0.000583783 0.00156818 0.000558823 0.00204545 0.00119444 0.00224 0.000399999 -0.000345589 0.00163043
internal_weight=766 339 128 427 211 184 131 101 65 107 74 44 407 45
internal_count=766 339 128 427 211 184 131 101 65 107 74 44 407 45
is_linear=0
shrinkage=0.03


Tree=251
num_leaves=15
num_cat=0
split_feature=2 13 2 1 5 13 0 5 1 0 10 10 8 10
split_gain=0.421166 0.943884 0.339726 0.403165 0.316717 0.336727 0.55253 0.386275 0.382881 0.513662 0.406046 0.951616 0.642598 0.273065
threshold=7.5170110799556467 3.3916870091212465 10.044975896648321 11.869487696749635 10.1704683730251 4.3615325484691922 15.509268706681548 3.6158243666982455 14.841932812060366 14.514269476252506 -0.62241982464324219 1.0000000180025095e-35 10.950000000000001 -0.76037701167087501
decision_type=2 10 2 2 2 10 2 2 2 2 2 2 10 2
left_child=1 -1 -2 -4 5 7 -7 8 9 13 -11 -12 -13 -5
right_child=2 -3 3 4 -6 6 -8 -9 -10 10 11 12 -14 -15
leaf_value=0.0039048845183203723 -0.010136802679847194 -0.021614980485432197 0.0012832625862040407 5.5510030713601735e-05 0.00022922972956944745 0.002543369882437366 -0.0028966958244394467 -0.00093606959747427826 -0.00057007033272245202 -0.00067816279264782081 0.0076450076150119846 0.0032724348204450234 -0.00047557536908610391 -0.0084459585464611003
leaf_weight=40 104 29 27 36 38 20 27 108 97 52 29 27 58 87
leaf_count=40 104 29 27 36 38 20 27 108 97 52 29 27 58 87
internal_value=-3.46161e-05 0.00218571 -0.000253165 1.97686e-05 -0.000150001 -0.000337639 0.0020625 -0.000569698 -0.000124032 0.000424137 0.00150898 0.00250435 0.000872092 -0.00104032
internal_weight=779 69 710 606 579 541 47 494 386 289 166 114 85 123
internal_count=779 69 710 606 579 541 47 494 386 289 166 114 85 123
is_linear=0
shrinkage=0.03


Tree=252
num_leaves=15
num_cat=0
split_feature=13 13 3 13 13 3 8 3 7 5 5 4 13 10
split_gain=0.613918 1.17047 0.796745 0.581331 0.617384 0.554889 0.599223 0.547071 0.489508 0.380695 0.335156 0.530742 0.749996 0.888551
threshold=3.9132263560644254 3.616104401834237 1.3195286648076296 3.4282904644093786 3.3679762682953696 5.6758969040294156 34.900000000000006 10.007436961844723 4.7500000000000009 10.073769324186348 5.2914833751653276 7.7699547862938187 3.0186624058275657 0.70244862051411394
decision_type=8 10 2 10 10 2 10 2 2 2 2 2 10 2
left_child=1 3 -3 4 5 6 8 -4 -1 10 11 -7 13 -13
right_child=-2 2 7 -5 -6 9 -8 -9 -10 -11 -12 12 -14 -15
leaf_value=0.00023206988055042425 -0.00050446678400721783 0.0015005919130678261 -0.00041876808729626904 -0.001012718646213349 0.019296003139041638 -0.00031777105488747613 -0.0021673488461967094 0.0016784837826740548 0.0057198333552490356 0.0095787502176609071 -0.0024429888899058462 0.0036103756053066796 -0.0010135364675376282 -0.0011458023546182571
leaf_weight=30 177 22 34 59 20 160 23 33 39 22 72 52 32 22
leaf_count=30 177 22 34 59 20 160 23 33 39 22 72 52 32 22
internal_value=0.000424811 0.000869565 0.00403333 0.000332706 0.000684989 0.00045033 0.00251613 0.00233823 0.0039 -8.31032e-05 -0.000336284 0.000157303 0.00179439 0.00344
internal_weight=797 620 89 531 472 452 92 67 69 360 338 266 106 74
internal_count=797 620 89 531 472 452 92 67 69 360 338 266 106 74
is_linear=0
shrinkage=0.03


Tree=253
num_leaves=15
num_cat=0
split_feature=6 7 1 0 10 3 1 0 7 2 3 3 1 7
split_gain=0.460111 0.512996 0.367416 0.416567 0.285098 0.50444 0.804854 0.288549 0.60974 0.277652 0.638754 0.396037 0.234285 0.229088
threshold=8.4016088455231426 6.2500000000000009 12.205696820552394 13.246551078836207 -0.76037701167087501 6.519686498136763 13.076813198341064 15.569003438611555 5.5500000000000007 12.767573365598931 11.467389538842914 11.023758828488646 13.959753339057587 6.5500000000000007
decision_type=2 2 2 2 2 2 2 2 2 2 2 2 2 2
left_child=1 2 3 -1 7 6 -6 -4 -9 11 -11 -7 -8 -3
right_child=-2 13 4 -5 5 9 12 8 -10 10 -12 -13 -14 -15
leaf_value=2.4905193322130436e-05 0.0023174015809053036 -0.005512189698107366 -0.0036920707173245908 0.00055910654795481485 -0.0077741459321900618 -0.00038421607799400171 0.00096603543709812881 -0.010813409357470114 0.0057660852523626288 0.0076455681765100463 -0.00015957321865984583 0.0018159177023320326 0.01269486074574301 -6.5912507139981284e-05
leaf_weight=60 20 80 68 35 24 130 21 21 20 20 40 28 23 195
leaf_count=60 20 80 68 35 24 130 21 21 20 20 40 28 23 195
internal_value=-9.54206e-05 -0.000215405 0.000366598 0.00203125 -3.78795e-05 0.00045993 0.00269565 -0.00133636 0.000642856 -0.000246576 0.00147541 -0.000905661 0.00506667 -0.00125
internal_weight=785 765 490 95 395 286 68 109 41 218 60 158 44 275
internal_count=785 765 490 95 395 286 68 109 41 218 60 158 44 275
is_linear=0
shrinkage=0.03


Tree=254
num_leaves=15
num_cat=0
split_feature=8 5 7 3 3 1 3 7 8 8 8 10 7 9
split_gain=0.459253 0.623401 0.500513 1.30102 0.449947 0.335244 0.851859 0.412844 0.237394 0.217543 0.322492 0.881481 0.365351 0.286356
threshold=14.65 1.4311004404647345 5.0500000000000007 5.6758969040294156 11.287165286345504 12.634404307685591 8.7517856353754926 5.6500000000000012 11.950000000000001 39.20000000000001 34.550000000000004 0.38268343236508956 7.3500000000000005 -0.52048723568399791
decision_type=8 2 2 2 2 2 2 2 10 8 10 2 2 2
left_child=1 2 -1 -4 5 -5 -7 -8 -3 10 12 -12 -2 -11
right_child=9 8 3 4 -6 6 7 -9 -10 13 11 -13 -14 -15
leaf_value=-0.0011541871653911863 -0.00027959031766277838 -0.00040911292128979917 0.002816000955479138 -0.00095736826763201464 0.0041920945560654857 0.00095232887655582728 -0.011016190580891443 0.00061696351136507615 0.0028060089851386152 0.0019521453559214845 -8.7233069730678571e-05 0.014388015112507932 0.0013997164190526054 -0.0092096099613479324
leaf_weight=53 278 64 36 32 26 31 31 38 28 22 32 21 40 56
leaf_count=53 278 64 36 32 26 31 31 38 28 22 32 21 40 56
internal_value=0.000235741 0.00106765 0.00185081 0.00255385 0.00135849 0.000631578 0.00148515 -0.000385715 -0.00103226 -0.000393334 -8.87104e-05 0.00205555 -0.000451411 -0.00182279
internal_weight=788 339 247 194 158 132 100 69 92 449 371 53 318 78
internal_count=788 339 247 194 158 132 100 69 92 449 371 53 318 78
is_linear=0
shrinkage=0.03


Tree=255
num_leaves=15
num_cat=0
split_feature=13 6 4 7 2 13 1 13 13 3 2 13 13 13
split_gain=0.44885 0.374499 0.270669 0.464942 0.333372 0.63081 0.676814 0.404733 0.546237 0.626906 0.337261 0.698183 0.246224 0.544653
threshold=2.4034681011121268 1.0000000180025095e-35 11.366606029116047 7.0500000000000007 11.984396766813456 4.3957595904073594 14.754425286048152 3.6230815368975491 3.9090925645621128 4.8609228823234663 13.541616460089786 3.616104401834237 3.066571616749731 2.7602839994478576
decision_type=10 2 2 2 2 8 2 10 10 2 2 10 10 10
left_child=-1 2 4 -4 5 6 7 12 9 -9 -6 -12 13 -2
right_child=1 -3 3 -5 10 -7 -8 8 -10 -11 11 -13 -14 -15
leaf_value=-0.00019540545278265924 -0.00059652632192202213 -0.0042757803107140004 0.0044008904134860216 -0.00043749599700620615 -0.00082643569335653911 -0.011897146789276116 0.013042490546436972 0.0013813050041059881 -0.00021993739909643325 0.00036396455367385377 -0.00040446110327808942 0.0013696994414570277 -0.00037761908844681128 0.00047794446894710023
leaf_weight=87 41 45 24 23 127 36 27 20 41 31 30 27 140 72
leaf_count=87 41 45 24 23 127 36 27 20 41 31 30 27 140 72
internal_value=7.38335e-05 0.000332846 0.000520312 0.0026875 0.000344013 0.000821515 0.00119035 0.000823699 0.00251613 0.00455769 -0.000713514 0.00118965 0.000200787 0.00123684
internal_weight=771 684 639 47 592 408 372 345 92 51 184 57 253 113
internal_count=771 684 639 47 592 408 372 345 92 51 184 57 253 113
is_linear=0
shrinkage=0.03


Tree=256
num_leaves=15
num_cat=0
split_feature=9 0 7 3 3 13 7 1 9 9 10 8 4 3
split_gain=0.512253 0.344052 0.396415 0.468201 0.52785 0.788155 0.809842 0.517008 0.399281 0.350898 0.434293 0.289477 0.225886 0.456536
threshold=0.97014794553715189 15.009232588052667 4.6500000000000012 1.0000000180025095e-35 8.0138653193164711 3.616104401834237 6.1500000000000012 12.969813580365047 0.034878236872063054 -0.40462608613327394 -0.33125622319804088 27.450000000000003 11.922958727237182 12.818920483073411
decision_type=2 2 2 2 2 8 2 2 2 2 2 10 2 2
left_child=1 2 -1 7 -5 8 -7 -4 9 10 -6 -10 13 -3
right_child=-2 12 3 4 5 6 -8 -9 11 -11 -12 -13 -14 -15
leaf_value=-0.010238825900331813 0.00038339965027382527 -0.0001904045639213958 0.00033091009176092618 -0.00047147965577600269 0.00081286522606798428 0.0039658992388010468 0.00013776548004671666 0.005082745486589605 -0.00062118339125474581 0.00669647224763684 -0.00083878773592050576 0.00048266776744346034 -0.0021771232645003049 0.0085289756983743872
leaf_weight=39 35 260 47 73 24 27 37 20 47 29 34 32 34 36
leaf_count=39 35 260 47 73 24 27 37 20 47 29 34 32 34 36
internal_value=0.000255483 8.51344e-05 0.000665853 0.00097035 0.000463815 0.00116883 0.00396923 0.00322059 7.18556e-05 0.00146591 0.000101694 -0.0014625 -0.000634442 -0.000363637
internal_weight=774 739 409 370 303 230 64 67 166 87 58 79 330 296
internal_count=774 739 409 370 303 230 64 67 166 87 58 79 330 296
is_linear=0
shrinkage=0.03


Tree=257
num_leaves=15
num_cat=0
split_feature=1 8 8 9 3 3 2 1 0 3 5 7 3 2
split_gain=0.510491 0.412317 0.405557 0.467558 0.807762 0.64284 0.36127 0.325524 0.343357 0.396816 0.325455 0.66833 0.250921 0.317251
threshold=13.076813198341064 16.550000000000004 10.65 0.25881904510252091 1.3195286648076296 10.402791739036198 9.2491426686118263 10.94741949638073 12.903931217516108 8.6458923996998873 1.4311004404647345 6.1500000000000012 6.2412381778426349 12.767573365598931
decision_type=2 8 10 2 2 2 2 2 2 2 2 2 2 2
left_child=2 10 6 7 -5 -6 -1 -4 -9 -10 11 12 -2 -14
right_child=1 -3 3 4 5 -7 -8 8 9 -11 -12 -13 13 -15
leaf_value=-0.019342398056231475 0.0032377848219589103 -0.00057561840827595587 -0.010557194377824878 0.0011990357822302773 -0.00060254763265060003 0.0062134263430368179 5.8047255612640356e-05 0.0013176712111553602 -0.018120062332321423 0.00091070178679220721 -0.00078907585409266376 0.0055079536107707217 -0.00022404649339758517 0.0003749394106129478
leaf_weight=38 34 256 21 24 27 22 35 31 25 21 92 30 95 21
leaf_count=38 34 256 21 24 27 22 35 31 25 21 92 30 95 21
internal_value=-0.000201812 -0.000725899 0.000930612 0.00172674 0.00352703 0.00126 -0.000932433 0.000363636 0.00126923 -0.000382979 8.79114e-05 0.000828729 -7.10519e-10 -0.000666667
internal_weight=772 528 244 171 73 49 73 98 77 46 272 180 150 116
internal_count=772 528 244 171 73 49 73 98 77 46 272 180 150 116
is_linear=0
shrinkage=0.03


Tree=258
num_leaves=15
num_cat=0
split_feature=9 1 1 8 9 4 13 8 8 2 3 1 3 3
split_gain=0.522414 0.320247 1.07287 0.380188 0.468252 0.433741 0.323393 0.25138 0.478069 0.438132 0.358037 0.237492 0.222335 0.634212
threshold=-0.99969541350954783 13.096308965802882 12.785039405650375 11.050000000000002 -0.70710678118654735 4.2403942547612195 3.0508391527108922 27.850000000000005 10.850000000000003 10.370668320987154 4.0196593338949675 11.662412202700294 12.549982251443915 13.039029518713475
decision_type=2 2 2 8 2 2 8 10 10 2 2 2 2 2
left_child=-1 2 7 4 -3 -6 -7 8 11 10 -10 -2 -5 -14
right_child=1 3 -4 12 5 6 -8 -9 9 -11 -12 -13 13 -15
leaf_value=0.00046030976449094657 9.2713824891684183e-06 0.00020695880950099719 0.0027366848358049687 -0.00036520744214527237 0.00048571326106343929 0.00082270324522783786 -0.012281799215873003 -0.0098293590382275073 0.00046004775534498957 0.0010086402456593072 -0.009426463698198757 -0.0016654542271946808 0.015183274837257142 -0.0003451065620563532
leaf_weight=24 33 23 34 273 37 29 44 64 24 29 27 34 24 57
leaf_count=24 33 23 34 273 37 29 44 64 24 29 27 34 24 57
internal_value=5.54815e-05 -9.00416e-05 0.000792682 -0.000534837 0.000828357 -7.08812e-10 -0.00133784 -1.41517e-05 0.000668918 0.00222222 0.00051923 -0.00119118 -0.00104789 0.000329268
internal_weight=756 732 245 487 133 110 73 211 147 80 51 67 354 81
internal_count=756 732 245 487 133 110 73 211 147 80 51 67 354 81
is_linear=0
shrinkage=0.03


Tree=259
num_leaves=15
num_cat=0
split_feature=1 3 13 13 7 10 13 1 3 13 2 3 2 4
split_gain=0.346979 0.435168 0.348698 0.470292 0.681774 0.585263 0.586312 0.638893 0.481684 0.457438 0.295379 0.405901 0.471226 0.935397
threshold=16.36985955611264 13.738557155961646 4.3957595904073594 3.616104401834237 7.0500000000000007 1.0000000180025095e-35 3.9132263560644254 13.365217715248329 9.5055066888118862 3.4282904644093786 1.0000000180025095e-35 7.7331621557586425 10.909069412860958 5.1104703916605407
decision_type=2 2 10 10 2 2 10 2 2 10 2 2 2 2
left_child=1 2 3 4 9 6 7 -5 -8 10 -1 -12 13 -13
right_child=-2 -3 -4 5 -6 -7 8 -9 -10 -11 11 12 -14 -15
leaf_value=0.0075246438292961336 -0.00031093309618106637 0.00029872182334420515 -0.0049653755357607571 0.0012051028365603659 -0.0095333743171155411 -3.0556236319368327e-05 -0.0085378255417706186 8.9810668332320796e-05 0.00053565813317196342 -0.00046232358523099935 -0.0012421202372604025 0.00098281669997826531 0.00019388915915556567 3.6083441114010024e-05
leaf_weight=26 29 30 59 28 61 59 26 20 20 48 97 20 209 40
leaf_count=26 29 30 59 28 61 59 26 20 20 48 97 20 209 40
internal_value=0.000263906 0.000391128 0.000239495 0.000439694 -5.97681e-06 0.00188961 0.00334737 0.00563265 0.000893616 0.000408163 0.000748091 0.00052316 0.00112222 0.00344262
internal_weight=772 743 713 654 501 153 94 48 46 440 392 366 269 60
internal_count=772 743 713 654 501 153 94 48 46 440 392 366 269 60
is_linear=0
shrinkage=0.03


Tree=260
num_leaves=15
num_cat=0
split_feature=13 13 1 7 1 1 1 8 4 1 1 4 4 2
split_gain=0.549133 0.530337 1.29794 0.458049 0.62513 1.58358 0.503771 0.568745 0.527649 0.435977 0.380952 0.354233 0.353988 0.6776
threshold=2.6600494875419574 2.8972419837873922 13.812476928868472 5.1500000000000012 13.076813198341064 12.785039405650375 14.301187463605904 10.050000000000002 4.9052130462326602 15.10423437151004 14.900169752913497 10.55580602873262 9.821308713644493 13.541616460089786
decision_type=10 10 2 2 2 2 2 10 2 2 2 2 2 2
left_child=11 2 -2 -3 5 -5 8 9 -6 -8 -4 -1 13 -9
right_child=1 3 10 4 6 -7 7 12 -10 -11 -12 -13 -14 -15
leaf_value=-0.00047863498688008001 0.00067007835008564651 -0.00038159862001971903 -0.0044620428220802392 0.00054539178659169846 0.00017606027366481221 0.0032221708125022208 0.0016987404329223835 -0.00064732502863496097 -0.011213590480047613 1.8210750273067679e-05 0.0036539076523913055 0.00097163652538276584 -0.0006369505868567719 0.0051807812411284728
leaf_weight=112 30 111 23 131 54 20 20 49 78 22 21 35 63 24
leaf_count=112 30 111 23 131 54 20 20 49 78 22 21 35 63 24
internal_value=0.000290931 0.000667696 0.00304 0.00035602 0.000772727 0.00234868 -7.12956e-10 0.00103911 -0.0013985 0.00404651 -0.000266667 -0.00135811 8.75905e-05 0.0015
internal_weight=793 646 74 572 461 151 310 178 132 42 44 147 136 73
internal_count=793 646 74 572 461 151 310 178 132 42 44 147 136 73
is_linear=0
shrinkage=0.03


Tree=261
num_leaves=15
num_cat=0
split_feature=6 9 6 1 13 13 2 13 3 2 9 1 1 12
split_gain=0.42865 0.403801 0.260258 0.223903 0.325979 0.357509 0.380871 0.324921 0.309402 0.347023 0.295711 0.231945 0.622252 0.396441
threshold=8.0679323707155444 0.97014794553715189 1.0000000180025095e-35 15.983023042084346 2.2010250482912359 2.4670511503686972 14.21344193183524 4.5303322203840546 12.94274609994301 13.457194727518674 0.93540483100319627 10.408416927647821 11.484408999165113 1.0000000180025095e-35
decision_type=2 2 2 2 10 10 2 10 2 2 2 2 2 10
left_child=1 2 3 4 -1 -6 7 8 9 10 11 -7 -13 -14
right_child=-2 -3 -4 -5 5 6 -8 -9 -10 -11 -12 12 13 -15
leaf_value=0.0010381633521689866 0.0022434993967596381 0.00018994884172529914 -0.022026810563368263 -0.00036753806640869879 -0.00039854365019492699 -0.015587311770628385 0.0016778418344539582 -0.01158031036678118 -0.0053500778037590142 0.0074084185300316002 -0.014573287520922708 0.0041289434557333637 -0.0019785155347424458 0.00014902849633903492
leaf_weight=29 20 34 30 41 37 34 21 33 28 27 27 26 62 316
leaf_count=29 20 34 30 41 37 34 21 33 28 27 27 26 62 316
internal_value=5.8746e-05 -6.03224e-05 -0.000214888 -9.23761e-05 4.68012e-05 -0.000102942 8.34775e-05 -7.03978e-05 0.000115162 0.000292089 9.65658e-05 0.000287015 0.000488888 0.000174142
internal_weight=765 745 711 681 640 611 574 553 520 492 465 438 404 378
internal_count=765 745 711 681 640 611 574 553 520 492 465 438 404 378
is_linear=0
shrinkage=0.03


Tree=262
num_leaves=15
num_cat=0
split_feature=3 8 8 4 8 3 13 3 2 10 2 9 2 0
split_gain=0.446053 0.46956 0.49253 0.431533 0.840376 1.11884 0.413991 0.313668 0.312433 0.929494 0.362102 0.377291 0.255043 0.328268
threshold=12.94274609994301 5.2500000000000009 6.9500000000000011 9.3964046358964648 17.150000000000002 11.520813438825313 4.5303322203840546 12.022605214278418 7.5170110799556467 -0.70710678118654757 13.457194727518674 0.88144907265856365 9.8066973689082246 13.770152629167841
decision_type=2 10 10 2 10 2 8 2 2 2 2 2 2 2
left_child=1 -1 -3 6 5 -5 8 -6 9 -4 11 12 -10 -14
right_child=-2 2 3 4 7 -7 -8 -9 10 -11 -12 -13 13 -15
leaf_value=-0.00088206742006140444 -0.00035449811127714832 0.0054230960779430562 0.0021891568540422933 0.00053853783418924878 -0.0028716992111845986 0.00010180458514714941 -0.010659651745526556 0.00021675140431079006 -0.0064338479022920695 -9.0827242102653656e-05 0.0031585518401989537 -0.018698061539304731 0.00047334473894527617 -0.00014783003445405926
leaf_weight=53 88 28 24 27 37 27 57 30 53 39 29 43 69 184
leaf_count=53 88 28 24 27 37 27 57 30 53 39 29 43 69 184
internal_value=4.56267e-05 0.000299571 0.000523147 0.000343548 0.00194262 0.00469091 -4.80969e-05 -0.000308824 0.000264705 0.00220312 -6.33253e-05 -0.000334286 3.90872e-05 0.000437007
internal_weight=788 700 647 619 121 54 498 67 441 63 378 349 306 253
internal_count=788 700 647 619 121 54 498 67 441 63 378 349 306 253
is_linear=0
shrinkage=0.03


Tree=263
num_leaves=15
num_cat=0
split_feature=2 2 8 8 8 1 11 3 3 2 9 0 3 2
split_gain=0.374947 0.611389 0.499565 1.27812 0.534394 0.497132 0.473348 0.367349 0.700427 0.364547 0.295635 0.411446 0.207054 0.343803
threshold=11.06362216610218 10.674244420617205 10.450000000000001 14.850000000000003 24.100000000000005 13.177124222617669 1.0000000180025095e-35 8.4152656841796283 9.5902192356746792 11.680579127014374 0.88144907265856365 15.10255548989384 10.30109027150977 12.815878007750067
decision_type=2 2 10 10 10 2 2 2 2 2 2 2 2 2
left_child=1 2 -1 -4 -5 -3 -6 -2 9 -9 12 -12 -10 -14
right_child=7 5 3 4 6 -7 -8 8 10 -11 11 -13 13 -15
leaf_value=-0.00062611115063220381 -0.0021161918193798169 0.0039719753261128615 0.0011033421742031996 -0.0069021351223920915 0.0024874244210006157 6.501586913565395e-05 -0.0090242566209781626 -0.0017491562226542782 -0.0012643719363486783 0.0068517403302141055 -0.0026236036704037368 0.0084401097152171038 0.0002428209148771044 -0.000342156900299821
leaf_weight=90 75 27 34 60 32 29 20 23 33 22 27 23 119 149
leaf_count=90 75 27 34 60 32 29 20 23 33 22 27 23 119 149
internal_value=0.000263088 0.0011058 0.000430379 0.0015102 -5.30981e-05 0.00389474 0.00215094 -0.000260594 0.000105793 0.00358696 -0.000349433 0.00176471 -0.000705299 -0.000423793
internal_weight=763 292 236 146 112 56 52 471 396 45 351 50 301 268
internal_count=763 292 236 146 112 56 52 471 396 45 351 50 301 268
is_linear=0
shrinkage=0.03


Tree=264
num_leaves=15
num_cat=0
split_feature=8 7 3 1 1 3 3 5 1 1 7 1 7 8
split_gain=0.315886 0.716694 0.793782 0.344277 0.683222 0.567799 0.857006 0.351617 0.309407 0.685217 0.46421 0.559403 0.332118 0.264295
threshold=14.450000000000001 5.0500000000000007 3.700615632206508 12.87360895897301 12.531445841868406 10.490280626219425 11.467389538842914 1.4311004404647345 13.154072050558062 12.841858717750755 5.5500000000000007 12.205696820552394 7.3500000000000005 20.050000000000004
decision_type=8 2 2 2 2 2 2 2 2 2 2 2 2 8
left_child=1 -1 -3 4 -4 -5 -7 -8 9 10 11 -2 -10 -12
right_child=8 2 3 5 -6 6 7 -9 12 -11 13 -13 -14 -15
leaf_value=-0.00088757341989603061 0.0020085882989826194 0.0008379014006637313 -4.337491598278535e-05 -0.00057143399954478406 0.0010187161349844351 0.006667068267511715 0.0029839889841373319 -0.0010394974369484782 -0.00082300125587163992 0.0028929678278345186 0.00073242291646229433 -0.0095599812955208339 0.0027720604197758692 -0.0093698452442512493
leaf_weight=52 31 34 36 86 20 35 21 38 258 20 20 22 39 62
leaf_count=52 31 34 36 86 20 35 21 38 258 20 20 22 39 62
internal_value=0.000100644 0.000817337 0.00143911 0.000810126 0.0028421 0.000165745 0.00176842 -0.000450001 -0.000410597 0.000673076 -0.000110295 0.00205555 -0.000976511 -0.00151807
internal_weight=774 322 270 236 56 180 94 59 452 155 135 53 297 82
internal_count=774 322 270 236 56 180 94 59 452 155 135 53 297 82
is_linear=0
shrinkage=0.03


Tree=265
num_leaves=15
num_cat=0
split_feature=1 1 2 13 13 3 4 10 4 0 9 1 9 2
split_gain=0.574308 0.475693 0.386361 0.483761 0.409129 0.391566 1.14388 0.458089 0.367371 0.347534 0.325805 0.538751 0.356321 0.310388
threshold=13.747592277435531 13.625444963204684 11.0208712808176 4.3957595904073594 2.5921133604243618 7.5909278755257086 3.0557336697513398 -0.38469719700095517 8.106664152515167 14.835780212132702 0.88144907265856365 14.637936286036775 -0.99381977973277791 11.870043351158801
decision_type=2 2 2 8 10 2 2 2 2 2 2 2 2 2
left_child=1 2 3 4 -1 7 -7 -6 -8 13 12 -12 -2 -4
right_child=10 -3 9 -5 5 6 8 -9 -10 -11 11 -13 -14 -15
leaf_value=-0.00039574437599093414 0.00043883749004015865 0.00032436895090586648 -0.00086536444896547827 -0.012401532561116368 0.00087639349361279208 0.0028338142611686141 -0.0064670294351927013 -0.004649849817005689 0.00056066977968347281 0.00096558789705095203 -0.00017744617898717314 0.0067636511410390761 -0.00043413868052829537 0.00010337750469586546
leaf_weight=24 20 21 52 20 47 27 29 53 20 20 24 28 330 43
leaf_count=24 20 21 52 20 47 27 29 53 20 20 24 28 330 43
internal_value=0.000166007 0.00104202 0.000758928 0.00149321 0.0019403 0.00244068 0.00405195 0.00118812 0.00126 -0.000646552 -0.000610423 0.0015849 -0.000940172 -0.00140625
internal_weight=758 356 335 220 200 176 76 100 49 115 402 52 350 95
internal_count=758 356 335 220 200 176 76 100 49 115 402 52 350 95
is_linear=0
shrinkage=0.03


Tree=266
num_leaves=15
num_cat=0
split_feature=1 13 1 13 1 8 1 0 0 10 2 7 0 8
split_gain=0.735951 0.775387 0.721413 0.400858 0.435054 0.548733 0.824133 0.415751 0.365272 0.335604 0.63069 1.20633 0.2691 0.247585
threshold=13.096308965802882 2.5921133604243618 12.721088155189435 4.1473741872167667 11.869487696749635 27.850000000000005 11.11698721532847 13.958752413732313 13.057968606677434 -0.70710678118654757 12.843178517469434 6.4500000000000011 14.07585962682275 13.750000000000002
decision_type=2 10 2 10 2 10 2 2 2 2 2 2 2 10
left_child=1 -1 3 4 5 6 -3 8 -6 10 11 13 -11 -2
right_child=9 2 -4 -5 7 -7 -8 -9 -10 12 -12 -13 -14 -15
leaf_value=-0.0094895854857769135 0.001160336015177155 0.00044367860983343047 0.00094834539920009633 -0.009268262645943267 -0.00053221573085309847 -0.0033325173098000889 0.009494142954328667 -0.00069431851641768973 0.00016512722819314693 -0.0047307109799375972 -0.00041062403746020383 0.023028552977008589 -0.00012145024995411251 -0.0071765740759827
leaf_weight=30 28 29 36 28 23 28 20 34 22 50 52 24 311 38
leaf_count=30 28 29 36 28 23 28 20 34 22 50 52 24 311 38
internal_value=0.00022679 0.00155378 0.00217194 0.00139459 0.00198726 0.00357692 0.00546 0.000412499 0.00228261 -0.000434525 0.000797202 0.00230769 -0.00091989 0.000179104
internal_weight=753 250 220 184 156 77 49 79 45 503 142 90 361 66
internal_count=753 250 220 184 156 77 49 79 45 503 142 90 361 66
is_linear=0
shrinkage=0.03


Tree=267
num_leaves=15
num_cat=0
split_feature=1 6 7 7 13 13 13 4 10 9 1 9 3 7
split_gain=0.515735 0.546391 0.466584 0.796604 1.42762 0.436712 0.461967 0.382158 0.330188 0.306793 0.562373 0.277838 0.356004 0.254038
threshold=13.747592277435531 6.8756322636902523 5.2500000000000009 5.6500000000000012 3.2646468146455345 3.2690750720136168 3.4851930043529169 8.106664152515167 1.0000000180025095e-35 -0.88784492709732687 14.684605070709532 0.19066188855616564 8.9991863075942131 7.4500000000000011
decision_type=2 2 2 2 10 10 10 2 2 2 2 2 2 2
left_child=2 9 -1 4 -4 7 -7 -5 -9 10 -2 -8 -13 -11
right_child=1 -3 3 5 -6 6 11 8 -10 13 -12 12 -14 -15
leaf_value=-0.00020872524666596743 0.0038866325595380922 0.0022070552287665199 0.012057382640027975 -0.023953767491041847 -0.00076204530240187366 0.0077390349460061385 -0.00042587255597563076 -0.0013363791458084503 0.00030833760140939093 -0.00023633012126620713 -0.0046587310928419591 0.00085970046909335002 -0.00036871543590160017 0.00071464458214983535
leaf_weight=109 22 20 24 38 32 28 41 21 22 323 23 21 21 33
leaf_count=109 22 20 24 38 32 28 41 21 22 323 23 21 21 33
internal_value=0.000277278 -0.00043365 0.00111452 0.00183132 0.00494737 0.000901554 0.00211607 -0.000768293 0.00115909 -0.000679105 0.00163043 0.000964285 0.00265116 -0.000974791
internal_weight=778 421 357 248 56 192 111 81 43 401 45 83 42 356
internal_count=778 421 357 248 56 192 111 81 43 401 45 83 42 356
is_linear=0
shrinkage=0.03


Tree=268
num_leaves=15
num_cat=0
split_feature=0 2 1 8 8 0 4 12 9 2 2 2 9 8
split_gain=0.581236 0.342616 0.770236 0.289615 0.52029 0.457566 0.839966 0.300649 0.383845 0.952296 0.394231 0.587423 0.869183 0.347105
threshold=9.8019906859244177 7.2056963496132722 11.595054187926216 8.4500000000000011 4.7500000000000009 15.927494873154755 7.1221004305343207 2.5000000000000004 0.76883451325334917 13.368459416465091 13.159244021519656 12.553593453303575 -1.0000000180025095e-35 13.250000000000002
decision_type=2 2 2 10 10 2 2 10 2 2 2 2 2 10
left_child=-1 2 -2 4 -3 6 -6 8 10 13 11 -5 -13 -10
right_child=1 3 -4 7 5 -7 -8 -9 9 -11 -12 12 -14 -15
leaf_value=0.00076876758329734029 -0.021199763340435489 -0.0020821454483394121 0.0010654009877116054 -0.00021423458839096848 6.5096032008301515e-05 -0.0021814244450428259 0.004523480689095436 -0.0041419305590297516 0.0033241189367767144 0.011557214335803052 -0.00077504890414867625 0.00481914907758058 -0.00079872912293837051 -0.00026523191496399866
leaf_weight=23 26 33 33 218 37 20 20 116 20 25 77 24 21 49
leaf_count=23 26 33 33 218 37 20 20 116 20 25 77 24 21 49
internal_value=3.23008e-05 -0.000120834 0.00205 -0.000317701 0.00108108 0.00242308 0.00377586 -0.000598912 -0.000234483 0.00145263 -0.000703813 -0.000147728 0.00293478 -0.000385715
internal_weight=742 719 59 660 110 77 57 550 434 94 340 263 45 69
internal_count=742 719 59 660 110 77 57 550 434 94 340 263 45 69
is_linear=0
shrinkage=0.03


Tree=269
num_leaves=15
num_cat=0
split_feature=0 2 2 8 8 3 0 7 2 2 13 4 4 5
split_gain=0.849767 0.382816 0.652349 0.484135 1.88609 0.717649 0.276061 0.89456 0.480441 0.611966 0.371046 0.22311 0.535619 0.221411
threshold=14.769969710718321 13.822783437918668 11.984396766813456 10.450000000000001 14.850000000000003 7.5909278755257086 12.179884021855313 6.6500000000000012 10.950053922370072 10.312171734268496 3.2528179349535749 11.422772732134169 10.582415912716437 1.0000000180025095e-35
decision_type=2 2 2 10 10 2 2 2 2 2 10 2 2 2
left_child=1 2 3 5 -5 -1 -6 8 9 10 -8 12 13 -2
right_child=11 -3 -4 4 6 -7 7 -9 -10 -11 -12 -13 -14 -15
leaf_value=-0.0085838373380719198 -0.00019521348758810616 0.00093978478654628452 -0.00072659916125644946 0.0025123744595219868 -0.0050142240491187961 6.9294850663053538e-05 0.0013100047690250099 0.0090867917946245956 -0.0066071551349561426 0.0027027168806725132 -0.017437429563399116 -0.0008271930240562643 0.00059011867296455565 -0.011932063692859013
leaf_weight=49 252 29 67 42 43 23 22 21 33 20 25 53 30 55
leaf_count=49 252 29 67 42 43 23 22 21 33 20 25 53 30 55
internal_value=-0.00017255 0.000847999 0.000563583 0.0012043 0.00194203 -0.00090411 0.000472727 0.00120492 -7.08174e-10 0.00145588 -0.000437501 -0.0011509 -0.000860947 -0.00123701
internal_weight=764 374 345 278 206 72 164 121 100 67 47 390 337 307
internal_count=764 374 345 278 206 72 164 121 100 67 47 390 337 307
is_linear=0
shrinkage=0.03


Tree=270
num_leaves=15
num_cat=0
split_feature=1 1 13 1 2 3 13 13 1 1 7 13 3 7
split_gain=0.607253 1.06564 0.435858 0.509022 0.525546 0.691409 0.354844 0.35201 0.708534 0.374468 0.480178 0.359256 0.612717 0.345856
threshold=13.076813198341064 12.785039405650375 4.2706639677473115 11.897083045367252 10.370668320987154 2.1383330595080281 3.2755723530519245 3.416460622098374 14.637936286036775 14.234892724348628 5.4500000000000011 4.309189973592054 9.5140107174952622 4.9500000000000011
decision_type=2 2 8 2 2 2 10 10 2 2 2 10 2 2
left_child=1 2 3 4 5 13 -2 8 -8 10 -9 -11 -13 -1
right_child=6 -3 -4 -5 -6 -7 7 9 -10 11 -12 12 -14 -15
leaf_value=0.00011874482652203232 -0.00018311368652227549 0.0017640735342074605 -0.011739674186401277 -0.00028013562928197265 0.0049039051186329456 -0.0045647936513346808 -0.00059480137285978672 0.00043631130073774812 0.018318911300324148 -0.00089488816491704751 -0.00011831346890823154 -0.0097306150950648412 0.001484187595462913 0.00073669275012775565
leaf_weight=21 281 34 36 86 24 29 37 26 20 64 51 20 25 21
leaf_count=21 281 34 36 86 24 29 37 26 20 64 51 20 25 21
internal_value=0.000444587 0.00165476 0.000866972 0.00146703 0.00296875 0.001625 -0.000137144 0.000700819 0.00274138 6.41704e-05 0.00165385 -0.00106364 0.00097826 0.00404651
internal_weight=775 251 217 181 95 71 524 243 57 186 77 109 45 42
internal_count=775 251 217 181 95 71 524 243 57 186 77 109 45 42
is_linear=0
shrinkage=0.03


Tree=271
num_leaves=15
num_cat=0
split_feature=2 13 13 2 13 9 3 13 13 0 10 13 2 8
split_gain=0.491372 0.745567 0.779331 0.590494 0.536259 0.61458 0.410811 0.363351 0.330245 0.509134 0.301012 0.402301 0.380099 0.532275
threshold=11.182712177033025 4.3957595904073594 3.6230815368975491 7.5170110799556467 3.8224521632363921 0.13052619222005182 8.4152656841796283 3.3256126436234568 3.4525171866393332 14.449487272817015 -0.5 3.2794349174880142 10.674244420617205 13.250000000000002
decision_type=2 8 10 2 10 2 2 10 10 2 2 10 2 10
left_child=1 2 3 -1 -4 -6 -2 -8 -9 -10 -5 12 13 -12
right_child=6 -3 4 10 5 -7 7 8 9 -11 11 -13 -14 -15
leaf_value=0.001442645161211574 -0.0082753606068256321 -0.010321807064804386 0.001323517024998763 -0.00079253927048820289 -0.0014479403287009809 0.0025056556355572586 -0.00021682737332690019 0.010170153809112435 0.00052599944528176185 -9.4117440550543684e-05 0.00018935319923272606 -0.0008481364993118192 0.014235904007862669 -0.014370448909344328
leaf_weight=40 63 41 25 62 22 25 236 20 32 98 23 34 27 24
leaf_count=40 63 41 25 62 22 25 236 20 32 98 23 34 27 24
internal_value=-8.53823e-05 0.000805555 0.00135689 0.00042654 0.0040274 0.0020625 -0.000726667 -0.00035659 0.000794701 0.000229007 -0.000350878 0.000605504 0.00184 0.000187499
internal_weight=772 323 282 210 72 47 449 386 150 130 170 108 74 47
internal_count=772 323 282 210 72 47 449 386 150 130 170 108 74 47
is_linear=0
shrinkage=0.03


Tree=272
num_leaves=15
num_cat=0
split_feature=3 3 9 2 8 8 13 2 1 13 3 0 0 3
split_gain=0.595381 0.600905 0.419978 0.405277 0.776969 0.839966 0.310681 0.453665 0.86371 0.39172 0.325524 0.317558 0.471475 0.32233
threshold=12.581055854367952 12.23257817002929 0.99320668981236115 7.5170110799556467 10.850000000000003 17.050000000000004 4.5303322203840546 12.126071142632371 13.72490307704015 3.6332379010440925 11.247534422660758 14.698368788521629 14.477298238986755 7.7331621557586425
decision_type=2 2 2 2 10 10 8 2 2 10 2 2 2 2
left_child=1 2 3 4 -1 -6 7 9 -9 11 -10 12 13 -5
right_child=-2 -3 -4 6 5 -7 -8 8 10 -11 -12 -13 -14 -15
leaf_value=-0.011151868955154583 -0.00070700751984257963 0.0021484615022668383 0.0014066693919852435 -0.0051540118263411977 0.00055685086522297563 0.0016707093249975517 -0.0098067961084690111 0.006615080716395931 -0.00038666937082443899 0.00082163629685171068 0.00046520299664051459 -0.0020495617748173688 0.0041577369259184925 -4.7122208930237674e-05
leaf_weight=21 120 27 20 48 20 37 56 30 57 78 41 109 22 87
leaf_count=21 120 27 20 48 20 37 56 30 57 78 41 109 22 87
internal_value=-5.03883e-05 0.000307339 0.000114832 -2.96548e-05 0.00197468 0.00377586 -0.000328923 -7.61107e-05 0.00144186 -0.000643479 6.06054e-05 -0.00119101 -0.000322786 -0.000992648
internal_weight=773 653 626 606 78 57 528 472 128 344 98 266 157 135
internal_count=773 653 626 606 78 57 528 472 128 344 98 266 157 135
is_linear=0
shrinkage=0.03


Tree=273
num_leaves=15
num_cat=0
split_feature=13 2 8 7 8 8 9 13 13 13 13 13 10 9
split_gain=0.288969 0.331975 0.700343 0.690003 0.299306 0.709258 0.317811 0.270161 0.353709 0.243521 0.213042 0.341079 0.249486 0.308678
threshold=4.5303322203840546 7.5170110799556467 10.65 5.2500000000000009 7.0500000000000007 5.2500000000000009 0.98886523145552097 2.3558523928899047 2.6777619612815573 3.0816014178042028 2.7908015742059882 2.9436621464645709 0.96965254237475851 0.81601195411832983
decision_type=10 2 10 2 10 10 2 8 10 10 10 10 2 2
left_child=1 2 -1 -4 5 9 7 -6 -9 -3 -10 -12 13 -13
right_child=-2 4 3 -5 6 -7 -8 8 10 -11 11 12 -14 -15
leaf_value=-0.026651570675113846 -0.0010369380345638284 6.1782227922563092e-05 0.00026011243052624086 0.0011983782115218735 0.00045124697736736541 0.0041488773170297519 0.0015227899563717299 -0.004415377759621357 6.9595042202590489e-05 -0.031619496705649702 -0.0032985924301843481 -0.00024883457508280031 0.009975624372010548 0.0025695190217965413
leaf_weight=20 51 20 32 22 21 35 26 82 30 26 50 277 20 61
leaf_count=20 51 20 32 22 21 35 26 82 30 26 50 277 20 61
internal_value=-0.000205427 -4.97932e-05 0.00184 0.0036 -0.000268105 0.00142683 -0.000512325 -0.000669742 -0.000806143 -0.00102128 -0.000464693 -0.000645477 -0.000317549 -0.000513275
internal_weight=773 722 74 54 648 81 567 541 520 46 438 408 358 338
internal_count=773 722 74 54 648 81 567 541 520 46 438 408 358 338
is_linear=0
shrinkage=0.03


Tree=274
num_leaves=15
num_cat=0
split_feature=0 6 1 0 1 4 4 1 3 3 8 0 2 8
split_gain=0.523949 0.449719 0.441458 0.516852 0.313566 0.384245 0.43457 0.376766 0.372194 0.68349 0.720707 0.619437 0.328824 0.800058
threshold=15.436835921019592 1.0000000180025095e-35 14.816145456422202 14.67681377493034 14.069330158397308 10.085388685227356 8.8440090918146002 13.848560597141519 11.051603775676968 8.2275085451221681 13.250000000000002 13.555618910192093 7.5170110799556467 10.65
decision_type=2 2 2 2 2 2 2 2 2 2 10 2 2 10
left_child=1 2 4 -4 5 6 7 8 9 12 -11 -12 13 -1
right_child=-2 -3 3 -5 -6 -7 -8 -9 -10 10 11 -13 -14 -15
leaf_value=-0.010786206720728584 -0.00024150099220388103 -0.0036757762669949534 0.019042371983995506 2.5122639610289362e-05 -0.00027394972845983 0.00046612861024378298 -0.0033594666930841779 0.00030918312226873131 -0.0074964740689978061 0.00055092780140140627 0.005417815131405733 -0.00091824155951507011 -0.0023320043915153184 0.00052592762389854441
leaf_weight=21 254 29 20 30 80 23 27 23 36 21 32 26 114 41
leaf_count=21 254 29 20 30 80 23 27 23 36 21 32 26 114 41
internal_value=0.000127249 0.000669847 0.000884848 0.00352941 0.000579775 0.000953424 0.000692982 0.00100952 0.000708903 0.00111328 0.0034125 0.00162712 6.77959e-05 0.00180952
internal_weight=777 523 494 50 444 364 341 314 291 255 79 58 176 62
internal_count=777 523 494 50 444 364 341 314 291 255 79 58 176 62
is_linear=0
shrinkage=0.03


Tree=275
num_leaves=15
num_cat=0
split_feature=3 13 13 8 8 3 1 9 10 1 1 13 6 10
split_gain=0.451427 0.671566 0.747088 0.783167 0.74569 0.280553 0.427328 0.494823 0.370644 0.294489 0.692882 0.299072 0.336459 0.310234
threshold=1.3195286648076296 4.2706639677473115 3.6230815368975491 10.450000000000001 25.950000000000003 6.7690354264633781 12.87360895897301 0.69134849440110402 0.41248606129204551 13.458023127149827 13.747592277435531 4.1811827426291357 7.1315409777663907 -0.70710678118654757
decision_type=2 10 10 10 10 2 2 2 2 2 2 10 2 2
left_child=1 2 3 -1 -5 -2 7 8 -7 -8 -11 12 -12 -13
right_child=5 -3 -4 4 -6 6 9 -9 -10 10 11 13 -14 -15
leaf_value=-0.013368039449225958 -0.0032715848740677241 -0.010373771480637759 0.00063035142833827319 0.0029504863132177386 -0.0024904825236514317 -6.7428758418866411e-05 -0.00061248385218965937 0.00072869153565370743 0.0060605937847803184 0.00039232669689638969 -0.000428509415948942 0.0020853543614413614 0.0010905165231916987 -0.00014576983419127681
leaf_weight=29 52 25 27 37 34 61 60 36 23 35 278 20 21 34
leaf_count=29 52 25 27 37 34 61 60 36 23 35 278 20 21 34
internal_value=6.9857e-05 0.00152941 0.00241406 0.00118812 0.002875 -0.000289856 -9.49041e-05 0.0014876 0.000211764 -0.000521159 -0.000215939 -0.000618645 -0.000990001 0.00141818
internal_weight=772 152 127 100 71 620 568 120 84 448 388 353 299 54
internal_count=772 152 127 100 71 620 568 120 84 448 388 353 299 54
is_linear=0
shrinkage=0.03


Tree=276
num_leaves=15
num_cat=0
split_feature=1 13 7 10 13 13 1 7 1 1 2 13 6 7
split_gain=0.693502 0.671346 0.389495 0.351282 0.315531 0.745031 0.606748 0.574576 0.419134 0.270506 0.452327 1.03423 0.287774 0.213886
threshold=11.897083045367252 4.2706639677473115 6.2500000000000009 -0.38469719700095517 3.5545219456527701 3.8088337008098008 13.921101729232122 6.7500000000000009 13.137315168022965 12.841858717750755 10.729029416456493 3.094662338278956 7.1315409777663907 5.3500000000000005
decision_type=2 8 2 2 10 10 2 2 2 2 2 8 2 2
left_child=1 2 3 -1 9 6 8 -7 -6 -2 11 -11 13 -12
right_child=4 -3 -4 -5 5 7 -8 -9 -10 10 12 -13 -14 -15
leaf_value=0.000703447606652419 -0.0010298865519711999 -0.014354241552636831 -0.0021306232372571084 0.00020551531999685153 0.00051159632010616934 -0.0022400317440410948 -9.6367930619857238e-05 0.00029645502250656995 0.00046686553760139272 0.0042159733506916749 9.0256572442302664e-05 -7.1498799966439457e-05 0.00086082558014512526 -0.00044990027571001058
leaf_weight=26 76 20 34 33 23 107 26 31 21 20 40 35 23 260
leaf_count=26 76 20 34 33 23 107 26 31 21 20 40 35 23 260
internal_value=-0.00013531 0.00202632 0.00309574 0.00455 -0.000506788 0.000459329 0.00295775 -0.000820145 0.00506667 -0.000949451 -0.000617415 0.001875 -0.0010463 -0.00129568
internal_weight=775 113 93 59 662 208 70 138 44 454 378 55 323 300
internal_count=775 113 93 59 662 208 70 138 44 454 378 55 323 300
is_linear=0
shrinkage=0.03


Tree=277
num_leaves=15
num_cat=0
split_feature=8 2 13 13 7 1 10 8 8 10 13 7 10 1
split_gain=0.619182 0.699953 0.650263 0.62645 0.560199 0.384447 0.520779 0.401413 0.528982 0.327102 0.773134 0.775759 0.465925 0.436848
threshold=10.450000000000001 11.364318137156067 4.2706639677473115 3.5545219456527701 5.7500000000000009 11.484408999165113 -0.82968937203783677 14.450000000000001 22.900000000000002 -0.82968937203783677 4.5690183866124068 5.4500000000000011 0.70244862051411394 15.449927355022185
decision_type=10 2 8 10 2 2 2 10 10 2 8 2 2 2
left_child=-1 2 3 5 -5 -2 -7 -8 -9 -3 11 12 -11 -13
right_child=1 9 -4 4 -6 6 7 8 -10 10 -12 13 -14 -15
leaf_value=-0.00017609425104865825 0.0050339706149980182 -0.00067238214750777424 -0.022340970666392977 0.0014529272547346784 0.00017302663212980974 -0.01438319475455313 0.002415751059707818 -0.0077266003152404224 0.0017016859942113477 0.0037344427432750705 0.001106983803488962 -0.0010809107525773824 -0.0082118303239326496 0.0042890716496326795
leaf_weight=207 32 86 33 22 23 27 21 33 33 22 20 143 20 48
leaf_count=207 32 86 33 22 23 27 21 33 33 22 20 143 20 48
internal_value=-7.14328e-10 0.000515957 0.00181333 0.00248437 0.00554348 0.0015102 0.00067826 0.00180682 0.000626865 -0.000344118 0.000200787 -0.000294873 0.00334884 -0.00110938
internal_weight=770 563 224 191 45 146 114 87 66 339 253 233 42 191
internal_count=770 563 224 191 45 146 114 87 66 339 253 233 42 191
is_linear=0
shrinkage=0.03


Tree=278
num_leaves=15
num_cat=0
split_feature=3 13 1 13 1 7 4 1 1 8 0 8 2 8
split_gain=0.772246 0.61327 0.750997 1.10855 0.564332 0.665329 0.323101 0.269533 0.572642 0.319784 0.314352 0.402171 0.250401 0.239091
threshold=8.6786346073120235 3.897711265566699 12.59263845812521 3.5545219456527701 11.869487696749635 5.1500000000000012 4.6548439227384408 13.154072050558062 12.691863308820702 6.9500000000000011 16.128161472794346 13.050000000000002 10.729029416456493 4.8500000000000005
decision_type=2 8 2 10 2 2 2 2 2 10 2 10 2 8
left_child=1 2 4 6 5 -1 12 8 -2 13 -11 -12 -4 -9
right_child=7 -3 3 -5 -6 -7 -8 9 -10 10 11 -13 -14 -15
leaf_value=-0.0026301354353465266 -6.4508022839179454e-05 -0.0079052704639101714 0.0021900791496103932 0.0012257418826632563 -0.0029093222139389176 0.00056717582541729956 -0.0001601475124582602 -0.0013630547761997887 0.00062892876343839167 -0.0006402494154544411 -0.0064823908885287534 0.00018945430980473106 0.0003615160751342379 0.0021138967346851795
leaf_weight=28 73 75 36 28 39 37 21 20 24 242 29 54 32 25
leaf_count=28 73 75 36 28 39 37 21 20 24 242 29 54 32 25
internal_value=-0.000247383 0.000949494 0.00174324 0.00338136 -0.000114286 0.00159091 0.0017 -0.00100641 0.000397958 -0.00137466 -0.00170245 -0.000107144 0.00269565 0.00097826
internal_weight=763 296 221 117 104 65 89 467 97 370 325 83 68 45
internal_count=763 296 221 117 104 65 89 467 97 370 325 83 68 45
is_linear=0
shrinkage=0.03


Tree=279
num_leaves=15
num_cat=0
split_feature=8 2 10 12 8 9 8 9 4 2 2 8 3 8
split_gain=0.577392 0.528459 1.06932 0.654866 0.617428 0.476585 0.656401 0.441444 0.960342 0.284256 0.550901 0.295871 0.302403 0.38236
threshold=5.6500000000000012 7.5170110799556467 -0.51128821893537901 1.5000000000000002 8.4500000000000011 0.71170436230560108 15.850000000000003 0.88144907265856365 8.182483528475343 13.159244021519656 12.553593453303575 12.450000000000001 9.5902192356746792 19.900000000000002
decision_type=10 2 2 10 10 2 10 2 2 2 2 10 2 10
left_child=-1 2 -2 7 -5 -6 -7 9 -9 10 11 -3 13 -13
right_child=1 3 -4 4 5 6 -8 8 -10 -11 -12 12 -14 -15
leaf_value=-0.008493051169420885 0.0013424800966881846 -0.00027558183402371283 -0.0032869732994924047 0.0050594931147221025 -2.6987916113188369e-05 0.00064787619557535791 -0.0014881762066069769 -0.0099647726868350144 0.0083987820986861465 -0.00077958618257624056 0.0025360375521360497 0.00020326328471923397 -0.00058006091578626179 -0.0068575802492076149
leaf_weight=58 30 73 39 29 180 20 22 29 22 72 38 35 69 49
leaf_count=58 30 73 39 29 180 20 22 29 22 72 38 35 69 49
internal_value=-9.79119e-05 0.00013983 0.00261429 -0.000131456 0.00105952 0.00051121 0.00334884 -0.00090464 0.00167308 -0.0012997 -0.000837737 -0.00140088 -0.000642858 0.000564705
internal_weight=765 707 69 638 251 222 42 387 51 336 264 226 153 84
internal_count=765 707 69 638 251 222 42 387 51 336 264 226 153 84
is_linear=0
shrinkage=0.03


Tree=280
num_leaves=15
num_cat=0
split_feature=2 13 2 1 10 1 2 2 2 2 1 3 8 0
split_gain=0.615969 0.499954 0.523205 1.11215 1.72461 0.541345 0.406874 0.380533 0.3281 0.400893 0.275814 0.27468 0.297848 0.469952
threshold=11.172134920831553 4.3957595904073594 10.343795435816476 13.177124222617669 1.0000000180025095e-35 13.72490307704015 9.7317913883761218 9.1420011737795033 11.870043351158801 12.025803037913066 14.069330158397308 13.947011673630854 34.550000000000004 16.828813635049467
decision_type=2 10 2 2 2 2 2 2 2 2 2 2 8 2
left_child=1 2 5 4 -4 6 7 -1 -2 -10 -5 12 13 -11
right_child=8 -3 3 10 -6 -7 -8 -9 9 11 -12 -13 -14 -15
leaf_value=-0.00041940588947790911 -0.0032976590363756296 -0.0087951350729803934 -1.4121605864102588e-05 0.00055331022013974422 0.0074914523021851276 0.021645686241440164 -0.010446627724888215 0.00053758668650253196 0.00029009981110952377 -0.00025361718003520602 -0.011981229671931702 -0.00032264276637740754 0.00060109600373887799 0.0016869707956262978
leaf_weight=98 124 26 24 28 23 23 37 26 29 175 28 37 57 24
leaf_count=98 124 26 24 28 23 23 37 26 29 175 28 37 57 24
internal_value=3.94665e-06 0.00102229 0.00138542 0.00308654 0.0064375 0.000421621 -0.000203704 0.000623999 -0.00071141 -0.000204335 0.000210526 -0.000540817 -0.000186771 -0.000735001
internal_weight=759 313 287 103 47 184 161 124 446 322 56 293 256 199
internal_count=759 313 287 103 47 184 161 124 446 322 56 293 256 199
is_linear=0
shrinkage=0.03


Tree=281
num_leaves=15
num_cat=0
split_feature=3 13 8 3 0 0 4 4 1 8 1 8 10 10
split_gain=0.523853 0.675344 0.547261 0.452891 0.372373 0.981048 0.483187 0.437402 0.434367 0.345807 0.527691 0.339339 0.331871 0.640876
threshold=9.5902192356746792 4.3167983667369354 39.20000000000001 10.30109027150977 13.802578286668629 13.246551078836207 5.9753062463697111 1.8598255563903452 12.634404307685591 16.050000000000004 14.173822638796429 10.65 -0.51128821893537901 0.074102141141256975
decision_type=2 8 10 2 2 2 2 2 2 10 2 10 2 2
left_child=1 2 4 -2 5 11 7 8 -6 10 -10 -1 -5 -14
right_child=3 -3 -4 12 6 -7 -8 -9 9 -11 -12 -13 13 -15
leaf_value=-0.0020038138124676991 -0.00090344483456594185 -0.0091282284186060582 -0.011545746898534106 -0.00038857416481531383 -0.0030084412334098307 0.00062972955323774857 -0.00074836812364436885 0.00053749508674825531 0.0029836583040227316 -0.0010394654448711228 -0.0062042907418499672 0.0004639534829874047 0.00067048133101511431 -2.5489930035901756e-05
leaf_weight=22 63 60 23 120 30 26 45 24 38 26 22 51 65 170
leaf_count=22 63 60 23 120 30 26 45 24 38 26 22 51 65 170
internal_value=9.54191e-05 0.000921195 0.00149026 -0.000630072 0.00185263 0.00333 0.00104839 0.00191489 0.0011282 0.0022069 0.00344262 0.0015 -0.000210675 0.000444915
internal_weight=785 367 307 418 284 99 185 140 116 86 60 73 355 235
internal_count=785 367 307 418 284 99 185 140 116 86 60 73 355 235
is_linear=0
shrinkage=0.03


Tree=282
num_leaves=15
num_cat=0
split_feature=2 13 1 9 7 13 2 1 1 8 8 7 8 5
split_gain=0.538796 1.05823 0.439283 0.667725 0.693058 1.02949 0.396755 0.744291 0.282178 0.280784 0.493435 0.891898 0.281191 0.280509
threshold=1.0000000180025095e-35 3.3916870091212465 13.076813198341064 0.25881904510252091 6.0100000000000007 3.1484041045277098 9.1420011737795033 11.484408999165113 12.691863308820702 15.050000000000002 12.750000000000002 6.1500000000000012 5.2500000000000009 1.4311004404647345
decision_type=2 10 2 2 2 10 2 2 2 10 8 2 10 2
left_child=1 -1 3 6 -5 -6 -2 -8 -9 10 12 -12 -4 -14
right_child=2 -3 9 4 5 -7 7 8 -10 -11 11 -13 13 -15
leaf_value=0.014100367992592637 -0.017868531954929996 -0.0075888362003968569 -0.0090001440111176657 1.8837567890998427e-05 0.00021407580968650902 0.0023383739305088374 0.001888476708357298 -0.00040220786141448989 7.9979745530568122e-05 -0.00064168173670726156 -0.004333176399444672 0.012335984859148955 0.00023734479064500577 -0.00024742900095737369
leaf_weight=21 36 20 36 50 22 22 20 42 25 261 45 28 109 52
leaf_count=21 36 20 36 50 22 22 20 42 25 261 45 28 109 52
internal_value=0.00019367 0.0035 8.00997e-06 0.0011422 0.00303158 0.00573333 -0.000314517 0.00078409 -0.000750001 -0.000456768 0.000221402 0.00231081 -0.000560607 -1.85192e-05
internal_weight=789 41 748 217 94 44 123 87 67 531 270 73 197 161
internal_count=789 41 748 217 94 44 123 87 67 531 270 73 197 161
is_linear=0
shrinkage=0.03


Tree=283
num_leaves=15
num_cat=0
split_feature=3 9 1 0 7 1 13 12 1 1 3 13 1 1
split_gain=0.325853 0.422502 0.992585 0.414185 0.409692 0.531368 0.521272 0.518699 0.396477 1.18441 0.258073 0.436242 0.361697 0.428956
threshold=11.535534343685503 -0.9629878403374984 13.656732767575111 13.722083543606413 5.5500000000000007 12.205696820552394 3.2755723530519245 2.5000000000000004 12.634404307685591 13.096308965802882 8.5970325147716231 2.9799202416531383 14.754425286048152 15.558906426316598
decision_type=2 2 2 2 2 2 10 10 2 2 2 10 2 2
left_child=1 2 -1 4 5 -3 -6 -8 -5 -10 11 -11 -12 -14
right_child=-2 3 -4 8 6 -7 7 -9 9 10 12 -13 13 -15
leaf_value=-0.00099814248020045127 -0.00034600022394548754 0.00052591573905976592 0.0012749688302940098 -0.0022626309758380825 -0.0081357340463179568 -5.8787091514398528e-05 0.0029772387487923364 -0.0084806489374426273 0.0015802031852117364 0.00029091056650790094 -0.0075165260116751963 -0.0019781249555818996 0.0078727538598900963 -0.005189933110608746
leaf_weight=33 210 40 32 55 46 24 26 20 27 27 99 82 32 21
leaf_count=33 210 40 32 55 46 24 26 20 27 27 99 82 32 21
internal_value=-0.000131614 0.000244247 0.0025 -5.40007e-05 0.00122293 0.00304615 -6.45168e-05 0.00217021 -0.000636629 -0.000186852 -0.000812978 0.000299999 -0.00160784 0.000388888
internal_weight=774 564 65 499 156 64 92 46 343 288 261 109 152 53
internal_count=774 564 65 499 156 64 92 46 343 288 261 109 152 53
is_linear=0
shrinkage=0.03


Tree=284
num_leaves=15
num_cat=0
split_feature=1 4 2 10 2 2 3 8 0 2 2 10 12 10
split_gain=0.753891 0.367927 0.381597 0.746713 0.313707 0.50216 0.290251 0.70846 0.289321 0.191246 0.223041 0.320886 0.555291 0.591299
threshold=15.505743709361562 11.310441050382765 7.5170110799556467 -0.51128821893537901 9.4106893536301772 10.729029416456493 7.5909278755257086 13.15 12.347128233037898 10.88876151657943 11.06362216610218 0.41248606129204551 1.5000000000000002 -0.51128821893537901
decision_type=2 2 2 2 2 2 2 10 2 2 2 2 10 2
left_child=1 2 3 -1 -4 6 -6 -8 -5 -7 -11 12 13 -12
right_child=-2 -3 4 8 5 9 7 -9 -10 10 11 -13 -14 -15
leaf_value=0.00076585372209382716 -0.0020488593598867967 0.00021485436803889444 -0.0089937015403865252 -0.0084916280321670427 -9.0786688434552706e-06 -0.0029868420588465166 0.0023533249875043005 4.5877734960976112e-06 0.00083733890688774456 0.0021961050710254883 -0.0002184556378597727 -0.00076452533341245547 -0.00023344879476223381 0.0011563139031236897
leaf_weight=30 100 38 63 20 40 23 31 36 24 27 70 124 84 69
leaf_count=30 100 38 63 20 40 23 31 36 24 27 70 124 84 69
internal_value=4.2307e-05 0.00040147 0.000228971 0.00224 -3.69725e-05 0.000213861 0.00202778 0.00322059 -0.000266667 -0.000278895 -0.000112001 -0.000318966 0.000361606 0.00152143
internal_weight=779 679 641 74 567 504 107 67 44 397 374 347 223 139
internal_count=779 679 641 74 567 504 107 67 44 397 374 347 223 139
is_linear=0
shrinkage=0.03


Tree=285
num_leaves=15
num_cat=0
split_feature=3 4 5 7 3 3 4 8 3 2 2 2 10 2
split_gain=0.383187 0.535114 0.692181 0.331725 0.258711 0.841572 0.324597 0.294585 0.270544 0.196416 0.481013 0.69525 1.24962 0.600022
threshold=13.039029518713475 11.310441050382765 8.1623706689135798 5.7500000000000009 9.5902192356746792 9.0859865040759136 10.25411720906626 18.850000000000005 2.9430520157250784 1.0000000180025095e-35 10.044975896648321 11.182712177033025 0.41248606129204551 11.870043351158801
decision_type=2 2 2 2 2 2 2 10 2 2 2 2 2 2
left_child=1 3 -3 9 5 8 -6 -8 -5 -1 -11 12 -12 -13
right_child=-2 2 -4 4 6 -7 7 -9 -10 10 11 13 -14 -15
leaf_value=0.0014812752633095391 -0.00033939606379178186 0.0021653525666680269 -5.8191969869680497e-05 0.00043379622004197267 -0.00038054064618100374 0.010294610355932042 -0.0010592126389339428 0.00010886158801837936 -0.0083902064637367355 -0.0073343394310668658 0.00010526512844314825 -0.008854698969293506 0.0056521677033867668 0.00049631003928102149
leaf_weight=31 78 20 23 34 169 20 24 25 77 76 36 70 21 84
leaf_count=31 78 20 23 34 169 20 24 25 77 76 36 70 21 84
internal_value=-0.000220533 -7.1425e-10 0.00320454 -0.000211079 -0.000848572 0.000204545 -0.00147945 0.000659999 -0.000830358 0.000489028 0.000239583 0.000976414 0.00377586 -7.74201e-05
internal_weight=788 710 43 667 349 131 218 49 111 318 287 211 57 154
internal_count=788 710 43 667 349 131 218 49 111 318 287 211 57 154
is_linear=0
shrinkage=0.03


Tree=286
num_leaves=15
num_cat=0
split_feature=9 13 0 0 1 12 4 0 1 13 13 0 0 9
split_gain=0.556546 0.564581 0.448345 0.854544 0.923068 0.621403 0.850033 0.587041 0.58471 0.559692 0.958915 0.366859 0.429632 0.463947
threshold=-0.79335334029123528 2.3971430428195508 15.009232588052667 14.477298238986755 13.108220557541628 1.5000000000000002 1.0000000180025095e-35 14.67681377493034 12.495892286663802 3.094662338278956 2.9450127606983019 13.703158544583582 12.746658598067368 0.034878236872063054
decision_type=2 10 2 2 2 10 2 2 2 8 10 2 2 2
left_child=1 -1 3 5 -5 11 8 -6 -7 10 -4 12 -2 -14
right_child=2 -3 9 4 7 6 -8 -9 -10 -11 -12 -13 13 -15
leaf_value=0.0014955690157885664 -0.0029855113861626762 -0.00071025962869175629 -0.00043654660215276884 0.0025007889586508821 0.022352872897175205 0.0003218370539643349 -0.00055245230811765123 -0.00017166908162940682 0.0046978165352863747 -0.0007050310330158797 0.0064148741325886416 -0.0052744543109204617 0.0088293948426793004 1.7696757655316823e-05
leaf_weight=20 47 121 84 22 20 25 57 37 23 161 26 82 20 38
leaf_count=20 47 121 84 22 20 25 57 37 23 161 26 82 20 38
internal_value=-1.14803e-05 -0.00171127 0.000363918 0.00104032 0.0037875 0.000286689 0.00212264 0.0017069 0.00502041 -0.000562501 0.00108108 -0.000750001 0.000424528 0.00213559
internal_weight=783 141 642 371 79 292 105 57 48 271 110 187 105 58
internal_count=783 141 642 371 79 292 105 57 48 271 110 187 105 58
is_linear=0
shrinkage=0.03


Tree=287
num_leaves=15
num_cat=0
split_feature=2 7 7 9 13 7 13 13 0 3 4 7 13 3
split_gain=0.525564 0.516277 0.606316 0.500042 0.32002 0.253406 0.743524 0.351617 0.707657 0.579992 0.324876 0.25553 0.232061 0.296978
threshold=7.5170110799556467 5.7500000000000009 4.9500000000000011 0.99904836074301928 3.2690750720136168 6.0100000000000007 3.4282904644093786 3.607759254555984 14.884718308724077 7.5909278755257086 8.6362158624393643 5.6500000000000012 3.6332379010440925 12.419039072024239
decision_type=2 2 2 2 10 2 10 10 2 2 2 2 10 2
left_child=1 2 -1 4 -2 7 10 -6 9 -9 -7 -10 -8 -14
right_child=3 -3 -4 -5 5 6 12 8 11 -11 -12 -13 13 -15
leaf_value=0.00018319098294457926 -0.0004340131799245912 -0.0072937516256149177 0.00083354250059276098 0.0012269172276143691 -0.0014989053178137183 0.010424446257821986 -0.0087568981181677125 -0.00037302290787463087 -0.0086668492330275321 0.0018380182696242061 0.00011126088432616803 0.00072625732772310355 0.00018691041353785222 -0.00027269783100819078
leaf_weight=35 365 22 22 20 71 20 22 22 40 25 24 22 56 29
leaf_count=35 365 22 22 20 71 20 22 22 40 25 24 22 56 29
internal_value=-1.88449e-05 0.0022875 0.00377586 -0.000276151 -0.0004132 0.000262047 0.00116447 -0.000497238 0.000572727 0.0033125 0.0044 -0.00152381 -0.000194445 0.000523255
internal_weight=795 79 57 716 696 331 151 180 109 47 44 62 107 85
internal_count=795 79 57 716 696 331 151 180 109 47 44 62 107 85
is_linear=0
shrinkage=0.03


Tree=288
num_leaves=15
num_cat=0
split_feature=2 10 8 9 8 1 2 4 8 1 12 7 1 9
split_gain=0.664263 0.883074 0.37271 0.368917 0.701399 0.439771 0.432491 0.497449 0.691881 0.399981 0.367151 0.324465 0.24349 0.30359
threshold=7.5170110799556467 -0.51128821893537901 14.65 0.76883451325334917 10.050000000000002 12.785039405650375 10.748244266282402 9.0983465307298328 9.943500000000002 13.489926929101598 1.5000000000000002 5.4500000000000011 14.25664067995997 -0.70710678118654735
decision_type=2 2 8 2 10 2 2 2 10 2 10 2 2 2
left_child=1 -1 3 5 9 -2 -7 11 -9 -5 -3 -8 13 -4
right_child=2 10 12 4 -6 6 7 8 -10 -11 -12 -13 -14 -15
leaf_value=0.0013927346735064568 -0.00083918916969766071 0.001027114051905703 0.00013415920254289442 0.00016859668419946835 0.0075624379283273074 0.0015526180900436338 0.00015985037764280094 0.0011982280518018763 -0.0016301739422528597 -0.011159091286337536 -0.0084171508951539908 -0.0010087354232024091 -0.00058865588173516773 -0.00093410727866702022
leaf_weight=31 39 28 41 20 30 37 31 29 24 22 21 56 168 187
leaf_count=31 39 28 41 20 30 37 31 29 24 22 21 56 168 187
internal_value=2.35287e-05 0.00259259 -0.000280293 0.000539792 0.00238356 -8.295e-05 0.000556179 -0.000212767 0.00205555 -0.000139536 5.99993e-05 -0.00160227 -0.000876575 -0.000235809
internal_weight=764 80 684 288 72 216 177 140 53 42 49 87 396 228
internal_count=764 80 684 288 72 216 177 140 53 42 49 87 396 228
is_linear=0
shrinkage=0.03


Tree=289
num_leaves=15
num_cat=0
split_feature=3 10 8 3 1 4 4 2 3 2 3 8 2 10
split_gain=0.69229 0.920199 0.916319 0.586301 0.370513 0.334345 0.317604 0.647108 0.760686 0.326792 0.521999 0.571974 0.444088 0.64854
threshold=1.0000000180025095e-35 -0.38469719700095517 29.900000000000002 7.6554457920086589 12.969813580365047 12.698931279552667 10.085388685227356 12.893942324776562 11.36093098057953 11.06362216610218 10.224583129681685 12.950000000000001 13.040398288554799 -0.9141673389828272
decision_type=2 2 10 2 2 2 2 2 2 2 2 10 2 2
left_child=1 2 -1 -2 -3 6 9 8 -8 10 11 -5 13 -11
right_child=3 4 -4 5 -6 -7 7 -9 -10 12 -12 -13 -14 -15
leaf_value=0.00063531504966103647 -0.001960756763301407 -0.0081446257157292076 -2.9772558959751479e-05 0.00024226941602975024 0.00052051353564322553 -0.0023476690310816877 0.00011675522310337391 -0.00029999972660154294 0.0049178807304756577 0.0046904414240332305 0.0053145513621563455 -0.0024927863339776926 0.00023358319738394067 -0.0029280425461494408
leaf_weight=40 87 40 22 53 36 32 24 74 20 33 21 33 69 178
leaf_count=40 87 40 22 53 36 32 24 74 20 33 21 33 69 178
internal_value=7.07725e-05 0.00198561 0.00466667 -0.000355201 -0.000233767 1.67279e-05 0.000207509 0.00156302 0.0044 -0.000208764 0.00119444 0.00013793 -0.000747332 -0.00142925
internal_weight=762 138 62 624 76 537 505 118 44 387 107 86 280 211
internal_count=762 138 62 624 76 537 505 118 44 387 107 86 280 211
is_linear=0
shrinkage=0.03


Tree=290
num_leaves=15
num_cat=0
split_feature=5 8 8 13 13 4 0 1 2 0 13 13 9 1
split_gain=0.686885 0.658639 0.799769 1.17139 1.28895 0.389549 0.355441 0.352962 0.519396 0.435977 0.244821 0.477179 0.444724 0.268601
threshold=5.6540564351703724 14.450000000000001 10.450000000000001 3.9132263560644254 3.115735218115562 7.1221004305343207 13.991588878044549 14.41030407053031 10.044975896648321 15.121092313322491 3.6413638888637321 3.3581807369931798 -0.5 11.437619768919339
decision_type=2 10 10 10 10 2 2 2 2 2 8 10 2 2
left_child=1 2 5 4 -4 6 -1 8 -8 -10 11 13 -12 -3
right_child=-2 10 3 -5 -6 -7 7 -9 9 -11 12 -13 -14 -15
leaf_value=-0.0063394202704764062 -0.00031381954200416064 0.0034715109400320077 0.00021697783017376803 -0.0031625290498056196 0.0016073397945822383 0.00036896454780977481 -0.0028177198738322117 -0.0001972136831255605 0.00046859236051444608 0.004252059129215305 0.00019083767790591981 0.0051551158409726587 -0.0077553305435733222 -0.00010623506562748033
leaf_weight=46 131 20 37 23 24 32 22 28 20 22 22 51 92 197
leaf_count=46 131 20 37 23 24 32 22 28 20 22 22 51 92 197
internal_value=0.000128906 0.000536891 0.00171765 0.00409412 0.00624193 0.000526315 -0.000172663 0.000903225 0.00212308 0.00404651 -0.000250653 0.000245352 -0.0014087 -0.00037156
internal_weight=767 636 254 84 61 170 138 92 64 42 382 268 114 217
internal_count=767 636 254 84 61 170 138 92 64 42 382 268 114 217
is_linear=0
shrinkage=0.03


Tree=291
num_leaves=15
num_cat=0
split_feature=3 13 13 1 9 4 3 1 1 0 9 2 3 3
split_gain=0.3864 0.863605 1.36492 0.7794 0.365635 0.308288 0.259697 0.2331 0.561421 0.538335 0.348865 0.328209 0.319245 0.436598
threshold=1.3195286648076296 3.897711265566699 3.6230815368975491 13.959753339057587 0.25881904510252091 12.698931279552667 5.3301948721224219 13.076813198341064 13.528879162832235 14.477298238986755 1.0000000180025095e-35 10.992646913314999 12.23257817002929 12.581055854367952
decision_type=2 10 10 2 2 2 2 2 2 2 2 2 2 2
left_child=1 2 3 4 -1 6 -2 9 -9 10 11 -8 -10 -14
right_child=5 -3 -4 -5 -6 -7 7 8 12 -11 -12 -13 13 -15
leaf_value=-0.004415475927612939 -0.0017706542578785059 -0.012543322493506107 0.0012836732388954151 0.011453034371185234 0.00054682493330619026 -0.0027043784325222657 0.0013104925744192024 -0.008814257436925441 -5.4242358001079343e-05 0.0014273674924138993 -0.0013086115564468657 -4.0532050798293622e-05 0.0019315785691299883 3.2428165255406332e-05
leaf_weight=51 26 31 21 23 27 34 23 58 251 31 67 23 26 78
leaf_count=51 26 31 21 23 27 34 23 58 251 31 67 23 26 78
internal_value=0.000155641 0.0015 0.00263415 0.00114706 -0.000303798 -0.000179612 -1.54117e-05 0.000123655 -0.000239131 0.00115862 0.00018421 0.00217021 0.000210673 0.0016
internal_weight=770 153 122 101 78 617 583 557 413 144 113 46 355 104
internal_count=770 153 122 101 78 617 583 557 413 144 113 46 355 104
is_linear=0
shrinkage=0.03


Tree=292
num_leaves=15
num_cat=0
split_feature=4 13 4 7 8 3 3 3 4 7 5 13 13 5
split_gain=0.350432 0.220893 0.377096 0.272968 0.372581 0.564205 0.409063 0.556554 0.787542 0.500601 0.413761 0.513059 0.618077 0.389001
threshold=12.698931279552667 2.6777619612815573 10.779810090014157 4.9500000000000011 25.250000000000004 1.0000000180025095e-35 7.5909278755257086 8.6786346073120235 3.1567740231385479 5.6500000000000012 6.1866260054034683 3.0186624058275657 3.2625360962012806 8.3166628455135054
decision_type=2 10 2 2 10 2 2 2 2 2 2 10 10 2
left_child=1 2 -1 -3 5 -5 -7 8 -8 -9 11 -11 -13 -12
right_child=-2 3 -4 4 -6 6 7 9 -10 10 13 12 -14 -15
leaf_value=-0.00029744087951744965 -0.0019489765590956101 -0.0043062318828757705 0.000969551303649961 0.012472146373702499 -0.0002464006644920467 -0.0019493147949315903 0.0015367808156997987 -0.0030349651064746582 0.00012500582100839549 0.0035523545953725466 -0.00019766979309260746 -0.0016021774219811243 0.00025193359429385824 0.00010044894774249912
leaf_weight=121 33 82 20 39 158 59 24 54 26 21 30 21 65 39
leaf_count=121 33 82 20 39 158 59 24 54 26 21 30 21 65 39
internal_value=6.80951e-05 0.000201315 -0.000866198 0.00044588 0.000692737 0.00120317 0.00080294 0.00128114 0.00411765 0.00064935 0.00142373 0.00258333 0.00151724 -0.000385715
internal_weight=792 759 141 618 536 378 339 280 50 230 176 107 86 69
internal_count=792 759 141 618 536 378 339 280 50 230 176 107 86 69
is_linear=0
shrinkage=0.03


Tree=293
num_leaves=15
num_cat=0
split_feature=10 4 4 10 13 5 1 2 13 2 2 1 7 13
split_gain=0.423325 0.415233 0.600602 0.553157 0.613663 0.438068 0.367012 0.381597 0.484416 0.525361 1.34014 0.309091 0.308894 1.17945
threshold=-0.99023036236786355 11.922958727237182 11.310441050382765 0.017449748351250231 4.3957595904073594 2.7244451125137057 15.134434725680999 13.040398288554799 3.6855038965541724 11.06362216610218 10.370668320987154 12.634404307685591 6.8500000000000005 3.3561661032022831
decision_type=2 2 2 2 8 2 2 2 8 2 2 2 2 10
left_child=-1 2 3 4 12 6 7 8 9 10 11 -5 -2 -14
right_child=1 -3 -4 5 -6 -7 -8 -9 -10 -11 -12 -13 13 -15
leaf_value=-0.0082024528207079641 0.00019594860988236191 -0.00018119034928019807 0.00066817855831582354 -0.0067930457981687092 -0.007639140576962254 -0.0013241701600357697 -0.0053227238609253108 0.0067037991077498861 -0.0061011362185711621 -0.00039694518055213211 0.0043607432401663445 0.00034675736701156198 -8.7855062606297837e-06 0.0029498494019037638
leaf_weight=36 256 61 31 32 41 55 33 26 40 76 23 21 31 22
leaf_count=36 256 61 31 32 41 55 33 26 40 76 23 21 31 22
internal_value=0.000214012 0.000368491 0.000579941 0.000383561 0.00119658 -0.000547232 -1.19055e-05 0.000438355 -3.10888e-05 0.000745097 0.00249351 -0.000166667 0.00165484 0.00372222
internal_weight=784 748 687 656 350 306 251 218 192 152 76 53 309 53
internal_count=784 748 687 656 350 306 251 218 192 152 76 53 309 53
is_linear=0
shrinkage=0.03


Tree=294
num_leaves=15
num_cat=0
split_feature=9 3 3 1 0 8 13 8 8 3 1 0 10 10
split_gain=0.383152 0.660908 0.539766 0.650351 0.589424 0.46558 0.424419 0.507764 0.410393 0.671392 0.624123 0.37627 0.37274 0.332402
threshold=0.25881904510252091 13.039029518713475 12.243148930164491 13.076813198341064 14.20607583823587 14.65 3.7766723805658633 7.9000000000000012 10.450000000000001 5.9995411504310194 12.096524084845875 13.487823519582937 1.0000000180025095e-35 0.24188504972319264
decision_type=2 2 2 2 2 10 8 10 10 2 2 2 2 2
left_child=11 2 3 4 8 6 7 -5 -2 -10 -11 -1 -9 -13
right_child=1 -3 -4 5 -6 -7 -8 12 9 10 -12 13 -14 -15
leaf_value=-0.00038581425801068004 -0.0022769329711949276 -0.00067269227147986584 0.0091006331557201715 -0.0028925551441800206 0.001427515922880622 -0.0076836497113794613 -0.0045953959268571227 0.0095822862272584661 0.00058574011003076451 -0.0041101173830228209 0.00058830213924738388 0.00015049646278551454 0.00028556125948144695 -0.00033146318863805526
leaf_weight=86 25 37 29 20 24 83 28 21 20 22 20 171 24 155
leaf_count=86 25 37 29 20 24 83 28 21 20 22 20 171 24 155
internal_value=9.79105e-05 0.000822033 0.00126814 0.000864583 0.00265179 -0.000271187 0.00118085 0.0025 0.00146591 0.0027619 0.000558139 -0.000523003 0.00423913 -5.50466e-05
internal_weight=765 353 316 287 111 176 93 65 87 62 42 412 45 326
internal_count=765 353 316 287 111 176 93 65 87 62 42 412 45 326
is_linear=0
shrinkage=0.03


Tree=295
num_leaves=15
num_cat=0
split_feature=13 3 7 8 1 8 8 9 1 0 7 0 8 8
split_gain=0.473566 0.451038 0.818295 1.13722 0.460205 0.408049 0.725678 0.80599 0.837933 0.454108 0.464521 0.690083 0.444265 0.408847
threshold=4.3957595904073594 1.3195286648076296 4.9500000000000011 29.900000000000002 12.59263845812521 10.850000000000003 5.6500000000000012 -1.0000000180025095e-35 14.777261849400398 16.128161472794346 5.3500000000000005 14.540136288111599 14.450000000000001 20.050000000000004
decision_type=10 2 2 10 2 8 10 2 2 2 2 2 10 10
left_child=1 2 -1 4 -4 6 -3 -8 -9 10 11 -7 -11 -14
right_child=-2 5 3 -5 -6 9 7 8 -10 12 -12 -13 13 -15
leaf_value=-9.290065067072434e-05 -0.0021584608799876397 -0.00018048467953052277 0.00047913564973861317 -0.0068093461949891576 0.026917812523427738 0.00072214438233761055 -0.00010041587943089487 0.0027882528119723957 -0.0092970617463335094 0.0016378443408109811 -0.00051296590178436755 -0.0070713541249709149 -0.0097723039497250915 0.0023399954241951071
leaf_weight=65 65 51 26 22 20 20 46 36 20 22 308 24 23 20
leaf_count=65 65 51 26 22 20 20 46 36 20 22 308 24 23 20
internal_value=-7.02218e-05 0.00015767 0.00172388 0.004 0.0066383 -0.000210158 0.00111039 0.00256311 0.00494737 -0.000696173 -0.00112181 0.00173333 0.00159091 -0.000204546
internal_weight=768 703 133 68 46 570 153 102 56 417 352 44 65 43
internal_count=768 703 133 68 46 570 153 102 56 417 352 44 65 43
is_linear=0
shrinkage=0.03


Tree=296
num_leaves=15
num_cat=0
split_feature=9 2 5 10 7 13 1 9 2 2 8 8 2 2
split_gain=0.621606 0.772476 0.537829 0.493322 0.383394 0.692348 0.414171 0.311831 0.270735 0.270784 0.492134 0.433539 0.573061 0.718343
threshold=0.71170436230560108 13.368459416465091 6.2695292272382188 -0.47114434510950037 6.6500000000000012 3.3679762682953696 13.708331943677573 0.98886523145552097 13.707870990798586 11.797096747488046 9.4500000000000011 12.450000000000001 10.950053922370072 10.393408637961196
decision_type=2 2 2 2 2 10 2 2 2 2 10 10 2 2
left_child=2 3 4 -2 8 6 -6 -5 9 11 -11 -1 13 -13
right_child=1 -3 -4 7 5 -7 -8 -9 -10 10 -12 12 -14 -15
leaf_value=-0.00040137379894775925 0.00099290463989511342 0.0053647037992600012 -0.00062728742466064565 -0.0021544496738844301 -0.0053495254715060139 0.0024559315869436388 0.00012344618973678199 0.00074309934532571561 -0.0023500967755547171 0.0030186528285744379 -1.077724340979436e-05 6.4729751345417519e-05 -0.003066522319443044 0.0012781075974021888
leaf_weight=109 24 39 83 75 29 38 37 28 35 22 89 78 49 27
leaf_count=109 24 39 83 75 29 38 37 28 35 22 89 78 49 27
internal_value=7.07725e-05 0.00168862 -0.00038191 0.000539062 -1.75104e-05 0.0016 -0.000268657 -0.000375001 -0.000431708 -0.000192001 0.00104464 -0.00071591 0.000309677 0.0015566
internal_weight=762 166 596 127 513 104 66 103 409 374 111 263 154 105
internal_count=762 166 596 127 513 104 66 103 409 374 111 263 154 105
is_linear=0
shrinkage=0.03


Tree=297
num_leaves=15
num_cat=0
split_feature=9 10 13 8 1 5 1 2 3 13 13 8 1 3
split_gain=0.382179 0.284317 0.253914 0.25955 0.536876 0.575977 0.447098 0.819398 1.59823 0.764311 0.354844 0.278813 0.421484 0.438106
threshold=0.99904836074301928 -0.99023036236786355 4.3957595904073594 25.250000000000004 15.780071566437771 8.7226611825236144 14.229464108049308 10.370668320987154 8.6786346073120235 3.6001849006244639 3.4061152144831728 30.050000000000004 14.900169752913497 9.5140107174952622
decision_type=2 2 10 8 2 2 2 2 2 8 10 10 2 2
left_child=1 -1 3 4 6 -6 7 -3 10 -10 -9 -5 13 -13
right_child=-2 2 -4 11 5 -7 -8 8 9 -11 -12 12 -14 -15
leaf_value=-0.0086752914943835999 0.000279498618262842 -3.5189318537820359e-05 -0.00042775934088065085 -0.0058983541760678987 0.0091462835688224196 7.552990353660525e-05 -0.00053530070896815485 0.0041349007846337811 -0.00021901914194412221 0.00024777345154226507 0.002318889674240915 -0.001992950468735715 -0.010301319861055537 0.0014922450549312721
leaf_weight=34 22 139 61 45 20 26 153 24 72 22 20 54 39 61
leaf_count=34 22 139 61 45 20 26 153 24 72 22 20 54 39 61
internal_value=-0.000158891 -0.000272374 -0.000146541 2.21886e-05 0.000402515 0.00344681 6.96049e-05 0.000787769 0.00241727 0.000189473 0.00706667 -0.000885001 -0.000270968 0.000646551
internal_weight=792 770 736 675 476 46 430 277 138 94 44 199 154 115
internal_count=792 770 736 675 476 46 430 277 138 94 44 199 154 115
is_linear=0
shrinkage=0.03


Tree=298
num_leaves=15
num_cat=0
split_feature=6 2 4 10 1 13 4 13 10 2 13 10 2 13
split_gain=0.285998 0.401564 0.435697 1.22846 0.66484 0.493052 0.449857 0.290672 0.671408 0.438089 0.389816 0.36038 0.272285 0.27158
threshold=7.1315409777663907 13.971358493963711 10.25411720906626 0.60876142900872032 14.25664067995997 4.5303322203840546 9.5316258200584567 3.607759254555984 -0.78387299218671014 9.5129410555364498 3.4282904644093786 0.41248606129204551 7.5170110799556467 4.0116278164960777
decision_type=2 2 2 2 2 8 2 10 2 2 10 2 2 10
left_child=1 2 5 4 -4 6 7 10 -9 -10 12 13 -1 -11
right_child=-2 -3 3 -5 -6 -7 -8 8 9 11 -12 -13 -14 -15
leaf_value=0.0052736423306586596 0.00019803708370871043 -0.00024873927817036363 0.0001628494428793894 0.00039357260308142629 -0.0010641710547769664 -0.007573457559844868 -0.0035660387752363158 0.0013045476645503343 -0.0071615514991218501 8.3585031731499149e-05 -0.006694474392468344 0.012017755757701986 -2.4358223759502188e-05 -0.026413730170841056
leaf_weight=38 25 84 22 21 34 58 44 33 29 25 42 30 280 20
leaf_count=38 25 84 22 21 34 58 44 33 29 25 42 30 280 20
internal_value=-0.000209924 -0.000315375 -7.09017e-05 0.00203846 -0.00031579 -0.000345001 -6.08863e-05 0.000198794 0.00136956 0.000171428 -0.000249308 0.00138158 0.000112852 -0.000326088
internal_weight=785 760 676 77 56 599 541 497 137 104 360 75 318 45
internal_count=785 760 676 77 56 599 541 497 137 104 360 75 318 45
is_linear=0
shrinkage=0.03


Tree=299
num_leaves=15
num_cat=0
split_feature=3 3 8 8 10 13 10 2 3 8 1 1 3 13
split_gain=0.4862 0.937284 0.694618 0.916667 0.565327 0.65477 0.563404 0.863899 0.376015 0.343626 0.495792 0.253023 0.247427 0.272637
threshold=10.16906799463011 12.259003222751021 16.050000000000004 6.4150000000000009 -0.78387299218671014 3.1023840409604992 0.14778689904036479 11.929231587987511 10.593959194842636 22.050000000000004 13.668232248848563 11.016909212199455 8.9643438591664211 4.334430235496562
decision_type=2 2 10 8 2 8 2 2 2 10 2 2 2 10
left_child=6 2 3 -2 -5 -6 7 12 -4 -10 -11 -8 13 -1
right_child=1 -3 8 4 5 -7 11 -9 9 10 -12 -13 -14 -15
leaf_value=0.00018217467331399113 -0.0010265933892083499 -0.00012833130111629344 0.0031951876385913108 0.00016786157211382902 0.00011485635372368161 0.00028275852144277891 -0.00011377896704573167 0.0028979292093189819 -0.0058112516392242975 -0.0022789323410673688 0.00017585194039619438 -0.00072181963811797627 -0.00054622458956731683 -0.007571766921706375
leaf_weight=157 21 137 20 21 24 32 22 29 28 46 30 146 45 22
leaf_count=157 21 137 20 21 24 32 22 29 28 46 30 146 45 22
internal_value=0.000115236 0.000924999 0.00212556 0.004 0.0055 0.00705263 -0.00057583 0.000318897 0.000623999 -0.000114286 0.000935064 -0.00191716 -0.000320001 0.000183333
internal_weight=780 359 222 98 77 56 421 253 124 104 76 168 224 179
internal_count=780 359 222 98 77 56 421 253 124 104 76 168 224 179
is_linear=0
shrinkage=0.03


Tree=300
num_leaves=15
num_cat=0
split_feature=3 4 8 2 3 13 13 3 3 4 8 9 9 2
split_gain=0.498409 0.683294 0.881903 0.993134 1.09373 0.540345 0.487776 0.539676 0.768319 0.790068 0.254865 0.232531 0.387365 0.385378
threshold=13.039029518713475 8.7659924970412835 27.350000000000005 13.159244021519656 10.663646974151144 2.8972419837873922 3.7696136411282697 10.16906799463011 10.751432343955155 3.2672576590843554 8.4500000000000011 0.86382728211298232 0.51124928235797451 11.929231587987511
decision_type=2 2 10 2 2 8 8 2 2 2 10 2 2 2
left_child=1 6 3 4 -3 -6 7 11 -9 -10 -8 12 13 -1
right_child=-2 2 -4 -5 5 -7 10 8 9 -11 -12 -13 -14 -15
leaf_value=-0.00026801995396408268 -0.0015708176838706456 -7.1920547291465405e-05 -0.01243310335311025 -0.00022080962709444788 0.0032652049226752646 0.00028795800184257779 0.00067641701904023435 0.0020116805764803128 0.004622689981531378 -0.0038546421806119557 -0.00093492571126379588 -0.0058359003586053084 0.00015137419151646685 0.00020824345437752223
leaf_weight=175 70 33 38 41 20 30 35 29 31 33 120 49 29 33
leaf_count=175 70 33 38 41 20 30 35 29 31 33 120 49 29 33
internal_value=-0.000140809 0.000103299 0.00180368 0.003024 0.00489286 0.00764706 -0.000414954 0.000165789 0.0021383 0.000276922 -0.00182692 -0.000480837 -8.8236e-05 -0.000545455
internal_weight=766 696 162 124 83 50 534 379 93 64 155 286 237 208
internal_count=766 696 162 124 83 50 534 379 93 64 155 286 237 208
is_linear=0
shrinkage=0.03


Tree=301
num_leaves=15
num_cat=0
split_feature=10 1 2 8 8 2 9 7 2 12 3 5 10 1
split_gain=0.4807 0.290832 0.809989 0.852482 0.718143 0.610574 0.472124 0.50037 0.490395 0.615341 0.451695 0.578725 0.472561 0.359362
threshold=0.81241147629689003 14.66919845046222 11.732151351909677 11.750000000000002 34.550000000000004 11.106957157700093 -0.70710678118654735 5.6500000000000012 12.863573447116513 1.5000000000000002 7.6554457920086589 5.1489458566424346 -0.47114434510950037 15.449927355022185
decision_type=2 2 2 10 10 2 2 2 2 10 2 2 2 2
left_child=1 2 5 -4 -5 10 -3 -8 9 -9 -1 12 -12 -10
right_child=-2 6 3 4 -6 -7 7 8 13 -11 11 -13 -14 -15
leaf_value=-0.00018899145229648112 -0.00063705578553448368 -0.00065494037496437933 0.00018710454313653675 2.59621192844401e-05 0.00091762224327418291 -0.0031057157048974956 -0.00047017612685759988 0.020122773028836048 -0.0032113772359510765 -0.00043803023544199213 0.00048395194965409634 -8.6956202719365219e-05 0.0017671583775543784 0.00020730763553618767
leaf_weight=129 143 47 20 79 30 74 30 23 26 20 40 23 35 47
leaf_count=129 143 47 20 79 30 74 30 23 26 20 40 23 35 47
internal_value=0.000250325 0.000610576 0.00104408 0.00302308 0.00193636 0.000188741 -0.000355671 0.000489795 0.00138461 0.00388636 0.000960526 0.00248485 0.00375 -0.000121622
internal_weight=766 623 430 129 109 301 193 146 116 43 227 98 75 73
internal_count=766 623 430 129 109 301 193 146 116 43 227 98 75 73
is_linear=0
shrinkage=0.03


Tree=302
num_leaves=15
num_cat=0
split_feature=1 1 12 10 9 2 3 0 2 1 0 9 3 2
split_gain=0.506159 1.82943 1.09858 0.708902 0.584025 0.519497 1.02501 0.81145 0.656001 0.252114 0.262533 0.231107 0.217902 0.67525
threshold=13.096308965802882 12.675288307114183 1.5000000000000002 0.25881904510252057 -0.33961250367033008 12.82566740907339 10.402791739036198 15.569003438611555 11.929231587987511 13.72490307704015 14.931557350823493 0.81601195411832983 10.907399829638976 10.370668320987154
decision_type=2 2 10 2 2 2 2 2 2 2 2 2 2 2
left_child=1 4 -3 5 -1 6 8 -8 9 -2 -11 -7 13 -6
right_child=3 2 -4 -5 12 11 7 -9 -10 10 -12 -13 -14 -15
leaf_value=-0.0042248451186299718 -0.0091371254194985135 0.00096055779656318619 1.4858772456461826e-05 -0.00058500215349045856 0.00013011003062907774 -0.00044186683959986502 2.4496965672430939e-05 0.011869582435987545 0.0039176204643181188 0.017187679807165339 -0.00078464451971107965 0.00043141607172885452 -0.0032615087784502042 0.0072932834757219282
leaf_weight=69 40 34 24 216 85 88 28 25 24 20 49 29 24 23
leaf_count=69 40 34 24 216 85 88 28 25 24 20 49 29 24 23
internal_value=-3.08094e-05 0.00105 0.00569491 -0.000571155 -0.000311882 0.000365131 0.00134759 0.00483333 -6.71649e-05 -0.00106364 4.28564e-05 -0.00119492 0.000857142 0.00143119
internal_weight=778 259 58 519 201 303 186 53 133 109 69 117 132 108
internal_count=778 259 58 519 201 303 186 53 133 109 69 117 132 108
is_linear=0
shrinkage=0.03


Tree=303
num_leaves=15
num_cat=0
split_feature=1 1 7 0 1 1 3 7 1 0 1 13 13 7
split_gain=0.656818 1.83184 1.26295 0.559568 0.413419 0.515429 0.332441 0.318323 0.305851 0.2549 0.187877 0.557196 0.402802 0.383036
threshold=13.096308965802882 12.59263845812521 6.0100000000000007 13.057968606677434 11.662412202700294 10.408416927647821 11.094983732226657 6.5500000000000007 12.785039405650375 12.347128233037898 14.637936286036775 3.4282904644093786 2.2473999400211775 6.3500000000000005
decision_type=2 2 2 2 2 2 2 2 2 2 2 8 10 2
left_child=1 4 8 -2 5 -1 7 -5 -3 -7 11 -8 -12 -14
right_child=3 2 -4 6 -6 9 10 -9 -10 -11 12 -13 13 -15
leaf_value=-0.004076685487900189 7.3166226470855792e-05 -0.011801598982116955 0.00033743532227652412 -0.00050808626307741655 -0.0011263872738747622 5.5804593117405385e-05 -0.0032674178986776682 0.00135085022709191 0.0015925274295822919 0.0012952513492594376 -0.024861088009947196 0.00010838562367927153 0.0048264039880739464 -2.3043178851878751e-05
leaf_weight=43 21 22 23 244 86 20 51 38 23 37 24 20 40 78
leaf_count=43 21 22 23 244 86 20 51 38 23 37 24 20 40 78
internal_value=-0.000116732 0.00112941 0.00530435 -0.000731142 -0.000417113 0.000891088 -0.000937501 -0.00161131 0.00228261 0.00274138 -4.20568e-05 -0.00129167 0.000587412 0.00131092
internal_weight=770 254 68 516 186 100 495 282 45 57 213 71 142 118
internal_count=770 254 68 516 186 100 495 282 45 57 213 71 142 118
is_linear=0
shrinkage=0.03


Tree=304
num_leaves=15
num_cat=0
split_feature=3 1 13 2 13 8 1 2 8 2 13 13 13 8
split_gain=0.400256 0.422763 1.09274 0.624516 0.531316 0.466227 0.521079 0.429232 0.567844 0.324753 0.292297 0.245564 0.439178 0.235516
threshold=10.705130003249758 13.870171383304024 3.607759254555984 12.57572110673229 3.0202797206021228 21.100000000000005 14.85635085292243 13.857792638517244 13.950000000000001 12.143554582238464 4.3822757879749981 3.6685709561006159 3.9132263560644254 10.450000000000001
decision_type=2 2 10 2 8 10 2 2 10 2 10 10 10 10
left_child=9 2 4 -3 -2 7 -7 -5 -9 10 11 13 -13 -1
right_child=1 3 -4 5 -6 6 -8 8 -10 -11 -12 12 -14 -15
leaf_value=-0.00025082355609872312 0.00019615010070175764 -0.00048703429415546682 0.00037556710574160567 0.0043798434945092829 -0.0053100925500934896 0.00018044001634769135 -0.00098610009898606995 -0.0048438575058224499 0.0012917217411067823 -0.0002814899868834518 -0.007139187994144619 0.00023883462590178645 -0.0052971480419922497 1.1619320662689202e-05
leaf_weight=92 21 45 24 37 33 33 52 21 21 65 33 40 49 221
leaf_count=92 21 45 24 37 33 33 52 21 21 65 33 40 49 221
internal_value=-2.66505e-05 0.000864583 0.00273418 0.000157142 0.000327272 0.00101818 -0.000523257 0.0026625 0.000558139 -0.000538923 -0.000240826 -1.48891e-05 0.00136667 -0.000410829
internal_weight=787 287 78 209 54 164 85 79 42 500 435 402 89 313
internal_count=787 287 78 209 54 164 85 79 42 500 435 402 89 313
is_linear=0
shrinkage=0.03


Tree=305
num_leaves=15
num_cat=0
split_feature=1 1 3 3 9 1 8 13 0 0 8 3 13 8
split_gain=0.53442 1.12286 0.588744 0.799654 0.426003 0.558919 0.392424 0.279456 0.384058 0.262839 0.255882 0.401702 0.339488 0.234397
threshold=13.096308965802882 12.785039405650375 8.4730319460816848 10.409385918788296 -0.88784492709732687 14.41030407053031 17.250000000000004 2.5007776600261349 16.796863756150177 12.766868107645456 9.2500000000000018 9.1473664956363194 3.4282904644093786 10.65
decision_type=2 2 2 2 2 2 10 8 2 2 10 2 8 10
left_child=1 2 13 -4 5 -2 -3 -6 10 -5 11 -9 -13 -1
right_child=4 6 3 9 7 -7 -8 8 -10 -11 -12 12 -14 -15
leaf_value=-0.0051928433709759808 0.0018317793236677234 0.0004209327941559276 0.0032502694574931611 -0.0039768142422426682 -0.0001656040491813154 -0.00017208392769049852 0.0016368591983231917 0.0075891102374581266 0.0054376694637682122 8.9714944713365088e-05 -0.00039920239351736781 0.0017631089155162737 -0.011899708237233011 5.6063416616047713e-05
leaf_weight=56 31 20 39 21 49 31 21 20 32 26 316 24 27 77
leaf_count=56 31 20 39 21 49 31 21 20 32 26 316 24 27 77
internal_value=3.7926e-05 0.00114942 0.000286363 0.0022069 -0.000508475 0.00180952 0.00564286 -0.000818764 -0.000564286 -0.000437501 -0.00082732 0.000791666 -0.000634616 -0.000962687
internal_weight=790 260 219 86 530 62 41 468 419 47 387 71 51 133
internal_count=790 260 219 86 530 62 41 468 419 47 387 71 51 133
is_linear=0
shrinkage=0.03


Tree=306
num_leaves=15
num_cat=0
split_feature=7 0 0 8 8 8 7 13 2 4 7 0 8 13
split_gain=0.542182 0.324414 0.413489 0.987943 0.567009 0.378392 0.825044 0.611953 1.05646 0.217144 0.19602 0.193667 0.280642 0.335863
threshold=7.5500000000000007 15.26077013778716 14.698368788521629 24.850000000000005 11.350000000000003 15.050000000000002 4.9500000000000011 3.178511918715444 9.2491426686118263 11.237010184135896 4.8500000000000005 15.851161579887231 6.9500000000000011 2.7085604330299726
decision_type=2 2 2 10 10 8 2 8 2 2 2 2 10 8
left_child=1 2 5 4 -4 6 -1 -8 -9 -2 -7 -3 -13 -14
right_child=9 11 3 -5 -6 10 7 8 -10 -11 -12 12 13 -15
leaf_value=-0.019115200074822754 0.00011442663395803362 -0.00017400071627440551 0.00025160958223449485 0.0049089055100207963 -0.007079196591491364 0.00028358926017861465 -5.5107000458137772e-05 -0.00016452422571601081 0.01159266013312928 -0.00018196848211618762 -0.00059087907538651907 0.005039113301562168 0.0044951533710724254 -0.00046463440222096266
leaf_weight=35 21 100 35 27 41 28 38 25 37 22 173 28 31 116
leaf_count=35 21 100 35 27 41 28 38 25 37 22 173 28 31 116
internal_value=-2.77052e-05 -0.000226574 0.000279545 0.00193269 0.000155843 -0.000231455 0.000992646 0.00237624 0.00419048 0.00320454 -0.00105446 -0.00103261 -0.000426137 -0.000952703
internal_weight=757 714 439 103 76 336 135 100 62 43 201 275 175 147
internal_count=757 714 439 103 76 336 135 100 62 43 201 275 175 147
is_linear=0
shrinkage=0.03


Tree=307
num_leaves=15
num_cat=0
split_feature=1 1 0 3 3 3 9 8 0 0 11 1 1 3
split_gain=0.332978 0.640131 0.800402 0.361397 0.5714 0.334219 0.299641 0.348296 0.446041 0.380952 0.235361 0.24612 0.444701 0.570649
threshold=13.137315168022965 12.81764612147 14.056190221390397 10.23703692671762 11.051603775676968 13.538442422109991 -1.0000000180025095e-35 19.900000000000002 12.97344749778412 13.958752413732313 1.0000000180025095e-35 14.229464108049308 13.656732767575111 9.0146791377940882
decision_type=2 2 2 2 2 2 2 10 2 2 2 2 2 2
left_child=1 3 -3 6 -5 10 -1 8 -8 -10 11 12 -2 -14
right_child=5 2 -4 4 -6 -7 7 -9 9 -11 -12 -13 13 -15
leaf_value=-0.0014318621255698986 -0.00072023797013070134 -0.00023789041193704894 0.0011534407348407665 0.0045806098042287047 -0.0077171007861203053 4.7890662781006778e-05 0.00091399774367753822 -0.00014471563688408449 -0.00029685771554257748 0.0013945956427720164 -0.00085444207012477444 -0.00028846749198247027 0.0034872696669294868 -2.1592690458031372e-05
leaf_weight=83 55 21 21 24 27 51 21 31 20 20 154 187 33 35
leaf_count=83 55 21 21 24 27 51 21 31 20 20 154 187 33 35
internal_value=-0.000164542 0.000691449 0.00404651 5.28627e-05 0.00225 -0.000610466 -0.000596592 0.000580644 0.0018871 -6.9781e-10 -0.000864517 -0.000385853 0.000653225 0.00226087
internal_weight=783 268 42 226 51 515 175 92 61 40 464 310 123 68
internal_count=783 268 42 226 51 515 175 92 61 40 464 310 123 68
is_linear=0
shrinkage=0.03


Tree=308
num_leaves=15
num_cat=0
split_feature=4 1 1 0 2 12 2 9 4 2 1 0 4 9
split_gain=0.315047 0.869795 0.342315 0.671626 0.337774 0.435114 0.253221 0.330188 0.238669 0.19291 0.243486 0.616299 0.308305 0.263253
threshold=8.6982552639351081 13.165712766915652 11.484408999165113 12.179884021855313 12.553593453303575 1.0000000180025095e-35 7.2056963496132722 0.19066188855616564 11.854837425371402 13.541616460089786 14.004763451491831 15.815056001003537 4.8598048927374347 -0.5
decision_type=2 2 2 2 2 10 2 2 2 2 2 2 2 2
left_child=2 -2 3 -1 -3 -6 7 -4 -7 10 11 12 13 -8
right_child=1 4 6 -5 5 8 9 -9 -10 -11 -12 -13 -14 -15
leaf_value=-0.002911651629036421 0.00027574520697786219 -0.00026334759610059259 0.0014769137170823653 0.00070503190462861633 0.00096947813694146367 0.00025024085261050178 -0.00072309616649355972 -0.00019676895576352233 -0.00064522494550452321 2.4719078487642104e-05 -0.00251026079924837 0.0042556832689912673 -0.0065438074268354867 0.00012528091457117424
leaf_weight=39 33 74 22 32 30 58 48 21 48 40 150 21 69 98
leaf_count=39 33 74 22 32 30 58 48 21 48 40 150 21 69 98
internal_value=-0.000317603 0.000577868 -0.000720888 0.00120833 -0.000142181 0.000744525 -0.00101489 0.00115909 -0.000168225 -0.00123653 -0.00144186 -0.000835444 -0.00131945 -0.000530613
internal_weight=783 243 540 71 210 136 469 43 106 426 386 236 215 146
internal_count=783 243 540 71 210 136 469 43 106 426 386 236 215 146
is_linear=0
shrinkage=0.03


Tree=309
num_leaves=15
num_cat=0
split_feature=2 1 2 0 8 8 8 4 3 0 10 11 9 2
split_gain=0.285845 0.314422 0.775797 0.381181 0.540213 0.479815 0.705182 0.283229 0.506347 0.395051 0.497156 0.244735 0.214165 0.637852
threshold=15.177045225538324 13.076813198341064 11.79060985757101 16.796863756150177 13.050000000000002 6.9500000000000011 4.6500000000000012 1.0000000180025095e-35 7.5909278755257086 12.853561341113179 -0.11535712691606388 1.0000000180025095e-35 -0.9629878403374984 12.047655553122494
decision_type=2 2 2 2 10 10 8 2 2 2 2 2 2 2
left_child=1 2 7 5 -5 6 -3 8 9 10 -1 -9 13 -7
right_child=-2 3 -4 4 -6 12 -8 11 -10 -11 -12 -13 -14 -15
leaf_value=0.00076732711525088343 0.00016191134234844648 -0.01746806138902263 0.00030991825480231858 -0.0050773873805433313 0.0051362927284156487 0.0031445356591234758 0.002958912462439981 -0.0057973182566292145 0.0011270750309794228 -0.00094071717208251923 -0.0050474178423598375 -0.0001315574227914607 -0.00057198115832651525 -0.0057062281673148111
leaf_weight=23 26 20 30 22 22 20 33 49 36 63 22 24 362 23
leaf_count=23 26 20 30 22 22 20 33 49 36 63 22 24 362 23
internal_value=-0.000367269 -0.000476001 0.000399193 -0.000906561 0.00173333 -0.0011634 0.0015 -0.000233946 0.00053793 -0.000495414 0.00163043 -0.00174324 -0.00151478 0.000477272
internal_weight=775 749 247 502 44 458 53 217 144 108 45 73 405 43
internal_count=775 749 247 502 44 458 53 217 144 108 45 73 405 43
is_linear=0
shrinkage=0.03


Tree=310
num_leaves=15
num_cat=0
split_feature=1 4 1 3 9 2 8 8 4 5 4 9 7 2
split_gain=0.400432 1.29791 1.60239 0.442795 0.421356 0.477424 0.664683 0.464041 0.435977 0.415875 0.316357 0.234521 0.20625 0.210846
threshold=13.137315168022965 5.7899554948754268 12.59263845812521 10.409385918788296 -0.67494719543654291 12.126071142632371 25.250000000000004 16.050000000000004 9.6251735214367411 3.6158243666982455 7.9610393798655403 0.76883451325334917 6.5500000000000007 10.393408637961196
decision_type=2 2 2 2 2 2 8 10 2 2 2 2 2 2
left_child=1 12 3 -3 9 -6 7 11 -9 10 -2 -7 13 -1
right_child=4 2 -4 -5 5 6 -8 8 -10 -11 -12 -13 -14 -15
leaf_value=-0.00011802048508521031 7.9164423228751717e-05 0.0037894792708106839 0.00025817531107602022 -0.015223889255551447 -0.00055052776651000606 -0.00013469694807271716 -0.00077002722079862792 0.0045905729582643587 0.0039677483130165989 -0.00039729036725263543 0.0004803684828326248 0.00048029892275427207 -0.01077698260736689 0.00036925283760733872
leaf_weight=111 68 25 23 23 191 57 70 20 22 40 31 27 22 50
leaf_count=111 68 25 23 23 191 57 70 20 22 40 31 27 22 50
internal_value=0.000153648 0.00112941 0.00454167 0.00134694 -0.000318786 -0.00082732 0.000213197 0.00151181 0.00404651 0.00109286 0.00213 0.000211764 -0.000211957 0.000166666
internal_weight=780 254 71 48 526 387 196 126 42 139 99 84 183 161
internal_count=780 254 71 48 526 387 196 126 42 139 99 84 183 161
is_linear=0
shrinkage=0.03


Tree=311
num_leaves=15
num_cat=0
split_feature=1 1 7 8 9 1 0 8 0 9 5 2 1 5
split_gain=0.421565 1.30842 1.19751 0.516849 0.638511 0.445329 0.426776 0.443975 0.555147 0.300277 0.404504 0.415275 0.264977 0.232344
threshold=13.137315168022965 12.59263845812521 6.0100000000000007 6.9500000000000011 0.31062854169311122 13.668232248848563 12.347128233037898 24.550000000000001 13.088791585837088 -0.67494719543654291 1.4311004404647345 11.984396766813456 11.752853361824711 10.073769324186348
decision_type=2 2 2 8 2 2 2 10 2 2 2 2 2 2
left_child=1 6 -3 4 -2 -5 -1 8 -8 10 11 -7 -10 -11
right_child=3 2 -4 5 -6 9 7 -9 12 13 -12 -13 -14 -15
leaf_value=-0.0033790115355736426 0.0033855290785163089 0.00063372481247585743 0.00025977319275323826 -0.0056971239367628271 -0.0068322048799834894 0.0081723016483253603 0.0065358301093501351 -0.00062831734773438782 0.00073563737764287935 -0.00015336470264790678 -0.00040123735079515733 2.3573840187287791e-05 -0.0012407894841142168 0.00010270622854545626
leaf_weight=63 35 50 30 78 24 25 24 37 20 258 30 44 37 25
leaf_count=63 35 50 30 78 24 25 24 37 20 258 30 44 37 25
internal_value=-7.68253e-05 0.000904579 0.00407407 -0.000571155 0.00205 -0.000911064 -0.00051099 0.000554621 0.00179268 -0.00048564 0.000929999 0.00218571 0.000155172 -0.000982395
internal_weight=780 261 80 519 59 460 181 118 81 382 99 69 57 283
internal_count=780 261 80 519 59 460 181 118 81 382 99 69 57 283
is_linear=0
shrinkage=0.03


Tree=312
num_leaves=15
num_cat=0
split_feature=1 2 2 1 7 10 12 3 2 2 10 8 5 8
split_gain=0.675459 0.81351 0.498162 0.750583 0.640952 0.314667 0.263406 0.238995 0.482745 0.586408 0.481548 0.36802 0.301176 0.428608
threshold=13.165712766915652 10.370668320987154 11.172134920831553 12.640822240966397 5.9500000000000011 0.84683958865924192 2.5000000000000004 7.0585451790284255 12.126071142632371 12.82566740907339 0.13052619222005152 27.050000000000004 1.4311004404647345 22.900000000000002
decision_type=2 2 2 2 2 2 10 2 2 2 2 10 2 10
left_child=1 5 4 -4 -3 -1 7 11 -9 10 -10 -2 13 -11
right_child=6 2 3 -5 -6 -7 -8 8 9 12 -12 -13 -14 -15
leaf_value=8.4827433480245669e-05 0.0072051010267888968 0.0016698638023319259 -0.0031365525427707029 0.00022797177972202749 9.0716345972829314e-05 -0.019283253947281972 -0.00042415311505817341 -0.00058809091292858623 0.0070263593523683257 0.0015563193760599744 5.7000262272958732e-05 -0.00010634095071702598 -0.0006197428472820227 -0.0003356847740195996
leaf_weight=126 37 21 36 29 23 28 136 131 26 20 27 21 50 64
leaf_count=126 37 21 36 29 23 28 136 131 26 20 27 21 50 64
internal_value=9.66488e-05 0.00132954 0.0033 0.00159091 0.00573333 -7.74201e-05 -0.000538012 -0.000127322 -0.000451411 0.000526595 0.00316667 0.00162712 -0.000533334 0.000564705
internal_weight=775 263 109 65 44 154 512 376 318 187 53 58 134 84
internal_count=775 263 109 65 44 154 512 376 318 187 53 58 134 84
is_linear=0
shrinkage=0.03


Tree=313
num_leaves=15
num_cat=0
split_feature=1 1 0 13 13 0 7 2 7 10 10 13 9 3
split_gain=0.689243 0.84225 1.11069 0.795148 0.390976 0.361706 0.371807 0.317207 0.311398 0.438761 0.250505 0.33043 0.430802 0.18854
threshold=13.154072050558062 12.785039405650375 14.625897820877883 2.2711502604392559 4.2706639677473115 10.920792088380225 4.7500000000000009 15.083533541067895 5.2500000000000009 -0.11535712691606388 -0.82968937203783677 4.3711168165112104 0.13052619222005182 8.6562588609406976
decision_type=2 2 2 8 8 2 2 2 2 2 2 8 2 2
left_child=1 4 -3 -2 5 -1 -7 10 -8 -10 11 12 -5 -11
right_child=3 2 -4 7 -6 6 8 -9 9 13 -12 -13 -14 -15
leaf_value=0.00069038682066577175 0.00031046568952105376 0.00010739357907072123 0.0020026069930970999 -8.6488650122781838e-05 -0.0065727382542734034 -0.019381206258525109 0.00066896992783956717 0.00016184161282467178 -0.0022199647447940381 2.3907625102447113e-05 -0.00021750422474474781 -0.0049346411058593595 0.0051195263519404908 0.0073135021755426988
leaf_weight=30 29 30 20 54 27 26 38 21 52 26 343 25 37 20
leaf_count=30 29 30 20 54 27 26 38 21 52 26 343 25 37 20
internal_value=7.70147e-06 0.00123333 0.00470588 -0.000641177 0.000422727 0.000901554 0.000331288 -0.000935552 0.000963503 6.06054e-05 -0.00110217 0.000102563 0.000945651 0.00217021
internal_weight=778 269 50 509 219 192 162 480 136 98 459 116 91 46
internal_count=778 269 50 509 219 192 162 480 136 98 459 116 91 46
is_linear=0
shrinkage=0.03


Tree=314
num_leaves=15
num_cat=0
split_feature=13 1 1 1 7 13 4 1 8 9 2 2 9 9
split_gain=0.539086 0.48045 0.983171 0.318585 0.763417 0.423958 0.371917 0.265664 0.302759 0.448098 0.491547 0.436485 0.261498 0.200876
threshold=2.2711502604392559 13.096308965802882 12.87360895897301 11.484408999165113 6.2500000000000009 3.2794349174880142 8.106664152515167 13.458023127149827 6.9500000000000011 0.76883451325334917 10.684015795611733 11.124054858583177 -1.0000000180025095e-35 0.93540483100319627
decision_type=8 2 2 2 2 10 2 2 10 2 2 2 2 2
left_child=-1 2 3 4 5 -2 12 -3 -9 10 -10 -11 -5 -13
right_child=1 7 -4 6 -6 -7 -8 8 9 11 -12 13 -14 -15
leaf_value=0.00025840000593354797 0.0029472191874563569 -0.004518788538680432 0.0014962572401662714 -0.0026039409523486699 -0.0064559967398344752 0.00020386760915164332 0.00063190537705304535 0.0009830526894424286 0.00027826390517026676 -0.022369487911413178 -0.00034509634018383041 0.012148676356083984 -4.021475400063949e-05 0.00010747380945955103
leaf_weight=32 20 55 21 56 32 27 20 46 39 20 271 30 63 34
leaf_count=32 20 55 21 56 32 27 20 46 39 20 271 30 63 34
internal_value=-0.000297263 -0.000465307 0.000637499 2.73965e-05 0.0015375 0.0039375 -0.000835715 -0.000997985 -0.0007483 -0.00101772 -0.00154341 0.000917646 -0.001475 0.00212308
internal_weight=766 734 239 218 79 47 139 495 440 394 310 84 119 64
internal_count=766 734 239 218 79 47 139 495 440 394 310 84 119 64
is_linear=0
shrinkage=0.03


Tree=315
num_leaves=15
num_cat=0
split_feature=8 4 2 1 13 4 4 1 0 2 2 0 8 0
split_gain=0.412013 0.647207 0.765894 1.19306 0.565565 0.492927 0.550059 0.398864 0.39451 0.575247 1.24631 0.461847 0.229627 0.199884
threshold=8.4500000000000011 9.5316258200584567 10.523609548945293 14.004763451491831 2.4859113331897214 10.779810090014157 12.030886569225439 14.021312416470399 13.802578286668629 9.8066973689082246 11.172134920831553 13.057968606677434 5.7500000000000009 15.509268706681548
decision_type=8 2 2 2 8 2 2 2 2 2 2 2 10 2
left_child=1 2 12 -4 7 8 13 -2 9 -6 11 -11 -1 -7
right_child=4 -3 3 -5 5 6 -8 -9 -10 10 -12 -13 -14 -15
leaf_value=-0.0082536120389996217 0.0015445450523803039 -0.0023391140615392682 0.0023338887944460438 -0.0012625523788724171 -0.0069742582573747965 3.7629919951547708e-05 -0.0034297949863660508 -5.3407931585681906e-05 -0.00037990171902451173 0.00071472731098501288 -0.0012366690173326088 0.0041874280272046621 2.343492104842308e-05 0.014671711330263747
leaf_weight=23 21 28 27 34 59 27 41 30 344 24 53 21 20 21
leaf_count=23 21 28 27 34 59 27 41 30 344 24 53 21 20 21
internal_value=-0.000437985 0.00108271 0.00217143 0.00430645 -0.000752337 -0.00101523 0.00103333 0.00225 -0.00138048 -0.000132912 0.00127273 0.0048913 -0.000886364 0.00318367
internal_weight=773 132 104 61 641 590 89 51 501 157 98 45 43 48
internal_count=773 132 104 61 641 590 89 51 501 157 98 45 43 48
is_linear=0
shrinkage=0.03


Tree=316
num_leaves=15
num_cat=0
split_feature=2 13 13 13 1 13 3 3 1 0 2 2 2 8
split_gain=0.494507 0.312215 0.28729 0.484434 0.309116 0.390485 0.316886 0.506052 0.624891 0.338633 0.304511 0.314095 0.289741 0.296908
threshold=1.0000000180025095e-35 2.3558523928899047 2.9450127606983019 3.0101386585394425 11.629158682860179 3.8224521632363921 10.23703692671762 11.051603775676968 13.512916560472076 14.355232715256561 12.418738284306258 13.115985252667707 12.126071142632371 13.950000000000001
decision_type=2 8 10 10 2 10 2 2 2 2 2 2 2 10
left_child=-1 -2 12 -4 5 -5 -6 8 -8 -9 -11 -12 -3 -14
right_child=1 2 3 4 6 -7 7 9 -10 10 11 -13 13 -15
leaf_value=0.00098435046536248785 4.4742708035426079e-05 -0.0068215804994529988 0.0010172624584742717 0.0008259596915405616 -0.00054587276549740091 -0.0017243509279815249 0.0028481028080902713 -0.0033702683113052967 -0.00016090751961799038 -0.00033556203861302822 0.013996193261906233 -9.4009705493002058e-05 0.001857251779057095 -0.00020733824814485978
leaf_weight=39 40 95 26 36 238 21 21 39 23 21 20 68 20 68
leaf_count=39 40 95 26 36 238 21 21 39 23 21 20 68 20 68
internal_value=-0.00017397 -0.000350069 -0.000499283 -0.000134242 -0.000350411 0.0017069 -0.000626451 0.000279792 0.00306667 -0.000563759 0.000299999 0.00107865 -0.00151631 -0.000269664
internal_weight=775 736 696 513 487 57 430 192 44 148 109 88 183 88
internal_count=775 736 696 513 487 57 430 192 44 148 109 88 183 88
is_linear=0
shrinkage=0.03


Tree=317
num_leaves=15
num_cat=0
split_feature=13 1 7 1 4 2 3 3 4 10 1 1 1 9
split_gain=0.537575 0.44831 0.512748 0.62125 0.336646 0.668418 0.587334 0.752756 0.412415 0.346871 0.32563 0.289478 0.419993 0.588639
threshold=1.9755881632561179 11.717996047682638 5.4500000000000011 9.9532426738528574 8.3023270880450184 11.148183004284968 10.855150160750037 11.535534343685503 5.0070950122522957 -0.70710678118654757 15.966199698151046 12.59263845812521 14.229464108049308 -0.25881904510252113
decision_type=10 2 2 2 2 2 2 2 2 2 2 2 2 2
left_child=-1 2 -2 -4 8 -6 -7 -8 11 -9 -11 -3 -13 -14
right_child=1 4 3 -5 5 6 7 9 -10 10 -12 12 13 -15
leaf_value=-0.0075340309191156071 0.00052557787063077619 -0.0010525982309079565 -0.0063318039647124146 0.002312474768157523 0.0011485318054146986 -0.0020513376523490661 0.00035956897560597583 0.00020036897473205679 -0.00048270133233157018 -0.0003723740631294675 0.00012028313671043469 0.00064376058486338022 9.3462362444948654e-05 -0.0066224452127572929
leaf_weight=42 36 51 25 39 28 36 37 37 95 73 22 139 33 64
leaf_count=42 36 51 25 39 28 36 37 37 95 73 22 139 33 64
internal_value=0.000328495 0.000523742 0.00237624 0.000738461 0.000219155 0.00111538 0.000509708 0.00125294 -0.000328982 0.00018045 -0.000781251 0.000239583 0.000683544 -0.000826531
internal_weight=757 715 100 64 615 233 205 169 382 132 95 287 236 97
internal_count=757 715 100 64 615 233 205 169 382 132 95 287 236 97
is_linear=0
shrinkage=0.03


Tree=318
num_leaves=15
num_cat=0
split_feature=13 1 1 7 9 3 4 8 1 7 8 9 4 9
split_gain=0.645834 0.60113 1.07641 0.926764 0.411952 0.359844 0.642188 0.372964 0.340732 0.355125 0.524696 0.665066 0.405779 0.244735
threshold=2.3558523928899047 13.096308965802882 12.59263845812521 5.5500000000000007 0.97014794553715189 13.538442422109991 12.612394872191157 8.4500000000000011 12.205696820552394 6.1500000000000012 10.450000000000001 -0.25881904510252113 7.1221004305343207 0.13052619222005182
decision_type=8 2 2 2 2 2 2 10 2 2 10 2 2 2
left_child=-1 2 8 -4 5 7 -7 13 9 10 -2 -12 -11 -3
right_child=1 4 3 -5 -6 6 -8 -9 -10 12 11 -13 -14 -15
leaf_value=0.00019665478191603294 -0.00096106743149327483 -0.013613605334547542 0.00014218860256978209 0.0012967207611721515 0.00017320492157044167 0.0028466736735660489 -0.00059554107167359739 -0.0002984842774532011 -0.0055516800917959743 -0.012346388281530531 0.00011443851003042587 0.00066635068685723571 0.0022131433243599346 0.00104362930491151
leaf_weight=37 31 29 30 31 23 20 22 342 40 35 27 30 23 36
leaf_count=37 31 29 30 31 23 20 22 342 40 35 27 30 23 36
internal_value=0.000372522 0.000170833 0.00136693 0.00479032 -0.00045666 -0.000660001 0.00195349 -0.000933824 0.000224598 0.000897958 0.00208989 0.00377586 -0.000915255 0.00113636
internal_weight=756 719 247 61 472 449 42 407 186 146 88 57 58 65
internal_count=756 719 247 61 472 449 42 407 186 146 88 57 58 65
is_linear=0
shrinkage=0.03


Tree=319
num_leaves=15
num_cat=0
split_feature=12 9 13 9 4 13 10 2 13 4 2 0 13 2
split_gain=0.518586 0.541394 0.375256 1.2512 0.433613 0.563178 0.493405 0.569007 0.48661 0.410108 0.494133 0.409495 0.241624 0.594657
threshold=2.5000000000000004 0.97014794553715189 2.7908015742059882 -0.74458692413791694 1.0000000180025095e-35 3.5569021725796435 -0.76037701167087501 7.5170110799556467 3.6582768158624996 11.029703962483154 10.393408637961196 15.10255548989384 4.5571266874014613 11.670793800833328
decision_type=8 2 10 2 2 10 2 2 10 2 2 2 10 2
left_child=1 2 3 -1 5 6 -4 -8 -7 10 -5 -9 -2 -14
right_child=12 -3 4 9 -6 8 7 11 -10 -11 -12 -13 13 -15
leaf_value=0.00071628179592110207 -0.0043255356543451398 0.00062719267505337403 -0.0044368842341133289 0.00016964652102713265 -0.00013532382938724391 0.0044961862614530702 0.012016100609750549 -0.0021309486085303465 5.1637791423518118e-05 0.0061988060145876083 -0.00084751575073301131 0.00020343865503407823 -0.0060919361170082443 0.00020595322429378676
leaf_weight=29 138 27 38 33 227 20 21 59 29 21 66 24 20 20
leaf_count=29 138 27 38 33 227 20 21 59 29 21 66 24 20 20
internal_value=0.000108667 0.000534453 0.000332746 0.00162 -0.000128879 0.000921874 -4.19588e-05 0.00102857 0.00366 0.000247933 -0.000570001 -0.000107144 -0.00130726 0.000731707
internal_weight=772 594 567 149 418 191 142 104 49 120 99 83 178 40
internal_count=772 594 567 149 418 191 142 104 49 120 99 83 178 40
is_linear=0
shrinkage=0.03


Tree=320
num_leaves=15
num_cat=0
split_feature=13 8 8 13 2 13 13 9 0 0 2 0 8 2
split_gain=0.532924 0.465143 0.555135 0.480991 0.432074 0.577844 0.395971 0.32881 0.374853 0.476403 0.296741 0.370195 0.772697 0.258499
threshold=2.3558523928899047 7.0500000000000007 5.6500000000000012 3.0202797206021228 7.5170110799556467 3.3608817317346471 4.5690183866124068 0.97014794553715189 14.884718308724077 14.625897820877883 11.706263144334189 13.802578286668629 25.450000000000003 10.909069412860958
decision_type=8 10 10 10 2 8 10 2 2 2 2 2 10 2
left_child=-1 2 3 -2 5 -3 7 8 9 10 11 12 -6 -13
right_child=1 4 -4 -5 6 -7 -8 -9 -10 -11 -12 13 -14 -15
leaf_value=0.00020543577544228863 0.0015245273895384836 0.0084736799499019553 0.0030193275268954743 -0.011925503512997686 0.00074034225867694906 -0.00012029301413876638 4.8527037991701424e-05 0.0001077500140443228 -0.00028145345240580735 0.00050331930630250485 -0.00028787181712667761 -0.0079874982118025677 -0.00012000393327215867 9.6659008195271336e-05
leaf_weight=34 22 34 32 32 38 29 23 26 251 39 96 35 36 21
leaf_count=34 22 34 32 32 38 29 23 26 251 39 96 35 36 21
internal_value=0.000328437 0.000151048 0.0022069 0.000327272 -0.000133546 0.00220312 -0.000397527 -0.000563537 -0.000731142 5.63903e-05 -0.000475772 0.000458015 0.00184 -0.00136842
internal_weight=748 714 86 54 628 63 565 542 516 265 226 130 74 56
internal_count=748 714 86 54 628 63 565 542 516 265 226 130 74 56
is_linear=0
shrinkage=0.03


Tree=321
num_leaves=15
num_cat=0
split_feature=3 13 7 0 1 2 10 2 7 3 0 3 0 0
split_gain=0.386949 0.295592 0.269736 0.289505 0.366391 0.349294 0.675435 0.583794 0.620139 0.486692 0.723034 0.638589 0.340454 0.36125
threshold=13.846883708988537 2.3558523928899047 7.6500000000000012 15.614426231612116 13.747592277435531 10.393408637961196 -0.82968937203783677 11.06362216610218 5.9500000000000011 11.220170479461444 13.555618910192093 11.829887175919358 16.22628668340117 16.587768369889847
decision_type=2 8 2 2 2 2 2 2 2 2 2 2 2 2
left_child=1 -1 3 5 -5 6 -3 8 -7 -9 -11 -12 -6 -14
right_child=-2 2 -4 4 12 7 -8 9 -10 10 11 -13 13 -15
leaf_value=0.00015538998670750327 -0.0004761570354521789 0.0009140622680764896 0.0032218792584210788 7.241523093803549e-05 -0.0027870633251822299 0.0011948740673164676 -0.0016387657356000127 -0.00012101554087414439 -0.00031126632702506261 -0.006591487741707802 0.0052013421906962395 5.706815516240118e-05 0.0012296089233361481 -0.0004270188931406402
leaf_weight=29 37 35 24 21 78 36 139 144 35 23 27 57 35 52
leaf_count=29 37 35 24 21 78 36 139 144 35 23 27 57 35 52
internal_value=3.10472e-05 0.000183423 5.94052e-05 -5.27094e-05 -0.00105882 0.000325955 -0.000754286 0.000910216 0.00329167 0.00022619 0.00175 0.00303529 -0.00153615 -0.000238637
internal_weight=772 735 706 682 186 496 174 322 71 251 107 84 165 87
internal_count=772 735 706 682 186 496 174 322 71 251 107 84 165 87
is_linear=0
shrinkage=0.03


Tree=322
num_leaves=15
num_cat=0
split_feature=8 2 1 10 8 8 2 0 0 10 10 3 4 10
split_gain=0.542012 0.701725 1.39606 1.04033 0.424177 0.519565 0.622329 0.705982 0.41423 0.324904 0.742255 0.453241 0.454518 0.318155
threshold=8.4500000000000011 9.5129410555364498 14.472314917958391 0.25881904510252057 10.65 14.65 11.134038766038875 14.003662910928325 16.128161472794346 0.074102141141256975 -0.11535712691606388 12.549982251443915 11.422772732134169 -0.9141673389828272
decision_type=8 2 2 2 10 10 2 2 2 2 2 2 2 2
left_child=1 -1 3 -3 -2 6 7 -6 -8 10 11 13 -13 -7
right_child=4 2 -4 -5 5 9 8 -9 -10 -11 -12 12 -14 -15
leaf_value=-0.0057616745778895379 -0.00021157719508659858 0.0014777942269970975 -0.00028834663553125569 0.0038301446066818083 0.0030841616218942611 0.00013442911887395363 -0.0011716160813768951 0.0001605714837527678 0.00019765740775877584 -0.00014686032700662223 0.0013475423257610208 0.0023195955330239026 -0.00020945589950304691 -0.001287897659966491
leaf_weight=32 82 25 50 29 20 63 46 28 24 197 20 20 23 108
leaf_count=32 82 25 50 29 20 63 46 28 24 197 20 20 23 108
internal_value=0.000128906 0.00183942 0.00302857 0.00632727 -0.000242089 5.99993e-05 0.00181513 0.00440816 -7.05182e-10 -0.000423612 0.000331914 -0.00019535 0.00252273 -0.000889536
internal_weight=767 136 104 54 631 549 118 48 70 431 234 214 43 171
internal_count=767 136 104 54 631 549 118 48 70 431 234 214 43 171
is_linear=0
shrinkage=0.03


Tree=323
num_leaves=15
num_cat=0
split_feature=1 1 7 9 2 2 10 9 2 9 13 9 9 7
split_gain=0.368547 0.559075 0.849409 0.284295 0.263382 0.655814 0.307505 0.334794 0.245415 0.179738 0.244423 0.30715 0.261702 0.538233
threshold=13.137315168022965 12.59263845812521 6.0100000000000007 0.19066188855616564 11.372921581267656 10.86988736148618 0.017449748351250231 -0.5 8.3961944030784874 -0.97063407339879026 2.3558523928899047 -0.74458692413791694 -0.33961250367033008 6.7500000000000009
decision_type=2 2 2 2 2 2 2 2 2 2 8 2 2 2
left_child=1 4 3 -3 5 6 7 -1 -9 -2 -11 -12 13 -13
right_child=9 2 -4 -5 -6 -7 -8 8 -10 10 11 12 -14 -15
leaf_value=-0.0012267659524663622 2.776654693152973e-05 0.00013589264772469108 0.00022547266668643338 -0.00073435811340957302 -0.017911852322610861 0.0038690928426527802 -0.0027275850880308346 -0.00011796785832085332 0.00079209844641869138 8.8055640059062741e-05 -0.00012643088478372669 -0.00095637874790205867 -0.0003053928993918567 0.015453663410837652
leaf_weight=28 25 26 26 25 27 22 64 22 30 23 61 54 324 23
leaf_count=28 25 26 26 25 27 22 64 22 30 23 61 54 324 23
internal_value=-0.000230474 0.000664206 0.00280769 0.00051923 -0.000201032 0.000251496 -0.000496552 0.00074074 0.00215094 -0.000704502 -0.000833334 -0.000984882 -0.000679105 0.000884615
internal_weight=780 270 77 51 193 166 144 80 52 510 485 462 401 77
internal_count=780 270 77 51 193 166 144 80 52 510 485 462 401 77
is_linear=0
shrinkage=0.03


Tree=324
num_leaves=15
num_cat=0
split_feature=2 2 8 1 10 0 0 9 4 7 0 8 10 10
split_gain=0.455787 0.614851 0.788521 0.710692 0.371644 0.390841 1.36719 0.874243 0.354379 0.445626 0.382765 0.318663 0.301926 0.293627
threshold=11.172134920831553 10.343795435816476 8.0500000000000025 12.691863308820702 0.24188504972319264 14.477298238986755 15.009232588052667 0.93540483100319627 10.582415912716437 6.6500000000000012 13.82085599507495 9.943500000000002 0.38268343236508956 -0.82968937203783677
decision_type=2 2 10 2 2 2 2 2 2 2 2 10 2 2
left_child=1 13 -3 -4 5 -2 -7 11 10 -10 -6 -8 -5 -1
right_child=4 2 3 12 8 6 7 -9 9 -11 -12 -13 -14 -15
leaf_value=0.0008217609903387066 -0.0011504620958186623 0.0013221986383340641 0.0029349905173476653 -0.0018476642003680012 2.2045691601188482e-05 0.014803860031378411 0.0011363871182063421 0.0042592542661430534 0.0026941648658053178 -0.00037508607342632899 -0.0038310920247328216 -0.00043756643337639924 0.00017904316217698445 -0.00014014051894548231
leaf_weight=41 85 22 29 38 20 26 24 21 22 29 127 106 23 160
leaf_count=41 85 22 29 38 20 26 24 21 22 29 127 106 23 160
internal_value=-5.03883e-05 0.000831209 0.00260177 0.00131868 -0.00065076 9.1254e-05 0.000893258 -0.000217106 -0.00162814 0.00051923 -0.00237162 -0.00114504 -0.000532259 -0.000163367
internal_weight=773 313 112 90 460 262 177 151 198 51 147 130 61 201
internal_count=773 313 112 90 460 262 177 151 198 51 147 130 61 201
is_linear=0
shrinkage=0.03


Tree=325
num_leaves=15
num_cat=0
split_feature=7 6 13 7 10 0 13 13 2 2 7 7 7 2
split_gain=0.315942 0.386583 0.354618 0.738476 0.428558 0.30012 0.274063 0.278435 0.208201 0.287096 0.430225 0.186227 0.362177 0.501302
threshold=6.2500000000000009 8.0679323707155444 2.7492478955155986 5.8500000000000005 0.25881904510252057 16.828813635049467 2.8888307077117577 2.9495956306875488 11.372921581267656 10.370668320987154 6.6500000000000012 5.1500000000000012 5.5500000000000007 9.7317913883761218
decision_type=2 2 8 2 2 2 10 10 2 2 2 2 2 2
left_child=2 5 3 4 -1 8 -4 -8 9 -2 -11 -9 -13 -14
right_child=1 -3 6 -5 -6 -7 7 11 -10 10 -12 12 13 -15
leaf_value=0.00043541177604826858 -0.00500871701677636 0.0011898440634371657 -0.006752517657157322 0.0039535988364167883 -0.0078535459932339881 0.00014260419557750325 0.00074785764415774135 -0.0016833600643190864 -0.00039252131690044182 -0.0042476486338993849 0.0036298335740366401 0.00016268413694442508 0.00067924925114926224 -0.0004665328525170779
leaf_weight=27 45 20 48 26 25 25 24 90 171 26 27 87 23 128
leaf_count=27 45 20 48 26 25 25 24 90 171 26 27 87 23 128
internal_value=-0.000348046 -0.00108571 0.000137786 0.00197468 -0.000113208 -0.00136271 -0.00022444 6.7988e-05 -0.00165556 -0.000545455 0.000944444 -0.000164134 0.00027615 -0.000611843
internal_weight=792 314 478 78 52 294 400 352 269 98 53 328 238 151
internal_count=792 314 478 78 52 294 400 352 269 98 53 328 238 151
is_linear=0
shrinkage=0.03


Tree=326
num_leaves=15
num_cat=0
split_feature=10 10 4 12 8 7 7 7 3 7 13 0 3 2
split_gain=0.31462 0.300137 0.354742 0.314023 0.493347 0.66572 0.590152 0.857501 0.590099 0.540481 0.398507 0.386946 0.485732 0.282801
threshold=0.99572243068690536 0.62577451934763018 7.2251172404944937 2.5000000000000004 14.850000000000003 4.9500000000000011 6.6500000000000012 6.3500000000000005 6.9139746870631731 4.9500000000000011 2.9436621464645709 16.073949414794921 9.2393042073080913 10.229331241794652
decision_type=2 2 2 10 10 2 2 2 2 2 8 2 2 2
left_child=1 3 13 4 5 -1 7 8 -7 -6 -11 12 -10 -3
right_child=-2 2 -4 -5 9 6 -8 -9 11 10 -12 -13 -14 -15
leaf_value=-0.0011748284578457079 0.0059964463318885408 -0.005381798142162701 -0.00050154379935130457 -0.00055268166700394542 0.0007790925517590897 0.0017027541189507704 -0.00027071830581954745 0.0012131397209811324 0.00012631056159479812 -0.0002744392953107411 -2.3070408658404568e-05 0.004993918080367434 -0.00054203116263511122 0.00010977136378669171
leaf_weight=24 24 41 73 135 27 22 25 23 27 79 148 20 32 69
leaf_count=24 24 41 73 135 27 22 25 23 27 79 148 20 32 69
internal_value=-0.00019091 -0.000301609 -0.00135326 4.26281e-05 0.000441588 0.00167241 0.00242 0.003264 0.00202941 -0.000400001 -0.00088158 0.000787499 -0.000450001 -0.000270271
internal_weight=769 745 183 562 427 173 149 124 101 254 227 79 59 110
internal_count=769 745 183 562 427 173 149 124 101 254 227 79 59 110
is_linear=0
shrinkage=0.03


Tree=327
num_leaves=15
num_cat=0
split_feature=8 8 1 1 1 7 0 8 10 13 2 3 3 8
split_gain=0.292127 0.663088 0.408962 0.470366 0.469058 0.450438 0.684065 0.833568 0.406546 0.475918 0.410737 0.363497 0.758853 0.319764
threshold=6.9500000000000011 4.6500000000000012 13.096308965802882 15.332881265184389 12.841858717750755 5.5500000000000007 15.377853308363838 16.550000000000004 0.70244862051411394 3.8088337008098008 14.132354166641116 11.123224298317892 10.224583129681685 27.850000000000005
decision_type=8 10 2 2 2 2 2 10 2 8 2 2 2 10
left_child=1 -1 4 5 11 6 7 -4 9 10 -5 12 13 -2
right_child=2 -3 3 8 -6 -7 -8 -9 -10 -11 -12 -13 -14 -15
leaf_value=-0.0021111003218693201 5.6969035349843925e-05 0.0025164163592633032 0.0015956119311495698 0.011389866444309187 0.00076631003518228219 -0.00087368396594516098 -0.015279770560208988 -0.00011569446793602425 -0.00019008290452878087 -0.00048945001600621783 4.6211753485184282e-05 -0.020419145917900915 0.004128439273191291 -0.011813644753284646
leaf_weight=36 114 46 30 24 22 233 36 40 30 36 22 25 23 39
leaf_count=36 114 46 30 24 22 233 36 40 30 36 22 25 23 39
internal_value=5.54815e-05 0.00173494 -0.000151112 -0.000670355 0.000897321 -0.00122647 0.000392523 0.00211268 0.00100885 0.00209638 0.00408511 0.000430692 0.000915254 0.000136363
internal_weight=756 82 674 451 223 339 106 70 112 82 46 201 176 153
internal_count=756 82 674 451 223 339 106 70 112 82 46 201 176 153
is_linear=0
shrinkage=0.03


Tree=328
num_leaves=15
num_cat=0
split_feature=8 2 0 3 3 10 2 8 8 0 1 3 9 8
split_gain=0.637647 0.749822 0.636813 0.491991 1.10355 0.630809 0.485076 0.460894 0.810606 0.387602 0.425629 0.388345 0.385251 0.549596
threshold=9.7500000000000018 9.2491426686118263 15.971186044005306 10.677411995830598 9.6705788083499247 0.25881904510252057 11.134038766038875 10.450000000000001 13.050000000000002 12.179884021855313 12.058197428092933 1.3195286648076296 0.76883451325334917 20.550000000000004
decision_type=10 2 2 2 2 2 2 10 10 2 2 2 2 10
left_child=1 -1 3 4 5 -3 7 -2 -9 -10 -11 -12 -8 -14
right_child=6 2 -4 -5 -6 -7 12 8 9 10 11 -13 13 -15
leaf_value=-0.0068716438816972848 -0.0010333856771895368 0.0012058674120799448 -0.0026731093882748657 0.00031038223218301158 -0.0010680838149134295 0.0057033945965390617 -0.00033526273761873396 0.00038278592727061746 -0.0030908236182867611 0.00088218466469373446 0.00074902255082812347 -0.0039126797334751561 0.001350082845344405 -0.00051880696484815105
leaf_weight=28 31 26 33 26 24 23 299 32 30 36 32 74 39 47
leaf_count=28 31 26 33 26 24 23 299 32 30 36 32 74 39 47
internal_value=-0.000192062 0.00149068 0.00243609 0.00363 0.00231081 0.00486 -0.00062802 0.000444915 0.000965853 0.000138728 0.000797202 -0.000168225 -0.00128238 0.000482758
internal_weight=780 160 132 99 73 49 620 235 204 172 142 106 385 86
internal_count=780 160 132 99 73 49 620 235 204 172 142 106 385 86
is_linear=0
shrinkage=0.03


Tree=329
num_leaves=15
num_cat=0
split_feature=0 0 1 2 1 1 2 9 10 12 10 0 0 2
split_gain=0.431779 0.782436 0.802097 1.37856 0.78866 0.457299 0.464283 0.523672 0.393418 0.669487 0.392636 0.214074 0.463676 0.208926
threshold=11.892367698847016 13.722083543606413 12.235778900783295 9.1420011737795033 13.415403568452266 12.785039405650375 11.06362216610218 0.44134171618254497 0.017449748351250231 1.5000000000000002 -0.33125622319804088 15.906130568464299 14.784937982753648 10.580777936291986
decision_type=2 2 2 2 2 2 2 2 2 10 2 2 2 2
left_child=-1 2 3 -2 -4 -3 7 13 9 10 11 12 -8 -7
right_child=1 5 4 -5 -6 6 8 -9 -10 -11 -12 -13 -14 -15
leaf_value=-0.0019190999527627913 -1.0414112373994444e-05 -0.0014064063784436764 -0.00053302654264294807 0.0053084976131636567 0.00031487747690468819 0.00028841995934069433 -0.00076358342194304612 -0.00015462541184505259 -0.00023312593537762983 -0.00037517327346027555 0.0025395456691453587 -0.002951885279980145 0.0043226004960628464 0.0018920151225599248
leaf_weight=69 28 62 55 25 23 44 28 37 187 93 26 33 27 25
leaf_count=69 28 62 55 25 23 44 28 37 187 93 26 33 27 25
internal_value=-0.000283094 -5.61967e-05 0.00202273 0.00483333 7.59487e-05 -0.000543518 -0.000239522 0.00151402 -0.000713925 0.000187499 0.00172174 0.000741572 0.001875 0.00304286
internal_weight=762 693 131 53 78 562 500 106 394 207 114 88 55 69
internal_count=762 693 131 53 78 562 500 106 394 207 114 88 55 69
is_linear=0
shrinkage=0.03


Tree=330
num_leaves=15
num_cat=0
split_feature=2 2 6 5 1 2 3 0 0 7 2 0 2 1
split_gain=0.385948 0.403886 0.362118 0.371063 0.295423 0.373792 0.408381 0.49138 0.465925 0.434921 0.47392 0.258375 0.225823 0.527724
threshold=11.182712177033025 10.927743305653062 8.0679323707155444 1.0000000180025095e-35 9.9532426738528574 10.729029416456493 8.6458923996998873 13.599336830295337 14.056190221390397 6.0100000000000007 10.044975896648321 14.759568215742057 11.79060985757101 14.004763451491831
decision_type=2 2 2 2 2 2 2 2 2 2 2 2 2 2
left_child=1 4 3 12 -1 6 7 -6 -8 10 11 -9 -2 -14
right_child=2 -3 -4 -5 5 -7 8 9 -10 -11 -12 -13 13 -15
leaf_value=-0.0092445410494087967 -0.0069051129860886826 0.00036244783006463222 0.0011652916983258062 -0.00034022500969490291 -0.0030970691698650452 -0.0073232267917166301 0.0063499491216723056 7.473079674905059e-05 -0.0032949405663303577 0.00137727003154286 0.00047254973640599223 -0.0016315020973204596 0.00011235427466522945 -0.00017155429274977736
leaf_weight=28 88 38 20 108 63 28 22 40 20 22 20 30 64 170
leaf_count=28 88 38 20 108 63 28 22 40 20 22 20 30 64 170
internal_value=-0.000437009 0.000374999 -0.000997783 -0.0011833 -3.28474e-05 0.000304877 0.000729357 8.52266e-05 0.00334884 0.00127434 0.00032967 -0.000845071 -0.000668731 -0.000178724
internal_weight=761 311 450 430 273 245 217 175 42 112 90 70 322 234
internal_count=761 311 450 430 273 245 217 175 42 112 90 70 322 234
is_linear=0
shrinkage=0.03


Tree=331
num_leaves=15
num_cat=0
split_feature=7 3 8 8 2 2 0 0 12 3 2 8 7 3
split_gain=0.392664 0.518233 0.384213 0.586247 0.33237 0.323054 0.248283 0.477223 0.243161 0.227056 0.223518 0.176507 0.157598 0.273581
threshold=5.5500000000000007 10.007436961844723 7.0500000000000007 5.6500000000000012 15.177045225538324 7.5170110799556467 15.377853308363838 15.614426231612116 1.0000000180025095e-35 11.051603775676968 11.148183004284968 23.250000000000004 6.4500000000000011 10.989704399411503
decision_type=2 2 10 10 2 2 2 2 10 2 2 10 2 2
left_child=1 5 3 -2 6 11 12 -8 -7 -3 -9 -1 -4 -14
right_child=2 9 4 -5 -6 8 7 10 -10 -11 -12 -13 13 -15
leaf_value=-7.405181827956108e-05 -0.0022215286403827091 0.00088244370000218687 -0.0056049507661499786 0.0021358055865567781 0.0002684734738034467 6.5285414011609727e-05 0.00031054396671873228 8.5499246253351575e-05 -0.00081478830666519106 0.0001242520263327389 -0.00034195326794280069 0.011460206742332486 -6.5091325334035201e-05 -0.00031555440299786442
leaf_weight=27 47 20 137 28 23 34 23 30 119 21 91 21 69 75
leaf_count=27 47 20 137 28 23 34 23 30 119 21 91 21 69 75
internal_value=-0.000528721 0.000469135 -0.000990459 0.000986841 -0.00132294 -0.000163367 -0.00151409 -0.000496552 -0.000837663 0.0035 -0.0012541 0.00195918 -0.00203192 -0.00132414
internal_weight=765 242 523 75 448 201 425 144 153 41 121 48 281 144
internal_count=765 242 523 75 448 201 425 144 153 41 121 48 281 144
is_linear=0
shrinkage=0.03


Tree=332
num_leaves=15
num_cat=0
split_feature=1 1 13 13 13 13 1 3 10 13 7 13 13 7
split_gain=0.408359 0.401598 0.429864 0.553592 0.354633 0.33746 0.716861 0.706802 1.14366 0.392218 0.524558 0.330765 0.237054 0.232271
threshold=14.004763451491831 14.637936286036775 3.416460622098374 2.9436621464645709 2.4859113331897214 3.616104401834237 11.11698721532847 10.402791739036198 -0.33125622319804088 3.0790922744843354 5.6500000000000012 4.5934142073173083 2.9151314714814558 6.3500000000000005
decision_type=2 2 8 10 8 10 2 2 2 8 2 8 10 2
left_child=4 -2 3 13 -1 9 -7 8 -8 10 12 -4 -6 -3
right_child=1 2 11 -5 5 6 7 -9 -10 -11 -12 -13 -14 -15
leaf_value=0.00066538312614181658 -0.0011967078284066419 0.00017141436599982834 -0.00054925725412913282 0.013086264328648855 0.00027708705801173813 -0.0051032720972879284 0.00062575766990893671 0.0020065203270574067 -0.0063557908013655105 -0.00025362827902319224 -9.666341322729859e-05 2.7442344491277998e-05 0.0011399112041057605 -0.00026579083508508725
leaf_weight=26 110 37 81 52 20 26 37 23 41 150 58 29 27 41
leaf_count=26 110 37 81 52 20 26 37 23 41 150 58 29 27 41
internal_value=-0.000189724 -0.000940172 -0.000248963 0.00091603 0.000454767 0.00021932 0.00147656 0.00261765 0.00121519 -0.000410157 0.000990565 -0.00162162 0.0033125 -0.000683545
internal_weight=758 350 240 130 408 382 127 101 78 255 105 110 47 78
internal_count=758 350 240 130 408 382 127 101 78 255 105 110 47 78
is_linear=0
shrinkage=0.03


Tree=333
num_leaves=15
num_cat=0
split_feature=2 2 13 3 13 0 10 13 2 3 9 2 4 3
split_gain=0.534662 0.494485 0.462187 0.389611 0.417657 0.346132 0.338629 0.337772 0.380341 0.544735 0.384744 0.287338 0.228548 0.237374
threshold=11.182712177033025 10.992646913314999 4.2706639677473115 10.224583129681685 3.7106704414636473 15.177001665629254 0.017449748351250231 3.4282904644093786 7.5170110799556467 6.7690354264633781 -1.0000000180025095e-35 14.21344193183524 11.310441050382765 9.5902192356746792
decision_type=2 2 10 2 10 2 2 10 2 2 2 2 2 2
left_child=1 2 3 4 7 11 -6 8 -1 -10 -11 12 13 -2
right_child=5 -3 -4 -5 6 -7 -8 -9 9 10 -12 -13 -14 -15
leaf_value=0.0011233235861755424 0.00010321298512827644 0.00022225400012193042 -0.0058790087460599697 0.0059196795368062771 0.00031911260090796437 -0.00032458086583326038 0.0014744685180817817 -0.00018059000094978079 -0.0063220551337343101 -0.00046267933144290136 0.00051207395242832809 8.0696733676104653e-05 1.0503987076268274e-05 -0.00027307122022066088
leaf_weight=41 55 33 34 24 25 230 20 34 48 24 39 32 22 125
leaf_count=41 55 33 34 24 25 230 20 34 48 24 39 32 22 125
internal_value=-0.00021347 0.000724457 0.000320689 0.000761718 0.000374999 -0.000864517 0.00293478 -0.000256685 0.00035294 -0.000562501 0.00126562 -5.10645e-05 -0.000472907 -0.00082873
internal_weight=786 322 289 255 231 464 45 186 152 111 63 234 202 180
internal_count=786 322 289 255 231 464 45 186 152 111 63 234 202 180
is_linear=0
shrinkage=0.03


Tree=334
num_leaves=15
num_cat=0
split_feature=13 1 0 4 1 7 13 1 0 13 8 8 0 7
split_gain=0.429913 0.569024 0.397909 0.381738 0.288007 0.381332 0.358545 0.331303 0.280985 0.276705 0.565194 0.46128 0.539793 0.233152
threshold=4.5860782025350835 14.41030407053031 15.815056001003537 10.085388685227356 11.377132815743465 6.2500000000000009 3.1517080845114083 10.408416927647821 12.82556272251483 3.6413638888637321 30.050000000000004 11.350000000000003 13.836505438111233 6.2500000000000009
decision_type=10 2 2 2 2 2 8 2 2 10 10 10 2 2
left_child=1 2 3 4 5 7 -6 -1 -8 10 11 -10 -13 -3
right_child=-2 13 -4 -5 6 -7 8 -9 9 -11 -12 12 -14 -15
leaf_value=-3.8888079334806497e-05 0.00029497723174206638 -0.00018756101076271726 0.0030050207957871846 0.000144235613747631 -0.0010422887750012532 -0.0022038552133600048 -0.00080579032117039813 0.00065560030946381232 0.0010610925001720026 -0.0028125731908265656 0.011325198417454545 0.0069936472754067048 -0.0031573270187397009 -0.00030614182002768807
leaf_weight=25 22 112 40 36 127 24 26 20 34 66 20 20 46 152
leaf_count=25 22 112 40 36 127 24 26 20 34 66 20 20 46 152
internal_value=-0.000389106 -0.000512684 9.89684e-05 -0.000161798 -0.000425429 0.00132857 -0.000785295 0.00293478 -2.81697e-05 0.000385026 0.00123967 0.000297029 -0.00116418 -0.00163019
internal_weight=770 748 484 444 408 69 339 45 212 186 120 100 66 264
internal_count=770 748 484 444 408 69 339 45 212 186 120 100 66 264
is_linear=0
shrinkage=0.03


Tree=335
num_leaves=15
num_cat=0
split_feature=2 3 9 3 7 9 2 11 1 1 1 8 8 8
split_gain=0.778775 0.599695 0.615476 0.529657 0.532991 1.00736 0.386209 0.652744 0.352844 0.343786 0.247136 0.217099 0.371771 0.255404
threshold=11.364318137156067 10.224583129681685 1.0000000180025095e-35 9.2393042073080913 6.0100000000000007 -1.0000000180025095e-35 10.143739957950142 1.0000000180025095e-35 12.121753158263513 12.464632166986043 10.560877578360069 35.70000000000001 44.050000000000004 13.15
decision_type=2 2 2 2 2 2 2 2 2 2 2 10 10 8
left_child=1 3 -3 4 6 -6 8 -8 10 -7 -1 13 -13 -2
right_child=11 2 -4 -5 5 9 7 -9 -10 -11 -12 12 -14 -15
leaf_value=-0.0029290676758664345 -7.8867468238314891e-05 0.0036767282974816953 0.00097149609181515376 -0.0058856910377817484 -0.006747937873422166 0.0016235432699006627 -0.00011590127955723488 0.00076698392450483667 -0.0049229645621096897 0.0047724567330702577 9.2370313938847735e-05 0.001638802469493319 -0.00053520447200475164 -0.00024261631614858509
leaf_weight=24 138 23 26 43 25 20 39 24 70 20 34 41 35 209
leaf_count=24 138 23 26 43 25 20 39 24 70 20 34 41 35 209
internal_value=-0.000431348 0.00061891 0.00366 0.000109999 0.000630349 0.00295454 -0.000171876 0.00173437 -0.00111628 0.00585366 0.000610169 -0.00129481 0.000155843 -0.00161207
internal_weight=771 348 49 299 256 65 191 63 128 40 58 423 76 347
internal_count=771 348 49 299 256 65 191 63 128 40 58 423 76 347
is_linear=0
shrinkage=0.03


Tree=336
num_leaves=15
num_cat=0
split_feature=0 2 13 10 2 13 13 3 3 2 10 2 0 7
split_gain=0.414277 0.357253 0.303911 0.31548 0.306598 0.35151 0.548002 0.437884 0.661183 0.429626 0.36743 0.287404 0.285548 0.380952
threshold=15.177001665629254 11.08522138836333 2.5563404911825818 0.074102141141256975 14.270792376256933 2.8888307077117577 2.9919088666731111 8.4730319460816848 9.7216802642793514 11.889498980829439 -0.9141673389828272 10.143739957950142 13.669839518961831 6.3500000000000005
decision_type=2 2 10 2 2 10 10 2 2 2 2 2 2 2
left_child=2 11 3 -1 5 -4 -7 10 -9 12 -8 -2 13 -10
right_child=1 -3 4 -5 -6 6 7 8 9 -11 -12 -13 -14 -15
leaf_value=0.00078003779299645043 -0.00034371627884899998 -0.00052093913174387405 -0.0017998096542060575 -8.5824352028226987e-05 0.00024994787496659422 0.00070519803406429769 0.00079140104605532498 0.005515128322856909 -0.00080404887858579572 -0.00027357195364208919 -0.0016193601709863681 0.00017485583135716203 0.00015293629296831598 0.002535324951928924
leaf_weight=22 25 245 58 28 24 30 24 25 20 58 130 39 25 20
leaf_count=22 25 245 58 28 24 30 24 25 20 58 130 39 25 20
internal_value=-0.000399226 -0.00124839 0.000167741 0.00235294 -0.000101206 -0.000306906 7.20714e-05 -0.000316832 0.000845637 -7.25814e-05 -0.00143226 0.000738461 0.00159091 -6.9781e-10
internal_weight=773 309 464 50 414 390 332 302 148 123 154 64 65 40
internal_count=773 309 464 50 414 390 332 302 148 123 154 64 65 40
is_linear=0
shrinkage=0.03


Tree=337
num_leaves=15
num_cat=0
split_feature=13 0 2 2 2 13 0 8 10 0 0 5 9 0
split_gain=0.423601 0.391571 0.57031 0.323853 0.711438 0.562197 0.981638 0.405867 0.259567 0.239467 0.510495 0.654948 0.536405 0.285687
threshold=4.3711168165112104 12.347128233037898 7.5170110799556467 9.8066973689082246 11.364318137156067 3.6685709561006159 13.802578286668629 6.9500000000000011 0.75023006073889131 15.177001665629254 13.991588878044549 4.1510089048756029 0.44134171618254497 14.662194837682497
decision_type=8 2 2 2 2 10 2 10 2 2 2 2 2 2
left_child=1 -1 -3 -4 5 6 -5 -6 9 10 -9 12 13 -12
right_child=-2 2 3 4 7 -7 -8 8 -10 -11 11 -13 -14 -15
leaf_value=-0.00069105005582347921 -0.00041746198554795699 0.00060442330504046834 -0.0030933965832496265 0.014345183549609588 0.00040389868953449642 0.00089115756847702788 -3.4413263124539793e-05 -0.0050545288205645781 -0.0010863053319318233 -0.00013884664085062805 0.00067929177041040837 -0.012831316726887636 0.0096901910668802417 -0.00012673764649467385
leaf_weight=70 101 40 63 26 31 31 86 41 65 112 23 20 24 20
leaf_count=70 101 40 63 26 31 31 86 41 65 112 23 20 24 20
internal_value=-0.000290452 -9.18908e-06 0.000246998 -1.10504e-05 0.000256249 0.00202083 0.00100885 -0.000498517 -0.000833334 -0.000373445 0.000511627 0.00180682 0.00322059 0.00115909
internal_weight=753 652 582 542 479 143 112 336 305 240 128 87 67 43
internal_count=753 652 582 542 479 143 112 336 305 240 128 87 67 43
is_linear=0
shrinkage=0.03


Tree=338
num_leaves=15
num_cat=0
split_feature=2 6 1 9 1 2 3 8 2 10 8 8 8 3
split_gain=0.559598 0.360179 0.335523 0.63856 0.377696 0.369021 0.365052 0.598971 0.31691 0.507947 0.377967 0.272558 0.484146 0.26664
threshold=11.364318137156067 8.0679323707155444 13.528879162832235 -0.40462608613327394 13.108220557541628 10.86988736148618 9.194173718038618 16.550000000000004 9.5911783868454492 -0.82968937203783677 12.550000000000002 34.550000000000004 39.20000000000001 2.1383330595080281
decision_type=2 2 2 2 2 2 2 10 2 2 10 10 10 2
left_child=2 11 4 -4 5 8 7 -5 9 -1 13 -2 -13 -11
right_child=1 -3 3 6 -6 -7 -8 -9 -10 10 -12 12 -14 -15
leaf_value=0.00063865489535838249 -0.00024276073475649194 0.00039178179779154789 0.0082928426587988019 0.0013600285357311982 -0.0015690094100190421 0.0025077953263042559 -0.017317723715184256 -0.010067545951940832 -5.762140180292973e-05 -0.0047641637984916704 -0.003567367819667685 0.00329863112296753 -0.00043438350542770153 0.0012089644366796118
leaf_weight=23 317 21 37 27 37 27 23 25 59 23 55 28 58 20
leaf_count=23 317 21 37 27 37 27 23 25 59 23 55 28 58 20
internal_value=-0.000422536 -0.00115765 0.000453781 0.00180531 -0.000171429 0.00033173 0.000197368 0.0015849 -0.000165747 0.000713114 -0.000242425 -0.00135891 0.00013793 0.00184091
internal_weight=780 424 356 112 244 207 75 52 180 121 98 403 86 43
internal_count=780 424 356 112 244 207 75 52 180 121 98 403 86 43
is_linear=0
shrinkage=0.03


Tree=339
num_leaves=15
num_cat=0
split_feature=2 8 9 10 9 10 1 7 8 3 9 3 1 1
split_gain=0.729483 0.325814 0.383395 0.747476 0.595457 0.354852 0.375371 0.310292 0.263386 0.441879 0.249964 0.517946 0.243521 0.223181
threshold=11.106957157700093 6.4150000000000009 -1.0000000180025095e-35 0.70244862051411394 0.44134171618254497 0.28184167206526584 12.841858717750755 6.0100000000000007 6.9500000000000011 10.885448512911251 0.71170436230560108 12.533588597600813 11.549724076184729 13.154072050558062
decision_type=2 10 2 2 2 2 2 2 8 2 2 2 2 2
left_child=1 -1 5 4 -4 6 12 -6 9 -2 13 -12 -3 -10
right_child=8 2 3 -5 7 -7 -8 -9 10 -11 11 -13 -14 -15
leaf_value=-0.0015769949751930803 -0.00086076636064335557 0.00025933617284236703 0.0015389744442325937 0.0013458266296069083 -0.00049364420177385143 -0.0057411449419040523 0.00052027222468613071 0.00036282904803176298 -6.4932113944795877e-07 0.00038002836842920932 -0.00018370436524661559 0.0063667772108781419 -0.0026736003652399498 -0.00028903698112726369
leaf_weight=35 26 20 28 38 45 33 34 33 52 21 67 29 26 284
leaf_count=35 26 20 28 38 45 33 34 33 52 21 67 29 26 284
internal_value=-0.000586788 0.000593856 0.000965116 0.00198621 0.000672896 -0.000342106 0.00074074 -0.000683545 -0.00130625 0.000812499 -0.00153811 -0.000185568 -0.00102128 -0.00192285
internal_weight=771 292 257 144 106 113 80 78 479 47 432 96 46 336
internal_count=771 292 257 144 106 113 80 78 479 47 432 96 46 336
is_linear=0
shrinkage=0.03


Tree=340
num_leaves=15
num_cat=0
split_feature=10 3 8 10 7 7 8 8 8 2 2 8 7 0
split_gain=0.435349 0.348158 0.415568 0.303142 0.547064 0.356004 0.27063 0.209124 0.187404 0.154203 0.299525 0.191684 0.409863 0.20565
threshold=0.99572243068690536 1.3195286648076296 6.9500000000000011 -0.82968937203783677 5.3500000000000005 6.2500000000000009 5.2500000000000009 10.65 12.050000000000002 10.674244420617205 11.0208712808176 36.350000000000009 6.8500000000000005 15.78232503238903
decision_type=2 2 10 2 2 2 8 10 10 2 2 10 2 2
left_child=1 3 6 -1 -5 -6 -3 -4 -9 -10 -11 13 -13 -12
right_child=-2 2 7 4 5 -7 -8 8 9 10 11 12 -14 -15
leaf_value=0.0010154126995294884 0.0052347739295816789 -0.00010465675459645724 -0.00047507743422579396 -0.00058617757963082414 0.0011183444029132497 -1.3934538960793232e-05 0.00078432476943854574 0.00017274540080184121 -0.0035874216343074758 0.0021849691431055779 -0.0005109024431264981 0.0041728165098104709 -0.0005728658699466993 -4.2711652645860218e-05
leaf_weight=28 23 46 92 82 21 21 28 38 70 31 164 32 35 66
leaf_count=28 23 46 92 82 21 21 28 38 70 31 164 32 35 66
internal_value=-0.000605399 -0.000731127 -0.00105473 0.000549019 -9.60007e-05 0.00265116 0.00104 -0.00134972 -0.00107094 -0.00126316 -0.000984803 -0.00127852 0.000132352 -0.00168831
internal_weight=777 754 602 152 124 42 74 528 436 398 328 297 67 230
internal_count=777 754 602 152 124 42 74 528 436 398 328 297 67 230
is_linear=0
shrinkage=0.03


Tree=341
num_leaves=15
num_cat=0
split_feature=1 0 4 1 7 3 12 6 7 9 4 1 4 3
split_gain=0.571052 1.46001 0.362209 0.35248 0.304943 0.301288 0.543281 0.385834 0.350799 0.222283 0.314182 0.215563 0.162586 0.247895
threshold=13.137315168022965 14.609368405666592 8.6982552639351081 11.484408999165113 5.3500000000000005 9.1222403889648795 1.0000000180025095e-35 7.380480006029317 6.2500000000000009 0.88144907265856365 12.292368375529856 14.637936286036775 1.0000000180025095e-35 8.4730319460816848
decision_type=2 2 2 2 2 2 10 2 2 2 2 2 2 2
left_child=1 2 3 4 -1 6 -2 9 -8 10 -7 -11 13 -5
right_child=5 -3 -4 12 -6 7 8 -9 -10 11 -12 -13 -14 -15
leaf_value=0.0002412739889361847 0.00031410852297224316 0.0010816098787089215 0.00010546975922973377 -0.00028216888429701784 -0.0018057469475427606 -0.00024704378357945746 -0.00062262808082120928 0.00037176720931845922 0.0085033519155177945 -0.0003823187604454046 8.5520161339571993e-06 0.0033968715454629392 -0.0050793605392337026 0.00077932882628123454
leaf_weight=26 30 38 29 65 44 254 107 21 27 22 29 21 40 24
leaf_count=26 30 38 29 65 44 254 107 21 27 22 29 21 40 24
internal_value=-0.000181235 0.00094382 2.62002e-05 -0.000435001 0.0012676 -0.000767579 0.000290908 -0.00126724 -0.000533334 -0.00152294 -0.00182747 0.000477272 -0.00136154 -0.000633334
internal_weight=777 266 228 199 70 511 164 347 134 326 283 43 129 89
internal_count=777 266 228 199 70 511 164 347 134 326 283 43 129 89
is_linear=0
shrinkage=0.03


Tree=342
num_leaves=15
num_cat=0
split_feature=1 13 0 7 13 9 3 4 3 13 7 12 3 1
split_gain=0.471949 0.63495 0.524826 0.356187 0.376074 0.495227 0.446619 0.534128 0.389322 0.504006 1.07746 0.519058 0.40048 0.404628
threshold=11.717996047682638 4.0661731637975382 12.179884021855313 5.3500000000000005 4.309189973592054 -1.0000000180025095e-35 13.039029518713475 11.310441050382765 9.5902192356746792 3.37528983221975 6.4500000000000011 1.0000000180025095e-35 12.646531047360506 13.154072050558062
decision_type=2 8 2 2 10 2 2 2 2 10 2 10 2 2
left_child=1 2 -1 -2 6 -6 7 8 9 10 11 -5 13 -10
right_child=3 -3 -4 4 5 -7 -8 -9 12 -11 -12 -13 -14 -15
leaf_value=-0.00087964922479563223 -0.00061966519826202316 -0.024957381525550597 0.0010372054611547078 0.00041161008845308809 -0.00053331458556012969 0.0018808073800014513 -0.0070301006443018376 0.0003606141140296851 3.4710048802783366e-05 -9.7438416992237721e-05 0.017188888668451325 -0.00072613076988131957 0.0046236769630613019 -0.00047902945147948998
leaf_weight=37 149 21 44 28 21 37 54 31 44 55 21 35 20 175
leaf_count=37 149 21 44 28 21 37 54 31 44 55 21 35 20 175
internal_value=-0.000201812 0.00168932 0.00289024 -0.000491804 -0.00012069 0.00213559 -0.000407328 -6.58544e-05 -0.000379948 0.000878571 0.00232941 0.000328124 -0.0011125 -0.00148636
internal_weight=772 102 81 670 521 58 463 409 378 139 84 63 239 219
internal_count=772 102 81 670 521 58 463 409 378 139 84 63 239 219
is_linear=0
shrinkage=0.03


Tree=343
num_leaves=15
num_cat=0
split_feature=1 13 1 12 0 9 2 9 1 4 7 0 2 9
split_gain=0.637056 0.72154 0.356391 0.313817 0.4677 0.526156 0.522331 0.58072 0.451249 0.419008 0.659715 0.301759 0.269625 0.388187
threshold=11.717996047682638 4.0661731637975382 10.751037653203291 1.5000000000000002 14.440450219725948 -0.67494719543654291 10.729029416456493 0.034878236872063054 13.72490307704015 9.008921551762926 6.2500000000000009 15.05349909658046 11.364318137156067 0.51124928235797451
decision_type=2 8 2 10 2 2 2 2 2 2 2 2 2 2
left_child=1 2 -1 4 5 -2 7 -6 -8 11 -11 -10 13 -5
right_child=3 -3 -4 12 6 -7 8 -9 9 10 -12 -13 -14 -15
leaf_value=0.00010455148636268395 5.2925611344579566e-06 -0.010192562665113251 0.0021299436984938006 0.00030238183727231491 0.001663695073124517 -0.0009273159934240666 0.0039557098133739897 0.00025381731580161645 9.1003762361206711e-05 0.0037137913419741124 -0.0002639700430734814 -0.0051219289136653487 -0.00017688483172114463 -0.0056734530658853703
leaf_weight=37 42 22 40 67 20 105 27 20 20 26 65 84 167 33
leaf_count=37 42 22 40 67 20 105 27 20 20 26 65 84 167 33
internal_value=-0.000405929 0.00183 0.00319231 -0.000735599 -0.000212196 -0.00156081 0.000547528 0.00365854 -2.69065e-05 -0.000535715 0.000945651 -0.00182857 -0.00153358 -0.00029703
internal_weight=775 99 77 676 409 147 262 40 222 195 91 104 267 100
internal_count=775 99 77 676 409 147 262 40 222 195 91 104 267 100
is_linear=0
shrinkage=0.03


Tree=344
num_leaves=15
num_cat=0
split_feature=2 13 2 8 10 0 4 4 10 8 0 8 2 13
split_gain=0.410945 0.36332 0.391113 0.419303 0.569884 0.572141 0.434888 0.623822 0.373474 0.339156 0.686923 0.678522 0.200936 0.518699
threshold=11.134038766038875 3.3277906598632643 11.518526451329047 18.750000000000004 0.13052619222005152 14.477298238986755 11.422772732134169 9.5736203891056277 0.074102141141256975 10.050000000000002 14.688961644750499 13.250000000000002 7.5170110799556467 3.3608817317346471
decision_type=2 8 2 10 2 2 2 2 2 10 2 10 2 8
left_child=9 2 -2 6 5 -5 7 8 -4 10 -1 -11 13 -13
right_child=1 -3 3 4 -6 -7 -8 -9 -10 11 -12 12 -14 -15
leaf_value=-0.0026115344698224093 -0.005339612293496737 -0.00019990321112119052 0.0036516820078016069 -0.0044930553990649357 -0.0011426912126014041 0.0021833318517577218 0.0024889295232034354 -0.00070895271716957817 -0.0005309709968619945 0.00026833025526307072 0.00065938474024727954 0.013660421531687986 -0.00014341082359488539 -0.0040294233099336246
leaf_weight=68 36 195 30 27 70 34 20 26 22 37 38 26 116 20
leaf_count=68 36 195 30 27 70 34 20 26 22 37 38 26 116 20
internal_value=-0.000215405 -0.000780912 -5.63917e-05 0.000404347 -0.000704546 0.00140323 0.00187879 0.000835442 0.00271698 0.000637254 -0.000728973 0.001365 0.000515337 0.00217021
internal_weight=765 460 265 229 131 61 98 78 52 305 106 199 162 46
internal_count=765 460 265 229 131 61 98 78 52 305 106 199 162 46
is_linear=0
shrinkage=0.03


Tree=345
num_leaves=15
num_cat=0
split_feature=0 1 8 9 9 1 0 2 8 4 1 1 2 7
split_gain=0.484258 0.506437 0.375698 0.353135 0.336633 0.400279 0.714534 0.449544 0.327653 0.478608 0.314964 0.371543 0.551734 0.331856
threshold=14.884718308724077 14.883423390723346 40.250000000000007 0.88144907265856365 0.86382728211298232 11.484408999165113 12.179884021855313 6.7098602476484874 6.9500000000000011 7.6912884191548976 12.177186965892833 13.017904528566254 10.580777936291986 6.1500000000000012
decision_type=2 2 8 2 2 2 2 2 10 2 2 2 2 2
left_child=1 2 3 4 5 6 -1 -7 9 -2 -9 12 -12 -13
right_child=8 -3 -4 -5 -6 7 -8 10 -10 -11 11 13 -14 -15
leaf_value=-0.00020159131477819146 0.005105098998981465 0.00023471549046230348 -0.0058640277670642133 -0.0082446417752249576 0.011602157180926553 0.00033580804810599629 0.00074733981504089564 -0.003125755938571713 -0.00016502625385543841 -0.00281847132631368 -0.0045409012854708743 -0.0037512801477425054 0.0011513989132637219 0.00032108593950445755
leaf_weight=31 24 33 29 49 24 20 24 34 306 23 22 79 36 31
leaf_count=31 24 33 29 49 24 20 24 34 306 23 22 79 36 31
internal_value=-5.87475e-05 0.000639224 0.000323683 0.00059829 0.000983443 0.000679855 0.00294643 0.000107623 -0.000872882 0.0014375 -0.000325124 0.000213017 0.00213559 -0.000810812
internal_weight=765 412 379 350 301 277 55 222 353 47 202 168 58 110
internal_count=765 412 379 350 301 277 55 222 353 47 202 168 58 110
is_linear=0
shrinkage=0.03


Tree=346
num_leaves=15
num_cat=0
split_feature=0 0 5 6 2 7 9 2 11 2 9 9 2 8
split_gain=0.626934 0.33696 0.371738 0.242394 0.234492 0.56247 0.622414 0.285335 0.510957 0.430296 1.0104 0.467519 0.342165 0.272222
threshold=9.8019906859244177 12.179884021855313 7.4850506990208254 7.380480006029317 11.106957157700093 6.1500000000000012 0.31062854169311122 13.368459416465091 1.0000000180025095e-35 13.991638871457628 0.25881904510252091 1.0000000180025095e-35 12.843178517469434 10.950000000000001
decision_type=2 2 2 2 2 2 2 2 2 2 2 2 2 10
left_child=-1 -2 4 -4 5 -3 -7 8 12 10 -9 -11 13 -6
right_child=1 2 3 -5 7 6 -8 9 -10 11 -12 -13 -14 -15
leaf_value=0.00011265362590079707 -0.0068478590577874454 4.3162122320811484e-05 -0.00027096089726507045 0.00020825165567570498 0.0019084650427261972 0.0024151358899518476 0.0018950630158065921 -0.005006752823516287 -0.0055933162528219891 0.00020513884168932148 0.0049872191617491594 -0.00029786252951036305 -0.00085223867007506678 1.4989220639695999e-05
leaf_weight=22 52 172 69 22 40 30 22 26 80 20 21 31 25 108
leaf_count=22 52 172 69 22 40 30 22 26 80 20 21 31 25 108
internal_value=8.09709e-05 -7.5105e-05 0.000107945 -0.00166304 0.000390624 0.00114667 0.00384906 -9.37507e-05 -0.000625985 0.00127273 0.0033125 -0.000634616 0.000293103 0.000845637
internal_weight=740 718 666 91 575 224 52 351 253 98 47 51 173 148
internal_count=740 718 666 91 575 224 52 351 253 98 47 51 173 148
is_linear=0
shrinkage=0.03


Tree=347
num_leaves=15
num_cat=0
split_feature=0 8 8 7 5 9 2 0 9 4 9 13 10 9
split_gain=0.471716 0.314576 0.832847 0.378458 0.38151 0.541608 0.339477 0.530699 0.310105 0.844318 0.378902 0.357825 0.206957 0.45078
threshold=9.8019906859244177 8.4500000000000011 7.9000000000000012 5.5500000000000007 1.0000000180025095e-35 -1.0000000180025095e-35 7.5170110799556467 13.897368025316764 0.88144907265856365 8.182483528475343 0.13052619222005182 4.5303322203840546 0.28184167206526584 -0.13052619222005166
decision_type=2 10 10 2 2 2 2 2 2 2 2 8 2 2
left_child=-1 2 3 -2 5 -5 7 -3 10 -10 11 12 -8 -14
right_child=1 6 -4 4 -6 -7 8 -9 9 -11 -12 -13 13 -15
leaf_value=0.00010460725931048305 -0.00023795028547994593 -0.0013743420568250089 0.0002108397258478774 -0.00016676349911427525 -0.00017257284013763352 0.0022250678769971453 4.987163571370179e-05 0.00061562900332298991 -0.00020715844277201828 0.0042675324042357023 -0.00043703612124175705 -0.0069171636272537598 -0.00041557229290020052 0.0085860587404987029
leaf_weight=20 29 37 22 24 26 23 160 21 44 30 211 40 72 20
leaf_count=20 29 37 22 24 26 23 160 21 44 30 211 40 72 20
internal_value=-0.000150001 -0.000272369 0.001104 -5.82531e-05 0.00109459 0.0026875 -0.000542454 0.00162712 -0.000762976 0.00104 -0.00102976 -0.000327646 9.48609e-05 -0.00103226
internal_weight=779 759 124 102 73 47 635 58 577 74 503 292 252 92
internal_count=779 759 124 102 73 47 635 58 577 74 503 292 252 92
is_linear=0
shrinkage=0.03


Tree=348
num_leaves=15
num_cat=0
split_feature=7 13 8 8 2 9 9 0 2 2 2 13 8 9
split_gain=0.410361 0.31548 0.293459 0.903199 0.416586 0.300887 0.265875 0.348437 0.213705 0.185436 0.276091 0.422656 0.332283 0.324606
threshold=7.5500000000000007 3.217286326049194 8.3000000000000025 7.9000000000000012 7.5170110799556467 1.0000000180025095e-35 0.31062854169311122 15.822558721505382 10.580777936291986 10.370668320987154 11.134038766038875 3.1942787607691452 15.850000000000003 0.71170436230560108
decision_type=2 8 10 8 2 2 2 2 2 2 2 10 10 2
left_child=2 -2 3 6 5 -4 7 8 -1 -6 11 -11 -13 -12
right_child=1 -3 4 -5 9 -7 -8 -9 -10 10 13 12 -14 -15
leaf_value=-0.0076656815503253614 6.4980704704607688e-05 4.5334763887967966e-05 -0.00055842583380763652 0.00016101204888728965 -0.0059713645326765147 0.00059716003701390237 -0.00054382567260929417 0.0061457753581756463 0.00043846712919235544 -0.00053503199467359419 -0.00027395719297568005 -1.36111031804205e-05 0.0013091445397752938 0.00011731889598397293
leaf_weight=20 22 28 26 22 84 31 40 21 20 40 289 21 26 73
leaf_count=20 22 28 26 22 84 31 40 21 20 40 289 21 26 73
internal_value=-0.000247383 0.00235294 -0.000432774 0.000895161 -0.000710661 0.0017069 -0.00032353 0.000919354 -0.000731708 -0.000971911 -0.000726667 0.00078409 0.0026875 -0.00109091
internal_weight=763 50 713 123 590 57 101 61 40 533 449 87 47 362
internal_count=763 50 713 123 590 57 101 61 40 533 449 87 47 362
is_linear=0
shrinkage=0.03


Tree=349
num_leaves=15
num_cat=0
split_feature=10 12 10 10 0 4 0 4 0 0 4 4 9 9
split_gain=0.438987 0.401495 0.508688 0.375451 0.350667 0.387277 0.29047 0.626026 0.840326 1.10935 0.347782 0.269057 0.247777 0.276584
threshold=0.99572243068690536 2.5000000000000004 0.25881904510252057 -0.76037701167087501 13.802578286668629 5.0070950122522957 15.815056001003537 9.7443463895533871 14.477298238986755 15.023877298199141 9.1408942207903525 7.91168390765485 -0.33961250367033008 0.93540483100319627
decision_type=2 10 2 2 2 2 2 2 2 2 2 2 2 2
left_child=1 2 3 4 5 -1 7 8 -5 -10 -8 -6 -4 -14
right_child=-2 -3 12 6 11 -7 10 -9 9 -11 -12 -13 13 -15
leaf_value=0.00095444994459565767 0.0025202067684367466 -0.00032610546519501427 -0.00043109535747713258 -0.0002407254647848375 -0.0011785731744081279 -0.0013418363557566909 0.005143536411115859 0.00027296352480465208 0.010274637320741358 -6.6185337713136689e-05 -0.00060170291326456572 0.00014810947487772238 3.4163575435209253e-05 -0.0017229571346437139
leaf_weight=30 20 169 61 76 61 20 30 37 21 27 23 30 135 28
leaf_count=30 20 169 61 76 61 20 30 37 21 27 23 30 135 28
internal_value=7.80163e-06 -0.00011215 0.000263792 0.0009691 -0.000232395 0.00176471 0.00175814 0.00238889 0.001344 0.00440816 -0.000166667 -0.00133696 -0.000853334 -0.000237806
internal_weight=768 748 579 355 141 50 214 161 124 48 53 91 224 163
internal_count=768 748 579 355 141 50 214 161 124 48 53 91 224 163
is_linear=0
shrinkage=0.03


Tree=350
num_leaves=15
num_cat=0
split_feature=0 10 12 9 3 0 7 10 9 12 7 1 0 10
split_gain=0.629927 0.556637 0.350511 0.902826 0.881766 0.414681 0.36766 0.372372 0.507843 0.478806 0.492558 0.554788 0.474433 0.239361
threshold=9.8019906859244177 0.99572243068690536 1.0000000180025095e-35 -0.92304025209086915 12.598603321205756 14.798939390552855 5.0500000000000007 0.14778689904036479 0.44134171618254497 2.5000000000000004 6.4500000000000011 13.415403568452266 13.298671336411319 0.70244862051411394
decision_type=2 2 10 2 2 2 2 2 2 10 2 2 2 2
left_child=-1 2 3 -2 13 6 -4 9 -9 10 11 12 -8 -5
right_child=1 -3 5 4 -6 -7 7 8 -10 -11 -12 -13 -14 -15
leaf_value=9.8547758051599116e-05 0.00047179041038349231 0.0043227109157109329 -0.0064310443094851609 -0.0015844290040889371 0.00064280131219195038 -0.00020211047332347197 -0.0001328654842130195 -0.00037345532886151774 0.0017967548500908079 -0.00033360416831144479 0.0064068148793763689 -0.001658240142349672 0.0009554779565532184 5.5223337984932349e-05
leaf_weight=22 21 24 57 79 20 293 23 58 35 36 39 21 28 27
leaf_count=22 21 24 57 79 20 293 23 58 35 36 39 21 28 27
internal_value=6.50503e-05 -8.26779e-05 -0.000231708 0.00107432 9.44875e-05 -0.000558376 0.000231543 0.000746887 -0.000734043 0.00168243 0.00265179 0.00115068 0.00282692 -0.00100935
internal_weight=783 761 737 147 126 590 297 240 93 147 111 72 51 106
internal_count=783 761 737 147 126 590 297 240 93 147 111 72 51 106
is_linear=0
shrinkage=0.03


Tree=351
num_leaves=15
num_cat=0
split_feature=2 2 13 1 8 8 2 7 8 8 0 2 7 8
split_gain=0.60438 0.485996 0.586519 0.361385 0.492564 0.755458 0.358478 0.357512 0.315061 0.959352 2.26891 0.37536 0.321708 0.313127
threshold=11.182712177033025 12.126071142632371 3.416460622098374 14.637936286036775 25.650000000000002 16.950000000000003 12.590083225196294 5.4500000000000011 10.450000000000001 14.850000000000003 14.003662910928325 10.523609548945293 5.0500000000000007 17.450000000000003
decision_type=2 2 8 2 10 8 2 2 10 10 2 2 2 10
left_child=8 -2 3 6 5 -5 -3 -4 11 10 -10 -1 -11 -14
right_child=1 2 7 4 -6 -7 -8 -9 9 12 -12 -13 13 -15
leaf_value=-0.00054552174252337198 -0.00094728266048985544 0.0039814261968219638 0.003674473072912676 0.00015952723343293359 -2.3288060816446786e-05 0.0084548220238411052 -0.0013804898729120653 -0.00013208059849483837 0.0033375969891944112 0.00065557624917745596 -0.00013795361498219178 0.001300091458774179 -0.0047115094487229451 0.00070634308993811068
leaf_weight=76 173 20 26 45 36 20 51 97 20 35 30 33 30 73
leaf_count=76 173 20 26 45 36 20 51 97 20 35 30 33 30 73
internal_value=-1.9583e-05 -0.000690832 5.0675e-05 0.00117919 0.00232353 0.00386364 -0.000458334 -0.00152419 0.00103691 0.00177778 0.00529412 -0.000245455 0.000474819 -0.000375001
internal_weight=765 468 295 172 101 65 71 123 297 188 50 109 138 103
internal_count=765 468 295 172 101 65 71 123 297 188 50 109 138 103
is_linear=0
shrinkage=0.03


Tree=352
num_leaves=15
num_cat=0
split_feature=2 8 8 4 13 13 3 3 8 8 1 1 1 8
split_gain=0.484576 0.406549 0.706035 0.336695 0.326754 0.32131 0.321113 0.415877 0.304263 0.451403 0.28103 0.224447 0.391841 0.383234
threshold=11.364318137156067 10.050000000000002 14.65 5.9753062463697111 4.5690183866124068 3.6413638888637321 10.224583129681685 1.0000000180025095e-35 8.4500000000000011 6.4150000000000009 12.831759144235951 15.332881265184389 15.568314165558796 10.050000000000002
decision_type=2 10 10 2 10 8 2 2 10 10 2 2 2 10
left_child=1 8 3 -3 5 11 7 10 9 -1 -4 13 -13 -2
right_child=4 2 6 -5 -6 -7 -8 -9 -10 -11 -12 12 -14 -15
leaf_value=-0.00033677426844051886 1.9712382007602702e-05 0.0003239997458457054 -0.00019379727261114671 6.1336017826571216e-05 0.00016891454880640089 -0.00040559422406523908 0.001077752831706551 -0.0035950277573572357 -0.0064297159181289833 0.00039093781497008702 0.0017109891922713061 0.0047234136790750081 -0.00020310066212361709 -0.0002188633151354718
leaf_weight=45 39 37 40 22 21 119 36 78 42 29 20 20 50 182
leaf_count=45 39 37 40 22 21 119 36 78 42 29 20 20 50 182
internal_value=-0.000307299 0.000522856 0.00124359 0.00405 -0.000979167 -0.00116788 0.000274285 -0.00038849 -0.000923078 0.000239999 0.00147541 -0.000626713 0.00084507 -0.0010946
internal_weight=780 349 233 59 431 410 174 138 116 74 60 291 70 221
internal_count=780 349 233 59 431 410 174 138 116 74 60 291 70 221
is_linear=0
shrinkage=0.03


Tree=353
num_leaves=15
num_cat=0
split_feature=2 8 13 13 10 8 9 2 1 7 1 1 7 1
split_gain=0.372146 0.417161 0.455759 0.853787 0.389346 0.586221 0.296462 0.509378 0.364974 0.346589 0.201557 0.199768 0.189417 0.230404
threshold=11.182712177033025 16.350000000000005 3.6685709561006159 4.2706639677473115 -0.70710678118654757 10.450000000000001 -0.5 14.21344193183524 14.25664067995997 5.9500000000000011 13.528879162832235 12.841858717750755 4.6500000000000012 12.205696820552394
decision_type=2 10 10 10 2 10 2 2 2 2 2 2 2 2
left_child=1 2 4 -4 -1 10 7 8 9 -2 -6 -7 -3 -14
right_child=6 12 3 -5 5 11 -8 -9 -10 -11 -12 -13 13 -15
leaf_value=-0.00037684386541160921 0.00035677786540584189 0.0013478878568665953 0.0012852615081688048 -0.0046532910378890369 -0.00039060689346022339 6.8892612428264179e-05 -0.00021776769548029399 0.00018273176037619571 -0.00029002736033711219 -2.9647302913411791e-05 4.7724251782045936e-05 0.0025520492123880531 -0.00015647902154684976 -0.0059745355880431563
leaf_weight=31 22 20 31 27 40 20 335 27 62 22 20 20 55 60
leaf_count=31 22 20 31 27 40 20 335 27 62 22 20 20 55 60
internal_value=-0.000726356 5.53839e-05 0.000963157 0.00315254 -2.2728e-05 0.000891088 -0.00126653 -6.71649e-05 -0.00100935 0.00106667 -0.000983607 0.00365854 -0.00121324 -0.00168104
internal_weight=792 324 189 58 131 100 468 133 106 44 60 40 135 115
internal_count=792 324 189 58 131 100 468 133 106 44 60 40 135 115
is_linear=0
shrinkage=0.03


Tree=354
num_leaves=15
num_cat=0
split_feature=9 12 2 2 8 2 13 4 0 1 1 0 0 1
split_gain=0.491635 0.847984 0.32489 0.421946 0.324135 0.415831 0.265695 0.326569 0.427765 0.280429 0.223374 0.192256 0.399443 0.369176
threshold=-0.88784492709732687 1.0000000180025095e-35 11.06362216610218 10.88876151657943 12.450000000000001 11.815557117078763 3.8088337008098008 5.0070950122522957 14.688961644750499 11.515983281687092 12.59263845812521 14.477298238986755 14.722880896086263 13.683052778955789
decision_type=2 10 2 2 10 2 8 2 2 2 2 2 2 2
left_child=1 -1 3 6 -3 -6 7 8 9 -2 -11 -4 -13 -14
right_child=2 4 11 -5 5 -7 -8 -9 -10 10 -12 12 13 -15
leaf_value=0.00021675874023399498 0.00014942298021099253 -0.00029019638292321137 -0.00099973339734574229 0.0017121491742414811 0.0017218643474063687 -0.0051912531770984616 -0.0064967570995437748 -0.00094930263811465298 0.00088915955483339802 -0.00080743181847613675 0.00023280613902261894 0.019509808928582874 0.0028128196427290408 -0.00022320708594648564
leaf_weight=22 35 27 132 22 20 22 55 57 24 33 34 20 23 248
leaf_count=22 35 27 132 22 20 22 55 57 24 33 34 20 23 248
internal_value=-0.000789678 0.00127174 -0.00106579 -0.000229886 -0.000385715 0.00125581 -0.000602511 -4.89138e-05 0.000803149 -5.82531e-05 -0.00119118 -0.00157783 -0.00114041 -0.00144485
internal_weight=774 91 683 260 69 42 238 183 126 102 67 423 291 271
internal_count=774 91 683 260 69 42 238 183 126 102 67 423 291 271
is_linear=0
shrinkage=0.03


Tree=355
num_leaves=15
num_cat=0
split_feature=10 2 2 13 0 10 0 7 0 0 3 3 10 10
split_gain=0.476339 0.252659 0.48432 0.328286 0.564998 0.585849 0.238842 0.182997 0.153043 0.344964 0.216311 0.774299 0.305765 0.553463
threshold=0.99572243068690536 10.729029416456493 10.425052460378035 3.37528983221975 13.246551078836207 0.25881904510252057 12.853561341113179 7.5500000000000007 12.949469870750768 13.353275297248212 11.247534422660758 11.556291640592596 -0.96047288537312736 -0.99023036236786355
decision_type=2 2 2 8 2 2 2 2 2 2 2 2 2 2
left_child=1 2 3 4 -1 -6 -5 8 -3 -10 12 -12 13 -11
right_child=-2 7 -4 6 5 -7 -8 -9 9 10 11 -13 -14 -15
leaf_value=-0.0049109191960571234 0.005251918736009816 -0.0011278931757630027 0.001022259873621936 0.00099295024624803676 0.00095331724140974557 -6.5166527636751191e-05 -0.0023751016653419132 8.4136414203457268e-06 0.001934350209983538 -0.0082323043793175715 4.3103077646092976e-05 -0.00012132526594064991 -0.00038970865269222037 0.0033890463072690047
leaf_weight=45 21 36 37 22 31 25 67 36 20 20 29 149 190 21
leaf_count=45 21 36 37 22 31 25 67 36 20 20 29 149 190 21
internal_value=-0.000396001 -0.00052675 0.000302631 -0.000314137 0.00085294 0.0028421 -0.00163333 -0.000902391 -0.00106223 -0.000900001 -0.00109024 -0.000301677 -0.00169397 0.000642856
internal_weight=749 728 227 190 101 56 89 501 465 429 409 178 231 41
internal_count=749 728 227 190 101 56 89 501 465 429 409 178 231 41
is_linear=0
shrinkage=0.03


Tree=356
num_leaves=15
num_cat=0
split_feature=9 9 2 2 8 8 7 0 0 9 0 0 7 8
split_gain=0.422666 0.473972 0.343003 0.800226 0.410383 1.23631 0.49166 0.373732 0.496577 0.297357 0.507947 0.746932 0.43956 0.360968
threshold=0.81601195411832983 0.99904836074301928 11.106957157700093 10.927743305653062 10.450000000000001 13.350000000000003 5.0500000000000007 13.599336830295337 14.698368788521629 -0.67494719543654291 14.1147164764156 15.914245429053496 7.3500000000000005 12.050000000000002
decision_type=2 2 2 2 10 10 2 2 2 2 2 2 2 8
left_child=2 -2 3 4 -1 -6 -7 -8 -9 10 -4 -12 13 -11
right_child=1 -3 9 -5 5 6 7 8 -10 12 11 -13 -14 -15
leaf_value=-0.00045123104966983201 -0.0014131259421001666 0.00022087625272711197 8.846048050515875e-05 0.0015704496314343423 0.00041406878871345974 0.00035419955903176617 -0.0060741521938960695 0.0029008315377139593 -0.0034199011351830426 3.2205704105711291e-05 -0.00020414605919697297 2.9242226295614635e-05 2.0502454546523215e-05 -0.0019964893392210312
leaf_weight=76 136 22 23 22 26 34 47 20 27 76 66 32 27 149
leaf_count=76 136 22 23 22 26 34 47 20 27 76 66 32 27 149
internal_value=-0.000279337 -0.00166038 7.18843e-05 0.0009249 0.00038961 0.00127742 4.65109e-05 -0.00107368 0.000812499 -0.000505348 0.000713114 -0.000242425 -0.00109091 -0.00152655
internal_weight=783 158 625 252 230 154 128 94 47 373 121 98 252 225
internal_count=783 158 625 252 230 154 128 94 47 373 121 98 252 225
is_linear=0
shrinkage=0.03


Tree=357
num_leaves=15
num_cat=0
split_feature=3 13 9 13 3 3 0 1 10 0 0 1 1 8
split_gain=0.44578 0.469436 0.406533 0.368575 0.355563 0.302337 0.320161 0.727251 0.317858 0.313732 0.403318 0.42658 0.262328 0.315303
threshold=9.7216802642793514 2.3558523928899047 0.93540483100319627 4.3711168165112104 10.224583129681685 10.553335643304402 16.327743301182625 16.02809892214265 -0.76037701167087501 14.798939390552855 13.555618910192093 13.870171383304024 10.408416927647821 24.550000000000001
decision_type=2 8 2 8 2 2 2 2 2 2 2 2 2 10
left_child=2 -2 3 12 -3 -6 8 -8 -7 10 -10 -12 -1 -14
right_child=1 4 -4 -5 5 6 7 -9 9 -11 11 -13 13 -15
leaf_value=-0.00098534095424401185 1.4801549997992233e-05 -0.0038430610344018204 -0.0088524294391358269 -0.0061757430771779594 0.00027998969524798811 -0.0016050769821135472 0.0033071345038005041 -0.011636878628938254 -0.00027902421192041015 -0.00010571150477383211 0.0010319535086582598 -0.00023185460722716453 0.00057880887347574865 2.4645373275451932e-05
leaf_weight=30 22 56 35 39 26 62 33 21 42 80 20 36 194 59
leaf_count=30 22 56 35 39 26 62 33 21 42 80 20 36 194 59
internal_value=0.000178571 -0.000511279 0.000946927 0.00128173 -0.000763926 -0.000373832 -0.000650848 0.00141818 -0.00112033 -0.000469274 0.000666666 0.00231579 0.00165845 0.00197244
internal_weight=755 398 357 322 376 320 294 54 240 178 98 56 283 253
internal_count=755 398 357 322 376 320 294 54 240 178 98 56 283 253
is_linear=0
shrinkage=0.03


Tree=358
num_leaves=15
num_cat=0
split_feature=8 8 0 0 4 0 0 13 0 2 13 5 0 0
split_gain=0.360195 0.367986 0.80301 0.534618 0.569983 0.387045 0.440522 0.77076 0.400219 0.223042 0.20944 0.208422 0.236298 0.781536
threshold=14.450000000000001 10.050000000000002 13.4165489542986 16.128161472794346 1.0000000180025095e-35 13.555618910192093 15.957393077758846 3.0588254485455386 15.10255548989384 7.5170110799556467 4.5690183866124068 5.7062624254307925 13.770152629167841 12.766868107645456
decision_type=8 10 2 2 2 2 2 10 2 2 8 2 2 2
left_child=1 5 -3 4 -4 -1 7 -7 -9 -2 11 12 13 -11
right_child=9 2 3 -5 -6 6 -8 8 -10 10 -12 -13 -14 -15
leaf_value=-0.00033050251095572894 0.0013148880625684495 0.00032857072217114405 0.00035994060722639037 0.00030988701281892323 -0.00075562480015719711 0.0010831103914011578 -0.0040029929154378691 -0.0013618893254065275 5.7624923566504852e-05 -0.01947867638926306 2.0891800560730673e-05 -0.00098877194494895876 -0.00029821957563728709 0.00077324538123324581
leaf_weight=39 42 20 24 29 52 38 42 44 36 37 36 54 216 52
leaf_count=39 42 20 24 29 52 38 42 44 36 37 36 54 216 52
internal_value=-0.000240158 0.000516922 0.00178571 0.000707546 -0.000623377 -0.000285001 0.00037267 0.00131092 -0.000370371 -0.000801371 -0.00102273 -0.00124167 -0.000931373 0.000366666
internal_weight=761 324 125 105 76 199 160 118 80 437 395 359 305 89
internal_count=761 324 125 105 76 199 160 118 80 437 395 359 305 89
is_linear=0
shrinkage=0.03


Tree=359
num_leaves=15
num_cat=0
split_feature=6 8 5 1 8 2 2 13 13 7 7 0 1 1
split_gain=0.455051 0.47459 0.428989 0.33815 0.74732 0.876987 0.704889 0.245255 0.286232 0.234933 0.224976 0.165011 0.359653 0.212759
threshold=8.0679323707155444 14.65 1.4311004404647345 13.98922316130106 10.050000000000002 10.748244266282402 10.044975896648321 4.3711168165112104 3.6332379010440925 7.6500000000000012 4.8500000000000005 12.766868107645456 11.914748231179766 12.901688725277895
decision_type=2 8 2 2 10 2 2 8 10 2 2 2 2 2
left_child=1 3 9 4 6 -6 -1 8 -5 10 -3 -12 -13 -14
right_child=-2 2 -4 7 5 -7 -8 -9 -10 -11 11 12 13 -15
leaf_value=-0.0036364409369095355 0.00094962713358291728 0.00032630182005092358 -0.00095777056837457694 -0.00017409404828340754 0.00048549643047932995 -0.00010543986444764185 0.00024563078965262572 -0.0043581349348944861 9.2614100930194911e-05 0.004850968889860475 -0.027192284900613251 0.00058220172542557689 -0.001834198219000111 -2.7578584626251872e-05
leaf_weight=59 20 31 71 98 34 22 38 26 31 21 31 26 41 198
leaf_count=59 20 31 71 98 34 22 38 26 31 21 31 26 41 198
internal_value=-6.81825e-05 -0.000193682 -0.000850001 0.000699028 0.0016948 0.00442105 9.1836e-05 -0.000288462 0.000253845 -0.000412608 -0.000612806 -0.000868688 -0.000620301 -0.000987501
internal_weight=747 727 419 308 153 56 97 155 129 348 327 296 265 239
internal_count=747 727 419 308 153 56 97 155 129 348 327 296 265 239
is_linear=0
shrinkage=0.03


Tree=360
num_leaves=15
num_cat=0
split_feature=1 1 9 3 3 1 1 0 7 10 1 3 1 4
split_gain=0.413854 0.672382 0.379152 0.372153 1.06688 0.504917 0.702203 0.26577 0.244316 0.241055 0.276253 0.357661 0.692181 0.290413
threshold=13.096308965802882 12.81764612147 -0.88784492709732687 11.051603775676968 10.224583129681685 11.897083045367252 9.9532426738528574 12.903931217516108 6.1500000000000012 0.13052619222005152 15.332881265184389 11.094983732226657 16.02809892214265 5.0699315863095284
decision_type=2 2 2 2 2 2 2 2 2 2 2 2 2 2
left_child=1 3 8 4 5 6 -1 -8 -2 10 13 -12 -13 -4
right_child=2 -3 9 -5 -6 -7 7 -9 -10 -11 11 12 -14 -15
leaf_value=-0.0020542482179655786 5.2004661588449542e-06 0.00022912128386890133 0.00022339055164180777 -0.005352950782148023 0.0023199593017998337 -0.00042685277496079635 0.0012439478502700777 0.00024724599669022335 0.00012787524875022434 -0.00024926212088168155 -0.00057143375508749447 0.027375273388391519 -0.0037680576973959648 -0.00071144964622758009
leaf_weight=32 37 33 81 25 24 74 32 28 25 223 21 20 23 96
leaf_count=32 37 33 81 25 24 74 32 28 25 223 21 20 23 96
internal_value=0.000100644 0.00110843 -0.000375712 0.00048611 0.000942408 7.18556e-05 0.00154839 0.00344262 0.00180952 -0.000670968 -1.23974e-05 0.00166154 0.00320454 -0.000623596
internal_weight=774 248 526 215 190 166 92 60 62 464 241 64 43 177
internal_count=774 248 526 215 190 166 92 60 62 464 241 64 43 177
is_linear=0
shrinkage=0.03


Tree=361
num_leaves=15
num_cat=0
split_feature=13 13 1 0 0 7 3 3 3 0 3 5 1 13
split_gain=0.482283 0.458079 0.368094 0.925731 0.481708 0.429762 0.527165 0.609486 0.397828 0.393934 0.590327 0.474433 0.285067 0.277964
threshold=2.2998893542373202 2.6600494875419574 13.096308965802882 14.625897820877883 15.851161579887231 4.9500000000000011 2.1383330595080281 8.4730319460816848 11.297381487818138 15.971186044005306 10.402791739036198 7.962029914646962 12.177186965892833 2.7908015742059882
decision_type=8 10 2 2 2 2 2 2 2 2 2 2 2 10
left_child=-1 -2 3 5 13 -3 -7 -8 12 -6 -11 -12 -9 -4
right_child=1 2 4 -5 9 6 7 8 -10 10 11 -13 -14 -15
leaf_value=8.8874265774468138e-05 -0.00039546657380137726 -0.0061348611487101563 0.00014748841919935414 0.0010053160742896506 0.0075217733529720568 0.00026913152015779903 -0.0062455102936618588 0.00096257362966117692 -0.0075421356929006138 -0.0044863289003252435 0.0015837311331089619 -0.0011061891141506944 0.0013695012905889181 -0.00031531773397609644
leaf_weight=30 115 40 22 33 22 36 36 29 22 49 28 23 24 268
leaf_count=30 115 40 22 33 22 36 36 29 22 49 28 23 24 268
internal_value=0.000204369 5.21383e-05 0.000369668 0.00135747 -0.000159807 0.000526595 0.00127703 0.000241071 0.00177632 0.00141463 0.000594059 0.00282692 0.00316667 -0.000824743
internal_weight=777 747 632 220 412 187 147 111 75 122 100 51 53 290
internal_count=777 747 632 220 412 187 147 111 75 122 100 51 53 290
is_linear=0
shrinkage=0.03


Tree=362
num_leaves=15
num_cat=0
split_feature=1 1 13 13 13 1 13 8 8 13 0 3 7 11
split_gain=0.499878 1.31718 0.466396 0.716539 0.458021 0.359522 0.455572 0.228463 0.316714 0.234875 0.295432 0.308422 0.334647 0.299056
threshold=13.096308965802882 12.81764612147 3.6230815368975491 4.0760256726792292 2.3558523928899047 11.869487696749635 3.1164077735376892 34.900000000000006 42.150000000000006 4.334430235496562 16.828813635049467 9.5902192356746792 6.2500000000000009 1.0000000180025095e-35
decision_type=2 2 10 10 8 2 8 10 8 8 2 2 2 2
left_child=1 2 5 -4 -2 6 -1 9 -9 10 11 12 13 -6
right_child=4 -3 3 -5 7 -7 -8 8 -10 -11 -12 -13 -14 -15
leaf_value=0.00030550707798237007 3.5034431791182755e-05 0.00027831089055067431 0.00056563389102794084 -0.003365598683818226 3.9085542754193764e-05 -0.0003367801463373189 -0.0016833753472917463 0.00048788493105092782 -0.00062736400991958994 -0.003796102002152938 0.0027162926442179775 -0.00038665821983632591 0.0064152898946662545 -0.011980427186336021
leaf_weight=41 30 30 37 32 67 77 31 37 36 79 21 209 23 32
leaf_count=41 30 30 37 32 67 77 31 37 36 79 21 209 23 32
internal_value=-0.000122606 0.000987951 0.000164383 0.00218571 -0.000639253 -0.000780001 0.000739725 -0.000855446 0.000689188 -0.00111806 -0.00078187 -0.00100301 0.000195121 -0.000570001
internal_weight=782 248 218 69 534 149 72 504 73 431 352 331 122 99
internal_count=782 248 218 69 534 149 72 504 73 431 352 331 122 99
is_linear=0
shrinkage=0.03


Tree=363
num_leaves=15
num_cat=0
split_feature=0 7 8 3 9 0 8 7 0 13 9 13 13 3
split_gain=0.481483 0.777842 0.68233 0.893425 0.910424 0.826878 0.578419 0.421701 0.6158 0.350199 0.339909 0.300054 0.54034 0.411206
threshold=15.414201147005278 6.7500000000000009 11.050000000000002 10.935830331704402 0.034878236872063054 14.056190221390397 24.350000000000005 5.4500000000000011 13.088791585837088 3.5842350193108952 -0.40462608613327394 2.9436621464645709 3.4525171866393332 11.863652546789583
decision_type=2 2 10 2 2 2 10 2 2 8 2 10 10 2
left_child=2 -2 3 4 9 -6 -3 8 -4 -1 -10 -9 13 -13
right_child=1 6 7 -5 5 -7 -8 11 10 -11 -12 12 -14 -15
leaf_value=-0.0052790658370933715 -0.00020835938207349429 0.0091966954400231043 0.0017212098344850733 8.4017208682340334e-05 3.463281539334253e-05 0.0010836415927221277 -0.00055500667041492153 -0.00089140886917177492 0.00046435812372951248 0.00012996911749151553 -0.00023755073140730516 0.0045732487878573499 -0.00051677044226013417 -0.0064111984181691589
leaf_weight=37 192 29 28 21 33 31 20 90 31 26 51 72 86 24
leaf_count=37 192 29 28 21 33 31 20 90 31 26 51 72 86 24
internal_value=0.000229274 -0.000880166 0.000734463 0.00245638 0.00147656 0.00396923 0.00246 6.26625e-05 0.00162162 -0.00107813 0.000289156 -0.000571429 0.000131147 0.0016701
internal_weight=771 241 530 148 127 64 49 382 110 63 82 272 182 96
internal_count=771 241 530 148 127 64 49 382 110 63 82 272 182 96
is_linear=0
shrinkage=0.03


Tree=364
num_leaves=15
num_cat=0
split_feature=3 1 3 8 0 5 3 8 9 2 2 1 5 2
split_gain=0.45984 0.624655 0.517718 0.419266 0.468542 0.667236 0.381491 0.361319 0.30433 0.613546 0.412728 0.270785 0.258018 0.236574
threshold=10.224583129681685 13.154072050558062 11.051603775676968 20.550000000000004 16.796863756150177 10.073769324186348 9.7216802642793514 5.4500000000000011 1.0000000180025095e-35 7.5170110799556467 11.929231587987511 15.273867046210411 3.8917682337590414 11.706263144334189
decision_type=2 2 2 10 2 2 2 10 2 2 2 2 2 2
left_child=6 2 -2 4 5 11 7 -1 10 -10 -9 12 -3 -11
right_child=1 3 -4 -5 -6 -7 -8 8 9 13 -12 -13 -14 -15
leaf_value=0.00016764666275758606 0.0030258077750658662 8.247216828585783e-05 4.8728216778946097e-05 -0.00045298777273666027 0.0026410547616791407 0.00016846105887782418 -0.0054519183797111142 -0.00057724364143098652 0.00028966884531525554 2.0944671311658526e-05 0.00024155456244759281 -0.0025640821879238727 -0.00056168652928849502 -0.0061345835022783108
leaf_weight=31 28 50 37 137 21 21 57 142 35 109 23 28 27 31
leaf_count=31 28 50 37 137 21 21 57 142 35 109 23 28 27 31
internal_value=-2.6993e-05 0.000779999 0.00340909 0.00016842 0.00127703 0.000566928 -0.000685315 -0.000330646 -0.000615836 0.000255681 -0.00153615 -0.000424529 0.000499999 -0.000638299
internal_weight=777 349 65 284 147 126 428 371 340 175 165 105 77 140
internal_count=777 349 65 284 147 126 428 371 340 175 165 105 77 140
is_linear=0
shrinkage=0.03


Tree=365
num_leaves=15
num_cat=0
split_feature=0 2 7 9 5 7 9 0 9 7 0 7 3 10
split_gain=0.634315 0.353748 0.484639 0.299062 0.280844 0.37226 0.459547 0.652255 0.620576 0.395462 0.340399 0.308716 0.350397 0.274232
threshold=10.920792088380225 7.5170110799556467 4.8500000000000005 0.97014794553715189 3.1002545870213454 5.1500000000000012 -0.33961250367033008 14.1147164764156 -0.97063407339879026 6.0100000000000007 16.42654360107904 6.7500000000000009 12.166576137550491 -0.78387299218671014
decision_type=2 2 2 2 2 2 2 2 2 2 2 2 2 2
left_child=-1 2 -2 4 5 -3 7 -7 -9 -10 11 12 -8 -6
right_child=1 3 -4 -5 13 6 10 8 9 -11 -12 -13 -14 -15
leaf_value=0.0019510922635483441 -0.0028102386312125762 -0.00023554365274786276 0.0006960851997559204 0.00027687583292109103 0.00044725736898568825 0.00010494791765907371 -0.00037646632567771808 0.00043614807862096003 -0.00028535356656758768 0.0001158903303282658 0.0012518865792290879 -0.00080012162644497 0.00083872017104131614 -0.0011039695029290764
leaf_weight=27 28 93 36 39 41 36 157 22 49 38 25 45 24 115
leaf_count=27 28 93 36 39 41 36 157 22 49 38 25 45 24 115
internal_value=0.000173968 8.00997e-06 0.00212308 -0.000192701 -0.000348298 6.12174e-06 0.00040806 0.00174657 0.000572727 -0.000579546 -0.000369048 -0.000740089 -0.000181319 -0.00145223
internal_weight=775 748 64 684 645 489 396 145 109 87 251 226 181 156
internal_count=775 748 64 684 645 489 396 145 109 87 251 226 181 156
is_linear=0
shrinkage=0.03


Tree=366
num_leaves=15
num_cat=0
split_feature=8 7 7 7 8 5 4 1 4 2 8 8 2 8
split_gain=0.374243 0.448411 0.673758 0.424602 0.749115 0.455647 0.648611 0.369682 0.390302 0.329304 0.313123 0.825819 0.56051 0.551534
threshold=43.850000000000001 7.6500000000000012 7.0500000000000007 6.5500000000000007 15.500000000000002 6.8322144569127135 10.411195917600601 15.484819870015107 9.1214069202205419 13.368459416465091 13.15 10.050000000000002 11.298323257794562 8.4500000000000011
decision_type=8 2 2 2 10 2 2 2 2 2 10 10 2 10
left_child=1 2 3 5 -5 6 7 8 9 10 11 13 -13 -1
right_child=-2 -3 -4 4 -6 -7 -8 -9 -10 -11 -12 12 -14 -15
leaf_value=0.00016758827925761598 -0.000422939809078793 0.0011620056010781257 -0.00049819278162427328 0.00080097831275697921 -7.236528825634577e-05 -0.0089294343595913879 0.0032467468808199114 -0.007060096900464153 -0.0012706155086625564 0.00029774711455647288 -0.00010671939346467937 0.00056255891473310513 0.00036546125913441269 -0.0008405546916126701
leaf_weight=83 45 29 66 37 48 35 25 29 27 25 216 28 22 48
leaf_count=83 45 29 66 37 48 35 25 29 27 25 216 28 22 48
internal_value=0.000341622 0.00050904 0.000352173 0.000658653 0.00261628 0.000345083 0.00057738 0.000325678 0.000539999 0.000765957 0.000550251 0.00146703 0.00470588 0.000204545
internal_weight=763 718 689 623 85 538 503 478 449 422 397 181 50 131
internal_count=763 718 689 623 85 538 503 478 449 422 397 181 50 131
is_linear=0
shrinkage=0.03


Tree=367
num_leaves=15
num_cat=0
split_feature=1 13 0 0 8 7 7 7 1 2 1 13 10 2
split_gain=0.636411 0.511767 0.612034 0.425606 0.449214 0.525196 0.407552 0.339929 0.279724 0.47162 0.250715 0.22464 0.211987 0.479419
threshold=13.196700377191563 4.3711168165112104 14.625897820877883 14.24234630107054 23.350000000000005 4.9500000000000011 6.2500000000000009 5.5500000000000007 16.174349518957104 14.45054107601125 11.222449956545624 2.2473999400211775 -0.9141673389828272 12.57572110673229
decision_type=2 8 2 2 10 2 2 2 2 2 2 10 2 2
left_child=1 2 3 4 5 -1 10 -6 11 -10 -7 -2 13 -13
right_child=8 -3 -4 -5 7 6 -8 -9 9 -11 -12 12 -14 -15
leaf_value=-0.0027074041157429856 0.00035086702319523397 -0.0022395639432304551 0.00078487158199237175 -0.0023524950728345323 0.00042683136131879988 0.00018059090921856497 0.00010046925303174398 -0.0050101854669310775 0.00024456873738775878 -0.00023576156934861496 0.0011327156273071156 0.0055784816898024683 -0.00026291709288983069 -0.0026501173736682279
leaf_weight=20 33 24 36 22 35 20 29 49 30 24 28 45 345 24
leaf_count=20 33 24 36 22 35 20 29 49 30 24 28 45 345 24
internal_value=2.35287e-05 0.00121591 0.0016375 0.000985293 0.00146703 0.00284694 0.00396154 -0.000141177 -0.000603586 0.00141818 0.00563265 -0.000850447 -0.00104096 0.000471428
internal_weight=764 263 239 203 181 97 77 84 501 54 48 447 414 69
internal_count=764 263 239 203 181 97 77 84 501 54 48 447 414 69
is_linear=0
shrinkage=0.03


Tree=368
num_leaves=15
num_cat=0
split_feature=1 2 10 4 13 0 2 2 1 4 0 2 0 13
split_gain=0.594442 1.12158 1.56662 1.17355 0.600094 0.277506 0.397619 0.264425 0.39847 0.333507 0.558892 0.27709 0.679431 0.264249
threshold=13.096308965802882 10.343795435816476 0.62577451934763018 7.7699547862938187 2.3558523928899047 16.796863756150177 12.815878007750067 11.182712177033025 13.528879162832235 6.6296105533160494 14.735977770574722 14.21344193183524 15.16110072400312 3.0790922744843354
decision_type=2 2 2 2 8 2 2 2 2 2 2 2 2 8
left_child=1 13 3 -3 -2 7 -7 8 -6 10 -10 -9 -13 -1
right_child=4 2 -4 -5 5 6 -8 11 9 -11 -12 12 -14 -15
leaf_value=0.00017414480833195247 0.00012791677661675317 -0.00010732923628703265 0.0036018700012210398 0.00058782644611486191 -0.00018847359731147099 -0.00052368736506949417 0.0027525662164459741 -0.00074709598442229425 -0.0071359471296402882 -0.014327214360552452 0.001626909958102286 0.0002026149061453903 -0.0046824969484358658 -0.0010583664320168505
leaf_weight=52 27 47 25 30 28 21 20 291 20 24 34 26 27 90
leaf_count=52 27 47 25 30 28 21 20 291 20 24 34 26 27 90
internal_value=-0.000165138 0.00105306 0.00343689 0.00126923 -0.000739885 -0.000981708 0.00135714 -0.00119734 0.000112149 0.00121519 0.00250909 -0.0016 0.000388888 -0.000671329
internal_weight=762 244 102 77 518 491 41 450 106 78 54 344 53 142
internal_count=762 244 102 77 518 491 41 450 106 78 54 344 53 142
is_linear=0
shrinkage=0.03


Tree=369
num_leaves=15
num_cat=0
split_feature=8 13 13 10 3 2 2 13 1 7 13 13 3 7
split_gain=0.338121 0.291456 0.606632 0.714296 0.399745 0.415585 0.371612 0.273486 0.252762 0.28981 0.280341 0.287471 0.314316 0.688163
threshold=4.6500000000000012 3.897711265566699 3.6332379010440925 0.24188504972319264 12.841402511942185 11.134038766038875 10.425052460378035 2.3558523928899047 15.476465408796249 7.1500000000000012 3.5593784658908576 2.7046638279755322 10.989704399411503 6.4500000000000011
decision_type=10 8 10 2 2 2 2 10 2 2 10 10 2 2
left_child=-1 2 7 -4 5 6 -3 -2 9 10 11 -9 13 -13
right_child=1 4 3 -5 -6 -7 -8 8 -10 -11 -12 12 -14 -15
leaf_value=-0.0065012814956038646 6.3442883223561921e-05 -0.0033937690509277902 0.0004079094419406132 -0.0042377636327771894 0.00038562175188257644 -0.0034479073846311048 0.0013506223002709978 -0.0003115674184998125 0.0024678625143875364 -0.00080164029218172147 -0.0042724717431818944 0.00021347113223215862 -0.0022726540721404159 0.006741583568905243
leaf_weight=35 31 41 37 26 20 83 24 53 41 54 28 186 68 33
leaf_count=35 31 41 37 26 20 83 24 53 41 54 28 186 68 33
internal_value=-7.88443e-05 6.19828e-05 0.000392472 0.00314062 -0.00102959 -0.00157047 0.000227272 3.63629e-05 -0.000148708 -0.000368795 -6.50414e-05 0.000175952 0.000552083 0.00110454
internal_weight=760 725 557 63 168 148 65 494 463 422 368 340 287 219
internal_count=760 725 557 63 168 148 65 494 463 422 368 340 287 219
is_linear=0
shrinkage=0.03


Tree=370
num_leaves=15
num_cat=0
split_feature=13 10 1 5 9 9 13 13 2 2 4 3 13 10
split_gain=0.434447 0.35658 0.374232 0.336829 0.284692 0.300898 0.28737 0.700708 0.287111 0.434031 0.675039 0.462853 0.281036 0.716172
threshold=2.2184172532748758 -0.99023036236786355 16.174349518957104 6.8322144569127135 0.97014794553715189 0.88144907265856365 3.616104401834237 3.7106704414636473 8.5339892966668902 11.364318137156067 2.9830733695618465 10.855150160750037 3.0101386585394425 0.75023006073889131
decision_type=10 2 2 2 2 2 10 10 2 2 2 2 10 2
left_child=-1 -2 3 4 5 6 12 -8 -9 10 -10 -11 13 -3
right_child=1 2 -4 -5 -6 -7 7 8 9 11 -12 -13 -14 -15
leaf_value=-0.0020280731139294375 -0.00620328724291388 0.00021671235375416147 0.00028480536616739199 -0.00018588802146965331 0.00045829452144079239 -0.0078036413875579797 0.0022941419145021615 -0.0021689523518499221 0.0006410005103184499 -0.0043089885683818205 -5.4232668495699103e-05 8.8175159956159241e-05 -3.4190664889002257e-05 -0.0013379377815048528
leaf_weight=54 28 111 37 80 27 50 21 27 27 28 22 34 198 41
leaf_count=54 28 111 37 80 27 50 21 27 27 28 22 34 198 41
internal_value=0.000171755 0.000364753 0.000498579 0.000332833 0.000582623 0.000433928 0.00065294 0.00170625 0.000906474 0.00158036 0.00366 -9.52388e-05 0.000170939 0.00113725
internal_weight=785 731 703 666 586 559 509 159 138 111 49 62 350 152
internal_count=785 731 703 666 586 559 509 159 138 111 49 62 350 152
is_linear=0
shrinkage=0.03


Tree=371
num_leaves=15
num_cat=0
split_feature=13 9 3 8 0 1 10 8 1 7 1 0 0 13
split_gain=0.586034 0.278135 0.606432 0.517903 0.465088 0.663911 0.424306 0.535004 0.298086 0.333936 0.302317 0.278484 0.372037 0.485226
threshold=2.2473999400211775 0.71170436230560108 5.6758969040294156 10.65 14.026200017681296 13.076813198341064 -0.76037701167087501 24.950000000000003 15.476465408796249 6.4500000000000011 14.101399279872604 14.496816363078841 13.057968606677434 3.607759254555984
decision_type=8 2 2 10 2 2 2 10 2 2 2 2 2 10
left_child=-1 2 3 -2 -3 -6 -5 -8 9 10 -7 12 -4 -14
right_child=1 4 11 6 5 8 7 -9 -10 -11 -12 -13 13 -15
leaf_value=0.00026283962631361003 -7.5819839111486716e-05 -0.00025156300757032957 -0.0013728160019204011 -0.00014470961715424389 0.00055950754205842852 -0.016218732545143388 0.00045514827325942718 0.00019793765809711792 0.0025829292620977522 -0.0029369429882664926 0.0044282748973993253 -0.00022666764624484546 3.531163796251432e-05 9.6807978568475963e-05
leaf_weight=22 47 59 63 31 20 25 25 37 20 21 20 274 74 21
leaf_count=22 47 59 63 31 20 25 25 37 20 21 20 274 74 21
internal_value=0.000240789 9.34952e-05 -0.000219896 0.00148936 0.0011747 0.00235514 0.0027766 0.00419048 0.00117241 0.000179104 0.00163043 -0.000775982 0.000226414 0.00140625
internal_weight=759 737 572 140 165 106 93 62 86 66 45 432 158 95
internal_count=759 737 572 140 165 106 93 62 86 66 45 432 158 95
is_linear=0
shrinkage=0.03


Tree=372
num_leaves=15
num_cat=0
split_feature=13 10 7 13 4 7 10 7 13 7 2 10 10 9
split_gain=0.635454 0.336404 0.29631 0.190734 0.206291 0.394331 0.613569 0.38046 0.366405 0.310291 0.536812 1.30067 0.527772 0.316702
threshold=2.2473999400211775 -0.99023036236786355 7.6500000000000012 2.4034681011121268 5.0699315863095284 6.5500000000000007 0.41248606129204551 7.0500000000000007 4.3711168165112104 5.1500000000000012 11.06362216610218 0.60876142900872032 -0.78387299218671014 -0.70710678118654735
decision_type=8 2 2 10 2 2 2 2 10 2 2 2 2 2
left_child=-1 -2 3 -3 8 -6 7 -7 9 -5 11 12 -11 -12
right_child=1 2 -4 4 5 6 -8 -9 -10 10 13 -13 -14 -15
leaf_value=0.00021235348347364597 -0.0059831130740260084 -0.00046662357843627028 0.00042583524853873268 -4.8739955505139632e-05 -0.00014241922195337806 0.00065712522926185976 -0.00083669739629238212 -0.00013808431111793259 -0.0027602125081136481 0.00088118026191666562 3.8170670832774999e-05 0.003681273065841666 -4.999664772941443e-05 -0.00011258899553793951
leaf_weight=27 33 50 36 110 168 46 40 39 37 22 23 20 40 85
leaf_count=27 33 50 36 110 168 46 40 39 37 22 23 20 40 85
internal_value=0.000169883 3.99929e-06 0.000142259 -7.14205e-10 0.00014263 -0.000438776 0.000833333 0.00226744 0.000647928 0.000996677 0.00172775 0.00354217 0.00133333 0.000330275
internal_weight=776 749 716 680 630 293 125 85 337 300 190 82 62 108
internal_count=776 749 716 680 630 293 125 85 337 300 190 82 62 108
is_linear=0
shrinkage=0.03


Tree=373
num_leaves=15
num_cat=0
split_feature=0 7 13 9 2 2 10 2 13 1 12 13 8 13
split_gain=0.370565 0.388198 0.325867 0.455313 0.505133 0.797694 0.879911 0.65852 0.446612 0.498674 0.314562 0.481863 0.353958 0.464373
threshold=9.8019906859244177 7.6500000000000012 3.3561661032022831 -0.70710678118654735 11.172134920831553 13.368459416465091 -0.76037701167087501 9.1420011737795033 3.6230815368975491 13.137315168022965 1.5000000000000002 2.2473999400211775 9.4500000000000011 3.0173076496044242
decision_type=2 2 10 2 2 2 2 2 10 2 10 10 10 10
left_child=-1 2 10 -4 7 -6 -7 -5 -9 -10 11 -2 13 -13
right_child=1 -3 3 4 5 6 -8 8 9 -11 -12 12 -14 -15
leaf_value=0.00057672744935571613 0.0011343251356777798 0.00041306022689363705 -0.00011406088533784325 -7.4120842304127637e-06 -0.0030873670256879584 -0.0005830584535291176 0.0006179182226817119 0.00030210636686261284 0.0017209806732723589 0.00044191314656047843 -0.00068749346518927118 0.00077848103526771413 -0.0001934061592096627 -5.5142758163323987e-05
leaf_weight=20 26 26 59 40 83 20 27 21 20 23 58 34 299 22
leaf_count=20 26 26 59 40 83 20 27 21 20 23 58 34 299 22
internal_value=0.0003543 0.000245059 0.000114597 0.000887754 0.00148085 0.000229007 0.0033125 0.00302857 0.00489231 0.00661364 -0.000402273 -8.63881e-05 -0.000379214 0.00178947
internal_weight=778 758 732 293 234 130 47 104 64 43 439 381 355 56
internal_count=778 758 732 293 234 130 47 104 64 43 439 381 355 56
is_linear=0
shrinkage=0.03


Tree=374
num_leaves=15
num_cat=0
split_feature=6 2 1 1 7 13 7 3 2 1 10 1 13 1
split_gain=0.434122 0.367814 0.518085 0.769242 1.23027 0.63227 0.491041 0.363458 0.393874 0.779029 0.336541 0.292602 0.262769 0.236026
threshold=0.54930614433405489 9.1420011737795033 13.076813198341064 12.634404307685591 6.0100000000000007 3.3679762682953696 6.9500000000000011 7.0585451790284255 13.368459416465091 14.65583779845973 -0.70710678118654757 13.974207446901717 3.616104401834237 13.974207446901717
decision_type=2 2 2 2 2 10 2 2 2 2 2 2 10 2
left_child=1 -1 3 5 -5 -3 7 10 13 -10 -4 -12 -11 -9
right_child=-2 2 6 4 -6 -7 -8 8 9 12 11 -13 -14 -15
leaf_value=-0.00023824061561683306 -0.0022131265975706368 -0.0002509205371266747 -0.00038068929289302789 0.00018431960218135156 0.00043372073641833204 0.0017127949603340923 -0.00032371508244467346 0.00015320379123711766 0.0037018782438273867 -0.00043424981366805236 6.8500634121542275e-05 0.00062893627760209438 0.00034117045105454697 -0.00019257435971734669
leaf_weight=117 48 61 22 28 21 39 64 81 20 35 20 25 26 159
leaf_count=117 48 61 22 28 21 39 64 81 20 35 20 25 26 159
internal_value=0.000406779 0.000592489 0.000892026 0.00242 0.00546 0.000891088 0.000384105 0.000786632 0.000363353 0.00215854 0.00277941 0.00423913 0.000435483 -0.000248963
internal_weight=766 718 601 149 49 100 452 388 321 81 67 45 61 240
internal_count=766 718 601 149 49 100 452 388 321 81 67 45 61 240
is_linear=0
shrinkage=0.03


Tree=375
num_leaves=15
num_cat=0
split_feature=2 2 10 8 8 2 13 1 1 3 10 1 8 8
split_gain=0.451372 0.820781 1.02899 0.914517 0.896423 0.769504 0.766099 0.307675 0.421037 0.294339 0.394789 0.255095 0.2946 1.03673
threshold=10.044975896648321 11.364318137156067 -0.33125622319804088 8.9500000000000011 12.950000000000001 10.684015795611733 3.5593784658908576 12.640822240966397 13.096308965802882 1.3195286648076296 0.25881904510252057 13.470732672437043 34.550000000000004 39.95000000000001
decision_type=2 2 2 10 10 2 10 2 2 2 2 2 8 10
left_child=9 2 6 -4 -5 -6 -2 -3 -9 10 -1 -10 -13 -14
right_child=1 7 3 4 5 -7 -8 8 11 -11 -12 12 13 -15
leaf_value=0.00017584790333558288 -0.00066640458919019977 -0.01811421136192936 0.0016721793566357077 -0.011223706582214211 -0.0023320958904261523 0.0048664735369544701 0.00052735904948873747 0.00078021768526229747 -0.0095406858649644127 -0.0017343369571634838 -0.0068095358669862651 -1.8696344474025326e-05 0.0070534215154108128 -0.00033859536221174266
leaf_weight=62 42 31 27 20 21 35 21 20 26 73 28 285 24 35
leaf_count=62 42 31 27 20 21 35 21 20 26 73 28 285 24 35
internal_value=0.00023968 0.00062755 0.00240718 0.00424038 0.00249351 0.00442105 -0.000609376 -7.81998e-05 0.000153452 -0.00115244 -7.07396e-10 -8.08632e-05 0.00013913 0.00205
internal_weight=750 587 166 103 76 56 63 421 390 163 90 370 344 59
internal_count=750 587 166 103 76 56 63 421 390 163 90 370 344 59
is_linear=0
shrinkage=0.03


Tree=376
num_leaves=15
num_cat=0
split_feature=1 1 8 1 1 12 4 7 10 3 3 10 12 2
split_gain=0.563112 0.976137 0.634166 0.485025 0.541297 0.919943 0.478714 0.46496 0.730335 0.814075 0.454518 0.293838 0.410652 0.370353
threshold=13.096308965802882 12.675288307114183 16.950000000000003 13.470732672437043 14.004763451491831 1.0000000180025095e-35 5.0699315863095284 6.1500000000000012 -0.82968937203783677 6.7690354264633781 6.2412381778426349 0.41248606129204551 1.5000000000000002 11.535626438014353
decision_type=2 2 10 2 2 10 2 2 2 2 2 2 10 2
left_child=1 7 -3 -2 5 -5 10 8 -1 -10 -7 12 13 -6
right_child=3 2 -4 4 11 6 -8 -9 9 -11 -12 -13 -14 -15
leaf_value=0.0011856523491027618 -0.0069925756155267728 0.00034191462935844868 0.00010616091317181426 0.0015301937961858434 0.014451151243999495 -0.0044812620000190071 -0.0027582565453752685 -0.0048137226198333508 -0.00058749027929063345 0.0009847274965616771 0.0071601691039126945 -0.00044360784733913901 -9.530448727624814e-05 1.6392266852606376e-05
leaf_weight=26 53 22 29 23 23 23 36 74 72 32 20 131 104 111
leaf_count=26 53 22 29 23 23 23 36 74 72 32 20 131 104 111
internal_value=0.000311538 0.00146484 0.00513461 -0.000251429 5.72027e-05 0.00198058 0.000412499 0.000526829 0.00160305 0.000457142 0.00252273 -0.000478379 0.000150627 0.00124444
internal_weight=779 255 51 524 471 102 79 204 130 104 43 369 238 134
internal_count=779 255 51 524 471 102 79 204 130 104 43 369 238 134
is_linear=0
shrinkage=0.03


Tree=377
num_leaves=15
num_cat=0
split_feature=1 1 0 9 3 0 0 3 13 13 10 13 5 0
split_gain=0.652561 0.752988 0.985779 0.398796 0.680602 0.333122 0.779437 0.348739 0.309158 0.443688 0.297823 0.265107 0.256906 0.239091
threshold=13.196700377191563 12.59263845812521 14.477298238986755 -0.5 6.2412381778426349 13.722083543606413 12.484909304156707 1.0000000180025095e-35 3.616104401834237 2.3612734380892113 -0.33125622319804088 4.309189973592054 10.073769324186348 15.78232503238903
decision_type=2 2 2 2 2 2 2 2 10 10 2 10 2 2
left_child=1 5 10 4 -2 6 -1 -8 9 -6 -3 12 -5 -13
right_child=3 2 -4 11 8 -7 7 -9 -10 -11 -12 13 -14 -15
leaf_value=-0.0010927609376380199 0.010088371767333681 0.00029953805194388145 0.00042558029751411718 -0.00095616769983461729 0.00038925003679136602 -0.0010447121823623279 -0.00014695247112409647 0.0017682705466095113 0.00039317077421292172 -0.00040598105988993446 -0.00013125252522795355 -1.4200323620281971e-05 0.002235005578222306 0.00034171706007814928
leaf_weight=70 20 27 30 286 20 55 25 36 26 70 37 20 28 25
leaf_count=70 20 27 30 286 20 55 25 36 26 70 37 20 28 25
internal_value=1.93292e-05 0.00117438 0.00334737 -0.000635081 0.000744525 6.41704e-05 0.000886363 0.00333871 -0.000153847 -0.000989012 0.0012 -0.00115833 -0.00146667 0.00097826
internal_weight=775 280 94 495 136 186 131 61 116 90 64 359 314 45
internal_count=775 280 94 495 136 186 131 61 116 90 64 359 314 45
is_linear=0
shrinkage=0.03


Tree=378
num_leaves=15
num_cat=0
split_feature=2 2 11 1 9 13 13 7 13 8 7 7 12 8
split_gain=0.653191 0.58936 0.89057 0.81669 0.795256 0.469846 0.464056 0.605613 0.773115 0.442361 0.37617 0.325187 0.30771 0.361693
threshold=11.364318137156067 10.044975896648321 1.0000000180025095e-35 13.017904528566254 -0.70710678118654735 3.6685709561006159 2.9799202416531383 4.9500000000000011 4.2706639677473115 15.750000000000002 7.6500000000000012 6.7500000000000009 1.5000000000000002 12.450000000000001
decision_type=2 2 2 2 2 10 10 2 10 10 2 2 10 10
left_child=1 6 4 -4 -3 -6 -1 -8 9 -9 11 12 -2 -14
right_child=10 2 3 -5 5 -7 7 8 -10 -11 -12 -13 13 -15
leaf_value=-0.0011546695297576257 4.6164371794577188e-05 0.00042280134909281536 0.0038715551999599111 0.00059316307955594697 -0.00498300927214542 0.00053625178781298419 -0.0040778498219775179 0.0011979176872003192 -0.0062700554821652826 0.00033588981257559765 0.00016072916754382381 -0.00018884931670045213 0.0001799375439022747 -0.0046416449543925428
leaf_weight=53 173 36 23 38 55 20 39 36 20 35 25 96 54 67
leaf_count=53 173 36 23 38 55 20 39 36 20 35 25 96 54 67
internal_value=0.000194552 0.00113764 0.00239306 0.00527419 0.000776785 -0.000986843 -4.89138e-05 0.00091603 0.00225 0.00370833 -0.000612981 -0.00084399 -0.000345763 -0.0015
internal_weight=770 355 172 61 111 75 183 130 91 71 415 390 294 121
internal_count=770 355 172 61 111 75 183 130 91 71 415 390 294 121
is_linear=0
shrinkage=0.03


Tree=379
num_leaves=15
num_cat=0
split_feature=1 1 0 8 0 7 7 13 4 4 2 8 13 13
split_gain=0.386498 0.823107 1.03325 0.70146 0.454383 0.620493 0.908096 0.510417 0.273334 0.489525 0.345458 0.234463 0.220317 0.575866
threshold=13.196700377191563 12.59263845812521 14.609368405666592 27.850000000000005 13.722083543606413 5.5500000000000007 4.8500000000000005 3.4061152144831728 11.922958727237182 11.310441050382765 14.21344193183524 15.750000000000002 2.8888307077117577 2.9679125553228172
decision_type=2 2 2 10 2 2 2 10 2 2 2 10 8 8
left_child=1 4 3 11 5 6 -1 -7 9 10 12 -3 -2 -14
right_child=8 2 -4 -5 -6 7 -8 -9 -10 -11 -12 -13 13 -15
leaf_value=-0.00048349951471088386 -0.00046103307411213132 4.6110630109164875e-05 0.00022579596433775257 0.00020499181904693413 -0.00068858401969113046 -0.01070320029576168 0.0014419022394771368 0.00074955065814676558 -8.7044658565646111e-05 0.0010793447918043893 0.00014071112917119828 -0.0059351363597153631 0.0020946418848832721 -0.00012603125740285814
leaf_weight=21 104 20 26 20 56 45 31 29 55 20 32 24 25 267
leaf_count=21 104 20 26 20 56 45 31 29 55 20 32 24 25 267
internal_value=5.7989e-05 0.000967032 0.0032967 0.0012 -0.000196722 0.000803149 0.00328302 -0.000960001 -0.000434525 -0.000187083 -0.000405595 -0.000933334 -0.000649875 -0.000225257
internal_weight=775 272 90 64 182 126 52 74 503 448 428 44 396 292
internal_count=775 272 90 64 182 126 52 74 503 448 428 44 396 292
is_linear=0
shrinkage=0.03


Tree=380
num_leaves=15
num_cat=0
split_feature=1 7 8 5 13 8 0 2 8 9 13 7 1 0
split_gain=0.470599 0.558782 0.650935 0.726762 0.899571 0.921782 0.345237 0.325014 0.565608 0.569053 0.360046 0.317422 0.315397 0.541142
threshold=14.004763451491831 4.9500000000000011 16.050000000000004 4.9249642677207834 3.5337880743049688 9.4500000000000011 14.477298238986755 12.507560469223685 18.450000000000003 0.19066188855616564 3.4956560387578528 5.7500000000000009 13.076813198341064 13.221258216867211
decision_type=2 2 10 2 8 10 2 2 8 2 8 2 2 2
left_child=1 -1 3 4 6 -6 -3 -2 9 10 -9 -4 13 -13
right_child=7 2 11 -5 5 -7 -8 8 -10 -11 -12 12 -14 -15
leaf_value=-0.0056827905770560593 -0.0008916040232596885 -0.00024840203499258858 0.00011424747120020966 0.00030426839009289712 0.00061566114791182611 0.0004731007924245149 0.00038991597614393241 0.0017655134423173429 -0.00021598083779687547 -1.3181110306902135e-05 0.00010128430968214439 -0.0072914553253271737 -0.0032017468343660082 0.00063066015677568077
leaf_weight=71 155 32 73 22 33 33 34 20 113 47 20 43 45 20
leaf_count=71 155 32 73 22 33 33 34 20 113 47 20 43 45 20
internal_value=-3.93772e-06 0.000692874 0.00120536 0.00263226 0.0017594 0.00420895 -0.000716419 -0.000800563 -7.11697e-10 0.00180682 0.00439024 -1.64842e-05 -0.00104587 0.000328124
internal_weight=761 406 335 154 132 66 66 355 200 87 40 181 108 63
internal_count=761 406 335 154 132 66 66 355 200 87 40 181 108 63
is_linear=0
shrinkage=0.03


Tree=381
num_leaves=15
num_cat=0
split_feature=1 2 8 4 3 9 0 12 8 3 9 3 5 1
split_gain=0.520947 0.698974 0.857275 0.848733 1.0175 0.620521 0.486317 0.931584 0.376618 0.626146 0.298154 0.28206 0.252462 0.300247
threshold=14.004763451491831 10.343795435816476 18.750000000000004 8.5788440147855436 9.6705788083499247 0.25881904510252091 14.20607583823587 1.5000000000000002 34.900000000000006 10.23703692671762 -0.25881904510252113 7.5909278755257086 1.4311004404647345 15.332881265184389
decision_type=2 2 10 2 2 2 2 10 10 2 2 2 2 2
left_child=1 5 3 4 11 -1 7 -7 10 -10 -4 -3 -2 -14
right_child=12 2 8 -5 -6 6 -8 -9 9 -11 -12 -13 13 -15
leaf_value=-0.0023679615684137571 2.4071284047096869e-05 0.00017105173503182707 3.102848769380754e-05 0.00023865818834705493 -2.007167523102035e-05 -0.0018521092319811695 0.0005710540874405653 0.0012497997668433345 -0.0024969709922152438 0.00075454716959881681 -0.00064806703036985062 0.0019094705029707828 -0.0011872108619742883 4.5411809414316865e-05
leaf_weight=99 233 26 23 24 28 32 20 22 25 22 55 29 60 59
leaf_count=99 233 26 23 24 28 32 20 22 25 22 55 29 60 59
internal_value=0.000486807 0.00121921 0.00229184 0.00425 0.00275 -0.000224139 0.00184 0.000327272 0.000595237 0.0026875 -0.000683545 0.00508929 -0.000356941 -0.001475
internal_weight=757 405 232 107 83 173 74 54 125 47 78 55 352 119
internal_count=757 405 232 107 83 173 74 54 125 47 78 55 352 119
is_linear=0
shrinkage=0.03


Tree=382
num_leaves=15
num_cat=0
split_feature=1 2 13 13 2 12 9 1 10 13 13 13 2 1
split_gain=0.939573 0.544701 0.657213 1.1957 0.406717 0.432837 0.469717 0.371097 0.441528 0.356523 0.2605 0.404669 0.362971 0.484722
threshold=13.578962822258948 10.044975896648321 3.6855038965541724 3.3679762682953696 10.88876151657943 1.0000000180025095e-35 -0.33961250367033008 12.81764612147 -0.82968937203783677 3.9487826419798422 3.416460622098374 3.3256126436234568 12.82566740907339 14.883423390723346
decision_type=2 2 8 10 2 10 2 2 2 10 8 10 2 2
left_child=1 7 3 4 -3 -6 -7 8 -1 -4 11 12 13 -2
right_child=10 2 9 -5 5 6 -8 -9 -10 -11 -12 -13 -14 -15
leaf_value=0.0012110723560452654 -0.00012987040145385305 0.00040154508684829972 -0.018031718742349181 0.001460103263054006 -0.005597471419589997 0.0038211686425977053 -2.5105613828921439e-05 9.0194809945050208e-05 -0.0012382591170194599 0.00028985914714423159 -0.00044335080996756032 0.010129846607399948 -0.00018816361168378721 0.01343574328282089
leaf_weight=24 104 25 24 33 20 20 31 22 107 30 182 28 101 30
leaf_count=24 104 25 24 33 20 20 31 22 107 30 182 28 101 30
internal_value=0.000264705 0.00145994 0.00255978 0.00371538 0.00197938 0.000791666 0.00225 0.000136363 -0.000477273 -0.000218183 -0.000639014 -3.40916e-05 -0.000444916 0.000577777
internal_weight=781 336 183 129 96 71 51 153 131 54 445 263 235 134
internal_count=781 336 183 129 96 71 51 153 131 54 445 263 235 134
is_linear=0
shrinkage=0.03


Tree=383
num_leaves=15
num_cat=0
split_feature=8 1 8 2 1 3 13 13 2 13 0 8 2 2
split_gain=0.462996 1.0143 1.24905 1.3009 0.610374 0.343559 0.438518 0.875614 0.269147 0.234019 0.303707 0.452351 0.60995 0.372557
threshold=14.65 14.004763451491831 12.450000000000001 10.044975896648321 13.348046987012014 10.539482179169886 2.5007776600261349 3.0588254485455386 13.541616460089786 4.5604175150320758 15.518871597745168 34.900000000000006 12.715001153124961 12.48655091054963
decision_type=8 2 10 2 2 2 10 10 2 10 2 10 2 2
left_child=1 2 3 -1 -5 -3 -7 -8 -9 10 11 13 -13 -2
right_child=9 5 -4 4 -6 6 7 8 -10 -11 -12 12 -14 -15
leaf_value=-0.00072232098171032667 6.8263084557047662e-06 -0.00073394171571743052 0.0011468427627339404 0.0005312854842212648 0.00049734351976778569 -0.0026759358682674045 0.0021968738327237392 -0.00052082107445538183 5.404437054271971e-05 0.00010266655344338653 -0.00052076971024170272 -1.885106254305208e-05 0.0029752050526432785 -0.00091929479451745635
leaf_weight=73 163 78 24 33 31 21 20 30 22 20 102 60 33 67
leaf_count=73 163 78 24 33 31 21 20 30 22 20 102 60 33 67
internal_value=0.000397172 0.00124324 0.00294444 0.00180435 0.00489231 -0.00036628 0.000861701 0.0019726 -0.000113208 -0.000235427 -0.000387325 6.48141e-05 0.00181915 -0.000649351
internal_weight=777 332 161 137 64 171 93 72 52 445 425 323 93 230
internal_count=777 332 161 137 64 171 93 72 52 445 425 323 93 230
is_linear=0
shrinkage=0.03


Tree=384
num_leaves=15
num_cat=0
split_feature=8 7 1 0 4 3 2 7 2 5 13 1 9 7
split_gain=0.451168 0.647414 0.552312 0.889502 1.02904 0.912967 0.899822 0.685093 0.662045 0.62154 0.646276 0.308524 0.30418 0.656819
threshold=16.550000000000004 4.6500000000000012 10.751037653203291 15.142157092473232 1.0000000180025095e-35 8.9336969895898921 12.590083225196294 5.6500000000000012 10.044975896648321 1.0000000180025095e-35 3.9132263560644254 11.629158682860179 -0.22909348975985949 6.1500000000000012
decision_type=10 2 2 2 2 2 2 2 2 2 8 2 2 2
left_child=1 -1 -3 4 8 -6 -7 -5 -4 10 -9 -2 13 -13
right_child=11 2 3 7 5 6 -8 9 -10 -11 -12 12 -14 -15
leaf_value=-0.0067717268011870772 0.0011156986322386608 -0.0019145638240789767 0.0005227544675392578 -0.0038489137926160035 -0.0050020544096466384 0.00066203760694947687 -0.00028706770550722876 0.00051808943882773869 0.0007165312928039243 -0.00033359593250181769 -0.0013678270187837843 0.00010720747739372507 -0.00065811099954530888 -0.0003265819653511818
leaf_weight=31 40 23 38 66 39 37 26 34 34 58 21 62 184 75
leaf_count=31 40 23 38 66 39 37 26 34 34 58 21 62 184 75
internal_value=0.000514954 0.00119853 0.00154377 0.00183898 0.00336 0.00139806 0.00360937 0.000349999 0.00608219 0.00176316 0.00401786 -0.000256907 -0.000568324 0.000499999
internal_weight=768 407 376 353 174 102 63 179 72 113 55 361 321 137
internal_count=768 407 376 353 174 102 63 179 72 113 55 361 321 137
is_linear=0
shrinkage=0.03


Tree=385
num_leaves=15
num_cat=0
split_feature=13 8 7 3 13 2 1 0 2 2 2 7 4 1
split_gain=0.398867 0.425321 0.521398 0.842221 1.21499 0.601643 0.580474 0.976555 0.502334 0.380556 0.61161 0.358258 0.34687 0.601704
threshold=3.9699398397909711 25.250000000000004 4.6500000000000012 4.4087229605209357 3.0588254485455386 14.270792376256933 12.901688725277895 14.477298238986755 10.343795435816476 12.126071142632371 12.82566740907339 7.2500000000000009 7.1221004305343207 14.940873048181988
decision_type=8 10 2 2 10 2 2 2 2 2 2 2 2 2
left_child=1 2 -1 4 -4 6 7 8 -5 -8 -11 -3 -2 -14
right_child=12 11 3 5 -6 -7 9 -9 -10 10 -12 -13 13 -15
leaf_value=-0.0096051645359601368 -0.0045393663238987771 -0.00044839247371825748 -3.4478090583871849e-05 -0.0058216081723812367 0.017786270460862404 0.00032363074622549236 -0.00033036374958877313 0.00050711749072550121 0.00016144015615586965 0.0016325398770756724 -0.00057814660153949213 0.00013835950993605951 0.010837145497651994 -0.00064647041359596283
leaf_weight=27 106 153 23 31 30 25 141 21 27 44 58 27 24 42
leaf_count=27 106 153 23 31 30 25 141 21 27 44 58 27 24 42
internal_value=0.000196153 0.000557565 0.00107243 0.00134663 0.00483333 0.000801723 0.00044582 0.0026625 0.000610169 -0.000282788 0.0011068 -0.000662984 -0.00107515 0.000626865
internal_weight=779 607 427 400 53 347 322 79 58 243 102 180 172 66
internal_count=779 607 427 400 53 347 322 79 58 243 102 180 172 66
is_linear=0
shrinkage=0.03


Tree=386
num_leaves=15
num_cat=0
split_feature=7 2 2 2 3 12 2 0 13 13 13 4 4 0
split_gain=0.526985 0.484312 0.468858 0.947549 0.49799 0.360411 0.63759 0.555135 0.355735 0.33061 0.386331 0.41054 0.571628 0.285185
threshold=7.3500000000000005 13.991638871457628 11.182712177033025 9.8066973689082246 9.1222403889648795 1.0000000180025095e-35 10.992646913314999 13.802578286668629 4.5196178450035118 3.9132263560644254 3.7266031251534857 9.5736203891056277 8.9596277427398867 16.138560275347086
decision_type=2 2 2 2 2 10 2 2 10 10 10 2 2 2
left_child=2 -2 3 -1 -4 -5 7 -7 9 10 11 12 13 -6
right_child=1 -3 4 5 8 6 -8 -9 -10 -11 -12 -13 -14 -15
leaf_value=-0.00051095616830400259 0.00017867358589703338 0.0070201795477049219 -0.0013472084214509925 0.00045248363850990581 4.1164152540308551e-05 0.00087301982373360482 0.00091127504954133535 -0.00063013443800345303 0.000631747652558279 -0.00077217437263855091 5.9275328317416389e-05 -0.0004579042513760288 3.9833403457630555e-05 -0.0044729970646766653
leaf_weight=157 37 21 79 26 95 29 30 58 22 35 21 107 21 23
leaf_count=157 37 21 79 26 95 29 30 58 22 35 21 107 21 23
internal_value=0.000429133 0.00315254 0.000200283 0.00109634 -0.000467822 0.00285417 0.00211017 0.00078409 5.53839e-05 -0.000217822 0.000145522 -0.000194333 0.000878571 5.04195e-05
internal_weight=761 58 703 300 403 143 117 87 324 302 267 246 139 118
internal_count=761 58 703 300 403 143 117 87 324 302 267 246 139 118
is_linear=0
shrinkage=0.03


Tree=387
num_leaves=15
num_cat=0
split_feature=10 10 2 7 13 7 4 4 10 2 13 4 13 13
split_gain=0.499354 0.436682 0.510703 0.384701 0.465729 0.485 0.55255 0.819977 0.351684 0.345078 0.558892 0.387641 0.770515 0.274981
threshold=0.99572243068690536 0.41248606129204551 1.0000000180025095e-35 5.3500000000000005 2.9864873567517889 6.7500000000000009 7.91168390765485 9.8794483187933242 -0.96047288537312736 13.368459416465091 3.3916870091212465 4.6548439227384408 3.6413638888637321 3.3679762682953696
decision_type=2 2 2 2 8 2 2 2 2 2 10 2 8 10
left_child=1 2 -1 -4 5 6 -5 -8 -6 11 -11 12 -10 -3
right_child=-2 13 3 4 8 -7 7 -9 9 10 -12 -13 -14 -15
leaf_value=0.002976595579622719 0.0033442911147861147 -0.00043963221488780099 -0.00044126864789048034 -0.00011867720080436219 -0.0055908119350730366 -0.00016806612523249958 0.0039371838076650281 1.9471824860130331e-05 0.0017798920167286891 -0.0044697480746054442 0.00034943006093339312 -0.00030094556457216896 -0.00036391936362008471 -8.0700649448341148e-06
leaf_weight=29 25 153 104 33 65 30 20 20 29 20 34 97 37 87
leaf_count=29 25 153 104 33 65 30 20 20 29 20 34 97 37 87
internal_value=-4.97456e-05 -0.000189724 0.000300577 6.73462e-05 0.000505181 0.00222115 0.00352703 0.00585366 -0.000127209 0.000454128 0.00250909 -0.000237806 0.00152239 -0.00124481
internal_weight=783 758 518 489 385 103 73 40 282 217 54 163 66 240
internal_count=783 758 518 489 385 103 73 40 282 217 54 163 66 240
is_linear=0
shrinkage=0.03


Tree=388
num_leaves=15
num_cat=0
split_feature=9 8 10 8 8 8 5 4 5 8 8 9 0 0
split_gain=0.489053 0.525371 0.402822 0.708046 0.515565 1.46716 0.33334 0.649096 0.271623 0.404778 0.626994 0.28512 0.353773 0.305583
threshold=-0.25881904510252113 5.9500000000000011 0.017449748351250231 33.050000000000004 13.350000000000003 10.850000000000003 3.8917682337590414 1.8598255563903452 5.6540564351703724 8.4500000000000011 6.0500000000000007 0.98886523145552097 16.535719569946661 13.319403878396569
decision_type=2 10 2 10 10 10 2 2 2 10 10 2 2 2
left_child=1 -1 4 -4 5 -3 7 -6 9 10 -2 12 13 -11
right_child=8 2 3 -5 6 -7 -8 -9 -10 11 -12 -13 -14 -15
leaf_value=0.0011165093688519938 -0.0031583183758925296 -0.00058293830033797765 -0.0014090663022660573 8.7420512312459382e-05 -0.00013775352285826483 0.00037038172843091637 -0.029047625165444901 0.00093964898682033016 -0.00049829190221762428 0.00041694037203188417 0.0011476167818173029 0.00053931054096163105 0.0019863944181097528 -0.00040997469482017743
leaf_weight=25 31 32 87 27 45 23 21 31 87 64 34 20 27 217
leaf_count=25 31 32 87 27 45 23 21 31 87 64 34 20 27 217
internal_value=0.000151554 0.00111986 0.0007191 -0.000626088 0.00172549 0.00401786 0.000397958 0.00132467 -0.000436591 -9.89855e-05 0.00204545 -0.000528876 -0.000757282 -0.00107447
internal_weight=771 291 266 114 152 55 97 76 480 393 65 328 308 281
internal_count=771 291 266 114 152 55 97 76 480 393 65 328 308 281
is_linear=0
shrinkage=0.03


Tree=389
num_leaves=15
num_cat=0
split_feature=6 6 1 2 7 13 0 10 8 10 4 13 13 0
split_gain=0.353011 0.393684 0.259644 0.407001 0.781369 0.508448 0.499499 0.810385 0.659088 0.460977 0.750233 0.544415 0.572511 0.572903
threshold=8.4016088455231426 1.0000000180025095e-35 10.751037653203291 11.364318137156067 6.8500000000000005 4.5604175150320758 14.688961644750499 -0.5 8.5050000000000008 0.017449748351250231 10.126159467279209 3.6413638888637321 3.115735218115562 14.477298238986755
decision_type=2 2 2 2 2 10 2 2 10 2 2 8 10 2
left_child=1 2 -1 4 6 9 -4 -8 -9 10 11 12 13 -5
right_child=-2 -3 3 5 -6 -7 7 8 -10 -11 -12 -13 -14 -15
leaf_value=-0.00048941237368687013 0.00021029701641778957 -0.0032769766796837724 -3.4811632523054356e-05 -0.019299829739705305 0.0048117087562342649 0.0003100446275213529 -0.0024790360629532073 0.0016124253615028776 0.00022751535213725717 -0.00036540580960960458 -0.00013970786729724518 -0.00036194514920378801 0.0031274397110808965 0.0014513763002934204
leaf_weight=51 21 36 164 22 21 20 43 23 46 149 58 47 42 33
leaf_count=51 21 36 164 22 21 20 43 23 46 149 58 47 42 33
internal_value=0.000208493 9.92056e-05 0.000254166 0.000412555 0.00123825 -0.000250001 0.000801443 0.00233628 0.00432857 -0.000519887 0.000413792 0.00157241 0.00284694 0.000803571
internal_weight=776 755 719 668 297 371 276 112 69 351 202 144 97 55
internal_count=776 755 719 668 297 371 276 112 69 351 202 144 97 55
is_linear=0
shrinkage=0.03


Tree=390
num_leaves=15
num_cat=0
split_feature=1 3 1 7 2 2 2 8 2 7 8 10 7 10
split_gain=0.52059 1.77892 1.28018 0.830377 0.437869 0.488184 0.597027 0.402875 0.323945 0.252885 0.223696 0.482998 0.199768 0.181095
threshold=13.096308965802882 7.5909278755257086 12.634404307685591 6.1500000000000012 10.729029416456493 14.21344193183524 14.625735812080796 14.850000000000003 1.0000000180025095e-35 6.8500000000000005 34.900000000000006 0.38268343236508956 5.6500000000000012 -0.78387299218671014
decision_type=2 2 2 2 2 2 2 10 2 2 10 2 2 2
left_child=1 8 3 -3 7 10 -7 12 -1 -5 13 -12 -2 -6
right_child=4 2 -4 9 5 6 -8 -9 -10 -11 11 -13 -14 -15
leaf_value=0.00050303171683589362 0.00030947295084264668 0.00085545775040531829 0.00067560943679036611 -0.0093199804881995644 -0.0001117790390097065 0.00090875430546344393 -9.4646725769368067e-05 -0.0065797277829854504 -0.00052825932185525111 0.00033529604866100406 -0.00041674829623022307 0.00035682636264523386 0.018549604470050017 -0.00026801219940121574
leaf_weight=37 20 36 36 24 78 20 46 38 88 28 29 21 20 236
leaf_count=37 20 36 36 24 78 20 46 38 88 28 29 21 20 236
internal_value=9.10283e-05 0.001212 0.003744 0.00175281 -0.000459726 -0.000835268 0.00152239 0.00159494 -0.00130952 -0.000679246 -0.00126575 0.000588235 0.00365854 -0.00156191
internal_weight=757 249 124 88 508 430 66 78 125 52 364 50 40 314
internal_count=757 249 124 88 508 430 66 78 125 52 364 50 40 314
is_linear=0
shrinkage=0.03


Tree=391
num_leaves=15
num_cat=0
split_feature=9 2 0 0 13 9 4 13 3 3 2 0 3 13
split_gain=0.362107 0.910694 0.617532 0.408456 0.356747 0.3115 0.251841 0.220394 0.701662 0.49545 0.406215 0.383253 0.726654 0.622472
threshold=-0.88784492709732687 11.372921581267656 14.496816363078841 10.920792088380225 2.6600494875419574 0.99904836074301928 9.2013038377533061 3.2837557712968031 11.773891633983878 11.23160307800257 14.270792376256933 15.10255548989384 9.3781614198366885 3.1942787607691452
decision_type=2 2 2 2 10 2 2 10 2 2 2 2 2 10
left_child=1 2 -1 -2 -5 7 -3 8 9 11 -9 13 -13 -6
right_child=3 6 -4 4 5 -7 -8 10 -10 -11 -12 12 -14 -15
leaf_value=0.00010045259672937542 0.0015690635460352687 -0.00024432858269843224 0.0023661149409768853 -0.00035662086922501422 -0.00051363717009456067 0.00048378916292087936 5.7082291455029698e-06 -0.0002499890656435906 -0.0053356625445095231 0.0013044040933101479 0.00056420968558094974 0.0031332075876163942 -0.0037967602498936402 0.0045512121101554922
leaf_weight=21 29 28 20 118 72 24 20 267 57 20 26 20 24 27
leaf_count=21 29 28 20 118 72 24 20 267 57 20 26 20 24 27
internal_value=-8.9148e-05 0.0017 0.00492857 -0.000324088 -0.000480184 -0.000150558 -0.00110204 -0.000309339 0.000407239 0.00140854 -0.000846939 0.000770833 0.00306667 -0.000270001
internal_weight=773 89 41 684 655 537 48 513 220 163 293 143 44 99
internal_count=773 89 41 684 655 537 48 513 220 163 293 143 44 99
is_linear=0
shrinkage=0.03


Tree=392
num_leaves=15
num_cat=0
split_feature=3 1 8 13 13 8 4 3 13 8 13 13 1 12
split_gain=0.323922 0.524283 1.17852 0.326024 0.585851 0.393909 0.516421 0.436224 0.282296 0.428117 0.420503 0.429605 0.588564 0.527263
threshold=4.8609228823234663 13.747592277435531 8.7500000000000018 3.1517080845114083 3.8088337008098008 30.050000000000004 7.0246486346884831 8.4730319460816848 4.1811827426291357 13.350000000000003 2.9679125553228172 2.5007776600261349 15.345601561204473 1.0000000180025095e-35
decision_type=2 2 10 10 10 10 2 2 10 10 8 10 2 10
left_child=-1 2 -2 -4 5 6 7 -5 10 -10 11 -3 13 -13
right_child=1 8 3 4 -6 -7 -8 -9 9 -11 -12 12 -14 -15
leaf_value=-0.00038042492597140212 0.0012594090126166557 -0.00020197936847189311 -0.00068595350604971981 -0.0055852395614841436 -0.00070395137787777917 0.0041227299138845812 -0.0047511765125254355 0.0011934571683883792 0.00057397501248990029 -0.0013177746992461281 -0.00080683299555503213 -0.014533977447100522 0.0019568410369850166 0.00082881821902591074
leaf_weight=161 32 44 78 22 37 24 20 24 26 24 181 30 20 32
leaf_count=161 32 44 78 22 37 24 20 24 26 24 181 30 20 32
internal_value=-0.000496032 -0.000171429 0.000920167 7.28148e-05 0.00100781 0.00230769 0.00107463 0.00280851 -0.000896649 0.00117647 -0.00123701 9.44875e-05 0.00137349 -9.52388e-05
internal_weight=755 594 237 205 127 90 66 46 357 50 307 126 82 62
internal_count=755 594 237 205 127 90 66 46 357 50 307 126 82 62
is_linear=0
shrinkage=0.03


Tree=393
num_leaves=15
num_cat=0
split_feature=7 9 9 4 13 3 2 7 3 8 7 3 10 13
split_gain=0.466011 0.479724 0.444701 0.352484 0.466197 0.345092 0.758106 0.330416 0.306282 0.239375 0.491262 1.41518 0.367108 0.384557
threshold=7.3500000000000005 -0.88784492709732687 0.99904836074301928 7.3742712354905029 3.0101386585394425 8.4152656841796283 12.047655553122494 5.4500000000000011 13.538442422109991 34.900000000000006 6.4500000000000011 9.3454748916012402 -0.38469719700095517 3.3581807369931798
decision_type=2 2 2 2 8 2 2 2 2 10 2 2 2 10
left_child=1 5 8 -2 -5 7 -7 -1 9 12 11 -11 13 -3
right_child=3 2 -4 4 -6 6 -8 -9 -10 10 -12 -13 -14 -15
leaf_value=0.00034791414010423681 0.005348510058062801 -0.0005079785358242814 0.0006048469664459553 0.00019902562496802313 -0.0019468344451581607 0.0006475300446009333 -5.0068055474108554e-07 -0.03199898531062783 7.0263053010338918e-05 -0.0052790177426670247 -0.0002435642440120664 0.01024489296393088 -0.00039251491462901559 0.00013245631078486012
leaf_weight=22 20 125 22 20 25 22 28 20 27 35 35 20 237 109
leaf_count=22 20 125 22 20 25 22 28 20 27 35 35 20 237 109
internal_value=8.9843e-05 -0.000136558 -0.000441899 0.0025 0.00097826 0.00187097 0.00352941 -0.000139536 -0.000601019 -0.00075267 0.00065934 0.00241071 -0.00102331 -0.000178724
internal_weight=767 702 610 65 45 92 50 42 588 561 90 55 471 234
internal_count=767 702 610 65 45 92 50 42 588 561 90 55 471 234
is_linear=0
shrinkage=0.03


Tree=394
num_leaves=15
num_cat=0
split_feature=9 8 3 1 1 1 1 0 3 2 10 3 9 2
split_gain=0.639988 0.61377 0.675417 0.343345 0.240296 0.294638 0.882983 1.79736 0.420013 1.13125 0.264564 0.240147 0.543553 0.331353
threshold=-0.88784492709732687 14.65 8.9336969895898921 14.487780824369748 9.9532426738528574 13.348046987012014 12.785039405650375 13.991588878044549 8.6562588609406976 11.08522138836333 -0.82968937203783677 12.464365168603846 0.76883451325334917 11.182712177033025
decision_type=2 10 2 2 2 2 2 2 2 2 2 2 2 2
left_child=1 2 -1 -3 -2 6 8 -8 10 -10 -6 13 -13 -7
right_child=4 3 -4 -5 5 11 7 -9 9 -11 -12 12 -14 -15
leaf_value=3.7876451160423942e-05 -0.00037738669511953638 0.00013394865307823635 0.00059024268715458566 -0.0016655686923216426 0.0008058097178801131 0.00022800344267361343 -0.00010629644734925862 0.0016025628980620445 0.0046407675314772655 -0.0044857056648009855 -0.0011423040130223527 -9.9533354155893004e-05 0.0052724489624225808 -0.00024108781461992993
leaf_weight=22 28 36 23 20 21 93 32 29 31 37 72 77 29 232
leaf_count=22 28 36 23 20 21 93 32 29 31 37 72 77 29 232
internal_value=0.000107279 0.00232353 0.0048913 0.000210526 -0.000224341 -0.000105505 0.000780268 0.00382258 -0.00038889 0.0013913 -0.00169149 -0.000562501 0.000672896 -0.000966258
internal_weight=782 101 45 56 681 653 222 61 161 68 93 431 106 325
internal_count=782 101 45 56 681 653 222 61 161 68 93 431 106 325
is_linear=0
shrinkage=0.03


Tree=395
num_leaves=15
num_cat=0
split_feature=5 0 4 10 0 1 0 1 0 13 13 7 13 9
split_gain=0.324381 0.637609 0.599615 0.546173 0.423842 0.798518 0.568057 0.423321 0.635661 0.418015 1.10774 0.340067 0.338712 0.293894
threshold=5.6540564351703724 13.82085599507495 7.1221004305343207 0.70244862051411394 12.766868107645456 13.017904528566254 15.313801470356928 14.41030407053031 12.746658598067368 3.607759254555984 3.856502663628596 6.3500000000000005 3.217286326049194 0.44134171618254497
decision_type=2 2 2 2 2 2 2 2 2 8 10 2 8 2
left_child=2 -2 7 4 -4 -6 12 8 -1 -10 -11 -8 -7 -12
right_child=1 -3 3 -5 5 6 11 -9 9 10 13 -13 -14 -15
leaf_value=-0.0006851741271324789 9.0902327886993521e-05 -0.00030739287880354255 -4.416676552467939e-05 -7.9081729326839994e-05 0.0011444057553828687 2.7177134263519418e-05 0.0037331229291397722 -0.00035143480037104496 -8.555709298139631e-07 0.0014107190222634449 0.00059989683659683591 3.4612772768026713e-05 -0.010473566306745669 -0.0046790845306801214
leaf_weight=63 34 109 20 48 20 30 32 113 179 38 25 21 22 23
leaf_count=63 34 109 20 48 20 30 32 113 179 38 25 21 22 23
internal_value=-2.6993e-05 -0.0013125 0.000264566 0.00165464 0.00256849 0.00321429 0.00212264 -0.000346155 0.000200607 0.000845864 0.00255172 0.00427778 -0.000113208 -0.000489797
internal_weight=777 143 634 193 145 125 105 441 328 265 86 53 52 48
internal_count=777 143 634 193 145 125 105 441 328 265 86 53 52 48
is_linear=0
shrinkage=0.03


Tree=396
num_leaves=15
num_cat=0
split_feature=11 7 8 8 7 2 2 1 2 8 2 9 10 2
split_gain=0.426749 0.681358 0.505855 0.614409 0.4697 0.429605 0.531913 0.387485 0.477918 0.290009 0.315564 0.359983 0.388567 0.253868
threshold=1.0000000180025095e-35 7.4500000000000011 14.65 12.750000000000002 4.8500000000000005 12.863573447116513 9.1420011737795033 12.87360895897301 9.5129410555364498 10.850000000000003 11.797096747488046 0.13052619222005182 -0.33125622319804088 13.368459416465091
decision_type=2 2 10 10 2 2 2 2 2 10 2 2 2 2
left_child=1 2 3 5 -4 6 -1 8 -2 10 11 12 -8 -9
right_child=7 -3 4 -5 -6 -7 9 13 -10 -11 -12 -13 -14 -15
leaf_value=-0.00054640032116845289 -0.0023690576306917492 0.00015871968184938591 7.2380186378817891e-05 0.0006389847550217052 -0.00015500190356137022 -0.0027462572411433386 -0.0109665163697545 -0.0031163075554229724 0.0016499630758330986 -1.9771728373681293e-05 0.00029651484579420074 0.00070821887761456006 0.0001709259246905145 0.00036777713870715472
leaf_weight=36 31 42 24 34 235 28 21 129 40 27 28 23 27 50
leaf_count=36 31 42 24 34 235 28 21 129 40 27 28 23 27 50
internal_value=-5.79904e-05 0.000427756 0.000105371 0.00114667 -0.000796155 0.000471203 0.00106748 -0.0010757 0.000791666 0.00198425 0.00273 0.001625 0.000122448 -0.00181667
internal_weight=775 525 483 224 259 190 162 250 71 126 99 71 48 179
internal_count=775 525 483 224 259 190 162 250 71 126 99 71 48 179
is_linear=0
shrinkage=0.03


Tree=397
num_leaves=15
num_cat=0
split_feature=8 13 13 13 13 2 1 9 4 8 13 13 2 1
split_gain=0.369271 0.717513 1.47488 0.481111 0.469028 0.412376 0.412265 0.837669 0.474072 0.406809 0.340729 0.297949 0.29443 0.461106
threshold=9.943500000000002 3.0816014178042028 2.7176322085086961 3.4919270603768084 2.4034681011121268 7.5170110799556467 14.803856719114034 0.51124928235797451 7.6912884191548976 7.9000000000000012 3.3256126436234568 3.2690750720136168 13.614302654033946 14.229464108049308
decision_type=10 10 8 10 10 2 2 2 2 10 10 10 2 2
left_child=1 2 -1 -3 -2 11 12 8 -8 -5 -10 -6 13 -7
right_child=4 3 -4 9 5 6 7 -9 10 -11 -12 -13 -14 -15
leaf_value=-5.9718046485201193e-05 -0.00023428675334600906 -0.00037802864125711184 0.0012981490383899891 -0.0021595956878942284 0.0072447597326644178 -3.1074744894442882e-05 -0.0017394671726300437 0.0011344858755440062 -0.00047641482898855243 0.00027162397422166165 0.0044954354738494049 -6.5604725144780489e-05 0.0006556800162853335 -0.0022432470168182892
leaf_weight=32 64 33 26 46 26 272 34 36 27 29 25 33 20 70
leaf_count=32 64 33 26 46 26 272 34 36 27 29 25 33 20 70
internal_value=0.000259689 0.00150898 0.00416949 5.50452e-05 -8.38823e-05 0.000204043 -8.65987e-05 0.00141463 -0.000206897 0.00138158 0.0015849 0.00255 -0.000595042 -0.000804665
internal_weight=773 166 58 108 607 543 484 122 86 75 52 59 362 342
internal_count=773 166 58 108 607 543 484 122 86 75 52 59 362 342
is_linear=0
shrinkage=0.03


Tree=398
num_leaves=15
num_cat=0
split_feature=9 9 12 0 13 11 2 1 3 2 2 4 2 3
split_gain=0.720471 0.703741 0.522171 0.516609 0.412127 0.241955 0.340303 0.912862 0.23083 0.229944 0.363678 0.260664 0.477844 0.213705
threshold=-0.88784492709732687 0.99904836074301928 1.0000000180025095e-35 10.920792088380225 2.4670511503686972 1.0000000180025095e-35 11.797096747488046 13.683052778955789 12.549982251443915 13.457194727518674 11.106957157700093 6.9263183857457546 9.4106893536301772 12.880510857717377
decision_type=2 2 10 2 10 2 2 2 2 2 2 2 2 2
left_child=2 3 -1 -2 -5 6 -6 -8 -9 10 11 12 -7 -11
right_child=1 -3 -4 4 5 9 7 8 -10 13 -12 -13 -14 -15
leaf_value=0.00019323233242413341 0.0002797011124030794 0.00052961679001835543 5.7291561121127587e-05 -0.00066487408240446582 -0.00018091018759361526 -0.0017097189417589155 0.0028463404863302588 -0.00018127185175975961 0.00059794505066703048 0.0044565453937453325 -0.0049987236547421087 -0.0078348573289703776 0.0011515667959755697 -0.0040486931821720135
leaf_weight=22 28 23 80 69 185 27 31 80 46 20 98 22 26 20
leaf_count=22 28 23 80 69 185 27 31 80 46 20 98 22 26 20
internal_value=-6.55534e-05 -0.000421598 0.00227184 -0.000606433 -0.000787201 -0.000512591 -1.74934e-05 0.00100633 -0.000141733 -0.00130374 -0.00177586 -0.000197369 0.000944444 0.000731707
internal_weight=777 675 102 652 624 555 342 157 126 213 173 75 53 40
internal_count=777 675 102 652 624 555 342 157 126 213 173 75 53 40
is_linear=0
shrinkage=0.03


Tree=399
num_leaves=15
num_cat=0
split_feature=8 3 1 3 3 9 7 8 13 10 9 7 1 8
split_gain=0.462961 0.571307 0.779446 0.801661 0.750889 0.82392 0.537399 0.458206 0.415831 0.378795 0.355976 0.334942 0.31993 0.319072
threshold=11.350000000000003 5.3301948721224219 14.577626253153641 10.539482179169886 9.7758808454862294 0.62577451934763018 7.3500000000000005 21.600000000000005 3.4983744031465629 0.25881904510252057 -0.22909348975985949 6.1500000000000012 13.959753339057587 6.2500000000000009
decision_type=10 2 2 2 2 2 2 10 8 2 2 2 2 10
left_child=1 -1 3 4 5 8 7 -2 -3 -8 11 12 -9 -4
right_child=6 2 13 -5 -6 -7 9 10 -10 -11 -12 -13 -14 -15
leaf_value=-0.00036872062542287539 -0.00040281544878188378 -0.0017551510252303499 0.00017220204051467025 0.00022320426959419813 -0.00074894372345422227 0.00048255564905517264 0.00027422976854599005 0.00028486224600820251 0.00035789673939242041 -0.00011577949491278277 -0.0001098910970420685 -0.00069058878879008892 0.0015841619063270489 -0.00018727448719181602
leaf_weight=59 219 22 23 23 20 20 39 43 20 27 136 41 20 41
leaf_count=59 219 22 23 23 20 20 39 43 20 27 136 41 20 41
internal_value=-5.17249e-05 0.00107424 0.00195882 0.00353774 0.00209638 0.00371429 -0.000541826 -0.000906522 0.00125581 0.00197015 -7.12288e-10 0.00131429 0.00267187 -0.000646155
internal_weight=753 228 169 105 82 62 525 459 42 66 240 104 63 64
internal_count=753 228 169 105 82 62 525 459 42 66 240 104 63 64
is_linear=0
shrinkage=0.03


Tree=400
num_leaves=15
num_cat=0
split_feature=9 13 8 7 1 3 0 8 7 3 7 13 13 3
split_gain=0.575801 0.56254 0.438889 0.705517 0.689166 0.870125 0.636495 0.680292 0.460659 0.469717 0.395654 0.611558 0.369641 0.357075
threshold=0.99904836074301928 4.3957595904073594 13.250000000000002 4.8500000000000005 14.684605070709532 10.965424013460458 14.477298238986755 10.450000000000001 7.3500000000000005 11.535534343685503 5.7500000000000009 3.2755723530519245 3.2755723530519245 12.347352502657541
decision_type=2 8 10 2 2 2 2 10 2 2 2 10 10 2
left_child=1 2 3 -1 5 6 7 -5 12 -10 11 -8 -4 -3
right_child=-2 13 8 4 -6 -7 10 -9 9 -11 -12 -13 -14 -15
leaf_value=-0.0034787878713852826 0.00052451950062003998 -0.0052825738051735438 -0.00012734568292985929 -0.017527454160928695 -0.00017124830531470837 0.00016944163479981213 0.0011344825197431103 0.00024638130349533086 0.0011221995352734204 -7.1938533354613622e-05 0.00034718299377500979 -0.00166252597539817 7.9031197745945974e-06 0.0002684445494845714
leaf_weight=32 23 85 198 36 67 20 21 22 20 31 36 23 153 20
leaf_count=32 23 85 198 36 67 20 21 22 20 31 36 23 153 20
internal_value=4.94917e-05 -9.41184e-05 0.000231817 0.00119767 0.00179203 0.00286792 0.00198561 -0.00040678 -0.000387097 0.00225 0.0037037 0.00173333 -0.000775569 -0.00212264
internal_weight=787 764 659 257 225 158 138 58 402 51 80 44 351 105
internal_count=787 764 659 257 225 158 138 58 402 51 80 44 351 105
is_linear=0
shrinkage=0.03


Tree=401
num_leaves=15
num_cat=0
split_feature=8 5 7 9 13 9 7 0 9 9 0 13 8 7
split_gain=0.543984 0.554217 0.747705 0.468006 0.419612 0.407128 0.430307 0.779322 0.628895 0.505216 0.361546 0.44235 0.475248 0.441712
threshold=13.250000000000002 5.3844529770182641 6.0100000000000007 -0.22909348975985949 3.2755723530519245 0.93540483100319627 4.8500000000000005 14.884718308724077 -0.40462608613327394 0.44134171618254497 16.22628668340117 3.6855038965541724 33.050000000000004 6.2500000000000009
decision_type=10 2 2 2 10 2 2 2 2 2 2 10 10 2
left_child=1 2 5 -4 -2 6 -1 8 -8 -10 11 12 13 -6
right_child=4 -3 3 -5 10 -7 7 -9 9 -11 -12 -13 -14 -15
leaf_value=-0.0049801792098296289 -0.00016441135322583199 -0.00019634247483022712 0.0001514019720012178 0.00136739049907408 -0.00024758646612257782 -0.00041293337140766849 0.00030412094011941467 -0.00017651909258160661 -0.00019421674679304335 0.0017261467303876948 0.00075287319652223613 -0.0019005609997258847 0.0042919161427581801 0.0063195955037644762
leaf_weight=28 261 68 27 20 44 21 23 71 25 20 26 83 21 29
leaf_count=28 261 68 27 20 44 21 23 71 25 20 26 83 21 29
internal_value=0.000167968 0.0011546 0.00184322 0.0051875 -0.00047742 0.000984126 0.00148214 0.00216429 0.00443478 0.00228261 0.000544117 5.05611e-05 0.00145263 0.000283783
internal_weight=767 303 235 47 464 188 167 139 68 45 203 177 94 73
internal_count=767 303 235 47 464 188 167 139 68 45 203 177 94 73
is_linear=0
shrinkage=0.03


Tree=402
num_leaves=15
num_cat=0
split_feature=8 9 9 5 4 3 3 10 0 0 9 8 5 0
split_gain=0.634558 0.854108 0.455767 0.50809 0.411539 0.404263 0.61458 0.310045 0.274182 0.263441 0.484795 0.393647 0.410123 0.42601
threshold=13.250000000000002 -0.88784492709732687 -1.0000000180025095e-35 8.7226611825236144 5.3143452077681035 9.2393042073080913 10.885448512911251 0.14778689904036479 14.477298238986755 14.366276427545849 0.88144907265856365 39.050000000000004 2.2154083994216571 14.097126924397458
decision_type=10 2 2 2 2 2 2 2 2 2 2 10 2 2
left_child=1 -1 -3 4 7 -6 -7 8 -4 11 -11 12 13 -2
right_child=9 2 3 -5 5 6 -8 -9 -10 10 -12 -13 -14 -15
leaf_value=0.00019018558805092227 -3.8113516936595776e-05 -0.00015379463509469511 -0.00038757373156611064 -0.012248969075808476 0.00024360956079504128 -0.00049165356318216138 0.0013628901187003571 -0.00067477828544357319 0.00049702249932960909 -0.00018054912195425465 0.00034671180029365121 -0.0046297249111159969 0.00072138463907354695 0.00021388809528247199
leaf_weight=40 113 78 22 22 20 22 25 39 24 241 36 30 24 21
leaf_count=40 113 78 22 22 20 22 25 39 24 241 36 30 24 21
internal_value=1.18726e-05 0.0011058 0.000450592 0.00130286 0.00192157 0.00366176 0.0020625 0.000523255 0.00217021 -0.000675966 -0.00126259 0.000190475 0.000792452 0.000133333
internal_weight=757 292 252 174 152 67 47 85 46 465 277 188 158 134
internal_count=757 292 252 174 152 67 47 85 46 465 277 188 158 134
is_linear=0
shrinkage=0.03


Tree=403
num_leaves=15
num_cat=0
split_feature=8 8 0 3 0 1 13 13 8 1 4 1 13 13
split_gain=0.582334 0.558216 0.547957 0.543981 0.635731 0.556479 0.328096 0.759967 0.516402 0.351968 0.289737 0.264813 0.361015 0.241497
threshold=13.250000000000002 12.750000000000002 15.939706875668529 8.2275085451221681 14.151402843607434 13.921101729232122 3.3581807369931798 3.4428658756942112 37.150000000000006 12.551069297914243 10.07803682522475 13.893771504436009 2.9864873567517889 3.0790922744843354
decision_type=10 8 2 2 2 2 10 10 10 2 2 2 8 8
left_child=1 2 3 11 -5 -6 13 -8 9 -9 -4 12 -1 -2
right_child=6 -3 10 4 5 -7 7 8 -10 -11 -12 -13 -14 -15
leaf_value=0.00021939719031233834 -6.5677684059979331e-05 0.00088412891149514041 -0.0035679378925701851 0.00035640503239610252 0.00036054173313522893 -7.0583101082257352e-07 0.01214339170093184 0.00069808726200710971 0.00044549780889980553 -0.00069736906771166341 4.8254810499540538e-05 0.0073230344537343981 -0.00053579099985853328 -0.0051024972013722861
leaf_weight=22 185 20 48 27 25 61 20 24 36 99 21 20 64 126
leaf_count=22 185 20 48 27 25 61 20 24 36 99 21 20 64 126
internal_value=-3.00383e-05 0.000990291 0.000643598 0.00137727 0.00281579 0.00151724 -0.000672098 0.000349999 -0.000356251 -0.00128226 -0.00167143 -0.000168225 -0.000896552 -0.00125962
internal_weight=798 308 288 219 113 86 490 179 159 123 69 106 86 311
internal_count=798 308 288 219 113 86 490 179 159 123 69 106 86 311
is_linear=0
shrinkage=0.03


Tree=404
num_leaves=15
num_cat=0
split_feature=8 8 1 3 9 0 4 13 3 2 2 4 8 13
split_gain=0.324298 0.966346 0.529036 0.536413 0.464594 0.630598 0.484016 0.465751 0.367371 0.345892 0.318629 0.301786 0.234963 0.188169
threshold=13.250000000000002 12.750000000000002 15.134434725680999 11.355234852484111 1.0000000180025095e-35 15.244436878798481 2.9830733695618465 3.2755723530519245 2.9430520157250784 15.177045225538324 14.121380580982594 11.310441050382765 8.7500000000000018 2.8780245840889473
decision_type=10 8 2 2 2 2 2 8 2 2 2 2 10 10
left_child=1 2 3 4 6 7 8 -6 -1 10 11 13 -9 -2
right_child=9 -3 -4 -5 5 -7 -8 12 -10 -11 -12 -13 -14 -15
leaf_value=-0.00020580110804327908 -0.0003709743390989355 0.00085760504415029009 -0.00023734871890960225 0.00028057437733343334 0.0003027636651207174 0.00035265731762971608 -0.00063121697339996684 0.00123868523669122 0.00040138529435896974 0.00013642505032222349 -0.0031749415456237616 8.4443581907866295e-06 -0.00039407817291018223 -2.0697322243142893e-06
leaf_weight=29 90 20 61 20 32 26 48 21 20 24 43 25 28 299
leaf_count=29 90 20 61 20 32 26 48 21 20 24 43 25 28 299
internal_value=0.000167725 0.000931372 0.000472027 0.00114667 0.00067317 0.00202778 -0.000826531 0.000695121 0.00126 -0.000317428 -0.000504368 -0.000245784 -0.00114 -0.000453847
internal_weight=786 305 285 224 204 107 97 81 49 481 457 414 49 389
internal_count=786 305 285 224 204 107 97 81 49 481 457 414 49 389
is_linear=0
shrinkage=0.03


Tree=405
num_leaves=15
num_cat=0
split_feature=3 2 8 0 0 8 2 10 10 8 8 7 13 9
split_gain=0.523754 0.527516 0.544802 1.6003 0.792293 1.00228 0.528313 0.399981 0.383982 0.387629 0.704854 0.367893 0.327451 0.230428
threshold=10.224583129681685 11.0208712808176 10.450000000000001 15.209113310537949 16.796863756150177 34.900000000000006 13.040398288554799 0.017449748351250231 -0.9141673389828272 11.050000000000002 10.050000000000002 5.5500000000000007 3.0101386585394425 0.86382728211298232
decision_type=2 2 10 2 2 10 2 2 2 10 10 2 10 2
left_child=8 -2 3 -3 5 13 -7 -5 11 10 12 -1 -10 -4
right_child=1 2 4 7 -6 6 -8 -9 9 -11 -12 -13 -14 -15
leaf_value=-0.00024898661116309944 0.0016706865996551838 0.00016535824161537552 -0.0002945038172108573 0.00025003289441138119 0.0017030041300616461 -7.3625288500567742e-05 0.001565063858478391 -0.0023751598321381461 0.00034059501131383823 -0.00076662763159116205 0.00020848632673663926 0.00346991659025679 -0.00046067265929336363 7.2922937204945558e-05
leaf_weight=35 30 20 145 20 20 22 30 22 28 220 21 29 93 42
leaf_count=35 30 20 145 20 20 22 30 22 28 220 21 29 93 42
internal_value=0.00024293 0.00109943 0.000736024 0.00323809 0.000126922 -0.000362501 0.00328302 -0.000139536 -0.000463701 -0.000842976 0.000377622 0.00166154 -0.000516394 -0.0013883
internal_weight=777 351 321 62 259 239 52 42 426 362 142 64 121 187
internal_count=777 351 321 62 259 239 52 42 426 362 142 64 121 187
is_linear=0
shrinkage=0.03


Tree=406
num_leaves=15
num_cat=0
split_feature=2 3 10 8 0 0 2 8 2 2 8 8 8 4
split_gain=0.640895 0.896033 0.650804 1.06798 0.463933 0.448527 0.397181 1.00001 0.32288 0.305732 0.305708 0.245777 0.412905 0.2381
threshold=11.364318137156067 2.9430520157250784 -0.5 9.0500000000000025 14.735977770574722 12.546949199320199 10.674244420617205 21.600000000000005 10.343795435816476 15.177045225538324 17.850000000000005 18.750000000000004 16.350000000000005 4.8598048927374347
decision_type=2 2 2 10 2 2 2 10 2 2 10 10 10 2
left_child=1 4 13 8 -1 -2 10 -8 -4 11 -5 12 -7 -3
right_child=5 2 3 6 -6 9 7 -9 -10 -11 -12 -13 -14 -15
leaf_value=-0.00038439328796723558 0.00011615624138061919 3.9764274537095112e-05 0.00041931935741776696 7.8923036701102799e-05 0.0091108564931245434 -0.00012945841968307081 0.00029905445973467723 0.0039647532306830635 0.0012452421979301334 9.6708737085840724e-05 -0.0096438645758298667 -0.00061350293112296403 0.0020865497077699794 -0.0011996923819068441
leaf_weight=98 24 47 20 32 20 180 36 20 20 22 22 184 24 44
leaf_count=98 24 47 20 32 20 180 36 20 20 22 22 184 24 44
internal_value=-1.13357e-05 0.000924999 0.00197107 0.00317881 -0.00121008 -0.000786208 0.00162162 0.00336842 0.00731707 -0.0010219 -0.000218183 -0.00121851 -0.000497562 -3.26094e-05
internal_weight=793 359 241 150 118 434 110 56 40 410 54 388 204 91
internal_count=793 359 241 150 118 434 110 56 40 410 54 388 204 91
is_linear=0
shrinkage=0.03


Tree=407
num_leaves=15
num_cat=0
split_feature=2 10 2 1 1 3 0 1 7 3 12 10 2 7
split_gain=0.460609 0.614178 0.412977 0.645357 0.640505 0.791545 0.617532 0.410696 0.686274 0.414358 0.404912 0.554702 0.304384 0.283838
threshold=11.364318137156067 0.41248606129204551 9.1420011737795033 12.901688725277895 12.611143689029712 8.9643438591664211 12.766868107645456 13.708331943677573 6.1500000000000012 8.4438526438667214 1.5000000000000002 -0.76037701167087501 13.772506826074691 6.5500000000000007
decision_type=2 2 2 2 2 2 2 2 2 2 10 2 2 2
left_child=2 13 10 4 5 -4 -7 -5 9 -9 11 -1 -3 -2
right_child=1 12 3 7 -6 6 -8 8 -10 -11 -12 -13 -14 -15
leaf_value=-0.0019008073439280393 -4.45520367503377e-05 -0.00082828664681720431 -0.0006642487453320967 -0.00020541849898746416 0.00034524883090611679 3.7951204865693863e-05 0.0015016243973307128 0.00037271875993728385 0.014171580985401352 -0.0091165767596706852 -0.0010536133250321012 0.00044882540827389568 4.9284848949697892e-06 7.2745320825883826e-05
leaf_weight=21 168 105 34 51 21 21 20 28 23 26 54 45 38 107
leaf_count=21 168 105 34 51 21 21 20 28 23 26 54 45 38 107
internal_value=0.000110091 -0.000558473 0.000921738 0.00168 0.00352577 0.00217105 0.00492857 0.000279069 0.00165385 -0.000218183 -0.000495868 0.00107463 -0.00214583 0.000271738
internal_weight=762 418 344 224 96 75 41 128 77 54 120 66 143 275
internal_count=762 418 344 224 96 75 41 128 77 54 120 66 143 275
is_linear=0
shrinkage=0.03


Tree=408
num_leaves=15
num_cat=0
split_feature=6 2 2 7 1 1 7 3 1 2 10 10 10 2
split_gain=0.401817 0.424665 0.333671 0.307346 0.408293 0.837287 0.678445 0.4876 0.359609 0.359034 0.332745 0.306504 0.302135 0.443496
threshold=8.0679323707155444 15.177045225538324 13.971358493963711 5.1500000000000012 13.076813198341064 12.59263845812521 6.1500000000000012 5.3301948721224219 13.458023127149827 13.541616460089786 -0.62241982464324219 0.62577451934763018 0.017449748351250231 11.172134920831553
decision_type=2 2 2 2 2 2 2 2 2 2 2 2 2 2
left_child=1 2 3 10 5 6 7 -5 -6 12 -1 -8 -10 -14
right_child=-2 -3 -4 4 8 -7 11 -9 9 -11 -12 -13 13 -15
leaf_value=4.3068955599565638e-05 0.00082405658096177412 0.00015808954579044936 -4.6568878228659418e-05 -0.00032003302246244011 -0.0038991668699998741 0.00057016614456173963 -0.010095387766651427 0.00099935544275661452 0.00014185545309411277 0.0031448817931873422 -0.00045088897929860291 0.00038146147786104797 0.00020969407340145201 -0.00065320472871148699
leaf_weight=46 20 20 66 25 52 43 47 38 154 27 84 20 38 100
leaf_count=46 20 20 66 25 52 43 47 38 154 27 84 20 38 100
internal_value=0.000192061 7.88429e-05 -4.04865e-05 0.000159999 0.000473394 0.00167241 0.000458015 0.00267187 -8.87104e-05 0.000290624 -0.00114504 -0.00163235 -2.04785e-05 -0.00103597
internal_weight=780 760 740 674 544 173 130 63 371 319 130 67 292 138
internal_count=780 760 740 674 544 173 130 63 371 319 130 67 292 138
is_linear=0
shrinkage=0.03


Tree=409
num_leaves=15
num_cat=0
split_feature=6 0 6 8 8 13 4 13 8 2 3 2 2 10
split_gain=0.66294 0.703988 0.247094 0.246833 0.345494 0.908497 0.621772 0.465097 0.481365 0.342155 0.318514 0.299976 0.487015 0.315251
threshold=7.1315409777663907 9.8019906859244177 0.54930614433405489 4.6500000000000012 14.65 2.7908015742059882 8.106664152515167 2.8780245840889473 34.550000000000004 11.08522138836333 12.646531047360506 9.1420011737795033 9.9283483468322959 -0.11535712691606388
decision_type=2 2 2 10 10 8 2 10 10 2 2 2 2 2
left_child=1 -1 3 -3 5 6 -5 -6 -9 -10 -11 -7 -13 -14
right_child=-2 2 -4 4 7 11 -8 8 9 10 -12 12 13 -15
leaf_value=0.00025022802042172959 0.00012718079957996391 -0.020237096226592862 -0.03003403689653425 0.00018360742699581861 -0.00022381037695953654 -0.0019212478325713932 0.0016437211771578703 -0.00018847988162229185 -0.0062325227344584002 8.4197177166217725e-05 -0.00063713372411874805 0.00022453237242023576 3.7090805876867908e-05 -8.460978680332356e-05
leaf_weight=21 21 25 27 26 107 40 20 204 20 49 21 23 75 74
leaf_count=21 21 25 27 26 107 40 20 204 20 49 21 23 75 74
internal_value=0.000187002 3.27414e-05 -0.000130619 -1.7519e-05 9.54538e-05 0.000949806 0.0047234 -0.000455225 0.000162711 0.00197802 0.00295775 0.000112675 0.000658959 1.99993e-05
internal_weight=753 732 711 684 659 258 46 401 294 90 70 212 172 149
internal_count=753 732 711 684 659 258 46 401 294 90 70 212 172 149
is_linear=0
shrinkage=0.03


Tree=410
num_leaves=15
num_cat=0
split_feature=8 0 2 0 5 7 7 9 8 10 9 2 9 1
split_gain=0.712095 0.86284 1.67995 0.760064 1.34039 0.624063 0.777537 0.58071 0.577032 0.466434 0.327812 0.282193 0.27252 0.765854
threshold=9.943500000000002 15.177001665629254 9.2491426686118263 13.4165489542986 2.2154083994216571 5.4500000000000011 4.9500000000000011 -0.33961250367033008 52.050000000000004 -0.62241982464324219 0.97014794553715189 11.670793800833328 -0.74458692413791694 14.684605070709532
decision_type=10 2 2 2 2 2 2 2 10 2 2 2 2 2
left_child=1 2 -1 4 5 6 -2 -4 10 -3 12 -11 13 -5
right_child=3 9 7 8 -6 -7 -8 -9 -10 11 -12 -13 -14 -15
leaf_value=-0.0013085585029137992 -0.0013309816427100798 0.00032223775348167583 0.00040105525402586186 0.00056403501970213885 0.00063510872759099787 -0.0077842531768510708 0.00097133149286049685 0.0008362155722417997 4.5045101563076078e-05 0.00024270850027813604 0.00018933310040149216 -0.00042841905059818919 -0.00044140306303249273 -0.0017415792706740598
leaf_weight=26 26 22 20 51 27 62 24 34 20 20 20 37 333 34
leaf_count=26 26 22 20 51 27 62 24 34 20 20 20 37 333 34
internal_value=0.000491413 0.00226875 0.00444444 1.50495e-05 0.00195 0.000477875 0.00294118 0.00741818 -0.000575164 3.74993e-05 -0.000806379 -0.00139655 -0.000988068 0.000523255
internal_weight=756 159 80 597 139 112 50 54 458 79 438 57 418 85
internal_count=756 159 80 597 139 112 50 54 458 79 438 57 418 85
is_linear=0
shrinkage=0.03


Tree=411
num_leaves=15
num_cat=0
split_feature=9 13 13 8 8 9 2 1 0 8 13 7 7 3
split_gain=0.399858 0.608033 2.71172 0.474521 0.584051 0.482306 0.596436 0.45585 0.2926 0.402876 0.284117 0.389278 0.598557 0.476462
threshold=-0.40462608613327394 3.6332379010440925 3.9132263560644254 39.20000000000001 34.20000000000001 -1.0000000180025095e-35 7.5170110799556467 15.449927355022185 14.784937982753648 13.550000000000002 2.9450127606983019 4.9500000000000011 5.4500000000000011 12.818920483073411
decision_type=2 10 10 10 8 2 2 2 2 10 10 2 2 2
left_child=1 7 -3 4 5 -2 -7 8 9 -1 -8 -12 -13 -14
right_child=3 2 -4 -5 -6 6 10 -9 -10 -11 11 12 13 -15
leaf_value=0.00023227566749681839 -0.0051655199851261598 0.00057025558124667339 -0.0019842354996956772 -0.0043217878389880931 0.00014292953812153277 0.00040800526722897703 -0.00070891805202763232 0.0080516927901131789 -0.00053947719740971489 -1.3247475042821486e-05 -0.00071713834102268348 0.0010103833451001304 -4.5505031817490265e-05 0.0031158305851291907
leaf_weight=25 68 24 43 51 35 28 99 25 70 68 26 36 125 20
leaf_count=25 68 24 43 51 35 28 99 25 70 68 26 36 125 20
internal_value=0.000270161 0.00123047 0.00366176 -0.00023313 8.90404e-05 -0.000238214 0.000232835 0.000349206 -0.000237806 0.000861701 -0.000156353 0.000475961 0.000972527 0.000102739
internal_weight=743 255 67 488 437 402 334 188 163 93 306 207 181 145
internal_count=743 255 67 488 437 402 334 188 163 93 306 207 181 145
is_linear=0
shrinkage=0.03


Tree=412
num_leaves=15
num_cat=0
split_feature=0 1 8 2 0 8 3 0 0 0 8 13 3 8
split_gain=0.832142 0.572765 0.511544 1.1433 0.555543 0.840741 0.615387 0.502456 0.353563 0.404104 0.468933 0.41118 0.371661 0.224716
threshold=9.8019906859244177 15.983023042084346 34.050000000000004 12.715001153124961 13.319403878396569 23.350000000000005 8.6562588609406976 15.16110072400312 14.698368788521629 14.798939390552855 6.9500000000000011 3.0508391527108922 10.033034417429617 10.65
decision_type=2 2 10 2 2 10 2 2 2 2 10 8 2 10
left_child=-1 2 4 -4 5 6 13 -5 -6 -10 12 -12 -11 -2
right_child=1 -3 3 7 8 -7 -8 -9 9 10 11 -13 -14 -15
leaf_value=0.00021032114531934515 -0.0017339993984778587 -0.00014631991009040203 -6.222970771052254e-05 0.00081070720341278708 -0.00036058007334414824 -0.022060960709613393 0.0042469078194879864 2.2664442786403678e-05 0.0018488308182513424 0.0053811138938571141 0.00031537965491979268 -0.00017841173449275376 -0.0002688996559294386 0.00076712283726587368
leaf_weight=23 24 64 66 25 173 32 29 22 20 20 78 155 20 22
leaf_count=23 24 64 66 25 173 32 29 22 20 20 78 155 20 22
internal_value=0.000375968 0.000199733 0.000454148 0.00228947 8.88495e-05 0.00202778 0.00375 0.0058125 -0.000359744 0.000275509 -3.28474e-05 -0.000551283 0.00292683 0.00153191
internal_weight=773 750 686 113 573 107 75 47 466 293 273 233 40 46
internal_count=773 750 686 113 573 107 75 47 466 293 273 233 40 46
is_linear=0
shrinkage=0.03


Tree=413
num_leaves=15
num_cat=0
split_feature=12 4 7 8 1 1 3 0 0 8 8 4 2 4
split_gain=0.739302 0.559203 0.485556 0.958765 0.453783 0.834738 0.466638 0.701323 0.434984 0.302157 0.466914 0.472189 0.545926 0.317604
threshold=2.5000000000000004 5.8748113740367325 5.2500000000000009 8.9500000000000011 14.816145456422202 13.870171383304024 8.2143955549079326 14.130455959438626 12.585343942582119 33.050000000000004 19.200000000000006 8.5788440147855436 11.441712495341635 11.572710855912922
decision_type=10 2 2 10 2 2 2 2 2 10 8 2 2 2
left_child=1 2 8 -4 5 6 -5 -8 -1 10 11 -3 -13 -14
right_child=-2 9 3 4 -6 -7 7 -9 -10 -11 -12 12 13 -15
leaf_value=0.00039394622035535321 -0.00044657568307388532 -0.00066822118283331087 0.00031049028267594978 -1.7223919794559102e-05 0.001403713636345153 -0.00056796957112114754 0.00085799915450568832 0.003385912491227972 -0.00020155430740365993 0.0001146278785816281 -0.00046281752301328678 0.0024123316176208709 -5.3203601296511001e-05 0.00068007339827839497
leaf_weight=21 174 59 24 54 20 36 33 20 115 42 82 20 58 24
leaf_count=21 174 59 24 54 20 36 33 20 115 42 82 20 58 24
internal_value=0.000107279 0.000600985 0.0014537 0.00244149 0.00159146 0.000979166 0.00230555 0.00427778 8.75905e-05 -0.000367134 -0.000774591 0.000166666 0.00139806 0.000289156
internal_weight=782 608 323 187 163 143 107 53 136 285 243 161 102 82
internal_count=782 608 323 187 163 143 107 53 136 285 243 161 102 82
is_linear=0
shrinkage=0.03


Tree=414
num_leaves=15
num_cat=0
split_feature=4 5 7 1 5 5 1 13 9 7 8 13 13 13
split_gain=0.563624 0.509896 0.456601 0.394385 0.360952 0.357517 0.42014 0.356807 0.324819 0.27629 0.240612 0.566834 0.531316 0.292684
threshold=9.5316258200584567 6.7207822327728284 7.4500000000000011 14.870193699725702 1.4311004404647345 2.7244451125137057 14.637936286036775 4.3957595904073594 0.69134849440110402 7.0500000000000007 9.4500000000000011 3.8428066845294055 3.0173076496044242 3.7266031251534857
decision_type=2 2 2 2 2 2 2 10 2 2 10 8 10 8
left_child=1 2 3 5 8 6 7 10 9 -2 11 12 -1 -12
right_child=4 -3 -4 -5 -6 -7 -8 -9 -10 -11 13 -13 -14 -15
leaf_value=0.00033091917933222159 -0.0002685233191599932 0.0011854062680424584 0.00080539762991424697 -0.00076235195159989652 -0.00016256605760043134 -0.00039095699409271144 0.00020208731227804957 -0.012469723232335132 0.0030854789464855974 8.8515202315492307e-06 0.00011172176277539344 0.00090460319418694867 -0.00061540445633832569 -0.00021183006287495292
leaf_weight=21 35 23 25 84 106 28 24 28 26 20 232 23 33 53
leaf_count=21 35 23 25 84 106 28 24 28 26 20 232 23 33 53
internal_value=-0.000122048 0.000344347 0.000157608 -3.41563e-05 -0.00154787 0.000325056 0.000549397 0.000306905 -3.65861e-05 -0.00133929 0.000561983 0.00203846 0.000327272 0.000157342
internal_weight=761 574 551 526 187 442 414 390 81 55 362 77 54 285
internal_count=761 574 551 526 187 442 414 390 81 55 362 77 54 285
is_linear=0
shrinkage=0.03


Tree=415
num_leaves=15
num_cat=0
split_feature=0 10 4 3 8 3 2 9 8 4 13 7 1 7
split_gain=0.686194 0.460714 0.431272 0.57997 0.423971 0.824923 0.899882 0.500704 0.482825 0.191039 0.208983 0.259118 0.31314 0.186583
threshold=9.8019906859244177 0.99572243068690536 11.716090968666473 12.818920483073411 8.4500000000000011 9.7216802642793514 10.044975896648321 0.98886523145552097 43.70000000000001 9.5452585077305354 4.3957595904073594 6.5500000000000007 13.72490307704015 5.6500000000000012
decision_type=2 2 2 2 10 2 2 2 10 2 8 2 2 2
left_child=-1 2 3 4 5 6 -2 8 9 10 11 13 -13 -6
right_child=1 -3 -4 -5 7 -7 -8 -9 -10 -11 -12 12 -14 -15
leaf_value=0.0001715967255577089 -0.010765242560071402 0.0008561931647342088 -0.00041838300024724058 0.0027082052432814145 -8.6677857683794507e-05 -0.00016485429925711196 0.0038727773066109254 0.00047542218808663961 9.7477322052369326e-05 -0.00011541893619494818 -0.0046073972327371317 -0.00040548059287159589 0.01302717211345588 -0.00016149402356826825
leaf_weight=23 27 22 66 39 197 51 34 24 26 66 53 20 22 94
leaf_count=23 27 22 66 39 197 51 34 24 26 66 53 20 22 94
internal_value=-0.000368628 -0.00052965 -0.000662501 -0.000426606 -0.000653659 0.00100885 0.00333871 -0.00102585 -0.00124008 -0.0014702 -0.0012093 -0.00092515 0.00125581 -0.00124315
internal_weight=764 741 719 653 614 112 61 502 478 452 386 333 42 291
internal_count=764 741 719 653 614 112 61 502 478 452 386 333 42 291
is_linear=0
shrinkage=0.03


Tree=416
num_leaves=15
num_cat=0
split_feature=2 2 1 13 13 7 3 8 1 8 1 0 13 2
split_gain=0.713902 1.01747 1.44735 0.51653 0.444898 0.518427 0.343118 0.341385 0.782616 0.533624 0.286491 0.278123 0.335429 0.243521
threshold=11.182712177033025 10.370668320987154 12.831759144235951 2.9864873567517889 3.0816014178042028 5.6500000000000012 1.0000000180025095e-35 13.250000000000002 13.489926929101598 11.950000000000001 12.59263845812521 15.888650326597553 3.2646468146455345 10.950053922370072
decision_type=2 2 2 10 10 2 2 10 2 8 2 2 8 2
left_child=1 4 -3 -4 5 -1 10 8 -2 11 -6 12 -10 -5
right_child=7 2 3 13 6 -7 -8 -9 9 -11 -12 -13 -14 -15
leaf_value=0.00089309966738957683 0.00016721994816199171 0.0010127267744587801 0.0011378854326037832 -0.0082826815883388794 -0.00066371302727814168 -0.00012846639427144219 -0.0046459330602126184 -0.00031622522206477494 0.00050877678292559584 0.0012020842920989865 0.00050777774943798753 -0.0049119913760147056 -4.797464147796295e-05 4.0896968839261282e-05
leaf_weight=38 20 37 24 26 35 23 73 286 27 22 25 52 32 20
leaf_count=38 20 37 24 26 35 23 73 286 27 22 25 52 32 20
internal_value=-4.04865e-05 0.00108278 0.00341667 0.00084507 -0.000215385 0.0018871 -0.00118657 -0.000811364 0.000331168 -0.000514926 0.000491803 -0.00136607 4.99993e-05 -0.00102128
internal_weight=740 301 107 70 194 61 133 439 153 133 60 111 59 46
internal_count=740 301 107 70 194 61 133 439 153 133 60 111 59 46
is_linear=0
shrinkage=0.03


Tree=417
num_leaves=15
num_cat=0
split_feature=1 0 1 13 1 9 8 2 1 9 13 10 1 8
split_gain=1.27119 1.42719 0.345152 0.770787 0.360594 0.526677 0.41885 0.793892 0.344213 0.514528 0.413347 0.482117 0.261405 0.229863
threshold=13.165712766915652 14.625897820877883 15.389640584837599 2.2711502604392559 14.624153459243436 0.51124928235797451 10.050000000000002 11.797096747488046 12.87360895897301 0.25881904510252091 3.6332379010440925 1.0000000180025095e-35 15.10423437151004 33.050000000000004
decision_type=2 2 2 10 2 2 10 2 2 2 10 2 2 10
left_child=1 8 3 -2 6 12 7 -5 9 -1 11 -11 -6 -8
right_child=2 -3 -4 4 5 -7 13 -9 -10 10 -12 -13 -14 -15
leaf_value=-9.49584188974179e-05 0.0008708635996575423 0.00028605417548309506 -0.00023235340557849928 -0.00050665673624962764 -2.9434408002576382e-05 0.00028212210395418954 -0.0027900049490173942 0.00067766978099468363 0.00015581192922761852 -0.00010366586108189687 0.0011675621572678509 0.00023170501486217775 0.0001888001654872665 6.6944721947917075e-07
leaf_weight=100 27 37 123 40 58 28 152 20 24 36 24 25 22 37
leaf_count=100 27 37 123 40 58 28 152 20 24 36 24 25 22 37
internal_value=0.00022679 0.0019919 -0.00063189 -0.000187014 -0.000561453 0.000880733 -0.001188 0.000983606 0.00101429 0.000564515 0.00226744 0.000919354 -0.000370371 -0.00187895
internal_weight=753 246 507 384 357 108 249 60 209 185 85 61 80 189
internal_count=753 246 507 384 357 108 249 60 209 185 85 61 80 189
is_linear=0
shrinkage=0.03


Tree=418
num_leaves=15
num_cat=0
split_feature=1 1 0 3 3 8 1 9 2 2 3 1 10 3
split_gain=0.572269 1.37933 0.798888 0.325712 0.282884 0.331551 0.299317 0.361408 0.353623 0.299995 0.297854 0.281849 0.357229 0.301274
threshold=13.076813198341064 12.841858717750755 14.688961644750499 9.5902192356746792 12.166576137550491 10.050000000000002 16.198516813545215 0.76883451325334917 14.21344193183524 12.975796795740116 10.539482179169886 14.900169752913497 -0.9141673389828272 6.2412381778426349
decision_type=2 2 2 2 2 10 2 2 2 2 2 2 2 2
left_child=1 2 -1 11 5 10 7 8 9 -6 -5 12 -2 -14
right_child=3 -3 -4 4 6 -7 -8 -9 -10 -11 -12 -13 13 -15
leaf_value=-2.3767525328129028e-05 0.0063419826280948517 0.0001233706564238199 0.00016154934748903392 -0.00079136511530892868 9.4305922390682496e-05 -0.00074598702161993093 -0.00020148708730984482 0.0054546238159617804 0.00042770225286646618 -0.004025617357445852 0.00012862612423598059 -0.00087624387066026672 0.00018447332100456906 -0.0028110511845143476
leaf_weight=200 30 20 29 21 20 126 27 27 27 44 40 33 54 74
leaf_count=200 30 20 29 21 20 126 27 27 27 44 40 33 54 74
internal_value=3.10472e-05 0.001212 0.000534782 -0.000532443 -0.0010991 -0.00186702 -0.00010274 0.000554621 -0.000358696 -0.00156923 -4.83878e-05 0.000453124 0.000981131 0.000279069
internal_weight=772 249 229 523 332 187 145 118 91 64 61 191 158 128
internal_count=772 249 229 523 332 187 145 118 91 64 61 191 158 128
is_linear=0
shrinkage=0.03


Tree=419
num_leaves=15
num_cat=0
split_feature=1 1 4 7 3 3 12 10 1 3 0 1 3 2
split_gain=0.886298 0.654658 0.554691 0.555629 0.548097 0.839251 0.822511 0.463211 0.408175 0.405112 0.62514 0.410042 0.237394 0.188982
threshold=13.165712766915652 12.785039405650375 6.5514373504102341 6.5500000000000007 11.051603775676968 8.6562588609406976 1.5000000000000002 -0.82968937203783677 13.017904528566254 8.0138653193164711 15.527841125465665 13.948856228378641 4.8609228823234663 12.82566740907339
decision_type=2 2 2 2 2 2 10 2 2 2 2 2 2 2
left_child=1 4 3 9 5 7 -7 -1 -3 -2 11 -11 -9 -4
right_child=2 8 13 -5 -6 6 -8 12 -10 10 -12 -13 -14 -15
leaf_value=0.00087077092694369312 -0.0013651066755797595 0.00022662629674750467 -0.00028894337959392617 0.011435360787722846 -0.0037213060814202002 1.1903570484411958e-05 0.0011098033383272643 -0.0024876202767038029 2.471915786408858e-05 0.0012212631156707759 -0.00075894916952271973 4.1719836111849351e-05 4.0005285001687005e-05 -0.00016215665211965916
leaf_weight=28 94 26 145 22 30 30 26 64 30 21 49 34 28 131
leaf_count=28 94 26 145 22 30 30 26 64 30 21 49 34 28 131
internal_value=0.000166007 0.00157414 -0.000579478 0.000542986 0.000782608 0.00142373 0.00442105 -7.09345e-10 0.00442105 3.015e-05 0.00131429 0.00348214 -0.00103226 -0.00147292
internal_weight=758 262 496 220 206 176 56 120 56 198 104 55 92 276
internal_count=758 262 496 220 206 176 56 120 56 198 104 55 92 276
is_linear=0
shrinkage=0.03


Tree=420
num_leaves=15
num_cat=0
split_feature=2 2 10 0 0 8 10 10 13 0 13 8 12 2
split_gain=0.758652 0.606715 0.90913 0.622829 0.757751 0.677037 0.586431 0.407576 0.364878 0.335025 0.276288 0.507095 0.703485 0.722846
threshold=11.182712177033025 9.1420011737795033 -0.96047288537312736 12.875642251787513 13.802578286668629 16.050000000000004 -0.47114434510950037 0.28184167206526584 3.2348076882374595 12.853561341113179 2.5122293040797166 10.65 2.5000000000000004 12.276427878909496
decision_type=2 2 2 2 2 10 2 2 8 2 10 10 10 2
left_child=1 8 -3 -4 -5 6 -6 -8 -1 -10 -2 12 13 -12
right_child=10 2 3 4 5 -7 7 -9 9 -11 11 -13 -14 -15
leaf_value=0.00035581619662773917 -0.00019775676643262225 -0.004103791637127898 -0.0021171390595439796 0.001589377758499012 -0.0082511039629277003 -0.0050295319194719381 0.00027431554994995701 0.0004487127066629618 0.00013749616477224544 -0.0019784665749819053 0.00048607341458752122 -8.7543078011601341e-05 -0.00020858196662232762 2.7315738068344562e-05
leaf_weight=49 70 24 28 39 21 31 22 36 29 48 29 317 28 27
leaf_count=49 70 24 28 39 21 31 22 36 29 48 29 317 28 27
internal_value=0.000382978 0.00149085 0.0025099 0.00325281 0.00402 0.0027027 0.0041625 0.00569491 -0.000141733 -0.00142308 -0.000387713 -8.20903e-05 0.00197647 0.00389474
internal_weight=798 327 201 177 149 110 79 58 126 77 471 401 84 56
internal_count=798 327 201 177 149 110 79 58 126 77 471 401 84 56
is_linear=0
shrinkage=0.03


Tree=421
num_leaves=15
num_cat=0
split_feature=1 0 5 13 2 0 0 13 10 4 10 1 1 2
split_gain=0.634601 0.64164 0.409853 0.451629 0.450649 0.283652 0.439036 0.519272 0.671978 0.398872 0.374365 0.271787 0.903848 0.333224
threshold=13.096308965802882 14.625897820877883 1.0000000180025095e-35 2.5921133604243618 12.161261047753024 14.24234630107054 13.991588878044549 3.3679762682953696 -0.70710678118654757 2.1686453704162454 0.41248606129204551 14.870193699725702 14.637936286036775 11.797096747488046
decision_type=2 2 2 8 2 2 2 10 2 2 2 2 2 2
left_child=1 5 3 4 -2 6 7 9 -9 -1 -10 12 13 -5
right_child=2 -3 -4 11 -6 -7 -8 8 10 -11 -12 -13 -14 -15
leaf_value=0.00016500861106768643 -0.00024987817350833236 0.00030191015624715368 -0.00015811141094276862 -0.0025676718937553055 0.00029149636165618864 -0.001564292318788742 0.0001271165568679914 0.00090366593831394044 -0.0027635639462073704 -0.0055264821149462679 0.0030662671922261483 -0.00021611015842658922 0.00092487921058646231 5.7939389254743532e-05
leaf_weight=61 21 36 151 112 23 28 21 24 26 39 23 98 28 97
leaf_count=61 21 36 151 112 23 28 21 24 26 39 23 98 28 97
internal_value=0.000311786 0.00152896 -0.000282487 0.000244736 0.00306667 0.000914797 0.00132308 0.000810344 0.00271622 -0.00059406 0.000659999 -0.000133929 0.000415966 -0.000271429
internal_weight=788 258 530 379 44 222 194 173 73 100 49 335 237 209
internal_count=788 258 530 379 44 222 194 173 73 100 49 335 237 209
is_linear=0
shrinkage=0.03


Tree=422
num_leaves=15
num_cat=0
split_feature=2 9 0 13 1 13 9 13 1 13 13 9 0 0
split_gain=0.561676 0.71904 0.71582 0.620208 0.434629 0.515232 0.962469 1.33318 0.448179 0.409992 0.379843 0.634978 0.374871 0.632297
threshold=12.843178517469434 0.76883451325334917 15.815056001003537 4.3957595904073594 9.9532426738528574 3.607759254555984 0.62577451934763018 3.7650858210772653 13.047994616353003 3.4428658756942112 3.3581807369931798 0.88144907265856365 12.99662366452964 13.703158544583582
decision_type=2 2 2 8 2 10 2 10 2 10 10 2 2 2
left_child=3 -2 -3 4 -1 9 7 -7 -9 10 11 12 -6 -14
right_child=1 2 -4 -5 5 6 -8 8 -10 -11 -12 -13 13 -15
leaf_value=-0.0045830198158305973 -0.0002070690864880886 0.001773239387853724 -0.0022634764787620928 -0.0042563960844781102 -0.0026092607823904571 0.0013661785015264393 -0.0035105099849816455 0.00095985873497725805 -0.000172451706888746 -0.0039782021948378907 0.0075264445618715156 0.00026659895351941121 0.00078404167136457697 9.210631181538306e-07
leaf_weight=24 155 24 24 67 45 20 40 20 30 40 23 36 31 188
leaf_count=24 155 24 24 67 45 20 40 20 30 40 23 36 31 188
internal_value=0.000128906 -0.00122059 0.00195918 0.000615928 0.000981927 0.00118354 0.00297297 0.00507042 0.00235294 0.000634615 0.00099074 0.000697674 0.000181131 0.000695454
internal_weight=767 203 48 564 497 473 110 70 50 363 323 300 264 219
internal_count=767 203 48 564 497 473 110 70 50 363 323 300 264 219
is_linear=0
shrinkage=0.03


Tree=423
num_leaves=15
num_cat=0
split_feature=2 2 2 2 10 1 1 13 1 3 9 3 2 1
split_gain=0.743599 1.37639 0.488061 0.552531 0.751522 0.615927 0.698743 0.503157 0.359362 0.423554 0.289107 0.249757 0.236042 0.211212
threshold=11.940553063866398 11.815557117078763 11.364318137156067 9.1420011737795033 -0.96047288537312736 13.165712766915652 12.634404307685591 2.9864873567517889 13.72490307704015 8.4438526438667214 0.25881904510252091 9.8387089424762042 10.370668320987154 16.303860071101887
decision_type=2 2 2 2 2 2 2 10 2 2 2 2 2 2
left_child=1 2 3 -1 -5 6 12 -7 -9 -10 -4 -12 -6 -2
right_child=13 -3 10 4 5 7 -8 8 9 -11 11 -13 -14 -15
leaf_value=-0.00017677341353939681 -1.4952244224477098e-05 0.00018772924709742521 -0.016074553879625874 -0.0053417321991193825 8.7787250349424058e-05 0.0012412603822043061 0.00019999194786529911 -0.0042262079824260251 0.00095430267406028933 -0.0019597972798232896 0.0076375206600965478 -0.0010770430150179246 0.00083741523784565332 -0.00011381775250918021
leaf_weight=126 280 20 45 33 36 27 28 26 25 22 20 23 26 37
leaf_count=126 280 20 45 33 36 27 28 26 25 22 20 23 26 37
internal_value=0.000294193 0.00106768 0.000705479 0.00120857 0.00210268 0.00282722 0.00461538 0.00118812 -0.000121622 0.0014375 -0.0012809 0.000477272 0.0027619 -0.000820755
internal_weight=774 457 437 349 223 190 90 100 73 47 88 43 62 317
internal_count=774 457 437 349 223 190 90 100 73 47 88 43 62 317
is_linear=0
shrinkage=0.03


Tree=424
num_leaves=15
num_cat=0
split_feature=1 1 8 9 8 0 1 1 3 1 2 2 0 8
split_gain=0.888855 1.05366 0.555002 0.715195 0.419495 0.576659 0.871752 0.288807 0.254888 0.213022 0.16867 0.216812 0.290173 0.270497
threshold=13.096308965802882 12.794313964215119 6.9500000000000011 0.31062854169311122 27.850000000000005 13.474126419618292 10.904040177671332 11.961307360333359 6.7690354264633781 16.275252067795659 9.8666612667674283 10.748244266282402 16.828813635049467 34.20000000000001
decision_type=2 2 8 2 10 2 2 2 2 2 2 2 2 10
left_child=1 4 3 -2 5 6 -1 -8 -7 10 -4 -12 13 -13
right_child=2 -3 9 -5 -6 8 7 -9 -10 -11 11 12 -14 -15
leaf_value=-0.00045522215221730156 0.0012475296108099814 0.00025696007418168091 -0.0018598101046679322 -0.003597272537378919 -0.0031930722455574554 -0.00051554291557168381 0.0020963103232012723 0.00042492487434301723 0.00021583024671968648 -0.0001410905184226476 0.00040905981042963971 -0.00020600629160451168 4.7094943348455527e-06 6.8767913580764534e-05
leaf_weight=28 33 39 28 24 67 35 27 24 41 41 39 277 21 63
leaf_count=28 33 39 28 24 67 35 27 24 41 41 39 277 21 63
internal_value=0.000163705 0.0015916 -0.00054649 0.00222414 0.000780268 0.00163461 0.0034125 0.00571154 -0.000233767 -0.000887235 -0.000685315 -0.000523691 -0.000754144 -0.000967743
internal_weight=787 261 526 57 222 155 79 51 76 469 428 400 361 340
internal_count=787 261 526 57 222 155 79 51 76 469 428 400 361 340
is_linear=0
shrinkage=0.03


Tree=425
num_leaves=15
num_cat=0
split_feature=2 2 2 9 10 2 7 0 9 8 12 8 7 0
split_gain=1.06231 0.662521 0.600981 0.631378 0.535455 0.84922 0.511052 0.720004 0.398732 0.415106 0.39836 0.503375 0.273711 0.54393
threshold=11.940553063866398 11.79060985757101 11.182712177033025 -0.12403179483894465 0.70244862051411394 10.370668320987154 6.0100000000000007 14.07585962682275 0.44134171618254497 10.250000000000002 1.0000000180025095e-35 23.250000000000004 5.8500000000000005 14.355232715256561
decision_type=2 2 2 2 2 2 2 2 2 10 10 10 2 2
left_child=1 2 3 10 6 -6 8 -8 -5 -10 -1 -12 -4 -14
right_child=-2 -3 12 4 5 -7 7 -9 9 -11 11 -13 13 -15
leaf_value=0.00054012089641092297 -6.0873974449726671e-05 0.0003149713852769303 -0.0089307487276243745 0.00063228357331227968 0.00013989242767770488 0.0013141472232364557 0.0078439344938160353 -6.24250279838287e-05 1.9666042187765825e-05 -0.0031584623861331696 -0.00055592594976563959 0.0060099262966737885 -0.016719552400986052 0.00010426886743857302
leaf_weight=22 323 27 57 22 25 20 29 21 23 37 92 24 22 28
leaf_count=22 323 27 57 22 25 20 29 21 23 37 92 24 22 28
internal_value=0.000263906 0.00120667 0.000907801 0.00156645 0.00274719 0.00554348 0.0017594 0.00411765 0.000289156 -0.000983607 4.31648e-05 -0.000666667 -0.00102778 0.000588235
internal_weight=772 449 422 315 177 45 132 50 82 60 138 116 107 50
internal_count=772 449 422 315 177 45 132 50 82 60 138 116 107 50
is_linear=0
shrinkage=0.03


Tree=426
num_leaves=15
num_cat=0
split_feature=13 9 2 2 9 13 13 3 5 13 12 4 11 13
split_gain=0.690931 0.620621 1.15362 1.53092 0.377671 0.47454 0.728867 0.919918 0.357746 0.516636 0.561519 0.339488 0.337081 0.250163
threshold=3.9132263560644254 -0.70710678118654735 11.969946083874465 10.705594722311679 0.98886523145552097 3.3561661032022831 3.4428658756942112 6.1077490430886652 3.6158243666982455 3.0101386585394425 1.0000000180025095e-35 8.4265023201373719 1.0000000180025095e-35 2.8252519975568435
decision_type=8 2 2 2 2 10 10 2 2 10 10 2 2 10
left_child=1 2 3 -1 5 8 -7 -8 9 10 13 -4 -12 -3
right_child=-2 4 11 -5 -6 6 7 -9 -10 -11 12 -13 -14 -15
leaf_value=-5.4814047840411334e-05 -0.0001294666019158301 4.4395759308620744e-05 6.9767355382490605e-05 0.00059147862104207995 0.00040349679425629657 0.0042561565721882747 0.00046356881869800341 -0.00017730185408003696 -0.0001365739917527222 -0.00085287658684546352 0.002209540274115514 -0.00011797987191654712 8.8280142015949173e-05 -0.019641347314799135
leaf_weight=33 176 71 24 35 20 21 35 71 78 101 21 27 26 21
leaf_count=33 176 71 24 35 20 21 35 71 78 101 21 27 26 21
internal_value=0.000354796 0.000851281 0.002775 0.00530435 0.000354077 0.000168161 0.00171094 0.000672896 -0.000451411 0.000124481 0.00130714 -0.000634616 0.0039375 -6.45168e-05
internal_weight=760 584 119 68 465 445 127 106 318 240 139 51 47 92
internal_count=760 584 119 68 465 445 127 106 318 240 139 51 47 92
is_linear=0
shrinkage=0.03


Tree=427
num_leaves=15
num_cat=0
split_feature=1 1 8 1 9 9 2 4 1 4 0 7 8 13
split_gain=0.750729 0.744178 0.806038 0.613136 0.804685 0.448084 1.24725 0.281151 0.829311 0.706575 0.579682 0.543491 0.28399 0.433306
threshold=13.096308965802882 12.59263845812521 17.250000000000004 11.016909212199455 0.25881904510252091 -0.9629878403374984 11.716101942589512 9.7631256153071941 14.624153459243436 8.7100424666969705 15.927494873154755 5.9500000000000011 9.4500000000000011 3.2646468146455345
decision_type=2 2 10 2 2 2 2 2 2 2 2 2 10 8
left_child=1 3 -3 4 -1 6 -2 8 12 10 11 -10 13 -7
right_child=5 2 -4 -5 -6 7 -8 -9 9 -11 -12 -13 -14 -15
leaf_value=-3.4445934176990937e-05 0.0012941344871135738 0.00034916295041624264 0.00018826846801520131 -2.5253660696254969e-05 0.00027855913761941061 0.00054493751707885175 -6.9800493943908334e-05 -0.00013475489412026657 0.00050448605107530713 0.001407529050995452 -0.0018098814427071129 -0.00020993236821603082 -0.0014480059543993406 -0.00067498331375610496
leaf_weight=33 21 36 30 128 21 20 33 139 25 20 50 21 167 23
leaf_count=33 21 36 30 128 21 20 33 139 25 20 50 21 167 23
internal_value=0.000597656 0.00195181 0.00465672 0.000950819 0.0036 -5.19238e-05 0.00250909 -0.000354078 0.00012844 0.00215385 0.00105155 0.00344681 -0.000995261 0.00115909
internal_weight=767 248 66 182 54 519 54 465 326 116 96 46 210 43
internal_count=767 248 66 182 54 519 54 465 326 116 96 46 210 43
is_linear=0
shrinkage=0.03


Tree=428
num_leaves=15
num_cat=0
split_feature=13 4 3 13 1 2 2 13 9 7 9 10 13 13
split_gain=0.47552 0.576131 0.450701 0.882878 0.733402 0.523798 0.376178 0.36306 0.516852 0.350045 0.342738 0.312332 0.293354 0.300729
threshold=3.9699398397909711 5.8748113740367325 8.2900783323641853 3.115735218115562 12.691863308820702 11.182712177033025 12.781084197121062 3.094662338278956 -0.33961250367033008 5.6500000000000012 -0.88784492709732687 0.24188504972319264 3.4282904644093786 2.5007776600261349
decision_type=8 2 2 10 2 2 2 10 2 2 2 2 8 10
left_child=1 2 5 -4 -5 7 -6 8 -1 11 -3 -9 13 -12
right_child=-2 10 3 4 6 -7 -8 9 -10 -11 12 -13 -14 -15
leaf_value=0.0055819385437641906 -0.00013637116740972954 8.6118439588070647e-05 -0.00015798508947868393 0.00055386862372913312 0.00025428686558839821 -0.0010442428939098161 0.00079508858097414141 -0.0007438128636130765 0.00021778776710966688 0.00019161329434822286 -0.00096485403476820634 3.8738571358924332e-05 -0.0010437406187383375 5.9527454340994549e-05
leaf_weight=20 176 32 56 20 24 43 20 44 30 29 31 24 43 175
leaf_count=20 176 32 56 20 24 43 20 44 30 29 31 24 43 175
internal_value=0.000246093 0.000653716 0.00154341 0.00297521 0.00535385 0.000628272 0.00306667 0.00147973 0.00352941 0.000397958 -0.000329788 -0.000782609 -0.000708001 -0.000231885
internal_weight=767 591 310 120 64 190 44 147 50 97 281 68 249 206
internal_count=767 591 310 120 64 190 44 147 50 97 281 68 249 206
is_linear=0
shrinkage=0.03


Tree=429
num_leaves=15
num_cat=0
split_feature=0 2 4 8 13 7 10 4 4 7 13 10 13 8
split_gain=0.867834 0.565343 0.765231 0.532378 0.712986 0.574214 0.568081 0.545414 0.434101 0.341171 0.281643 0.60974 0.417014 0.996172
threshold=9.8019906859244177 12.843178517469434 10.25411720906626 16.550000000000004 4.3313432520420472 4.6500000000000012 0.55438071450436011 3.0557336697513398 2.9830733695618465 5.4500000000000011 2.8524258917079828 -0.33125622319804088 2.9864873567517889 7.9000000000000012
decision_type=2 2 2 10 10 2 2 2 2 2 8 2 10 10
left_child=-1 2 3 4 5 -2 10 -8 -5 -3 11 -7 -12 -14
right_child=1 9 -4 8 -6 6 7 -9 -10 -11 12 -13 13 -15
leaf_value=0.00024286503328925215 -0.0069566806647919097 0.00054630380891080514 0.00036403929533656648 2.1629158384628264e-05 -0.0010400095970696994 -0.0026549735140322969 0.00020489255885305438 -0.015898146994398253 -0.0080302106837472839 -0.00015256598813361333 0.00053246202768757829 0.00062316930785210202 -0.0082150635983335336 0.00054506447171987144
leaf_weight=23 23 23 39 132 35 21 33 35 81 184 23 20 37 83
leaf_count=23 23 23 39 132 35 21 33 35 81 184 23 20 37 83
internal_value=0.00025725 8.18175e-05 0.000575488 0.000269083 0.00106109 0.00157609 0.00199209 -0.000347827 -0.000883178 -0.00125481 0.00285405 0.000642856 0.00347917 0.00272727
internal_weight=792 769 562 523 310 275 252 68 213 207 184 41 143 120
internal_count=792 769 562 523 310 275 252 68 213 207 184 41 143 120
is_linear=0
shrinkage=0.03


Tree=430
num_leaves=15
num_cat=0
split_feature=4 13 4 13 8 9 1 2 13 13 13 9 2 8
split_gain=0.620545 0.357906 0.635031 0.492084 0.503785 0.522243 0.658789 2.12461 0.439371 0.351924 0.436405 0.92864 0.480021 0.513494
threshold=9.5316258200584567 3.9699398397909711 5.7588569908510134 3.3581807369931798 7.9000000000000012 0.62577451934763018 13.365217715248329 10.370668320987154 3.2837557712968031 2.3558523928899047 3.1313711311317358 0.31062854169311122 7.5170110799556467 9.4500000000000011
decision_type=2 8 2 10 10 2 2 2 10 10 10 2 2 10
left_child=1 3 -3 8 -5 6 7 -6 9 -1 12 -12 -11 -14
right_child=-2 2 -4 4 5 -7 -8 -9 -10 10 11 -13 13 -15
leaf_value=0.00044707872133546922 -0.0001018882550804023 -0.001134101482987464 0.00099656059373430528 -0.0051920989544098767 7.6045879249527902e-05 2.8677797298793769e-05 0.000296879933272931 0.0028942851184312981 -0.0024269959859646215 0.0050267170469793787 -0.0007262882834360425 0.0098602585131402163 0.00050705183005763125 -0.0033451147026542479
leaf_weight=24 194 97 28 21 24 35 33 23 29 27 40 22 23 147
leaf_count=24 194 97 28 21 24 35 33 23 29 27 40 22 23 147
internal_value=0.000324218 0.000820557 -0.000595239 0.00121603 0.00271533 0.00349138 0.00481481 0.0070625 0.00055591 0.000919013 0.000588461 0.0027619 -0.000106061 -0.000701755
internal_weight=767 573 125 448 136 115 80 47 312 283 259 62 197 170
internal_count=767 573 125 448 136 115 80 47 312 283 259 62 197 170
is_linear=0
shrinkage=0.03


Tree=431
num_leaves=15
num_cat=0
split_feature=0 9 1 2 1 2 10 0 2 3 3 3 0 3
split_gain=0.57072 0.407999 0.46481 0.489799 0.940426 0.998413 0.460866 0.409851 0.289969 0.340421 0.286533 0.390141 0.410974 0.517316
threshold=9.8019906859244177 0.99904836074301928 14.998602754694193 11.79060985757101 13.72490307704015 12.276427878909496 -0.51128821893537901 15.165964624442799 11.341104888915236 10.224583129681685 9.3983374491800955 8.6458923996998873 14.688961644750499 7.6554457920086589
decision_type=2 2 2 2 2 2 2 2 2 2 2 2 2 2
left_child=-1 2 3 8 5 -5 -6 -8 9 10 11 12 -2 -14
right_child=1 -3 -4 4 6 -7 7 -9 -10 -11 -12 -13 13 -15
leaf_value=0.00022415804456583086 -6.9596681470550091e-05 0.0003654985136642424 -9.6535879288214095e-05 0.00046788291625408598 -0.00057739643827421096 0.00015296537546592311 -4.794275510816022e-05 0.00025542838491817305 -0.013138050350412224 0.00036764113165723252 -0.0027298509449333007 0.00092850221393937879 0.0011206131500833476 -0.0010810300848686633
leaf_weight=22 137 26 166 27 44 35 47 40 64 35 30 34 33 23
leaf_count=22 137 26 166 27 44 35 47 40 64 35 30 34 33 23
internal_value=0.000302355 0.000157681 2.0949e-05 0.000441817 0.00165464 0.00466667 0.000204545 0.00146591 -0.000218488 0.0001843 -0.000197675 0.000171052 -0.000355671 0.00178947
internal_weight=763 741 715 549 193 62 131 87 356 292 257 227 193 56
internal_count=763 741 715 549 193 62 131 87 356 292 257 227 193 56
is_linear=0
shrinkage=0.03


Tree=432
num_leaves=15
num_cat=0
split_feature=10 9 1 8 8 9 10 7 1 9 1 3 3 8
split_gain=0.539056 0.419883 0.445521 0.696647 0.950936 0.515004 0.428015 0.550024 0.456129 0.411231 0.578376 0.381815 0.714475 0.377363
threshold=0.99572243068690536 0.99904836074301928 14.900169752913497 8.8500000000000032 7.7500000000000009 0.25881904510252091 -0.9141673389828272 6.4500000000000011 13.108220557541628 -0.70710678118654735 12.691863308820702 8.4152656841796283 10.885448512911251 24.100000000000005
decision_type=2 2 2 10 8 2 2 2 2 2 2 2 2 10
left_child=1 2 3 4 5 -1 7 8 -5 10 -8 -12 -13 -11
right_child=-2 -3 -4 6 -6 -7 9 -9 -10 13 11 12 -14 -15
leaf_value=-0.00013511293702852994 0.0029736286719302236 0.00040474174793025784 -5.7705063153032782e-05 0.00063526243799142388 0.00059074893741366545 0.00065511676089915637 -0.0012147824147156169 0.0050567349692459008 -0.0036591702862542874 -0.0002236666144136931 -2.2235022002077043e-05 0.0013150757680937244 -6.2268950726648408e-06 2.809915955231725e-05
leaf_weight=42 22 25 167 21 20 28 31 23 39 173 22 20 23 113
leaf_count=42 22 25 167 21 20 28 31 23 39 173 22 20 23 113
internal_value=0.000432467 0.00029278 0.000157676 0.000566546 0.00296703 0.0012676 9.65658e-05 0.00203571 0.000491803 -0.000328982 0.00136082 0.00295454 0.00456818 -0.000898955
internal_weight=769 747 722 555 90 70 465 83 60 382 96 65 43 286
internal_count=769 747 722 555 90 70 465 83 60 382 96 65 43 286
is_linear=0
shrinkage=0.03


Tree=433
num_leaves=15
num_cat=0
split_feature=5 3 2 3 1 2 0 3 9 9 0 3 0 9
split_gain=0.740464 0.458757 0.815565 0.377265 0.446919 0.626498 0.549352 1.03011 0.253319 0.500149 0.515146 0.227056 0.20597 0.195281
threshold=5.6540564351703724 8.9336969895898921 12.590083225196294 11.845275024060692 13.98922316130106 11.571192012573325 12.99662366452964 10.23703692671762 0.76883451325334917 -0.25881904510252113 15.436835921019592 10.553335643304402 16.55394079135576 -0.74458692413791694
decision_type=2 2 2 2 2 2 2 2 2 2 2 2 2 2
left_child=1 13 3 4 6 -6 -3 -8 9 10 -4 -7 -2 -1
right_child=12 2 8 -5 5 11 7 -9 -10 -11 -12 -13 -14 -15
leaf_value=-6.461134404780764e-05 -0.00014097032049182646 0.00029289562694915703 9.2224695916752681e-05 -0.001674659865550405 -0.0086598692604953932 0.0013931116639354711 0.00023615722534935107 0.0096016935802212249 0.0013459002932798929 -0.00068440945637933263 -0.00014397169353792306 9.1350569490838111e-05 -0.0010360518836542308 8.3398361452549198e-07
leaf_weight=54 108 32 40 25 20 20 30 22 36 55 20 21 25 250
leaf_count=54 108 32 40 25 20 20 30 22 36 55 20 21 25 250
internal_value=0.000166007 0.000599041 0.0013882 0.00280702 0.00339041 0.00140323 0.0048 0.00667924 -0.000217106 -0.000905173 0.000983606 0.0035 -0.00185821 -0.000236066
internal_weight=758 625 321 170 145 61 84 52 151 115 60 41 133 304
internal_count=758 625 321 170 145 61 84 52 151 115 60 41 133 304
is_linear=0
shrinkage=0.03


Tree=434
num_leaves=15
num_cat=0
split_feature=3 13 13 13 2 1 13 8 11 13 8 1 8 13
split_gain=0.639065 0.609344 0.469464 0.437386 0.37766 1.86478 0.844896 0.609623 0.57135 0.435977 0.373967 0.61456 0.301926 0.289738
threshold=11.535534343685503 2.3558523928899047 4.5460005040321692 2.6600494875419574 10.370668320987154 13.076813198341064 2.9679125553228172 14.050000000000002 1.0000000180025095e-35 2.8780245840889473 14.850000000000003 12.81764612147 8.3000000000000025 2.5921133604243618
decision_type=2 8 10 8 2 2 8 10 2 10 10 2 10 8
left_child=1 -1 3 -3 10 8 9 -8 -6 -7 11 12 -5 -2
right_child=13 2 -4 4 5 6 7 -9 -10 -11 -12 -13 -14 -15
leaf_value=0.00037684118771827668 0.00028098752895495277 -0.00010322725816086093 -0.0040468764738887985 0.00048023256172922708 0.0003673067053996408 0.00034484223902231582 0.00046560988091499608 -0.0007810159561809424 0.0032130729073411293 0.0015068582361317927 -0.0044880316535680625 0.00021985486251853648 -3.8461625251142111e-05 -0.00015980134470408071
leaf_weight=20 25 53 33 23 55 22 86 92 20 20 83 31 38 181
leaf_count=20 25 53 33 23 55 22 86 92 20 20 83 31 38 181
internal_value=0.000183907 0.000696706 0.000506283 0.000727099 0.00101911 0.0016723 0.000271493 -0.000636872 0.00572368 0.00404651 -8.5228e-05 0.00122581 -0.000532259 -0.00124638
internal_weight=782 576 556 523 470 295 220 178 75 42 175 92 61 206
internal_count=782 576 556 523 470 295 220 178 75 42 175 92 61 206
is_linear=0
shrinkage=0.03


Tree=435
num_leaves=15
num_cat=0
split_feature=4 0 1 7 1 13 3 4 1 3 10 12 0 1
split_gain=0.36538 0.306392 0.567185 1.27573 0.251089 0.561114 0.442914 0.396552 0.384171 0.347309 0.280494 0.279552 0.219822 0.274296
threshold=12.698931279552667 14.413020877429942 12.969813580365047 5.5500000000000007 14.900169752913497 2.3612734380892113 5.6758969040294156 10.411195917600601 14.637936286036775 12.818920483073411 0.074102141141256975 2.5000000000000004 9.8019906859244177 13.030851436507916
decision_type=2 2 2 2 2 10 2 2 2 2 2 10 2 2
left_child=1 12 3 -3 5 -4 -7 8 -8 10 11 -6 -1 -14
right_child=-2 2 4 -5 9 6 7 -9 -10 -11 -12 -13 13 -15
leaf_value=0.00018504775057365841 -0.00065660316696703424 -0.0010190341224785857 0.0025380364292710332 0.00067406230953660968 0.00055464016733033721 0.0025502118250884677 -0.00062626823641316197 9.0171786969487584e-05 0.0003129304901450193 0.0022317329081891031 -0.00011349424143573391 -0.00025437946103230684 -7.4006892789227783e-05 6.3685470221820983e-06
leaf_weight=22 33 20 20 22 38 36 126 22 34 35 51 33 173 102
leaf_count=22 33 20 20 22 38 36 126 22 34 35 51 33 173 102
internal_value=0.000128906 0.000269387 0.000773972 0.00404651 0.000416666 0.00102929 0.000575342 -3.27876e-05 -0.000559007 -0.000512659 -0.00126829 -4.16674e-05 -0.000473155 -0.000706522
internal_weight=767 734 437 42 395 238 218 182 160 157 122 71 297 275
internal_count=767 734 437 42 395 238 218 182 160 157 122 71 297 275
is_linear=0
shrinkage=0.03


Tree=436
num_leaves=15
num_cat=0
split_feature=9 1 9 10 4 10 9 4 3 2 9 1 3 2
split_gain=0.566305 0.614834 0.275301 0.268419 0.261513 0.268433 0.274693 0.371154 0.380804 0.601542 0.405608 0.514826 1.10689 0.786872
threshold=0.99904836074301928 14.975208757280489 -0.9905481240967402 0.99572243068690536 11.486674624136654 0.87448649832168279 0.93540483100319627 10.25411720906626 10.58297939906983 11.732151351909677 -0.52048723568399791 12.235778900783295 1.0000000180025095e-35 7.2056963496132722
decision_type=2 2 2 2 2 2 2 2 2 2 2 2 2 2
left_child=1 2 -1 4 5 6 7 8 9 10 -4 13 -13 -12
right_child=-2 -3 3 -5 -6 -7 -8 -9 -10 -11 11 12 -14 -15
leaf_value=8.4808933111207936e-05 0.00062010278614745018 -9.5056864820678048e-05 -6.6463039281131181e-05 0.0028035530802122169 -0.00026890978624440347 -0.00041373918107118668 -6.9008442322247921e-05 0.00029398901574380793 -0.00020429000158211002 0.0011919158083131612 -0.0001762799971547166 0.00049814144669510659 -0.0039630424327383668 0.00062714085604206697
leaf_weight=33 22 170 77 22 21 58 53 23 88 38 23 28 79 33
leaf_count=33 22 170 77 22 21 58 53 23 88 38 23 28 79 33
internal_value=0.000319895 0.000176706 0.000644713 0.000479779 0.00033908 0.000479041 0.000731376 0.00100769 0.000768392 0.00131183 0.000746887 0.00159146 0.00036111 0.00389474
internal_weight=768 746 576 543 521 500 442 389 366 278 240 163 107 56
internal_count=768 746 576 543 521 500 442 389 366 278 240 163 107 56
is_linear=0
shrinkage=0.03


Tree=437
num_leaves=15
num_cat=0
split_feature=1 0 2 4 3 0 0 2 2 8 10 7 3 8
split_gain=0.452009 0.503044 0.366908 0.845603 0.463277 0.321302 0.290618 0.260067 0.456607 0.351157 0.327825 0.260273 0.603734 0.369258
threshold=14.998602754694193 15.10255548989384 11.106957157700093 3.2672576590843554 8.4152656841796283 10.920792088380225 16.796863756150177 10.370668320987154 10.705594722311679 11.160000000000002 -0.70710678118654757 6.4500000000000011 10.751432343955155 30.050000000000004
decision_type=2 2 2 2 2 2 2 2 2 10 2 2 2 10
left_child=1 5 3 -3 -4 -1 -2 10 -9 -10 -7 13 -13 -11
right_child=6 2 4 -5 -6 7 -8 8 9 11 -12 12 -14 -15
leaf_value=0.00078770508674000936 -0.00071563302811507594 0.0004311634833173102 -0.0069714717517059405 -0.00014745166540254152 0.00028198149849952296 0.00020126433248863644 8.4187300889651952e-06 0.00065402784648260933 0.00036563424761598446 -0.00083824996246105227 -5.4166136219999117e-05 0.0037457000461307926 -0.00034229769087710615 0.00018772394949974203
leaf_weight=33 131 21 25 22 97 43 42 27 34 83 96 25 46 31
leaf_count=33 131 21 25 22 97 43 42 27 34 83 96 25 46 31
internal_value=-0.000261559 0.000138698 0.00153614 0.00388636 0.000682926 -0.000415275 -0.00160345 -0.000660622 -7.28752e-05 -0.000531819 -0.00169286 -0.00104839 0.000374999 -0.00193044
internal_weight=756 583 165 43 122 418 173 385 246 219 139 185 71 114
internal_count=756 583 165 43 122 418 173 385 246 219 139 185 71 114
is_linear=0
shrinkage=0.03


Tree=438
num_leaves=15
num_cat=0
split_feature=10 3 4 13 13 7 10 4 4 13 13 13 7 13
split_gain=0.410741 0.335584 0.612928 0.34668 0.323499 0.356236 0.296982 0.301087 0.372335 0.588643 1.14516 0.473324 0.620706 0.330549
threshold=0.99572243068690536 11.535534343685503 10.411195917600601 4.3957595904073594 4.1811827426291357 7.4500000000000011 0.87448649832168279 9.5316258200584567 1.8598255563903452 2.9919088666731111 2.7862603324970561 3.2625360962012806 6.0100000000000007 3.8088337008098008
decision_type=2 2 2 10 10 2 2 2 2 10 8 10 2 8
left_child=1 2 3 4 5 6 7 8 13 10 -10 -11 -13 -1
right_child=-2 -3 -4 -5 -6 -7 -8 -9 9 11 -12 12 -14 -15
leaf_value=1.2764337981345065e-05 0.003757078176050021 -0.00010928483210861222 0.0001144154064148191 -0.0043104522098214642 0.00062783495341974785 0.00091199125762159573 -0.0037196430286239703 -0.00063632000204725831 8.1143884426857412e-05 -0.012352251172624401 0.0010790218092858017 -0.0076765565467090558 0.0057698781202056614 -0.00017401069497299562
leaf_weight=176 20 198 21 45 33 21 44 24 39 30 21 34 31 35
leaf_count=176 20 198 21 45 33 21 44 24 39 30 21 34 31 35
internal_value=0.000147477 3.18718e-05 0.00041081 0.000207864 0.000441717 0.000230262 4.13786e-05 0.000306905 0.00052316 0.00163461 0.00393443 0.000156249 0.00159091 -0.000297171
internal_weight=772 752 554 533 488 455 434 390 366 155 60 95 65 211
internal_count=772 752 554 533 488 455 434 390 366 155 60 95 65 211
is_linear=0
shrinkage=0.03


Tree=439
num_leaves=15
num_cat=0
split_feature=1 1 13 1 1 13 1 8 8 3 13 13 13 4
split_gain=0.405938 0.710921 0.893446 0.769854 0.346115 0.255851 0.246304 0.404111 0.468992 0.365486 0.319599 0.372238 0.405627 0.206034
threshold=12.464632166986043 13.096308965802882 3.1484041045277098 12.74237591004138 13.458023127149827 2.3558523928899047 14.446425279696719 9.943500000000002 33.050000000000004 8.4730319460816848 4.5196178450035118 3.416460622098374 3.2755723530519245 9.008921551762926
decision_type=2 2 10 2 2 8 2 10 10 2 10 8 10 2
left_child=-1 2 -2 -4 -3 -6 7 -7 9 -9 11 12 13 -8
right_child=1 4 3 -5 5 6 10 8 -10 -11 -12 -13 -14 -15
leaf_value=-0.00020383109530382133 -2.5343951714738845e-05 -0.0018002459046250552 6.6625419726465952e-05 0.00065883129593282352 0.0001010550015734339 0.00040170203419340764 -0.0035822090719773254 0.0011885077455524458 0.0080680982483959905 -0.0084643266815169291 0.00057515726760637637 -0.00029990545327034589 0.0054888384779446216 0.00012831658463667231
leaf_weight=165 33 58 30 21 32 37 49 39 21 84 29 92 23 54
leaf_count=165 33 58 30 21 32 37 49 39 21 84 29 92 23 54
internal_value=-0.000222657 0.000139303 0.00268235 0.00513461 -0.000277457 -7.13704e-10 -0.000195805 0.000642856 -8.27593e-05 -0.000798388 -0.000810485 -0.00120548 -0.000141733 -0.000951924
internal_weight=767 602 84 51 518 460 428 181 144 123 247 218 126 103
internal_count=767 602 84 51 518 460 428 181 144 123 247 218 126 103
is_linear=0
shrinkage=0.03


Tree=440
num_leaves=15
num_cat=0
split_feature=2 2 4 10 13 12 8 0 5 7 7 2 10 12
split_gain=0.650617 0.716548 0.680971 0.868804 0.343794 0.532685 0.412634 0.360133 0.327815 0.539685 0.861123 0.500277 0.321754 0.481101
threshold=10.143739957950142 11.182712177033025 3.0557336697513398 0.70244862051411394 3.897711265566699 1.5000000000000002 22.900000000000002 13.487823519582937 8.4353839539398141 5.8500000000000005 6.7500000000000009 13.115985252667707 -0.47114434510950037 1.5000000000000002
decision_type=2 2 2 2 8 10 10 2 2 2 2 2 2 10
left_child=-1 2 3 -2 5 7 -7 -3 9 -9 11 -11 -4 -14
right_child=1 4 12 -5 -6 6 -8 8 -10 10 -12 -13 13 -15
leaf_value=-4.0612750094381407e-05 4.978593325266855e-05 -9.0035033290790834e-05 -0.0034248475850925729 0.0036528918387847024 -0.0001301787417470779 0.00024241694304905052 -0.00016761186937519479 -0.00033743707515730079 -0.00077903194173600647 0.0010140937147948602 -6.1602890752094627e-05 7.133597085713284e-05 0.0039173896656402359 -0.0025614079280097536
leaf_weight=180 37 35 29 24 115 43 23 96 39 36 43 22 27 20
leaf_count=180 37 35 29 24 115 43 23 96 39 36 43 22 27 20
internal_value=8.18175e-05 0.000564406 0.00245652 0.00479032 -1.32457e-05 0.000470413 0.00286567 -0.000121324 0.000303797 0.00080303 0.00232353 0.00467797 0.000545454 0.0020625
internal_weight=769 589 137 61 452 337 66 271 236 197 101 58 76 47
internal_count=769 589 137 61 452 337 66 271 236 197 101 58 76 47
is_linear=0
shrinkage=0.03


Tree=441
num_leaves=15
num_cat=0
split_feature=2 2 2 2 0 1 9 0 1 0 9 1 9 13
split_gain=0.408543 0.349978 0.500539 0.372799 0.470538 0.341347 0.352139 0.286742 0.339776 0.515035 0.426146 0.258012 0.388656 0.773502
threshold=14.45054107601125 10.143739957950142 7.3287099632352914 10.729029416456493 14.722880896086263 12.235778900783295 0.25881904510252091 13.487823519582937 13.076813198341064 14.366276427545849 -0.25881904510252113 13.528879162832235 0.76883451325334917 2.8888307077117577
decision_type=2 2 2 2 2 2 2 2 2 2 2 2 2 8
left_child=1 2 5 4 -3 6 -1 -5 -9 10 -10 -11 -13 -14
right_child=-2 3 -4 7 -6 -7 -8 8 9 11 -12 12 13 -15
leaf_value=-0.0019543060979869318 -0.00011550371421728335 6.924724839395037e-05 -8.6522682683022806e-05 -5.9384490722998958e-05 0.0011334545872094162 0.0013203919026574256 0.00026604906603570737 0.00017593510178927523 0.00045069460521851849 -0.0088762143091259942 -0.0001291131759661133 -7.755491686484034e-05 -0.001365558936593 0.0020442986087083562
leaf_weight=34 54 39 108 73 22 20 20 37 22 25 25 243 23 31
leaf_count=34 54 39 108 73 22 20 20 37 22 25 25 243 23 31
internal_value=9.26634e-05 0.000282157 -0.00085246 0.000665434 0.00285484 0.00104 -0.000218183 0.000381249 0.000692874 0.000413513 0.0033125 -1.85766e-05 0.000231543 0.00250909
internal_weight=776 722 182 540 61 74 54 479 406 369 47 322 297 54
internal_count=776 722 182 540 61 74 54 479 406 369 47 322 297 54
is_linear=0
shrinkage=0.03


Tree=442
num_leaves=15
num_cat=0
split_feature=0 1 10 10 3 10 8 2 1 10 1 2 2 2
split_gain=0.447313 0.894438 0.827869 1.32359 1.0974 0.349353 0.49267 0.523121 0.325671 0.369335 0.269252 0.48517 0.789114 0.283603
threshold=14.647590489948511 14.870193699725702 -0.62241982464324219 0.25881904510252057 8.9336969895898921 -0.78387299218671014 12.950000000000001 10.705594722311679 14.047485353627158 0.84683958865924192 13.047994616353003 11.940553063866398 11.124054858583177 13.944435999841732
decision_type=2 2 2 2 2 2 10 2 2 2 2 2 2 2
left_child=5 2 -2 4 -4 6 -1 -8 -5 -10 -7 12 -12 -13
right_child=1 -3 3 8 -6 10 7 -9 9 -11 11 13 -14 -15
leaf_value=-0.0026524423055218293 -0.00018430658718820487 -3.8537675384174538e-05 0.00011114538847372834 -0.00022790492816337346 0.0011030531156348701 -0.00010072005640070171 0.001055909856815172 -6.7257725334793743e-05 -0.01071686173176079 0.00064495005142157298 -0.0010030558511700065 -0.0027362014767517481 0.00053657822679825347 7.5583834964789317e-06
leaf_weight=31 78 177 25 34 39 155 27 37 23 31 24 45 27 21
leaf_count=31 78 177 25 34 39 155 27 37 23 31 24 45 27 21
internal_value=0.000294193 0.00097794 0.00220779 0.0034902 0.00673846 -0.000464675 0.00109375 0.00258461 0.00107865 0.00250909 -0.00101099 7.62705e-05 0.00225 -0.00161194
internal_weight=774 407 230 152 64 367 95 64 88 54 272 117 51 66
internal_count=774 407 230 152 64 367 95 64 88 54 272 117 51 66
is_linear=0
shrinkage=0.03


Tree=443
num_leaves=15
num_cat=0
split_feature=3 3 0 11 10 3 13 1 3 1 13 10 10 0
split_gain=0.503772 0.470708 0.52419 0.584977 1.5286 0.490397 0.450672 0.44776 0.438027 0.855521 0.333201 0.278528 0.278356 0.511343
threshold=11.535534343685503 10.224583129681685 13.991588878044549 1.0000000180025095e-35 -0.5 9.5902192356746792 3.2877271959001342 12.205696820552394 7.5909278755257086 13.747592277435531 2.5921133604243618 0.75023006073889131 -0.76037701167087501 14.130455959438626
decision_type=2 2 2 2 2 2 10 2 2 2 8 2 2 2
left_child=1 5 7 4 -4 6 8 -3 11 -10 -2 12 -1 -14
right_child=10 2 3 -5 -6 -7 -8 -9 9 -11 -12 -13 13 -15
leaf_value=-0.00019328656034689313 8.3706426017301434e-05 0.00085936667435393107 3.5716159270248813e-05 -5.013990161442551e-06 0.00069480926044068443 -0.0014400337782671311 -5.0346934440305294e-05 -0.00038938119355934905 0.00084879552527087634 -0.0041585116224403303 -0.00012132060016837138 -0.0015683282561422397 -1.819276058549781e-05 0.0038931822442992651
leaf_weight=30 32 20 32 36 26 59 175 28 33 31 179 31 30 23
leaf_count=30 32 20 32 36 26 59 175 28 33 31 179 31 30 23
internal_value=9.79105e-05 0.000572972 0.00205594 0.00334737 0.00518644 5.81107e-05 0.00048305 -0.000489797 0.0015419 0.00350769 -0.00114623 0.000417391 0.00132143 0.00261111
internal_weight=765 554 142 94 58 412 353 48 178 64 211 114 83 53
internal_count=765 554 142 94 58 412 353 48 178 64 211 114 83 53
is_linear=0
shrinkage=0.03


Tree=444
num_leaves=15
num_cat=0
split_feature=0 7 8 0 4 3 8 8 7 3 1 0 8 13
split_gain=0.39588 0.417629 0.462487 0.410781 0.34094 0.368881 0.340928 0.490746 0.402665 0.371661 0.339655 0.972649 0.738618 0.410159
threshold=17.032546185651189 4.7500000000000009 15.050000000000002 11.74135125195404 11.854837425371402 8.2900783323641853 44.050000000000004 34.050000000000004 6.8500000000000005 11.318249180589772 12.87360895897301 15.142157092473232 11.050000000000002 3.856502663628596
decision_type=2 2 10 2 2 2 10 10 2 2 2 2 10 8
left_child=1 -1 3 -3 5 -4 7 8 -7 -10 -5 12 -12 -13
right_child=-2 2 4 10 -6 6 -8 -9 9 -11 11 13 -14 -15
leaf_value=-0.0051754471529032731 -7.5982511753087368e-05 0.00011694526696388912 -0.0017847296774995203 -1.7148207175518615e-05 -0.00025681377989127704 -0.0001041125848428459 -0.0004609951256284263 0.0019342422089728604 0.0028204295679203233 -0.0029909399588381002 0.0006005641044866376 0.00013136470350932108 0.00035398276367271217 -0.0034642505082969608
leaf_weight=64 36 21 86 68 37 131 21 43 20 20 33 91 39 43
leaf_count=64 36 21 86 68 37 131 21 43 20 20 33 91 39 43
internal_value=0.000107426 0.00026323 0.000490825 0.00136824 -0.000233984 8.38502e-05 0.000699152 0.00106046 0.000331395 0.00292683 0.00104727 0.00165217 0.00443836 0.000133333
internal_weight=753 717 653 295 358 321 235 214 171 40 274 206 72 134
internal_count=753 717 653 295 358 321 235 214 171 40 274 206 72 134
is_linear=0
shrinkage=0.03


Tree=445
num_leaves=15
num_cat=0
split_feature=1 8 8 1 0 12 13 13 0 7 1 13 0 2
split_gain=0.446728 0.585439 0.955004 0.528123 0.471674 0.501071 0.392482 0.371348 0.435994 0.502548 0.938528 0.358168 0.344798 0.974252
threshold=14.870193699725702 8.4500000000000011 6.4150000000000009 13.528879162832235 16.128161472794346 2.5000000000000004 4.5460005040321692 3.3581807369931798 12.903931217516108 5.7500000000000009 13.154072050558062 3.3996264723206955 14.784937982753648 11.797096747488046
decision_type=2 10 8 2 2 10 10 10 2 2 2 8 2 2
left_child=1 2 3 -1 5 7 11 12 -9 10 -10 -2 -3 -14
right_child=6 4 -4 -5 -6 -7 -8 8 9 -11 -12 -13 13 -15
leaf_value=-0.00021067754227628471 -3.7703459106700662e-06 -9.9829610821832956e-05 0.00058224300400390753 0.0022754411484115777 0.00028403003450402919 -0.0020274009669881024 8.9380253269896322e-05 0.0010215461888529764 -6.7216547213532098e-05 -0.0014587009558065613 0.00036827780384687369 -5.265626906939714e-05 -0.013936131182523209 0.0020099309032718879
leaf_weight=33 99 200 33 27 37 65 20 20 21 41 23 80 35 38
leaf_count=33 99 200 33 27 37 65 20 20 21 41 23 80 35 38
internal_value=0.000186286 0.000611498 0.0027766 0.000491803 0.000187109 -8.78386e-05 -0.001035 0.000332453 0.00183962 0.000872092 0.00306667 -0.00148333 -0.000251826 0.0015
internal_weight=772 573 93 60 480 443 199 378 105 85 44 179 273 73
internal_count=772 573 93 60 480 443 199 378 105 85 44 179 273 73
is_linear=0
shrinkage=0.03


Tree=446
num_leaves=15
num_cat=0
split_feature=1 1 4 0 0 9 13 7 13 3 10 8 8 13
split_gain=0.439049 0.421121 0.582993 0.731471 0.57061 0.391539 0.525437 0.953003 0.515625 0.334451 0.607444 0.541754 0.463695 0.272287
threshold=15.400594943955591 14.624153459243436 9.7631256153071941 16.138560275347086 15.244436878798481 0.93540483100319627 3.3561661032022831 6.2500000000000009 3.856502663628596 9.5902192356746792 0.75023006073889131 21.250000000000004 11.950000000000001 4.3957595904073594
decision_type=2 2 2 2 2 2 8 2 10 2 2 10 10 10
left_child=1 5 3 4 -3 6 9 13 -9 10 11 12 -1 -8
right_child=-2 2 -4 -5 -6 -7 7 8 -10 -11 -12 -13 -14 -15
leaf_value=9.8131043011013343e-05 -8.6367008936395211e-05 0.00040140826622193367 -6.3558151448566392e-05 -0.00011960899057169448 0.00075085716503608469 -0.00023119839978051672 9.7200618180862746e-05 0.0030539913785099732 0.00034589664526113787 -0.00049621013787565476 -0.0063085963772885802 0.00073618180917855145 -0.00053118913784798568 -0.00084851642768459326
leaf_weight=31 125 29 35 27 29 68 125 27 20 118 35 35 38 20
leaf_count=31 125 29 35 27 29 68 125 27 20 118 35 35 38 20
internal_value=7.07725e-05 0.000390281 0.00198347 0.00331395 0.00518644 1.73738e-05 0.000339999 0.00152332 0.0051875 -0.000546512 0.000449999 0.0016 4.28564e-05 0.000308218
internal_weight=762 637 120 85 58 517 449 192 47 257 139 104 69 145
internal_count=762 637 120 85 58 517 449 192 47 257 139 104 69 145
is_linear=0
shrinkage=0.03


Tree=447
num_leaves=15
num_cat=0
split_feature=7 13 3 13 3 1 4 7 10 3 13 13 3 13
split_gain=0.304117 0.361455 0.461868 0.54965 0.368236 0.436208 0.429013 0.407906 0.370447 0.332424 0.338465 0.328036 0.357816 0.675039
threshold=4.6500000000000012 2.8866416164235793 11.535534343685503 2.9864873567517889 10.224583129681685 13.154072050558062 7.91168390765485 4.9500000000000011 0.13052619222005152 12.243148930164491 3.3187814788102741 4.3711168165112104 1.0000000180025095e-35 3.7650858210772653
decision_type=2 8 2 8 2 2 2 2 2 2 8 10 2 8
left_child=-1 -2 3 -3 6 -6 7 -5 -7 -4 -11 12 13 -9
right_child=1 2 9 4 5 8 -8 11 -10 10 -12 -13 -14 -15
leaf_value=-0.0042352329945661137 -7.0296589882791775e-05 0.00074282368163488784 -0.0029695637469915161 -0.0021260502449135387 0.0007348516498797144 0.00033958364255771409 -0.0028187772126340911 0.025812621125744735 -0.00030598236612823857 -0.004680878744775051 0.00011846856573588703 -0.00083427490857253554 5.1454764620329291e-05 -4.3452396330850297e-05
leaf_weight=47 170 35 48 26 33 28 35 27 35 37 60 29 138 22
leaf_count=47 170 35 48 26 33 28 35 27 35 37 60 29 138 22
internal_value=-7.14328e-10 0.000153314 0.00052527 0.00104156 0.00069786 0.00228866 0.000140287 0.000592592 0.000796874 -0.000924658 9.1836e-05 0.00102304 0.00148404 0.00366
internal_weight=770 723 553 408 373 96 277 242 63 145 97 216 187 49
internal_count=770 723 553 408 373 96 277 242 63 145 97 216 187 49
is_linear=0
shrinkage=0.03


Tree=448
num_leaves=15
num_cat=0
split_feature=1 2 13 13 7 7 1 10 3 10 4 10 1 13
split_gain=0.512502 0.342458 0.490495 0.337503 0.548311 0.764036 0.487169 0.678417 0.797655 0.7212 0.468615 0.416486 0.261551 0.341945
threshold=15.505743709361562 9.1420011737795033 3.066571616749731 3.616104401834237 6.1500000000000012 5.1500000000000012 14.301187463605904 0.074102141141256975 10.539482179169886 0.94490267940017758 9.8794483187933242 -0.33125622319804088 12.034400743951482 2.7908015742059882
decision_type=2 2 10 10 2 2 2 2 2 2 2 2 2 10
left_child=1 2 -1 6 5 -5 12 8 -8 -9 -10 -6 -3 -14
right_child=-2 3 -4 4 11 -7 7 9 10 -11 -12 -13 13 -15
leaf_value=3.5640795131347236e-05 -0.00099911086066613287 0.00021839980428081408 -0.0014575424096096379 -0.0045211107682863964 0.00031084751607740428 0.00066663567013213398 -0.0016372885870277693 -0.00024310734085457376 0.00043847929765094472 0.0001222559901781939 0.012176692168776006 -0.00016764410054178637 0.00022872564321756451 -0.00017347879973137999
leaf_weight=39 106 29 73 22 29 73 24 49 21 20 20 29 48 179
leaf_count=39 106 29 73 22 29 73 24 49 21 20 20 29 48 179
internal_value=7.48024e-05 0.000388719 -0.00111504 0.000700367 0.00188961 0.00328125 0.000230178 0.00168889 0.00386364 -0.000385715 0.00635714 -0.00040678 -0.000536966 -0.00088158
internal_weight=761 655 112 543 153 95 390 134 65 69 41 58 256 227
internal_count=761 655 112 543 153 95 390 134 65 69 41 58 256 227
is_linear=0
shrinkage=0.03


Tree=449
num_leaves=15
num_cat=0
split_feature=2 13 2 1 8 1 2 7 1 2 1 3 3 7
split_gain=0.571253 0.546302 1.13612 0.677512 0.448117 0.497156 0.36695 0.651377 0.564823 0.317276 0.355779 0.414011 0.762495 0.618028
threshold=10.393408637961196 4.3615325484691922 13.368459416465091 15.505743709361562 9.0500000000000025 11.961307360333359 11.08522138836333 6.0100000000000007 15.332881265184389 13.971358493963711 12.640822240966397 10.402791739036198 11.094983732226657 6.7500000000000009
decision_type=2 10 2 2 10 2 2 2 2 2 2 2 2 2
left_child=4 3 -3 6 5 -1 7 -2 9 10 -8 -12 -13 -14
right_child=1 2 -4 -5 -6 -7 8 -9 -10 -11 11 12 13 -15
leaf_value=0.00045521704654420534 0.00052133027544767896 -1.2454450655575867e-05 0.00058959512452974605 -0.00015024778754670474 -0.00012420461965869484 -0.00026181637142877619 -0.001355965826760792 -0.0001395930328295924 0.0058685462906186321 -0.00021998545624159622 -8.359407153912523e-06 0.00040561370228652649 0.00033202647198654557 -0.00042359849690777851
leaf_weight=23 37 36 22 93 147 22 36 31 26 24 127 32 66 27
leaf_count=23 37 36 22 93 147 22 36 31 26 24 127 32 66 27
internal_value=0.000443999 0.000930107 0.00366102 0.000605999 -0.000963731 0.00163043 0.00113513 0.00313043 0.000725663 0.000364217 0.000643598 0.00104348 0.0022619 0.000861701
internal_weight=749 557 58 499 192 45 406 68 338 312 288 252 125 93
internal_count=749 557 58 499 192 45 406 68 338 312 288 252 125 93
is_linear=0
shrinkage=0.03


Tree=450
num_leaves=15
num_cat=0
split_feature=1 2 2 7 9 2 8 12 8 2 7 2 9 7
split_gain=0.416016 0.599274 0.652914 0.714475 0.368898 0.311064 0.342019 0.291363 0.535835 0.455508 0.27964 0.521587 0.308476 0.279866
threshold=14.870193699725702 10.370668320987154 10.748244266282402 5.8500000000000005 0.76883451325334917 1.0000000180025095e-35 8.4500000000000011 1.5000000000000002 12.050000000000002 11.364318137156067 6.7500000000000009 12.418738284306258 1.0000000180025095e-35 6.1500000000000012
decision_type=2 2 2 2 2 2 10 10 10 2 2 2 2 2
left_child=1 5 3 -3 -2 -1 -7 10 -9 -10 11 13 -13 -4
right_child=4 2 7 -5 -6 6 -8 8 9 -11 -12 12 -14 -15
leaf_value=6.2458025404509487e-05 -7.7441795908253047e-05 0.00075218093132018045 -0.00018951370339707308 0.0019672438339599038 3.7695870009764532e-05 1.1151815688033609e-05 -0.00022105920381545205 0.00038844351952204423 0.00045252467086219185 -0.00014615949260279111 -0.00026527119548956619 0.00044029319725049092 0.00074867291895115479 0.00040619867904056187
leaf_weight=41 141 20 98 23 42 39 109 38 27 51 53 24 30 21
leaf_count=41 141 20 98 23 42 39 109 38 27 51 53 24 30 21
internal_value=5.14505e-05 0.000448695 0.00112694 0.00456818 -0.00119022 -0.00093158 -0.00157047 0.000682215 0.00189744 0.000455695 5.28627e-05 0.00063793 0.00305454 -0.000475001
internal_weight=757 574 385 43 183 189 148 342 116 78 226 173 54 119
internal_count=757 574 385 43 183 189 148 342 116 78 226 173 54 119
is_linear=0
shrinkage=0.03


Tree=451
num_leaves=15
num_cat=0
split_feature=9 0 0 0 1 1 9 4 13 13 13 13 7 1
split_gain=0.430062 0.346961 0.3955 0.887167 0.498611 0.45818 0.521341 0.318389 0.297974 0.419353 0.353214 0.285218 0.243079 0.300933
threshold=0.99904836074301928 10.920792088380225 14.625897820877883 14.769969710718321 14.870193699725702 14.754425286048152 -0.74458692413791694 9.0983465307298328 2.9799202416531383 3.745246580984563 2.7046638279755322 3.3256126436234568 5.5500000000000007 13.231590220524028
decision_type=2 2 2 2 2 2 2 2 10 10 8 10 2 2
left_child=1 -1 12 -4 5 6 -5 -6 10 -10 -8 -9 13 -3
right_child=-2 2 3 4 7 -7 8 11 9 -11 -12 -13 -14 -15
leaf_value=0.00041219854248904925 0.00052141485666515645 -4.8082265924361068e-05 0.00080571224055395066 0.00038659102267349648 -0.0018932919778210289 0.00080730879622146221 -0.0012192407762198355 -0.00014566319285404581 -0.0052921369007627277 6.5437456917851242e-05 0.0018071565790078847 6.8367371083736294e-05 -9.3222180475114097e-05 2.5918274153496164e-05
leaf_weight=36 26 94 33 42 80 22 20 55 58 36 26 35 187 25
leaf_count=36 26 94 33 42 80 22 20 55 58 36 26 35 187 25
internal_value=5.7989e-05 -7.60007e-05 -0.00022269 0.000389705 -3.20007e-05 0.000965853 0.000459016 -0.00122807 -0.000425533 -0.00138947 0.00153191 -7.07396e-10 -0.00103583 2.49993e-05
internal_weight=775 749 713 407 374 204 182 170 140 94 46 90 306 119
internal_count=775 749 713 407 374 204 182 170 140 94 46 90 306 119
is_linear=0
shrinkage=0.03


Tree=452
num_leaves=15
num_cat=0
split_feature=9 1 0 1 9 13 13 2 7 13 7 1 9 7
split_gain=0.603387 0.728018 0.593898 0.549217 0.654726 0.438288 0.387809 0.411249 0.36053 0.859645 0.444733 0.466672 0.378179 0.351542
threshold=0.99904836074301928 14.975208757280489 14.688961644750499 13.017904528566254 0.19066188855616564 2.6224930702738773 3.7266031251534857 11.732151351909677 5.4500000000000011 2.9081605077420223 4.6500000000000012 11.961307360333359 0.19066188855616564 6.5500000000000007
decision_type=2 2 2 2 2 10 10 2 2 8 2 2 2 2
left_child=1 2 8 -4 5 -5 7 -7 9 -1 -11 -12 -13 -3
right_child=-2 13 3 4 -6 6 -8 -9 -10 10 11 12 -14 -15
leaf_value=0.00038283947860547507 0.00060769412491364517 -0.00073461947576858267 0.00041220388396434311 0.00042243843454958482 -0.00035785933683556137 -0.010328803731859506 0.0011640381228860931 0.00034871954857512488 -7.5322193967504854e-05 -0.01294107215067599 0.00079540718449452516 -0.0009775221874883304 0.0057864075126784591 -4.849108107703309e-06
leaf_weight=22 22 91 32 22 86 41 27 29 224 34 23 26 22 75
leaf_count=22 22 91 32 22 86 41 27 29 224 34 23 26 22 75
internal_value=0.000169883 2.38403e-05 0.000519524 0.00167647 0.00109223 0.002525 0.00162245 0.000422535 -0.000264205 0.00100781 -0.00014151 0.00120833 -0.000489797 -0.00172455
internal_weight=776 754 588 237 205 119 97 70 351 127 105 71 48 166
internal_count=776 754 588 237 205 119 97 70 351 127 105 71 48 166
is_linear=0
shrinkage=0.03


Tree=453
num_leaves=15
num_cat=0
split_feature=8 9 8 13 0 0 10 8 2 9 2 9 7 3
split_gain=0.664175 0.410578 0.88112 0.52364 0.375258 0.463786 0.619264 0.339279 0.327037 0.679952 0.649986 0.413871 0.547171 0.454518
threshold=8.4500000000000011 -0.4847357813929456 5.6500000000000012 3.5569021725796435 14.735977770574722 15.009232588052667 0.25881904510252057 5.9500000000000011 11.106957157700093 0.76883451325334917 10.674244420617205 1.0000000180025095e-35 6.2500000000000009 10.402791739036198
decision_type=10 2 8 10 2 2 2 10 2 2 2 2 2 2
left_child=1 7 -3 -4 -2 6 -6 -1 10 11 -7 12 13 -10
right_child=4 2 3 -5 5 8 -8 -9 9 -11 -12 -13 -14 -15
leaf_value=0.00061742945003535464 -7.9680952192573307e-05 -0.0069542368884043682 0.00015806227752424753 0.0062480260273397063 0.002655309068737875 -0.00024847584898850798 -1.7931924645314381e-05 -0.00032372572182109971 -0.00025417013457948424 0.0005355328382391797 0.00064211957809143694 -0.0034048620035301226 -0.00012232099454122209 0.001333533935396311
leaf_weight=22 339 34 29 21 20 28 21 21 23 46 23 73 57 20
leaf_count=22 339 34 29 21 20 28 21 21 23 46 23 73 57 20
internal_value=0.000204369 0.00217969 0.00338823 0.00588235 -0.000184333 0.000567307 0.0035 -0.000204546 0.0001107 -0.000395455 0.00225 -0.00125862 -7.08174e-10 0.00252273
internal_weight=777 127 84 50 650 311 41 43 270 219 51 173 100 43
internal_count=777 127 84 50 650 311 41 43 270 219 51 173 100 43
is_linear=0
shrinkage=0.03


Tree=454
num_leaves=15
num_cat=0
split_feature=6 1 0 0 0 9 0 0 13 1 10 0 13 1
split_gain=0.453229 0.463331 0.362024 0.341128 0.891504 0.518489 0.451825 0.807233 0.276754 0.512431 0.272514 0.272275 0.265539 0.260792
threshold=8.4016088455231426 15.238215457937164 9.8019906859244177 14.688961644750499 14.798939390552855 0.88144907265856365 14.143386868014897 13.991588878044549 2.9495956306875488 14.004763451491831 -0.70710678118654757 13.802578286668629 4.3822757879749981 14.764333593697641
decision_type=2 2 2 2 2 2 2 2 8 2 2 2 10 2
left_child=1 2 -1 6 -5 8 7 11 9 -6 -10 -4 -3 -12
right_child=-2 12 3 4 5 -7 -8 -9 10 -11 13 -13 -14 -15
leaf_value=0.0002100543118865204 0.00083343974451512148 -0.00015566200887177033 -1.1937764856063444e-05 0.00090561556418267109 0.0029433250106489076 0.00036955388812214853 -0.00043144027206403547 0.00045718969765220645 -0.0029195846818915699 -6.5404368303980141e-05 -0.00011491230130971789 -0.0047773532141395314 4.1993481825421449e-05 0.00023612122583111723
leaf_weight=21 20 122 179 26 22 30 95 20 44 39 85 33 20 20
leaf_count=21 20 122 179 26 22 30 95 20 44 39 85 33 20 20
internal_value=-6.17768e-05 -0.000182299 0.000175609 3.53528e-05 0.00083146 0.000248962 -0.000612806 0.000103004 -0.000284361 0.00140323 -0.000980001 -0.000450705 -0.00172028 -0.00014151
internal_weight=776 756 614 593 266 240 327 232 210 61 149 212 142 105
internal_count=776 756 614 593 266 240 327 232 210 61 149 212 142 105
is_linear=0
shrinkage=0.03


Tree=455
num_leaves=15
num_cat=0
split_feature=3 3 0 13 0 3 3 13 13 13 8 9 13 1
split_gain=0.239997 0.811905 0.611476 0.467981 0.419134 0.368143 0.515344 0.533285 0.7744 0.424474 0.520505 0.28132 0.332631 0.189982
threshold=10.907399829638976 10.224583129681685 16.796863756150177 2.8888307077117577 14.990276968615918 9.5902192356746792 8.5329415801775905 3.115735218115562 3.4956560387578528 3.094662338278956 21.750000000000004 0.034878236872063054 2.8189988322557995 11.869487696749635
decision_type=2 2 2 10 2 2 2 8 10 8 10 2 8 2
left_child=1 5 11 -3 -5 6 9 -8 -9 10 -1 12 -2 -11
right_child=2 3 -4 4 -6 -7 7 8 -10 13 -12 -13 -14 -15
leaf_value=-7.5481238796978737e-05 0.00031518377718143869 -0.0011106870753452526 0.0010753956534564509 0.00037473400994530445 0.00052602759985047255 -0.0011342594248402139 -4.0383039705625563e-05 0.0022919112801032177 0.0002203658421543747 -0.0012956089580810786 0.00073467805091365264 -0.0004371409562373729 -1.6103225551114205e-05 -6.1588069535322887e-05
leaf_weight=51 34 22 21 23 21 58 36 24 20 46 33 126 99 146
leaf_count=51 34 22 21 23 21 58 36 24 20 46 33 126 99 146
internal_value=-0.000157688 0.00024948 -0.000854093 0.00331343 0.00506667 -0.000245784 0.000117646 0.00222222 0.0044 -0.000498196 0.00127059 -0.00125769 -0.000291045 -0.00127461
internal_weight=760 480 280 66 44 414 356 80 44 276 84 259 133 192
internal_count=760 480 280 66 44 414 356 80 44 276 84 259 133 192
is_linear=0
shrinkage=0.03


Tree=456
num_leaves=15
num_cat=0
split_feature=13 9 2 13 8 3 0 8 7 2 9 9 3 7
split_gain=0.615515 0.679118 0.321103 0.316785 0.359524 0.435382 0.375497 0.586706 0.902185 0.351349 0.522056 0.409851 0.245729 0.223853
threshold=2.2711502604392559 0.99904836074301928 1.0000000180025095e-35 2.7602839994478576 12.050000000000002 7.7331621557586425 14.990276968615918 9.0500000000000025 5.8500000000000005 11.469521479540292 0.81601195411832983 1.0000000180025095e-35 9.6705788083499247 5.0500000000000007
decision_type=8 2 2 8 10 2 2 10 2 2 2 2 2 2
left_child=-1 2 -2 -4 6 -6 13 8 -8 11 12 -7 -11 -5
right_child=1 -3 3 4 5 9 7 -9 -10 10 -12 -13 -14 -15
leaf_value=8.6032601884230097e-05 0.00016903648689899656 0.00054652987137988429 -0.00017269733502046152 -0.00085208494381752221 -0.00037644400569010141 0.0008255909465768737 0.0018818718673794458 0.00038344360557730875 -0.00017823090205816504 0.0022598038012538167 0.00023548937525763334 -0.0010199254986608677 -0.00042170913570083494 7.5367700484624324e-05
leaf_weight=28 39 22 79 24 102 40 28 31 32 20 40 47 133 70
leaf_count=28 39 22 79 24 102 40 28 31 32 20 40 47 133 70
internal_value=6.11406e-05 -0.000114407 -0.000284257 -0.000445132 -0.000195423 -0.000720627 0.000887096 0.00225 0.000491803 -0.000106762 -0.000819588 0.00146591 -0.00161688 -0.000442106
internal_weight=735 707 685 646 567 382 185 91 60 280 193 87 153 94
internal_count=735 707 685 646 567 382 185 91 60 280 193 87 153 94
is_linear=0
shrinkage=0.03


Tree=457
num_leaves=15
num_cat=0
split_feature=9 13 1 8 1 9 13 5 13 10 13 0 1 8
split_gain=0.33974 0.479652 0.422148 0.970303 0.758001 0.575977 0.409267 0.401307 0.258401 0.367376 0.930388 0.377731 0.569743 0.337578
threshold=0.71170436230560108 2.6557394674484196 14.101399279872604 13.050000000000002 13.076813198341064 0.88144907265856365 2.2998893542373202 5.6540564351703724 3.6230815368975491 -0.9141673389828272 2.9799202416531383 15.414201147005278 14.301187463605904 14.850000000000003
decision_type=2 8 2 10 2 2 8 2 8 2 10 2 2 10
left_child=6 -2 4 -4 5 -3 -1 8 9 10 -8 12 13 -11
right_child=1 2 3 -5 -6 -7 7 -9 -10 11 -12 -13 -14 -15
leaf_value=8.1065846748799926e-05 -0.0013269265548457334 0.0010655543063813977 -0.0012011177192204389 0.0031711562234347707 -0.017012321731830263 -4.3450287911907583e-07 0.003141876114700539 -0.00010761470167968739 0.00014055880951055765 -7.9587692622724401e-05 -0.00088904309184296786 -0.00084983140653280753 0.00030504692161951677 -3.1382245885195741e-05
leaf_weight=21 30 20 23 30 39 26 21 93 169 54 43 59 40 113
leaf_count=21 30 20 23 30 39 26 21 93 169 54 43 59 40 113
internal_value=0.000264705 0.00145562 0.00220144 0.00427778 0.000872092 0.00344681 -6.35186e-05 -0.00021248 0.000125999 -0.000362538 0.00166154 -0.000853933 -0.000245193 -0.00101786
internal_weight=781 168 138 53 85 46 613 592 499 330 64 266 207 167
internal_count=781 168 138 53 85 46 613 592 499 330 64 266 207 167
is_linear=0
shrinkage=0.03


Tree=458
num_leaves=15
num_cat=0
split_feature=3 3 10 10 1 8 13 8 8 3 7 1 5 10
split_gain=0.32286 0.896655 0.36189 1.49357 0.349649 0.315827 0.776667 0.294507 0.436784 0.381221 0.469012 0.562488 0.252657 0.238082
threshold=11.123224298317892 10.224583129681685 -0.5 0.25881904510252057 13.668232248848563 7.0500000000000007 3.1847201767061821 9.0500000000000025 12.250000000000002 12.533588597600813 6.4500000000000011 15.449927355022185 2.7244451125137057 -0.38469719700095517
decision_type=2 2 2 2 2 10 10 8 10 2 2 2 2 2
left_child=1 5 -3 -4 -2 6 -1 -6 -9 -10 -11 -12 13 -7
right_child=4 2 3 -5 7 12 -8 8 9 10 11 -13 -14 -15
leaf_value=0.00049541832859384578 -0.0081780037809966958 5.1132562525749171e-05 0.00093160344523614117 1.6687303058788762e-05 -0.00014365753105692936 0.00017917254029529834 -0.00025804413033999707 0.0040512839579441061 -0.00012012461363892711 0.0070449585645907305 -0.00041602026004547546 0.00058168640228615739 -0.00017208783948511784 -7.4344465459044156e-05
leaf_weight=22 53 33 21 38 31 132 39 20 78 23 34 32 51 179
leaf_count=22 53 33 21 38 31 132 39 20 78 23 34 32 51 179
internal_value=5.33665e-05 0.000494185 0.00316129 0.00455 -0.000783089 -9.19818e-05 0.0018871 -0.000246576 0.000207446 -0.000303572 0.00103333 -0.000268657 -0.000429753 -0.00010577
internal_weight=786 515 92 59 271 423 61 218 187 167 89 66 362 311
internal_count=786 515 92 59 271 423 61 218 187 167 89 66 362 311
is_linear=0
shrinkage=0.03


Tree=459
num_leaves=15
num_cat=0
split_feature=8 9 0 2 3 7 10 3 7 7 4 0 7 3
split_gain=0.383885 0.399918 0.492322 0.402626 0.592925 0.360235 0.267739 0.566305 0.248162 0.253977 0.225802 0.215563 0.193713 0.353938
threshold=12.050000000000002 0.71170436230560108 15.117446523240519 13.230264227340195 11.220170479461444 7.3500000000000005 -0.9141673389828272 10.23703692671762 6.1500000000000012 5.8500000000000005 8.8920093558755671 14.647590489948511 4.8500000000000005 5.6758969040294156
decision_type=8 2 2 2 2 2 2 2 2 2 2 2 2 2
left_child=1 3 -3 4 8 6 7 -2 9 12 -7 -12 -1 -14
right_child=5 2 -4 -5 -6 10 -8 -9 -10 -11 11 -13 13 -15
leaf_value=-0.0070033674091720052 0.0043654359249700519 0.00031173264664518158 -1.7476488455582795e-05 -7.0247728221208128e-05 0.00020654608811262838 0.0043804372079519205 -7.4748169836444899e-05 -0.0002639067797756444 0.0001511546550228857 -8.1899979267337504e-05 -0.00042163546542117329 0.00023387784851758935 0.002847525025726693 -9.358721909121919e-05
leaf_weight=26 36 30 21 27 20 20 373 30 31 25 22 21 25 54
leaf_count=26 36 30 21 27 20 20 373 30 31 25 22 21 25 54
internal_value=0.000114173 0.00105 0.00340385 0.000459329 0.000972527 -0.000369782 -0.000675001 0.00107463 0.000351851 -0.000229008 0.00173437 0.000477272 0.000424528 0.0011625
internal_weight=761 259 51 208 181 502 439 66 161 130 63 43 105 79
internal_count=761 259 51 208 181 502 439 66 161 130 63 43 105 79
is_linear=0
shrinkage=0.03


Tree=460
num_leaves=15
num_cat=0
split_feature=7 13 1 8 13 13 7 2 13 3 8 8 1 3
split_gain=0.308888 0.348357 0.2979 0.488676 0.42889 0.375451 0.444252 0.392186 0.365131 0.621097 0.38545 0.322438 0.728888 0.455469
threshold=5.1500000000000012 2.9679125553228172 14.998602754694193 12.050000000000002 2.9495956306875488 3.416460622098374 7.3500000000000005 12.873474209352844 3.185065009498079 8.5068357773037562 9.0500000000000025 34.900000000000006 12.177186965892833 9.3454748916012402
decision_type=2 8 2 8 8 8 2 2 10 2 10 10 2 2
left_child=1 -1 3 4 -2 6 7 -4 -6 -10 -11 -5 -13 -14
right_child=2 -3 5 11 8 -7 -8 -9 9 10 -12 12 13 -15
leaf_value=0.00013759061724517556 -5.3950503317691829e-05 -0.00045552772538149229 0.00090589768422044312 -0.00011125959795264264 0.00049693473643674089 -0.00023370960026274505 0.01323194259302748 -0.00066302998714549304 -2.2295828602055336e-05 0.00014367546730798903 0.00039825569063468039 -0.0060550233444289303 -0.012650827806858946 0.0056068064292744916
leaf_weight=37 40 98 21 255 22 88 20 45 34 36 20 23 21 35
leaf_count=37 40 98 21 255 22 88 20 45 34 36 20 23 21 35
internal_value=-0.00013191 -0.00143382 0.000136157 0.000517453 0.00192157 -0.000925715 0.000482758 -0.000716419 0.00286726 0.00197802 0.00389474 -0.000125374 0.0015375 0.00336842
internal_weight=795 135 660 486 152 174 86 66 112 90 56 334 79 56
internal_count=795 135 660 486 152 174 86 66 112 90 56 334 79 56
is_linear=0
shrinkage=0.03


Tree=461
num_leaves=15
num_cat=0
split_feature=10 3 10 0 1 13 1 1 0 13 1 9 3 13
split_gain=0.337116 0.320102 0.304936 0.371746 0.659715 0.384385 0.303212 0.320765 0.915043 0.396816 0.335891 0.361596 0.344701 0.315172
threshold=0.99572243068690536 11.094983732226657 -0.15427011392592829 14.413020877429942 14.684605070709532 3.6230815368975491 10.560877578360069 12.205696820552394 13.221258216867211 3.0588254485455386 12.59263845812521 -0.33961250367033008 10.677411995830598 4.3389347254414501
decision_type=2 2 2 2 2 8 2 2 2 10 2 2 2 10
left_child=1 6 3 -3 -5 -6 -1 8 9 -8 -9 -12 13 -13
right_child=-2 2 -4 4 5 -7 7 10 -10 -11 11 12 -14 -15
leaf_value=-0.00022901183757055371 0.0019599443520300669 -0.0003450613605515705 -0.00013680055300506588 0.00016266632761845871 0.0090538916371500321 -0.00032588647777207256 -0.0018277929818238774 -0.00038219139824210172 0.00047840962870405627 0.0012515447885344457 0.00034600125622419314 -0.00019699980057913958 0.0002986705303247976 0.00019015020974636287
leaf_weight=41 23 29 133 26 32 33 25 30 28 21 114 170 25 21
leaf_count=41 23 29 133 26 32 33 25 30 28 21 114 170 25 21
internal_value=-0.000123671 -0.000238684 -0.00109843 -7.09345e-10 0.000945651 -0.000681819 0.000220588 0.000455172 0.00224 -0.000382979 8.31018e-05 0.000362537 -0.000359448 -0.000796876
internal_weight=751 728 253 120 91 65 475 434 74 46 360 330 216 191
internal_count=751 728 253 120 91 65 475 434 74 46 360 330 216 191
is_linear=0
shrinkage=0.03


Tree=462
num_leaves=15
num_cat=0
split_feature=3 2 2 10 10 3 8 2 0 2 2 2 9 7
split_gain=0.347105 0.417623 0.645008 0.81163 0.396782 0.312094 0.306723 1.21837 1.48867 0.419345 0.291352 0.28116 0.231556 0.247225
threshold=11.431447469060666 10.229331241794652 10.748244266282402 -0.33125622319804088 -0.62241982464324219 1.0000000180025095e-35 11.050000000000002 11.518526451329047 15.669211258486696 11.172134920831553 12.815878007750067 11.908551369505817 0.76883451325334917 6.4500000000000011
decision_type=2 2 2 2 2 2 10 2 2 2 2 2 2 2
left_child=1 4 3 -3 5 -1 7 -4 -9 -8 -11 -2 -13 -14
right_child=11 2 6 -5 -6 -7 9 8 -10 10 -12 12 13 -15
leaf_value=0.00039631063628467114 8.9042000996456693e-05 -8.8761811548737662e-05 -0.00066056809429807125 0.0028860756633543832 -0.0001851577103280962 -0.00057388973989166666 0.00043368952609516132 0.0038778750761555916 -5.1378173204387651e-06 -0.00017704275707340497 2.9947195334585293e-06 -0.00019443466339175099 0.0031737333052723831 -0.0041463610807025925
leaf_weight=36 25 23 41 29 120 34 38 25 30 135 43 148 21 25
leaf_count=36 25 23 41 29 120 34 38 25 30 135 43 148 21 25
internal_value=-0.000205427 0.000194594 0.00078904 0.00384906 -0.000942409 0.00084507 0.00026837 0.0016701 0.00455357 -0.000359448 -0.000972068 -0.00121364 -0.0016 0.000255318
internal_weight=773 554 364 52 190 70 312 96 55 216 178 219 194 46
internal_count=773 554 364 52 190 70 312 96 55 216 178 219 194 46
is_linear=0
shrinkage=0.03


Tree=463
num_leaves=15
num_cat=0
split_feature=4 4 9 12 0 1 0 0 7 4 13 13 0 1
split_gain=0.286033 0.486051 0.263642 0.848478 0.440231 0.645595 0.267405 0.26838 0.360484 0.42783 0.320936 0.39682 0.374958 0.26584
threshold=11.716090968666473 11.310441050382765 -0.70710678118654735 1.0000000180025095e-35 14.735977770574722 14.41030407053031 10.992357801435288 16.327743301182625 6.1500000000000012 8.106664152515167 2.6777619612815573 3.2051519817489083 15.569003438611555 12.205696820552394
decision_type=2 2 2 10 2 2 2 2 2 2 10 10 2 2
left_child=1 2 3 -1 -5 -6 -4 10 -9 -10 -8 12 13 -12
right_child=-2 -3 6 4 5 -7 7 8 9 -11 11 -13 -14 -15
leaf_value=0.00017661608285874248 -0.00027479124020549268 0.00056100062531148703 0.00047320471204095334 -0.0068090879291857987 0.001065689627641474 -0.0028196232672473625 -0.00018148369321059645 -0.0038629049439111163 0.0018018582296428292 -0.0014587374294271346 0.00051372472732972619 -9.7192770445703899e-05 0.00076910046783169254 -0.00037525315280780431
leaf_weight=28 74 20 21 52 33 29 67 26 20 22 27 248 20 86
leaf_count=28 74 20 21 52 33 29 67 26 20 22 27 248 20 86
internal_value=-0.000399226 -0.000210001 -0.00034853 0.000797202 -0.000365218 0.00133333 -0.000652417 -0.000789169 0.000956521 0.00265116 -0.00105568 -0.00071466 0.000604477 -7.89481e-05
internal_weight=773 699 679 142 114 62 537 516 68 42 448 381 133 113
internal_count=773 699 679 142 114 62 537 516 68 42 448 381 133 113
is_linear=0
shrinkage=0.03


Tree=464
num_leaves=15
num_cat=0
split_feature=6 0 0 2 1 8 2 0 4 1 3 1 0 13
split_gain=0.505626 0.288557 0.317939 0.249056 0.414641 0.555482 0.468516 0.420463 0.42783 0.397657 0.356743 0.780351 0.432513 0.291486
threshold=8.4016088455231426 10.920792088380225 12.766868107645456 15.177045225538324 14.998602754694193 9.7500000000000018 11.732151351909677 14.688961644750499 4.6548439227384408 14.803856719114034 8.2900783323641853 12.205696820552394 15.244436878798481 2.9013227585975976
decision_type=2 2 2 2 2 10 2 2 2 2 2 2 2 10
left_child=1 -1 -3 4 5 6 7 -4 -9 10 -7 -12 -13 -14
right_child=-2 2 3 -5 -6 9 -8 8 -10 -11 11 12 13 -15
leaf_value=0.00038132596746225404 0.00064739004232645719 -0.00067708496940631195 -8.9587919998703963e-05 0.00013644174787382285 -0.00017406866245452869 -0.0009924542187777195 0.0004596052008904709 0.001095765268688849 -0.00014690011609116274 0.0077430561789976248 0.0022144567364656832 -0.00015094880689108756 0.0040047273358389491 3.401329975156217e-06
leaf_weight=34 20 67 30 20 139 145 24 20 22 24 21 145 20 49
leaf_count=34 20 67 30 20 139 145 24 20 22 24 21 145 20 49
internal_value=-0.000307299 -0.000433641 -0.000561211 -0.000359092 -0.000464063 -5.9881e-05 0.00197938 0.000739725 0.00265116 -0.000548149 -0.000787402 -6.356e-05 -0.000613954 0.00132857
internal_weight=780 760 726 659 639 500 96 72 42 404 380 235 214 69
internal_count=780 760 726 659 639 500 96 72 42 404 380 235 214 69
is_linear=0
shrinkage=0.03


Tree=465
num_leaves=15
num_cat=0
split_feature=9 13 2 10 13 13 13 0 8 8 2 13 7 5
split_gain=0.224833 0.410125 0.482014 0.391781 0.369258 0.302726 1.67546 0.420039 0.62002 0.309628 0.225513 0.265352 0.207505 0.214944
threshold=-0.33961250367033008 3.1313711311317358 11.372921581267656 0.41248606129204551 2.8888307077117577 3.4282904644093786 3.3561661032022831 14.514269476252506 10.65 36.350000000000009 7.9575170498384002 4.3822757879749981 6.8500000000000005 3.6158243666982455
decision_type=2 10 2 2 8 8 10 2 10 10 2 10 2 2
left_child=1 2 -1 -4 -2 6 7 -6 -9 10 -7 -12 13 -3
right_child=4 12 3 -5 5 9 -8 8 -10 -11 11 -13 -14 -15
leaf_value=0.0008071870973800256 -0.00015231966568333497 7.8950303657765255e-05 -6.7296460271201782e-05 2.3751643183183244e-05 -0.0014878198579719388 2.8868995526626117e-05 0.010462013872175567 0.00053564311948232338 -0.00018976693328167789 0.00041488277534109031 -0.00025481848189710119 3.4527932930978404e-05 -0.0002004261509360454 -0.013640333853355347
leaf_weight=41 119 106 52 23 71 20 20 21 52 32 129 35 30 21
leaf_count=41 119 106 52 23 71 20 20 21 52 32 129 35 30 21
internal_value=-0.000395861 0.00029562 0.00164102 0.000197368 -0.000774001 -0.000314961 0.000654545 -0.000496552 0.00109459 -0.00105069 -0.00152433 -0.00189091 -0.000702532 -0.000164063
internal_weight=772 273 116 75 499 380 164 144 73 216 184 164 157 127
internal_count=772 273 116 75 499 380 164 144 73 216 184 164 157 127
is_linear=0
shrinkage=0.03


Tree=466
num_leaves=15
num_cat=0
split_feature=2 9 12 2 2 9 8 7 9 10 8 9 9 7
split_gain=0.352442 0.374794 0.647994 0.463939 0.871033 0.322214 0.309719 0.262517 0.52248 0.864666 0.257443 0.32227 0.541991 0.221736
threshold=12.843178517469434 -0.70710678118654735 2.5000000000000004 10.705594722311679 11.969946083874465 0.76883451325334917 43.850000000000001 6.5500000000000007 -1.0000000180025095e-35 0.41248606129204551 9.7500000000000018 1.0000000180025095e-35 0.69134849440110402 6.6500000000000012
decision_type=2 2 10 2 2 2 10 2 2 2 10 2 2 2
left_child=1 2 3 -1 -5 6 -2 10 -9 -10 11 -3 -13 -7
right_child=5 7 -4 4 -6 13 -8 8 9 -11 -12 12 -14 -15
leaf_value=-4.0796747242661397e-05 -0.00023986421677139039 -0.0022964806902178642 -0.0094191285683095788 0.00051602512615452772 -0.0001871072492045293 0.0019959823808024923 -0.00018027288269581413 -0.00015788247386486619 0.0037104022504674773 -0.014727857048094732 -0.00014248894358564765 0.00028152226615583563 -3.7510509161884419e-05 -0.00034993544202560774
leaf_weight=33 134 33 24 35 23 28 22 33 34 24 257 32 41 23
leaf_count=33 134 33 24 35 23 28 22 33 34 24 257 32 41 23
internal_value=-0.000486487 -0.000100001 0.00142241 0.00257609 0.00416949 -0.00154327 -0.00221656 -0.000487913 0.000945651 0.00264407 -0.000848902 0.000392523 0.0015 0.00051923
internal_weight=776 569 115 91 58 207 156 454 91 58 363 106 73 51
internal_count=776 569 115 91 58 207 156 454 91 58 363 106 73 51
is_linear=0
shrinkage=0.03


Tree=467
num_leaves=15
num_cat=0
split_feature=10 0 1 0 13 1 13 13 2 13 2 4 2 4
split_gain=0.325321 0.309741 0.719712 1.08078 0.312359 0.29644 0.379695 1.0943 0.372786 0.485077 0.359311 0.537839 0.490664 0.343122
threshold=0.99572243068690536 13.221258216867211 12.281341017959948 13.922524766558208 3.9090925645621128 14.41030407053031 3.616104401834237 3.7650858210772653 12.57572110673229 3.3996264723206955 11.79060985757101 5.1104703916605407 10.143739957950142 9.008921551762926
decision_type=2 2 2 2 8 2 8 10 2 10 2 2 2 2
left_child=1 4 3 -3 -1 6 8 -8 9 10 11 12 -4 -7
right_child=-2 2 5 -5 -6 13 7 -9 -10 -11 -12 -13 -14 -15
leaf_value=-0.00019418926214738943 0.0017092959031564442 0.00026192049603947936 0.0011783598045126016 -9.7348089808626441e-05 5.8610934205986925e-05 -0.00034192527970087263 0.0076205386798066091 -8.9522461592503676e-06 -0.0044549881424089249 -8.9942437932243109e-05 0.00038195520481014618 -0.0001345712038173805 -0.00035894749830809875 -1.1862449726594704e-05
leaf_weight=121 24 20 20 32 28 139 22 62 41 34 36 45 32 129
leaf_count=121 24 20 20 32 28 139 22 62 41 34 36 45 32 129
internal_value=-0.000248092 -0.000358268 -5.87283e-05 0.00328302 -0.00158 -0.000374332 0.000286689 0.00197647 -0.000401915 0.000232142 0.00105224 9.1836e-05 0.00215094 -0.00109294
internal_weight=785 761 612 52 149 560 292 84 208 167 133 97 52 268
internal_count=785 761 612 52 149 560 292 84 208 167 133 97 52 268
is_linear=0
shrinkage=0.03


Tree=468
num_leaves=15
num_cat=0
split_feature=10 8 13 13 10 6 3 8 0 3 3 0 0 0
split_gain=0.27972 0.293808 0.443567 1.20448 0.381207 0.267321 0.259315 0.244228 0.25633 0.522703 0.629816 0.589737 0.397405 0.337989
threshold=0.96965254237475851 9.7500000000000018 3.0816014178042028 2.7176322085086961 0.75023006073889131 1.0000000180025095e-35 1.0000000180025095e-35 10.450000000000001 15.78232503238903 8.4152656841796283 11.220170479461444 16.178679313213994 14.814395343687407 14.688961644750499
decision_type=2 8 10 8 2 2 2 10 2 2 2 2 2 2
left_child=1 2 3 -1 5 7 -4 -3 12 -10 -11 -12 13 -9
right_child=-2 4 6 -5 -6 -7 -8 8 9 10 11 -13 -14 -15
leaf_value=-6.8005564835192599e-05 0.0020358181358297481 -0.00015232748269889697 0.00031943546493049983 0.00056349093292809127 -0.00072168835588227564 -0.00034925632001029121 -0.00017650042716069512 7.4069631550510029e-07 -0.00074647661730863817 0.0010527143323596153 -0.0012537133849978277 0.001621874635272854 -0.00043404301860721945 0.00093203781607450141
leaf_weight=30 32 42 21 24 93 31 79 207 30 29 23 27 103 21
leaf_count=30 32 42 21 24 93 31 79 207 30 29 23 27 103 21
internal_value=-0.000158891 -0.000275953 0.000890322 0.00305454 -0.000573312 -0.000250973 -0.00029703 -7.45349e-05 0.000136054 0.00139091 0.0026625 0.000588235 -0.000280121 0.000419213
internal_weight=792 760 154 54 606 513 100 482 440 109 79 50 331 228
internal_count=792 760 154 54 606 513 100 482 440 109 79 50 331 228
is_linear=0
shrinkage=0.03


Tree=469
num_leaves=15
num_cat=0
split_feature=8 1 13 13 0 10 9 9 7 1 0 0 8 7
split_gain=0.352894 0.528671 0.436557 0.41113 0.315194 0.280485 0.290672 0.318019 0.436087 0.276809 0.256455 0.310464 0.24008 0.191845
threshold=9.7500000000000018 15.345601561204473 3.0202797206021228 3.6332379010440925 14.884718308724077 0.96965254237475851 0.99320668981236115 -0.88784492709732687 5.4500000000000011 14.25664067995997 14.814395343687407 14.625897820877883 10.950000000000001 4.8500000000000005
decision_type=8 2 10 10 2 2 2 2 2 2 2 2 8 2
left_child=1 2 -1 -4 -5 6 7 8 -2 -10 11 12 -9 -14
right_child=5 -3 3 4 -6 -7 -8 10 9 -11 -12 -13 13 -15
leaf_value=0.00019934508171732705 0.00018958504993432586 -0.00063812854144042186 -0.00018796040823331806 9.1101139544112818e-05 -9.2315039859396721e-05 0.0038024502543977916 0.00041663455022108542 3.6978260364235258e-06 0.00040298307387858623 -0.0008715057127431739 -0.00028315567097297872 0.00047816193411975822 2.6469865770808964e-05 -0.00020043381660726745
leaf_weight=39 24 36 40 32 22 27 20 23 26 23 221 26 28 187
leaf_count=39 24 36 40 32 22 27 20 23 26 23 221 26 28 187
internal_value=-0.000131614 0.00107647 0.00194776 0.000821052 0.00250909 -0.000470298 -0.0006114 -0.000740609 0.00109459 -0.000540001 -0.00101852 -0.000384906 -0.000728034 -0.00104167
internal_weight=774 169 133 94 54 605 578 558 73 49 485 264 238 215
internal_count=774 169 133 94 54 605 578 558 73 49 485 264 238 215
is_linear=0
shrinkage=0.03


Tree=470
num_leaves=15
num_cat=0
split_feature=10 13 11 13 10 5 3 13 13 7 7 4 9 2
split_gain=0.553521 0.305433 0.45612 0.53165 0.398327 0.423644 0.398485 0.397766 0.47892 0.352565 0.395714 0.187659 0.163554 0.262533
threshold=0.96965254237475851 3.185065009498079 1.0000000180025095e-35 2.6600494875419574 -0.11535712691606388 2.2154083994216571 10.007436961844723 3.793269586835287 3.9132263560644254 5.5500000000000007 6.2500000000000009 10.55580602873262 0.19066188855616564 11.242196422425282
decision_type=2 8 2 10 2 2 2 10 10 2 2 2 2 2
left_child=1 2 3 -1 5 9 -6 -3 -9 -5 -11 -4 -10 -14
right_child=-2 7 11 4 6 -7 -8 8 12 10 -12 -13 13 -15
leaf_value=-4.6822917508647854e-05 0.0036883767467658628 -0.00021058536227468131 -0.00091499738172568922 -0.0019388913627698837 3.6134425284894781e-05 -0.00033575945960226709 0.00058705655692151593 6.2196936356583997e-05 -0.0024297667118987317 0.001413541367000265 4.9514894151045469e-05 1.6484217471443367e-05 0.00033997967593768909 -0.00018483355002448819
leaf_weight=51 27 252 84 36 21 22 20 35 65 22 24 24 20 49
leaf_count=51 27 252 84 36 21 22 20 35 65 22 24 24 20 49
internal_value=-0.000605578 -0.000764464 -3.9345e-05 0.000822334 0.00174657 0.000742856 0.00421429 -0.00128673 -0.000158824 0.00173494 0.00344681 -0.00159633 -0.000977778 4.28564e-05
internal_weight=752 725 304 196 145 104 41 421 169 82 46 108 134 69
internal_count=752 725 304 196 145 104 41 421 169 82 46 108 134 69
is_linear=0
shrinkage=0.03


Tree=471
num_leaves=15
num_cat=0
split_feature=6 6 9 0 2 1 0 1 0 2 8 2 2 9
split_gain=0.230019 0.218223 0.169402 0.448497 0.349104 0.352766 0.356736 0.306132 0.302405 0.366091 1.51886 0.428816 0.793892 0.290322
threshold=7.380480006029317 1.0000000180025095e-35 0.25881904510252091 12.97344749778412 11.870043351158801 14.357954691396223 16.42654360107904 12.281341017959948 13.569991137705012 11.364318137156067 21.600000000000005 10.229331241794652 10.748244266282402 0.88144907265856365
decision_type=2 2 2 2 2 2 2 2 2 2 10 2 2 2
left_child=1 2 8 -4 7 -6 13 -5 -1 10 11 -10 -13 -7
right_child=-2 -3 3 4 5 6 -8 -9 9 -11 -12 12 -14 -15
leaf_value=-0.0012236430204143438 2.7930519353953017e-05 -0.0013788610420107199 0.00051331761502029869 3.1054046697678599e-05 0.0020443579850827043 -0.00019368625877352812 0.00059539573070480968 -0.00010909952880905183 -0.0056614752067203206 -0.00010356409006564884 0.0082135530939333786 0.0030328226547036456 -7.4051251297540434e-05 7.4596621271966288e-05
leaf_weight=92 21 32 39 25 38 40 26 131 42 185 21 20 40 20
leaf_count=92 21 32 39 25 38 40 26 131 42 185 21 20 40 20
internal_value=-0.000434671 -0.000522607 -0.000412501 0.000103124 -0.000320285 0.000863999 -0.000206897 -0.00126115 -0.000822943 -0.000368933 0.000895161 -0.000640777 0.000983606 -0.00147541
internal_weight=772 751 719 319 280 124 86 156 400 308 123 102 60 60
internal_count=772 751 719 319 280 124 86 156 400 308 123 102 60 60
is_linear=0
shrinkage=0.03


Tree=472
num_leaves=15
num_cat=0
split_feature=8 0 0 13 9 8 0 13 2 2 13 13 3 8
split_gain=0.316549 0.228612 0.634112 0.629976 0.542483 0.373367 0.40757 0.534812 0.573391 0.769064 0.900829 0.233402 0.233023 0.417598
threshold=44.050000000000004 14.143386868014897 13.991588878044549 3.793269586835287 0.25881904510252091 36.350000000000009 14.413020877429942 3.185065009498079 12.82566740907339 12.079707035973994 2.9450127606983019 2.6008125810117249 10.751432343955155 10.65
decision_type=8 2 2 8 2 10 2 8 2 2 10 10 2 10
left_child=1 2 3 12 -5 6 -3 8 9 10 -8 -10 13 -1
right_child=-2 5 -4 4 -6 -7 7 -9 11 -11 -12 -13 -14 -15
leaf_value=-0.0089554218550226862 -0.00031808896830744639 -0.0023212894530499446 0.00025822647138284797 -0.00016897696663126287 0.00040805319727852936 0.0029202264201794526 -0.00015015981333827701 -4.9872319188180708e-05 -1.8461872356344355e-06 0.00052076757757269063 0.0012624871914993616 -0.00059630818228686815 -0.00013623955512640569 9.2514136563820936e-05
leaf_weight=28 46 48 24 25 20 29 55 225 22 27 34 32 43 100
leaf_count=28 46 48 24 25 20 29 55 225 22 27 34 32 43 100
internal_value=8.69558e-05 0.000244039 0.00099585 0.000470045 0.00358696 -0.000139536 -0.000358109 -3.78795e-05 0.00122807 0.00241026 0.00103333 -0.00130909 -0.00036628 0.000279069
internal_weight=758 712 240 216 45 472 443 395 170 116 89 54 171 128
internal_count=758 712 240 216 45 472 443 395 170 116 89 54 171 128
is_linear=0
shrinkage=0.03


Tree=473
num_leaves=15
num_cat=0
split_feature=6 5 8 7 7 7 10 1 4 9 7 4 0 7
split_gain=0.490577 0.550788 0.387582 0.536851 0.477009 0.369545 0.536468 0.601367 0.479874 0.942833 0.32841 0.326254 0.255409 0.247062
threshold=8.0679323707155444 5.6540564351703724 13.250000000000002 5.0500000000000007 7.6500000000000012 4.7500000000000009 -0.9141673389828272 14.841932812060366 0.54930614433405489 -0.70710678118654735 6.0100000000000007 7.7699547862938187 14.688961644750499 5.4500000000000011
decision_type=2 2 10 2 2 2 2 2 2 2 2 2 2 2
left_child=1 2 5 -4 11 -1 -7 8 9 -8 12 -5 -10 -11
right_child=-2 -3 3 4 -6 6 7 -9 10 13 -12 -13 -14 -15
leaf_value=-0.0051483194608352833 0.00064862221428365176 -0.00017562701060020979 6.8984312248123031e-05 -0.00072750640488505728 0.0020349398744413504 -0.0030407339160842838 0.00020918160723036957 -0.00012903204566266506 -0.00039088840701299421 0.00045225271914886854 0.0001737211133771666 2.5557600848633634e-05 0.00051893420611864491 -2.5002854026703806e-05
leaf_weight=32 20 119 51 213 25 33 20 28 20 29 26 97 26 21
leaf_count=32 20 119 51 213 25 33 20 28 20 29 26 97 26 21
internal_value=-0.000236532 -0.000364373 -4.82387e-06 -0.000589148 -0.00102679 0.000953389 0.00142647 0.00210526 0.0028951 0.00464789 0.00115068 -0.00135048 -0.000382979 0.00235294
internal_weight=760 740 621 386 335 235 203 170 142 70 72 310 46 50
internal_count=760 740 621 386 335 235 203 170 142 70 72 310 46 50
is_linear=0
shrinkage=0.03


Tree=474
num_leaves=15
num_cat=0
split_feature=8 13 0 0 0 0 13 10 3 9 9 9 8 0
split_gain=0.520807 0.833646 1.30089 0.311751 0.273326 0.352284 0.893307 0.544029 0.245797 0.434024 0.390661 0.221199 0.193657 0.185409
threshold=9.943500000000002 3.1484041045277098 15.655246763051963 14.440450219725948 12.179884021855313 14.177334637900026 2.9081605077420223 -0.82968937203783677 12.533588597600813 0.76883451325334917 -0.88784492709732687 -0.70710678118654735 6.9500000000000011 15.73001811542135
decision_type=8 10 2 2 2 2 8 2 2 2 2 2 10 2
left_child=1 2 -1 -3 -2 6 -6 -8 10 13 -7 -9 -5 -10
right_child=4 3 -4 12 5 8 7 11 9 -11 -12 -13 -14 -15
leaf_value=0.00019141252533985548 -0.00025784905536181273 0.00011991284481995573 -0.00062623785696634064 0.00021980693066485685 0.00014663001134425238 5.5308965735980036e-05 0.00037581600229095064 0.00019009099029115994 -0.00052654118060561027 0.0052159931001964401 -0.00021490020205245842 -0.00063144366664986094 -0.00034777307872021438 0.0011800677901069544
leaf_weight=31 58 36 26 26 32 39 27 29 36 26 261 84 36 20
leaf_count=31 58 36 26 26 32 39 27 29 36 26 261 84 36 20
internal_value=-0.000105469 0.00144231 0.0042931 -0.000242425 -0.000499185 -0.000291893 0.000832369 -0.000212767 -0.000798956 0.000650602 -0.00119601 -0.00113158 -0.00152381 -0.000842106
internal_weight=767 155 57 98 612 554 172 140 382 82 300 113 62 56
internal_count=767 155 57 98 612 554 172 140 382 82 300 113 62 56
is_linear=0
shrinkage=0.03


Tree=475
num_leaves=15
num_cat=0
split_feature=8 8 13 12 7 8 8 7 0 8 8 7 0 2
split_gain=0.580756 1.20221 0.568045 1.10237 0.288118 0.253134 0.327441 0.885704 0.313523 0.241455 0.61473 0.388177 0.482351 0.22107
threshold=9.943500000000002 8.8500000000000032 3.2755723530519245 1.0000000180025095e-35 4.5500000000000007 10.450000000000001 13.250000000000002 5.5500000000000007 15.815056001003537 24.100000000000005 25.250000000000004 6.4500000000000011 14.026200017681296 10.393408637961196
decision_type=10 8 10 8 2 10 10 2 2 10 10 2 2 2
left_child=1 2 3 -1 -2 -6 7 -7 -9 11 -11 -8 -13 -12
right_child=4 -3 -4 -5 5 6 9 8 -10 10 13 12 -14 -15
leaf_value=-1.0350148832964564e-05 0.00017640084966055925 0.00018567010041871152 -2.3472082127248539e-05 0.00036940936188038028 -0.00056733435982803538 0.00080435363793288073 -0.00068981975859784713 -4.5392795731054645e-05 0.0007307927271572505 0.0011006060292117041 -0.017853117967289549 0.0016465568586543019 -0.00019213957130287333 -5.2820311214466896e-05
leaf_weight=32 27 21 72 26 40 22 149 40 23 24 32 28 45 185
leaf_count=32 27 21 72 26 40 22 149 40 23 24 32 28 45 185
internal_value=-0.000101696 0.00155921 0.000458015 0.00264407 -0.000511364 -0.000651953 -0.000480875 0.00122093 -0.000609376 -0.000795259 -0.000136364 -0.00150673 0.000283783 -0.00064679
internal_weight=766 151 130 58 615 588 548 85 63 463 241 222 73 217
internal_count=766 151 130 58 615 588 548 85 63 463 241 222 73 217
is_linear=0
shrinkage=0.03


Tree=476
num_leaves=15
num_cat=0
split_feature=5 3 4 2 10 0 13 9 10 0 13 7 13 6
split_gain=0.427139 0.273624 0.437527 1.01556 0.328706 0.524975 0.597278 0.402605 0.359434 0.394736 0.310434 0.402243 0.501724 0.23678
threshold=5.6540564351703724 13.791355235326103 10.25411720906626 13.512485616896816 -0.15427011392592829 13.802578286668629 3.217286326049194 0.31062854169311122 -0.99423232766105241 15.815056001003537 4.2706639677473115 5.2500000000000009 3.2528179349535749 7.380480006029317
decision_type=2 2 2 2 2 2 10 2 2 2 8 2 10 2
left_child=1 2 4 -4 7 6 -6 8 -1 10 11 -10 -13 -2
right_child=13 -3 3 -5 5 -7 -8 -9 9 -11 -12 12 -14 -15
leaf_value=-0.0038148953587515007 -0.00015425754822424683 -0.00052976488744033731 0.0002986726122220267 -0.013146123025745577 0.00020449725337696301 -7.513119459851819e-05 -0.00017294843029133541 -4.7692593182204931e-05 0.00049949896623660193 0.0042347123468774962 -0.0055347142626780308 -0.0093648567984118206 0.00019933829145748572 2.5070807953288815e-05
leaf_weight=24 114 24 22 21 37 208 44 103 34 28 23 31 39 21
leaf_count=24 114 24 22 21 37 208 44 103 34 28 23 31 39 21
internal_value=-0.000127908 0.000197182 0.000321951 0.00320454 9.96496e-05 -0.000610346 0.00142683 0.000826854 0.00168333 0.00221154 0.00147656 0.00217143 0.00084507 -0.00165441
internal_weight=773 638 614 43 571 289 81 282 179 155 127 104 70 135
internal_count=773 638 614 43 571 289 81 282 179 155 127 104 70 135
is_linear=0
shrinkage=0.03


Tree=477
num_leaves=15
num_cat=0
split_feature=4 10 0 1 7 10 10 4 9 3 13 13 7 1
split_gain=0.478033 0.326389 0.381189 0.745886 1.26601 0.573982 0.268763 0.248384 0.433306 0.391829 0.288991 0.426652 0.244721 0.351865
threshold=11.716090968666473 -0.11535712691606388 13.221258216867211 13.770395562721612 5.3500000000000005 -0.70710678118654757 -0.96047288537312736 10.25411720906626 0.19066188855616564 9.2393042073080913 2.7802406240100033 2.9864873567517889 6.5500000000000007 15.238215457937164
decision_type=2 2 2 2 2 2 2 2 2 2 10 10 2 2
left_child=1 2 6 4 -4 -6 -1 9 -9 10 -3 -12 -5 -14
right_child=-2 7 3 12 5 -7 -8 8 -10 -11 11 -13 13 -15
leaf_value=4.9535418256677886e-06 -0.00022663258150127608 -5.783387229158447e-05 -6.0009879946996542e-05 -0.00025657475371467062 0.00026189465103819279 0.00021928355345450119 -0.001337114471917987 0.00017104608770012871 -0.00025833944071497185 -0.00010884341743066854 0.00013425679936647259 -0.00012883834385505377 -9.47759127847797e-05 0.011556028072572271
leaf_weight=22 67 29 46 116 32 31 46 20 23 147 20 114 28 20
leaf_count=22 67 29 46 116 32 31 46 20 23 147 20 114 28 20
internal_value=-0.000555119 -0.000319425 0.000342105 0.000843065 0.00275454 0.00548437 -0.00165217 -0.000957628 0.00115909 -0.00125402 -0.000237806 0.000355555 -0.000436364 0.00134694
internal_weight=761 694 341 273 109 63 68 353 43 310 163 134 164 48
internal_count=761 694 341 273 109 63 68 353 43 310 163 134 164 48
is_linear=0
shrinkage=0.03


Tree=478
num_leaves=15
num_cat=0
split_feature=0 0 10 10 13 2 7 2 2 13 13 1 1 13
split_gain=0.479547 0.869233 1.10751 0.327796 0.318912 0.63063 0.325645 0.330308 0.376267 0.265475 0.367554 0.239041 0.598988 0.225672
threshold=13.802578286668629 13.221258216867211 -0.38469719700095517 0.70244862051411394 3.3996264723206955 9.5129410555364498 7.3500000000000005 12.541698293772731 12.079707035973994 2.9436621464645709 3.066571616749731 11.222449956545624 11.897083045367252 3.793269586835287
decision_type=2 2 2 2 8 2 2 2 2 10 10 2 2 10
left_child=1 3 -3 11 5 -2 7 8 9 -7 -11 -1 -13 -6
right_child=4 2 -4 -5 13 6 -8 -9 -10 10 -12 12 -14 -15
leaf_value=-0.0034577356779940554 0.00014644730350823031 0.00055871208196458253 2.2040363761434215e-05 9.6317355905504347e-05 -0.00030906466211444276 -0.0030046558397665169 0.0030280555058422535 -0.0008262046704916458 0.00032574289407039786 0.0013869651760551134 -0.001404212511948191 0.00050128387747234591 -0.00034418004466225716 -5.4398576099543616e-05
leaf_weight=37 29 21 38 33 114 49 26 103 29 22 56 27 54 141
leaf_count=37 29 21 38 33 114 49 26 103 29 22 56 27 54 141
internal_value=-0.000226924 0.00099526 0.00405 -0.000217106 -0.000678948 -3.8096e-05 -0.000472029 -0.000796155 7.64324e-05 -0.000632813 0.000455695 -0.000957984 -3.65861e-05 -0.00146484
internal_weight=779 210 59 151 569 314 285 259 156 127 78 118 81 255
internal_count=779 210 59 151 569 314 285 259 156 127 78 118 81 255
is_linear=0
shrinkage=0.03


Tree=479
num_leaves=15
num_cat=0
split_feature=8 0 13 9 13 13 0 2 3 10 9 0 0 13
split_gain=0.913713 1.31049 1.40156 0.53084 0.384037 0.937541 0.357525 0.490233 0.507987 0.335666 0.291247 0.352562 1.09095 0.689939
threshold=9.943500000000002 15.117446523240519 3.2690750720136168 -0.33961250367033008 3.9699398397909711 3.778065330117284 15.851161579887231 12.893942324776562 9.9626505199994142 -0.70710678118654757 1.0000000180025095e-35 14.143386868014897 13.487823519582937 2.7046638279755322
decision_type=10 2 10 2 8 10 2 2 2 2 2 2 2 10
left_child=1 2 -1 -4 5 6 10 8 -8 -3 11 12 -2 -13
right_child=4 9 3 -5 -6 -7 7 -9 -10 -11 -12 13 -14 -15
leaf_value=0.00017483959925266652 -1.5219615777269364e-05 0.00099247592209381931 8.3916217434930251e-05 -0.00047239935771466754 -0.00014114328548363561 0.00012667865964589994 8.4391230795188667e-06 -0.0032842091143093391 0.0017220385969779989 -0.00027508074894856769 -0.00012613788033204949 9.1270721904158575e-05 0.00040992202427881215 -0.0042897800141593516
leaf_weight=29 63 20 20 34 135 28 24 41 20 62 189 22 28 81
leaf_count=29 63 20 20 34 135 28 24 41 20 62 189 22 28 81
internal_value=0.000278544 0.00225904 0.00489286 0.00196364 -0.000242089 0.000144869 -0.000179105 0.00156977 0.00373333 -0.000433736 -0.000570313 0.000246153 0.00159783 -0.000951924
internal_weight=796 165 83 54 631 496 468 85 44 82 383 194 91 103
internal_count=796 165 83 54 631 496 468 85 44 82 383 194 91 103
is_linear=0
shrinkage=0.03


Tree=480
num_leaves=15
num_cat=0
split_feature=8 5 4 2 13 13 1 2 1 12 12 1 3 1
split_gain=0.449333 0.490128 0.819068 0.758592 0.419203 0.515904 0.448936 0.842809 0.525655 0.388017 0.534783 0.378435 0.393598 0.365272
threshold=25.250000000000004 5.6540564351703724 9.5452585077305354 12.640407297558921 2.5122293040797166 2.7862603324970561 13.017904528566254 9.1420011737795033 12.59263845812521 1.5000000000000002 2.5000000000000004 14.754425286048152 6.2412381778426349 15.273867046210411
decision_type=8 2 2 2 10 10 2 2 2 10 10 2 2 2
left_child=1 2 4 -4 -1 -6 7 -7 -9 -3 -11 12 -8 -13
right_child=-2 9 3 -5 5 6 11 8 -10 10 -12 13 -14 -15
leaf_value=-0.00020646876946574084 -4.4369273270326942e-05 -0.00019097794656772074 0.00027963956449896806 3.578231595336373e-05 0.00017748599867350304 -7.0314088420756209e-05 0.0046290496657494257 0.00012429428985866428 8.47515971126411e-05 8.5487015466254081e-05 -2.4490339404441043e-05 0.00071887533960213906 -0.0014478926863319094 -0.0001198659506962295
leaf_weight=50 211 77 22 27 20 57 28 42 20 24 26 22 112 23
leaf_count=50 211 77 22 27 20 57 28 42 20 24 26 22 112 23
internal_value=0.000311023 0.00076225 0.00125236 0.00486 0.000767999 0.00116308 0.000845901 0.002275 0.00466667 -0.000867188 0.00117647 -8.06459e-05 -0.000851065 0.00228261
internal_weight=761 550 423 49 374 324 304 119 62 127 50 185 140 45
internal_count=761 550 423 49 374 324 304 119 62 127 50 185 140 45
is_linear=0
shrinkage=0.03


Tree=481
num_leaves=15
num_cat=0
split_feature=8 1 7 9 2 3 2 1 2 2 2 10 2 2
split_gain=0.49139 0.76596 0.564287 0.551115 0.506908 0.348234 0.526243 0.349402 0.699239 0.287481 0.389238 0.436799 0.408097 0.34955
threshold=13.250000000000002 14.989038693386599 4.7500000000000009 -0.58216583101416164 10.705594722311679 9.6705788083499247 11.870043351158801 13.196700377191563 9.2491426686118263 11.364318137156067 11.969946083874465 0.074102141141256975 12.561300411690873 10.674244420617205
decision_type=8 2 2 2 2 2 2 2 2 2 2 2 2 2
left_child=1 2 -1 4 -4 7 -7 8 -5 13 -11 12 -12 -2
right_child=9 -3 3 5 -6 6 -8 -9 -10 10 11 -13 -14 -15
leaf_value=-0.011839372279597034 -9.6222763577767355e-05 -0.00013987873949286204 5.1473679547061303e-06 4.3398499870366065e-07 0.00015908430552787284 -0.00036542792999387275 8.9637801467134923e-05 -2.7447021960008627e-05 0.00020344952924402195 -0.0032318757607808601 0.0018394467364753777 -6.2101755787225752e-05 -6.7118796167331122e-05 0.00018344862915055669
leaf_weight=28 124 65 21 25 38 30 25 35 28 63 24 99 99 67
leaf_count=28 124 65 21 25 38 30 25 35 28 63 24 99 99 67
internal_value=0.000306994 0.00126689 0.00207792 0.00263054 0.00505 0.00160417 -0.000267858 0.00276404 0.00427778 -0.000289309 -0.000891609 -0.000295965 0.000895161 0.000609374
internal_weight=771 295 230 202 59 143 55 88 53 476 285 222 123 191
internal_count=771 295 230 202 59 143 55 88 53 476 285 222 123 191
is_linear=0
shrinkage=0.03


Tree=482
num_leaves=15
num_cat=0
split_feature=13 3 3 0 1 0 7 0 1 10 13 1 8 7
split_gain=0.761741 0.680749 0.906135 0.550991 0.818194 0.746052 0.456708 0.425464 1.16518 0.417006 0.436249 0.385097 0.637986 0.374144
threshold=3.9699398397909711 11.594444580199074 11.279848200736366 12.179884021855313 13.196700377191563 14.609368405666592 4.7500000000000009 15.914245429053496 14.66919845046222 -0.5 3.2755723530519245 14.301187463605904 10.850000000000003 6.2500000000000009
decision_type=8 2 2 2 2 2 2 2 2 2 10 2 10 2
left_child=1 2 3 -1 5 6 -5 11 -9 -8 -11 -6 -13 -3
right_child=-2 13 -4 4 7 -7 9 8 -10 10 -12 12 -14 -15
leaf_value=-0.0001406502783057954 -0.00010656418774938556 6.315690152457666e-05 0.0002941256740764411 -0.0067434799764016324 -0.0027490317546723193 8.9893592800454532e-05 -5.1986478404087145e-05 0.0040909142710361833 -0.00042056334285997321 0.00028913830838710002 3.2033813024421417e-05 0.00039957619477366357 -6.7663763008255135e-05 -0.00024857375626751165
leaf_weight=49 172 47 31 23 101 35 35 21 38 33 26 20 31 100
leaf_count=49 172 47 31 23 101 35 35 21 38 33 26 20 31 100
internal_value=0.000503276 0.00101523 0.00160135 0.00122034 0.00162363 0.00329412 0.00211017 0.000410377 0.00255 0.00303158 0.00455 -0.000431373 0.00167308 -0.000750001
internal_weight=762 590 443 412 363 152 117 211 59 94 59 152 51 147
internal_count=762 590 443 412 363 152 117 211 59 94 59 152 51 147
is_linear=0
shrinkage=0.03


Tree=483
num_leaves=15
num_cat=0
split_feature=13 13 8 8 5 13 2 0 7 9 8 8 2 2
split_gain=0.608921 0.535322 0.515364 1.13001 0.552609 0.745393 0.439508 0.337428 0.827324 0.664235 0.284891 0.253297 0.251491 0.509271
threshold=3.9699398397909711 3.778065330117284 9.943500000000002 8.0500000000000025 1.4311004404647345 3.1847201767061821 11.940553063866398 12.949469870750768 6.4500000000000011 -0.86046863722869238 11.350000000000003 22.900000000000002 10.47896003373676 11.320059474496405
decision_type=8 10 10 8 2 10 2 2 2 2 10 10 2 2
left_child=1 2 3 4 5 -1 7 11 9 -9 -11 -4 -12 -14
right_child=-2 -3 6 -5 -6 -7 -8 8 -10 10 12 -13 13 -15
leaf_value=0.00019699532834982868 -0.00011403147107741458 5.1090647660039294e-05 -0.00016062051797521872 0.0011923204375578725 -0.00017867924379438632 -0.0081288056544565161 -6.1069190850149914e-05 0.00029840774475887663 0.0070378817529348466 0.00020153047404997051 -0.0023706375325293519 1.8805169972214021e-06 9.3602366971066872e-05 -0.0026317654002159761
leaf_weight=26 165 43 31 20 25 29 189 21 34 20 37 41 39 28
leaf_count=26 165 43 31 20 25 29 189 21 34 20 37 41 39 28
internal_value=0.00024833 0.000703766 0.000443622 0.00237624 0.00074074 0.00241071 -7.13634e-10 0.000821428 0.00151667 0.000513698 -0.000336001 -0.00090411 -0.000971429 0.000132352
internal_weight=748 583 540 100 80 55 440 251 179 145 124 72 104 67
internal_count=748 583 540 100 80 55 440 251 179 145 124 72 104 67
is_linear=0
shrinkage=0.03


Tree=484
num_leaves=15
num_cat=0
split_feature=2 8 13 13 8 2 8 8 8 2 9 2 7 1
split_gain=0.762405 0.558174 1.24978 0.622722 0.526127 0.556694 0.450012 0.344903 0.892625 0.379629 0.676174 0.340179 0.319531 0.326255
threshold=11.182712177033025 7.0500000000000007 3.1484041045277098 2.7908015742059882 10.65 10.86988736148618 13.250000000000002 10.65 9.0500000000000025 12.418738284306258 0.88144907265856365 12.680279024166422 6.5500000000000007 11.914748231179766
decision_type=2 10 10 8 10 2 10 8 10 2 2 2 2 2
left_child=1 2 -1 -3 -5 6 -6 8 -2 -9 11 -11 13 -8
right_child=7 3 -4 4 5 -7 12 9 -10 10 -12 -13 -14 -15
leaf_value=0.00028690708779272956 -1.1371240036712432e-05 0.00016916354506741111 0.0001787810810030116 -0.0015292904647914523 4.7657523875901672e-05 0.00016100135520262165 0.00024168997623391856 -0.0002095369903110666 0.00044511076035908318 0.0060123923168875753 0.00093646210368171815 -3.9699026788131033e-05 0.0028494031832348621 -0.0034659339410909608
leaf_weight=20 75 35 33 50 20 36 27 136 27 20 29 167 28 64
leaf_count=20 75 35 33 50 20 36 27 136 27 20 29 167 28 64
internal_value=0.000363281 0.0015 0.00427778 0.00091954 0.000331858 0.00110795 0.000235714 -0.000421979 0.0011068 -0.000866856 -8.295e-05 -0.000750001 -0.000475001 -0.00133696
internal_weight=767 313 53 260 225 175 139 454 102 352 216 187 119 91
internal_count=767 313 53 260 225 175 139 454 102 352 216 187 119 91
is_linear=0
shrinkage=0.03


Tree=485
num_leaves=15
num_cat=0
split_feature=2 8 8 9 13 7 2 9 1 7 2 1 3 13
split_gain=0.588509 0.627677 0.590239 0.495001 1.24779 0.461637 0.370846 0.379893 0.346881 0.315266 0.312829 0.702602 0.590499 0.563941
threshold=11.364318137156067 10.65 8.0500000000000025 -0.67494719543654291 3.094662338278956 5.7500000000000009 12.126071142632371 0.76883451325334917 15.134434725680999 6.6500000000000012 8.3961944030784874 12.205696820552394 6.9462364939941645 2.9799202416531383
decision_type=2 8 10 2 8 2 2 2 2 2 2 2 2 10
left_child=3 2 8 4 -1 -6 -3 -8 -2 -9 -5 13 -13 -12
right_child=1 6 -4 10 5 -7 7 9 -10 -11 11 12 -14 -15
leaf_value=0.0067852914032460136 6.3017090987314467e-05 -0.00050406725149708474 0.001144565798610344 -0.00014972409950935283 -0.0011654203845230316 6.2490232969886011e-05 -4.7307453252121863e-05 0.0028094946973255481 -0.00046679660367580038 -9.5360540236463876e-05 -0.017197755514403269 0.00041842033493480284 -0.00019697710634528293 0.0023922969870172092
leaf_weight=26 31 91 30 64 40 27 184 33 25 20 22 42 103 37
leaf_count=26 31 91 30 64 40 27 184 33 25 20 22 42 103 37
internal_value=1.93292e-05 -0.000751808 0.00151724 0.000903314 0.0027766 0.000573529 -0.00134954 -0.000718488 -0.00031579 0.0015 0.000245352 0.000819511 -0.00030822 0.00355
internal_weight=775 414 86 361 93 67 328 237 56 53 268 204 145 59
internal_count=775 414 86 361 93 67 328 237 56 53 268 204 145 59
is_linear=0
shrinkage=0.03


Tree=486
num_leaves=15
num_cat=0
split_feature=8 0 8 2 2 1 10 0 13 2 2 10 0 10
split_gain=0.516735 0.517429 0.848722 0.239458 0.611054 0.917913 0.455284 0.296483 0.523495 0.257296 0.320521 0.538745 0.239886 0.274698
threshold=7.0500000000000007 15.117446523240519 5.0500000000000007 11.106957157700093 10.47896003373676 13.177124222617669 -0.2397582400620111 13.246551078836207 3.37528983221975 12.418738284306258 12.843178517469434 0.24188504972319264 14.355232715256561 -0.76037701167087501
decision_type=10 2 10 2 2 2 2 2 8 2 2 2 2 2
left_child=1 2 -1 4 6 -6 7 -2 -9 -5 11 -11 -12 -14
right_child=3 -3 -4 9 5 -7 -8 8 -10 10 12 -13 13 -15
leaf_value=-5.0398994422787172e-05 -7.0488340625056203e-05 -5.5181201112504795e-05 0.00047058682862802746 -0.00015829035141615218 0.00040969310197817702 -0.00014058145953299914 -0.00063954094519321218 0.0005657929727529926 -0.0002203499402024733 0.0091122505798876888 -2.369272368524132e-05 -0.00019393921067444465 -0.0005019619349206448 2.1305378445893103e-05
leaf_weight=26 38 46 20 179 37 40 88 25 35 21 38 20 44 111
leaf_count=26 38 46 20 179 37 40 88 25 35 21 38 20 44 111
internal_value=-0.000226269 0.00187097 0.00408511 -0.000514033 0.000193181 0.00242308 -0.000737969 0.000666666 0.00196721 -0.000963769 -0.000306384 0.00207143 -0.000819588 -0.000288462
internal_weight=768 92 46 676 263 77 186 98 60 413 234 41 193 155
internal_count=768 92 46 676 263 77 186 98 60 413 234 41 193 155
is_linear=0
shrinkage=0.03


Tree=487
num_leaves=15
num_cat=0
split_feature=3 8 9 3 2 7 8 1 13 3 1 3 7 1
split_gain=0.478692 0.346133 0.283102 0.27962 0.289892 0.275814 0.257425 0.360759 0.358737 0.400031 0.278217 0.61458 0.326648 0.513531
threshold=11.431447469060666 39.20000000000001 0.76883451325334917 11.247534422660758 11.364318137156067 6.4500000000000011 8.3000000000000025 12.87360895897301 4.3957595904073594 10.16906799463011 13.72490307704015 8.4438526438667214 6.1500000000000012 12.205696820552394
decision_type=2 10 2 2 2 2 10 2 8 2 2 2 2 2
left_child=1 3 -2 4 6 -4 7 -1 9 10 12 -12 13 -8
right_child=2 -3 5 -5 -6 -7 8 -9 -10 -11 11 -13 -14 -15
leaf_value=0.0002388633264144463 -9.4132162534389999e-05 -0.0037282154108746403 0.0044339248044293674 7.6868328066909437e-05 -6.4435330497794133e-05 -0.00018247161207807013 0.00054991148739969736 -7.8572262985543382e-05 -0.0033125337071324341 0.0018819981706148267 0.0013810039228889924 -0.0053500992636799942 -0.0059155562511932682 -0.0001460336278128439
leaf_weight=37 164 33 28 23 174 28 48 39 30 25 25 22 38 62
leaf_count=37 164 33 28 23 174 28 48 39 30 25 25 22 38 62
internal_value=-0.000447877 2.15433e-05 -0.00162896 0.000211831 5.98795e-05 0.000210526 0.000587155 0.0021039 0.000119521 0.000542986 7.65299e-05 0.0020625 -0.000563759 0.00027027
internal_weight=776 556 220 523 500 56 326 76 250 220 195 47 148 110
internal_count=776 556 220 523 500 56 326 76 250 220 195 47 148 110
is_linear=0
shrinkage=0.03


Tree=488
num_leaves=15
num_cat=0
split_feature=3 13 13 3 10 13 13 2 1 3 9 4 2 10
split_gain=0.381593 0.477121 0.431689 0.500401 0.396725 0.3921 0.733867 0.811307 0.954133 0.495227 0.33432 0.322042 0.263711 0.395814
threshold=10.965424013460458 2.7046638279755322 2.8780245840889473 10.663646974151144 0.38268343236508956 3.9132263560644254 3.3561661032022831 9.1420011737795033 13.076813198341064 9.0859865040759136 0.19066188855616564 4.532585040406512 10.729029416456493 0.41248606129204551
decision_type=2 10 10 2 2 10 10 2 2 2 2 2 2 2
left_child=2 4 12 5 -2 6 11 -8 -9 -10 -7 -4 13 -1
right_child=1 -3 3 -5 -6 10 7 8 9 -11 -12 -13 -14 -15
leaf_value=0.00010075113725732452 -0.00012586893798533256 -0.0001492387024386394 0.00016561619032926165 0.00011288745554663904 0.00010910809484091671 -0.003802269046667155 -8.3886669578444315e-05 0.0002921156776669523 0.00066444239537218573 -0.014299539337358579 8.5594287038274043e-05 -0.0043686872550745687 -0.00012828111897608913 -0.0029148792666748107
leaf_weight=33 41 205 100 21 31 43 32 30 37 21 49 57 62 20
leaf_count=33 41 205 100 21 31 43 32 30 37 21 49 57 62 20
internal_value=-4.59777e-05 -0.00093885 0.000444663 0.000920715 0.00115068 0.000656756 0.00121942 0.00297521 0.00444944 0.00213559 -0.00103226 -0.000132912 -0.00116379 0.000388888
internal_weight=782 277 505 390 72 369 277 120 88 58 92 157 115 53
internal_count=782 277 505 390 72 369 277 120 88 58 92 157 115 53
is_linear=0
shrinkage=0.03


Tree=489
num_leaves=15
num_cat=0
split_feature=2 7 13 3 3 3 2 9 2 4 4 8 2 9
split_gain=0.422043 0.4035 0.308857 0.32671 0.895281 0.636685 0.398853 0.266748 0.240482 0.202312 0.403967 0.437445 0.420293 0.62002
threshold=11.134038766038875 5.1500000000000012 3.0173076496044242 9.9387219654845449 8.6458923996998873 7.7852706033470138 9.1420011737795033 0.25881904510252091 9.8066973689082246 11.854837425371402 10.55580602873262 19.200000000000006 13.368459416465091 0.76883451325334917
decision_type=2 2 8 2 2 2 2 2 2 2 2 10 2 2
left_child=1 7 8 4 5 6 -4 -1 -3 10 12 -12 -2 -14
right_child=9 2 3 -5 -6 -7 -8 -9 -10 -11 11 -13 13 -15
leaf_value=-0.00091337111192924306 -0.00025476908143903028 -0.0033504095000130214 2.6573327008608937e-05 -0.00021035491439112732 0.0014645247156478472 -0.012213450862167977 0.00061098285998804035 0.0002410884142056685 0.00034642776697296187 -0.00019570143554084642 0.00017751122822212191 -9.151257361372038e-05 -9.8048157169170863e-06 0.0010770444115985273
leaf_weight=51 273 22 44 35 24 22 27 38 28 56 34 30 52 21
leaf_count=51 273 22 44 35 24 22 27 38 28 56 34 30 52 21
internal_value=-0.000186017 0.000708903 0.00144828 0.00211765 0.00287288 0.0015 0.002875 -0.000966667 -0.000588236 -0.000745183 -0.00051095 0.00166154 -0.000916427 0.00109459
internal_weight=757 291 202 152 117 93 71 89 50 466 410 64 346 73
internal_count=757 291 202 152 117 93 71 89 50 466 410 64 346 73
is_linear=0
shrinkage=0.03


Tree=490
num_leaves=15
num_cat=0
split_feature=1 0 3 8 0 3 8 8 12 2 0 1 2 9
split_gain=0.700071 1.17435 0.762008 0.839943 0.611966 0.491266 0.413358 0.554247 0.286765 0.229017 0.380952 0.224914 0.214634 0.455331
threshold=13.096308965802882 13.246551078836207 8.2900783323641853 15.750000000000002 13.922524766558208 6.2412381778426349 23.450000000000003 10.65 1.5000000000000002 11.182712177033025 15.2679050273697 16.198516813545215 12.507560469223685 0.88144907265856365
decision_type=2 2 2 10 2 2 10 10 10 2 2 2 2 2
left_child=1 6 4 -4 -3 9 7 -1 -6 -2 -11 12 -7 -14
right_child=5 2 3 -5 8 11 -8 -9 -10 10 -12 -13 13 -15
leaf_value=-0.00060885110597650664 0.00092230469857555578 0.00047286629280600249 0.00016064726170312584 0.00047200785190013034 0.00010451826402011333 -0.00013082893358277404 -0.012458696214205419 0.00056186097674951511 -0.0094964262060584156 0.00067868976773833689 -0.002367660003803593 -0.0002031424843873907 -2.0561600078417307e-05 0.00069901293254876395
leaf_weight=31 38 20 21 26 25 222 59 37 22 20 20 46 163 27
leaf_count=31 38 20 21 26 25 222 59 37 22 20 20 46 163 27
internal_value=1.15674e-05 0.00135124 0.00354783 0.0064375 0.00145588 -0.000592179 -0.000632813 0.000956521 -0.000437501 0.00159494 -6.9781e-10 -0.000967321 -0.000740921 -7.11511e-10
internal_weight=777 241 114 47 67 536 127 68 47 78 40 458 412 190
internal_count=777 241 114 47 67 536 127 68 47 78 40 458 412 190
is_linear=0
shrinkage=0.03


Tree=491
num_leaves=15
num_cat=0
split_feature=1 1 7 2 2 1 1 9 8 2 5 8 9 7
split_gain=0.72413 1.03733 1.26075 0.352368 0.851861 0.453712 0.414158 0.390693 0.288596 0.60511 0.957623 0.468006 0.390178 0.528199
threshold=13.096308965802882 12.634404307685591 6.0100000000000007 11.372921581267656 10.370668320987154 11.327415855954472 10.408416927647821 0.19066188855616564 10.65 11.518526451329047 6.1866260054034683 8.0500000000000025 -0.33961250367033008 5.4500000000000011
decision_type=2 2 2 2 2 2 2 2 8 2 2 10 2 2
left_child=1 3 -3 4 5 6 7 -1 9 -2 11 -11 13 -10
right_child=8 2 -4 -5 -6 -7 -8 -9 12 10 -12 -13 -14 -15
leaf_value=-0.0061391935382127368 -8.96768081698283e-05 7.9274695050086483e-05 0.00052316870741761176 -0.01931279088417745 0.0012732044488027513 -0.0011732958216732479 0.00028756404593878503 0.0017967970578776531 0.0001188958180395001 0.00011582119713773948 -0.0002013385014543267 0.0015101455715460352 -0.00013418422531461788 -1.2819410206627645e-05
leaf_weight=21 58 38 21 23 37 72 22 20 23 27 27 20 265 101
leaf_count=21 58 38 21 23 37 72 22 20 23 27 27 20 265 101
internal_value=0.000289948 0.0016 0.00505 0.000535714 0.00100578 -0.000110295 0.00173437 -7.14293e-05 -0.000350575 0.000857142 0.00264 0.0051875 -0.000761539 0.000623999
internal_weight=775 254 59 195 172 135 63 41 521 132 74 47 389 124
internal_count=775 254 59 195 172 135 63 41 521 132 74 47 389 124
is_linear=0
shrinkage=0.03


Tree=492
num_leaves=15
num_cat=0
split_feature=7 1 2 8 3 8 2 0 7 1 13 4 0 13
split_gain=0.37633 0.841015 1.15943 0.49714 0.69808 0.577619 0.347718 0.739676 0.289519 0.63761 0.251841 0.222276 0.555851 0.194139
threshold=6.2500000000000009 12.205696820552394 9.1420011737795033 13.15 12.166576137550491 11.950000000000001 11.518526451329047 15.587342340134944 7.2500000000000009 15.449927355022185 3.3112361679976097 3.1567740231385479 14.722880896086263 3.2348076882374595
decision_type=2 2 2 10 2 10 2 2 2 2 10 2 2 8
left_child=1 2 13 5 -5 6 11 -8 -2 10 -10 12 -3 -1
right_child=8 3 -4 4 -6 -7 7 -9 9 -11 -12 -13 -14 -15
leaf_value=0.00013692945224339016 -5.971110961048502e-05 -0.018460469188852496 0.00074780873520300913 -0.00044833858040187478 3.4134800501505037e-05 0.0023887903433536094 0.00059846993168856475 -0.0036683441724329538 -0.0049270344947217274 0.00899036117966792 0.00046839930195143151 -0.00015631462985865398 0.00028832016277006886 -0.00063729191213811938
leaf_weight=28 236 23 34 186 21 25 33 34 28 22 20 32 22 32
leaf_count=28 236 23 34 186 21 25 33 34 28 22 20 32 22 32
internal_value=-2.31667e-05 0.000509553 0.00303158 -0.000127322 -0.00111058 0.00107647 0.000331034 0.00189706 -0.000840392 0.00084507 -0.00110204 -0.00103846 0.000326086 0.000491803
internal_weight=776 470 94 376 207 169 144 67 306 70 48 77 45 60
internal_count=776 470 94 376 207 169 144 67 306 70 48 77 45 60
is_linear=0
shrinkage=0.03


Tree=493
num_leaves=15
num_cat=0
split_feature=1 9 2 3 9 9 1 2 2 3 4 12 2 10
split_gain=0.669589 0.868365 1.20715 0.489569 0.43511 0.572498 0.593623 0.376895 0.289604 0.264327 0.247486 0.237407 0.592664 0.599464
threshold=13.096308965802882 0.69134849440110402 9.4106893536301772 1.0000000180025095e-35 -0.9629878403374984 -0.70710678118654735 10.94741949638073 10.47896003373676 11.571192012573325 8.6562588609406976 12.698931279552667 2.5000000000000004 14.178598277222433 -0.76037701167087501
decision_type=2 2 2 2 2 2 2 2 2 2 2 10 2 2
left_child=1 4 -3 7 -1 -6 -7 -2 -5 -8 11 12 13 -10
right_child=3 2 -4 8 5 6 9 -9 10 -11 -12 -13 -14 -15
leaf_value=-0.0008996991541654816 0.0082161644150920525 -0.00024757247335099322 0.0008161810148343909 -0.00027986431330186904 0.00028433846066825937 0.00016159066182860933 -0.00091988393358119784 -2.7044561478993058e-05 0.0017166161067396634 0.00027407128701635401 -0.00048495618177625197 -5.6971593601952505e-05 0.0024549222772372887 -0.00014504543205097416
leaf_weight=28 21 25 38 134 20 29 60 36 45 44 27 63 27 149
leaf_count=28 21 25 38 134 20 29 60 36 45 44 27 63 27 149
internal_value=0.000257027 0.00154286 0.00454687 -0.000369782 0.000478021 0.00111039 0.000380596 0.00222414 -0.000706279 -0.000685715 -0.000201924 6.31572e-05 0.000527026 -6.15392e-05
internal_weight=746 244 63 502 181 153 133 57 445 104 311 284 221 194
internal_count=746 244 63 502 181 153 133 57 445 104 311 284 221 194
is_linear=0
shrinkage=0.03


Tree=494
num_leaves=15
num_cat=0
split_feature=3 2 0 2 2 4 1 7 0 0 0 13 3 9
split_gain=0.989952 0.6592 0.569619 0.520042 0.896598 0.5286 0.424875 0.418703 0.731938 0.334019 0.291861 0.300376 0.415831 0.27849
threshold=11.36093098057953 12.781084197121062 10.075518657417684 11.182712177033025 9.1420011737795033 3.1567740231385479 12.205696820552394 5.3500000000000005 14.625897820877883 15.377853308363838 15.313801470356928 3.4525171866393332 9.194173718038618 0.76883451325334917
decision_type=2 2 2 2 2 2 2 2 2 2 2 10 2 2
left_child=1 2 -1 4 -4 6 -6 8 -8 -3 11 12 -7 -2
right_child=13 9 3 -5 5 10 7 -9 -10 -11 -12 -13 -14 -15
leaf_value=0.00090978286746955207 -9.0270292246241802e-05 0.00036726341918359826 -0.00055352597928351325 -0.00018362798066996362 0.00054509758415589491 0.0032624182998879348 -0.00066205635475499996 0.00046318032708996334 0.001047076183484716 9.6003805065851354e-05 0.00010376475153654069 -0.011113390488682609 -0.00031665653871173989 0.001031114567154651
leaf_weight=21 179 24 97 183 22 20 22 27 23 20 22 24 22 51
leaf_count=21 179 24 97 183 22 20 22 27 23 20 22 24 22 51
internal_value=0.000209762 0.000926136 0.000601239 0.000375809 0.00118929 0.00242623 0.00397895 0.00279452 0.00097826 0.0044 0.000741572 -0.000268657 0.00125581 -0.00142857
internal_weight=757 527 483 462 279 182 94 72 45 44 88 66 42 230
internal_count=757 527 483 462 279 182 94 72 45 44 88 66 42 230
is_linear=0
shrinkage=0.03


Tree=495
num_leaves=15
num_cat=0
split_feature=3 8 8 8 7 0 0 4 3 13 8 3 3 5
split_gain=0.784429 0.890175 0.878698 0.546549 0.452832 0.649132 0.658481 0.37863 0.360699 0.36999 0.48801 0.436247 0.22619 0.222592
threshold=11.594444580199074 33.050000000000004 39.20000000000001 14.65 4.7500000000000009 14.003662910928325 13.184417438975702 3.0557336697513398 11.094983732226657 2.7862603324970561 9.2500000000000018 9.0859865040759136 9.3454748916012402 2.7244451125137057
decision_type=2 10 10 10 2 2 2 2 2 10 10 2 2 2
left_child=1 3 -3 4 -1 6 7 -6 9 -7 11 -11 -4 -5
right_child=-2 2 12 13 5 8 -8 -9 -10 10 -12 -13 -14 -15
leaf_value=-0.0062541909152824702 -6.577646661393277e-05 0.0023387364508401748 -0.015373849032243548 -3.9965413452777651e-05 -0.00012630122761831127 -9.3696295806625267e-05 0.00046457992635352813 0.0017442263195023317 0.0013651257778680486 0.0018238392143923791 -0.00020650089079486035 -5.993311828119086e-06 0.00035263938808656123 -0.00018993913469711433
leaf_weight=35 202 35 21 189 20 43 28 20 20 27 67 27 20 39
leaf_count=35 202 35 21 189 20 43 28 20 20 27 67 27 20 39
internal_value=0.000102014 0.000653716 0.00366234 0.000203488 0.00107292 0.00151779 0.004 0.00146341 0.000583783 0.00010909 0.000959016 0.00305454 0.000642856 -0.00089083
internal_weight=793 591 76 515 287 252 68 40 184 164 121 54 41 228
internal_count=793 591 76 515 287 252 68 40 184 164 121 54 41 228
is_linear=0
shrinkage=0.03


Tree=496
num_leaves=15
num_cat=0
split_feature=3 5 3 13 13 2 3 8 13 13 7 8 2 4
split_gain=0.588199 0.496773 0.365595 0.605448 0.361031 0.513076 0.44101 0.271933 0.301584 0.91362 0.463586 0.474457 0.66478 0.443582
threshold=10.965424013460458 5.2914833751653276 10.224583129681685 2.9544034639620675 4.3167983667369354 12.541698293772731 9.8387089424762042 36.000000000000007 2.5921133604243618 2.9013227585975976 4.7500000000000009 13.15 9.2491426686118263 2.1686453704162454
decision_type=2 2 2 10 8 2 2 10 10 10 2 10 2 2
left_child=1 2 4 -4 5 6 7 8 -1 -10 -11 12 -12 -13
right_child=-2 -3 3 -5 -6 -7 -8 -9 9 10 11 13 -14 -15
leaf_value=-0.00013705434939561257 -3.9597247091315711e-05 -0.00012367390006960471 -0.00020683046539190313 0.0006174121979519579 -0.0022570798086431476 0.00037312709701103533 -0.00011940857519911782 -8.9899447844908172e-05 0.00053942692400879371 -0.0058513456700858618 -0.00024525396930979808 0.00045623974348058324 0.0022101811843853467 -0.0065808756142054703
leaf_weight=33 268 67 23 33 57 20 25 25 22 42 23 51 47 35
leaf_count=33 268 67 23 33 57 20 25 25 22 42 23 51 47 35
internal_value=0.000151554 0.000755952 0.00112586 0.00336842 0.000787401 0.00117593 0.000858552 0.0012043 0.0015 0.00190045 0.00123618 0.00198726 0.00380282 0.000482758
internal_weight=771 503 436 56 380 323 303 278 253 220 198 156 70 86
internal_count=771 503 436 56 380 323 303 278 253 220 198 156 70 86
is_linear=0
shrinkage=0.03


Tree=497
num_leaves=15
num_cat=0
split_feature=1 7 9 3 3 4 10 10 7 8 4 2 1 1
split_gain=0.924586 0.557214 0.517832 0.5061 0.549295 0.577219 0.520467 0.452883 0.372388 0.343571 0.427446 0.344653 0.449925 0.301603
threshold=13.017904528566254 4.6500000000000012 -0.5 11.123224298317892 7.5909278755257086 7.251344731875748 0.84683958865924192 -0.47114434510950037 5.3500000000000005 10.65 3.2672576590843554 11.571192012573325 15.065276086972649 12.034400743951482
decision_type=2 2 2 2 2 2 2 2 2 8 2 2 2 2
left_child=2 -2 8 4 6 7 13 -6 -1 10 -3 -12 -13 -4
right_child=1 9 3 -5 5 -7 -8 -9 -10 -11 11 12 -14 -15
leaf_value=-0.0015640066097644925 0.00026961482663868984 0.00051754031655404072 0.00015657253531155507 -0.010788665366661674 0.0002591054499106879 0.0001970039269338391 -0.011220482288157453 0.002017199553189367 4.6997394363067217e-05 -0.00010871280663211448 -0.00036913243820506158 0.00038619813151981298 -0.00019514633551458605 -1.2819498345639295e-05
leaf_weight=34 21 40 42 24 23 23 20 26 42 390 38 27 39 22
leaf_count=34 21 40 42 24 23 23 20 26 42 390 38 27 39 22
internal_value=-4.06411e-05 -0.000728418 0.00144747 0.00232044 0.00294267 0.00484931 0.00127059 0.00666 -0.000623377 -0.000919627 0.000331034 -0.000685715 0.000626865 0.00258461
internal_weight=811 555 256 180 156 72 84 49 76 534 144 104 66 64
internal_count=811 555 256 180 156 72 84 49 76 534 144 104 66 64
is_linear=0
shrinkage=0.03


Tree=498
num_leaves=15
num_cat=0
split_feature=2 2 7 1 4 8 5 1 4 11 7 0 5 4
split_gain=0.51428 0.778888 0.514177 0.305717 0.887788 0.2395 0.308124 0.50256 0.673992 0.265047 0.343948 0.538745 0.30991 0.230448
threshold=7.5170110799556467 5.7903761617974947 5.0500000000000007 12.034400743951482 1.3195286648076296 12.050000000000002 1.0000000180025095e-35 14.301187463605904 5.7588569908510134 1.0000000180025095e-35 7.2500000000000009 14.769969710718321 7.4850506990208254 5.8748113740367325
decision_type=2 2 2 2 2 10 2 2 2 2 2 2 2 2
left_child=1 2 -1 4 -2 6 7 13 -9 10 -7 -12 -11 -5
right_child=3 -3 -4 5 -6 9 -8 8 -10 12 11 -13 -14 -15
leaf_value=0.00035888938523854683 0.00036461013718437179 0.00024456179620238014 -0.0012737576342648136 0.00013079714781889749 -0.021059803927987217 -4.1504490720209253e-05 -0.00013819891067949424 -4.7004657373051311e-05 0.0015656126594739961 -0.0053746259648076696 0.00044581397712045381 -0.00051461482753790467 0.00057368507129647469 -0.00054037947447361471
leaf_weight=30 33 20 24 59 41 240 61 30 28 131 21 20 20 24
leaf_count=30 33 20 24 59 41 240 61 30 28 131 21 20 20 24
internal_value=-0.000122606 0.00224 0.000327272 -0.000372356 0.00144 -0.000585827 0.000266009 0.00103521 0.00315254 -0.000983834 -0.000436171 0.00207143 -0.00199342 -0.000464286
internal_weight=782 74 54 708 74 634 202 141 58 432 281 41 151 83
internal_count=782 74 54 708 74 634 202 141 58 432 281 41 151 83
is_linear=0
shrinkage=0.03


Tree=499
num_leaves=15
num_cat=0
split_feature=1 1 3 3 13 1 0 0 3 5 10 7 1 3
split_gain=0.679335 0.456826 0.481417 0.659344 0.374509 0.37198 0.549128 0.974851 0.401702 0.372293 0.401646 0.363446 0.4639 0.378789
threshold=15.505743709361562 15.332881265184389 10.965424013460458 10.677411995830598 2.6777619612815573 9.9532426738528574 13.802578286668629 13.246551078836207 8.9336969895898921 4.6958828469691616 0.94490267940017758 5.4500000000000011 13.076813198341064 5.6758969040294156
decision_type=2 2 2 2 8 2 2 2 2 2 2 2 2 2
left_child=1 2 3 4 -1 -6 7 8 -7 10 11 13 -13 -8
right_child=-2 -3 -4 -5 5 6 9 -9 -10 -11 -12 12 -14 -15
leaf_value=-0.00014282237104756845 -0.00023883524450416107 0.00024812256513251303 -8.5422986083419952e-05 0.00047434931332448224 -0.0096751944857112349 -0.00068416352345905063 0.00034462626529393401 0.00084697300075702367 0.0022271691536012556 -0.0036858527329188821 -0.017852348823454354 0.00014718229156102845 0.00012251261464577573 -0.00065869964948760921
leaf_weight=53 105 35 172 24 22 51 53 36 20 28 24 27 79 43
leaf_count=53 105 35 172 24 22 51 53 36 20 28 24 27 79 43
internal_value=0.000108667 0.000462574 0.000274881 0.00078091 0.000508008 0.000835937 0.00106906 0.00286111 0.000791666 0.000305882 0.000713656 0.00115271 0.00235514 -0.000185568
internal_weight=772 667 632 460 436 383 361 107 71 254 226 202 106 96
internal_count=772 667 632 460 436 383 361 107 71 254 226 202 106 96
is_linear=0
shrinkage=0.03


Tree=500
num_leaves=15
num_cat=0
split_feature=1 1 7 1 2 0 13 10 0 2 13 1 13 0
split_gain=0.829014 0.766082 0.799718 0.538174 0.52484 0.791895 0.475563 0.381966 0.307489 0.307426 0.743912 0.280161 0.26995 0.224565
threshold=13.096308965802882 12.59263845812521 5.4500000000000011 12.281341017959948 7.0878068469659921 12.179884021855313 3.6685709561006159 1.0000000180025095e-35 13.166110490416466 10.729029416456493 3.094662338278956 13.830254140816937 3.1233910917821626 10.992357801435288
decision_type=2 2 2 2 2 2 10 2 2 2 10 2 10 2
left_child=1 3 -3 4 12 13 7 -7 -2 10 -10 -12 -1 -6
right_child=8 2 -4 -5 5 6 -8 -9 9 -11 11 -13 -14 -15
leaf_value=0.0022301337634012429 1.861976780018777e-05 -1.452042322342585e-05 0.00058549859767022098 -0.0017822495081473175 0.00022564888073821704 -0.003833668552918194 0.00022933061598590213 0.0025916374083313504 0.002818376968078122 -0.0001293122311442589 -0.012662603727406827 0.0004167359609397207 -0.014031137949156587 -0.0013625171503597949
leaf_weight=20 20 28 39 35 20 22 21 21 20 426 29 28 33 22
leaf_count=20 20 28 39 35 20 22 21 21 20 426 29 28 33 22
internal_value=-1.52873e-05 0.00136259 0.00410294 0.000399999 0.00114375 0.00235514 0.00443077 0.00252273 -0.000704199 -0.000851191 0.000884615 -0.000879311 -0.00127778 -0.00083721
internal_weight=784 261 67 194 159 106 64 43 523 503 77 57 53 42
internal_count=784 261 67 194 159 106 64 43 523 503 77 57 53 42
is_linear=0
shrinkage=0.03


Tree=501
num_leaves=15
num_cat=0
split_feature=0 2 13 13 7 2 10 2 4 9 2 4 7 7
split_gain=0.586616 0.577139 0.635639 1.17148 0.537996 0.409852 0.405433 0.403557 0.752083 0.346273 0.399995 0.336134 0.458042 0.283541
threshold=9.8019906859244177 11.182712177033025 3.6685709561006159 3.897711265566699 5.8500000000000005 11.518526451329047 -0.76037701167087501 10.523609548945293 1.3195286648076296 0.51124928235797451 7.3287099632352914 12.612394872191157 7.3500000000000005 6.2500000000000009
decision_type=2 2 10 10 2 2 2 2 2 2 2 2 2 2
left_child=-1 2 6 -4 -5 -3 -2 9 -9 10 -8 12 13 -7
right_child=1 5 3 4 -6 11 7 8 -10 -11 -12 -13 -14 -15
leaf_value=0.00071758820712083786 -0.0016046737105115335 -0.0031144829012575231 0.00042450711835978743 0.0010409062449496141 -0.0031426903483244414 6.5548335682033058e-06 0.004926320943985648 0.0017862738884075531 -6.0429183066941035e-05 8.0822320007410524e-05 -0.0044267328046203955 -0.0019693655210938142 0.00039517080533772622 -0.00012119987160579439
leaf_weight=22 56 56 29 20 30 204 25 23 30 40 45 37 39 132
leaf_count=22 56 56 29 20 30 204 25 23 30 40 45 37 39 132
internal_value=0.000235741 9.38715e-05 0.00112375 0.0034125 0.000588235 -0.000562901 0.000286363 0.00104268 0.00316667 -7.08812e-10 -0.00126761 -0.000232446 3.98929e-05 -0.000320475
internal_weight=788 766 298 79 50 468 219 163 53 110 70 412 375 336
internal_count=788 766 298 79 50 468 219 163 53 110 70 412 375 336
is_linear=0
shrinkage=0.03


Tree=502
num_leaves=15
num_cat=0
split_feature=5 13 8 8 7 2 2 11 10 7 8 2 7 4
split_gain=0.686489 0.552095 0.386124 0.625622 0.301171 0.29954 0.779817 0.874393 0.382903 0.347212 0.560033 0.310572 0.628465 0.575874
threshold=6.8322144569127135 2.5007776600261349 4.8500000000000005 7.0500000000000007 7.4500000000000011 11.106957157700093 10.393408637961196 1.0000000180025095e-35 -0.70710678118654757 5.3500000000000005 10.050000000000002 12.126071142632371 6.2500000000000009 6.2235599818109852
decision_type=2 10 10 10 2 2 2 2 2 2 10 2 2 2
left_child=1 -1 -3 -4 5 6 -5 8 -8 -7 -11 -12 13 -13
right_child=-2 2 3 4 -6 9 7 -9 -10 10 11 12 -14 -15
leaf_value=-0.00012290283957434444 -0.00011902580252246509 -0.013529862215747384 0.00031100609705156281 1.9904181335107094e-05 0.00052266528709213073 -0.00070604554945462132 0.00024392857723505958 0.001359356394097642 -0.00017035774616445441 0.00014780478111911006 -0.0035199140830208444 0.00018233155108109009 -0.00018897092290000422 0.0035437025564130911
leaf_weight=87 98 22 38 141 43 62 25 22 20 22 78 38 54 20
leaf_count=87 98 22 38 141 43 62 25 22 20 22 78 38 54 20
internal_value=0.000272373 0.000615155 0.000947098 0.00110106 0.000826995 0.000608695 0.00146411 0.00410294 0.00163043 -4.36371e-05 0.000535211 -7.11511e-10 0.00100885 0.00315254
internal_weight=770 672 585 563 525 482 208 67 45 274 212 190 112 58
internal_count=770 672 585 563 525 482 208 67 45 274 212 190 112 58
is_linear=0
shrinkage=0.03


Tree=503
num_leaves=15
num_cat=0
split_feature=1 1 7 1 2 8 12 8 5 8 9 8 1 8
split_gain=1.20288 1.54292 1.23372 0.518566 0.610026 0.461809 0.470089 0.478608 0.401759 0.372328 0.826115 0.414218 0.31714 0.324541
threshold=13.096308965802882 12.59263845812521 5.3500000000000005 12.281341017959948 5.7903761617974947 27.850000000000005 1.5000000000000002 14.850000000000003 8.3166628455135054 10.850000000000003 -1.0000000180025095e-35 7.9000000000000012 13.668232248848563 18.350000000000005
decision_type=2 2 2 2 2 10 8 10 2 10 2 10 2 10
left_child=1 3 -3 4 -1 6 7 -6 9 10 -2 -12 -11 -14
right_child=8 2 -4 -5 5 -7 -8 -9 -10 12 11 -13 13 -15
leaf_value=-0.0023153163199901238 -0.00017244183143828829 7.9723155096578347e-06 0.00053382102755445446 -0.0015202338522845005 -0.00039793684671864728 -0.023075587686697756 0.00034847846756623019 0.00043884819252790284 -7.4711288942640712e-05 -0.0072920326426685516 8.8311667460080629e-05 0.0003889119022312245 -0.00018632031155418869 8.3569522789470567e-05
leaf_weight=36 47 30 42 32 23 29 36 24 74 67 35 29 115 155
leaf_count=36 47 30 42 32 23 29 36 24 74 67 35 29 115 155
internal_value=0.000294193 0.00199209 0.00567123 0.000497237 0.00124832 0.00233628 0.00346429 0.0014375 -0.000527725 -0.000187083 0.0013125 0.00350769 -0.000683433 -0.000221403
internal_weight=774 252 72 180 148 112 83 47 522 448 111 64 337 270
internal_count=774 252 72 180 148 112 83 47 522 448 111 64 337 270
is_linear=0
shrinkage=0.03


Tree=504
num_leaves=15
num_cat=0
split_feature=1 8 13 13 4 12 13 13 10 4 9 13 10 13
split_gain=0.970163 0.518874 0.531105 0.558384 0.530971 0.495907 0.67994 0.704952 0.429382 0.52556 0.397934 0.35864 0.424744 0.408409
threshold=13.165712766915652 10.050000000000002 4.334430235496562 3.3561661032022831 9.0983465307298328 1.0000000180025095e-35 3.0359868077848118 3.4061152144831728 -0.76037701167087501 5.5852316623203997 0.25881904510252091 2.7085604330299726 0.24188504972319264 4.5571266874014613
decision_type=2 8 8 10 2 8 8 10 2 2 2 8 2 10
left_child=5 2 3 4 -2 10 -7 -8 -9 -10 -1 12 -3 -13
right_child=1 11 -4 -5 -6 6 7 8 9 -11 -12 13 -14 -15
leaf_value=-0.00090147634447387956 -0.0019766229063010697 0.00020737195211163238 -0.013738572938376029 0.00044726690462848425 9.893335334787625e-05 0.00029285927947082937 -0.00023557082316750914 0.00027144761555045454 6.0446784608948271e-05 0.00053138397443752163 0.00043949228871481934 -0.00023127309033289499 -6.0816227534531899e-06 0.00019923764594813681
leaf_weight=29 42 24 21 46 20 26 76 27 61 22 22 297 39 20
leaf_count=29 42 24 21 46 20 26 76 27 61 22 22 297 39 20
internal_value=0.000535575 -0.000229412 0.00140769 0.00225688 0.000380952 0.00201136 0.00264789 0.0019893 0.00351351 0.00239286 -0.000634616 -0.000787402 0.00126562 -0.00119811
internal_weight=772 509 129 108 62 263 212 186 110 83 51 380 63 317
internal_count=772 509 129 108 62 263 212 186 110 83 51 380 63 317
is_linear=0
shrinkage=0.03


Tree=505
num_leaves=15
num_cat=0
split_feature=5 8 7 13 13 4 13 0 6 13 7 7 4 3
split_gain=0.595113 0.523463 0.559278 0.469907 0.450836 0.604509 0.769481 0.739506 0.438469 0.421824 0.352578 0.272365 0.256417 0.7556
threshold=5.9875059491338041 13.750000000000002 5.1500000000000012 2.4670511503686972 4.3711168165112104 3.0557336697513398 2.9595010195883922 14.884718308724077 7.380480006029317 3.793269586835287 4.8500000000000005 7.5500000000000007 7.7699547862938187 11.535534343685503
decision_type=2 10 2 10 10 2 10 2 2 10 2 2 2 2
left_child=1 2 -1 -4 5 7 -7 -5 -2 -8 -3 12 -12 -14
right_child=8 10 3 4 -6 6 9 -9 -10 -11 11 -13 13 -15
leaf_value=-7.2317553218069234e-05 -6.1343914737629202e-05 0.00050970724679717176 -0.00010049923857118603 0.00031537633540227651 -5.9090363796557662e-05 0.00018123258794200639 -0.0024046715085739362 6.9809315265031117e-05 8.9455029993758037e-05 0.0012184380804753389 -7.698877026903298e-05 0.00029702787671670764 0.00022790333562096437 -0.00012612599440710087
leaf_weight=59 101 33 27 30 23 23 43 22 21 20 237 31 35 68
leaf_count=59 101 33 27 30 23 23 43 22 21 20 237 31 35 68
internal_value=0.000647286 0.00100767 0.00209274 0.00288889 0.0035 0.00414388 0.00255172 0.00667924 -0.00126829 0.000796874 0.00034074 7.25799e-05 -0.000175954 0.00106731
internal_weight=773 651 247 188 161 138 86 52 122 63 404 371 340 103
internal_count=773 651 247 188 161 138 86 52 122 63 404 371 340 103
is_linear=0
shrinkage=0.03


Tree=506
num_leaves=15
num_cat=0
split_feature=1 8 1 1 7 0 0 13 2 13 3 2 1 5
split_gain=1.21653 0.649889 1.10685 1.29755 0.733475 0.705417 0.705392 1.63672 0.681778 0.522824 0.551743 0.448899 0.44776 0.244922
threshold=15.505743709361562 10.850000000000003 13.165712766915652 12.59263845812521 5.2500000000000009 13.991588878044549 15.655246763051963 3.094662338278956 11.298323257794562 3.0588254485455386 10.409385918788296 9.1420011737795033 13.231590220524028 7.4850506990208254
decision_type=2 8 2 2 2 2 2 10 2 10 2 2 2 2
left_child=1 4 3 9 12 -5 7 -6 -9 -3 11 -11 -1 -4
right_child=-2 2 13 5 6 -7 -8 8 -10 10 -12 -13 -14 -15
leaf_value=-0.00045378503771282105 -0.0004873923456879486 -0.0017338144170828971 -4.7046698517577566e-06 9.7403046519240719e-05 0.00038985762380673881 0.00019465690314220341 6.3359487865148021e-05 -2.3208493654217576e-05 0.00036422944928564627 4.2281811237275357e-05 -0.0051810302601355742 0.0020948759824831026 0.0010166901853320908 -0.00090881163891389925
leaf_weight=28 99 50 261 32 29 32 47 39 21 34 24 24 20 34
leaf_count=28 99 50 261 32 29 32 47 39 21 34 24 24 20 34
internal_value=0.000719999 0.00117603 0.000603658 0.00234518 0.00269189 0.00581538 0.00381022 0.00536667 0.00245902 0.000631578 0.00209638 0.00366102 -0.000489797 -0.000557433
internal_weight=774 675 491 196 184 64 136 89 60 132 82 58 48 295
internal_count=774 675 491 196 184 64 136 89 60 132 82 58 48 295
is_linear=0
shrinkage=0.03


Tree=507
num_leaves=15
num_cat=0
split_feature=13 8 2 9 1 0 13 13 8 2 1 13 13 9
split_gain=0.917609 1.12258 0.849736 0.661305 0.482297 0.872173 0.908132 0.511299 0.714475 0.484184 0.468006 0.358366 0.311587 0.442365
threshold=3.9132263560644254 6.9500000000000011 7.5170110799556467 0.97014794553715189 13.747592277435531 12.99662366452964 2.8252519975568435 3.5569021725796435 19.020000000000003 10.791177820814941 11.961307360333359 4.5690183866124068 3.2912581272669157 0.19066188855616564
decision_type=8 10 2 2 2 2 10 10 10 2 2 10 10 2
left_child=2 -2 10 4 5 -4 -7 12 -9 -6 -1 -3 13 -8
right_child=1 11 3 -5 9 6 7 8 -10 -11 -12 -13 -14 -15
leaf_value=7.8109636502142599e-05 0.00097300538944205053 -0.0021308712076179145 -0.00090802004424339687 0.0002423232428872147 0.0032837556828571976 0.00030486563174533012 0.00045421030618490016 0.00052427431023963176 -0.00022492093621066892 -5.4864852314871416e-06 0.00084516553921967134 0.00013339770503988945 -0.00027673841599119343 -0.00010962444407941645
leaf_weight=27 21 136 57 23 20 27 39 20 23 248 20 29 29 30
leaf_count=27 21 136 57 23 20 27 39 20 23 248 20 29 29 30
internal_value=0.000763999 -0.00105882 0.00136702 0.00100967 0.000771254 0.00179203 0.00287574 0.00188028 0.00456818 -8.922e-05 0.0051875 -0.00189759 0.000666666 0.00175714
internal_weight=749 186 563 516 493 225 168 141 43 268 47 165 98 69
internal_count=749 186 563 516 493 225 168 141 43 268 47 165 98 69
is_linear=0
shrinkage=0.03


Tree=508
num_leaves=15
num_cat=0
split_feature=0 10 0 0 7 4 13 10 13 9 13 12 13 4
split_gain=1.01676 0.544625 0.489019 0.844086 0.503101 1.00482 0.710657 0.598945 0.354911 0.298108 0.307507 0.39216 0.45303 0.392003
threshold=9.8019906859244177 0.96965254237475851 12.766868107645456 14.366276427545849 6.4500000000000011 0.54930614433405489 3.607759254555984 0.41248606129204551 3.4140316494952994 -0.88784492709732687 3.416460622098374 1.0000000180025095e-35 2.9495956306875488 5.9753062463697111
decision_type=2 2 2 2 2 2 10 2 10 2 8 10 10 2
left_child=-1 2 -2 4 5 6 7 -4 -6 -5 11 -11 -13 -14
right_child=1 -3 3 9 8 -7 -8 -9 -10 10 -12 12 13 -15
leaf_value=0.0016973589781046517 -0.00042737357835252168 0.003202767285985517 -0.00017430376858756902 4.4305139890397873e-05 0.0052258775602376292 -0.0032573050326864831 0.00094381521045936475 0.00022624780665002477 0.00012371212101647378 -0.00015613341224545208 -0.0001319824771467918 0.0016952581066485705 0.0008212869494024222 -0.0004332756611813099
leaf_weight=21 80 29 45 51 27 51 31 22 20 85 180 28 46 60
leaf_count=21 80 29 45 51 27 51 31 22 20 85 180 28 46 60
internal_value=0.000324324 0.000138888 -2.476e-05 0.000250386 0.00188832 0.00102 0.00278788 0.00101471 0.0045625 -0.000465633 -0.000742501 1.36357e-05 0.00102222 0.000112149
internal_weight=776 755 726 646 196 149 98 67 47 450 399 219 134 106
internal_count=776 755 726 646 196 149 98 67 47 450 399 219 134 106
is_linear=0
shrinkage=0.03


Tree=509
num_leaves=15
num_cat=0
split_feature=1 8 5 0 1 1 8 13 10 0 1 9 7 7
split_gain=0.463172 0.344999 0.367367 0.416764 0.484441 0.368599 0.519216 0.356198 0.346201 0.57292 1.11394 0.676089 0.801875 0.874042
threshold=15.983023042084346 16.550000000000004 5.6540564351703724 16.206994438603292 13.196700377191563 12.901688725277895 25.950000000000003 2.7176322085086961 -0.96047288537312736 15.450265067030431 12.634404307685591 -0.70710678118654735 5.5500000000000007 6.3500000000000005
decision_type=2 8 2 2 2 2 10 10 2 2 2 2 2 2
left_child=1 8 3 4 5 6 -3 -6 -1 10 -10 -12 -13 -14
right_child=-2 2 -4 -5 7 -7 -8 -9 9 -11 11 12 13 -15
leaf_value=-0.0026993575472500698 -0.00023451670048543589 0.00025982491316444464 -0.00011034791920281414 0.0021158333079516131 8.7048122314216709e-05 0.00035786300325723138 -5.4335002580222698e-05 -0.0013728356533123231 -2.7879651361800038e-06 -4.2157825603410022e-05 8.0055857898806263e-06 0.0031662842832034417 4.4903200712713716e-05 0.0037382419644903268
leaf_weight=49 66 38 37 20 33 23 65 120 85 108 38 27 34 24
leaf_count=49 66 38 37 20 33 23 65 120 85 108 38 27 34 24
internal_value=0.000324218 0.000551281 -0.000142434 0.000209999 -9.64293e-05 0.00127559 0.000490384 -0.00122727 0.00118852 0.00155205 0.0024689 0.00428226 0.00575581 0.00366102
internal_weight=767 701 336 299 279 126 103 153 365 316 208 123 85 58
internal_count=767 701 336 299 279 126 103 153 365 316 208 123 85 58
is_linear=0
shrinkage=0.03


Tree=510
num_leaves=15
num_cat=0
split_feature=2 2 9 10 13 13 2 2 13 12 3 3 1 3
split_gain=1.05046 0.901438 0.989557 0.402394 0.322339 0.586558 0.606068 0.494086 0.466774 0.398289 0.312341 0.795806 0.423958 0.271836
threshold=11.182712177033025 10.86988736148618 0.19066188855616564 0.62577451934763018 3.094662338278956 3.3581807369931798 9.3903459918807766 10.47896003373676 2.9617510625060315 1.0000000180025095e-35 11.732991946422862 10.935830331704402 14.243552407174795 12.841402511942185
decision_type=2 2 2 2 10 10 2 2 10 10 2 2 2 2
left_child=1 4 -3 10 8 -6 -7 -8 9 -1 11 -2 -13 -12
right_child=3 2 -4 -5 5 6 7 -9 -10 -11 13 12 -14 -15
leaf_value=0.00023227338982544541 -1.6146426760044259e-05 0.00036595833213578426 -3.8602901656486188e-06 -0.00015951624852587979 -0.0010128509813017528 -5.2120390102334898e-05 0.00090733397428552083 -0.00010004773300680021 0.0043347685723413134 -0.0019731802569273953 -0.00041562531032654509 0.00049202153104245159 0.00010014341346688555 -3.9828704535241981e-06
leaf_weight=47 155 23 23 118 56 58 39 22 23 27 72 20 27 68
leaf_count=47 155 23 23 118 56 58 39 22 23 27 72 20 27 68
internal_value=0.000200256 0.00152351 0.0053617 -0.000715836 0.000857142 8.52266e-05 0.001275 0.00333871 0.00223469 0.00104 -0.000192421 0.000561576 0.0039375 -0.0012766
internal_weight=778 318 46 460 272 175 119 61 97 74 342 202 47 140
internal_count=778 318 46 460 272 175 119 61 97 74 342 202 47 140
is_linear=0
shrinkage=0.03


Tree=511
num_leaves=15
num_cat=0
split_feature=13 4 7 2 1 0 13 2 4 13 9 9 2 0
split_gain=0.904989 1.05018 0.773568 0.378211 0.581386 0.286797 0.275538 0.423191 0.572992 0.432249 0.9728 0.755203 0.901931 0.232364
threshold=3.3581807369931798 8.3684407722953811 6.7500000000000009 5.5032222779571116 12.611143689029712 13.474126419618292 3.2794349174880142 12.843178517469434 10.25411720906626 3.1517080845114083 -0.12403179483894465 -0.67494719543654291 11.212191806527056 13.991588878044549
decision_type=10 2 2 2 2 2 8 2 2 10 2 2 2 2
left_child=6 2 3 -2 5 -5 7 8 9 11 -11 12 -1 -6
right_child=1 -3 -4 4 13 -7 -8 -9 -10 10 -12 -13 -14 -15
leaf_value=0.0069170978143695766 -0.0035922981802424198 -9.3714166466640132e-05 0.002452592319910009 0.0009171482726375999 -0.00021224418528404494 1.8131802902290853e-05 -9.5219721427830436e-05 -0.00031381999811711561 8.2571702983364939e-05 -0.0026513089680161406 0.014883244048937521 -0.00013312714407284293 -1.9501296203723497e-05 0.00011613608514642074
leaf_weight=24 22 85 21 21 28 20 74 103 22 24 24 166 30 109
leaf_count=24 22 85 21 21 28 20 74 103 22 24 24 166 30 109
internal_value=0.000337209 0.00160261 0.00268919 0.00208955 0.00254749 0.00564286 -0.00049359 -0.000175128 0.00041237 2.23041e-05 0.00257143 -0.000542987 0.00250909 0.00158696
internal_weight=773 306 221 200 178 41 467 393 290 268 48 220 54 137
internal_count=773 306 221 200 178 41 467 393 290 268 48 220 54 137
is_linear=0
shrinkage=0.03


Tree=512
num_leaves=15
num_cat=0
split_feature=13 13 7 13 1 0 10 13 1 0 10 7 3 0
split_gain=0.669233 0.409109 0.406248 0.401847 0.549594 0.999804 0.669459 0.379826 0.405967 0.595917 0.58072 0.353026 0.51142 0.35149
threshold=3.3581807369931798 3.094662338278956 6.2500000000000009 3.4428658756942112 13.252721673455397 14.609368405666592 -0.76037701167087501 2.4531326585235829 14.637936286036775 13.944816492159699 -0.33125622319804088 5.8500000000000005 9.5140107174952622 16.327743301182625
decision_type=10 8 2 10 2 2 2 10 2 2 2 2 2 2
left_child=1 2 7 -2 5 6 -5 -1 9 10 -9 12 -6 -13
right_child=3 -3 -4 4 11 -7 -8 8 -10 -11 -12 13 -14 -15
leaf_value=-0.0001672552457618401 0.0072553779160660706 -0.00035421385000974334 -7.8548144727243774e-05 0.0007953414990744625 -8.2512992800625102e-05 0.000327724979506417 -3.9303309640049515e-05 1.7021552187970433e-05 0.00020888085841904992 -0.00011686558411992303 0.00034057961269600155 -0.00019388123799634368 0.00238313681909389 4.1106039450883453e-05
leaf_weight=32 33 166 114 21 51 25 66 20 26 71 20 74 28 27
leaf_count=32 33 166 114 21 51 25 66 20 26 71 20 74 28 27
internal_value=2.32251e-05 -0.000726667 -3.16909e-05 0.00105828 0.000696245 0.00233628 0.00078409 0.000899999 0.00158696 0.000776785 0.00365854 -0.000331492 0.0011625 -0.0015
internal_weight=774 449 283 325 292 112 87 169 137 111 40 180 79 101
internal_count=774 449 283 325 292 112 87 169 137 111 40 180 79 101
is_linear=0
shrinkage=0.03


Tree=513
num_leaves=15
num_cat=0
split_feature=13 13 7 9 8 8 13 2 2 13 8 2 2 8
split_gain=0.331203 0.515 0.616295 0.537608 0.455359 0.396169 1.43625 0.3776 0.485143 0.357342 0.341565 0.336949 0.324612 0.246717
threshold=3.6230815368975491 3.897711265566699 5.9500000000000011 0.19066188855616564 22.900000000000002 27.550000000000004 3.094662338278956 12.781084197121062 11.134038766038875 3.2794349174880142 20.950000000000003 10.425052460378035 11.680579127014374 34.550000000000004
decision_type=10 10 2 2 10 10 8 2 2 10 10 2 2 10
left_child=4 2 3 -2 -1 6 -6 8 11 12 -9 -3 -7 -14
right_child=1 7 -4 -5 5 9 -8 10 -10 -11 -12 -13 13 -15
leaf_value=-5.24373146587259e-05 0.00067944955526393687 -5.0170042751946151e-05 -1.817632839323649e-05 8.5275269304131579e-05 0.0024868217355787257 -0.0090556979373487452 -5.7480221610007972e-05 0.00020166496282842154 -0.0077790381798761733 0.0017779196663081742 -0.00042144049984068022 0.00034144496713198452 -0.005704021342067273 0.00011445220564398435
leaf_weight=346 23 39 32 24 27 37 27 22 52 23 22 21 27 51
leaf_count=346 23 39 32 24 27 37 27 22 52 23 22 21 27 51
internal_value=0.00014341 0.00108051 0.0030375 0.0051875 -0.000267162 0.000901554 0.00305454 7.64324e-05 -0.000849558 4.31648e-05 0.0024 0.000983606 -0.000646552 0.000455695
internal_weight=773 235 79 47 538 192 54 156 112 138 44 60 115 78
internal_count=773 235 79 47 538 192 54 156 112 138 44 60 115 78
is_linear=0
shrinkage=0.03


Tree=514
num_leaves=15
num_cat=0
split_feature=8 8 10 0 8 8 10 1 0 7 7 7 7 12
split_gain=0.616567 0.961697 0.757665 0.452422 0.443725 1.15258 0.428344 0.294186 0.428386 0.196819 0.19512 0.663539 0.361624 0.180394
threshold=32.550000000000004 39.500000000000007 0.24188504972319264 16.796863756150177 6.9500000000000011 5.2500000000000009 -0.5 13.252721673455397 14.609368405666592 6.6500000000000012 5.4500000000000011 4.9500000000000011 6.8500000000000005 1.5000000000000002
decision_type=10 10 2 2 8 10 2 2 2 2 2 2 2 10
left_child=3 2 -2 4 5 -1 -3 8 10 13 11 -6 -12 -9
right_child=1 6 -4 -5 7 -7 -8 9 -10 -11 12 -13 -14 -15
leaf_value=-0.00033242785734243424 0.00013391318481224631 0.00041014100377062453 0.0061866051948888424 7.3464569248134876e-05 -0.0080430667398155176 0.0023727584813185683 -0.0085988790007592349 -4.092539386574875e-05 0.00019102140030796225 -6.7499002906241896e-05 -0.0010065681235774733 0.00039814600301206097 0.0002040894745607924 -0.00016273136960901657
leaf_weight=40 36 28 34 36 26 24 48 140 35 68 59 32 29 101
leaf_count=40 36 28 34 36 26 24 48 140 35 68 59 32 29 101
internal_value=-2.44241e-05 0.00171429 0.00422535 -0.000456854 -0.000670271 0.00166154 -0.000623377 -0.000977597 -1.64842e-05 -0.00153871 -0.000734695 0.000610169 -0.00161798 -0.0011281
internal_weight=736 146 70 590 554 64 76 490 181 309 146 58 88 241
internal_count=736 146 70 590 554 64 76 490 181 309 146 58 88 241
is_linear=0
shrinkage=0.03


Tree=515
num_leaves=15
num_cat=0
split_feature=5 1 9 7 4 8 8 8 0 0 13 13 13 13
split_gain=0.653399 0.40624 0.702623 0.391071 0.616667 0.352674 0.404239 0.385952 0.258865 0.358478 0.252142 0.248864 0.465314 0.361349
threshold=5.1489458566424346 12.281341017959948 -1.0000000180025095e-35 5.5500000000000007 4.0766389064824349 55.20000000000001 13.15 11.950000000000001 15.414201147005278 16.024982023601616 3.0588254485455386 3.3581807369931798 3.9765686453385891 3.6685709561006159
decision_type=2 2 2 2 2 10 10 10 2 2 10 10 10 10
left_child=1 2 10 -4 -5 6 7 -3 -2 -10 -1 -8 13 -13
right_child=8 5 3 4 -6 -7 11 -9 9 -11 -12 12 -14 -15
leaf_value=-0.012992261843921243 -0.00011938841606637283 6.3649228219050564e-05 0.00043513473420776121 -0.0003521020350671461 0.0024182712972500298 0.00021013620380262284 -0.00016245494384987209 0.001457463092011029 0.00079079188769360319 -0.00024864988370158748 0.00022153721187176715 -3.0132357457314343e-06 -0.00045928920052719949 0.00023376100442028277
leaf_weight=22 78 143 27 21 20 22 182 29 20 51 45 45 53 22
leaf_count=22 78 143 27 21 20 22 182 29 20 51 45 45 53 22
internal_value=-7.1434e-10 0.000422468 0.001875 0.004 0.00207143 2.41442e-05 -0.00015158 0.00100578 -0.00178 -0.000458334 -0.000308824 -0.000811882 0.000247933 0.00189706
internal_weight=780 631 135 68 41 496 474 172 149 71 67 302 120 67
internal_count=780 631 135 68 41 496 474 172 149 71 67 302 120 67
is_linear=0
shrinkage=0.03


Tree=516
num_leaves=15
num_cat=0
split_feature=9 5 8 8 2 10 8 10 4 2 3 4 2 0
split_gain=0.284926 0.280051 0.281986 0.394236 0.544046 0.509075 0.332553 0.282629 0.402046 0.484216 0.505936 0.726662 0.475194 0.229627
threshold=-0.99381977973277791 10.571892151298904 4.5500000000000007 14.65 7.9575170498384002 0.75023006073889131 55.20000000000001 -0.96047288537312736 10.411195917600601 11.320059474496405 1.0000000180025095e-35 3.1567740231385479 10.523609548945293 15.54546220650324
decision_type=2 2 8 10 2 2 10 2 2 2 2 2 2 2
left_child=-1 2 -2 4 -4 7 -5 13 9 10 -9 -12 -13 -6
right_child=1 -3 3 6 5 -7 -8 8 -10 -11 11 12 -14 -15
leaf_value=-0.021199694268619871 -0.005000793421896842 -0.0004522908404123558 0.00010680469979863843 -5.5734143233889896e-05 -0.0061951857437199413 -0.00018984169568623532 0.00020291933552567414 -0.00011035439982776192 8.083764980024089e-05 -2.5694754351975919e-05 0.00030667224763246669 0.001008912864055115 -0.00023545196368512122 0.00016521240734651232
leaf_weight=32 27 29 25 391 23 44 25 20 20 57 20 23 21 20
leaf_count=32 27 29 25 391 23 44 25 20 20 57 20 23 21 20
internal_value=-0.000181235 -6.03224e-05 5.85767e-05 0.00017826 0.00106204 0.000626505 -0.000402878 0.00125854 0.00183333 0.00124648 0.00268235 0.00396923 0.00173333 -0.000886364
internal_weight=777 745 716 689 273 248 416 204 161 141 84 64 44 43
internal_count=777 745 716 689 273 248 416 204 161 141 84 64 44 43
is_linear=0
shrinkage=0.03


Tree=517
num_leaves=15
num_cat=0
split_feature=9 13 7 13 1 9 4 1 1 7 13 13 3 1
split_gain=0.563282 0.714521 0.668455 0.483512 0.392521 0.875404 0.828264 0.529119 0.534594 0.536426 0.442096 0.602647 0.258499 0.221854
threshold=-0.88784492709732687 2.7802406240100033 5.4500000000000011 4.5860782025350835 12.096524084845875 0.25881904510252091 2.1686453704162454 15.332881265184389 15.505743709361562 6.5500000000000007 2.8888307077117577 2.9495956306875488 7.7331621557586425 14.382147574061419
decision_type=2 10 2 10 2 2 2 2 2 2 8 8 2 2
left_child=1 -1 -3 4 5 12 -7 10 -9 -10 -6 -12 -2 -13
right_child=3 2 -4 -5 7 6 -8 8 9 -11 11 13 -14 -15
leaf_value=0.00044158745718530541 -0.00088846545218934864 0.00034036273607077229 -3.9011717403278374e-05 0.00022141783717026644 -0.00018461734120577803 0.00067579268610873659 1.0061913658409652e-05 0.00035721688089470683 -0.0018537563774100997 0.00010326383287555467 0.0010755132096355313 -4.1335282737222486e-05 0.00020428673921704579 -9.634881176031975e-05
leaf_weight=20 35 21 56 20 93 28 28 32 46 38 20 239 21 85
leaf_count=20 35 21 56 20 93 28 28 32 46 38 20 239 21 85
internal_value=0.000107279 0.00223469 0.000884615 -0.000196794 -0.000337839 0.00127434 0.00389474 -0.000666066 0.0011282 -0.000141177 -0.00114384 -0.000643479 -0.00136842 -0.000960001
internal_weight=782 97 77 685 665 112 56 553 116 84 437 344 56 324
internal_count=782 97 77 685 665 112 56 553 116 84 437 344 56 324
is_linear=0
shrinkage=0.03


Tree=518
num_leaves=15
num_cat=0
split_feature=0 9 1 2 2 8 2 2 10 2 1 1 1 1
split_gain=0.740367 0.603698 0.619264 0.321851 0.529626 0.478962 0.364794 0.458247 0.400259 0.373676 0.31838 0.504564 0.830201 0.817938
threshold=10.075518657417684 -0.97063407339879026 13.932903965974827 13.523166886200295 13.78942270295815 34.20000000000001 11.182712177033025 11.004575060827891 -0.82968937203783677 11.571192012573325 11.455569160370196 13.096308965802882 12.785039405650375 12.281341017959948
decision_type=2 2 2 2 2 10 2 2 2 2 2 2 2 2
left_child=-1 2 -2 6 -5 -6 7 10 9 -8 -3 12 13 -12
right_child=1 3 -4 4 5 -7 8 -9 -10 -11 11 -13 -14 -15
leaf_value=0.00029970293979462612 -0.00086496180679967376 -0.0013430248345676096 0.00048005436297114185 0.00051612455840402709 -5.2948990430936499e-05 0.00026085065776811545 -0.0022534737721690429 0.00030576977560166021 -9.5386180828097258e-05 0.0019336284396611844 0.0008376779976233381 -6.0801629075728456e-05 0.00040416889627871953 -0.0011317405109463527
leaf_weight=20 21 48 20 26 77 27 21 31 219 64 50 99 20 36
leaf_count=20 21 48 20 26 77 27 21 31 219 64 50 99 20 36
internal_value=0.000157692 3.94665e-06 0.0035 -0.000200279 0.00114504 0.000171428 -0.000499152 0.000273683 -0.00121967 0.000523255 -0.000153544 0.000364077 0.00179439 0.000482758
internal_weight=779 759 41 718 130 104 588 284 304 85 253 205 106 86
internal_count=779 759 41 718 130 104 588 284 304 85 253 205 106 86
is_linear=0
shrinkage=0.03


Tree=519
num_leaves=15
num_cat=0
split_feature=0 13 1 3 9 3 4 0 3 0 0 9 0 8
split_gain=0.702057 0.460488 0.665376 0.704256 0.767624 0.87265 0.385349 0.487013 0.406637 0.341028 0.56243 0.482375 1.03457 0.467462
threshold=9.8019906859244177 3.5545219456527701 13.921101729232122 10.224583129681685 0.25881904510252091 1.3195286648076296 1.8598255563903452 15.362640924604099 12.064803127484979 12.347128233037898 13.802578286668629 -0.5 13.246551078836207 33.050000000000004
decision_type=2 10 2 2 2 2 2 2 2 2 2 2 2 10
left_child=-1 9 3 4 -3 -6 -4 -8 -9 -2 11 -11 -13 -12
right_child=1 2 6 -5 5 -7 7 8 -10 10 13 12 -14 -15
leaf_value=0.0013930907908561634 -0.017180838107723757 -3.2251756071842056e-05 -4.641122681244075e-05 0.00023122357191417893 0.00039518037060556189 -0.00057819629054401724 -0.00029161135245703968 0.0014385866424096365 -6.2159819221498024e-05 -7.7952395659179385e-05 -0.00010102242881196815 -0.0027534389264461515 0.0041645216806374032 0.00019852199434802344
leaf_weight=20 42 51 51 35 24 22 30 24 21 31 307 36 23 64
leaf_count=20 42 51 51 35 24 22 30 24 21 31 307 36 23 64
internal_value=0.000303068 0.000153543 0.00118147 0.00266165 0.00131633 0.00408511 -0.000377953 0.000986841 0.00293478 -0.000375001 -0.000136364 0.00197802 0.00355 -0.000653227
internal_weight=781 761 258 132 97 46 126 75 45 503 461 90 59 371
internal_count=781 761 258 132 97 46 126 75 45 503 461 90 59 371
is_linear=0
shrinkage=0.03


Tree=520
num_leaves=15
num_cat=0
split_feature=0 8 8 2 1 9 1 8 4 4 8 4 8 9
split_gain=0.517492 0.720724 0.873398 0.651984 1.08031 0.520316 0.480454 0.461154 0.384913 0.529358 0.347343 0.33366 0.344358 0.282193
threshold=15.009232588052667 16.550000000000004 32.550000000000004 10.510372353341756 13.108220557541628 0.25881904510252091 13.708331943677573 36.600000000000009 9.4900267768997892 6.7776459450286808 10.450000000000001 1.0000000180025095e-35 23.250000000000004 -0.86046863722869238
decision_type=2 8 10 2 2 2 2 10 2 2 10 2 10 2
left_child=1 3 11 5 -5 13 7 -4 9 -6 -7 12 -3 -1
right_child=-2 2 6 4 8 10 -8 -9 -10 -11 -12 -13 -14 -15
leaf_value=0.00013543233461124006 -5.5471759191094151e-05 -0.0011884439060002043 0.00094144111047782914 0.00030045923413743648 0.0017615126948853416 -2.5183163800167131e-05 0.0073665755689056207 -0.0040601195572331304 0.00045689946524879661 -0.0045370471664968109 0.00034477705586397203 -0.00056101901918036916 0.00021894298218749054 -0.010790541179784455
leaf_weight=20 340 23 33 20 28 27 24 40 25 21 25 83 38 37
leaf_count=20 340 23 33 20 28 27 24 40 25 21 25 83 38 37
internal_value=0.000175795 0.000849437 -0.000260331 0.00216176 0.00397895 0.000572727 0.00192857 0.000689188 0.00224 0.000659999 0.00271698 -0.00173793 -4.83878e-05 -0.00139655
internal_weight=784 444 241 203 94 109 97 73 74 49 52 144 61 57
internal_count=784 444 241 203 94 109 97 73 74 49 52 144 61 57
is_linear=0
shrinkage=0.03


Tree=521
num_leaves=15
num_cat=0
split_feature=0 9 2 13 5 7 7 13 7 8 10 0 8 11
split_gain=0.511815 0.884541 0.806984 0.565172 0.440127 0.424746 0.569977 0.821172 0.912713 0.343786 0.325164 0.224736 0.227362 0.45154
threshold=13.722083543606413 -0.88784492709732687 12.82566740907339 4.5696327016751104 5.1489458566424346 4.6500000000000012 5.3500000000000005 3.0001806577138601 6.8500000000000005 22.470000000000002 -0.11535712691606388 16.796863756150177 10.65 1.0000000180025095e-35
decision_type=2 2 2 10 2 2 2 8 2 10 2 2 10 2
left_child=4 2 -2 11 5 -1 9 -8 10 -7 -9 12 13 -3
right_child=1 3 -4 -5 -6 6 7 8 -10 -11 -12 -13 -14 -15
leaf_value=-0.011179768281040505 0.00032044511549166206 0.00012007041587397975 -0.0033731600130266905 0.00018724811997226256 -6.6647733218977315e-05 0.00027805197251500068 -0.020774337430960813 -0.00067049841691541425 0.0016362866328728486 0.00022648564281024512 0.015008081666994962 8.5539444563109316e-05 -8.9904139511467373e-05 -0.00019956823955953661
leaf_weight=22 41 80 21 20 27 20 26 31 24 20 22 41 314 44
leaf_count=22 41 80 21 20 27 20 26 31 24 20 22 41 314 44
internal_value=0.000346153 -0.0001121 0.00323809 -0.000534001 0.00167876 0.00225904 0.00285417 0.00164423 0.00319231 0.00585366 0.000944444 -0.000743751 -0.000943053 0.000143999
internal_weight=753 561 62 499 192 165 143 103 77 40 53 479 438 124
internal_count=753 561 62 499 192 165 143 103 77 40 53 479 438 124
is_linear=0
shrinkage=0.03


Tree=522
num_leaves=15
num_cat=0
split_feature=1 0 13 0 13 13 10 4 1 2 4 4 13 13
split_gain=0.500176 0.654757 0.556575 0.53714 0.503292 0.497778 0.361457 0.282871 0.276378 0.259457 0.159821 0.660477 0.183374 0.297839
threshold=13.154072050558062 14.848686254442249 2.2473999400211775 13.722083543606413 3.4061152144831728 3.0186624058275657 -0.33125622319804088 2.1686453704162454 12.721088155189435 15.177045225538324 11.922958727237182 11.310441050382765 2.8888307077117577 2.9544034639620675
decision_type=2 2 8 2 10 8 2 2 2 2 2 2 10 10
left_child=1 3 -2 4 5 7 -6 -1 -5 10 11 12 -4 -14
right_child=2 -3 9 8 6 -7 -8 -9 -10 -11 -12 -13 13 -15
leaf_value=0.00028602062098643795 0.00014385208640884276 0.00020930109873692988 -0.00015405063855871529 -8.6436839510329781e-05 0.00026971040502773319 -0.00058487703453490296 7.4700674768675573e-05 -0.0063863938424953874 6.8072925229292725e-05 0.00017703190463650247 -0.0078393618228089629 0.0031446646562798722 0.00080271134808620364 -9.1342623806944638e-05
leaf_weight=23 21 24 114 50 30 54 29 21 22 23 38 20 21 276
leaf_count=23 21 24 114 50 30 54 29 21 22 23 38 20 21 276
internal_value=-0.000179922 0.000909448 -0.0007179 0.000404347 0.00138608 6.06054e-05 0.00355 0.0024 -0.00172603 -0.00092495 -0.00107872 -0.000909723 -0.00117233 -0.000775168
internal_weight=766 253 513 229 157 98 59 44 72 492 469 431 411 297
internal_count=766 253 513 229 157 98 59 44 72 492 469 431 411 297
is_linear=0
shrinkage=0.03


Tree=523
num_leaves=15
num_cat=0
split_feature=1 0 0 0 13 3 8 8 2 10 0 1 8 12
split_gain=0.620413 0.826216 0.865006 0.859474 0.641205 0.69788 0.513668 1.29173 0.416406 0.269105 0.449141 0.472028 0.380952 0.371099
threshold=13.154072050558062 14.625897820877883 13.722083543606413 13.221258216867211 3.4061152144831728 8.6562588609406976 6.9500000000000011 4.6500000000000012 5.1652429079283566 0.017449748351250231 14.662194837682497 14.157251711253874 24.850000000000005 1.5000000000000002
decision_type=2 2 2 2 10 2 8 10 2 2 2 2 10 10
left_child=1 2 3 4 8 -6 7 -2 -1 10 11 12 -8 -12
right_child=6 -3 -4 -5 5 -7 9 -9 -10 -11 13 -13 -14 -15
leaf_value=0.0023384395305369888 -0.0073774003366838753 0.00045899394149558298 -0.00025754478313853087 0.00028801588564641772 -0.00028657400910795495 0.00076396281193191989 0.0048619159561380156 0.0003477440601107298 -0.007103073988399735 -0.00010267715720164605 1.6135299813128934e-05 0.0071901316381351435 -0.00060730806569336327 -0.00019345784435063738
leaf_weight=20 22 39 70 32 22 23 20 27 63 207 93 25 20 100
leaf_count=20 22 39 70 32 22 23 20 27 63 207 93 25 20 100
internal_value=0.000179846 0.00134444 0.00064935 0.00186335 0.000744185 0.00358696 -0.000431069 0.00246 -0.000821429 -0.000740344 -9.26648e-05 0.00204545 -6.9781e-10 -0.000819588
internal_weight=783 269 230 160 128 45 514 49 83 465 258 65 40 193
internal_count=783 269 230 160 128 45 514 49 83 465 258 65 40 193
is_linear=0
shrinkage=0.03


Tree=524
num_leaves=15
num_cat=0
split_feature=1 9 1 0 7 2 2 13 4 9 2 9 2 1
split_gain=0.852769 0.827471 0.808193 0.756759 0.894595 1.15275 0.60191 0.38797 0.575327 0.375245 0.250525 0.212472 0.211451 0.257753
threshold=13.017904528566254 -0.9905481240967402 12.675288307114183 13.922524766558208 6.1500000000000012 9.1420011737795033 8.3961944030784874 2.7176322085086961 10.55580602873262 1.0000000180025095e-35 10.370668320987154 -0.22909348975985949 11.803256519870283 13.656732767575111
decision_type=2 2 2 2 2 2 2 10 2 2 2 2 2 2
left_child=2 -2 3 4 5 9 -3 8 11 -1 -6 -8 13 -9
right_child=1 6 -4 -5 10 -7 7 12 -10 -11 -12 -13 -14 -15
leaf_value=-0.00010142912833082072 0.00029097673079552465 0.00081363849547538088 0.00037949891286969751 -0.00031023372009321946 -0.018189489715691405 0.00067724846181878838 0.00011000106295238656 -0.00056807805593858034 0.00096262823583356078 0.00033777508892973273 5.4481297880174949e-05 -0.0012969842105611091 -0.00019294991008969776 0.00012166317834400264
leaf_weight=29 27 20 37 57 26 30 28 63 28 25 29 38 224 106
leaf_count=29 27 20 37 57 26 30 28 63 28 25 29 38 224 106
internal_value=0.000246093 -0.000414954 0.00175641 0.000974619 0.00216429 0.00409412 -0.000690946 -0.000903689 0.000821052 0.00141818 -0.000803572 -0.000716419 -0.00131726 -0.000511765
internal_weight=767 534 233 196 139 84 507 487 94 54 55 66 393 169
internal_count=767 534 233 196 139 84 507 487 94 54 55 66 393 169
is_linear=0
shrinkage=0.03


Tree=525
num_leaves=15
num_cat=0
split_feature=0 9 1 3 13 10 13 13 13 3 1 2 13 13
split_gain=0.505467 0.512029 0.637603 1.34413 0.460434 0.447882 0.380952 0.197013 0.238825 0.285906 0.368744 0.333327 0.513976 0.387356
threshold=9.8019906859244177 -0.92304025209086915 14.684605070709532 8.4152656841796283 4.5860782025350835 0.99572243068690536 3.3608817317346471 4.3957595904073594 4.3615325484691922 6.9462364939941645 11.629158682860179 11.182712177033025 3.1484041045277098 3.5569021725796435
decision_type=2 2 2 2 10 2 10 10 8 2 2 2 10 10
left_child=-1 2 3 6 5 7 -2 8 9 10 -3 12 -12 -14
right_child=1 4 -4 -5 -6 -7 -8 -9 -10 -11 11 -13 13 -15
leaf_value=0.00053881591426428808 0.00090067359587604312 -0.0073924647989555888 -0.00010897002755906134 0.00046295291131136132 0.00016356634107259145 0.0018930801659102223 -0.02998535242629035 -0.00311348518503395 0.00015532233626664485 -8.5890291672025893e-05 0.0012902117106675752 -0.00024065611337503208 -0.00023551975531555799 0.00036307234684024406
leaf_weight=24 20 36 27 28 21 22 20 31 37 402 27 33 27 23
leaf_count=24 20 36 27 28 21 22 20 31 37 402 27 33 27 23
internal_value=0.000123234 -1.58948e-05 0.00203125 0.00356522 -0.000313637 -0.000460095 -6.9781e-10 -0.000612643 -0.000486349 -0.000644809 0.000489795 0.00135135 0.00242308 0.000588235
internal_weight=778 754 95 68 659 638 40 616 585 548 146 110 77 50
internal_count=778 754 95 68 659 638 40 616 585 548 146 110 77 50
is_linear=0
shrinkage=0.03


Tree=526
num_leaves=15
num_cat=0
split_feature=1 3 7 2 9 2 7 13 9 13 8 5 9 7
split_gain=0.744047 0.676871 1.14354 0.906073 0.665441 0.542851 0.421122 0.434073 0.500148 0.377468 0.398369 0.63625 0.415734 0.319558
threshold=11.897083045367252 5.3301948721224219 6.3500000000000005 1.0000000180025095e-35 -0.9905481240967402 7.3287099632352914 5.6500000000000012 4.309189973592054 0.19066188855616564 3.8539569225446724 10.65 5.3844529770182641 0.88144907265856365 7.2500000000000009
decision_type=2 2 2 2 2 2 2 10 2 10 8 2 2 2
left_child=1 3 -3 -1 -2 -6 -7 9 -9 10 11 -8 13 -12
right_child=4 2 -4 -5 5 6 7 8 -10 -11 12 -13 -14 -15
leaf_value=0.0016357102247727801 0.00028678488343805892 0.00083872079053592583 0.00013046270824023095 -0.0008933675390293272 0.00070306072964598386 -7.5541300873346949e-05 0.00026469940294313645 -8.6238087900180769e-05 0.00061727014593938303 -0.0018300047211433977 -0.00013801427650574817 -0.00011276767207065695 0.0032334423041663128 0.00023494276361031151
leaf_weight=22 32 25 29 30 24 209 37 21 22 34 170 29 29 37
leaf_count=22 32 25 29 30 24 209 37 21 22 34 170 29 29 37
internal_value=0.0005992 0.00291589 0.00523636 0.000452829 0.000213953 -9.78864e-06 -0.000193549 0.000402631 0.00320454 3.56076e-05 0.000376237 0.00241791 -0.000202532 -0.000677885
internal_weight=750 106 54 52 644 612 588 379 43 336 302 66 236 207
internal_count=750 106 54 52 644 612 588 379 43 336 302 66 236 207
is_linear=0
shrinkage=0.03


Tree=527
num_leaves=15
num_cat=0
split_feature=0 9 13 3 10 13 9 2 2 2 2 13 0 3
split_gain=0.530825 0.594284 0.557367 0.42269 0.322416 0.204849 0.198914 0.428467 0.389504 0.308313 0.433788 0.238783 0.185306 0.299468
threshold=9.8019906859244177 -0.88784492709732687 3.6230815368975491 10.653049122658439 0.99572243068690536 3.115735218115562 -0.33961250367033008 13.43817905186007 9.3497612623335176 13.991638871457628 13.614302654033946 2.5688187898933337 16.243989267663476 10.717540093957641
decision_type=2 2 8 2 2 10 2 2 2 2 2 8 2 2
left_child=-1 2 3 5 6 -2 7 8 -3 10 11 -8 13 -13
right_child=1 4 -4 -5 -6 -7 9 -9 -10 -11 -12 12 -14 -15
leaf_value=0.00043550881564875983 0.00027452615295206522 8.9995819751945383e-05 0.00024501443663099199 -0.00011348254496541785 0.0014557208621112658 -9.5950403240948256e-05 -0.0022063883398753571 0.00014271344528699371 -0.00011473926536187147 -0.00035349308173927548 0.00014766851597130122 3.6564628679836409e-06 8.1407539846603714e-05 -0.00020747965061431966
leaf_weight=23 25 31 31 20 24 20 35 31 108 68 22 219 39 93
leaf_count=23 25 31 31 20 24 20 35 31 108 68 22 219 39 93
internal_value=0.000231645 9.38715e-05 0.00228866 0.000681817 -0.000223548 0.00228261 -0.000352396 0.000526315 -0.000192858 -0.000666667 -0.000352079 -0.000589148 -0.000349433 -0.00059425
internal_weight=789 766 96 65 670 45 646 170 139 476 408 386 351 312
internal_count=789 766 96 65 670 45 646 170 139 476 408 386 351 312
is_linear=0
shrinkage=0.03


Tree=528
num_leaves=15
num_cat=0
split_feature=7 8 8 10 3 1 8 3 7 1 2 2 1 7
split_gain=0.396371 0.462784 0.546424 0.464464 0.559799 0.531065 0.419544 0.360046 0.338418 0.33837 0.216982 0.20025 0.448179 0.301949
threshold=7.6500000000000012 13.250000000000002 12.750000000000002 -0.9141673389828272 11.355234852484111 14.422245486766991 32.550000000000004 12.360533806562113 4.8500000000000005 11.717996047682638 9.8066973689082246 13.040398288554799 14.989038693386599 5.0500000000000007
decision_type=2 10 10 2 2 2 10 2 2 2 2 2 2 2
left_child=1 2 3 -1 5 8 -3 -6 -5 -10 -11 13 -13 -8
right_child=-2 6 -4 4 7 -7 11 -9 9 10 -12 12 -14 -15
leaf_value=-0.0023097304300120562 0.00037916536952520405 -7.6591552931831681e-05 0.00037277604290133874 -0.002794914133382306 0.0014470970498038688 -0.00064139492812822379 0.00070728234535342906 4.704478173379985e-05 0.00073987716432418371 -0.00043572616149977503 0.00012631197615554582 0.0024001520415269004 -6.2062867867893425e-05 -0.00035383717947597788
leaf_weight=41 32 305 20 24 20 45 26 20 25 20 58 20 30 64
leaf_count=41 32 305 20 24 20 45 26 20 25 20 58 20 30 64
internal_value=0.00023968 9.17934e-05 0.00106204 0.000673228 0.00123944 0.000485548 -0.000504485 0.00439024 0.00147656 0.00222115 0.00121519 0.000851063 0.00235294 -7.07396e-10
internal_weight=750 718 273 253 212 172 445 40 127 103 78 140 50 90
internal_count=750 718 273 253 212 172 445 40 127 103 78 140 50 90
is_linear=0
shrinkage=0.03


Tree=529
num_leaves=15
num_cat=0
split_feature=1 13 13 7 13 6 1 8 9 4 4 13 13 1
split_gain=0.803929 0.955332 0.480956 0.79933 0.786025 0.421301 0.292296 0.421706 0.658787 0.407779 0.455486 0.39995 0.435261 0.3852
threshold=11.484408999165113 2.3558523928899047 3.3231252918076066 5.5500000000000007 3.9132263560644254 7.380480006029317 15.476465408796249 16.550000000000004 0.51124928235797451 5.8748113740367325 10.183511179599234 2.9450127606983019 3.2690750720136168 14.754425286048152
decision_type=2 8 8 2 8 2 2 10 2 2 2 10 10 2
left_child=2 -2 3 -1 -4 6 7 9 -9 11 13 -3 -13 -11
right_child=1 5 4 -5 -6 -7 -8 8 -10 10 -12 12 -14 -15
leaf_value=0.00051243482746763703 0.00013501191852083834 -0.00015083721708586794 0.00083523817232907492 -0.0042172801263686702 7.8996093196007281e-05 0.00034865516993949121 -0.0027050894896651816 -0.00015755497765363466 0.00014970971508151436 -0.00053340053978684495 7.2752045653810306e-05 0.00095106641006899144 0.0003848005113927319 0.0045650220646100675
leaf_weight=22 33 24 21 23 21 21 84 197 81 71 24 31 100 25
leaf_count=22 33 24 21 23 21 21 84 197 81 71 24 31 100 25
internal_value=0.000469832 0.000125722 0.00317045 0.00097826 0.00544186 -0.000127467 -0.000268026 -1.62462e-05 -0.00083871 0.000815217 -0.000495868 0.00182692 0.00247727 -0.00142268
internal_weight=778 691 87 45 42 658 637 553 278 275 120 155 131 96
internal_count=778 691 87 45 42 658 637 553 278 275 120 155 131 96
is_linear=0
shrinkage=0.03


Tree=530
num_leaves=15
num_cat=0
split_feature=2 7 5 9 2 0 7 1 1 0 8 10 8 1
split_gain=0.5446 0.635122 0.85055 0.767371 0.634678 0.448551 0.414923 0.278185 0.468076 0.568055 0.354657 0.311984 0.283231 0.36974
threshold=7.5170110799556467 6.8500000000000005 1.4311004404647345 0.19066188855616564 5.7903761617974947 14.662194837682497 5.1500000000000012 13.656732767575111 13.017904528566254 14.625897820877883 36.350000000000009 0.41248606129204551 25.250000000000004 13.98922316130106
decision_type=2 2 2 2 2 2 2 2 2 2 10 2 8 2
left_child=4 7 5 -4 6 -3 -1 8 9 11 12 -2 13 -9
right_child=1 2 3 -5 -6 -7 -8 10 -10 -11 -12 -13 -14 -15
leaf_value=0.00022060595503809103 -0.0013948061165477315 0.00021250398379192822 0.0010431246717840415 2.4289678403071736e-05 0.00050448235529636232 -6.0902128397266419e-05 -0.00031344706041212095 0.00070688757632938776 -0.0041194433145851387 0.00036130607080670879 0.0014278698003219071 7.6635509643917509e-05 -0.00010881112774238606 -3.6917547919668373e-06
leaf_weight=32 74 36 28 27 23 46 24 38 84 24 32 31 39 225
leaf_count=32 74 36 28 27 23 46 24 38 84 24 32 31 39 225
internal_value=0.000695025 0.000420437 0.00223913 0.00508929 0.0030375 0.000289156 0.00126316 -3.83219e-05 -0.000883178 0.000253845 0.000501492 -0.000707548 0.000178217 0.00053409
internal_weight=763 684 137 55 79 82 56 547 213 129 334 105 302 263
internal_count=763 684 137 55 79 82 56 547 213 129 334 105 302 263
is_linear=0
shrinkage=0.03


Tree=531
num_leaves=15
num_cat=0
split_feature=8 0 0 9 0 2 10 8 3 8 9 3 13 7
split_gain=1.03753 0.95607 1.14771 0.593872 0.623451 0.507987 0.398148 0.618277 0.885931 0.286138 0.340482 0.475026 1.03234 0.470855
threshold=13.250000000000002 15.034266700300767 14.609368405666592 -0.86046863722869238 13.4165489542986 9.2491426686118263 -0.33125622319804088 7.9000000000000012 10.402791739036198 14.850000000000003 0.51124928235797451 10.30109027150977 3.3318620175275444 7.3500000000000005
decision_type=8 2 2 2 2 2 2 10 2 10 2 2 8 2
left_child=1 2 3 -1 5 -5 -3 -8 -9 -2 13 -12 -13 -11
right_child=9 6 -4 4 -6 -7 7 8 -10 10 11 12 -14 -15
leaf_value=0.00029427311346414211 -9.6561281803671895e-05 -0.00012518330176757773 0.00054447517722196952 -0.00029172091147363613 -0.00047276712476787216 0.00049209050022232215 -0.00066955130106843028 -2.553348541270542e-05 0.003500377950969886 -7.4715405641037841e-05 -0.0047667035180175938 3.0580829008930787e-06 0.0072421892381949954 0.00048298974557115215
leaf_weight=21 33 62 33 24 49 20 43 21 20 284 52 37 20 45
leaf_count=21 33 62 33 24 49 20 43 21 20 284 52 37 20 45
internal_value=0.000611764 0.0020102 0.00370946 0.00224348 0.00118085 0.00373333 0.000285714 0.00162353 0.00421429 -0.000260594 -5.46704e-05 0.00139091 0.00325862 -0.000536364
internal_weight=764 293 147 114 93 44 146 84 41 471 438 109 57 329
internal_count=764 293 147 114 93 44 146 84 41 471 438 109 57 329
is_linear=0
shrinkage=0.03


Tree=532
num_leaves=15
num_cat=0
split_feature=1 13 13 13 9 1 4 13 2 3 9 3 13 1
split_gain=1.10005 1.17808 0.343042 0.839717 0.506718 0.506297 0.58473 0.398485 0.304113 0.409675 0.322472 0.272017 0.271907 0.260906
threshold=13.076813198341064 2.2711502604392559 3.6685709561006159 3.9132263560644254 0.69134849440110402 10.712809871372734 6.8194368065520736 3.0508391527108922 15.177045225538324 9.5902192356746792 0.93540483100319627 11.094983732226657 4.3313432520420472 13.458023127149827
decision_type=2 8 10 10 2 2 2 10 2 2 2 2 10 2
left_child=2 -2 4 -4 5 -1 -7 -6 9 10 12 -11 13 -3
right_child=1 8 3 -5 7 6 -8 -9 -10 11 -12 -13 -14 -15
leaf_value=0.00024216261261757782 0.00026773194971833805 -7.610875505404271e-05 0.000388899804972579 7.0303034917556227e-05 0.00070097473651187887 -0.00022224426592001257 0.00097828154096728888 5.8823894286939805e-05 0.00018750049945335785 -0.0059709797028617544 -0.015800564091658628 -3.4546663351640928e-05 -0.0019589986060215194 0.0016724164696815429
leaf_weight=24 22 23 31 39 20 87 28 21 20 85 25 205 29 118
leaf_count=24 22 23 31 39 20 87 28 21 20 85 25 205 29 118
internal_value=0.000397172 -0.000380683 0.00203187 0.00380282 0.00132597 0.000449999 -0.000387932 0.00421429 -0.000681819 -0.000833334 0.000229591 -0.00154639 0.000701754 0.00124648
internal_weight=777 527 250 70 180 139 115 41 505 485 195 290 170 141
internal_count=777 527 250 70 180 139 115 41 505 485 195 290 170 141
is_linear=0
shrinkage=0.03


Tree=533
num_leaves=15
num_cat=0
split_feature=3 3 10 9 7 8 9 0 10 1 9 8 7 0
split_gain=0.986546 1.39136 0.453265 0.425625 0.719489 0.400249 0.750952 0.454078 0.49488 0.435977 0.404456 0.59832 0.334508 0.310345
threshold=11.123224298317892 10.677411995830598 1.0000000180025095e-35 -0.25881904510252113 6.7500000000000009 10.950000000000001 -0.92304025209086915 13.722083543606413 -0.82968937203783677 13.154072050558062 0.13052619222005182 5.6500000000000012 5.4500000000000011 15.509268706681548
decision_type=2 2 2 2 2 10 2 2 2 2 2 10 2 2
left_child=1 5 3 4 -2 10 9 8 -8 -7 13 -12 -13 -1
right_child=2 -3 -4 -5 -6 6 7 -9 -10 -11 11 12 -14 -15
leaf_value=-0.00023491856255825476 -0.00016981354757611921 0.00026093527530997762 -0.00014802980853208369 -3.7213945108375205e-05 0.00057886884573581164 9.0889007458433925e-05 0.00054999312972363692 -0.00037957699665148802 7.1041088941747545e-06 0.0023107003840030166 -0.00043661897456243065 0.00021111977053225886 0.00065834685438365787 0.00066168985580049029
leaf_weight=59 26 39 130 84 21 22 26 176 68 20 23 26 31 22
leaf_count=59 26 39 130 84 21 22 26 176 68 20 23 26 31 22
internal_value=0.000686046 0.00145029 -0.000812978 0.000431817 0.0026875 0.00099367 0.000364217 -0.000221403 0.00145263 0.00404651 0.0022037 0.0037037 0.00532759 0.000695121
internal_weight=773 512 261 131 47 473 312 270 94 42 161 80 57 81
internal_count=773 512 261 131 47 473 312 270 94 42 161 80 57 81
is_linear=0
shrinkage=0.03


Tree=534
num_leaves=15
num_cat=0
split_feature=1 9 0 1 0 8 1 8 13 13 8 8 13 2
split_gain=0.631138 0.855475 0.58714 1.20022 0.820854 0.39118 0.370378 0.348097 0.378698 0.581379 0.524951 0.319923 0.319504 0.319959
threshold=13.154072050558062 -0.9905481240967402 14.609368405666592 12.74237591004138 13.722083543606413 16.050000000000004 14.637936286036775 36.600000000000009 3.0790922744843354 3.3679762682953696 18.550000000000004 22.900000000000002 4.5645479846104093 13.43817905186007
decision_type=2 2 2 2 2 10 2 10 8 10 10 10 8 2
left_child=2 -2 4 -4 7 12 -7 8 11 -10 -11 -1 13 -3
right_child=1 5 3 -5 -6 6 -8 -9 9 10 -12 -13 -14 -15
leaf_value=6.0253409272465596e-05 0.00024993754788023254 1.5836602734976786e-05 -0.00032476131086184935 0.0007090898126100579 -0.00022986132646668286 -0.0010562713921187131 -1.5459991073242542e-05 -0.0022955993499334574 -0.00042854909897779993 0.0010140238779789857 0.00010436598720068174 0.0046367923470632495 -0.00090374439878536167 0.00012944990181636558
leaf_weight=22 31 168 21 20 59 121 114 28 28 29 27 22 23 38
leaf_count=22 31 168 21 20 59 121 114 28 28 29 27 22 23 38
internal_value=0.000474733 -0.00015121 0.00168093 0.00492857 0.00104167 -0.00047742 -0.00133475 0.00217834 0.00283721 0.00162353 0.00336842 0.00506667 0.000404347 0.000782608
internal_weight=751 495 256 41 215 464 235 156 128 84 56 44 229 206
internal_count=751 495 256 41 215 464 235 156 128 84 56 44 229 206
is_linear=0
shrinkage=0.03


Tree=535
num_leaves=15
num_cat=0
split_feature=1 13 13 10 2 3 3 3 1 13 13 2 10 10
split_gain=0.940041 0.492383 0.680663 0.871337 0.465398 0.636122 0.838021 0.703781 0.542393 0.489019 0.512941 0.715368 0.405554 0.41157
threshold=14.900169752913497 3.6685709561006159 3.9699398397909711 -0.5 13.43817905186007 11.535534343685503 10.062256188412357 11.094983732226657 13.959753339057587 2.9864873567517889 2.6224930702738773 9.8066973689082246 0.41248606129204551 -0.76037701167087501
decision_type=2 8 10 2 2 2 2 2 2 10 10 2 2 2
left_child=1 4 3 -3 5 6 9 8 -8 10 -1 -12 13 -4
right_child=-2 2 12 -5 -6 -7 7 -9 -10 -11 11 -13 -14 -15
leaf_value=-0.00019068882452541566 -0.00011701286455723748 0.00031785555018723575 0.0013313863920018604 0.0004560814172486228 7.8126677111875633e-05 -0.0019837882038109727 0.0002802835149834781 -0.00027424686075903465 0.00029727426100600033 -0.00012396287458311603 -0.00047905097071768664 0.0010100635912864517 0.00112388601664886 -0.01959775256195205
leaf_weight=34 188 31 20 39 29 49 33 34 26 165 23 27 26 43
leaf_count=34 188 31 20 39 29 49 33 34 26 165 23 27 26 43
internal_value=0.000441406 0.00103965 0.00245625 0.00464789 0.000498812 0.000221938 0.000682215 0.00309574 0.00505 -0.000228001 0.00162353 0.00352941 0.000699999 -0.000609376
internal_weight=767 579 159 70 420 391 342 93 59 249 84 50 89 63
internal_count=767 579 159 70 420 391 342 93 59 249 84 50 89 63
is_linear=0
shrinkage=0.03


Tree=536
num_leaves=15
num_cat=0
split_feature=8 9 3 10 9 8 0 9 12 5 9 0 8 13
split_gain=0.62811 0.440095 0.451265 0.331602 0.753951 0.447431 0.367151 0.280702 0.551845 0.237206 0.316055 0.623241 0.290634 0.219793
threshold=13.250000000000002 -0.86046863722869238 8.6458923996998873 0.60876142900872032 0.44134171618254497 6.9500000000000011 14.704305009937988 0.88144907265856365 1.5000000000000002 5.6540564351703724 -0.67494719543654291 14.735977770574722 24.250000000000004 3.4919270603768084
decision_type=10 2 2 2 2 10 2 2 10 2 2 2 10 10
left_child=1 2 -1 5 6 -3 -5 9 -9 10 11 -2 -13 -7
right_child=7 3 -4 4 -6 13 -8 8 -10 -11 -12 12 -14 -15
leaf_value=-1.286591481988642e-05 -0.0094630535800251363 -0.0006744903401828614 0.00025485755347638787 -0.0003647534687493373 0.00032585237635351352 -4.2136755142604295e-05 0.0012973457878455038 0.0036644143606487495 -0.0024471244230970502 -0.0024814586849412198 -6.8432249389680847e-05 4.5115118763231845e-05 0.00045781842658007728 0.00012252024209776169
leaf_weight=25 51 36 33 21 29 75 28 34 26 59 251 22 23 50
leaf_count=25 51 36 33 21 29 75 28 34 26 59 251 22 23 50
internal_value=0.000263088 0.00133893 0.00366102 0.000762499 0.00235443 -1.85192e-05 5.99993e-05 -0.000423984 0.00147541 -0.000707617 -0.000405173 0.00105155 0.00358696 0.000833333
internal_weight=763 297 58 239 78 161 49 466 60 406 347 96 45 125
internal_count=763 297 58 239 78 161 49 466 60 406 347 96 45 125
is_linear=0
shrinkage=0.03


Tree=537
num_leaves=15
num_cat=0
split_feature=0 0 8 0 7 7 10 1 10 8 4 2 5 12
split_gain=0.823692 0.582246 1.03515 0.673249 0.657852 0.56667 0.804638 0.452638 0.380313 0.726654 0.355649 0.65528 0.319959 0.319212
threshold=15.16110072400312 14.609368405666592 11.850000000000003 13.4165489542986 5.4500000000000011 6.4500000000000011 1.0000000180025095e-35 11.961307360333359 0.25881904510252057 25.950000000000003 10.085388685227356 13.066590298738898 1.4311004404647345 1.5000000000000002
decision_type=2 2 10 2 2 2 2 2 2 10 2 2 2 10
left_child=1 3 -3 4 7 -5 -7 -1 9 -4 -2 -12 -6 -13
right_child=10 2 8 5 12 6 -8 -9 -10 -11 11 13 -14 -15
leaf_value=0.00062700134300426862 -0.00015965238564502826 0.00032935742877830676 -0.00024174690746445282 -6.9132086569141519e-05 -0.00040411854611775613 0.0048541331337134284 -0.00015167353349446278 0.00013022895803741448 -0.00092245639976125176 0.0073381984279653825 0.0011562829850200313 -0.00039907412274316548 0.00034062971216458301 0.0001081031452252542
leaf_weight=36 229 37 24 144 76 21 29 21 33 20 20 37 33 22
leaf_count=36 229 37 24 144 76 21 29 21 33 20 20 37 33 22
internal_value=0.000643677 0.00142737 0.00328696 0.000831024 0.00222754 -0.000369231 0.00235294 0.00481034 0.00126923 0.00306667 -0.000563108 0.0011625 0.000845454 -0.000450001
internal_weight=782 474 114 360 166 194 50 57 77 44 308 79 109 59
internal_count=782 474 114 360 166 194 50 57 77 44 308 79 109 59
is_linear=0
shrinkage=0.03


Tree=538
num_leaves=15
num_cat=0
split_feature=9 13 0 8 1 8 8 1 1 0 0 8 1 8
split_gain=0.766428 0.938891 0.616882 0.41263 0.354215 0.247615 1.18585 0.224729 0.986901 1.10935 0.392436 0.388444 0.366087 0.49519
threshold=-0.88784492709732687 2.7762937508167798 10.075518657417684 23.650000000000002 13.154072050558062 6.4150000000000009 7.0500000000000007 13.137315168022965 12.640822240966397 13.991588878044549 13.722083543606413 18.850000000000005 15.217441182833447 10.850000000000003
decision_type=2 10 2 10 2 10 10 2 2 2 2 10 2 10
left_child=1 -1 -2 4 -3 -4 -7 8 10 -10 11 -8 13 -9
right_child=2 3 5 -5 -6 6 7 12 9 -11 -12 -13 -14 -15
leaf_value=0.00017690443637129112 0.00033825952536544574 0.00031407725503178807 -0.00080282282024189439 -0.0163980902576903 9.8302271975797225e-05 0.00015284198845166115 0.00045160628931397112 0.00028003443175830703 -0.00012363897895017922 0.00048144264766100323 -0.0003524400734167721 -0.0025007747768993251 0.00010960350801190458 -0.00051716262719246381
leaf_weight=20 22 24 57 25 32 20 33 53 27 21 57 55 115 231
leaf_count=20 22 24 57 25 32 20 33 53 27 21 57 55 115 231
internal_value=0.000484236 0.00291176 0.000125722 0.00142683 0.0028421 -4.02992e-05 0.00013703 -0.000111299 0.000726803 0.00440816 -0.000513699 0.000741572 -0.000517501 -0.00109474
internal_weight=792 101 691 81 56 669 612 592 193 48 145 88 399 284
internal_count=792 101 691 81 56 669 612 592 193 48 145 88 399 284
is_linear=0
shrinkage=0.03


Tree=539
num_leaves=15
num_cat=0
split_feature=3 0 0 0 10 8 3 7 7 1 7 8 13 3
split_gain=0.920511 0.788222 0.704024 0.99921 0.619377 0.770803 0.465467 0.563283 1.03232 0.826936 0.532552 0.495394 0.420856 0.661653
threshold=11.535534343685503 15.16110072400312 14.477298238986755 14.230691963174676 0.28184167206526584 13.950000000000001 10.935830331704402 5.4500000000000011 4.7500000000000009 12.205696820552394 6.0100000000000007 23.900000000000002 3.1354785104979772 10.402791739036198
decision_type=2 2 2 2 2 10 2 2 2 2 2 10 8 2
left_child=1 2 3 6 5 -4 7 8 -1 -10 -9 -12 13 -3
right_child=-2 12 4 -5 -6 -7 -8 10 9 -11 11 -13 -14 -15
leaf_value=-0.0074023767009997188 -9.511684926841036e-05 -8.8140032883579736e-05 0.00079951663529205682 -0.0031053084360951667 6.5084524095024814e-05 0.0021425512100387276 0.00029448101185619878 -0.0004110208101173507 0.00044603182213416142 0.00011249418689227384 0.003860031357419821 -0.0035430515605315654 -0.00021333823969857694 0.00038420213078819651
leaf_weight=30 206 48 27 40 40 30 31 45 32 21 44 23 111 24
leaf_count=30 206 48 27 40 40 30 31 45 32 21 44 23 111 24
internal_value=0.000749003 0.00139305 0.00220055 0.00139326 0.00437755 0.00636207 0.0021674 0.00160714 0.00346429 0.00594444 0.000212389 0.00189706 -0.000211957 0.00156164
internal_weight=752 546 363 266 97 57 226 195 83 53 112 67 183 72
internal_count=752 546 363 266 97 57 226 195 83 53 112 67 183 72
is_linear=0
shrinkage=0.03


Tree=540
num_leaves=15
num_cat=0
split_feature=3 4 5 2 10 2 13 13 2 0 0 2 10 13
split_gain=0.618869 0.574323 0.836237 0.49556 0.597666 0.459887 0.43069 0.664685 0.770377 0.329302 0.853796 0.64753 0.568234 0.737074
threshold=11.773891633983878 10.085388685227356 8.4353839539398141 7.5170110799556467 0.25881904510252057 13.040398288554799 4.334430235496562 3.6685709561006159 10.47896003373676 13.802578286668629 13.246551078836207 11.650092005483428 0.13052619222005152 2.9799202416531383
decision_type=2 2 2 2 2 2 8 10 2 2 2 2 2 10
left_child=1 3 -3 4 -1 6 7 9 -9 10 -5 -11 13 -13
right_child=-2 2 -4 5 -6 -7 -8 8 -10 11 -12 12 -14 -15
leaf_value=0.0010741209294318583 -0.00010426445328679042 0.00034531833382697865 4.7829762352183372e-06 -0.000151310412108421 -0.00085212642990933007 0.00014532138358138946 -0.0060711669711134278 0.00081047151770284403 5.9287688965003099e-06 -0.0007916466778633848 0.0021246452907951112 0.00040201384837761333 -0.00093906789817403257 -1.5018290743387403e-05
leaf_weight=55 194 20 20 63 20 36 54 31 51 136 27 23 39 23
leaf_count=55 194 20 20 63 20 36 54 31 51 136 27 23 39 23
internal_value=0.000484236 0.000961602 0.00439024 0.000708407 0.00296053 0.000353305 8.70529e-05 0.000434009 0.00281928 -0.000201924 0.00131868 -0.000824325 0.00122093 0.00344681
internal_weight=792 598 40 558 75 483 447 393 82 311 90 221 85 46
internal_count=792 598 40 558 75 483 447 393 82 311 90 221 85 46
is_linear=0
shrinkage=0.03


Tree=541
num_leaves=15
num_cat=0
split_feature=13 13 2 4 7 2 1 13 13 8 13 0 9 1
split_gain=0.644153 0.819257 0.667431 0.547619 0.531316 0.501271 0.68724 0.622155 0.495597 0.406487 0.626146 0.395199 0.597027 0.305175
threshold=3.3561661032022831 3.9699398397909711 7.5170110799556467 7.251344731875748 6.8500000000000005 9.2491426686118263 12.551069297914243 3.745246580984563 3.066571616749731 9.2500000000000018 2.5122293040797166 14.177334637900026 0.69134849440110402 12.691863308820702
decision_type=10 10 2 2 2 2 2 10 8 8 10 2 2 2
left_child=2 3 -1 5 -5 -2 -7 -8 9 10 -4 12 13 -11
right_child=1 -3 8 4 -6 6 7 -9 -10 11 -12 -13 -14 -15
leaf_value=0.00047267616786698707 8.4120986754626658e-05 -8.0217891087196975e-06 -0.00022014499759910009 -0.0010531931411048813 5.5669083706978115e-05 0.00088082042305446823 0.00068826783379348933 0.00068143178525370486 -0.00046339954435476588 -0.012669357658604545 0.00040067557079618904 -0.00019721332821438412 0.00040451852096661222 0.00012139332078971388
leaf_weight=36 37 149 25 33 21 20 41 22 166 22 22 140 20 24
leaf_count=36 37 149 25 33 21 20 41 22 166 22 22 140 20 24
internal_value=0.000431321 0.0014537 -0.000296053 0.00284571 0.000327272 0.00396694 0.00525 0.00360937 -0.000635715 0.000200787 0.0026875 -0.000376812 0.00152239 -0.000382979
internal_weight=778 323 455 174 54 120 83 63 419 253 47 206 66 46
internal_count=778 323 455 174 54 120 83 63 419 253 47 206 66 46
is_linear=0
shrinkage=0.03


Tree=542
num_leaves=15
num_cat=0
split_feature=9 9 1 3 1 10 10 13 7 10 0 13 0 13
split_gain=0.478776 0.501099 0.44922 1.04626 0.436705 0.511736 0.928734 0.631477 0.408307 0.433247 0.687737 0.34136 0.422525 0.716039
threshold=0.99904836074301928 -0.88784492709732687 14.684605070709532 9.4989902691698287 13.747592277435531 0.62577451934763018 0.81241147629689003 3.3561661032022831 5.6500000000000012 -0.70710678118654757 15.569003438611555 3.0101386585394425 13.802578286668629 3.2794349174880142
decision_type=2 2 2 2 2 2 2 8 2 2 2 8 2 10
left_child=1 2 3 -1 5 11 -7 -8 -6 10 -10 -3 13 -13
right_child=-2 4 -4 -5 8 6 7 -9 9 -11 -12 12 -14 -15
leaf_value=0.00020119467482400383 0.00024318619089089025 0.0001123553279340624 -0.00019448214610313363 0.00028318043757130689 -0.0029581272933013477 0.00026251939330150281 -0.0099204266672136051 0.0002817086434021551 -0.00020597024636282053 -9.7210831981836858e-05 0.0018049018584759601 -0.0079971392195627693 -0.0002619466005354182 0.00028414845138383018
leaf_weight=45 23 69 28 22 113 25 34 36 34 156 39 26 81 42
leaf_count=45 23 69 28 22 113 25 34 36 34 156 39 26 81 42
internal_value=0.000453488 0.000319573 0.00234375 0.00366176 2.28651e-05 0.000831209 0.00265625 0.00084507 -0.000717202 1.30428e-05 0.0019054 2.73965e-05 -0.000780001 0.000956521
internal_weight=773 750 95 67 655 313 95 70 342 229 73 218 149 68
internal_count=773 750 95 67 655 313 95 70 342 229 73 218 149 68
is_linear=0
shrinkage=0.03


Tree=543
num_leaves=15
num_cat=0
split_feature=0 2 8 3 8 0 0 8 8 8 9 0 2 8
split_gain=0.856929 0.53066 0.903116 1.22537 0.725985 0.640708 0.71419 0.536314 0.706101 0.512702 0.473222 0.426038 0.319452 0.348344
threshold=14.769969710718321 11.929231587987511 36.600000000000009 10.553335643304402 34.900000000000006 14.609368405666592 12.903931217516108 10.65 23.650000000000002 11.850000000000003 -0.88784492709732687 15.78232503238903 12.079707035973994 9.7500000000000018
decision_type=2 2 10 2 10 2 2 10 10 10 2 2 2 10
left_child=1 2 3 5 9 6 7 -1 -9 -3 11 -2 13 -12
right_child=10 4 -4 -5 -6 -7 -8 8 -10 -11 12 -13 -14 -15
leaf_value=-0.00096864105617578528 5.2593291906361336e-05 0.00015303634606690493 -0.0061099569248461135 0.00031174974353095436 0.00060766125163299939 0.00089625862669587676 5.1312470038223878e-05 0.00088415845544357631 0.00057863686860285674 -0.00017789163325455519 1.7942274252666724e-06 0.00041430876300492986 2.3640935057234943e-05 -0.0026469999969361731
leaf_weight=26 29 20 25 34 23 20 122 27 20 67 42 20 180 101
leaf_count=26 29 20 25 34 23 20 122 27 20 67 42 20 180 101
internal_value=0.000768824 0.00176104 0.00246545 0.003012 -7.08812e-10 0.00215278 0.00160714 0.00393243 0.0058125 -0.00126136 -0.000257373 0.00246 -0.000675927 -0.00172917
internal_weight=756 384 274 249 110 215 195 73 47 87 372 49 323 143
internal_count=756 384 274 249 110 215 195 73 47 87 372 49 323 143
is_linear=0
shrinkage=0.03


Tree=544
num_leaves=15
num_cat=0
split_feature=3 3 13 2 13 8 13 13 3 2 1 2 8 9
split_gain=0.664919 1.97501 0.995855 0.598186 0.644147 0.690617 0.556854 1.17382 1.14004 0.377725 0.342485 0.834112 0.540932 0.394624
threshold=11.123224298317892 10.663646974151144 3.1313711311317358 13.43817905186007 3.3256126436234568 20.950000000000003 3.9132263560644254 3.6230815368975491 1.3195286648076296 7.5170110799556467 12.205696820552394 9.6989490119116848 16.550000000000004 -0.86046863722869238
decision_type=2 2 10 2 10 10 10 10 2 2 2 2 10 2
left_child=1 6 -3 -2 -5 -6 7 9 -9 -1 11 -11 13 -12
right_child=3 2 -4 4 5 -7 -8 8 -10 10 12 -13 -14 -15
leaf_value=0.00028595584135916318 -0.00021719895108524373 0.00010931441318326709 0.00024924303400524508 -6.0625393119235972e-05 0.0028378063374205316 -0.00075045223550249682 -0.0010226920891615451 0.00068493075800110312 0.00013531675686015299 -0.0087144655261543382 0.00027108385183554907 0.0011580917494485867 -0.0017607242323293797 2.9208187927810063e-06
leaf_weight=48 136 24 21 82 26 21 94 21 40 30 24 25 78 114
leaf_count=48 136 24 21 82 26 21 94 21 40 30 24 25 78 114
internal_value=0.000940127 0.00156346 0.0075 -0.000281956 0.00117692 0.0039375 0.000985262 0.00149606 0.00527419 0.000759374 0.000319852 0.00241071 -0.000221199 0.000906474
internal_weight=784 519 45 265 129 47 474 380 61 319 271 55 216 138
internal_count=784 519 45 265 129 47 474 380 61 319 271 55 216 138
is_linear=0
shrinkage=0.03


Tree=545
num_leaves=15
num_cat=0
split_feature=3 4 0 8 9 8 0 2 0 2 0 3 3 8
split_gain=1.22237 0.726157 0.411866 0.360946 0.424759 0.278439 0.633139 0.681038 0.661765 0.512775 0.481627 0.566783 0.456645 0.521163
threshold=11.535534343685503 10.085388685227356 9.8019906859244177 34.900000000000006 -0.25881904510252113 16.550000000000004 16.496419793193059 11.841710678176403 15.231726403280176 11.182712177033025 15.10255548989384 8.5329415801775905 8.9336969895898921 12.450000000000001
decision_type=2 2 2 10 2 10 2 2 2 2 2 2 2 10
left_child=1 2 -1 -2 -5 6 7 9 -9 10 12 -12 13 -4
right_child=3 -3 5 4 -6 -7 -8 8 -10 -11 11 -13 -14 -15
leaf_value=0.00022095517884256779 -0.00012230802650862115 0.00028281826913107485 -3.3248862596023301e-05 0.00018209923394767465 -0.0003414814840226402 9.7811466541846238e-06 -0.0023147861300722959 0.00039172238755622236 4.0984734884442375e-05 -0.0016711405040843097 0.0019109823369472738 2.0749743450331514e-05 0.00035265551357918336 0.00014986317230510744
leaf_weight=21 143 38 79 20 33 203 35 25 25 59 20 20 21 30
leaf_count=21 143 38 79 20 33 203 35 25 25 59 20 20 21 30
internal_value=0.000884863 0.00158059 0.00129128 -0.00115736 0.000944444 0.00111776 0.00167619 0.00215357 0.00529412 0.00144783 0.0022807 0.00512195 0.00137405 0.000572727
internal_weight=772 576 538 196 53 517 314 279 50 229 170 40 130 109
internal_count=772 576 538 196 53 517 314 279 50 229 170 40 130 109
is_linear=0
shrinkage=0.03


Tree=546
num_leaves=15
num_cat=0
split_feature=9 1 8 8 7 7 12 0 0 1 3 0 2 9
split_gain=0.687732 0.499614 0.416471 1.06768 0.414305 0.401547 0.831744 1.81253 0.50409 0.592534 1.41282 0.584292 0.61896 0.329838
threshold=0.99904836074301928 14.989038693386599 7.0500000000000007 5.6500000000000012 7.3500000000000005 5.4500000000000011 1.5000000000000002 14.42345697094928 13.221258216867211 13.154072050558062 9.1222403889648795 15.377853308363838 11.441712495341635 -0.86046863722869238
decision_type=2 2 8 10 2 2 10 2 2 2 2 2 2 2
left_child=1 2 3 -1 -3 6 13 -8 -7 10 -10 -11 -13 -4
right_child=-2 4 5 -5 -6 8 7 -9 9 11 -12 12 -14 -15
leaf_value=-5.5121174124214629e-05 0.00026163166011414208 -0.00010406706578071587 0.00018551801774037207 0.0011914604267074217 0.006238873922604294 -0.0021353099758768179 0.00099152420531830004 -0.0016354250118871838 -0.00021125047050344118 -0.00045238572478725173 0.00046415461841660437 -5.4947691362953365e-05 0.00036652526322111442 -4.4018114554202561e-05
leaf_weight=41 24 137 23 28 28 89 30 34 33 127 30 22 34 98
leaf_count=41 24 137 23 28 28 89 30 34 33 127 30 22 34 98
internal_value=0.000623876 0.000460926 0.000869491 0.00304286 -0.000993977 0.000575815 0.00169355 0.00443077 -4.46436e-05 0.00065587 0.00314062 -0.000211957 0.00231579 0.000221311
internal_weight=778 754 589 69 165 520 185 64 335 246 63 183 56 121
internal_count=778 754 589 69 165 520 185 64 335 246 63 183 56 121
is_linear=0
shrinkage=0.03


Tree=547
num_leaves=15
num_cat=0
split_feature=3 3 4 9 2 2 2 9 4 0 3 0 3 0
split_gain=1.23733 1.08434 1.18304 0.825747 0.793589 0.906321 0.668465 0.681674 0.53008 0.644677 0.929524 0.673273 0.510155 0.437306
threshold=11.535534343685503 10.663646974151144 9.008921551762926 -1.0000000180025095e-35 7.5170110799556467 5.5032222779571116 9.1420011737795033 -0.92304025209086915 8.3023270880450184 13.802578286668629 9.4499482964573769 13.246551078836207 9.5140107174952622 15.023877298199141
decision_type=2 2 2 2 2 2 2 2 2 2 2 2 2 2
left_child=1 4 3 -3 5 -1 -6 -8 9 10 11 -9 -11 -4
right_child=-2 2 13 -5 6 -7 7 8 -10 12 -12 -13 -14 -15
leaf_value=0.00012973655749164235 -9.1845139842297382e-05 -0.0085448339945069854 0.000306444540601531 0.0001944240969908711 -0.0034670828234026939 0.00039181035652849616 0.00026102023026678599 0.00015853442248339202 -0.0002866494269067654 -8.1061539194298397e-05 -5.4979899839891547e-05 0.00036419438999760385 0.00022603384948932569 0.00017001668456438794
leaf_weight=46 205 22 20 31 44 22 44 22 50 162 21 20 38 22
leaf_count=46 205 22 20 31 44 22 44 22 50 162 21 20 38 22
internal_value=0.000899999 0.00162478 0.00453125 0.0015 0.00102766 0.004 0.000514925 0.000946927 0.000449044 0.000988636 0.00360937 0.00613953 0.000149253 0.00823256
internal_weight=769 564 95 53 469 68 401 357 313 263 63 42 200 42
internal_count=769 564 95 53 469 68 401 357 313 263 63 42 200 42
is_linear=0
shrinkage=0.03


Tree=548
num_leaves=15
num_cat=0
split_feature=3 3 9 0 0 8 8 9 13 13 1 2 9 13
split_gain=0.90743 0.920136 0.723786 0.695804 0.67549 0.659533 0.445158 0.982847 0.423767 0.837523 0.516031 0.419119 0.418211 0.798545
threshold=11.535534343685503 10.663646974151144 0.69134849440110402 13.802578286668629 13.221258216867211 17.950000000000003 34.550000000000004 -0.25881904510252113 3.745246580984563 3.9090925645621128 14.754425286048152 8.4272348340432597 -1.0000000180025095e-35 3.1313711311317358
decision_type=2 2 2 2 2 10 8 2 10 10 2 2 2 8
left_child=1 3 5 4 12 -3 -2 -8 11 -10 -11 -5 -1 -14
right_child=6 2 -4 8 -6 -7 7 -9 9 10 -12 -13 13 -15
leaf_value=-5.8401411832879203e-06 -9.4693657083190358e-05 0.0002723889095543924 0.0001259289246102488 0.00085186182653136037 0.00041186103193630692 -0.00012195183157537108 0.00011997192735639185 -0.00098109778031020903 0.00079843200850168228 -0.0017731410512257172 0.00034090097308660369 -0.00014345475705863231 -0.0012456405748510386 0.001584395896890436
leaf_weight=51 152 31 29 24 44 35 22 30 20 45 27 196 32 27
leaf_count=51 152 31 29 24 44 35 22 30 20 45 27 196 32 27
internal_value=0.000920365 0.0015427 0.00421875 0.000989293 0.00263226 0.00241791 -0.000790245 0.0015849 0.000172523 0.00187097 0.000328766 -0.000542987 0.00135135 0.00305
internal_weight=765 561 95 466 154 66 204 52 312 92 72 220 110 59
internal_count=765 561 95 466 154 66 204 52 312 92 72 220 110 59
is_linear=0
shrinkage=0.03


Tree=549
num_leaves=15
num_cat=0
split_feature=3 9 8 9 1 2 13 3 7 1 8 8 8 13
split_gain=0.853107 0.69002 0.579825 0.699156 0.328779 0.754728 0.640428 0.394899 0.353653 0.346235 0.296695 0.41544 0.40448 0.255197
threshold=11.535534343685503 0.97014794553715189 34.550000000000004 -0.25881904510252113 11.484408999165113 5.7903761617974947 3.2277691964073436 11.287165286345504 7.0500000000000007 15.400594943955591 31.250000000000004 39.20000000000001 16.550000000000004 3.5545219456527701
decision_type=2 2 8 2 2 2 10 2 2 2 10 10 10 8
left_child=1 4 -2 -4 5 -1 -7 8 9 10 12 -12 13 -6
right_child=2 -3 3 -5 7 6 -8 -9 -10 -11 11 -13 -14 -15
leaf_value=-0.00031502390332717478 -0.00012144351132859601 0.00023336381075702691 0.00010816528279146073 -0.00043276868659477289 2.4216386256446698e-05 0.00018390461853460261 0.0013497685194144354 0.00027023617126936737 0.00012755582497536811 -0.0026361213321861544 0.00060388013608340669 -0.0033868315378178461 -0.00045936872680403491 0.00027097686051276535
leaf_weight=27 164 25 23 30 138 20 25 33 30 24 34 23 89 90
leaf_count=27 164 25 23 30 138 20 25 33 30 24 34 23 89 90
internal_value=0.000947164 0.00156708 -0.00064679 0.00205555 0.00133146 0.00320548 0.00554348 0.00103247 0.000783216 0.000541353 0.000767999 0.00274138 0.00040566 0.00107424
internal_weight=775 558 217 53 533 72 45 461 428 398 374 57 317 228
internal_count=775 558 217 53 533 72 45 461 428 398 374 57 317 228
is_linear=0
shrinkage=0.03


Tree=550
num_leaves=15
num_cat=0
split_feature=0 9 9 1 1 8 0 2 0 1 4 2 9 13
split_gain=0.927871 0.602491 0.514145 0.796912 0.715041 0.54989 0.666499 0.918644 0.479086 0.425699 1.26646 0.373362 0.343004 0.301045
threshold=9.8019906859244177 0.99904836074301928 -0.58216583101416164 12.205696820552394 11.327415855954472 12.950000000000001 15.669211258486696 11.797096747488046 16.128161472794346 14.344230009667747 8.6362158624393643 9.6989490119116848 0.034878236872063054 2.8780245840889473
decision_type=2 2 2 2 2 10 2 2 2 2 2 2 2 8
left_child=-1 2 8 4 -4 6 7 -5 9 10 -2 -6 -7 -14
right_child=1 -3 3 5 11 12 -8 -9 -10 -11 -12 -13 13 -15
leaf_value=0.00015117684174445272 1.9751346474527042e-05 0.00023459062275839077 -0.001727298519573165 -4.0543570304228461e-07 0.00018344710136098207 -0.0020168902987076605 -0.00014066839822629844 0.00047558166062889793 0.00050860558934278548 -0.00039237018889370711 0.00026626936986080683 0.00039660920853626657 -0.0035275583734140389 -3.0667449755704531e-05
leaf_weight=21 96 21 39 54 20 93 62 26 29 43 20 30 44 158
leaf_count=21 96 21 39 54 20 93 62 26 29 43 20 30 44 158
internal_value=0.000610303 0.000427988 0.000276922 -0.000204934 0.00236667 -0.000732877 0.000797202 0.00259259 0.00161905 0.000956249 0.00189744 0.00470588 -0.0014696 -0.000768474
internal_weight=756 735 714 526 89 437 142 80 188 159 116 50 295 202
internal_count=756 735 714 526 89 437 142 80 188 159 116 50 295 202
is_linear=0
shrinkage=0.03


Tree=551
num_leaves=15
num_cat=0
split_feature=0 7 9 2 3 10 10 3 9 5 13 0 3 10
split_gain=0.801628 0.659296 0.645908 0.838452 1.06865 0.627926 0.97289 0.513019 0.429931 0.379542 0.380887 0.883365 0.415383 0.359051
threshold=13.4165489542986 7.0500000000000007 -0.88784492709732687 12.803020233998748 8.4152656841796283 0.13052619222005152 0.84683958865924192 2.1383330595080281 0.99320668981236115 1.4311004404647345 3.094662338278956 14.188038443279853 7.2648939578043281 -0.70710678118654757
decision_type=2 2 2 2 2 2 2 2 2 2 8 2 2 2
left_child=1 5 3 4 -2 7 -7 -1 9 10 11 -4 -13 -14
right_child=2 -3 8 -5 -6 6 -8 -9 -10 -11 -12 12 13 -15
leaf_value=0.0011440330457638758 0.00026708550585057857 -0.0089186359411722368 0.0002563643771139569 -0.00017988042915801145 0.00026151549292405149 0.00045321704915151902 4.8770044827208572e-06 -1.2626525018017968e-05 0.00020904052475055891 -0.00039756811919473801 -4.2558679229727877e-05 0.001861784484392365 0.00020096562746502151 -0.00016592826975731276
leaf_weight=33 26 38 24 24 30 23 23 47 20 111 249 20 27 65
leaf_count=33 26 38 24 24 30 23 23 47 20 111 249 20 27 65
internal_value=0.000985545 0.00283636 0.000472361 0.00296296 0.00494737 0.00387402 0.0066383 0.00222222 8.12372e-05 -9.65802e-05 0.00034974 0.00162044 0.000477875 -0.000387097
internal_weight=760 164 596 80 56 126 46 80 516 496 385 136 112 92
internal_count=760 164 596 80 56 126 46 80 516 496 385 136 112 92
is_linear=0
shrinkage=0.03


Tree=552
num_leaves=15
num_cat=0
split_feature=9 0 0 8 13 13 9 0 9 8 8 3 2 4
split_gain=0.586915 1.30391 0.660427 0.771244 0.446732 0.453989 0.430646 0.498485 0.546012 0.505279 1.05981 0.562423 0.547711 0.627385
threshold=-0.67494719543654291 10.920792088380225 16.128161472794346 7.2500000000000009 3.9132263560644254 3.5842350193108952 0.99904836074301928 15.177001665629254 0.25881904510252091 11.160000000000002 9.4500000000000011 1.3195286648076296 11.004575060827891 10.25411720906626
decision_type=2 2 2 10 8 10 2 2 2 10 10 2 2 2
left_child=2 -2 3 -1 5 -5 7 8 -3 10 -10 -11 -13 -14
right_child=1 6 -4 4 -6 -7 -8 -9 9 11 -12 12 13 -15
leaf_value=0.00036083441849928057 0.0036853548705237508 -3.8074067024254909e-05 0.00076491467892109242 5.6254687145803386e-05 -0.034111674431773924 0.00029495560614298022 0.00021305396200903669 -6.7632370134811871e-05 3.1567007993025158e-05 0.00031669251492072898 0.0002926236032112605 -0.0024647617074367335 0.00023986804621339665 -0.0023257941960590344
leaf_weight=20 22 137 27 108 22 20 25 203 26 21 21 36 52 20
leaf_count=20 22 137 27 108 22 20 25 203 26 21 21 36 52 20
internal_value=0.00106439 0.000569148 0.0024697 0.00175439 0.000993377 0.00167442 0.000271217 8.12372e-05 0.000831209 0.0019322 0.0045625 0.000946153 5.50452e-05 0.00156164
internal_weight=760 563 197 170 150 128 541 516 313 176 47 129 108 72
internal_count=760 563 197 170 150 128 541 516 313 176 47 129 108 72
is_linear=0
shrinkage=0.03


Tree=553
num_leaves=15
num_cat=0
split_feature=0 1 9 0 8 8 1 4 13 13 3 10 8 13
split_gain=0.698158 0.898645 0.674062 0.656401 0.49316 0.952599 0.576575 0.694527 0.543163 0.489362 0.595046 0.624123 0.427332 0.410427
threshold=15.009232588052667 14.883423390723346 -0.88784492709732687 15.78232503238903 39.050000000000004 32.550000000000004 13.668232248848563 8.5788440147855436 3.1942787607691452 3.5515820697271923 1.3195286648076296 -0.2397582400620111 11.160000000000002 3.2877271959001342
decision_type=2 2 2 2 8 10 2 2 10 8 2 2 10 10
left_child=1 4 3 -2 5 6 7 9 -7 13 -11 -12 -8 -1
right_child=2 -3 -4 -5 -6 8 12 -9 -10 10 11 -13 -14 -15
leaf_value=0.00010038723797941582 -0.0018148249936900181 0.00085097594701783472 -4.4354991218461845e-05 0.00032284848856981886 -0.001511634619177621 0.00020779653148605154 0.00020104907380249533 0.0002446412363435659 0.0062955739346363011 0.0003019809699438353 -0.021057473530825769 7.6913941813240881e-05 -0.00049601118967315509 -0.00093121423161992602
leaf_weight=91 22 31 308 20 46 27 22 34 22 33 22 20 60 33
leaf_count=91 22 31 308 20 46 27 22 34 22 33 22 20 60 33
internal_value=0.000829545 0.00162217 -0.000170941 0.00334884 0.00124088 0.00161096 0.000996835 0.00175641 0.00546 0.001065 0.00296053 0.000558139 -0.00115663 -9.60007e-05
internal_weight=791 441 350 42 410 364 315 233 49 199 75 42 82 124
internal_count=791 441 350 42 410 364 315 233 49 199 75 42 82 124
is_linear=0
shrinkage=0.03


Tree=554
num_leaves=15
num_cat=0
split_feature=13 13 8 8 3 3 2 1 8 10 13 13 1 1
split_gain=0.605224 0.661211 0.50597 1.16052 0.705947 0.512987 0.482658 0.43296 0.848792 0.395796 0.512922 0.368275 0.344458 0.321785
threshold=3.6332379010440925 3.7766723805658633 12.450000000000001 9.4500000000000011 9.6705788083499247 11.123224298317892 10.370668320987154 13.196700377191563 18.050000000000004 0.017449748351250231 4.2706639677473115 2.3558523928899047 10.712809871372734 15.983023042084346
decision_type=10 10 10 10 2 2 2 2 10 2 10 8 2 2
left_child=6 -2 3 4 -3 9 12 8 -8 10 -4 -9 -1 -13
right_child=1 2 5 -5 -6 -7 7 11 -10 -11 -12 13 -14 -15
leaf_value=0.00010400174424187366 0.000812236058554775 0.0012669383780709816 0.0013089126486251991 0.0004684073798728709 -0.00023757972812606305 -0.00090466632342106211 0.00040452246597652092 7.45293136505433e-05 6.585512861981772e-06 -0.0089891789438687301 -0.001261387421249307 2.0128954965708566e-05 -0.00098338853456369905 -0.0079736724986284157
leaf_weight=25 33 25 22 26 26 35 22 27 50 24 28 275 106 31
leaf_count=25 33 25 22 26 26 35 22 27 50 24 28 275 106 31
internal_value=0.000734126 0.00205909 0.00134759 0.00319231 0.00051923 2.7272e-05 0.000189943 0.00070197 0.00279452 0.00144 0.00294118 0.000242514 -0.00138636 -5.86326e-05
internal_weight=755 219 186 77 51 109 536 405 72 74 50 333 131 306
internal_count=755 219 186 77 51 109 536 405 72 74 50 333 131 306
is_linear=0
shrinkage=0.03


Tree=555
num_leaves=15
num_cat=0
split_feature=9 12 0 7 9 4 9 2 9 2 13 4 9 9
split_gain=0.707819 1.18845 0.809097 0.592014 0.529651 1.04342 0.549681 0.488234 0.556867 0.63724 0.560728 0.514097 0.480554 0.391504
threshold=-0.88784492709732687 1.0000000180025095e-35 14.931557350823493 5.4500000000000011 0.69134849440110402 9.4649603676337026 0.88144907265856365 7.738664946280057 -0.33961250367033008 11.841710678176403 3.1942787607691452 7.2251172404944937 -0.25881904510252113 0.88144907265856365
decision_type=2 10 2 2 2 2 2 2 2 2 10 2 2 2
left_child=1 -1 4 -3 7 6 -6 12 9 -9 -10 -12 -2 -4
right_child=2 3 13 -5 5 -7 -8 8 10 -11 11 -13 -14 -15
leaf_value=0.0002485137393919221 1.578096624815257e-05 0.0010811897961979862 -6.5448946511180157e-05 -4.8848486858839404e-06 0.00045196972387186309 0.00047387881425124613 -0.00025367099561907043 -0.00029700954406407731 -0.00377068950072652 0.00014106965238030794 0.0010943998975515891 -0.0024648660515009455 0.00085756707494683742 0.00014073321169872564
leaf_weight=21 25 20 262 54 53 22 42 36 68 32 48 22 21 41
leaf_count=21 25 20 262 54 53 22 42 36 68 32 48 22 21 41
internal_value=0.000871093 0.00328125 0.000526002 0.00144 0.00146757 0.00312712 0.00171875 0.000687746 5.79703e-05 0.00226087 -0.00103597 0.00084507 0.00344681 -0.000621711
internal_weight=767 95 672 74 369 117 95 252 206 68 138 70 46 303
internal_count=767 95 672 74 369 117 95 252 206 68 138 70 46 303
is_linear=0
shrinkage=0.03


Tree=556
num_leaves=15
num_cat=0
split_feature=0 9 4 0 13 13 0 8 9 8 10 0 13 0
split_gain=0.670212 0.716178 0.745253 1.81466 0.552873 0.683213 0.487309 0.467986 0.430225 0.417321 0.395081 0.846075 0.33148 0.308978
threshold=10.075518657417684 -0.33961250367033008 8.5788440147855436 14.931557350823493 3.4282904644093786 3.3498296488919741 13.298671336411319 27.850000000000005 0.25881904510252091 16.550000000000004 -0.11535712691606388 15.034266700300767 3.4428658756942112 15.414201147005278
decision_type=2 2 2 2 8 10 2 10 2 10 2 2 8 2
left_child=-1 2 6 -4 5 -3 -2 -6 -9 -5 11 12 -8 -12
right_child=1 4 3 9 7 -7 10 8 -10 -11 13 -13 -14 -15
leaf_value=0.00048517732701191 -0.0016007072258102108 1.4868398889546671e-06 0.00042218428172578873 0.0016813543999775827 -0.00012320890720468204 0.00226022733278078 0.00047133326489970037 -0.0012212803047886474 0.0012095087845218678 -0.011172384194974619 -0.00025965850435292543 -3.0092001805990598e-05 0.001155291209295264 0.00010166064394854436
leaf_weight=20 31 253 38 20 168 20 21 26 27 24 39 31 21 31
leaf_count=20 31 253 38 20 168 20 21 26 27 24 39 31 21 31
internal_value=0.000428015 0.000279626 0.0015642 0.00390361 -0.00038788 0.000514598 0.000445714 -0.0015 0.000944444 -0.000266667 0.0011875 0.00271622 0.00544186 -0.000422536
internal_weight=770 750 256 82 494 273 174 221 53 44 143 73 42 70
internal_count=770 750 256 82 494 273 174 221 53 44 143 73 42 70
is_linear=0
shrinkage=0.03


Tree=557
num_leaves=15
num_cat=0
split_feature=3 8 13 13 5 13 2 8 0 4 13 13 0 0
split_gain=0.477989 0.602129 0.709023 0.771183 0.812016 0.704614 0.593183 0.422829 0.411898 0.581309 1.07352 0.340274 0.537817 0.394096
threshold=11.520813438825313 8.0500000000000025 4.5303322203840546 3.6230815368975491 7.3663478448717816 3.9699398397909711 7.5170110799556467 28.050000000000004 12.766868107645456 7.7699547862938187 3.0186624058275657 2.9495956306875488 15.209113310537949 16.178679313213994
decision_type=2 10 8 10 2 10 2 10 2 2 10 8 2 2
left_child=1 -1 3 4 6 7 -3 -5 -8 -10 -11 12 -2 -13
right_child=11 2 -4 5 -6 -7 8 -9 9 10 -12 13 -14 -15
leaf_value=-6.3952759776326394e-05 8.7877191181183039e-05 0.0030955819494163967 -0.0018748238803820167 0.00042578100258317171 0.014751533549138116 0.00021047974433738352 -0.017659468735239128 0.00035702923304452202 -2.1022410223738408e-05 0.001533934145233495 -0.0007087209042051832 -0.00049312627309794702 -0.0083725854287574012 0.00019217490175319922
leaf_weight=97 37 37 52 33 21 47 33 20 163 29 22 105 30 25
leaf_count=97 37 37 52 33 21 47 33 20 163 29 22 105 30 25
internal_value=0.000554521 0.0010054 0.0014607 0.00188424 0.00112745 0.00415842 0.000694736 0.0065 0.000157257 0.00064186 0.00340385 -0.000712122 0.00101471 -0.00160305
internal_weight=751 554 457 405 305 100 284 53 247 214 51 197 67 130
internal_count=751 554 457 405 305 100 284 53 247 214 51 197 67 130
is_linear=0
shrinkage=0.03


Tree=558
num_leaves=15
num_cat=0
split_feature=4 2 5 13 7 7 3 2 1 3 3 9 7 10
split_gain=0.706997 0.850798 1.80814 0.686123 0.56215 0.769118 0.428012 0.420971 0.597057 1.16317 0.486892 0.41662 0.398329 0.404789
threshold=10.085388685227356 12.893942324776562 6.1866260054034683 2.8888307077117577 7.5500000000000007 6.2500000000000009 14.091761313902497 12.767573365598931 12.371395804116998 4.8609228823234663 10.452481302112522 -0.5 5.7500000000000009 -0.11535712691606388
decision_type=2 2 2 10 2 2 2 2 2 2 2 2 2 2
left_child=4 2 -2 -3 5 7 -5 8 9 -1 -9 12 13 -10
right_child=1 3 -4 6 -6 -7 -8 10 11 -11 -12 -13 -14 -15
leaf_value=-3.2707732327861523e-05 0.00056091978587096249 0.000411204052050469 -5.4883410174817129e-05 -0.0088230707142945095 0.0038714239275754567 -0.00015948125221906418 0.00051621706347561834 0.00030978125957069666 0.00026588395368443239 0.00095122322574365723 0.00011746045372767001 -9.1573725507251144e-05 0.00095806265083357484 -0.00031308914343363428
leaf_weight=55 24 36 22 46 22 155 20 21 25 37 43 197 28 34
leaf_count=55 24 36 22 46 22 155 20 21 25 37 43 197 28 34
internal_value=0.000802871 0.00265772 0.006 0.0011068 0.000354368 0.000176174 -0.000716419 0.000816326 0.000429708 0.00251613 0.00304615 -0.000252632 0.00146591 4.99993e-05
internal_weight=765 148 46 102 617 595 66 440 376 92 64 284 87 59
internal_count=765 148 46 102 617 595 66 440 376 92 64 284 87 59
is_linear=0
shrinkage=0.03


Tree=559
num_leaves=15
num_cat=0
split_feature=0 5 2 1 13 13 13 2 7 8 0 2 1 13
split_gain=0.744007 0.697407 0.787392 0.35603 0.399552 0.711339 0.422799 0.375032 0.359474 0.380653 0.355885 0.506464 0.344449 0.757616
threshold=9.8019906859244177 7.4850506990208254 14.677105237144618 15.238215457937164 3.616104401834237 3.6413638888637321 3.2877271959001342 13.772506826074691 4.7500000000000009 10.850000000000003 15.587342340134944 9.8066973689082246 13.076813198341064 3.0001806577138601
decision_type=2 2 2 2 8 10 10 2 2 10 2 2 2 10
left_child=-1 2 3 4 6 -6 8 -5 -2 10 11 -10 13 -11
right_child=1 -3 -4 7 5 -7 -8 -9 9 12 -12 -13 -14 -15
leaf_value=0.00065161840642133438 -0.010016673156071016 -0.0003781740696815619 0.00056187884998256006 -0.0002486963968743182 0.002137144465827696 0.00022191751300298671 -0.00016211753624779813 0.00039676101561052831 0.00013227926411086381 -0.00019530247383245294 -1.8004370891129765e-05 0.00030354304273241822 -7.8813948561717948e-06 0.0012935724719900865
leaf_weight=22 29 80 21 53 27 146 105 23 20 32 25 24 116 45
leaf_count=22 29 80 21 53 27 146 105 23 20 32 25 24 116 45
internal_value=0.000944083 0.000779116 0.00109745 0.000905572 0.00116316 0.00236207 0.00063476 -0.00101299 0.0012226 0.00157414 0.00347143 0.00506667 0.000881443 0.00242308
internal_weight=768 746 666 645 569 173 396 76 291 262 69 44 193 77
internal_count=768 746 666 645 569 173 396 76 291 262 69 44 193 77
is_linear=0
shrinkage=0.03


Tree=560
num_leaves=15
num_cat=0
split_feature=9 2 12 13 12 2 13 8 2 2 2 0 13 9
split_gain=0.867377 0.921787 0.623075 0.500136 1.03974 0.534755 0.383747 0.372297 0.672767 0.730575 0.457771 0.540583 0.760543 0.529247
threshold=-0.67494719543654291 14.270792376256933 1.0000000180025095e-35 3.897711265566699 1.5000000000000002 9.4106893536301772 2.6600494875419574 18.750000000000004 9.6989490119116848 10.263669863226122 13.368459416465091 15.121092313322491 3.0790922744843354 0.51124928235797451
decision_type=2 2 10 8 10 2 10 10 2 2 2 2 10 2
left_child=1 2 -1 4 5 -4 -2 8 -8 -10 11 13 -13 -11
right_child=6 -3 3 -5 -6 -7 7 -9 9 10 -12 12 -14 -15
leaf_value=0.00016185113873840289 -0.0002174718884080788 0.00054502248448308878 0.007006560304142922 -0.0023945416814959066 0.00050929284933254868 -0.0054797020892004989 -0.00033058032900910221 -8.1151680960826446e-05 0.001640189314076736 0.0011347718051573957 0.00028046863329566225 0.00028232358867308832 -0.00034074659419438576 -0.00084778881519702624
leaf_weight=32 97 21 20 39 27 67 55 204 20 44 37 23 59 28
leaf_count=32 97 21 20 39 27 67 55 204 20 44 37 23 59 28
internal_value=0.000569767 0.00223188 0.00153226 0.000720779 0.00172174 0.000102272 -3.69725e-05 0.000318471 0.00105618 0.00182547 0.00123437 0.000503225 -0.00115663 0.00238356
internal_weight=773 206 185 153 114 87 567 470 266 211 191 154 82 72
internal_count=773 206 185 153 114 87 567 470 266 211 191 154 82 72
is_linear=0
shrinkage=0.03


Tree=561
num_leaves=15
num_cat=0
split_feature=0 9 12 0 13 8 2 2 0 8 13 13 8 2
split_gain=0.624768 0.496771 0.841645 0.886546 0.570107 0.619882 0.419606 0.693248 0.395193 0.626874 0.616531 0.614057 0.566076 0.44539
threshold=10.920792088380225 -0.67494719543654291 1.0000000180025095e-35 15.914245429053496 3.3581807369931798 11.750000000000002 9.6989490119116848 10.028124663579135 15.614426231612116 18.550000000000004 3.066571616749731 4.0590974879120445 34.20000000000001 10.927743305653062
decision_type=2 2 10 2 10 10 2 2 2 10 10 8 10 2
left_child=-1 2 -2 4 -4 -6 -3 -8 9 11 12 13 -11 -9
right_child=1 6 3 -5 5 -7 7 8 -10 10 -12 -13 -14 -15
leaf_value=0.00034050148080468361 0.00018185390026674884 -9.6789337488172389e-05 -0.00044113208882507447 0.00083545325071353294 0.00073640962561610877 -7.5495418372084018e-06 0.00016570545559423084 -9.5834295240572175e-05 -0.00022060693341259004 -0.00037885908293100868 -0.0047825101777650434 0.00053244236679980488 0.0012592213447305371 0.00047039267798168249
leaf_weight=30 32 84 67 27 24 29 20 29 156 44 82 29 20 71
leaf_count=30 32 84 67 27 24 29 20 29 156 44 82 29 20 71
internal_value=0.000668456 0.000486713 0.00185 0.000871621 -0.000247935 0.00205555 2.79844e-05 0.000391592 0.000131944 0.000815217 -0.000530613 0.00233077 0.00166154 0.00118812
internal_weight=744 714 179 147 120 53 535 451 431 275 146 129 64 100
internal_count=744 714 179 147 120 53 535 451 431 275 146 129 64 100
is_linear=0
shrinkage=0.03


Tree=562
num_leaves=15
num_cat=0
split_feature=2 1 3 3 13 7 12 13 2 1 0 7 2 12
split_gain=0.365957 0.470458 0.832863 0.627901 0.528502 0.527933 0.438459 0.462924 0.86998 0.511048 0.444251 0.433306 0.355432 0.337865
threshold=9.5129410555364498 12.831759144235951 11.297381487818138 11.355234852484111 3.1354785104979772 6.0100000000000007 2.5000000000000004 3.5959696011759017 12.590083225196294 14.301187463605904 14.735977770574722 6.3500000000000005 13.78942270295815 2.5000000000000004
decision_type=2 2 2 2 10 2 10 8 2 2 2 2 2 10
left_child=-1 2 4 13 11 -6 7 8 -5 -10 -11 -2 -12 -3
right_child=1 3 -4 6 5 -7 -8 -9 9 10 12 -13 -14 -15
leaf_value=-3.0434410165350249e-05 0.00018863202460879134 -5.9890253540949721e-05 -0.010066650163389942 0.00055853665994563286 0.00010446637425828128 0.00081409335177467959 -6.0969029849978343e-05 0.00038055933492918024 -0.0056772461581488312 0.00020273809831672414 0.00052574931195678565 -0.00051793942426201097 -0.00043959060904244051 0.0002576147346410112
leaf_weight=144 20 227 20 23 31 28 50 21 25 20 29 23 36 74
leaf_count=144 20 227 20 23 31 28 50 21 25 20 29 23 36 74
internal_value=0.000656735 0.000969745 0.00263415 0.00056324 0.00372815 0.00555 0.0018439 0.00263226 0.00194776 0.00081081 0.0019186 0.00115909 0.000681817 -0.000307948
internal_weight=771 627 122 505 102 59 204 154 133 110 85 43 65 301
internal_count=771 627 122 505 102 59 204 154 133 110 85 43 65 301
is_linear=0
shrinkage=0.03


Tree=563
num_leaves=15
num_cat=0
split_feature=9 2 2 4 0 13 1 2 9 9 10 2 10 2
split_gain=0.629468 0.712559 0.631728 1.01693 0.627878 0.84426 0.594942 0.887623 0.532604 0.462487 0.367168 0.317653 0.437912 0.772609
threshold=-0.58216583101416164 14.16910935641423 11.984396766813456 8.4811472070503253 14.609368405666592 3.3581807369931798 12.831759144235951 9.1420011737795033 -1.0000000180025095e-35 -0.79335334029123528 0.25881904510252057 11.518526451329047 -0.9141673389828272 12.715001153124961
decision_type=2 2 2 2 2 8 2 2 2 2 2 2 2 2
left_child=1 2 3 4 -1 -6 7 -2 -9 -4 -10 -8 13 -13
right_child=6 -3 9 -5 5 -7 11 8 10 -11 -12 12 -14 -15
leaf_value=-3.533527139076144e-05 -0.00012231580902067747 0.00055679688225225695 -0.0026999998211508012 0.00020162190498579439 -0.00032536387034716945 0.00059563247056387261 -7.0359345895515892e-05 -0.00071559643071402389 0.00022754723579050868 0.00015616760227642445 0.00059778547260315299 0.0059284928336371095 -1.9520201817045049e-05 -0.00049326917023685126
leaf_weight=56 58 20 42 20 23 25 146 25 43 22 33 26 205 30
leaf_count=56 58 20 42 20 23 25 146 25 43 22 33 26 205 30
internal_value=0.000487741 0.00189474 0.00130159 0.002544 0.00131429 0.00379592 -3.17467e-05 0.00151875 0.00320588 -0.00110769 0.00444156 -0.000639707 -1.14511e-05 0.00231579
internal_weight=774 208 188 124 104 48 566 159 101 64 76 407 261 56
internal_count=774 208 188 124 104 48 566 159 101 64 76 407 261 56
is_linear=0
shrinkage=0.03


Tree=564
num_leaves=15
num_cat=0
split_feature=5 4 2 2 0 3 2 1 2 2 0 7 1 2
split_gain=0.561935 0.418078 0.469996 0.3669 0.719944 0.443958 0.351865 0.298501 0.574161 0.576054 0.445309 0.492612 0.637317 0.337467
threshold=5.6540564351703724 9.962578046323193 12.640407297558921 13.040398288554799 15.436835921019592 11.750227116956628 14.270792376256933 14.41030407053031 10.229331241794652 10.748244266282402 15.034266700300767 6.5500000000000007 12.691863308820702 11.929231587987511
decision_type=2 2 2 2 2 2 2 2 2 2 2 2 2 2
left_child=1 3 -3 5 -5 7 -4 8 -1 -10 11 12 -11 -14
right_child=-2 2 6 4 -6 -7 -8 -9 9 10 -12 -13 13 -15
leaf_value=-6.4347711827855177e-05 -3.522674964024941e-05 0.00050335909777802872 -2.1061356533312541e-05 0.00041701234587411632 -0.00016522236112553876 -0.015529733439317918 0.00043483700709005953 -9.3359265348633337e-05 0.0013113332520008352 0.00047957801448558399 -0.00019885864121884733 -0.016086926599899482 -5.9527860770335408e-05 0.00075251121829860996
leaf_weight=164 138 21 28 34 35 35 20 80 40 26 59 23 35 30
leaf_count=164 138 21 28 34 35 35 20 80 40 26 59 23 35 30
internal_value=0.000475942 0.000855784 0.00304286 0.00058185 0.00261429 0.000292089 0.00134694 0.000543667 0.000896825 0.00192056 0.00115517 0.00224348 0.00322826 0.00159091
internal_weight=768 630 69 561 69 492 48 457 377 213 173 114 91 65
internal_count=768 630 69 561 69 492 48 457 377 213 173 114 91 65
is_linear=0
shrinkage=0.03


Tree=565
num_leaves=15
num_cat=0
split_feature=9 8 10 7 7 3 9 2 3 7 8 12 4 0
split_gain=0.408088 0.421776 0.463137 0.440646 0.436684 0.493906 0.43371 0.701399 0.367297 0.64275 0.363615 0.358675 0.47892 0.272176
threshold=0.99904836074301928 31.100000000000005 -0.38469719700095517 5.0500000000000007 4.9500000000000011 1.0000000180025095e-35 -0.22909348975985949 11.929231587987511 9.3454748916012402 6.1500000000000012 13.950000000000001 1.5000000000000002 4.532585040406512 14.722880896086263
decision_type=2 10 2 2 2 2 2 2 2 2 10 10 2 2
left_child=1 2 4 -3 -1 -6 7 10 -5 -10 -7 -8 -13 -11
right_child=-2 3 -4 8 5 6 11 -9 9 13 -12 12 -14 -15
leaf_value=-0.0012346129773202533 0.00029414516240424646 0.00068269343284530035 -5.7140267162983968e-05 -0.010998030408383205 0.0013175494016665092 0.00015193300502087061 -0.0020669220918222548 0.0026827049031713985 0.0015113325809451312 0.00039427627734197078 -0.017159161282689375 -0.00014578160219126202 0.00066755271064339056 -2.1209538347509735e-05
leaf_weight=27 20 26 328 33 26 21 65 30 23 42 21 26 31 40
leaf_count=27 20 26 328 33 26 21 65 30 23 42 21 26 31 40
internal_value=0.000161841 4.45939e-05 -0.000338542 0.00138182 0.000641128 0.00108597 0.000553845 0.00238356 0.000690647 0.0015566 -0.000139536 -0.000536586 0.00118965 0.000289156
internal_weight=759 739 575 164 247 220 194 72 138 105 42 122 57 82
internal_count=759 739 575 164 247 220 194 72 138 105 42 122 57 82
is_linear=0
shrinkage=0.03


Tree=566
num_leaves=15
num_cat=0
split_feature=0 8 1 0 0 0 0 9 1 9 8 8 2 7
split_gain=0.588829 0.391651 0.428113 0.799793 1.00625 0.512112 0.908882 0.475871 0.346777 0.66854 0.31388 0.328021 0.573677 0.30165
threshold=9.8019906859244177 5.6500000000000012 13.096308965802882 14.609368405666592 14.951744793098303 13.703158544583582 13.221258216867211 -0.25881904510252113 14.754425286048152 -0.9629878403374984 9.0500000000000025 12.250000000000002 11.940553063866398 6.1500000000000012
decision_type=2 8 2 2 2 2 2 2 2 2 10 10 2 2
left_child=-1 -2 3 5 -5 6 7 -3 9 -4 -10 -12 -13 -14
right_child=1 2 8 4 -6 -7 -8 -9 10 -11 11 12 13 -15
leaf_value=0.00064752605024391346 -0.00025996668462428536 -0.00028812031376786634 0.00083171732141153394 0.0010326578628693775 1.3523883011817104e-05 -0.00017401547311873591 0.00078417836310179631 0.00047750739250382079 -6.9213396572340155e-05 -6.8573075283202655e-05 0.0013543423007274158 0.0072570346423405947 0.0001163518547519883 -0.00028416943491896843
leaf_weight=21 60 39 26 20 23 51 28 59 29 235 28 21 40 87
leaf_count=21 60 39 26 20 23 51 28 59 29 235 28 21 40 87
internal_value=0.000480468 0.000337349 0.000541484 0.00162896 0.00525 0.000724718 0.00174803 0.000363636 2.56952e-05 -0.000698474 0.000946601 0.00142373 0.000845637 7.03118e-05
internal_weight=767 746 686 220 43 177 126 98 466 261 205 176 148 127
internal_count=767 746 686 220 43 177 126 98 466 261 205 176 148 127
is_linear=0
shrinkage=0.03


Tree=567
num_leaves=15
num_cat=0
split_feature=13 13 9 8 2 8 2 6 13 7 3 13 9 3
split_gain=0.524157 0.669037 0.596069 0.661765 0.534364 0.503712 0.42675 0.454492 0.341028 0.391579 0.334104 0.446915 0.324052 0.433506
threshold=3.3712371147893339 3.9699398397909711 -0.5 13.550000000000002 10.674244420617205 8.3000000000000025 10.909069412860958 7.1315409777663907 3.6230815368975491 5.8500000000000005 12.841402511942185 2.8972419837873922 0.19066188855616564 10.613721685023721
decision_type=10 10 2 10 2 10 2 2 10 2 2 10 2 2
left_child=4 2 3 -2 -1 -4 -6 10 -7 -10 -8 -12 -3 -14
right_child=1 12 5 -5 6 8 7 -9 9 -11 11 -13 13 -15
leaf_value=-0.00011865715507393703 0.0005361242921285578 -0.00023947824256249599 -0.0037131385926898954 0.00018649968416326604 0.0033916554965280937 0.00011728284845035805 -0.00022143563374627833 0.00099882485413309687 0.00034843627429687236 0.00014228194721446099 0.0011856058598160078 -0.0036041650266795977 0.00059247525013363805 -6.1641336627118123e-05
leaf_weight=136 25 58 20 25 25 44 229 20 20 26 28 20 46 28
leaf_count=136 25 58 20 25 25 44 229 20 20 26 28 20 46 28
internal_value=0.000319573 0.00131058 0.00260869 0.00529412 -0.000313726 0.00135135 0.00035294 3.02006e-05 0.00230769 0.00408511 -0.000291368 0.00195918 -0.000270677 0.00104
internal_weight=750 292 160 50 458 110 322 297 90 46 277 48 132 74
internal_count=750 292 160 50 458 110 322 297 90 46 277 48 132 74
is_linear=0
shrinkage=0.03


Tree=568
num_leaves=15
num_cat=0
split_feature=8 2 1 8 4 5 8 7 7 10 1 3 3 3
split_gain=0.67742 0.566369 1.48811 1.17848 0.51941 0.976994 1.59833 0.333288 0.310622 0.284477 0.283454 0.311937 0.266992 0.451938
threshold=5.6500000000000012 10.370668320987154 13.076813198341064 18.550000000000004 10.085388685227356 7.4850506990208254 18.550000000000004 6.7500000000000009 6.1500000000000012 0.75023006073889131 12.034400743951482 4.8609228823234663 10.686057322204698 10.30109027150977
decision_type=10 2 2 10 2 2 10 2 2 2 2 2 2 2
left_child=-1 9 3 -3 12 6 -6 -8 -5 10 11 -2 13 -4
right_child=1 2 4 8 5 -7 7 -9 -10 -11 -12 -13 -14 -15
leaf_value=-0.00021272512148580629 -2.5873646237622799e-05 0.0004545427896625651 1.1121894981328808e-06 0.00054555115904951945 0.00048459017857940335 -4.6861896556520957e-05 0.00030127219666827769 -3.12423665158025e-05 0.00028357037027898214 -0.00069525348621795333 -7.0472334642548303e-05 0.00079849597042662337 -0.00024025424238837792 0.00017469294958990798
leaf_weight=59 42 34 170 32 20 64 24 33 36 36 82 25 107 24
leaf_count=59 42 34 170 32 20 64 24 33 36 36 82 25 107 24
internal_value=0.000615969 0.000867123 0.00135413 0.00460194 0.000595936 0.00209155 0.00434615 0.0017069 0.00226087 -0.000564517 1.99993e-05 0.00145588 -0.000109272 0.000553845
internal_weight=788 729 544 102 442 141 77 57 68 185 149 67 301 194
internal_count=788 729 544 102 442 141 77 57 68 185 149 67 301 194
is_linear=0
shrinkage=0.03


Tree=569
num_leaves=15
num_cat=0
split_feature=5 4 2 13 13 0 13 13 0 0 1 9 2 8
split_gain=0.559446 0.555556 0.659418 0.465867 0.438826 0.404021 0.391712 0.373476 0.340985 1.05896 0.561351 0.450192 0.41711 0.966766
threshold=5.554646837653177 9.7443463895533871 12.640407297558921 2.9436621464645709 2.9617510625060315 13.922524766558208 2.9864873567517889 3.0588254485455386 15.009232588052667 14.722880896086263 14.217283842952831 0.88144907265856365 11.148183004284968 17.250000000000004
decision_type=2 2 2 10 10 2 10 10 2 2 2 2 2 10
left_child=1 3 -3 5 -4 -1 -5 -8 9 11 -10 12 -9 -14
right_child=-2 2 4 6 -6 -7 7 8 10 -11 -12 -13 13 -15
leaf_value=8.4349307433407374e-05 -7.5603966804218037e-05 0.00027052572533765368 0.00058946926446718255 0.0014303136771297539 -0.0095555208087898403 -7.4985352390312637e-05 -0.016512608890718792 1.1388738144292251e-05 -0.00038758085232936176 0.00053787380232338396 0.00027002074264551837 -0.0048124759606494013 0.0042949674301789873 0.00015604418559172914
leaf_weight=39 133 27 25 23 33 114 24 117 46 30 87 25 20 35
leaf_count=39 133 27 25 23 33 114 24 117 46 30 87 25 20 35
internal_value=0.0003543 0.000719814 0.00296512 0.000374331 0.00111864 -0.00103247 0.000904411 0.000670129 0.000914127 0.00161842 -0.000291045 0.00080303 0.0013526 0.00348214
internal_weight=778 645 85 560 58 153 407 384 360 227 133 197 172 55
internal_count=778 645 85 560 58 153 407 384 360 227 133 197 172 55
is_linear=0
shrinkage=0.03


Tree=570
num_leaves=15
num_cat=0
split_feature=5 4 2 13 0 0 3 2 1 8 2 1 13 8
split_gain=0.455081 1.02435 1.13436 0.644202 0.523963 0.483074 0.512601 0.654692 0.876927 0.803982 0.554124 0.513369 0.472473 0.327259
threshold=5.7062624254307925 9.7443463895533871 12.803020233998748 2.9450127606983019 15.165964624442799 16.22628668340117 11.773891633983878 10.229331241794652 13.555324574969749 10.450000000000001 12.767573365598931 12.235778900783295 2.3558523928899047 10.950000000000001
decision_type=2 2 2 10 2 2 2 2 2 10 2 2 8 10
left_child=1 3 -3 12 -4 6 7 -5 9 -9 13 -11 -1 -10
right_child=-2 2 4 5 -6 -7 -8 8 10 11 -12 -13 -14 -15
leaf_value=4.7830803318575127e-05 -4.3062435589875071e-05 0.0004143005272272183 -0.0098577911468933944 -4.2171763221017195e-05 0.00049140165820316703 0.0019202380533060726 -0.00043292831264655699 0.00044422145775834172 0.00032810458270321344 0.00087029446618468816 0.00027742259851340376 0.00017587867183174136 -0.0001417834185398438 -0.0017269422813241478
leaf_weight=20 138 27 25 127 29 26 31 21 37 22 23 41 124 68
leaf_count=20 138 27 25 127 29 26 31 21 37 22 23 41 124 68
internal_value=0.000517105 0.000863343 0.0039878 0.000388169 0.00141818 0.00101259 0.000727762 0.00106765 0.00208451 0.00444706 0.000511627 0.00267187 -0.00132414 -0.000424529
internal_weight=759 621 81 540 54 396 370 339 212 84 128 63 144 105
internal_count=759 621 81 540 54 396 370 339 212 84 128 63 144 105
is_linear=0
shrinkage=0.03


Tree=571
num_leaves=15
num_cat=0
split_feature=13 3 0 0 13 0 0 0 9 13 13 3 3 0
split_gain=0.405631 0.464105 0.464106 0.40301 0.354233 0.401865 0.9612 0.471197 0.696207 0.741075 0.487202 0.445622 0.654844 0.921358
threshold=2.9436621464645709 12.841402511942185 14.449487272817015 13.246551078836207 2.9679125553228172 15.009232588052667 14.722880896086263 15.313801470356928 1.0000000180025095e-35 3.9132263560644254 3.37528983221975 11.094983732226657 8.5068357773037562 13.703158544583582
decision_type=10 2 2 2 10 2 2 2 2 10 10 2 2 2
left_child=1 2 3 -1 -2 6 11 -7 9 10 -9 12 -6 -14
right_child=4 -3 -4 -5 5 7 -8 8 -10 -11 -12 -13 13 -15
leaf_value=-9.0141991495486861e-06 0.0013615549115998788 0.00033922607471541201 -0.00010356829194550062 5.9036116422304775e-05 0.00013757500257692448 -0.0014259175511810429 0.00095893571934878492 0.00022277749996258724 -0.00029636861859677589 -0.00028660672973776426 0.0019925357762909292 -0.00029221989117047143 0.0043812613725360047 -0.0013826426246165906
leaf_weight=39 23 37 117 41 140 42 40 23 95 29 20 67 43 25
leaf_count=39 23 37 117 41 140 42 40 23 95 29 20 67 43 25
internal_value=0.000609974 -0.000434043 -0.00101515 0.00074074 0.00105657 0.000891428 0.00156645 -0.000128572 0.000589285 0.00279452 0.00525 0.000923912 0.00160765 0.004
internal_weight=781 234 197 80 547 524 315 209 167 72 43 275 208 68
internal_count=781 234 197 80 547 524 315 209 167 72 43 275 208 68
is_linear=0
shrinkage=0.03


Tree=572
num_leaves=15
num_cat=0
split_feature=5 4 3 9 5 1 1 2 0 3 2 8 3 3
split_gain=0.551369 0.86167 1.14062 0.651987 0.487862 0.430391 0.66728 0.408836 0.481938 0.465393 0.371235 0.367753 0.403284 0.231137
threshold=5.554646837653177 10.085388685227356 12.291117497308376 0.25881904510252091 2.2154083994216571 10.408416927647821 11.016909212199455 13.541616460089786 15.377853308363838 10.989704399411503 12.767573365598931 7.0500000000000007 7.6554457920086589 12.804060254038557
decision_type=2 2 2 2 2 2 2 2 2 2 2 10 2 2
left_child=1 4 -3 -4 5 -1 -7 9 -9 10 11 12 -8 -2
right_child=13 2 3 -5 -6 6 7 8 -10 -11 -12 -13 -14 -15
leaf_value=-0.0015000419920323332 -5.2958633858485614e-05 0.00047027165130431519 0.0008537095501403324 -0.011348774006315414 0.00044389507575174307 0.00069378229696651994 0.0014183707643021213 0.0006051956585101983 -0.00044433270051051806 -0.0034443980157384535 0.00029764183977322586 -2.6475630446469565e-05 -1.0626006755762521e-05 0.00010071308481702457
leaf_weight=35 109 24 24 20 23 20 20 23 22 75 20 283 28 29
leaf_count=35 109 24 24 20 23 20 20 23 22 75 20 283 28 29
internal_value=0.000456348 0.000839805 0.004 0.00106667 0.000441817 0.000250474 0.000481707 0.000247881 0.00293478 -4.21553e-05 0.000417613 0.000171686 0.00257143 -0.0012518
internal_weight=755 617 68 44 549 526 491 471 45 426 351 331 48 138
internal_count=755 617 68 44 549 526 491 471 45 426 351 331 48 138
is_linear=0
shrinkage=0.03


Tree=573
num_leaves=15
num_cat=0
split_feature=0 10 0 13 10 3 13 13 0 13 0 2 2 10
split_gain=0.259756 0.507754 0.605277 0.386323 0.497399 0.525836 0.349082 0.640222 0.340611 0.355999 0.478118 0.507694 0.488277 0.566783
threshold=14.366276427545849 -0.38469719700095517 14.097126924397458 3.6332379010440925 -0.96047288537312736 6.9139746870631731 3.1703446347558448 3.0173076496044242 14.477298238986755 2.9436621464645709 15.009232588052667 12.767573365598931 11.298323257794562 1.0000000180025095e-35
decision_type=2 2 2 10 2 2 10 8 2 10 2 2 2 2
left_child=1 3 6 4 -1 -6 7 -3 -2 -10 12 -12 -11 -14
right_child=8 2 -4 -5 5 -7 -8 -9 9 10 11 -13 13 -15
leaf_value=-0.0045335401974632098 -0.0049246797011855007 -1.2926320589801384e-05 0.00019662970516975715 0.00073642994683992735 -0.00010149228393163344 0.00043907890390549486 -0.0002799849617537334 0.00038421640082932871 -6.0066501933027548e-05 4.4318044174095945e-05 -7.3591007917385328e-05 0.00024964769676297211 0.0092077257064318244 5.6127242308567504e-05
leaf_weight=26 32 44 29 31 23 35 94 21 147 36 144 76 20 20
leaf_count=26 32 44 29 31 23 35 94 21 147 36 144 76 20 20
internal_value=0.000469832 0.0011546 0.000190475 0.00271552 0.00162353 0.00315254 -0.000543751 0.00113636 3.15119e-05 0.000249999 0.000848484 0.000135746 0.00288312 0.00512195
internal_weight=778 303 188 115 84 58 159 65 475 443 296 220 76 40
internal_count=778 303 188 115 84 58 159 65 475 443 296 220 76 40
is_linear=0
shrinkage=0.03


Tree=574
num_leaves=15
num_cat=0
split_feature=0 13 4 5 4 10 1 0 1 3 2 2 2 1
split_gain=0.408087 0.396152 0.590365 0.61157 0.440639 0.400111 0.806227 0.928519 0.714475 0.296838 0.639754 1.18162 0.515198 0.437693
threshold=9.8019906859244177 2.8888307077117577 8.5788440147855436 1.4311004404647345 12.030886569225439 -0.70710678118654757 15.10423437151004 13.555618910192093 11.786415201705047 6.519686498136763 9.3903459918807766 11.212191806527056 12.715001153124961 12.205696820552394
decision_type=2 10 2 2 2 2 2 2 2 2 2 2 2 2
left_child=-1 2 -2 -4 5 6 7 8 -3 10 -7 -12 13 -11
right_child=1 4 3 -5 -6 9 -8 -9 -10 12 11 -13 -14 -15
leaf_value=0.00062635278904612482 -0.00013698041424836701 0.000127425040131856 0.00029572551040014759 -0.00011551379436629795 -0.0014286948114526309 -0.00017136200650214037 0.0023991772978621557 -0.00019778105334441597 0.00060399507153657188 0.0015235262412799297 0.0014896061730235422 -0.00039086328711165317 0.00026613792144731841 -0.00016785414184910971
leaf_weight=20 117 23 42 45 32 56 28 102 20 30 31 22 70 150
leaf_count=20 117 23 42 45 32 56 28 102 20 30 31 22 70 150
internal_value=0.000159695 4.68133e-05 -0.00108293 0.00078409 0.000456636 0.000664164 0.00184483 0.000924657 0.00456818 9.1666e-05 0.00139091 0.00372222 -0.000478088 -0.00132597
internal_weight=788 768 204 87 564 532 173 145 43 359 109 53 250 180
internal_count=788 768 204 87 564 532 173 145 43 359 109 53 250 180
is_linear=0
shrinkage=0.03


Tree=575
num_leaves=15
num_cat=0
split_feature=2 1 1 10 13 0 7 1 13 13 2 2 13 10
split_gain=0.362445 0.427743 0.724223 0.667296 0.482199 0.805851 0.380964 0.361375 0.420304 0.461561 0.448018 0.551889 0.479422 0.679841
threshold=15.083533541067895 12.371395804116998 12.141909320864993 -0.9141673389828272 3.1484041045277098 12.347128233037898 7.6500000000000012 12.675288307114183 2.9436621464645709 3.0588254485455386 12.23410031404722 12.732695075804655 3.3581807369931798 0.84683958865924192
decision_type=2 2 2 2 8 2 2 2 10 10 2 2 10 2
left_child=1 2 3 -1 5 -5 7 -3 -9 -10 12 -12 -11 -14
right_child=-2 6 -4 4 -6 -7 -8 8 9 10 11 -13 13 -15
leaf_value=0.00076233755841393128 0.00029197221320431644 -0.00016777917478998314 0.00045322770678180469 -0.0065111681318592487 -0.00025537662867418121 0.00093377454471963751 0.0005125773834806234 -2.7880609947338782e-05 0.0011163486396629204 -0.0038393369572061057 0.0040472656812338354 2.8674764529554604e-05 -6.5139436015653298e-05 0.00038586065316690297
leaf_weight=20 26 42 21 23 69 22 22 174 35 60 29 96 106 22
leaf_count=20 26 42 21 23 69 22 22 174 35 60 29 96 106 22
internal_value=0.000363281 0.000238544 0.00163461 0.000799999 -0.000104349 0.00228261 -0.00013288 -0.000286726 -6.88344e-05 0.000532951 0.00016242 0.00154762 -0.000761905 0.000279069
internal_weight=767 741 155 134 114 45 586 564 522 348 313 125 188 128
internal_count=767 741 155 134 114 45 586 564 522 348 313 125 188 128
is_linear=0
shrinkage=0.03


Tree=576
num_leaves=15
num_cat=0
split_feature=0 2 0 8 2 2 2 0 3 10 3 4 4 2
split_gain=0.670331 0.721232 0.438212 0.528492 0.961585 0.454343 0.478661 0.716846 0.39807 0.41145 0.641246 1.22634 0.380557 0.384543
threshold=9.5670545103286742 15.083533541067895 14.798939390552855 10.850000000000003 9.2491426686118263 12.715001153124961 13.74017179067836 15.655246763051963 12.01006906675188 -0.76037701167087501 6.9139746870631731 5.0699315863095284 9.4900267768997892 6.469231086812381
decision_type=2 2 2 10 2 2 2 2 2 2 2 2 2 2
left_child=-1 2 3 4 -2 -4 7 -7 9 10 -5 -12 13 -11
right_child=1 -3 5 8 -6 6 -8 -9 -10 12 11 -13 -14 -15
leaf_value=0.0009005894665642623 -2.4868943121789615e-05 0.00060791237197578508 -6.8250540476868032e-05 -0.00023165214336697766 0.00028121796130789716 0.0022059055330046979 -0.0025803110499987977 -2.7637554608051497e-05 -0.00058446654618937591 0.00012881322957681104 0.0015336781383196902 8.3461019184187868e-05 0.00029354463981001114 -0.00012938113486277272
leaf_weight=20 40 25 231 22 53 30 56 50 47 27 20 27 23 117
leaf_count=20 40 25 231 22 53 30 56 50 47 27 20 27 23 117
internal_value=0.000425855 0.000280884 0.00010887 0.000827585 0.0027766 -0.000627718 0.000744525 0.00222222 0.000179577 0.000683544 0.00261429 0.0045625 -0.000125001 -0.000703449
internal_weight=788 768 743 376 93 367 136 80 283 236 69 47 167 144
internal_count=788 768 743 376 93 367 136 80 283 236 69 47 167 144
is_linear=0
shrinkage=0.03


Tree=577
num_leaves=15
num_cat=0
split_feature=5 4 4 9 9 13 9 13 7 0 0 0 8 7
split_gain=0.552568 0.800741 0.670565 0.761509 0.504478 0.372524 0.338025 0.474654 0.414891 0.317805 0.280225 0.71688 0.269196 0.245765
threshold=5.554646837653177 7.1221004305343207 7.9913319125412521 -0.52048723568399791 0.51124928235797451 2.5792618030442798 -0.25881904510252113 3.094662338278956 5.4500000000000011 11.892367698847016 13.298671336411319 14.07585962682275 18.850000000000005 4.7500000000000009
decision_type=2 2 2 2 2 10 2 10 2 2 2 2 10 2
left_child=1 5 -3 12 -5 -1 7 8 -7 -8 -9 -12 -4 -11
right_child=-2 2 3 4 -6 6 9 10 -10 13 11 -13 -14 -15
leaf_value=-0.00015764208868738702 -5.2785639539272252e-05 0.0093175151724321954 0.0004780783099889785 -0.00030045566208230156 0.00047964517781867001 0.00078570408174777047 0.00024108546714939679 -0.0030407591866844475 -0.00052555202922064347 7.2116940945292398e-05 0.00031177435118818608 -4.076862166781205e-05 0.00026281153473267302 -9.9778434956898995e-05
leaf_weight=60 139 20 20 66 43 21 20 22 23 25 20 74 27 187
leaf_count=60 139 20 20 66 43 21 20 22 23 25 20 74 27 187
internal_value=1.1718e-05 0.000391096 0.00210169 0.00141401 2.7272e-05 -0.000278146 6.1068e-05 0.00111801 0.00373333 -0.000669529 0.000102563 0.000821052 0.0045625 -0.00101409
internal_weight=767 628 176 156 109 452 392 160 44 232 116 94 47 212
internal_count=767 628 176 156 109 452 392 160 44 232 116 94 47 212
is_linear=0
shrinkage=0.03


Tree=578
num_leaves=15
num_cat=0
split_feature=5 4 3 0 7 0 0 9 0 9 7 9 9 7
split_gain=0.438112 1.16687 0.799943 0.525621 0.467645 0.512866 0.530514 0.451283 0.316335 0.669918 1.52759 0.495834 0.304299 0.294484
threshold=5.6540564351703724 10.085388685227356 12.291117497308376 14.798939390552855 6.7500000000000009 11.57776509919492 14.625897820877883 0.88144907265856365 14.130455959438626 -0.25881904510252113 5.1500000000000012 0.25881904510252091 -1.0000000180025095e-35 5.7500000000000009
decision_type=2 2 2 2 2 2 2 2 2 2 2 2 2 2
left_child=1 3 -3 4 5 -1 7 8 9 10 -7 -10 -4 -5
right_child=-2 2 12 13 -6 6 -8 -9 11 -11 -12 -13 -14 -15
leaf_value=0.00047346953035819661 -5.7369547965992344e-05 0.00050653211536977848 0.00091469563147031808 -0.00015380119786946372 -0.00018677585373263431 -0.00030076345910053429 0.00091772813216242242 -0.0095541591626126434 -0.020998890444182915 -8.6977922648591386e-06 0.00080134094563223874 0.0011350131160317389 -7.6801112036788794e-05 6.5586075433277002e-06
leaf_weight=24 139 26 25 134 49 22 31 30 36 71 30 20 25 112
leaf_count=24 139 26 25 134 49 22 31 30 36 71 30 20 25 112
internal_value=0.000255483 0.000589622 0.00405195 0.000112499 0.000926751 0.00142641 0.00099585 0.000442856 0.00101667 0.0018629 0.00441509 -0.000842106 0.00176471 -0.000923078
internal_weight=774 635 76 559 313 264 240 209 179 123 52 56 50 246
internal_count=774 635 76 559 313 264 240 209 179 123 52 56 50 246
is_linear=0
shrinkage=0.03


Tree=579
num_leaves=15
num_cat=0
split_feature=5 8 2 0 13 13 5 1 8 8 0 0 10 0
split_gain=0.47073 0.473106 0.683392 0.951444 0.889862 0.735616 0.490089 0.490852 0.462297 0.44529 0.345383 0.507987 0.319356 0.661653
threshold=5.3844529770182641 13.250000000000002 7.2056963496132722 14.798939390552855 3.6332379010440925 3.2555640719596006 2.2154083994216571 15.780071566437771 30.050000000000004 39.20000000000001 14.097126924397458 14.814395343687407 -0.33125622319804088 15.914245429053496
decision_type=2 10 2 2 10 8 2 2 10 10 2 2 2 2
left_child=1 2 -1 4 5 -4 7 8 -3 10 -10 -12 -5 -14
right_child=-2 6 3 12 -6 -7 -8 -9 9 -11 11 -13 13 -15
leaf_value=-0.00011509305830559149 -4.4925706319760222e-05 -0.00051217481504991634 0.00028844540952112363 -8.5945733495250071e-05 0.0011594336635738949 -0.013167409442269219 0.00049043916522977383 0.00034616355058023958 -6.5034784813311948e-06 -0.00018800690671038147 0.0068157906102110062 -7.5594976113117202e-08 -2.6142377569687709e-05 0.0031683246040344185
leaf_weight=27 139 205 37 45 27 24 20 35 41 59 20 24 48 24
leaf_count=27 139 205 37 45 27 24 20 35 41 59 20 24 48 24
internal_value=9.66488e-05 0.000442699 0.00151931 0.00211165 0.00444944 0.00237097 -0.000177778 -0.00042078 -0.000762858 0.00053793 0.0019186 0.00373333 0.000330508 0.00156164
internal_weight=775 636 232 205 88 61 404 384 349 144 85 44 117 72
internal_count=775 636 232 205 88 61 404 384 349 144 85 44 117 72
is_linear=0
shrinkage=0.03


Tree=580
num_leaves=15
num_cat=0
split_feature=5 2 9 5 0 7 3 3 10 7 3 8 9 2
split_gain=0.826564 0.743073 0.714475 0.685658 1.55952 0.499594 0.594104 0.650218 0.612191 0.634069 0.413702 0.348877 0.425704 0.652577
threshold=5.6540564351703724 14.21344193183524 1.0000000180025095e-35 1.0000000180025095e-35 14.42345697094928 6.7500000000000009 10.16906799463011 10.613721685023721 -0.51128821893537901 5.8500000000000005 12.804060254038557 11.160000000000002 0.034878236872063054 9.1420011737795033
decision_type=2 2 2 2 2 2 2 2 2 2 2 10 2 2
left_child=1 3 -3 5 -5 6 11 -8 -9 -10 -2 12 -1 -14
right_child=10 2 -4 4 -6 -7 7 8 9 -11 -12 -13 13 -15
leaf_value=-3.6740873631189049e-05 -0.00012486059213075325 0.00076070287989874646 -8.1165694093233545e-05 0.00047572599027288537 -0.00023838249962388822 -0.00022441236213637113 0.0023022265440383149 -0.00022235090208845017 2.1662453175793817e-05 0.00043234390353122279 9.5175225886680681e-05 -8.4782734010996423e-05 -5.3100928849363211e-05 0.00096985082773151708
leaf_weight=62 117 20 23 20 21 83 20 33 50 33 25 197 20 40
leaf_count=62 117 20 23 20 21 83 20 33 50 33 25 197 20 40
internal_value=0.000337254 0.000808988 0.00456818 0.000522413 0.00421429 0.000233766 0.000624999 0.00227737 0.00138461 0.00275 -0.00172028 -8.43757e-05 0.00117073 0.00295082
internal_weight=764 622 43 579 41 538 455 136 116 83 142 319 122 60
internal_count=764 622 43 579 41 538 455 136 116 83 142 319 122 60
is_linear=0
shrinkage=0.03


Tree=581
num_leaves=15
num_cat=0
split_feature=1 7 3 3 9 1 10 8 4 0 9 0 1 7
split_gain=0.575281 0.726113 0.942364 0.502847 0.806547 0.35651 0.315663 0.501536 0.55862 0.839966 0.428258 0.420595 0.256557 0.229921
threshold=12.205696820552394 6.1500000000000012 6.2412381778426349 13.538442422109991 0.19066188855616564 11.595054187926216 -0.15427011392592829 16.050000000000004 0.54930614433405489 14.814395343687407 -0.86046863722869238 15.377853308363838 14.816145456422202 6.0100000000000007
decision_type=2 2 2 2 2 2 2 8 2 2 2 2 2 2
left_child=1 2 5 6 -5 -1 13 8 9 -8 -10 -9 -12 -2
right_child=3 -3 -4 4 -6 -7 7 11 10 -11 12 -13 -14 -15
leaf_value=-3.9177449720574541e-06 -0.00017246438893175233 -7.032052022761075e-05 0.00077735644391928348 0.00074278091242355854 -0.00064425047578391082 0.00043957072978719234 0.00033406618101808046 -0.00040490655312761984 5.9612647207863065e-06 7.1603249024787633e-05 -6.306129342960582e-05 0.00023558506886748999 0.0010425530188072237 -2.0164004095005648e-05
leaf_weight=40 161 54 22 25 21 23 20 99 22 37 48 39 28 127
leaf_count=40 161 54 22 25 21 23 20 99 22 37 48 39 28 127
internal_value=0.000211212 0.00195 0.00366279 -0.000176752 0.00280851 0.00173437 -0.000417526 0.000275509 0.00144231 0.00377586 6.06054e-05 -0.00103597 -0.00101299 -0.00112111
internal_weight=766 139 85 627 46 63 581 293 155 57 98 138 76 288
internal_count=766 139 85 627 46 63 581 293 155 57 98 138 76 288
is_linear=0
shrinkage=0.03


Tree=582
num_leaves=15
num_cat=0
split_feature=0 0 9 13 13 1 1 3 7 10 8 7 5 13
split_gain=0.672696 0.456221 0.394 0.839848 0.551706 0.389875 0.978833 0.887904 0.44602 0.489988 0.839408 0.851069 0.415831 0.375802
threshold=9.5670545103286742 15.614426231612116 -0.58216583101416164 2.9081605077420223 2.8866416164235793 12.205696820552394 11.786415201705047 7.7331621557586425 5.0500000000000007 -0.96047288537312736 16.800000000000001 5.7500000000000009 5.6540564351703724 3.3408376412471035
decision_type=2 2 2 8 8 2 2 2 2 2 10 2 2 10
left_child=-1 2 3 -2 -4 6 7 -6 -7 -10 11 -11 -13 -5
right_child=1 -3 4 13 5 8 -8 -9 9 10 -12 12 -14 -15
leaf_value=0.00046408050729610407 0.00018348211618235028 -0.00010856951498468974 -0.00017833347649464311 -0.0035676348647693647 -0.00086302749985623685 -0.00022242920041794172 0.00056274032122794599 0.0010779709335773653 -0.0087170972292947568 0.0035483085753411706 -0.00016234485110005697 -0.00021114244233804222 0.014355819875645812 0.00028780096495592718
leaf_weight=21 33 214 81 62 33 40 22 23 43 23 79 22 20 56
leaf_count=21 33 214 81 62 33 40 22 23 43 23 79 22 20 56
internal_value=0.000147477 -3.99008e-06 0.000462825 0.00175658 -4.65123e-05 0.000539215 0.00235443 0.000210526 -9.2106e-05 0.000526595 0.00136552 0.00386364 0.00125581 0.000554621
internal_weight=772 751 537 151 386 305 78 56 227 187 144 65 42 118
internal_count=772 751 537 151 386 305 78 56 227 187 144 65 42 118
is_linear=0
shrinkage=0.03


Tree=583
num_leaves=15
num_cat=0
split_feature=0 9 9 2 9 1 8 0 7 12 2 2 0 2
split_gain=0.662376 0.758905 0.680283 0.438954 0.889336 0.557881 0.558129 0.404 0.48518 0.412844 0.328933 0.290634 0.210606 0.207284
threshold=11.194996633038054 -0.58216583101416164 1.0000000180025095e-35 10.705594722311679 -0.86046863722869238 15.174802359262115 16.050000000000004 13.703158544583582 5.5500000000000007 1.5000000000000002 7.0878068469659921 9.6989490119116848 15.047954689769517 14.45054107601125
decision_type=2 2 2 2 2 2 10 2 2 10 2 2 2 2
left_child=2 3 -1 10 5 6 -5 8 11 -10 -2 -3 -6 -9
right_child=1 7 -4 4 12 -7 -8 13 9 -11 -12 -13 -14 -15
leaf_value=-1.8132516475551798e-05 0.0013765609588877441 -0.00034375534756527447 0.00068824271305350593 0.00027420842725058567 0.00096995749014530794 -0.0049206217709531182 -3.6944355460653469e-05 -4.34870597004661e-05 0.00066639622873751643 -0.0020277586480612186 -0.00052111746895150478 0.00040950139825674556 0.00038354614368975412 -0.00099570421425736297
leaf_weight=20 20 22 22 37 20 23 41 387 38 31 46 23 21 37
leaf_count=20 20 22 22 37 20 23 41 387 38 31 46 23 21 37
internal_value=0.000425855 0.000216867 0.00404651 0.0017512 0.00268531 0.00114706 0.00235443 -0.000378479 0.0012 -0.000385715 -0.000268657 0.00358696 0.00635714 -0.000804707
internal_weight=788 746 42 208 142 101 78 538 114 69 66 45 41 424
internal_count=788 746 42 208 142 101 78 538 114 69 66 45 41 424
is_linear=0
shrinkage=0.03


Tree=584
num_leaves=15
num_cat=0
split_feature=5 9 2 13 2 2 4 13 11 9 2 8 2 5
split_gain=0.845213 0.506582 0.477774 0.63118 0.361979 0.730093 0.64115 0.688775 0.563172 0.343864 1.1318 0.295761 0.593425 0.212988
threshold=5.6540564351703724 -0.58216583101416164 13.43817905186007 3.3916870091212465 10.950053922370072 7.2056963496132722 0.54930614433405489 3.1942787607691452 1.0000000180025095e-35 0.81601195411832983 13.368459416465091 28.650000000000002 10.705594722311679 10.073769324186348
decision_type=2 2 2 8 2 2 2 10 2 2 2 10 2 2
left_child=1 2 3 11 5 -3 7 -7 -9 -6 -11 12 -1 -2
right_child=13 4 -4 -5 9 6 -8 8 -10 10 -12 -13 -14 -15
leaf_value=0.00012463227248039874 -0.00031125679622621055 -5.8051053077044025e-05 0.00036206776916112665 -7.7108523645827946e-05 -0.00014124348786053554 0.00014584594821213744 -0.00038591570284618248 0.00024269323257174148 0.0021346992143925071 -0.0036698276125716233 0.0038897824037297107 0.0002942559048485426 0.00047544589584667837 -5.7906116796485085e-06
leaf_weight=30 95 41 27 60 207 33 54 28 20 53 25 27 33 41
leaf_count=30 95 41 27 60 207 33 54 28 20 53 25 27 33 41
internal_value=0.000255483 0.000713614 0.00207303 0.00139073 0.000188311 0.00125424 0.00231618 0.0039878 0.0062449 -0.000472029 0.00121519 0.00296703 0.00407812 -0.00188321
internal_weight=774 638 177 150 461 176 135 81 48 285 78 90 63 136
internal_count=774 638 177 150 461 176 135 81 48 285 78 90 63 136
is_linear=0
shrinkage=0.03


Tree=585
num_leaves=15
num_cat=0
split_feature=1 2 7 9 10 8 1 1 9 7 2 2 0 8
split_gain=0.393932 0.677928 1.07987 0.576742 0.562349 0.781352 0.522435 0.425385 0.391631 0.340506 0.301947 0.281563 0.313924 0.453459
threshold=12.281341017959948 9.1420011737795033 5.8500000000000005 -0.58216583101416164 -0.47114434510950037 13.350000000000003 14.301187463605904 14.004763451491831 0.98886523145552097 4.9500000000000011 11.08522138836333 9.8666612667674283 15.939706875668529 18.750000000000004
decision_type=2 2 2 2 2 10 2 2 2 2 2 2 2 8
left_child=1 9 -3 4 6 7 -2 -6 11 -1 -4 -5 13 -13
right_child=3 2 10 8 5 -7 -8 -9 -10 -11 -12 12 -14 -15
leaf_value=-0.0059842139791152797 -2.5197569575491138e-05 0.00055557851133265302 0.00057224999086757662 -0.0001906599860103 0.00030352743674412334 -3.5560078573741397e-05 0.00065432422713365874 7.024685394130117e-06 0.00010447219435960661 0.0001957984696828243 -0.015970762869080373 0.00029598269220334626 -0.0023647192008751225 -0.00013709584374076955
leaf_weight=26 22 21 28 46 22 68 22 31 24 57 20 141 106 133
leaf_count=26 22 21 28 46 22 68 22 31 24 57 20 141 106 133
internal_value=0.000363281 0.00172549 0.0039 2.43499e-05 0.00153614 0.000467212 0.0044 0.00316667 -0.000532151 -0.000107144 0.00134694 -0.000744731 -0.000472442 6.54538e-05
internal_weight=767 152 69 615 165 121 44 53 450 83 48 426 380 274
internal_count=767 152 69 615 165 121 44 53 450 83 48 426 380 274
is_linear=0
shrinkage=0.03


Tree=586
num_leaves=15
num_cat=0
split_feature=5 1 9 2 2 2 2 3 10 2 1 2 8 8
split_gain=0.504647 0.488966 0.830075 0.606443 0.960298 0.991805 0.456296 0.817277 0.446674 0.445433 0.282999 0.286887 0.507405 0.630727
threshold=5.6540564351703724 12.281341017959948 -0.58216583101416164 13.684600971275158 12.047655553122494 11.148183004284968 9.1420011737795033 10.409385918788296 -0.38469719700095517 10.229331241794652 12.969813580365047 14.426126893774681 30.050000000000004 39.20000000000001
decision_type=2 2 2 2 2 2 2 2 2 2 2 2 10 10
left_child=1 6 3 4 5 -3 8 -8 -1 -4 -11 12 -12 -14
right_child=-2 2 9 -5 -6 -7 7 -9 -10 10 11 -13 13 -15
leaf_value=0.0008012139516917953 -0.00017120928057851628 5.691144177788354e-05 -0.00020683214451461051 0.00066726634958001578 -0.0013509244973807758 0.00064591251282729431 0.00071908270693556056 -0.00018787666426950303 -5.7578979121777251e-05 -0.0004617145360394465 -5.1476627316799011e-05 -0.0058653349984937467 0.0062714780087476394 -0.00024973651059036602
leaf_weight=33 139 45 62 21 34 28 36 23 50 30 199 25 30 25
leaf_count=33 139 45 62 21 34 28 36 23 50 30 199 25 30 25
internal_value=0.000153648 0.000509345 6.59993e-05 0.00213953 0.00119444 0.00312162 0.00205594 0.00405 0.000607142 -0.000653227 -0.000183872 0.000117856 0.000423529 0.00294643
internal_weight=780 641 499 128 107 73 142 59 83 371 309 279 254 55
internal_count=780 641 499 128 107 73 142 59 83 371 309 279 254 55
is_linear=0
shrinkage=0.03


Tree=587
num_leaves=15
num_cat=0
split_feature=9 13 1 2 1 1 1 0 0 2 10 10 7 0
split_gain=0.76692 0.854466 0.664219 0.824653 0.578484 0.628931 0.763485 0.671332 0.722128 0.577998 0.409796 0.63849 0.565414 0.394137
threshold=0.44134171618254497 4.3711168165112104 12.235778900783295 9.5129410555364498 11.484408999165113 12.640822240966397 13.096308965802882 15.509268706681548 16.616885694309872 8.698722022906539 -0.38469719700095517 -0.96047288537312736 5.5500000000000007 16.796863756150177
decision_type=2 8 2 2 2 2 2 2 2 2 2 2 2 2
left_child=1 4 3 -2 9 -6 -7 10 -9 -1 11 -8 -12 -4
right_child=2 -3 13 -5 5 6 7 8 -10 -11 12 -13 -14 -15
leaf_value=0.00011671309874561567 -1.2080555153337251e-05 -0.00041076719706299058 -0.00016734457882600963 0.00047582761111229234 -9.6697094801228593e-05 0.00066745637017304876 -0.0010143093701528135 0.0022376338609745561 -0.00019851156950360425 0.00076276301804411965 0.00031028149857409399 0.0018730550326478388 -0.00025407298408176588 0.00022610667233019706
leaf_weight=25 32 63 224 26 60 32 37 73 21 20 25 28 79 22
leaf_count=25 32 63 224 26 60 32 37 73 21 20 25 28 79 22
internal_value=0.000441406 0.00120905 -0.00072787 0.00213559 0.0017207 0.00130618 0.001875 0.00132954 0.00334737 0.0048913 0.000194117 0.00204545 -0.000971429 -0.00140891
internal_weight=767 463 304 58 400 355 295 263 94 45 169 65 104 246
internal_count=767 463 304 58 400 355 295 263 94 45 169 65 104 246
is_linear=0
shrinkage=0.03


Tree=588
num_leaves=15
num_cat=0
split_feature=5 1 2 13 11 0 0 8 7 13 1 1 0 13
split_gain=0.528805 0.433237 0.739999 0.703732 0.48192 0.593741 0.770117 0.487562 0.675155 0.474523 0.614711 1.38358 0.83695 0.334019
threshold=5.2914833751653276 13.165712766915652 9.1420011737795033 3.066571616749731 1.0000000180025095e-35 14.413020877429942 15.009232588052667 24.950000000000003 5.7500000000000009 3.0001806577138601 12.205696820552394 12.634404307685591 13.991588878044549 3.6230815368975491
decision_type=2 2 2 8 2 2 2 10 2 10 2 2 2 8
left_child=1 2 3 -1 5 -3 -7 8 -8 -4 -11 -12 -13 -10
right_child=-2 4 9 -5 -6 6 7 -9 13 10 11 12 -14 -15
leaf_value=0.00061020303460453628 -0.00016100819193318232 -3.786470736856825e-05 -0.00010066196606610545 -0.00014409605574995679 -0.00030503772967170243 0.00063198138132554546 -7.6279795552933893e-05 -0.0002744464045286407 0.0049569056549870483 0.0013421621958832209 -0.0003749376449939905 -3.1486928513773473e-06 0.0007477395990358168 0.00022671842459924221
leaf_weight=34 151 59 33 70 127 40 76 42 24 39 29 22 24 20
leaf_count=34 151 59 33 70 127 40 76 42 24 39 29 22 24 20
internal_value=0.000189633 0.000567187 0.00153571 -0.000400001 -6.16974e-05 0.000675572 0.00144828 0.000515337 0.0014876 0.00289865 0.00380869 0.00217105 0.0053617 0.0044
internal_weight=790 639 251 104 388 261 202 162 120 147 114 75 46 44
internal_count=790 639 251 104 388 261 202 162 120 147 114 75 46 44
is_linear=0
shrinkage=0.03


Tree=589
num_leaves=15
num_cat=0
split_feature=5 0 2 8 7 10 8 7 6 2 0 0 8 2
split_gain=0.651613 0.516122 0.806945 1.6526 1.51991 1.36063 0.688051 0.57449 0.459127 0.300985 0.237258 0.831961 0.233853 0.356108
threshold=5.6540564351703724 15.009232588052667 9.1420011737795033 13.550000000000002 4.9500000000000011 0.14778689904036479 43.70000000000001 6.9500000000000011 7.1315409777663907 7.3287099632352914 13.319403878396569 13.703158544583582 42.150000000000006 13.368459416465091
decision_type=2 2 2 10 2 2 10 2 2 2 2 2 10 2
left_child=1 2 9 4 -4 -6 7 10 -2 -1 -5 -12 13 -3
right_child=8 12 3 6 5 -7 -8 -9 -10 -11 11 -13 -14 -15
leaf_value=1.6252458458752615e-06 -0.00047961224178669941 -5.427178046945726e-05 -0.00010148301391914908 -0.0052525805374484978 0.00081844668455657572 0.0001180024671777299 0.00048877027136666961 0.00093759096886066159 0.00032366872205886874 -0.0030415233671334742 0.0005950106763260417 -8.01013939804875e-05 -0.00044048601025717962 0.00025422909114561175
leaf_weight=62 114 184 20 35 33 29 20 25 23 40 22 81 29 53
leaf_count=62 114 184 20 35 33 29 20 25 23 40 22 81 29 53
internal_value=0.000194552 0.000600946 0.0013288 0.00219925 0.00571084 0.008 0.00060326 -5.48788e-05 -0.00167391 -0.00093204 -0.000820145 -8.65392e-05 -0.000404495 -8.8236e-05
internal_weight=770 633 367 265 82 62 183 163 137 102 138 103 266 237
internal_count=770 633 367 265 82 62 183 163 137 102 138 103 266 237
is_linear=0
shrinkage=0.03


Tree=590
num_leaves=15
num_cat=0
split_feature=1 10 1 3 3 1 10 7 2 2 2 4 4 8
split_gain=0.649029 0.601011 0.539823 0.442836 0.55557 0.426342 0.34995 0.738919 0.928661 0.374298 0.623868 0.278698 0.406297 0.255823
threshold=13.096308965802882 0.25881904510252057 13.470732672437043 4.8609228823234663 8.7517856353754926 11.869487696749635 -0.76037701167087501 5.5500000000000007 14.100145837923092 13.563664812346934 12.553593453303575 9.821308713644493 6.4948860570741216 12.950000000000001
decision_type=2 2 2 2 2 2 2 2 2 2 2 2 2 10
left_child=3 2 -2 -1 5 -5 9 -8 11 10 -4 12 -9 -6
right_child=1 -3 6 4 13 -7 7 8 -10 -11 -12 -13 -14 -15
leaf_value=-3.7508056316737887e-07 -0.0001978582299973738 -0.00013731505147217176 -7.6704463079429189e-05 0.00066954997050936056 -0.00014184520355241197 5.8745575235119108e-05 0.00040213580543991596 -0.00043232162778167668 0.00046422716137700025 -0.00098134972750970597 0.0037054540795210585 -0.0040808840385322103 0.00012353176619379585 0.00039999182550961649
leaf_weight=98 33 214 71 20 21 26 28 26 27 30 21 30 22 81
leaf_count=98 33 214 71 20 21 26 28 26 27 30 21 30 22 81
internal_value=0.000368491 -0.000250498 0.000643598 0.00162753 0.00265772 0.0053617 0.00111328 0.00217164 0.000990565 -4.87812e-05 0.000903225 -0.000683545 0.000734693 0.00139806
internal_weight=748 502 288 246 148 46 255 133 105 122 92 78 48 102
internal_count=748 502 288 246 148 46 255 133 105 122 92 78 48 102
is_linear=0
shrinkage=0.03


Tree=591
num_leaves=15
num_cat=0
split_feature=0 13 10 10 12 3 0 0 1 10 8 8 0 3
split_gain=0.556178 0.495495 0.450702 0.717205 0.504967 1.04132 1.20102 0.564038 0.52132 0.400769 0.730453 0.575014 0.467488 0.263124
threshold=13.802578286668629 4.0661731637975382 0.14778689904036479 -0.78387299218671014 1.5000000000000002 11.520813438825313 15.023877298199141 15.971186044005306 14.217283842952831 -0.9141673389828272 25.100000000000005 16.950000000000003 12.657179985727591 8.2612035135534931
decision_type=2 8 2 2 10 2 2 2 2 2 8 10 2 2
left_child=1 9 3 -2 5 6 -5 -8 -6 -1 11 12 -11 -4
right_child=2 -3 13 4 8 -7 7 -9 -10 10 -12 -13 -14 -15
leaf_value=0.0012378470918871082 -8.3713928426932627e-05 -0.00045343266151572407 3.2798157198317579e-06 0.0010669714826013342 -0.00016090199966347277 -0.0057264958004491729 -0.024408121061610041 0.00012646612906288231 9.5338665149042793e-05 -6.0521800955221383e-05 -3.8304032656069734e-05 0.00072730380919287416 0.00011094045238148514 -0.00029453024036569587
leaf_weight=29 144 33 67 24 47 35 21 21 39 26 65 32 37 167
leaf_count=29 144 33 67 24 47 35 21 21 39 26 65 32 37 167
internal_value=4.94917e-05 0.00131838 -0.000450531 0.000262047 0.00148404 0.00291176 0.00510448 0.00195349 -0.000206897 0.00191053 0.00130435 0.00296875 0.00126562 -0.00145532
internal_weight=787 222 565 331 187 101 66 42 86 189 160 95 63 234
internal_count=787 222 565 331 187 101 66 42 86 189 160 95 63 234
is_linear=0
shrinkage=0.03


Tree=592
num_leaves=15
num_cat=0
split_feature=1 2 13 0 13 0 0 8 7 4 7 2 7 13
split_gain=0.864332 0.753117 0.673255 0.688064 0.722698 0.895337 0.530971 0.442201 0.65225 0.364547 0.362886 0.472491 0.326585 0.253521
threshold=13.076813198341064 7.2056963496132722 2.9799202416531383 11.57776509919492 3.3441405131587056 13.184417438975702 13.474126419618292 14.65 6.5500000000000007 10.642706498769316 5.6500000000000012 11.870043351158801 6.1500000000000012 2.6777619612815573
decision_type=2 2 10 2 10 2 2 8 2 2 2 2 2 8
left_child=1 -1 12 -4 5 -5 -6 8 10 -10 11 -2 -3 -12
right_child=7 2 3 4 6 -7 -8 -9 9 -11 13 -13 -14 -15
leaf_value=-0.00018818785019963268 -7.4580815492814994e-05 1.7570569192428145e-05 0.00098882748417587242 -0.0046198058408934263 0.0004130888202414359 0.00049255263627027447 -5.0556975286197934e-05 -0.00010920894479177872 0.00022068037545116564 0.00038095964345609304 0.00043263291985377677 0.00037973594493511455 -0.0048743450147678375 -0.00047521591498534988
leaf_weight=58 51 24 20 20 20 35 42 309 23 22 20 29 25 85
leaf_count=58 51 24 20 20 20 35 42 309 23 22 20 29 25 85
internal_value=6.50503e-05 0.00154286 0.00247059 0.00354348 0.00261864 0.00508929 0.000380952 -0.000605556 0.00038961 0.00358696 -0.000403227 0.00111111 -0.000540001 -0.0015566
internal_weight=783 244 186 137 117 55 62 539 230 45 185 80 49 105
internal_count=783 244 186 137 117 55 62 539 230 45 185 80 49 105
is_linear=0
shrinkage=0.03


Tree=593
num_leaves=15
num_cat=0
split_feature=9 12 1 9 7 9 12 7 12 2 8 0 8 2
split_gain=0.715492 0.903933 0.81372 0.661811 0.423437 0.357667 0.4283 0.726654 0.301565 0.821904 0.231945 0.481684 0.231296 0.267347
threshold=-0.67494719543654291 1.0000000180025095e-35 12.205696820552394 -0.79335334029123528 6.0100000000000007 0.88144907265856365 1.5000000000000002 6.0100000000000007 1.0000000180025095e-35 9.6989490119116848 35.70000000000001 14.67681377493034 16.550000000000004 10.705594722311679
decision_type=2 10 2 2 2 2 10 2 10 2 10 2 8 2
left_child=1 -1 8 -3 -5 10 7 -7 -2 -10 12 -12 13 -4
right_child=2 3 5 4 -6 6 -8 -9 9 -11 11 -13 -14 -15
leaf_value=0.00015188463968736896 8.4778260981541357e-05 -4.8847239815543409e-05 2.4022552972902444e-05 -0.00021816121883786325 0.0004383406226151843 -0.0011669649505250087 -0.00015122529670941824 0.01263831525258725 -0.00046758330858020006 0.0007427543316918517 0.0011103818616342599 -0.0046178321779843986 -0.00014380211270411102 -0.00040280309322126575
leaf_weight=35 21 112 50 24 29 24 36 20 50 39 20 26 135 146
leaf_count=35 21 112 50 24 29 24 36 20 50 39 20 26 135 146
internal_value=0.000402343 0.0019403 -0.000142606 0.000993975 0.00372222 -0.000700874 0.00111111 0.00306667 0.00216216 0.00136667 -0.0010873 0.000893616 -0.00136446 -0.000700508
internal_weight=767 200 567 165 53 457 80 44 110 89 377 46 331 196
internal_count=767 200 567 165 53 457 80 44 110 89 377 46 331 196
is_linear=0
shrinkage=0.03


Tree=594
num_leaves=15
num_cat=0
split_feature=0 9 13 7 0 8 3 3 0 13 7 13 3 0
split_gain=0.671914 0.748298 0.436945 0.385171 0.609247 0.589895 0.454696 0.656899 0.409773 0.470624 0.481101 0.383561 0.78439 0.53243
threshold=9.8019906859244177 -0.4847357813929456 2.4670511503686972 5.7500000000000009 16.55394079135576 8.7500000000000018 10.224583129681685 11.535534343685503 13.802578286668629 3.2755723530519245 6.4500000000000011 3.2348076882374595 5.7962332541848722 14.609368405666592
decision_type=2 2 10 2 2 10 2 2 2 10 2 8 2 2
left_child=-1 11 -3 5 8 -4 -7 -8 9 -5 -11 12 -2 -13
right_child=1 2 3 4 -6 6 7 -9 -10 10 -12 13 -14 -15
leaf_value=0.00023503361877273742 0.0017160614360727175 -0.00041267608590690112 0.00034635992288483552 -0.018736182690379449 0.00061546178910545988 -0.00016374850336326434 0.0066704933483320043 -0.004165521793073796 -0.00035277706123442473 -0.00083878464858775314 0.0019791714642319862 -7.9815938336052082e-05 5.3395484341988777e-05 0.00013532286484419184
leaf_weight=21 26 64 32 26 30 110 23 20 160 20 27 57 85 80
leaf_count=21 26 64 32 26 30 110 23 20 160 20 27 57 85 80
internal_value=0.000149616 -7.14316e-10 -0.000654971 -0.000320713 -0.00105682 0.000725806 -5.84423e-05 0.00252273 -0.00157692 0.000283783 0.0020625 0.0013494 0.00265179 0.000282608
internal_weight=781 760 512 448 263 185 153 43 233 73 47 248 111 137
internal_count=781 760 512 448 263 185 153 43 233 73 47 248 111 137
is_linear=0
shrinkage=0.03


Tree=595
num_leaves=15
num_cat=0
split_feature=0 3 11 3 1 1 9 1 13 0 13 13 7 9
split_gain=0.88855 0.49321 0.480131 0.732517 0.558661 0.44418 0.396487 0.42894 0.50227 0.414891 0.366794 0.557397 0.653477 0.517989
threshold=10.920792088380225 5.6758969040294156 1.0000000180025095e-35 8.9336969895898921 13.076813198341064 12.531445841868406 -0.97063407339879026 14.754425286048152 3.37528983221975 15.869687497168393 2.8888307077117577 3.3608817317346471 5.6500000000000012 -0.67494719543654291
decision_type=2 2 2 2 2 2 2 2 10 2 10 10 2 2
left_child=-1 10 3 -3 5 -5 -6 -8 -9 -10 -2 13 -13 -12
right_child=1 2 -4 4 6 -7 7 8 9 -11 11 12 -14 -15
leaf_value=0.0016399338204336833 -5.9419587886796293e-05 -0.00042541801122504428 -0.00013273039048079785 0.0002286134644649233 0.0001113253801075751 0.00082478618935051995 -5.173275964037137e-05 -0.00013224578402636726 6.8560661792759558e-05 0.0067666111305095932 0.0063287073968836946 -5.0128674710189566e-05 0.00090471764036577503 0.00024273548023932799
leaf_weight=28 35 96 194 33 20 20 110 68 23 21 21 54 23 35
leaf_count=28 35 96 194 33 20 20 110 68 23 21 21 54 23 35
internal_value=0.000226342 2.78507e-05 -0.00038396 0.000221938 0.000962837 0.00372222 0.000345678 -2.69065e-05 0.00127434 0.00373333 0.00145562 0.00217164 0.000499999 0.00442105
internal_weight=781 753 585 391 295 53 242 222 112 44 168 133 77 56
internal_count=781 753 585 391 295 53 242 222 112 44 168 133 77 56
is_linear=0
shrinkage=0.03


Tree=596
num_leaves=15
num_cat=0
split_feature=5 4 9 3 9 5 8 8 10 3 2 3 2 8
split_gain=0.52533 0.744542 0.525248 0.390522 0.294386 0.248981 0.197056 0.657052 0.575407 0.448179 0.360493 0.338812 0.416039 0.638689
threshold=5.6540564351703724 10.25411720906626 -1.0000000180025095e-35 11.863652546789583 -0.86046863722869238 1.4311004404647345 13.250000000000002 12.350000000000003 -0.9141673389828272 9.4989902691698287 7.2056963496132722 9.6705788083499247 11.498504052663749 8.5050000000000008
decision_type=2 2 2 2 2 2 10 10 2 2 2 2 2 10
left_child=1 3 -3 5 -2 6 7 10 9 -8 -1 12 13 -12
right_child=4 2 -4 -5 -6 -7 8 -9 -10 -11 11 -13 -14 -15
leaf_value=-8.1557024672926048e-05 3.2655123050525347e-05 0.00081313054063301168 2.4307320756321422e-06 -0.00042668718906788226 -0.00052249718780372214 0.00026813211803281559 0.00011920804599819652 0.00079318427455738188 -9.6211133262512561e-05 0.00074751609331014459 0.0003298133972705604 -4.0726159265505219e-05 0.0040149339505524285 -4.4152811112522098e-05
leaf_weight=29 20 24 31 74 115 31 30 20 230 20 42 53 21 47
leaf_count=29 20 24 31 74 115 31 30 20 230 20 42 53 21 47
internal_value=-0.000178935 0.000174578 0.00348214 -0.000135452 -0.001875 0.000154579 -1.21711e-05 0.000676056 -0.000533809 0.00235294 0.000124352 0.000676829 0.00162162 0.000699999
internal_weight=787 652 55 597 135 523 492 212 280 50 192 163 110 89
internal_count=787 652 55 597 135 523 492 212 280 50 192 163 110 89
is_linear=0
shrinkage=0.03


Tree=597
num_leaves=15
num_cat=0
split_feature=0 5 3 9 8 13 3 13 1 1 13 13 12 0
split_gain=0.539347 0.443304 0.472484 0.393575 0.5223 0.683105 0.524705 0.379742 0.337859 0.422207 0.318177 0.316142 0.277532 0.245275
threshold=13.802578286668629 1.4311004404647345 9.9387219654845449 -0.4847357813929456 21.600000000000005 2.8972419837873922 10.885448512911251 2.7862603324970561 12.371395804116998 10.904040177671332 3.5593784658908576 3.9132263560644254 1.5000000000000002 16.796863756150177
decision_type=2 2 2 2 10 8 2 8 2 2 10 10 10 2
left_child=1 7 -3 4 10 -6 -7 -1 9 -9 -2 -12 -11 -5
right_child=3 2 -4 13 5 6 -8 8 -10 12 11 -13 -14 -15
leaf_value=6.6856828055059185e-05 -8.5345769632663701e-05 0.0024641701292149407 7.0024467879564647e-05 -0.00016148805903109831 0.00046821258533617934 0.0017232109853620621 -0.0015766705350864594 -0.0016046943649820117 -0.00044983592926578698 0.00020184473271997485 0.00063702998664249579 -0.00033667472053183067 0.001065711492301517 4.7384991493747414e-05
leaf_weight=20 77 20 23 348 20 20 29 38 55 37 21 28 21 35
leaf_count=20 77 20 23 348 20 20 29 38 55 37 21 28 21 35
internal_value=-8.3229e-05 0.0012 0.00388636 -0.000559586 0.000535714 0.00261429 0.000659999 0.000505813 -1.97376e-05 0.00105155 -0.000614174 0.00126 0.00264407 -0.00111719
internal_weight=792 214 43 578 195 69 49 171 151 96 126 49 58 383
internal_count=792 214 43 578 195 69 49 171 151 96 126 49 58 383
is_linear=0
shrinkage=0.03


Tree=598
num_leaves=15
num_cat=0
split_feature=9 4 13 7 13 0 0 0 8 13 7 0 0 4
split_gain=0.379959 0.846755 0.524456 0.400742 0.350763 0.341507 0.331366 0.234463 0.229257 0.809055 0.356472 0.313099 0.365334 0.441556
threshold=-0.70710678118654735 10.25411720906626 2.6777619612815573 6.1500000000000012 2.7994674345070671 14.564943715348885 11.194996633038054 13.569991137705012 9.943500000000002 3.2837557712968031 5.8500000000000005 12.97344749778412 16.535719569946661 2.9830733695618465
decision_type=2 2 10 2 10 2 2 2 10 10 2 2 2 2
left_child=1 3 -2 5 -4 7 -6 -1 9 -8 -11 -10 13 -13
right_child=2 -3 4 -5 6 -7 8 -9 11 10 -12 12 -14 -15
leaf_value=0.00012375979180815659 -0.00011134295167372323 0.00015930857537489851 0.00010784078314530957 -0.00047499645651547391 0.00022128250631915921 0.000443155790286984 0.00028486595460477552 -0.0014371554261593459 0.00034471868671255362 0.00037121573521869662 -0.00029738730521741588 -1.0220917837783822e-05 0.00065243378003302115 -0.00042479848783522355
leaf_weight=20 121 31 29 30 24 53 24 24 37 34 34 153 29 144
leaf_count=20 121 31 29 30 24 53 24 24 37 34 34 153 29 144
internal_value=-0.000140864 0.00116981 -0.000471429 7.03118e-05 -4.7152e-05 0.0010102 -0.000243751 -0.000933334 -0.000427632 0.000903225 -0.000782609 -0.000766484 -0.00106422 -0.0013792
internal_weight=787 158 629 127 508 97 479 44 455 92 68 363 326 297
internal_count=787 158 629 127 508 97 479 44 455 92 68 363 326 297
is_linear=0
shrinkage=0.03


Tree=599
num_leaves=15
num_cat=0
split_feature=13 4 4 7 0 0 4 9 9 7 1 1 2 9
split_gain=0.537827 0.365147 1.29434 0.502126 0.40718 0.468222 1.05957 0.403972 0.381063 0.460984 0.28912 0.607284 0.754556 0.289923
threshold=4.5645479846104093 12.030886569225439 11.366606029116047 7.5500000000000007 14.798939390552855 14.564943715348885 2.1686453704162454 -0.9629878403374984 -0.70710678118654735 5.8500000000000005 13.848560597141519 12.296305439178973 9.8066973689082246 -0.33961250367033008
decision_type=8 2 2 2 2 2 2 2 2 2 2 2 2 2
left_child=1 2 3 4 5 7 -7 -1 9 -6 11 12 -9 -13
right_child=-2 -3 -4 -5 8 6 -8 10 -10 -11 -12 13 -14 -15
leaf_value=-0.010530114990052143 -0.00017840112326621073 -0.00099023485254266254 0.0015808659882366705 0.0032557103753204125 -8.3129858266291394e-05 0.00081691157234813256 -0.00038357722740399973 -2.9237981138649016e-05 -0.00019488618220841146 0.00082257649198657322 0.00083821164153017041 2.2962711966181572e-05 0.00047792580242400048 -0.00017555048129614512
leaf_weight=32 68 46 27 24 32 25 21 65 203 24 40 28 41 83
leaf_count=32 68 46 27 24 32 25 21 65 203 24 40 28 41 83
internal_value=3.94665e-06 0.00025578 0.000441176 0.000155088 -2.01688e-05 0.000669642 0.00344681 0.000217241 -0.000911539 0.00126316 0.000616278 0.000178898 0.00179439 -0.00136607
internal_weight=759 691 645 618 594 335 46 289 259 56 257 217 106 111
internal_count=759 691 645 618 594 335 46 289 259 56 257 217 106 111
is_linear=0
shrinkage=0.03


end of trees

feature_importances:
log_gdp_per_capita=1152
depth_km=1048
log_pop_mmi6=966
log_pop_mmi5=959
log_pop_mmi4=891
log_pop_mmi7=769
magnitude=664
hour_sin=611
hour_cos=483
log_pop_mmi8=448
log_pop_mmi9=208
income_class=120
log_pop_mmi10=49
is_night=32

parameters:
[boosting: gbdt]
[objective: quantile]
[metric: quantile]
[tree_learner: serial]
[device_type: cpu]
[data_sample_strategy: bagging]
[data: ]
[valid: ]
[num_iterations: 600]
[learning_rate: 0.03]
[num_leaves: 15]
[num_threads: 2]
[seed: 11]
[deterministic: 0]
[force_col_wise: 0]
[force_row_wise: 0]
[histogram_pool_size: -1]
[max_depth: -1]
[min_data_in_leaf: 20]
[min_sum_hessian_in_leaf: 0.001]
[bagging_fraction: 0.8]
[pos_bagging_fraction: 1]
[neg_bagging_fraction: 1]
[bagging_freq: 1]
[bagging_seed: 27648]
[bagging_by_query: 0]
[feature_fraction: 0.8]
[feature_fraction_bynode: 1]
[feature_fraction_seed: 4989]
[extra_trees: 0]
[extra_seed: 22223]
[early_stopping_round: 0]
[early_stopping_min_delta: 0]
[first_metric_only: 0]
[max_delta_step: 0]
[lambda_l1: 0]
[lambda_l2: 1]
[linear_lambda: 0]
[min_gain_to_split: 0]
[drop_rate: 0.1]
[max_drop: 50]
[skip_drop: 0.5]
[xgboost_dart_mode: 0]
[uniform_drop: 0]
[drop_seed: 21136]
[top_rate: 0.2]
[other_rate: 0.1]
[min_data_per_group: 100]
[max_cat_threshold: 32]
[cat_l2: 10]
[cat_smooth: 10]
[max_cat_to_onehot: 4]
[top_k: 20]
[monotone_constraints: ]
[monotone_constraints_method: basic]
[monotone_penalty: 0]
[feature_contri: ]
[forcedsplits_filename: ]
[refit_decay_rate: 0.9]
[cegb_tradeoff: 1]
[cegb_penalty_split: 0]
[cegb_penalty_feature_lazy: ]
[cegb_penalty_feature_coupled: ]
[path_smooth: 0]
[interaction_constraints: ]
[verbosity: -1]
[saved_feature_importance_type: 0]
[use_quantized_grad: 0]
[num_grad_quant_bins: 4]
[quant_train_renew_leaf: 0]
[stochastic_rounding: 1]
[linear_tree: 0]
[max_bin: 255]
[max_bin_by_feature: ]
[min_data_in_bin: 3]
[bin_construct_sample_cnt: 200000]
[data_random_seed: 74]
[is_enable_sparse: 1]
[enable_bundle: 1]
[use_missing: 1]
[zero_as_missing: 0]
[feature_pre_filter: 1]
[pre_partition: 0]
[two_round: 0]
[header: 0]
[label_column: ]
[weight_column: ]
[group_column: ]
[ignore_column: ]
[categorical_feature: ]
[forcedbins_filename: ]
[precise_float_parser: 0]
[parser_config_file: ]
[objective_seed: 24011]
[num_class: 1]
[is_unbalance: 0]
[scale_pos_weight: 1]
[sigmoid: 1]
[boost_from_average: 1]
[reg_sqrt: 0]
[alpha: 0.9]
[fair_c: 1]
[poisson_max_delta_step: 0.7]
[tweedie_variance_power: 1.5]
[lambdarank_truncation_level: 30]
[lambdarank_norm: 1]
[label_gain: ]
[lambdarank_position_bias_regularization: 0]
[eval_at: ]
[multi_error_top_k: 1]
[auc_mu_weights: ]
[num_machines: 1]
[local_listen_port: 12400]
[time_out: 120]
[machine_list_filename: ]
[machines: ]
[gpu_platform_id: -1]
[gpu_device_id: -1]
[gpu_device_id_list: ]
[gpu_use_dp: 0]
[num_gpu: 1]

end of parameters

pandas_categorical:[]
